timestamp,flow_mw
2023-01-01 00:00:00+00:00,42609.0
2023-01-01 00:15:00+00:00,4142.0
2023-01-01 00:30:00+00:00,3133.0
2023-01-01 00:45:00+00:00,2857.0
2023-01-01 01:00:00+00:00,40816.0
2023-01-01 01:15:00+00:00,3239.0
2023-01-01 01:30:00+00:00,3746.0
2023-01-01 01:45:00+00:00,3101.0
2023-01-01 02:00:00+00:00,38881.0
2023-01-01 02:15:00+00:00,3027.0
2023-01-01 02:30:00+00:00,2530.0
2023-01-01 02:45:00+00:00,2102.0
2023-01-01 03:00:00+00:00,37919.0
2023-01-01 03:15:00+00:00,2051.0
2023-01-01 03:30:00+00:00,2018.0
2023-01-01 03:45:00+00:00,894.0
2023-01-01 04:00:00+00:00,35229.0
2023-01-01 04:15:00+00:00,-599.0
2023-01-01 04:30:00+00:00,-1357.0
2023-01-01 04:45:00+00:00,-1311.0
2023-01-01 05:00:00+00:00,33563.0
2023-01-01 05:15:00+00:00,-1171.0
2023-01-01 05:30:00+00:00,-1022.0
2023-01-01 05:45:00+00:00,-1857.0
2023-01-01 06:00:00+00:00,34743.0
2023-01-01 06:15:00+00:00,-1018.0
2023-01-01 06:30:00+00:00,-1195.0
2023-01-01 06:45:00+00:00,-451.0
2023-01-01 07:00:00+00:00,30872.0
2023-01-01 07:15:00+00:00,-57.0
2023-01-01 07:30:00+00:00,976.0
2023-01-01 07:45:00+00:00,747.0
2023-01-01 08:00:00+00:00,36108.0
2023-01-01 08:15:00+00:00,1671.0
2023-01-01 08:30:00+00:00,2306.0
2023-01-01 08:45:00+00:00,1916.0
2023-01-01 09:00:00+00:00,36979.0
2023-01-01 09:15:00+00:00,1822.0
2023-01-01 09:30:00+00:00,1577.0
2023-01-01 09:45:00+00:00,584.0
2023-01-01 10:00:00+00:00,36275.0
2023-01-01 10:15:00+00:00,2139.0
2023-01-01 10:30:00+00:00,3036.0
2023-01-01 10:45:00+00:00,2158.0
2023-01-01 11:00:00+00:00,33179.0
2023-01-01 11:15:00+00:00,2347.0
2023-01-01 11:30:00+00:00,1379.0
2023-01-01 11:45:00+00:00,-22.0
2023-01-01 12:00:00+00:00,27472.0
2023-01-01 12:15:00+00:00,-1157.0
2023-01-01 12:30:00+00:00,-1533.0
2023-01-01 12:45:00+00:00,-2034.0
2023-01-01 13:00:00+00:00,24476.0
2023-01-01 13:15:00+00:00,-234.0
2023-01-01 13:30:00+00:00,-365.0
2023-01-01 13:45:00+00:00,-1133.0
2023-01-01 14:00:00+00:00,22625.0
2023-01-01 14:15:00+00:00,-955.0
2023-01-01 14:30:00+00:00,-651.0
2023-01-01 14:45:00+00:00,-381.0
2023-01-01 15:00:00+00:00,17821.0
2023-01-01 15:15:00+00:00,-516.0
2023-01-01 15:30:00+00:00,-1009.0
2023-01-01 15:45:00+00:00,-1423.0
2023-01-01 16:00:00+00:00,10122.0
2023-01-01 16:15:00+00:00,-34.0
2023-01-01 16:30:00+00:00,875.0
2023-01-01 16:45:00+00:00,2363.0
2023-01-01 17:00:00+00:00,10909.0
2023-01-01 17:15:00+00:00,1866.0
2023-01-01 17:30:00+00:00,1956.0
2023-01-01 17:45:00+00:00,927.0
2023-01-01 18:00:00+00:00,15336.0
2023-01-01 18:15:00+00:00,2614.0
2023-01-01 18:30:00+00:00,2035.0
2023-01-01 18:45:00+00:00,1723.0
2023-01-01 19:00:00+00:00,16239.0
2023-01-01 19:15:00+00:00,3488.0
2023-01-01 19:30:00+00:00,3619.0
2023-01-01 19:45:00+00:00,3625.0
2023-01-01 20:00:00+00:00,20499.0
2023-01-01 20:15:00+00:00,2716.0
2023-01-01 20:30:00+00:00,2495.0
2023-01-01 20:45:00+00:00,2500.0
2023-01-01 21:00:00+00:00,18760.0
2023-01-01 21:15:00+00:00,2258.0
2023-01-01 21:30:00+00:00,2085.0
2023-01-01 21:45:00+00:00,2030.0
2023-01-01 22:00:00+00:00,21113.0
2023-01-01 22:15:00+00:00,2786.0
2023-01-01 22:30:00+00:00,2981.0
2023-01-01 22:45:00+00:00,2835.0
2023-01-01 23:00:00+00:00,18863.0
2023-01-01 23:15:00+00:00,2483.0
2023-01-01 23:30:00+00:00,3314.0
2023-01-01 23:45:00+00:00,2197.0
2023-01-02 00:00:00+00:00,19048.0
2023-01-02 00:15:00+00:00,3299.0
2023-01-02 00:30:00+00:00,2678.0
2023-01-02 00:45:00+00:00,2946.0
2023-01-02 01:00:00+00:00,23704.0
2023-01-02 01:15:00+00:00,3250.0
2023-01-02 01:30:00+00:00,3028.0
2023-01-02 01:45:00+00:00,2431.0
2023-01-02 02:00:00+00:00,24670.0
2023-01-02 02:15:00+00:00,1392.0
2023-01-02 02:30:00+00:00,1501.0
2023-01-02 02:45:00+00:00,1271.0
2023-01-02 03:00:00+00:00,24922.0
2023-01-02 03:15:00+00:00,-624.0
2023-01-02 03:30:00+00:00,-2250.0
2023-01-02 03:45:00+00:00,-3173.0
2023-01-02 04:00:00+00:00,20235.0
2023-01-02 04:15:00+00:00,-3308.0
2023-01-02 04:30:00+00:00,-3125.0
2023-01-02 04:45:00+00:00,-3460.0
2023-01-02 05:00:00+00:00,19302.0
2023-01-02 05:15:00+00:00,-3123.0
2023-01-02 05:30:00+00:00,-3470.0
2023-01-02 05:45:00+00:00,-2229.0
2023-01-02 06:00:00+00:00,20069.0
2023-01-02 06:15:00+00:00,-391.0
2023-01-02 06:30:00+00:00,-834.0
2023-01-02 06:45:00+00:00,-71.0
2023-01-02 07:00:00+00:00,23071.0
2023-01-02 07:15:00+00:00,1853.0
2023-01-02 07:30:00+00:00,2347.0
2023-01-02 07:45:00+00:00,2523.0
2023-01-02 08:00:00+00:00,31617.0
2023-01-02 08:15:00+00:00,2122.0
2023-01-02 08:30:00+00:00,2217.0
2023-01-02 08:45:00+00:00,2347.0
2023-01-02 09:00:00+00:00,40536.0
2023-01-02 09:15:00+00:00,2123.0
2023-01-02 09:30:00+00:00,1697.0
2023-01-02 09:45:00+00:00,861.0
2023-01-02 10:00:00+00:00,38719.0
2023-01-02 10:15:00+00:00,535.0
2023-01-02 10:30:00+00:00,229.0
2023-01-02 10:45:00+00:00,-320.0
2023-01-02 11:00:00+00:00,28864.0
2023-01-02 11:15:00+00:00,162.0
2023-01-02 11:30:00+00:00,-902.0
2023-01-02 11:45:00+00:00,-1648.0
2023-01-02 12:00:00+00:00,26031.0
2023-01-02 12:15:00+00:00,-1925.0
2023-01-02 12:30:00+00:00,-2227.0
2023-01-02 12:45:00+00:00,-2085.0
2023-01-02 13:00:00+00:00,24107.0
2023-01-02 13:15:00+00:00,-1348.0
2023-01-02 13:30:00+00:00,-357.0
2023-01-02 13:45:00+00:00,-1106.0
2023-01-02 14:00:00+00:00,17666.0
2023-01-02 14:15:00+00:00,-888.0
2023-01-02 14:30:00+00:00,-711.0
2023-01-02 14:45:00+00:00,-922.0
2023-01-02 15:00:00+00:00,21221.0
2023-01-02 15:15:00+00:00,-1010.0
2023-01-02 15:30:00+00:00,-1684.0
2023-01-02 15:45:00+00:00,-1800.0
2023-01-02 16:00:00+00:00,21569.0
2023-01-02 16:15:00+00:00,-882.0
2023-01-02 16:30:00+00:00,-306.0
2023-01-02 16:45:00+00:00,-505.0
2023-01-02 17:00:00+00:00,19902.0
2023-01-02 17:15:00+00:00,-693.0
2023-01-02 17:30:00+00:00,-455.0
2023-01-02 17:45:00+00:00,-156.0
2023-01-02 18:00:00+00:00,18933.0
2023-01-02 18:15:00+00:00,579.0
2023-01-02 18:30:00+00:00,-260.0
2023-01-02 18:45:00+00:00,-398.0
2023-01-02 19:00:00+00:00,18857.0
2023-01-02 19:15:00+00:00,-946.0
2023-01-02 19:30:00+00:00,-1124.0
2023-01-02 19:45:00+00:00,-2063.0
2023-01-02 20:00:00+00:00,20598.0
2023-01-02 20:15:00+00:00,-972.0
2023-01-02 20:30:00+00:00,-799.0
2023-01-02 20:45:00+00:00,-941.0
2023-01-02 21:00:00+00:00,22133.0
2023-01-02 21:15:00+00:00,-1120.0
2023-01-02 21:30:00+00:00,-1204.0
2023-01-02 21:45:00+00:00,-1217.0
2023-01-02 22:00:00+00:00,28389.0
2023-01-02 22:15:00+00:00,-768.0
2023-01-02 22:30:00+00:00,-644.0
2023-01-02 22:45:00+00:00,-415.0
2023-01-02 23:00:00+00:00,29658.0
2023-01-02 23:15:00+00:00,-987.0
2023-01-02 23:30:00+00:00,-2044.0
2023-01-02 23:45:00+00:00,-2416.0
2023-01-03 00:00:00+00:00,33193.0
2023-01-03 00:15:00+00:00,-2778.0
2023-01-03 00:30:00+00:00,-2661.0
2023-01-03 00:45:00+00:00,-3138.0
2023-01-03 01:00:00+00:00,25403.0
2023-01-03 01:15:00+00:00,-693.0
2023-01-03 01:30:00+00:00,0.0
2023-01-03 01:45:00+00:00,-512.0
2023-01-03 02:00:00+00:00,24841.0
2023-01-03 02:15:00+00:00,861.0
2023-01-03 02:30:00+00:00,534.0
2023-01-03 02:45:00+00:00,428.0
2023-01-03 03:00:00+00:00,18262.0
2023-01-03 03:15:00+00:00,80.0
2023-01-03 03:30:00+00:00,-383.0
2023-01-03 03:45:00+00:00,-448.0
2023-01-03 04:00:00+00:00,11853.0
2023-01-03 04:15:00+00:00,-545.0
2023-01-03 04:30:00+00:00,-111.0
2023-01-03 04:45:00+00:00,22.0
2023-01-03 05:00:00+00:00,4707.0
2023-01-03 05:15:00+00:00,206.0
2023-01-03 05:30:00+00:00,-1197.0
2023-01-03 05:45:00+00:00,-1446.0
2023-01-03 06:00:00+00:00,-2037.0
2023-01-03 06:15:00+00:00,-3684.0
2023-01-03 06:30:00+00:00,-3244.0
2023-01-03 06:45:00+00:00,-2996.0
2023-01-03 07:00:00+00:00,-991.0
2023-01-03 07:15:00+00:00,-143.0
2023-01-03 07:30:00+00:00,468.0
2023-01-03 07:45:00+00:00,289.0
2023-01-03 08:00:00+00:00,6377.0
2023-01-03 08:15:00+00:00,209.0
2023-01-03 08:30:00+00:00,105.0
2023-01-03 08:45:00+00:00,242.0
2023-01-03 09:00:00+00:00,8943.0
2023-01-03 09:15:00+00:00,-95.0
2023-01-03 09:30:00+00:00,-202.0
2023-01-03 09:45:00+00:00,-222.0
2023-01-03 10:00:00+00:00,13810.0
2023-01-03 10:15:00+00:00,1585.0
2023-01-03 10:30:00+00:00,1851.0
2023-01-03 10:45:00+00:00,2240.0
2023-01-03 11:00:00+00:00,8614.0
2023-01-03 11:15:00+00:00,964.0
2023-01-03 11:30:00+00:00,1412.0
2023-01-03 11:45:00+00:00,1280.0
2023-01-03 12:00:00+00:00,8677.0
2023-01-03 12:15:00+00:00,1114.0
2023-01-03 12:30:00+00:00,656.0
2023-01-03 12:45:00+00:00,981.0
2023-01-03 13:00:00+00:00,4722.0
2023-01-03 13:15:00+00:00,1546.0
2023-01-03 13:30:00+00:00,1983.0
2023-01-03 13:45:00+00:00,2253.0
2023-01-03 14:00:00+00:00,695.0
2023-01-03 14:15:00+00:00,1358.0
2023-01-03 14:30:00+00:00,1399.0
2023-01-03 14:45:00+00:00,1222.0
2023-01-03 15:00:00+00:00,-2030.0
2023-01-03 15:15:00+00:00,937.0
2023-01-03 15:30:00+00:00,527.0
2023-01-03 15:45:00+00:00,233.0
2023-01-03 16:00:00+00:00,5689.0
2023-01-03 16:15:00+00:00,2265.0
2023-01-03 16:30:00+00:00,3059.0
2023-01-03 16:45:00+00:00,2416.0
2023-01-03 17:00:00+00:00,4977.0
2023-01-03 17:15:00+00:00,2017.0
2023-01-03 17:30:00+00:00,1694.0
2023-01-03 17:45:00+00:00,3090.0
2023-01-03 18:00:00+00:00,6745.0
2023-01-03 18:15:00+00:00,2637.0
2023-01-03 18:30:00+00:00,2479.0
2023-01-03 18:45:00+00:00,1992.0
2023-01-03 19:00:00+00:00,18063.0
2023-01-03 19:15:00+00:00,2036.0
2023-01-03 19:30:00+00:00,2355.0
2023-01-03 19:45:00+00:00,2193.0
2023-01-03 20:00:00+00:00,23591.0
2023-01-03 20:15:00+00:00,1154.0
2023-01-03 20:30:00+00:00,611.0
2023-01-03 20:45:00+00:00,20.0
2023-01-03 21:00:00+00:00,25772.0
2023-01-03 21:15:00+00:00,-438.0
2023-01-03 21:30:00+00:00,-25.0
2023-01-03 21:45:00+00:00,99.0
2023-01-03 22:00:00+00:00,32249.0
2023-01-03 22:15:00+00:00,2279.0
2023-01-03 22:30:00+00:00,2494.0
2023-01-03 22:45:00+00:00,2210.0
2023-01-03 23:00:00+00:00,27045.0
2023-01-03 23:15:00+00:00,2169.0
2023-01-03 23:30:00+00:00,3029.0
2023-01-03 23:45:00+00:00,3041.0
2023-01-04 00:00:00+00:00,29304.0
2023-01-04 00:15:00+00:00,3045.0
2023-01-04 00:30:00+00:00,2779.0
2023-01-04 00:45:00+00:00,1850.0
2023-01-04 01:00:00+00:00,25395.0
2023-01-04 01:15:00+00:00,1062.0
2023-01-04 01:30:00+00:00,539.0
2023-01-04 01:45:00+00:00,1061.0
2023-01-04 02:00:00+00:00,21312.0
2023-01-04 02:15:00+00:00,1156.0
2023-01-04 02:30:00+00:00,803.0
2023-01-04 02:45:00+00:00,515.0
2023-01-04 03:00:00+00:00,20009.0
2023-01-04 03:15:00+00:00,1148.0
2023-01-04 03:30:00+00:00,764.0
2023-01-04 03:45:00+00:00,631.0
2023-01-04 04:00:00+00:00,26123.0
2023-01-04 04:15:00+00:00,2917.0
2023-01-04 04:30:00+00:00,2820.0
2023-01-04 04:45:00+00:00,3026.0
2023-01-04 05:00:00+00:00,35666.0
2023-01-04 05:15:00+00:00,2896.0
2023-01-04 05:30:00+00:00,3169.0
2023-01-04 05:45:00+00:00,3039.0
2023-01-04 06:00:00+00:00,37284.0
2023-01-04 06:15:00+00:00,2345.0
2023-01-04 06:30:00+00:00,1436.0
2023-01-04 06:45:00+00:00,940.0
2023-01-04 07:00:00+00:00,38736.0
2023-01-04 07:15:00+00:00,-284.0
2023-01-04 07:30:00+00:00,-982.0
2023-01-04 07:45:00+00:00,-752.0
2023-01-04 08:00:00+00:00,39553.0
2023-01-04 08:15:00+00:00,88.0
2023-01-04 08:30:00+00:00,321.0
2023-01-04 08:45:00+00:00,803.0
2023-01-04 09:00:00+00:00,38133.0
2023-01-04 09:15:00+00:00,1726.0
2023-01-04 09:30:00+00:00,2012.0
2023-01-04 09:45:00+00:00,2355.0
2023-01-04 10:00:00+00:00,41341.0
2023-01-04 10:15:00+00:00,2370.0
2023-01-04 10:30:00+00:00,2542.0
2023-01-04 10:45:00+00:00,2971.0
2023-01-04 11:00:00+00:00,41998.0
2023-01-04 11:15:00+00:00,3132.0
2023-01-04 11:30:00+00:00,3104.0
2023-01-04 11:45:00+00:00,4599.0
2023-01-04 12:00:00+00:00,40171.0
2023-01-04 12:15:00+00:00,4588.0
2023-01-04 12:30:00+00:00,4265.0
2023-01-04 12:45:00+00:00,3793.0
2023-01-04 13:00:00+00:00,37929.0
2023-01-04 13:15:00+00:00,3534.0
2023-01-04 13:30:00+00:00,2995.0
2023-01-04 13:45:00+00:00,3057.0
2023-01-04 14:00:00+00:00,38919.0
2023-01-04 14:15:00+00:00,2680.0
2023-01-04 14:30:00+00:00,2703.0
2023-01-04 14:45:00+00:00,3071.0
2023-01-04 15:00:00+00:00,39473.0
2023-01-04 15:15:00+00:00,2399.0
2023-01-04 15:30:00+00:00,2394.0
2023-01-04 15:45:00+00:00,2447.0
2023-01-04 16:00:00+00:00,41934.0
2023-01-04 16:15:00+00:00,3108.0
2023-01-04 16:30:00+00:00,3282.0
2023-01-04 16:45:00+00:00,3484.0
2023-01-04 17:00:00+00:00,36448.0
2023-01-04 17:15:00+00:00,2338.0
2023-01-04 17:30:00+00:00,1577.0
2023-01-04 17:45:00+00:00,503.0
2023-01-04 18:00:00+00:00,35845.0
2023-01-04 18:15:00+00:00,-1055.0
2023-01-04 18:30:00+00:00,-2076.0
2023-01-04 18:45:00+00:00,-2495.0
2023-01-04 19:00:00+00:00,37525.0
2023-01-04 19:15:00+00:00,-936.0
2023-01-04 19:30:00+00:00,132.0
2023-01-04 19:45:00+00:00,277.0
2023-01-04 20:00:00+00:00,44344.0
2023-01-04 20:15:00+00:00,1698.0
2023-01-04 20:30:00+00:00,1956.0
2023-01-04 20:45:00+00:00,1107.0
2023-01-04 21:00:00+00:00,45988.0
2023-01-04 21:15:00+00:00,762.0
2023-01-04 21:30:00+00:00,808.0
2023-01-04 21:45:00+00:00,1165.0
2023-01-04 22:00:00+00:00,47318.0
2023-01-04 22:15:00+00:00,1891.0
2023-01-04 22:30:00+00:00,2782.0
2023-01-04 22:45:00+00:00,2950.0
2023-01-04 23:00:00+00:00,48216.0
2023-01-04 23:15:00+00:00,3091.0
2023-01-04 23:30:00+00:00,1834.0
2023-01-04 23:45:00+00:00,160.0
2023-01-05 00:00:00+00:00,47031.0
2023-01-05 00:15:00+00:00,589.0
2023-01-05 00:30:00+00:00,563.0
2023-01-05 00:45:00+00:00,1153.0
2023-01-05 01:00:00+00:00,47511.0
2023-01-05 01:15:00+00:00,2593.0
2023-01-05 01:30:00+00:00,3106.0
2023-01-05 01:45:00+00:00,3302.0
2023-01-05 02:00:00+00:00,49403.0
2023-01-05 02:15:00+00:00,2892.0
2023-01-05 02:30:00+00:00,2819.0
2023-01-05 02:45:00+00:00,2137.0
2023-01-05 03:00:00+00:00,48217.0
2023-01-05 03:15:00+00:00,1081.0
2023-01-05 03:30:00+00:00,172.0
2023-01-05 03:45:00+00:00,75.0
2023-01-05 04:00:00+00:00,48698.0
2023-01-05 04:15:00+00:00,325.0
2023-01-05 04:30:00+00:00,483.0
2023-01-05 04:45:00+00:00,549.0
2023-01-05 05:00:00+00:00,47846.0
2023-01-05 05:15:00+00:00,912.0
2023-01-05 05:30:00+00:00,-36.0
2023-01-05 05:45:00+00:00,-453.0
2023-01-05 06:00:00+00:00,42072.0
2023-01-05 06:15:00+00:00,-107.0
2023-01-05 06:30:00+00:00,-752.0
2023-01-05 06:45:00+00:00,-636.0
2023-01-05 07:00:00+00:00,42037.0
2023-01-05 07:15:00+00:00,590.0
2023-01-05 07:30:00+00:00,662.0
2023-01-05 07:45:00+00:00,609.0
2023-01-05 08:00:00+00:00,41734.0
2023-01-05 08:15:00+00:00,1003.0
2023-01-05 08:30:00+00:00,1559.0
2023-01-05 08:45:00+00:00,987.0
2023-01-05 09:00:00+00:00,35884.0
2023-01-05 09:15:00+00:00,185.0
2023-01-05 09:30:00+00:00,32.0
2023-01-05 09:45:00+00:00,285.0
2023-01-05 10:00:00+00:00,31000.0
2023-01-05 10:15:00+00:00,1898.0
2023-01-05 10:30:00+00:00,3125.0
2023-01-05 10:45:00+00:00,3295.0
2023-01-05 11:00:00+00:00,29349.0
2023-01-05 11:15:00+00:00,2741.0
2023-01-05 11:30:00+00:00,2430.0
2023-01-05 11:45:00+00:00,2559.0
2023-01-05 12:00:00+00:00,27413.0
2023-01-05 12:15:00+00:00,2957.0
2023-01-05 12:30:00+00:00,3099.0
2023-01-05 12:45:00+00:00,2941.0
2023-01-05 13:00:00+00:00,20286.0
2023-01-05 13:15:00+00:00,4007.0
2023-01-05 13:30:00+00:00,4283.0
2023-01-05 13:45:00+00:00,4364.0
2023-01-05 14:00:00+00:00,9411.0
2023-01-05 14:15:00+00:00,4384.0
2023-01-05 14:30:00+00:00,3999.0
2023-01-05 14:45:00+00:00,4122.0
2023-01-05 15:00:00+00:00,-1644.0
2023-01-05 15:15:00+00:00,3345.0
2023-01-05 15:30:00+00:00,3420.0
2023-01-05 15:45:00+00:00,3211.0
2023-01-05 16:00:00+00:00,-6780.0
2023-01-05 16:15:00+00:00,3113.0
2023-01-05 16:30:00+00:00,3454.0
2023-01-05 16:45:00+00:00,3348.0
2023-01-05 17:00:00+00:00,-8156.0
2023-01-05 17:15:00+00:00,2105.0
2023-01-05 17:30:00+00:00,1027.0
2023-01-05 17:45:00+00:00,734.0
2023-01-05 18:00:00+00:00,-8207.0
2023-01-05 18:15:00+00:00,226.0
2023-01-05 18:30:00+00:00,-30.0
2023-01-05 18:45:00+00:00,-200.0
2023-01-05 19:00:00+00:00,-2325.0
2023-01-05 19:15:00+00:00,1054.0
2023-01-05 19:30:00+00:00,855.0
2023-01-05 19:45:00+00:00,1004.0
2023-01-05 20:00:00+00:00,-3332.0
2023-01-05 20:15:00+00:00,-99.0
2023-01-05 20:30:00+00:00,-361.0
2023-01-05 20:45:00+00:00,-302.0
2023-01-05 21:00:00+00:00,-4217.0
2023-01-05 21:15:00+00:00,-945.0
2023-01-05 21:30:00+00:00,-1138.0
2023-01-05 21:45:00+00:00,-1602.0
2023-01-05 22:00:00+00:00,-4185.0
2023-01-05 22:15:00+00:00,-1540.0
2023-01-05 22:30:00+00:00,-923.0
2023-01-05 22:45:00+00:00,-771.0
2023-01-05 23:00:00+00:00,7499.0
2023-01-05 23:15:00+00:00,-773.0
2023-01-05 23:30:00+00:00,-1057.0
2023-01-05 23:45:00+00:00,-1432.0
2023-01-06 00:00:00+00:00,9251.0
2023-01-06 00:15:00+00:00,-1656.0
2023-01-06 00:30:00+00:00,-2063.0
2023-01-06 00:45:00+00:00,-2197.0
2023-01-06 01:00:00+00:00,10951.0
2023-01-06 01:15:00+00:00,-1771.0
2023-01-06 01:30:00+00:00,-1297.0
2023-01-06 01:45:00+00:00,-960.0
2023-01-06 02:00:00+00:00,8511.0
2023-01-06 02:15:00+00:00,-352.0
2023-01-06 02:30:00+00:00,-32.0
2023-01-06 02:45:00+00:00,348.0
2023-01-06 03:00:00+00:00,7777.0
2023-01-06 03:15:00+00:00,369.0
2023-01-06 03:30:00+00:00,277.0
2023-01-06 03:45:00+00:00,1254.0
2023-01-06 04:00:00+00:00,13102.0
2023-01-06 04:15:00+00:00,1015.0
2023-01-06 04:30:00+00:00,1639.0
2023-01-06 04:45:00+00:00,1874.0
2023-01-06 05:00:00+00:00,19615.0
2023-01-06 05:15:00+00:00,1036.0
2023-01-06 05:30:00+00:00,355.0
2023-01-06 05:45:00+00:00,661.0
2023-01-06 06:00:00+00:00,22669.0
2023-01-06 06:15:00+00:00,-364.0
2023-01-06 06:30:00+00:00,-207.0
2023-01-06 06:45:00+00:00,-945.0
2023-01-06 07:00:00+00:00,26369.0
2023-01-06 07:15:00+00:00,-982.0
2023-01-06 07:30:00+00:00,-159.0
2023-01-06 07:45:00+00:00,201.0
2023-01-06 08:00:00+00:00,31532.0
2023-01-06 08:15:00+00:00,484.0
2023-01-06 08:30:00+00:00,238.0
2023-01-06 08:45:00+00:00,191.0
2023-01-06 09:00:00+00:00,34291.0
2023-01-06 09:15:00+00:00,627.0
2023-01-06 09:30:00+00:00,498.0
2023-01-06 09:45:00+00:00,1062.0
2023-01-06 10:00:00+00:00,36610.0
2023-01-06 10:15:00+00:00,2263.0
2023-01-06 10:30:00+00:00,2920.0
2023-01-06 10:45:00+00:00,2247.0
2023-01-06 11:00:00+00:00,36289.0
2023-01-06 11:15:00+00:00,915.0
2023-01-06 11:30:00+00:00,232.0
2023-01-06 11:45:00+00:00,-78.0
2023-01-06 12:00:00+00:00,34107.0
2023-01-06 12:15:00+00:00,-519.0
2023-01-06 12:30:00+00:00,-800.0
2023-01-06 12:45:00+00:00,-551.0
2023-01-06 13:00:00+00:00,29649.0
2023-01-06 13:15:00+00:00,1371.0
2023-01-06 13:30:00+00:00,700.0
2023-01-06 13:45:00+00:00,305.0
2023-01-06 14:00:00+00:00,26020.0
2023-01-06 14:15:00+00:00,-201.0
2023-01-06 14:30:00+00:00,-460.0
2023-01-06 14:45:00+00:00,-284.0
2023-01-06 15:00:00+00:00,23083.0
2023-01-06 15:15:00+00:00,-696.0
2023-01-06 15:30:00+00:00,-1184.0
2023-01-06 15:45:00+00:00,-460.0
2023-01-06 16:00:00+00:00,24401.0
2023-01-06 16:15:00+00:00,708.0
2023-01-06 16:30:00+00:00,714.0
2023-01-06 16:45:00+00:00,359.0
2023-01-06 17:00:00+00:00,17182.0
2023-01-06 17:15:00+00:00,-799.0
2023-01-06 17:30:00+00:00,-525.0
2023-01-06 17:45:00+00:00,-252.0
2023-01-06 18:00:00+00:00,16088.0
2023-01-06 18:15:00+00:00,-278.0
2023-01-06 18:30:00+00:00,-692.0
2023-01-06 18:45:00+00:00,-774.0
2023-01-06 19:00:00+00:00,13472.0
2023-01-06 19:15:00+00:00,78.0
2023-01-06 19:30:00+00:00,214.0
2023-01-06 19:45:00+00:00,118.0
2023-01-06 20:00:00+00:00,13313.0
2023-01-06 20:15:00+00:00,130.0
2023-01-06 20:30:00+00:00,357.0
2023-01-06 20:45:00+00:00,-232.0
2023-01-06 21:00:00+00:00,7477.0
2023-01-06 21:15:00+00:00,30.0
2023-01-06 21:30:00+00:00,206.0
2023-01-06 21:45:00+00:00,73.0
2023-01-06 22:00:00+00:00,2272.0
2023-01-06 22:15:00+00:00,544.0
2023-01-06 22:30:00+00:00,705.0
2023-01-06 22:45:00+00:00,468.0
2023-01-06 23:00:00+00:00,3939.0
2023-01-06 23:15:00+00:00,-470.0
2023-01-06 23:30:00+00:00,-517.0
2023-01-06 23:45:00+00:00,-479.0
2023-01-07 00:00:00+00:00,7162.0
2023-01-07 00:15:00+00:00,-311.0
2023-01-07 00:30:00+00:00,-431.0
2023-01-07 00:45:00+00:00,-509.0
2023-01-07 01:00:00+00:00,6173.0
2023-01-07 01:15:00+00:00,640.0
2023-01-07 01:30:00+00:00,1070.0
2023-01-07 01:45:00+00:00,969.0
2023-01-07 02:00:00+00:00,5125.0
2023-01-07 02:15:00+00:00,944.0
2023-01-07 02:30:00+00:00,1274.0
2023-01-07 02:45:00+00:00,1205.0
2023-01-07 03:00:00+00:00,3210.0
2023-01-07 03:15:00+00:00,1018.0
2023-01-07 03:30:00+00:00,1287.0
2023-01-07 03:45:00+00:00,886.0
2023-01-07 04:00:00+00:00,2027.0
2023-01-07 04:15:00+00:00,1359.0
2023-01-07 04:30:00+00:00,1371.0
2023-01-07 04:45:00+00:00,1422.0
2023-01-07 05:00:00+00:00,6288.0
2023-01-07 05:15:00+00:00,735.0
2023-01-07 05:30:00+00:00,690.0
2023-01-07 05:45:00+00:00,444.0
2023-01-07 06:00:00+00:00,5708.0
2023-01-07 06:15:00+00:00,1051.0
2023-01-07 06:30:00+00:00,588.0
2023-01-07 06:45:00+00:00,533.0
2023-01-07 07:00:00+00:00,6674.0
2023-01-07 07:15:00+00:00,1796.0
2023-01-07 07:30:00+00:00,1546.0
2023-01-07 07:45:00+00:00,1243.0
2023-01-07 08:00:00+00:00,8938.0
2023-01-07 08:15:00+00:00,1481.0
2023-01-07 08:30:00+00:00,812.0
2023-01-07 08:45:00+00:00,1135.0
2023-01-07 09:00:00+00:00,13860.0
2023-01-07 09:15:00+00:00,979.0
2023-01-07 09:30:00+00:00,637.0
2023-01-07 09:45:00+00:00,687.0
2023-01-07 10:00:00+00:00,11557.0
2023-01-07 10:15:00+00:00,2015.0
2023-01-07 10:30:00+00:00,1950.0
2023-01-07 10:45:00+00:00,2104.0
2023-01-07 11:00:00+00:00,10420.0
2023-01-07 11:15:00+00:00,1710.0
2023-01-07 11:30:00+00:00,1564.0
2023-01-07 11:45:00+00:00,1124.0
2023-01-07 12:00:00+00:00,14124.0
2023-01-07 12:15:00+00:00,682.0
2023-01-07 12:30:00+00:00,209.0
2023-01-07 12:45:00+00:00,280.0
2023-01-07 13:00:00+00:00,12069.0
2023-01-07 13:15:00+00:00,2217.0
2023-01-07 13:30:00+00:00,1801.0
2023-01-07 13:45:00+00:00,1330.0
2023-01-07 14:00:00+00:00,9393.0
2023-01-07 14:15:00+00:00,997.0
2023-01-07 14:30:00+00:00,1027.0
2023-01-07 14:45:00+00:00,1416.0
2023-01-07 15:00:00+00:00,13403.0
2023-01-07 15:15:00+00:00,1085.0
2023-01-07 15:30:00+00:00,426.0
2023-01-07 15:45:00+00:00,367.0
2023-01-07 16:00:00+00:00,19501.0
2023-01-07 16:15:00+00:00,259.0
2023-01-07 16:30:00+00:00,585.0
2023-01-07 16:45:00+00:00,764.0
2023-01-07 17:00:00+00:00,22380.0
2023-01-07 17:15:00+00:00,4.0
2023-01-07 17:30:00+00:00,-66.0
2023-01-07 17:45:00+00:00,59.0
2023-01-07 18:00:00+00:00,21714.0
2023-01-07 18:15:00+00:00,-877.0
2023-01-07 18:30:00+00:00,-1076.0
2023-01-07 18:45:00+00:00,-632.0
2023-01-07 19:00:00+00:00,25718.0
2023-01-07 19:15:00+00:00,538.0
2023-01-07 19:30:00+00:00,891.0
2023-01-07 19:45:00+00:00,323.0
2023-01-07 20:00:00+00:00,25403.0
2023-01-07 20:15:00+00:00,1389.0
2023-01-07 20:30:00+00:00,1975.0
2023-01-07 20:45:00+00:00,2344.0
2023-01-07 21:00:00+00:00,25597.0
2023-01-07 21:15:00+00:00,2696.0
2023-01-07 21:30:00+00:00,1987.0
2023-01-07 21:45:00+00:00,1371.0
2023-01-07 22:00:00+00:00,24280.0
2023-01-07 22:15:00+00:00,1230.0
2023-01-07 22:30:00+00:00,1755.0
2023-01-07 22:45:00+00:00,1157.0
2023-01-07 23:00:00+00:00,24051.0
2023-01-07 23:15:00+00:00,-23.0
2023-01-07 23:30:00+00:00,-569.0
2023-01-07 23:45:00+00:00,-256.0
2023-01-08 00:00:00+00:00,22622.0
2023-01-08 00:15:00+00:00,-126.0
2023-01-08 00:30:00+00:00,-102.0
2023-01-08 00:45:00+00:00,-747.0
2023-01-08 01:00:00+00:00,22968.0
2023-01-08 01:15:00+00:00,-15.0
2023-01-08 01:30:00+00:00,432.0
2023-01-08 01:45:00+00:00,399.0
2023-01-08 02:00:00+00:00,20985.0
2023-01-08 02:15:00+00:00,1706.0
2023-01-08 02:30:00+00:00,2201.0
2023-01-08 02:45:00+00:00,2662.0
2023-01-08 03:00:00+00:00,18951.0
2023-01-08 03:15:00+00:00,2395.0
2023-01-08 03:30:00+00:00,1772.0
2023-01-08 03:45:00+00:00,2202.0
2023-01-08 04:00:00+00:00,14777.0
2023-01-08 04:15:00+00:00,3063.0
2023-01-08 04:30:00+00:00,3442.0
2023-01-08 04:45:00+00:00,2844.0
2023-01-08 05:00:00+00:00,16033.0
2023-01-08 05:15:00+00:00,2056.0
2023-01-08 05:30:00+00:00,2534.0
2023-01-08 05:45:00+00:00,2740.0
2023-01-08 06:00:00+00:00,16428.0
2023-01-08 06:15:00+00:00,3867.0
2023-01-08 06:30:00+00:00,3557.0
2023-01-08 06:45:00+00:00,3835.0
2023-01-08 07:00:00+00:00,14783.0
2023-01-08 07:15:00+00:00,3620.0
2023-01-08 07:30:00+00:00,3675.0
2023-01-08 07:45:00+00:00,3391.0
2023-01-08 08:00:00+00:00,15323.0
2023-01-08 08:15:00+00:00,2568.0
2023-01-08 08:30:00+00:00,3232.0
2023-01-08 08:45:00+00:00,2846.0
2023-01-08 09:00:00+00:00,14854.0
2023-01-08 09:15:00+00:00,2806.0
2023-01-08 09:30:00+00:00,2315.0
2023-01-08 09:45:00+00:00,2176.0
2023-01-08 10:00:00+00:00,15214.0
2023-01-08 10:15:00+00:00,2687.0
2023-01-08 10:30:00+00:00,3493.0
2023-01-08 10:45:00+00:00,2898.0
2023-01-08 11:00:00+00:00,11711.0
2023-01-08 11:15:00+00:00,1909.0
2023-01-08 11:30:00+00:00,2409.0
2023-01-08 11:45:00+00:00,2929.0
2023-01-08 12:00:00+00:00,10642.0
2023-01-08 12:15:00+00:00,2128.0
2023-01-08 12:30:00+00:00,1792.0
2023-01-08 12:45:00+00:00,1715.0
2023-01-08 13:00:00+00:00,7494.0
2023-01-08 13:15:00+00:00,2669.0
2023-01-08 13:30:00+00:00,3076.0
2023-01-08 13:45:00+00:00,2678.0
2023-01-08 14:00:00+00:00,11730.0
2023-01-08 14:15:00+00:00,1507.0
2023-01-08 14:30:00+00:00,1997.0
2023-01-08 14:45:00+00:00,2459.0
2023-01-08 15:00:00+00:00,9447.0
2023-01-08 15:15:00+00:00,2126.0
2023-01-08 15:30:00+00:00,2088.0
2023-01-08 15:45:00+00:00,1694.0
2023-01-08 16:00:00+00:00,9946.0
2023-01-08 16:15:00+00:00,3035.0
2023-01-08 16:30:00+00:00,2864.0
2023-01-08 16:45:00+00:00,2405.0
2023-01-08 17:00:00+00:00,11073.0
2023-01-08 17:15:00+00:00,2065.0
2023-01-08 17:30:00+00:00,2224.0
2023-01-08 17:45:00+00:00,2127.0
2023-01-08 18:00:00+00:00,14763.0
2023-01-08 18:15:00+00:00,2147.0
2023-01-08 18:30:00+00:00,2245.0
2023-01-08 18:45:00+00:00,2033.0
2023-01-08 19:00:00+00:00,19498.0
2023-01-08 19:15:00+00:00,3041.0
2023-01-08 19:30:00+00:00,2790.0
2023-01-08 19:45:00+00:00,2897.0
2023-01-08 20:00:00+00:00,22266.0
2023-01-08 20:15:00+00:00,2628.0
2023-01-08 20:30:00+00:00,2185.0
2023-01-08 20:45:00+00:00,2235.0
2023-01-08 21:00:00+00:00,18146.0
2023-01-08 21:15:00+00:00,2319.0
2023-01-08 21:30:00+00:00,1838.0
2023-01-08 21:45:00+00:00,1879.0
2023-01-08 22:00:00+00:00,20839.0
2023-01-08 22:15:00+00:00,2526.0
2023-01-08 22:30:00+00:00,3108.0
2023-01-08 22:45:00+00:00,2882.0
2023-01-08 23:00:00+00:00,19735.0
2023-01-08 23:15:00+00:00,2936.0
2023-01-08 23:30:00+00:00,3545.0
2023-01-08 23:45:00+00:00,2964.0
2023-01-09 00:00:00+00:00,19486.0
2023-01-09 00:15:00+00:00,3557.0
2023-01-09 00:30:00+00:00,3089.0
2023-01-09 00:45:00+00:00,2732.0
2023-01-09 01:00:00+00:00,20798.0
2023-01-09 01:15:00+00:00,2811.0
2023-01-09 01:30:00+00:00,2914.0
2023-01-09 01:45:00+00:00,2304.0
2023-01-09 02:00:00+00:00,19363.0
2023-01-09 02:15:00+00:00,1111.0
2023-01-09 02:30:00+00:00,661.0
2023-01-09 02:45:00+00:00,629.0
2023-01-09 03:00:00+00:00,16413.0
2023-01-09 03:15:00+00:00,345.0
2023-01-09 03:30:00+00:00,-331.0
2023-01-09 03:45:00+00:00,-699.0
2023-01-09 04:00:00+00:00,7547.0
2023-01-09 04:15:00+00:00,238.0
2023-01-09 04:30:00+00:00,885.0
2023-01-09 04:45:00+00:00,1372.0
2023-01-09 05:00:00+00:00,4321.0
2023-01-09 05:15:00+00:00,2519.0
2023-01-09 05:30:00+00:00,821.0
2023-01-09 05:45:00+00:00,2674.0
2023-01-09 06:00:00+00:00,6533.0
2023-01-09 06:15:00+00:00,3306.0
2023-01-09 06:30:00+00:00,3822.0
2023-01-09 06:45:00+00:00,4136.0
2023-01-09 07:00:00+00:00,10349.0
2023-01-09 07:15:00+00:00,4798.0
2023-01-09 07:30:00+00:00,4987.0
2023-01-09 07:45:00+00:00,4467.0
2023-01-09 08:00:00+00:00,18034.0
2023-01-09 08:15:00+00:00,3404.0
2023-01-09 08:30:00+00:00,3345.0
2023-01-09 08:45:00+00:00,3263.0
2023-01-09 09:00:00+00:00,19263.0
2023-01-09 09:15:00+00:00,3295.0
2023-01-09 09:30:00+00:00,3082.0
2023-01-09 09:45:00+00:00,3526.0
2023-01-09 10:00:00+00:00,14918.0
2023-01-09 10:15:00+00:00,4283.0
2023-01-09 10:30:00+00:00,4647.0
2023-01-09 10:45:00+00:00,4348.0
2023-01-09 11:00:00+00:00,11973.0
2023-01-09 11:15:00+00:00,4065.0
2023-01-09 11:30:00+00:00,3068.0
2023-01-09 11:45:00+00:00,2503.0
2023-01-09 12:00:00+00:00,5832.0
2023-01-09 12:15:00+00:00,1054.0
2023-01-09 12:30:00+00:00,-809.0
2023-01-09 12:45:00+00:00,-1814.0
2023-01-09 13:00:00+00:00,-180.0
2023-01-09 13:15:00+00:00,-2356.0
2023-01-09 13:30:00+00:00,-2533.0
2023-01-09 13:45:00+00:00,-1635.0
2023-01-09 14:00:00+00:00,-6941.0
2023-01-09 14:15:00+00:00,-1448.0
2023-01-09 14:30:00+00:00,-920.0
2023-01-09 14:45:00+00:00,-767.0
2023-01-09 15:00:00+00:00,-4319.0
2023-01-09 15:15:00+00:00,-869.0
2023-01-09 15:30:00+00:00,-2081.0
2023-01-09 15:45:00+00:00,-2575.0
2023-01-09 16:00:00+00:00,-6546.0
2023-01-09 16:15:00+00:00,-2925.0
2023-01-09 16:30:00+00:00,-2468.0
2023-01-09 16:45:00+00:00,-1679.0
2023-01-09 17:00:00+00:00,-2249.0
2023-01-09 17:15:00+00:00,-1546.0
2023-01-09 17:30:00+00:00,-1542.0
2023-01-09 17:45:00+00:00,-1941.0
2023-01-09 18:00:00+00:00,1414.0
2023-01-09 18:15:00+00:00,-1474.0
2023-01-09 18:30:00+00:00,-2745.0
2023-01-09 18:45:00+00:00,-3112.0
2023-01-09 19:00:00+00:00,7315.0
2023-01-09 19:15:00+00:00,-1459.0
2023-01-09 19:30:00+00:00,-1097.0
2023-01-09 19:45:00+00:00,-350.0
2023-01-09 20:00:00+00:00,15192.0
2023-01-09 20:15:00+00:00,-763.0
2023-01-09 20:30:00+00:00,-841.0
2023-01-09 20:45:00+00:00,-825.0
2023-01-09 21:00:00+00:00,17506.0
2023-01-09 21:15:00+00:00,-1129.0
2023-01-09 21:30:00+00:00,-444.0
2023-01-09 21:45:00+00:00,-1152.0
2023-01-09 22:00:00+00:00,17037.0
2023-01-09 22:15:00+00:00,-1448.0
2023-01-09 22:30:00+00:00,-461.0
2023-01-09 22:45:00+00:00,-718.0
2023-01-09 23:00:00+00:00,22440.0
2023-01-09 23:15:00+00:00,-1062.0
2023-01-09 23:30:00+00:00,-1235.0
2023-01-09 23:45:00+00:00,-1773.0
2023-01-10 00:00:00+00:00,22707.0
2023-01-10 00:15:00+00:00,-2589.0
2023-01-10 00:30:00+00:00,-2947.0
2023-01-10 00:45:00+00:00,-2916.0
2023-01-10 01:00:00+00:00,22905.0
2023-01-10 01:15:00+00:00,-46.0
2023-01-10 01:30:00+00:00,-492.0
2023-01-10 01:45:00+00:00,-1309.0
2023-01-10 02:00:00+00:00,18528.0
2023-01-10 02:15:00+00:00,-1249.0
2023-01-10 02:30:00+00:00,-1279.0
2023-01-10 02:45:00+00:00,-1140.0
2023-01-10 03:00:00+00:00,18580.0
2023-01-10 03:15:00+00:00,-1239.0
2023-01-10 03:30:00+00:00,-1688.0
2023-01-10 03:45:00+00:00,-2248.0
2023-01-10 04:00:00+00:00,12855.0
2023-01-10 04:15:00+00:00,-2209.0
2023-01-10 04:30:00+00:00,-1272.0
2023-01-10 04:45:00+00:00,-779.0
2023-01-10 05:00:00+00:00,12898.0
2023-01-10 05:15:00+00:00,572.0
2023-01-10 05:30:00+00:00,627.0
2023-01-10 05:45:00+00:00,426.0
2023-01-10 06:00:00+00:00,11166.0
2023-01-10 06:15:00+00:00,408.0
2023-01-10 06:30:00+00:00,-122.0
2023-01-10 06:45:00+00:00,408.0
2023-01-10 07:00:00+00:00,5815.0
2023-01-10 07:15:00+00:00,678.0
2023-01-10 07:30:00+00:00,671.0
2023-01-10 07:45:00+00:00,857.0
2023-01-10 08:00:00+00:00,7747.0
2023-01-10 08:15:00+00:00,3603.0
2023-01-10 08:30:00+00:00,3516.0
2023-01-10 08:45:00+00:00,3105.0
2023-01-10 09:00:00+00:00,10126.0
2023-01-10 09:15:00+00:00,2500.0
2023-01-10 09:30:00+00:00,2223.0
2023-01-10 09:45:00+00:00,1342.0
2023-01-10 10:00:00+00:00,11696.0
2023-01-10 10:15:00+00:00,-178.0
2023-01-10 10:30:00+00:00,618.0
2023-01-10 10:45:00+00:00,612.0
2023-01-10 11:00:00+00:00,10616.0
2023-01-10 11:15:00+00:00,700.0
2023-01-10 11:30:00+00:00,936.0
2023-01-10 11:45:00+00:00,957.0
2023-01-10 12:00:00+00:00,10337.0
2023-01-10 12:15:00+00:00,1153.0
2023-01-10 12:30:00+00:00,1017.0
2023-01-10 12:45:00+00:00,1329.0
2023-01-10 13:00:00+00:00,10874.0
2023-01-10 13:15:00+00:00,1192.0
2023-01-10 13:30:00+00:00,1614.0
2023-01-10 13:45:00+00:00,1795.0
2023-01-10 14:00:00+00:00,9556.0
2023-01-10 14:15:00+00:00,3781.0
2023-01-10 14:30:00+00:00,3418.0
2023-01-10 14:45:00+00:00,2609.0
2023-01-10 15:00:00+00:00,7587.0
2023-01-10 15:15:00+00:00,1964.0
2023-01-10 15:30:00+00:00,1326.0
2023-01-10 15:45:00+00:00,697.0
2023-01-10 16:00:00+00:00,13764.0
2023-01-10 16:15:00+00:00,2289.0
2023-01-10 16:30:00+00:00,3352.0
2023-01-10 16:45:00+00:00,3321.0
2023-01-10 17:00:00+00:00,20832.0
2023-01-10 17:15:00+00:00,3552.0
2023-01-10 17:30:00+00:00,3003.0
2023-01-10 17:45:00+00:00,2558.0
2023-01-10 18:00:00+00:00,24899.0
2023-01-10 18:15:00+00:00,2845.0
2023-01-10 18:30:00+00:00,3029.0
2023-01-10 18:45:00+00:00,3398.0
2023-01-10 19:00:00+00:00,30958.0
2023-01-10 19:15:00+00:00,3962.0
2023-01-10 19:30:00+00:00,4399.0
2023-01-10 19:45:00+00:00,4450.0
2023-01-10 20:00:00+00:00,32916.0
2023-01-10 20:15:00+00:00,3594.0
2023-01-10 20:30:00+00:00,4049.0
2023-01-10 20:45:00+00:00,3038.0
2023-01-10 21:00:00+00:00,31313.0
2023-01-10 21:15:00+00:00,2022.0
2023-01-10 21:30:00+00:00,1986.0
2023-01-10 21:45:00+00:00,1167.0
2023-01-10 22:00:00+00:00,28912.0
2023-01-10 22:15:00+00:00,3073.0
2023-01-10 22:30:00+00:00,3470.0
2023-01-10 22:45:00+00:00,3517.0
2023-01-10 23:00:00+00:00,27499.0
2023-01-10 23:15:00+00:00,3465.0
2023-01-10 23:30:00+00:00,3711.0
2023-01-10 23:45:00+00:00,3005.0
2023-01-11 00:00:00+00:00,27920.0
2023-01-11 00:15:00+00:00,3032.0
2023-01-11 00:30:00+00:00,2825.0
2023-01-11 00:45:00+00:00,2801.0
2023-01-11 01:00:00+00:00,33551.0
2023-01-11 01:15:00+00:00,3910.0
2023-01-11 01:30:00+00:00,3842.0
2023-01-11 01:45:00+00:00,3372.0
2023-01-11 02:00:00+00:00,28232.0
2023-01-11 02:15:00+00:00,2796.0
2023-01-11 02:30:00+00:00,2760.0
2023-01-11 02:45:00+00:00,3079.0
2023-01-11 03:00:00+00:00,27360.0
2023-01-11 03:15:00+00:00,3233.0
2023-01-11 03:30:00+00:00,3153.0
2023-01-11 03:45:00+00:00,2077.0
2023-01-11 04:00:00+00:00,26972.0
2023-01-11 04:15:00+00:00,3149.0
2023-01-11 04:30:00+00:00,3108.0
2023-01-11 04:45:00+00:00,3191.0
2023-01-11 05:00:00+00:00,25765.0
2023-01-11 05:15:00+00:00,3182.0
2023-01-11 05:30:00+00:00,2716.0
2023-01-11 05:45:00+00:00,4072.0
2023-01-11 06:00:00+00:00,29018.0
2023-01-11 06:15:00+00:00,3968.0
2023-01-11 06:30:00+00:00,4235.0
2023-01-11 06:45:00+00:00,3982.0
2023-01-11 07:00:00+00:00,27374.0
2023-01-11 07:15:00+00:00,3707.0
2023-01-11 07:30:00+00:00,4191.0
2023-01-11 07:45:00+00:00,4110.0
2023-01-11 08:00:00+00:00,27118.0
2023-01-11 08:15:00+00:00,4610.0
2023-01-11 08:30:00+00:00,4195.0
2023-01-11 08:45:00+00:00,4330.0
2023-01-11 09:00:00+00:00,21038.0
2023-01-11 09:15:00+00:00,3782.0
2023-01-11 09:30:00+00:00,3264.0
2023-01-11 09:45:00+00:00,3483.0
2023-01-11 10:00:00+00:00,14636.0
2023-01-11 10:15:00+00:00,2456.0
2023-01-11 10:30:00+00:00,2166.0
2023-01-11 10:45:00+00:00,2247.0
2023-01-11 11:00:00+00:00,7241.0
2023-01-11 11:15:00+00:00,1410.0
2023-01-11 11:30:00+00:00,2041.0
2023-01-11 11:45:00+00:00,1708.0
2023-01-11 12:00:00+00:00,4225.0
2023-01-11 12:15:00+00:00,1619.0
2023-01-11 12:30:00+00:00,1747.0
2023-01-11 12:45:00+00:00,1087.0
2023-01-11 13:00:00+00:00,6500.0
2023-01-11 13:15:00+00:00,818.0
2023-01-11 13:30:00+00:00,1233.0
2023-01-11 13:45:00+00:00,811.0
2023-01-11 14:00:00+00:00,8718.0
2023-01-11 14:15:00+00:00,950.0
2023-01-11 14:30:00+00:00,894.0
2023-01-11 14:45:00+00:00,1177.0
2023-01-11 15:00:00+00:00,11398.0
2023-01-11 15:15:00+00:00,862.0
2023-01-11 15:30:00+00:00,1458.0
2023-01-11 15:45:00+00:00,1032.0
2023-01-11 16:00:00+00:00,11857.0
2023-01-11 16:15:00+00:00,520.0
2023-01-11 16:30:00+00:00,1834.0
2023-01-11 16:45:00+00:00,1691.0
2023-01-11 17:00:00+00:00,20893.0
2023-01-11 17:15:00+00:00,1473.0
2023-01-11 17:30:00+00:00,1417.0
2023-01-11 17:45:00+00:00,610.0
2023-01-11 18:00:00+00:00,23201.0
2023-01-11 18:15:00+00:00,59.0
2023-01-11 18:30:00+00:00,-472.0
2023-01-11 18:45:00+00:00,151.0
2023-01-11 19:00:00+00:00,27888.0
2023-01-11 19:15:00+00:00,2264.0
2023-01-11 19:30:00+00:00,2191.0
2023-01-11 19:45:00+00:00,2267.0
2023-01-11 20:00:00+00:00,29365.0
2023-01-11 20:15:00+00:00,2287.0
2023-01-11 20:30:00+00:00,2302.0
2023-01-11 20:45:00+00:00,2735.0
2023-01-11 21:00:00+00:00,33321.0
2023-01-11 21:15:00+00:00,2374.0
2023-01-11 21:30:00+00:00,1265.0
2023-01-11 21:45:00+00:00,-156.0
2023-01-11 22:00:00+00:00,31724.0
2023-01-11 22:15:00+00:00,-15.0
2023-01-11 22:30:00+00:00,651.0
2023-01-11 22:45:00+00:00,1331.0
2023-01-11 23:00:00+00:00,35066.0
2023-01-11 23:15:00+00:00,715.0
2023-01-11 23:30:00+00:00,882.0
2023-01-11 23:45:00+00:00,1008.0
2023-01-12 00:00:00+00:00,33395.0
2023-01-12 00:15:00+00:00,1157.0
2023-01-12 00:30:00+00:00,633.0
2023-01-12 00:45:00+00:00,462.0
2023-01-12 01:00:00+00:00,35413.0
2023-01-12 01:15:00+00:00,1731.0
2023-01-12 01:30:00+00:00,1095.0
2023-01-12 01:45:00+00:00,1241.0
2023-01-12 02:00:00+00:00,33055.0
2023-01-12 02:15:00+00:00,2014.0
2023-01-12 02:30:00+00:00,2889.0
2023-01-12 02:45:00+00:00,3272.0
2023-01-12 03:00:00+00:00,32024.0
2023-01-12 03:15:00+00:00,2393.0
2023-01-12 03:30:00+00:00,1698.0
2023-01-12 03:45:00+00:00,1001.0
2023-01-12 04:00:00+00:00,28355.0
2023-01-12 04:15:00+00:00,425.0
2023-01-12 04:30:00+00:00,1191.0
2023-01-12 04:45:00+00:00,1341.0
2023-01-12 05:00:00+00:00,24231.0
2023-01-12 05:15:00+00:00,1118.0
2023-01-12 05:30:00+00:00,1781.0
2023-01-12 05:45:00+00:00,1454.0
2023-01-12 06:00:00+00:00,29346.0
2023-01-12 06:15:00+00:00,1333.0
2023-01-12 06:30:00+00:00,1091.0
2023-01-12 06:45:00+00:00,881.0
2023-01-12 07:00:00+00:00,34106.0
2023-01-12 07:15:00+00:00,1415.0
2023-01-12 07:30:00+00:00,1329.0
2023-01-12 07:45:00+00:00,1191.0
2023-01-12 08:00:00+00:00,35397.0
2023-01-12 08:15:00+00:00,2995.0
2023-01-12 08:30:00+00:00,3711.0
2023-01-12 08:45:00+00:00,3283.0
2023-01-12 09:00:00+00:00,39109.0
2023-01-12 09:15:00+00:00,2642.0
2023-01-12 09:30:00+00:00,2077.0
2023-01-12 09:45:00+00:00,1069.0
2023-01-12 10:00:00+00:00,35287.0
2023-01-12 10:15:00+00:00,1527.0
2023-01-12 10:30:00+00:00,2653.0
2023-01-12 10:45:00+00:00,2988.0
2023-01-12 11:00:00+00:00,38666.0
2023-01-12 11:15:00+00:00,2790.0
2023-01-12 11:30:00+00:00,3040.0
2023-01-12 11:45:00+00:00,3823.0
2023-01-12 12:00:00+00:00,39167.0
2023-01-12 12:15:00+00:00,4122.0
2023-01-12 12:30:00+00:00,4142.0
2023-01-12 12:45:00+00:00,3700.0
2023-01-12 13:00:00+00:00,39401.0
2023-01-12 13:15:00+00:00,4441.0
2023-01-12 13:30:00+00:00,4815.0
2023-01-12 13:45:00+00:00,4860.0
2023-01-12 14:00:00+00:00,39136.0
2023-01-12 14:15:00+00:00,4220.0
2023-01-12 14:30:00+00:00,3919.0
2023-01-12 14:45:00+00:00,3642.0
2023-01-12 15:00:00+00:00,31192.0
2023-01-12 15:15:00+00:00,2913.0
2023-01-12 15:30:00+00:00,2522.0
2023-01-12 15:45:00+00:00,1430.0
2023-01-12 16:00:00+00:00,30490.0
2023-01-12 16:15:00+00:00,2578.0
2023-01-12 16:30:00+00:00,3493.0
2023-01-12 16:45:00+00:00,3860.0
2023-01-12 17:00:00+00:00,36893.0
2023-01-12 17:15:00+00:00,3304.0
2023-01-12 17:30:00+00:00,2862.0
2023-01-12 17:45:00+00:00,3332.0
2023-01-12 18:00:00+00:00,39318.0
2023-01-12 18:15:00+00:00,3807.0
2023-01-12 18:30:00+00:00,2827.0
2023-01-12 18:45:00+00:00,2715.0
2023-01-12 19:00:00+00:00,40242.0
2023-01-12 19:15:00+00:00,2455.0
2023-01-12 19:30:00+00:00,2596.0
2023-01-12 19:45:00+00:00,2258.0
2023-01-12 20:00:00+00:00,41443.0
2023-01-12 20:15:00+00:00,2867.0
2023-01-12 20:30:00+00:00,2702.0
2023-01-12 20:45:00+00:00,2916.0
2023-01-12 21:00:00+00:00,42076.0
2023-01-12 21:15:00+00:00,2717.0
2023-01-12 21:30:00+00:00,2719.0
2023-01-12 21:45:00+00:00,2455.0
2023-01-12 22:00:00+00:00,40979.0
2023-01-12 22:15:00+00:00,1700.0
2023-01-12 22:30:00+00:00,1762.0
2023-01-12 22:45:00+00:00,1686.0
2023-01-12 23:00:00+00:00,41331.0
2023-01-12 23:15:00+00:00,997.0
2023-01-12 23:30:00+00:00,1253.0
2023-01-12 23:45:00+00:00,2632.0
2023-01-13 00:00:00+00:00,44178.0
2023-01-13 00:15:00+00:00,3281.0
2023-01-13 00:30:00+00:00,2527.0
2023-01-13 00:45:00+00:00,2110.0
2023-01-13 01:00:00+00:00,38294.0
2023-01-13 01:15:00+00:00,3060.0
2023-01-13 01:30:00+00:00,2851.0
2023-01-13 01:45:00+00:00,2978.0
2023-01-13 02:00:00+00:00,34167.0
2023-01-13 02:15:00+00:00,2254.0
2023-01-13 02:30:00+00:00,2735.0
2023-01-13 02:45:00+00:00,3602.0
2023-01-13 03:00:00+00:00,29371.0
2023-01-13 03:15:00+00:00,3431.0
2023-01-13 03:30:00+00:00,3249.0
2023-01-13 03:45:00+00:00,2802.0
2023-01-13 04:00:00+00:00,26030.0
2023-01-13 04:15:00+00:00,842.0
2023-01-13 04:30:00+00:00,1107.0
2023-01-13 04:45:00+00:00,1061.0
2023-01-13 05:00:00+00:00,19339.0
2023-01-13 05:15:00+00:00,359.0
2023-01-13 05:30:00+00:00,75.0
2023-01-13 05:45:00+00:00,-54.0
2023-01-13 06:00:00+00:00,18457.0
2023-01-13 06:15:00+00:00,680.0
2023-01-13 06:30:00+00:00,412.0
2023-01-13 06:45:00+00:00,-8.0
2023-01-13 07:00:00+00:00,19663.0
2023-01-13 07:15:00+00:00,696.0
2023-01-13 07:30:00+00:00,581.0
2023-01-13 07:45:00+00:00,515.0
2023-01-13 08:00:00+00:00,23287.0
2023-01-13 08:15:00+00:00,-826.0
2023-01-13 08:30:00+00:00,-1464.0
2023-01-13 08:45:00+00:00,-1351.0
2023-01-13 09:00:00+00:00,26155.0
2023-01-13 09:15:00+00:00,-1007.0
2023-01-13 09:30:00+00:00,-1995.0
2023-01-13 09:45:00+00:00,-2207.0
2023-01-13 10:00:00+00:00,25408.0
2023-01-13 10:15:00+00:00,-2945.0
2023-01-13 10:30:00+00:00,-1404.0
2023-01-13 10:45:00+00:00,252.0
2023-01-13 11:00:00+00:00,31329.0
2023-01-13 11:15:00+00:00,366.0
2023-01-13 11:30:00+00:00,719.0
2023-01-13 11:45:00+00:00,598.0
2023-01-13 12:00:00+00:00,32987.0
2023-01-13 12:15:00+00:00,1464.0
2023-01-13 12:30:00+00:00,2477.0
2023-01-13 12:45:00+00:00,3140.0
2023-01-13 13:00:00+00:00,33754.0
2023-01-13 13:15:00+00:00,3359.0
2023-01-13 13:30:00+00:00,2416.0
2023-01-13 13:45:00+00:00,2787.0
2023-01-13 14:00:00+00:00,31328.0
2023-01-13 14:15:00+00:00,3382.0
2023-01-13 14:30:00+00:00,3474.0
2023-01-13 14:45:00+00:00,4468.0
2023-01-13 15:00:00+00:00,31085.0
2023-01-13 15:15:00+00:00,4470.0
2023-01-13 15:30:00+00:00,3913.0
2023-01-13 15:45:00+00:00,2554.0
2023-01-13 16:00:00+00:00,32247.0
2023-01-13 16:15:00+00:00,3873.0
2023-01-13 16:30:00+00:00,4075.0
2023-01-13 16:45:00+00:00,4379.0
2023-01-13 17:00:00+00:00,36333.0
2023-01-13 17:15:00+00:00,3237.0
2023-01-13 17:30:00+00:00,2426.0
2023-01-13 17:45:00+00:00,1925.0
2023-01-13 18:00:00+00:00,36282.0
2023-01-13 18:15:00+00:00,1774.0
2023-01-13 18:30:00+00:00,1571.0
2023-01-13 18:45:00+00:00,1370.0
2023-01-13 19:00:00+00:00,36813.0
2023-01-13 19:15:00+00:00,2741.0
2023-01-13 19:30:00+00:00,1940.0
2023-01-13 19:45:00+00:00,1030.0
2023-01-13 20:00:00+00:00,38478.0
2023-01-13 20:15:00+00:00,1688.0
2023-01-13 20:30:00+00:00,2097.0
2023-01-13 20:45:00+00:00,2534.0
2023-01-13 21:00:00+00:00,39543.0
2023-01-13 21:15:00+00:00,1303.0
2023-01-13 21:30:00+00:00,-104.0
2023-01-13 21:45:00+00:00,-1175.0
2023-01-13 22:00:00+00:00,39950.0
2023-01-13 22:15:00+00:00,-735.0
2023-01-13 22:30:00+00:00,-193.0
2023-01-13 22:45:00+00:00,-985.0
2023-01-13 23:00:00+00:00,38348.0
2023-01-13 23:15:00+00:00,-181.0
2023-01-13 23:30:00+00:00,-130.0
2023-01-13 23:45:00+00:00,-593.0
2023-01-14 00:00:00+00:00,41332.0
2023-01-14 00:15:00+00:00,-33.0
2023-01-14 00:30:00+00:00,-644.0
2023-01-14 00:45:00+00:00,-431.0
2023-01-14 01:00:00+00:00,38556.0
2023-01-14 01:15:00+00:00,43.0
2023-01-14 01:30:00+00:00,-149.0
2023-01-14 01:45:00+00:00,806.0
2023-01-14 02:00:00+00:00,37447.0
2023-01-14 02:15:00+00:00,2447.0
2023-01-14 02:30:00+00:00,3663.0
2023-01-14 02:45:00+00:00,3660.0
2023-01-14 03:00:00+00:00,37359.0
2023-01-14 03:15:00+00:00,3435.0
2023-01-14 03:30:00+00:00,2653.0
2023-01-14 03:45:00+00:00,1798.0
2023-01-14 04:00:00+00:00,30167.0
2023-01-14 04:15:00+00:00,2531.0
2023-01-14 04:30:00+00:00,3536.0
2023-01-14 04:45:00+00:00,4017.0
2023-01-14 05:00:00+00:00,32634.0
2023-01-14 05:15:00+00:00,3629.0
2023-01-14 05:30:00+00:00,3307.0
2023-01-14 05:45:00+00:00,3708.0
2023-01-14 06:00:00+00:00,30440.0
2023-01-14 06:15:00+00:00,2413.0
2023-01-14 06:30:00+00:00,1398.0
2023-01-14 06:45:00+00:00,785.0
2023-01-14 07:00:00+00:00,30668.0
2023-01-14 07:15:00+00:00,752.0
2023-01-14 07:30:00+00:00,-148.0
2023-01-14 07:45:00+00:00,-525.0
2023-01-14 08:00:00+00:00,33332.0
2023-01-14 08:15:00+00:00,458.0
2023-01-14 08:30:00+00:00,149.0
2023-01-14 08:45:00+00:00,1045.0
2023-01-14 09:00:00+00:00,38241.0
2023-01-14 09:15:00+00:00,1631.0
2023-01-14 09:30:00+00:00,2059.0
2023-01-14 09:45:00+00:00,1229.0
2023-01-14 10:00:00+00:00,40165.0
2023-01-14 10:15:00+00:00,1583.0
2023-01-14 10:30:00+00:00,2293.0
2023-01-14 10:45:00+00:00,2519.0
2023-01-14 11:00:00+00:00,41051.0
2023-01-14 11:15:00+00:00,2104.0
2023-01-14 11:30:00+00:00,2311.0
2023-01-14 11:45:00+00:00,1456.0
2023-01-14 12:00:00+00:00,40983.0
2023-01-14 12:15:00+00:00,2325.0
2023-01-14 12:30:00+00:00,2324.0
2023-01-14 12:45:00+00:00,2641.0
2023-01-14 13:00:00+00:00,45341.0
2023-01-14 13:15:00+00:00,3468.0
2023-01-14 13:30:00+00:00,3460.0
2023-01-14 13:45:00+00:00,3523.0
2023-01-14 14:00:00+00:00,45896.0
2023-01-14 14:15:00+00:00,3884.0
2023-01-14 14:30:00+00:00,3564.0
2023-01-14 14:45:00+00:00,4604.0
2023-01-14 15:00:00+00:00,44116.0
2023-01-14 15:15:00+00:00,4049.0
2023-01-14 15:30:00+00:00,4271.0
2023-01-14 15:45:00+00:00,4041.0
2023-01-14 16:00:00+00:00,44141.0
2023-01-14 16:15:00+00:00,4116.0
2023-01-14 16:30:00+00:00,4257.0
2023-01-14 16:45:00+00:00,3599.0
2023-01-14 17:00:00+00:00,44519.0
2023-01-14 17:15:00+00:00,4191.0
2023-01-14 17:30:00+00:00,3562.0
2023-01-14 17:45:00+00:00,4798.0
2023-01-14 18:00:00+00:00,45287.0
2023-01-14 18:15:00+00:00,3639.0
2023-01-14 18:30:00+00:00,2890.0
2023-01-14 18:45:00+00:00,3005.0
2023-01-14 19:00:00+00:00,48971.0
2023-01-14 19:15:00+00:00,2930.0
2023-01-14 19:30:00+00:00,3066.0
2023-01-14 19:45:00+00:00,3104.0
2023-01-14 20:00:00+00:00,49888.0
2023-01-14 20:15:00+00:00,2932.0
2023-01-14 20:30:00+00:00,2972.0
2023-01-14 20:45:00+00:00,2596.0
2023-01-14 21:00:00+00:00,48207.0
2023-01-14 21:15:00+00:00,2239.0
2023-01-14 21:30:00+00:00,1651.0
2023-01-14 21:45:00+00:00,2510.0
2023-01-14 22:00:00+00:00,44790.0
2023-01-14 22:15:00+00:00,1711.0
2023-01-14 22:30:00+00:00,1660.0
2023-01-14 22:45:00+00:00,2085.0
2023-01-14 23:00:00+00:00,44762.0
2023-01-14 23:15:00+00:00,1076.0
2023-01-14 23:30:00+00:00,774.0
2023-01-14 23:45:00+00:00,-174.0
2023-01-15 00:00:00+00:00,40051.0
2023-01-15 00:15:00+00:00,-82.0
2023-01-15 00:30:00+00:00,-11.0
2023-01-15 00:45:00+00:00,290.0
2023-01-15 01:00:00+00:00,40421.0
2023-01-15 01:15:00+00:00,450.0
2023-01-15 01:30:00+00:00,174.0
2023-01-15 01:45:00+00:00,582.0
2023-01-15 02:00:00+00:00,35529.0
2023-01-15 02:15:00+00:00,468.0
2023-01-15 02:30:00+00:00,506.0
2023-01-15 02:45:00+00:00,987.0
2023-01-15 03:00:00+00:00,32103.0
2023-01-15 03:15:00+00:00,431.0
2023-01-15 03:30:00+00:00,-915.0
2023-01-15 03:45:00+00:00,-782.0
2023-01-15 04:00:00+00:00,31124.0
2023-01-15 04:15:00+00:00,-470.0
2023-01-15 04:30:00+00:00,295.0
2023-01-15 04:45:00+00:00,458.0
2023-01-15 05:00:00+00:00,35158.0
2023-01-15 05:15:00+00:00,-885.0
2023-01-15 05:30:00+00:00,-1169.0
2023-01-15 05:45:00+00:00,-1742.0
2023-01-15 06:00:00+00:00,34958.0
2023-01-15 06:15:00+00:00,-1412.0
2023-01-15 06:30:00+00:00,-1873.0
2023-01-15 06:45:00+00:00,-1363.0
2023-01-15 07:00:00+00:00,39526.0
2023-01-15 07:15:00+00:00,1235.0
2023-01-15 07:30:00+00:00,1333.0
2023-01-15 07:45:00+00:00,2132.0
2023-01-15 08:00:00+00:00,38469.0
2023-01-15 08:15:00+00:00,3140.0
2023-01-15 08:30:00+00:00,3159.0
2023-01-15 08:45:00+00:00,2763.0
2023-01-15 09:00:00+00:00,37216.0
2023-01-15 09:15:00+00:00,2421.0
2023-01-15 09:30:00+00:00,2613.0
2023-01-15 09:45:00+00:00,1939.0
2023-01-15 10:00:00+00:00,38000.0
2023-01-15 10:15:00+00:00,1551.0
2023-01-15 10:30:00+00:00,2115.0
2023-01-15 10:45:00+00:00,2324.0
2023-01-15 11:00:00+00:00,40760.0
2023-01-15 11:15:00+00:00,1995.0
2023-01-15 11:30:00+00:00,1740.0
2023-01-15 11:45:00+00:00,1755.0
2023-01-15 12:00:00+00:00,40647.0
2023-01-15 12:15:00+00:00,825.0
2023-01-15 12:30:00+00:00,594.0
2023-01-15 12:45:00+00:00,872.0
2023-01-15 13:00:00+00:00,39690.0
2023-01-15 13:15:00+00:00,2625.0
2023-01-15 13:30:00+00:00,2237.0
2023-01-15 13:45:00+00:00,2284.0
2023-01-15 14:00:00+00:00,43060.0
2023-01-15 14:15:00+00:00,5422.0
2023-01-15 14:30:00+00:00,4583.0
2023-01-15 14:45:00+00:00,4459.0
2023-01-15 15:00:00+00:00,42887.0
2023-01-15 15:15:00+00:00,4367.0
2023-01-15 15:30:00+00:00,4122.0
2023-01-15 15:45:00+00:00,2526.0
2023-01-15 16:00:00+00:00,39797.0
2023-01-15 16:15:00+00:00,1136.0
2023-01-15 16:30:00+00:00,2164.0
2023-01-15 16:45:00+00:00,2987.0
2023-01-15 17:00:00+00:00,43120.0
2023-01-15 17:15:00+00:00,2761.0
2023-01-15 17:30:00+00:00,2300.0
2023-01-15 17:45:00+00:00,1754.0
2023-01-15 18:00:00+00:00,40408.0
2023-01-15 18:15:00+00:00,1387.0
2023-01-15 18:30:00+00:00,731.0
2023-01-15 18:45:00+00:00,502.0
2023-01-15 19:00:00+00:00,41401.0
2023-01-15 19:15:00+00:00,2073.0
2023-01-15 19:30:00+00:00,2234.0
2023-01-15 19:45:00+00:00,2493.0
2023-01-15 20:00:00+00:00,38879.0
2023-01-15 20:15:00+00:00,3450.0
2023-01-15 20:30:00+00:00,2349.0
2023-01-15 20:45:00+00:00,2332.0
2023-01-15 21:00:00+00:00,35210.0
2023-01-15 21:15:00+00:00,2256.0
2023-01-15 21:30:00+00:00,2323.0
2023-01-15 21:45:00+00:00,2372.0
2023-01-15 22:00:00+00:00,35338.0
2023-01-15 22:15:00+00:00,2908.0
2023-01-15 22:30:00+00:00,3488.0
2023-01-15 22:45:00+00:00,3447.0
2023-01-15 23:00:00+00:00,34729.0
2023-01-15 23:15:00+00:00,3214.0
2023-01-15 23:30:00+00:00,3036.0
2023-01-15 23:45:00+00:00,2960.0
2023-01-16 00:00:00+00:00,34395.0
2023-01-16 00:15:00+00:00,2750.0
2023-01-16 00:30:00+00:00,2428.0
2023-01-16 00:45:00+00:00,2011.0
2023-01-16 01:00:00+00:00,31939.0
2023-01-16 01:15:00+00:00,3332.0
2023-01-16 01:30:00+00:00,3599.0
2023-01-16 01:45:00+00:00,3126.0
2023-01-16 02:00:00+00:00,29876.0
2023-01-16 02:15:00+00:00,2531.0
2023-01-16 02:30:00+00:00,2361.0
2023-01-16 02:45:00+00:00,2132.0
2023-01-16 03:00:00+00:00,23887.0
2023-01-16 03:15:00+00:00,2320.0
2023-01-16 03:30:00+00:00,2567.0
2023-01-16 03:45:00+00:00,1646.0
2023-01-16 04:00:00+00:00,23728.0
2023-01-16 04:15:00+00:00,2119.0
2023-01-16 04:30:00+00:00,2679.0
2023-01-16 04:45:00+00:00,2723.0
2023-01-16 05:00:00+00:00,14885.0
2023-01-16 05:15:00+00:00,2486.0
2023-01-16 05:30:00+00:00,2624.0
2023-01-16 05:45:00+00:00,1176.0
2023-01-16 06:00:00+00:00,12309.0
2023-01-16 06:15:00+00:00,262.0
2023-01-16 06:30:00+00:00,-266.0
2023-01-16 06:45:00+00:00,-198.0
2023-01-16 07:00:00+00:00,16573.0
2023-01-16 07:15:00+00:00,723.0
2023-01-16 07:30:00+00:00,214.0
2023-01-16 07:45:00+00:00,426.0
2023-01-16 08:00:00+00:00,25847.0
2023-01-16 08:15:00+00:00,544.0
2023-01-16 08:30:00+00:00,1583.0
2023-01-16 08:45:00+00:00,1210.0
2023-01-16 09:00:00+00:00,31465.0
2023-01-16 09:15:00+00:00,1964.0
2023-01-16 09:30:00+00:00,1902.0
2023-01-16 09:45:00+00:00,1643.0
2023-01-16 10:00:00+00:00,32709.0
2023-01-16 10:15:00+00:00,2589.0
2023-01-16 10:30:00+00:00,2987.0
2023-01-16 10:45:00+00:00,2515.0
2023-01-16 11:00:00+00:00,32718.0
2023-01-16 11:15:00+00:00,2045.0
2023-01-16 11:30:00+00:00,2117.0
2023-01-16 11:45:00+00:00,3324.0
2023-01-16 12:00:00+00:00,33138.0
2023-01-16 12:15:00+00:00,2852.0
2023-01-16 12:30:00+00:00,2800.0
2023-01-16 12:45:00+00:00,2196.0
2023-01-16 13:00:00+00:00,32440.0
2023-01-16 13:15:00+00:00,2178.0
2023-01-16 13:30:00+00:00,2408.0
2023-01-16 13:45:00+00:00,2814.0
2023-01-16 14:00:00+00:00,30619.0
2023-01-16 14:15:00+00:00,3021.0
2023-01-16 14:30:00+00:00,2809.0
2023-01-16 14:45:00+00:00,2866.0
2023-01-16 15:00:00+00:00,35969.0
2023-01-16 15:15:00+00:00,2971.0
2023-01-16 15:30:00+00:00,2494.0
2023-01-16 15:45:00+00:00,3268.0
2023-01-16 16:00:00+00:00,38650.0
2023-01-16 16:15:00+00:00,2644.0
2023-01-16 16:30:00+00:00,2916.0
2023-01-16 16:45:00+00:00,2609.0
2023-01-16 17:00:00+00:00,36014.0
2023-01-16 17:15:00+00:00,2880.0
2023-01-16 17:30:00+00:00,3304.0
2023-01-16 17:45:00+00:00,2666.0
2023-01-16 18:00:00+00:00,35446.0
2023-01-16 18:15:00+00:00,2338.0
2023-01-16 18:30:00+00:00,1980.0
2023-01-16 18:45:00+00:00,2090.0
2023-01-16 19:00:00+00:00,34912.0
2023-01-16 19:15:00+00:00,2810.0
2023-01-16 19:30:00+00:00,3464.0
2023-01-16 19:45:00+00:00,3344.0
2023-01-16 20:00:00+00:00,36622.0
2023-01-16 20:15:00+00:00,4166.0
2023-01-16 20:30:00+00:00,3749.0
2023-01-16 20:45:00+00:00,3846.0
2023-01-16 21:00:00+00:00,32568.0
2023-01-16 21:15:00+00:00,3607.0
2023-01-16 21:30:00+00:00,3673.0
2023-01-16 21:45:00+00:00,3660.0
2023-01-16 22:00:00+00:00,39744.0
2023-01-16 22:15:00+00:00,3145.0
2023-01-16 22:30:00+00:00,2909.0
2023-01-16 22:45:00+00:00,2800.0
2023-01-16 23:00:00+00:00,37886.0
2023-01-16 23:15:00+00:00,3030.0
2023-01-16 23:30:00+00:00,2828.0
2023-01-16 23:45:00+00:00,1942.0
2023-01-17 00:00:00+00:00,42483.0
2023-01-17 00:15:00+00:00,2621.0
2023-01-17 00:30:00+00:00,2759.0
2023-01-17 00:45:00+00:00,2336.0
2023-01-17 01:00:00+00:00,43134.0
2023-01-17 01:15:00+00:00,3679.0
2023-01-17 01:30:00+00:00,2668.0
2023-01-17 01:45:00+00:00,2240.0
2023-01-17 02:00:00+00:00,43336.0
2023-01-17 02:15:00+00:00,1562.0
2023-01-17 02:30:00+00:00,2305.0
2023-01-17 02:45:00+00:00,3179.0
2023-01-17 03:00:00+00:00,46717.0
2023-01-17 03:15:00+00:00,3837.0
2023-01-17 03:30:00+00:00,3415.0
2023-01-17 03:45:00+00:00,2891.0
2023-01-17 04:00:00+00:00,43013.0
2023-01-17 04:15:00+00:00,4100.0
2023-01-17 04:30:00+00:00,4917.0
2023-01-17 04:45:00+00:00,5072.0
2023-01-17 05:00:00+00:00,33216.0
2023-01-17 05:15:00+00:00,5047.0
2023-01-17 05:30:00+00:00,5006.0
2023-01-17 05:45:00+00:00,4962.0
2023-01-17 06:00:00+00:00,24338.0
2023-01-17 06:15:00+00:00,5211.0
2023-01-17 06:30:00+00:00,5228.0
2023-01-17 06:45:00+00:00,4991.0
2023-01-17 07:00:00+00:00,17951.0
2023-01-17 07:15:00+00:00,5571.0
2023-01-17 07:30:00+00:00,6383.0
2023-01-17 07:45:00+00:00,5108.0
2023-01-17 08:00:00+00:00,22275.0
2023-01-17 08:15:00+00:00,4174.0
2023-01-17 08:30:00+00:00,4721.0
2023-01-17 08:45:00+00:00,4770.0
2023-01-17 09:00:00+00:00,19316.0
2023-01-17 09:15:00+00:00,3839.0
2023-01-17 09:30:00+00:00,3322.0
2023-01-17 09:45:00+00:00,3440.0
2023-01-17 10:00:00+00:00,21498.0
2023-01-17 10:15:00+00:00,2813.0
2023-01-17 10:30:00+00:00,1882.0
2023-01-17 10:45:00+00:00,3564.0
2023-01-17 11:00:00+00:00,21789.0
2023-01-17 11:15:00+00:00,2956.0
2023-01-17 11:30:00+00:00,2931.0
2023-01-17 11:45:00+00:00,1338.0
2023-01-17 12:00:00+00:00,19624.0
2023-01-17 12:15:00+00:00,644.0
2023-01-17 12:30:00+00:00,-409.0
2023-01-17 12:45:00+00:00,-479.0
2023-01-17 13:00:00+00:00,14351.0
2023-01-17 13:15:00+00:00,228.0
2023-01-17 13:30:00+00:00,367.0
2023-01-17 13:45:00+00:00,-690.0
2023-01-17 14:00:00+00:00,9548.0
2023-01-17 14:15:00+00:00,-2130.0
2023-01-17 14:30:00+00:00,-2479.0
2023-01-17 14:45:00+00:00,-1703.0
2023-01-17 15:00:00+00:00,6077.0
2023-01-17 15:15:00+00:00,-35.0
2023-01-17 15:30:00+00:00,746.0
2023-01-17 15:45:00+00:00,609.0
2023-01-17 16:00:00+00:00,8255.0
2023-01-17 16:15:00+00:00,30.0
2023-01-17 16:30:00+00:00,68.0
2023-01-17 16:45:00+00:00,814.0
2023-01-17 17:00:00+00:00,7732.0
2023-01-17 17:15:00+00:00,643.0
2023-01-17 17:30:00+00:00,343.0
2023-01-17 17:45:00+00:00,781.0
2023-01-17 18:00:00+00:00,4900.0
2023-01-17 18:15:00+00:00,262.0
2023-01-17 18:30:00+00:00,74.0
2023-01-17 18:45:00+00:00,412.0
2023-01-17 19:00:00+00:00,8415.0
2023-01-17 19:15:00+00:00,709.0
2023-01-17 19:30:00+00:00,730.0
2023-01-17 19:45:00+00:00,-179.0
2023-01-17 20:00:00+00:00,11430.0
2023-01-17 20:15:00+00:00,-1351.0
2023-01-17 20:30:00+00:00,-1305.0
2023-01-17 20:45:00+00:00,-1699.0
2023-01-17 21:00:00+00:00,13313.0
2023-01-17 21:15:00+00:00,-1704.0
2023-01-17 21:30:00+00:00,-2453.0
2023-01-17 21:45:00+00:00,-1877.0
2023-01-17 22:00:00+00:00,12496.0
2023-01-17 22:15:00+00:00,-1589.0
2023-01-17 22:30:00+00:00,-66.0
2023-01-17 22:45:00+00:00,-384.0
2023-01-17 23:00:00+00:00,14946.0
2023-01-17 23:15:00+00:00,-239.0
2023-01-17 23:30:00+00:00,-59.0
2023-01-17 23:45:00+00:00,-370.0
2023-01-18 00:00:00+00:00,16861.0
2023-01-18 00:15:00+00:00,-275.0
2023-01-18 00:30:00+00:00,34.0
2023-01-18 00:45:00+00:00,186.0
2023-01-18 01:00:00+00:00,11730.0
2023-01-18 01:15:00+00:00,653.0
2023-01-18 01:30:00+00:00,636.0
2023-01-18 01:45:00+00:00,760.0
2023-01-18 02:00:00+00:00,3870.0
2023-01-18 02:15:00+00:00,-726.0
2023-01-18 02:30:00+00:00,-759.0
2023-01-18 02:45:00+00:00,-783.0
2023-01-18 03:00:00+00:00,2148.0
2023-01-18 03:15:00+00:00,-607.0
2023-01-18 03:30:00+00:00,-771.0
2023-01-18 03:45:00+00:00,-231.0
2023-01-18 04:00:00+00:00,2007.0
2023-01-18 04:15:00+00:00,1859.0
2023-01-18 04:30:00+00:00,3096.0
2023-01-18 04:45:00+00:00,3454.0
2023-01-18 05:00:00+00:00,-2636.0
2023-01-18 05:15:00+00:00,3895.0
2023-01-18 05:30:00+00:00,3458.0
2023-01-18 05:45:00+00:00,2794.0
2023-01-18 06:00:00+00:00,-5177.0
2023-01-18 06:15:00+00:00,1775.0
2023-01-18 06:30:00+00:00,1162.0
2023-01-18 06:45:00+00:00,1220.0
2023-01-18 07:00:00+00:00,-7869.0
2023-01-18 07:15:00+00:00,1338.0
2023-01-18 07:30:00+00:00,-138.0
2023-01-18 07:45:00+00:00,526.0
2023-01-18 08:00:00+00:00,-10097.0
2023-01-18 08:15:00+00:00,1510.0
2023-01-18 08:30:00+00:00,2655.0
2023-01-18 08:45:00+00:00,3395.0
2023-01-18 09:00:00+00:00,-6001.0
2023-01-18 09:15:00+00:00,3922.0
2023-01-18 09:30:00+00:00,3458.0
2023-01-18 09:45:00+00:00,1773.0
2023-01-18 10:00:00+00:00,-12624.0
2023-01-18 10:15:00+00:00,-1175.0
2023-01-18 10:30:00+00:00,-1403.0
2023-01-18 10:45:00+00:00,-1195.0
2023-01-18 11:00:00+00:00,-11102.0
2023-01-18 11:15:00+00:00,-1416.0
2023-01-18 11:30:00+00:00,-1875.0
2023-01-18 11:45:00+00:00,-3212.0
2023-01-18 12:00:00+00:00,-10846.0
2023-01-18 12:15:00+00:00,-3501.0
2023-01-18 12:30:00+00:00,-4176.0
2023-01-18 12:45:00+00:00,-4469.0
2023-01-18 13:00:00+00:00,-9590.0
2023-01-18 13:15:00+00:00,-4031.0
2023-01-18 13:30:00+00:00,-4318.0
2023-01-18 13:45:00+00:00,-4552.0
2023-01-18 14:00:00+00:00,-9858.0
2023-01-18 14:15:00+00:00,-2912.0
2023-01-18 14:30:00+00:00,-2967.0
2023-01-18 14:45:00+00:00,-3396.0
2023-01-18 15:00:00+00:00,-1296.0
2023-01-18 15:15:00+00:00,-1560.0
2023-01-18 15:30:00+00:00,-656.0
2023-01-18 15:45:00+00:00,498.0
2023-01-18 16:00:00+00:00,3639.0
2023-01-18 16:15:00+00:00,2090.0
2023-01-18 16:30:00+00:00,2668.0
2023-01-18 16:45:00+00:00,3070.0
2023-01-18 17:00:00+00:00,8497.0
2023-01-18 17:15:00+00:00,2688.0
2023-01-18 17:30:00+00:00,1573.0
2023-01-18 17:45:00+00:00,2932.0
2023-01-18 18:00:00+00:00,8153.0
2023-01-18 18:15:00+00:00,3693.0
2023-01-18 18:30:00+00:00,3196.0
2023-01-18 18:45:00+00:00,2579.0
2023-01-18 19:00:00+00:00,14825.0
2023-01-18 19:15:00+00:00,2898.0
2023-01-18 19:30:00+00:00,3132.0
2023-01-18 19:45:00+00:00,3005.0
2023-01-18 20:00:00+00:00,20905.0
2023-01-18 20:15:00+00:00,2946.0
2023-01-18 20:30:00+00:00,2879.0
2023-01-18 20:45:00+00:00,2580.0
2023-01-18 21:00:00+00:00,19821.0
2023-01-18 21:15:00+00:00,2279.0
2023-01-18 21:30:00+00:00,2666.0
2023-01-18 21:45:00+00:00,2983.0
2023-01-18 22:00:00+00:00,23325.0
2023-01-18 22:15:00+00:00,1655.0
2023-01-18 22:30:00+00:00,2115.0
2023-01-18 22:45:00+00:00,1816.0
2023-01-18 23:00:00+00:00,21957.0
2023-01-18 23:15:00+00:00,1581.0
2023-01-18 23:30:00+00:00,2357.0
2023-01-18 23:45:00+00:00,2653.0
2023-01-19 00:00:00+00:00,25612.0
2023-01-19 00:15:00+00:00,3477.0
2023-01-19 00:30:00+00:00,3067.0
2023-01-19 00:45:00+00:00,3171.0
2023-01-19 01:00:00+00:00,26645.0
2023-01-19 01:15:00+00:00,2053.0
2023-01-19 01:30:00+00:00,2298.0
2023-01-19 01:45:00+00:00,2298.0
2023-01-19 02:00:00+00:00,26185.0
2023-01-19 02:15:00+00:00,2326.0
2023-01-19 02:30:00+00:00,2338.0
2023-01-19 02:45:00+00:00,2359.0
2023-01-19 03:00:00+00:00,22833.0
2023-01-19 03:15:00+00:00,3123.0
2023-01-19 03:30:00+00:00,2542.0
2023-01-19 03:45:00+00:00,2873.0
2023-01-19 04:00:00+00:00,19680.0
2023-01-19 04:15:00+00:00,3174.0
2023-01-19 04:30:00+00:00,2402.0
2023-01-19 04:45:00+00:00,2049.0
2023-01-19 05:00:00+00:00,15822.0
2023-01-19 05:15:00+00:00,1207.0
2023-01-19 05:30:00+00:00,933.0
2023-01-19 05:45:00+00:00,158.0
2023-01-19 06:00:00+00:00,13380.0
2023-01-19 06:15:00+00:00,-448.0
2023-01-19 06:30:00+00:00,-414.0
2023-01-19 06:45:00+00:00,-549.0
2023-01-19 07:00:00+00:00,13537.0
2023-01-19 07:15:00+00:00,-565.0
2023-01-19 07:30:00+00:00,-27.0
2023-01-19 07:45:00+00:00,607.0
2023-01-19 08:00:00+00:00,14027.0
2023-01-19 08:15:00+00:00,1261.0
2023-01-19 08:30:00+00:00,745.0
2023-01-19 08:45:00+00:00,1426.0
2023-01-19 09:00:00+00:00,10718.0
2023-01-19 09:15:00+00:00,1541.0
2023-01-19 09:30:00+00:00,1553.0
2023-01-19 09:45:00+00:00,1205.0
2023-01-19 10:00:00+00:00,8056.0
2023-01-19 10:15:00+00:00,-381.0
2023-01-19 10:30:00+00:00,-563.0
2023-01-19 10:45:00+00:00,799.0
2023-01-19 11:00:00+00:00,10145.0
2023-01-19 11:15:00+00:00,318.0
2023-01-19 11:30:00+00:00,-841.0
2023-01-19 11:45:00+00:00,-503.0
2023-01-19 12:00:00+00:00,7749.0
2023-01-19 12:15:00+00:00,-688.0
2023-01-19 12:30:00+00:00,-1536.0
2023-01-19 12:45:00+00:00,-999.0
2023-01-19 13:00:00+00:00,7372.0
2023-01-19 13:15:00+00:00,1197.0
2023-01-19 13:30:00+00:00,1983.0
2023-01-19 13:45:00+00:00,1920.0
2023-01-19 14:00:00+00:00,10402.0
2023-01-19 14:15:00+00:00,1918.0
2023-01-19 14:30:00+00:00,2745.0
2023-01-19 14:45:00+00:00,2842.0
2023-01-19 15:00:00+00:00,16044.0
2023-01-19 15:15:00+00:00,2845.0
2023-01-19 15:30:00+00:00,2840.0
2023-01-19 15:45:00+00:00,1762.0
2023-01-19 16:00:00+00:00,8452.0
2023-01-19 16:15:00+00:00,2431.0
2023-01-19 16:30:00+00:00,3205.0
2023-01-19 16:45:00+00:00,3466.0
2023-01-19 17:00:00+00:00,9810.0
2023-01-19 17:15:00+00:00,2979.0
2023-01-19 17:30:00+00:00,2665.0
2023-01-19 17:45:00+00:00,2353.0
2023-01-19 18:00:00+00:00,4283.0
2023-01-19 18:15:00+00:00,1550.0
2023-01-19 18:30:00+00:00,1035.0
2023-01-19 18:45:00+00:00,701.0
2023-01-19 19:00:00+00:00,4786.0
2023-01-19 19:15:00+00:00,1987.0
2023-01-19 19:30:00+00:00,2181.0
2023-01-19 19:45:00+00:00,1976.0
2023-01-19 20:00:00+00:00,7507.0
2023-01-19 20:15:00+00:00,745.0
2023-01-19 20:30:00+00:00,235.0
2023-01-19 20:45:00+00:00,-135.0
2023-01-19 21:00:00+00:00,5870.0
2023-01-19 21:15:00+00:00,-1697.0
2023-01-19 21:30:00+00:00,-1985.0
2023-01-19 21:45:00+00:00,-2144.0
2023-01-19 22:00:00+00:00,6807.0
2023-01-19 22:15:00+00:00,-1672.0
2023-01-19 22:30:00+00:00,-826.0
2023-01-19 22:45:00+00:00,-759.0
2023-01-19 23:00:00+00:00,9753.0
2023-01-19 23:15:00+00:00,-1444.0
2023-01-19 23:30:00+00:00,-917.0
2023-01-19 23:45:00+00:00,-1389.0
2023-01-20 00:00:00+00:00,8066.0
2023-01-20 00:15:00+00:00,-1725.0
2023-01-20 00:30:00+00:00,-1498.0
2023-01-20 00:45:00+00:00,-1717.0
2023-01-20 01:00:00+00:00,6016.0
2023-01-20 01:15:00+00:00,-1185.0
2023-01-20 01:30:00+00:00,-1631.0
2023-01-20 01:45:00+00:00,-1244.0
2023-01-20 02:00:00+00:00,5409.0
2023-01-20 02:15:00+00:00,-1426.0
2023-01-20 02:30:00+00:00,-1734.0
2023-01-20 02:45:00+00:00,-1933.0
2023-01-20 03:00:00+00:00,3359.0
2023-01-20 03:15:00+00:00,-1688.0
2023-01-20 03:30:00+00:00,-2335.0
2023-01-20 03:45:00+00:00,-2257.0
2023-01-20 04:00:00+00:00,-2981.0
2023-01-20 04:15:00+00:00,-3975.0
2023-01-20 04:30:00+00:00,-3523.0
2023-01-20 04:45:00+00:00,-2325.0
2023-01-20 05:00:00+00:00,-10733.0
2023-01-20 05:15:00+00:00,-2172.0
2023-01-20 05:30:00+00:00,-1976.0
2023-01-20 05:45:00+00:00,-1404.0
2023-01-20 06:00:00+00:00,-16144.0
2023-01-20 06:15:00+00:00,-618.0
2023-01-20 06:30:00+00:00,-1223.0
2023-01-20 06:45:00+00:00,-1588.0
2023-01-20 07:00:00+00:00,-11353.0
2023-01-20 07:15:00+00:00,-1940.0
2023-01-20 07:30:00+00:00,-2054.0
2023-01-20 07:45:00+00:00,-2331.0
2023-01-20 08:00:00+00:00,-10597.0
2023-01-20 08:15:00+00:00,-1922.0
2023-01-20 08:30:00+00:00,-2218.0
2023-01-20 08:45:00+00:00,-2303.0
2023-01-20 09:00:00+00:00,-17268.0
2023-01-20 09:15:00+00:00,-2512.0
2023-01-20 09:30:00+00:00,-2099.0
2023-01-20 09:45:00+00:00,-759.0
2023-01-20 10:00:00+00:00,-20233.0
2023-01-20 10:15:00+00:00,158.0
2023-01-20 10:30:00+00:00,-462.0
2023-01-20 10:45:00+00:00,-150.0
2023-01-20 11:00:00+00:00,-21562.0
2023-01-20 11:15:00+00:00,-671.0
2023-01-20 11:30:00+00:00,-685.0
2023-01-20 11:45:00+00:00,-275.0
2023-01-20 12:00:00+00:00,-22083.0
2023-01-20 12:15:00+00:00,126.0
2023-01-20 12:30:00+00:00,-277.0
2023-01-20 12:45:00+00:00,57.0
2023-01-20 13:00:00+00:00,-23373.0
2023-01-20 13:15:00+00:00,236.0
2023-01-20 13:30:00+00:00,1253.0
2023-01-20 13:45:00+00:00,447.0
2023-01-20 14:00:00+00:00,-24465.0
2023-01-20 14:15:00+00:00,-1037.0
2023-01-20 14:30:00+00:00,-874.0
2023-01-20 14:45:00+00:00,-488.0
2023-01-20 15:00:00+00:00,-24206.0
2023-01-20 15:15:00+00:00,-104.0
2023-01-20 15:30:00+00:00,-443.0
2023-01-20 15:45:00+00:00,-393.0
2023-01-20 16:00:00+00:00,-18753.0
2023-01-20 16:15:00+00:00,-757.0
2023-01-20 16:30:00+00:00,-276.0
2023-01-20 16:45:00+00:00,-162.0
2023-01-20 17:00:00+00:00,-16382.0
2023-01-20 17:15:00+00:00,-1226.0
2023-01-20 17:30:00+00:00,-956.0
2023-01-20 17:45:00+00:00,-1408.0
2023-01-20 18:00:00+00:00,-19258.0
2023-01-20 18:15:00+00:00,-2232.0
2023-01-20 18:30:00+00:00,-2490.0
2023-01-20 18:45:00+00:00,-2441.0
2023-01-20 19:00:00+00:00,-15857.0
2023-01-20 19:15:00+00:00,-1603.0
2023-01-20 19:30:00+00:00,-838.0
2023-01-20 19:45:00+00:00,-866.0
2023-01-20 20:00:00+00:00,-6212.0
2023-01-20 20:15:00+00:00,-53.0
2023-01-20 20:30:00+00:00,826.0
2023-01-20 20:45:00+00:00,1725.0
2023-01-20 21:00:00+00:00,-1331.0
2023-01-20 21:15:00+00:00,698.0
2023-01-20 21:30:00+00:00,178.0
2023-01-20 21:45:00+00:00,60.0
2023-01-20 22:00:00+00:00,-440.0
2023-01-20 22:15:00+00:00,199.0
2023-01-20 22:30:00+00:00,1492.0
2023-01-20 22:45:00+00:00,2197.0
2023-01-20 23:00:00+00:00,8596.0
2023-01-20 23:15:00+00:00,1762.0
2023-01-20 23:30:00+00:00,1693.0
2023-01-20 23:45:00+00:00,1361.0
2023-01-21 00:00:00+00:00,13305.0
2023-01-21 00:15:00+00:00,1074.0
2023-01-21 00:30:00+00:00,759.0
2023-01-21 00:45:00+00:00,115.0
2023-01-21 01:00:00+00:00,17216.0
2023-01-21 01:15:00+00:00,1384.0
2023-01-21 01:30:00+00:00,2286.0
2023-01-21 01:45:00+00:00,2425.0
2023-01-21 02:00:00+00:00,22351.0
2023-01-21 02:15:00+00:00,2182.0
2023-01-21 02:30:00+00:00,2769.0
2023-01-21 02:45:00+00:00,2500.0
2023-01-21 03:00:00+00:00,22324.0
2023-01-21 03:15:00+00:00,1544.0
2023-01-21 03:30:00+00:00,1601.0
2023-01-21 03:45:00+00:00,1522.0
2023-01-21 04:00:00+00:00,24809.0
2023-01-21 04:15:00+00:00,1383.0
2023-01-21 04:30:00+00:00,2316.0
2023-01-21 04:45:00+00:00,2628.0
2023-01-21 05:00:00+00:00,27338.0
2023-01-21 05:15:00+00:00,1764.0
2023-01-21 05:30:00+00:00,998.0
2023-01-21 05:45:00+00:00,1289.0
2023-01-21 06:00:00+00:00,24529.0
2023-01-21 06:15:00+00:00,2005.0
2023-01-21 06:30:00+00:00,1614.0
2023-01-21 06:45:00+00:00,1965.0
2023-01-21 07:00:00+00:00,20995.0
2023-01-21 07:15:00+00:00,2560.0
2023-01-21 07:30:00+00:00,3151.0
2023-01-21 07:45:00+00:00,2732.0
2023-01-21 08:00:00+00:00,18136.0
2023-01-21 08:15:00+00:00,2194.0
2023-01-21 08:30:00+00:00,2832.0
2023-01-21 08:45:00+00:00,1244.0
2023-01-21 09:00:00+00:00,15542.0
2023-01-21 09:15:00+00:00,1108.0
2023-01-21 09:30:00+00:00,1338.0
2023-01-21 09:45:00+00:00,519.0
2023-01-21 10:00:00+00:00,10396.0
2023-01-21 10:15:00+00:00,-652.0
2023-01-21 10:30:00+00:00,-269.0
2023-01-21 10:45:00+00:00,615.0
2023-01-21 11:00:00+00:00,13132.0
2023-01-21 11:15:00+00:00,1001.0
2023-01-21 11:30:00+00:00,1083.0
2023-01-21 11:45:00+00:00,908.0
2023-01-21 12:00:00+00:00,15890.0
2023-01-21 12:15:00+00:00,1590.0
2023-01-21 12:30:00+00:00,1230.0
2023-01-21 12:45:00+00:00,1794.0
2023-01-21 13:00:00+00:00,17404.0
2023-01-21 13:15:00+00:00,2677.0
2023-01-21 13:30:00+00:00,2636.0
2023-01-21 13:45:00+00:00,3042.0
2023-01-21 14:00:00+00:00,26554.0
2023-01-21 14:15:00+00:00,1939.0
2023-01-21 14:30:00+00:00,2588.0
2023-01-21 14:45:00+00:00,2970.0
2023-01-21 15:00:00+00:00,30328.0
2023-01-21 15:15:00+00:00,3041.0
2023-01-21 15:30:00+00:00,3117.0
2023-01-21 15:45:00+00:00,1877.0
2023-01-21 16:00:00+00:00,26436.0
2023-01-21 16:15:00+00:00,1275.0
2023-01-21 16:30:00+00:00,1957.0
2023-01-21 16:45:00+00:00,2311.0
2023-01-21 17:00:00+00:00,28534.0
2023-01-21 17:15:00+00:00,1866.0
2023-01-21 17:30:00+00:00,1790.0
2023-01-21 17:45:00+00:00,3599.0
2023-01-21 18:00:00+00:00,28900.0
2023-01-21 18:15:00+00:00,3325.0
2023-01-21 18:30:00+00:00,2584.0
2023-01-21 18:45:00+00:00,2439.0
2023-01-21 19:00:00+00:00,30195.0
2023-01-21 19:15:00+00:00,2974.0
2023-01-21 19:30:00+00:00,3910.0
2023-01-21 19:45:00+00:00,4851.0
2023-01-21 20:00:00+00:00,34979.0
2023-01-21 20:15:00+00:00,4055.0
2023-01-21 20:30:00+00:00,2918.0
2023-01-21 20:45:00+00:00,3285.0
2023-01-21 21:00:00+00:00,34819.0
2023-01-21 21:15:00+00:00,3853.0
2023-01-21 21:30:00+00:00,2794.0
2023-01-21 21:45:00+00:00,1929.0
2023-01-21 22:00:00+00:00,33065.0
2023-01-21 22:15:00+00:00,2045.0
2023-01-21 22:30:00+00:00,2486.0
2023-01-21 22:45:00+00:00,2265.0
2023-01-21 23:00:00+00:00,32741.0
2023-01-21 23:15:00+00:00,1749.0
2023-01-21 23:30:00+00:00,1929.0
2023-01-21 23:45:00+00:00,1157.0
2023-01-22 00:00:00+00:00,31588.0
2023-01-22 00:15:00+00:00,523.0
2023-01-22 00:30:00+00:00,-456.0
2023-01-22 00:45:00+00:00,-2311.0
2023-01-22 01:00:00+00:00,24860.0
2023-01-22 01:15:00+00:00,-4884.0
2023-01-22 01:30:00+00:00,-6089.0
2023-01-22 01:45:00+00:00,-5615.0
2023-01-22 02:00:00+00:00,22629.0
2023-01-22 02:15:00+00:00,-6249.0
2023-01-22 02:30:00+00:00,-5823.0
2023-01-22 02:45:00+00:00,-5034.0
2023-01-22 03:00:00+00:00,25031.0
2023-01-22 03:15:00+00:00,-3076.0
2023-01-22 03:30:00+00:00,-2426.0
2023-01-22 03:45:00+00:00,-1374.0
2023-01-22 04:00:00+00:00,27570.0
2023-01-22 04:15:00+00:00,1173.0
2023-01-22 04:30:00+00:00,1804.0
2023-01-22 04:45:00+00:00,1806.0
2023-01-22 05:00:00+00:00,31854.0
2023-01-22 05:15:00+00:00,1918.0
2023-01-22 05:30:00+00:00,706.0
2023-01-22 05:45:00+00:00,784.0
2023-01-22 06:00:00+00:00,31418.0
2023-01-22 06:15:00+00:00,100.0
2023-01-22 06:30:00+00:00,-531.0
2023-01-22 06:45:00+00:00,991.0
2023-01-22 07:00:00+00:00,29503.0
2023-01-22 07:15:00+00:00,1528.0
2023-01-22 07:30:00+00:00,871.0
2023-01-22 07:45:00+00:00,2350.0
2023-01-22 08:00:00+00:00,25575.0
2023-01-22 08:15:00+00:00,2674.0
2023-01-22 08:30:00+00:00,2616.0
2023-01-22 08:45:00+00:00,2970.0
2023-01-22 09:00:00+00:00,20675.0
2023-01-22 09:15:00+00:00,3281.0
2023-01-22 09:30:00+00:00,2819.0
2023-01-22 09:45:00+00:00,2510.0
2023-01-22 10:00:00+00:00,16440.0
2023-01-22 10:15:00+00:00,3201.0
2023-01-22 10:30:00+00:00,3818.0
2023-01-22 10:45:00+00:00,4072.0
2023-01-22 11:00:00+00:00,15074.0
2023-01-22 11:15:00+00:00,3109.0
2023-01-22 11:30:00+00:00,1318.0
2023-01-22 11:45:00+00:00,740.0
2023-01-22 12:00:00+00:00,13506.0
2023-01-22 12:15:00+00:00,-22.0
2023-01-22 12:30:00+00:00,-195.0
2023-01-22 12:45:00+00:00,-41.0
2023-01-22 13:00:00+00:00,14841.0
2023-01-22 13:15:00+00:00,525.0
2023-01-22 13:30:00+00:00,-560.0
2023-01-22 13:45:00+00:00,-454.0
2023-01-22 14:00:00+00:00,13705.0
2023-01-22 14:15:00+00:00,445.0
2023-01-22 14:30:00+00:00,-90.0
2023-01-22 14:45:00+00:00,-1043.0
2023-01-22 15:00:00+00:00,13144.0
2023-01-22 15:15:00+00:00,-1429.0
2023-01-22 15:30:00+00:00,-932.0
2023-01-22 15:45:00+00:00,-2256.0
2023-01-22 16:00:00+00:00,11963.0
2023-01-22 16:15:00+00:00,-1316.0
2023-01-22 16:30:00+00:00,-273.0
2023-01-22 16:45:00+00:00,462.0
2023-01-22 17:00:00+00:00,12071.0
2023-01-22 17:15:00+00:00,716.0
2023-01-22 17:30:00+00:00,811.0
2023-01-22 17:45:00+00:00,1295.0
2023-01-22 18:00:00+00:00,10797.0
2023-01-22 18:15:00+00:00,1641.0
2023-01-22 18:30:00+00:00,1003.0
2023-01-22 18:45:00+00:00,2118.0
2023-01-22 19:00:00+00:00,12831.0
2023-01-22 19:15:00+00:00,1678.0
2023-01-22 19:30:00+00:00,499.0
2023-01-22 19:45:00+00:00,-332.0
2023-01-22 20:00:00+00:00,10850.0
2023-01-22 20:15:00+00:00,-2301.0
2023-01-22 20:30:00+00:00,-1828.0
2023-01-22 20:45:00+00:00,-1770.0
2023-01-22 21:00:00+00:00,7688.0
2023-01-22 21:15:00+00:00,-130.0
2023-01-22 21:30:00+00:00,673.0
2023-01-22 21:45:00+00:00,-853.0
2023-01-22 22:00:00+00:00,6753.0
2023-01-22 22:15:00+00:00,-367.0
2023-01-22 22:30:00+00:00,475.0
2023-01-22 22:45:00+00:00,152.0
2023-01-22 23:00:00+00:00,7794.0
2023-01-22 23:15:00+00:00,334.0
2023-01-22 23:30:00+00:00,1210.0
2023-01-22 23:45:00+00:00,1222.0
2023-01-23 00:00:00+00:00,9852.0
2023-01-23 00:15:00+00:00,916.0
2023-01-23 00:30:00+00:00,720.0
2023-01-23 00:45:00+00:00,779.0
2023-01-23 01:00:00+00:00,10362.0
2023-01-23 01:15:00+00:00,2886.0
2023-01-23 01:30:00+00:00,2764.0
2023-01-23 01:45:00+00:00,1849.0
2023-01-23 02:00:00+00:00,7479.0
2023-01-23 02:15:00+00:00,1432.0
2023-01-23 02:30:00+00:00,1929.0
2023-01-23 02:45:00+00:00,2553.0
2023-01-23 03:00:00+00:00,10384.0
2023-01-23 03:15:00+00:00,3004.0
2023-01-23 03:30:00+00:00,2465.0
2023-01-23 03:45:00+00:00,2060.0
2023-01-23 04:00:00+00:00,5380.0
2023-01-23 04:15:00+00:00,2716.0
2023-01-23 04:30:00+00:00,3342.0
2023-01-23 04:45:00+00:00,2797.0
2023-01-23 05:00:00+00:00,-3824.0
2023-01-23 05:15:00+00:00,214.0
2023-01-23 05:30:00+00:00,-614.0
2023-01-23 05:45:00+00:00,-532.0
2023-01-23 06:00:00+00:00,-15059.0
2023-01-23 06:15:00+00:00,-1772.0
2023-01-23 06:30:00+00:00,-1972.0
2023-01-23 06:45:00+00:00,-1482.0
2023-01-23 07:00:00+00:00,-9846.0
2023-01-23 07:15:00+00:00,-1341.0
2023-01-23 07:30:00+00:00,-2142.0
2023-01-23 07:45:00+00:00,-2685.0
2023-01-23 08:00:00+00:00,-10489.0
2023-01-23 08:15:00+00:00,-2653.0
2023-01-23 08:30:00+00:00,-2381.0
2023-01-23 08:45:00+00:00,-2735.0
2023-01-23 09:00:00+00:00,-8444.0
2023-01-23 09:15:00+00:00,-2514.0
2023-01-23 09:30:00+00:00,-2296.0
2023-01-23 09:45:00+00:00,-2195.0
2023-01-23 10:00:00+00:00,-11177.0
2023-01-23 10:15:00+00:00,-1160.0
2023-01-23 10:30:00+00:00,-791.0
2023-01-23 10:45:00+00:00,-957.0
2023-01-23 11:00:00+00:00,-18816.0
2023-01-23 11:15:00+00:00,-1396.0
2023-01-23 11:30:00+00:00,-1297.0
2023-01-23 11:45:00+00:00,-1586.0
2023-01-23 12:00:00+00:00,-22159.0
2023-01-23 12:15:00+00:00,-2299.0
2023-01-23 12:30:00+00:00,-2161.0
2023-01-23 12:45:00+00:00,-1573.0
2023-01-23 13:00:00+00:00,-13884.0
2023-01-23 13:15:00+00:00,-501.0
2023-01-23 13:30:00+00:00,-583.0
2023-01-23 13:45:00+00:00,-179.0
2023-01-23 14:00:00+00:00,-11964.0
2023-01-23 14:15:00+00:00,-340.0
2023-01-23 14:30:00+00:00,-155.0
2023-01-23 14:45:00+00:00,-310.0
2023-01-23 15:00:00+00:00,-4921.0
2023-01-23 15:15:00+00:00,87.0
2023-01-23 15:30:00+00:00,105.0
2023-01-23 15:45:00+00:00,281.0
2023-01-23 16:00:00+00:00,432.0
2023-01-23 16:15:00+00:00,2443.0
2023-01-23 16:30:00+00:00,2553.0
2023-01-23 16:45:00+00:00,2212.0
2023-01-23 17:00:00+00:00,2164.0
2023-01-23 17:15:00+00:00,878.0
2023-01-23 17:30:00+00:00,831.0
2023-01-23 17:45:00+00:00,840.0
2023-01-23 18:00:00+00:00,-1322.0
2023-01-23 18:15:00+00:00,-754.0
2023-01-23 18:30:00+00:00,-1581.0
2023-01-23 18:45:00+00:00,-2095.0
2023-01-23 19:00:00+00:00,-299.0
2023-01-23 19:15:00+00:00,-1235.0
2023-01-23 19:30:00+00:00,-1157.0
2023-01-23 19:45:00+00:00,-624.0
2023-01-23 20:00:00+00:00,4617.0
2023-01-23 20:15:00+00:00,804.0
2023-01-23 20:30:00+00:00,1195.0
2023-01-23 20:45:00+00:00,2266.0
2023-01-23 21:00:00+00:00,6745.0
2023-01-23 21:15:00+00:00,3098.0
2023-01-23 21:30:00+00:00,2098.0
2023-01-23 21:45:00+00:00,810.0
2023-01-23 22:00:00+00:00,6531.0
2023-01-23 22:15:00+00:00,813.0
2023-01-23 22:30:00+00:00,1348.0
2023-01-23 22:45:00+00:00,591.0
2023-01-23 23:00:00+00:00,2473.0
2023-01-23 23:15:00+00:00,-167.0
2023-01-23 23:30:00+00:00,-217.0
2023-01-23 23:45:00+00:00,-898.0
2023-01-24 00:00:00+00:00,896.0
2023-01-24 00:15:00+00:00,-1751.0
2023-01-24 00:30:00+00:00,-2463.0
2023-01-24 00:45:00+00:00,-1672.0
2023-01-24 01:00:00+00:00,2029.0
2023-01-24 01:15:00+00:00,-748.0
2023-01-24 01:30:00+00:00,-374.0
2023-01-24 01:45:00+00:00,1763.0
2023-01-24 02:00:00+00:00,2520.0
2023-01-24 02:15:00+00:00,1994.0
2023-01-24 02:30:00+00:00,1287.0
2023-01-24 02:45:00+00:00,565.0
2023-01-24 03:00:00+00:00,-2200.0
2023-01-24 03:15:00+00:00,602.0
2023-01-24 03:30:00+00:00,243.0
2023-01-24 03:45:00+00:00,-341.0
2023-01-24 04:00:00+00:00,-6457.0
2023-01-24 04:15:00+00:00,-1696.0
2023-01-24 04:30:00+00:00,-1049.0
2023-01-24 04:45:00+00:00,-744.0
2023-01-24 05:00:00+00:00,-8828.0
2023-01-24 05:15:00+00:00,-2202.0
2023-01-24 05:30:00+00:00,-2435.0
2023-01-24 05:45:00+00:00,-2799.0
2023-01-24 06:00:00+00:00,-20159.0
2023-01-24 06:15:00+00:00,-3201.0
2023-01-24 06:30:00+00:00,-2856.0
2023-01-24 06:45:00+00:00,-2678.0
2023-01-24 07:00:00+00:00,-17387.0
2023-01-24 07:15:00+00:00,-1105.0
2023-01-24 07:30:00+00:00,23.0
2023-01-24 07:45:00+00:00,766.0
2023-01-24 08:00:00+00:00,-14754.0
2023-01-24 08:15:00+00:00,473.0
2023-01-24 08:30:00+00:00,-59.0
2023-01-24 08:45:00+00:00,-376.0
2023-01-24 09:00:00+00:00,-16803.0
2023-01-24 09:15:00+00:00,119.0
2023-01-24 09:30:00+00:00,-590.0
2023-01-24 09:45:00+00:00,-1220.0
2023-01-24 10:00:00+00:00,-17118.0
2023-01-24 10:15:00+00:00,-1512.0
2023-01-24 10:30:00+00:00,-1825.0
2023-01-24 10:45:00+00:00,-2052.0
2023-01-24 11:00:00+00:00,-25935.0
2023-01-24 11:15:00+00:00,-1431.0
2023-01-24 11:30:00+00:00,-1991.0
2023-01-24 11:45:00+00:00,-2295.0
2023-01-24 12:00:00+00:00,-24465.0
2023-01-24 12:15:00+00:00,-2691.0
2023-01-24 12:30:00+00:00,-2390.0
2023-01-24 12:45:00+00:00,-2114.0
2023-01-24 13:00:00+00:00,-21293.0
2023-01-24 13:15:00+00:00,-324.0
2023-01-24 13:30:00+00:00,-57.0
2023-01-24 13:45:00+00:00,1107.0
2023-01-24 14:00:00+00:00,-17614.0
2023-01-24 14:15:00+00:00,2158.0
2023-01-24 14:30:00+00:00,2876.0
2023-01-24 14:45:00+00:00,2407.0
2023-01-24 15:00:00+00:00,-16142.0
2023-01-24 15:15:00+00:00,2610.0
2023-01-24 15:30:00+00:00,947.0
2023-01-24 15:45:00+00:00,788.0
2023-01-24 16:00:00+00:00,-16429.0
2023-01-24 16:15:00+00:00,-21.0
2023-01-24 16:30:00+00:00,309.0
2023-01-24 16:45:00+00:00,269.0
2023-01-24 17:00:00+00:00,-15616.0
2023-01-24 17:15:00+00:00,-332.0
2023-01-24 17:30:00+00:00,99.0
2023-01-24 17:45:00+00:00,8.0
2023-01-24 18:00:00+00:00,-17358.0
2023-01-24 18:15:00+00:00,-536.0
2023-01-24 18:30:00+00:00,-646.0
2023-01-24 18:45:00+00:00,-258.0
2023-01-24 19:00:00+00:00,-16873.0
2023-01-24 19:15:00+00:00,692.0
2023-01-24 19:30:00+00:00,1733.0
2023-01-24 19:45:00+00:00,3086.0
2023-01-24 20:00:00+00:00,-8946.0
2023-01-24 20:15:00+00:00,3124.0
2023-01-24 20:30:00+00:00,2799.0
2023-01-24 20:45:00+00:00,2285.0
2023-01-24 21:00:00+00:00,-6214.0
2023-01-24 21:15:00+00:00,1263.0
2023-01-24 21:30:00+00:00,706.0
2023-01-24 21:45:00+00:00,96.0
2023-01-24 22:00:00+00:00,-8306.0
2023-01-24 22:15:00+00:00,1354.0
2023-01-24 22:30:00+00:00,2633.0
2023-01-24 22:45:00+00:00,2500.0
2023-01-24 23:00:00+00:00,-607.0
2023-01-24 23:15:00+00:00,3150.0
2023-01-24 23:30:00+00:00,1478.0
2023-01-24 23:45:00+00:00,1139.0
2023-01-25 00:00:00+00:00,-1099.0
2023-01-25 00:15:00+00:00,1168.0
2023-01-25 00:30:00+00:00,1064.0
2023-01-25 00:45:00+00:00,1836.0
2023-01-25 01:00:00+00:00,-531.0
2023-01-25 01:15:00+00:00,3801.0
2023-01-25 01:30:00+00:00,4455.0
2023-01-25 01:45:00+00:00,4253.0
2023-01-25 02:00:00+00:00,904.0
2023-01-25 02:15:00+00:00,4173.0
2023-01-25 02:30:00+00:00,3611.0
2023-01-25 02:45:00+00:00,2374.0
2023-01-25 03:00:00+00:00,-3228.0
2023-01-25 03:15:00+00:00,2772.0
2023-01-25 03:30:00+00:00,2428.0
2023-01-25 03:45:00+00:00,2186.0
2023-01-25 04:00:00+00:00,-8175.0
2023-01-25 04:15:00+00:00,3115.0
2023-01-25 04:30:00+00:00,3538.0
2023-01-25 04:45:00+00:00,3006.0
2023-01-25 05:00:00+00:00,-13344.0
2023-01-25 05:15:00+00:00,1925.0
2023-01-25 05:30:00+00:00,1154.0
2023-01-25 05:45:00+00:00,799.0
2023-01-25 06:00:00+00:00,-17987.0
2023-01-25 06:15:00+00:00,291.0
2023-01-25 06:30:00+00:00,-66.0
2023-01-25 06:45:00+00:00,-224.0
2023-01-25 07:00:00+00:00,-14380.0
2023-01-25 07:15:00+00:00,-542.0
2023-01-25 07:30:00+00:00,-511.0
2023-01-25 07:45:00+00:00,299.0
2023-01-25 08:00:00+00:00,-11630.0
2023-01-25 08:15:00+00:00,1302.0
2023-01-25 08:30:00+00:00,1484.0
2023-01-25 08:45:00+00:00,660.0
2023-01-25 09:00:00+00:00,-12379.0
2023-01-25 09:15:00+00:00,541.0
2023-01-25 09:30:00+00:00,-29.0
2023-01-25 09:45:00+00:00,-527.0
2023-01-25 10:00:00+00:00,-14970.0
2023-01-25 10:15:00+00:00,-637.0
2023-01-25 10:30:00+00:00,509.0
2023-01-25 10:45:00+00:00,-183.0
2023-01-25 11:00:00+00:00,-16860.0
2023-01-25 11:15:00+00:00,-1198.0
2023-01-25 11:30:00+00:00,-2117.0
2023-01-25 11:45:00+00:00,-2173.0
2023-01-25 12:00:00+00:00,-19677.0
2023-01-25 12:15:00+00:00,-2212.0
2023-01-25 12:30:00+00:00,-2439.0
2023-01-25 12:45:00+00:00,-2477.0
2023-01-25 13:00:00+00:00,-17307.0
2023-01-25 13:15:00+00:00,-1921.0
2023-01-25 13:30:00+00:00,-1690.0
2023-01-25 13:45:00+00:00,657.0
2023-01-25 14:00:00+00:00,-9218.0
2023-01-25 14:15:00+00:00,2926.0
2023-01-25 14:30:00+00:00,2809.0
2023-01-25 14:45:00+00:00,2785.0
2023-01-25 15:00:00+00:00,-8375.0
2023-01-25 15:15:00+00:00,2202.0
2023-01-25 15:30:00+00:00,1968.0
2023-01-25 15:45:00+00:00,1223.0
2023-01-25 16:00:00+00:00,-13137.0
2023-01-25 16:15:00+00:00,-242.0
2023-01-25 16:30:00+00:00,612.0
2023-01-25 16:45:00+00:00,888.0
2023-01-25 17:00:00+00:00,-12896.0
2023-01-25 17:15:00+00:00,2111.0
2023-01-25 17:30:00+00:00,1185.0
2023-01-25 17:45:00+00:00,1439.0
2023-01-25 18:00:00+00:00,-15623.0
2023-01-25 18:15:00+00:00,1482.0
2023-01-25 18:30:00+00:00,1063.0
2023-01-25 18:45:00+00:00,1274.0
2023-01-25 19:00:00+00:00,-10965.0
2023-01-25 19:15:00+00:00,2354.0
2023-01-25 19:30:00+00:00,3234.0
2023-01-25 19:45:00+00:00,4038.0
2023-01-25 20:00:00+00:00,2177.0
2023-01-25 20:15:00+00:00,7534.0
2023-01-25 20:30:00+00:00,7388.0
2023-01-25 20:45:00+00:00,7265.0
2023-01-25 21:00:00+00:00,7617.0
2023-01-25 21:15:00+00:00,7559.0
2023-01-25 21:30:00+00:00,5464.0
2023-01-25 21:45:00+00:00,4327.0
2023-01-25 22:00:00+00:00,5479.0
2023-01-25 22:15:00+00:00,2771.0
2023-01-25 22:30:00+00:00,3950.0
2023-01-25 22:45:00+00:00,4599.0
2023-01-25 23:00:00+00:00,5129.0
2023-01-25 23:15:00+00:00,3838.0
2023-01-25 23:30:00+00:00,4927.0
2023-01-25 23:45:00+00:00,4909.0
2023-01-26 00:00:00+00:00,6706.0
2023-01-26 00:15:00+00:00,4128.0
2023-01-26 00:30:00+00:00,4089.0
2023-01-26 00:45:00+00:00,3149.0
2023-01-26 01:00:00+00:00,2893.0
2023-01-26 01:15:00+00:00,2260.0
2023-01-26 01:30:00+00:00,1892.0
2023-01-26 01:45:00+00:00,2253.0
2023-01-26 02:00:00+00:00,197.0
2023-01-26 02:15:00+00:00,3561.0
2023-01-26 02:30:00+00:00,4187.0
2023-01-26 02:45:00+00:00,4144.0
2023-01-26 03:00:00+00:00,-1947.0
2023-01-26 03:15:00+00:00,4864.0
2023-01-26 03:30:00+00:00,5076.0
2023-01-26 03:45:00+00:00,3449.0
2023-01-26 04:00:00+00:00,-6876.0
2023-01-26 04:15:00+00:00,-471.0
2023-01-26 04:30:00+00:00,-1279.0
2023-01-26 04:45:00+00:00,-1909.0
2023-01-26 05:00:00+00:00,-16479.0
2023-01-26 05:15:00+00:00,-1781.0
2023-01-26 05:30:00+00:00,-2169.0
2023-01-26 05:45:00+00:00,-2355.0
2023-01-26 06:00:00+00:00,-24123.0
2023-01-26 06:15:00+00:00,-1233.0
2023-01-26 06:30:00+00:00,-89.0
2023-01-26 06:45:00+00:00,529.0
2023-01-26 07:00:00+00:00,-20803.0
2023-01-26 07:15:00+00:00,2465.0
2023-01-26 07:30:00+00:00,3504.0
2023-01-26 07:45:00+00:00,3059.0
2023-01-26 08:00:00+00:00,-17998.0
2023-01-26 08:15:00+00:00,1982.0
2023-01-26 08:30:00+00:00,2034.0
2023-01-26 08:45:00+00:00,2091.0
2023-01-26 09:00:00+00:00,-22073.0
2023-01-26 09:15:00+00:00,524.0
2023-01-26 09:30:00+00:00,238.0
2023-01-26 09:45:00+00:00,613.0
2023-01-26 10:00:00+00:00,-24331.0
2023-01-26 10:15:00+00:00,-131.0
2023-01-26 10:30:00+00:00,478.0
2023-01-26 10:45:00+00:00,-145.0
2023-01-26 11:00:00+00:00,-27090.0
2023-01-26 11:15:00+00:00,633.0
2023-01-26 11:30:00+00:00,1111.0
2023-01-26 11:45:00+00:00,1672.0
2023-01-26 12:00:00+00:00,-25774.0
2023-01-26 12:15:00+00:00,1451.0
2023-01-26 12:30:00+00:00,811.0
2023-01-26 12:45:00+00:00,1262.0
2023-01-26 13:00:00+00:00,-21811.0
2023-01-26 13:15:00+00:00,1373.0
2023-01-26 13:30:00+00:00,1995.0
2023-01-26 13:45:00+00:00,2174.0
2023-01-26 14:00:00+00:00,-20047.0
2023-01-26 14:15:00+00:00,1407.0
2023-01-26 14:30:00+00:00,1586.0
2023-01-26 14:45:00+00:00,1824.0
2023-01-26 15:00:00+00:00,-15510.0
2023-01-26 15:15:00+00:00,1980.0
2023-01-26 15:30:00+00:00,619.0
2023-01-26 15:45:00+00:00,-48.0
2023-01-26 16:00:00+00:00,-17766.0
2023-01-26 16:15:00+00:00,1035.0
2023-01-26 16:30:00+00:00,1138.0
2023-01-26 16:45:00+00:00,1217.0
2023-01-26 17:00:00+00:00,-10788.0
2023-01-26 17:15:00+00:00,726.0
2023-01-26 17:30:00+00:00,183.0
2023-01-26 17:45:00+00:00,-516.0
2023-01-26 18:00:00+00:00,-8569.0
2023-01-26 18:15:00+00:00,-1825.0
2023-01-26 18:30:00+00:00,-2127.0
2023-01-26 18:45:00+00:00,-1560.0
2023-01-26 19:00:00+00:00,-840.0
2023-01-26 19:15:00+00:00,-1117.0
2023-01-26 19:30:00+00:00,-156.0
2023-01-26 19:45:00+00:00,352.0
2023-01-26 20:00:00+00:00,7278.0
2023-01-26 20:15:00+00:00,733.0
2023-01-26 20:30:00+00:00,101.0
2023-01-26 20:45:00+00:00,423.0
2023-01-26 21:00:00+00:00,5694.0
2023-01-26 21:15:00+00:00,33.0
2023-01-26 21:30:00+00:00,-1075.0
2023-01-26 21:45:00+00:00,-1701.0
2023-01-26 22:00:00+00:00,1992.0
2023-01-26 22:15:00+00:00,-1949.0
2023-01-26 22:30:00+00:00,-1352.0
2023-01-26 22:45:00+00:00,-1675.0
2023-01-26 23:00:00+00:00,7576.0
2023-01-26 23:15:00+00:00,-1996.0
2023-01-26 23:30:00+00:00,-1030.0
2023-01-26 23:45:00+00:00,-1248.0
2023-01-27 00:00:00+00:00,11067.0
2023-01-27 00:15:00+00:00,-1518.0
2023-01-27 00:30:00+00:00,-1531.0
2023-01-27 00:45:00+00:00,-1284.0
2023-01-27 01:00:00+00:00,11830.0
2023-01-27 01:15:00+00:00,-147.0
2023-01-27 01:30:00+00:00,833.0
2023-01-27 01:45:00+00:00,784.0
2023-01-27 02:00:00+00:00,12471.0
2023-01-27 02:15:00+00:00,1375.0
2023-01-27 02:30:00+00:00,1269.0
2023-01-27 02:45:00+00:00,903.0
2023-01-27 03:00:00+00:00,9174.0
2023-01-27 03:15:00+00:00,575.0
2023-01-27 03:30:00+00:00,-395.0
2023-01-27 03:45:00+00:00,-320.0
2023-01-27 04:00:00+00:00,5352.0
2023-01-27 04:15:00+00:00,583.0
2023-01-27 04:30:00+00:00,1079.0
2023-01-27 04:45:00+00:00,651.0
2023-01-27 05:00:00+00:00,-61.0
2023-01-27 05:15:00+00:00,81.0
2023-01-27 05:30:00+00:00,-738.0
2023-01-27 05:45:00+00:00,-1753.0
2023-01-27 06:00:00+00:00,-11109.0
2023-01-27 06:15:00+00:00,-2270.0
2023-01-27 06:30:00+00:00,-2771.0
2023-01-27 06:45:00+00:00,-2653.0
2023-01-27 07:00:00+00:00,-10579.0
2023-01-27 07:15:00+00:00,-2996.0
2023-01-27 07:30:00+00:00,-2811.0
2023-01-27 07:45:00+00:00,-2917.0
2023-01-27 08:00:00+00:00,-7508.0
2023-01-27 08:15:00+00:00,-2454.0
2023-01-27 08:30:00+00:00,-2291.0
2023-01-27 08:45:00+00:00,-2649.0
2023-01-27 09:00:00+00:00,-12458.0
2023-01-27 09:15:00+00:00,-1966.0
2023-01-27 09:30:00+00:00,-3255.0
2023-01-27 09:45:00+00:00,-3180.0
2023-01-27 10:00:00+00:00,-13185.0
2023-01-27 10:15:00+00:00,-2968.0
2023-01-27 10:30:00+00:00,-2462.0
2023-01-27 10:45:00+00:00,-2433.0
2023-01-27 11:00:00+00:00,-14830.0
2023-01-27 11:15:00+00:00,-2353.0
2023-01-27 11:30:00+00:00,-3589.0
2023-01-27 11:45:00+00:00,-3705.0
2023-01-27 12:00:00+00:00,-16037.0
2023-01-27 12:15:00+00:00,-3721.0
2023-01-27 12:30:00+00:00,-3950.0
2023-01-27 12:45:00+00:00,-4016.0
2023-01-27 13:00:00+00:00,-15331.0
2023-01-27 13:15:00+00:00,-2897.0
2023-01-27 13:30:00+00:00,-2279.0
2023-01-27 13:45:00+00:00,-1173.0
2023-01-27 14:00:00+00:00,-9152.0
2023-01-27 14:15:00+00:00,-334.0
2023-01-27 14:30:00+00:00,-49.0
2023-01-27 14:45:00+00:00,283.0
2023-01-27 15:00:00+00:00,-6576.0
2023-01-27 15:15:00+00:00,-159.0
2023-01-27 15:30:00+00:00,-968.0
2023-01-27 15:45:00+00:00,-1660.0
2023-01-27 16:00:00+00:00,-7743.0
2023-01-27 16:15:00+00:00,-1377.0
2023-01-27 16:30:00+00:00,-1355.0
2023-01-27 16:45:00+00:00,-1473.0
2023-01-27 17:00:00+00:00,-6390.0
2023-01-27 17:15:00+00:00,-1831.0
2023-01-27 17:30:00+00:00,-1761.0
2023-01-27 17:45:00+00:00,-2241.0
2023-01-27 18:00:00+00:00,-6657.0
2023-01-27 18:15:00+00:00,-2176.0
2023-01-27 18:30:00+00:00,-1748.0
2023-01-27 18:45:00+00:00,-1333.0
2023-01-27 19:00:00+00:00,-3132.0
2023-01-27 19:15:00+00:00,266.0
2023-01-27 19:30:00+00:00,924.0
2023-01-27 19:45:00+00:00,1096.0
2023-01-27 20:00:00+00:00,2011.0
2023-01-27 20:15:00+00:00,1596.0
2023-01-27 20:30:00+00:00,1512.0
2023-01-27 20:45:00+00:00,1487.0
2023-01-27 21:00:00+00:00,5417.0
2023-01-27 21:15:00+00:00,1246.0
2023-01-27 21:30:00+00:00,818.0
2023-01-27 21:45:00+00:00,636.0
2023-01-27 22:00:00+00:00,7106.0
2023-01-27 22:15:00+00:00,-464.0
2023-01-27 22:30:00+00:00,-197.0
2023-01-27 22:45:00+00:00,253.0
2023-01-27 23:00:00+00:00,9095.0
2023-01-27 23:15:00+00:00,-12.0
2023-01-27 23:30:00+00:00,214.0
2023-01-27 23:45:00+00:00,-490.0
2023-01-28 00:00:00+00:00,10376.0
2023-01-28 00:15:00+00:00,-958.0
2023-01-28 00:30:00+00:00,-1095.0
2023-01-28 00:45:00+00:00,-455.0
2023-01-28 01:00:00+00:00,9946.0
2023-01-28 01:15:00+00:00,-1121.0
2023-01-28 01:30:00+00:00,-298.0
2023-01-28 01:45:00+00:00,916.0
2023-01-28 02:00:00+00:00,9705.0
2023-01-28 02:15:00+00:00,1332.0
2023-01-28 02:30:00+00:00,1831.0
2023-01-28 02:45:00+00:00,2371.0
2023-01-28 03:00:00+00:00,11293.0
2023-01-28 03:15:00+00:00,2769.0
2023-01-28 03:30:00+00:00,2874.0
2023-01-28 03:45:00+00:00,1968.0
2023-01-28 04:00:00+00:00,9045.0
2023-01-28 04:15:00+00:00,990.0
2023-01-28 04:30:00+00:00,1236.0
2023-01-28 04:45:00+00:00,578.0
2023-01-28 05:00:00+00:00,6286.0
2023-01-28 05:15:00+00:00,-165.0
2023-01-28 05:30:00+00:00,-107.0
2023-01-28 05:45:00+00:00,-264.0
2023-01-28 06:00:00+00:00,4003.0
2023-01-28 06:15:00+00:00,-915.0
2023-01-28 06:30:00+00:00,-1014.0
2023-01-28 06:45:00+00:00,-816.0
2023-01-28 07:00:00+00:00,-1388.0
2023-01-28 07:15:00+00:00,-719.0
2023-01-28 07:30:00+00:00,-1320.0
2023-01-28 07:45:00+00:00,-1106.0
2023-01-28 08:00:00+00:00,-6887.0
2023-01-28 08:15:00+00:00,-1850.0
2023-01-28 08:30:00+00:00,-2332.0
2023-01-28 08:45:00+00:00,-1650.0
2023-01-28 09:00:00+00:00,-7508.0
2023-01-28 09:15:00+00:00,-774.0
2023-01-28 09:30:00+00:00,-309.0
2023-01-28 09:45:00+00:00,-319.0
2023-01-28 10:00:00+00:00,-9737.0
2023-01-28 10:15:00+00:00,-203.0
2023-01-28 10:30:00+00:00,499.0
2023-01-28 10:45:00+00:00,771.0
2023-01-28 11:00:00+00:00,-4613.0
2023-01-28 11:15:00+00:00,1712.0
2023-01-28 11:30:00+00:00,1200.0
2023-01-28 11:45:00+00:00,862.0
2023-01-28 12:00:00+00:00,-2565.0
2023-01-28 12:15:00+00:00,77.0
2023-01-28 12:30:00+00:00,-31.0
2023-01-28 12:45:00+00:00,316.0
2023-01-28 13:00:00+00:00,-1195.0
2023-01-28 13:15:00+00:00,342.0
2023-01-28 13:30:00+00:00,10.0
2023-01-28 13:45:00+00:00,633.0
2023-01-28 14:00:00+00:00,-312.0
2023-01-28 14:15:00+00:00,1717.0
2023-01-28 14:30:00+00:00,2837.0
2023-01-28 14:45:00+00:00,3658.0
2023-01-28 15:00:00+00:00,3216.0
2023-01-28 15:15:00+00:00,3992.0
2023-01-28 15:30:00+00:00,3253.0
2023-01-28 15:45:00+00:00,2512.0
2023-01-28 16:00:00+00:00,1116.0
2023-01-28 16:15:00+00:00,1358.0
2023-01-28 16:30:00+00:00,2579.0
2023-01-28 16:45:00+00:00,2269.0
2023-01-28 17:00:00+00:00,2320.0
2023-01-28 17:15:00+00:00,2043.0
2023-01-28 17:30:00+00:00,2015.0
2023-01-28 17:45:00+00:00,1467.0
2023-01-28 18:00:00+00:00,2755.0
2023-01-28 18:15:00+00:00,919.0
2023-01-28 18:30:00+00:00,834.0
2023-01-28 18:45:00+00:00,842.0
2023-01-28 19:00:00+00:00,5804.0
2023-01-28 19:15:00+00:00,561.0
2023-01-28 19:30:00+00:00,496.0
2023-01-28 19:45:00+00:00,606.0
2023-01-28 20:00:00+00:00,8408.0
2023-01-28 20:15:00+00:00,1431.0
2023-01-28 20:30:00+00:00,2619.0
2023-01-28 20:45:00+00:00,2510.0
2023-01-28 21:00:00+00:00,10229.0
2023-01-28 21:15:00+00:00,572.0
2023-01-28 21:30:00+00:00,-731.0
2023-01-28 21:45:00+00:00,-1002.0
2023-01-28 22:00:00+00:00,3381.0
2023-01-28 22:15:00+00:00,-144.0
2023-01-28 22:30:00+00:00,422.0
2023-01-28 22:45:00+00:00,648.0
2023-01-28 23:00:00+00:00,8638.0
2023-01-28 23:15:00+00:00,-1110.0
2023-01-28 23:30:00+00:00,-1664.0
2023-01-28 23:45:00+00:00,-2033.0
2023-01-29 00:00:00+00:00,12049.0
2023-01-29 00:15:00+00:00,-3391.0
2023-01-29 00:30:00+00:00,-3404.0
2023-01-29 00:45:00+00:00,-4022.0
2023-01-29 01:00:00+00:00,16608.0
2023-01-29 01:15:00+00:00,-4041.0
2023-01-29 01:30:00+00:00,-3806.0
2023-01-29 01:45:00+00:00,-3310.0
2023-01-29 02:00:00+00:00,17861.0
2023-01-29 02:15:00+00:00,-3154.0
2023-01-29 02:30:00+00:00,-1717.0
2023-01-29 02:45:00+00:00,-120.0
2023-01-29 03:00:00+00:00,17540.0
2023-01-29 03:15:00+00:00,-1984.0
2023-01-29 03:30:00+00:00,-3589.0
2023-01-29 03:45:00+00:00,-4108.0
2023-01-29 04:00:00+00:00,16388.0
2023-01-29 04:15:00+00:00,-3594.0
2023-01-29 04:30:00+00:00,-2667.0
2023-01-29 04:45:00+00:00,-2410.0
2023-01-29 05:00:00+00:00,18004.0
2023-01-29 05:15:00+00:00,-2070.0
2023-01-29 05:30:00+00:00,-2736.0
2023-01-29 05:45:00+00:00,-2622.0
2023-01-29 06:00:00+00:00,16633.0
2023-01-29 06:15:00+00:00,-2394.0
2023-01-29 06:30:00+00:00,-2348.0
2023-01-29 06:45:00+00:00,-1173.0
2023-01-29 07:00:00+00:00,22363.0
2023-01-29 07:15:00+00:00,-38.0
2023-01-29 07:30:00+00:00,903.0
2023-01-29 07:45:00+00:00,1000.0
2023-01-29 08:00:00+00:00,19208.0
2023-01-29 08:15:00+00:00,1391.0
2023-01-29 08:30:00+00:00,2087.0
2023-01-29 08:45:00+00:00,2280.0
2023-01-29 09:00:00+00:00,17259.0
2023-01-29 09:15:00+00:00,2499.0
2023-01-29 09:30:00+00:00,2359.0
2023-01-29 09:45:00+00:00,2632.0
2023-01-29 10:00:00+00:00,15734.0
2023-01-29 10:15:00+00:00,2663.0
2023-01-29 10:30:00+00:00,2284.0
2023-01-29 10:45:00+00:00,868.0
2023-01-29 11:00:00+00:00,14999.0
2023-01-29 11:15:00+00:00,541.0
2023-01-29 11:30:00+00:00,-354.0
2023-01-29 11:45:00+00:00,-506.0
2023-01-29 12:00:00+00:00,15233.0
2023-01-29 12:15:00+00:00,-2183.0
2023-01-29 12:30:00+00:00,-2054.0
2023-01-29 12:45:00+00:00,-1515.0
2023-01-29 13:00:00+00:00,17036.0
2023-01-29 13:15:00+00:00,-1274.0
2023-01-29 13:30:00+00:00,-331.0
2023-01-29 13:45:00+00:00,313.0
2023-01-29 14:00:00+00:00,15295.0
2023-01-29 14:15:00+00:00,202.0
2023-01-29 14:30:00+00:00,351.0
2023-01-29 14:45:00+00:00,1384.0
2023-01-29 15:00:00+00:00,16825.0
2023-01-29 15:15:00+00:00,2071.0
2023-01-29 15:30:00+00:00,1524.0
2023-01-29 15:45:00+00:00,1062.0
2023-01-29 16:00:00+00:00,15334.0
2023-01-29 16:15:00+00:00,332.0
2023-01-29 16:30:00+00:00,840.0
2023-01-29 16:45:00+00:00,11.0
2023-01-29 17:00:00+00:00,11218.0
2023-01-29 17:15:00+00:00,-87.0
2023-01-29 17:30:00+00:00,-692.0
2023-01-29 17:45:00+00:00,-1442.0
2023-01-29 18:00:00+00:00,10590.0
2023-01-29 18:15:00+00:00,-1773.0
2023-01-29 18:30:00+00:00,-2148.0
2023-01-29 18:45:00+00:00,-2160.0
2023-01-29 19:00:00+00:00,14887.0
2023-01-29 19:15:00+00:00,-1706.0
2023-01-29 19:30:00+00:00,-1219.0
2023-01-29 19:45:00+00:00,330.0
2023-01-29 20:00:00+00:00,16820.0
2023-01-29 20:15:00+00:00,135.0
2023-01-29 20:30:00+00:00,670.0
2023-01-29 20:45:00+00:00,1091.0
2023-01-29 21:00:00+00:00,18043.0
2023-01-29 21:15:00+00:00,473.0
2023-01-29 21:30:00+00:00,-116.0
2023-01-29 21:45:00+00:00,-583.0
2023-01-29 22:00:00+00:00,22395.0
2023-01-29 22:15:00+00:00,-1830.0
2023-01-29 22:30:00+00:00,-2020.0
2023-01-29 22:45:00+00:00,-2461.0
2023-01-29 23:00:00+00:00,21708.0
2023-01-29 23:15:00+00:00,-2638.0
2023-01-29 23:30:00+00:00,-2035.0
2023-01-29 23:45:00+00:00,-2102.0
2023-01-30 00:00:00+00:00,23002.0
2023-01-30 00:15:00+00:00,-3090.0
2023-01-30 00:30:00+00:00,-3214.0
2023-01-30 00:45:00+00:00,-3493.0
2023-01-30 01:00:00+00:00,19869.0
2023-01-30 01:15:00+00:00,-3322.0
2023-01-30 01:30:00+00:00,-3031.0
2023-01-30 01:45:00+00:00,-1820.0
2023-01-30 02:00:00+00:00,20683.0
2023-01-30 02:15:00+00:00,-928.0
2023-01-30 02:30:00+00:00,-28.0
2023-01-30 02:45:00+00:00,161.0
2023-01-30 03:00:00+00:00,22540.0
2023-01-30 03:15:00+00:00,-162.0
2023-01-30 03:30:00+00:00,-1040.0
2023-01-30 03:45:00+00:00,-1931.0
2023-01-30 04:00:00+00:00,15548.0
2023-01-30 04:15:00+00:00,-4401.0
2023-01-30 04:30:00+00:00,-4253.0
2023-01-30 04:45:00+00:00,-3679.0
2023-01-30 05:00:00+00:00,12663.0
2023-01-30 05:15:00+00:00,-2974.0
2023-01-30 05:30:00+00:00,-2815.0
2023-01-30 05:45:00+00:00,-2936.0
2023-01-30 06:00:00+00:00,4500.0
2023-01-30 06:15:00+00:00,-3740.0
2023-01-30 06:30:00+00:00,-3878.0
2023-01-30 06:45:00+00:00,-2893.0
2023-01-30 07:00:00+00:00,4574.0
2023-01-30 07:15:00+00:00,-2478.0
2023-01-30 07:30:00+00:00,-3642.0
2023-01-30 07:45:00+00:00,-3659.0
2023-01-30 08:00:00+00:00,487.0
2023-01-30 08:15:00+00:00,-4199.0
2023-01-30 08:30:00+00:00,-4154.0
2023-01-30 08:45:00+00:00,-4148.0
2023-01-30 09:00:00+00:00,183.0
2023-01-30 09:15:00+00:00,-3385.0
2023-01-30 09:30:00+00:00,-3510.0
2023-01-30 09:45:00+00:00,-2230.0
2023-01-30 10:00:00+00:00,4938.0
2023-01-30 10:15:00+00:00,-1975.0
2023-01-30 10:30:00+00:00,-1844.0
2023-01-30 10:45:00+00:00,-1439.0
2023-01-30 11:00:00+00:00,6935.0
2023-01-30 11:15:00+00:00,-1814.0
2023-01-30 11:30:00+00:00,-2877.0
2023-01-30 11:45:00+00:00,-3131.0
2023-01-30 12:00:00+00:00,1673.0
2023-01-30 12:15:00+00:00,-3757.0
2023-01-30 12:30:00+00:00,-3830.0
2023-01-30 12:45:00+00:00,-3754.0
2023-01-30 13:00:00+00:00,2720.0
2023-01-30 13:15:00+00:00,-3052.0
2023-01-30 13:30:00+00:00,-2510.0
2023-01-30 13:45:00+00:00,-1954.0
2023-01-30 14:00:00+00:00,6243.0
2023-01-30 14:15:00+00:00,-1009.0
2023-01-30 14:30:00+00:00,-704.0
2023-01-30 14:45:00+00:00,-508.0
2023-01-30 15:00:00+00:00,9909.0
2023-01-30 15:15:00+00:00,83.0
2023-01-30 15:30:00+00:00,-422.0
2023-01-30 15:45:00+00:00,-903.0
2023-01-30 16:00:00+00:00,5316.0
2023-01-30 16:15:00+00:00,-1305.0
2023-01-30 16:30:00+00:00,-1178.0
2023-01-30 16:45:00+00:00,-1603.0
2023-01-30 17:00:00+00:00,3133.0
2023-01-30 17:15:00+00:00,-2635.0
2023-01-30 17:30:00+00:00,-3829.0
2023-01-30 17:45:00+00:00,-4553.0
2023-01-30 18:00:00+00:00,2120.0
2023-01-30 18:15:00+00:00,-5039.0
2023-01-30 18:30:00+00:00,-5140.0
2023-01-30 18:45:00+00:00,-5499.0
2023-01-30 19:00:00+00:00,2823.0
2023-01-30 19:15:00+00:00,-5028.0
2023-01-30 19:30:00+00:00,-4293.0
2023-01-30 19:45:00+00:00,-3362.0
2023-01-30 20:00:00+00:00,8651.0
2023-01-30 20:15:00+00:00,-252.0
2023-01-30 20:30:00+00:00,-611.0
2023-01-30 20:45:00+00:00,1239.0
2023-01-30 21:00:00+00:00,12640.0
2023-01-30 21:15:00+00:00,846.0
2023-01-30 21:30:00+00:00,-1606.0
2023-01-30 21:45:00+00:00,-3484.0
2023-01-30 22:00:00+00:00,11334.0
2023-01-30 22:15:00+00:00,-3932.0
2023-01-30 22:30:00+00:00,-3635.0
2023-01-30 22:45:00+00:00,-3513.0
2023-01-30 23:00:00+00:00,12835.0
2023-01-30 23:15:00+00:00,-3105.0
2023-01-30 23:30:00+00:00,-3507.0
2023-01-30 23:45:00+00:00,-3220.0
2023-01-31 00:00:00+00:00,15758.0
2023-01-31 00:15:00+00:00,-3885.0
2023-01-31 00:30:00+00:00,-3968.0
2023-01-31 00:45:00+00:00,-4144.0
2023-01-31 01:00:00+00:00,14271.0
2023-01-31 01:15:00+00:00,-4408.0
2023-01-31 01:30:00+00:00,-4304.0
2023-01-31 01:45:00+00:00,-3880.0
2023-01-31 02:00:00+00:00,12934.0
2023-01-31 02:15:00+00:00,-4514.0
2023-01-31 02:30:00+00:00,-4019.0
2023-01-31 02:45:00+00:00,-3962.0
2023-01-31 03:00:00+00:00,11356.0
2023-01-31 03:15:00+00:00,-4917.0
2023-01-31 03:30:00+00:00,-5755.0
2023-01-31 03:45:00+00:00,-5101.0
2023-01-31 04:00:00+00:00,9059.0
2023-01-31 04:15:00+00:00,-5080.0
2023-01-31 04:30:00+00:00,-5081.0
2023-01-31 04:45:00+00:00,-4861.0
2023-01-31 05:00:00+00:00,2146.0
2023-01-31 05:15:00+00:00,-3428.0
2023-01-31 05:30:00+00:00,-3563.0
2023-01-31 05:45:00+00:00,-3595.0
2023-01-31 06:00:00+00:00,-1169.0
2023-01-31 06:15:00+00:00,-2990.0
2023-01-31 06:30:00+00:00,-2846.0
2023-01-31 06:45:00+00:00,-2496.0
2023-01-31 07:00:00+00:00,1249.0
2023-01-31 07:15:00+00:00,-2771.0
2023-01-31 07:30:00+00:00,-3166.0
2023-01-31 07:45:00+00:00,-3588.0
2023-01-31 08:00:00+00:00,5659.0
2023-01-31 08:15:00+00:00,-3968.0
2023-01-31 08:30:00+00:00,-2169.0
2023-01-31 08:45:00+00:00,-1903.0
2023-01-31 09:00:00+00:00,10011.0
2023-01-31 09:15:00+00:00,-818.0
2023-01-31 09:30:00+00:00,-1249.0
2023-01-31 09:45:00+00:00,-1559.0
2023-01-31 10:00:00+00:00,12356.0
2023-01-31 10:15:00+00:00,-2967.0
2023-01-31 10:30:00+00:00,-3308.0
2023-01-31 10:45:00+00:00,-3964.0
2023-01-31 11:00:00+00:00,8933.0
2023-01-31 11:15:00+00:00,-3756.0
2023-01-31 11:30:00+00:00,-4121.0
2023-01-31 11:45:00+00:00,-4740.0
2023-01-31 12:00:00+00:00,8560.0
2023-01-31 12:15:00+00:00,-5722.0
2023-01-31 12:30:00+00:00,-5903.0
2023-01-31 12:45:00+00:00,-5548.0
2023-01-31 13:00:00+00:00,9549.0
2023-01-31 13:15:00+00:00,-4731.0
2023-01-31 13:30:00+00:00,-4619.0
2023-01-31 13:45:00+00:00,-3868.0
2023-01-31 14:00:00+00:00,16618.0
2023-01-31 14:15:00+00:00,-2767.0
2023-01-31 14:30:00+00:00,-1684.0
2023-01-31 14:45:00+00:00,-1472.0
2023-01-31 15:00:00+00:00,13861.0
2023-01-31 15:15:00+00:00,-1486.0
2023-01-31 15:30:00+00:00,-1771.0
2023-01-31 15:45:00+00:00,-1703.0
2023-01-31 16:00:00+00:00,7886.0
2023-01-31 16:15:00+00:00,-4084.0
2023-01-31 16:30:00+00:00,-3865.0
2023-01-31 16:45:00+00:00,-3429.0
2023-01-31 17:00:00+00:00,6049.0
2023-01-31 17:15:00+00:00,-3029.0
2023-01-31 17:30:00+00:00,-3718.0
2023-01-31 17:45:00+00:00,-4106.0
2023-01-31 18:00:00+00:00,3722.0
2023-01-31 18:15:00+00:00,-4627.0
2023-01-31 18:30:00+00:00,-4605.0
2023-01-31 18:45:00+00:00,-4004.0
2023-01-31 19:00:00+00:00,11141.0
2023-01-31 19:15:00+00:00,-2708.0
2023-01-31 19:30:00+00:00,-2414.0
2023-01-31 19:45:00+00:00,-1835.0
2023-01-31 20:00:00+00:00,20136.0
2023-01-31 20:15:00+00:00,12.0
2023-01-31 20:30:00+00:00,188.0
2023-01-31 20:45:00+00:00,250.0
2023-01-31 21:00:00+00:00,24120.0
2023-01-31 21:15:00+00:00,114.0
2023-01-31 21:30:00+00:00,-1053.0
2023-01-31 21:45:00+00:00,-806.0
2023-01-31 22:00:00+00:00,24426.0
2023-01-31 22:15:00+00:00,-2072.0
2023-01-31 22:30:00+00:00,-1464.0
2023-01-31 22:45:00+00:00,-1207.0
2023-01-31 23:00:00+00:00,27937.0
2023-01-31 23:15:00+00:00,-306.0
2023-01-31 23:30:00+00:00,201.0
2023-01-31 23:45:00+00:00,-323.0
2023-02-01 00:00:00+00:00,28833.0
2023-02-01 00:15:00+00:00,-679.0
2023-02-01 00:30:00+00:00,-979.0
2023-02-01 00:45:00+00:00,-874.0
2023-02-01 01:00:00+00:00,26082.0
2023-02-01 01:15:00+00:00,-299.0
2023-02-01 01:30:00+00:00,-662.0
2023-02-01 01:45:00+00:00,-811.0
2023-02-01 02:00:00+00:00,28001.0
2023-02-01 02:15:00+00:00,-389.0
2023-02-01 02:30:00+00:00,596.0
2023-02-01 02:45:00+00:00,-339.0
2023-02-01 03:00:00+00:00,26894.0
2023-02-01 03:15:00+00:00,-3107.0
2023-02-01 03:30:00+00:00,-2853.0
2023-02-01 03:45:00+00:00,-2277.0
2023-02-01 04:00:00+00:00,24601.0
2023-02-01 04:15:00+00:00,-2148.0
2023-02-01 04:30:00+00:00,-1153.0
2023-02-01 04:45:00+00:00,-1392.0
2023-02-01 05:00:00+00:00,22529.0
2023-02-01 05:15:00+00:00,-1105.0
2023-02-01 05:30:00+00:00,-1637.0
2023-02-01 05:45:00+00:00,-2407.0
2023-02-01 06:00:00+00:00,17682.0
2023-02-01 06:15:00+00:00,-3675.0
2023-02-01 06:30:00+00:00,-4017.0
2023-02-01 06:45:00+00:00,-4278.0
2023-02-01 07:00:00+00:00,17924.0
2023-02-01 07:15:00+00:00,-3701.0
2023-02-01 07:30:00+00:00,-3890.0
2023-02-01 07:45:00+00:00,-2966.0
2023-02-01 08:00:00+00:00,19980.0
2023-02-01 08:15:00+00:00,-909.0
2023-02-01 08:30:00+00:00,-263.0
2023-02-01 08:45:00+00:00,-441.0
2023-02-01 09:00:00+00:00,23038.0
2023-02-01 09:15:00+00:00,-1573.0
2023-02-01 09:30:00+00:00,-2128.0
2023-02-01 09:45:00+00:00,-2396.0
2023-02-01 10:00:00+00:00,20760.0
2023-02-01 10:15:00+00:00,-955.0
2023-02-01 10:30:00+00:00,-80.0
2023-02-01 10:45:00+00:00,-467.0
2023-02-01 11:00:00+00:00,21758.0
2023-02-01 11:15:00+00:00,-1082.0
2023-02-01 11:30:00+00:00,-1277.0
2023-02-01 11:45:00+00:00,-1405.0
2023-02-01 12:00:00+00:00,14760.0
2023-02-01 12:15:00+00:00,-2185.0
2023-02-01 12:30:00+00:00,-2408.0
2023-02-01 12:45:00+00:00,-2365.0
2023-02-01 13:00:00+00:00,17787.0
2023-02-01 13:15:00+00:00,-1465.0
2023-02-01 13:30:00+00:00,-644.0
2023-02-01 13:45:00+00:00,-239.0
2023-02-01 14:00:00+00:00,19416.0
2023-02-01 14:15:00+00:00,3193.0
2023-02-01 14:30:00+00:00,3374.0
2023-02-01 14:45:00+00:00,3073.0
2023-02-01 15:00:00+00:00,23689.0
2023-02-01 15:15:00+00:00,2587.0
2023-02-01 15:30:00+00:00,811.0
2023-02-01 15:45:00+00:00,-1131.0
2023-02-01 16:00:00+00:00,15705.0
2023-02-01 16:15:00+00:00,-1123.0
2023-02-01 16:30:00+00:00,-1132.0
2023-02-01 16:45:00+00:00,-459.0
2023-02-01 17:00:00+00:00,16084.0
2023-02-01 17:15:00+00:00,-39.0
2023-02-01 17:30:00+00:00,-947.0
2023-02-01 17:45:00+00:00,-1258.0
2023-02-01 18:00:00+00:00,15381.0
2023-02-01 18:15:00+00:00,-2208.0
2023-02-01 18:30:00+00:00,-2816.0
2023-02-01 18:45:00+00:00,-2987.0
2023-02-01 19:00:00+00:00,17707.0
2023-02-01 19:15:00+00:00,-3900.0
2023-02-01 19:30:00+00:00,-4125.0
2023-02-01 19:45:00+00:00,-3681.0
2023-02-01 20:00:00+00:00,22475.0
2023-02-01 20:15:00+00:00,-2975.0
2023-02-01 20:30:00+00:00,-2269.0
2023-02-01 20:45:00+00:00,-1726.0
2023-02-01 21:00:00+00:00,25715.0
2023-02-01 21:15:00+00:00,-2207.0
2023-02-01 21:30:00+00:00,-2362.0
2023-02-01 21:45:00+00:00,-2062.0
2023-02-01 22:00:00+00:00,29660.0
2023-02-01 22:15:00+00:00,-2626.0
2023-02-01 22:30:00+00:00,-1928.0
2023-02-01 22:45:00+00:00,-1272.0
2023-02-01 23:00:00+00:00,33243.0
2023-02-01 23:15:00+00:00,-506.0
2023-02-01 23:30:00+00:00,-1968.0
2023-02-01 23:45:00+00:00,-2325.0
2023-02-02 00:00:00+00:00,35437.0
2023-02-02 00:15:00+00:00,-3193.0
2023-02-02 00:30:00+00:00,-3088.0
2023-02-02 00:45:00+00:00,-2195.0
2023-02-02 01:00:00+00:00,37052.0
2023-02-02 01:15:00+00:00,-1266.0
2023-02-02 01:30:00+00:00,-1429.0
2023-02-02 01:45:00+00:00,-1676.0
2023-02-02 02:00:00+00:00,33792.0
2023-02-02 02:15:00+00:00,-368.0
2023-02-02 02:30:00+00:00,186.0
2023-02-02 02:45:00+00:00,77.0
2023-02-02 03:00:00+00:00,33920.0
2023-02-02 03:15:00+00:00,-43.0
2023-02-02 03:30:00+00:00,-420.0
2023-02-02 03:45:00+00:00,-958.0
2023-02-02 04:00:00+00:00,27418.0
2023-02-02 04:15:00+00:00,-1245.0
2023-02-02 04:30:00+00:00,-762.0
2023-02-02 04:45:00+00:00,-904.0
2023-02-02 05:00:00+00:00,22422.0
2023-02-02 05:15:00+00:00,-932.0
2023-02-02 05:30:00+00:00,-1814.0
2023-02-02 05:45:00+00:00,-2994.0
2023-02-02 06:00:00+00:00,14055.0
2023-02-02 06:15:00+00:00,-3089.0
2023-02-02 06:30:00+00:00,-3137.0
2023-02-02 06:45:00+00:00,-3218.0
2023-02-02 07:00:00+00:00,12414.0
2023-02-02 07:15:00+00:00,-2652.0
2023-02-02 07:30:00+00:00,-2876.0
2023-02-02 07:45:00+00:00,-4562.0
2023-02-02 08:00:00+00:00,2274.0
2023-02-02 08:15:00+00:00,-4491.0
2023-02-02 08:30:00+00:00,-3795.0
2023-02-02 08:45:00+00:00,-4142.0
2023-02-02 09:00:00+00:00,2309.0
2023-02-02 09:15:00+00:00,-3880.0
2023-02-02 09:30:00+00:00,-3361.0
2023-02-02 09:45:00+00:00,-3758.0
2023-02-02 10:00:00+00:00,-3131.0
2023-02-02 10:15:00+00:00,-3132.0
2023-02-02 10:30:00+00:00,-3284.0
2023-02-02 10:45:00+00:00,-4048.0
2023-02-02 11:00:00+00:00,-7912.0
2023-02-02 11:15:00+00:00,-4069.0
2023-02-02 11:30:00+00:00,-5037.0
2023-02-02 11:45:00+00:00,-4943.0
2023-02-02 12:00:00+00:00,-9833.0
2023-02-02 12:15:00+00:00,-4676.0
2023-02-02 12:30:00+00:00,-4879.0
2023-02-02 12:45:00+00:00,-4202.0
2023-02-02 13:00:00+00:00,-10366.0
2023-02-02 13:15:00+00:00,-3350.0
2023-02-02 13:30:00+00:00,-3758.0
2023-02-02 13:45:00+00:00,-5096.0
2023-02-02 14:00:00+00:00,-15344.0
2023-02-02 14:15:00+00:00,-4910.0
2023-02-02 14:30:00+00:00,-4414.0
2023-02-02 14:45:00+00:00,-4355.0
2023-02-02 15:00:00+00:00,-13241.0
2023-02-02 15:15:00+00:00,-3817.0
2023-02-02 15:30:00+00:00,-3281.0
2023-02-02 15:45:00+00:00,-2919.0
2023-02-02 16:00:00+00:00,-15932.0
2023-02-02 16:15:00+00:00,-3174.0
2023-02-02 16:30:00+00:00,-2876.0
2023-02-02 16:45:00+00:00,-2720.0
2023-02-02 17:00:00+00:00,-11656.0
2023-02-02 17:15:00+00:00,-2137.0
2023-02-02 17:30:00+00:00,-2367.0
2023-02-02 17:45:00+00:00,-2910.0
2023-02-02 18:00:00+00:00,-9219.0
2023-02-02 18:15:00+00:00,-3030.0
2023-02-02 18:30:00+00:00,-3394.0
2023-02-02 18:45:00+00:00,-3437.0
2023-02-02 19:00:00+00:00,-2808.0
2023-02-02 19:15:00+00:00,-2330.0
2023-02-02 19:30:00+00:00,-2731.0
2023-02-02 19:45:00+00:00,-4002.0
2023-02-02 20:00:00+00:00,8150.0
2023-02-02 20:15:00+00:00,-1895.0
2023-02-02 20:30:00+00:00,-1035.0
2023-02-02 20:45:00+00:00,-875.0
2023-02-02 21:00:00+00:00,16415.0
2023-02-02 21:15:00+00:00,-288.0
2023-02-02 21:30:00+00:00,68.0
2023-02-02 21:45:00+00:00,-390.0
2023-02-02 22:00:00+00:00,17786.0
2023-02-02 22:15:00+00:00,-1468.0
2023-02-02 22:30:00+00:00,-1155.0
2023-02-02 22:45:00+00:00,-1070.0
2023-02-02 23:00:00+00:00,28483.0
2023-02-02 23:15:00+00:00,-899.0
2023-02-02 23:30:00+00:00,-1006.0
2023-02-02 23:45:00+00:00,-2132.0
2023-02-03 00:00:00+00:00,32372.0
2023-02-03 00:15:00+00:00,-2250.0
2023-02-03 00:30:00+00:00,-2352.0
2023-02-03 00:45:00+00:00,-2404.0
2023-02-03 01:00:00+00:00,32165.0
2023-02-03 01:15:00+00:00,-1450.0
2023-02-03 01:30:00+00:00,-1072.0
2023-02-03 01:45:00+00:00,179.0
2023-02-03 02:00:00+00:00,36530.0
2023-02-03 02:15:00+00:00,1472.0
2023-02-03 02:30:00+00:00,1813.0
2023-02-03 02:45:00+00:00,1592.0
2023-02-03 03:00:00+00:00,39834.0
2023-02-03 03:15:00+00:00,2064.0
2023-02-03 03:30:00+00:00,-34.0
2023-02-03 03:45:00+00:00,-338.0
2023-02-03 04:00:00+00:00,31775.0
2023-02-03 04:15:00+00:00,-672.0
2023-02-03 04:30:00+00:00,-406.0
2023-02-03 04:45:00+00:00,-588.0
2023-02-03 05:00:00+00:00,24410.0
2023-02-03 05:15:00+00:00,-1642.0
2023-02-03 05:30:00+00:00,-2363.0
2023-02-03 05:45:00+00:00,-3302.0
2023-02-03 06:00:00+00:00,12103.0
2023-02-03 06:15:00+00:00,-4124.0
2023-02-03 06:30:00+00:00,-4299.0
2023-02-03 06:45:00+00:00,-4240.0
2023-02-03 07:00:00+00:00,15851.0
2023-02-03 07:15:00+00:00,-3709.0
2023-02-03 07:30:00+00:00,-2806.0
2023-02-03 07:45:00+00:00,-2397.0
2023-02-03 08:00:00+00:00,20923.0
2023-02-03 08:15:00+00:00,66.0
2023-02-03 08:30:00+00:00,1307.0
2023-02-03 08:45:00+00:00,1508.0
2023-02-03 09:00:00+00:00,17699.0
2023-02-03 09:15:00+00:00,-148.0
2023-02-03 09:30:00+00:00,-1254.0
2023-02-03 09:45:00+00:00,-1590.0
2023-02-03 10:00:00+00:00,15268.0
2023-02-03 10:15:00+00:00,-2003.0
2023-02-03 10:30:00+00:00,-2786.0
2023-02-03 10:45:00+00:00,-3513.0
2023-02-03 11:00:00+00:00,18366.0
2023-02-03 11:15:00+00:00,-4615.0
2023-02-03 11:30:00+00:00,-4962.0
2023-02-03 11:45:00+00:00,-4532.0
2023-02-03 12:00:00+00:00,23568.0
2023-02-03 12:15:00+00:00,-4318.0
2023-02-03 12:30:00+00:00,-4467.0
2023-02-03 12:45:00+00:00,-4350.0
2023-02-03 13:00:00+00:00,24444.0
2023-02-03 13:15:00+00:00,-2736.0
2023-02-03 13:30:00+00:00,-1355.0
2023-02-03 13:45:00+00:00,-608.0
2023-02-03 14:00:00+00:00,24158.0
2023-02-03 14:15:00+00:00,-903.0
2023-02-03 14:30:00+00:00,-667.0
2023-02-03 14:45:00+00:00,-615.0
2023-02-03 15:00:00+00:00,25081.0
2023-02-03 15:15:00+00:00,-607.0
2023-02-03 15:30:00+00:00,-1256.0
2023-02-03 15:45:00+00:00,-891.0
2023-02-03 16:00:00+00:00,25479.0
2023-02-03 16:15:00+00:00,-807.0
2023-02-03 16:30:00+00:00,-974.0
2023-02-03 16:45:00+00:00,-1072.0
2023-02-03 17:00:00+00:00,21831.0
2023-02-03 17:15:00+00:00,-836.0
2023-02-03 17:30:00+00:00,-1932.0
2023-02-03 17:45:00+00:00,-2240.0
2023-02-03 18:00:00+00:00,15929.0
2023-02-03 18:15:00+00:00,-2360.0
2023-02-03 18:30:00+00:00,-2215.0
2023-02-03 18:45:00+00:00,-2036.0
2023-02-03 19:00:00+00:00,19367.0
2023-02-03 19:15:00+00:00,-976.0
2023-02-03 19:30:00+00:00,-142.0
2023-02-03 19:45:00+00:00,-459.0
2023-02-03 20:00:00+00:00,23303.0
2023-02-03 20:15:00+00:00,334.0
2023-02-03 20:30:00+00:00,814.0
2023-02-03 20:45:00+00:00,909.0
2023-02-03 21:00:00+00:00,33908.0
2023-02-03 21:15:00+00:00,1267.0
2023-02-03 21:30:00+00:00,404.0
2023-02-03 21:45:00+00:00,-200.0
2023-02-03 22:00:00+00:00,31574.0
2023-02-03 22:15:00+00:00,-568.0
2023-02-03 22:30:00+00:00,-463.0
2023-02-03 22:45:00+00:00,-640.0
2023-02-03 23:00:00+00:00,26787.0
2023-02-03 23:15:00+00:00,-647.0
2023-02-03 23:30:00+00:00,-1599.0
2023-02-03 23:45:00+00:00,-1733.0
2023-02-04 00:00:00+00:00,21465.0
2023-02-04 00:15:00+00:00,-2485.0
2023-02-04 00:30:00+00:00,-2433.0
2023-02-04 00:45:00+00:00,-2648.0
2023-02-04 01:00:00+00:00,19938.0
2023-02-04 01:15:00+00:00,-176.0
2023-02-04 01:30:00+00:00,620.0
2023-02-04 01:45:00+00:00,1064.0
2023-02-04 02:00:00+00:00,21740.0
2023-02-04 02:15:00+00:00,276.0
2023-02-04 02:30:00+00:00,1079.0
2023-02-04 02:45:00+00:00,1304.0
2023-02-04 03:00:00+00:00,15335.0
2023-02-04 03:15:00+00:00,1219.0
2023-02-04 03:30:00+00:00,131.0
2023-02-04 03:45:00+00:00,-598.0
2023-02-04 04:00:00+00:00,8855.0
2023-02-04 04:15:00+00:00,-1438.0
2023-02-04 04:30:00+00:00,-2444.0
2023-02-04 04:45:00+00:00,-2778.0
2023-02-04 05:00:00+00:00,6057.0
2023-02-04 05:15:00+00:00,-2360.0
2023-02-04 05:30:00+00:00,-3654.0
2023-02-04 05:45:00+00:00,-4097.0
2023-02-04 06:00:00+00:00,1386.0
2023-02-04 06:15:00+00:00,-4112.0
2023-02-04 06:30:00+00:00,-4137.0
2023-02-04 06:45:00+00:00,-3296.0
2023-02-04 07:00:00+00:00,4848.0
2023-02-04 07:15:00+00:00,-444.0
2023-02-04 07:30:00+00:00,123.0
2023-02-04 07:45:00+00:00,1245.0
2023-02-04 08:00:00+00:00,8328.0
2023-02-04 08:15:00+00:00,1400.0
2023-02-04 08:30:00+00:00,1692.0
2023-02-04 08:45:00+00:00,2494.0
2023-02-04 09:00:00+00:00,6622.0
2023-02-04 09:15:00+00:00,1882.0
2023-02-04 09:30:00+00:00,1160.0
2023-02-04 09:45:00+00:00,550.0
2023-02-04 10:00:00+00:00,613.0
2023-02-04 10:15:00+00:00,-151.0
2023-02-04 10:30:00+00:00,-1021.0
2023-02-04 10:45:00+00:00,-685.0
2023-02-04 11:00:00+00:00,-4041.0
2023-02-04 11:15:00+00:00,-1310.0
2023-02-04 11:30:00+00:00,-3187.0
2023-02-04 11:45:00+00:00,-3861.0
2023-02-04 12:00:00+00:00,-5148.0
2023-02-04 12:15:00+00:00,-3733.0
2023-02-04 12:30:00+00:00,-3449.0
2023-02-04 12:45:00+00:00,-2687.0
2023-02-04 13:00:00+00:00,-1718.0
2023-02-04 13:15:00+00:00,-1111.0
2023-02-04 13:30:00+00:00,-1332.0
2023-02-04 13:45:00+00:00,-806.0
2023-02-04 14:00:00+00:00,-4214.0
2023-02-04 14:15:00+00:00,-119.0
2023-02-04 14:30:00+00:00,987.0
2023-02-04 14:45:00+00:00,466.0
2023-02-04 15:00:00+00:00,-8856.0
2023-02-04 15:15:00+00:00,367.0
2023-02-04 15:30:00+00:00,252.0
2023-02-04 15:45:00+00:00,542.0
2023-02-04 16:00:00+00:00,-8833.0
2023-02-04 16:15:00+00:00,251.0
2023-02-04 16:30:00+00:00,-4.0
2023-02-04 16:45:00+00:00,243.0
2023-02-04 17:00:00+00:00,-7769.0
2023-02-04 17:15:00+00:00,-253.0
2023-02-04 17:30:00+00:00,-648.0
2023-02-04 17:45:00+00:00,-1701.0
2023-02-04 18:00:00+00:00,-10221.0
2023-02-04 18:15:00+00:00,-2541.0
2023-02-04 18:30:00+00:00,-2755.0
2023-02-04 18:45:00+00:00,-2677.0
2023-02-04 19:00:00+00:00,-7753.0
2023-02-04 19:15:00+00:00,-2445.0
2023-02-04 19:30:00+00:00,-2167.0
2023-02-04 19:45:00+00:00,-1393.0
2023-02-04 20:00:00+00:00,-2310.0
2023-02-04 20:15:00+00:00,1681.0
2023-02-04 20:30:00+00:00,2232.0
2023-02-04 20:45:00+00:00,2777.0
2023-02-04 21:00:00+00:00,5299.0
2023-02-04 21:15:00+00:00,3033.0
2023-02-04 21:30:00+00:00,2232.0
2023-02-04 21:45:00+00:00,666.0
2023-02-04 22:00:00+00:00,7681.0
2023-02-04 22:15:00+00:00,71.0
2023-02-04 22:30:00+00:00,-345.0
2023-02-04 22:45:00+00:00,-727.0
2023-02-04 23:00:00+00:00,9724.0
2023-02-04 23:15:00+00:00,-1903.0
2023-02-04 23:30:00+00:00,-2639.0
2023-02-04 23:45:00+00:00,-3383.0
2023-02-05 00:00:00+00:00,7165.0
2023-02-05 00:15:00+00:00,-4623.0
2023-02-05 00:30:00+00:00,-4735.0
2023-02-05 00:45:00+00:00,-5067.0
2023-02-05 01:00:00+00:00,5160.0
2023-02-05 01:15:00+00:00,-3833.0
2023-02-05 01:30:00+00:00,-3397.0
2023-02-05 01:45:00+00:00,-1029.0
2023-02-05 02:00:00+00:00,3657.0
2023-02-05 02:15:00+00:00,2579.0
2023-02-05 02:30:00+00:00,2798.0
2023-02-05 02:45:00+00:00,3386.0
2023-02-05 03:00:00+00:00,735.0
2023-02-05 03:15:00+00:00,3510.0
2023-02-05 03:30:00+00:00,3761.0
2023-02-05 03:45:00+00:00,1812.0
2023-02-05 04:00:00+00:00,-6718.0
2023-02-05 04:15:00+00:00,-1141.0
2023-02-05 04:30:00+00:00,-1238.0
2023-02-05 04:45:00+00:00,-1273.0
2023-02-05 05:00:00+00:00,-5080.0
2023-02-05 05:15:00+00:00,-1713.0
2023-02-05 05:30:00+00:00,-2060.0
2023-02-05 05:45:00+00:00,-2890.0
2023-02-05 06:00:00+00:00,-9609.0
2023-02-05 06:15:00+00:00,-3779.0
2023-02-05 06:30:00+00:00,-3496.0
2023-02-05 06:45:00+00:00,-2703.0
2023-02-05 07:00:00+00:00,-2015.0
2023-02-05 07:15:00+00:00,-2065.0
2023-02-05 07:30:00+00:00,-1920.0
2023-02-05 07:45:00+00:00,-1479.0
2023-02-05 08:00:00+00:00,-864.0
2023-02-05 08:15:00+00:00,-486.0
2023-02-05 08:30:00+00:00,45.0
2023-02-05 08:45:00+00:00,254.0
2023-02-05 09:00:00+00:00,-3633.0
2023-02-05 09:15:00+00:00,-578.0
2023-02-05 09:30:00+00:00,-1222.0
2023-02-05 09:45:00+00:00,-1893.0
2023-02-05 10:00:00+00:00,-4161.0
2023-02-05 10:15:00+00:00,-1848.0
2023-02-05 10:30:00+00:00,-1578.0
2023-02-05 10:45:00+00:00,-1160.0
2023-02-05 11:00:00+00:00,-3904.0
2023-02-05 11:15:00+00:00,-1661.0
2023-02-05 11:30:00+00:00,-2036.0
2023-02-05 11:45:00+00:00,-2334.0
2023-02-05 12:00:00+00:00,-10269.0
2023-02-05 12:15:00+00:00,-2774.0
2023-02-05 12:30:00+00:00,-2089.0
2023-02-05 12:45:00+00:00,-1829.0
2023-02-05 13:00:00+00:00,-7785.0
2023-02-05 13:15:00+00:00,-665.0
2023-02-05 13:30:00+00:00,-1487.0
2023-02-05 13:45:00+00:00,-1628.0
2023-02-05 14:00:00+00:00,-4485.0
2023-02-05 14:15:00+00:00,-611.0
2023-02-05 14:30:00+00:00,761.0
2023-02-05 14:45:00+00:00,941.0
2023-02-05 15:00:00+00:00,-955.0
2023-02-05 15:15:00+00:00,1135.0
2023-02-05 15:30:00+00:00,1363.0
2023-02-05 15:45:00+00:00,816.0
2023-02-05 16:00:00+00:00,-2536.0
2023-02-05 16:15:00+00:00,532.0
2023-02-05 16:30:00+00:00,46.0
2023-02-05 16:45:00+00:00,-184.0
2023-02-05 17:00:00+00:00,-2369.0
2023-02-05 17:15:00+00:00,-1371.0
2023-02-05 17:30:00+00:00,-1565.0
2023-02-05 17:45:00+00:00,-2734.0
2023-02-05 18:00:00+00:00,1837.0
2023-02-05 18:15:00+00:00,-3116.0
2023-02-05 18:30:00+00:00,-3552.0
2023-02-05 18:45:00+00:00,-2854.0
2023-02-05 19:00:00+00:00,6337.0
2023-02-05 19:15:00+00:00,-1413.0
2023-02-05 19:30:00+00:00,-2206.0
2023-02-05 19:45:00+00:00,-2070.0
2023-02-05 20:00:00+00:00,3188.0
2023-02-05 20:15:00+00:00,-3069.0
2023-02-05 20:30:00+00:00,-2421.0
2023-02-05 20:45:00+00:00,-2532.0
2023-02-05 21:00:00+00:00,634.0
2023-02-05 21:15:00+00:00,-1560.0
2023-02-05 21:30:00+00:00,-1779.0
2023-02-05 21:45:00+00:00,-1779.0
2023-02-05 22:00:00+00:00,4434.0
2023-02-05 22:15:00+00:00,-2728.0
2023-02-05 22:30:00+00:00,-3539.0
2023-02-05 22:45:00+00:00,-3106.0
2023-02-05 23:00:00+00:00,5017.0
2023-02-05 23:15:00+00:00,-3246.0
2023-02-05 23:30:00+00:00,-3301.0
2023-02-05 23:45:00+00:00,-3112.0
2023-02-06 00:00:00+00:00,5057.0
2023-02-06 00:15:00+00:00,-3621.0
2023-02-06 00:30:00+00:00,-3599.0
2023-02-06 00:45:00+00:00,-3624.0
2023-02-06 01:00:00+00:00,4906.0
2023-02-06 01:15:00+00:00,-2869.0
2023-02-06 01:30:00+00:00,-2960.0
2023-02-06 01:45:00+00:00,-2957.0
2023-02-06 02:00:00+00:00,4111.0
2023-02-06 02:15:00+00:00,-537.0
2023-02-06 02:30:00+00:00,877.0
2023-02-06 02:45:00+00:00,236.0
2023-02-06 03:00:00+00:00,4728.0
2023-02-06 03:15:00+00:00,208.0
2023-02-06 03:30:00+00:00,-631.0
2023-02-06 03:45:00+00:00,-1291.0
2023-02-06 04:00:00+00:00,415.0
2023-02-06 04:15:00+00:00,-1681.0
2023-02-06 04:30:00+00:00,-1262.0
2023-02-06 04:45:00+00:00,-457.0
2023-02-06 05:00:00+00:00,-12150.0
2023-02-06 05:15:00+00:00,-890.0
2023-02-06 05:30:00+00:00,-1512.0
2023-02-06 05:45:00+00:00,-2337.0
2023-02-06 06:00:00+00:00,-15588.0
2023-02-06 06:15:00+00:00,-3325.0
2023-02-06 06:30:00+00:00,-3410.0
2023-02-06 06:45:00+00:00,-2687.0
2023-02-06 07:00:00+00:00,-10055.0
2023-02-06 07:15:00+00:00,-1645.0
2023-02-06 07:30:00+00:00,-1911.0
2023-02-06 07:45:00+00:00,-1703.0
2023-02-06 08:00:00+00:00,-9111.0
2023-02-06 08:15:00+00:00,662.0
2023-02-06 08:30:00+00:00,1587.0
2023-02-06 08:45:00+00:00,1831.0
2023-02-06 09:00:00+00:00,-7949.0
2023-02-06 09:15:00+00:00,1924.0
2023-02-06 09:30:00+00:00,275.0
2023-02-06 09:45:00+00:00,-797.0
2023-02-06 10:00:00+00:00,-15002.0
2023-02-06 10:15:00+00:00,-1580.0
2023-02-06 10:30:00+00:00,-1375.0
2023-02-06 10:45:00+00:00,-275.0
2023-02-06 11:00:00+00:00,-16624.0
2023-02-06 11:15:00+00:00,-700.0
2023-02-06 11:30:00+00:00,-1238.0
2023-02-06 11:45:00+00:00,-1875.0
2023-02-06 12:00:00+00:00,-18856.0
2023-02-06 12:15:00+00:00,-3165.0
2023-02-06 12:30:00+00:00,-3356.0
2023-02-06 12:45:00+00:00,-3871.0
2023-02-06 13:00:00+00:00,-23309.0
2023-02-06 13:15:00+00:00,-3013.0
2023-02-06 13:30:00+00:00,-1981.0
2023-02-06 13:45:00+00:00,-978.0
2023-02-06 14:00:00+00:00,-22240.0
2023-02-06 14:15:00+00:00,2325.0
2023-02-06 14:30:00+00:00,3216.0
2023-02-06 14:45:00+00:00,4036.0
2023-02-06 15:00:00+00:00,-20592.0
2023-02-06 15:15:00+00:00,3144.0
2023-02-06 15:30:00+00:00,1354.0
2023-02-06 15:45:00+00:00,-1129.0
2023-02-06 16:00:00+00:00,-21424.0
2023-02-06 16:15:00+00:00,-2389.0
2023-02-06 16:30:00+00:00,-2669.0
2023-02-06 16:45:00+00:00,-2915.0
2023-02-06 17:00:00+00:00,-18403.0
2023-02-06 17:15:00+00:00,-2350.0
2023-02-06 17:30:00+00:00,-2933.0
2023-02-06 17:45:00+00:00,-3286.0
2023-02-06 18:00:00+00:00,-19338.0
2023-02-06 18:15:00+00:00,-4725.0
2023-02-06 18:30:00+00:00,-5480.0
2023-02-06 18:45:00+00:00,-6122.0
2023-02-06 19:00:00+00:00,-19858.0
2023-02-06 19:15:00+00:00,-4849.0
2023-02-06 19:30:00+00:00,-3207.0
2023-02-06 19:45:00+00:00,-647.0
2023-02-06 20:00:00+00:00,-7501.0
2023-02-06 20:15:00+00:00,3060.0
2023-02-06 20:30:00+00:00,4094.0
2023-02-06 20:45:00+00:00,3829.0
2023-02-06 21:00:00+00:00,-5368.0
2023-02-06 21:15:00+00:00,3479.0
2023-02-06 21:30:00+00:00,3811.0
2023-02-06 21:45:00+00:00,2327.0
2023-02-06 22:00:00+00:00,-6421.0
2023-02-06 22:15:00+00:00,-410.0
2023-02-06 22:30:00+00:00,-572.0
2023-02-06 22:45:00+00:00,-235.0
2023-02-06 23:00:00+00:00,-6588.0
2023-02-06 23:15:00+00:00,-406.0
2023-02-06 23:30:00+00:00,-1674.0
2023-02-06 23:45:00+00:00,-2477.0
2023-02-07 00:00:00+00:00,-6118.0
2023-02-07 00:15:00+00:00,-3668.0
2023-02-07 00:30:00+00:00,-3377.0
2023-02-07 00:45:00+00:00,-2258.0
2023-02-07 01:00:00+00:00,-723.0
2023-02-07 01:15:00+00:00,446.0
2023-02-07 01:30:00+00:00,1270.0
2023-02-07 01:45:00+00:00,2411.0
2023-02-07 02:00:00+00:00,677.0
2023-02-07 02:15:00+00:00,4603.0
2023-02-07 02:30:00+00:00,5018.0
2023-02-07 02:45:00+00:00,4981.0
2023-02-07 03:00:00+00:00,-1239.0
2023-02-07 03:15:00+00:00,3746.0
2023-02-07 03:30:00+00:00,3927.0
2023-02-07 03:45:00+00:00,1778.0
2023-02-07 04:00:00+00:00,-5253.0
2023-02-07 04:15:00+00:00,567.0
2023-02-07 04:30:00+00:00,-324.0
2023-02-07 04:45:00+00:00,-120.0
2023-02-07 05:00:00+00:00,-15223.0
2023-02-07 05:15:00+00:00,263.0
2023-02-07 05:30:00+00:00,-591.0
2023-02-07 05:45:00+00:00,-681.0
2023-02-07 06:00:00+00:00,-20171.0
2023-02-07 06:15:00+00:00,-2062.0
2023-02-07 06:30:00+00:00,-2529.0
2023-02-07 06:45:00+00:00,-2596.0
2023-02-07 07:00:00+00:00,-14030.0
2023-02-07 07:15:00+00:00,-1725.0
2023-02-07 07:30:00+00:00,-1311.0
2023-02-07 07:45:00+00:00,-1387.0
2023-02-07 08:00:00+00:00,-3002.0
2023-02-07 08:15:00+00:00,-240.0
2023-02-07 08:30:00+00:00,-177.0
2023-02-07 08:45:00+00:00,-207.0
2023-02-07 09:00:00+00:00,3473.0
2023-02-07 09:15:00+00:00,-540.0
2023-02-07 09:30:00+00:00,-967.0
2023-02-07 09:45:00+00:00,-1557.0
2023-02-07 10:00:00+00:00,5415.0
2023-02-07 10:15:00+00:00,-2523.0
2023-02-07 10:30:00+00:00,-2952.0
2023-02-07 10:45:00+00:00,-2429.0
2023-02-07 11:00:00+00:00,2624.0
2023-02-07 11:15:00+00:00,-2499.0
2023-02-07 11:30:00+00:00,-2074.0
2023-02-07 11:45:00+00:00,-1880.0
2023-02-07 12:00:00+00:00,1001.0
2023-02-07 12:15:00+00:00,-2853.0
2023-02-07 12:30:00+00:00,-2713.0
2023-02-07 12:45:00+00:00,-2581.0
2023-02-07 13:00:00+00:00,-3251.0
2023-02-07 13:15:00+00:00,-2382.0
2023-02-07 13:30:00+00:00,-1678.0
2023-02-07 13:45:00+00:00,-31.0
2023-02-07 14:00:00+00:00,-9258.0
2023-02-07 14:15:00+00:00,1611.0
2023-02-07 14:30:00+00:00,1527.0
2023-02-07 14:45:00+00:00,1848.0
2023-02-07 15:00:00+00:00,-15223.0
2023-02-07 15:15:00+00:00,2053.0
2023-02-07 15:30:00+00:00,1487.0
2023-02-07 15:45:00+00:00,536.0
2023-02-07 16:00:00+00:00,-17733.0
2023-02-07 16:15:00+00:00,-2059.0
2023-02-07 16:30:00+00:00,-2201.0
2023-02-07 16:45:00+00:00,-1732.0
2023-02-07 17:00:00+00:00,-18111.0
2023-02-07 17:15:00+00:00,-674.0
2023-02-07 17:30:00+00:00,-1533.0
2023-02-07 17:45:00+00:00,-2059.0
2023-02-07 18:00:00+00:00,-16978.0
2023-02-07 18:15:00+00:00,-3006.0
2023-02-07 18:30:00+00:00,-3183.0
2023-02-07 18:45:00+00:00,-2601.0
2023-02-07 19:00:00+00:00,-18761.0
2023-02-07 19:15:00+00:00,-2042.0
2023-02-07 19:30:00+00:00,-1872.0
2023-02-07 19:45:00+00:00,-794.0
2023-02-07 20:00:00+00:00,-12090.0
2023-02-07 20:15:00+00:00,964.0
2023-02-07 20:30:00+00:00,1757.0
2023-02-07 20:45:00+00:00,2360.0
2023-02-07 21:00:00+00:00,-4299.0
2023-02-07 21:15:00+00:00,1998.0
2023-02-07 21:30:00+00:00,2098.0
2023-02-07 21:45:00+00:00,823.0
2023-02-07 22:00:00+00:00,-2589.0
2023-02-07 22:15:00+00:00,-404.0
2023-02-07 22:30:00+00:00,-701.0
2023-02-07 22:45:00+00:00,391.0
2023-02-07 23:00:00+00:00,460.0
2023-02-07 23:15:00+00:00,-970.0
2023-02-07 23:30:00+00:00,-461.0
2023-02-07 23:45:00+00:00,-1345.0
2023-02-08 00:00:00+00:00,2445.0
2023-02-08 00:15:00+00:00,-2739.0
2023-02-08 00:30:00+00:00,-2950.0
2023-02-08 00:45:00+00:00,-3041.0
2023-02-08 01:00:00+00:00,484.0
2023-02-08 01:15:00+00:00,-4032.0
2023-02-08 01:30:00+00:00,-3395.0
2023-02-08 01:45:00+00:00,-2929.0
2023-02-08 02:00:00+00:00,-3075.0
2023-02-08 02:15:00+00:00,-922.0
2023-02-08 02:30:00+00:00,939.0
2023-02-08 02:45:00+00:00,1284.0
2023-02-08 03:00:00+00:00,1501.0
2023-02-08 03:15:00+00:00,1207.0
2023-02-08 03:30:00+00:00,322.0
2023-02-08 03:45:00+00:00,-276.0
2023-02-08 04:00:00+00:00,-2640.0
2023-02-08 04:15:00+00:00,-1244.0
2023-02-08 04:30:00+00:00,-1721.0
2023-02-08 04:45:00+00:00,-1390.0
2023-02-08 05:00:00+00:00,-10755.0
2023-02-08 05:15:00+00:00,110.0
2023-02-08 05:30:00+00:00,-500.0
2023-02-08 05:45:00+00:00,-950.0
2023-02-08 06:00:00+00:00,-11483.0
2023-02-08 06:15:00+00:00,-1672.0
2023-02-08 06:30:00+00:00,-2061.0
2023-02-08 06:45:00+00:00,-2213.0
2023-02-08 07:00:00+00:00,-1448.0
2023-02-08 07:15:00+00:00,-2465.0
2023-02-08 07:30:00+00:00,-1885.0
2023-02-08 07:45:00+00:00,-689.0
2023-02-08 08:00:00+00:00,9080.0
2023-02-08 08:15:00+00:00,3167.0
2023-02-08 08:30:00+00:00,5018.0
2023-02-08 08:45:00+00:00,5130.0
2023-02-08 09:00:00+00:00,16071.0
2023-02-08 09:15:00+00:00,4600.0
2023-02-08 09:30:00+00:00,2663.0
2023-02-08 09:45:00+00:00,783.0
2023-02-08 10:00:00+00:00,19377.0
2023-02-08 10:15:00+00:00,-444.0
2023-02-08 10:30:00+00:00,-387.0
2023-02-08 10:45:00+00:00,101.0
2023-02-08 11:00:00+00:00,16143.0
2023-02-08 11:15:00+00:00,204.0
2023-02-08 11:30:00+00:00,-1670.0
2023-02-08 11:45:00+00:00,-2740.0
2023-02-08 12:00:00+00:00,9322.0
2023-02-08 12:15:00+00:00,-4069.0
2023-02-08 12:30:00+00:00,-4381.0
2023-02-08 12:45:00+00:00,-4401.0
2023-02-08 13:00:00+00:00,7253.0
2023-02-08 13:15:00+00:00,-3809.0
2023-02-08 13:30:00+00:00,-3107.0
2023-02-08 13:45:00+00:00,-973.0
2023-02-08 14:00:00+00:00,11065.0
2023-02-08 14:15:00+00:00,3593.0
2023-02-08 14:30:00+00:00,4374.0
2023-02-08 14:45:00+00:00,4509.0
2023-02-08 15:00:00+00:00,2939.0
2023-02-08 15:15:00+00:00,4509.0
2023-02-08 15:30:00+00:00,2965.0
2023-02-08 15:45:00+00:00,-260.0
2023-02-08 16:00:00+00:00,-5126.0
2023-02-08 16:15:00+00:00,-1295.0
2023-02-08 16:30:00+00:00,-1529.0
2023-02-08 16:45:00+00:00,-1268.0
2023-02-08 17:00:00+00:00,979.0
2023-02-08 17:15:00+00:00,-1594.0
2023-02-08 17:30:00+00:00,-2647.0
2023-02-08 17:45:00+00:00,-3032.0
2023-02-08 18:00:00+00:00,5237.0
2023-02-08 18:15:00+00:00,-4035.0
2023-02-08 18:30:00+00:00,-3647.0
2023-02-08 18:45:00+00:00,-2910.0
2023-02-08 19:00:00+00:00,17727.0
2023-02-08 19:15:00+00:00,-1676.0
2023-02-08 19:30:00+00:00,-1810.0
2023-02-08 19:45:00+00:00,-124.0
2023-02-08 20:00:00+00:00,24845.0
2023-02-08 20:15:00+00:00,953.0
2023-02-08 20:30:00+00:00,2112.0
2023-02-08 20:45:00+00:00,2149.0
2023-02-08 21:00:00+00:00,25864.0
2023-02-08 21:15:00+00:00,1268.0
2023-02-08 21:30:00+00:00,1120.0
2023-02-08 21:45:00+00:00,431.0
2023-02-08 22:00:00+00:00,22425.0
2023-02-08 22:15:00+00:00,-807.0
2023-02-08 22:30:00+00:00,-1457.0
2023-02-08 22:45:00+00:00,-1004.0
2023-02-08 23:00:00+00:00,16965.0
2023-02-08 23:15:00+00:00,-1538.0
2023-02-08 23:30:00+00:00,-2403.0
2023-02-08 23:45:00+00:00,-2435.0
2023-02-09 00:00:00+00:00,15431.0
2023-02-09 00:15:00+00:00,-2649.0
2023-02-09 00:30:00+00:00,-2872.0
2023-02-09 00:45:00+00:00,-2396.0
2023-02-09 01:00:00+00:00,15650.0
2023-02-09 01:15:00+00:00,-2431.0
2023-02-09 01:30:00+00:00,-1325.0
2023-02-09 01:45:00+00:00,-673.0
2023-02-09 02:00:00+00:00,19826.0
2023-02-09 02:15:00+00:00,331.0
2023-02-09 02:30:00+00:00,717.0
2023-02-09 02:45:00+00:00,610.0
2023-02-09 03:00:00+00:00,22273.0
2023-02-09 03:15:00+00:00,-148.0
2023-02-09 03:30:00+00:00,-151.0
2023-02-09 03:45:00+00:00,-574.0
2023-02-09 04:00:00+00:00,18747.0
2023-02-09 04:15:00+00:00,-1684.0
2023-02-09 04:30:00+00:00,-2183.0
2023-02-09 04:45:00+00:00,-1678.0
2023-02-09 05:00:00+00:00,9891.0
2023-02-09 05:15:00+00:00,-2347.0
2023-02-09 05:30:00+00:00,-3127.0
2023-02-09 05:45:00+00:00,-3466.0
2023-02-09 06:00:00+00:00,5973.0
2023-02-09 06:15:00+00:00,-3635.0
2023-02-09 06:30:00+00:00,-3463.0
2023-02-09 06:45:00+00:00,-3134.0
2023-02-09 07:00:00+00:00,8292.0
2023-02-09 07:15:00+00:00,-2593.0
2023-02-09 07:30:00+00:00,-2163.0
2023-02-09 07:45:00+00:00,-1494.0
2023-02-09 08:00:00+00:00,14970.0
2023-02-09 08:15:00+00:00,276.0
2023-02-09 08:30:00+00:00,1229.0
2023-02-09 08:45:00+00:00,1154.0
2023-02-09 09:00:00+00:00,18666.0
2023-02-09 09:15:00+00:00,1006.0
2023-02-09 09:30:00+00:00,562.0
2023-02-09 09:45:00+00:00,51.0
2023-02-09 10:00:00+00:00,16643.0
2023-02-09 10:15:00+00:00,-1332.0
2023-02-09 10:30:00+00:00,-1435.0
2023-02-09 10:45:00+00:00,-1540.0
2023-02-09 11:00:00+00:00,14696.0
2023-02-09 11:15:00+00:00,-2429.0
2023-02-09 11:30:00+00:00,-2460.0
2023-02-09 11:45:00+00:00,-2909.0
2023-02-09 12:00:00+00:00,19498.0
2023-02-09 12:15:00+00:00,-3382.0
2023-02-09 12:30:00+00:00,-3665.0
2023-02-09 12:45:00+00:00,-3576.0
2023-02-09 13:00:00+00:00,19380.0
2023-02-09 13:15:00+00:00,-3042.0
2023-02-09 13:30:00+00:00,-1948.0
2023-02-09 13:45:00+00:00,-700.0
2023-02-09 14:00:00+00:00,21731.0
2023-02-09 14:15:00+00:00,596.0
2023-02-09 14:30:00+00:00,2191.0
2023-02-09 14:45:00+00:00,2527.0
2023-02-09 15:00:00+00:00,19060.0
2023-02-09 15:15:00+00:00,2810.0
2023-02-09 15:30:00+00:00,2415.0
2023-02-09 15:45:00+00:00,1035.0
2023-02-09 16:00:00+00:00,13339.0
2023-02-09 16:15:00+00:00,61.0
2023-02-09 16:30:00+00:00,-684.0
2023-02-09 16:45:00+00:00,-984.0
2023-02-09 17:00:00+00:00,7154.0
2023-02-09 17:15:00+00:00,-1243.0
2023-02-09 17:30:00+00:00,-1688.0
2023-02-09 17:45:00+00:00,-2451.0
2023-02-09 18:00:00+00:00,3077.0
2023-02-09 18:15:00+00:00,-3637.0
2023-02-09 18:30:00+00:00,-3046.0
2023-02-09 18:45:00+00:00,-2311.0
2023-02-09 19:00:00+00:00,9360.0
2023-02-09 19:15:00+00:00,-832.0
2023-02-09 19:30:00+00:00,-113.0
2023-02-09 19:45:00+00:00,1087.0
2023-02-09 20:00:00+00:00,17380.0
2023-02-09 20:15:00+00:00,3272.0
2023-02-09 20:30:00+00:00,4083.0
2023-02-09 20:45:00+00:00,3818.0
2023-02-09 21:00:00+00:00,17417.0
2023-02-09 21:15:00+00:00,3787.0
2023-02-09 21:30:00+00:00,2784.0
2023-02-09 21:45:00+00:00,2694.0
2023-02-09 22:00:00+00:00,16548.0
2023-02-09 22:15:00+00:00,492.0
2023-02-09 22:30:00+00:00,582.0
2023-02-09 22:45:00+00:00,935.0
2023-02-09 23:00:00+00:00,19651.0
2023-02-09 23:15:00+00:00,1244.0
2023-02-09 23:30:00+00:00,384.0
2023-02-09 23:45:00+00:00,-531.0
2023-02-10 00:00:00+00:00,18015.0
2023-02-10 00:15:00+00:00,-1278.0
2023-02-10 00:30:00+00:00,-1748.0
2023-02-10 00:45:00+00:00,-1715.0
2023-02-10 01:00:00+00:00,16856.0
2023-02-10 01:15:00+00:00,-837.0
2023-02-10 01:30:00+00:00,36.0
2023-02-10 01:45:00+00:00,891.0
2023-02-10 02:00:00+00:00,20666.0
2023-02-10 02:15:00+00:00,4435.0
2023-02-10 02:30:00+00:00,5277.0
2023-02-10 02:45:00+00:00,4619.0
2023-02-10 03:00:00+00:00,22229.0
2023-02-10 03:15:00+00:00,3829.0
2023-02-10 03:30:00+00:00,4155.0
2023-02-10 03:45:00+00:00,2453.0
2023-02-10 04:00:00+00:00,21191.0
2023-02-10 04:15:00+00:00,372.0
2023-02-10 04:30:00+00:00,376.0
2023-02-10 04:45:00+00:00,847.0
2023-02-10 05:00:00+00:00,13933.0
2023-02-10 05:15:00+00:00,1302.0
2023-02-10 05:30:00+00:00,128.0
2023-02-10 05:45:00+00:00,-703.0
2023-02-10 06:00:00+00:00,5827.0
2023-02-10 06:15:00+00:00,-1602.0
2023-02-10 06:30:00+00:00,-2200.0
2023-02-10 06:45:00+00:00,-1968.0
2023-02-10 07:00:00+00:00,8605.0
2023-02-10 07:15:00+00:00,-1320.0
2023-02-10 07:30:00+00:00,-527.0
2023-02-10 07:45:00+00:00,733.0
2023-02-10 08:00:00+00:00,13133.0
2023-02-10 08:15:00+00:00,3774.0
2023-02-10 08:30:00+00:00,4128.0
2023-02-10 08:45:00+00:00,4709.0
2023-02-10 09:00:00+00:00,18550.0
2023-02-10 09:15:00+00:00,4832.0
2023-02-10 09:30:00+00:00,4678.0
2023-02-10 09:45:00+00:00,2209.0
2023-02-10 10:00:00+00:00,19467.0
2023-02-10 10:15:00+00:00,-837.0
2023-02-10 10:30:00+00:00,-1190.0
2023-02-10 10:45:00+00:00,-727.0
2023-02-10 11:00:00+00:00,19123.0
2023-02-10 11:15:00+00:00,175.0
2023-02-10 11:30:00+00:00,-670.0
2023-02-10 11:45:00+00:00,-1640.0
2023-02-10 12:00:00+00:00,17991.0
2023-02-10 12:15:00+00:00,-2865.0
2023-02-10 12:30:00+00:00,-3387.0
2023-02-10 12:45:00+00:00,-3139.0
2023-02-10 13:00:00+00:00,17230.0
2023-02-10 13:15:00+00:00,-2385.0
2023-02-10 13:30:00+00:00,-2371.0
2023-02-10 13:45:00+00:00,-1221.0
2023-02-10 14:00:00+00:00,19506.0
2023-02-10 14:15:00+00:00,1180.0
2023-02-10 14:30:00+00:00,2162.0
2023-02-10 14:45:00+00:00,2415.0
2023-02-10 15:00:00+00:00,18458.0
2023-02-10 15:15:00+00:00,2518.0
2023-02-10 15:30:00+00:00,1238.0
2023-02-10 15:45:00+00:00,308.0
2023-02-10 16:00:00+00:00,17192.0
2023-02-10 16:15:00+00:00,-1806.0
2023-02-10 16:30:00+00:00,-1980.0
2023-02-10 16:45:00+00:00,-854.0
2023-02-10 17:00:00+00:00,11363.0
2023-02-10 17:15:00+00:00,-277.0
2023-02-10 17:30:00+00:00,-239.0
2023-02-10 17:45:00+00:00,-443.0
2023-02-10 18:00:00+00:00,12660.0
2023-02-10 18:15:00+00:00,-1471.0
2023-02-10 18:30:00+00:00,-1752.0
2023-02-10 18:45:00+00:00,-2162.0
2023-02-10 19:00:00+00:00,16344.0
2023-02-10 19:15:00+00:00,-1566.0
2023-02-10 19:30:00+00:00,-1371.0
2023-02-10 19:45:00+00:00,-285.0
2023-02-10 20:00:00+00:00,21995.0
2023-02-10 20:15:00+00:00,2445.0
2023-02-10 20:30:00+00:00,3149.0
2023-02-10 20:45:00+00:00,3190.0
2023-02-10 21:00:00+00:00,24903.0
2023-02-10 21:15:00+00:00,2582.0
2023-02-10 21:30:00+00:00,2127.0
2023-02-10 21:45:00+00:00,1445.0
2023-02-10 22:00:00+00:00,23187.0
2023-02-10 22:15:00+00:00,672.0
2023-02-10 22:30:00+00:00,-27.0
2023-02-10 22:45:00+00:00,-720.0
2023-02-10 23:00:00+00:00,20709.0
2023-02-10 23:15:00+00:00,-438.0
2023-02-10 23:30:00+00:00,-1182.0
2023-02-10 23:45:00+00:00,-1916.0
2023-02-11 00:00:00+00:00,18318.0
2023-02-11 00:15:00+00:00,-3057.0
2023-02-11 00:30:00+00:00,-2999.0
2023-02-11 00:45:00+00:00,-3011.0
2023-02-11 01:00:00+00:00,19254.0
2023-02-11 01:15:00+00:00,-2137.0
2023-02-11 01:30:00+00:00,-905.0
2023-02-11 01:45:00+00:00,766.0
2023-02-11 02:00:00+00:00,25463.0
2023-02-11 02:15:00+00:00,1988.0
2023-02-11 02:30:00+00:00,2328.0
2023-02-11 02:45:00+00:00,2064.0
2023-02-11 03:00:00+00:00,22076.0
2023-02-11 03:15:00+00:00,1369.0
2023-02-11 03:30:00+00:00,767.0
2023-02-11 03:45:00+00:00,80.0
2023-02-11 04:00:00+00:00,20229.0
2023-02-11 04:15:00+00:00,-360.0
2023-02-11 04:30:00+00:00,-1388.0
2023-02-11 04:45:00+00:00,-1595.0
2023-02-11 05:00:00+00:00,17981.0
2023-02-11 05:15:00+00:00,-1256.0
2023-02-11 05:30:00+00:00,-1832.0
2023-02-11 05:45:00+00:00,-2356.0
2023-02-11 06:00:00+00:00,18374.0
2023-02-11 06:15:00+00:00,-3298.0
2023-02-11 06:30:00+00:00,-3328.0
2023-02-11 06:45:00+00:00,-2836.0
2023-02-11 07:00:00+00:00,19855.0
2023-02-11 07:15:00+00:00,-2679.0
2023-02-11 07:30:00+00:00,-1516.0
2023-02-11 07:45:00+00:00,-915.0
2023-02-11 08:00:00+00:00,23921.0
2023-02-11 08:15:00+00:00,-335.0
2023-02-11 08:30:00+00:00,125.0
2023-02-11 08:45:00+00:00,36.0
2023-02-11 09:00:00+00:00,25855.0
2023-02-11 09:15:00+00:00,369.0
2023-02-11 09:30:00+00:00,184.0
2023-02-11 09:45:00+00:00,-195.0
2023-02-11 10:00:00+00:00,21185.0
2023-02-11 10:15:00+00:00,-956.0
2023-02-11 10:30:00+00:00,-2131.0
2023-02-11 10:45:00+00:00,-1884.0
2023-02-11 11:00:00+00:00,22282.0
2023-02-11 11:15:00+00:00,-2152.0
2023-02-11 11:30:00+00:00,-2631.0
2023-02-11 11:45:00+00:00,-2576.0
2023-02-11 12:00:00+00:00,23360.0
2023-02-11 12:15:00+00:00,-3348.0
2023-02-11 12:30:00+00:00,-3328.0
2023-02-11 12:45:00+00:00,-3088.0
2023-02-11 13:00:00+00:00,23684.0
2023-02-11 13:15:00+00:00,-2564.0
2023-02-11 13:30:00+00:00,-1831.0
2023-02-11 13:45:00+00:00,-649.0
2023-02-11 14:00:00+00:00,24194.0
2023-02-11 14:15:00+00:00,-575.0
2023-02-11 14:30:00+00:00,674.0
2023-02-11 14:45:00+00:00,497.0
2023-02-11 15:00:00+00:00,24681.0
2023-02-11 15:15:00+00:00,737.0
2023-02-11 15:30:00+00:00,1015.0
2023-02-11 15:45:00+00:00,631.0
2023-02-11 16:00:00+00:00,19147.0
2023-02-11 16:15:00+00:00,-1245.0
2023-02-11 16:30:00+00:00,-2668.0
2023-02-11 16:45:00+00:00,-3099.0
2023-02-11 17:00:00+00:00,12777.0
2023-02-11 17:15:00+00:00,-3178.0
2023-02-11 17:30:00+00:00,-4078.0
2023-02-11 17:45:00+00:00,-4846.0
2023-02-11 18:00:00+00:00,10355.0
2023-02-11 18:15:00+00:00,-5113.0
2023-02-11 18:30:00+00:00,-5479.0
2023-02-11 18:45:00+00:00,-5311.0
2023-02-11 19:00:00+00:00,12599.0
2023-02-11 19:15:00+00:00,-4336.0
2023-02-11 19:30:00+00:00,-4158.0
2023-02-11 19:45:00+00:00,-3178.0
2023-02-11 20:00:00+00:00,16589.0
2023-02-11 20:15:00+00:00,-454.0
2023-02-11 20:30:00+00:00,1164.0
2023-02-11 20:45:00+00:00,1643.0
2023-02-11 21:00:00+00:00,15595.0
2023-02-11 21:15:00+00:00,392.0
2023-02-11 21:30:00+00:00,-1099.0
2023-02-11 21:45:00+00:00,-1982.0
2023-02-11 22:00:00+00:00,10991.0
2023-02-11 22:15:00+00:00,-3532.0
2023-02-11 22:30:00+00:00,-3489.0
2023-02-11 22:45:00+00:00,-4179.0
2023-02-11 23:00:00+00:00,14577.0
2023-02-11 23:15:00+00:00,-4516.0
2023-02-11 23:30:00+00:00,-5176.0
2023-02-11 23:45:00+00:00,-5452.0
2023-02-12 00:00:00+00:00,12474.0
2023-02-12 00:15:00+00:00,-5518.0
2023-02-12 00:30:00+00:00,-5642.0
2023-02-12 00:45:00+00:00,-6114.0
2023-02-12 01:00:00+00:00,12611.0
2023-02-12 01:15:00+00:00,-5571.0
2023-02-12 01:30:00+00:00,-4435.0
2023-02-12 01:45:00+00:00,-3092.0
2023-02-12 02:00:00+00:00,14896.0
2023-02-12 02:15:00+00:00,-15.0
2023-02-12 02:30:00+00:00,571.0
2023-02-12 02:45:00+00:00,118.0
2023-02-12 03:00:00+00:00,15161.0
2023-02-12 03:15:00+00:00,-1479.0
2023-02-12 03:30:00+00:00,-2734.0
2023-02-12 03:45:00+00:00,-4345.0
2023-02-12 04:00:00+00:00,11634.0
2023-02-12 04:15:00+00:00,-3770.0
2023-02-12 04:30:00+00:00,-3384.0
2023-02-12 04:45:00+00:00,-3099.0
2023-02-12 05:00:00+00:00,11487.0
2023-02-12 05:15:00+00:00,-1653.0
2023-02-12 05:30:00+00:00,-1999.0
2023-02-12 05:45:00+00:00,-2435.0
2023-02-12 06:00:00+00:00,9477.0
2023-02-12 06:15:00+00:00,-2290.0
2023-02-12 06:30:00+00:00,-1954.0
2023-02-12 06:45:00+00:00,-1847.0
2023-02-12 07:00:00+00:00,6253.0
2023-02-12 07:15:00+00:00,-1836.0
2023-02-12 07:30:00+00:00,-1849.0
2023-02-12 07:45:00+00:00,-1696.0
2023-02-12 08:00:00+00:00,2961.0
2023-02-12 08:15:00+00:00,-1132.0
2023-02-12 08:30:00+00:00,-75.0
2023-02-12 08:45:00+00:00,-393.0
2023-02-12 09:00:00+00:00,2748.0
2023-02-12 09:15:00+00:00,-50.0
2023-02-12 09:30:00+00:00,-591.0
2023-02-12 09:45:00+00:00,-873.0
2023-02-12 10:00:00+00:00,3361.0
2023-02-12 10:15:00+00:00,-1001.0
2023-02-12 10:30:00+00:00,-1933.0
2023-02-12 10:45:00+00:00,-2984.0
2023-02-12 11:00:00+00:00,2957.0
2023-02-12 11:15:00+00:00,-2459.0
2023-02-12 11:30:00+00:00,-2428.0
2023-02-12 11:45:00+00:00,-2215.0
2023-02-12 12:00:00+00:00,5716.0
2023-02-12 12:15:00+00:00,-2965.0
2023-02-12 12:30:00+00:00,-3327.0
2023-02-12 12:45:00+00:00,-2849.0
2023-02-12 13:00:00+00:00,7928.0
2023-02-12 13:15:00+00:00,-2800.0
2023-02-12 13:30:00+00:00,-3079.0
2023-02-12 13:45:00+00:00,-2485.0
2023-02-12 14:00:00+00:00,7965.0
2023-02-12 14:15:00+00:00,-1357.0
2023-02-12 14:30:00+00:00,-717.0
2023-02-12 14:45:00+00:00,-159.0
2023-02-12 15:00:00+00:00,5533.0
2023-02-12 15:15:00+00:00,-562.0
2023-02-12 15:30:00+00:00,-1228.0
2023-02-12 15:45:00+00:00,-1761.0
2023-02-12 16:00:00+00:00,201.0
2023-02-12 16:15:00+00:00,-1177.0
2023-02-12 16:30:00+00:00,-1216.0
2023-02-12 16:45:00+00:00,-2149.0
2023-02-12 17:00:00+00:00,-3238.0
2023-02-12 17:15:00+00:00,-1414.0
2023-02-12 17:30:00+00:00,-865.0
2023-02-12 17:45:00+00:00,-1077.0
2023-02-12 18:00:00+00:00,2355.0
2023-02-12 18:15:00+00:00,-2362.0
2023-02-12 18:30:00+00:00,-2669.0
2023-02-12 18:45:00+00:00,-2168.0
2023-02-12 19:00:00+00:00,5263.0
2023-02-12 19:15:00+00:00,-1397.0
2023-02-12 19:30:00+00:00,-567.0
2023-02-12 19:45:00+00:00,375.0
2023-02-12 20:00:00+00:00,11815.0
2023-02-12 20:15:00+00:00,551.0
2023-02-12 20:30:00+00:00,1601.0
2023-02-12 20:45:00+00:00,2379.0
2023-02-12 21:00:00+00:00,12048.0
2023-02-12 21:15:00+00:00,1814.0
2023-02-12 21:30:00+00:00,1672.0
2023-02-12 21:45:00+00:00,1031.0
2023-02-12 22:00:00+00:00,13738.0
2023-02-12 22:15:00+00:00,-375.0
2023-02-12 22:30:00+00:00,-1373.0
2023-02-12 22:45:00+00:00,-1354.0
2023-02-12 23:00:00+00:00,14035.0
2023-02-12 23:15:00+00:00,-1785.0
2023-02-12 23:30:00+00:00,-2099.0
2023-02-12 23:45:00+00:00,-2550.0
2023-02-13 00:00:00+00:00,9491.0
2023-02-13 00:15:00+00:00,-3741.0
2023-02-13 00:30:00+00:00,-3671.0
2023-02-13 00:45:00+00:00,-2987.0
2023-02-13 01:00:00+00:00,5993.0
2023-02-13 01:15:00+00:00,-1794.0
2023-02-13 01:30:00+00:00,-1227.0
2023-02-13 01:45:00+00:00,-572.0
2023-02-13 02:00:00+00:00,7190.0
2023-02-13 02:15:00+00:00,87.0
2023-02-13 02:30:00+00:00,207.0
2023-02-13 02:45:00+00:00,-538.0
2023-02-13 03:00:00+00:00,5544.0
2023-02-13 03:15:00+00:00,-2246.0
2023-02-13 03:30:00+00:00,-977.0
2023-02-13 03:45:00+00:00,-772.0
2023-02-13 04:00:00+00:00,4999.0
2023-02-13 04:15:00+00:00,661.0
2023-02-13 04:30:00+00:00,817.0
2023-02-13 04:45:00+00:00,1491.0
2023-02-13 05:00:00+00:00,-5775.0
2023-02-13 05:15:00+00:00,2022.0
2023-02-13 05:30:00+00:00,399.0
2023-02-13 05:45:00+00:00,-655.0
2023-02-13 06:00:00+00:00,-14181.0
2023-02-13 06:15:00+00:00,-1645.0
2023-02-13 06:30:00+00:00,-1857.0
2023-02-13 06:45:00+00:00,-1534.0
2023-02-13 07:00:00+00:00,-12708.0
2023-02-13 07:15:00+00:00,-966.0
2023-02-13 07:30:00+00:00,-1021.0
2023-02-13 07:45:00+00:00,-687.0
2023-02-13 08:00:00+00:00,-12509.0
2023-02-13 08:15:00+00:00,-296.0
2023-02-13 08:30:00+00:00,892.0
2023-02-13 08:45:00+00:00,620.0
2023-02-13 09:00:00+00:00,-7800.0
2023-02-13 09:15:00+00:00,1071.0
2023-02-13 09:30:00+00:00,86.0
2023-02-13 09:45:00+00:00,-399.0
2023-02-13 10:00:00+00:00,-5106.0
2023-02-13 10:15:00+00:00,-1715.0
2023-02-13 10:30:00+00:00,-2269.0
2023-02-13 10:45:00+00:00,-2487.0
2023-02-13 11:00:00+00:00,-6806.0
2023-02-13 11:15:00+00:00,-2867.0
2023-02-13 11:30:00+00:00,-2824.0
2023-02-13 11:45:00+00:00,-3829.0
2023-02-13 12:00:00+00:00,-10731.0
2023-02-13 12:15:00+00:00,-4891.0
2023-02-13 12:30:00+00:00,-5007.0
2023-02-13 12:45:00+00:00,-5105.0
2023-02-13 13:00:00+00:00,-8910.0
2023-02-13 13:15:00+00:00,-3700.0
2023-02-13 13:30:00+00:00,-3046.0
2023-02-13 13:45:00+00:00,-2087.0
2023-02-13 14:00:00+00:00,-7285.0
2023-02-13 14:15:00+00:00,-435.0
2023-02-13 14:30:00+00:00,1529.0
2023-02-13 14:45:00+00:00,2619.0
2023-02-13 15:00:00+00:00,-9972.0
2023-02-13 15:15:00+00:00,1007.0
2023-02-13 15:30:00+00:00,-647.0
2023-02-13 15:45:00+00:00,-2235.0
2023-02-13 16:00:00+00:00,-19071.0
2023-02-13 16:15:00+00:00,-3542.0
2023-02-13 16:30:00+00:00,-4054.0
2023-02-13 16:45:00+00:00,-4048.0
2023-02-13 17:00:00+00:00,-21120.0
2023-02-13 17:15:00+00:00,-4825.0
2023-02-13 17:30:00+00:00,-4694.0
2023-02-13 17:45:00+00:00,-5106.0
2023-02-13 18:00:00+00:00,-18539.0
2023-02-13 18:15:00+00:00,-4906.0
2023-02-13 18:30:00+00:00,-5015.0
2023-02-13 18:45:00+00:00,-5570.0
2023-02-13 19:00:00+00:00,-21437.0
2023-02-13 19:15:00+00:00,-5254.0
2023-02-13 19:30:00+00:00,-3958.0
2023-02-13 19:45:00+00:00,-1979.0
2023-02-13 20:00:00+00:00,-7002.0
2023-02-13 20:15:00+00:00,1486.0
2023-02-13 20:30:00+00:00,2250.0
2023-02-13 20:45:00+00:00,2980.0
2023-02-13 21:00:00+00:00,-336.0
2023-02-13 21:15:00+00:00,2132.0
2023-02-13 21:30:00+00:00,790.0
2023-02-13 21:45:00+00:00,-1168.0
2023-02-13 22:00:00+00:00,-3619.0
2023-02-13 22:15:00+00:00,-2457.0
2023-02-13 22:30:00+00:00,-2777.0
2023-02-13 22:45:00+00:00,-2721.0
2023-02-13 23:00:00+00:00,-2695.0
2023-02-13 23:15:00+00:00,-1799.0
2023-02-13 23:30:00+00:00,-2389.0
2023-02-13 23:45:00+00:00,-2525.0
2023-02-14 00:00:00+00:00,-3060.0
2023-02-14 00:15:00+00:00,-2577.0
2023-02-14 00:30:00+00:00,-2294.0
2023-02-14 00:45:00+00:00,-2396.0
2023-02-14 01:00:00+00:00,-3092.0
2023-02-14 01:15:00+00:00,-1389.0
2023-02-14 01:30:00+00:00,-1128.0
2023-02-14 01:45:00+00:00,-275.0
2023-02-14 02:00:00+00:00,-2507.0
2023-02-14 02:15:00+00:00,1220.0
2023-02-14 02:30:00+00:00,3156.0
2023-02-14 02:45:00+00:00,3128.0
2023-02-14 03:00:00+00:00,18.0
2023-02-14 03:15:00+00:00,3677.0
2023-02-14 03:30:00+00:00,3133.0
2023-02-14 03:45:00+00:00,2555.0
2023-02-14 04:00:00+00:00,-3149.0
2023-02-14 04:15:00+00:00,820.0
2023-02-14 04:30:00+00:00,-310.0
2023-02-14 04:45:00+00:00,-1441.0
2023-02-14 05:00:00+00:00,-12061.0
2023-02-14 05:15:00+00:00,-1466.0
2023-02-14 05:30:00+00:00,-2051.0
2023-02-14 05:45:00+00:00,-2786.0
2023-02-14 06:00:00+00:00,-14663.0
2023-02-14 06:15:00+00:00,-4074.0
2023-02-14 06:30:00+00:00,-4332.0
2023-02-14 06:45:00+00:00,-4287.0
2023-02-14 07:00:00+00:00,-14277.0
2023-02-14 07:15:00+00:00,-3813.0
2023-02-14 07:30:00+00:00,-2175.0
2023-02-14 07:45:00+00:00,-755.0
2023-02-14 08:00:00+00:00,-8277.0
2023-02-14 08:15:00+00:00,1457.0
2023-02-14 08:30:00+00:00,3371.0
2023-02-14 08:45:00+00:00,3388.0
2023-02-14 09:00:00+00:00,-3556.0
2023-02-14 09:15:00+00:00,2159.0
2023-02-14 09:30:00+00:00,1479.0
2023-02-14 09:45:00+00:00,-40.0
2023-02-14 10:00:00+00:00,-3287.0
2023-02-14 10:15:00+00:00,-1556.0
2023-02-14 10:30:00+00:00,-1626.0
2023-02-14 10:45:00+00:00,-1848.0
2023-02-14 11:00:00+00:00,-7061.0
2023-02-14 11:15:00+00:00,-2295.0
2023-02-14 11:30:00+00:00,-2208.0
2023-02-14 11:45:00+00:00,-3232.0
2023-02-14 12:00:00+00:00,-10913.0
2023-02-14 12:15:00+00:00,-3680.0
2023-02-14 12:30:00+00:00,-4020.0
2023-02-14 12:45:00+00:00,-3674.0
2023-02-14 13:00:00+00:00,-9726.0
2023-02-14 13:15:00+00:00,-2502.0
2023-02-14 13:30:00+00:00,-2650.0
2023-02-14 13:45:00+00:00,-2324.0
2023-02-14 14:00:00+00:00,-7096.0
2023-02-14 14:15:00+00:00,-1388.0
2023-02-14 14:30:00+00:00,-850.0
2023-02-14 14:45:00+00:00,-805.0
2023-02-14 15:00:00+00:00,-12598.0
2023-02-14 15:15:00+00:00,-239.0
2023-02-14 15:30:00+00:00,-680.0
2023-02-14 15:45:00+00:00,-1313.0
2023-02-14 16:00:00+00:00,-17579.0
2023-02-14 16:15:00+00:00,-2235.0
2023-02-14 16:30:00+00:00,-2333.0
2023-02-14 16:45:00+00:00,-2140.0
2023-02-14 17:00:00+00:00,-18669.0
2023-02-14 17:15:00+00:00,-2116.0
2023-02-14 17:30:00+00:00,-2838.0
2023-02-14 17:45:00+00:00,-3745.0
2023-02-14 18:00:00+00:00,-15134.0
2023-02-14 18:15:00+00:00,-4903.0
2023-02-14 18:30:00+00:00,-4818.0
2023-02-14 18:45:00+00:00,-4132.0
2023-02-14 19:00:00+00:00,-9615.0
2023-02-14 19:15:00+00:00,-4031.0
2023-02-14 19:30:00+00:00,-3883.0
2023-02-14 19:45:00+00:00,-3128.0
2023-02-14 20:00:00+00:00,-4705.0
2023-02-14 20:15:00+00:00,-1589.0
2023-02-14 20:30:00+00:00,-1845.0
2023-02-14 20:45:00+00:00,-1818.0
2023-02-14 21:00:00+00:00,-2583.0
2023-02-14 21:15:00+00:00,-3132.0
2023-02-14 21:30:00+00:00,-2532.0
2023-02-14 21:45:00+00:00,-2602.0
2023-02-14 22:00:00+00:00,-1243.0
2023-02-14 22:15:00+00:00,-2390.0
2023-02-14 22:30:00+00:00,-2406.0
2023-02-14 22:45:00+00:00,-2153.0
2023-02-14 23:00:00+00:00,-272.0
2023-02-14 23:15:00+00:00,-2007.0
2023-02-14 23:30:00+00:00,-2538.0
2023-02-14 23:45:00+00:00,-2767.0
2023-02-15 00:00:00+00:00,-1235.0
2023-02-15 00:15:00+00:00,-3004.0
2023-02-15 00:30:00+00:00,-3131.0
2023-02-15 00:45:00+00:00,-3002.0
2023-02-15 01:00:00+00:00,-997.0
2023-02-15 01:15:00+00:00,-2823.0
2023-02-15 01:30:00+00:00,-3284.0
2023-02-15 01:45:00+00:00,-4116.0
2023-02-15 02:00:00+00:00,-3552.0
2023-02-15 02:15:00+00:00,-3915.0
2023-02-15 02:30:00+00:00,-3511.0
2023-02-15 02:45:00+00:00,-3486.0
2023-02-15 03:00:00+00:00,-5633.0
2023-02-15 03:15:00+00:00,-2687.0
2023-02-15 03:30:00+00:00,-2711.0
2023-02-15 03:45:00+00:00,-2377.0
2023-02-15 04:00:00+00:00,-9151.0
2023-02-15 04:15:00+00:00,-3440.0
2023-02-15 04:30:00+00:00,-3815.0
2023-02-15 04:45:00+00:00,-3769.0
2023-02-15 05:00:00+00:00,-17201.0
2023-02-15 05:15:00+00:00,-3234.0
2023-02-15 05:30:00+00:00,-3052.0
2023-02-15 05:45:00+00:00,-2591.0
2023-02-15 06:00:00+00:00,-19745.0
2023-02-15 06:15:00+00:00,-1924.0
2023-02-15 06:30:00+00:00,-1663.0
2023-02-15 06:45:00+00:00,-1668.0
2023-02-15 07:00:00+00:00,-15212.0
2023-02-15 07:15:00+00:00,-1123.0
2023-02-15 07:30:00+00:00,-701.0
2023-02-15 07:45:00+00:00,-752.0
2023-02-15 08:00:00+00:00,-7545.0
2023-02-15 08:15:00+00:00,566.0
2023-02-15 08:30:00+00:00,696.0
2023-02-15 08:45:00+00:00,1003.0
2023-02-15 09:00:00+00:00,-324.0
2023-02-15 09:15:00+00:00,555.0
2023-02-15 09:30:00+00:00,33.0
2023-02-15 09:45:00+00:00,-1720.0
2023-02-15 10:00:00+00:00,2356.0
2023-02-15 10:15:00+00:00,-1861.0
2023-02-15 10:30:00+00:00,-1364.0
2023-02-15 10:45:00+00:00,-1315.0
2023-02-15 11:00:00+00:00,-3231.0
2023-02-15 11:15:00+00:00,-909.0
2023-02-15 11:30:00+00:00,-613.0
2023-02-15 11:45:00+00:00,173.0
2023-02-15 12:00:00+00:00,2618.0
2023-02-15 12:15:00+00:00,-35.0
2023-02-15 12:30:00+00:00,-814.0
2023-02-15 12:45:00+00:00,-978.0
2023-02-15 13:00:00+00:00,596.0
2023-02-15 13:15:00+00:00,556.0
2023-02-15 13:30:00+00:00,1385.0
2023-02-15 13:45:00+00:00,2436.0
2023-02-15 14:00:00+00:00,1750.0
2023-02-15 14:15:00+00:00,4216.0
2023-02-15 14:30:00+00:00,4568.0
2023-02-15 14:45:00+00:00,3996.0
2023-02-15 15:00:00+00:00,-2000.0
2023-02-15 15:15:00+00:00,4973.0
2023-02-15 15:30:00+00:00,4088.0
2023-02-15 15:45:00+00:00,3486.0
2023-02-15 16:00:00+00:00,-6111.0
2023-02-15 16:15:00+00:00,2751.0
2023-02-15 16:30:00+00:00,1224.0
2023-02-15 16:45:00+00:00,379.0
2023-02-15 17:00:00+00:00,-13053.0
2023-02-15 17:15:00+00:00,793.0
2023-02-15 17:30:00+00:00,-250.0
2023-02-15 17:45:00+00:00,-617.0
2023-02-15 18:00:00+00:00,-6584.0
2023-02-15 18:15:00+00:00,-7.0
2023-02-15 18:30:00+00:00,53.0
2023-02-15 18:45:00+00:00,-291.0
2023-02-15 19:00:00+00:00,1646.0
2023-02-15 19:15:00+00:00,7.0
2023-02-15 19:30:00+00:00,1087.0
2023-02-15 19:45:00+00:00,2914.0
2023-02-15 20:00:00+00:00,13547.0
2023-02-15 20:15:00+00:00,4142.0
2023-02-15 20:30:00+00:00,4468.0
2023-02-15 20:45:00+00:00,3794.0
2023-02-15 21:00:00+00:00,15779.0
2023-02-15 21:15:00+00:00,3305.0
2023-02-15 21:30:00+00:00,2737.0
2023-02-15 21:45:00+00:00,2450.0
2023-02-15 22:00:00+00:00,18027.0
2023-02-15 22:15:00+00:00,-54.0
2023-02-15 22:30:00+00:00,-420.0
2023-02-15 22:45:00+00:00,-1315.0
2023-02-15 23:00:00+00:00,21916.0
2023-02-15 23:15:00+00:00,373.0
2023-02-15 23:30:00+00:00,828.0
2023-02-15 23:45:00+00:00,1250.0
2023-02-16 00:00:00+00:00,27088.0
2023-02-16 00:15:00+00:00,1242.0
2023-02-16 00:30:00+00:00,562.0
2023-02-16 00:45:00+00:00,-216.0
2023-02-16 01:00:00+00:00,22066.0
2023-02-16 01:15:00+00:00,-691.0
2023-02-16 01:30:00+00:00,341.0
2023-02-16 01:45:00+00:00,2171.0
2023-02-16 02:00:00+00:00,25684.0
2023-02-16 02:15:00+00:00,5678.0
2023-02-16 02:30:00+00:00,5353.0
2023-02-16 02:45:00+00:00,4885.0
2023-02-16 03:00:00+00:00,25074.0
2023-02-16 03:15:00+00:00,4219.0
2023-02-16 03:30:00+00:00,2850.0
2023-02-16 03:45:00+00:00,1160.0
2023-02-16 04:00:00+00:00,17464.0
2023-02-16 04:15:00+00:00,-1596.0
2023-02-16 04:30:00+00:00,-2695.0
2023-02-16 04:45:00+00:00,-3187.0
2023-02-16 05:00:00+00:00,6178.0
2023-02-16 05:15:00+00:00,-1927.0
2023-02-16 05:30:00+00:00,-2734.0
2023-02-16 05:45:00+00:00,-2393.0
2023-02-16 06:00:00+00:00,6235.0
2023-02-16 06:15:00+00:00,-530.0
2023-02-16 06:30:00+00:00,73.0
2023-02-16 06:45:00+00:00,353.0
2023-02-16 07:00:00+00:00,9822.0
2023-02-16 07:15:00+00:00,1297.0
2023-02-16 07:30:00+00:00,1766.0
2023-02-16 07:45:00+00:00,1706.0
2023-02-16 08:00:00+00:00,20730.0
2023-02-16 08:15:00+00:00,3783.0
2023-02-16 08:30:00+00:00,4044.0
2023-02-16 08:45:00+00:00,4069.0
2023-02-16 09:00:00+00:00,27622.0
2023-02-16 09:15:00+00:00,4280.0
2023-02-16 09:30:00+00:00,4057.0
2023-02-16 09:45:00+00:00,4599.0
2023-02-16 10:00:00+00:00,26137.0
2023-02-16 10:15:00+00:00,2354.0
2023-02-16 10:30:00+00:00,1378.0
2023-02-16 10:45:00+00:00,471.0
2023-02-16 11:00:00+00:00,20649.0
2023-02-16 11:15:00+00:00,1162.0
2023-02-16 11:30:00+00:00,1082.0
2023-02-16 11:45:00+00:00,521.0
2023-02-16 12:00:00+00:00,19186.0
2023-02-16 12:15:00+00:00,-760.0
2023-02-16 12:30:00+00:00,-828.0
2023-02-16 12:45:00+00:00,-1300.0
2023-02-16 13:00:00+00:00,10759.0
2023-02-16 13:15:00+00:00,-1770.0
2023-02-16 13:30:00+00:00,-837.0
2023-02-16 13:45:00+00:00,1275.0
2023-02-16 14:00:00+00:00,6192.0
2023-02-16 14:15:00+00:00,2231.0
2023-02-16 14:30:00+00:00,2724.0
2023-02-16 14:45:00+00:00,2242.0
2023-02-16 15:00:00+00:00,687.0
2023-02-16 15:15:00+00:00,1619.0
2023-02-16 15:30:00+00:00,1433.0
2023-02-16 15:45:00+00:00,184.0
2023-02-16 16:00:00+00:00,-647.0
2023-02-16 16:15:00+00:00,-2141.0
2023-02-16 16:30:00+00:00,-3141.0
2023-02-16 16:45:00+00:00,-3201.0
2023-02-16 17:00:00+00:00,-584.0
2023-02-16 17:15:00+00:00,-3056.0
2023-02-16 17:30:00+00:00,-3166.0
2023-02-16 17:45:00+00:00,-3847.0
2023-02-16 18:00:00+00:00,-507.0
2023-02-16 18:15:00+00:00,-4107.0
2023-02-16 18:30:00+00:00,-4204.0
2023-02-16 18:45:00+00:00,-4293.0
2023-02-16 19:00:00+00:00,4799.0
2023-02-16 19:15:00+00:00,-4091.0
2023-02-16 19:30:00+00:00,-3367.0
2023-02-16 19:45:00+00:00,-2349.0
2023-02-16 20:00:00+00:00,15754.0
2023-02-16 20:15:00+00:00,538.0
2023-02-16 20:30:00+00:00,1229.0
2023-02-16 20:45:00+00:00,1182.0
2023-02-16 21:00:00+00:00,17089.0
2023-02-16 21:15:00+00:00,840.0
2023-02-16 21:30:00+00:00,-810.0
2023-02-16 21:45:00+00:00,-2001.0
2023-02-16 22:00:00+00:00,20107.0
2023-02-16 22:15:00+00:00,-2861.0
2023-02-16 22:30:00+00:00,-3866.0
2023-02-16 22:45:00+00:00,-3353.0
2023-02-16 23:00:00+00:00,22986.0
2023-02-16 23:15:00+00:00,-1910.0
2023-02-16 23:30:00+00:00,-2215.0
2023-02-16 23:45:00+00:00,-2715.0
2023-02-17 00:00:00+00:00,25113.0
2023-02-17 00:15:00+00:00,-2556.0
2023-02-17 00:30:00+00:00,-3144.0
2023-02-17 00:45:00+00:00,-3247.0
2023-02-17 01:00:00+00:00,21463.0
2023-02-17 01:15:00+00:00,-3637.0
2023-02-17 01:30:00+00:00,-3385.0
2023-02-17 01:45:00+00:00,-2863.0
2023-02-17 02:00:00+00:00,19555.0
2023-02-17 02:15:00+00:00,1245.0
2023-02-17 02:30:00+00:00,2687.0
2023-02-17 02:45:00+00:00,3273.0
2023-02-17 03:00:00+00:00,23863.0
2023-02-17 03:15:00+00:00,2569.0
2023-02-17 03:30:00+00:00,30.0
2023-02-17 03:45:00+00:00,-1375.0
2023-02-17 04:00:00+00:00,17866.0
2023-02-17 04:15:00+00:00,-2679.0
2023-02-17 04:30:00+00:00,-2439.0
2023-02-17 04:45:00+00:00,-1703.0
2023-02-17 05:00:00+00:00,14963.0
2023-02-17 05:15:00+00:00,-820.0
2023-02-17 05:30:00+00:00,-1439.0
2023-02-17 05:45:00+00:00,-1630.0
2023-02-17 06:00:00+00:00,12356.0
2023-02-17 06:15:00+00:00,-3981.0
2023-02-17 06:30:00+00:00,-4768.0
2023-02-17 06:45:00+00:00,-4599.0
2023-02-17 07:00:00+00:00,10382.0
2023-02-17 07:15:00+00:00,-3597.0
2023-02-17 07:30:00+00:00,-2247.0
2023-02-17 07:45:00+00:00,-1349.0
2023-02-17 08:00:00+00:00,21128.0
2023-02-17 08:15:00+00:00,1717.0
2023-02-17 08:30:00+00:00,2938.0
2023-02-17 08:45:00+00:00,2624.0
2023-02-17 09:00:00+00:00,24477.0
2023-02-17 09:15:00+00:00,1023.0
2023-02-17 09:30:00+00:00,-1171.0
2023-02-17 09:45:00+00:00,-2489.0
2023-02-17 10:00:00+00:00,24780.0
2023-02-17 10:15:00+00:00,-1653.0
2023-02-17 10:30:00+00:00,-1641.0
2023-02-17 10:45:00+00:00,-1454.0
2023-02-17 11:00:00+00:00,27611.0
2023-02-17 11:15:00+00:00,-1556.0
2023-02-17 11:30:00+00:00,-2680.0
2023-02-17 11:45:00+00:00,-3054.0
2023-02-17 12:00:00+00:00,26813.0
2023-02-17 12:15:00+00:00,-3877.0
2023-02-17 12:30:00+00:00,-4053.0
2023-02-17 12:45:00+00:00,-4090.0
2023-02-17 13:00:00+00:00,25472.0
2023-02-17 13:15:00+00:00,-3583.0
2023-02-17 13:30:00+00:00,-3161.0
2023-02-17 13:45:00+00:00,-2373.0
2023-02-17 14:00:00+00:00,30068.0
2023-02-17 14:15:00+00:00,868.0
2023-02-17 14:30:00+00:00,2842.0
2023-02-17 14:45:00+00:00,3347.0
2023-02-17 15:00:00+00:00,29629.0
2023-02-17 15:15:00+00:00,3217.0
2023-02-17 15:30:00+00:00,2482.0
2023-02-17 15:45:00+00:00,1571.0
2023-02-17 16:00:00+00:00,27329.0
2023-02-17 16:15:00+00:00,-633.0
2023-02-17 16:30:00+00:00,-2231.0
2023-02-17 16:45:00+00:00,-2803.0
2023-02-17 17:00:00+00:00,22549.0
2023-02-17 17:15:00+00:00,-1677.0
2023-02-17 17:30:00+00:00,-2685.0
2023-02-17 17:45:00+00:00,-3127.0
2023-02-17 18:00:00+00:00,23463.0
2023-02-17 18:15:00+00:00,-3138.0
2023-02-17 18:30:00+00:00,-2669.0
2023-02-17 18:45:00+00:00,-1936.0
2023-02-17 19:00:00+00:00,28700.0
2023-02-17 19:15:00+00:00,-68.0
2023-02-17 19:30:00+00:00,1003.0
2023-02-17 19:45:00+00:00,1946.0
2023-02-17 20:00:00+00:00,33389.0
2023-02-17 20:15:00+00:00,2194.0
2023-02-17 20:30:00+00:00,2824.0
2023-02-17 20:45:00+00:00,2889.0
2023-02-17 21:00:00+00:00,35683.0
2023-02-17 21:15:00+00:00,2312.0
2023-02-17 21:30:00+00:00,1257.0
2023-02-17 21:45:00+00:00,746.0
2023-02-17 22:00:00+00:00,31253.0
2023-02-17 22:15:00+00:00,-1525.0
2023-02-17 22:30:00+00:00,-1991.0
2023-02-17 22:45:00+00:00,-1277.0
2023-02-17 23:00:00+00:00,39525.0
2023-02-17 23:15:00+00:00,-860.0
2023-02-17 23:30:00+00:00,-774.0
2023-02-17 23:45:00+00:00,-960.0
2023-02-18 00:00:00+00:00,37647.0
2023-02-18 00:15:00+00:00,-1289.0
2023-02-18 00:30:00+00:00,-1582.0
2023-02-18 00:45:00+00:00,-1354.0
2023-02-18 01:00:00+00:00,34397.0
2023-02-18 01:15:00+00:00,15.0
2023-02-18 01:30:00+00:00,791.0
2023-02-18 01:45:00+00:00,2123.0
2023-02-18 02:00:00+00:00,36173.0
2023-02-18 02:15:00+00:00,3518.0
2023-02-18 02:30:00+00:00,4192.0
2023-02-18 02:45:00+00:00,4698.0
2023-02-18 03:00:00+00:00,32571.0
2023-02-18 03:15:00+00:00,4264.0
2023-02-18 03:30:00+00:00,2842.0
2023-02-18 03:45:00+00:00,1978.0
2023-02-18 04:00:00+00:00,25728.0
2023-02-18 04:15:00+00:00,-291.0
2023-02-18 04:30:00+00:00,-1342.0
2023-02-18 04:45:00+00:00,-1555.0
2023-02-18 05:00:00+00:00,21463.0
2023-02-18 05:15:00+00:00,-659.0
2023-02-18 05:30:00+00:00,-1225.0
2023-02-18 05:45:00+00:00,-1404.0
2023-02-18 06:00:00+00:00,17261.0
2023-02-18 06:15:00+00:00,-804.0
2023-02-18 06:30:00+00:00,-1140.0
2023-02-18 06:45:00+00:00,-1571.0
2023-02-18 07:00:00+00:00,14201.0
2023-02-18 07:15:00+00:00,-829.0
2023-02-18 07:30:00+00:00,482.0
2023-02-18 07:45:00+00:00,2278.0
2023-02-18 08:00:00+00:00,21103.0
2023-02-18 08:15:00+00:00,2863.0
2023-02-18 08:30:00+00:00,3329.0
2023-02-18 08:45:00+00:00,3661.0
2023-02-18 09:00:00+00:00,25655.0
2023-02-18 09:15:00+00:00,2922.0
2023-02-18 09:30:00+00:00,2554.0
2023-02-18 09:45:00+00:00,1590.0
2023-02-18 10:00:00+00:00,27407.0
2023-02-18 10:15:00+00:00,-356.0
2023-02-18 10:30:00+00:00,-1209.0
2023-02-18 10:45:00+00:00,-1697.0
2023-02-18 11:00:00+00:00,28705.0
2023-02-18 11:15:00+00:00,-1486.0
2023-02-18 11:30:00+00:00,-2211.0
2023-02-18 11:45:00+00:00,-3469.0
2023-02-18 12:00:00+00:00,24149.0
2023-02-18 12:15:00+00:00,-4665.0
2023-02-18 12:30:00+00:00,-4791.0
2023-02-18 12:45:00+00:00,-4501.0
2023-02-18 13:00:00+00:00,25708.0
2023-02-18 13:15:00+00:00,-4302.0
2023-02-18 13:30:00+00:00,-3316.0
2023-02-18 13:45:00+00:00,-2418.0
2023-02-18 14:00:00+00:00,22928.0
2023-02-18 14:15:00+00:00,-1686.0
2023-02-18 14:30:00+00:00,-1302.0
2023-02-18 14:45:00+00:00,-1575.0
2023-02-18 15:00:00+00:00,13865.0
2023-02-18 15:15:00+00:00,-1718.0
2023-02-18 15:30:00+00:00,-1658.0
2023-02-18 15:45:00+00:00,-2141.0
2023-02-18 16:00:00+00:00,8630.0
2023-02-18 16:15:00+00:00,-3995.0
2023-02-18 16:30:00+00:00,-4231.0
2023-02-18 16:45:00+00:00,-3021.0
2023-02-18 17:00:00+00:00,7117.0
2023-02-18 17:15:00+00:00,-1474.0
2023-02-18 17:30:00+00:00,-1198.0
2023-02-18 17:45:00+00:00,-1054.0
2023-02-18 18:00:00+00:00,11299.0
2023-02-18 18:15:00+00:00,-460.0
2023-02-18 18:30:00+00:00,-769.0
2023-02-18 18:45:00+00:00,-1142.0
2023-02-18 19:00:00+00:00,11625.0
2023-02-18 19:15:00+00:00,-230.0
2023-02-18 19:30:00+00:00,-423.0
2023-02-18 19:45:00+00:00,239.0
2023-02-18 20:00:00+00:00,9276.0
2023-02-18 20:15:00+00:00,2547.0
2023-02-18 20:30:00+00:00,3867.0
2023-02-18 20:45:00+00:00,3721.0
2023-02-18 21:00:00+00:00,9483.0
2023-02-18 21:15:00+00:00,3013.0
2023-02-18 21:30:00+00:00,1391.0
2023-02-18 21:45:00+00:00,-956.0
2023-02-18 22:00:00+00:00,5142.0
2023-02-18 22:15:00+00:00,-1930.0
2023-02-18 22:30:00+00:00,-1666.0
2023-02-18 22:45:00+00:00,-1717.0
2023-02-18 23:00:00+00:00,4657.0
2023-02-18 23:15:00+00:00,-1724.0
2023-02-18 23:30:00+00:00,-2237.0
2023-02-18 23:45:00+00:00,-1712.0
2023-02-19 00:00:00+00:00,10838.0
2023-02-19 00:15:00+00:00,-256.0
2023-02-19 00:30:00+00:00,182.0
2023-02-19 00:45:00+00:00,-237.0
2023-02-19 01:00:00+00:00,15513.0
2023-02-19 01:15:00+00:00,843.0
2023-02-19 01:30:00+00:00,2939.0
2023-02-19 01:45:00+00:00,4627.0
2023-02-19 02:00:00+00:00,22193.0
2023-02-19 02:15:00+00:00,6693.0
2023-02-19 02:30:00+00:00,6996.0
2023-02-19 02:45:00+00:00,6661.0
2023-02-19 03:00:00+00:00,20358.0
2023-02-19 03:15:00+00:00,6046.0
2023-02-19 03:30:00+00:00,5348.0
2023-02-19 03:45:00+00:00,4495.0
2023-02-19 04:00:00+00:00,19389.0
2023-02-19 04:15:00+00:00,-349.0
2023-02-19 04:30:00+00:00,-1690.0
2023-02-19 04:45:00+00:00,-1762.0
2023-02-19 05:00:00+00:00,14164.0
2023-02-19 05:15:00+00:00,-1703.0
2023-02-19 05:30:00+00:00,-1987.0
2023-02-19 05:45:00+00:00,-2227.0
2023-02-19 06:00:00+00:00,11934.0
2023-02-19 06:15:00+00:00,-1998.0
2023-02-19 06:30:00+00:00,-2035.0
2023-02-19 06:45:00+00:00,-1749.0
2023-02-19 07:00:00+00:00,11930.0
2023-02-19 07:15:00+00:00,-1791.0
2023-02-19 07:30:00+00:00,-177.0
2023-02-19 07:45:00+00:00,972.0
2023-02-19 08:00:00+00:00,13047.0
2023-02-19 08:15:00+00:00,3749.0
2023-02-19 08:30:00+00:00,2482.0
2023-02-19 08:45:00+00:00,3184.0
2023-02-19 09:00:00+00:00,13702.0
2023-02-19 09:15:00+00:00,3624.0
2023-02-19 09:30:00+00:00,2723.0
2023-02-19 09:45:00+00:00,1441.0
2023-02-19 10:00:00+00:00,9930.0
2023-02-19 10:15:00+00:00,122.0
2023-02-19 10:30:00+00:00,-792.0
2023-02-19 10:45:00+00:00,-1237.0
2023-02-19 11:00:00+00:00,13637.0
2023-02-19 11:15:00+00:00,-620.0
2023-02-19 11:30:00+00:00,-1744.0
2023-02-19 11:45:00+00:00,-2594.0
2023-02-19 12:00:00+00:00,13572.0
2023-02-19 12:15:00+00:00,-3809.0
2023-02-19 12:30:00+00:00,-4188.0
2023-02-19 12:45:00+00:00,-3920.0
2023-02-19 13:00:00+00:00,12501.0
2023-02-19 13:15:00+00:00,-3178.0
2023-02-19 13:30:00+00:00,-2115.0
2023-02-19 13:45:00+00:00,-135.0
2023-02-19 14:00:00+00:00,13386.0
2023-02-19 14:15:00+00:00,1970.0
2023-02-19 14:30:00+00:00,2094.0
2023-02-19 14:45:00+00:00,1427.0
2023-02-19 15:00:00+00:00,6106.0
2023-02-19 15:15:00+00:00,579.0
2023-02-19 15:30:00+00:00,539.0
2023-02-19 15:45:00+00:00,538.0
2023-02-19 16:00:00+00:00,6537.0
2023-02-19 16:15:00+00:00,-1476.0
2023-02-19 16:30:00+00:00,-2358.0
2023-02-19 16:45:00+00:00,-2478.0
2023-02-19 17:00:00+00:00,2429.0
2023-02-19 17:15:00+00:00,-1878.0
2023-02-19 17:30:00+00:00,-2537.0
2023-02-19 17:45:00+00:00,-3704.0
2023-02-19 18:00:00+00:00,8666.0
2023-02-19 18:15:00+00:00,-3662.0
2023-02-19 18:30:00+00:00,-3771.0
2023-02-19 18:45:00+00:00,-4077.0
2023-02-19 19:00:00+00:00,15080.0
2023-02-19 19:15:00+00:00,-2976.0
2023-02-19 19:30:00+00:00,-1882.0
2023-02-19 19:45:00+00:00,-1079.0
2023-02-19 20:00:00+00:00,19680.0
2023-02-19 20:15:00+00:00,-176.0
2023-02-19 20:30:00+00:00,140.0
2023-02-19 20:45:00+00:00,190.0
2023-02-19 21:00:00+00:00,19743.0
2023-02-19 21:15:00+00:00,189.0
2023-02-19 21:30:00+00:00,-223.0
2023-02-19 21:45:00+00:00,-1593.0
2023-02-19 22:00:00+00:00,17952.0
2023-02-19 22:15:00+00:00,-2106.0
2023-02-19 22:30:00+00:00,-2529.0
2023-02-19 22:45:00+00:00,-2325.0
2023-02-19 23:00:00+00:00,21405.0
2023-02-19 23:15:00+00:00,-2135.0
2023-02-19 23:30:00+00:00,-2327.0
2023-02-19 23:45:00+00:00,-2747.0
2023-02-20 00:00:00+00:00,27122.0
2023-02-20 00:15:00+00:00,-2940.0
2023-02-20 00:30:00+00:00,-3441.0
2023-02-20 00:45:00+00:00,-3103.0
2023-02-20 01:00:00+00:00,28772.0
2023-02-20 01:15:00+00:00,-1922.0
2023-02-20 01:30:00+00:00,-785.0
2023-02-20 01:45:00+00:00,326.0
2023-02-20 02:00:00+00:00,29895.0
2023-02-20 02:15:00+00:00,1514.0
2023-02-20 02:30:00+00:00,1592.0
2023-02-20 02:45:00+00:00,2003.0
2023-02-20 03:00:00+00:00,28289.0
2023-02-20 03:15:00+00:00,1200.0
2023-02-20 03:30:00+00:00,183.0
2023-02-20 03:45:00+00:00,-215.0
2023-02-20 04:00:00+00:00,28653.0
2023-02-20 04:15:00+00:00,-630.0
2023-02-20 04:30:00+00:00,-1197.0
2023-02-20 04:45:00+00:00,-1424.0
2023-02-20 05:00:00+00:00,27383.0
2023-02-20 05:15:00+00:00,-1841.0
2023-02-20 05:30:00+00:00,-2320.0
2023-02-20 05:45:00+00:00,-3208.0
2023-02-20 06:00:00+00:00,19701.0
2023-02-20 06:15:00+00:00,-3493.0
2023-02-20 06:30:00+00:00,-3714.0
2023-02-20 06:45:00+00:00,-4009.0
2023-02-20 07:00:00+00:00,20817.0
2023-02-20 07:15:00+00:00,-3633.0
2023-02-20 07:30:00+00:00,-3496.0
2023-02-20 07:45:00+00:00,-2875.0
2023-02-20 08:00:00+00:00,29193.0
2023-02-20 08:15:00+00:00,-2286.0
2023-02-20 08:30:00+00:00,-2116.0
2023-02-20 08:45:00+00:00,-1644.0
2023-02-20 09:00:00+00:00,36108.0
2023-02-20 09:15:00+00:00,-1441.0
2023-02-20 09:30:00+00:00,-1905.0
2023-02-20 09:45:00+00:00,-2133.0
2023-02-20 10:00:00+00:00,41113.0
2023-02-20 10:15:00+00:00,-2497.0
2023-02-20 10:30:00+00:00,-2406.0
2023-02-20 10:45:00+00:00,-2159.0
2023-02-20 11:00:00+00:00,43602.0
2023-02-20 11:15:00+00:00,-1761.0
2023-02-20 11:30:00+00:00,-1909.0
2023-02-20 11:45:00+00:00,-2005.0
2023-02-20 12:00:00+00:00,44832.0
2023-02-20 12:15:00+00:00,-2924.0
2023-02-20 12:30:00+00:00,-3228.0
2023-02-20 12:45:00+00:00,-3608.0
2023-02-20 13:00:00+00:00,39735.0
2023-02-20 13:15:00+00:00,-3979.0
2023-02-20 13:30:00+00:00,-3024.0
2023-02-20 13:45:00+00:00,-1685.0
2023-02-20 14:00:00+00:00,41735.0
2023-02-20 14:15:00+00:00,-70.0
2023-02-20 14:30:00+00:00,561.0
2023-02-20 14:45:00+00:00,637.0
2023-02-20 15:00:00+00:00,36679.0
2023-02-20 15:15:00+00:00,609.0
2023-02-20 15:30:00+00:00,-368.0
2023-02-20 15:45:00+00:00,-1807.0
2023-02-20 16:00:00+00:00,22339.0
2023-02-20 16:15:00+00:00,-3324.0
2023-02-20 16:30:00+00:00,-3387.0
2023-02-20 16:45:00+00:00,-3211.0
2023-02-20 17:00:00+00:00,18653.0
2023-02-20 17:15:00+00:00,-2526.0
2023-02-20 17:30:00+00:00,-2664.0
2023-02-20 17:45:00+00:00,-2449.0
2023-02-20 18:00:00+00:00,15980.0
2023-02-20 18:15:00+00:00,-2213.0
2023-02-20 18:30:00+00:00,-2511.0
2023-02-20 18:45:00+00:00,-2654.0
2023-02-20 19:00:00+00:00,17657.0
2023-02-20 19:15:00+00:00,-1803.0
2023-02-20 19:30:00+00:00,-464.0
2023-02-20 19:45:00+00:00,434.0
2023-02-20 20:00:00+00:00,23504.0
2023-02-20 20:15:00+00:00,3128.0
2023-02-20 20:30:00+00:00,4037.0
2023-02-20 20:45:00+00:00,3629.0
2023-02-20 21:00:00+00:00,26188.0
2023-02-20 21:15:00+00:00,3856.0
2023-02-20 21:30:00+00:00,3136.0
2023-02-20 21:45:00+00:00,2160.0
2023-02-20 22:00:00+00:00,26207.0
2023-02-20 22:15:00+00:00,369.0
2023-02-20 22:30:00+00:00,-574.0
2023-02-20 22:45:00+00:00,-942.0
2023-02-20 23:00:00+00:00,23334.0
2023-02-20 23:15:00+00:00,-506.0
2023-02-20 23:30:00+00:00,-996.0
2023-02-20 23:45:00+00:00,-1154.0
2023-02-21 00:00:00+00:00,23531.0
2023-02-21 00:15:00+00:00,-2324.0
2023-02-21 00:30:00+00:00,-2953.0
2023-02-21 00:45:00+00:00,-3010.0
2023-02-21 01:00:00+00:00,22860.0
2023-02-21 01:15:00+00:00,-2778.0
2023-02-21 01:30:00+00:00,-2550.0
2023-02-21 01:45:00+00:00,-1735.0
2023-02-21 02:00:00+00:00,23446.0
2023-02-21 02:15:00+00:00,-761.0
2023-02-21 02:30:00+00:00,-175.0
2023-02-21 02:45:00+00:00,-491.0
2023-02-21 03:00:00+00:00,21753.0
2023-02-21 03:15:00+00:00,98.0
2023-02-21 03:30:00+00:00,110.0
2023-02-21 03:45:00+00:00,-978.0
2023-02-21 04:00:00+00:00,21695.0
2023-02-21 04:15:00+00:00,-1765.0
2023-02-21 04:30:00+00:00,-1701.0
2023-02-21 04:45:00+00:00,-1965.0
2023-02-21 05:00:00+00:00,16230.0
2023-02-21 05:15:00+00:00,-1811.0
2023-02-21 05:30:00+00:00,-2131.0
2023-02-21 05:45:00+00:00,-2867.0
2023-02-21 06:00:00+00:00,4124.0
2023-02-21 06:15:00+00:00,-4124.0
2023-02-21 06:30:00+00:00,-4568.0
2023-02-21 06:45:00+00:00,-4765.0
2023-02-21 07:00:00+00:00,5113.0
2023-02-21 07:15:00+00:00,-4553.0
2023-02-21 07:30:00+00:00,-4076.0
2023-02-21 07:45:00+00:00,-2829.0
2023-02-21 08:00:00+00:00,10697.0
2023-02-21 08:15:00+00:00,-2244.0
2023-02-21 08:30:00+00:00,-1382.0
2023-02-21 08:45:00+00:00,-1168.0
2023-02-21 09:00:00+00:00,11348.0
2023-02-21 09:15:00+00:00,-1687.0
2023-02-21 09:30:00+00:00,-2128.0
2023-02-21 09:45:00+00:00,-2572.0
2023-02-21 10:00:00+00:00,11151.0
2023-02-21 10:15:00+00:00,-1926.0
2023-02-21 10:30:00+00:00,-2665.0
2023-02-21 10:45:00+00:00,-2666.0
2023-02-21 11:00:00+00:00,7831.0
2023-02-21 11:15:00+00:00,-2696.0
2023-02-21 11:30:00+00:00,-2446.0
2023-02-21 11:45:00+00:00,-2391.0
2023-02-21 12:00:00+00:00,8660.0
2023-02-21 12:15:00+00:00,-3364.0
2023-02-21 12:30:00+00:00,-3946.0
2023-02-21 12:45:00+00:00,-4089.0
2023-02-21 13:00:00+00:00,7719.0
2023-02-21 13:15:00+00:00,-3512.0
2023-02-21 13:30:00+00:00,-2822.0
2023-02-21 13:45:00+00:00,-1675.0
2023-02-21 14:00:00+00:00,8614.0
2023-02-21 14:15:00+00:00,-1043.0
2023-02-21 14:30:00+00:00,-236.0
2023-02-21 14:45:00+00:00,-84.0
2023-02-21 15:00:00+00:00,2272.0
2023-02-21 15:15:00+00:00,250.0
2023-02-21 15:30:00+00:00,156.0
2023-02-21 15:45:00+00:00,-1373.0
2023-02-21 16:00:00+00:00,-11676.0
2023-02-21 16:15:00+00:00,-2746.0
2023-02-21 16:30:00+00:00,-3390.0
2023-02-21 16:45:00+00:00,-3483.0
2023-02-21 17:00:00+00:00,-14576.0
2023-02-21 17:15:00+00:00,-3726.0
2023-02-21 17:30:00+00:00,-4037.0
2023-02-21 17:45:00+00:00,-4619.0
2023-02-21 18:00:00+00:00,-15884.0
2023-02-21 18:15:00+00:00,-5257.0
2023-02-21 18:30:00+00:00,-5273.0
2023-02-21 18:45:00+00:00,-4798.0
2023-02-21 19:00:00+00:00,-13561.0
2023-02-21 19:15:00+00:00,-4483.0
2023-02-21 19:30:00+00:00,-5044.0
2023-02-21 19:45:00+00:00,-6006.0
2023-02-21 20:00:00+00:00,-13026.0
2023-02-21 20:15:00+00:00,-5423.0
2023-02-21 20:30:00+00:00,-5579.0
2023-02-21 20:45:00+00:00,-5592.0
2023-02-21 21:00:00+00:00,-12275.0
2023-02-21 21:15:00+00:00,-5281.0
2023-02-21 21:30:00+00:00,-4526.0
2023-02-21 21:45:00+00:00,-3873.0
2023-02-21 22:00:00+00:00,-8695.0
2023-02-21 22:15:00+00:00,-3236.0
2023-02-21 22:30:00+00:00,-2647.0
2023-02-21 22:45:00+00:00,-2898.0
2023-02-21 23:00:00+00:00,-5144.0
2023-02-21 23:15:00+00:00,-2830.0
2023-02-21 23:30:00+00:00,-3727.0
2023-02-21 23:45:00+00:00,-3974.0
2023-02-22 00:00:00+00:00,-7648.0
2023-02-22 00:15:00+00:00,-5260.0
2023-02-22 00:30:00+00:00,-5083.0
2023-02-22 00:45:00+00:00,-5056.0
2023-02-22 01:00:00+00:00,-10109.0
2023-02-22 01:15:00+00:00,-4267.0
2023-02-22 01:30:00+00:00,-4311.0
2023-02-22 01:45:00+00:00,-4088.0
2023-02-22 02:00:00+00:00,-13436.0
2023-02-22 02:15:00+00:00,-3168.0
2023-02-22 02:30:00+00:00,-1751.0
2023-02-22 02:45:00+00:00,-2139.0
2023-02-22 03:00:00+00:00,-12854.0
2023-02-22 03:15:00+00:00,-2020.0
2023-02-22 03:30:00+00:00,-3176.0
2023-02-22 03:45:00+00:00,-3661.0
2023-02-22 04:00:00+00:00,-12984.0
2023-02-22 04:15:00+00:00,-3863.0
2023-02-22 04:30:00+00:00,-3907.0
2023-02-22 04:45:00+00:00,-4200.0
2023-02-22 05:00:00+00:00,-23667.0
2023-02-22 05:15:00+00:00,-3865.0
2023-02-22 05:30:00+00:00,-3530.0
2023-02-22 05:45:00+00:00,-3967.0
2023-02-22 06:00:00+00:00,-24182.0
2023-02-22 06:15:00+00:00,-4224.0
2023-02-22 06:30:00+00:00,-3990.0
2023-02-22 06:45:00+00:00,-4150.0
2023-02-22 07:00:00+00:00,-17340.0
2023-02-22 07:15:00+00:00,-4082.0
2023-02-22 07:30:00+00:00,-4151.0
2023-02-22 07:45:00+00:00,-4239.0
2023-02-22 08:00:00+00:00,-5427.0
2023-02-22 08:15:00+00:00,-1788.0
2023-02-22 08:30:00+00:00,-571.0
2023-02-22 08:45:00+00:00,-173.0
2023-02-22 09:00:00+00:00,6601.0
2023-02-22 09:15:00+00:00,492.0
2023-02-22 09:30:00+00:00,-378.0
2023-02-22 09:45:00+00:00,-611.0
2023-02-22 10:00:00+00:00,7488.0
2023-02-22 10:15:00+00:00,-2859.0
2023-02-22 10:30:00+00:00,-3084.0
2023-02-22 10:45:00+00:00,-2988.0
2023-02-22 11:00:00+00:00,9555.0
2023-02-22 11:15:00+00:00,-3190.0
2023-02-22 11:30:00+00:00,-3822.0
2023-02-22 11:45:00+00:00,-4260.0
2023-02-22 12:00:00+00:00,5157.0
2023-02-22 12:15:00+00:00,-4223.0
2023-02-22 12:30:00+00:00,-4440.0
2023-02-22 12:45:00+00:00,-4124.0
2023-02-22 13:00:00+00:00,623.0
2023-02-22 13:15:00+00:00,-3285.0
2023-02-22 13:30:00+00:00,-2026.0
2023-02-22 13:45:00+00:00,35.0
2023-02-22 14:00:00+00:00,-927.0
2023-02-22 14:15:00+00:00,2571.0
2023-02-22 14:30:00+00:00,2115.0
2023-02-22 14:45:00+00:00,1437.0
2023-02-22 15:00:00+00:00,-8092.0
2023-02-22 15:15:00+00:00,3104.0
2023-02-22 15:30:00+00:00,3722.0
2023-02-22 15:45:00+00:00,2564.0
2023-02-22 16:00:00+00:00,-12791.0
2023-02-22 16:15:00+00:00,562.0
2023-02-22 16:30:00+00:00,410.0
2023-02-22 16:45:00+00:00,277.0
2023-02-22 17:00:00+00:00,-12823.0
2023-02-22 17:15:00+00:00,-95.0
2023-02-22 17:30:00+00:00,-1730.0
2023-02-22 17:45:00+00:00,-2075.0
2023-02-22 18:00:00+00:00,-11955.0
2023-02-22 18:15:00+00:00,-1746.0
2023-02-22 18:30:00+00:00,-1956.0
2023-02-22 18:45:00+00:00,-2387.0
2023-02-22 19:00:00+00:00,-10095.0
2023-02-22 19:15:00+00:00,-2605.0
2023-02-22 19:30:00+00:00,-3444.0
2023-02-22 19:45:00+00:00,-3104.0
2023-02-22 20:00:00+00:00,-4987.0
2023-02-22 20:15:00+00:00,-2531.0
2023-02-22 20:30:00+00:00,-1688.0
2023-02-22 20:45:00+00:00,-1354.0
2023-02-22 21:00:00+00:00,1051.0
2023-02-22 21:15:00+00:00,-1541.0
2023-02-22 21:30:00+00:00,-1870.0
2023-02-22 21:45:00+00:00,-2765.0
2023-02-22 22:00:00+00:00,2223.0
2023-02-22 22:15:00+00:00,-2681.0
2023-02-22 22:30:00+00:00,-2442.0
2023-02-22 22:45:00+00:00,-2953.0
2023-02-22 23:00:00+00:00,4297.0
2023-02-22 23:15:00+00:00,-2629.0
2023-02-22 23:30:00+00:00,-3753.0
2023-02-22 23:45:00+00:00,-3861.0
2023-02-23 00:00:00+00:00,-571.0
2023-02-23 00:15:00+00:00,-3506.0
2023-02-23 00:30:00+00:00,-3559.0
2023-02-23 00:45:00+00:00,-3732.0
2023-02-23 01:00:00+00:00,-165.0
2023-02-23 01:15:00+00:00,-3301.0
2023-02-23 01:30:00+00:00,-3319.0
2023-02-23 01:45:00+00:00,-3598.0
2023-02-23 02:00:00+00:00,-3720.0
2023-02-23 02:15:00+00:00,-2128.0
2023-02-23 02:30:00+00:00,-886.0
2023-02-23 02:45:00+00:00,-229.0
2023-02-23 03:00:00+00:00,-3140.0
2023-02-23 03:15:00+00:00,524.0
2023-02-23 03:30:00+00:00,525.0
2023-02-23 03:45:00+00:00,-331.0
2023-02-23 04:00:00+00:00,-5364.0
2023-02-23 04:15:00+00:00,-2139.0
2023-02-23 04:30:00+00:00,-2041.0
2023-02-23 04:45:00+00:00,-1862.0
2023-02-23 05:00:00+00:00,-14477.0
2023-02-23 05:15:00+00:00,-2012.0
2023-02-23 05:30:00+00:00,-3433.0
2023-02-23 05:45:00+00:00,-3991.0
2023-02-23 06:00:00+00:00,-18082.0
2023-02-23 06:15:00+00:00,-5584.0
2023-02-23 06:30:00+00:00,-5475.0
2023-02-23 06:45:00+00:00,-4971.0
2023-02-23 07:00:00+00:00,-14529.0
2023-02-23 07:15:00+00:00,-4386.0
2023-02-23 07:30:00+00:00,-4886.0
2023-02-23 07:45:00+00:00,-5032.0
2023-02-23 08:00:00+00:00,-12629.0
2023-02-23 08:15:00+00:00,-4428.0
2023-02-23 08:30:00+00:00,-3577.0
2023-02-23 08:45:00+00:00,-2876.0
2023-02-23 09:00:00+00:00,-7663.0
2023-02-23 09:15:00+00:00,-2464.0
2023-02-23 09:30:00+00:00,-2889.0
2023-02-23 09:45:00+00:00,-3080.0
2023-02-23 10:00:00+00:00,-5352.0
2023-02-23 10:15:00+00:00,-1808.0
2023-02-23 10:30:00+00:00,-2890.0
2023-02-23 10:45:00+00:00,-2621.0
2023-02-23 11:00:00+00:00,-5442.0
2023-02-23 11:15:00+00:00,-3095.0
2023-02-23 11:30:00+00:00,-3651.0
2023-02-23 11:45:00+00:00,-3812.0
2023-02-23 12:00:00+00:00,-4897.0
2023-02-23 12:15:00+00:00,-3107.0
2023-02-23 12:30:00+00:00,-2880.0
2023-02-23 12:45:00+00:00,-3442.0
2023-02-23 13:00:00+00:00,-3401.0
2023-02-23 13:15:00+00:00,-1382.0
2023-02-23 13:30:00+00:00,-1198.0
2023-02-23 13:45:00+00:00,-163.0
2023-02-23 14:00:00+00:00,-2131.0
2023-02-23 14:15:00+00:00,1506.0
2023-02-23 14:30:00+00:00,3282.0
2023-02-23 14:45:00+00:00,3926.0
2023-02-23 15:00:00+00:00,-4939.0
2023-02-23 15:15:00+00:00,3858.0
2023-02-23 15:30:00+00:00,2694.0
2023-02-23 15:45:00+00:00,1823.0
2023-02-23 16:00:00+00:00,-6785.0
2023-02-23 16:15:00+00:00,779.0
2023-02-23 16:30:00+00:00,-286.0
2023-02-23 16:45:00+00:00,-1266.0
2023-02-23 17:00:00+00:00,-11032.0
2023-02-23 17:15:00+00:00,-2202.0
2023-02-23 17:30:00+00:00,-3164.0
2023-02-23 17:45:00+00:00,-3906.0
2023-02-23 18:00:00+00:00,-11762.0
2023-02-23 18:15:00+00:00,-5296.0
2023-02-23 18:30:00+00:00,-5800.0
2023-02-23 18:45:00+00:00,-5458.0
2023-02-23 19:00:00+00:00,-4791.0
2023-02-23 19:15:00+00:00,-4275.0
2023-02-23 19:30:00+00:00,-4480.0
2023-02-23 19:45:00+00:00,-3887.0
2023-02-23 20:00:00+00:00,2451.0
2023-02-23 20:15:00+00:00,-3241.0
2023-02-23 20:30:00+00:00,-2680.0
2023-02-23 20:45:00+00:00,-1790.0
2023-02-23 21:00:00+00:00,9457.0
2023-02-23 21:15:00+00:00,-1307.0
2023-02-23 21:30:00+00:00,-2020.0
2023-02-23 21:45:00+00:00,-1779.0
2023-02-23 22:00:00+00:00,12447.0
2023-02-23 22:15:00+00:00,-2766.0
2023-02-23 22:30:00+00:00,-3387.0
2023-02-23 22:45:00+00:00,-2935.0
2023-02-23 23:00:00+00:00,12548.0
2023-02-23 23:15:00+00:00,-2914.0
2023-02-23 23:30:00+00:00,-3282.0
2023-02-23 23:45:00+00:00,-3747.0
2023-02-24 00:00:00+00:00,13104.0
2023-02-24 00:15:00+00:00,-3972.0
2023-02-24 00:30:00+00:00,-4177.0
2023-02-24 00:45:00+00:00,-4366.0
2023-02-24 01:00:00+00:00,11512.0
2023-02-24 01:15:00+00:00,-3231.0
2023-02-24 01:30:00+00:00,-2952.0
2023-02-24 01:45:00+00:00,-2441.0
2023-02-24 02:00:00+00:00,13534.0
2023-02-24 02:15:00+00:00,-1339.0
2023-02-24 02:30:00+00:00,-1580.0
2023-02-24 02:45:00+00:00,-1786.0
2023-02-24 03:00:00+00:00,11883.0
2023-02-24 03:15:00+00:00,-2705.0
2023-02-24 03:30:00+00:00,-2810.0
2023-02-24 03:45:00+00:00,-2783.0
2023-02-24 04:00:00+00:00,13281.0
2023-02-24 04:15:00+00:00,-4996.0
2023-02-24 04:30:00+00:00,-4167.0
2023-02-24 04:45:00+00:00,-3819.0
2023-02-24 05:00:00+00:00,7970.0
2023-02-24 05:15:00+00:00,-4472.0
2023-02-24 05:30:00+00:00,-5398.0
2023-02-24 05:45:00+00:00,-6354.0
2023-02-24 06:00:00+00:00,2524.0
2023-02-24 06:15:00+00:00,-6753.0
2023-02-24 06:30:00+00:00,-6789.0
2023-02-24 06:45:00+00:00,-6431.0
2023-02-24 07:00:00+00:00,3804.0
2023-02-24 07:15:00+00:00,-5942.0
2023-02-24 07:30:00+00:00,-6003.0
2023-02-24 07:45:00+00:00,-5524.0
2023-02-24 08:00:00+00:00,10644.0
2023-02-24 08:15:00+00:00,-4312.0
2023-02-24 08:30:00+00:00,-3673.0
2023-02-24 08:45:00+00:00,-3862.0
2023-02-24 09:00:00+00:00,14100.0
2023-02-24 09:15:00+00:00,-3326.0
2023-02-24 09:30:00+00:00,-2912.0
2023-02-24 09:45:00+00:00,-3971.0
2023-02-24 10:00:00+00:00,11440.0
2023-02-24 10:15:00+00:00,-2831.0
2023-02-24 10:30:00+00:00,-1926.0
2023-02-24 10:45:00+00:00,-1495.0
2023-02-24 11:00:00+00:00,13462.0
2023-02-24 11:15:00+00:00,-726.0
2023-02-24 11:30:00+00:00,-1200.0
2023-02-24 11:45:00+00:00,-702.0
2023-02-24 12:00:00+00:00,15954.0
2023-02-24 12:15:00+00:00,-750.0
2023-02-24 12:30:00+00:00,-800.0
2023-02-24 12:45:00+00:00,-1079.0
2023-02-24 13:00:00+00:00,17680.0
2023-02-24 13:15:00+00:00,1688.0
2023-02-24 13:30:00+00:00,1260.0
2023-02-24 13:45:00+00:00,1019.0
2023-02-24 14:00:00+00:00,19310.0
2023-02-24 14:15:00+00:00,2316.0
2023-02-24 14:30:00+00:00,2668.0
2023-02-24 14:45:00+00:00,2822.0
2023-02-24 15:00:00+00:00,19698.0
2023-02-24 15:15:00+00:00,1522.0
2023-02-24 15:30:00+00:00,1879.0
2023-02-24 15:45:00+00:00,1443.0
2023-02-24 16:00:00+00:00,19989.0
2023-02-24 16:15:00+00:00,1346.0
2023-02-24 16:30:00+00:00,526.0
2023-02-24 16:45:00+00:00,168.0
2023-02-24 17:00:00+00:00,14804.0
2023-02-24 17:15:00+00:00,495.0
2023-02-24 17:30:00+00:00,-362.0
2023-02-24 17:45:00+00:00,-503.0
2023-02-24 18:00:00+00:00,10676.0
2023-02-24 18:15:00+00:00,-876.0
2023-02-24 18:30:00+00:00,-479.0
2023-02-24 18:45:00+00:00,-32.0
2023-02-24 19:00:00+00:00,8591.0
2023-02-24 19:15:00+00:00,353.0
2023-02-24 19:30:00+00:00,-286.0
2023-02-24 19:45:00+00:00,-119.0
2023-02-24 20:00:00+00:00,18760.0
2023-02-24 20:15:00+00:00,1695.0
2023-02-24 20:30:00+00:00,2642.0
2023-02-24 20:45:00+00:00,2769.0
2023-02-24 21:00:00+00:00,20370.0
2023-02-24 21:15:00+00:00,2075.0
2023-02-24 21:30:00+00:00,1308.0
2023-02-24 21:45:00+00:00,1709.0
2023-02-24 22:00:00+00:00,22687.0
2023-02-24 22:15:00+00:00,553.0
2023-02-24 22:30:00+00:00,535.0
2023-02-24 22:45:00+00:00,418.0
2023-02-24 23:00:00+00:00,26024.0
2023-02-24 23:15:00+00:00,15.0
2023-02-24 23:30:00+00:00,-1240.0
2023-02-24 23:45:00+00:00,-1594.0
2023-02-25 00:00:00+00:00,23116.0
2023-02-25 00:15:00+00:00,-2896.0
2023-02-25 00:30:00+00:00,-3244.0
2023-02-25 00:45:00+00:00,-3255.0
2023-02-25 01:00:00+00:00,21198.0
2023-02-25 01:15:00+00:00,-4131.0
2023-02-25 01:30:00+00:00,-4666.0
2023-02-25 01:45:00+00:00,-4035.0
2023-02-25 02:00:00+00:00,22631.0
2023-02-25 02:15:00+00:00,-1786.0
2023-02-25 02:30:00+00:00,-186.0
2023-02-25 02:45:00+00:00,-671.0
2023-02-25 03:00:00+00:00,26966.0
2023-02-25 03:15:00+00:00,-955.0
2023-02-25 03:30:00+00:00,-1351.0
2023-02-25 03:45:00+00:00,-1567.0
2023-02-25 04:00:00+00:00,23867.0
2023-02-25 04:15:00+00:00,-2388.0
2023-02-25 04:30:00+00:00,-2738.0
2023-02-25 04:45:00+00:00,-2713.0
2023-02-25 05:00:00+00:00,24884.0
2023-02-25 05:15:00+00:00,-3207.0
2023-02-25 05:30:00+00:00,-4054.0
2023-02-25 05:45:00+00:00,-4571.0
2023-02-25 06:00:00+00:00,19252.0
2023-02-25 06:15:00+00:00,-5575.0
2023-02-25 06:30:00+00:00,-5159.0
2023-02-25 06:45:00+00:00,-5079.0
2023-02-25 07:00:00+00:00,17391.0
2023-02-25 07:15:00+00:00,-4211.0
2023-02-25 07:30:00+00:00,-3769.0
2023-02-25 07:45:00+00:00,-3488.0
2023-02-25 08:00:00+00:00,16429.0
2023-02-25 08:15:00+00:00,-1789.0
2023-02-25 08:30:00+00:00,-1168.0
2023-02-25 08:45:00+00:00,-758.0
2023-02-25 09:00:00+00:00,19023.0
2023-02-25 09:15:00+00:00,-1681.0
2023-02-25 09:30:00+00:00,-1688.0
2023-02-25 09:45:00+00:00,-2686.0
2023-02-25 10:00:00+00:00,18657.0
2023-02-25 10:15:00+00:00,-3865.0
2023-02-25 10:30:00+00:00,-3840.0
2023-02-25 10:45:00+00:00,-3336.0
2023-02-25 11:00:00+00:00,18095.0
2023-02-25 11:15:00+00:00,-4022.0
2023-02-25 11:30:00+00:00,-4779.0
2023-02-25 11:45:00+00:00,-5189.0
2023-02-25 12:00:00+00:00,16623.0
2023-02-25 12:15:00+00:00,-5384.0
2023-02-25 12:30:00+00:00,-5330.0
2023-02-25 12:45:00+00:00,-5483.0
2023-02-25 13:00:00+00:00,18298.0
2023-02-25 13:15:00+00:00,-5001.0
2023-02-25 13:30:00+00:00,-4880.0
2023-02-25 13:45:00+00:00,-4089.0
2023-02-25 14:00:00+00:00,14825.0
2023-02-25 14:15:00+00:00,-2436.0
2023-02-25 14:30:00+00:00,-1481.0
2023-02-25 14:45:00+00:00,-1408.0
2023-02-25 15:00:00+00:00,15319.0
2023-02-25 15:15:00+00:00,-2187.0
2023-02-25 15:30:00+00:00,-2462.0
2023-02-25 15:45:00+00:00,-3513.0
2023-02-25 16:00:00+00:00,15960.0
2023-02-25 16:15:00+00:00,-5187.0
2023-02-25 16:30:00+00:00,-5062.0
2023-02-25 16:45:00+00:00,-4424.0
2023-02-25 17:00:00+00:00,12417.0
2023-02-25 17:15:00+00:00,-4096.0
2023-02-25 17:30:00+00:00,-3506.0
2023-02-25 17:45:00+00:00,-4207.0
2023-02-25 18:00:00+00:00,10634.0
2023-02-25 18:15:00+00:00,-4675.0
2023-02-25 18:30:00+00:00,-5072.0
2023-02-25 18:45:00+00:00,-5103.0
2023-02-25 19:00:00+00:00,12578.0
2023-02-25 19:15:00+00:00,-4965.0
2023-02-25 19:30:00+00:00,-5882.0
2023-02-25 19:45:00+00:00,-6013.0
2023-02-25 20:00:00+00:00,13756.0
2023-02-25 20:15:00+00:00,-4556.0
2023-02-25 20:30:00+00:00,-3888.0
2023-02-25 20:45:00+00:00,-3432.0
2023-02-25 21:00:00+00:00,17330.0
2023-02-25 21:15:00+00:00,-1436.0
2023-02-25 21:30:00+00:00,-2378.0
2023-02-25 21:45:00+00:00,-3421.0
2023-02-25 22:00:00+00:00,16167.0
2023-02-25 22:15:00+00:00,-4272.0
2023-02-25 22:30:00+00:00,-4693.0
2023-02-25 22:45:00+00:00,-5371.0
2023-02-25 23:00:00+00:00,12666.0
2023-02-25 23:15:00+00:00,-5146.0
2023-02-25 23:30:00+00:00,-5175.0
2023-02-25 23:45:00+00:00,-5114.0
2023-02-26 00:00:00+00:00,12502.0
2023-02-26 00:15:00+00:00,-5832.0
2023-02-26 00:30:00+00:00,-5591.0
2023-02-26 00:45:00+00:00,-5756.0
2023-02-26 01:00:00+00:00,12325.0
2023-02-26 01:15:00+00:00,-5429.0
2023-02-26 01:30:00+00:00,-5258.0
2023-02-26 01:45:00+00:00,-4045.0
2023-02-26 02:00:00+00:00,15789.0
2023-02-26 02:15:00+00:00,44.0
2023-02-26 02:30:00+00:00,494.0
2023-02-26 02:45:00+00:00,436.0
2023-02-26 03:00:00+00:00,18311.0
2023-02-26 03:15:00+00:00,-428.0
2023-02-26 03:30:00+00:00,-3031.0
2023-02-26 03:45:00+00:00,-4656.0
2023-02-26 04:00:00+00:00,11441.0
2023-02-26 04:15:00+00:00,-5702.0
2023-02-26 04:30:00+00:00,-5663.0
2023-02-26 04:45:00+00:00,-5448.0
2023-02-26 05:00:00+00:00,15140.0
2023-02-26 05:15:00+00:00,-4082.0
2023-02-26 05:30:00+00:00,-5368.0
2023-02-26 05:45:00+00:00,-5318.0
2023-02-26 06:00:00+00:00,11053.0
2023-02-26 06:15:00+00:00,-5680.0
2023-02-26 06:30:00+00:00,-6113.0
2023-02-26 06:45:00+00:00,-6254.0
2023-02-26 07:00:00+00:00,11704.0
2023-02-26 07:15:00+00:00,-5822.0
2023-02-26 07:30:00+00:00,-5129.0
2023-02-26 07:45:00+00:00,-4015.0
2023-02-26 08:00:00+00:00,12827.0
2023-02-26 08:15:00+00:00,-2747.0
2023-02-26 08:30:00+00:00,-2527.0
2023-02-26 08:45:00+00:00,-2908.0
2023-02-26 09:00:00+00:00,4773.0
2023-02-26 09:15:00+00:00,-3725.0
2023-02-26 09:30:00+00:00,-4289.0
2023-02-26 09:45:00+00:00,-4651.0
2023-02-26 10:00:00+00:00,44.0
2023-02-26 10:15:00+00:00,-4828.0
2023-02-26 10:30:00+00:00,-5104.0
2023-02-26 10:45:00+00:00,-4380.0
2023-02-26 11:00:00+00:00,3233.0
2023-02-26 11:15:00+00:00,-4070.0
2023-02-26 11:30:00+00:00,-4985.0
2023-02-26 11:45:00+00:00,-5290.0
2023-02-26 12:00:00+00:00,4847.0
2023-02-26 12:15:00+00:00,-6144.0
2023-02-26 12:30:00+00:00,-6091.0
2023-02-26 12:45:00+00:00,-6027.0
2023-02-26 13:00:00+00:00,1687.0
2023-02-26 13:15:00+00:00,-5413.0
2023-02-26 13:30:00+00:00,-5725.0
2023-02-26 13:45:00+00:00,-5172.0
2023-02-26 14:00:00+00:00,-656.0
2023-02-26 14:15:00+00:00,-3322.0
2023-02-26 14:30:00+00:00,-2371.0
2023-02-26 14:45:00+00:00,-2133.0
2023-02-26 15:00:00+00:00,1302.0
2023-02-26 15:15:00+00:00,-3640.0
2023-02-26 15:30:00+00:00,-3222.0
2023-02-26 15:45:00+00:00,-3483.0
2023-02-26 16:00:00+00:00,-3492.0
2023-02-26 16:15:00+00:00,-3179.0
2023-02-26 16:30:00+00:00,-3794.0
2023-02-26 16:45:00+00:00,-4423.0
2023-02-26 17:00:00+00:00,38.0
2023-02-26 17:15:00+00:00,-4561.0
2023-02-26 17:30:00+00:00,-4791.0
2023-02-26 17:45:00+00:00,-5740.0
2023-02-26 18:00:00+00:00,-1474.0
2023-02-26 18:15:00+00:00,-6228.0
2023-02-26 18:30:00+00:00,-5990.0
2023-02-26 18:45:00+00:00,-6032.0
2023-02-26 19:00:00+00:00,2703.0
2023-02-26 19:15:00+00:00,-5091.0
2023-02-26 19:30:00+00:00,-4237.0
2023-02-26 19:45:00+00:00,-4401.0
2023-02-26 20:00:00+00:00,2948.0
2023-02-26 20:15:00+00:00,-2211.0
2023-02-26 20:30:00+00:00,-1707.0
2023-02-26 20:45:00+00:00,-1757.0
2023-02-26 21:00:00+00:00,5530.0
2023-02-26 21:15:00+00:00,-2225.0
2023-02-26 21:30:00+00:00,-2250.0
2023-02-26 21:45:00+00:00,-2915.0
2023-02-26 22:00:00+00:00,6770.0
2023-02-26 22:15:00+00:00,-3217.0
2023-02-26 22:30:00+00:00,-3752.0
2023-02-26 22:45:00+00:00,-3060.0
2023-02-26 23:00:00+00:00,5374.0
2023-02-26 23:15:00+00:00,-4147.0
2023-02-26 23:30:00+00:00,-3871.0
2023-02-26 23:45:00+00:00,-4073.0
2023-02-27 00:00:00+00:00,3866.0
2023-02-27 00:15:00+00:00,-5142.0
2023-02-27 00:30:00+00:00,-4583.0
2023-02-27 00:45:00+00:00,-5109.0
2023-02-27 01:00:00+00:00,2957.0
2023-02-27 01:15:00+00:00,-5253.0
2023-02-27 01:30:00+00:00,-5459.0
2023-02-27 01:45:00+00:00,-4906.0
2023-02-27 02:00:00+00:00,4396.0
2023-02-27 02:15:00+00:00,-3800.0
2023-02-27 02:30:00+00:00,-2992.0
2023-02-27 02:45:00+00:00,-2795.0
2023-02-27 03:00:00+00:00,5343.0
2023-02-27 03:15:00+00:00,-3445.0
2023-02-27 03:30:00+00:00,-3038.0
2023-02-27 03:45:00+00:00,-2959.0
2023-02-27 04:00:00+00:00,-3192.0
2023-02-27 04:15:00+00:00,-2854.0
2023-02-27 04:30:00+00:00,-2818.0
2023-02-27 04:45:00+00:00,-2661.0
2023-02-27 05:00:00+00:00,-9439.0
2023-02-27 05:15:00+00:00,-3490.0
2023-02-27 05:30:00+00:00,-4042.0
2023-02-27 05:45:00+00:00,-4230.0
2023-02-27 06:00:00+00:00,-10236.0
2023-02-27 06:15:00+00:00,-4729.0
2023-02-27 06:30:00+00:00,-5028.0
2023-02-27 06:45:00+00:00,-4803.0
2023-02-27 07:00:00+00:00,-3635.0
2023-02-27 07:15:00+00:00,-4502.0
2023-02-27 07:30:00+00:00,-4241.0
2023-02-27 07:45:00+00:00,-3560.0
2023-02-27 08:00:00+00:00,4574.0
2023-02-27 08:15:00+00:00,-2339.0
2023-02-27 08:30:00+00:00,-301.0
2023-02-27 08:45:00+00:00,179.0
2023-02-27 09:00:00+00:00,8859.0
2023-02-27 09:15:00+00:00,127.0
2023-02-27 09:30:00+00:00,-408.0
2023-02-27 09:45:00+00:00,-931.0
2023-02-27 10:00:00+00:00,4559.0
2023-02-27 10:15:00+00:00,-2832.0
2023-02-27 10:30:00+00:00,-2720.0
2023-02-27 10:45:00+00:00,-1914.0
2023-02-27 11:00:00+00:00,6057.0
2023-02-27 11:15:00+00:00,-1500.0
2023-02-27 11:30:00+00:00,-1846.0
2023-02-27 11:45:00+00:00,-2015.0
2023-02-27 12:00:00+00:00,6686.0
2023-02-27 12:15:00+00:00,-3174.0
2023-02-27 12:30:00+00:00,-3542.0
2023-02-27 12:45:00+00:00,-3591.0
2023-02-27 13:00:00+00:00,2143.0
2023-02-27 13:15:00+00:00,-3165.0
2023-02-27 13:30:00+00:00,-2569.0
2023-02-27 13:45:00+00:00,-1976.0
2023-02-27 14:00:00+00:00,-1388.0
2023-02-27 14:15:00+00:00,-82.0
2023-02-27 14:30:00+00:00,620.0
2023-02-27 14:45:00+00:00,610.0
2023-02-27 15:00:00+00:00,-5831.0
2023-02-27 15:15:00+00:00,-127.0
2023-02-27 15:30:00+00:00,-1046.0
2023-02-27 15:45:00+00:00,-1683.0
2023-02-27 16:00:00+00:00,-14166.0
2023-02-27 16:15:00+00:00,-2249.0
2023-02-27 16:30:00+00:00,-1857.0
2023-02-27 16:45:00+00:00,-2035.0
2023-02-27 17:00:00+00:00,-15000.0
2023-02-27 17:15:00+00:00,-3353.0
2023-02-27 17:30:00+00:00,-3302.0
2023-02-27 17:45:00+00:00,-3813.0
2023-02-27 18:00:00+00:00,-13782.0
2023-02-27 18:15:00+00:00,-4288.0
2023-02-27 18:30:00+00:00,-4509.0
2023-02-27 18:45:00+00:00,-4919.0
2023-02-27 19:00:00+00:00,-13182.0
2023-02-27 19:15:00+00:00,-4781.0
2023-02-27 19:30:00+00:00,-4699.0
2023-02-27 19:45:00+00:00,-3302.0
2023-02-27 20:00:00+00:00,-7892.0
2023-02-27 20:15:00+00:00,271.0
2023-02-27 20:30:00+00:00,1518.0
2023-02-27 20:45:00+00:00,2079.0
2023-02-27 21:00:00+00:00,-1300.0
2023-02-27 21:15:00+00:00,1734.0
2023-02-27 21:30:00+00:00,1044.0
2023-02-27 21:45:00+00:00,-546.0
2023-02-27 22:00:00+00:00,-3092.0
2023-02-27 22:15:00+00:00,-2798.0
2023-02-27 22:30:00+00:00,-2873.0
2023-02-27 22:45:00+00:00,-2652.0
2023-02-27 23:00:00+00:00,-3282.0
2023-02-27 23:15:00+00:00,-3343.0
2023-02-27 23:30:00+00:00,-3312.0
2023-02-27 23:45:00+00:00,-3806.0
2023-02-28 00:00:00+00:00,-4573.0
2023-02-28 00:15:00+00:00,-5008.0
2023-02-28 00:30:00+00:00,-4762.0
2023-02-28 00:45:00+00:00,-4331.0
2023-02-28 01:00:00+00:00,-7413.0
2023-02-28 01:15:00+00:00,-3329.0
2023-02-28 01:30:00+00:00,-2779.0
2023-02-28 01:45:00+00:00,-1622.0
2023-02-28 02:00:00+00:00,-981.0
2023-02-28 02:15:00+00:00,140.0
2023-02-28 02:30:00+00:00,1190.0
2023-02-28 02:45:00+00:00,959.0
2023-02-28 03:00:00+00:00,-391.0
2023-02-28 03:15:00+00:00,1350.0
2023-02-28 03:30:00+00:00,1264.0
2023-02-28 03:45:00+00:00,659.0
2023-02-28 04:00:00+00:00,-4263.0
2023-02-28 04:15:00+00:00,-1399.0
2023-02-28 04:30:00+00:00,-1825.0
2023-02-28 04:45:00+00:00,-1233.0
2023-02-28 05:00:00+00:00,-15360.0
2023-02-28 05:15:00+00:00,-1759.0
2023-02-28 05:30:00+00:00,-1691.0
2023-02-28 05:45:00+00:00,-1784.0
2023-02-28 06:00:00+00:00,-12120.0
2023-02-28 06:15:00+00:00,-2847.0
2023-02-28 06:30:00+00:00,-3056.0
2023-02-28 06:45:00+00:00,-2566.0
2023-02-28 07:00:00+00:00,-4461.0
2023-02-28 07:15:00+00:00,-2569.0
2023-02-28 07:30:00+00:00,-1714.0
2023-02-28 07:45:00+00:00,-788.0
2023-02-28 08:00:00+00:00,3488.0
2023-02-28 08:15:00+00:00,555.0
2023-02-28 08:30:00+00:00,969.0
2023-02-28 08:45:00+00:00,1136.0
2023-02-28 09:00:00+00:00,6937.0
2023-02-28 09:15:00+00:00,1486.0
2023-02-28 09:30:00+00:00,568.0
2023-02-28 09:45:00+00:00,-85.0
2023-02-28 10:00:00+00:00,3545.0
2023-02-28 10:15:00+00:00,-2054.0
2023-02-28 10:30:00+00:00,-2028.0
2023-02-28 10:45:00+00:00,-1215.0
2023-02-28 11:00:00+00:00,2662.0
2023-02-28 11:15:00+00:00,-1340.0
2023-02-28 11:30:00+00:00,-2028.0
2023-02-28 11:45:00+00:00,-2511.0
2023-02-28 12:00:00+00:00,602.0
2023-02-28 12:15:00+00:00,-3134.0
2023-02-28 12:30:00+00:00,-3019.0
2023-02-28 12:45:00+00:00,-3536.0
2023-02-28 13:00:00+00:00,-1255.0
2023-02-28 13:15:00+00:00,-3129.0
2023-02-28 13:30:00+00:00,-2191.0
2023-02-28 13:45:00+00:00,-643.0
2023-02-28 14:00:00+00:00,664.0
2023-02-28 14:15:00+00:00,1831.0
2023-02-28 14:30:00+00:00,2475.0
2023-02-28 14:45:00+00:00,2974.0
2023-02-28 15:00:00+00:00,-2422.0
2023-02-28 15:15:00+00:00,3036.0
2023-02-28 15:30:00+00:00,2353.0
2023-02-28 15:45:00+00:00,1318.0
2023-02-28 16:00:00+00:00,-15756.0
2023-02-28 16:15:00+00:00,-1348.0
2023-02-28 16:30:00+00:00,-1072.0
2023-02-28 16:45:00+00:00,-1095.0
2023-02-28 17:00:00+00:00,-17869.0
2023-02-28 17:15:00+00:00,-455.0
2023-02-28 17:30:00+00:00,-897.0
2023-02-28 17:45:00+00:00,-1936.0
2023-02-28 18:00:00+00:00,-20692.0
2023-02-28 18:15:00+00:00,-2587.0
2023-02-28 18:30:00+00:00,-2880.0
2023-02-28 18:45:00+00:00,-3199.0
2023-02-28 19:00:00+00:00,-19593.0
2023-02-28 19:15:00+00:00,-2331.0
2023-02-28 19:30:00+00:00,-1376.0
2023-02-28 19:45:00+00:00,-819.0
2023-02-28 20:00:00+00:00,-10583.0
2023-02-28 20:15:00+00:00,342.0
2023-02-28 20:30:00+00:00,650.0
2023-02-28 20:45:00+00:00,207.0
2023-02-28 21:00:00+00:00,-8334.0
2023-02-28 21:15:00+00:00,-1291.0
2023-02-28 21:30:00+00:00,-1346.0
2023-02-28 21:45:00+00:00,-590.0
2023-02-28 22:00:00+00:00,-6861.0
2023-02-28 22:15:00+00:00,-1436.0
2023-02-28 22:30:00+00:00,-753.0
2023-02-28 22:45:00+00:00,-424.0
2023-02-28 23:00:00+00:00,-3320.0
2023-02-28 23:15:00+00:00,582.0
2023-02-28 23:30:00+00:00,736.0
2023-02-28 23:45:00+00:00,-548.0
2023-03-01 00:00:00+00:00,-6308.0
2023-03-01 00:15:00+00:00,-1326.0
2023-03-01 00:30:00+00:00,-1411.0
2023-03-01 00:45:00+00:00,-860.0
2023-03-01 01:00:00+00:00,-7535.0
2023-03-01 01:15:00+00:00,-1191.0
2023-03-01 01:30:00+00:00,-933.0
2023-03-01 01:45:00+00:00,-964.0
2023-03-01 02:00:00+00:00,-6845.0
2023-03-01 02:15:00+00:00,-2097.0
2023-03-01 02:30:00+00:00,-1395.0
2023-03-01 02:45:00+00:00,-1214.0
2023-03-01 03:00:00+00:00,-10730.0
2023-03-01 03:15:00+00:00,-1114.0
2023-03-01 03:30:00+00:00,-1130.0
2023-03-01 03:45:00+00:00,-422.0
2023-03-01 04:00:00+00:00,-12391.0
2023-03-01 04:15:00+00:00,-2181.0
2023-03-01 04:30:00+00:00,-1543.0
2023-03-01 04:45:00+00:00,-1763.0
2023-03-01 05:00:00+00:00,-16259.0
2023-03-01 05:15:00+00:00,-1382.0
2023-03-01 05:30:00+00:00,-953.0
2023-03-01 05:45:00+00:00,-1362.0
2023-03-01 06:00:00+00:00,-17075.0
2023-03-01 06:15:00+00:00,-2031.0
2023-03-01 06:30:00+00:00,-2131.0
2023-03-01 06:45:00+00:00,-2102.0
2023-03-01 07:00:00+00:00,-8969.0
2023-03-01 07:15:00+00:00,-1808.0
2023-03-01 07:30:00+00:00,-1146.0
2023-03-01 07:45:00+00:00,-356.0
2023-03-01 08:00:00+00:00,2508.0
2023-03-01 08:15:00+00:00,1095.0
2023-03-01 08:30:00+00:00,2162.0
2023-03-01 08:45:00+00:00,2188.0
2023-03-01 09:00:00+00:00,10926.0
2023-03-01 09:15:00+00:00,1604.0
2023-03-01 09:30:00+00:00,-5.0
2023-03-01 09:45:00+00:00,-452.0
2023-03-01 10:00:00+00:00,8344.0
2023-03-01 10:15:00+00:00,-1737.0
2023-03-01 10:30:00+00:00,-1665.0
2023-03-01 10:45:00+00:00,-1436.0
2023-03-01 11:00:00+00:00,8589.0
2023-03-01 11:15:00+00:00,-2137.0
2023-03-01 11:30:00+00:00,-2008.0
2023-03-01 11:45:00+00:00,-2230.0
2023-03-01 12:00:00+00:00,6449.0
2023-03-01 12:15:00+00:00,-2774.0
2023-03-01 12:30:00+00:00,-2421.0
2023-03-01 12:45:00+00:00,-2882.0
2023-03-01 13:00:00+00:00,4002.0
2023-03-01 13:15:00+00:00,-2678.0
2023-03-01 13:30:00+00:00,-2968.0
2023-03-01 13:45:00+00:00,-3733.0
2023-03-01 14:00:00+00:00,-89.0
2023-03-01 14:15:00+00:00,-3507.0
2023-03-01 14:30:00+00:00,-2356.0
2023-03-01 14:45:00+00:00,-2493.0
2023-03-01 15:00:00+00:00,-3591.0
2023-03-01 15:15:00+00:00,-2026.0
2023-03-01 15:30:00+00:00,-1572.0
2023-03-01 15:45:00+00:00,-784.0
2023-03-01 16:00:00+00:00,-13098.0
2023-03-01 16:15:00+00:00,-821.0
2023-03-01 16:30:00+00:00,-732.0
2023-03-01 16:45:00+00:00,-661.0
2023-03-01 17:00:00+00:00,-15352.0
2023-03-01 17:15:00+00:00,281.0
2023-03-01 17:30:00+00:00,-1696.0
2023-03-01 17:45:00+00:00,-2185.0
2023-03-01 18:00:00+00:00,-15488.0
2023-03-01 18:15:00+00:00,-3212.0
2023-03-01 18:30:00+00:00,-3112.0
2023-03-01 18:45:00+00:00,-2865.0
2023-03-01 19:00:00+00:00,-9472.0
2023-03-01 19:15:00+00:00,-2332.0
2023-03-01 19:30:00+00:00,-2124.0
2023-03-01 19:45:00+00:00,-2031.0
2023-03-01 20:00:00+00:00,-6058.0
2023-03-01 20:15:00+00:00,-1432.0
2023-03-01 20:30:00+00:00,-695.0
2023-03-01 20:45:00+00:00,-761.0
2023-03-01 21:00:00+00:00,-4255.0
2023-03-01 21:15:00+00:00,-64.0
2023-03-01 21:30:00+00:00,-595.0
2023-03-01 21:45:00+00:00,-1094.0
2023-03-01 22:00:00+00:00,-5335.0
2023-03-01 22:15:00+00:00,-2604.0
2023-03-01 22:30:00+00:00,-2422.0
2023-03-01 22:45:00+00:00,-1781.0
2023-03-01 23:00:00+00:00,-3436.0
2023-03-01 23:15:00+00:00,-2129.0
2023-03-01 23:30:00+00:00,-3355.0
2023-03-01 23:45:00+00:00,-3734.0
2023-03-02 00:00:00+00:00,-7815.0
2023-03-02 00:15:00+00:00,-3840.0
2023-03-02 00:30:00+00:00,-3963.0
2023-03-02 00:45:00+00:00,-3721.0
2023-03-02 01:00:00+00:00,-8983.0
2023-03-02 01:15:00+00:00,-3432.0
2023-03-02 01:30:00+00:00,-3761.0
2023-03-02 01:45:00+00:00,-3330.0
2023-03-02 02:00:00+00:00,-7808.0
2023-03-02 02:15:00+00:00,-3318.0
2023-03-02 02:30:00+00:00,-2710.0
2023-03-02 02:45:00+00:00,-3229.0
2023-03-02 03:00:00+00:00,-7130.0
2023-03-02 03:15:00+00:00,-2591.0
2023-03-02 03:30:00+00:00,-2555.0
2023-03-02 03:45:00+00:00,-2653.0
2023-03-02 04:00:00+00:00,-8088.0
2023-03-02 04:15:00+00:00,-3175.0
2023-03-02 04:30:00+00:00,-2910.0
2023-03-02 04:45:00+00:00,-2427.0
2023-03-02 05:00:00+00:00,-12469.0
2023-03-02 05:15:00+00:00,-2678.0
2023-03-02 05:30:00+00:00,-3235.0
2023-03-02 05:45:00+00:00,-3150.0
2023-03-02 06:00:00+00:00,-12198.0
2023-03-02 06:15:00+00:00,-3791.0
2023-03-02 06:30:00+00:00,-3165.0
2023-03-02 06:45:00+00:00,-2167.0
2023-03-02 07:00:00+00:00,-3147.0
2023-03-02 07:15:00+00:00,-2189.0
2023-03-02 07:30:00+00:00,-2095.0
2023-03-02 07:45:00+00:00,-885.0
2023-03-02 08:00:00+00:00,-1735.0
2023-03-02 08:15:00+00:00,-672.0
2023-03-02 08:30:00+00:00,-753.0
2023-03-02 08:45:00+00:00,-1640.0
2023-03-02 09:00:00+00:00,5402.0
2023-03-02 09:15:00+00:00,-1391.0
2023-03-02 09:30:00+00:00,-1410.0
2023-03-02 09:45:00+00:00,-1551.0
2023-03-02 10:00:00+00:00,523.0
2023-03-02 10:15:00+00:00,-1574.0
2023-03-02 10:30:00+00:00,-900.0
2023-03-02 10:45:00+00:00,144.0
2023-03-02 11:00:00+00:00,357.0
2023-03-02 11:15:00+00:00,-1256.0
2023-03-02 11:30:00+00:00,-1409.0
2023-03-02 11:45:00+00:00,-1567.0
2023-03-02 12:00:00+00:00,-689.0
2023-03-02 12:15:00+00:00,-2112.0
2023-03-02 12:30:00+00:00,-1770.0
2023-03-02 12:45:00+00:00,-1193.0
2023-03-02 13:00:00+00:00,-3409.0
2023-03-02 13:15:00+00:00,136.0
2023-03-02 13:30:00+00:00,89.0
2023-03-02 13:45:00+00:00,753.0
2023-03-02 14:00:00+00:00,-3004.0
2023-03-02 14:15:00+00:00,1605.0
2023-03-02 14:30:00+00:00,2603.0
2023-03-02 14:45:00+00:00,2008.0
2023-03-02 15:00:00+00:00,-8789.0
2023-03-02 15:15:00+00:00,1833.0
2023-03-02 15:30:00+00:00,1050.0
2023-03-02 15:45:00+00:00,5.0
2023-03-02 16:00:00+00:00,-17718.0
2023-03-02 16:15:00+00:00,-246.0
2023-03-02 16:30:00+00:00,-149.0
2023-03-02 16:45:00+00:00,-356.0
2023-03-02 17:00:00+00:00,-15854.0
2023-03-02 17:15:00+00:00,-1502.0
2023-03-02 17:30:00+00:00,-1949.0
2023-03-02 17:45:00+00:00,-2225.0
2023-03-02 18:00:00+00:00,-18774.0
2023-03-02 18:15:00+00:00,-4037.0
2023-03-02 18:30:00+00:00,-3817.0
2023-03-02 18:45:00+00:00,-3349.0
2023-03-02 19:00:00+00:00,-17872.0
2023-03-02 19:15:00+00:00,-3764.0
2023-03-02 19:30:00+00:00,-4389.0
2023-03-02 19:45:00+00:00,-4630.0
2023-03-02 20:00:00+00:00,-15280.0
2023-03-02 20:15:00+00:00,-3977.0
2023-03-02 20:30:00+00:00,-3358.0
2023-03-02 20:45:00+00:00,-3193.0
2023-03-02 21:00:00+00:00,-14138.0
2023-03-02 21:15:00+00:00,-2871.0
2023-03-02 21:30:00+00:00,-2634.0
2023-03-02 21:45:00+00:00,-2929.0
2023-03-02 22:00:00+00:00,-11749.0
2023-03-02 22:15:00+00:00,-3169.0
2023-03-02 22:30:00+00:00,-2868.0
2023-03-02 22:45:00+00:00,-2387.0
2023-03-02 23:00:00+00:00,-10354.0
2023-03-02 23:15:00+00:00,-3094.0
2023-03-02 23:30:00+00:00,-3384.0
2023-03-02 23:45:00+00:00,-3626.0
2023-03-03 00:00:00+00:00,-11766.0
2023-03-03 00:15:00+00:00,-4345.0
2023-03-03 00:30:00+00:00,-4306.0
2023-03-03 00:45:00+00:00,-4694.0
2023-03-03 01:00:00+00:00,-14531.0
2023-03-03 01:15:00+00:00,-4517.0
2023-03-03 01:30:00+00:00,-3807.0
2023-03-03 01:45:00+00:00,-3920.0
2023-03-03 02:00:00+00:00,-11998.0
2023-03-03 02:15:00+00:00,-2269.0
2023-03-03 02:30:00+00:00,-943.0
2023-03-03 02:45:00+00:00,173.0
2023-03-03 03:00:00+00:00,-10998.0
2023-03-03 03:15:00+00:00,129.0
2023-03-03 03:30:00+00:00,-685.0
2023-03-03 03:45:00+00:00,-2007.0
2023-03-03 04:00:00+00:00,-14874.0
2023-03-03 04:15:00+00:00,-2190.0
2023-03-03 04:30:00+00:00,-1764.0
2023-03-03 04:45:00+00:00,-2020.0
2023-03-03 05:00:00+00:00,-21783.0
2023-03-03 05:15:00+00:00,-2754.0
2023-03-03 05:30:00+00:00,-3363.0
2023-03-03 05:45:00+00:00,-3412.0
2023-03-03 06:00:00+00:00,-23088.0
2023-03-03 06:15:00+00:00,-4410.0
2023-03-03 06:30:00+00:00,-4494.0
2023-03-03 06:45:00+00:00,-4548.0
2023-03-03 07:00:00+00:00,-16996.0
2023-03-03 07:15:00+00:00,-4827.0
2023-03-03 07:30:00+00:00,-4535.0
2023-03-03 07:45:00+00:00,-3574.0
2023-03-03 08:00:00+00:00,-13591.0
2023-03-03 08:15:00+00:00,-386.0
2023-03-03 08:30:00+00:00,989.0
2023-03-03 08:45:00+00:00,1898.0
2023-03-03 09:00:00+00:00,-11341.0
2023-03-03 09:15:00+00:00,420.0
2023-03-03 09:30:00+00:00,-1279.0
2023-03-03 09:45:00+00:00,-2689.0
2023-03-03 10:00:00+00:00,-6488.0
2023-03-03 10:15:00+00:00,-4521.0
2023-03-03 10:30:00+00:00,-4194.0
2023-03-03 10:45:00+00:00,-4417.0
2023-03-03 11:00:00+00:00,-4486.0
2023-03-03 11:15:00+00:00,-4548.0
2023-03-03 11:30:00+00:00,-4304.0
2023-03-03 11:45:00+00:00,-4601.0
2023-03-03 12:00:00+00:00,283.0
2023-03-03 12:15:00+00:00,-6053.0
2023-03-03 12:30:00+00:00,-5920.0
2023-03-03 12:45:00+00:00,-5508.0
2023-03-03 13:00:00+00:00,3159.0
2023-03-03 13:15:00+00:00,-4802.0
2023-03-03 13:30:00+00:00,-4184.0
2023-03-03 13:45:00+00:00,-3301.0
2023-03-03 14:00:00+00:00,10572.0
2023-03-03 14:15:00+00:00,-1520.0
2023-03-03 14:30:00+00:00,-673.0
2023-03-03 14:45:00+00:00,-1005.0
2023-03-03 15:00:00+00:00,7311.0
2023-03-03 15:15:00+00:00,-1173.0
2023-03-03 15:30:00+00:00,-2261.0
2023-03-03 15:45:00+00:00,-3195.0
2023-03-03 16:00:00+00:00,-555.0
2023-03-03 16:15:00+00:00,-3686.0
2023-03-03 16:30:00+00:00,-3389.0
2023-03-03 16:45:00+00:00,-3094.0
2023-03-03 17:00:00+00:00,1631.0
2023-03-03 17:15:00+00:00,-3523.0
2023-03-03 17:30:00+00:00,-3233.0
2023-03-03 17:45:00+00:00,-3223.0
2023-03-03 18:00:00+00:00,358.0
2023-03-03 18:15:00+00:00,-4052.0
2023-03-03 18:30:00+00:00,-3827.0
2023-03-03 18:45:00+00:00,-3908.0
2023-03-03 19:00:00+00:00,-2513.0
2023-03-03 19:15:00+00:00,-4501.0
2023-03-03 19:30:00+00:00,-4751.0
2023-03-03 19:45:00+00:00,-3989.0
2023-03-03 20:00:00+00:00,3028.0
2023-03-03 20:15:00+00:00,-2100.0
2023-03-03 20:30:00+00:00,-327.0
2023-03-03 20:45:00+00:00,-243.0
2023-03-03 21:00:00+00:00,9030.0
2023-03-03 21:15:00+00:00,-1431.0
2023-03-03 21:30:00+00:00,-2994.0
2023-03-03 21:45:00+00:00,-3445.0
2023-03-03 22:00:00+00:00,5742.0
2023-03-03 22:15:00+00:00,-3981.0
2023-03-03 22:30:00+00:00,-3688.0
2023-03-03 22:45:00+00:00,-3402.0
2023-03-03 23:00:00+00:00,13106.0
2023-03-03 23:15:00+00:00,-4867.0
2023-03-03 23:30:00+00:00,-4743.0
2023-03-03 23:45:00+00:00,-4860.0
2023-03-04 00:00:00+00:00,10973.0
2023-03-04 00:15:00+00:00,-5772.0
2023-03-04 00:30:00+00:00,-5327.0
2023-03-04 00:45:00+00:00,-4829.0
2023-03-04 01:00:00+00:00,10218.0
2023-03-04 01:15:00+00:00,-4663.0
2023-03-04 01:30:00+00:00,-4106.0
2023-03-04 01:45:00+00:00,-2563.0
2023-03-04 02:00:00+00:00,17172.0
2023-03-04 02:15:00+00:00,-1604.0
2023-03-04 02:30:00+00:00,-46.0
2023-03-04 02:45:00+00:00,160.0
2023-03-04 03:00:00+00:00,18892.0
2023-03-04 03:15:00+00:00,-364.0
2023-03-04 03:30:00+00:00,-1148.0
2023-03-04 03:45:00+00:00,-1418.0
2023-03-04 04:00:00+00:00,18667.0
2023-03-04 04:15:00+00:00,-2801.0
2023-03-04 04:30:00+00:00,-1992.0
2023-03-04 04:45:00+00:00,-1178.0
2023-03-04 05:00:00+00:00,14977.0
2023-03-04 05:15:00+00:00,-1853.0
2023-03-04 05:30:00+00:00,-1696.0
2023-03-04 05:45:00+00:00,-2976.0
2023-03-04 06:00:00+00:00,12478.0
2023-03-04 06:15:00+00:00,-4065.0
2023-03-04 06:30:00+00:00,-4079.0
2023-03-04 06:45:00+00:00,-3520.0
2023-03-04 07:00:00+00:00,11423.0
2023-03-04 07:15:00+00:00,-3350.0
2023-03-04 07:30:00+00:00,-3160.0
2023-03-04 07:45:00+00:00,-2714.0
2023-03-04 08:00:00+00:00,12768.0
2023-03-04 08:15:00+00:00,-8.0
2023-03-04 08:30:00+00:00,1117.0
2023-03-04 08:45:00+00:00,1213.0
2023-03-04 09:00:00+00:00,21280.0
2023-03-04 09:15:00+00:00,1589.0
2023-03-04 09:30:00+00:00,1159.0
2023-03-04 09:45:00+00:00,375.0
2023-03-04 10:00:00+00:00,17543.0
2023-03-04 10:15:00+00:00,248.0
2023-03-04 10:30:00+00:00,884.0
2023-03-04 10:45:00+00:00,1083.0
2023-03-04 11:00:00+00:00,18128.0
2023-03-04 11:15:00+00:00,-510.0
2023-03-04 11:30:00+00:00,-1798.0
2023-03-04 11:45:00+00:00,-2768.0
2023-03-04 12:00:00+00:00,12374.0
2023-03-04 12:15:00+00:00,-4429.0
2023-03-04 12:30:00+00:00,-5020.0
2023-03-04 12:45:00+00:00,-3681.0
2023-03-04 13:00:00+00:00,11491.0
2023-03-04 13:15:00+00:00,-3749.0
2023-03-04 13:30:00+00:00,-3722.0
2023-03-04 13:45:00+00:00,-2776.0
2023-03-04 14:00:00+00:00,9126.0
2023-03-04 14:15:00+00:00,-1687.0
2023-03-04 14:30:00+00:00,-579.0
2023-03-04 14:45:00+00:00,-4.0
2023-03-04 15:00:00+00:00,14159.0
2023-03-04 15:15:00+00:00,-401.0
2023-03-04 15:30:00+00:00,-1328.0
2023-03-04 15:45:00+00:00,-2014.0
2023-03-04 16:00:00+00:00,9325.0
2023-03-04 16:15:00+00:00,-3427.0
2023-03-04 16:30:00+00:00,-2882.0
2023-03-04 16:45:00+00:00,-1981.0
2023-03-04 17:00:00+00:00,8271.0
2023-03-04 17:15:00+00:00,-2025.0
2023-03-04 17:30:00+00:00,-2603.0
2023-03-04 17:45:00+00:00,-3125.0
2023-03-04 18:00:00+00:00,4939.0
2023-03-04 18:15:00+00:00,-3603.0
2023-03-04 18:30:00+00:00,-3901.0
2023-03-04 18:45:00+00:00,-4221.0
2023-03-04 19:00:00+00:00,5022.0
2023-03-04 19:15:00+00:00,-5530.0
2023-03-04 19:30:00+00:00,-4622.0
2023-03-04 19:45:00+00:00,-3789.0
2023-03-04 20:00:00+00:00,8704.0
2023-03-04 20:15:00+00:00,-1243.0
2023-03-04 20:30:00+00:00,-125.0
2023-03-04 20:45:00+00:00,880.0
2023-03-04 21:00:00+00:00,10932.0
2023-03-04 21:15:00+00:00,-508.0
2023-03-04 21:30:00+00:00,-2093.0
2023-03-04 21:45:00+00:00,-2610.0
2023-03-04 22:00:00+00:00,6041.0
2023-03-04 22:15:00+00:00,-3621.0
2023-03-04 22:30:00+00:00,-3979.0
2023-03-04 22:45:00+00:00,-3525.0
2023-03-04 23:00:00+00:00,4195.0
2023-03-04 23:15:00+00:00,-4681.0
2023-03-04 23:30:00+00:00,-5312.0
2023-03-04 23:45:00+00:00,-5492.0
2023-03-05 00:00:00+00:00,4146.0
2023-03-05 00:15:00+00:00,-5502.0
2023-03-05 00:30:00+00:00,-4873.0
2023-03-05 00:45:00+00:00,-5231.0
2023-03-05 01:00:00+00:00,2467.0
2023-03-05 01:15:00+00:00,-5792.0
2023-03-05 01:30:00+00:00,-6051.0
2023-03-05 01:45:00+00:00,-5559.0
2023-03-05 02:00:00+00:00,5175.0
2023-03-05 02:15:00+00:00,-2909.0
2023-03-05 02:30:00+00:00,-1691.0
2023-03-05 02:45:00+00:00,4.0
2023-03-05 03:00:00+00:00,8596.0
2023-03-05 03:15:00+00:00,-1205.0
2023-03-05 03:30:00+00:00,-2547.0
2023-03-05 03:45:00+00:00,-2623.0
2023-03-05 04:00:00+00:00,7364.0
2023-03-05 04:15:00+00:00,-3106.0
2023-03-05 04:30:00+00:00,-3526.0
2023-03-05 04:45:00+00:00,-3358.0
2023-03-05 05:00:00+00:00,9099.0
2023-03-05 05:15:00+00:00,-3321.0
2023-03-05 05:30:00+00:00,-3965.0
2023-03-05 05:45:00+00:00,-3632.0
2023-03-05 06:00:00+00:00,9127.0
2023-03-05 06:15:00+00:00,-3678.0
2023-03-05 06:30:00+00:00,-3413.0
2023-03-05 06:45:00+00:00,-3173.0
2023-03-05 07:00:00+00:00,7189.0
2023-03-05 07:15:00+00:00,-3341.0
2023-03-05 07:30:00+00:00,-3047.0
2023-03-05 07:45:00+00:00,-2889.0
2023-03-05 08:00:00+00:00,6051.0
2023-03-05 08:15:00+00:00,-1630.0
2023-03-05 08:30:00+00:00,-821.0
2023-03-05 08:45:00+00:00,-534.0
2023-03-05 09:00:00+00:00,9539.0
2023-03-05 09:15:00+00:00,-525.0
2023-03-05 09:30:00+00:00,-270.0
2023-03-05 09:45:00+00:00,-982.0
2023-03-05 10:00:00+00:00,10685.0
2023-03-05 10:15:00+00:00,-4021.0
2023-03-05 10:30:00+00:00,-4432.0
2023-03-05 10:45:00+00:00,-4159.0
2023-03-05 11:00:00+00:00,10203.0
2023-03-05 11:15:00+00:00,-3225.0
2023-03-05 11:30:00+00:00,-3130.0
2023-03-05 11:45:00+00:00,-3259.0
2023-03-05 12:00:00+00:00,9653.0
2023-03-05 12:15:00+00:00,-3698.0
2023-03-05 12:30:00+00:00,-3588.0
2023-03-05 12:45:00+00:00,-3075.0
2023-03-05 13:00:00+00:00,9665.0
2023-03-05 13:15:00+00:00,-4148.0
2023-03-05 13:30:00+00:00,-3815.0
2023-03-05 13:45:00+00:00,-3608.0
2023-03-05 14:00:00+00:00,9957.0
2023-03-05 14:15:00+00:00,-2483.0
2023-03-05 14:30:00+00:00,-1456.0
2023-03-05 14:45:00+00:00,-863.0
2023-03-05 15:00:00+00:00,8546.0
2023-03-05 15:15:00+00:00,-578.0
2023-03-05 15:30:00+00:00,-1030.0
2023-03-05 15:45:00+00:00,-1559.0
2023-03-05 16:00:00+00:00,-3772.0
2023-03-05 16:15:00+00:00,-2446.0
2023-03-05 16:30:00+00:00,-2328.0
2023-03-05 16:45:00+00:00,-1276.0
2023-03-05 17:00:00+00:00,574.0
2023-03-05 17:15:00+00:00,-1354.0
2023-03-05 17:30:00+00:00,-1551.0
2023-03-05 17:45:00+00:00,-910.0
2023-03-05 18:00:00+00:00,2704.0
2023-03-05 18:15:00+00:00,-1010.0
2023-03-05 18:30:00+00:00,-1110.0
2023-03-05 18:45:00+00:00,-1024.0
2023-03-05 19:00:00+00:00,7533.0
2023-03-05 19:15:00+00:00,-1158.0
2023-03-05 19:30:00+00:00,-1577.0
2023-03-05 19:45:00+00:00,-2854.0
2023-03-05 20:00:00+00:00,-936.0
2023-03-05 20:15:00+00:00,-2557.0
2023-03-05 20:30:00+00:00,-1233.0
2023-03-05 20:45:00+00:00,-705.0
2023-03-05 21:00:00+00:00,-507.0
2023-03-05 21:15:00+00:00,248.0
2023-03-05 21:30:00+00:00,415.0
2023-03-05 21:45:00+00:00,-181.0
2023-03-05 22:00:00+00:00,-495.0
2023-03-05 22:15:00+00:00,-355.0
2023-03-05 22:30:00+00:00,-421.0
2023-03-05 22:45:00+00:00,-197.0
2023-03-05 23:00:00+00:00,-2584.0
2023-03-05 23:15:00+00:00,-1679.0
2023-03-05 23:30:00+00:00,-2352.0
2023-03-05 23:45:00+00:00,-2558.0
2023-03-06 00:00:00+00:00,-9563.0
2023-03-06 00:15:00+00:00,-2949.0
2023-03-06 00:30:00+00:00,-3427.0
2023-03-06 00:45:00+00:00,-2845.0
2023-03-06 01:00:00+00:00,-8666.0
2023-03-06 01:15:00+00:00,-2970.0
2023-03-06 01:30:00+00:00,-2887.0
2023-03-06 01:45:00+00:00,-1722.0
2023-03-06 02:00:00+00:00,-5376.0
2023-03-06 02:15:00+00:00,327.0
2023-03-06 02:30:00+00:00,932.0
2023-03-06 02:45:00+00:00,1057.0
2023-03-06 03:00:00+00:00,-4500.0
2023-03-06 03:15:00+00:00,841.0
2023-03-06 03:30:00+00:00,381.0
2023-03-06 03:45:00+00:00,-529.0
2023-03-06 04:00:00+00:00,-5596.0
2023-03-06 04:15:00+00:00,-2490.0
2023-03-06 04:30:00+00:00,-2028.0
2023-03-06 04:45:00+00:00,-1588.0
2023-03-06 05:00:00+00:00,-6773.0
2023-03-06 05:15:00+00:00,-2179.0
2023-03-06 05:30:00+00:00,-2421.0
2023-03-06 05:45:00+00:00,-2637.0
2023-03-06 06:00:00+00:00,-6747.0
2023-03-06 06:15:00+00:00,-2294.0
2023-03-06 06:30:00+00:00,-2061.0
2023-03-06 06:45:00+00:00,-1824.0
2023-03-06 07:00:00+00:00,-4671.0
2023-03-06 07:15:00+00:00,-1921.0
2023-03-06 07:30:00+00:00,-1629.0
2023-03-06 07:45:00+00:00,-1278.0
2023-03-06 08:00:00+00:00,-6711.0
2023-03-06 08:15:00+00:00,-815.0
2023-03-06 08:30:00+00:00,1112.0
2023-03-06 08:45:00+00:00,716.0
2023-03-06 09:00:00+00:00,-9054.0
2023-03-06 09:15:00+00:00,1041.0
2023-03-06 09:30:00+00:00,403.0
2023-03-06 09:45:00+00:00,-432.0
2023-03-06 10:00:00+00:00,-13746.0
2023-03-06 10:15:00+00:00,-1590.0
2023-03-06 10:30:00+00:00,-512.0
2023-03-06 10:45:00+00:00,-310.0
2023-03-06 11:00:00+00:00,-14686.0
2023-03-06 11:15:00+00:00,-1842.0
2023-03-06 11:30:00+00:00,-2184.0
2023-03-06 11:45:00+00:00,-2568.0
2023-03-06 12:00:00+00:00,-15845.0
2023-03-06 12:15:00+00:00,-2983.0
2023-03-06 12:30:00+00:00,-3442.0
2023-03-06 12:45:00+00:00,-3270.0
2023-03-06 13:00:00+00:00,-10888.0
2023-03-06 13:15:00+00:00,-3861.0
2023-03-06 13:30:00+00:00,-2921.0
2023-03-06 13:45:00+00:00,-3082.0
2023-03-06 14:00:00+00:00,-8635.0
2023-03-06 14:15:00+00:00,-2163.0
2023-03-06 14:30:00+00:00,-1559.0
2023-03-06 14:45:00+00:00,-777.0
2023-03-06 15:00:00+00:00,-7163.0
2023-03-06 15:15:00+00:00,-1267.0
2023-03-06 15:30:00+00:00,-2433.0
2023-03-06 15:45:00+00:00,-3120.0
2023-03-06 16:00:00+00:00,-14998.0
2023-03-06 16:15:00+00:00,-4877.0
2023-03-06 16:30:00+00:00,-4356.0
2023-03-06 16:45:00+00:00,-4282.0
2023-03-06 17:00:00+00:00,-14199.0
2023-03-06 17:15:00+00:00,-5964.0
2023-03-06 17:30:00+00:00,-6525.0
2023-03-06 17:45:00+00:00,-6701.0
2023-03-06 18:00:00+00:00,-8752.0
2023-03-06 18:15:00+00:00,-5497.0
2023-03-06 18:30:00+00:00,-5101.0
2023-03-06 18:45:00+00:00,-4734.0
2023-03-06 19:00:00+00:00,-1136.0
2023-03-06 19:15:00+00:00,-4428.0
2023-03-06 19:30:00+00:00,-4392.0
2023-03-06 19:45:00+00:00,-4142.0
2023-03-06 20:00:00+00:00,9062.0
2023-03-06 20:15:00+00:00,-2616.0
2023-03-06 20:30:00+00:00,-2010.0
2023-03-06 20:45:00+00:00,-738.0
2023-03-06 21:00:00+00:00,17450.0
2023-03-06 21:15:00+00:00,-1006.0
2023-03-06 21:30:00+00:00,-1864.0
2023-03-06 21:45:00+00:00,-1989.0
2023-03-06 22:00:00+00:00,12491.0
2023-03-06 22:15:00+00:00,-1507.0
2023-03-06 22:30:00+00:00,-1701.0
2023-03-06 22:45:00+00:00,-1928.0
2023-03-06 23:00:00+00:00,22892.0
2023-03-06 23:15:00+00:00,-2145.0
2023-03-06 23:30:00+00:00,-2571.0
2023-03-06 23:45:00+00:00,-3154.0
2023-03-07 00:00:00+00:00,22348.0
2023-03-07 00:15:00+00:00,-3712.0
2023-03-07 00:30:00+00:00,-3135.0
2023-03-07 00:45:00+00:00,-1741.0
2023-03-07 01:00:00+00:00,24158.0
2023-03-07 01:15:00+00:00,-1142.0
2023-03-07 01:30:00+00:00,-1599.0
2023-03-07 01:45:00+00:00,-3287.0
2023-03-07 02:00:00+00:00,22573.0
2023-03-07 02:15:00+00:00,-2832.0
2023-03-07 02:30:00+00:00,-1870.0
2023-03-07 02:45:00+00:00,-2313.0
2023-03-07 03:00:00+00:00,24679.0
2023-03-07 03:15:00+00:00,-2576.0
2023-03-07 03:30:00+00:00,-1730.0
2023-03-07 03:45:00+00:00,-1429.0
2023-03-07 04:00:00+00:00,27296.0
2023-03-07 04:15:00+00:00,-1090.0
2023-03-07 04:30:00+00:00,-545.0
2023-03-07 04:45:00+00:00,-568.0
2023-03-07 05:00:00+00:00,23794.0
2023-03-07 05:15:00+00:00,-1320.0
2023-03-07 05:30:00+00:00,440.0
2023-03-07 05:45:00+00:00,7.0
2023-03-07 06:00:00+00:00,20471.0
2023-03-07 06:15:00+00:00,-218.0
2023-03-07 06:30:00+00:00,-405.0
2023-03-07 06:45:00+00:00,-11.0
2023-03-07 07:00:00+00:00,25414.0
2023-03-07 07:15:00+00:00,-12.0
2023-03-07 07:30:00+00:00,-171.0
2023-03-07 07:45:00+00:00,1160.0
2023-03-07 08:00:00+00:00,21778.0
2023-03-07 08:15:00+00:00,1779.0
2023-03-07 08:30:00+00:00,1649.0
2023-03-07 08:45:00+00:00,1003.0
2023-03-07 09:00:00+00:00,21872.0
2023-03-07 09:15:00+00:00,1155.0
2023-03-07 09:30:00+00:00,1005.0
2023-03-07 09:45:00+00:00,654.0
2023-03-07 10:00:00+00:00,20957.0
2023-03-07 10:15:00+00:00,635.0
2023-03-07 10:30:00+00:00,676.0
2023-03-07 10:45:00+00:00,654.0
2023-03-07 11:00:00+00:00,20581.0
2023-03-07 11:15:00+00:00,308.0
2023-03-07 11:30:00+00:00,-63.0
2023-03-07 11:45:00+00:00,-670.0
2023-03-07 12:00:00+00:00,20618.0
2023-03-07 12:15:00+00:00,-68.0
2023-03-07 12:30:00+00:00,-267.0
2023-03-07 12:45:00+00:00,-359.0
2023-03-07 13:00:00+00:00,19645.0
2023-03-07 13:15:00+00:00,-266.0
2023-03-07 13:30:00+00:00,-351.0
2023-03-07 13:45:00+00:00,121.0
2023-03-07 14:00:00+00:00,18460.0
2023-03-07 14:15:00+00:00,1323.0
2023-03-07 14:30:00+00:00,2042.0
2023-03-07 14:45:00+00:00,2703.0
2023-03-07 15:00:00+00:00,20917.0
2023-03-07 15:15:00+00:00,2255.0
2023-03-07 15:30:00+00:00,928.0
2023-03-07 15:45:00+00:00,-970.0
2023-03-07 16:00:00+00:00,11480.0
2023-03-07 16:15:00+00:00,-2129.0
2023-03-07 16:30:00+00:00,-1273.0
2023-03-07 16:45:00+00:00,-1165.0
2023-03-07 17:00:00+00:00,12345.0
2023-03-07 17:15:00+00:00,-366.0
2023-03-07 17:30:00+00:00,-1182.0
2023-03-07 17:45:00+00:00,-974.0
2023-03-07 18:00:00+00:00,-2247.0
2023-03-07 18:15:00+00:00,-1175.0
2023-03-07 18:30:00+00:00,-1014.0
2023-03-07 18:45:00+00:00,-1051.0
2023-03-07 19:00:00+00:00,4073.0
2023-03-07 19:15:00+00:00,-1576.0
2023-03-07 19:30:00+00:00,-1733.0
2023-03-07 19:45:00+00:00,-1763.0
2023-03-07 20:00:00+00:00,7341.0
2023-03-07 20:15:00+00:00,-1190.0
2023-03-07 20:30:00+00:00,-1230.0
2023-03-07 20:45:00+00:00,-2483.0
2023-03-07 21:00:00+00:00,8272.0
2023-03-07 21:15:00+00:00,-3157.0
2023-03-07 21:30:00+00:00,-3844.0
2023-03-07 21:45:00+00:00,-4021.0
2023-03-07 22:00:00+00:00,6382.0
2023-03-07 22:15:00+00:00,-4306.0
2023-03-07 22:30:00+00:00,-3225.0
2023-03-07 22:45:00+00:00,-3821.0
2023-03-07 23:00:00+00:00,7753.0
2023-03-07 23:15:00+00:00,-3452.0
2023-03-07 23:30:00+00:00,-3477.0
2023-03-07 23:45:00+00:00,-3383.0
2023-03-08 00:00:00+00:00,9729.0
2023-03-08 00:15:00+00:00,-4160.0
2023-03-08 00:30:00+00:00,-4130.0
2023-03-08 00:45:00+00:00,-3500.0
2023-03-08 01:00:00+00:00,9098.0
2023-03-08 01:15:00+00:00,-4250.0
2023-03-08 01:30:00+00:00,-4976.0
2023-03-08 01:45:00+00:00,-5369.0
2023-03-08 02:00:00+00:00,7592.0
2023-03-08 02:15:00+00:00,-3802.0
2023-03-08 02:30:00+00:00,-1862.0
2023-03-08 02:45:00+00:00,-1359.0
2023-03-08 03:00:00+00:00,10692.0
2023-03-08 03:15:00+00:00,-1927.0
2023-03-08 03:30:00+00:00,-2138.0
2023-03-08 03:45:00+00:00,-2010.0
2023-03-08 04:00:00+00:00,615.0
2023-03-08 04:15:00+00:00,-2828.0
2023-03-08 04:30:00+00:00,-1918.0
2023-03-08 04:45:00+00:00,-2433.0
2023-03-08 05:00:00+00:00,-6923.0
2023-03-08 05:15:00+00:00,-2035.0
2023-03-08 05:30:00+00:00,-2237.0
2023-03-08 05:45:00+00:00,-2517.0
2023-03-08 06:00:00+00:00,-5950.0
2023-03-08 06:15:00+00:00,-2950.0
2023-03-08 06:30:00+00:00,-2541.0
2023-03-08 06:45:00+00:00,-1979.0
2023-03-08 07:00:00+00:00,251.0
2023-03-08 07:15:00+00:00,-1671.0
2023-03-08 07:30:00+00:00,-1069.0
2023-03-08 07:45:00+00:00,-172.0
2023-03-08 08:00:00+00:00,5329.0
2023-03-08 08:15:00+00:00,1385.0
2023-03-08 08:30:00+00:00,2271.0
2023-03-08 08:45:00+00:00,3036.0
2023-03-08 09:00:00+00:00,-2606.0
2023-03-08 09:15:00+00:00,1434.0
2023-03-08 09:30:00+00:00,326.0
2023-03-08 09:45:00+00:00,-1060.0
2023-03-08 10:00:00+00:00,-8421.0
2023-03-08 10:15:00+00:00,-2241.0
2023-03-08 10:30:00+00:00,-2257.0
2023-03-08 10:45:00+00:00,-2254.0
2023-03-08 11:00:00+00:00,-13376.0
2023-03-08 11:15:00+00:00,-3197.0
2023-03-08 11:30:00+00:00,-3863.0
2023-03-08 11:45:00+00:00,-4201.0
2023-03-08 12:00:00+00:00,-15826.0
2023-03-08 12:15:00+00:00,-4636.0
2023-03-08 12:30:00+00:00,-4857.0
2023-03-08 12:45:00+00:00,-4723.0
2023-03-08 13:00:00+00:00,-13120.0
2023-03-08 13:15:00+00:00,-4862.0
2023-03-08 13:30:00+00:00,-3899.0
2023-03-08 13:45:00+00:00,-3227.0
2023-03-08 14:00:00+00:00,-12487.0
2023-03-08 14:15:00+00:00,1135.0
2023-03-08 14:30:00+00:00,3185.0
2023-03-08 14:45:00+00:00,3271.0
2023-03-08 15:00:00+00:00,-4608.0
2023-03-08 15:15:00+00:00,2999.0
2023-03-08 15:30:00+00:00,-320.0
2023-03-08 15:45:00+00:00,-1793.0
2023-03-08 16:00:00+00:00,-11461.0
2023-03-08 16:15:00+00:00,-3509.0
2023-03-08 16:30:00+00:00,-2348.0
2023-03-08 16:45:00+00:00,-1864.0
2023-03-08 17:00:00+00:00,-8185.0
2023-03-08 17:15:00+00:00,-810.0
2023-03-08 17:30:00+00:00,-810.0
2023-03-08 17:45:00+00:00,-525.0
2023-03-08 18:00:00+00:00,-7594.0
2023-03-08 18:15:00+00:00,-1375.0
2023-03-08 18:30:00+00:00,-1257.0
2023-03-08 18:45:00+00:00,-1109.0
2023-03-08 19:00:00+00:00,-3433.0
2023-03-08 19:15:00+00:00,-1072.0
2023-03-08 19:30:00+00:00,-476.0
2023-03-08 19:45:00+00:00,308.0
2023-03-08 20:00:00+00:00,2537.0
2023-03-08 20:15:00+00:00,334.0
2023-03-08 20:30:00+00:00,1179.0
2023-03-08 20:45:00+00:00,874.0
2023-03-08 21:00:00+00:00,1257.0
2023-03-08 21:15:00+00:00,-735.0
2023-03-08 21:30:00+00:00,-954.0
2023-03-08 21:45:00+00:00,-2574.0
2023-03-08 22:00:00+00:00,-6332.0
2023-03-08 22:15:00+00:00,-4643.0
2023-03-08 22:30:00+00:00,-4594.0
2023-03-08 22:45:00+00:00,-3970.0
2023-03-08 23:00:00+00:00,2033.0
2023-03-08 23:15:00+00:00,-5072.0
2023-03-08 23:30:00+00:00,-5401.0
2023-03-08 23:45:00+00:00,-5708.0
2023-03-09 00:00:00+00:00,915.0
2023-03-09 00:15:00+00:00,-6011.0
2023-03-09 00:30:00+00:00,-5970.0
2023-03-09 00:45:00+00:00,-5616.0
2023-03-09 01:00:00+00:00,3211.0
2023-03-09 01:15:00+00:00,-5227.0
2023-03-09 01:30:00+00:00,-4532.0
2023-03-09 01:45:00+00:00,-3433.0
2023-03-09 02:00:00+00:00,3002.0
2023-03-09 02:15:00+00:00,-2178.0
2023-03-09 02:30:00+00:00,-1641.0
2023-03-09 02:45:00+00:00,-2109.0
2023-03-09 03:00:00+00:00,2080.0
2023-03-09 03:15:00+00:00,-1263.0
2023-03-09 03:30:00+00:00,-1357.0
2023-03-09 03:45:00+00:00,-3074.0
2023-03-09 04:00:00+00:00,3770.0
2023-03-09 04:15:00+00:00,-3944.0
2023-03-09 04:30:00+00:00,-2812.0
2023-03-09 04:45:00+00:00,-3027.0
2023-03-09 05:00:00+00:00,4114.0
2023-03-09 05:15:00+00:00,-4152.0
2023-03-09 05:30:00+00:00,-3775.0
2023-03-09 05:45:00+00:00,-4141.0
2023-03-09 06:00:00+00:00,-1931.0
2023-03-09 06:15:00+00:00,-4542.0
2023-03-09 06:30:00+00:00,-4661.0
2023-03-09 06:45:00+00:00,-4403.0
2023-03-09 07:00:00+00:00,1677.0
2023-03-09 07:15:00+00:00,-4330.0
2023-03-09 07:30:00+00:00,-4321.0
2023-03-09 07:45:00+00:00,-4169.0
2023-03-09 08:00:00+00:00,-1433.0
2023-03-09 08:15:00+00:00,-3199.0
2023-03-09 08:30:00+00:00,-2958.0
2023-03-09 08:45:00+00:00,-2234.0
2023-03-09 09:00:00+00:00,4007.0
2023-03-09 09:15:00+00:00,-2289.0
2023-03-09 09:30:00+00:00,-2249.0
2023-03-09 09:45:00+00:00,-2950.0
2023-03-09 10:00:00+00:00,-1614.0
2023-03-09 10:15:00+00:00,-3330.0
2023-03-09 10:30:00+00:00,-1033.0
2023-03-09 10:45:00+00:00,-559.0
2023-03-09 11:00:00+00:00,-375.0
2023-03-09 11:15:00+00:00,-509.0
2023-03-09 11:30:00+00:00,-1338.0
2023-03-09 11:45:00+00:00,-1669.0
2023-03-09 12:00:00+00:00,-5165.0
2023-03-09 12:15:00+00:00,-2159.0
2023-03-09 12:30:00+00:00,-2108.0
2023-03-09 12:45:00+00:00,-1032.0
2023-03-09 13:00:00+00:00,-2700.0
2023-03-09 13:15:00+00:00,-1632.0
2023-03-09 13:30:00+00:00,-2571.0
2023-03-09 13:45:00+00:00,-2956.0
2023-03-09 14:00:00+00:00,-7080.0
2023-03-09 14:15:00+00:00,-2484.0
2023-03-09 14:30:00+00:00,-1600.0
2023-03-09 14:45:00+00:00,-1543.0
2023-03-09 15:00:00+00:00,-12687.0
2023-03-09 15:15:00+00:00,-1997.0
2023-03-09 15:30:00+00:00,-1437.0
2023-03-09 15:45:00+00:00,-2852.0
2023-03-09 16:00:00+00:00,-15860.0
2023-03-09 16:15:00+00:00,-5143.0
2023-03-09 16:30:00+00:00,-3895.0
2023-03-09 16:45:00+00:00,-4188.0
2023-03-09 17:00:00+00:00,-17306.0
2023-03-09 17:15:00+00:00,-4721.0
2023-03-09 17:30:00+00:00,-4705.0
2023-03-09 17:45:00+00:00,-4000.0
2023-03-09 18:00:00+00:00,-13814.0
2023-03-09 18:15:00+00:00,-3240.0
2023-03-09 18:30:00+00:00,-2932.0
2023-03-09 18:45:00+00:00,-1888.0
2023-03-09 19:00:00+00:00,-10644.0
2023-03-09 19:15:00+00:00,-2577.0
2023-03-09 19:30:00+00:00,-3374.0
2023-03-09 19:45:00+00:00,-3963.0
2023-03-09 20:00:00+00:00,-7643.0
2023-03-09 20:15:00+00:00,-4743.0
2023-03-09 20:30:00+00:00,-4264.0
2023-03-09 20:45:00+00:00,-3423.0
2023-03-09 21:00:00+00:00,-6291.0
2023-03-09 21:15:00+00:00,-979.0
2023-03-09 21:30:00+00:00,54.0
2023-03-09 21:45:00+00:00,448.0
2023-03-09 22:00:00+00:00,2860.0
2023-03-09 22:15:00+00:00,830.0
2023-03-09 22:30:00+00:00,1315.0
2023-03-09 22:45:00+00:00,488.0
2023-03-09 23:00:00+00:00,9818.0
2023-03-09 23:15:00+00:00,-180.0
2023-03-09 23:30:00+00:00,5.0
2023-03-09 23:45:00+00:00,-739.0
2023-03-10 00:00:00+00:00,14638.0
2023-03-10 00:15:00+00:00,-2071.0
2023-03-10 00:30:00+00:00,-2309.0
2023-03-10 00:45:00+00:00,-2346.0
2023-03-10 01:00:00+00:00,16693.0
2023-03-10 01:15:00+00:00,-3113.0
2023-03-10 01:30:00+00:00,-3660.0
2023-03-10 01:45:00+00:00,-2944.0
2023-03-10 02:00:00+00:00,17180.0
2023-03-10 02:15:00+00:00,-246.0
2023-03-10 02:30:00+00:00,1440.0
2023-03-10 02:45:00+00:00,2296.0
2023-03-10 03:00:00+00:00,19112.0
2023-03-10 03:15:00+00:00,265.0
2023-03-10 03:30:00+00:00,-1106.0
2023-03-10 03:45:00+00:00,-2097.0
2023-03-10 04:00:00+00:00,13978.0
2023-03-10 04:15:00+00:00,-3631.0
2023-03-10 04:30:00+00:00,-2964.0
2023-03-10 04:45:00+00:00,-4197.0
2023-03-10 05:00:00+00:00,13315.0
2023-03-10 05:15:00+00:00,-5111.0
2023-03-10 05:30:00+00:00,-5255.0
2023-03-10 05:45:00+00:00,-5827.0
2023-03-10 06:00:00+00:00,12444.0
2023-03-10 06:15:00+00:00,-5672.0
2023-03-10 06:30:00+00:00,-5260.0
2023-03-10 06:45:00+00:00,-5368.0
2023-03-10 07:00:00+00:00,16303.0
2023-03-10 07:15:00+00:00,-4853.0
2023-03-10 07:30:00+00:00,-5154.0
2023-03-10 07:45:00+00:00,-4374.0
2023-03-10 08:00:00+00:00,19018.0
2023-03-10 08:15:00+00:00,-1477.0
2023-03-10 08:30:00+00:00,401.0
2023-03-10 08:45:00+00:00,2000.0
2023-03-10 09:00:00+00:00,23375.0
2023-03-10 09:15:00+00:00,395.0
2023-03-10 09:30:00+00:00,-1770.0
2023-03-10 09:45:00+00:00,-1457.0
2023-03-10 10:00:00+00:00,14042.0
2023-03-10 10:15:00+00:00,-1653.0
2023-03-10 10:30:00+00:00,-1324.0
2023-03-10 10:45:00+00:00,-1627.0
2023-03-10 11:00:00+00:00,16961.0
2023-03-10 11:15:00+00:00,-1868.0
2023-03-10 11:30:00+00:00,-2329.0
2023-03-10 11:45:00+00:00,-2862.0
2023-03-10 12:00:00+00:00,11812.0
2023-03-10 12:15:00+00:00,-3833.0
2023-03-10 12:30:00+00:00,-3178.0
2023-03-10 12:45:00+00:00,-2017.0
2023-03-10 13:00:00+00:00,12836.0
2023-03-10 13:15:00+00:00,-602.0
2023-03-10 13:30:00+00:00,-627.0
2023-03-10 13:45:00+00:00,-34.0
2023-03-10 14:00:00+00:00,11872.0
2023-03-10 14:15:00+00:00,129.0
2023-03-10 14:30:00+00:00,241.0
2023-03-10 14:45:00+00:00,307.0
2023-03-10 15:00:00+00:00,13964.0
2023-03-10 15:15:00+00:00,-581.0
2023-03-10 15:30:00+00:00,-693.0
2023-03-10 15:45:00+00:00,-1664.0
2023-03-10 16:00:00+00:00,8315.0
2023-03-10 16:15:00+00:00,-2765.0
2023-03-10 16:30:00+00:00,-1386.0
2023-03-10 16:45:00+00:00,-2606.0
2023-03-10 17:00:00+00:00,11231.0
2023-03-10 17:15:00+00:00,-4069.0
2023-03-10 17:30:00+00:00,-3531.0
2023-03-10 17:45:00+00:00,-2729.0
2023-03-10 18:00:00+00:00,10767.0
2023-03-10 18:15:00+00:00,-1003.0
2023-03-10 18:30:00+00:00,-385.0
2023-03-10 18:45:00+00:00,126.0
2023-03-10 19:00:00+00:00,18386.0
2023-03-10 19:15:00+00:00,3290.0
2023-03-10 19:30:00+00:00,3620.0
2023-03-10 19:45:00+00:00,3285.0
2023-03-10 20:00:00+00:00,19876.0
2023-03-10 20:15:00+00:00,2883.0
2023-03-10 20:30:00+00:00,3680.0
2023-03-10 20:45:00+00:00,3472.0
2023-03-10 21:00:00+00:00,22227.0
2023-03-10 21:15:00+00:00,3088.0
2023-03-10 21:30:00+00:00,3128.0
2023-03-10 21:45:00+00:00,3233.0
2023-03-10 22:00:00+00:00,29249.0
2023-03-10 22:15:00+00:00,3632.0
2023-03-10 22:30:00+00:00,3744.0
2023-03-10 22:45:00+00:00,3527.0
2023-03-10 23:00:00+00:00,27265.0
2023-03-10 23:15:00+00:00,2686.0
2023-03-10 23:30:00+00:00,1797.0
2023-03-10 23:45:00+00:00,1589.0
2023-03-11 00:00:00+00:00,26762.0
2023-03-11 00:15:00+00:00,1384.0
2023-03-11 00:30:00+00:00,507.0
2023-03-11 00:45:00+00:00,-496.0
2023-03-11 01:00:00+00:00,23931.0
2023-03-11 01:15:00+00:00,-455.0
2023-03-11 01:30:00+00:00,-792.0
2023-03-11 01:45:00+00:00,-576.0
2023-03-11 02:00:00+00:00,23357.0
2023-03-11 02:15:00+00:00,1497.0
2023-03-11 02:30:00+00:00,2326.0
2023-03-11 02:45:00+00:00,2385.0
2023-03-11 03:00:00+00:00,23035.0
2023-03-11 03:15:00+00:00,864.0
2023-03-11 03:30:00+00:00,-28.0
2023-03-11 03:45:00+00:00,-389.0
2023-03-11 04:00:00+00:00,15139.0
2023-03-11 04:15:00+00:00,-98.0
2023-03-11 04:30:00+00:00,1312.0
2023-03-11 04:45:00+00:00,1022.0
2023-03-11 05:00:00+00:00,11020.0
2023-03-11 05:15:00+00:00,535.0
2023-03-11 05:30:00+00:00,968.0
2023-03-11 05:45:00+00:00,614.0
2023-03-11 06:00:00+00:00,5912.0
2023-03-11 06:15:00+00:00,234.0
2023-03-11 06:30:00+00:00,302.0
2023-03-11 06:45:00+00:00,523.0
2023-03-11 07:00:00+00:00,8286.0
2023-03-11 07:15:00+00:00,1385.0
2023-03-11 07:30:00+00:00,201.0
2023-03-11 07:45:00+00:00,72.0
2023-03-11 08:00:00+00:00,6259.0
2023-03-11 08:15:00+00:00,-623.0
2023-03-11 08:30:00+00:00,-1144.0
2023-03-11 08:45:00+00:00,-954.0
2023-03-11 09:00:00+00:00,6994.0
2023-03-11 09:15:00+00:00,-1672.0
2023-03-11 09:30:00+00:00,-1740.0
2023-03-11 09:45:00+00:00,-2196.0
2023-03-11 10:00:00+00:00,8900.0
2023-03-11 10:15:00+00:00,-2460.0
2023-03-11 10:30:00+00:00,-1620.0
2023-03-11 10:45:00+00:00,-1806.0
2023-03-11 11:00:00+00:00,9704.0
2023-03-11 11:15:00+00:00,-1509.0
2023-03-11 11:30:00+00:00,-1844.0
2023-03-11 11:45:00+00:00,-2015.0
2023-03-11 12:00:00+00:00,11855.0
2023-03-11 12:15:00+00:00,-2070.0
2023-03-11 12:30:00+00:00,-1906.0
2023-03-11 12:45:00+00:00,-1270.0
2023-03-11 13:00:00+00:00,9982.0
2023-03-11 13:15:00+00:00,119.0
2023-03-11 13:30:00+00:00,367.0
2023-03-11 13:45:00+00:00,836.0
2023-03-11 14:00:00+00:00,13245.0
2023-03-11 14:15:00+00:00,1732.0
2023-03-11 14:30:00+00:00,2518.0
2023-03-11 14:45:00+00:00,2569.0
2023-03-11 15:00:00+00:00,18869.0
2023-03-11 15:15:00+00:00,1873.0
2023-03-11 15:30:00+00:00,942.0
2023-03-11 15:45:00+00:00,667.0
2023-03-11 16:00:00+00:00,14702.0
2023-03-11 16:15:00+00:00,2216.0
2023-03-11 16:30:00+00:00,2985.0
2023-03-11 16:45:00+00:00,2327.0
2023-03-11 17:00:00+00:00,9983.0
2023-03-11 17:15:00+00:00,2063.0
2023-03-11 17:30:00+00:00,1981.0
2023-03-11 17:45:00+00:00,1881.0
2023-03-11 18:00:00+00:00,9574.0
2023-03-11 18:15:00+00:00,1396.0
2023-03-11 18:30:00+00:00,1574.0
2023-03-11 18:45:00+00:00,1342.0
2023-03-11 19:00:00+00:00,12508.0
2023-03-11 19:15:00+00:00,202.0
2023-03-11 19:30:00+00:00,-345.0
2023-03-11 19:45:00+00:00,-689.0
2023-03-11 20:00:00+00:00,9374.0
2023-03-11 20:15:00+00:00,-24.0
2023-03-11 20:30:00+00:00,497.0
2023-03-11 20:45:00+00:00,114.0
2023-03-11 21:00:00+00:00,9777.0
2023-03-11 21:15:00+00:00,1139.0
2023-03-11 21:30:00+00:00,684.0
2023-03-11 21:45:00+00:00,205.0
2023-03-11 22:00:00+00:00,10219.0
2023-03-11 22:15:00+00:00,1860.0
2023-03-11 22:30:00+00:00,1836.0
2023-03-11 22:45:00+00:00,1582.0
2023-03-11 23:00:00+00:00,5602.0
2023-03-11 23:15:00+00:00,313.0
2023-03-11 23:30:00+00:00,46.0
2023-03-11 23:45:00+00:00,-689.0
2023-03-12 00:00:00+00:00,1620.0
2023-03-12 00:15:00+00:00,-2443.0
2023-03-12 00:30:00+00:00,-2533.0
2023-03-12 00:45:00+00:00,-3605.0
2023-03-12 01:00:00+00:00,-1462.0
2023-03-12 01:15:00+00:00,-5080.0
2023-03-12 01:30:00+00:00,-5449.0
2023-03-12 01:45:00+00:00,-6087.0
2023-03-12 02:00:00+00:00,-1838.0
2023-03-12 02:15:00+00:00,-5646.0
2023-03-12 02:30:00+00:00,-5189.0
2023-03-12 02:45:00+00:00,-5167.0
2023-03-12 03:00:00+00:00,-5347.0
2023-03-12 03:15:00+00:00,-6473.0
2023-03-12 03:30:00+00:00,-6858.0
2023-03-12 03:45:00+00:00,-7049.0
2023-03-12 04:00:00+00:00,-6655.0
2023-03-12 04:15:00+00:00,-5403.0
2023-03-12 04:30:00+00:00,-4558.0
2023-03-12 04:45:00+00:00,-4302.0
2023-03-12 05:00:00+00:00,-1992.0
2023-03-12 05:15:00+00:00,-2805.0
2023-03-12 05:30:00+00:00,-2944.0
2023-03-12 05:45:00+00:00,-2792.0
2023-03-12 06:00:00+00:00,1959.0
2023-03-12 06:15:00+00:00,-2647.0
2023-03-12 06:30:00+00:00,-2655.0
2023-03-12 06:45:00+00:00,-755.0
2023-03-12 07:00:00+00:00,4574.0
2023-03-12 07:15:00+00:00,-325.0
2023-03-12 07:30:00+00:00,-351.0
2023-03-12 07:45:00+00:00,-680.0
2023-03-12 08:00:00+00:00,8358.0
2023-03-12 08:15:00+00:00,-1258.0
2023-03-12 08:30:00+00:00,-1047.0
2023-03-12 08:45:00+00:00,-1037.0
2023-03-12 09:00:00+00:00,13079.0
2023-03-12 09:15:00+00:00,-1273.0
2023-03-12 09:30:00+00:00,-1522.0
2023-03-12 09:45:00+00:00,-1344.0
2023-03-12 10:00:00+00:00,12096.0
2023-03-12 10:15:00+00:00,-1197.0
2023-03-12 10:30:00+00:00,-449.0
2023-03-12 10:45:00+00:00,-995.0
2023-03-12 11:00:00+00:00,9346.0
2023-03-12 11:15:00+00:00,-1905.0
2023-03-12 11:30:00+00:00,-2128.0
2023-03-12 11:45:00+00:00,-1942.0
2023-03-12 12:00:00+00:00,7830.0
2023-03-12 12:15:00+00:00,-2838.0
2023-03-12 12:30:00+00:00,-2516.0
2023-03-12 12:45:00+00:00,-1895.0
2023-03-12 13:00:00+00:00,6604.0
2023-03-12 13:15:00+00:00,-1668.0
2023-03-12 13:30:00+00:00,-1672.0
2023-03-12 13:45:00+00:00,-246.0
2023-03-12 14:00:00+00:00,6409.0
2023-03-12 14:15:00+00:00,43.0
2023-03-12 14:30:00+00:00,777.0
2023-03-12 14:45:00+00:00,513.0
2023-03-12 15:00:00+00:00,7891.0
2023-03-12 15:15:00+00:00,-391.0
2023-03-12 15:30:00+00:00,72.0
2023-03-12 15:45:00+00:00,-1301.0
2023-03-12 16:00:00+00:00,10954.0
2023-03-12 16:15:00+00:00,619.0
2023-03-12 16:30:00+00:00,802.0
2023-03-12 16:45:00+00:00,520.0
2023-03-12 17:00:00+00:00,14277.0
2023-03-12 17:15:00+00:00,833.0
2023-03-12 17:30:00+00:00,1102.0
2023-03-12 17:45:00+00:00,908.0
2023-03-12 18:00:00+00:00,16164.0
2023-03-12 18:15:00+00:00,822.0
2023-03-12 18:30:00+00:00,894.0
2023-03-12 18:45:00+00:00,669.0
2023-03-12 19:00:00+00:00,23629.0
2023-03-12 19:15:00+00:00,1421.0
2023-03-12 19:30:00+00:00,1036.0
2023-03-12 19:45:00+00:00,1889.0
2023-03-12 20:00:00+00:00,30057.0
2023-03-12 20:15:00+00:00,1910.0
2023-03-12 20:30:00+00:00,2371.0
2023-03-12 20:45:00+00:00,1991.0
2023-03-12 21:00:00+00:00,32470.0
2023-03-12 21:15:00+00:00,2027.0
2023-03-12 21:30:00+00:00,1472.0
2023-03-12 21:45:00+00:00,518.0
2023-03-12 22:00:00+00:00,29025.0
2023-03-12 22:15:00+00:00,1088.0
2023-03-12 22:30:00+00:00,1776.0
2023-03-12 22:45:00+00:00,1309.0
2023-03-12 23:00:00+00:00,33783.0
2023-03-12 23:15:00+00:00,840.0
2023-03-12 23:30:00+00:00,-480.0
2023-03-12 23:45:00+00:00,-428.0
2023-03-13 00:00:00+00:00,29985.0
2023-03-13 00:15:00+00:00,-1967.0
2023-03-13 00:30:00+00:00,-2340.0
2023-03-13 00:45:00+00:00,-1793.0
2023-03-13 01:00:00+00:00,30117.0
2023-03-13 01:15:00+00:00,-433.0
2023-03-13 01:30:00+00:00,-1764.0
2023-03-13 01:45:00+00:00,-3176.0
2023-03-13 02:00:00+00:00,20126.0
2023-03-13 02:15:00+00:00,-4489.0
2023-03-13 02:30:00+00:00,-4261.0
2023-03-13 02:45:00+00:00,-4731.0
2023-03-13 03:00:00+00:00,18307.0
2023-03-13 03:15:00+00:00,-2982.0
2023-03-13 03:30:00+00:00,-2236.0
2023-03-13 03:45:00+00:00,-2414.0
2023-03-13 04:00:00+00:00,20391.0
2023-03-13 04:15:00+00:00,-1538.0
2023-03-13 04:30:00+00:00,-1374.0
2023-03-13 04:45:00+00:00,-1503.0
2023-03-13 05:00:00+00:00,18652.0
2023-03-13 05:15:00+00:00,-2902.0
2023-03-13 05:30:00+00:00,-3909.0
2023-03-13 05:45:00+00:00,-4003.0
2023-03-13 06:00:00+00:00,20921.0
2023-03-13 06:15:00+00:00,-3587.0
2023-03-13 06:30:00+00:00,-2730.0
2023-03-13 06:45:00+00:00,-1497.0
2023-03-13 07:00:00+00:00,27601.0
2023-03-13 07:15:00+00:00,-111.0
2023-03-13 07:30:00+00:00,207.0
2023-03-13 07:45:00+00:00,-2.0
2023-03-13 08:00:00+00:00,31205.0
2023-03-13 08:15:00+00:00,-199.0
2023-03-13 08:30:00+00:00,650.0
2023-03-13 08:45:00+00:00,744.0
2023-03-13 09:00:00+00:00,27601.0
2023-03-13 09:15:00+00:00,650.0
2023-03-13 09:30:00+00:00,543.0
2023-03-13 09:45:00+00:00,-122.0
2023-03-13 10:00:00+00:00,24052.0
2023-03-13 10:15:00+00:00,276.0
2023-03-13 10:30:00+00:00,-184.0
2023-03-13 10:45:00+00:00,-656.0
2023-03-13 11:00:00+00:00,22179.0
2023-03-13 11:15:00+00:00,-784.0
2023-03-13 11:30:00+00:00,-343.0
2023-03-13 11:45:00+00:00,-897.0
2023-03-13 12:00:00+00:00,18591.0
2023-03-13 12:15:00+00:00,-972.0
2023-03-13 12:30:00+00:00,-972.0
2023-03-13 12:45:00+00:00,-1116.0
2023-03-13 13:00:00+00:00,20739.0
2023-03-13 13:15:00+00:00,332.0
2023-03-13 13:30:00+00:00,1090.0
2023-03-13 13:45:00+00:00,1479.0
2023-03-13 14:00:00+00:00,20509.0
2023-03-13 14:15:00+00:00,1588.0
2023-03-13 14:30:00+00:00,1679.0
2023-03-13 14:45:00+00:00,2309.0
2023-03-13 15:00:00+00:00,21491.0
2023-03-13 15:15:00+00:00,1919.0
2023-03-13 15:30:00+00:00,1267.0
2023-03-13 15:45:00+00:00,270.0
2023-03-13 16:00:00+00:00,19854.0
2023-03-13 16:15:00+00:00,1093.0
2023-03-13 16:30:00+00:00,1450.0
2023-03-13 16:45:00+00:00,1396.0
2023-03-13 17:00:00+00:00,16632.0
2023-03-13 17:15:00+00:00,734.0
2023-03-13 17:30:00+00:00,1339.0
2023-03-13 17:45:00+00:00,721.0
2023-03-13 18:00:00+00:00,15175.0
2023-03-13 18:15:00+00:00,-111.0
2023-03-13 18:30:00+00:00,-24.0
2023-03-13 18:45:00+00:00,-539.0
2023-03-13 19:00:00+00:00,19396.0
2023-03-13 19:15:00+00:00,-20.0
2023-03-13 19:30:00+00:00,720.0
2023-03-13 19:45:00+00:00,1377.0
2023-03-13 20:00:00+00:00,25231.0
2023-03-13 20:15:00+00:00,1171.0
2023-03-13 20:30:00+00:00,2003.0
2023-03-13 20:45:00+00:00,2096.0
2023-03-13 21:00:00+00:00,22561.0
2023-03-13 21:15:00+00:00,2360.0
2023-03-13 21:30:00+00:00,801.0
2023-03-13 21:45:00+00:00,-221.0
2023-03-13 22:00:00+00:00,18815.0
2023-03-13 22:15:00+00:00,-504.0
2023-03-13 22:30:00+00:00,-368.0
2023-03-13 22:45:00+00:00,-1051.0
2023-03-13 23:00:00+00:00,16273.0
2023-03-13 23:15:00+00:00,-2074.0
2023-03-13 23:30:00+00:00,-3137.0
2023-03-13 23:45:00+00:00,-3616.0
2023-03-14 00:00:00+00:00,18470.0
2023-03-14 00:15:00+00:00,-4763.0
2023-03-14 00:30:00+00:00,-4922.0
2023-03-14 00:45:00+00:00,-3522.0
2023-03-14 01:00:00+00:00,22771.0
2023-03-14 01:15:00+00:00,-1828.0
2023-03-14 01:30:00+00:00,-2212.0
2023-03-14 01:45:00+00:00,-2800.0
2023-03-14 02:00:00+00:00,21669.0
2023-03-14 02:15:00+00:00,-2883.0
2023-03-14 02:30:00+00:00,-2342.0
2023-03-14 02:45:00+00:00,-2889.0
2023-03-14 03:00:00+00:00,22986.0
2023-03-14 03:15:00+00:00,-2319.0
2023-03-14 03:30:00+00:00,-1627.0
2023-03-14 03:45:00+00:00,-2774.0
2023-03-14 04:00:00+00:00,24121.0
2023-03-14 04:15:00+00:00,-2332.0
2023-03-14 04:30:00+00:00,-2169.0
2023-03-14 04:45:00+00:00,-2355.0
2023-03-14 05:00:00+00:00,16730.0
2023-03-14 05:15:00+00:00,-3769.0
2023-03-14 05:30:00+00:00,-4042.0
2023-03-14 05:45:00+00:00,-4078.0
2023-03-14 06:00:00+00:00,16182.0
2023-03-14 06:15:00+00:00,-3655.0
2023-03-14 06:30:00+00:00,-3016.0
2023-03-14 06:45:00+00:00,-2275.0
2023-03-14 07:00:00+00:00,23248.0
2023-03-14 07:15:00+00:00,-1781.0
2023-03-14 07:30:00+00:00,-2164.0
2023-03-14 07:45:00+00:00,-2258.0
2023-03-14 08:00:00+00:00,21937.0
2023-03-14 08:15:00+00:00,-2469.0
2023-03-14 08:30:00+00:00,-309.0
2023-03-14 08:45:00+00:00,-373.0
2023-03-14 09:00:00+00:00,27654.0
2023-03-14 09:15:00+00:00,-234.0
2023-03-14 09:30:00+00:00,-247.0
2023-03-14 09:45:00+00:00,-1154.0
2023-03-14 10:00:00+00:00,25848.0
2023-03-14 10:15:00+00:00,-933.0
2023-03-14 10:30:00+00:00,-621.0
2023-03-14 10:45:00+00:00,-1377.0
2023-03-14 11:00:00+00:00,17899.0
2023-03-14 11:15:00+00:00,-1496.0
2023-03-14 11:30:00+00:00,-3382.0
2023-03-14 11:45:00+00:00,-4079.0
2023-03-14 12:00:00+00:00,10302.0
2023-03-14 12:15:00+00:00,-4310.0
2023-03-14 12:30:00+00:00,-3835.0
2023-03-14 12:45:00+00:00,-2715.0
2023-03-14 13:00:00+00:00,14224.0
2023-03-14 13:15:00+00:00,-1434.0
2023-03-14 13:30:00+00:00,-1721.0
2023-03-14 13:45:00+00:00,-1485.0
2023-03-14 14:00:00+00:00,18147.0
2023-03-14 14:15:00+00:00,-1869.0
2023-03-14 14:30:00+00:00,-1883.0
2023-03-14 14:45:00+00:00,-2320.0
2023-03-14 15:00:00+00:00,17407.0
2023-03-14 15:15:00+00:00,-1350.0
2023-03-14 15:30:00+00:00,-978.0
2023-03-14 15:45:00+00:00,-972.0
2023-03-14 16:00:00+00:00,17971.0
2023-03-14 16:15:00+00:00,-166.0
2023-03-14 16:30:00+00:00,-503.0
2023-03-14 16:45:00+00:00,-774.0
2023-03-14 17:00:00+00:00,13089.0
2023-03-14 17:15:00+00:00,-856.0
2023-03-14 17:30:00+00:00,-619.0
2023-03-14 17:45:00+00:00,-723.0
2023-03-14 18:00:00+00:00,8162.0
2023-03-14 18:15:00+00:00,-1349.0
2023-03-14 18:30:00+00:00,-1343.0
2023-03-14 18:45:00+00:00,-1324.0
2023-03-14 19:00:00+00:00,6216.0
2023-03-14 19:15:00+00:00,-909.0
2023-03-14 19:30:00+00:00,-1163.0
2023-03-14 19:45:00+00:00,-2434.0
2023-03-14 20:00:00+00:00,7529.0
2023-03-14 20:15:00+00:00,-3227.0
2023-03-14 20:30:00+00:00,-2882.0
2023-03-14 20:45:00+00:00,-2921.0
2023-03-14 21:00:00+00:00,5788.0
2023-03-14 21:15:00+00:00,-3009.0
2023-03-14 21:30:00+00:00,-2611.0
2023-03-14 21:45:00+00:00,-2394.0
2023-03-14 22:00:00+00:00,8208.0
2023-03-14 22:15:00+00:00,-1199.0
2023-03-14 22:30:00+00:00,-1490.0
2023-03-14 22:45:00+00:00,-2465.0
2023-03-14 23:00:00+00:00,8978.0
2023-03-14 23:15:00+00:00,-2750.0
2023-03-14 23:30:00+00:00,-2451.0
2023-03-14 23:45:00+00:00,-2099.0
2023-03-15 00:00:00+00:00,11054.0
2023-03-15 00:15:00+00:00,-628.0
2023-03-15 00:30:00+00:00,-574.0
2023-03-15 00:45:00+00:00,-504.0
2023-03-15 01:00:00+00:00,12334.0
2023-03-15 01:15:00+00:00,-24.0
2023-03-15 01:30:00+00:00,-144.0
2023-03-15 01:45:00+00:00,-808.0
2023-03-15 02:00:00+00:00,12521.0
2023-03-15 02:15:00+00:00,-2868.0
2023-03-15 02:30:00+00:00,-2352.0
2023-03-15 02:45:00+00:00,-2609.0
2023-03-15 03:00:00+00:00,9689.0
2023-03-15 03:15:00+00:00,-2141.0
2023-03-15 03:30:00+00:00,-2333.0
2023-03-15 03:45:00+00:00,-2156.0
2023-03-15 04:00:00+00:00,10529.0
2023-03-15 04:15:00+00:00,-2410.0
2023-03-15 04:30:00+00:00,-2622.0
2023-03-15 04:45:00+00:00,-3475.0
2023-03-15 05:00:00+00:00,2656.0
2023-03-15 05:15:00+00:00,-4005.0
2023-03-15 05:30:00+00:00,-3796.0
2023-03-15 05:45:00+00:00,-3339.0
2023-03-15 06:00:00+00:00,537.0
2023-03-15 06:15:00+00:00,-3028.0
2023-03-15 06:30:00+00:00,-3522.0
2023-03-15 06:45:00+00:00,-3430.0
2023-03-15 07:00:00+00:00,2701.0
2023-03-15 07:15:00+00:00,-2147.0
2023-03-15 07:30:00+00:00,-1778.0
2023-03-15 07:45:00+00:00,-2302.0
2023-03-15 08:00:00+00:00,4330.0
2023-03-15 08:15:00+00:00,-1785.0
2023-03-15 08:30:00+00:00,-1035.0
2023-03-15 08:45:00+00:00,-193.0
2023-03-15 09:00:00+00:00,8650.0
2023-03-15 09:15:00+00:00,-1070.0
2023-03-15 09:30:00+00:00,-1391.0
2023-03-15 09:45:00+00:00,-2180.0
2023-03-15 10:00:00+00:00,8110.0
2023-03-15 10:15:00+00:00,-1561.0
2023-03-15 10:30:00+00:00,-995.0
2023-03-15 10:45:00+00:00,-1402.0
2023-03-15 11:00:00+00:00,5043.0
2023-03-15 11:15:00+00:00,131.0
2023-03-15 11:30:00+00:00,2.0
2023-03-15 11:45:00+00:00,138.0
2023-03-15 12:00:00+00:00,5192.0
2023-03-15 12:15:00+00:00,-1232.0
2023-03-15 12:30:00+00:00,-1384.0
2023-03-15 12:45:00+00:00,-1449.0
2023-03-15 13:00:00+00:00,3217.0
2023-03-15 13:15:00+00:00,-705.0
2023-03-15 13:30:00+00:00,-612.0
2023-03-15 13:45:00+00:00,631.0
2023-03-15 14:00:00+00:00,11568.0
2023-03-15 14:15:00+00:00,1576.0
2023-03-15 14:30:00+00:00,1639.0
2023-03-15 14:45:00+00:00,1032.0
2023-03-15 15:00:00+00:00,7283.0
2023-03-15 15:15:00+00:00,-62.0
2023-03-15 15:30:00+00:00,-762.0
2023-03-15 15:45:00+00:00,-2438.0
2023-03-15 16:00:00+00:00,-1637.0
2023-03-15 16:15:00+00:00,-2094.0
2023-03-15 16:30:00+00:00,-1728.0
2023-03-15 16:45:00+00:00,-1838.0
2023-03-15 17:00:00+00:00,-9733.0
2023-03-15 17:15:00+00:00,-2866.0
2023-03-15 17:30:00+00:00,-2729.0
2023-03-15 17:45:00+00:00,-3880.0
2023-03-15 18:00:00+00:00,-14114.0
2023-03-15 18:15:00+00:00,-4750.0
2023-03-15 18:30:00+00:00,-4458.0
2023-03-15 18:45:00+00:00,-3083.0
2023-03-15 19:00:00+00:00,-6512.0
2023-03-15 19:15:00+00:00,-2383.0
2023-03-15 19:30:00+00:00,-3406.0
2023-03-15 19:45:00+00:00,-2955.0
2023-03-15 20:00:00+00:00,-3192.0
2023-03-15 20:15:00+00:00,-2162.0
2023-03-15 20:30:00+00:00,-2076.0
2023-03-15 20:45:00+00:00,-2164.0
2023-03-15 21:00:00+00:00,-1144.0
2023-03-15 21:15:00+00:00,-2067.0
2023-03-15 21:30:00+00:00,-1653.0
2023-03-15 21:45:00+00:00,-1267.0
2023-03-15 22:00:00+00:00,515.0
2023-03-15 22:15:00+00:00,845.0
2023-03-15 22:30:00+00:00,611.0
2023-03-15 22:45:00+00:00,127.0
2023-03-15 23:00:00+00:00,2855.0
2023-03-15 23:15:00+00:00,130.0
2023-03-15 23:30:00+00:00,644.0
2023-03-15 23:45:00+00:00,1121.0
2023-03-16 00:00:00+00:00,3021.0
2023-03-16 00:15:00+00:00,536.0
2023-03-16 00:30:00+00:00,464.0
2023-03-16 00:45:00+00:00,625.0
2023-03-16 01:00:00+00:00,5274.0
2023-03-16 01:15:00+00:00,-550.0
2023-03-16 01:30:00+00:00,-1065.0
2023-03-16 01:45:00+00:00,-1399.0
2023-03-16 02:00:00+00:00,-689.0
2023-03-16 02:15:00+00:00,-2790.0
2023-03-16 02:30:00+00:00,-2303.0
2023-03-16 02:45:00+00:00,-2346.0
2023-03-16 03:00:00+00:00,472.0
2023-03-16 03:15:00+00:00,-2072.0
2023-03-16 03:30:00+00:00,-2222.0
2023-03-16 03:45:00+00:00,-1803.0
2023-03-16 04:00:00+00:00,-2942.0
2023-03-16 04:15:00+00:00,-447.0
2023-03-16 04:30:00+00:00,-797.0
2023-03-16 04:45:00+00:00,-1015.0
2023-03-16 05:00:00+00:00,-11678.0
2023-03-16 05:15:00+00:00,-2371.0
2023-03-16 05:30:00+00:00,-2688.0
2023-03-16 05:45:00+00:00,-3240.0
2023-03-16 06:00:00+00:00,-8734.0
2023-03-16 06:15:00+00:00,-3589.0
2023-03-16 06:30:00+00:00,-3385.0
2023-03-16 06:45:00+00:00,-2506.0
2023-03-16 07:00:00+00:00,2921.0
2023-03-16 07:15:00+00:00,-1081.0
2023-03-16 07:30:00+00:00,-1146.0
2023-03-16 07:45:00+00:00,-1071.0
2023-03-16 08:00:00+00:00,9520.0
2023-03-16 08:15:00+00:00,-1139.0
2023-03-16 08:30:00+00:00,-606.0
2023-03-16 08:45:00+00:00,-1234.0
2023-03-16 09:00:00+00:00,14207.0
2023-03-16 09:15:00+00:00,-1142.0
2023-03-16 09:30:00+00:00,-1433.0
2023-03-16 09:45:00+00:00,-1544.0
2023-03-16 10:00:00+00:00,14378.0
2023-03-16 10:15:00+00:00,-352.0
2023-03-16 10:30:00+00:00,-366.0
2023-03-16 10:45:00+00:00,-672.0
2023-03-16 11:00:00+00:00,16529.0
2023-03-16 11:15:00+00:00,-1178.0
2023-03-16 11:30:00+00:00,-1328.0
2023-03-16 11:45:00+00:00,-934.0
2023-03-16 12:00:00+00:00,16162.0
2023-03-16 12:15:00+00:00,-2316.0
2023-03-16 12:30:00+00:00,-2099.0
2023-03-16 12:45:00+00:00,-1482.0
2023-03-16 13:00:00+00:00,14857.0
2023-03-16 13:15:00+00:00,-1683.0
2023-03-16 13:30:00+00:00,-1845.0
2023-03-16 13:45:00+00:00,-2751.0
2023-03-16 14:00:00+00:00,13567.0
2023-03-16 14:15:00+00:00,-3318.0
2023-03-16 14:30:00+00:00,-3237.0
2023-03-16 14:45:00+00:00,-3528.0
2023-03-16 15:00:00+00:00,6215.0
2023-03-16 15:15:00+00:00,-2645.0
2023-03-16 15:30:00+00:00,-2370.0
2023-03-16 15:45:00+00:00,-1412.0
2023-03-16 16:00:00+00:00,3537.0
2023-03-16 16:15:00+00:00,-662.0
2023-03-16 16:30:00+00:00,-1387.0
2023-03-16 16:45:00+00:00,-1856.0
2023-03-16 17:00:00+00:00,6277.0
2023-03-16 17:15:00+00:00,-3076.0
2023-03-16 17:30:00+00:00,-2781.0
2023-03-16 17:45:00+00:00,-3220.0
2023-03-16 18:00:00+00:00,7517.0
2023-03-16 18:15:00+00:00,-3623.0
2023-03-16 18:30:00+00:00,-3134.0
2023-03-16 18:45:00+00:00,-2959.0
2023-03-16 19:00:00+00:00,17821.0
2023-03-16 19:15:00+00:00,-2197.0
2023-03-16 19:30:00+00:00,-2283.0
2023-03-16 19:45:00+00:00,-1793.0
2023-03-16 20:00:00+00:00,18000.0
2023-03-16 20:15:00+00:00,-1980.0
2023-03-16 20:30:00+00:00,-1776.0
2023-03-16 20:45:00+00:00,-1732.0
2023-03-16 21:00:00+00:00,20927.0
2023-03-16 21:15:00+00:00,-1370.0
2023-03-16 21:30:00+00:00,-1684.0
2023-03-16 21:45:00+00:00,-1965.0
2023-03-16 22:00:00+00:00,23131.0
2023-03-16 22:15:00+00:00,-1003.0
2023-03-16 22:30:00+00:00,-1519.0
2023-03-16 22:45:00+00:00,-2476.0
2023-03-16 23:00:00+00:00,20069.0
2023-03-16 23:15:00+00:00,-3381.0
2023-03-16 23:30:00+00:00,-3725.0
2023-03-16 23:45:00+00:00,-3809.0
2023-03-17 00:00:00+00:00,18039.0
2023-03-17 00:15:00+00:00,-4587.0
2023-03-17 00:30:00+00:00,-4347.0
2023-03-17 00:45:00+00:00,-3645.0
2023-03-17 01:00:00+00:00,16076.0
2023-03-17 01:15:00+00:00,-2991.0
2023-03-17 01:30:00+00:00,-2910.0
2023-03-17 01:45:00+00:00,-2672.0
2023-03-17 02:00:00+00:00,18816.0
2023-03-17 02:15:00+00:00,-3601.0
2023-03-17 02:30:00+00:00,-3638.0
2023-03-17 02:45:00+00:00,-3449.0
2023-03-17 03:00:00+00:00,17666.0
2023-03-17 03:15:00+00:00,-2976.0
2023-03-17 03:30:00+00:00,-2402.0
2023-03-17 03:45:00+00:00,-2524.0
2023-03-17 04:00:00+00:00,18990.0
2023-03-17 04:15:00+00:00,-1832.0
2023-03-17 04:30:00+00:00,-1764.0
2023-03-17 04:45:00+00:00,-2071.0
2023-03-17 05:00:00+00:00,15076.0
2023-03-17 05:15:00+00:00,-2441.0
2023-03-17 05:30:00+00:00,-862.0
2023-03-17 05:45:00+00:00,-498.0
2023-03-17 06:00:00+00:00,14793.0
2023-03-17 06:15:00+00:00,180.0
2023-03-17 06:30:00+00:00,-110.0
2023-03-17 06:45:00+00:00,340.0
2023-03-17 07:00:00+00:00,14168.0
2023-03-17 07:15:00+00:00,259.0
2023-03-17 07:30:00+00:00,977.0
2023-03-17 07:45:00+00:00,1144.0
2023-03-17 08:00:00+00:00,17604.0
2023-03-17 08:15:00+00:00,1302.0
2023-03-17 08:30:00+00:00,1565.0
2023-03-17 08:45:00+00:00,1033.0
2023-03-17 09:00:00+00:00,25979.0
2023-03-17 09:15:00+00:00,-93.0
2023-03-17 09:30:00+00:00,-1130.0
2023-03-17 09:45:00+00:00,-1353.0
2023-03-17 10:00:00+00:00,27685.0
2023-03-17 10:15:00+00:00,-368.0
2023-03-17 10:30:00+00:00,165.0
2023-03-17 10:45:00+00:00,153.0
2023-03-17 11:00:00+00:00,25528.0
2023-03-17 11:15:00+00:00,-573.0
2023-03-17 11:30:00+00:00,-859.0
2023-03-17 11:45:00+00:00,1071.0
2023-03-17 12:00:00+00:00,20253.0
2023-03-17 12:15:00+00:00,629.0
2023-03-17 12:30:00+00:00,591.0
2023-03-17 12:45:00+00:00,88.0
2023-03-17 13:00:00+00:00,14657.0
2023-03-17 13:15:00+00:00,96.0
2023-03-17 13:30:00+00:00,-26.0
2023-03-17 13:45:00+00:00,-392.0
2023-03-17 14:00:00+00:00,4561.0
2023-03-17 14:15:00+00:00,-330.0
2023-03-17 14:30:00+00:00,-585.0
2023-03-17 14:45:00+00:00,361.0
2023-03-17 15:00:00+00:00,-7772.0
2023-03-17 15:15:00+00:00,-883.0
2023-03-17 15:30:00+00:00,-1267.0
2023-03-17 15:45:00+00:00,-1557.0
2023-03-17 16:00:00+00:00,-16780.0
2023-03-17 16:15:00+00:00,-1632.0
2023-03-17 16:30:00+00:00,-1804.0
2023-03-17 16:45:00+00:00,-1873.0
2023-03-17 17:00:00+00:00,-15352.0
2023-03-17 17:15:00+00:00,-3921.0
2023-03-17 17:30:00+00:00,-4173.0
2023-03-17 17:45:00+00:00,-5141.0
2023-03-17 18:00:00+00:00,-18747.0
2023-03-17 18:15:00+00:00,-4513.0
2023-03-17 18:30:00+00:00,-4554.0
2023-03-17 18:45:00+00:00,-3440.0
2023-03-17 19:00:00+00:00,-7504.0
2023-03-17 19:15:00+00:00,692.0
2023-03-17 19:30:00+00:00,1793.0
2023-03-17 19:45:00+00:00,1650.0
2023-03-17 20:00:00+00:00,4936.0
2023-03-17 20:15:00+00:00,838.0
2023-03-17 20:30:00+00:00,67.0
2023-03-17 20:45:00+00:00,13.0
2023-03-17 21:00:00+00:00,4641.0
2023-03-17 21:15:00+00:00,-1147.0
2023-03-17 21:30:00+00:00,-1474.0
2023-03-17 21:45:00+00:00,-2125.0
2023-03-17 22:00:00+00:00,5062.0
2023-03-17 22:15:00+00:00,-1518.0
2023-03-17 22:30:00+00:00,-2272.0
2023-03-17 22:45:00+00:00,-3003.0
2023-03-17 23:00:00+00:00,3661.0
2023-03-17 23:15:00+00:00,-5645.0
2023-03-17 23:30:00+00:00,-6338.0
2023-03-17 23:45:00+00:00,-7532.0
2023-03-18 00:00:00+00:00,5393.0
2023-03-18 00:15:00+00:00,-6900.0
2023-03-18 00:30:00+00:00,-6223.0
2023-03-18 00:45:00+00:00,-5279.0
2023-03-18 01:00:00+00:00,6658.0
2023-03-18 01:15:00+00:00,-3575.0
2023-03-18 01:30:00+00:00,-3114.0
2023-03-18 01:45:00+00:00,-3335.0
2023-03-18 02:00:00+00:00,7649.0
2023-03-18 02:15:00+00:00,-3484.0
2023-03-18 02:30:00+00:00,-3294.0
2023-03-18 02:45:00+00:00,-2702.0
2023-03-18 03:00:00+00:00,5233.0
2023-03-18 03:15:00+00:00,-2837.0
2023-03-18 03:30:00+00:00,-2198.0
2023-03-18 03:45:00+00:00,-2010.0
2023-03-18 04:00:00+00:00,4251.0
2023-03-18 04:15:00+00:00,-1874.0
2023-03-18 04:30:00+00:00,-1894.0
2023-03-18 04:45:00+00:00,-1963.0
2023-03-18 05:00:00+00:00,3156.0
2023-03-18 05:15:00+00:00,-2850.0
2023-03-18 05:30:00+00:00,-2679.0
2023-03-18 05:45:00+00:00,-1587.0
2023-03-18 06:00:00+00:00,3705.0
2023-03-18 06:15:00+00:00,-874.0
2023-03-18 06:30:00+00:00,-925.0
2023-03-18 06:45:00+00:00,-381.0
2023-03-18 07:00:00+00:00,4819.0
2023-03-18 07:15:00+00:00,-172.0
2023-03-18 07:30:00+00:00,-622.0
2023-03-18 07:45:00+00:00,276.0
2023-03-18 08:00:00+00:00,8737.0
2023-03-18 08:15:00+00:00,-492.0
2023-03-18 08:30:00+00:00,-550.0
2023-03-18 08:45:00+00:00,-1387.0
2023-03-18 09:00:00+00:00,7418.0
2023-03-18 09:15:00+00:00,-1240.0
2023-03-18 09:30:00+00:00,-1404.0
2023-03-18 09:45:00+00:00,-1235.0
2023-03-18 10:00:00+00:00,10362.0
2023-03-18 10:15:00+00:00,-1254.0
2023-03-18 10:30:00+00:00,-1291.0
2023-03-18 10:45:00+00:00,-2066.0
2023-03-18 11:00:00+00:00,11903.0
2023-03-18 11:15:00+00:00,-1534.0
2023-03-18 11:30:00+00:00,-2266.0
2023-03-18 11:45:00+00:00,-835.0
2023-03-18 12:00:00+00:00,11939.0
2023-03-18 12:15:00+00:00,-53.0
2023-03-18 12:30:00+00:00,-120.0
2023-03-18 12:45:00+00:00,14.0
2023-03-18 13:00:00+00:00,7454.0
2023-03-18 13:15:00+00:00,-1267.0
2023-03-18 13:30:00+00:00,-1948.0
2023-03-18 13:45:00+00:00,-1973.0
2023-03-18 14:00:00+00:00,-1608.0
2023-03-18 14:15:00+00:00,-297.0
2023-03-18 14:30:00+00:00,-396.0
2023-03-18 14:45:00+00:00,-624.0
2023-03-18 15:00:00+00:00,-10679.0
2023-03-18 15:15:00+00:00,-1693.0
2023-03-18 15:30:00+00:00,-2847.0
2023-03-18 15:45:00+00:00,-2890.0
2023-03-18 16:00:00+00:00,-23086.0
2023-03-18 16:15:00+00:00,-1499.0
2023-03-18 16:30:00+00:00,-1239.0
2023-03-18 16:45:00+00:00,-1154.0
2023-03-18 17:00:00+00:00,-25361.0
2023-03-18 17:15:00+00:00,-1697.0
2023-03-18 17:30:00+00:00,-2716.0
2023-03-18 17:45:00+00:00,-3152.0
2023-03-18 18:00:00+00:00,-23190.0
2023-03-18 18:15:00+00:00,-2962.0
2023-03-18 18:30:00+00:00,-2938.0
2023-03-18 18:45:00+00:00,-3195.0
2023-03-18 19:00:00+00:00,-13804.0
2023-03-18 19:15:00+00:00,-2245.0
2023-03-18 19:30:00+00:00,-1964.0
2023-03-18 19:45:00+00:00,-1953.0
2023-03-18 20:00:00+00:00,-9579.0
2023-03-18 20:15:00+00:00,-1264.0
2023-03-18 20:30:00+00:00,-1145.0
2023-03-18 20:45:00+00:00,-1420.0
2023-03-18 21:00:00+00:00,-5396.0
2023-03-18 21:15:00+00:00,-2348.0
2023-03-18 21:30:00+00:00,-1742.0
2023-03-18 21:45:00+00:00,-1338.0
2023-03-18 22:00:00+00:00,-2979.0
2023-03-18 22:15:00+00:00,-381.0
2023-03-18 22:30:00+00:00,-350.0
2023-03-18 22:45:00+00:00,-265.0
2023-03-18 23:00:00+00:00,4339.0
2023-03-18 23:15:00+00:00,-1003.0
2023-03-18 23:30:00+00:00,-1236.0
2023-03-18 23:45:00+00:00,-1205.0
2023-03-19 00:00:00+00:00,2104.0
2023-03-19 00:15:00+00:00,-1383.0
2023-03-19 00:30:00+00:00,-1639.0
2023-03-19 00:45:00+00:00,-1804.0
2023-03-19 01:00:00+00:00,3618.0
2023-03-19 01:15:00+00:00,-1718.0
2023-03-19 01:30:00+00:00,-2214.0
2023-03-19 01:45:00+00:00,-2964.0
2023-03-19 02:00:00+00:00,-1158.0
2023-03-19 02:15:00+00:00,-4220.0
2023-03-19 02:30:00+00:00,-4394.0
2023-03-19 02:45:00+00:00,-4708.0
2023-03-19 03:00:00+00:00,-6223.0
2023-03-19 03:15:00+00:00,-4227.0
2023-03-19 03:30:00+00:00,-3270.0
2023-03-19 03:45:00+00:00,-2156.0
2023-03-19 04:00:00+00:00,-2776.0
2023-03-19 04:15:00+00:00,-745.0
2023-03-19 04:30:00+00:00,26.0
2023-03-19 04:45:00+00:00,-81.0
2023-03-19 05:00:00+00:00,553.0
2023-03-19 05:15:00+00:00,131.0
2023-03-19 05:30:00+00:00,622.0
2023-03-19 05:45:00+00:00,1915.0
2023-03-19 06:00:00+00:00,7174.0
2023-03-19 06:15:00+00:00,2413.0
2023-03-19 06:30:00+00:00,2717.0
2023-03-19 06:45:00+00:00,2523.0
2023-03-19 07:00:00+00:00,6912.0
2023-03-19 07:15:00+00:00,1063.0
2023-03-19 07:30:00+00:00,1192.0
2023-03-19 07:45:00+00:00,717.0
2023-03-19 08:00:00+00:00,6361.0
2023-03-19 08:15:00+00:00,-152.0
2023-03-19 08:30:00+00:00,-934.0
2023-03-19 08:45:00+00:00,-613.0
2023-03-19 09:00:00+00:00,563.0
2023-03-19 09:15:00+00:00,-1171.0
2023-03-19 09:30:00+00:00,-932.0
2023-03-19 09:45:00+00:00,-277.0
2023-03-19 10:00:00+00:00,330.0
2023-03-19 10:15:00+00:00,992.0
2023-03-19 10:30:00+00:00,1703.0
2023-03-19 10:45:00+00:00,1128.0
2023-03-19 11:00:00+00:00,4221.0
2023-03-19 11:15:00+00:00,-113.0
2023-03-19 11:30:00+00:00,-119.0
2023-03-19 11:45:00+00:00,-513.0
2023-03-19 12:00:00+00:00,1061.0
2023-03-19 12:15:00+00:00,-1187.0
2023-03-19 12:30:00+00:00,-1525.0
2023-03-19 12:45:00+00:00,-1567.0
2023-03-19 13:00:00+00:00,826.0
2023-03-19 13:15:00+00:00,-149.0
2023-03-19 13:30:00+00:00,-603.0
2023-03-19 13:45:00+00:00,-1525.0
2023-03-19 14:00:00+00:00,-3647.0
2023-03-19 14:15:00+00:00,-2834.0
2023-03-19 14:30:00+00:00,-2310.0
2023-03-19 14:45:00+00:00,-2233.0
2023-03-19 15:00:00+00:00,-4882.0
2023-03-19 15:15:00+00:00,-1227.0
2023-03-19 15:30:00+00:00,-1020.0
2023-03-19 15:45:00+00:00,-539.0
2023-03-19 16:00:00+00:00,-14125.0
2023-03-19 16:15:00+00:00,507.0
2023-03-19 16:30:00+00:00,911.0
2023-03-19 16:45:00+00:00,995.0
2023-03-19 17:00:00+00:00,-5596.0
2023-03-19 17:15:00+00:00,1191.0
2023-03-19 17:30:00+00:00,746.0
2023-03-19 17:45:00+00:00,148.0
2023-03-19 18:00:00+00:00,-12578.0
2023-03-19 18:15:00+00:00,99.0
2023-03-19 18:30:00+00:00,-355.0
2023-03-19 18:45:00+00:00,75.0
2023-03-19 19:00:00+00:00,-7164.0
2023-03-19 19:15:00+00:00,511.0
2023-03-19 19:30:00+00:00,562.0
2023-03-19 19:45:00+00:00,869.0
2023-03-19 20:00:00+00:00,-1206.0
2023-03-19 20:15:00+00:00,234.0
2023-03-19 20:30:00+00:00,419.0
2023-03-19 20:45:00+00:00,512.0
2023-03-19 21:00:00+00:00,-4701.0
2023-03-19 21:15:00+00:00,12.0
2023-03-19 21:30:00+00:00,159.0
2023-03-19 21:45:00+00:00,269.0
2023-03-19 22:00:00+00:00,-2347.0
2023-03-19 22:15:00+00:00,1350.0
2023-03-19 22:30:00+00:00,1973.0
2023-03-19 22:45:00+00:00,1721.0
2023-03-19 23:00:00+00:00,6045.0
2023-03-19 23:15:00+00:00,733.0
2023-03-19 23:30:00+00:00,135.0
2023-03-19 23:45:00+00:00,-542.0
2023-03-20 00:00:00+00:00,4388.0
2023-03-20 00:15:00+00:00,-984.0
2023-03-20 00:30:00+00:00,-1376.0
2023-03-20 00:45:00+00:00,-1484.0
2023-03-20 01:00:00+00:00,5114.0
2023-03-20 01:15:00+00:00,301.0
2023-03-20 01:30:00+00:00,-527.0
2023-03-20 01:45:00+00:00,-2684.0
2023-03-20 02:00:00+00:00,881.0
2023-03-20 02:15:00+00:00,-4437.0
2023-03-20 02:30:00+00:00,-4380.0
2023-03-20 02:45:00+00:00,-3515.0
2023-03-20 03:00:00+00:00,277.0
2023-03-20 03:15:00+00:00,-2002.0
2023-03-20 03:30:00+00:00,-1909.0
2023-03-20 03:45:00+00:00,-1384.0
2023-03-20 04:00:00+00:00,-1759.0
2023-03-20 04:15:00+00:00,-579.0
2023-03-20 04:30:00+00:00,-3.0
2023-03-20 04:45:00+00:00,103.0
2023-03-20 05:00:00+00:00,-11841.0
2023-03-20 05:15:00+00:00,-528.0
2023-03-20 05:30:00+00:00,-980.0
2023-03-20 05:45:00+00:00,-1898.0
2023-03-20 06:00:00+00:00,-15051.0
2023-03-20 06:15:00+00:00,-2535.0
2023-03-20 06:30:00+00:00,-2791.0
2023-03-20 06:45:00+00:00,-2656.0
2023-03-20 07:00:00+00:00,-12270.0
2023-03-20 07:15:00+00:00,-1127.0
2023-03-20 07:30:00+00:00,-1165.0
2023-03-20 07:45:00+00:00,-977.0
2023-03-20 08:00:00+00:00,-3943.0
2023-03-20 08:15:00+00:00,-1093.0
2023-03-20 08:30:00+00:00,-339.0
2023-03-20 08:45:00+00:00,-467.0
2023-03-20 09:00:00+00:00,1137.0
2023-03-20 09:15:00+00:00,-547.0
2023-03-20 09:30:00+00:00,-853.0
2023-03-20 09:45:00+00:00,-1488.0
2023-03-20 10:00:00+00:00,637.0
2023-03-20 10:15:00+00:00,-1763.0
2023-03-20 10:30:00+00:00,-1453.0
2023-03-20 10:45:00+00:00,-1360.0
2023-03-20 11:00:00+00:00,-1893.0
2023-03-20 11:15:00+00:00,-3249.0
2023-03-20 11:30:00+00:00,-3526.0
2023-03-20 11:45:00+00:00,-3649.0
2023-03-20 12:00:00+00:00,-2391.0
2023-03-20 12:15:00+00:00,-3841.0
2023-03-20 12:30:00+00:00,-3751.0
2023-03-20 12:45:00+00:00,-3655.0
2023-03-20 13:00:00+00:00,-2786.0
2023-03-20 13:15:00+00:00,-2210.0
2023-03-20 13:30:00+00:00,-2387.0
2023-03-20 13:45:00+00:00,-1916.0
2023-03-20 14:00:00+00:00,-5079.0
2023-03-20 14:15:00+00:00,-2069.0
2023-03-20 14:30:00+00:00,-2348.0
2023-03-20 14:45:00+00:00,-1599.0
2023-03-20 15:00:00+00:00,-7960.0
2023-03-20 15:15:00+00:00,-2100.0
2023-03-20 15:30:00+00:00,-2360.0
2023-03-20 15:45:00+00:00,-2391.0
2023-03-20 16:00:00+00:00,-17576.0
2023-03-20 16:15:00+00:00,-3113.0
2023-03-20 16:30:00+00:00,-2519.0
2023-03-20 16:45:00+00:00,-3356.0
2023-03-20 17:00:00+00:00,-26685.0
2023-03-20 17:15:00+00:00,-5656.0
2023-03-20 17:30:00+00:00,-6214.0
2023-03-20 17:45:00+00:00,-6533.0
2023-03-20 18:00:00+00:00,-26121.0
2023-03-20 18:15:00+00:00,-6791.0
2023-03-20 18:30:00+00:00,-6948.0
2023-03-20 18:45:00+00:00,-6649.0
2023-03-20 19:00:00+00:00,-24290.0
2023-03-20 19:15:00+00:00,-6225.0
2023-03-20 19:30:00+00:00,-6589.0
2023-03-20 19:45:00+00:00,-7307.0
2023-03-20 20:00:00+00:00,-20605.0
2023-03-20 20:15:00+00:00,-7445.0
2023-03-20 20:30:00+00:00,-6782.0
2023-03-20 20:45:00+00:00,-6489.0
2023-03-20 21:00:00+00:00,-11895.0
2023-03-20 21:15:00+00:00,-5305.0
2023-03-20 21:30:00+00:00,-4707.0
2023-03-20 21:45:00+00:00,-3527.0
2023-03-20 22:00:00+00:00,-6486.0
2023-03-20 22:15:00+00:00,-4472.0
2023-03-20 22:30:00+00:00,-3871.0
2023-03-20 22:45:00+00:00,-3149.0
2023-03-20 23:00:00+00:00,-7834.0
2023-03-20 23:15:00+00:00,-4699.0
2023-03-20 23:30:00+00:00,-5368.0
2023-03-20 23:45:00+00:00,-5596.0
2023-03-21 00:00:00+00:00,-6591.0
2023-03-21 00:15:00+00:00,-4732.0
2023-03-21 00:30:00+00:00,-4723.0
2023-03-21 00:45:00+00:00,-4061.0
2023-03-21 01:00:00+00:00,-6816.0
2023-03-21 01:15:00+00:00,-1425.0
2023-03-21 01:30:00+00:00,-2127.0
2023-03-21 01:45:00+00:00,-2422.0
2023-03-21 02:00:00+00:00,-10293.0
2023-03-21 02:15:00+00:00,-2478.0
2023-03-21 02:30:00+00:00,-2916.0
2023-03-21 02:45:00+00:00,-1844.0
2023-03-21 03:00:00+00:00,-15953.0
2023-03-21 03:15:00+00:00,-593.0
2023-03-21 03:30:00+00:00,210.0
2023-03-21 03:45:00+00:00,98.0
2023-03-21 04:00:00+00:00,-16587.0
2023-03-21 04:15:00+00:00,442.0
2023-03-21 04:30:00+00:00,742.0
2023-03-21 04:45:00+00:00,45.0
2023-03-21 05:00:00+00:00,-18409.0
2023-03-21 05:15:00+00:00,962.0
2023-03-21 05:30:00+00:00,1639.0
2023-03-21 05:45:00+00:00,2066.0
2023-03-21 06:00:00+00:00,-10021.0
2023-03-21 06:15:00+00:00,2122.0
2023-03-21 06:30:00+00:00,2153.0
2023-03-21 06:45:00+00:00,2240.0
2023-03-21 07:00:00+00:00,-3749.0
2023-03-21 07:15:00+00:00,1061.0
2023-03-21 07:30:00+00:00,801.0
2023-03-21 07:45:00+00:00,717.0
2023-03-21 08:00:00+00:00,3988.0
2023-03-21 08:15:00+00:00,819.0
2023-03-21 08:30:00+00:00,768.0
2023-03-21 08:45:00+00:00,821.0
2023-03-21 09:00:00+00:00,8825.0
2023-03-21 09:15:00+00:00,-190.0
2023-03-21 09:30:00+00:00,-946.0
2023-03-21 09:45:00+00:00,-496.0
2023-03-21 10:00:00+00:00,8630.0
2023-03-21 10:15:00+00:00,-1627.0
2023-03-21 10:30:00+00:00,-1751.0
2023-03-21 10:45:00+00:00,-1663.0
2023-03-21 11:00:00+00:00,4871.0
2023-03-21 11:15:00+00:00,-1800.0
2023-03-21 11:30:00+00:00,-2699.0
2023-03-21 11:45:00+00:00,-3423.0
2023-03-21 12:00:00+00:00,-1409.0
2023-03-21 12:15:00+00:00,-3194.0
2023-03-21 12:30:00+00:00,-2814.0
2023-03-21 12:45:00+00:00,-2682.0
2023-03-21 13:00:00+00:00,785.0
2023-03-21 13:15:00+00:00,-1453.0
2023-03-21 13:30:00+00:00,-1732.0
2023-03-21 13:45:00+00:00,-2302.0
2023-03-21 14:00:00+00:00,-4220.0
2023-03-21 14:15:00+00:00,-2135.0
2023-03-21 14:30:00+00:00,-1893.0
2023-03-21 14:45:00+00:00,-1345.0
2023-03-21 15:00:00+00:00,-7678.0
2023-03-21 15:15:00+00:00,-748.0
2023-03-21 15:30:00+00:00,-625.0
2023-03-21 15:45:00+00:00,-719.0
2023-03-21 16:00:00+00:00,-8996.0
2023-03-21 16:15:00+00:00,-122.0
2023-03-21 16:30:00+00:00,1283.0
2023-03-21 16:45:00+00:00,1772.0
2023-03-21 17:00:00+00:00,-10806.0
2023-03-21 17:15:00+00:00,986.0
2023-03-21 17:30:00+00:00,268.0
2023-03-21 17:45:00+00:00,623.0
2023-03-21 18:00:00+00:00,-7614.0
2023-03-21 18:15:00+00:00,661.0
2023-03-21 18:30:00+00:00,255.0
2023-03-21 18:45:00+00:00,248.0
2023-03-21 19:00:00+00:00,2975.0
2023-03-21 19:15:00+00:00,798.0
2023-03-21 19:30:00+00:00,42.0
2023-03-21 19:45:00+00:00,-939.0
2023-03-21 20:00:00+00:00,5451.0
2023-03-21 20:15:00+00:00,-2421.0
2023-03-21 20:30:00+00:00,-2260.0
2023-03-21 20:45:00+00:00,-2213.0
2023-03-21 21:00:00+00:00,9228.0
2023-03-21 21:15:00+00:00,-1765.0
2023-03-21 21:30:00+00:00,-1424.0
2023-03-21 21:45:00+00:00,-1505.0
2023-03-21 22:00:00+00:00,11130.0
2023-03-21 22:15:00+00:00,-900.0
2023-03-21 22:30:00+00:00,-339.0
2023-03-21 22:45:00+00:00,-347.0
2023-03-21 23:00:00+00:00,12748.0
2023-03-21 23:15:00+00:00,-2004.0
2023-03-21 23:30:00+00:00,-3617.0
2023-03-21 23:45:00+00:00,-2368.0
2023-03-22 00:00:00+00:00,9444.0
2023-03-22 00:15:00+00:00,-1992.0
2023-03-22 00:30:00+00:00,-2242.0
2023-03-22 00:45:00+00:00,-2048.0
2023-03-22 01:00:00+00:00,8198.0
2023-03-22 01:15:00+00:00,-1473.0
2023-03-22 01:30:00+00:00,-1542.0
2023-03-22 01:45:00+00:00,-2043.0
2023-03-22 02:00:00+00:00,4808.0
2023-03-22 02:15:00+00:00,-1682.0
2023-03-22 02:30:00+00:00,-1669.0
2023-03-22 02:45:00+00:00,-1745.0
2023-03-22 03:00:00+00:00,897.0
2023-03-22 03:15:00+00:00,-2185.0
2023-03-22 03:30:00+00:00,-2268.0
2023-03-22 03:45:00+00:00,-2045.0
2023-03-22 04:00:00+00:00,1400.0
2023-03-22 04:15:00+00:00,-2642.0
2023-03-22 04:30:00+00:00,-1759.0
2023-03-22 04:45:00+00:00,-1934.0
2023-03-22 05:00:00+00:00,-604.0
2023-03-22 05:15:00+00:00,-3606.0
2023-03-22 05:30:00+00:00,-4618.0
2023-03-22 05:45:00+00:00,-5113.0
2023-03-22 06:00:00+00:00,-35.0
2023-03-22 06:15:00+00:00,-6016.0
2023-03-22 06:30:00+00:00,-6300.0
2023-03-22 06:45:00+00:00,-6598.0
2023-03-22 07:00:00+00:00,8483.0
2023-03-22 07:15:00+00:00,-5014.0
2023-03-22 07:30:00+00:00,-4950.0
2023-03-22 07:45:00+00:00,-4706.0
2023-03-22 08:00:00+00:00,18599.0
2023-03-22 08:15:00+00:00,-5053.0
2023-03-22 08:30:00+00:00,-4730.0
2023-03-22 08:45:00+00:00,-4343.0
2023-03-22 09:00:00+00:00,26968.0
2023-03-22 09:15:00+00:00,-2387.0
2023-03-22 09:30:00+00:00,-2610.0
2023-03-22 09:45:00+00:00,-1925.0
2023-03-22 10:00:00+00:00,33773.0
2023-03-22 10:15:00+00:00,-959.0
2023-03-22 10:30:00+00:00,-579.0
2023-03-22 10:45:00+00:00,-1033.0
2023-03-22 11:00:00+00:00,31788.0
2023-03-22 11:15:00+00:00,-834.0
2023-03-22 11:30:00+00:00,-711.0
2023-03-22 11:45:00+00:00,539.0
2023-03-22 12:00:00+00:00,33124.0
2023-03-22 12:15:00+00:00,1395.0
2023-03-22 12:30:00+00:00,1576.0
2023-03-22 12:45:00+00:00,1268.0
2023-03-22 13:00:00+00:00,31481.0
2023-03-22 13:15:00+00:00,2032.0
2023-03-22 13:30:00+00:00,1843.0
2023-03-22 13:45:00+00:00,1807.0
2023-03-22 14:00:00+00:00,26930.0
2023-03-22 14:15:00+00:00,1663.0
2023-03-22 14:30:00+00:00,1697.0
2023-03-22 14:45:00+00:00,1642.0
2023-03-22 15:00:00+00:00,19049.0
2023-03-22 15:15:00+00:00,523.0
2023-03-22 15:30:00+00:00,375.0
2023-03-22 15:45:00+00:00,282.0
2023-03-22 16:00:00+00:00,8191.0
2023-03-22 16:15:00+00:00,-183.0
2023-03-22 16:30:00+00:00,-531.0
2023-03-22 16:45:00+00:00,-149.0
2023-03-22 17:00:00+00:00,297.0
2023-03-22 17:15:00+00:00,-474.0
2023-03-22 17:30:00+00:00,-165.0
2023-03-22 17:45:00+00:00,-934.0
2023-03-22 18:00:00+00:00,-353.0
2023-03-22 18:15:00+00:00,-1656.0
2023-03-22 18:30:00+00:00,-2289.0
2023-03-22 18:45:00+00:00,-1979.0
2023-03-22 19:00:00+00:00,6147.0
2023-03-22 19:15:00+00:00,237.0
2023-03-22 19:30:00+00:00,-869.0
2023-03-22 19:45:00+00:00,-1329.0
2023-03-22 20:00:00+00:00,5878.0
2023-03-22 20:15:00+00:00,-1058.0
2023-03-22 20:30:00+00:00,-1124.0
2023-03-22 20:45:00+00:00,-1093.0
2023-03-22 21:00:00+00:00,11483.0
2023-03-22 21:15:00+00:00,-1740.0
2023-03-22 21:30:00+00:00,-2147.0
2023-03-22 21:45:00+00:00,-2761.0
2023-03-22 22:00:00+00:00,11875.0
2023-03-22 22:15:00+00:00,-1622.0
2023-03-22 22:30:00+00:00,-1788.0
2023-03-22 22:45:00+00:00,-2239.0
2023-03-22 23:00:00+00:00,10648.0
2023-03-22 23:15:00+00:00,-2796.0
2023-03-22 23:30:00+00:00,-3681.0
2023-03-22 23:45:00+00:00,-3077.0
2023-03-23 00:00:00+00:00,13330.0
2023-03-23 00:15:00+00:00,-3184.0
2023-03-23 00:30:00+00:00,-3396.0
2023-03-23 00:45:00+00:00,-2798.0
2023-03-23 01:00:00+00:00,13248.0
2023-03-23 01:15:00+00:00,-1149.0
2023-03-23 01:30:00+00:00,-1388.0
2023-03-23 01:45:00+00:00,-1765.0
2023-03-23 02:00:00+00:00,11316.0
2023-03-23 02:15:00+00:00,-1320.0
2023-03-23 02:30:00+00:00,-1416.0
2023-03-23 02:45:00+00:00,-1134.0
2023-03-23 03:00:00+00:00,13392.0
2023-03-23 03:15:00+00:00,-862.0
2023-03-23 03:30:00+00:00,-1329.0
2023-03-23 03:45:00+00:00,-1176.0
2023-03-23 04:00:00+00:00,8976.0
2023-03-23 04:15:00+00:00,-1406.0
2023-03-23 04:30:00+00:00,-1646.0
2023-03-23 04:45:00+00:00,-1602.0
2023-03-23 05:00:00+00:00,11949.0
2023-03-23 05:15:00+00:00,-3024.0
2023-03-23 05:30:00+00:00,-3735.0
2023-03-23 05:45:00+00:00,-3940.0
2023-03-23 06:00:00+00:00,10817.0
2023-03-23 06:15:00+00:00,-5022.0
2023-03-23 06:30:00+00:00,-4701.0
2023-03-23 06:45:00+00:00,-3878.0
2023-03-23 07:00:00+00:00,17094.0
2023-03-23 07:15:00+00:00,-2456.0
2023-03-23 07:30:00+00:00,-2246.0
2023-03-23 07:45:00+00:00,-2373.0
2023-03-23 08:00:00+00:00,22837.0
2023-03-23 08:15:00+00:00,-2229.0
2023-03-23 08:30:00+00:00,-2233.0
2023-03-23 08:45:00+00:00,-1600.0
2023-03-23 09:00:00+00:00,15301.0
2023-03-23 09:15:00+00:00,-1098.0
2023-03-23 09:30:00+00:00,-1658.0
2023-03-23 09:45:00+00:00,-2062.0
2023-03-23 10:00:00+00:00,16045.0
2023-03-23 10:15:00+00:00,528.0
2023-03-23 10:30:00+00:00,1282.0
2023-03-23 10:45:00+00:00,1290.0
2023-03-23 11:00:00+00:00,8845.0
2023-03-23 11:15:00+00:00,190.0
2023-03-23 11:30:00+00:00,50.0
2023-03-23 11:45:00+00:00,853.0
2023-03-23 12:00:00+00:00,5483.0
2023-03-23 12:15:00+00:00,1364.0
2023-03-23 12:30:00+00:00,2174.0
2023-03-23 12:45:00+00:00,2055.0
2023-03-23 13:00:00+00:00,5328.0
2023-03-23 13:15:00+00:00,2342.0
2023-03-23 13:30:00+00:00,2594.0
2023-03-23 13:45:00+00:00,2691.0
2023-03-23 14:00:00+00:00,107.0
2023-03-23 14:15:00+00:00,2658.0
2023-03-23 14:30:00+00:00,2070.0
2023-03-23 14:45:00+00:00,1911.0
2023-03-23 15:00:00+00:00,-2374.0
2023-03-23 15:15:00+00:00,2045.0
2023-03-23 15:30:00+00:00,2378.0
2023-03-23 15:45:00+00:00,2603.0
2023-03-23 16:00:00+00:00,-10961.0
2023-03-23 16:15:00+00:00,3098.0
2023-03-23 16:30:00+00:00,3063.0
2023-03-23 16:45:00+00:00,2900.0
2023-03-23 17:00:00+00:00,-7814.0
2023-03-23 17:15:00+00:00,2833.0
2023-03-23 17:30:00+00:00,4247.0
2023-03-23 17:45:00+00:00,3543.0
2023-03-23 18:00:00+00:00,-4737.0
2023-03-23 18:15:00+00:00,2786.0
2023-03-23 18:30:00+00:00,2240.0
2023-03-23 18:45:00+00:00,2380.0
2023-03-23 19:00:00+00:00,-1672.0
2023-03-23 19:15:00+00:00,1334.0
2023-03-23 19:30:00+00:00,1622.0
2023-03-23 19:45:00+00:00,2290.0
2023-03-23 20:00:00+00:00,9454.0
2023-03-23 20:15:00+00:00,1885.0
2023-03-23 20:30:00+00:00,1881.0
2023-03-23 20:45:00+00:00,1609.0
2023-03-23 21:00:00+00:00,9080.0
2023-03-23 21:15:00+00:00,1384.0
2023-03-23 21:30:00+00:00,590.0
2023-03-23 21:45:00+00:00,249.0
2023-03-23 22:00:00+00:00,12277.0
2023-03-23 22:15:00+00:00,1874.0
2023-03-23 22:30:00+00:00,2560.0
2023-03-23 22:45:00+00:00,2525.0
2023-03-23 23:00:00+00:00,12345.0
2023-03-23 23:15:00+00:00,1815.0
2023-03-23 23:30:00+00:00,1077.0
2023-03-23 23:45:00+00:00,-422.0
2023-03-24 00:00:00+00:00,14668.0
2023-03-24 00:15:00+00:00,-1359.0
2023-03-24 00:30:00+00:00,-1764.0
2023-03-24 00:45:00+00:00,-2019.0
2023-03-24 01:00:00+00:00,14463.0
2023-03-24 01:15:00+00:00,-1630.0
2023-03-24 01:30:00+00:00,-1366.0
2023-03-24 01:45:00+00:00,-901.0
2023-03-24 02:00:00+00:00,16324.0
2023-03-24 02:15:00+00:00,-742.0
2023-03-24 02:30:00+00:00,-1182.0
2023-03-24 02:45:00+00:00,-1653.0
2023-03-24 03:00:00+00:00,18288.0
2023-03-24 03:15:00+00:00,-830.0
2023-03-24 03:30:00+00:00,-1337.0
2023-03-24 03:45:00+00:00,-1159.0
2023-03-24 04:00:00+00:00,20620.0
2023-03-24 04:15:00+00:00,-1703.0
2023-03-24 04:30:00+00:00,-1257.0
2023-03-24 04:45:00+00:00,-889.0
2023-03-24 05:00:00+00:00,18800.0
2023-03-24 05:15:00+00:00,-2533.0
2023-03-24 05:30:00+00:00,-2821.0
2023-03-24 05:45:00+00:00,-2766.0
2023-03-24 06:00:00+00:00,17389.0
2023-03-24 06:15:00+00:00,-1869.0
2023-03-24 06:30:00+00:00,-1695.0
2023-03-24 06:45:00+00:00,-2394.0
2023-03-24 07:00:00+00:00,19247.0
2023-03-24 07:15:00+00:00,-1922.0
2023-03-24 07:30:00+00:00,-3047.0
2023-03-24 07:45:00+00:00,-3319.0
2023-03-24 08:00:00+00:00,15078.0
2023-03-24 08:15:00+00:00,-3845.0
2023-03-24 08:30:00+00:00,-3989.0
2023-03-24 08:45:00+00:00,-4233.0
2023-03-24 09:00:00+00:00,9330.0
2023-03-24 09:15:00+00:00,-4220.0
2023-03-24 09:30:00+00:00,-3859.0
2023-03-24 09:45:00+00:00,-3325.0
2023-03-24 10:00:00+00:00,6487.0
2023-03-24 10:15:00+00:00,-2827.0
2023-03-24 10:30:00+00:00,-1909.0
2023-03-24 10:45:00+00:00,-2078.0
2023-03-24 11:00:00+00:00,7747.0
2023-03-24 11:15:00+00:00,-3076.0
2023-03-24 11:30:00+00:00,-3301.0
2023-03-24 11:45:00+00:00,-3447.0
2023-03-24 12:00:00+00:00,7926.0
2023-03-24 12:15:00+00:00,-4208.0
2023-03-24 12:30:00+00:00,-3721.0
2023-03-24 12:45:00+00:00,-3226.0
2023-03-24 13:00:00+00:00,8945.0
2023-03-24 13:15:00+00:00,-1177.0
2023-03-24 13:30:00+00:00,-1622.0
2023-03-24 13:45:00+00:00,-1825.0
2023-03-24 14:00:00+00:00,4987.0
2023-03-24 14:15:00+00:00,-2113.0
2023-03-24 14:30:00+00:00,-1327.0
2023-03-24 14:45:00+00:00,-1410.0
2023-03-24 15:00:00+00:00,1344.0
2023-03-24 15:15:00+00:00,-1062.0
2023-03-24 15:30:00+00:00,-911.0
2023-03-24 15:45:00+00:00,-124.0
2023-03-24 16:00:00+00:00,-5999.0
2023-03-24 16:15:00+00:00,975.0
2023-03-24 16:30:00+00:00,1093.0
2023-03-24 16:45:00+00:00,1011.0
2023-03-24 17:00:00+00:00,-5457.0
2023-03-24 17:15:00+00:00,339.0
2023-03-24 17:30:00+00:00,-152.0
2023-03-24 17:45:00+00:00,-993.0
2023-03-24 18:00:00+00:00,-9526.0
2023-03-24 18:15:00+00:00,-1917.0
2023-03-24 18:30:00+00:00,-2150.0
2023-03-24 18:45:00+00:00,-1894.0
2023-03-24 19:00:00+00:00,-2879.0
2023-03-24 19:15:00+00:00,109.0
2023-03-24 19:30:00+00:00,696.0
2023-03-24 19:45:00+00:00,160.0
2023-03-24 20:00:00+00:00,6628.0
2023-03-24 20:15:00+00:00,-704.0
2023-03-24 20:30:00+00:00,-1568.0
2023-03-24 20:45:00+00:00,-1911.0
2023-03-24 21:00:00+00:00,14121.0
2023-03-24 21:15:00+00:00,-2384.0
2023-03-24 21:30:00+00:00,-2969.0
2023-03-24 21:45:00+00:00,-3321.0
2023-03-24 22:00:00+00:00,19690.0
2023-03-24 22:15:00+00:00,-1986.0
2023-03-24 22:30:00+00:00,-1191.0
2023-03-24 22:45:00+00:00,-743.0
2023-03-24 23:00:00+00:00,25484.0
2023-03-24 23:15:00+00:00,-1554.0
2023-03-24 23:30:00+00:00,-904.0
2023-03-24 23:45:00+00:00,-1052.0
2023-03-25 00:00:00+00:00,28760.0
2023-03-25 00:15:00+00:00,-729.0
2023-03-25 00:30:00+00:00,-640.0
2023-03-25 00:45:00+00:00,445.0
2023-03-25 01:00:00+00:00,29974.0
2023-03-25 01:15:00+00:00,2355.0
2023-03-25 01:30:00+00:00,2271.0
2023-03-25 01:45:00+00:00,2028.0
2023-03-25 02:00:00+00:00,28249.0
2023-03-25 02:15:00+00:00,676.0
2023-03-25 02:30:00+00:00,10.0
2023-03-25 02:45:00+00:00,-193.0
2023-03-25 03:00:00+00:00,24369.0
2023-03-25 03:15:00+00:00,-793.0
2023-03-25 03:30:00+00:00,-481.0
2023-03-25 03:45:00+00:00,-503.0
2023-03-25 04:00:00+00:00,25943.0
2023-03-25 04:15:00+00:00,-35.0
2023-03-25 04:30:00+00:00,-388.0
2023-03-25 04:45:00+00:00,-1069.0
2023-03-25 05:00:00+00:00,25255.0
2023-03-25 05:15:00+00:00,-2171.0
2023-03-25 05:30:00+00:00,-2932.0
2023-03-25 05:45:00+00:00,-3609.0
2023-03-25 06:00:00+00:00,30017.0
2023-03-25 06:15:00+00:00,-3643.0
2023-03-25 06:30:00+00:00,-4082.0
2023-03-25 06:45:00+00:00,-3537.0
2023-03-25 07:00:00+00:00,30545.0
2023-03-25 07:15:00+00:00,-2429.0
2023-03-25 07:30:00+00:00,-4010.0
2023-03-25 07:45:00+00:00,-4553.0
2023-03-25 08:00:00+00:00,29471.0
2023-03-25 08:15:00+00:00,-5344.0
2023-03-25 08:30:00+00:00,-4925.0
2023-03-25 08:45:00+00:00,-4377.0
2023-03-25 09:00:00+00:00,27320.0
2023-03-25 09:15:00+00:00,-4558.0
2023-03-25 09:30:00+00:00,-4725.0
2023-03-25 09:45:00+00:00,-4367.0
2023-03-25 10:00:00+00:00,23261.0
2023-03-25 10:15:00+00:00,-3318.0
2023-03-25 10:30:00+00:00,-3507.0
2023-03-25 10:45:00+00:00,-2642.0
2023-03-25 11:00:00+00:00,19136.0
2023-03-25 11:15:00+00:00,-2888.0
2023-03-25 11:30:00+00:00,-3150.0
2023-03-25 11:45:00+00:00,-3367.0
2023-03-25 12:00:00+00:00,22567.0
2023-03-25 12:15:00+00:00,-3053.0
2023-03-25 12:30:00+00:00,-3112.0
2023-03-25 12:45:00+00:00,-2746.0
2023-03-25 13:00:00+00:00,22359.0
2023-03-25 13:15:00+00:00,-2729.0
2023-03-25 13:30:00+00:00,-3340.0
2023-03-25 13:45:00+00:00,-3952.0
2023-03-25 14:00:00+00:00,21815.0
2023-03-25 14:15:00+00:00,-3784.0
2023-03-25 14:30:00+00:00,-3733.0
2023-03-25 14:45:00+00:00,-3551.0
2023-03-25 15:00:00+00:00,25070.0
2023-03-25 15:15:00+00:00,-3606.0
2023-03-25 15:30:00+00:00,-3872.0
2023-03-25 15:45:00+00:00,-4233.0
2023-03-25 16:00:00+00:00,26809.0
2023-03-25 16:15:00+00:00,-2963.0
2023-03-25 16:30:00+00:00,-2620.0
2023-03-25 16:45:00+00:00,-2112.0
2023-03-25 17:00:00+00:00,25411.0
2023-03-25 17:15:00+00:00,-1808.0
2023-03-25 17:30:00+00:00,-2957.0
2023-03-25 17:45:00+00:00,-2822.0
2023-03-25 18:00:00+00:00,26677.0
2023-03-25 18:15:00+00:00,-2686.0
2023-03-25 18:30:00+00:00,-2897.0
2023-03-25 18:45:00+00:00,-2812.0
2023-03-25 19:00:00+00:00,27432.0
2023-03-25 19:15:00+00:00,-2055.0
2023-03-25 19:30:00+00:00,-1593.0
2023-03-25 19:45:00+00:00,-1870.0
2023-03-25 20:00:00+00:00,30906.0
2023-03-25 20:15:00+00:00,-1663.0
2023-03-25 20:30:00+00:00,-1633.0
2023-03-25 20:45:00+00:00,-1979.0
2023-03-25 21:00:00+00:00,30189.0
2023-03-25 21:15:00+00:00,-2139.0
2023-03-25 21:30:00+00:00,-2896.0
2023-03-25 21:45:00+00:00,-2537.0
2023-03-25 22:00:00+00:00,33172.0
2023-03-25 22:15:00+00:00,-1021.0
2023-03-25 22:30:00+00:00,92.0
2023-03-25 22:45:00+00:00,96.0
2023-03-25 23:00:00+00:00,32777.0
2023-03-25 23:15:00+00:00,-181.0
2023-03-25 23:30:00+00:00,-494.0
2023-03-25 23:45:00+00:00,-1393.0
2023-03-26 00:00:00+00:00,25294.0
2023-03-26 00:15:00+00:00,-2044.0
2023-03-26 00:30:00+00:00,-2436.0
2023-03-26 00:45:00+00:00,-3116.0
2023-03-26 01:00:00+00:00,28119.0
2023-03-26 01:15:00+00:00,-2579.0
2023-03-26 01:30:00+00:00,-2612.0
2023-03-26 01:45:00+00:00,-2644.0
2023-03-26 02:00:00+00:00,23427.0
2023-03-26 02:15:00+00:00,-2884.0
2023-03-26 02:30:00+00:00,-3037.0
2023-03-26 02:45:00+00:00,-3024.0
2023-03-26 03:00:00+00:00,18392.0
2023-03-26 03:15:00+00:00,-3160.0
2023-03-26 03:30:00+00:00,-2713.0
2023-03-26 03:45:00+00:00,-2088.0
2023-03-26 04:00:00+00:00,16625.0
2023-03-26 04:15:00+00:00,-2003.0
2023-03-26 04:30:00+00:00,-1202.0
2023-03-26 04:45:00+00:00,-1152.0
2023-03-26 05:00:00+00:00,9742.0
2023-03-26 05:15:00+00:00,-1791.0
2023-03-26 05:30:00+00:00,-1652.0
2023-03-26 05:45:00+00:00,-1551.0
2023-03-26 06:00:00+00:00,4909.0
2023-03-26 06:15:00+00:00,-1871.0
2023-03-26 06:30:00+00:00,-2009.0
2023-03-26 06:45:00+00:00,-1604.0
2023-03-26 07:00:00+00:00,6640.0
2023-03-26 07:15:00+00:00,-23.0
2023-03-26 07:30:00+00:00,400.0
2023-03-26 07:45:00+00:00,505.0
2023-03-26 08:00:00+00:00,4641.0
2023-03-26 08:15:00+00:00,-2104.0
2023-03-26 08:30:00+00:00,-3062.0
2023-03-26 08:45:00+00:00,-2341.0
2023-03-26 09:00:00+00:00,2087.0
2023-03-26 09:15:00+00:00,-1694.0
2023-03-26 09:30:00+00:00,-914.0
2023-03-26 09:45:00+00:00,-1046.0
2023-03-26 10:00:00+00:00,3532.0
2023-03-26 10:15:00+00:00,74.0
2023-03-26 10:30:00+00:00,-166.0
2023-03-26 10:45:00+00:00,469.0
2023-03-26 11:00:00+00:00,7145.0
2023-03-26 11:15:00+00:00,-898.0
2023-03-26 11:30:00+00:00,-1474.0
2023-03-26 11:45:00+00:00,-2157.0
2023-03-26 12:00:00+00:00,10535.0
2023-03-26 12:15:00+00:00,-1930.0
2023-03-26 12:30:00+00:00,-1848.0
2023-03-26 12:45:00+00:00,-1643.0
2023-03-26 13:00:00+00:00,12782.0
2023-03-26 13:15:00+00:00,171.0
2023-03-26 13:30:00+00:00,1080.0
2023-03-26 13:45:00+00:00,830.0
2023-03-26 14:00:00+00:00,9244.0
2023-03-26 14:15:00+00:00,891.0
2023-03-26 14:30:00+00:00,358.0
2023-03-26 14:45:00+00:00,93.0
2023-03-26 15:00:00+00:00,1551.0
2023-03-26 15:15:00+00:00,-21.0
2023-03-26 15:30:00+00:00,485.0
2023-03-26 15:45:00+00:00,960.0
2023-03-26 16:00:00+00:00,-3797.0
2023-03-26 16:15:00+00:00,2038.0
2023-03-26 16:30:00+00:00,1749.0
2023-03-26 16:45:00+00:00,1242.0
2023-03-26 17:00:00+00:00,-5429.0
2023-03-26 17:15:00+00:00,-262.0
2023-03-26 17:30:00+00:00,-1036.0
2023-03-26 17:45:00+00:00,-13.0
2023-03-26 18:00:00+00:00,-2683.0
2023-03-26 18:15:00+00:00,-2.0
2023-03-26 18:30:00+00:00,-319.0
2023-03-26 18:45:00+00:00,-382.0
2023-03-26 19:00:00+00:00,1651.0
2023-03-26 19:15:00+00:00,681.0
2023-03-26 19:30:00+00:00,225.0
2023-03-26 19:45:00+00:00,325.0
2023-03-26 20:00:00+00:00,-491.0
2023-03-26 20:15:00+00:00,-811.0
2023-03-26 20:30:00+00:00,-694.0
2023-03-26 20:45:00+00:00,-1635.0
2023-03-26 21:00:00+00:00,2991.0
2023-03-26 21:15:00+00:00,-1695.0
2023-03-26 21:30:00+00:00,-1626.0
2023-03-26 21:45:00+00:00,-1863.0
2023-03-26 22:00:00+00:00,5653.0
2023-03-26 22:15:00+00:00,-751.0
2023-03-26 22:30:00+00:00,-1357.0
2023-03-26 22:45:00+00:00,-1639.0
2023-03-26 23:00:00+00:00,10771.0
2023-03-26 23:15:00+00:00,-2185.0
2023-03-26 23:30:00+00:00,-3352.0
2023-03-26 23:45:00+00:00,-4269.0
2023-03-27 00:00:00+00:00,8642.0
2023-03-27 00:15:00+00:00,-4578.0
2023-03-27 00:30:00+00:00,-4962.0
2023-03-27 00:45:00+00:00,-4928.0
2023-03-27 01:00:00+00:00,11210.0
2023-03-27 01:15:00+00:00,-3547.0
2023-03-27 01:30:00+00:00,-3825.0
2023-03-27 01:45:00+00:00,-4551.0
2023-03-27 02:00:00+00:00,7629.0
2023-03-27 02:15:00+00:00,-3243.0
2023-03-27 02:30:00+00:00,-2814.0
2023-03-27 02:45:00+00:00,-2914.0
2023-03-27 03:00:00+00:00,6845.0
2023-03-27 03:15:00+00:00,-2660.0
2023-03-27 03:30:00+00:00,-2618.0
2023-03-27 03:45:00+00:00,-2203.0
2023-03-27 04:00:00+00:00,-8.0
2023-03-27 04:15:00+00:00,-1012.0
2023-03-27 04:30:00+00:00,-669.0
2023-03-27 04:45:00+00:00,-327.0
2023-03-27 05:00:00+00:00,-5706.0
2023-03-27 05:15:00+00:00,-752.0
2023-03-27 05:30:00+00:00,-1371.0
2023-03-27 05:45:00+00:00,-782.0
2023-03-27 06:00:00+00:00,-1933.0
2023-03-27 06:15:00+00:00,-1141.0
2023-03-27 06:30:00+00:00,-1106.0
2023-03-27 06:45:00+00:00,-1082.0
2023-03-27 07:00:00+00:00,2046.0
2023-03-27 07:15:00+00:00,703.0
2023-03-27 07:30:00+00:00,702.0
2023-03-27 07:45:00+00:00,804.0
2023-03-27 08:00:00+00:00,5561.0
2023-03-27 08:15:00+00:00,-505.0
2023-03-27 08:30:00+00:00,-1294.0
2023-03-27 08:45:00+00:00,-1428.0
2023-03-27 09:00:00+00:00,7377.0
2023-03-27 09:15:00+00:00,-1287.0
2023-03-27 09:30:00+00:00,-1057.0
2023-03-27 09:45:00+00:00,-871.0
2023-03-27 10:00:00+00:00,8417.0
2023-03-27 10:15:00+00:00,-696.0
2023-03-27 10:30:00+00:00,-459.0
2023-03-27 10:45:00+00:00,-1223.0
2023-03-27 11:00:00+00:00,10031.0
2023-03-27 11:15:00+00:00,-2682.0
2023-03-27 11:30:00+00:00,-3405.0
2023-03-27 11:45:00+00:00,-2101.0
2023-03-27 12:00:00+00:00,17831.0
2023-03-27 12:15:00+00:00,-2044.0
2023-03-27 12:30:00+00:00,-1713.0
2023-03-27 12:45:00+00:00,-1785.0
2023-03-27 13:00:00+00:00,17212.0
2023-03-27 13:15:00+00:00,-828.0
2023-03-27 13:30:00+00:00,-255.0
2023-03-27 13:45:00+00:00,244.0
2023-03-27 14:00:00+00:00,19298.0
2023-03-27 14:15:00+00:00,1108.0
2023-03-27 14:30:00+00:00,885.0
2023-03-27 14:45:00+00:00,429.0
2023-03-27 15:00:00+00:00,19316.0
2023-03-27 15:15:00+00:00,910.0
2023-03-27 15:30:00+00:00,1149.0
2023-03-27 15:45:00+00:00,1424.0
2023-03-27 16:00:00+00:00,12184.0
2023-03-27 16:15:00+00:00,1158.0
2023-03-27 16:30:00+00:00,1682.0
2023-03-27 16:45:00+00:00,1552.0
2023-03-27 17:00:00+00:00,7678.0
2023-03-27 17:15:00+00:00,735.0
2023-03-27 17:30:00+00:00,1364.0
2023-03-27 17:45:00+00:00,1682.0
2023-03-27 18:00:00+00:00,8896.0
2023-03-27 18:15:00+00:00,2494.0
2023-03-27 18:30:00+00:00,1903.0
2023-03-27 18:45:00+00:00,2006.0
2023-03-27 19:00:00+00:00,10039.0
2023-03-27 19:15:00+00:00,1862.0
2023-03-27 19:30:00+00:00,1498.0
2023-03-27 19:45:00+00:00,711.0
2023-03-27 20:00:00+00:00,15846.0
2023-03-27 20:15:00+00:00,1160.0
2023-03-27 20:30:00+00:00,1547.0
2023-03-27 20:45:00+00:00,1328.0
2023-03-27 21:00:00+00:00,18457.0
2023-03-27 21:15:00+00:00,1170.0
2023-03-27 21:30:00+00:00,936.0
2023-03-27 21:45:00+00:00,962.0
2023-03-27 22:00:00+00:00,16945.0
2023-03-27 22:15:00+00:00,543.0
2023-03-27 22:30:00+00:00,623.0
2023-03-27 22:45:00+00:00,-23.0
2023-03-27 23:00:00+00:00,16301.0
2023-03-27 23:15:00+00:00,-380.0
2023-03-27 23:30:00+00:00,-978.0
2023-03-27 23:45:00+00:00,334.0
2023-03-28 00:00:00+00:00,16550.0
2023-03-28 00:15:00+00:00,1299.0
2023-03-28 00:30:00+00:00,1346.0
2023-03-28 00:45:00+00:00,866.0
2023-03-28 01:00:00+00:00,16495.0
2023-03-28 01:15:00+00:00,-28.0
2023-03-28 01:30:00+00:00,228.0
2023-03-28 01:45:00+00:00,90.0
2023-03-28 02:00:00+00:00,15219.0
2023-03-28 02:15:00+00:00,-542.0
2023-03-28 02:30:00+00:00,-785.0
2023-03-28 02:45:00+00:00,-390.0
2023-03-28 03:00:00+00:00,9073.0
2023-03-28 03:15:00+00:00,73.0
2023-03-28 03:30:00+00:00,-219.0
2023-03-28 03:45:00+00:00,-95.0
2023-03-28 04:00:00+00:00,2212.0
2023-03-28 04:15:00+00:00,1221.0
2023-03-28 04:30:00+00:00,1166.0
2023-03-28 04:45:00+00:00,466.0
2023-03-28 05:00:00+00:00,-8320.0
2023-03-28 05:15:00+00:00,-972.0
2023-03-28 05:30:00+00:00,-2057.0
2023-03-28 05:45:00+00:00,-1969.0
2023-03-28 06:00:00+00:00,-7928.0
2023-03-28 06:15:00+00:00,-2742.0
2023-03-28 06:30:00+00:00,-3263.0
2023-03-28 06:45:00+00:00,-2512.0
2023-03-28 07:00:00+00:00,310.0
2023-03-28 07:15:00+00:00,-1890.0
2023-03-28 07:30:00+00:00,-1540.0
2023-03-28 07:45:00+00:00,-2124.0
2023-03-28 08:00:00+00:00,1441.0
2023-03-28 08:15:00+00:00,-2074.0
2023-03-28 08:30:00+00:00,-2026.0
2023-03-28 08:45:00+00:00,-2339.0
2023-03-28 09:00:00+00:00,1920.0
2023-03-28 09:15:00+00:00,-1881.0
2023-03-28 09:30:00+00:00,-1040.0
2023-03-28 09:45:00+00:00,-1084.0
2023-03-28 10:00:00+00:00,7222.0
2023-03-28 10:15:00+00:00,-605.0
2023-03-28 10:30:00+00:00,-550.0
2023-03-28 10:45:00+00:00,-1102.0
2023-03-28 11:00:00+00:00,5684.0
2023-03-28 11:15:00+00:00,-582.0
2023-03-28 11:30:00+00:00,-963.0
2023-03-28 11:45:00+00:00,-1175.0
2023-03-28 12:00:00+00:00,8795.0
2023-03-28 12:15:00+00:00,-1187.0
2023-03-28 12:30:00+00:00,-1840.0
2023-03-28 12:45:00+00:00,-1526.0
2023-03-28 13:00:00+00:00,7760.0
2023-03-28 13:15:00+00:00,-1314.0
2023-03-28 13:30:00+00:00,-1187.0
2023-03-28 13:45:00+00:00,-599.0
2023-03-28 14:00:00+00:00,6374.0
2023-03-28 14:15:00+00:00,-816.0
2023-03-28 14:30:00+00:00,-617.0
2023-03-28 14:45:00+00:00,-886.0
2023-03-28 15:00:00+00:00,-5931.0
2023-03-28 15:15:00+00:00,-1232.0
2023-03-28 15:30:00+00:00,-1353.0
2023-03-28 15:45:00+00:00,-586.0
2023-03-28 16:00:00+00:00,-19922.0
2023-03-28 16:15:00+00:00,-531.0
2023-03-28 16:30:00+00:00,-709.0
2023-03-28 16:45:00+00:00,-1267.0
2023-03-28 17:00:00+00:00,-30637.0
2023-03-28 17:15:00+00:00,-2296.0
2023-03-28 17:30:00+00:00,-2399.0
2023-03-28 17:45:00+00:00,-3499.0
2023-03-28 18:00:00+00:00,-28029.0
2023-03-28 18:15:00+00:00,-3663.0
2023-03-28 18:30:00+00:00,-4438.0
2023-03-28 18:45:00+00:00,-4259.0
2023-03-28 19:00:00+00:00,-22624.0
2023-03-28 19:15:00+00:00,-2636.0
2023-03-28 19:30:00+00:00,-1699.0
2023-03-28 19:45:00+00:00,-2680.0
2023-03-28 20:00:00+00:00,-14785.0
2023-03-28 20:15:00+00:00,-2926.0
2023-03-28 20:30:00+00:00,-3375.0
2023-03-28 20:45:00+00:00,-3476.0
2023-03-28 21:00:00+00:00,-7704.0
2023-03-28 21:15:00+00:00,-2808.0
2023-03-28 21:30:00+00:00,-2713.0
2023-03-28 21:45:00+00:00,-2480.0
2023-03-28 22:00:00+00:00,-1780.0
2023-03-28 22:15:00+00:00,-1505.0
2023-03-28 22:30:00+00:00,-2050.0
2023-03-28 22:45:00+00:00,-2366.0
2023-03-28 23:00:00+00:00,-198.0
2023-03-28 23:15:00+00:00,-3801.0
2023-03-28 23:30:00+00:00,-4113.0
2023-03-28 23:45:00+00:00,-3916.0
2023-03-29 00:00:00+00:00,-3113.0
2023-03-29 00:15:00+00:00,-4508.0
2023-03-29 00:30:00+00:00,-4916.0
2023-03-29 00:45:00+00:00,-3792.0
2023-03-29 01:00:00+00:00,-3630.0
2023-03-29 01:15:00+00:00,-1944.0
2023-03-29 01:30:00+00:00,-895.0
2023-03-29 01:45:00+00:00,-839.0
2023-03-29 02:00:00+00:00,-3849.0
2023-03-29 02:15:00+00:00,-823.0
2023-03-29 02:30:00+00:00,-1386.0
2023-03-29 02:45:00+00:00,-1286.0
2023-03-29 03:00:00+00:00,-8023.0
2023-03-29 03:15:00+00:00,-795.0
2023-03-29 03:30:00+00:00,-1538.0
2023-03-29 03:45:00+00:00,-1243.0
2023-03-29 04:00:00+00:00,-16821.0
2023-03-29 04:15:00+00:00,-1220.0
2023-03-29 04:30:00+00:00,-1218.0
2023-03-29 04:45:00+00:00,-1245.0
2023-03-29 05:00:00+00:00,-13985.0
2023-03-29 05:15:00+00:00,-2369.0
2023-03-29 05:30:00+00:00,-2646.0
2023-03-29 05:45:00+00:00,-2258.0
2023-03-29 06:00:00+00:00,-10990.0
2023-03-29 06:15:00+00:00,-2939.0
2023-03-29 06:30:00+00:00,-2627.0
2023-03-29 06:45:00+00:00,-2521.0
2023-03-29 07:00:00+00:00,-7867.0
2023-03-29 07:15:00+00:00,-838.0
2023-03-29 07:30:00+00:00,-86.0
2023-03-29 07:45:00+00:00,181.0
2023-03-29 08:00:00+00:00,-5585.0
2023-03-29 08:15:00+00:00,469.0
2023-03-29 08:30:00+00:00,494.0
2023-03-29 08:45:00+00:00,115.0
2023-03-29 09:00:00+00:00,-10218.0
2023-03-29 09:15:00+00:00,314.0
2023-03-29 09:30:00+00:00,246.0
2023-03-29 09:45:00+00:00,-105.0
2023-03-29 10:00:00+00:00,-5052.0
2023-03-29 10:15:00+00:00,1673.0
2023-03-29 10:30:00+00:00,2153.0
2023-03-29 10:45:00+00:00,1845.0
2023-03-29 11:00:00+00:00,-8860.0
2023-03-29 11:15:00+00:00,722.0
2023-03-29 11:30:00+00:00,287.0
2023-03-29 11:45:00+00:00,-1249.0
2023-03-29 12:00:00+00:00,-6286.0
2023-03-29 12:15:00+00:00,-482.0
2023-03-29 12:30:00+00:00,-1246.0
2023-03-29 12:45:00+00:00,-923.0
2023-03-29 13:00:00+00:00,-9782.0
2023-03-29 13:15:00+00:00,153.0
2023-03-29 13:30:00+00:00,349.0
2023-03-29 13:45:00+00:00,49.0
2023-03-29 14:00:00+00:00,-18969.0
2023-03-29 14:15:00+00:00,1079.0
2023-03-29 14:30:00+00:00,1484.0
2023-03-29 14:45:00+00:00,1909.0
2023-03-29 15:00:00+00:00,-22907.0
2023-03-29 15:15:00+00:00,1605.0
2023-03-29 15:30:00+00:00,1122.0
2023-03-29 15:45:00+00:00,1251.0
2023-03-29 16:00:00+00:00,-25158.0
2023-03-29 16:15:00+00:00,2700.0
2023-03-29 16:30:00+00:00,2995.0
2023-03-29 16:45:00+00:00,2486.0
2023-03-29 17:00:00+00:00,-27620.0
2023-03-29 17:15:00+00:00,1979.0
2023-03-29 17:30:00+00:00,1012.0
2023-03-29 17:45:00+00:00,1073.0
2023-03-29 18:00:00+00:00,-24275.0
2023-03-29 18:15:00+00:00,942.0
2023-03-29 18:30:00+00:00,436.0
2023-03-29 18:45:00+00:00,1066.0
2023-03-29 19:00:00+00:00,-19241.0
2023-03-29 19:15:00+00:00,1166.0
2023-03-29 19:30:00+00:00,355.0
2023-03-29 19:45:00+00:00,-99.0
2023-03-29 20:00:00+00:00,-13999.0
2023-03-29 20:15:00+00:00,-2000.0
2023-03-29 20:30:00+00:00,-1467.0
2023-03-29 20:45:00+00:00,-1141.0
2023-03-29 21:00:00+00:00,-6217.0
2023-03-29 21:15:00+00:00,-1181.0
2023-03-29 21:30:00+00:00,-1584.0
2023-03-29 21:45:00+00:00,-1264.0
2023-03-29 22:00:00+00:00,537.0
2023-03-29 22:15:00+00:00,720.0
2023-03-29 22:30:00+00:00,1094.0
2023-03-29 22:45:00+00:00,1365.0
2023-03-29 23:00:00+00:00,7517.0
2023-03-29 23:15:00+00:00,1951.0
2023-03-29 23:30:00+00:00,1427.0
2023-03-29 23:45:00+00:00,1742.0
2023-03-30 00:00:00+00:00,8276.0
2023-03-30 00:15:00+00:00,1925.0
2023-03-30 00:30:00+00:00,1532.0
2023-03-30 00:45:00+00:00,1295.0
2023-03-30 01:00:00+00:00,3930.0
2023-03-30 01:15:00+00:00,628.0
2023-03-30 01:30:00+00:00,239.0
2023-03-30 01:45:00+00:00,-741.0
2023-03-30 02:00:00+00:00,337.0
2023-03-30 02:15:00+00:00,-1958.0
2023-03-30 02:30:00+00:00,-1606.0
2023-03-30 02:45:00+00:00,-1410.0
2023-03-30 03:00:00+00:00,-438.0
2023-03-30 03:15:00+00:00,-585.0
2023-03-30 03:30:00+00:00,-1188.0
2023-03-30 03:45:00+00:00,-1235.0
2023-03-30 04:00:00+00:00,2095.0
2023-03-30 04:15:00+00:00,-723.0
2023-03-30 04:30:00+00:00,-956.0
2023-03-30 04:45:00+00:00,-1374.0
2023-03-30 05:00:00+00:00,1897.0
2023-03-30 05:15:00+00:00,-241.0
2023-03-30 05:30:00+00:00,-267.0
2023-03-30 05:45:00+00:00,273.0
2023-03-30 06:00:00+00:00,5880.0
2023-03-30 06:15:00+00:00,204.0
2023-03-30 06:30:00+00:00,102.0
2023-03-30 06:45:00+00:00,257.0
2023-03-30 07:00:00+00:00,6448.0
2023-03-30 07:15:00+00:00,-308.0
2023-03-30 07:30:00+00:00,632.0
2023-03-30 07:45:00+00:00,1377.0
2023-03-30 08:00:00+00:00,14916.0
2023-03-30 08:15:00+00:00,1428.0
2023-03-30 08:30:00+00:00,1418.0
2023-03-30 08:45:00+00:00,1510.0
2023-03-30 09:00:00+00:00,13656.0
2023-03-30 09:15:00+00:00,1616.0
2023-03-30 09:30:00+00:00,1063.0
2023-03-30 09:45:00+00:00,341.0
2023-03-30 10:00:00+00:00,11479.0
2023-03-30 10:15:00+00:00,620.0
2023-03-30 10:30:00+00:00,710.0
2023-03-30 10:45:00+00:00,670.0
2023-03-30 11:00:00+00:00,15522.0
2023-03-30 11:15:00+00:00,-812.0
2023-03-30 11:30:00+00:00,-636.0
2023-03-30 11:45:00+00:00,-246.0
2023-03-30 12:00:00+00:00,21939.0
2023-03-30 12:15:00+00:00,1568.0
2023-03-30 12:30:00+00:00,1343.0
2023-03-30 12:45:00+00:00,1231.0
2023-03-30 13:00:00+00:00,22865.0
2023-03-30 13:15:00+00:00,1352.0
2023-03-30 13:30:00+00:00,1452.0
2023-03-30 13:45:00+00:00,1553.0
2023-03-30 14:00:00+00:00,19971.0
2023-03-30 14:15:00+00:00,1527.0
2023-03-30 14:30:00+00:00,1412.0
2023-03-30 14:45:00+00:00,1391.0
2023-03-30 15:00:00+00:00,15285.0
2023-03-30 15:15:00+00:00,1119.0
2023-03-30 15:30:00+00:00,1112.0
2023-03-30 15:45:00+00:00,937.0
2023-03-30 16:00:00+00:00,6560.0
2023-03-30 16:15:00+00:00,471.0
2023-03-30 16:30:00+00:00,482.0
2023-03-30 16:45:00+00:00,813.0
2023-03-30 17:00:00+00:00,7304.0
2023-03-30 17:15:00+00:00,1345.0
2023-03-30 17:30:00+00:00,1655.0
2023-03-30 17:45:00+00:00,1918.0
2023-03-30 18:00:00+00:00,9705.0
2023-03-30 18:15:00+00:00,1645.0
2023-03-30 18:30:00+00:00,999.0
2023-03-30 18:45:00+00:00,1357.0
2023-03-30 19:00:00+00:00,14485.0
2023-03-30 19:15:00+00:00,1928.0
2023-03-30 19:30:00+00:00,1844.0
2023-03-30 19:45:00+00:00,2181.0
2023-03-30 20:00:00+00:00,16604.0
2023-03-30 20:15:00+00:00,1544.0
2023-03-30 20:30:00+00:00,1127.0
2023-03-30 20:45:00+00:00,847.0
2023-03-30 21:00:00+00:00,17569.0
2023-03-30 21:15:00+00:00,93.0
2023-03-30 21:30:00+00:00,-233.0
2023-03-30 21:45:00+00:00,-378.0
2023-03-30 22:00:00+00:00,16262.0
2023-03-30 22:15:00+00:00,-161.0
2023-03-30 22:30:00+00:00,-306.0
2023-03-30 22:45:00+00:00,755.0
2023-03-30 23:00:00+00:00,20753.0
2023-03-30 23:15:00+00:00,1779.0
2023-03-30 23:30:00+00:00,2209.0
2023-03-30 23:45:00+00:00,2873.0
2023-03-31 00:00:00+00:00,21868.0
2023-03-31 00:15:00+00:00,2790.0
2023-03-31 00:30:00+00:00,2506.0
2023-03-31 00:45:00+00:00,2314.0
2023-03-31 01:00:00+00:00,14684.0
2023-03-31 01:15:00+00:00,1170.0
2023-03-31 01:30:00+00:00,273.0
2023-03-31 01:45:00+00:00,-808.0
2023-03-31 02:00:00+00:00,7227.0
2023-03-31 02:15:00+00:00,-3309.0
2023-03-31 02:30:00+00:00,-2680.0
2023-03-31 02:45:00+00:00,-2145.0
2023-03-31 03:00:00+00:00,-249.0
2023-03-31 03:15:00+00:00,-1278.0
2023-03-31 03:30:00+00:00,-1730.0
2023-03-31 03:45:00+00:00,-1433.0
2023-03-31 04:00:00+00:00,-11610.0
2023-03-31 04:15:00+00:00,-1602.0
2023-03-31 04:30:00+00:00,-2053.0
2023-03-31 04:45:00+00:00,-1570.0
2023-03-31 05:00:00+00:00,-13296.0
2023-03-31 05:15:00+00:00,-614.0
2023-03-31 05:30:00+00:00,-216.0
2023-03-31 05:45:00+00:00,732.0
2023-03-31 06:00:00+00:00,-16090.0
2023-03-31 06:15:00+00:00,13.0
2023-03-31 06:30:00+00:00,939.0
2023-03-31 06:45:00+00:00,784.0
2023-03-31 07:00:00+00:00,-13145.0
2023-03-31 07:15:00+00:00,1151.0
2023-03-31 07:30:00+00:00,1510.0
2023-03-31 07:45:00+00:00,697.0
2023-03-31 08:00:00+00:00,-9490.0
2023-03-31 08:15:00+00:00,756.0
2023-03-31 08:30:00+00:00,678.0
2023-03-31 08:45:00+00:00,849.0
2023-03-31 09:00:00+00:00,-4314.0
2023-03-31 09:15:00+00:00,1190.0
2023-03-31 09:30:00+00:00,1516.0
2023-03-31 09:45:00+00:00,1941.0
2023-03-31 10:00:00+00:00,142.0
2023-03-31 10:15:00+00:00,1740.0
2023-03-31 10:30:00+00:00,1781.0
2023-03-31 10:45:00+00:00,2335.0
2023-03-31 11:00:00+00:00,4947.0
2023-03-31 11:15:00+00:00,2190.0
2023-03-31 11:30:00+00:00,1240.0
2023-03-31 11:45:00+00:00,1926.0
2023-03-31 12:00:00+00:00,5623.0
2023-03-31 12:15:00+00:00,2680.0
2023-03-31 12:30:00+00:00,1931.0
2023-03-31 12:45:00+00:00,1789.0
2023-03-31 13:00:00+00:00,3079.0
2023-03-31 13:15:00+00:00,2775.0
2023-03-31 13:30:00+00:00,1555.0
2023-03-31 13:45:00+00:00,1766.0
2023-03-31 14:00:00+00:00,-6675.0
2023-03-31 14:15:00+00:00,-319.0
2023-03-31 14:30:00+00:00,-1154.0
2023-03-31 14:45:00+00:00,-657.0
2023-03-31 15:00:00+00:00,-20025.0
2023-03-31 15:15:00+00:00,-815.0
2023-03-31 15:30:00+00:00,-746.0
2023-03-31 15:45:00+00:00,-1470.0
2023-03-31 16:00:00+00:00,-25049.0
2023-03-31 16:15:00+00:00,-1489.0
2023-03-31 16:30:00+00:00,-1120.0
2023-03-31 16:45:00+00:00,-738.0
2023-03-31 17:00:00+00:00,-27372.0
2023-03-31 17:15:00+00:00,-263.0
2023-03-31 17:30:00+00:00,-193.0
2023-03-31 17:45:00+00:00,998.0
2023-03-31 18:00:00+00:00,-19246.0
2023-03-31 18:15:00+00:00,1804.0
2023-03-31 18:30:00+00:00,2119.0
2023-03-31 18:45:00+00:00,2050.0
2023-03-31 19:00:00+00:00,-11246.0
2023-03-31 19:15:00+00:00,3039.0
2023-03-31 19:30:00+00:00,2799.0
2023-03-31 19:45:00+00:00,2282.0
2023-03-31 20:00:00+00:00,-853.0
2023-03-31 20:15:00+00:00,2665.0
2023-03-31 20:30:00+00:00,2492.0
2023-03-31 20:45:00+00:00,2361.0
2023-03-31 21:00:00+00:00,7138.0
2023-03-31 21:15:00+00:00,2650.0
2023-03-31 21:30:00+00:00,2481.0
2023-03-31 21:45:00+00:00,1909.0
2023-03-31 22:00:00+00:00,12720.0
2023-03-31 22:15:00+00:00,1387.0
2023-03-31 22:30:00+00:00,871.0
2023-03-31 22:45:00+00:00,-426.0
2023-03-31 23:00:00+00:00,13753.0
2023-03-31 23:15:00+00:00,-2954.0
2023-03-31 23:30:00+00:00,-3736.0
2023-03-31 23:45:00+00:00,-4296.0
2023-04-01 00:00:00+00:00,11925.0
2023-04-01 00:15:00+00:00,-6008.0
2023-04-01 00:30:00+00:00,-6840.0
2023-04-01 00:45:00+00:00,-7268.0
2023-04-01 01:00:00+00:00,6974.0
2023-04-01 01:15:00+00:00,-6729.0
2023-04-01 01:30:00+00:00,-6120.0
2023-04-01 01:45:00+00:00,-5991.0
2023-04-01 02:00:00+00:00,5555.0
2023-04-01 02:15:00+00:00,-6823.0
2023-04-01 02:30:00+00:00,-6881.0
2023-04-01 02:45:00+00:00,-6876.0
2023-04-01 03:00:00+00:00,9107.0
2023-04-01 03:15:00+00:00,-3591.0
2023-04-01 03:30:00+00:00,-2458.0
2023-04-01 03:45:00+00:00,-1581.0
2023-04-01 04:00:00+00:00,17890.0
2023-04-01 04:15:00+00:00,-8.0
2023-04-01 04:30:00+00:00,555.0
2023-04-01 04:45:00+00:00,1260.0
2023-04-01 05:00:00+00:00,21620.0
2023-04-01 05:15:00+00:00,2341.0
2023-04-01 05:30:00+00:00,2400.0
2023-04-01 05:45:00+00:00,1183.0
2023-04-01 06:00:00+00:00,19444.0
2023-04-01 06:15:00+00:00,1353.0
2023-04-01 06:30:00+00:00,1981.0
2023-04-01 06:45:00+00:00,1204.0
2023-04-01 07:00:00+00:00,22601.0
2023-04-01 07:15:00+00:00,1543.0
2023-04-01 07:30:00+00:00,2260.0
2023-04-01 07:45:00+00:00,2322.0
2023-04-01 08:00:00+00:00,24693.0
2023-04-01 08:15:00+00:00,2384.0
2023-04-01 08:30:00+00:00,2189.0
2023-04-01 08:45:00+00:00,2099.0
2023-04-01 09:00:00+00:00,24561.0
2023-04-01 09:15:00+00:00,1914.0
2023-04-01 09:30:00+00:00,1936.0
2023-04-01 09:45:00+00:00,1979.0
2023-04-01 10:00:00+00:00,19946.0
2023-04-01 10:15:00+00:00,1906.0
2023-04-01 10:30:00+00:00,2380.0
2023-04-01 10:45:00+00:00,3298.0
2023-04-01 11:00:00+00:00,21581.0
2023-04-01 11:15:00+00:00,3337.0
2023-04-01 11:30:00+00:00,3516.0
2023-04-01 11:45:00+00:00,2010.0
2023-04-01 12:00:00+00:00,18859.0
2023-04-01 12:15:00+00:00,1808.0
2023-04-01 12:30:00+00:00,1545.0
2023-04-01 12:45:00+00:00,1487.0
2023-04-01 13:00:00+00:00,21575.0
2023-04-01 13:15:00+00:00,1966.0
2023-04-01 13:30:00+00:00,2616.0
2023-04-01 13:45:00+00:00,3577.0
2023-04-01 14:00:00+00:00,21442.0
2023-04-01 14:15:00+00:00,2448.0
2023-04-01 14:30:00+00:00,1875.0
2023-04-01 14:45:00+00:00,2457.0
2023-04-01 15:00:00+00:00,23324.0
2023-04-01 15:15:00+00:00,2636.0
2023-04-01 15:30:00+00:00,2541.0
2023-04-01 15:45:00+00:00,1911.0
2023-04-01 16:00:00+00:00,23682.0
2023-04-01 16:15:00+00:00,2875.0
2023-04-01 16:30:00+00:00,2668.0
2023-04-01 16:45:00+00:00,2272.0
2023-04-01 17:00:00+00:00,26051.0
2023-04-01 17:15:00+00:00,2613.0
2023-04-01 17:30:00+00:00,2529.0
2023-04-01 17:45:00+00:00,2714.0
2023-04-01 18:00:00+00:00,32384.0
2023-04-01 18:15:00+00:00,3477.0
2023-04-01 18:30:00+00:00,3196.0
2023-04-01 18:45:00+00:00,2969.0
2023-04-01 19:00:00+00:00,32968.0
2023-04-01 19:15:00+00:00,2411.0
2023-04-01 19:30:00+00:00,2069.0
2023-04-01 19:45:00+00:00,1085.0
2023-04-01 20:00:00+00:00,30628.0
2023-04-01 20:15:00+00:00,-120.0
2023-04-01 20:30:00+00:00,-764.0
2023-04-01 20:45:00+00:00,-1176.0
2023-04-01 21:00:00+00:00,29253.0
2023-04-01 21:15:00+00:00,-2137.0
2023-04-01 21:30:00+00:00,-2541.0
2023-04-01 21:45:00+00:00,-2444.0
2023-04-01 22:00:00+00:00,28608.0
2023-04-01 22:15:00+00:00,-3147.0
2023-04-01 22:30:00+00:00,-3139.0
2023-04-01 22:45:00+00:00,-3448.0
2023-04-01 23:00:00+00:00,31166.0
2023-04-01 23:15:00+00:00,-3939.0
2023-04-01 23:30:00+00:00,-3088.0
2023-04-01 23:45:00+00:00,-1823.0
2023-04-02 00:00:00+00:00,33101.0
2023-04-02 00:15:00+00:00,-831.0
2023-04-02 00:30:00+00:00,-396.0
2023-04-02 00:45:00+00:00,-110.0
2023-04-02 01:00:00+00:00,28865.0
2023-04-02 01:15:00+00:00,171.0
2023-04-02 01:30:00+00:00,-152.0
2023-04-02 01:45:00+00:00,238.0
2023-04-02 02:00:00+00:00,27000.0
2023-04-02 02:15:00+00:00,751.0
2023-04-02 02:30:00+00:00,377.0
2023-04-02 02:45:00+00:00,671.0
2023-04-02 03:00:00+00:00,26910.0
2023-04-02 03:15:00+00:00,-7.0
2023-04-02 03:30:00+00:00,89.0
2023-04-02 03:45:00+00:00,-245.0
2023-04-02 04:00:00+00:00,28727.0
2023-04-02 04:15:00+00:00,-187.0
2023-04-02 04:30:00+00:00,-511.0
2023-04-02 04:45:00+00:00,-159.0
2023-04-02 05:00:00+00:00,25875.0
2023-04-02 05:15:00+00:00,249.0
2023-04-02 05:30:00+00:00,780.0
2023-04-02 05:45:00+00:00,1856.0
2023-04-02 06:00:00+00:00,22294.0
2023-04-02 07:00:00+00:00,17979.0
2023-04-02 08:00:00+00:00,11960.0
2023-04-02 09:00:00+00:00,11833.0
2023-04-02 10:00:00+00:00,5975.0
2023-04-02 11:00:00+00:00,6495.0
2023-04-02 12:00:00+00:00,8041.0
2023-04-02 13:00:00+00:00,5293.0
2023-04-02 14:00:00+00:00,4438.0
2023-04-02 15:00:00+00:00,8163.0
2023-04-02 16:00:00+00:00,10359.0
2023-04-02 17:00:00+00:00,9218.0
2023-04-02 18:00:00+00:00,8251.0
2023-04-02 19:00:00+00:00,7169.0
2023-04-02 20:00:00+00:00,9834.0
2023-04-02 21:00:00+00:00,13091.0
2023-04-02 22:00:00+00:00,10776.0
2023-04-02 23:00:00+00:00,7089.0
2023-04-03 00:00:00+00:00,8028.0
2023-04-03 01:00:00+00:00,8667.0
2023-04-03 02:00:00+00:00,14251.0
2023-04-03 03:00:00+00:00,11641.0
2023-04-03 04:00:00+00:00,2576.0
2023-04-03 05:00:00+00:00,4708.0
2023-04-03 06:00:00+00:00,2542.0
2023-04-03 07:00:00+00:00,4534.0
2023-04-03 08:00:00+00:00,7863.0
2023-04-03 09:00:00+00:00,10698.0
2023-04-03 10:00:00+00:00,8888.0
2023-04-03 11:00:00+00:00,8123.0
2023-04-03 12:00:00+00:00,9696.0
2023-04-03 13:00:00+00:00,3853.0
2023-04-03 14:00:00+00:00,341.0
2023-04-03 15:00:00+00:00,-1909.0
2023-04-03 16:00:00+00:00,-4035.0
2023-04-03 17:00:00+00:00,-4718.0
2023-04-03 18:00:00+00:00,-1193.0
2023-04-03 19:00:00+00:00,-820.0
2023-04-03 20:00:00+00:00,649.0
2023-04-03 21:00:00+00:00,656.0
2023-04-03 22:00:00+00:00,-1162.0
2023-04-03 23:00:00+00:00,-380.0
2023-04-04 00:00:00+00:00,-695.0
2023-04-04 01:00:00+00:00,-4458.0
2023-04-04 02:00:00+00:00,-5528.0
2023-04-04 03:00:00+00:00,-5933.0
2023-04-04 04:00:00+00:00,-8393.0
2023-04-04 05:00:00+00:00,-688.0
2023-04-04 06:00:00+00:00,2347.0
2023-04-04 07:00:00+00:00,6481.0
2023-04-04 08:00:00+00:00,11016.0
2023-04-04 09:00:00+00:00,10490.0
2023-04-04 10:00:00+00:00,54.0
2023-04-04 11:00:00+00:00,5254.0
2023-04-04 12:00:00+00:00,8193.0
2023-04-04 13:00:00+00:00,8210.0
2023-04-04 14:00:00+00:00,5765.0
2023-04-04 15:00:00+00:00,-797.0
2023-04-04 16:00:00+00:00,-9309.0
2023-04-04 17:00:00+00:00,-12223.0
2023-04-04 18:00:00+00:00,-12718.0
2023-04-04 19:00:00+00:00,-8362.0
2023-04-04 20:00:00+00:00,-4740.0
2023-04-04 21:00:00+00:00,-6209.0
2023-04-04 22:00:00+00:00,-9784.0
2023-04-04 23:00:00+00:00,-9535.0
2023-04-05 00:00:00+00:00,-5359.0
2023-04-05 01:00:00+00:00,-5948.0
2023-04-05 02:00:00+00:00,-9621.0
2023-04-05 03:00:00+00:00,-13193.0
2023-04-05 04:00:00+00:00,-19728.0
2023-04-05 05:00:00+00:00,-10388.0
2023-04-05 06:00:00+00:00,-6817.0
2023-04-05 07:00:00+00:00,-834.0
2023-04-05 08:00:00+00:00,6130.0
2023-04-05 09:00:00+00:00,-2190.0
2023-04-05 10:00:00+00:00,-3693.0
2023-04-05 11:00:00+00:00,-8562.0
2023-04-05 12:00:00+00:00,-8327.0
2023-04-05 13:00:00+00:00,-7443.0
2023-04-05 14:00:00+00:00,-6731.0
2023-04-05 15:00:00+00:00,-8141.0
2023-04-05 16:00:00+00:00,-15124.0
2023-04-05 17:00:00+00:00,-19225.0
2023-04-05 18:00:00+00:00,-16908.0
2023-04-05 19:00:00+00:00,-8611.0
2023-04-05 20:00:00+00:00,-11016.0
2023-04-05 21:00:00+00:00,-8176.0
2023-04-05 22:00:00+00:00,-6723.0
2023-04-05 23:00:00+00:00,-7353.0
2023-04-06 00:00:00+00:00,-7280.0
2023-04-06 01:00:00+00:00,-10912.0
2023-04-06 02:00:00+00:00,-13353.0
2023-04-06 03:00:00+00:00,-17321.0
2023-04-06 04:00:00+00:00,-21837.0
2023-04-06 05:00:00+00:00,-19482.0
2023-04-06 06:00:00+00:00,-7160.0
2023-04-06 07:00:00+00:00,4258.0
2023-04-06 08:00:00+00:00,15541.0
2023-04-06 09:00:00+00:00,22099.0
2023-04-06 10:00:00+00:00,26371.0
2023-04-06 11:00:00+00:00,28167.0
2023-04-06 12:00:00+00:00,29411.0
2023-04-06 13:00:00+00:00,22160.0
2023-04-06 14:00:00+00:00,10721.0
2023-04-06 15:00:00+00:00,-993.0
2023-04-06 16:00:00+00:00,-10267.0
2023-04-06 17:00:00+00:00,-10238.0
2023-04-06 18:00:00+00:00,-1942.0
2023-04-06 19:00:00+00:00,3620.0
2023-04-06 20:00:00+00:00,10709.0
2023-04-06 21:00:00+00:00,16914.0
2023-04-06 22:00:00+00:00,12454.0
2023-04-06 23:00:00+00:00,9866.0
2023-04-07 00:00:00+00:00,10707.0
2023-04-07 01:00:00+00:00,11594.0
2023-04-07 02:00:00+00:00,9574.0
2023-04-07 03:00:00+00:00,10780.0
2023-04-07 04:00:00+00:00,14165.0
2023-04-07 05:00:00+00:00,13255.0
2023-04-07 06:00:00+00:00,13419.0
2023-04-07 07:00:00+00:00,11354.0
2023-04-07 08:00:00+00:00,17600.0
2023-04-07 09:00:00+00:00,21033.0
2023-04-07 10:00:00+00:00,25246.0
2023-04-07 11:00:00+00:00,29045.0
2023-04-07 12:00:00+00:00,26795.0
2023-04-07 13:00:00+00:00,20621.0
2023-04-07 14:00:00+00:00,13833.0
2023-04-07 15:00:00+00:00,7455.0
2023-04-07 16:00:00+00:00,2435.0
2023-04-07 17:00:00+00:00,1361.0
2023-04-07 18:00:00+00:00,-56.0
2023-04-07 19:00:00+00:00,243.0
2023-04-07 20:00:00+00:00,1049.0
2023-04-07 21:00:00+00:00,481.0
2023-04-07 22:00:00+00:00,173.0
2023-04-07 23:00:00+00:00,-180.0
2023-04-08 00:00:00+00:00,-1573.0
2023-04-08 01:00:00+00:00,-1644.0
2023-04-08 02:00:00+00:00,-5421.0
2023-04-08 03:00:00+00:00,-5285.0
2023-04-08 04:00:00+00:00,-7873.0
2023-04-08 05:00:00+00:00,-9925.0
2023-04-08 06:00:00+00:00,-11201.0
2023-04-08 07:00:00+00:00,-17777.0
2023-04-08 08:00:00+00:00,-17464.0
2023-04-08 09:00:00+00:00,-21408.0
2023-04-08 10:00:00+00:00,-23078.0
2023-04-08 11:00:00+00:00,-22791.0
2023-04-08 12:00:00+00:00,-24105.0
2023-04-08 13:00:00+00:00,-27553.0
2023-04-08 14:00:00+00:00,-29670.0
2023-04-08 15:00:00+00:00,-27096.0
2023-04-08 16:00:00+00:00,-29870.0
2023-04-08 17:00:00+00:00,-23250.0
2023-04-08 18:00:00+00:00,-18056.0
2023-04-08 19:00:00+00:00,-14726.0
2023-04-08 20:00:00+00:00,-15700.0
2023-04-08 21:00:00+00:00,-15416.0
2023-04-08 22:00:00+00:00,-13991.0
2023-04-08 23:00:00+00:00,-11885.0
2023-04-09 00:00:00+00:00,-12163.0
2023-04-09 01:00:00+00:00,-14009.0
2023-04-09 02:00:00+00:00,-15622.0
2023-04-09 03:00:00+00:00,-16620.0
2023-04-09 04:00:00+00:00,-14670.0
2023-04-09 05:00:00+00:00,-14446.0
2023-04-09 06:00:00+00:00,-11301.0
2023-04-09 07:00:00+00:00,-2378.0
2023-04-09 08:00:00+00:00,1707.0
2023-04-09 09:00:00+00:00,434.0
2023-04-09 10:00:00+00:00,-2601.0
2023-04-09 11:00:00+00:00,-1422.0
2023-04-09 12:00:00+00:00,188.0
2023-04-09 13:00:00+00:00,3140.0
2023-04-09 14:00:00+00:00,-7485.0
2023-04-09 15:00:00+00:00,-10153.0
2023-04-09 16:00:00+00:00,-19145.0
2023-04-09 17:00:00+00:00,-16707.0
2023-04-09 18:00:00+00:00,-12549.0
2023-04-09 19:00:00+00:00,-11304.0
2023-04-09 20:00:00+00:00,-7589.0
2023-04-09 21:00:00+00:00,-7624.0
2023-04-09 22:00:00+00:00,-2952.0
2023-04-09 23:00:00+00:00,423.0
2023-04-10 00:00:00+00:00,279.0
2023-04-10 01:00:00+00:00,-1484.0
2023-04-10 02:00:00+00:00,-4610.0
2023-04-10 03:00:00+00:00,-1372.0
2023-04-10 04:00:00+00:00,2929.0
2023-04-10 05:00:00+00:00,7920.0
2023-04-10 06:00:00+00:00,17395.0
2023-04-10 07:00:00+00:00,27374.0
2023-04-10 08:00:00+00:00,32993.0
2023-04-10 09:00:00+00:00,36858.0
2023-04-10 10:00:00+00:00,39270.0
2023-04-10 11:00:00+00:00,38675.0
2023-04-10 12:00:00+00:00,42679.0
2023-04-10 13:00:00+00:00,42022.0
2023-04-10 14:00:00+00:00,33774.0
2023-04-10 15:00:00+00:00,25831.0
2023-04-10 16:00:00+00:00,23010.0
2023-04-10 17:00:00+00:00,25418.0
2023-04-10 18:00:00+00:00,29055.0
2023-04-10 19:00:00+00:00,29592.0
2023-04-10 20:00:00+00:00,34992.0
2023-04-10 21:00:00+00:00,35437.0
2023-04-10 22:00:00+00:00,28776.0
2023-04-10 23:00:00+00:00,20756.0
2023-04-11 00:00:00+00:00,17701.0
2023-04-11 01:00:00+00:00,16510.0
2023-04-11 02:00:00+00:00,11867.0
2023-04-11 03:00:00+00:00,14136.0
2023-04-11 04:00:00+00:00,8529.0
2023-04-11 05:00:00+00:00,5110.0
2023-04-11 06:00:00+00:00,4506.0
2023-04-11 07:00:00+00:00,9679.0
2023-04-11 08:00:00+00:00,12828.0
2023-04-11 09:00:00+00:00,14640.0
2023-04-11 10:00:00+00:00,21613.0
2023-04-11 11:00:00+00:00,23720.0
2023-04-11 12:00:00+00:00,23467.0
2023-04-11 13:00:00+00:00,24973.0
2023-04-11 14:00:00+00:00,23568.0
2023-04-11 15:00:00+00:00,16185.0
2023-04-11 16:00:00+00:00,402.0
2023-04-11 17:00:00+00:00,-17804.0
2023-04-11 18:00:00+00:00,-25168.0
2023-04-11 19:00:00+00:00,-27194.0
2023-04-11 20:00:00+00:00,-29191.0
2023-04-11 21:00:00+00:00,-33317.0
2023-04-11 22:00:00+00:00,-24328.0
2023-04-11 23:00:00+00:00,-24770.0
2023-04-12 00:00:00+00:00,-17731.0
2023-04-12 01:00:00+00:00,-19184.0
2023-04-12 02:00:00+00:00,-16463.0
2023-04-12 03:00:00+00:00,-13549.0
2023-04-12 04:00:00+00:00,-6774.0
2023-04-12 05:00:00+00:00,2726.0
2023-04-12 06:00:00+00:00,7724.0
2023-04-12 07:00:00+00:00,9105.0
2023-04-12 08:00:00+00:00,5946.0
2023-04-12 09:00:00+00:00,4861.0
2023-04-12 10:00:00+00:00,4995.0
2023-04-12 11:00:00+00:00,155.0
2023-04-12 12:00:00+00:00,-2837.0
2023-04-12 13:00:00+00:00,-4882.0
2023-04-12 14:00:00+00:00,-16443.0
2023-04-12 15:00:00+00:00,-16514.0
2023-04-12 16:00:00+00:00,-24748.0
2023-04-12 17:00:00+00:00,-31924.0
2023-04-12 18:00:00+00:00,-26756.0
2023-04-12 19:00:00+00:00,-21889.0
2023-04-12 20:00:00+00:00,-20964.0
2023-04-12 21:00:00+00:00,-14841.0
2023-04-12 22:00:00+00:00,-11558.0
2023-04-12 23:00:00+00:00,-5656.0
2023-04-13 00:00:00+00:00,-4552.0
2023-04-13 01:00:00+00:00,-2132.0
2023-04-13 02:00:00+00:00,752.0
2023-04-13 03:00:00+00:00,-472.0
2023-04-13 04:00:00+00:00,1469.0
2023-04-13 05:00:00+00:00,2704.0
2023-04-13 06:00:00+00:00,3961.0
2023-04-13 07:00:00+00:00,6430.0
2023-04-13 08:00:00+00:00,4787.0
2023-04-13 09:00:00+00:00,4072.0
2023-04-13 10:00:00+00:00,-1041.0
2023-04-13 11:00:00+00:00,-1896.0
2023-04-13 12:00:00+00:00,1838.0
2023-04-13 13:00:00+00:00,-1202.0
2023-04-13 14:00:00+00:00,-9777.0
2023-04-13 15:00:00+00:00,-14681.0
2023-04-13 16:00:00+00:00,-20468.0
2023-04-13 17:00:00+00:00,-27033.0
2023-04-13 18:00:00+00:00,-22412.0
2023-04-13 19:00:00+00:00,-19489.0
2023-04-13 20:00:00+00:00,-19188.0
2023-04-13 21:00:00+00:00,-18138.0
2023-04-13 22:00:00+00:00,-12691.0
2023-04-13 23:00:00+00:00,-12747.0
2023-04-14 00:00:00+00:00,-14678.0
2023-04-14 01:00:00+00:00,-15664.0
2023-04-14 02:00:00+00:00,-18038.0
2023-04-14 03:00:00+00:00,-21833.0
2023-04-14 04:00:00+00:00,-26967.0
2023-04-14 05:00:00+00:00,-20453.0
2023-04-14 06:00:00+00:00,-18114.0
2023-04-14 07:00:00+00:00,-13718.0
2023-04-14 08:00:00+00:00,-14528.0
2023-04-14 09:00:00+00:00,-19970.0
2023-04-14 10:00:00+00:00,-20693.0
2023-04-14 11:00:00+00:00,-15553.0
2023-04-14 12:00:00+00:00,-14847.0
2023-04-14 13:00:00+00:00,-12348.0
2023-04-14 14:00:00+00:00,-12894.0
2023-04-14 15:00:00+00:00,-10459.0
2023-04-14 16:00:00+00:00,-14688.0
2023-04-14 17:00:00+00:00,-12487.0
2023-04-14 18:00:00+00:00,-6897.0
2023-04-14 19:00:00+00:00,-9423.0
2023-04-14 20:00:00+00:00,-7548.0
2023-04-14 21:00:00+00:00,-7432.0
2023-04-14 22:00:00+00:00,-1012.0
2023-04-14 23:00:00+00:00,-3845.0
2023-04-15 00:00:00+00:00,-8863.0
2023-04-15 01:00:00+00:00,-10943.0
2023-04-15 02:00:00+00:00,-11152.0
2023-04-15 03:00:00+00:00,-12263.0
2023-04-15 04:00:00+00:00,-9627.0
2023-04-15 05:00:00+00:00,-6954.0
2023-04-15 06:00:00+00:00,-5266.0
2023-04-15 07:00:00+00:00,-8394.0
2023-04-15 08:00:00+00:00,-9484.0
2023-04-15 09:00:00+00:00,-16192.0
2023-04-15 10:00:00+00:00,-20022.0
2023-04-15 11:00:00+00:00,-19002.0
2023-04-15 12:00:00+00:00,-18642.0
2023-04-15 13:00:00+00:00,-17138.0
2023-04-15 14:00:00+00:00,-14761.0
2023-04-15 15:00:00+00:00,-20942.0
2023-04-15 16:00:00+00:00,-17497.0
2023-04-15 17:00:00+00:00,-13824.0
2023-04-15 18:00:00+00:00,-10543.0
2023-04-15 19:00:00+00:00,-10672.0
2023-04-15 20:00:00+00:00,-10330.0
2023-04-15 21:00:00+00:00,-10701.0
2023-04-15 22:00:00+00:00,-9190.0
2023-04-15 23:00:00+00:00,-7223.0
2023-04-16 00:00:00+00:00,-5929.0
2023-04-16 01:00:00+00:00,-6482.0
2023-04-16 02:00:00+00:00,-9199.0
2023-04-16 03:00:00+00:00,-9203.0
2023-04-16 04:00:00+00:00,-7275.0
2023-04-16 05:00:00+00:00,-9398.0
2023-04-16 06:00:00+00:00,-13083.0
2023-04-16 07:00:00+00:00,-13288.0
2023-04-16 08:00:00+00:00,-16248.0
2023-04-16 09:00:00+00:00,-17328.0
2023-04-16 10:00:00+00:00,-18517.0
2023-04-16 11:00:00+00:00,-20341.0
2023-04-16 12:00:00+00:00,-22758.0
2023-04-16 13:00:00+00:00,-22129.0
2023-04-16 14:00:00+00:00,-22544.0
2023-04-16 15:00:00+00:00,-20054.0
2023-04-16 16:00:00+00:00,-18883.0
2023-04-16 17:00:00+00:00,-21201.0
2023-04-16 18:00:00+00:00,-15073.0
2023-04-16 19:00:00+00:00,-15199.0
2023-04-16 20:00:00+00:00,-17744.0
2023-04-16 21:00:00+00:00,-17156.0
2023-04-16 22:00:00+00:00,-13174.0
2023-04-16 23:00:00+00:00,-12895.0
2023-04-17 00:00:00+00:00,-12132.0
2023-04-17 01:00:00+00:00,-15012.0
2023-04-17 02:00:00+00:00,-15291.0
2023-04-17 03:00:00+00:00,-20689.0
2023-04-17 04:00:00+00:00,-25299.0
2023-04-17 05:00:00+00:00,-23351.0
2023-04-17 06:00:00+00:00,-24559.0
2023-04-17 07:00:00+00:00,-19143.0
2023-04-17 08:00:00+00:00,-13949.0
2023-04-17 09:00:00+00:00,-19332.0
2023-04-17 10:00:00+00:00,-20250.0
2023-04-17 11:00:00+00:00,-13173.0
2023-04-17 12:00:00+00:00,-15932.0
2023-04-17 13:00:00+00:00,-11562.0
2023-04-17 14:00:00+00:00,-9681.0
2023-04-17 15:00:00+00:00,-10300.0
2023-04-17 16:00:00+00:00,-12204.0
2023-04-17 17:00:00+00:00,-16541.0
2023-04-17 18:00:00+00:00,-15538.0
2023-04-17 19:00:00+00:00,-8568.0
2023-04-17 20:00:00+00:00,-7502.0
2023-04-17 21:00:00+00:00,-6999.0
2023-04-17 22:00:00+00:00,-7511.0
2023-04-17 23:00:00+00:00,-10172.0
2023-04-18 00:00:00+00:00,-12173.0
2023-04-18 01:00:00+00:00,-12265.0
2023-04-18 02:00:00+00:00,-13522.0
2023-04-18 03:00:00+00:00,-14654.0
2023-04-18 04:00:00+00:00,-20779.0
2023-04-18 05:00:00+00:00,-20648.0
2023-04-18 06:00:00+00:00,-17179.0
2023-04-18 07:00:00+00:00,-13775.0
2023-04-18 08:00:00+00:00,-7832.0
2023-04-18 09:00:00+00:00,-7916.0
2023-04-18 10:00:00+00:00,-4599.0
2023-04-18 11:00:00+00:00,-2658.0
2023-04-18 12:00:00+00:00,2985.0
2023-04-18 13:00:00+00:00,-272.0
2023-04-18 14:00:00+00:00,888.0
2023-04-18 15:00:00+00:00,1420.0
2023-04-18 16:00:00+00:00,-1754.0
2023-04-18 17:00:00+00:00,-4355.0
2023-04-18 18:00:00+00:00,-1246.0
2023-04-18 19:00:00+00:00,3374.0
2023-04-18 20:00:00+00:00,3760.0
2023-04-18 21:00:00+00:00,7284.0
2023-04-18 22:00:00+00:00,7338.0
2023-04-18 23:00:00+00:00,1690.0
2023-04-19 00:00:00+00:00,-1063.0
2023-04-19 01:00:00+00:00,-2827.0
2023-04-19 02:00:00+00:00,-3573.0
2023-04-19 03:00:00+00:00,-3616.0
2023-04-19 04:00:00+00:00,-8309.0
2023-04-19 05:00:00+00:00,-7883.0
2023-04-19 06:00:00+00:00,-8037.0
2023-04-19 07:00:00+00:00,-5672.0
2023-04-19 08:00:00+00:00,669.0
2023-04-19 09:00:00+00:00,-106.0
2023-04-19 10:00:00+00:00,6020.0
2023-04-19 11:00:00+00:00,6983.0
2023-04-19 12:00:00+00:00,6706.0
2023-04-19 13:00:00+00:00,6308.0
2023-04-19 14:00:00+00:00,5265.0
2023-04-19 15:00:00+00:00,-1245.0
2023-04-19 16:00:00+00:00,2506.0
2023-04-19 17:00:00+00:00,-8458.0
2023-04-19 18:00:00+00:00,-2876.0
2023-04-19 19:00:00+00:00,-4618.0
2023-04-19 20:00:00+00:00,433.0
2023-04-19 21:00:00+00:00,1888.0
2023-04-19 22:00:00+00:00,-137.0
2023-04-19 23:00:00+00:00,1172.0
2023-04-20 00:00:00+00:00,-92.0
2023-04-20 01:00:00+00:00,-725.0
2023-04-20 02:00:00+00:00,-4698.0
2023-04-20 03:00:00+00:00,-9600.0
2023-04-20 04:00:00+00:00,-10936.0
2023-04-20 05:00:00+00:00,-15629.0
2023-04-20 06:00:00+00:00,-12696.0
2023-04-20 07:00:00+00:00,-7182.0
2023-04-20 08:00:00+00:00,-7606.0
2023-04-20 09:00:00+00:00,-4937.0
2023-04-20 10:00:00+00:00,-11080.0
2023-04-20 11:00:00+00:00,-8513.0
2023-04-20 12:00:00+00:00,-5958.0
2023-04-20 13:00:00+00:00,-7066.0
2023-04-20 14:00:00+00:00,-8523.0
2023-04-20 15:00:00+00:00,-9872.0
2023-04-20 16:00:00+00:00,-14778.0
2023-04-20 17:00:00+00:00,-13546.0
2023-04-20 18:00:00+00:00,-12459.0
2023-04-20 19:00:00+00:00,-6259.0
2023-04-20 20:00:00+00:00,3605.0
2023-04-20 21:00:00+00:00,10327.0
2023-04-20 22:00:00+00:00,12844.0
2023-04-20 23:00:00+00:00,13963.0
2023-04-21 00:00:00+00:00,11875.0
2023-04-21 01:00:00+00:00,8087.0
2023-04-21 02:00:00+00:00,7851.0
2023-04-21 03:00:00+00:00,6844.0
2023-04-21 04:00:00+00:00,-1663.0
2023-04-21 05:00:00+00:00,-798.0
2023-04-21 06:00:00+00:00,-1252.0
2023-04-21 07:00:00+00:00,1660.0
2023-04-21 08:00:00+00:00,3938.0
2023-04-21 09:00:00+00:00,11805.0
2023-04-21 10:00:00+00:00,15321.0
2023-04-21 11:00:00+00:00,26146.0
2023-04-21 12:00:00+00:00,25598.0
2023-04-21 13:00:00+00:00,23680.0
2023-04-21 14:00:00+00:00,17771.0
2023-04-21 15:00:00+00:00,14246.0
2023-04-21 16:00:00+00:00,9016.0
2023-04-21 17:00:00+00:00,-606.0
2023-04-21 18:00:00+00:00,5329.0
2023-04-21 19:00:00+00:00,8147.0
2023-04-21 20:00:00+00:00,11555.0
2023-04-21 21:00:00+00:00,14622.0
2023-04-21 22:00:00+00:00,15904.0
2023-04-21 23:00:00+00:00,16259.0
2023-04-22 00:00:00+00:00,16743.0
2023-04-22 01:00:00+00:00,16115.0
2023-04-22 02:00:00+00:00,13265.0
2023-04-22 03:00:00+00:00,11709.0
2023-04-22 04:00:00+00:00,7971.0
2023-04-22 05:00:00+00:00,9182.0
2023-04-22 06:00:00+00:00,12198.0
2023-04-22 07:00:00+00:00,14920.0
2023-04-22 08:00:00+00:00,21167.0
2023-04-22 09:00:00+00:00,23300.0
2023-04-22 10:00:00+00:00,29916.0
2023-04-22 11:00:00+00:00,32795.0
2023-04-22 12:00:00+00:00,30534.0
2023-04-22 13:00:00+00:00,25549.0
2023-04-22 14:00:00+00:00,17454.0
2023-04-22 15:00:00+00:00,10495.0
2023-04-22 16:00:00+00:00,567.0
2023-04-22 17:00:00+00:00,-4379.0
2023-04-22 18:00:00+00:00,1373.0
2023-04-22 19:00:00+00:00,5592.0
2023-04-22 20:00:00+00:00,6357.0
2023-04-22 21:00:00+00:00,6022.0
2023-04-22 22:00:00+00:00,2170.0
2023-04-22 23:00:00+00:00,-1783.0
2023-04-23 00:00:00+00:00,-3717.0
2023-04-23 01:00:00+00:00,-1340.0
2023-04-23 02:00:00+00:00,-2153.0
2023-04-23 03:00:00+00:00,-3900.0
2023-04-23 04:00:00+00:00,-5056.0
2023-04-23 05:00:00+00:00,-7844.0
2023-04-23 06:00:00+00:00,-14622.0
2023-04-23 07:00:00+00:00,-16437.0
2023-04-23 08:00:00+00:00,-8947.0
2023-04-23 09:00:00+00:00,-11128.0
2023-04-23 10:00:00+00:00,-1377.0
2023-04-23 11:00:00+00:00,3320.0
2023-04-23 12:00:00+00:00,4829.0
2023-04-23 13:00:00+00:00,9403.0
2023-04-23 14:00:00+00:00,3854.0
2023-04-23 15:00:00+00:00,-2451.0
2023-04-23 16:00:00+00:00,-8088.0
2023-04-23 17:00:00+00:00,-20059.0
2023-04-23 18:00:00+00:00,-16587.0
2023-04-23 19:00:00+00:00,-5774.0
2023-04-23 20:00:00+00:00,-2709.0
2023-04-23 21:00:00+00:00,-1315.0
2023-04-23 22:00:00+00:00,4170.0
2023-04-23 23:00:00+00:00,2944.0
2023-04-24 00:00:00+00:00,3898.0
2023-04-24 01:00:00+00:00,1871.0
2023-04-24 02:00:00+00:00,-435.0
2023-04-24 03:00:00+00:00,374.0
2023-04-24 04:00:00+00:00,-8055.0
2023-04-24 05:00:00+00:00,-9302.0
2023-04-24 06:00:00+00:00,388.0
2023-04-24 07:00:00+00:00,8069.0
2023-04-24 08:00:00+00:00,14272.0
2023-04-24 09:00:00+00:00,16963.0
2023-04-24 10:00:00+00:00,17573.0
2023-04-24 11:00:00+00:00,17758.0
2023-04-24 12:00:00+00:00,13081.0
2023-04-24 13:00:00+00:00,14402.0
2023-04-24 14:00:00+00:00,9390.0
2023-04-24 15:00:00+00:00,10011.0
2023-04-24 16:00:00+00:00,8091.0
2023-04-24 17:00:00+00:00,7536.0
2023-04-24 18:00:00+00:00,5144.0
2023-04-24 19:00:00+00:00,4785.0
2023-04-24 20:00:00+00:00,10033.0
2023-04-24 21:00:00+00:00,14957.0
2023-04-24 22:00:00+00:00,14574.0
2023-04-24 23:00:00+00:00,12075.0
2023-04-25 00:00:00+00:00,10881.0
2023-04-25 01:00:00+00:00,9070.0
2023-04-25 02:00:00+00:00,5342.0
2023-04-25 03:00:00+00:00,2158.0
2023-04-25 04:00:00+00:00,-8919.0
2023-04-25 05:00:00+00:00,-7061.0
2023-04-25 06:00:00+00:00,-1681.0
2023-04-25 07:00:00+00:00,-1685.0
2023-04-25 08:00:00+00:00,2813.0
2023-04-25 09:00:00+00:00,2714.0
2023-04-25 10:00:00+00:00,-1371.0
2023-04-25 11:00:00+00:00,-727.0
2023-04-25 12:00:00+00:00,1475.0
2023-04-25 13:00:00+00:00,1421.0
2023-04-25 14:00:00+00:00,1722.0
2023-04-25 15:00:00+00:00,7783.0
2023-04-25 16:00:00+00:00,2944.0
2023-04-25 17:00:00+00:00,-4606.0
2023-04-25 18:00:00+00:00,-2411.0
2023-04-25 19:00:00+00:00,379.0
2023-04-25 20:00:00+00:00,4448.0
2023-04-25 21:00:00+00:00,10479.0
2023-04-25 22:00:00+00:00,10333.0
2023-04-25 23:00:00+00:00,9931.0
2023-04-26 00:00:00+00:00,10285.0
2023-04-26 01:00:00+00:00,9011.0
2023-04-26 02:00:00+00:00,7343.0
2023-04-26 03:00:00+00:00,4204.0
2023-04-26 04:00:00+00:00,-8099.0
2023-04-26 05:00:00+00:00,-5283.0
2023-04-26 06:00:00+00:00,1860.0
2023-04-26 07:00:00+00:00,3531.0
2023-04-26 08:00:00+00:00,8479.0
2023-04-26 09:00:00+00:00,13013.0
2023-04-26 10:00:00+00:00,5148.0
2023-04-26 11:00:00+00:00,5406.0
2023-04-26 12:00:00+00:00,4462.0
2023-04-26 13:00:00+00:00,7356.0
2023-04-26 14:00:00+00:00,8468.0
2023-04-26 15:00:00+00:00,5285.0
2023-04-26 16:00:00+00:00,-7906.0
2023-04-26 17:00:00+00:00,-22207.0
2023-04-26 18:00:00+00:00,-26678.0
2023-04-26 19:00:00+00:00,-19970.0
2023-04-26 20:00:00+00:00,-14963.0
2023-04-26 21:00:00+00:00,-14546.0
2023-04-26 22:00:00+00:00,-13061.0
2023-04-26 23:00:00+00:00,-11910.0
2023-04-27 00:00:00+00:00,-13512.0
2023-04-27 01:00:00+00:00,-14260.0
2023-04-27 02:00:00+00:00,-17478.0
2023-04-27 03:00:00+00:00,-23677.0
2023-04-27 04:00:00+00:00,-31288.0
2023-04-27 05:00:00+00:00,-30816.0
2023-04-27 06:00:00+00:00,-24237.0
2023-04-27 07:00:00+00:00,-12870.0
2023-04-27 08:00:00+00:00,-11585.0
2023-04-27 09:00:00+00:00,-9665.0
2023-04-27 10:00:00+00:00,-12872.0
2023-04-27 11:00:00+00:00,-17524.0
2023-04-27 12:00:00+00:00,-15021.0
2023-04-27 13:00:00+00:00,-16507.0
2023-04-27 14:00:00+00:00,-18681.0
2023-04-27 15:00:00+00:00,-24157.0
2023-04-27 16:00:00+00:00,-28618.0
2023-04-27 17:00:00+00:00,-35531.0
2023-04-27 18:00:00+00:00,-36187.0
2023-04-27 19:00:00+00:00,-31796.0
2023-04-27 20:00:00+00:00,-27004.0
2023-04-27 21:00:00+00:00,-26690.0
2023-04-27 22:00:00+00:00,-21344.0
2023-04-27 23:00:00+00:00,-16540.0
2023-04-28 00:00:00+00:00,-11422.0
2023-04-28 01:00:00+00:00,-13526.0
2023-04-28 02:00:00+00:00,-13515.0
2023-04-28 03:00:00+00:00,-8866.0
2023-04-28 04:00:00+00:00,-17101.0
2023-04-28 05:00:00+00:00,-16175.0
2023-04-28 06:00:00+00:00,-11637.0
2023-04-28 07:00:00+00:00,-13377.0
2023-04-28 08:00:00+00:00,-13765.0
2023-04-28 09:00:00+00:00,-14833.0
2023-04-28 10:00:00+00:00,-15189.0
2023-04-28 11:00:00+00:00,-15177.0
2023-04-28 12:00:00+00:00,-17771.0
2023-04-28 13:00:00+00:00,-18926.0
2023-04-28 14:00:00+00:00,-22226.0
2023-04-28 15:00:00+00:00,-27353.0
2023-04-28 16:00:00+00:00,-26434.0
2023-04-28 17:00:00+00:00,-24392.0
2023-04-28 18:00:00+00:00,-23260.0
2023-04-28 19:00:00+00:00,-18515.0
2023-04-28 20:00:00+00:00,-10983.0
2023-04-28 21:00:00+00:00,-3439.0
2023-04-28 22:00:00+00:00,-449.0
2023-04-28 23:00:00+00:00,1199.0
2023-04-29 00:00:00+00:00,3903.0
2023-04-29 01:00:00+00:00,2531.0
2023-04-29 02:00:00+00:00,2011.0
2023-04-29 03:00:00+00:00,368.0
2023-04-29 04:00:00+00:00,-2707.0
2023-04-29 05:00:00+00:00,-5731.0
2023-04-29 06:00:00+00:00,-7554.0
2023-04-29 07:00:00+00:00,-6852.0
2023-04-29 08:00:00+00:00,-4027.0
2023-04-29 09:00:00+00:00,-1582.0
2023-04-29 10:00:00+00:00,-2769.0
2023-04-29 11:00:00+00:00,-4511.0
2023-04-29 12:00:00+00:00,-4952.0
2023-04-29 13:00:00+00:00,-4809.0
2023-04-29 14:00:00+00:00,-3211.0
2023-04-29 15:00:00+00:00,-722.0
2023-04-29 16:00:00+00:00,-3210.0
2023-04-29 17:00:00+00:00,-5501.0
2023-04-29 18:00:00+00:00,-9702.0
2023-04-29 19:00:00+00:00,-7079.0
2023-04-29 20:00:00+00:00,-4779.0
2023-04-29 21:00:00+00:00,-3745.0
2023-04-29 22:00:00+00:00,1461.0
2023-04-29 23:00:00+00:00,2299.0
2023-04-30 00:00:00+00:00,2702.0
2023-04-30 01:00:00+00:00,-450.0
2023-04-30 02:00:00+00:00,-2487.0
2023-04-30 03:00:00+00:00,-3790.0
2023-04-30 04:00:00+00:00,-3091.0
2023-04-30 05:00:00+00:00,-2460.0
2023-04-30 06:00:00+00:00,198.0
2023-04-30 07:00:00+00:00,4984.0
2023-04-30 08:00:00+00:00,10709.0
2023-04-30 09:00:00+00:00,14062.0
2023-04-30 10:00:00+00:00,12665.0
2023-04-30 11:00:00+00:00,11846.0
2023-04-30 12:00:00+00:00,12112.0
2023-04-30 13:00:00+00:00,15132.0
2023-04-30 14:00:00+00:00,8836.0
2023-04-30 15:00:00+00:00,3889.0
2023-04-30 16:00:00+00:00,-1455.0
2023-04-30 17:00:00+00:00,-9946.0
2023-04-30 18:00:00+00:00,-13882.0
2023-04-30 19:00:00+00:00,-7033.0
2023-04-30 20:00:00+00:00,-1324.0
2023-04-30 21:00:00+00:00,442.0
2023-04-30 22:00:00+00:00,954.0
2023-04-30 23:00:00+00:00,3928.0
2023-05-01 00:00:00+00:00,5656.0
2023-05-01 01:00:00+00:00,7488.0
2023-05-01 02:00:00+00:00,6930.0
2023-05-01 03:00:00+00:00,6422.0
2023-05-01 04:00:00+00:00,9922.0
2023-05-01 05:00:00+00:00,12750.0
2023-05-01 06:00:00+00:00,11957.0
2023-05-01 07:00:00+00:00,8744.0
2023-05-01 08:00:00+00:00,6428.0
2023-05-01 09:00:00+00:00,11318.0
2023-05-01 10:00:00+00:00,12641.0
2023-05-01 11:00:00+00:00,12376.0
2023-05-01 12:00:00+00:00,10633.0
2023-05-01 13:00:00+00:00,-654.0
2023-05-01 14:00:00+00:00,-7392.0
2023-05-01 15:00:00+00:00,-8407.0
2023-05-01 16:00:00+00:00,-16859.0
2023-05-01 17:00:00+00:00,-14598.0
2023-05-01 18:00:00+00:00,-15905.0
2023-05-01 19:00:00+00:00,-15492.0
2023-05-01 20:00:00+00:00,-11463.0
2023-05-01 21:00:00+00:00,-6253.0
2023-05-01 22:00:00+00:00,-4306.0
2023-05-01 23:00:00+00:00,-521.0
2023-05-02 00:00:00+00:00,1268.0
2023-05-02 01:00:00+00:00,1939.0
2023-05-02 02:00:00+00:00,2342.0
2023-05-02 03:00:00+00:00,2995.0
2023-05-02 04:00:00+00:00,-11095.0
2023-05-02 05:00:00+00:00,-8772.0
2023-05-02 06:00:00+00:00,-8547.0
2023-05-02 07:00:00+00:00,-9836.0
2023-05-02 08:00:00+00:00,-10893.0
2023-05-02 09:00:00+00:00,-12917.0
2023-05-02 10:00:00+00:00,-11761.0
2023-05-02 11:00:00+00:00,-11907.0
2023-05-02 12:00:00+00:00,-10568.0
2023-05-02 13:00:00+00:00,-9770.0
2023-05-02 14:00:00+00:00,-7908.0
2023-05-02 15:00:00+00:00,-16554.0
2023-05-02 16:00:00+00:00,-21154.0
2023-05-02 17:00:00+00:00,-27532.0
2023-05-02 18:00:00+00:00,-28768.0
2023-05-02 19:00:00+00:00,-25408.0
2023-05-02 20:00:00+00:00,-23957.0
2023-05-02 21:00:00+00:00,-23601.0
2023-05-02 22:00:00+00:00,-20782.0
2023-05-02 23:00:00+00:00,-16420.0
2023-05-03 00:00:00+00:00,-15727.0
2023-05-03 01:00:00+00:00,-18566.0
2023-05-03 02:00:00+00:00,-19226.0
2023-05-03 03:00:00+00:00,-27548.0
2023-05-03 04:00:00+00:00,-34853.0
2023-05-03 05:00:00+00:00,-32536.0
2023-05-03 06:00:00+00:00,-25788.0
2023-05-03 07:00:00+00:00,-13428.0
2023-05-03 08:00:00+00:00,-5833.0
2023-05-03 09:00:00+00:00,-10149.0
2023-05-03 10:00:00+00:00,-6636.0
2023-05-03 11:00:00+00:00,-5123.0
2023-05-03 12:00:00+00:00,-5280.0
2023-05-03 13:00:00+00:00,-6256.0
2023-05-03 14:00:00+00:00,-11104.0
2023-05-03 15:00:00+00:00,-21304.0
2023-05-03 16:00:00+00:00,-35131.0
2023-05-03 17:00:00+00:00,-43245.0
2023-05-03 18:00:00+00:00,-42120.0
2023-05-03 19:00:00+00:00,-39901.0
2023-05-03 20:00:00+00:00,-35478.0
2023-05-03 21:00:00+00:00,-27832.0
2023-05-03 22:00:00+00:00,-17643.0
2023-05-03 23:00:00+00:00,-19005.0
2023-05-04 00:00:00+00:00,-18769.0
2023-05-04 01:00:00+00:00,-21187.0
2023-05-04 02:00:00+00:00,-23515.0
2023-05-04 03:00:00+00:00,-27261.0
2023-05-04 04:00:00+00:00,-33936.0
2023-05-04 05:00:00+00:00,-29876.0
2023-05-04 06:00:00+00:00,-18042.0
2023-05-04 07:00:00+00:00,-7314.0
2023-05-04 08:00:00+00:00,-3073.0
2023-05-04 09:00:00+00:00,-2286.0
2023-05-04 10:00:00+00:00,-1380.0
2023-05-04 11:00:00+00:00,3031.0
2023-05-04 12:00:00+00:00,1543.0
2023-05-04 13:00:00+00:00,-8155.0
2023-05-04 14:00:00+00:00,-13415.0
2023-05-04 15:00:00+00:00,-18311.0
2023-05-04 16:00:00+00:00,-24852.0
2023-05-04 17:00:00+00:00,-24346.0
2023-05-04 18:00:00+00:00,-16991.0
2023-05-04 19:00:00+00:00,-16180.0
2023-05-04 20:00:00+00:00,-4865.0
2023-05-04 21:00:00+00:00,2045.0
2023-05-04 22:00:00+00:00,8877.0
2023-05-04 23:00:00+00:00,10725.0
2023-05-05 00:00:00+00:00,12783.0
2023-05-05 01:00:00+00:00,10817.0
2023-05-05 02:00:00+00:00,12569.0
2023-05-05 03:00:00+00:00,5641.0
2023-05-05 04:00:00+00:00,-2122.0
2023-05-05 05:00:00+00:00,-2830.0
2023-05-05 06:00:00+00:00,-1780.0
2023-05-05 07:00:00+00:00,7928.0
2023-05-05 08:00:00+00:00,11878.0
2023-05-05 09:00:00+00:00,12947.0
2023-05-05 10:00:00+00:00,13311.0
2023-05-05 11:00:00+00:00,8918.0
2023-05-05 12:00:00+00:00,5765.0
2023-05-05 13:00:00+00:00,3577.0
2023-05-05 14:00:00+00:00,-6619.0
2023-05-05 15:00:00+00:00,-14469.0
2023-05-05 16:00:00+00:00,-16157.0
2023-05-05 17:00:00+00:00,-16900.0
2023-05-05 18:00:00+00:00,-8553.0
2023-05-05 19:00:00+00:00,-2842.0
2023-05-05 20:00:00+00:00,3287.0
2023-05-05 21:00:00+00:00,196.0
2023-05-05 22:00:00+00:00,1803.0
2023-05-05 23:00:00+00:00,3155.0
2023-05-06 00:00:00+00:00,2751.0
2023-05-06 01:00:00+00:00,-205.0
2023-05-06 02:00:00+00:00,-4574.0
2023-05-06 03:00:00+00:00,-5833.0
2023-05-06 04:00:00+00:00,-9738.0
2023-05-06 05:00:00+00:00,-13441.0
2023-05-06 06:00:00+00:00,-16050.0
2023-05-06 07:00:00+00:00,-14747.0
2023-05-06 08:00:00+00:00,-13271.0
2023-05-06 09:00:00+00:00,-15673.0
2023-05-06 10:00:00+00:00,-11976.0
2023-05-06 11:00:00+00:00,-4291.0
2023-05-06 12:00:00+00:00,-1670.0
2023-05-06 13:00:00+00:00,-2743.0
2023-05-06 14:00:00+00:00,368.0
2023-05-06 15:00:00+00:00,-3901.0
2023-05-06 16:00:00+00:00,-9921.0
2023-05-06 17:00:00+00:00,-12674.0
2023-05-06 18:00:00+00:00,-9170.0
2023-05-06 19:00:00+00:00,-3878.0
2023-05-06 20:00:00+00:00,3216.0
2023-05-06 21:00:00+00:00,5140.0
2023-05-06 22:00:00+00:00,8115.0
2023-05-06 23:00:00+00:00,9789.0
2023-05-07 00:00:00+00:00,10414.0
2023-05-07 01:00:00+00:00,10805.0
2023-05-07 02:00:00+00:00,10016.0
2023-05-07 03:00:00+00:00,10395.0
2023-05-07 04:00:00+00:00,12681.0
2023-05-07 05:00:00+00:00,15734.0
2023-05-07 06:00:00+00:00,12244.0
2023-05-07 07:00:00+00:00,10747.0
2023-05-07 08:00:00+00:00,19015.0
2023-05-07 09:00:00+00:00,20281.0
2023-05-07 10:00:00+00:00,20638.0
2023-05-07 11:00:00+00:00,21111.0
2023-05-07 12:00:00+00:00,19215.0
2023-05-07 13:00:00+00:00,17697.0
2023-05-07 14:00:00+00:00,14646.0
2023-05-07 15:00:00+00:00,11693.0
2023-05-07 16:00:00+00:00,1773.0
2023-05-07 17:00:00+00:00,-1435.0
2023-05-07 18:00:00+00:00,2448.0
2023-05-07 19:00:00+00:00,7121.0
2023-05-07 20:00:00+00:00,8635.0
2023-05-07 21:00:00+00:00,10244.0
2023-05-07 22:00:00+00:00,10381.0
2023-05-07 23:00:00+00:00,9091.0
2023-05-08 00:00:00+00:00,8009.0
2023-05-08 01:00:00+00:00,6774.0
2023-05-08 02:00:00+00:00,-111.0
2023-05-08 03:00:00+00:00,-6427.0
2023-05-08 04:00:00+00:00,-17280.0
2023-05-08 05:00:00+00:00,-15647.0
2023-05-08 06:00:00+00:00,-17796.0
2023-05-08 07:00:00+00:00,-2843.0
2023-05-08 08:00:00+00:00,4782.0
2023-05-08 09:00:00+00:00,8758.0
2023-05-08 10:00:00+00:00,12798.0
2023-05-08 11:00:00+00:00,9041.0
2023-05-08 12:00:00+00:00,3595.0
2023-05-08 13:00:00+00:00,2149.0
2023-05-08 14:00:00+00:00,-864.0
2023-05-08 15:00:00+00:00,-8839.0
2023-05-08 16:00:00+00:00,-17986.0
2023-05-08 17:00:00+00:00,-19749.0
2023-05-08 18:00:00+00:00,-16558.0
2023-05-08 19:00:00+00:00,-14822.0
2023-05-08 20:00:00+00:00,-9684.0
2023-05-08 21:00:00+00:00,2207.0
2023-05-08 22:00:00+00:00,8065.0
2023-05-08 23:00:00+00:00,6649.0
2023-05-09 00:00:00+00:00,7954.0
2023-05-09 01:00:00+00:00,4384.0
2023-05-09 02:00:00+00:00,-187.0
2023-05-09 03:00:00+00:00,-4302.0
2023-05-09 04:00:00+00:00,-18360.0
2023-05-09 05:00:00+00:00,-12194.0
2023-05-09 06:00:00+00:00,-2124.0
2023-05-09 07:00:00+00:00,9492.0
2023-05-09 08:00:00+00:00,17011.0
2023-05-09 09:00:00+00:00,13993.0
2023-05-09 10:00:00+00:00,13613.0
2023-05-09 11:00:00+00:00,18658.0
2023-05-09 12:00:00+00:00,21133.0
2023-05-09 13:00:00+00:00,22358.0
2023-05-09 14:00:00+00:00,15024.0
2023-05-09 15:00:00+00:00,3339.0
2023-05-09 16:00:00+00:00,-14629.0
2023-05-09 17:00:00+00:00,-23629.0
2023-05-09 18:00:00+00:00,-19469.0
2023-05-09 19:00:00+00:00,-18144.0
2023-05-09 20:00:00+00:00,-11928.0
2023-05-09 21:00:00+00:00,-5548.0
2023-05-09 22:00:00+00:00,-925.0
2023-05-09 23:00:00+00:00,-1823.0
2023-05-10 00:00:00+00:00,-4488.0
2023-05-10 01:00:00+00:00,-5808.0
2023-05-10 02:00:00+00:00,-8303.0
2023-05-10 03:00:00+00:00,-8926.0
2023-05-10 04:00:00+00:00,-18742.0
2023-05-10 05:00:00+00:00,-20368.0
2023-05-10 06:00:00+00:00,-16804.0
2023-05-10 07:00:00+00:00,-11730.0
2023-05-10 08:00:00+00:00,-10301.0
2023-05-10 09:00:00+00:00,-11939.0
2023-05-10 10:00:00+00:00,-11954.0
2023-05-10 11:00:00+00:00,-13119.0
2023-05-10 12:00:00+00:00,-18533.0
2023-05-10 13:00:00+00:00,-22856.0
2023-05-10 14:00:00+00:00,-26116.0
2023-05-10 15:00:00+00:00,-34791.0
2023-05-10 16:00:00+00:00,-38947.0
2023-05-10 17:00:00+00:00,-38668.0
2023-05-10 18:00:00+00:00,-36549.0
2023-05-10 19:00:00+00:00,-33740.0
2023-05-10 20:00:00+00:00,-28965.0
2023-05-10 21:00:00+00:00,-27854.0
2023-05-10 22:00:00+00:00,-25965.0
2023-05-10 23:00:00+00:00,-27335.0
2023-05-11 00:00:00+00:00,-27522.0
2023-05-11 01:00:00+00:00,-29105.0
2023-05-11 02:00:00+00:00,-29001.0
2023-05-11 03:00:00+00:00,-29772.0
2023-05-11 04:00:00+00:00,-38241.0
2023-05-11 05:00:00+00:00,-31734.0
2023-05-11 06:00:00+00:00,-30306.0
2023-05-11 07:00:00+00:00,-25435.0
2023-05-11 08:00:00+00:00,-21425.0
2023-05-11 09:00:00+00:00,-23812.0
2023-05-11 10:00:00+00:00,-26489.0
2023-05-11 11:00:00+00:00,-22427.0
2023-05-11 12:00:00+00:00,-25600.0
2023-05-11 13:00:00+00:00,-23137.0
2023-05-11 14:00:00+00:00,-23201.0
2023-05-11 15:00:00+00:00,-30934.0
2023-05-11 16:00:00+00:00,-32754.0
2023-05-11 17:00:00+00:00,-31126.0
2023-05-11 18:00:00+00:00,-27500.0
2023-05-11 19:00:00+00:00,-21619.0
2023-05-11 20:00:00+00:00,-16626.0
2023-05-11 21:00:00+00:00,-13753.0
2023-05-11 22:00:00+00:00,-8999.0
2023-05-11 23:00:00+00:00,-11075.0
2023-05-12 00:00:00+00:00,-12907.0
2023-05-12 01:00:00+00:00,-14666.0
2023-05-12 02:00:00+00:00,-18007.0
2023-05-12 03:00:00+00:00,-21571.0
2023-05-12 04:00:00+00:00,-32122.0
2023-05-12 05:00:00+00:00,-27978.0
2023-05-12 06:00:00+00:00,-28208.0
2023-05-12 07:00:00+00:00,-27409.0
2023-05-12 08:00:00+00:00,-13827.0
2023-05-12 09:00:00+00:00,-7775.0
2023-05-12 10:00:00+00:00,-5938.0
2023-05-12 11:00:00+00:00,-5553.0
2023-05-12 12:00:00+00:00,-5499.0
2023-05-12 13:00:00+00:00,-9651.0
2023-05-12 14:00:00+00:00,-10393.0
2023-05-12 15:00:00+00:00,-12408.0
2023-05-12 16:00:00+00:00,-16219.0
2023-05-12 17:00:00+00:00,-21959.0
2023-05-12 18:00:00+00:00,-18091.0
2023-05-12 19:00:00+00:00,-18716.0
2023-05-12 20:00:00+00:00,-16945.0
2023-05-12 21:00:00+00:00,-14666.0
2023-05-12 22:00:00+00:00,-15818.0
2023-05-12 23:00:00+00:00,-16924.0
2023-05-13 00:00:00+00:00,-19958.0
2023-05-13 01:00:00+00:00,-22964.0
2023-05-13 02:00:00+00:00,-26106.0
2023-05-13 03:00:00+00:00,-26533.0
2023-05-13 04:00:00+00:00,-27426.0
2023-05-13 05:00:00+00:00,-30466.0
2023-05-13 06:00:00+00:00,-31125.0
2023-05-13 07:00:00+00:00,-24358.0
2023-05-13 08:00:00+00:00,-15129.0
2023-05-13 09:00:00+00:00,-8931.0
2023-05-13 10:00:00+00:00,-3702.0
2023-05-13 11:00:00+00:00,-513.0
2023-05-13 12:00:00+00:00,-6465.0
2023-05-13 13:00:00+00:00,-14591.0
2023-05-13 14:00:00+00:00,-15370.0
2023-05-13 15:00:00+00:00,-15298.0
2023-05-13 16:00:00+00:00,-19649.0
2023-05-13 17:00:00+00:00,-28036.0
2023-05-13 18:00:00+00:00,-25852.0
2023-05-13 19:00:00+00:00,-23842.0
2023-05-13 20:00:00+00:00,-20050.0
2023-05-13 21:00:00+00:00,-21038.0
2023-05-13 22:00:00+00:00,-23174.0
2023-05-13 23:00:00+00:00,-23621.0
2023-05-14 00:00:00+00:00,-21348.0
2023-05-14 01:00:00+00:00,-22237.0
2023-05-14 02:00:00+00:00,-22826.0
2023-05-14 03:00:00+00:00,-23746.0
2023-05-14 04:00:00+00:00,-20826.0
2023-05-14 05:00:00+00:00,-19494.0
2023-05-14 06:00:00+00:00,-13906.0
2023-05-14 07:00:00+00:00,-8523.0
2023-05-14 08:00:00+00:00,-9042.0
2023-05-14 09:00:00+00:00,-9695.0
2023-05-14 10:00:00+00:00,-10487.0
2023-05-14 11:00:00+00:00,-10436.0
2023-05-14 12:00:00+00:00,-12266.0
2023-05-14 13:00:00+00:00,-17164.0
2023-05-14 14:00:00+00:00,-16387.0
2023-05-14 15:00:00+00:00,-19416.0
2023-05-14 16:00:00+00:00,-26862.0
2023-05-14 17:00:00+00:00,-27527.0
2023-05-14 18:00:00+00:00,-33638.0
2023-05-14 19:00:00+00:00,-30025.0
2023-05-14 20:00:00+00:00,-29273.0
2023-05-14 21:00:00+00:00,-27348.0
2023-05-14 22:00:00+00:00,-28086.0
2023-05-14 23:00:00+00:00,-25605.0
2023-05-15 00:00:00+00:00,-26227.0
2023-05-15 01:00:00+00:00,-27881.0
2023-05-15 02:00:00+00:00,-30872.0
2023-05-15 03:00:00+00:00,-33599.0
2023-05-15 04:00:00+00:00,-36922.0
2023-05-15 05:00:00+00:00,-36602.0
2023-05-15 06:00:00+00:00,-30179.0
2023-05-15 07:00:00+00:00,-28249.0
2023-05-15 08:00:00+00:00,-25013.0
2023-05-15 09:00:00+00:00,-24054.0
2023-05-15 10:00:00+00:00,-23681.0
2023-05-15 11:00:00+00:00,-19025.0
2023-05-15 12:00:00+00:00,-15755.0
2023-05-15 13:00:00+00:00,-12985.0
2023-05-15 14:00:00+00:00,-8170.0
2023-05-15 15:00:00+00:00,-11742.0
2023-05-15 16:00:00+00:00,-21000.0
2023-05-15 17:00:00+00:00,-22575.0
2023-05-15 18:00:00+00:00,-24099.0
2023-05-15 19:00:00+00:00,-19546.0
2023-05-15 20:00:00+00:00,-13723.0
2023-05-15 21:00:00+00:00,-7316.0
2023-05-15 22:00:00+00:00,-593.0
2023-05-15 23:00:00+00:00,-1238.0
2023-05-16 00:00:00+00:00,-500.0
2023-05-16 01:00:00+00:00,-2554.0
2023-05-16 02:00:00+00:00,-1957.0
2023-05-16 03:00:00+00:00,-3359.0
2023-05-16 04:00:00+00:00,-10301.0
2023-05-16 05:00:00+00:00,-8581.0
2023-05-16 06:00:00+00:00,-6316.0
2023-05-16 07:00:00+00:00,-1621.0
2023-05-16 08:00:00+00:00,-3973.0
2023-05-16 09:00:00+00:00,-4654.0
2023-05-16 10:00:00+00:00,-2495.0
2023-05-16 11:00:00+00:00,1232.0
2023-05-16 12:00:00+00:00,4379.0
2023-05-16 13:00:00+00:00,1251.0
2023-05-16 14:00:00+00:00,-1905.0
2023-05-16 15:00:00+00:00,-1603.0
2023-05-16 16:00:00+00:00,-3071.0
2023-05-16 17:00:00+00:00,-7297.0
2023-05-16 18:00:00+00:00,-299.0
2023-05-16 19:00:00+00:00,-542.0
2023-05-16 20:00:00+00:00,905.0
2023-05-16 21:00:00+00:00,3125.0
2023-05-16 22:00:00+00:00,6730.0
2023-05-16 23:00:00+00:00,5814.0
2023-05-17 00:00:00+00:00,6568.0
2023-05-17 01:00:00+00:00,5219.0
2023-05-17 02:00:00+00:00,2273.0
2023-05-17 03:00:00+00:00,-739.0
2023-05-17 04:00:00+00:00,-7957.0
2023-05-17 05:00:00+00:00,-4194.0
2023-05-17 06:00:00+00:00,861.0
2023-05-17 07:00:00+00:00,4967.0
2023-05-17 08:00:00+00:00,3461.0
2023-05-17 09:00:00+00:00,-3102.0
2023-05-17 10:00:00+00:00,-1137.0
2023-05-17 11:00:00+00:00,-1514.0
2023-05-17 12:00:00+00:00,-1628.0
2023-05-17 13:00:00+00:00,-4723.0
2023-05-17 14:00:00+00:00,-9090.0
2023-05-17 15:00:00+00:00,-12870.0
2023-05-17 16:00:00+00:00,-20400.0
2023-05-17 17:00:00+00:00,-27260.0
2023-05-17 18:00:00+00:00,-32715.0
2023-05-17 19:00:00+00:00,-32167.0
2023-05-17 20:00:00+00:00,-22164.0
2023-05-17 21:00:00+00:00,-21933.0
2023-05-17 22:00:00+00:00,-22473.0
2023-05-17 23:00:00+00:00,-21502.0
2023-05-18 00:00:00+00:00,-20870.0
2023-05-18 01:00:00+00:00,-21317.0
2023-05-18 02:00:00+00:00,-24129.0
2023-05-18 03:00:00+00:00,-23464.0
2023-05-18 04:00:00+00:00,-22932.0
2023-05-18 05:00:00+00:00,-18069.0
2023-05-18 06:00:00+00:00,-8485.0
2023-05-18 07:00:00+00:00,-2386.0
2023-05-18 08:00:00+00:00,446.0
2023-05-18 09:00:00+00:00,404.0
2023-05-18 10:00:00+00:00,3160.0
2023-05-18 11:00:00+00:00,7058.0
2023-05-18 12:00:00+00:00,5353.0
2023-05-18 13:00:00+00:00,2602.0
2023-05-18 14:00:00+00:00,-7719.0
2023-05-18 15:00:00+00:00,-16221.0
2023-05-18 16:00:00+00:00,-22958.0
2023-05-18 17:00:00+00:00,-23258.0
2023-05-18 18:00:00+00:00,-25862.0
2023-05-18 19:00:00+00:00,-19400.0
2023-05-18 20:00:00+00:00,-16123.0
2023-05-18 21:00:00+00:00,-17747.0
2023-05-18 22:00:00+00:00,-14508.0
2023-05-18 23:00:00+00:00,-13873.0
2023-05-19 00:00:00+00:00,-13919.0
2023-05-19 01:00:00+00:00,-17000.0
2023-05-19 02:00:00+00:00,-19829.0
2023-05-19 03:00:00+00:00,-23870.0
2023-05-19 04:00:00+00:00,-28625.0
2023-05-19 05:00:00+00:00,-27633.0
2023-05-19 06:00:00+00:00,-20690.0
2023-05-19 07:00:00+00:00,-15594.0
2023-05-19 08:00:00+00:00,-9781.0
2023-05-19 09:00:00+00:00,-6137.0
2023-05-19 10:00:00+00:00,-8166.0
2023-05-19 11:00:00+00:00,-8803.0
2023-05-19 12:00:00+00:00,-8151.0
2023-05-19 13:00:00+00:00,-10704.0
2023-05-19 14:00:00+00:00,-16332.0
2023-05-19 15:00:00+00:00,-17928.0
2023-05-19 16:00:00+00:00,-21264.0
2023-05-19 17:00:00+00:00,-23543.0
2023-05-19 18:00:00+00:00,-21938.0
2023-05-19 19:00:00+00:00,-17569.0
2023-05-19 20:00:00+00:00,-8893.0
2023-05-19 21:00:00+00:00,-6771.0
2023-05-19 22:00:00+00:00,-7554.0
2023-05-19 23:00:00+00:00,-8015.0
2023-05-20 00:00:00+00:00,-6701.0
2023-05-20 01:00:00+00:00,-7723.0
2023-05-20 02:00:00+00:00,-7727.0
2023-05-20 03:00:00+00:00,-6215.0
2023-05-20 04:00:00+00:00,-7086.0
2023-05-20 05:00:00+00:00,-7909.0
2023-05-20 06:00:00+00:00,-4898.0
2023-05-20 07:00:00+00:00,1853.0
2023-05-20 08:00:00+00:00,11549.0
2023-05-20 09:00:00+00:00,9739.0
2023-05-20 10:00:00+00:00,9074.0
2023-05-20 11:00:00+00:00,10634.0
2023-05-20 12:00:00+00:00,14372.0
2023-05-20 13:00:00+00:00,11976.0
2023-05-20 14:00:00+00:00,9994.0
2023-05-20 15:00:00+00:00,7213.0
2023-05-20 16:00:00+00:00,-1285.0
2023-05-20 17:00:00+00:00,-8262.0
2023-05-20 18:00:00+00:00,-9048.0
2023-05-20 19:00:00+00:00,-4437.0
2023-05-20 20:00:00+00:00,-3414.0
2023-05-20 21:00:00+00:00,1322.0
2023-05-20 22:00:00+00:00,3782.0
2023-05-20 23:00:00+00:00,8545.0
2023-05-21 00:00:00+00:00,7065.0
2023-05-21 01:00:00+00:00,7173.0
2023-05-21 02:00:00+00:00,4519.0
2023-05-21 03:00:00+00:00,2387.0
2023-05-21 04:00:00+00:00,2062.0
2023-05-21 05:00:00+00:00,1638.0
2023-05-21 06:00:00+00:00,-390.0
2023-05-21 07:00:00+00:00,4825.0
2023-05-21 08:00:00+00:00,5330.0
2023-05-21 09:00:00+00:00,8721.0
2023-05-21 10:00:00+00:00,10458.0
2023-05-21 11:00:00+00:00,15283.0
2023-05-21 12:00:00+00:00,11367.0
2023-05-21 13:00:00+00:00,11062.0
2023-05-21 14:00:00+00:00,12357.0
2023-05-21 15:00:00+00:00,7681.0
2023-05-21 16:00:00+00:00,-5164.0
2023-05-21 17:00:00+00:00,-11688.0
2023-05-21 18:00:00+00:00,-13183.0
2023-05-21 19:00:00+00:00,-10767.0
2023-05-21 20:00:00+00:00,-3462.0
2023-05-21 21:00:00+00:00,-2752.0
2023-05-21 22:00:00+00:00,-612.0
2023-05-21 23:00:00+00:00,-5564.0
2023-05-22 00:00:00+00:00,-8564.0
2023-05-22 01:00:00+00:00,-10751.0
2023-05-22 02:00:00+00:00,-13988.0
2023-05-22 03:00:00+00:00,-17309.0
2023-05-22 04:00:00+00:00,-24487.0
2023-05-22 05:00:00+00:00,-24609.0
2023-05-22 06:00:00+00:00,-20565.0
2023-05-22 07:00:00+00:00,-12855.0
2023-05-22 08:00:00+00:00,-6983.0
2023-05-22 09:00:00+00:00,3223.0
2023-05-22 10:00:00+00:00,4748.0
2023-05-22 11:00:00+00:00,6231.0
2023-05-22 12:00:00+00:00,-4525.0
2023-05-22 13:00:00+00:00,-8777.0
2023-05-22 14:00:00+00:00,-19062.0
2023-05-22 15:00:00+00:00,-25853.0
2023-05-22 16:00:00+00:00,-30895.0
2023-05-22 17:00:00+00:00,-32549.0
2023-05-22 18:00:00+00:00,-30659.0
2023-05-22 19:00:00+00:00,-29017.0
2023-05-22 20:00:00+00:00,-25248.0
2023-05-22 21:00:00+00:00,-21697.0
2023-05-22 22:00:00+00:00,-20526.0
2023-05-22 23:00:00+00:00,-19420.0
2023-05-23 00:00:00+00:00,-17569.0
2023-05-23 01:00:00+00:00,-15236.0
2023-05-23 02:00:00+00:00,-16033.0
2023-05-23 03:00:00+00:00,-19189.0
2023-05-23 04:00:00+00:00,-23615.0
2023-05-23 05:00:00+00:00,-24236.0
2023-05-23 06:00:00+00:00,-19062.0
2023-05-23 07:00:00+00:00,-13863.0
2023-05-23 08:00:00+00:00,-9016.0
2023-05-23 09:00:00+00:00,-5027.0
2023-05-23 10:00:00+00:00,-5625.0
2023-05-23 11:00:00+00:00,2088.0
2023-05-23 12:00:00+00:00,2241.0
2023-05-23 13:00:00+00:00,2967.0
2023-05-23 14:00:00+00:00,768.0
2023-05-23 15:00:00+00:00,-4470.0
2023-05-23 16:00:00+00:00,-11793.0
2023-05-23 17:00:00+00:00,-14268.0
2023-05-23 18:00:00+00:00,-11364.0
2023-05-23 19:00:00+00:00,-9581.0
2023-05-23 20:00:00+00:00,-6503.0
2023-05-23 21:00:00+00:00,-4637.0
2023-05-23 22:00:00+00:00,294.0
2023-05-23 23:00:00+00:00,-3444.0
2023-05-24 00:00:00+00:00,-4221.0
2023-05-24 01:00:00+00:00,-6088.0
2023-05-24 02:00:00+00:00,-11312.0
2023-05-24 03:00:00+00:00,-19625.0
2023-05-24 04:00:00+00:00,-28105.0
2023-05-24 05:00:00+00:00,-29350.0
2023-05-24 06:00:00+00:00,-33809.0
2023-05-24 07:00:00+00:00,-29671.0
2023-05-24 08:00:00+00:00,-29730.0
2023-05-24 09:00:00+00:00,-34611.0
2023-05-24 10:00:00+00:00,-34454.0
2023-05-24 11:00:00+00:00,-32287.0
2023-05-24 12:00:00+00:00,-29490.0
2023-05-24 13:00:00+00:00,-22880.0
2023-05-24 14:00:00+00:00,-23304.0
2023-05-24 15:00:00+00:00,-26792.0
2023-05-24 16:00:00+00:00,-37631.0
2023-05-24 17:00:00+00:00,-39496.0
2023-05-24 18:00:00+00:00,-38612.0
2023-05-24 19:00:00+00:00,-34899.0
2023-05-24 20:00:00+00:00,-32439.0
2023-05-24 21:00:00+00:00,-31297.0
2023-05-24 22:00:00+00:00,-31268.0
2023-05-24 23:00:00+00:00,-28256.0
2023-05-25 00:00:00+00:00,-24936.0
2023-05-25 01:00:00+00:00,-25006.0
2023-05-25 02:00:00+00:00,-24754.0
2023-05-25 03:00:00+00:00,-29360.0
2023-05-25 04:00:00+00:00,-36150.0
2023-05-25 05:00:00+00:00,-35952.0
2023-05-25 06:00:00+00:00,-26761.0
2023-05-25 07:00:00+00:00,-13110.0
2023-05-25 08:00:00+00:00,-6107.0
2023-05-25 09:00:00+00:00,-6916.0
2023-05-25 10:00:00+00:00,-3289.0
2023-05-25 11:00:00+00:00,-353.0
2023-05-25 12:00:00+00:00,1428.0
2023-05-25 13:00:00+00:00,-1022.0
2023-05-25 14:00:00+00:00,-6834.0
2023-05-25 15:00:00+00:00,-15836.0
2023-05-25 16:00:00+00:00,-27646.0
2023-05-25 17:00:00+00:00,-33990.0
2023-05-25 18:00:00+00:00,-34772.0
2023-05-25 19:00:00+00:00,-29296.0
2023-05-25 20:00:00+00:00,-24896.0
2023-05-25 21:00:00+00:00,-22142.0
2023-05-25 22:00:00+00:00,-23270.0
2023-05-25 23:00:00+00:00,-22957.0
2023-05-26 00:00:00+00:00,-22496.0
2023-05-26 01:00:00+00:00,-23248.0
2023-05-26 02:00:00+00:00,-25503.0
2023-05-26 03:00:00+00:00,-31437.0
2023-05-26 04:00:00+00:00,-38963.0
2023-05-26 05:00:00+00:00,-38982.0
2023-05-26 06:00:00+00:00,-29920.0
2023-05-26 07:00:00+00:00,-17123.0
2023-05-26 08:00:00+00:00,-6179.0
2023-05-26 09:00:00+00:00,-3497.0
2023-05-26 10:00:00+00:00,-172.0
2023-05-26 11:00:00+00:00,12.0
2023-05-26 12:00:00+00:00,531.0
2023-05-26 13:00:00+00:00,-3133.0
2023-05-26 14:00:00+00:00,-9202.0
2023-05-26 15:00:00+00:00,-19918.0
2023-05-26 16:00:00+00:00,-28360.0
2023-05-26 17:00:00+00:00,-33528.0
2023-05-26 18:00:00+00:00,-39028.0
2023-05-26 19:00:00+00:00,-33833.0
2023-05-26 20:00:00+00:00,-30021.0
2023-05-26 21:00:00+00:00,-24762.0
2023-05-26 22:00:00+00:00,-25323.0
2023-05-26 23:00:00+00:00,-26808.0
2023-05-27 00:00:00+00:00,-24929.0
2023-05-27 01:00:00+00:00,-24520.0
2023-05-27 02:00:00+00:00,-23987.0
2023-05-27 03:00:00+00:00,-24322.0
2023-05-27 04:00:00+00:00,-25627.0
2023-05-27 05:00:00+00:00,-23916.0
2023-05-27 06:00:00+00:00,-15560.0
2023-05-27 07:00:00+00:00,-4896.0
2023-05-27 08:00:00+00:00,3653.0
2023-05-27 09:00:00+00:00,6170.0
2023-05-27 10:00:00+00:00,10016.0
2023-05-27 11:00:00+00:00,11006.0
2023-05-27 12:00:00+00:00,10667.0
2023-05-27 13:00:00+00:00,9155.0
2023-05-27 14:00:00+00:00,-1310.0
2023-05-27 15:00:00+00:00,-13146.0
2023-05-27 16:00:00+00:00,-28707.0
2023-05-27 17:00:00+00:00,-38035.0
2023-05-27 18:00:00+00:00,-35103.0
2023-05-27 19:00:00+00:00,-32607.0
2023-05-27 20:00:00+00:00,-27218.0
2023-05-27 21:00:00+00:00,-22654.0
2023-05-27 22:00:00+00:00,-21655.0
2023-05-27 23:00:00+00:00,-22234.0
2023-05-28 00:00:00+00:00,-21961.0
2023-05-28 01:00:00+00:00,-23735.0
2023-05-28 02:00:00+00:00,-25807.0
2023-05-28 03:00:00+00:00,-25343.0
2023-05-28 04:00:00+00:00,-22890.0
2023-05-28 05:00:00+00:00,-16676.0
2023-05-28 06:00:00+00:00,-5377.0
2023-05-28 07:00:00+00:00,5681.0
2023-05-28 08:00:00+00:00,7892.0
2023-05-28 09:00:00+00:00,7921.0
2023-05-28 10:00:00+00:00,10064.0
2023-05-28 11:00:00+00:00,9658.0
2023-05-28 12:00:00+00:00,9777.0
2023-05-28 13:00:00+00:00,10700.0
2023-05-28 14:00:00+00:00,8186.0
2023-05-28 15:00:00+00:00,-1130.0
2023-05-28 16:00:00+00:00,-10344.0
2023-05-28 17:00:00+00:00,-18992.0
2023-05-28 18:00:00+00:00,-20022.0
2023-05-28 19:00:00+00:00,-14727.0
2023-05-28 20:00:00+00:00,-11041.0
2023-05-28 21:00:00+00:00,-9234.0
2023-05-28 22:00:00+00:00,-11980.0
2023-05-28 23:00:00+00:00,-7182.0
2023-05-29 00:00:00+00:00,-8391.0
2023-05-29 01:00:00+00:00,-5563.0
2023-05-29 02:00:00+00:00,-7643.0
2023-05-29 03:00:00+00:00,-11344.0
2023-05-29 04:00:00+00:00,-11637.0
2023-05-29 05:00:00+00:00,-7512.0
2023-05-29 06:00:00+00:00,734.0
2023-05-29 07:00:00+00:00,12130.0
2023-05-29 08:00:00+00:00,16478.0
2023-05-29 09:00:00+00:00,17010.0
2023-05-29 10:00:00+00:00,15821.0
2023-05-29 11:00:00+00:00,16729.0
2023-05-29 12:00:00+00:00,13613.0
2023-05-29 13:00:00+00:00,12117.0
2023-05-29 14:00:00+00:00,12347.0
2023-05-29 15:00:00+00:00,5418.0
2023-05-29 16:00:00+00:00,-4754.0
2023-05-29 17:00:00+00:00,-15663.0
2023-05-29 18:00:00+00:00,-19562.0
2023-05-29 19:00:00+00:00,-16277.0
2023-05-29 20:00:00+00:00,-16998.0
2023-05-29 21:00:00+00:00,-13150.0
2023-05-29 22:00:00+00:00,-11688.0
2023-05-29 23:00:00+00:00,-13667.0
2023-05-30 00:00:00+00:00,-18149.0
2023-05-30 01:00:00+00:00,-18156.0
2023-05-30 02:00:00+00:00,-19201.0
2023-05-30 03:00:00+00:00,-27434.0
2023-05-30 04:00:00+00:00,-36760.0
2023-05-30 05:00:00+00:00,-34442.0
2023-05-30 06:00:00+00:00,-29880.0
2023-05-30 07:00:00+00:00,-19396.0
2023-05-30 08:00:00+00:00,-13719.0
2023-05-30 09:00:00+00:00,-6106.0
2023-05-30 10:00:00+00:00,-9035.0
2023-05-30 11:00:00+00:00,-3536.0
2023-05-30 12:00:00+00:00,-5180.0
2023-05-30 13:00:00+00:00,-9641.0
2023-05-30 14:00:00+00:00,-15355.0
2023-05-30 15:00:00+00:00,-25126.0
2023-05-30 16:00:00+00:00,-30807.0
2023-05-30 17:00:00+00:00,-39853.0
2023-05-30 18:00:00+00:00,-39867.0
2023-05-30 19:00:00+00:00,-32324.0
2023-05-30 20:00:00+00:00,-29256.0
2023-05-30 21:00:00+00:00,-25160.0
2023-05-30 22:00:00+00:00,-26340.0
2023-05-30 23:00:00+00:00,-26172.0
2023-05-31 00:00:00+00:00,-27037.0
2023-05-31 01:00:00+00:00,-28399.0
2023-05-31 02:00:00+00:00,-31318.0
2023-05-31 03:00:00+00:00,-37941.0
2023-05-31 04:00:00+00:00,-43632.0
2023-05-31 05:00:00+00:00,-42493.0
2023-05-31 06:00:00+00:00,-34507.0
2023-05-31 07:00:00+00:00,-21342.0
2023-05-31 08:00:00+00:00,-10299.0
2023-05-31 09:00:00+00:00,-3950.0
2023-05-31 10:00:00+00:00,3015.0
2023-05-31 11:00:00+00:00,7079.0
2023-05-31 12:00:00+00:00,6410.0
2023-05-31 13:00:00+00:00,1907.0
2023-05-31 14:00:00+00:00,-5585.0
2023-05-31 15:00:00+00:00,-19471.0
2023-05-31 16:00:00+00:00,-28642.0
2023-05-31 17:00:00+00:00,-39287.0
2023-05-31 18:00:00+00:00,-40998.0
2023-05-31 19:00:00+00:00,-31436.0
2023-05-31 20:00:00+00:00,-24327.0
2023-05-31 21:00:00+00:00,-21811.0
2023-05-31 22:00:00+00:00,-25304.0
2023-05-31 23:00:00+00:00,-21648.0
2023-06-01 00:00:00+00:00,-21370.0
2023-06-01 01:00:00+00:00,-24359.0
2023-06-01 02:00:00+00:00,-24654.0
2023-06-01 03:00:00+00:00,-27916.0
2023-06-01 04:00:00+00:00,-36520.0
2023-06-01 05:00:00+00:00,-32035.0
2023-06-01 06:00:00+00:00,-21409.0
2023-06-01 07:00:00+00:00,-7250.0
2023-06-01 08:00:00+00:00,837.0
2023-06-01 09:00:00+00:00,3578.0
2023-06-01 10:00:00+00:00,5496.0
2023-06-01 11:00:00+00:00,6819.0
2023-06-01 12:00:00+00:00,5788.0
2023-06-01 13:00:00+00:00,586.0
2023-06-01 14:00:00+00:00,-3258.0
2023-06-01 15:00:00+00:00,-14637.0
2023-06-01 16:00:00+00:00,-23112.0
2023-06-01 17:00:00+00:00,-29767.0
2023-06-01 18:00:00+00:00,-33329.0
2023-06-01 19:00:00+00:00,-30221.0
2023-06-01 20:00:00+00:00,-29389.0
2023-06-01 21:00:00+00:00,-30213.0
2023-06-01 22:00:00+00:00,-28787.0
2023-06-01 23:00:00+00:00,-32301.0
2023-06-02 00:00:00+00:00,-32142.0
2023-06-02 01:00:00+00:00,-34041.0
2023-06-02 02:00:00+00:00,-37875.0
2023-06-02 03:00:00+00:00,-45671.0
2023-06-02 04:00:00+00:00,-43596.0
2023-06-02 05:00:00+00:00,-41893.0
2023-06-02 06:00:00+00:00,-39118.0
2023-06-02 07:00:00+00:00,-28905.0
2023-06-02 08:00:00+00:00,-20750.0
2023-06-02 09:00:00+00:00,-14366.0
2023-06-02 10:00:00+00:00,-10743.0
2023-06-02 11:00:00+00:00,-11193.0
2023-06-02 12:00:00+00:00,-11344.0
2023-06-02 13:00:00+00:00,-14120.0
2023-06-02 14:00:00+00:00,-17783.0
2023-06-02 15:00:00+00:00,-26916.0
2023-06-02 16:00:00+00:00,-37586.0
2023-06-02 17:00:00+00:00,-41610.0
2023-06-02 18:00:00+00:00,-42241.0
2023-06-02 19:00:00+00:00,-34769.0
2023-06-02 20:00:00+00:00,-29124.0
2023-06-02 21:00:00+00:00,-26348.0
2023-06-02 22:00:00+00:00,-21945.0
2023-06-02 23:00:00+00:00,-19135.0
2023-06-03 00:00:00+00:00,-18855.0
2023-06-03 01:00:00+00:00,-22894.0
2023-06-03 02:00:00+00:00,-26881.0
2023-06-03 03:00:00+00:00,-26858.0
2023-06-03 04:00:00+00:00,-25463.0
2023-06-03 05:00:00+00:00,-22650.0
2023-06-03 06:00:00+00:00,-11615.0
2023-06-03 07:00:00+00:00,-2813.0
2023-06-03 08:00:00+00:00,7109.0
2023-06-03 09:00:00+00:00,9809.0
2023-06-03 10:00:00+00:00,14012.0
2023-06-03 11:00:00+00:00,14521.0
2023-06-03 12:00:00+00:00,9157.0
2023-06-03 13:00:00+00:00,3598.0
2023-06-03 14:00:00+00:00,-3143.0
2023-06-03 15:00:00+00:00,-14893.0
2023-06-03 16:00:00+00:00,-32506.0
2023-06-03 17:00:00+00:00,-43209.0
2023-06-03 18:00:00+00:00,-40679.0
2023-06-03 19:00:00+00:00,-34734.0
2023-06-03 20:00:00+00:00,-30013.0
2023-06-03 21:00:00+00:00,-25569.0
2023-06-03 22:00:00+00:00,-25417.0
2023-06-03 23:00:00+00:00,-23894.0
2023-06-04 00:00:00+00:00,-25190.0
2023-06-04 01:00:00+00:00,-27584.0
2023-06-04 02:00:00+00:00,-28920.0
2023-06-04 03:00:00+00:00,-29075.0
2023-06-04 04:00:00+00:00,-25354.0
2023-06-04 05:00:00+00:00,-22309.0
2023-06-04 06:00:00+00:00,-11087.0
2023-06-04 07:00:00+00:00,2494.0
2023-06-04 08:00:00+00:00,11237.0
2023-06-04 09:00:00+00:00,8506.0
2023-06-04 10:00:00+00:00,16594.0
2023-06-04 11:00:00+00:00,12564.0
2023-06-04 12:00:00+00:00,9765.0
2023-06-04 13:00:00+00:00,8969.0
2023-06-04 14:00:00+00:00,-31.0
2023-06-04 15:00:00+00:00,-12838.0
2023-06-04 16:00:00+00:00,-30549.0
2023-06-04 17:00:00+00:00,-37277.0
2023-06-04 18:00:00+00:00,-36599.0
2023-06-04 19:00:00+00:00,-38237.0
2023-06-04 20:00:00+00:00,-35570.0
2023-06-04 21:00:00+00:00,-33758.0
2023-06-04 22:00:00+00:00,-32309.0
2023-06-04 23:00:00+00:00,-32688.0
2023-06-05 00:00:00+00:00,-36028.0
2023-06-05 01:00:00+00:00,-36865.0
2023-06-05 02:00:00+00:00,-39041.0
2023-06-05 03:00:00+00:00,-44242.0
2023-06-05 04:00:00+00:00,-42548.0
2023-06-05 05:00:00+00:00,-39175.0
2023-06-05 06:00:00+00:00,-38188.0
2023-06-05 07:00:00+00:00,-32880.0
2023-06-05 08:00:00+00:00,-24150.0
2023-06-05 09:00:00+00:00,-23170.0
2023-06-05 10:00:00+00:00,-22628.0
2023-06-05 11:00:00+00:00,-26281.0
2023-06-05 12:00:00+00:00,-25850.0
2023-06-05 13:00:00+00:00,-31743.0
2023-06-05 14:00:00+00:00,-38145.0
2023-06-05 15:00:00+00:00,-44925.0
2023-06-05 16:00:00+00:00,-44636.0
2023-06-05 17:00:00+00:00,-44952.0
2023-06-05 18:00:00+00:00,-42883.0
2023-06-05 19:00:00+00:00,-39020.0
2023-06-05 20:00:00+00:00,-37350.0
2023-06-05 21:00:00+00:00,-40584.0
2023-06-05 22:00:00+00:00,-34992.0
2023-06-05 23:00:00+00:00,-39231.0
2023-06-06 00:00:00+00:00,-41589.0
2023-06-06 01:00:00+00:00,-44625.0
2023-06-06 02:00:00+00:00,-44408.0
2023-06-06 03:00:00+00:00,-45892.0
2023-06-06 04:00:00+00:00,-45825.0
2023-06-06 05:00:00+00:00,-46571.0
2023-06-06 06:00:00+00:00,-45289.0
2023-06-06 07:00:00+00:00,-42654.0
2023-06-06 08:00:00+00:00,-37990.0
2023-06-06 09:00:00+00:00,-36090.0
2023-06-06 10:00:00+00:00,-32792.0
2023-06-06 11:00:00+00:00,-29767.0
2023-06-06 12:00:00+00:00,-32111.0
2023-06-06 13:00:00+00:00,-35601.0
2023-06-06 14:00:00+00:00,-33315.0
2023-06-06 15:00:00+00:00,-39254.0
2023-06-06 16:00:00+00:00,-42946.0
2023-06-06 17:00:00+00:00,-41150.0
2023-06-06 18:00:00+00:00,-41802.0
2023-06-06 19:00:00+00:00,-43230.0
2023-06-06 20:00:00+00:00,-40178.0
2023-06-06 21:00:00+00:00,-39645.0
2023-06-06 22:00:00+00:00,-39116.0
2023-06-06 23:00:00+00:00,-40243.0
2023-06-07 00:00:00+00:00,-40186.0
2023-06-07 01:00:00+00:00,-42154.0
2023-06-07 02:00:00+00:00,-41761.0
2023-06-07 03:00:00+00:00,-42032.0
2023-06-07 04:00:00+00:00,-38967.0
2023-06-07 05:00:00+00:00,-36760.0
2023-06-07 06:00:00+00:00,-35815.0
2023-06-07 07:00:00+00:00,-31084.0
2023-06-07 08:00:00+00:00,-27862.0
2023-06-07 09:00:00+00:00,-25117.0
2023-06-07 10:00:00+00:00,-21427.0
2023-06-07 11:00:00+00:00,-22412.0
2023-06-07 12:00:00+00:00,-23316.0
2023-06-07 13:00:00+00:00,-24681.0
2023-06-07 14:00:00+00:00,-30996.0
2023-06-07 15:00:00+00:00,-31112.0
2023-06-07 16:00:00+00:00,-36777.0
2023-06-07 17:00:00+00:00,-36210.0
2023-06-07 18:00:00+00:00,-33815.0
2023-06-07 19:00:00+00:00,-30481.0
2023-06-07 20:00:00+00:00,-31569.0
2023-06-07 21:00:00+00:00,-32362.0
2023-06-07 22:00:00+00:00,-37807.0
2023-06-07 23:00:00+00:00,-36937.0
2023-06-08 00:00:00+00:00,-34191.0
2023-06-08 01:00:00+00:00,-35978.0
2023-06-08 02:00:00+00:00,-36861.0
2023-06-08 03:00:00+00:00,-35532.0
2023-06-08 04:00:00+00:00,-31384.0
2023-06-08 05:00:00+00:00,-26720.0
2023-06-08 06:00:00+00:00,-19422.0
2023-06-08 07:00:00+00:00,-6670.0
2023-06-08 08:00:00+00:00,-2041.0
2023-06-08 09:00:00+00:00,-4938.0
2023-06-08 10:00:00+00:00,-4422.0
2023-06-08 11:00:00+00:00,-5743.0
2023-06-08 12:00:00+00:00,-8943.0
2023-06-08 13:00:00+00:00,-14423.0
2023-06-08 14:00:00+00:00,-19831.0
2023-06-08 15:00:00+00:00,-20901.0
2023-06-08 16:00:00+00:00,-28143.0
2023-06-08 17:00:00+00:00,-34059.0
2023-06-08 18:00:00+00:00,-29808.0
2023-06-08 19:00:00+00:00,-30666.0
2023-06-08 20:00:00+00:00,-28315.0
2023-06-08 21:00:00+00:00,-26303.0
2023-06-08 22:00:00+00:00,-28318.0
2023-06-08 23:00:00+00:00,-26518.0
2023-06-09 00:00:00+00:00,-25642.0
2023-06-09 01:00:00+00:00,-28391.0
2023-06-09 02:00:00+00:00,-32016.0
2023-06-09 03:00:00+00:00,-35732.0
2023-06-09 04:00:00+00:00,-38924.0
2023-06-09 05:00:00+00:00,-35591.0
2023-06-09 06:00:00+00:00,-26690.0
2023-06-09 07:00:00+00:00,-17567.0
2023-06-09 08:00:00+00:00,-1371.0
2023-06-09 09:00:00+00:00,2936.0
2023-06-09 10:00:00+00:00,6092.0
2023-06-09 11:00:00+00:00,4472.0
2023-06-09 12:00:00+00:00,4150.0
2023-06-09 13:00:00+00:00,-46.0
2023-06-09 14:00:00+00:00,-7281.0
2023-06-09 15:00:00+00:00,-14120.0
2023-06-09 16:00:00+00:00,-24422.0
2023-06-09 17:00:00+00:00,-25764.0
2023-06-09 18:00:00+00:00,-23355.0
2023-06-09 19:00:00+00:00,-14343.0
2023-06-09 20:00:00+00:00,-12102.0
2023-06-09 21:00:00+00:00,-5172.0
2023-06-09 22:00:00+00:00,-5894.0
2023-06-09 23:00:00+00:00,-6766.0
2023-06-10 00:00:00+00:00,-8319.0
2023-06-10 01:00:00+00:00,-10780.0
2023-06-10 02:00:00+00:00,-13381.0
2023-06-10 03:00:00+00:00,-13335.0
2023-06-10 04:00:00+00:00,-15923.0
2023-06-10 05:00:00+00:00,-12987.0
2023-06-10 06:00:00+00:00,-7307.0
2023-06-10 07:00:00+00:00,4579.0
2023-06-10 08:00:00+00:00,10620.0
2023-06-10 09:00:00+00:00,9865.0
2023-06-10 10:00:00+00:00,11386.0
2023-06-10 11:00:00+00:00,14808.0
2023-06-10 12:00:00+00:00,14389.0
2023-06-10 13:00:00+00:00,13084.0
2023-06-10 14:00:00+00:00,9779.0
2023-06-10 15:00:00+00:00,3489.0
2023-06-10 16:00:00+00:00,-1124.0
2023-06-10 17:00:00+00:00,-7878.0
2023-06-10 18:00:00+00:00,-9804.0
2023-06-10 19:00:00+00:00,-4112.0
2023-06-10 20:00:00+00:00,4.0
2023-06-10 21:00:00+00:00,3247.0
2023-06-10 22:00:00+00:00,4729.0
2023-06-10 23:00:00+00:00,3353.0
2023-06-11 00:00:00+00:00,4320.0
2023-06-11 01:00:00+00:00,3020.0
2023-06-11 02:00:00+00:00,1474.0
2023-06-11 03:00:00+00:00,1536.0
2023-06-11 04:00:00+00:00,-266.0
2023-06-11 05:00:00+00:00,-809.0
2023-06-11 06:00:00+00:00,4140.0
2023-06-11 07:00:00+00:00,10397.0
2023-06-11 08:00:00+00:00,17797.0
2023-06-11 09:00:00+00:00,20339.0
2023-06-11 10:00:00+00:00,22233.0
2023-06-11 11:00:00+00:00,23623.0
2023-06-11 12:00:00+00:00,22402.0
2023-06-11 13:00:00+00:00,23755.0
2023-06-11 14:00:00+00:00,17504.0
2023-06-11 15:00:00+00:00,8459.0
2023-06-11 16:00:00+00:00,-2180.0
2023-06-11 17:00:00+00:00,-10981.0
2023-06-11 18:00:00+00:00,-9932.0
2023-06-11 19:00:00+00:00,-2258.0
2023-06-11 20:00:00+00:00,-286.0
2023-06-11 21:00:00+00:00,2453.0
2023-06-11 22:00:00+00:00,3823.0
2023-06-11 23:00:00+00:00,1286.0
2023-06-12 00:00:00+00:00,60.0
2023-06-12 01:00:00+00:00,-6282.0
2023-06-12 02:00:00+00:00,-10844.0
2023-06-12 03:00:00+00:00,-20167.0
2023-06-12 04:00:00+00:00,-29265.0
2023-06-12 05:00:00+00:00,-29636.0
2023-06-12 06:00:00+00:00,-25726.0
2023-06-12 07:00:00+00:00,-14350.0
2023-06-12 08:00:00+00:00,350.0
2023-06-12 09:00:00+00:00,4140.0
2023-06-12 10:00:00+00:00,7726.0
2023-06-12 11:00:00+00:00,11046.0
2023-06-12 12:00:00+00:00,10666.0
2023-06-12 13:00:00+00:00,5102.0
2023-06-12 14:00:00+00:00,1465.0
2023-06-12 15:00:00+00:00,-4728.0
2023-06-12 16:00:00+00:00,-14947.0
2023-06-12 17:00:00+00:00,-21883.0
2023-06-12 18:00:00+00:00,-20884.0
2023-06-12 19:00:00+00:00,-12947.0
2023-06-12 20:00:00+00:00,-11548.0
2023-06-12 21:00:00+00:00,-4740.0
2023-06-12 22:00:00+00:00,-7288.0
2023-06-12 23:00:00+00:00,-5996.0
2023-06-13 00:00:00+00:00,-10389.0
2023-06-13 01:00:00+00:00,-18251.0
2023-06-13 02:00:00+00:00,-22236.0
2023-06-13 03:00:00+00:00,-26979.0
2023-06-13 04:00:00+00:00,-32281.0
2023-06-13 05:00:00+00:00,-27987.0
2023-06-13 06:00:00+00:00,-16439.0
2023-06-13 07:00:00+00:00,-7740.0
2023-06-13 08:00:00+00:00,3254.0
2023-06-13 09:00:00+00:00,10411.0
2023-06-13 10:00:00+00:00,11315.0
2023-06-13 11:00:00+00:00,16135.0
2023-06-13 12:00:00+00:00,15922.0
2023-06-13 13:00:00+00:00,11592.0
2023-06-13 14:00:00+00:00,8366.0
2023-06-13 15:00:00+00:00,2527.0
2023-06-13 16:00:00+00:00,-6733.0
2023-06-13 17:00:00+00:00,-17213.0
2023-06-13 18:00:00+00:00,-22540.0
2023-06-13 19:00:00+00:00,-20320.0
2023-06-13 20:00:00+00:00,-17836.0
2023-06-13 21:00:00+00:00,-13671.0
2023-06-13 22:00:00+00:00,-13481.0
2023-06-13 23:00:00+00:00,-14930.0
2023-06-14 00:00:00+00:00,-16681.0
2023-06-14 01:00:00+00:00,-20189.0
2023-06-14 02:00:00+00:00,-25006.0
2023-06-14 03:00:00+00:00,-26973.0
2023-06-14 04:00:00+00:00,-30919.0
2023-06-14 05:00:00+00:00,-30020.0
2023-06-14 06:00:00+00:00,-27108.0
2023-06-14 07:00:00+00:00,-7951.0
2023-06-14 08:00:00+00:00,1693.0
2023-06-14 09:00:00+00:00,1165.0
2023-06-14 10:00:00+00:00,3153.0
2023-06-14 11:00:00+00:00,-2485.0
2023-06-14 12:00:00+00:00,-8281.0
2023-06-14 13:00:00+00:00,-10129.0
2023-06-14 14:00:00+00:00,-12595.0
2023-06-14 15:00:00+00:00,-21321.0
2023-06-14 16:00:00+00:00,-27279.0
2023-06-14 17:00:00+00:00,-30765.0
2023-06-14 18:00:00+00:00,-32149.0
2023-06-14 19:00:00+00:00,-29770.0
2023-06-14 20:00:00+00:00,-30851.0
2023-06-14 21:00:00+00:00,-26866.0
2023-06-14 22:00:00+00:00,-26256.0
2023-06-14 23:00:00+00:00,-28885.0
2023-06-15 00:00:00+00:00,-28749.0
2023-06-15 01:00:00+00:00,-30990.0
2023-06-15 02:00:00+00:00,-31663.0
2023-06-15 03:00:00+00:00,-34729.0
2023-06-15 04:00:00+00:00,-36327.0
2023-06-15 05:00:00+00:00,-32204.0
2023-06-15 06:00:00+00:00,-26673.0
2023-06-15 07:00:00+00:00,-12117.0
2023-06-15 08:00:00+00:00,-7109.0
2023-06-15 09:00:00+00:00,-6517.0
2023-06-15 10:00:00+00:00,-7682.0
2023-06-15 11:00:00+00:00,-9707.0
2023-06-15 12:00:00+00:00,-7846.0
2023-06-15 13:00:00+00:00,-8735.0
2023-06-15 14:00:00+00:00,-13723.0
2023-06-15 15:00:00+00:00,-22095.0
2023-06-15 16:00:00+00:00,-31162.0
2023-06-15 17:00:00+00:00,-35684.0
2023-06-15 18:00:00+00:00,-35316.0
2023-06-15 19:00:00+00:00,-32028.0
2023-06-15 20:00:00+00:00,-27916.0
2023-06-15 21:00:00+00:00,-24882.0
2023-06-15 22:00:00+00:00,-21134.0
2023-06-15 23:00:00+00:00,-22607.0
2023-06-16 00:00:00+00:00,-23578.0
2023-06-16 01:00:00+00:00,-24057.0
2023-06-16 02:00:00+00:00,-25554.0
2023-06-16 03:00:00+00:00,-27273.0
2023-06-16 04:00:00+00:00,-32373.0
2023-06-16 05:00:00+00:00,-28264.0
2023-06-16 06:00:00+00:00,-23361.0
2023-06-16 07:00:00+00:00,-11010.0
2023-06-16 08:00:00+00:00,-6528.0
2023-06-16 09:00:00+00:00,-8841.0
2023-06-16 10:00:00+00:00,-9490.0
2023-06-16 11:00:00+00:00,-7520.0
2023-06-16 12:00:00+00:00,-1332.0
2023-06-16 13:00:00+00:00,-5264.0
2023-06-16 14:00:00+00:00,-8594.0
2023-06-16 15:00:00+00:00,-11502.0
2023-06-16 16:00:00+00:00,-22182.0
2023-06-16 17:00:00+00:00,-25952.0
2023-06-16 18:00:00+00:00,-25270.0
2023-06-16 19:00:00+00:00,-22240.0
2023-06-16 20:00:00+00:00,-23234.0
2023-06-16 21:00:00+00:00,-22502.0
2023-06-16 22:00:00+00:00,-24936.0
2023-06-16 23:00:00+00:00,-26563.0
2023-06-17 00:00:00+00:00,-29202.0
2023-06-17 01:00:00+00:00,-30919.0
2023-06-17 02:00:00+00:00,-31736.0
2023-06-17 03:00:00+00:00,-31195.0
2023-06-17 04:00:00+00:00,-33279.0
2023-06-17 05:00:00+00:00,-31552.0
2023-06-17 06:00:00+00:00,-21777.0
2023-06-17 07:00:00+00:00,-12062.0
2023-06-17 08:00:00+00:00,-9129.0
2023-06-17 09:00:00+00:00,-8196.0
2023-06-17 10:00:00+00:00,-2711.0
2023-06-17 11:00:00+00:00,202.0
2023-06-17 12:00:00+00:00,5253.0
2023-06-17 13:00:00+00:00,696.0
2023-06-17 14:00:00+00:00,-3145.0
2023-06-17 15:00:00+00:00,-8261.0
2023-06-17 16:00:00+00:00,-19770.0
2023-06-17 17:00:00+00:00,-28586.0
2023-06-17 18:00:00+00:00,-34873.0
2023-06-17 19:00:00+00:00,-38320.0
2023-06-17 20:00:00+00:00,-37701.0
2023-06-17 21:00:00+00:00,-33383.0
2023-06-17 22:00:00+00:00,-35236.0
2023-06-17 23:00:00+00:00,-36083.0
2023-06-18 00:00:00+00:00,-34499.0
2023-06-18 01:00:00+00:00,-31225.0
2023-06-18 02:00:00+00:00,-29554.0
2023-06-18 03:00:00+00:00,-27568.0
2023-06-18 04:00:00+00:00,-23291.0
2023-06-18 05:00:00+00:00,-16832.0
2023-06-18 06:00:00+00:00,-9128.0
2023-06-18 07:00:00+00:00,2055.0
2023-06-18 08:00:00+00:00,13169.0
2023-06-18 09:00:00+00:00,13474.0
2023-06-18 10:00:00+00:00,15612.0
2023-06-18 11:00:00+00:00,18177.0
2023-06-18 12:00:00+00:00,13814.0
2023-06-18 13:00:00+00:00,10530.0
2023-06-18 14:00:00+00:00,2400.0
2023-06-18 15:00:00+00:00,-8776.0
2023-06-18 16:00:00+00:00,-15714.0
2023-06-18 17:00:00+00:00,-28967.0
2023-06-18 18:00:00+00:00,-28347.0
2023-06-18 19:00:00+00:00,-27768.0
2023-06-18 20:00:00+00:00,-24568.0
2023-06-18 21:00:00+00:00,-18337.0
2023-06-18 22:00:00+00:00,-16267.0
2023-06-18 23:00:00+00:00,-17352.0
2023-06-19 00:00:00+00:00,-11097.0
2023-06-19 01:00:00+00:00,-14802.0
2023-06-19 02:00:00+00:00,-13172.0
2023-06-19 03:00:00+00:00,-18519.0
2023-06-19 04:00:00+00:00,-24884.0
2023-06-19 05:00:00+00:00,-20499.0
2023-06-19 06:00:00+00:00,-18136.0
2023-06-19 07:00:00+00:00,-13758.0
2023-06-19 08:00:00+00:00,-11473.0
2023-06-19 09:00:00+00:00,-11817.0
2023-06-19 10:00:00+00:00,-6049.0
2023-06-19 11:00:00+00:00,-4955.0
2023-06-19 12:00:00+00:00,-2850.0
2023-06-19 13:00:00+00:00,-3644.0
2023-06-19 14:00:00+00:00,-3571.0
2023-06-19 15:00:00+00:00,-8269.0
2023-06-19 16:00:00+00:00,-18249.0
2023-06-19 17:00:00+00:00,-23762.0
2023-06-19 18:00:00+00:00,-26521.0
2023-06-19 19:00:00+00:00,-23016.0
2023-06-19 20:00:00+00:00,-22170.0
2023-06-19 21:00:00+00:00,-22699.0
2023-06-19 22:00:00+00:00,-24992.0
2023-06-19 23:00:00+00:00,-23371.0
2023-06-20 00:00:00+00:00,-21573.0
2023-06-20 01:00:00+00:00,-24442.0
2023-06-20 02:00:00+00:00,-25142.0
2023-06-20 03:00:00+00:00,-24887.0
2023-06-20 04:00:00+00:00,-31133.0
2023-06-20 05:00:00+00:00,-29823.0
2023-06-20 06:00:00+00:00,-27395.0
2023-06-20 07:00:00+00:00,-20786.0
2023-06-20 08:00:00+00:00,-8421.0
2023-06-20 09:00:00+00:00,-2326.0
2023-06-20 10:00:00+00:00,-439.0
2023-06-20 11:00:00+00:00,820.0
2023-06-20 12:00:00+00:00,4355.0
2023-06-20 13:00:00+00:00,6082.0
2023-06-20 14:00:00+00:00,4451.0
2023-06-20 15:00:00+00:00,-2660.0
2023-06-20 16:00:00+00:00,-10525.0
2023-06-20 17:00:00+00:00,-19036.0
2023-06-20 18:00:00+00:00,-19621.0
2023-06-20 19:00:00+00:00,-17362.0
2023-06-20 20:00:00+00:00,-12885.0
2023-06-20 21:00:00+00:00,-14129.0
2023-06-20 22:00:00+00:00,-16963.0
2023-06-20 23:00:00+00:00,-20673.0
2023-06-21 00:00:00+00:00,-21717.0
2023-06-21 01:00:00+00:00,-20516.0
2023-06-21 02:00:00+00:00,-21559.0
2023-06-21 03:00:00+00:00,-23396.0
2023-06-21 04:00:00+00:00,-26954.0
2023-06-21 05:00:00+00:00,-20393.0
2023-06-21 06:00:00+00:00,-12678.0
2023-06-21 07:00:00+00:00,-6688.0
2023-06-21 08:00:00+00:00,493.0
2023-06-21 09:00:00+00:00,387.0
2023-06-21 10:00:00+00:00,-4773.0
2023-06-21 11:00:00+00:00,-4075.0
2023-06-21 12:00:00+00:00,-7798.0
2023-06-21 13:00:00+00:00,-9415.0
2023-06-21 14:00:00+00:00,-11755.0
2023-06-21 15:00:00+00:00,-17572.0
2023-06-21 16:00:00+00:00,-21551.0
2023-06-21 17:00:00+00:00,-31974.0
2023-06-21 18:00:00+00:00,-32464.0
2023-06-21 19:00:00+00:00,-29208.0
2023-06-21 20:00:00+00:00,-24282.0
2023-06-21 21:00:00+00:00,-21146.0
2023-06-21 22:00:00+00:00,-23701.0
2023-06-21 23:00:00+00:00,-20566.0
2023-06-22 00:00:00+00:00,-18682.0
2023-06-22 01:00:00+00:00,-20333.0
2023-06-22 02:00:00+00:00,-18589.0
2023-06-22 03:00:00+00:00,-22641.0
2023-06-22 04:00:00+00:00,-25958.0
2023-06-22 05:00:00+00:00,-25506.0
2023-06-22 06:00:00+00:00,-18435.0
2023-06-22 07:00:00+00:00,-8215.0
2023-06-22 08:00:00+00:00,-2931.0
2023-06-22 09:00:00+00:00,1624.0
2023-06-22 10:00:00+00:00,2877.0
2023-06-22 11:00:00+00:00,5668.0
2023-06-22 12:00:00+00:00,3704.0
2023-06-22 13:00:00+00:00,-986.0
2023-06-22 14:00:00+00:00,-4744.0
2023-06-22 15:00:00+00:00,-8615.0
2023-06-22 16:00:00+00:00,-5847.0
2023-06-22 17:00:00+00:00,-5988.0
2023-06-22 18:00:00+00:00,-7680.0
2023-06-22 19:00:00+00:00,-5485.0
2023-06-22 20:00:00+00:00,595.0
2023-06-22 21:00:00+00:00,4701.0
2023-06-22 22:00:00+00:00,6962.0
2023-06-22 23:00:00+00:00,6014.0
2023-06-23 00:00:00+00:00,5086.0
2023-06-23 01:00:00+00:00,412.0
2023-06-23 02:00:00+00:00,-1628.0
2023-06-23 03:00:00+00:00,-4554.0
2023-06-23 04:00:00+00:00,-15204.0
2023-06-23 05:00:00+00:00,-22167.0
2023-06-23 06:00:00+00:00,-19568.0
2023-06-23 07:00:00+00:00,-23653.0
2023-06-23 08:00:00+00:00,-24644.0
2023-06-23 09:00:00+00:00,-21284.0
2023-06-23 10:00:00+00:00,-19299.0
2023-06-23 11:00:00+00:00,-17094.0
2023-06-23 12:00:00+00:00,-10598.0
2023-06-23 13:00:00+00:00,-11303.0
2023-06-23 14:00:00+00:00,-16277.0
2023-06-23 15:00:00+00:00,-18207.0
2023-06-23 16:00:00+00:00,-18936.0
2023-06-23 17:00:00+00:00,-25523.0
2023-06-23 18:00:00+00:00,-30187.0
2023-06-23 19:00:00+00:00,-31315.0
2023-06-23 20:00:00+00:00,-32771.0
2023-06-23 21:00:00+00:00,-27606.0
2023-06-23 22:00:00+00:00,-28953.0
2023-06-23 23:00:00+00:00,-26977.0
2023-06-24 00:00:00+00:00,-26049.0
2023-06-24 01:00:00+00:00,-29629.0
2023-06-24 02:00:00+00:00,-30025.0
2023-06-24 03:00:00+00:00,-29467.0
2023-06-24 04:00:00+00:00,-30469.0
2023-06-24 05:00:00+00:00,-29862.0
2023-06-24 06:00:00+00:00,-26725.0
2023-06-24 07:00:00+00:00,-13561.0
2023-06-24 08:00:00+00:00,-3074.0
2023-06-24 09:00:00+00:00,5139.0
2023-06-24 10:00:00+00:00,3858.0
2023-06-24 11:00:00+00:00,7777.0
2023-06-24 12:00:00+00:00,8294.0
2023-06-24 13:00:00+00:00,7252.0
2023-06-24 14:00:00+00:00,-932.0
2023-06-24 15:00:00+00:00,-12623.0
2023-06-24 16:00:00+00:00,-22104.0
2023-06-24 17:00:00+00:00,-30240.0
2023-06-24 18:00:00+00:00,-34988.0
2023-06-24 19:00:00+00:00,-35031.0
2023-06-24 20:00:00+00:00,-31592.0
2023-06-24 21:00:00+00:00,-29955.0
2023-06-24 22:00:00+00:00,-31738.0
2023-06-24 23:00:00+00:00,-32933.0
2023-06-25 00:00:00+00:00,-32248.0
2023-06-25 01:00:00+00:00,-32850.0
2023-06-25 02:00:00+00:00,-35431.0
2023-06-25 03:00:00+00:00,-32229.0
2023-06-25 04:00:00+00:00,-29707.0
2023-06-25 05:00:00+00:00,-25571.0
2023-06-25 06:00:00+00:00,-19099.0
2023-06-25 07:00:00+00:00,-6412.0
2023-06-25 08:00:00+00:00,1595.0
2023-06-25 09:00:00+00:00,3204.0
2023-06-25 10:00:00+00:00,7504.0
2023-06-25 11:00:00+00:00,8662.0
2023-06-25 12:00:00+00:00,3572.0
2023-06-25 13:00:00+00:00,-454.0
2023-06-25 14:00:00+00:00,-7756.0
2023-06-25 15:00:00+00:00,-20184.0
2023-06-25 16:00:00+00:00,-24798.0
2023-06-25 17:00:00+00:00,-35559.0
2023-06-25 18:00:00+00:00,-31033.0
2023-06-25 19:00:00+00:00,-27442.0
2023-06-25 20:00:00+00:00,-34366.0
2023-06-25 21:00:00+00:00,-30733.0
2023-06-25 22:00:00+00:00,-23720.0
2023-06-25 23:00:00+00:00,-23264.0
2023-06-26 00:00:00+00:00,-19810.0
2023-06-26 01:00:00+00:00,-19897.0
2023-06-26 02:00:00+00:00,-17990.0
2023-06-26 03:00:00+00:00,-24923.0
2023-06-26 04:00:00+00:00,-30363.0
2023-06-26 05:00:00+00:00,-32887.0
2023-06-26 06:00:00+00:00,-29289.0
2023-06-26 07:00:00+00:00,-13696.0
2023-06-26 08:00:00+00:00,1853.0
2023-06-26 09:00:00+00:00,6345.0
2023-06-26 10:00:00+00:00,15274.0
2023-06-26 11:00:00+00:00,15194.0
2023-06-26 12:00:00+00:00,21767.0
2023-06-26 13:00:00+00:00,19831.0
2023-06-26 14:00:00+00:00,17167.0
2023-06-26 15:00:00+00:00,7967.0
2023-06-26 16:00:00+00:00,577.0
2023-06-26 17:00:00+00:00,-7838.0
2023-06-26 18:00:00+00:00,-14033.0
2023-06-26 19:00:00+00:00,-17125.0
2023-06-26 20:00:00+00:00,-13633.0
2023-06-26 21:00:00+00:00,-9446.0
2023-06-26 22:00:00+00:00,-8244.0
2023-06-26 23:00:00+00:00,-9697.0
2023-06-27 00:00:00+00:00,-10416.0
2023-06-27 01:00:00+00:00,-12962.0
2023-06-27 02:00:00+00:00,-13317.0
2023-06-27 03:00:00+00:00,-18448.0
2023-06-27 04:00:00+00:00,-28460.0
2023-06-27 05:00:00+00:00,-29042.0
2023-06-27 06:00:00+00:00,-21023.0
2023-06-27 07:00:00+00:00,-7035.0
2023-06-27 08:00:00+00:00,975.0
2023-06-27 09:00:00+00:00,5199.0
2023-06-27 10:00:00+00:00,8179.0
2023-06-27 11:00:00+00:00,5824.0
2023-06-27 12:00:00+00:00,5749.0
2023-06-27 13:00:00+00:00,8198.0
2023-06-27 14:00:00+00:00,5972.0
2023-06-27 15:00:00+00:00,4663.0
2023-06-27 16:00:00+00:00,-6408.0
2023-06-27 17:00:00+00:00,-17129.0
2023-06-27 18:00:00+00:00,-21078.0
2023-06-27 19:00:00+00:00,-25266.0
2023-06-27 20:00:00+00:00,-27318.0
2023-06-27 21:00:00+00:00,-26473.0
2023-06-27 22:00:00+00:00,-19026.0
2023-06-27 23:00:00+00:00,-19797.0
2023-06-28 00:00:00+00:00,-20398.0
2023-06-28 01:00:00+00:00,-19467.0
2023-06-28 02:00:00+00:00,-20340.0
2023-06-28 03:00:00+00:00,-24997.0
2023-06-28 04:00:00+00:00,-31546.0
2023-06-28 05:00:00+00:00,-31883.0
2023-06-28 06:00:00+00:00,-24784.0
2023-06-28 07:00:00+00:00,-12292.0
2023-06-28 08:00:00+00:00,-3814.0
2023-06-28 09:00:00+00:00,-3784.0
2023-06-28 10:00:00+00:00,-1359.0
2023-06-28 11:00:00+00:00,775.0
2023-06-28 12:00:00+00:00,3242.0
2023-06-28 13:00:00+00:00,1193.0
2023-06-28 14:00:00+00:00,-1474.0
2023-06-28 15:00:00+00:00,-2776.0
2023-06-28 16:00:00+00:00,-10540.0
2023-06-28 17:00:00+00:00,-24079.0
2023-06-28 18:00:00+00:00,-31539.0
2023-06-28 19:00:00+00:00,-34455.0
2023-06-28 20:00:00+00:00,-33717.0
2023-06-28 21:00:00+00:00,-31151.0
2023-06-28 22:00:00+00:00,-25238.0
2023-06-28 23:00:00+00:00,-23053.0
2023-06-29 00:00:00+00:00,-22973.0
2023-06-29 01:00:00+00:00,-25161.0
2023-06-29 02:00:00+00:00,-26931.0
2023-06-29 03:00:00+00:00,-27467.0
2023-06-29 04:00:00+00:00,-31198.0
2023-06-29 05:00:00+00:00,-26757.0
2023-06-29 06:00:00+00:00,-14997.0
2023-06-29 07:00:00+00:00,-10863.0
2023-06-29 08:00:00+00:00,-8178.0
2023-06-29 09:00:00+00:00,-9318.0
2023-06-29 10:00:00+00:00,-7513.0
2023-06-29 11:00:00+00:00,-10270.0
2023-06-29 12:00:00+00:00,-11312.0
2023-06-29 13:00:00+00:00,-15719.0
2023-06-29 14:00:00+00:00,-15794.0
2023-06-29 15:00:00+00:00,-20664.0
2023-06-29 16:00:00+00:00,-31144.0
2023-06-29 17:00:00+00:00,-33227.0
2023-06-29 18:00:00+00:00,-32403.0
2023-06-29 19:00:00+00:00,-30785.0
2023-06-29 20:00:00+00:00,-29393.0
2023-06-29 21:00:00+00:00,-26279.0
2023-06-29 22:00:00+00:00,-29800.0
2023-06-29 23:00:00+00:00,-30871.0
2023-06-30 00:00:00+00:00,-32391.0
2023-06-30 01:00:00+00:00,-34954.0
2023-06-30 02:00:00+00:00,-36782.0
2023-06-30 03:00:00+00:00,-37249.0
2023-06-30 04:00:00+00:00,-39591.0
2023-06-30 05:00:00+00:00,-41258.0
2023-06-30 06:00:00+00:00,-43535.0
2023-06-30 07:00:00+00:00,-38298.0
2023-06-30 08:00:00+00:00,-35646.0
2023-06-30 09:00:00+00:00,-36802.0
2023-06-30 10:00:00+00:00,-33291.0
2023-06-30 11:00:00+00:00,-30309.0
2023-06-30 12:00:00+00:00,-28592.0
2023-06-30 13:00:00+00:00,-28319.0
2023-06-30 14:00:00+00:00,-31070.0
2023-06-30 15:00:00+00:00,-32859.0
2023-06-30 16:00:00+00:00,-39329.0
2023-06-30 17:00:00+00:00,-44472.0
2023-06-30 18:00:00+00:00,-43876.0
2023-06-30 19:00:00+00:00,-41069.0
2023-06-30 20:00:00+00:00,-38383.0
2023-06-30 21:00:00+00:00,-30850.0
2023-06-30 22:00:00+00:00,-28058.0
2023-06-30 23:00:00+00:00,-28414.0
2023-07-01 00:00:00+00:00,-25023.0
2023-07-01 01:00:00+00:00,-24604.0
2023-07-01 02:00:00+00:00,-22206.0
2023-07-01 03:00:00+00:00,-18973.0
2023-07-01 04:00:00+00:00,-18305.0
2023-07-01 05:00:00+00:00,-15208.0
2023-07-01 06:00:00+00:00,-6330.0
2023-07-01 07:00:00+00:00,1566.0
2023-07-01 08:00:00+00:00,9419.0
2023-07-01 09:00:00+00:00,15004.0
2023-07-01 10:00:00+00:00,19667.0
2023-07-01 11:00:00+00:00,17452.0
2023-07-01 12:00:00+00:00,14577.0
2023-07-01 13:00:00+00:00,11165.0
2023-07-01 14:00:00+00:00,7042.0
2023-07-01 15:00:00+00:00,-2601.0
2023-07-01 16:00:00+00:00,-8409.0
2023-07-01 17:00:00+00:00,-9144.0
2023-07-01 18:00:00+00:00,-3748.0
2023-07-01 19:00:00+00:00,-3733.0
2023-07-01 20:00:00+00:00,-213.0
2023-07-01 21:00:00+00:00,3197.0
2023-07-01 22:00:00+00:00,10058.0
2023-07-01 23:00:00+00:00,9537.0
2023-07-02 00:00:00+00:00,7820.0
2023-07-02 01:00:00+00:00,11218.0
2023-07-02 02:00:00+00:00,10356.0
2023-07-02 03:00:00+00:00,7850.0
2023-07-02 04:00:00+00:00,10979.0
2023-07-02 05:00:00+00:00,9816.0
2023-07-02 06:00:00+00:00,8767.0
2023-07-02 07:00:00+00:00,21645.0
2023-07-02 08:00:00+00:00,22492.0
2023-07-02 09:00:00+00:00,26621.0
2023-07-02 10:00:00+00:00,25317.0
2023-07-02 11:00:00+00:00,18372.0
2023-07-02 12:00:00+00:00,22715.0
2023-07-02 13:00:00+00:00,26154.0
2023-07-02 14:00:00+00:00,26186.0
2023-07-02 15:00:00+00:00,30186.0
2023-07-02 16:00:00+00:00,19659.0
2023-07-02 17:00:00+00:00,11526.0
2023-07-02 18:00:00+00:00,276.0
2023-07-02 19:00:00+00:00,-6348.0
2023-07-02 20:00:00+00:00,-7560.0
2023-07-02 21:00:00+00:00,-3483.0
2023-07-02 22:00:00+00:00,-5637.0
2023-07-02 23:00:00+00:00,-5556.0
2023-07-03 00:00:00+00:00,-3005.0
2023-07-03 01:00:00+00:00,-2743.0
2023-07-03 02:00:00+00:00,-2425.0
2023-07-03 03:00:00+00:00,-4661.0
2023-07-03 04:00:00+00:00,-10453.0
2023-07-03 05:00:00+00:00,-12518.0
2023-07-03 06:00:00+00:00,-816.0
2023-07-03 07:00:00+00:00,13003.0
2023-07-03 08:00:00+00:00,18364.0
2023-07-03 09:00:00+00:00,15809.0
2023-07-03 10:00:00+00:00,19870.0
2023-07-03 11:00:00+00:00,17013.0
2023-07-03 12:00:00+00:00,21165.0
2023-07-03 13:00:00+00:00,20339.0
2023-07-03 14:00:00+00:00,11922.0
2023-07-03 15:00:00+00:00,2438.0
2023-07-03 16:00:00+00:00,-10312.0
2023-07-03 17:00:00+00:00,-24584.0
2023-07-03 18:00:00+00:00,-26520.0
2023-07-03 19:00:00+00:00,-31719.0
2023-07-03 20:00:00+00:00,-27135.0
2023-07-03 21:00:00+00:00,-15308.0
2023-07-03 22:00:00+00:00,-6602.0
2023-07-03 23:00:00+00:00,-825.0
2023-07-04 00:00:00+00:00,798.0
2023-07-04 01:00:00+00:00,833.0
2023-07-04 02:00:00+00:00,-1483.0
2023-07-04 03:00:00+00:00,-6664.0
2023-07-04 04:00:00+00:00,-15240.0
2023-07-04 05:00:00+00:00,-17572.0
2023-07-04 06:00:00+00:00,-6303.0
2023-07-04 07:00:00+00:00,5619.0
2023-07-04 08:00:00+00:00,11763.0
2023-07-04 09:00:00+00:00,19758.0
2023-07-04 10:00:00+00:00,23730.0
2023-07-04 11:00:00+00:00,25519.0
2023-07-04 12:00:00+00:00,25655.0
2023-07-04 13:00:00+00:00,19395.0
2023-07-04 14:00:00+00:00,13995.0
2023-07-04 15:00:00+00:00,3300.0
2023-07-04 16:00:00+00:00,-12322.0
2023-07-04 17:00:00+00:00,-31486.0
2023-07-04 18:00:00+00:00,-38975.0
2023-07-04 19:00:00+00:00,-38931.0
2023-07-04 20:00:00+00:00,-40139.0
2023-07-04 21:00:00+00:00,-36479.0
2023-07-04 22:00:00+00:00,-28602.0
2023-07-04 23:00:00+00:00,-24960.0
2023-07-05 00:00:00+00:00,-18339.0
2023-07-05 01:00:00+00:00,-10258.0
2023-07-05 02:00:00+00:00,-1922.0
2023-07-05 03:00:00+00:00,-274.0
2023-07-05 04:00:00+00:00,-4662.0
2023-07-05 05:00:00+00:00,944.0
2023-07-05 06:00:00+00:00,7950.0
2023-07-05 07:00:00+00:00,21080.0
2023-07-05 08:00:00+00:00,26793.0
2023-07-05 09:00:00+00:00,28376.0
2023-07-05 10:00:00+00:00,32796.0
2023-07-05 11:00:00+00:00,33213.0
2023-07-05 12:00:00+00:00,34014.0
2023-07-05 13:00:00+00:00,33426.0
2023-07-05 14:00:00+00:00,34063.0
2023-07-05 15:00:00+00:00,31115.0
2023-07-05 16:00:00+00:00,20146.0
2023-07-05 17:00:00+00:00,6000.0
2023-07-05 18:00:00+00:00,-2752.0
2023-07-05 19:00:00+00:00,-5833.0
2023-07-05 20:00:00+00:00,-9513.0
2023-07-05 21:00:00+00:00,-3240.0
2023-07-05 22:00:00+00:00,-619.0
2023-07-05 23:00:00+00:00,-188.0
2023-07-06 00:00:00+00:00,-1690.0
2023-07-06 01:00:00+00:00,-5789.0
2023-07-06 02:00:00+00:00,-10363.0
2023-07-06 03:00:00+00:00,-19911.0
2023-07-06 04:00:00+00:00,-31055.0
2023-07-06 05:00:00+00:00,-32780.0
2023-07-06 06:00:00+00:00,-24098.0
2023-07-06 07:00:00+00:00,-8266.0
2023-07-06 08:00:00+00:00,1281.0
2023-07-06 09:00:00+00:00,3546.0
2023-07-06 10:00:00+00:00,6027.0
2023-07-06 11:00:00+00:00,3556.0
2023-07-06 12:00:00+00:00,218.0
2023-07-06 13:00:00+00:00,-4214.0
2023-07-06 14:00:00+00:00,-12526.0
2023-07-06 15:00:00+00:00,-21272.0
2023-07-06 16:00:00+00:00,-34052.0
2023-07-06 17:00:00+00:00,-41167.0
2023-07-06 18:00:00+00:00,-44147.0
2023-07-06 19:00:00+00:00,-42054.0
2023-07-06 20:00:00+00:00,-37778.0
2023-07-06 21:00:00+00:00,-35622.0
2023-07-06 22:00:00+00:00,-37936.0
2023-07-06 23:00:00+00:00,-36993.0
2023-07-07 00:00:00+00:00,-34349.0
2023-07-07 01:00:00+00:00,-34823.0
2023-07-07 02:00:00+00:00,-34712.0
2023-07-07 03:00:00+00:00,-36503.0
2023-07-07 04:00:00+00:00,-40355.0
2023-07-07 05:00:00+00:00,-40131.0
2023-07-07 06:00:00+00:00,-31512.0
2023-07-07 07:00:00+00:00,-17341.0
2023-07-07 08:00:00+00:00,-9014.0
2023-07-07 09:00:00+00:00,-10138.0
2023-07-07 10:00:00+00:00,-5035.0
2023-07-07 11:00:00+00:00,-4396.0
2023-07-07 12:00:00+00:00,-4835.0
2023-07-07 13:00:00+00:00,-7210.0
2023-07-07 14:00:00+00:00,-15093.0
2023-07-07 15:00:00+00:00,-26594.0
2023-07-07 16:00:00+00:00,-31470.0
2023-07-07 17:00:00+00:00,-40538.0
2023-07-07 18:00:00+00:00,-41911.0
2023-07-07 19:00:00+00:00,-35927.0
2023-07-07 20:00:00+00:00,-26932.0
2023-07-07 21:00:00+00:00,-22133.0
2023-07-07 22:00:00+00:00,-22141.0
2023-07-07 23:00:00+00:00,-23120.0
2023-07-08 00:00:00+00:00,-24340.0
2023-07-08 01:00:00+00:00,-24135.0
2023-07-08 02:00:00+00:00,-23880.0
2023-07-08 03:00:00+00:00,-23013.0
2023-07-08 04:00:00+00:00,-20793.0
2023-07-08 05:00:00+00:00,-18356.0
2023-07-08 06:00:00+00:00,-13160.0
2023-07-08 07:00:00+00:00,-5307.0
2023-07-08 08:00:00+00:00,3386.0
2023-07-08 09:00:00+00:00,8547.0
2023-07-08 10:00:00+00:00,13288.0
2023-07-08 11:00:00+00:00,11096.0
2023-07-08 12:00:00+00:00,12370.0
2023-07-08 13:00:00+00:00,11937.0
2023-07-08 14:00:00+00:00,5238.0
2023-07-08 15:00:00+00:00,-4395.0
2023-07-08 16:00:00+00:00,-14941.0
2023-07-08 17:00:00+00:00,-27018.0
2023-07-08 18:00:00+00:00,-28366.0
2023-07-08 19:00:00+00:00,-20955.0
2023-07-08 20:00:00+00:00,-12333.0
2023-07-08 21:00:00+00:00,-6501.0
2023-07-08 22:00:00+00:00,-1955.0
2023-07-08 23:00:00+00:00,-2898.0
2023-07-09 00:00:00+00:00,-5009.0
2023-07-09 01:00:00+00:00,-8548.0
2023-07-09 02:00:00+00:00,-11248.0
2023-07-09 03:00:00+00:00,-12533.0
2023-07-09 04:00:00+00:00,-12300.0
2023-07-09 05:00:00+00:00,-12685.0
2023-07-09 06:00:00+00:00,-5707.0
2023-07-09 07:00:00+00:00,1649.0
2023-07-09 08:00:00+00:00,3830.0
2023-07-09 09:00:00+00:00,8555.0
2023-07-09 10:00:00+00:00,11203.0
2023-07-09 11:00:00+00:00,14990.0
2023-07-09 12:00:00+00:00,17321.0
2023-07-09 13:00:00+00:00,11641.0
2023-07-09 14:00:00+00:00,-114.0
2023-07-09 15:00:00+00:00,-12741.0
2023-07-09 16:00:00+00:00,-24025.0
2023-07-09 17:00:00+00:00,-28980.0
2023-07-09 18:00:00+00:00,-29651.0
2023-07-09 19:00:00+00:00,-26690.0
2023-07-09 20:00:00+00:00,-27128.0
2023-07-09 21:00:00+00:00,-20408.0
2023-07-09 22:00:00+00:00,-24797.0
2023-07-09 23:00:00+00:00,-23759.0
2023-07-10 00:00:00+00:00,-24212.0
2023-07-10 01:00:00+00:00,-26102.0
2023-07-10 02:00:00+00:00,-28692.0
2023-07-10 03:00:00+00:00,-33654.0
2023-07-10 04:00:00+00:00,-41008.0
2023-07-10 05:00:00+00:00,-44831.0
2023-07-10 06:00:00+00:00,-45183.0
2023-07-10 07:00:00+00:00,-42712.0
2023-07-10 08:00:00+00:00,-30672.0
2023-07-10 09:00:00+00:00,-25390.0
2023-07-10 10:00:00+00:00,-12980.0
2023-07-10 11:00:00+00:00,-8812.0
2023-07-10 12:00:00+00:00,-2926.0
2023-07-10 13:00:00+00:00,-2569.0
2023-07-10 14:00:00+00:00,-6388.0
2023-07-10 15:00:00+00:00,-13803.0
2023-07-10 16:00:00+00:00,-27683.0
2023-07-10 17:00:00+00:00,-41543.0
2023-07-10 18:00:00+00:00,-41249.0
2023-07-10 19:00:00+00:00,-38694.0
2023-07-10 20:00:00+00:00,-39968.0
2023-07-10 21:00:00+00:00,-37333.0
2023-07-10 22:00:00+00:00,-35319.0
2023-07-10 23:00:00+00:00,-35511.0
2023-07-11 00:00:00+00:00,-30595.0
2023-07-11 01:00:00+00:00,-31522.0
2023-07-11 02:00:00+00:00,-31303.0
2023-07-11 03:00:00+00:00,-31867.0
2023-07-11 04:00:00+00:00,-39511.0
2023-07-11 05:00:00+00:00,-35341.0
2023-07-11 06:00:00+00:00,-26938.0
2023-07-11 07:00:00+00:00,-16764.0
2023-07-11 08:00:00+00:00,-6876.0
2023-07-11 09:00:00+00:00,-5710.0
2023-07-11 10:00:00+00:00,-2793.0
2023-07-11 11:00:00+00:00,4219.0
2023-07-11 12:00:00+00:00,2850.0
2023-07-11 13:00:00+00:00,-3345.0
2023-07-11 14:00:00+00:00,-11923.0
2023-07-11 15:00:00+00:00,-21798.0
2023-07-11 16:00:00+00:00,-33996.0
2023-07-11 17:00:00+00:00,-47402.0
2023-07-11 18:00:00+00:00,-50423.0
2023-07-11 19:00:00+00:00,-46919.0
2023-07-11 20:00:00+00:00,-37192.0
2023-07-11 21:00:00+00:00,-26444.0
2023-07-11 22:00:00+00:00,-19769.0
2023-07-11 23:00:00+00:00,-17073.0
2023-07-12 00:00:00+00:00,-13484.0
2023-07-12 01:00:00+00:00,-14528.0
2023-07-12 02:00:00+00:00,-15441.0
2023-07-12 03:00:00+00:00,-17866.0
2023-07-12 04:00:00+00:00,-26271.0
2023-07-12 05:00:00+00:00,-28484.0
2023-07-12 06:00:00+00:00,-22161.0
2023-07-12 07:00:00+00:00,-9527.0
2023-07-12 08:00:00+00:00,-2106.0
2023-07-12 09:00:00+00:00,7475.0
2023-07-12 10:00:00+00:00,12355.0
2023-07-12 11:00:00+00:00,17533.0
2023-07-12 12:00:00+00:00,17211.0
2023-07-12 13:00:00+00:00,3851.0
2023-07-12 14:00:00+00:00,-5398.0
2023-07-12 15:00:00+00:00,-13342.0
2023-07-12 16:00:00+00:00,-23157.0
2023-07-12 17:00:00+00:00,-33644.0
2023-07-12 18:00:00+00:00,-41084.0
2023-07-12 19:00:00+00:00,-39700.0
2023-07-12 20:00:00+00:00,-36657.0
2023-07-12 21:00:00+00:00,-29259.0
2023-07-12 22:00:00+00:00,-32973.0
2023-07-12 23:00:00+00:00,-34759.0
2023-07-13 00:00:00+00:00,-31300.0
2023-07-13 01:00:00+00:00,-31479.0
2023-07-13 02:00:00+00:00,-32252.0
2023-07-13 03:00:00+00:00,-31961.0
2023-07-13 04:00:00+00:00,-36951.0
2023-07-13 05:00:00+00:00,-39804.0
2023-07-13 06:00:00+00:00,-30044.0
2023-07-13 07:00:00+00:00,-14755.0
2023-07-13 08:00:00+00:00,-5244.0
2023-07-13 09:00:00+00:00,1525.0
2023-07-13 10:00:00+00:00,3842.0
2023-07-13 11:00:00+00:00,7346.0
2023-07-13 12:00:00+00:00,6466.0
2023-07-13 13:00:00+00:00,1779.0
2023-07-13 14:00:00+00:00,-2952.0
2023-07-13 15:00:00+00:00,-13584.0
2023-07-13 16:00:00+00:00,-26267.0
2023-07-13 17:00:00+00:00,-33848.0
2023-07-13 18:00:00+00:00,-40799.0
2023-07-13 19:00:00+00:00,-41887.0
2023-07-13 20:00:00+00:00,-41166.0
2023-07-13 21:00:00+00:00,-39422.0
2023-07-13 22:00:00+00:00,-40810.0
2023-07-13 23:00:00+00:00,-38953.0
2023-07-14 00:00:00+00:00,-35670.0
2023-07-14 01:00:00+00:00,-35344.0
2023-07-14 02:00:00+00:00,-35898.0
2023-07-14 03:00:00+00:00,-39744.0
2023-07-14 04:00:00+00:00,-48335.0
2023-07-14 05:00:00+00:00,-48059.0
2023-07-14 06:00:00+00:00,-39009.0
2023-07-14 07:00:00+00:00,-29147.0
2023-07-14 08:00:00+00:00,-18269.0
2023-07-14 09:00:00+00:00,-19047.0
2023-07-14 10:00:00+00:00,-15983.0
2023-07-14 11:00:00+00:00,-16259.0
2023-07-14 12:00:00+00:00,-17139.0
2023-07-14 13:00:00+00:00,-20726.0
2023-07-14 14:00:00+00:00,-22736.0
2023-07-14 15:00:00+00:00,-25041.0
2023-07-14 16:00:00+00:00,-36411.0
2023-07-14 17:00:00+00:00,-43690.0
2023-07-14 18:00:00+00:00,-44546.0
2023-07-14 19:00:00+00:00,-37599.0
2023-07-14 20:00:00+00:00,-31924.0
2023-07-14 21:00:00+00:00,-23576.0
2023-07-14 22:00:00+00:00,-13740.0
2023-07-14 23:00:00+00:00,-2114.0
2023-07-15 00:00:00+00:00,4622.0
2023-07-15 01:00:00+00:00,8120.0
2023-07-15 02:00:00+00:00,7519.0
2023-07-15 03:00:00+00:00,7048.0
2023-07-15 04:00:00+00:00,4791.0
2023-07-15 05:00:00+00:00,4277.0
2023-07-15 06:00:00+00:00,2882.0
2023-07-15 07:00:00+00:00,7585.0
2023-07-15 08:00:00+00:00,11930.0
2023-07-15 09:00:00+00:00,13422.0
2023-07-15 10:00:00+00:00,20425.0
2023-07-15 11:00:00+00:00,14061.0
2023-07-15 12:00:00+00:00,10376.0
2023-07-15 13:00:00+00:00,5155.0
2023-07-15 14:00:00+00:00,-5179.0
2023-07-15 15:00:00+00:00,-10152.0
2023-07-15 16:00:00+00:00,-22870.0
2023-07-15 17:00:00+00:00,-26667.0
2023-07-15 18:00:00+00:00,-24673.0
2023-07-15 19:00:00+00:00,-19825.0
2023-07-15 20:00:00+00:00,-14043.0
2023-07-15 21:00:00+00:00,-9458.0
2023-07-15 22:00:00+00:00,-5722.0
2023-07-15 23:00:00+00:00,-3866.0
2023-07-16 00:00:00+00:00,847.0
2023-07-16 01:00:00+00:00,3577.0
2023-07-16 02:00:00+00:00,4086.0
2023-07-16 03:00:00+00:00,2365.0
2023-07-16 04:00:00+00:00,2642.0
2023-07-16 05:00:00+00:00,5546.0
2023-07-16 06:00:00+00:00,10353.0
2023-07-16 07:00:00+00:00,18413.0
2023-07-16 08:00:00+00:00,24100.0
2023-07-16 09:00:00+00:00,28466.0
2023-07-16 10:00:00+00:00,29921.0
2023-07-16 11:00:00+00:00,26977.0
2023-07-16 12:00:00+00:00,22767.0
2023-07-16 13:00:00+00:00,21459.0
2023-07-16 14:00:00+00:00,23223.0
2023-07-16 15:00:00+00:00,9279.0
2023-07-16 16:00:00+00:00,-1438.0
2023-07-16 17:00:00+00:00,-22134.0
2023-07-16 18:00:00+00:00,-33738.0
2023-07-16 19:00:00+00:00,-30625.0
2023-07-16 20:00:00+00:00,-30115.0
2023-07-16 21:00:00+00:00,-25271.0
2023-07-16 22:00:00+00:00,-22602.0
2023-07-16 23:00:00+00:00,-17124.0
2023-07-17 00:00:00+00:00,-14992.0
2023-07-17 01:00:00+00:00,-15200.0
2023-07-17 02:00:00+00:00,-14936.0
2023-07-17 03:00:00+00:00,-16600.0
2023-07-17 04:00:00+00:00,-24430.0
2023-07-17 05:00:00+00:00,-29555.0
2023-07-17 06:00:00+00:00,-22428.0
2023-07-17 07:00:00+00:00,-10483.0
2023-07-17 08:00:00+00:00,1614.0
2023-07-17 09:00:00+00:00,8616.0
2023-07-17 10:00:00+00:00,13944.0
2023-07-17 11:00:00+00:00,17495.0
2023-07-17 12:00:00+00:00,19390.0
2023-07-17 13:00:00+00:00,13597.0
2023-07-17 14:00:00+00:00,5572.0
2023-07-17 15:00:00+00:00,-1643.0
2023-07-17 16:00:00+00:00,-8785.0
2023-07-17 17:00:00+00:00,-19591.0
2023-07-17 18:00:00+00:00,-25391.0
2023-07-17 19:00:00+00:00,-28515.0
2023-07-17 20:00:00+00:00,-27434.0
2023-07-17 21:00:00+00:00,-24509.0
2023-07-17 22:00:00+00:00,-22053.0
2023-07-17 23:00:00+00:00,-19309.0
2023-07-18 00:00:00+00:00,-18808.0
2023-07-18 01:00:00+00:00,-20367.0
2023-07-18 02:00:00+00:00,-24780.0
2023-07-18 03:00:00+00:00,-29682.0
2023-07-18 04:00:00+00:00,-38690.0
2023-07-18 05:00:00+00:00,-39560.0
2023-07-18 06:00:00+00:00,-30974.0
2023-07-18 07:00:00+00:00,-13285.0
2023-07-18 08:00:00+00:00,-5642.0
2023-07-18 09:00:00+00:00,-2413.0
2023-07-18 10:00:00+00:00,-5554.0
2023-07-18 11:00:00+00:00,-10685.0
2023-07-18 12:00:00+00:00,-15931.0
2023-07-18 13:00:00+00:00,-17674.0
2023-07-18 14:00:00+00:00,-17910.0
2023-07-18 15:00:00+00:00,-24770.0
2023-07-18 16:00:00+00:00,-32467.0
2023-07-18 17:00:00+00:00,-39199.0
2023-07-18 18:00:00+00:00,-40478.0
2023-07-18 19:00:00+00:00,-37691.0
2023-07-18 20:00:00+00:00,-37305.0
2023-07-18 21:00:00+00:00,-31628.0
2023-07-18 22:00:00+00:00,-35409.0
2023-07-18 23:00:00+00:00,-36657.0
2023-07-19 00:00:00+00:00,-36186.0
2023-07-19 01:00:00+00:00,-36363.0
2023-07-19 02:00:00+00:00,-36938.0
2023-07-19 03:00:00+00:00,-39952.0
2023-07-19 04:00:00+00:00,-41078.0
2023-07-19 05:00:00+00:00,-39791.0
2023-07-19 06:00:00+00:00,-33626.0
2023-07-19 07:00:00+00:00,-22890.0
2023-07-19 08:00:00+00:00,-20105.0
2023-07-19 09:00:00+00:00,-18069.0
2023-07-19 10:00:00+00:00,-16506.0
2023-07-19 11:00:00+00:00,-13006.0
2023-07-19 12:00:00+00:00,-11976.0
2023-07-19 13:00:00+00:00,-14112.0
2023-07-19 14:00:00+00:00,-20000.0
2023-07-19 15:00:00+00:00,-24142.0
2023-07-19 16:00:00+00:00,-29492.0
2023-07-19 17:00:00+00:00,-34437.0
2023-07-19 18:00:00+00:00,-36571.0
2023-07-19 19:00:00+00:00,-35744.0
2023-07-19 20:00:00+00:00,-32912.0
2023-07-19 21:00:00+00:00,-29351.0
2023-07-19 22:00:00+00:00,-31576.0
2023-07-19 23:00:00+00:00,-36670.0
2023-07-20 00:00:00+00:00,-33651.0
2023-07-20 01:00:00+00:00,-31354.0
2023-07-20 02:00:00+00:00,-34838.0
2023-07-20 03:00:00+00:00,-33427.0
2023-07-20 04:00:00+00:00,-37764.0
2023-07-20 05:00:00+00:00,-41466.0
2023-07-20 06:00:00+00:00,-33340.0
2023-07-20 07:00:00+00:00,-18234.0
2023-07-20 08:00:00+00:00,-8047.0
2023-07-20 09:00:00+00:00,-2986.0
2023-07-20 10:00:00+00:00,-691.0
2023-07-20 11:00:00+00:00,2787.0
2023-07-20 12:00:00+00:00,4213.0
2023-07-20 13:00:00+00:00,3267.0
2023-07-20 14:00:00+00:00,-3616.0
2023-07-20 15:00:00+00:00,-10267.0
2023-07-20 16:00:00+00:00,-21194.0
2023-07-20 17:00:00+00:00,-35853.0
2023-07-20 18:00:00+00:00,-40023.0
2023-07-20 19:00:00+00:00,-38478.0
2023-07-20 20:00:00+00:00,-36864.0
2023-07-20 21:00:00+00:00,-37539.0
2023-07-20 22:00:00+00:00,-32200.0
2023-07-20 23:00:00+00:00,-31894.0
2023-07-21 00:00:00+00:00,-32715.0
2023-07-21 01:00:00+00:00,-34630.0
2023-07-21 02:00:00+00:00,-34897.0
2023-07-21 03:00:00+00:00,-36824.0
2023-07-21 04:00:00+00:00,-40475.0
2023-07-21 05:00:00+00:00,-40360.0
2023-07-21 06:00:00+00:00,-39878.0
2023-07-21 07:00:00+00:00,-33844.0
2023-07-21 08:00:00+00:00,-31550.0
2023-07-21 09:00:00+00:00,-33580.0
2023-07-21 10:00:00+00:00,-33639.0
2023-07-21 11:00:00+00:00,-28761.0
2023-07-21 12:00:00+00:00,-28352.0
2023-07-21 13:00:00+00:00,-29829.0
2023-07-21 14:00:00+00:00,-32641.0
2023-07-21 15:00:00+00:00,-33127.0
2023-07-21 16:00:00+00:00,-33685.0
2023-07-21 17:00:00+00:00,-37037.0
2023-07-21 18:00:00+00:00,-34632.0
2023-07-21 19:00:00+00:00,-32920.0
2023-07-21 20:00:00+00:00,-27849.0
2023-07-21 21:00:00+00:00,-22069.0
2023-07-21 22:00:00+00:00,-21519.0
2023-07-21 23:00:00+00:00,-23788.0
2023-07-22 00:00:00+00:00,-19417.0
2023-07-22 01:00:00+00:00,-18329.0
2023-07-22 02:00:00+00:00,-18070.0
2023-07-22 03:00:00+00:00,-19626.0
2023-07-22 04:00:00+00:00,-20945.0
2023-07-22 05:00:00+00:00,-18597.0
2023-07-22 06:00:00+00:00,-11016.0
2023-07-22 07:00:00+00:00,1761.0
2023-07-22 08:00:00+00:00,5439.0
2023-07-22 09:00:00+00:00,9583.0
2023-07-22 10:00:00+00:00,10497.0
2023-07-22 11:00:00+00:00,12326.0
2023-07-22 12:00:00+00:00,12800.0
2023-07-22 13:00:00+00:00,9135.0
2023-07-22 14:00:00+00:00,-1106.0
2023-07-22 15:00:00+00:00,-8390.0
2023-07-22 16:00:00+00:00,-25715.0
2023-07-22 17:00:00+00:00,-36856.0
2023-07-22 18:00:00+00:00,-43042.0
2023-07-22 19:00:00+00:00,-43702.0
2023-07-22 20:00:00+00:00,-37969.0
2023-07-22 21:00:00+00:00,-32754.0
2023-07-22 22:00:00+00:00,-17448.0
2023-07-22 23:00:00+00:00,-14182.0
2023-07-23 00:00:00+00:00,-8156.0
2023-07-23 01:00:00+00:00,-5306.0
2023-07-23 02:00:00+00:00,1571.0
2023-07-23 03:00:00+00:00,4266.0
2023-07-23 04:00:00+00:00,7310.0
2023-07-23 05:00:00+00:00,8245.0
2023-07-23 06:00:00+00:00,17119.0
2023-07-23 07:00:00+00:00,24900.0
2023-07-23 08:00:00+00:00,31631.0
2023-07-23 09:00:00+00:00,34182.0
2023-07-23 10:00:00+00:00,36837.0
2023-07-23 11:00:00+00:00,31288.0
2023-07-23 12:00:00+00:00,22687.0
2023-07-23 13:00:00+00:00,24041.0
2023-07-23 14:00:00+00:00,25436.0
2023-07-23 15:00:00+00:00,24725.0
2023-07-23 16:00:00+00:00,15766.0
2023-07-23 17:00:00+00:00,1498.0
2023-07-23 18:00:00+00:00,-6310.0
2023-07-23 19:00:00+00:00,-8635.0
2023-07-23 20:00:00+00:00,-8882.0
2023-07-23 21:00:00+00:00,-6258.0
2023-07-23 22:00:00+00:00,-2630.0
2023-07-23 23:00:00+00:00,-1183.0
2023-07-24 00:00:00+00:00,-2031.0
2023-07-24 01:00:00+00:00,-3683.0
2023-07-24 02:00:00+00:00,-5159.0
2023-07-24 03:00:00+00:00,-11621.0
2023-07-24 04:00:00+00:00,-27881.0
2023-07-24 05:00:00+00:00,-29796.0
2023-07-24 06:00:00+00:00,-29377.0
2023-07-24 07:00:00+00:00,-25638.0
2023-07-24 08:00:00+00:00,-24697.0
2023-07-24 09:00:00+00:00,-22889.0
2023-07-24 10:00:00+00:00,-23538.0
2023-07-24 11:00:00+00:00,-16311.0
2023-07-24 12:00:00+00:00,-17416.0
2023-07-24 13:00:00+00:00,-11024.0
2023-07-24 14:00:00+00:00,-11747.0
2023-07-24 15:00:00+00:00,-21365.0
2023-07-24 16:00:00+00:00,-26137.0
2023-07-24 17:00:00+00:00,-32955.0
2023-07-24 18:00:00+00:00,-31302.0
2023-07-24 19:00:00+00:00,-28184.0
2023-07-24 20:00:00+00:00,-26143.0
2023-07-24 21:00:00+00:00,-21120.0
2023-07-24 22:00:00+00:00,-23229.0
2023-07-24 23:00:00+00:00,-23754.0
2023-07-25 00:00:00+00:00,-26807.0
2023-07-25 01:00:00+00:00,-30892.0
2023-07-25 02:00:00+00:00,-31770.0
2023-07-25 03:00:00+00:00,-34750.0
2023-07-25 04:00:00+00:00,-39278.0
2023-07-25 05:00:00+00:00,-43875.0
2023-07-25 06:00:00+00:00,-39205.0
2023-07-25 07:00:00+00:00,-34559.0
2023-07-25 08:00:00+00:00,-31185.0
2023-07-25 09:00:00+00:00,-26968.0
2023-07-25 10:00:00+00:00,-22757.0
2023-07-25 11:00:00+00:00,-20473.0
2023-07-25 12:00:00+00:00,-15184.0
2023-07-25 13:00:00+00:00,-11293.0
2023-07-25 14:00:00+00:00,-14888.0
2023-07-25 15:00:00+00:00,-22643.0
2023-07-25 16:00:00+00:00,-29706.0
2023-07-25 17:00:00+00:00,-35493.0
2023-07-25 18:00:00+00:00,-36714.0
2023-07-25 19:00:00+00:00,-36956.0
2023-07-25 20:00:00+00:00,-32050.0
2023-07-25 21:00:00+00:00,-24377.0
2023-07-25 22:00:00+00:00,-22749.0
2023-07-25 23:00:00+00:00,-16942.0
2023-07-26 00:00:00+00:00,-15856.0
2023-07-26 01:00:00+00:00,-17731.0
2023-07-26 02:00:00+00:00,-20202.0
2023-07-26 03:00:00+00:00,-26481.0
2023-07-26 04:00:00+00:00,-38081.0
2023-07-26 05:00:00+00:00,-45070.0
2023-07-26 06:00:00+00:00,-40869.0
2023-07-26 07:00:00+00:00,-28774.0
2023-07-26 08:00:00+00:00,-22176.0
2023-07-26 09:00:00+00:00,-10184.0
2023-07-26 10:00:00+00:00,-7636.0
2023-07-26 11:00:00+00:00,-7884.0
2023-07-26 12:00:00+00:00,-7976.0
2023-07-26 13:00:00+00:00,-6715.0
2023-07-26 14:00:00+00:00,-4830.0
2023-07-26 15:00:00+00:00,-11968.0
2023-07-26 16:00:00+00:00,-24836.0
2023-07-26 17:00:00+00:00,-36450.0
2023-07-26 18:00:00+00:00,-42174.0
2023-07-26 19:00:00+00:00,-42463.0
2023-07-26 20:00:00+00:00,-37073.0
2023-07-26 21:00:00+00:00,-31440.0
2023-07-26 22:00:00+00:00,-21263.0
2023-07-26 23:00:00+00:00,-13978.0
2023-07-27 00:00:00+00:00,-11596.0
2023-07-27 01:00:00+00:00,-14426.0
2023-07-27 02:00:00+00:00,-19104.0
2023-07-27 03:00:00+00:00,-26997.0
2023-07-27 04:00:00+00:00,-36275.0
2023-07-27 05:00:00+00:00,-37971.0
2023-07-27 06:00:00+00:00,-35250.0
2023-07-27 07:00:00+00:00,-30436.0
2023-07-27 08:00:00+00:00,-21369.0
2023-07-27 09:00:00+00:00,-23191.0
2023-07-27 10:00:00+00:00,-28623.0
2023-07-27 11:00:00+00:00,-24372.0
2023-07-27 12:00:00+00:00,-24633.0
2023-07-27 13:00:00+00:00,-28781.0
2023-07-27 14:00:00+00:00,-30278.0
2023-07-27 15:00:00+00:00,-36056.0
2023-07-27 16:00:00+00:00,-36253.0
2023-07-27 17:00:00+00:00,-36231.0
2023-07-27 18:00:00+00:00,-33928.0
2023-07-27 19:00:00+00:00,-34064.0
2023-07-27 20:00:00+00:00,-28847.0
2023-07-27 21:00:00+00:00,-22298.0
2023-07-27 22:00:00+00:00,-17980.0
2023-07-27 23:00:00+00:00,-17165.0
2023-07-28 00:00:00+00:00,-15100.0
2023-07-28 01:00:00+00:00,-16886.0
2023-07-28 02:00:00+00:00,-18157.0
2023-07-28 03:00:00+00:00,-22356.0
2023-07-28 04:00:00+00:00,-33416.0
2023-07-28 05:00:00+00:00,-37153.0
2023-07-28 06:00:00+00:00,-38013.0
2023-07-28 07:00:00+00:00,-32377.0
2023-07-28 08:00:00+00:00,-28853.0
2023-07-28 09:00:00+00:00,-26477.0
2023-07-28 10:00:00+00:00,-21335.0
2023-07-28 11:00:00+00:00,-22013.0
2023-07-28 12:00:00+00:00,-24029.0
2023-07-28 13:00:00+00:00,-25304.0
2023-07-28 14:00:00+00:00,-29309.0
2023-07-28 15:00:00+00:00,-37814.0
2023-07-28 16:00:00+00:00,-44163.0
2023-07-28 17:00:00+00:00,-43609.0
2023-07-28 18:00:00+00:00,-42976.0
2023-07-28 19:00:00+00:00,-39488.0
2023-07-28 20:00:00+00:00,-37978.0
2023-07-28 21:00:00+00:00,-33299.0
2023-07-28 22:00:00+00:00,-36345.0
2023-07-28 23:00:00+00:00,-33670.0
2023-07-29 00:00:00+00:00,-32756.0
2023-07-29 01:00:00+00:00,-32676.0
2023-07-29 02:00:00+00:00,-30841.0
2023-07-29 03:00:00+00:00,-29833.0
2023-07-29 04:00:00+00:00,-29943.0
2023-07-29 05:00:00+00:00,-30085.0
2023-07-29 06:00:00+00:00,-27741.0
2023-07-29 07:00:00+00:00,-22038.0
2023-07-29 08:00:00+00:00,-11760.0
2023-07-29 09:00:00+00:00,-2159.0
2023-07-29 10:00:00+00:00,5229.0
2023-07-29 11:00:00+00:00,12307.0
2023-07-29 12:00:00+00:00,20212.0
2023-07-29 13:00:00+00:00,15103.0
2023-07-29 14:00:00+00:00,4297.0
2023-07-29 15:00:00+00:00,-5707.0
2023-07-29 16:00:00+00:00,-21093.0
2023-07-29 17:00:00+00:00,-36657.0
2023-07-29 18:00:00+00:00,-38071.0
2023-07-29 19:00:00+00:00,-37996.0
2023-07-29 20:00:00+00:00,-36102.0
2023-07-29 21:00:00+00:00,-28766.0
2023-07-29 22:00:00+00:00,-26343.0
2023-07-29 23:00:00+00:00,-23515.0
2023-07-30 00:00:00+00:00,-19482.0
2023-07-30 01:00:00+00:00,-12667.0
2023-07-30 02:00:00+00:00,-13662.0
2023-07-30 03:00:00+00:00,-13409.0
2023-07-30 04:00:00+00:00,-12664.0
2023-07-30 05:00:00+00:00,-12628.0
2023-07-30 06:00:00+00:00,-7255.0
2023-07-30 07:00:00+00:00,1401.0
2023-07-30 08:00:00+00:00,9377.0
2023-07-30 09:00:00+00:00,17048.0
2023-07-30 10:00:00+00:00,22959.0
2023-07-30 11:00:00+00:00,17887.0
2023-07-30 12:00:00+00:00,25075.0
2023-07-30 13:00:00+00:00,28642.0
2023-07-30 14:00:00+00:00,34155.0
2023-07-30 15:00:00+00:00,30598.0
2023-07-30 16:00:00+00:00,22234.0
2023-07-30 17:00:00+00:00,1851.0
2023-07-30 18:00:00+00:00,-4598.0
2023-07-30 19:00:00+00:00,-4149.0
2023-07-30 20:00:00+00:00,-1001.0
2023-07-30 21:00:00+00:00,-353.0
2023-07-30 22:00:00+00:00,-1217.0
2023-07-30 23:00:00+00:00,2593.0
2023-07-31 00:00:00+00:00,493.0
2023-07-31 01:00:00+00:00,1264.0
2023-07-31 02:00:00+00:00,-5269.0
2023-07-31 03:00:00+00:00,-9973.0
2023-07-31 04:00:00+00:00,-23471.0
2023-07-31 05:00:00+00:00,-28767.0
2023-07-31 06:00:00+00:00,-23954.0
2023-07-31 07:00:00+00:00,-14082.0
2023-07-31 08:00:00+00:00,-12712.0
2023-07-31 09:00:00+00:00,-5542.0
2023-07-31 10:00:00+00:00,-343.0
2023-07-31 11:00:00+00:00,6671.0
2023-07-31 12:00:00+00:00,7126.0
2023-07-31 13:00:00+00:00,6278.0
2023-07-31 14:00:00+00:00,999.0
2023-07-31 15:00:00+00:00,-14966.0
2023-07-31 16:00:00+00:00,-25570.0
2023-07-31 17:00:00+00:00,-28945.0
2023-07-31 18:00:00+00:00,-28389.0
2023-07-31 19:00:00+00:00,-24480.0
2023-07-31 20:00:00+00:00,-21162.0
2023-07-31 21:00:00+00:00,-14505.0
2023-07-31 22:00:00+00:00,-3346.0
2023-07-31 23:00:00+00:00,-699.0
2023-08-01 00:00:00+00:00,-6382.0
2023-08-01 01:00:00+00:00,-7664.0
2023-08-01 02:00:00+00:00,-11654.0
2023-08-01 03:00:00+00:00,-14968.0
2023-08-01 04:00:00+00:00,-26910.0
2023-08-01 05:00:00+00:00,-30616.0
2023-08-01 06:00:00+00:00,-31173.0
2023-08-01 07:00:00+00:00,-33131.0
2023-08-01 08:00:00+00:00,-25198.0
2023-08-01 09:00:00+00:00,-19077.0
2023-08-01 10:00:00+00:00,-10385.0
2023-08-01 11:00:00+00:00,-827.0
2023-08-01 12:00:00+00:00,12067.0
2023-08-01 13:00:00+00:00,16403.0
2023-08-01 14:00:00+00:00,13954.0
2023-08-01 15:00:00+00:00,3768.0
2023-08-01 16:00:00+00:00,-8462.0
2023-08-01 17:00:00+00:00,-21512.0
2023-08-01 18:00:00+00:00,-25753.0
2023-08-01 19:00:00+00:00,-23651.0
2023-08-01 20:00:00+00:00,-20590.0
2023-08-01 21:00:00+00:00,-13905.0
2023-08-01 22:00:00+00:00,-7114.0
2023-08-01 23:00:00+00:00,-3721.0
2023-08-02 00:00:00+00:00,-8705.0
2023-08-02 01:00:00+00:00,-10211.0
2023-08-02 02:00:00+00:00,-13033.0
2023-08-02 03:00:00+00:00,-18729.0
2023-08-02 04:00:00+00:00,-26828.0
2023-08-02 05:00:00+00:00,-32013.0
2023-08-02 06:00:00+00:00,-29723.0
2023-08-02 07:00:00+00:00,-25191.0
2023-08-02 08:00:00+00:00,-19873.0
2023-08-02 09:00:00+00:00,-16153.0
2023-08-02 10:00:00+00:00,-9850.0
2023-08-02 11:00:00+00:00,-7478.0
2023-08-02 12:00:00+00:00,719.0
2023-08-02 13:00:00+00:00,2887.0
2023-08-02 14:00:00+00:00,5079.0
2023-08-02 15:00:00+00:00,-1917.0
2023-08-02 16:00:00+00:00,-8810.0
2023-08-02 17:00:00+00:00,-14126.0
2023-08-02 18:00:00+00:00,-17249.0
2023-08-02 19:00:00+00:00,-14091.0
2023-08-02 20:00:00+00:00,-6795.0
2023-08-02 21:00:00+00:00,1971.0
2023-08-02 22:00:00+00:00,5328.0
2023-08-02 23:00:00+00:00,5935.0
2023-08-03 00:00:00+00:00,5947.0
2023-08-03 01:00:00+00:00,6723.0
2023-08-03 02:00:00+00:00,6889.0
2023-08-03 03:00:00+00:00,5142.0
2023-08-03 04:00:00+00:00,1084.0
2023-08-03 05:00:00+00:00,3118.0
2023-08-03 06:00:00+00:00,10037.0
2023-08-03 07:00:00+00:00,19964.0
2023-08-03 08:00:00+00:00,25406.0
2023-08-03 09:00:00+00:00,22286.0
2023-08-03 10:00:00+00:00,21122.0
2023-08-03 11:00:00+00:00,24128.0
2023-08-03 12:00:00+00:00,27291.0
2023-08-03 13:00:00+00:00,30219.0
2023-08-03 14:00:00+00:00,25856.0
2023-08-03 15:00:00+00:00,15430.0
2023-08-03 16:00:00+00:00,-3.0
2023-08-03 17:00:00+00:00,-15075.0
2023-08-03 18:00:00+00:00,-19245.0
2023-08-03 19:00:00+00:00,-18500.0
2023-08-03 20:00:00+00:00,-18377.0
2023-08-03 21:00:00+00:00,-16697.0
2023-08-03 22:00:00+00:00,-17689.0
2023-08-03 23:00:00+00:00,-18861.0
2023-08-04 00:00:00+00:00,-20469.0
2023-08-04 01:00:00+00:00,-23516.0
2023-08-04 02:00:00+00:00,-28637.0
2023-08-04 03:00:00+00:00,-36169.0
2023-08-04 04:00:00+00:00,-38074.0
2023-08-04 05:00:00+00:00,-42988.0
2023-08-04 06:00:00+00:00,-42941.0
2023-08-04 07:00:00+00:00,-40795.0
2023-08-04 08:00:00+00:00,-41892.0
2023-08-04 09:00:00+00:00,-39437.0
2023-08-04 10:00:00+00:00,-32611.0
2023-08-04 11:00:00+00:00,-27869.0
2023-08-04 12:00:00+00:00,-27569.0
2023-08-04 13:00:00+00:00,-30275.0
2023-08-04 14:00:00+00:00,-30854.0
2023-08-04 15:00:00+00:00,-34403.0
2023-08-04 16:00:00+00:00,-37107.0
2023-08-04 17:00:00+00:00,-42012.0
2023-08-04 18:00:00+00:00,-43071.0
2023-08-04 19:00:00+00:00,-43369.0
2023-08-04 20:00:00+00:00,-42523.0
2023-08-04 21:00:00+00:00,-41901.0
2023-08-04 22:00:00+00:00,-42139.0
2023-08-04 23:00:00+00:00,-43224.0
2023-08-05 00:00:00+00:00,-42337.0
2023-08-05 01:00:00+00:00,-42145.0
2023-08-05 02:00:00+00:00,-44160.0
2023-08-05 03:00:00+00:00,-46308.0
2023-08-05 04:00:00+00:00,-49371.0
2023-08-05 05:00:00+00:00,-49487.0
2023-08-05 06:00:00+00:00,-49043.0
2023-08-05 07:00:00+00:00,-43081.0
2023-08-05 08:00:00+00:00,-34287.0
2023-08-05 09:00:00+00:00,-30744.0
2023-08-05 10:00:00+00:00,-26738.0
2023-08-05 11:00:00+00:00,-20380.0
2023-08-05 12:00:00+00:00,-18951.0
2023-08-05 13:00:00+00:00,-21961.0
2023-08-05 14:00:00+00:00,-28348.0
2023-08-05 15:00:00+00:00,-36023.0
2023-08-05 16:00:00+00:00,-38471.0
2023-08-05 17:00:00+00:00,-37144.0
2023-08-05 18:00:00+00:00,-33744.0
2023-08-05 19:00:00+00:00,-33685.0
2023-08-05 20:00:00+00:00,-32419.0
2023-08-05 21:00:00+00:00,-33411.0
2023-08-05 22:00:00+00:00,-26434.0
2023-08-05 23:00:00+00:00,-24735.0
2023-08-06 00:00:00+00:00,-26180.0
2023-08-06 01:00:00+00:00,-25324.0
2023-08-06 02:00:00+00:00,-25238.0
2023-08-06 03:00:00+00:00,-26898.0
2023-08-06 04:00:00+00:00,-25829.0
2023-08-06 05:00:00+00:00,-26279.0
2023-08-06 06:00:00+00:00,-27960.0
2023-08-06 07:00:00+00:00,-24014.0
2023-08-06 08:00:00+00:00,-22117.0
2023-08-06 09:00:00+00:00,-17203.0
2023-08-06 10:00:00+00:00,-10487.0
2023-08-06 11:00:00+00:00,-8336.0
2023-08-06 12:00:00+00:00,-4087.0
2023-08-06 13:00:00+00:00,-1332.0
2023-08-06 14:00:00+00:00,-8767.0
2023-08-06 15:00:00+00:00,-12043.0
2023-08-06 16:00:00+00:00,-9450.0
2023-08-06 17:00:00+00:00,-16155.0
2023-08-06 18:00:00+00:00,-13579.0
2023-08-06 19:00:00+00:00,-9275.0
2023-08-06 20:00:00+00:00,-3482.0
2023-08-06 21:00:00+00:00,3527.0
2023-08-06 22:00:00+00:00,1703.0
2023-08-06 23:00:00+00:00,10661.0
2023-08-07 00:00:00+00:00,11662.0
2023-08-07 01:00:00+00:00,11232.0
2023-08-07 02:00:00+00:00,11365.0
2023-08-07 03:00:00+00:00,9254.0
2023-08-07 04:00:00+00:00,9373.0
2023-08-07 05:00:00+00:00,6752.0
2023-08-07 06:00:00+00:00,1568.0
2023-08-07 07:00:00+00:00,3834.0
2023-08-07 08:00:00+00:00,7561.0
2023-08-07 09:00:00+00:00,11090.0
2023-08-07 10:00:00+00:00,9135.0
2023-08-07 11:00:00+00:00,16280.0
2023-08-07 12:00:00+00:00,18539.0
2023-08-07 13:00:00+00:00,20653.0
2023-08-07 14:00:00+00:00,21933.0
2023-08-07 15:00:00+00:00,17493.0
2023-08-07 16:00:00+00:00,11955.0
2023-08-07 17:00:00+00:00,9010.0
2023-08-07 18:00:00+00:00,6020.0
2023-08-07 19:00:00+00:00,2876.0
2023-08-07 20:00:00+00:00,6657.0
2023-08-07 21:00:00+00:00,11335.0
2023-08-07 22:00:00+00:00,12240.0
2023-08-07 23:00:00+00:00,14335.0
2023-08-08 00:00:00+00:00,16166.0
2023-08-08 01:00:00+00:00,13076.0
2023-08-08 02:00:00+00:00,9950.0
2023-08-08 03:00:00+00:00,10473.0
2023-08-08 04:00:00+00:00,7509.0
2023-08-08 05:00:00+00:00,5487.0
2023-08-08 06:00:00+00:00,7150.0
2023-08-08 07:00:00+00:00,10904.0
2023-08-08 08:00:00+00:00,15135.0
2023-08-08 09:00:00+00:00,20478.0
2023-08-08 10:00:00+00:00,22436.0
2023-08-08 11:00:00+00:00,23705.0
2023-08-08 12:00:00+00:00,25590.0
2023-08-08 13:00:00+00:00,23681.0
2023-08-08 14:00:00+00:00,20293.0
2023-08-08 15:00:00+00:00,13727.0
2023-08-08 16:00:00+00:00,5212.0
2023-08-08 17:00:00+00:00,-8196.0
2023-08-08 18:00:00+00:00,-8638.0
2023-08-08 19:00:00+00:00,-6572.0
2023-08-08 20:00:00+00:00,-2539.0
2023-08-08 21:00:00+00:00,-380.0
2023-08-08 22:00:00+00:00,-318.0
2023-08-08 23:00:00+00:00,1980.0
2023-08-09 00:00:00+00:00,568.0
2023-08-09 01:00:00+00:00,-2298.0
2023-08-09 02:00:00+00:00,-5323.0
2023-08-09 03:00:00+00:00,-8584.0
2023-08-09 04:00:00+00:00,-17428.0
2023-08-09 05:00:00+00:00,-20798.0
2023-08-09 06:00:00+00:00,-24361.0
2023-08-09 07:00:00+00:00,-23405.0
2023-08-09 08:00:00+00:00,-20260.0
2023-08-09 09:00:00+00:00,-15328.0
2023-08-09 10:00:00+00:00,-8440.0
2023-08-09 11:00:00+00:00,-6387.0
2023-08-09 12:00:00+00:00,-7210.0
2023-08-09 13:00:00+00:00,-8592.0
2023-08-09 14:00:00+00:00,-14272.0
2023-08-09 15:00:00+00:00,-23429.0
2023-08-09 16:00:00+00:00,-29236.0
2023-08-09 17:00:00+00:00,-32143.0
2023-08-09 18:00:00+00:00,-33813.0
2023-08-09 19:00:00+00:00,-32073.0
2023-08-09 20:00:00+00:00,-30121.0
2023-08-09 21:00:00+00:00,-31772.0
2023-08-09 22:00:00+00:00,-26394.0
2023-08-09 23:00:00+00:00,-22872.0
2023-08-10 00:00:00+00:00,-22041.0
2023-08-10 01:00:00+00:00,-24329.0
2023-08-10 02:00:00+00:00,-28158.0
2023-08-10 03:00:00+00:00,-34699.0
2023-08-10 04:00:00+00:00,-41849.0
2023-08-10 05:00:00+00:00,-39015.0
2023-08-10 06:00:00+00:00,-37179.0
2023-08-10 07:00:00+00:00,-22352.0
2023-08-10 08:00:00+00:00,-12802.0
2023-08-10 09:00:00+00:00,-6011.0
2023-08-10 10:00:00+00:00,-4929.0
2023-08-10 11:00:00+00:00,-4936.0
2023-08-10 12:00:00+00:00,-1728.0
2023-08-10 13:00:00+00:00,-4456.0
2023-08-10 14:00:00+00:00,-10896.0
2023-08-10 15:00:00+00:00,-26386.0
2023-08-10 16:00:00+00:00,-38502.0
2023-08-10 17:00:00+00:00,-42380.0
2023-08-10 18:00:00+00:00,-47664.0
2023-08-10 19:00:00+00:00,-43758.0
2023-08-10 20:00:00+00:00,-42607.0
2023-08-10 21:00:00+00:00,-40154.0
2023-08-10 22:00:00+00:00,-42417.0
2023-08-10 23:00:00+00:00,-39808.0
2023-08-11 00:00:00+00:00,-36687.0
2023-08-11 01:00:00+00:00,-37510.0
2023-08-11 02:00:00+00:00,-36923.0
2023-08-11 03:00:00+00:00,-39430.0
2023-08-11 04:00:00+00:00,-40973.0
2023-08-11 05:00:00+00:00,-40766.0
2023-08-11 06:00:00+00:00,-32069.0
2023-08-11 07:00:00+00:00,-14180.0
2023-08-11 08:00:00+00:00,-11804.0
2023-08-11 09:00:00+00:00,-1904.0
2023-08-11 10:00:00+00:00,2256.0
2023-08-11 11:00:00+00:00,-915.0
2023-08-11 12:00:00+00:00,-158.0
2023-08-11 13:00:00+00:00,-2118.0
2023-08-11 14:00:00+00:00,-8435.0
2023-08-11 15:00:00+00:00,-22458.0
2023-08-11 16:00:00+00:00,-36685.0
2023-08-11 17:00:00+00:00,-45201.0
2023-08-11 18:00:00+00:00,-47165.0
2023-08-11 19:00:00+00:00,-43221.0
2023-08-11 20:00:00+00:00,-34001.0
2023-08-11 21:00:00+00:00,-31827.0
2023-08-11 22:00:00+00:00,-32890.0
2023-08-11 23:00:00+00:00,-32091.0
2023-08-12 00:00:00+00:00,-30742.0
2023-08-12 01:00:00+00:00,-29577.0
2023-08-12 02:00:00+00:00,-31194.0
2023-08-12 03:00:00+00:00,-28053.0
2023-08-12 04:00:00+00:00,-27515.0
2023-08-12 05:00:00+00:00,-23123.0
2023-08-12 06:00:00+00:00,-20767.0
2023-08-12 07:00:00+00:00,-14863.0
2023-08-12 08:00:00+00:00,-13231.0
2023-08-12 09:00:00+00:00,-13559.0
2023-08-12 10:00:00+00:00,-13468.0
2023-08-12 11:00:00+00:00,-13969.0
2023-08-12 12:00:00+00:00,-16765.0
2023-08-12 13:00:00+00:00,-18704.0
2023-08-12 14:00:00+00:00,-24046.0
2023-08-12 15:00:00+00:00,-26272.0
2023-08-12 16:00:00+00:00,-29841.0
2023-08-12 17:00:00+00:00,-36974.0
2023-08-12 18:00:00+00:00,-33314.0
2023-08-12 19:00:00+00:00,-30714.0
2023-08-12 20:00:00+00:00,-24533.0
2023-08-12 21:00:00+00:00,-23575.0
2023-08-12 22:00:00+00:00,-21100.0
2023-08-12 23:00:00+00:00,-19652.0
2023-08-13 00:00:00+00:00,-18396.0
2023-08-13 01:00:00+00:00,-20027.0
2023-08-13 02:00:00+00:00,-17960.0
2023-08-13 03:00:00+00:00,-17625.0
2023-08-13 04:00:00+00:00,-16654.0
2023-08-13 05:00:00+00:00,-17242.0
2023-08-13 06:00:00+00:00,-15709.0
2023-08-13 07:00:00+00:00,-10073.0
2023-08-13 08:00:00+00:00,-4336.0
2023-08-13 09:00:00+00:00,-5327.0
2023-08-13 10:00:00+00:00,877.0
2023-08-13 11:00:00+00:00,3848.0
2023-08-13 12:00:00+00:00,2049.0
2023-08-13 13:00:00+00:00,338.0
2023-08-13 14:00:00+00:00,-14771.0
2023-08-13 15:00:00+00:00,-24415.0
2023-08-13 16:00:00+00:00,-36141.0
2023-08-13 17:00:00+00:00,-44413.0
2023-08-13 18:00:00+00:00,-42296.0
2023-08-13 19:00:00+00:00,-41346.0
2023-08-13 20:00:00+00:00,-36994.0
2023-08-13 21:00:00+00:00,-36726.0
2023-08-13 22:00:00+00:00,-29288.0
2023-08-13 23:00:00+00:00,-26838.0
2023-08-14 00:00:00+00:00,-24438.0
2023-08-14 01:00:00+00:00,-24978.0
2023-08-14 02:00:00+00:00,-28697.0
2023-08-14 03:00:00+00:00,-33272.0
2023-08-14 04:00:00+00:00,-39006.0
2023-08-14 05:00:00+00:00,-40801.0
2023-08-14 06:00:00+00:00,-38549.0
2023-08-14 07:00:00+00:00,-29359.0
2023-08-14 08:00:00+00:00,-25025.0
2023-08-14 09:00:00+00:00,-23281.0
2023-08-14 10:00:00+00:00,-21334.0
2023-08-14 11:00:00+00:00,-18961.0
2023-08-14 12:00:00+00:00,-24366.0
2023-08-14 13:00:00+00:00,-27984.0
2023-08-14 14:00:00+00:00,-30964.0
2023-08-14 15:00:00+00:00,-33785.0
2023-08-14 16:00:00+00:00,-38933.0
2023-08-14 17:00:00+00:00,-39999.0
2023-08-14 18:00:00+00:00,-36917.0
2023-08-14 19:00:00+00:00,-29386.0
2023-08-14 20:00:00+00:00,-25530.0
2023-08-14 21:00:00+00:00,-21788.0
2023-08-14 22:00:00+00:00,-20038.0
2023-08-14 23:00:00+00:00,-22478.0
2023-08-15 00:00:00+00:00,-24663.0
2023-08-15 01:00:00+00:00,-25125.0
2023-08-15 02:00:00+00:00,-25102.0
2023-08-15 03:00:00+00:00,-25992.0
2023-08-15 04:00:00+00:00,-30471.0
2023-08-15 05:00:00+00:00,-28035.0
2023-08-15 06:00:00+00:00,-28518.0
2023-08-15 07:00:00+00:00,-24552.0
2023-08-15 08:00:00+00:00,-22369.0
2023-08-15 09:00:00+00:00,-16514.0
2023-08-15 10:00:00+00:00,-16763.0
2023-08-15 11:00:00+00:00,-14000.0
2023-08-15 12:00:00+00:00,-18554.0
2023-08-15 13:00:00+00:00,-24090.0
2023-08-15 14:00:00+00:00,-29151.0
2023-08-15 15:00:00+00:00,-37299.0
2023-08-15 16:00:00+00:00,-43753.0
2023-08-15 17:00:00+00:00,-41328.0
2023-08-15 18:00:00+00:00,-42567.0
2023-08-15 19:00:00+00:00,-36058.0
2023-08-15 20:00:00+00:00,-31333.0
2023-08-15 21:00:00+00:00,-29756.0
2023-08-15 22:00:00+00:00,-27787.0
2023-08-15 23:00:00+00:00,-30959.0
2023-08-16 00:00:00+00:00,-34615.0
2023-08-16 01:00:00+00:00,-36103.0
2023-08-16 02:00:00+00:00,-37030.0
2023-08-16 03:00:00+00:00,-39558.0
2023-08-16 04:00:00+00:00,-44542.0
2023-08-16 05:00:00+00:00,-46160.0
2023-08-16 06:00:00+00:00,-43396.0
2023-08-16 07:00:00+00:00,-37086.0
2023-08-16 08:00:00+00:00,-35900.0
2023-08-16 09:00:00+00:00,-36674.0
2023-08-16 10:00:00+00:00,-33694.0
2023-08-16 11:00:00+00:00,-28077.0
2023-08-16 12:00:00+00:00,-26976.0
2023-08-16 13:00:00+00:00,-27458.0
2023-08-16 14:00:00+00:00,-29380.0
2023-08-16 15:00:00+00:00,-38369.0
2023-08-16 16:00:00+00:00,-44385.0
2023-08-16 17:00:00+00:00,-43774.0
2023-08-16 18:00:00+00:00,-39915.0
2023-08-16 19:00:00+00:00,-35567.0
2023-08-16 20:00:00+00:00,-31847.0
2023-08-16 21:00:00+00:00,-30419.0
2023-08-16 22:00:00+00:00,-29253.0
2023-08-16 23:00:00+00:00,-31270.0
2023-08-17 00:00:00+00:00,-32020.0
2023-08-17 01:00:00+00:00,-32538.0
2023-08-17 02:00:00+00:00,-32080.0
2023-08-17 03:00:00+00:00,-35639.0
2023-08-17 04:00:00+00:00,-39806.0
2023-08-17 05:00:00+00:00,-38258.0
2023-08-17 06:00:00+00:00,-37448.0
2023-08-17 07:00:00+00:00,-34957.0
2023-08-17 08:00:00+00:00,-27550.0
2023-08-17 09:00:00+00:00,-23332.0
2023-08-17 10:00:00+00:00,-24157.0
2023-08-17 11:00:00+00:00,-21867.0
2023-08-17 12:00:00+00:00,-20876.0
2023-08-17 13:00:00+00:00,-22625.0
2023-08-17 14:00:00+00:00,-26172.0
2023-08-17 15:00:00+00:00,-34510.0
2023-08-17 16:00:00+00:00,-36559.0
2023-08-17 17:00:00+00:00,-37982.0
2023-08-17 18:00:00+00:00,-37533.0
2023-08-17 19:00:00+00:00,-37916.0
2023-08-17 20:00:00+00:00,-34155.0
2023-08-17 21:00:00+00:00,-31505.0
2023-08-17 22:00:00+00:00,-31253.0
2023-08-17 23:00:00+00:00,-27538.0
2023-08-18 00:00:00+00:00,-28136.0
2023-08-18 01:00:00+00:00,-30185.0
2023-08-18 02:00:00+00:00,-29484.0
2023-08-18 03:00:00+00:00,-30715.0
2023-08-18 04:00:00+00:00,-37059.0
2023-08-18 05:00:00+00:00,-36603.0
2023-08-18 06:00:00+00:00,-32511.0
2023-08-18 07:00:00+00:00,-25136.0
2023-08-18 08:00:00+00:00,-14281.0
2023-08-18 09:00:00+00:00,-8724.0
2023-08-18 10:00:00+00:00,-6952.0
2023-08-18 11:00:00+00:00,-6915.0
2023-08-18 12:00:00+00:00,-7389.0
2023-08-18 13:00:00+00:00,-14131.0
2023-08-18 14:00:00+00:00,-19712.0
2023-08-18 15:00:00+00:00,-27839.0
2023-08-18 16:00:00+00:00,-34647.0
2023-08-18 17:00:00+00:00,-38250.0
2023-08-18 18:00:00+00:00,-38016.0
2023-08-18 19:00:00+00:00,-32226.0
2023-08-18 20:00:00+00:00,-26833.0
2023-08-18 21:00:00+00:00,-18334.0
2023-08-18 22:00:00+00:00,-21833.0
2023-08-18 23:00:00+00:00,-23836.0
2023-08-19 00:00:00+00:00,-23718.0
2023-08-19 01:00:00+00:00,-22631.0
2023-08-19 02:00:00+00:00,-23153.0
2023-08-19 03:00:00+00:00,-22866.0
2023-08-19 04:00:00+00:00,-21758.0
2023-08-19 05:00:00+00:00,-20268.0
2023-08-19 06:00:00+00:00,-11558.0
2023-08-19 07:00:00+00:00,-7220.0
2023-08-19 08:00:00+00:00,-6563.0
2023-08-19 09:00:00+00:00,-8236.0
2023-08-19 10:00:00+00:00,-8035.0
2023-08-19 11:00:00+00:00,-5251.0
2023-08-19 12:00:00+00:00,-9060.0
2023-08-19 13:00:00+00:00,-17181.0
2023-08-19 14:00:00+00:00,-29243.0
2023-08-19 15:00:00+00:00,-37224.0
2023-08-19 16:00:00+00:00,-43105.0
2023-08-19 17:00:00+00:00,-43981.0
2023-08-19 18:00:00+00:00,-42057.0
2023-08-19 19:00:00+00:00,-41223.0
2023-08-19 20:00:00+00:00,-38085.0
2023-08-19 21:00:00+00:00,-34830.0
2023-08-19 22:00:00+00:00,-35522.0
2023-08-19 23:00:00+00:00,-37314.0
2023-08-20 00:00:00+00:00,-35626.0
2023-08-20 01:00:00+00:00,-34293.0
2023-08-20 02:00:00+00:00,-34864.0
2023-08-20 03:00:00+00:00,-33309.0
2023-08-20 04:00:00+00:00,-31710.0
2023-08-20 05:00:00+00:00,-29384.0
2023-08-20 06:00:00+00:00,-26870.0
2023-08-20 07:00:00+00:00,-16707.0
2023-08-20 08:00:00+00:00,-13834.0
2023-08-20 09:00:00+00:00,-9798.0
2023-08-20 10:00:00+00:00,1523.0
2023-08-20 11:00:00+00:00,5593.0
2023-08-20 12:00:00+00:00,4010.0
2023-08-20 13:00:00+00:00,-3602.0
2023-08-20 14:00:00+00:00,-12796.0
2023-08-20 15:00:00+00:00,-26903.0
2023-08-20 16:00:00+00:00,-36790.0
2023-08-20 17:00:00+00:00,-39780.0
2023-08-20 18:00:00+00:00,-38234.0
2023-08-20 19:00:00+00:00,-36700.0
2023-08-20 20:00:00+00:00,-37746.0
2023-08-20 21:00:00+00:00,-34451.0
2023-08-20 22:00:00+00:00,-31452.0
2023-08-20 23:00:00+00:00,-29381.0
2023-08-21 00:00:00+00:00,-29285.0
2023-08-21 01:00:00+00:00,-29992.0
2023-08-21 02:00:00+00:00,-29730.0
2023-08-21 03:00:00+00:00,-35218.0
2023-08-21 04:00:00+00:00,-39801.0
2023-08-21 05:00:00+00:00,-41365.0
2023-08-21 06:00:00+00:00,-38994.0
2023-08-21 07:00:00+00:00,-30466.0
2023-08-21 08:00:00+00:00,-18882.0
2023-08-21 09:00:00+00:00,-17555.0
2023-08-21 10:00:00+00:00,-16055.0
2023-08-21 11:00:00+00:00,-15531.0
2023-08-21 12:00:00+00:00,-15428.0
2023-08-21 13:00:00+00:00,-17972.0
2023-08-21 14:00:00+00:00,-21726.0
2023-08-21 15:00:00+00:00,-32028.0
2023-08-21 16:00:00+00:00,-35748.0
2023-08-21 17:00:00+00:00,-40325.0
2023-08-21 18:00:00+00:00,-38584.0
2023-08-21 19:00:00+00:00,-36016.0
2023-08-21 20:00:00+00:00,-33350.0
2023-08-21 21:00:00+00:00,-30793.0
2023-08-21 22:00:00+00:00,-32140.0
2023-08-21 23:00:00+00:00,-29485.0
2023-08-22 00:00:00+00:00,-27373.0
2023-08-22 01:00:00+00:00,-32344.0
2023-08-22 02:00:00+00:00,-32588.0
2023-08-22 03:00:00+00:00,-35156.0
2023-08-22 04:00:00+00:00,-38086.0
2023-08-22 05:00:00+00:00,-37560.0
2023-08-22 06:00:00+00:00,-35327.0
2023-08-22 07:00:00+00:00,-22110.0
2023-08-22 08:00:00+00:00,-13359.0
2023-08-22 09:00:00+00:00,-9510.0
2023-08-22 10:00:00+00:00,-7857.0
2023-08-22 11:00:00+00:00,-8783.0
2023-08-22 12:00:00+00:00,-11313.0
2023-08-22 13:00:00+00:00,-16705.0
2023-08-22 14:00:00+00:00,-24192.0
2023-08-22 15:00:00+00:00,-24105.0
2023-08-22 16:00:00+00:00,-27069.0
2023-08-22 17:00:00+00:00,-27596.0
2023-08-22 18:00:00+00:00,-26038.0
2023-08-22 19:00:00+00:00,-25752.0
2023-08-22 20:00:00+00:00,-25357.0
2023-08-22 21:00:00+00:00,-24597.0
2023-08-22 22:00:00+00:00,-23450.0
2023-08-22 23:00:00+00:00,-24147.0
2023-08-23 00:00:00+00:00,-26950.0
2023-08-23 01:00:00+00:00,-26705.0
2023-08-23 02:00:00+00:00,-29396.0
2023-08-23 03:00:00+00:00,-31938.0
2023-08-23 04:00:00+00:00,-35855.0
2023-08-23 05:00:00+00:00,-29355.0
2023-08-23 06:00:00+00:00,-26750.0
2023-08-23 07:00:00+00:00,-14750.0
2023-08-23 08:00:00+00:00,-2863.0
2023-08-23 09:00:00+00:00,-4833.0
2023-08-23 10:00:00+00:00,-5801.0
2023-08-23 11:00:00+00:00,-6087.0
2023-08-23 12:00:00+00:00,-6040.0
2023-08-23 13:00:00+00:00,-7819.0
2023-08-23 14:00:00+00:00,-11977.0
2023-08-23 15:00:00+00:00,-19094.0
2023-08-23 16:00:00+00:00,-21837.0
2023-08-23 17:00:00+00:00,-29842.0
2023-08-23 18:00:00+00:00,-31013.0
2023-08-23 19:00:00+00:00,-26836.0
2023-08-23 20:00:00+00:00,-25210.0
2023-08-23 21:00:00+00:00,-24186.0
2023-08-23 22:00:00+00:00,-21579.0
2023-08-23 23:00:00+00:00,-25293.0
2023-08-24 00:00:00+00:00,-26882.0
2023-08-24 01:00:00+00:00,-26980.0
2023-08-24 02:00:00+00:00,-27164.0
2023-08-24 03:00:00+00:00,-26939.0
2023-08-24 04:00:00+00:00,-34879.0
2023-08-24 05:00:00+00:00,-33410.0
2023-08-24 06:00:00+00:00,-28774.0
2023-08-24 07:00:00+00:00,-18959.0
2023-08-24 08:00:00+00:00,-11212.0
2023-08-24 09:00:00+00:00,-5521.0
2023-08-24 10:00:00+00:00,-2508.0
2023-08-24 11:00:00+00:00,-2372.0
2023-08-24 12:00:00+00:00,-8345.0
2023-08-24 13:00:00+00:00,-9657.0
2023-08-24 14:00:00+00:00,-9697.0
2023-08-24 15:00:00+00:00,-21390.0
2023-08-24 16:00:00+00:00,-25819.0
2023-08-24 17:00:00+00:00,-30505.0
2023-08-24 18:00:00+00:00,-22712.0
2023-08-24 19:00:00+00:00,-17373.0
2023-08-24 20:00:00+00:00,-16020.0
2023-08-24 21:00:00+00:00,-14965.0
2023-08-24 22:00:00+00:00,-17519.0
2023-08-24 23:00:00+00:00,-20564.0
2023-08-25 00:00:00+00:00,-21901.0
2023-08-25 01:00:00+00:00,-22912.0
2023-08-25 02:00:00+00:00,-23721.0
2023-08-25 03:00:00+00:00,-27732.0
2023-08-25 04:00:00+00:00,-35095.0
2023-08-25 05:00:00+00:00,-34337.0
2023-08-25 06:00:00+00:00,-26291.0
2023-08-25 07:00:00+00:00,-21458.0
2023-08-25 08:00:00+00:00,-15464.0
2023-08-25 09:00:00+00:00,-17464.0
2023-08-25 10:00:00+00:00,-18877.0
2023-08-25 11:00:00+00:00,-22849.0
2023-08-25 12:00:00+00:00,-20847.0
2023-08-25 13:00:00+00:00,-21972.0
2023-08-25 14:00:00+00:00,-25633.0
2023-08-25 15:00:00+00:00,-26832.0
2023-08-25 16:00:00+00:00,-28996.0
2023-08-25 17:00:00+00:00,-31167.0
2023-08-25 18:00:00+00:00,-35875.0
2023-08-25 19:00:00+00:00,-31724.0
2023-08-25 20:00:00+00:00,-22767.0
2023-08-25 21:00:00+00:00,-22790.0
2023-08-25 22:00:00+00:00,-24358.0
2023-08-25 23:00:00+00:00,-25954.0
2023-08-26 00:00:00+00:00,-24607.0
2023-08-26 01:00:00+00:00,-24415.0
2023-08-26 02:00:00+00:00,-24934.0
2023-08-26 03:00:00+00:00,-24945.0
2023-08-26 04:00:00+00:00,-25004.0
2023-08-26 05:00:00+00:00,-25724.0
2023-08-26 06:00:00+00:00,-19104.0
2023-08-26 07:00:00+00:00,-13820.0
2023-08-26 08:00:00+00:00,-5563.0
2023-08-26 09:00:00+00:00,1974.0
2023-08-26 10:00:00+00:00,9775.0
2023-08-26 11:00:00+00:00,15095.0
2023-08-26 12:00:00+00:00,9192.0
2023-08-26 13:00:00+00:00,72.0
2023-08-26 14:00:00+00:00,-12897.0
2023-08-26 15:00:00+00:00,-20968.0
2023-08-26 16:00:00+00:00,-27774.0
2023-08-26 17:00:00+00:00,-32253.0
2023-08-26 18:00:00+00:00,-30538.0
2023-08-26 19:00:00+00:00,-28563.0
2023-08-26 20:00:00+00:00,-26829.0
2023-08-26 21:00:00+00:00,-27050.0
2023-08-26 22:00:00+00:00,-30586.0
2023-08-26 23:00:00+00:00,-30848.0
2023-08-27 00:00:00+00:00,-28960.0
2023-08-27 01:00:00+00:00,-28622.0
2023-08-27 02:00:00+00:00,-29199.0
2023-08-27 03:00:00+00:00,-30123.0
2023-08-27 04:00:00+00:00,-28155.0
2023-08-27 05:00:00+00:00,-29184.0
2023-08-27 06:00:00+00:00,-30571.0
2023-08-27 07:00:00+00:00,-34685.0
2023-08-27 08:00:00+00:00,-40928.0
2023-08-27 09:00:00+00:00,-40179.0
2023-08-27 10:00:00+00:00,-35723.0
2023-08-27 11:00:00+00:00,-28892.0
2023-08-27 12:00:00+00:00,-26193.0
2023-08-27 13:00:00+00:00,-28662.0
2023-08-27 14:00:00+00:00,-31016.0
2023-08-27 15:00:00+00:00,-26452.0
2023-08-27 16:00:00+00:00,-29671.0
2023-08-27 17:00:00+00:00,-32377.0
2023-08-27 18:00:00+00:00,-34504.0
2023-08-27 19:00:00+00:00,-27764.0
2023-08-27 20:00:00+00:00,-23182.0
2023-08-27 21:00:00+00:00,-17558.0
2023-08-27 22:00:00+00:00,-13171.0
2023-08-27 23:00:00+00:00,-9050.0
2023-08-28 00:00:00+00:00,-7433.0
2023-08-28 01:00:00+00:00,-10863.0
2023-08-28 02:00:00+00:00,-13476.0
2023-08-28 03:00:00+00:00,-21207.0
2023-08-28 04:00:00+00:00,-27665.0
2023-08-28 05:00:00+00:00,-28818.0
2023-08-28 06:00:00+00:00,-29685.0
2023-08-28 07:00:00+00:00,-32474.0
2023-08-28 08:00:00+00:00,-31100.0
2023-08-28 09:00:00+00:00,-30927.0
2023-08-28 10:00:00+00:00,-30987.0
2023-08-28 11:00:00+00:00,-28464.0
2023-08-28 12:00:00+00:00,-29142.0
2023-08-28 13:00:00+00:00,-30722.0
2023-08-28 14:00:00+00:00,-33793.0
2023-08-28 15:00:00+00:00,-36937.0
2023-08-28 16:00:00+00:00,-37611.0
2023-08-28 17:00:00+00:00,-38181.0
2023-08-28 18:00:00+00:00,-34900.0
2023-08-28 19:00:00+00:00,-35721.0
2023-08-28 20:00:00+00:00,-32389.0
2023-08-28 21:00:00+00:00,-30161.0
2023-08-28 22:00:00+00:00,-28289.0
2023-08-28 23:00:00+00:00,-29921.0
2023-08-29 00:00:00+00:00,-31306.0
2023-08-29 01:00:00+00:00,-32856.0
2023-08-29 02:00:00+00:00,-33013.0
2023-08-29 03:00:00+00:00,-35439.0
2023-08-29 04:00:00+00:00,-37419.0
2023-08-29 05:00:00+00:00,-36056.0
2023-08-29 06:00:00+00:00,-38242.0
2023-08-29 07:00:00+00:00,-39096.0
2023-08-29 08:00:00+00:00,-40377.0
2023-08-29 09:00:00+00:00,-39996.0
2023-08-29 10:00:00+00:00,-38671.0
2023-08-29 11:00:00+00:00,-35542.0
2023-08-29 12:00:00+00:00,-30704.0
2023-08-29 13:00:00+00:00,-33833.0
2023-08-29 14:00:00+00:00,-33568.0
2023-08-29 15:00:00+00:00,-33968.0
2023-08-29 16:00:00+00:00,-36574.0
2023-08-29 17:00:00+00:00,-35793.0
2023-08-29 18:00:00+00:00,-33960.0
2023-08-29 19:00:00+00:00,-34825.0
2023-08-29 20:00:00+00:00,-34592.0
2023-08-29 21:00:00+00:00,-34413.0
2023-08-29 22:00:00+00:00,-35696.0
2023-08-29 23:00:00+00:00,-35633.0
2023-08-30 00:00:00+00:00,-36235.0
2023-08-30 01:00:00+00:00,-37079.0
2023-08-30 02:00:00+00:00,-37506.0
2023-08-30 03:00:00+00:00,-34836.0
2023-08-30 04:00:00+00:00,-39104.0
2023-08-30 05:00:00+00:00,-32397.0
2023-08-30 06:00:00+00:00,-29758.0
2023-08-30 07:00:00+00:00,-24224.0
2023-08-30 08:00:00+00:00,-18053.0
2023-08-30 09:00:00+00:00,-15635.0
2023-08-30 10:00:00+00:00,-15704.0
2023-08-30 11:00:00+00:00,-18593.0
2023-08-30 12:00:00+00:00,-23094.0
2023-08-30 13:00:00+00:00,-28709.0
2023-08-30 14:00:00+00:00,-29042.0
2023-08-30 15:00:00+00:00,-29621.0
2023-08-30 16:00:00+00:00,-30512.0
2023-08-30 17:00:00+00:00,-32009.0
2023-08-30 18:00:00+00:00,-29941.0
2023-08-30 19:00:00+00:00,-25106.0
2023-08-30 20:00:00+00:00,-21239.0
2023-08-30 21:00:00+00:00,-20796.0
2023-08-30 22:00:00+00:00,-18552.0
2023-08-30 23:00:00+00:00,-22115.0
2023-08-31 00:00:00+00:00,-22079.0
2023-08-31 01:00:00+00:00,-25937.0
2023-08-31 02:00:00+00:00,-27467.0
2023-08-31 03:00:00+00:00,-29381.0
2023-08-31 04:00:00+00:00,-30662.0
2023-08-31 05:00:00+00:00,-28549.0
2023-08-31 06:00:00+00:00,-22086.0
2023-08-31 07:00:00+00:00,-14884.0
2023-08-31 08:00:00+00:00,-6867.0
2023-08-31 09:00:00+00:00,-5441.0
2023-08-31 10:00:00+00:00,-1336.0
2023-08-31 11:00:00+00:00,1388.0
2023-08-31 12:00:00+00:00,3426.0
2023-08-31 13:00:00+00:00,5691.0
2023-08-31 14:00:00+00:00,62.0
2023-08-31 15:00:00+00:00,-7872.0
2023-08-31 16:00:00+00:00,-22535.0
2023-08-31 17:00:00+00:00,-29940.0
2023-08-31 18:00:00+00:00,-27108.0
2023-08-31 19:00:00+00:00,-24074.0
2023-08-31 20:00:00+00:00,-18677.0
2023-08-31 21:00:00+00:00,-14691.0
2023-08-31 22:00:00+00:00,-12613.0
2023-08-31 23:00:00+00:00,-14493.0
2023-09-01 00:00:00+00:00,-19055.0
2023-09-01 01:00:00+00:00,-23473.0
2023-09-01 02:00:00+00:00,-24735.0
2023-09-01 03:00:00+00:00,-24526.0
2023-09-01 04:00:00+00:00,-31197.0
2023-09-01 05:00:00+00:00,-31193.0
2023-09-01 06:00:00+00:00,-28530.0
2023-09-01 07:00:00+00:00,-26898.0
2023-09-01 08:00:00+00:00,-18680.0
2023-09-01 09:00:00+00:00,-16233.0
2023-09-01 10:00:00+00:00,-21979.0
2023-09-01 11:00:00+00:00,-26313.0
2023-09-01 12:00:00+00:00,-33459.0
2023-09-01 13:00:00+00:00,-29208.0
2023-09-01 14:00:00+00:00,-32365.0
2023-09-01 15:00:00+00:00,-34688.0
2023-09-01 16:00:00+00:00,-36015.0
2023-09-01 17:00:00+00:00,-38794.0
2023-09-01 18:00:00+00:00,-38841.0
2023-09-01 19:00:00+00:00,-38627.0
2023-09-01 20:00:00+00:00,-35523.0
2023-09-01 21:00:00+00:00,-33721.0
2023-09-01 22:00:00+00:00,-35159.0
2023-09-01 23:00:00+00:00,-35096.0
2023-09-02 00:00:00+00:00,-31439.0
2023-09-02 01:00:00+00:00,-32770.0
2023-09-02 02:00:00+00:00,-32167.0
2023-09-02 03:00:00+00:00,-34053.0
2023-09-02 04:00:00+00:00,-34924.0
2023-09-02 05:00:00+00:00,-34666.0
2023-09-02 06:00:00+00:00,-31585.0
2023-09-02 07:00:00+00:00,-19766.0
2023-09-02 08:00:00+00:00,-11103.0
2023-09-02 09:00:00+00:00,-5246.0
2023-09-02 10:00:00+00:00,-5178.0
2023-09-02 11:00:00+00:00,-4433.0
2023-09-02 12:00:00+00:00,-6505.0
2023-09-02 13:00:00+00:00,-9074.0
2023-09-02 14:00:00+00:00,-18033.0
2023-09-02 15:00:00+00:00,-28243.0
2023-09-02 16:00:00+00:00,-40517.0
2023-09-02 17:00:00+00:00,-45865.0
2023-09-02 18:00:00+00:00,-46914.0
2023-09-02 19:00:00+00:00,-42444.0
2023-09-02 20:00:00+00:00,-39928.0
2023-09-02 21:00:00+00:00,-35188.0
2023-09-02 22:00:00+00:00,-32918.0
2023-09-02 23:00:00+00:00,-26803.0
2023-09-03 00:00:00+00:00,-27310.0
2023-09-03 01:00:00+00:00,-25859.0
2023-09-03 02:00:00+00:00,-25398.0
2023-09-03 03:00:00+00:00,-24410.0
2023-09-03 04:00:00+00:00,-22396.0
2023-09-03 05:00:00+00:00,-21958.0
2023-09-03 06:00:00+00:00,-21847.0
2023-09-03 07:00:00+00:00,-13319.0
2023-09-03 08:00:00+00:00,-7650.0
2023-09-03 09:00:00+00:00,-5085.0
2023-09-03 10:00:00+00:00,3047.0
2023-09-03 11:00:00+00:00,10176.0
2023-09-03 12:00:00+00:00,9726.0
2023-09-03 13:00:00+00:00,3393.0
2023-09-03 14:00:00+00:00,-7218.0
2023-09-03 15:00:00+00:00,-16972.0
2023-09-03 16:00:00+00:00,-30962.0
2023-09-03 17:00:00+00:00,-32461.0
2023-09-03 18:00:00+00:00,-33794.0
2023-09-03 19:00:00+00:00,-33395.0
2023-09-03 20:00:00+00:00,-31834.0
2023-09-03 21:00:00+00:00,-29243.0
2023-09-03 22:00:00+00:00,-24307.0
2023-09-03 23:00:00+00:00,-22973.0
2023-09-04 00:00:00+00:00,-23404.0
2023-09-04 01:00:00+00:00,-23054.0
2023-09-04 02:00:00+00:00,-23814.0
2023-09-04 03:00:00+00:00,-28906.0
2023-09-04 04:00:00+00:00,-37865.0
2023-09-04 05:00:00+00:00,-36243.0
2023-09-04 06:00:00+00:00,-32587.0
2023-09-04 07:00:00+00:00,-19795.0
2023-09-04 08:00:00+00:00,-9128.0
2023-09-04 09:00:00+00:00,-5090.0
2023-09-04 10:00:00+00:00,-1856.0
2023-09-04 11:00:00+00:00,186.0
2023-09-04 12:00:00+00:00,-1821.0
2023-09-04 13:00:00+00:00,-7496.0
2023-09-04 14:00:00+00:00,-15224.0
2023-09-04 15:00:00+00:00,-26029.0
2023-09-04 16:00:00+00:00,-38079.0
2023-09-04 17:00:00+00:00,-39411.0
2023-09-04 18:00:00+00:00,-37340.0
2023-09-04 19:00:00+00:00,-30820.0
2023-09-04 20:00:00+00:00,-25523.0
2023-09-04 21:00:00+00:00,-20041.0
2023-09-04 22:00:00+00:00,-14125.0
2023-09-04 23:00:00+00:00,-12558.0
2023-09-05 00:00:00+00:00,-14304.0
2023-09-05 01:00:00+00:00,-15717.0
2023-09-05 02:00:00+00:00,-16460.0
2023-09-05 03:00:00+00:00,-18259.0
2023-09-05 04:00:00+00:00,-27407.0
2023-09-05 05:00:00+00:00,-25695.0
2023-09-05 06:00:00+00:00,-17304.0
2023-09-05 07:00:00+00:00,-6627.0
2023-09-05 08:00:00+00:00,-4984.0
2023-09-05 09:00:00+00:00,-1813.0
2023-09-05 10:00:00+00:00,1450.0
2023-09-05 11:00:00+00:00,-2117.0
2023-09-05 12:00:00+00:00,-2089.0
2023-09-05 13:00:00+00:00,-7837.0
2023-09-05 14:00:00+00:00,-16064.0
2023-09-05 15:00:00+00:00,-24468.0
2023-09-05 16:00:00+00:00,-33939.0
2023-09-05 17:00:00+00:00,-33581.0
2023-09-05 18:00:00+00:00,-30593.0
2023-09-05 19:00:00+00:00,-24781.0
2023-09-05 20:00:00+00:00,-18604.0
2023-09-05 21:00:00+00:00,-15212.0
2023-09-05 22:00:00+00:00,-17603.0
2023-09-05 23:00:00+00:00,-23103.0
2023-09-06 00:00:00+00:00,-24803.0
2023-09-06 01:00:00+00:00,-26627.0
2023-09-06 02:00:00+00:00,-27251.0
2023-09-06 03:00:00+00:00,-26252.0
2023-09-06 04:00:00+00:00,-32497.0
2023-09-06 05:00:00+00:00,-32279.0
2023-09-06 06:00:00+00:00,-23492.0
2023-09-06 07:00:00+00:00,-9544.0
2023-09-06 08:00:00+00:00,-6434.0
2023-09-06 09:00:00+00:00,-5394.0
2023-09-06 10:00:00+00:00,266.0
2023-09-06 11:00:00+00:00,-1248.0
2023-09-06 12:00:00+00:00,-2262.0
2023-09-06 13:00:00+00:00,-7283.0
2023-09-06 14:00:00+00:00,-13945.0
2023-09-06 15:00:00+00:00,-17426.0
2023-09-06 16:00:00+00:00,-32198.0
2023-09-06 17:00:00+00:00,-33518.0
2023-09-06 18:00:00+00:00,-27182.0
2023-09-06 19:00:00+00:00,-16519.0
2023-09-06 20:00:00+00:00,-11173.0
2023-09-06 21:00:00+00:00,-10631.0
2023-09-06 22:00:00+00:00,-10133.0
2023-09-06 23:00:00+00:00,-19002.0
2023-09-07 00:00:00+00:00,-25399.0
2023-09-07 01:00:00+00:00,-26030.0
2023-09-07 02:00:00+00:00,-29784.0
2023-09-07 03:00:00+00:00,-26711.0
2023-09-07 04:00:00+00:00,-32513.0
2023-09-07 05:00:00+00:00,-27718.0
2023-09-07 06:00:00+00:00,-13816.0
2023-09-07 07:00:00+00:00,-4550.0
2023-09-07 08:00:00+00:00,1996.0
2023-09-07 09:00:00+00:00,2951.0
2023-09-07 10:00:00+00:00,5894.0
2023-09-07 11:00:00+00:00,10577.0
2023-09-07 12:00:00+00:00,9249.0
2023-09-07 13:00:00+00:00,6847.0
2023-09-07 14:00:00+00:00,-2948.0
2023-09-07 15:00:00+00:00,-9125.0
2023-09-07 16:00:00+00:00,-15875.0
2023-09-07 17:00:00+00:00,-17137.0
2023-09-07 18:00:00+00:00,-9081.0
2023-09-07 19:00:00+00:00,-16.0
2023-09-07 20:00:00+00:00,1036.0
2023-09-07 21:00:00+00:00,-1067.0
2023-09-07 22:00:00+00:00,-2921.0
2023-09-07 23:00:00+00:00,-5672.0
2023-09-08 00:00:00+00:00,-9926.0
2023-09-08 01:00:00+00:00,-15636.0
2023-09-08 02:00:00+00:00,-18873.0
2023-09-08 03:00:00+00:00,-18014.0
2023-09-08 04:00:00+00:00,-27260.0
2023-09-08 05:00:00+00:00,-24382.0
2023-09-08 06:00:00+00:00,-18018.0
2023-09-08 07:00:00+00:00,-8250.0
2023-09-08 08:00:00+00:00,-119.0
2023-09-08 09:00:00+00:00,2035.0
2023-09-08 10:00:00+00:00,3839.0
2023-09-08 11:00:00+00:00,7385.0
2023-09-08 12:00:00+00:00,3738.0
2023-09-08 13:00:00+00:00,-2219.0
2023-09-08 14:00:00+00:00,-7895.0
2023-09-08 15:00:00+00:00,-16372.0
2023-09-08 16:00:00+00:00,-26573.0
2023-09-08 17:00:00+00:00,-29151.0
2023-09-08 18:00:00+00:00,-28765.0
2023-09-08 19:00:00+00:00,-22170.0
2023-09-08 20:00:00+00:00,-20284.0
2023-09-08 21:00:00+00:00,-15195.0
2023-09-08 22:00:00+00:00,-14074.0
2023-09-08 23:00:00+00:00,-14931.0
2023-09-09 00:00:00+00:00,-15899.0
2023-09-09 01:00:00+00:00,-17321.0
2023-09-09 02:00:00+00:00,-19104.0
2023-09-09 03:00:00+00:00,-21463.0
2023-09-09 04:00:00+00:00,-22250.0
2023-09-09 05:00:00+00:00,-20311.0
2023-09-09 06:00:00+00:00,-12831.0
2023-09-09 07:00:00+00:00,-6731.0
2023-09-09 08:00:00+00:00,710.0
2023-09-09 09:00:00+00:00,2501.0
2023-09-09 10:00:00+00:00,6122.0
2023-09-09 11:00:00+00:00,10349.0
2023-09-09 12:00:00+00:00,8443.0
2023-09-09 13:00:00+00:00,481.0
2023-09-09 14:00:00+00:00,-8693.0
2023-09-09 15:00:00+00:00,-18309.0
2023-09-09 16:00:00+00:00,-29937.0
2023-09-09 17:00:00+00:00,-32134.0
2023-09-09 18:00:00+00:00,-29567.0
2023-09-09 19:00:00+00:00,-26411.0
2023-09-09 20:00:00+00:00,-22787.0
2023-09-09 21:00:00+00:00,-19420.0
2023-09-09 22:00:00+00:00,-18996.0
2023-09-09 23:00:00+00:00,-16892.0
2023-09-10 00:00:00+00:00,-19207.0
2023-09-10 01:00:00+00:00,-21128.0
2023-09-10 02:00:00+00:00,-21971.0
2023-09-10 03:00:00+00:00,-22100.0
2023-09-10 04:00:00+00:00,-21631.0
2023-09-10 05:00:00+00:00,-22856.0
2023-09-10 06:00:00+00:00,-13657.0
2023-09-10 07:00:00+00:00,-5638.0
2023-09-10 08:00:00+00:00,1204.0
2023-09-10 09:00:00+00:00,5440.0
2023-09-10 10:00:00+00:00,7295.0
2023-09-10 11:00:00+00:00,13463.0
2023-09-10 12:00:00+00:00,10446.0
2023-09-10 13:00:00+00:00,8119.0
2023-09-10 14:00:00+00:00,-2046.0
2023-09-10 15:00:00+00:00,-11892.0
2023-09-10 16:00:00+00:00,-27281.0
2023-09-10 17:00:00+00:00,-28203.0
2023-09-10 18:00:00+00:00,-28547.0
2023-09-10 19:00:00+00:00,-29383.0
2023-09-10 20:00:00+00:00,-28591.0
2023-09-10 21:00:00+00:00,-27096.0
2023-09-10 22:00:00+00:00,-23316.0
2023-09-10 23:00:00+00:00,-25573.0
2023-09-11 00:00:00+00:00,-26905.0
2023-09-11 01:00:00+00:00,-27847.0
2023-09-11 02:00:00+00:00,-26704.0
2023-09-11 03:00:00+00:00,-30747.0
2023-09-11 04:00:00+00:00,-36263.0
2023-09-11 05:00:00+00:00,-36229.0
2023-09-11 06:00:00+00:00,-32368.0
2023-09-11 07:00:00+00:00,-17413.0
2023-09-11 08:00:00+00:00,-11830.0
2023-09-11 09:00:00+00:00,-11139.0
2023-09-11 10:00:00+00:00,-10197.0
2023-09-11 11:00:00+00:00,-8180.0
2023-09-11 12:00:00+00:00,-7540.0
2023-09-11 13:00:00+00:00,-10560.0
2023-09-11 14:00:00+00:00,-16822.0
2023-09-11 15:00:00+00:00,-28835.0
2023-09-11 16:00:00+00:00,-38125.0
2023-09-11 17:00:00+00:00,-39219.0
2023-09-11 18:00:00+00:00,-38969.0
2023-09-11 19:00:00+00:00,-36388.0
2023-09-11 20:00:00+00:00,-33728.0
2023-09-11 21:00:00+00:00,-33659.0
2023-09-11 22:00:00+00:00,-31892.0
2023-09-11 23:00:00+00:00,-33301.0
2023-09-12 00:00:00+00:00,-32619.0
2023-09-12 01:00:00+00:00,-32181.0
2023-09-12 02:00:00+00:00,-31931.0
2023-09-12 03:00:00+00:00,-37062.0
2023-09-12 04:00:00+00:00,-38633.0
2023-09-12 05:00:00+00:00,-38817.0
2023-09-12 06:00:00+00:00,-33808.0
2023-09-12 07:00:00+00:00,-21288.0
2023-09-12 08:00:00+00:00,-7111.0
2023-09-12 09:00:00+00:00,-4859.0
2023-09-12 10:00:00+00:00,-5466.0
2023-09-12 11:00:00+00:00,-5309.0
2023-09-12 12:00:00+00:00,-8810.0
2023-09-12 13:00:00+00:00,-12943.0
2023-09-12 14:00:00+00:00,-18629.0
2023-09-12 15:00:00+00:00,-24329.0
2023-09-12 16:00:00+00:00,-31326.0
2023-09-12 17:00:00+00:00,-32544.0
2023-09-12 18:00:00+00:00,-33959.0
2023-09-12 19:00:00+00:00,-32602.0
2023-09-12 20:00:00+00:00,-27373.0
2023-09-12 21:00:00+00:00,-22466.0
2023-09-12 22:00:00+00:00,-22392.0
2023-09-12 23:00:00+00:00,-20065.0
2023-09-13 00:00:00+00:00,-22422.0
2023-09-13 01:00:00+00:00,-23244.0
2023-09-13 02:00:00+00:00,-25489.0
2023-09-13 03:00:00+00:00,-27130.0
2023-09-13 04:00:00+00:00,-35433.0
2023-09-13 05:00:00+00:00,-35919.0
2023-09-13 06:00:00+00:00,-31141.0
2023-09-13 07:00:00+00:00,-23576.0
2023-09-13 08:00:00+00:00,-15208.0
2023-09-13 09:00:00+00:00,-16229.0
2023-09-13 10:00:00+00:00,-15914.0
2023-09-13 11:00:00+00:00,-18427.0
2023-09-13 12:00:00+00:00,-16120.0
2023-09-13 13:00:00+00:00,-18765.0
2023-09-13 14:00:00+00:00,-24983.0
2023-09-13 15:00:00+00:00,-30661.0
2023-09-13 16:00:00+00:00,-32190.0
2023-09-13 17:00:00+00:00,-31166.0
2023-09-13 18:00:00+00:00,-30261.0
2023-09-13 19:00:00+00:00,-25320.0
2023-09-13 20:00:00+00:00,-25662.0
2023-09-13 21:00:00+00:00,-22555.0
2023-09-13 22:00:00+00:00,-22438.0
2023-09-13 23:00:00+00:00,-23521.0
2023-09-14 00:00:00+00:00,-25691.0
2023-09-14 01:00:00+00:00,-26072.0
2023-09-14 02:00:00+00:00,-26040.0
2023-09-14 03:00:00+00:00,-28086.0
2023-09-14 04:00:00+00:00,-36973.0
2023-09-14 05:00:00+00:00,-35570.0
2023-09-14 06:00:00+00:00,-32976.0
2023-09-14 07:00:00+00:00,-27683.0
2023-09-14 08:00:00+00:00,-23450.0
2023-09-14 09:00:00+00:00,-19964.0
2023-09-14 10:00:00+00:00,-14628.0
2023-09-14 11:00:00+00:00,-12552.0
2023-09-14 12:00:00+00:00,-14149.0
2023-09-14 13:00:00+00:00,-14577.0
2023-09-14 14:00:00+00:00,-17109.0
2023-09-14 15:00:00+00:00,-26237.0
2023-09-14 16:00:00+00:00,-27177.0
2023-09-14 17:00:00+00:00,-32240.0
2023-09-14 18:00:00+00:00,-28631.0
2023-09-14 19:00:00+00:00,-31713.0
2023-09-14 20:00:00+00:00,-28763.0
2023-09-14 21:00:00+00:00,-28750.0
2023-09-14 22:00:00+00:00,-26922.0
2023-09-14 23:00:00+00:00,-27725.0
2023-09-15 00:00:00+00:00,-29841.0
2023-09-15 01:00:00+00:00,-29404.0
2023-09-15 02:00:00+00:00,-29871.0
2023-09-15 03:00:00+00:00,-30096.0
2023-09-15 04:00:00+00:00,-31919.0
2023-09-15 05:00:00+00:00,-26793.0
2023-09-15 06:00:00+00:00,-22904.0
2023-09-15 07:00:00+00:00,-14708.0
2023-09-15 08:00:00+00:00,-9770.0
2023-09-15 09:00:00+00:00,-12280.0
2023-09-15 10:00:00+00:00,-8114.0
2023-09-15 11:00:00+00:00,-417.0
2023-09-15 12:00:00+00:00,-4082.0
2023-09-15 13:00:00+00:00,-7459.0
2023-09-15 14:00:00+00:00,-11042.0
2023-09-15 15:00:00+00:00,-17934.0
2023-09-15 16:00:00+00:00,-29596.0
2023-09-15 17:00:00+00:00,-27399.0
2023-09-15 18:00:00+00:00,-26857.0
2023-09-15 19:00:00+00:00,-19722.0
2023-09-15 20:00:00+00:00,-13858.0
2023-09-15 21:00:00+00:00,-4603.0
2023-09-15 22:00:00+00:00,-6087.0
2023-09-15 23:00:00+00:00,-7039.0
2023-09-16 00:00:00+00:00,-9081.0
2023-09-16 01:00:00+00:00,-12420.0
2023-09-16 02:00:00+00:00,-13802.0
2023-09-16 03:00:00+00:00,-15875.0
2023-09-16 04:00:00+00:00,-19400.0
2023-09-16 05:00:00+00:00,-20146.0
2023-09-16 06:00:00+00:00,-16344.0
2023-09-16 07:00:00+00:00,-10663.0
2023-09-16 08:00:00+00:00,-1688.0
2023-09-16 09:00:00+00:00,1992.0
2023-09-16 10:00:00+00:00,8615.0
2023-09-16 11:00:00+00:00,8967.0
2023-09-16 12:00:00+00:00,8823.0
2023-09-16 13:00:00+00:00,-1359.0
2023-09-16 14:00:00+00:00,-10224.0
2023-09-16 15:00:00+00:00,-23236.0
2023-09-16 16:00:00+00:00,-30926.0
2023-09-16 17:00:00+00:00,-36233.0
2023-09-16 18:00:00+00:00,-32636.0
2023-09-16 19:00:00+00:00,-30034.0
2023-09-16 20:00:00+00:00,-29802.0
2023-09-16 21:00:00+00:00,-24725.0
2023-09-16 22:00:00+00:00,-19703.0
2023-09-16 23:00:00+00:00,-20509.0
2023-09-17 00:00:00+00:00,-21956.0
2023-09-17 01:00:00+00:00,-21420.0
2023-09-17 02:00:00+00:00,-22564.0
2023-09-17 03:00:00+00:00,-24701.0
2023-09-17 04:00:00+00:00,-25660.0
2023-09-17 05:00:00+00:00,-23660.0
2023-09-17 06:00:00+00:00,-18960.0
2023-09-17 07:00:00+00:00,-13676.0
2023-09-17 08:00:00+00:00,-5810.0
2023-09-17 09:00:00+00:00,2016.0
2023-09-17 10:00:00+00:00,7677.0
2023-09-17 11:00:00+00:00,11446.0
2023-09-17 12:00:00+00:00,10391.0
2023-09-17 13:00:00+00:00,3035.0
2023-09-17 14:00:00+00:00,-3383.0
2023-09-17 15:00:00+00:00,-17663.0
2023-09-17 16:00:00+00:00,-28607.0
2023-09-17 17:00:00+00:00,-28741.0
2023-09-17 18:00:00+00:00,-26211.0
2023-09-17 19:00:00+00:00,-19487.0
2023-09-17 20:00:00+00:00,-13254.0
2023-09-17 21:00:00+00:00,-10450.0
2023-09-17 22:00:00+00:00,-5059.0
2023-09-17 23:00:00+00:00,-4413.0
2023-09-18 00:00:00+00:00,-6676.0
2023-09-18 01:00:00+00:00,-10139.0
2023-09-18 02:00:00+00:00,-8094.0
2023-09-18 03:00:00+00:00,-8445.0
2023-09-18 04:00:00+00:00,-15847.0
2023-09-18 05:00:00+00:00,-8578.0
2023-09-18 06:00:00+00:00,-2933.0
2023-09-18 07:00:00+00:00,1615.0
2023-09-18 08:00:00+00:00,-1251.0
2023-09-18 09:00:00+00:00,-6241.0
2023-09-18 10:00:00+00:00,-10450.0
2023-09-18 11:00:00+00:00,-19743.0
2023-09-18 12:00:00+00:00,-20223.0
2023-09-18 13:00:00+00:00,-19222.0
2023-09-18 14:00:00+00:00,-19417.0
2023-09-18 15:00:00+00:00,-23110.0
2023-09-18 16:00:00+00:00,-21925.0
2023-09-18 17:00:00+00:00,-21056.0
2023-09-18 18:00:00+00:00,-14675.0
2023-09-18 19:00:00+00:00,-3802.0
2023-09-18 20:00:00+00:00,-4007.0
2023-09-18 21:00:00+00:00,-1721.0
2023-09-18 22:00:00+00:00,1311.0
2023-09-18 23:00:00+00:00,91.0
2023-09-19 00:00:00+00:00,-660.0
2023-09-19 01:00:00+00:00,-3216.0
2023-09-19 02:00:00+00:00,-4048.0
2023-09-19 03:00:00+00:00,-6041.0
2023-09-19 04:00:00+00:00,-13579.0
2023-09-19 05:00:00+00:00,-8733.0
2023-09-19 06:00:00+00:00,-11787.0
2023-09-19 07:00:00+00:00,-2165.0
2023-09-19 08:00:00+00:00,2065.0
2023-09-19 09:00:00+00:00,5782.0
2023-09-19 10:00:00+00:00,7704.0
2023-09-19 11:00:00+00:00,11473.0
2023-09-19 12:00:00+00:00,16689.0
2023-09-19 13:00:00+00:00,10446.0
2023-09-19 14:00:00+00:00,6334.0
2023-09-19 15:00:00+00:00,753.0
2023-09-19 16:00:00+00:00,-7199.0
2023-09-19 17:00:00+00:00,-14925.0
2023-09-19 18:00:00+00:00,-13622.0
2023-09-19 19:00:00+00:00,-7631.0
2023-09-19 20:00:00+00:00,3747.0
2023-09-19 21:00:00+00:00,692.0
2023-09-19 22:00:00+00:00,-320.0
2023-09-19 23:00:00+00:00,-3544.0
2023-09-20 00:00:00+00:00,-3382.0
2023-09-20 01:00:00+00:00,-437.0
2023-09-20 02:00:00+00:00,-2420.0
2023-09-20 03:00:00+00:00,-7591.0
2023-09-20 04:00:00+00:00,-14022.0
2023-09-20 05:00:00+00:00,-14731.0
2023-09-20 06:00:00+00:00,-12704.0
2023-09-20 07:00:00+00:00,-643.0
2023-09-20 08:00:00+00:00,5517.0
2023-09-20 09:00:00+00:00,10037.0
2023-09-20 10:00:00+00:00,14816.0
2023-09-20 11:00:00+00:00,17305.0
2023-09-20 12:00:00+00:00,11521.0
2023-09-20 13:00:00+00:00,3613.0
2023-09-20 14:00:00+00:00,-3268.0
2023-09-20 15:00:00+00:00,-15588.0
2023-09-20 16:00:00+00:00,-29597.0
2023-09-20 17:00:00+00:00,-30965.0
2023-09-20 18:00:00+00:00,-29007.0
2023-09-20 19:00:00+00:00,-17723.0
2023-09-20 20:00:00+00:00,-10403.0
2023-09-20 21:00:00+00:00,-7867.0
2023-09-20 22:00:00+00:00,-15850.0
2023-09-20 23:00:00+00:00,-15076.0
2023-09-21 00:00:00+00:00,-14984.0
2023-09-21 01:00:00+00:00,-15064.0
2023-09-21 02:00:00+00:00,-13291.0
2023-09-21 03:00:00+00:00,-13681.0
2023-09-21 04:00:00+00:00,-16845.0
2023-09-21 05:00:00+00:00,-21100.0
2023-09-21 06:00:00+00:00,-11134.0
2023-09-21 07:00:00+00:00,-1522.0
2023-09-21 08:00:00+00:00,5651.0
2023-09-21 09:00:00+00:00,5827.0
2023-09-21 10:00:00+00:00,6901.0
2023-09-21 11:00:00+00:00,6018.0
2023-09-21 12:00:00+00:00,2109.0
2023-09-21 13:00:00+00:00,-5907.0
2023-09-21 14:00:00+00:00,-12596.0
2023-09-21 15:00:00+00:00,-15561.0
2023-09-21 16:00:00+00:00,-20812.0
2023-09-21 17:00:00+00:00,-23720.0
2023-09-21 18:00:00+00:00,-17658.0
2023-09-21 19:00:00+00:00,-12442.0
2023-09-21 20:00:00+00:00,-8073.0
2023-09-21 21:00:00+00:00,-8357.0
2023-09-21 22:00:00+00:00,-6620.0
2023-09-21 23:00:00+00:00,-10274.0
2023-09-22 00:00:00+00:00,-8320.0
2023-09-22 01:00:00+00:00,-12900.0
2023-09-22 02:00:00+00:00,-16033.0
2023-09-22 03:00:00+00:00,-17153.0
2023-09-22 04:00:00+00:00,-21713.0
2023-09-22 05:00:00+00:00,-22644.0
2023-09-22 06:00:00+00:00,-22356.0
2023-09-22 07:00:00+00:00,-23939.0
2023-09-22 08:00:00+00:00,-22058.0
2023-09-22 09:00:00+00:00,-21407.0
2023-09-22 10:00:00+00:00,-24794.0
2023-09-22 11:00:00+00:00,-17909.0
2023-09-22 12:00:00+00:00,-11867.0
2023-09-22 13:00:00+00:00,-12832.0
2023-09-22 14:00:00+00:00,-8315.0
2023-09-22 15:00:00+00:00,-5112.0
2023-09-22 16:00:00+00:00,-14249.0
2023-09-22 17:00:00+00:00,-14251.0
2023-09-22 18:00:00+00:00,-13764.0
2023-09-22 19:00:00+00:00,-15518.0
2023-09-22 20:00:00+00:00,-14831.0
2023-09-22 21:00:00+00:00,-12676.0
2023-09-22 22:00:00+00:00,-10846.0
2023-09-22 23:00:00+00:00,-10270.0
2023-09-23 00:00:00+00:00,-9239.0
2023-09-23 01:00:00+00:00,-11987.0
2023-09-23 02:00:00+00:00,-13493.0
2023-09-23 03:00:00+00:00,-11192.0
2023-09-23 04:00:00+00:00,-9998.0
2023-09-23 05:00:00+00:00,-10766.0
2023-09-23 06:00:00+00:00,-8137.0
2023-09-23 07:00:00+00:00,-3954.0
2023-09-23 08:00:00+00:00,-1739.0
2023-09-23 09:00:00+00:00,-2240.0
2023-09-23 10:00:00+00:00,4738.0
2023-09-23 11:00:00+00:00,8327.0
2023-09-23 12:00:00+00:00,6464.0
2023-09-23 13:00:00+00:00,16.0
2023-09-23 14:00:00+00:00,-9118.0
2023-09-23 15:00:00+00:00,-18865.0
2023-09-23 16:00:00+00:00,-31299.0
2023-09-23 17:00:00+00:00,-31198.0
2023-09-23 18:00:00+00:00,-28489.0
2023-09-23 19:00:00+00:00,-27007.0
2023-09-23 20:00:00+00:00,-19064.0
2023-09-23 21:00:00+00:00,-15124.0
2023-09-23 22:00:00+00:00,-14384.0
2023-09-23 23:00:00+00:00,-17557.0
2023-09-24 00:00:00+00:00,-21676.0
2023-09-24 01:00:00+00:00,-23008.0
2023-09-24 02:00:00+00:00,-24451.0
2023-09-24 03:00:00+00:00,-24551.0
2023-09-24 04:00:00+00:00,-27220.0
2023-09-24 05:00:00+00:00,-28398.0
2023-09-24 06:00:00+00:00,-24841.0
2023-09-24 07:00:00+00:00,-24876.0
2023-09-24 08:00:00+00:00,-13101.0
2023-09-24 09:00:00+00:00,-5490.0
2023-09-24 10:00:00+00:00,4095.0
2023-09-24 11:00:00+00:00,4513.0
2023-09-24 12:00:00+00:00,2619.0
2023-09-24 13:00:00+00:00,-405.0
2023-09-24 14:00:00+00:00,-13105.0
2023-09-24 15:00:00+00:00,-23843.0
2023-09-24 16:00:00+00:00,-31015.0
2023-09-24 17:00:00+00:00,-32664.0
2023-09-24 18:00:00+00:00,-29079.0
2023-09-24 19:00:00+00:00,-20284.0
2023-09-24 20:00:00+00:00,-15020.0
2023-09-24 21:00:00+00:00,-11185.0
2023-09-24 22:00:00+00:00,-9305.0
2023-09-24 23:00:00+00:00,-8676.0
2023-09-25 00:00:00+00:00,-5426.0
2023-09-25 01:00:00+00:00,-7312.0
2023-09-25 02:00:00+00:00,-9182.0
2023-09-25 03:00:00+00:00,-8080.0
2023-09-25 04:00:00+00:00,-16954.0
2023-09-25 05:00:00+00:00,-15184.0
2023-09-25 06:00:00+00:00,-4620.0
2023-09-25 07:00:00+00:00,3673.0
2023-09-25 08:00:00+00:00,12146.0
2023-09-25 09:00:00+00:00,12937.0
2023-09-25 10:00:00+00:00,13957.0
2023-09-25 11:00:00+00:00,10633.0
2023-09-25 12:00:00+00:00,7476.0
2023-09-25 13:00:00+00:00,3623.0
2023-09-25 14:00:00+00:00,-6992.0
2023-09-25 15:00:00+00:00,-21578.0
2023-09-25 16:00:00+00:00,-29745.0
2023-09-25 17:00:00+00:00,-29901.0
2023-09-25 18:00:00+00:00,-26809.0
2023-09-25 19:00:00+00:00,-28192.0
2023-09-25 20:00:00+00:00,-24705.0
2023-09-25 21:00:00+00:00,-21153.0
2023-09-25 22:00:00+00:00,-21539.0
2023-09-25 23:00:00+00:00,-23140.0
2023-09-26 00:00:00+00:00,-24693.0
2023-09-26 01:00:00+00:00,-28282.0
2023-09-26 02:00:00+00:00,-28762.0
2023-09-26 03:00:00+00:00,-31077.0
2023-09-26 04:00:00+00:00,-33093.0
2023-09-26 05:00:00+00:00,-29408.0
2023-09-26 06:00:00+00:00,-28496.0
2023-09-26 07:00:00+00:00,-19180.0
2023-09-26 08:00:00+00:00,-7142.0
2023-09-26 09:00:00+00:00,-3844.0
2023-09-26 10:00:00+00:00,-180.0
2023-09-26 11:00:00+00:00,1942.0
2023-09-26 12:00:00+00:00,606.0
2023-09-26 13:00:00+00:00,-5316.0
2023-09-26 14:00:00+00:00,-16028.0
2023-09-26 15:00:00+00:00,-25068.0
2023-09-26 16:00:00+00:00,-32346.0
2023-09-26 17:00:00+00:00,-35933.0
2023-09-26 18:00:00+00:00,-33889.0
2023-09-26 19:00:00+00:00,-32369.0
2023-09-26 20:00:00+00:00,-26151.0
2023-09-26 21:00:00+00:00,-23881.0
2023-09-26 22:00:00+00:00,-20598.0
2023-09-26 23:00:00+00:00,-21856.0
2023-09-27 00:00:00+00:00,-23940.0
2023-09-27 01:00:00+00:00,-25451.0
2023-09-27 02:00:00+00:00,-27102.0
2023-09-27 03:00:00+00:00,-31653.0
2023-09-27 04:00:00+00:00,-38115.0
2023-09-27 05:00:00+00:00,-35832.0
2023-09-27 06:00:00+00:00,-32334.0
2023-09-27 07:00:00+00:00,-25016.0
2023-09-27 08:00:00+00:00,-8977.0
2023-09-27 09:00:00+00:00,-2987.0
2023-09-27 10:00:00+00:00,-1714.0
2023-09-27 11:00:00+00:00,-1952.0
2023-09-27 12:00:00+00:00,-9163.0
2023-09-27 13:00:00+00:00,-12080.0
2023-09-27 14:00:00+00:00,-19441.0
2023-09-27 15:00:00+00:00,-28159.0
2023-09-27 16:00:00+00:00,-30228.0
2023-09-27 17:00:00+00:00,-34690.0
2023-09-27 18:00:00+00:00,-31006.0
2023-09-27 19:00:00+00:00,-26580.0
2023-09-27 20:00:00+00:00,-17165.0
2023-09-27 21:00:00+00:00,-12668.0
2023-09-27 22:00:00+00:00,-12336.0
2023-09-27 23:00:00+00:00,-12109.0
2023-09-28 00:00:00+00:00,-11584.0
2023-09-28 01:00:00+00:00,-13080.0
2023-09-28 02:00:00+00:00,-14419.0
2023-09-28 03:00:00+00:00,-13377.0
2023-09-28 04:00:00+00:00,-19130.0
2023-09-28 05:00:00+00:00,-20012.0
2023-09-28 06:00:00+00:00,-13204.0
2023-09-28 07:00:00+00:00,-6744.0
2023-09-28 08:00:00+00:00,-2956.0
2023-09-28 09:00:00+00:00,3216.0
2023-09-28 10:00:00+00:00,5966.0
2023-09-28 11:00:00+00:00,6740.0
2023-09-28 12:00:00+00:00,-940.0
2023-09-28 13:00:00+00:00,-6236.0
2023-09-28 14:00:00+00:00,-14724.0
2023-09-28 15:00:00+00:00,-26627.0
2023-09-28 16:00:00+00:00,-32296.0
2023-09-28 17:00:00+00:00,-32641.0
2023-09-28 18:00:00+00:00,-32472.0
2023-09-28 19:00:00+00:00,-34787.0
2023-09-28 20:00:00+00:00,-31141.0
2023-09-28 21:00:00+00:00,-26329.0
2023-09-28 22:00:00+00:00,-22033.0
2023-09-28 23:00:00+00:00,-19953.0
2023-09-29 00:00:00+00:00,-20534.0
2023-09-29 01:00:00+00:00,-19926.0
2023-09-29 02:00:00+00:00,-21005.0
2023-09-29 03:00:00+00:00,-24652.0
2023-09-29 04:00:00+00:00,-30089.0
2023-09-29 05:00:00+00:00,-27531.0
2023-09-29 06:00:00+00:00,-19636.0
2023-09-29 07:00:00+00:00,-8268.0
2023-09-29 08:00:00+00:00,-10714.0
2023-09-29 09:00:00+00:00,-8101.0
2023-09-29 10:00:00+00:00,-2402.0
2023-09-29 11:00:00+00:00,906.0
2023-09-29 12:00:00+00:00,-1441.0
2023-09-29 13:00:00+00:00,-5842.0
2023-09-29 14:00:00+00:00,-8270.0
2023-09-29 15:00:00+00:00,-13178.0
2023-09-29 16:00:00+00:00,-11994.0
2023-09-29 17:00:00+00:00,-8516.0
2023-09-29 18:00:00+00:00,631.0
2023-09-29 19:00:00+00:00,6499.0
2023-09-29 20:00:00+00:00,10657.0
2023-09-29 21:00:00+00:00,10030.0
2023-09-29 22:00:00+00:00,13882.0
2023-09-29 23:00:00+00:00,12852.0
2023-09-30 00:00:00+00:00,9949.0
2023-09-30 01:00:00+00:00,5805.0
2023-09-30 02:00:00+00:00,2547.0
2023-09-30 03:00:00+00:00,-484.0
2023-09-30 04:00:00+00:00,-4537.0
2023-09-30 05:00:00+00:00,-6479.0
2023-09-30 06:00:00+00:00,-7539.0
2023-09-30 07:00:00+00:00,-3214.0
2023-09-30 08:00:00+00:00,-4819.0
2023-09-30 09:00:00+00:00,-5287.0
2023-09-30 10:00:00+00:00,1467.0
2023-09-30 11:00:00+00:00,3783.0
2023-09-30 12:00:00+00:00,5981.0
2023-09-30 13:00:00+00:00,1846.0
2023-09-30 14:00:00+00:00,-9087.0
2023-09-30 15:00:00+00:00,-24589.0
2023-09-30 16:00:00+00:00,-36879.0
2023-09-30 17:00:00+00:00,-40287.0
2023-09-30 18:00:00+00:00,-36915.0
2023-09-30 19:00:00+00:00,-34193.0
2023-09-30 20:00:00+00:00,-30644.0
2023-09-30 21:00:00+00:00,-25935.0
2023-09-30 22:00:00+00:00,-21223.0
2023-09-30 23:00:00+00:00,-21762.0
2023-10-01 00:00:00+00:00,-21126.0
2023-10-01 01:00:00+00:00,-19547.0
2023-10-01 02:00:00+00:00,-16595.0
2023-10-01 03:00:00+00:00,-17757.0
2023-10-01 04:00:00+00:00,-17464.0
2023-10-01 05:00:00+00:00,-18414.0
2023-10-01 06:00:00+00:00,-17783.0
2023-10-01 07:00:00+00:00,-14290.0
2023-10-01 08:00:00+00:00,-10166.0
2023-10-01 09:00:00+00:00,-3308.0
2023-10-01 10:00:00+00:00,4393.0
2023-10-01 11:00:00+00:00,7250.0
2023-10-01 12:00:00+00:00,3005.0
2023-10-01 13:00:00+00:00,-2902.0
2023-10-01 14:00:00+00:00,-8052.0
2023-10-01 15:00:00+00:00,-18125.0
2023-10-01 16:00:00+00:00,-27577.0
2023-10-01 17:00:00+00:00,-26870.0
2023-10-01 18:00:00+00:00,-22583.0
2023-10-01 19:00:00+00:00,-20422.0
2023-10-01 20:00:00+00:00,-16751.0
2023-10-01 21:00:00+00:00,-13170.0
2023-10-01 22:00:00+00:00,-10572.0
2023-10-01 23:00:00+00:00,-13553.0
2023-10-02 00:00:00+00:00,-15485.0
2023-10-02 01:00:00+00:00,-19424.0
2023-10-02 02:00:00+00:00,-17660.0
2023-10-02 03:00:00+00:00,-17105.0
2023-10-02 04:00:00+00:00,-22940.0
2023-10-02 05:00:00+00:00,-18483.0
2023-10-02 06:00:00+00:00,-9044.0
2023-10-02 07:00:00+00:00,-2463.0
2023-10-02 08:00:00+00:00,8054.0
2023-10-02 09:00:00+00:00,11407.0
2023-10-02 10:00:00+00:00,12755.0
2023-10-02 11:00:00+00:00,8325.0
2023-10-02 12:00:00+00:00,6137.0
2023-10-02 13:00:00+00:00,564.0
2023-10-02 14:00:00+00:00,-6026.0
2023-10-02 15:00:00+00:00,-18192.0
2023-10-02 16:00:00+00:00,-26817.0
2023-10-02 17:00:00+00:00,-23975.0
2023-10-02 18:00:00+00:00,-22065.0
2023-10-02 19:00:00+00:00,-17793.0
2023-10-02 20:00:00+00:00,-15510.0
2023-10-02 21:00:00+00:00,-15769.0
2023-10-02 22:00:00+00:00,-13602.0
2023-10-02 23:00:00+00:00,-11869.0
2023-10-03 00:00:00+00:00,-8686.0
2023-10-03 01:00:00+00:00,-4533.0
2023-10-03 02:00:00+00:00,-50.0
2023-10-03 03:00:00+00:00,4657.0
2023-10-03 04:00:00+00:00,15071.0
2023-10-03 05:00:00+00:00,26066.0
2023-10-03 06:00:00+00:00,30214.0
2023-10-03 07:00:00+00:00,34688.0
2023-10-03 08:00:00+00:00,45160.0
2023-10-03 09:00:00+00:00,46678.0
2023-10-03 10:00:00+00:00,45707.0
2023-10-03 11:00:00+00:00,43823.0
2023-10-03 12:00:00+00:00,40468.0
2023-10-03 13:00:00+00:00,29699.0
2023-10-03 14:00:00+00:00,16777.0
2023-10-03 15:00:00+00:00,11607.0
2023-10-03 16:00:00+00:00,13337.0
2023-10-03 17:00:00+00:00,11217.0
2023-10-03 18:00:00+00:00,11326.0
2023-10-03 19:00:00+00:00,16253.0
2023-10-03 20:00:00+00:00,18410.0
2023-10-03 21:00:00+00:00,17825.0
2023-10-03 22:00:00+00:00,15542.0
2023-10-03 23:00:00+00:00,13301.0
2023-10-04 00:00:00+00:00,12852.0
2023-10-04 01:00:00+00:00,13733.0
2023-10-04 02:00:00+00:00,10081.0
2023-10-04 03:00:00+00:00,7710.0
2023-10-04 04:00:00+00:00,-5183.0
2023-10-04 05:00:00+00:00,-9271.0
2023-10-04 06:00:00+00:00,-5067.0
2023-10-04 07:00:00+00:00,2330.0
2023-10-04 08:00:00+00:00,14381.0
2023-10-04 09:00:00+00:00,18744.0
2023-10-04 10:00:00+00:00,20528.0
2023-10-04 11:00:00+00:00,21690.0
2023-10-04 12:00:00+00:00,20884.0
2023-10-04 13:00:00+00:00,10562.0
2023-10-04 14:00:00+00:00,-1818.0
2023-10-04 15:00:00+00:00,-13627.0
2023-10-04 16:00:00+00:00,-22088.0
2023-10-04 17:00:00+00:00,-22197.0
2023-10-04 18:00:00+00:00,-16245.0
2023-10-04 19:00:00+00:00,-6919.0
2023-10-04 20:00:00+00:00,-3532.0
2023-10-04 21:00:00+00:00,7449.0
2023-10-04 22:00:00+00:00,7395.0
2023-10-04 23:00:00+00:00,5948.0
2023-10-05 00:00:00+00:00,6851.0
2023-10-05 01:00:00+00:00,4469.0
2023-10-05 02:00:00+00:00,3108.0
2023-10-05 03:00:00+00:00,-308.0
2023-10-05 04:00:00+00:00,-4362.0
2023-10-05 05:00:00+00:00,-6599.0
2023-10-05 06:00:00+00:00,-4626.0
2023-10-05 07:00:00+00:00,3648.0
2023-10-05 08:00:00+00:00,8607.0
2023-10-05 09:00:00+00:00,12689.0
2023-10-05 10:00:00+00:00,12518.0
2023-10-05 11:00:00+00:00,9267.0
2023-10-05 12:00:00+00:00,-3922.0
2023-10-05 13:00:00+00:00,-9111.0
2023-10-05 14:00:00+00:00,-22272.0
2023-10-05 15:00:00+00:00,-32476.0
2023-10-05 16:00:00+00:00,-34769.0
2023-10-05 17:00:00+00:00,-38875.0
2023-10-05 18:00:00+00:00,-35076.0
2023-10-05 19:00:00+00:00,-31143.0
2023-10-05 20:00:00+00:00,-24157.0
2023-10-05 21:00:00+00:00,-18020.0
2023-10-05 22:00:00+00:00,-10596.0
2023-10-05 23:00:00+00:00,-10835.0
2023-10-06 00:00:00+00:00,-7230.0
2023-10-06 01:00:00+00:00,-11245.0
2023-10-06 02:00:00+00:00,-10315.0
2023-10-06 03:00:00+00:00,-10022.0
2023-10-06 04:00:00+00:00,-11241.0
2023-10-06 05:00:00+00:00,-11328.0
2023-10-06 06:00:00+00:00,-711.0
2023-10-06 07:00:00+00:00,8493.0
2023-10-06 08:00:00+00:00,13377.0
2023-10-06 09:00:00+00:00,18669.0
2023-10-06 10:00:00+00:00,20077.0
2023-10-06 11:00:00+00:00,18799.0
2023-10-06 12:00:00+00:00,16268.0
2023-10-06 13:00:00+00:00,14331.0
2023-10-06 14:00:00+00:00,8408.0
2023-10-06 15:00:00+00:00,2552.0
2023-10-06 16:00:00+00:00,2132.0
2023-10-06 17:00:00+00:00,3307.0
2023-10-06 18:00:00+00:00,7978.0
2023-10-06 19:00:00+00:00,15839.0
2023-10-06 20:00:00+00:00,17150.0
2023-10-06 21:00:00+00:00,17033.0
2023-10-06 22:00:00+00:00,18400.0
2023-10-06 23:00:00+00:00,14380.0
2023-10-07 00:00:00+00:00,10774.0
2023-10-07 01:00:00+00:00,9897.0
2023-10-07 02:00:00+00:00,7882.0
2023-10-07 03:00:00+00:00,8419.0
2023-10-07 04:00:00+00:00,6868.0
2023-10-07 05:00:00+00:00,6641.0
2023-10-07 06:00:00+00:00,6210.0
2023-10-07 07:00:00+00:00,5609.0
2023-10-07 08:00:00+00:00,3997.0
2023-10-07 09:00:00+00:00,94.0
2023-10-07 10:00:00+00:00,-3099.0
2023-10-07 11:00:00+00:00,-6200.0
2023-10-07 12:00:00+00:00,-6004.0
2023-10-07 13:00:00+00:00,-8778.0
2023-10-07 14:00:00+00:00,-12975.0
2023-10-07 15:00:00+00:00,-14658.0
2023-10-07 16:00:00+00:00,-9563.0
2023-10-07 17:00:00+00:00,-5612.0
2023-10-07 18:00:00+00:00,-3370.0
2023-10-07 19:00:00+00:00,-929.0
2023-10-07 20:00:00+00:00,114.0
2023-10-07 21:00:00+00:00,4699.0
2023-10-07 22:00:00+00:00,6283.0
2023-10-07 23:00:00+00:00,4210.0
2023-10-08 00:00:00+00:00,4259.0
2023-10-08 01:00:00+00:00,1544.0
2023-10-08 02:00:00+00:00,836.0
2023-10-08 03:00:00+00:00,-3871.0
2023-10-08 04:00:00+00:00,-5510.0
2023-10-08 05:00:00+00:00,-14001.0
2023-10-08 06:00:00+00:00,-18996.0
2023-10-08 07:00:00+00:00,-21223.0
2023-10-08 08:00:00+00:00,-20146.0
2023-10-08 09:00:00+00:00,-22103.0
2023-10-08 10:00:00+00:00,-24619.0
2023-10-08 11:00:00+00:00,-25816.0
2023-10-08 12:00:00+00:00,-23386.0
2023-10-08 13:00:00+00:00,-22326.0
2023-10-08 14:00:00+00:00,-23421.0
2023-10-08 15:00:00+00:00,-29884.0
2023-10-08 16:00:00+00:00,-32479.0
2023-10-08 17:00:00+00:00,-36120.0
2023-10-08 18:00:00+00:00,-32620.0
2023-10-08 19:00:00+00:00,-28744.0
2023-10-08 20:00:00+00:00,-21775.0
2023-10-08 21:00:00+00:00,-20497.0
2023-10-08 22:00:00+00:00,-19263.0
2023-10-08 23:00:00+00:00,-17367.0
2023-10-09 00:00:00+00:00,-16285.0
2023-10-09 01:00:00+00:00,-15351.0
2023-10-09 02:00:00+00:00,-15167.0
2023-10-09 03:00:00+00:00,-14130.0
2023-10-09 04:00:00+00:00,-18210.0
2023-10-09 05:00:00+00:00,-16418.0
2023-10-09 06:00:00+00:00,-11385.0
2023-10-09 07:00:00+00:00,-12240.0
2023-10-09 08:00:00+00:00,-14027.0
2023-10-09 09:00:00+00:00,-21406.0
2023-10-09 10:00:00+00:00,-27196.0
2023-10-09 11:00:00+00:00,-25174.0
2023-10-09 12:00:00+00:00,-21195.0
2023-10-09 13:00:00+00:00,-20180.0
2023-10-09 14:00:00+00:00,-20755.0
2023-10-09 15:00:00+00:00,-15658.0
2023-10-09 16:00:00+00:00,-9698.0
2023-10-09 17:00:00+00:00,-13784.0
2023-10-09 18:00:00+00:00,-9363.0
2023-10-09 19:00:00+00:00,-8101.0
2023-10-09 20:00:00+00:00,-9149.0
2023-10-09 21:00:00+00:00,-9791.0
2023-10-09 22:00:00+00:00,-7808.0
2023-10-09 23:00:00+00:00,-10260.0
2023-10-10 00:00:00+00:00,-12866.0
2023-10-10 01:00:00+00:00,-14718.0
2023-10-10 02:00:00+00:00,-16251.0
2023-10-10 03:00:00+00:00,-17048.0
2023-10-10 04:00:00+00:00,-27462.0
2023-10-10 05:00:00+00:00,-23379.0
2023-10-10 06:00:00+00:00,-19536.0
2023-10-10 07:00:00+00:00,-18697.0
2023-10-10 08:00:00+00:00,-17399.0
2023-10-10 09:00:00+00:00,-10025.0
2023-10-10 10:00:00+00:00,-8388.0
2023-10-10 11:00:00+00:00,-11760.0
2023-10-10 12:00:00+00:00,-10864.0
2023-10-10 13:00:00+00:00,-14185.0
2023-10-10 14:00:00+00:00,-14116.0
2023-10-10 15:00:00+00:00,-21883.0
2023-10-10 16:00:00+00:00,-17977.0
2023-10-10 17:00:00+00:00,-13008.0
2023-10-10 18:00:00+00:00,-6087.0
2023-10-10 19:00:00+00:00,2108.0
2023-10-10 20:00:00+00:00,1700.0
2023-10-10 21:00:00+00:00,292.0
2023-10-10 22:00:00+00:00,-258.0
2023-10-10 23:00:00+00:00,1339.0
2023-10-11 00:00:00+00:00,241.0
2023-10-11 01:00:00+00:00,99.0
2023-10-11 02:00:00+00:00,-1986.0
2023-10-11 03:00:00+00:00,-6886.0
2023-10-11 04:00:00+00:00,-9141.0
2023-10-11 05:00:00+00:00,627.0
2023-10-11 06:00:00+00:00,3363.0
2023-10-11 07:00:00+00:00,6880.0
2023-10-11 08:00:00+00:00,10144.0
2023-10-11 09:00:00+00:00,17071.0
2023-10-11 10:00:00+00:00,22011.0
2023-10-11 11:00:00+00:00,25978.0
2023-10-11 12:00:00+00:00,26850.0
2023-10-11 13:00:00+00:00,18123.0
2023-10-11 14:00:00+00:00,13514.0
2023-10-11 15:00:00+00:00,8998.0
2023-10-11 16:00:00+00:00,-6188.0
2023-10-11 17:00:00+00:00,-5930.0
2023-10-11 18:00:00+00:00,3581.0
2023-10-11 19:00:00+00:00,8189.0
2023-10-11 20:00:00+00:00,9563.0
2023-10-11 21:00:00+00:00,10185.0
2023-10-11 22:00:00+00:00,9577.0
2023-10-11 23:00:00+00:00,11042.0
2023-10-12 00:00:00+00:00,10566.0
2023-10-12 01:00:00+00:00,11269.0
2023-10-12 02:00:00+00:00,12222.0
2023-10-12 03:00:00+00:00,11417.0
2023-10-12 04:00:00+00:00,5947.0
2023-10-12 05:00:00+00:00,3873.0
2023-10-12 06:00:00+00:00,4331.0
2023-10-12 07:00:00+00:00,5825.0
2023-10-12 08:00:00+00:00,4575.0
2023-10-12 09:00:00+00:00,-4226.0
2023-10-12 10:00:00+00:00,-6114.0
2023-10-12 11:00:00+00:00,-9484.0
2023-10-12 12:00:00+00:00,-14809.0
2023-10-12 13:00:00+00:00,-16715.0
2023-10-12 14:00:00+00:00,-21954.0
2023-10-12 15:00:00+00:00,-23130.0
2023-10-12 16:00:00+00:00,-21690.0
2023-10-12 17:00:00+00:00,-19344.0
2023-10-12 18:00:00+00:00,-12050.0
2023-10-12 19:00:00+00:00,-12078.0
2023-10-12 20:00:00+00:00,-6525.0
2023-10-12 21:00:00+00:00,-401.0
2023-10-12 22:00:00+00:00,-604.0
2023-10-12 23:00:00+00:00,-3446.0
2023-10-13 00:00:00+00:00,-4270.0
2023-10-13 01:00:00+00:00,-9547.0
2023-10-13 02:00:00+00:00,-9954.0
2023-10-13 03:00:00+00:00,-14237.0
2023-10-13 04:00:00+00:00,-22207.0
2023-10-13 05:00:00+00:00,-16821.0
2023-10-13 06:00:00+00:00,-4789.0
2023-10-13 07:00:00+00:00,4924.0
2023-10-13 08:00:00+00:00,11274.0
2023-10-13 09:00:00+00:00,15014.0
2023-10-13 10:00:00+00:00,22466.0
2023-10-13 11:00:00+00:00,28932.0
2023-10-13 12:00:00+00:00,28252.0
2023-10-13 13:00:00+00:00,27161.0
2023-10-13 14:00:00+00:00,20796.0
2023-10-13 15:00:00+00:00,14037.0
2023-10-13 16:00:00+00:00,11917.0
2023-10-13 17:00:00+00:00,11368.0
2023-10-13 18:00:00+00:00,12767.0
2023-10-13 19:00:00+00:00,13502.0
2023-10-13 20:00:00+00:00,15424.0
2023-10-13 21:00:00+00:00,21963.0
2023-10-13 22:00:00+00:00,28116.0
2023-10-13 23:00:00+00:00,25742.0
2023-10-14 00:00:00+00:00,23262.0
2023-10-14 01:00:00+00:00,21369.0
2023-10-14 02:00:00+00:00,17651.0
2023-10-14 03:00:00+00:00,17169.0
2023-10-14 04:00:00+00:00,17575.0
2023-10-14 05:00:00+00:00,17867.0
2023-10-14 06:00:00+00:00,17505.0
2023-10-14 07:00:00+00:00,17348.0
2023-10-14 08:00:00+00:00,12803.0
2023-10-14 09:00:00+00:00,15093.0
2023-10-14 10:00:00+00:00,15846.0
2023-10-14 11:00:00+00:00,13726.0
2023-10-14 12:00:00+00:00,11402.0
2023-10-14 13:00:00+00:00,11555.0
2023-10-14 14:00:00+00:00,7340.0
2023-10-14 15:00:00+00:00,6314.0
2023-10-14 16:00:00+00:00,6128.0
2023-10-14 17:00:00+00:00,3787.0
2023-10-14 18:00:00+00:00,12688.0
2023-10-14 19:00:00+00:00,16433.0
2023-10-14 20:00:00+00:00,16689.0
2023-10-14 21:00:00+00:00,20771.0
2023-10-14 22:00:00+00:00,18437.0
2023-10-14 23:00:00+00:00,15626.0
2023-10-15 00:00:00+00:00,9832.0
2023-10-15 01:00:00+00:00,7126.0
2023-10-15 02:00:00+00:00,4784.0
2023-10-15 03:00:00+00:00,3754.0
2023-10-15 04:00:00+00:00,8172.0
2023-10-15 05:00:00+00:00,10194.0
2023-10-15 06:00:00+00:00,12440.0
2023-10-15 07:00:00+00:00,18769.0
2023-10-15 08:00:00+00:00,15713.0
2023-10-15 09:00:00+00:00,15149.0
2023-10-15 10:00:00+00:00,15728.0
2023-10-15 11:00:00+00:00,14825.0
2023-10-15 12:00:00+00:00,18502.0
2023-10-15 13:00:00+00:00,18562.0
2023-10-15 14:00:00+00:00,13266.0
2023-10-15 15:00:00+00:00,12929.0
2023-10-15 16:00:00+00:00,11404.0
2023-10-15 17:00:00+00:00,9667.0
2023-10-15 18:00:00+00:00,15970.0
2023-10-15 19:00:00+00:00,18485.0
2023-10-15 20:00:00+00:00,21089.0
2023-10-15 21:00:00+00:00,20149.0
2023-10-15 22:00:00+00:00,17040.0
2023-10-15 23:00:00+00:00,15420.0
2023-10-16 00:00:00+00:00,13571.0
2023-10-16 01:00:00+00:00,11185.0
2023-10-16 02:00:00+00:00,9819.0
2023-10-16 03:00:00+00:00,7867.0
2023-10-16 04:00:00+00:00,-62.0
2023-10-16 05:00:00+00:00,-6483.0
2023-10-16 06:00:00+00:00,-2012.0
2023-10-16 07:00:00+00:00,8236.0
2023-10-16 08:00:00+00:00,9841.0
2023-10-16 09:00:00+00:00,11543.0
2023-10-16 10:00:00+00:00,7679.0
2023-10-16 11:00:00+00:00,9174.0
2023-10-16 12:00:00+00:00,8683.0
2023-10-16 13:00:00+00:00,8035.0
2023-10-16 14:00:00+00:00,-809.0
2023-10-16 15:00:00+00:00,-11333.0
2023-10-16 16:00:00+00:00,-16498.0
2023-10-16 17:00:00+00:00,-16351.0
2023-10-16 18:00:00+00:00,-13700.0
2023-10-16 19:00:00+00:00,-12353.0
2023-10-16 20:00:00+00:00,-11795.0
2023-10-16 21:00:00+00:00,-9188.0
2023-10-16 22:00:00+00:00,-6866.0
2023-10-16 23:00:00+00:00,-10203.0
2023-10-17 00:00:00+00:00,-9556.0
2023-10-17 01:00:00+00:00,-13530.0
2023-10-17 02:00:00+00:00,-13293.0
2023-10-17 03:00:00+00:00,-15263.0
2023-10-17 04:00:00+00:00,-24548.0
2023-10-17 05:00:00+00:00,-29283.0
2023-10-17 06:00:00+00:00,-27042.0
2023-10-17 07:00:00+00:00,-19514.0
2023-10-17 08:00:00+00:00,-10571.0
2023-10-17 09:00:00+00:00,-10945.0
2023-10-17 10:00:00+00:00,-12726.0
2023-10-17 11:00:00+00:00,-17148.0
2023-10-17 12:00:00+00:00,-16564.0
2023-10-17 13:00:00+00:00,-15422.0
2023-10-17 14:00:00+00:00,-16971.0
2023-10-17 15:00:00+00:00,-18418.0
2023-10-17 16:00:00+00:00,-24932.0
2023-10-17 17:00:00+00:00,-24088.0
2023-10-17 18:00:00+00:00,-19200.0
2023-10-17 19:00:00+00:00,-14661.0
2023-10-17 20:00:00+00:00,-11483.0
2023-10-17 21:00:00+00:00,-12374.0
2023-10-17 22:00:00+00:00,-16564.0
2023-10-17 23:00:00+00:00,-17780.0
2023-10-18 00:00:00+00:00,-17913.0
2023-10-18 01:00:00+00:00,-17079.0
2023-10-18 02:00:00+00:00,-12679.0
2023-10-18 03:00:00+00:00,-12838.0
2023-10-18 04:00:00+00:00,-15511.0
2023-10-18 05:00:00+00:00,-19761.0
2023-10-18 06:00:00+00:00,-19548.0
2023-10-18 07:00:00+00:00,-5467.0
2023-10-18 08:00:00+00:00,-2111.0
2023-10-18 09:00:00+00:00,-7334.0
2023-10-18 10:00:00+00:00,-6847.0
2023-10-18 11:00:00+00:00,-5619.0
2023-10-18 12:00:00+00:00,-6293.0
2023-10-18 13:00:00+00:00,-6368.0
2023-10-18 14:00:00+00:00,-4816.0
2023-10-18 15:00:00+00:00,-3470.0
2023-10-18 16:00:00+00:00,-4211.0
2023-10-18 17:00:00+00:00,939.0
2023-10-18 18:00:00+00:00,2177.0
2023-10-18 19:00:00+00:00,3128.0
2023-10-18 20:00:00+00:00,2239.0
2023-10-18 21:00:00+00:00,4781.0
2023-10-18 22:00:00+00:00,2210.0
2023-10-18 23:00:00+00:00,5744.0
2023-10-19 00:00:00+00:00,5363.0
2023-10-19 01:00:00+00:00,2753.0
2023-10-19 02:00:00+00:00,927.0
2023-10-19 03:00:00+00:00,-5837.0
2023-10-19 04:00:00+00:00,-10495.0
2023-10-19 05:00:00+00:00,-8493.0
2023-10-19 06:00:00+00:00,-8340.0
2023-10-19 07:00:00+00:00,-5249.0
2023-10-19 08:00:00+00:00,-5878.0
2023-10-19 09:00:00+00:00,-3491.0
2023-10-19 10:00:00+00:00,-3311.0
2023-10-19 11:00:00+00:00,-5525.0
2023-10-19 12:00:00+00:00,-4827.0
2023-10-19 13:00:00+00:00,-4242.0
2023-10-19 14:00:00+00:00,-4599.0
2023-10-19 15:00:00+00:00,-5866.0
2023-10-19 16:00:00+00:00,-5733.0
2023-10-19 17:00:00+00:00,-1738.0
2023-10-19 18:00:00+00:00,-1711.0
2023-10-19 19:00:00+00:00,-531.0
2023-10-19 20:00:00+00:00,2053.0
2023-10-19 21:00:00+00:00,7090.0
2023-10-19 22:00:00+00:00,5361.0
2023-10-19 23:00:00+00:00,-1329.0
2023-10-20 00:00:00+00:00,453.0
2023-10-20 01:00:00+00:00,-532.0
2023-10-20 02:00:00+00:00,-1318.0
2023-10-20 03:00:00+00:00,-6905.0
2023-10-20 04:00:00+00:00,-6395.0
2023-10-20 05:00:00+00:00,-1882.0
2023-10-20 06:00:00+00:00,5570.0
2023-10-20 07:00:00+00:00,11585.0
2023-10-20 08:00:00+00:00,11050.0
2023-10-20 09:00:00+00:00,7572.0
2023-10-20 10:00:00+00:00,7470.0
2023-10-20 11:00:00+00:00,7533.0
2023-10-20 12:00:00+00:00,7620.0
2023-10-20 13:00:00+00:00,6835.0
2023-10-20 14:00:00+00:00,4934.0
2023-10-20 15:00:00+00:00,2826.0
2023-10-20 16:00:00+00:00,127.0
2023-10-20 17:00:00+00:00,-4023.0
2023-10-20 18:00:00+00:00,-1033.0
2023-10-20 19:00:00+00:00,1521.0
2023-10-20 20:00:00+00:00,2562.0
2023-10-20 21:00:00+00:00,5226.0
2023-10-20 22:00:00+00:00,601.0
2023-10-20 23:00:00+00:00,-4218.0
2023-10-21 00:00:00+00:00,-2787.0
2023-10-21 01:00:00+00:00,-5542.0
2023-10-21 02:00:00+00:00,-7517.0
2023-10-21 03:00:00+00:00,-9196.0
2023-10-21 04:00:00+00:00,-9677.0
2023-10-21 05:00:00+00:00,-9744.0
2023-10-21 06:00:00+00:00,-5972.0
2023-10-21 07:00:00+00:00,-2198.0
2023-10-21 08:00:00+00:00,-3477.0
2023-10-21 09:00:00+00:00,-4692.0
2023-10-21 10:00:00+00:00,4751.0
2023-10-21 11:00:00+00:00,7568.0
2023-10-21 12:00:00+00:00,2654.0
2023-10-21 13:00:00+00:00,-5297.0
2023-10-21 14:00:00+00:00,-10652.0
2023-10-21 15:00:00+00:00,-16639.0
2023-10-21 16:00:00+00:00,-17279.0
2023-10-21 17:00:00+00:00,-15559.0
2023-10-21 18:00:00+00:00,-11634.0
2023-10-21 19:00:00+00:00,-5617.0
2023-10-21 20:00:00+00:00,30.0
2023-10-21 21:00:00+00:00,1451.0
2023-10-21 22:00:00+00:00,11053.0
2023-10-21 23:00:00+00:00,12634.0
2023-10-22 00:00:00+00:00,11606.0
2023-10-22 01:00:00+00:00,10078.0
2023-10-22 02:00:00+00:00,11838.0
2023-10-22 03:00:00+00:00,12076.0
2023-10-22 04:00:00+00:00,10508.0
2023-10-22 05:00:00+00:00,8502.0
2023-10-22 06:00:00+00:00,9279.0
2023-10-22 07:00:00+00:00,9797.0
2023-10-22 08:00:00+00:00,10591.0
2023-10-22 09:00:00+00:00,12449.0
2023-10-22 10:00:00+00:00,13548.0
2023-10-22 11:00:00+00:00,15087.0
2023-10-22 12:00:00+00:00,13450.0
2023-10-22 13:00:00+00:00,6614.0
2023-10-22 14:00:00+00:00,-3569.0
2023-10-22 15:00:00+00:00,-14105.0
2023-10-22 16:00:00+00:00,-16800.0
2023-10-22 17:00:00+00:00,-11353.0
2023-10-22 18:00:00+00:00,-7434.0
2023-10-22 19:00:00+00:00,-7213.0
2023-10-22 20:00:00+00:00,-6867.0
2023-10-22 21:00:00+00:00,-6756.0
2023-10-22 22:00:00+00:00,-3951.0
2023-10-22 23:00:00+00:00,-5373.0
2023-10-23 00:00:00+00:00,-5269.0
2023-10-23 01:00:00+00:00,-8886.0
2023-10-23 02:00:00+00:00,-11892.0
2023-10-23 03:00:00+00:00,-16755.0
2023-10-23 04:00:00+00:00,-27877.0
2023-10-23 05:00:00+00:00,-29828.0
2023-10-23 06:00:00+00:00,-28428.0
2023-10-23 07:00:00+00:00,-21553.0
2023-10-23 08:00:00+00:00,-8782.0
2023-10-23 09:00:00+00:00,-4205.0
2023-10-23 10:00:00+00:00,-4773.0
2023-10-23 11:00:00+00:00,-6853.0
2023-10-23 12:00:00+00:00,-14046.0
2023-10-23 13:00:00+00:00,-19548.0
2023-10-23 14:00:00+00:00,-23537.0
2023-10-23 15:00:00+00:00,-28899.0
2023-10-23 16:00:00+00:00,-29762.0
2023-10-23 17:00:00+00:00,-21288.0
2023-10-23 18:00:00+00:00,-15927.0
2023-10-23 19:00:00+00:00,-10811.0
2023-10-23 20:00:00+00:00,-3905.0
2023-10-23 21:00:00+00:00,-897.0
2023-10-23 22:00:00+00:00,4610.0
2023-10-23 23:00:00+00:00,7186.0
2023-10-24 00:00:00+00:00,9688.0
2023-10-24 01:00:00+00:00,10317.0
2023-10-24 02:00:00+00:00,10335.0
2023-10-24 03:00:00+00:00,4416.0
2023-10-24 04:00:00+00:00,-4309.0
2023-10-24 05:00:00+00:00,-7612.0
2023-10-24 06:00:00+00:00,-5281.0
2023-10-24 07:00:00+00:00,-3821.0
2023-10-24 08:00:00+00:00,-4667.0
2023-10-24 09:00:00+00:00,-10069.0
2023-10-24 10:00:00+00:00,-19812.0
2023-10-24 11:00:00+00:00,-27651.0
2023-10-24 12:00:00+00:00,-30275.0
2023-10-24 13:00:00+00:00,-29104.0
2023-10-24 14:00:00+00:00,-25872.0
2023-10-24 15:00:00+00:00,-26484.0
2023-10-24 16:00:00+00:00,-24146.0
2023-10-24 17:00:00+00:00,-20811.0
2023-10-24 18:00:00+00:00,-16674.0
2023-10-24 19:00:00+00:00,-11199.0
2023-10-24 20:00:00+00:00,-10216.0
2023-10-24 21:00:00+00:00,-11384.0
2023-10-24 22:00:00+00:00,-5168.0
2023-10-24 23:00:00+00:00,-3612.0
2023-10-25 00:00:00+00:00,-2503.0
2023-10-25 01:00:00+00:00,-3250.0
2023-10-25 02:00:00+00:00,-2502.0
2023-10-25 03:00:00+00:00,-136.0
2023-10-25 04:00:00+00:00,-5725.0
2023-10-25 05:00:00+00:00,-14782.0
2023-10-25 06:00:00+00:00,-16049.0
2023-10-25 07:00:00+00:00,-8407.0
2023-10-25 08:00:00+00:00,-4522.0
2023-10-25 09:00:00+00:00,-1262.0
2023-10-25 10:00:00+00:00,-4743.0
2023-10-25 11:00:00+00:00,-2420.0
2023-10-25 12:00:00+00:00,-5718.0
2023-10-25 13:00:00+00:00,-8361.0
2023-10-25 14:00:00+00:00,-11848.0
2023-10-25 15:00:00+00:00,-12998.0
2023-10-25 16:00:00+00:00,-5959.0
2023-10-25 17:00:00+00:00,-2161.0
2023-10-25 18:00:00+00:00,-261.0
2023-10-25 19:00:00+00:00,-1826.0
2023-10-25 20:00:00+00:00,1721.0
2023-10-25 21:00:00+00:00,5153.0
2023-10-25 22:00:00+00:00,8966.0
2023-10-25 23:00:00+00:00,8918.0
2023-10-26 00:00:00+00:00,7186.0
2023-10-26 01:00:00+00:00,3640.0
2023-10-26 02:00:00+00:00,-165.0
2023-10-26 03:00:00+00:00,-4721.0
2023-10-26 04:00:00+00:00,-12034.0
2023-10-26 05:00:00+00:00,-20886.0
2023-10-26 06:00:00+00:00,-23123.0
2023-10-26 07:00:00+00:00,-20594.0
2023-10-26 08:00:00+00:00,-20298.0
2023-10-26 09:00:00+00:00,-23774.0
2023-10-26 10:00:00+00:00,-28204.0
2023-10-26 11:00:00+00:00,-27526.0
2023-10-26 12:00:00+00:00,-26278.0
2023-10-26 13:00:00+00:00,-25076.0
2023-10-26 14:00:00+00:00,-23283.0
2023-10-26 15:00:00+00:00,-22169.0
2023-10-26 16:00:00+00:00,-22992.0
2023-10-26 17:00:00+00:00,-19498.0
2023-10-26 18:00:00+00:00,-20119.0
2023-10-26 19:00:00+00:00,-17900.0
2023-10-26 20:00:00+00:00,-12786.0
2023-10-26 21:00:00+00:00,-11955.0
2023-10-26 22:00:00+00:00,-10477.0
2023-10-26 23:00:00+00:00,-11258.0
2023-10-27 00:00:00+00:00,-8716.0
2023-10-27 01:00:00+00:00,-11027.0
2023-10-27 02:00:00+00:00,-12448.0
2023-10-27 03:00:00+00:00,-16388.0
2023-10-27 04:00:00+00:00,-20291.0
2023-10-27 05:00:00+00:00,-21728.0
2023-10-27 06:00:00+00:00,-21202.0
2023-10-27 07:00:00+00:00,-19224.0
2023-10-27 08:00:00+00:00,-20245.0
2023-10-27 09:00:00+00:00,-18913.0
2023-10-27 10:00:00+00:00,-15846.0
2023-10-27 11:00:00+00:00,-12481.0
2023-10-27 12:00:00+00:00,-12171.0
2023-10-27 13:00:00+00:00,-14096.0
2023-10-27 14:00:00+00:00,-16491.0
2023-10-27 15:00:00+00:00,-16642.0
2023-10-27 16:00:00+00:00,-14394.0
2023-10-27 17:00:00+00:00,-15268.0
2023-10-27 18:00:00+00:00,-11757.0
2023-10-27 19:00:00+00:00,-15352.0
2023-10-27 20:00:00+00:00,-13101.0
2023-10-27 21:00:00+00:00,-12248.0
2023-10-27 22:00:00+00:00,-15437.0
2023-10-27 23:00:00+00:00,-14946.0
2023-10-28 00:00:00+00:00,-15309.0
2023-10-28 01:00:00+00:00,-14277.0
2023-10-28 02:00:00+00:00,-19905.0
2023-10-28 03:00:00+00:00,-17817.0
2023-10-28 04:00:00+00:00,-18986.0
2023-10-28 05:00:00+00:00,-21941.0
2023-10-28 06:00:00+00:00,-19871.0
2023-10-28 07:00:00+00:00,-20304.0
2023-10-28 08:00:00+00:00,-20735.0
2023-10-28 09:00:00+00:00,-19746.0
2023-10-28 10:00:00+00:00,-18558.0
2023-10-28 11:00:00+00:00,-21598.0
2023-10-28 12:00:00+00:00,-22048.0
2023-10-28 13:00:00+00:00,-26627.0
2023-10-28 14:00:00+00:00,-23809.0
2023-10-28 15:00:00+00:00,-17356.0
2023-10-28 16:00:00+00:00,-21627.0
2023-10-28 17:00:00+00:00,-22775.0
2023-10-28 18:00:00+00:00,-20349.0
2023-10-28 19:00:00+00:00,-15020.0
2023-10-28 20:00:00+00:00,-11866.0
2023-10-28 21:00:00+00:00,-5509.0
2023-10-28 22:00:00+00:00,3983.0
2023-10-28 23:00:00+00:00,9555.0
2023-10-29 00:00:00+00:00,12169.0
2023-10-29 01:00:00+00:00,12310.0
2023-10-29 02:00:00+00:00,13570.0
2023-10-29 03:00:00+00:00,17768.0
2023-10-29 04:00:00+00:00,19078.0
2023-10-29 05:00:00+00:00,19397.0
2023-10-29 06:00:00+00:00,23070.0
2023-10-29 07:00:00+00:00,29606.0
2023-10-29 08:00:00+00:00,29656.0
2023-10-29 09:00:00+00:00,25906.0
2023-10-29 10:00:00+00:00,26268.0
2023-10-29 11:00:00+00:00,24929.0
2023-10-29 12:00:00+00:00,25174.0
2023-10-29 13:00:00+00:00,18851.0
2023-10-29 14:00:00+00:00,10060.0
2023-10-29 15:00:00+00:00,8568.0
2023-10-29 16:00:00+00:00,8576.0
2023-10-29 17:00:00+00:00,10847.0
2023-10-29 18:00:00+00:00,17110.0
2023-10-29 19:00:00+00:00,26062.0
2023-10-29 20:00:00+00:00,30598.0
2023-10-29 21:00:00+00:00,31356.0
2023-10-29 22:00:00+00:00,31796.0
2023-10-29 23:00:00+00:00,30338.0
2023-10-30 00:00:00+00:00,27164.0
2023-10-30 01:00:00+00:00,23118.0
2023-10-30 02:00:00+00:00,19839.0
2023-10-30 03:00:00+00:00,13841.0
2023-10-30 04:00:00+00:00,6921.0
2023-10-30 05:00:00+00:00,-4732.0
2023-10-30 06:00:00+00:00,429.0
2023-10-30 07:00:00+00:00,6435.0
2023-10-30 08:00:00+00:00,14911.0
2023-10-30 09:00:00+00:00,11593.0
2023-10-30 10:00:00+00:00,9522.0
2023-10-30 11:00:00+00:00,9429.0
2023-10-30 12:00:00+00:00,1949.0
2023-10-30 13:00:00+00:00,-3006.0
2023-10-30 14:00:00+00:00,-13450.0
2023-10-30 15:00:00+00:00,-18220.0
2023-10-30 16:00:00+00:00,-20535.0
2023-10-30 17:00:00+00:00,-14695.0
2023-10-30 18:00:00+00:00,-14367.0
2023-10-30 19:00:00+00:00,-12273.0
2023-10-30 20:00:00+00:00,-13928.0
2023-10-30 21:00:00+00:00,-11098.0
2023-10-30 22:00:00+00:00,-10618.0
2023-10-30 23:00:00+00:00,-12118.0
2023-10-31 00:00:00+00:00,-12113.0
2023-10-31 01:00:00+00:00,-8918.0
2023-10-31 02:00:00+00:00,-8236.0
2023-10-31 03:00:00+00:00,-5656.0
2023-10-31 04:00:00+00:00,-1560.0
2023-10-31 05:00:00+00:00,6863.0
2023-10-31 06:00:00+00:00,13472.0
2023-10-31 07:00:00+00:00,12367.0
2023-10-31 08:00:00+00:00,10056.0
2023-10-31 09:00:00+00:00,12038.0
2023-10-31 10:00:00+00:00,13654.0
2023-10-31 11:00:00+00:00,14111.0
2023-10-31 12:00:00+00:00,8828.0
2023-10-31 13:00:00+00:00,-845.0
2023-10-31 14:00:00+00:00,-351.0
2023-10-31 15:00:00+00:00,-5247.0
2023-10-31 16:00:00+00:00,-6747.0
2023-10-31 17:00:00+00:00,-4787.0
2023-10-31 18:00:00+00:00,-8220.0
2023-10-31 19:00:00+00:00,-8701.0
2023-10-31 20:00:00+00:00,-13350.0
2023-10-31 21:00:00+00:00,-10907.0
2023-10-31 22:00:00+00:00,-12647.0
2023-10-31 23:00:00+00:00,-11916.0
2023-11-01 00:00:00+00:00,-11914.0
2023-11-01 01:00:00+00:00,-11928.0
2023-11-01 02:00:00+00:00,-14627.0
2023-11-01 03:00:00+00:00,-19153.0
2023-11-01 04:00:00+00:00,-19540.0
2023-11-01 05:00:00+00:00,-24918.0
2023-11-01 06:00:00+00:00,-18641.0
2023-11-01 07:00:00+00:00,-11303.0
2023-11-01 08:00:00+00:00,-5886.0
2023-11-01 09:00:00+00:00,-158.0
2023-11-01 10:00:00+00:00,2748.0
2023-11-01 11:00:00+00:00,355.0
2023-11-01 12:00:00+00:00,-4420.0
2023-11-01 13:00:00+00:00,-8778.0
2023-11-01 14:00:00+00:00,-11178.0
2023-11-01 15:00:00+00:00,-10056.0
2023-11-01 16:00:00+00:00,-8914.0
2023-11-01 17:00:00+00:00,440.0
2023-11-01 18:00:00+00:00,4461.0
2023-11-01 19:00:00+00:00,4385.0
2023-11-01 20:00:00+00:00,11383.0
2023-11-01 21:00:00+00:00,10541.0
2023-11-01 22:00:00+00:00,13650.0
2023-11-01 23:00:00+00:00,4616.0
2023-11-02 00:00:00+00:00,2131.0
2023-11-02 01:00:00+00:00,2139.0
2023-11-02 02:00:00+00:00,1157.0
2023-11-02 03:00:00+00:00,1386.0
2023-11-02 04:00:00+00:00,971.0
2023-11-02 05:00:00+00:00,-4748.0
2023-11-02 06:00:00+00:00,-1389.0
2023-11-02 07:00:00+00:00,8862.0
2023-11-02 08:00:00+00:00,11050.0
2023-11-02 09:00:00+00:00,11872.0
2023-11-02 10:00:00+00:00,9670.0
2023-11-02 11:00:00+00:00,12200.0
2023-11-02 12:00:00+00:00,10441.0
2023-11-02 13:00:00+00:00,8259.0
2023-11-02 14:00:00+00:00,5991.0
2023-11-02 15:00:00+00:00,5073.0
2023-11-02 16:00:00+00:00,2990.0
2023-11-02 17:00:00+00:00,4451.0
2023-11-02 18:00:00+00:00,2361.0
2023-11-02 19:00:00+00:00,-1806.0
2023-11-02 20:00:00+00:00,-82.0
2023-11-02 21:00:00+00:00,200.0
2023-11-02 22:00:00+00:00,-141.0
2023-11-02 23:00:00+00:00,3089.0
2023-11-03 00:00:00+00:00,2983.0
2023-11-03 01:00:00+00:00,-125.0
2023-11-03 02:00:00+00:00,-2770.0
2023-11-03 03:00:00+00:00,-2120.0
2023-11-03 04:00:00+00:00,-7884.0
2023-11-03 05:00:00+00:00,-13678.0
2023-11-03 06:00:00+00:00,-11329.0
2023-11-03 07:00:00+00:00,-6475.0
2023-11-03 08:00:00+00:00,-4270.0
2023-11-03 09:00:00+00:00,-4866.0
2023-11-03 10:00:00+00:00,-5816.0
2023-11-03 11:00:00+00:00,-10171.0
2023-11-03 12:00:00+00:00,-11736.0
2023-11-03 13:00:00+00:00,-15571.0
2023-11-03 14:00:00+00:00,-17736.0
2023-11-03 15:00:00+00:00,-22701.0
2023-11-03 16:00:00+00:00,-22406.0
2023-11-03 17:00:00+00:00,-17586.0
2023-11-03 18:00:00+00:00,-14218.0
2023-11-03 19:00:00+00:00,-9726.0
2023-11-03 20:00:00+00:00,-6268.0
2023-11-03 21:00:00+00:00,2095.0
2023-11-03 22:00:00+00:00,8042.0
2023-11-03 23:00:00+00:00,13247.0
2023-11-04 00:00:00+00:00,17504.0
2023-11-04 01:00:00+00:00,17912.0
2023-11-04 02:00:00+00:00,18366.0
2023-11-04 03:00:00+00:00,16200.0
2023-11-04 04:00:00+00:00,13169.0
2023-11-04 05:00:00+00:00,13312.0
2023-11-04 06:00:00+00:00,13292.0
2023-11-04 07:00:00+00:00,13204.0
2023-11-04 08:00:00+00:00,18261.0
2023-11-04 09:00:00+00:00,22863.0
2023-11-04 10:00:00+00:00,29356.0
2023-11-04 11:00:00+00:00,29852.0
2023-11-04 12:00:00+00:00,21391.0
2023-11-04 13:00:00+00:00,11971.0
2023-11-04 14:00:00+00:00,6999.0
2023-11-04 15:00:00+00:00,13561.0
2023-11-04 16:00:00+00:00,18663.0
2023-11-04 17:00:00+00:00,21659.0
2023-11-04 18:00:00+00:00,26744.0
2023-11-04 19:00:00+00:00,30482.0
2023-11-04 20:00:00+00:00,29591.0
2023-11-04 21:00:00+00:00,26796.0
2023-11-04 22:00:00+00:00,24720.0
2023-11-04 23:00:00+00:00,19153.0
2023-11-05 00:00:00+00:00,17518.0
2023-11-05 01:00:00+00:00,17026.0
2023-11-05 02:00:00+00:00,15857.0
2023-11-05 03:00:00+00:00,12432.0
2023-11-05 04:00:00+00:00,12632.0
2023-11-05 05:00:00+00:00,12617.0
2023-11-05 06:00:00+00:00,9714.0
2023-11-05 07:00:00+00:00,9113.0
2023-11-05 08:00:00+00:00,5765.0
2023-11-05 09:00:00+00:00,2791.0
2023-11-05 10:00:00+00:00,1447.0
2023-11-05 11:00:00+00:00,2530.0
2023-11-05 12:00:00+00:00,-347.0
2023-11-05 13:00:00+00:00,634.0
2023-11-05 14:00:00+00:00,-1028.0
2023-11-05 15:00:00+00:00,1580.0
2023-11-05 16:00:00+00:00,2652.0
2023-11-05 17:00:00+00:00,9083.0
2023-11-05 18:00:00+00:00,11957.0
2023-11-05 19:00:00+00:00,20505.0
2023-11-05 20:00:00+00:00,30238.0
2023-11-05 21:00:00+00:00,30751.0
2023-11-05 22:00:00+00:00,30585.0
2023-11-05 23:00:00+00:00,37893.0
2023-11-06 00:00:00+00:00,38762.0
2023-11-06 01:00:00+00:00,36798.0
2023-11-06 02:00:00+00:00,36202.0
2023-11-06 03:00:00+00:00,33444.0
2023-11-06 04:00:00+00:00,25399.0
2023-11-06 05:00:00+00:00,15133.0
2023-11-06 06:00:00+00:00,10774.0
2023-11-06 07:00:00+00:00,13042.0
2023-11-06 08:00:00+00:00,17902.0
2023-11-06 09:00:00+00:00,24897.0
2023-11-06 10:00:00+00:00,29063.0
2023-11-06 11:00:00+00:00,29377.0
2023-11-06 12:00:00+00:00,17459.0
2023-11-06 13:00:00+00:00,9765.0
2023-11-06 14:00:00+00:00,-1396.0
2023-11-06 15:00:00+00:00,-3348.0
2023-11-06 16:00:00+00:00,-3496.0
2023-11-06 17:00:00+00:00,350.0
2023-11-06 18:00:00+00:00,5592.0
2023-11-06 19:00:00+00:00,11266.0
2023-11-06 20:00:00+00:00,13964.0
2023-11-06 21:00:00+00:00,14784.0
2023-11-06 22:00:00+00:00,16592.0
2023-11-06 23:00:00+00:00,22812.0
2023-11-07 00:00:00+00:00,23055.0
2023-11-07 01:00:00+00:00,20442.0
2023-11-07 02:00:00+00:00,17628.0
2023-11-07 03:00:00+00:00,14590.0
2023-11-07 04:00:00+00:00,11894.0
2023-11-07 05:00:00+00:00,5191.0
2023-11-07 06:00:00+00:00,5414.0
2023-11-07 07:00:00+00:00,7362.0
2023-11-07 08:00:00+00:00,13485.0
2023-11-07 09:00:00+00:00,12838.0
2023-11-07 10:00:00+00:00,7365.0
2023-11-07 11:00:00+00:00,1217.0
2023-11-07 12:00:00+00:00,-2051.0
2023-11-07 13:00:00+00:00,-9250.0
2023-11-07 14:00:00+00:00,-15062.0
2023-11-07 15:00:00+00:00,-15290.0
2023-11-07 16:00:00+00:00,-11774.0
2023-11-07 17:00:00+00:00,-4351.0
2023-11-07 18:00:00+00:00,1999.0
2023-11-07 19:00:00+00:00,9411.0
2023-11-07 20:00:00+00:00,14834.0
2023-11-07 21:00:00+00:00,20663.0
2023-11-07 22:00:00+00:00,20589.0
2023-11-07 23:00:00+00:00,18732.0
2023-11-08 00:00:00+00:00,21253.0
2023-11-08 01:00:00+00:00,20994.0
2023-11-08 02:00:00+00:00,23086.0
2023-11-08 03:00:00+00:00,22230.0
2023-11-08 04:00:00+00:00,14995.0
2023-11-08 05:00:00+00:00,5006.0
2023-11-08 06:00:00+00:00,6929.0
2023-11-08 07:00:00+00:00,7657.0
2023-11-08 08:00:00+00:00,10542.0
2023-11-08 09:00:00+00:00,10597.0
2023-11-08 10:00:00+00:00,11404.0
2023-11-08 11:00:00+00:00,10116.0
2023-11-08 12:00:00+00:00,12816.0
2023-11-08 13:00:00+00:00,5299.0
2023-11-08 14:00:00+00:00,-5287.0
2023-11-08 15:00:00+00:00,-8663.0
2023-11-08 16:00:00+00:00,-7055.0
2023-11-08 17:00:00+00:00,636.0
2023-11-08 18:00:00+00:00,8470.0
2023-11-08 19:00:00+00:00,12922.0
2023-11-08 20:00:00+00:00,18023.0
2023-11-08 21:00:00+00:00,20189.0
2023-11-08 22:00:00+00:00,20897.0
2023-11-08 23:00:00+00:00,15477.0
2023-11-09 00:00:00+00:00,16078.0
2023-11-09 01:00:00+00:00,16180.0
2023-11-09 02:00:00+00:00,16922.0
2023-11-09 03:00:00+00:00,16564.0
2023-11-09 04:00:00+00:00,11897.0
2023-11-09 05:00:00+00:00,6666.0
2023-11-09 06:00:00+00:00,6665.0
2023-11-09 07:00:00+00:00,9976.0
2023-11-09 08:00:00+00:00,12876.0
2023-11-09 09:00:00+00:00,9925.0
2023-11-09 10:00:00+00:00,4498.0
2023-11-09 11:00:00+00:00,2193.0
2023-11-09 12:00:00+00:00,320.0
2023-11-09 13:00:00+00:00,-4213.0
2023-11-09 14:00:00+00:00,-5289.0
2023-11-09 15:00:00+00:00,842.0
2023-11-09 16:00:00+00:00,4610.0
2023-11-09 17:00:00+00:00,7054.0
2023-11-09 18:00:00+00:00,10614.0
2023-11-09 19:00:00+00:00,13288.0
2023-11-09 20:00:00+00:00,13983.0
2023-11-09 21:00:00+00:00,12149.0
2023-11-09 22:00:00+00:00,15846.0
2023-11-09 23:00:00+00:00,17332.0
2023-11-10 00:00:00+00:00,15256.0
2023-11-10 01:00:00+00:00,16013.0
2023-11-10 02:00:00+00:00,14726.0
2023-11-10 03:00:00+00:00,11496.0
2023-11-10 04:00:00+00:00,10646.0
2023-11-10 05:00:00+00:00,6447.0
2023-11-10 06:00:00+00:00,7758.0
2023-11-10 07:00:00+00:00,9400.0
2023-11-10 08:00:00+00:00,12739.0
2023-11-10 09:00:00+00:00,12550.0
2023-11-10 10:00:00+00:00,14530.0
2023-11-10 11:00:00+00:00,15053.0
2023-11-10 12:00:00+00:00,15090.0
2023-11-10 13:00:00+00:00,6580.0
2023-11-10 14:00:00+00:00,-2094.0
2023-11-10 15:00:00+00:00,-5743.0
2023-11-10 16:00:00+00:00,-5915.0
2023-11-10 17:00:00+00:00,-5646.0
2023-11-10 18:00:00+00:00,-7813.0
2023-11-10 19:00:00+00:00,-5606.0
2023-11-10 20:00:00+00:00,-5554.0
2023-11-10 21:00:00+00:00,-2966.0
2023-11-10 22:00:00+00:00,-1773.0
2023-11-10 23:00:00+00:00,-5577.0
2023-11-11 00:00:00+00:00,-7219.0
2023-11-11 01:00:00+00:00,-9017.0
2023-11-11 02:00:00+00:00,-9728.0
2023-11-11 03:00:00+00:00,-10632.0
2023-11-11 04:00:00+00:00,-7262.0
2023-11-11 05:00:00+00:00,-2180.0
2023-11-11 06:00:00+00:00,1539.0
2023-11-11 07:00:00+00:00,2928.0
2023-11-11 08:00:00+00:00,3287.0
2023-11-11 09:00:00+00:00,2206.0
2023-11-11 10:00:00+00:00,-1500.0
2023-11-11 11:00:00+00:00,-521.0
2023-11-11 12:00:00+00:00,-4025.0
2023-11-11 13:00:00+00:00,-1092.0
2023-11-11 14:00:00+00:00,-6164.0
2023-11-11 15:00:00+00:00,-7381.0
2023-11-11 16:00:00+00:00,-3046.0
2023-11-11 17:00:00+00:00,613.0
2023-11-11 18:00:00+00:00,3155.0
2023-11-11 19:00:00+00:00,4378.0
2023-11-11 20:00:00+00:00,5464.0
2023-11-11 21:00:00+00:00,8813.0
2023-11-11 22:00:00+00:00,7906.0
2023-11-11 23:00:00+00:00,2688.0
2023-11-12 00:00:00+00:00,-4652.0
2023-11-12 01:00:00+00:00,-8335.0
2023-11-12 02:00:00+00:00,-8664.0
2023-11-12 03:00:00+00:00,-10839.0
2023-11-12 04:00:00+00:00,-9279.0
2023-11-12 05:00:00+00:00,-8882.0
2023-11-12 06:00:00+00:00,-5870.0
2023-11-12 07:00:00+00:00,-5037.0
2023-11-12 08:00:00+00:00,-2344.0
2023-11-12 09:00:00+00:00,-2242.0
2023-11-12 10:00:00+00:00,-780.0
2023-11-12 11:00:00+00:00,-5555.0
2023-11-12 12:00:00+00:00,-11124.0
2023-11-12 13:00:00+00:00,-14386.0
2023-11-12 14:00:00+00:00,-20082.0
2023-11-12 15:00:00+00:00,-18658.0
2023-11-12 16:00:00+00:00,-11675.0
2023-11-12 17:00:00+00:00,-11758.0
2023-11-12 18:00:00+00:00,-12184.0
2023-11-12 19:00:00+00:00,-8626.0
2023-11-12 20:00:00+00:00,-9077.0
2023-11-12 21:00:00+00:00,-5367.0
2023-11-12 22:00:00+00:00,-3331.0
2023-11-12 23:00:00+00:00,-3542.0
2023-11-13 00:00:00+00:00,-9695.0
2023-11-13 01:00:00+00:00,-13791.0
2023-11-13 02:00:00+00:00,-15993.0
2023-11-13 03:00:00+00:00,-18946.0
2023-11-13 04:00:00+00:00,-18736.0
2023-11-13 05:00:00+00:00,-23645.0
2023-11-13 06:00:00+00:00,-27880.0
2023-11-13 07:00:00+00:00,-28825.0
2023-11-13 08:00:00+00:00,-25094.0
2023-11-13 09:00:00+00:00,-23179.0
2023-11-13 10:00:00+00:00,-22071.0
2023-11-13 11:00:00+00:00,-17664.0
2023-11-13 12:00:00+00:00,-14067.0
2023-11-13 13:00:00+00:00,-6996.0
2023-11-13 14:00:00+00:00,1839.0
2023-11-13 15:00:00+00:00,1659.0
2023-11-13 16:00:00+00:00,4728.0
2023-11-13 17:00:00+00:00,10624.0
2023-11-13 18:00:00+00:00,14569.0
2023-11-13 19:00:00+00:00,16198.0
2023-11-13 20:00:00+00:00,19310.0
2023-11-13 21:00:00+00:00,23364.0
2023-11-13 22:00:00+00:00,24778.0
2023-11-13 23:00:00+00:00,23738.0
2023-11-14 00:00:00+00:00,24404.0
2023-11-14 01:00:00+00:00,18364.0
2023-11-14 02:00:00+00:00,15063.0
2023-11-14 03:00:00+00:00,14086.0
2023-11-14 04:00:00+00:00,21600.0
2023-11-14 05:00:00+00:00,22113.0
2023-11-14 06:00:00+00:00,22296.0
2023-11-14 07:00:00+00:00,19558.0
2023-11-14 08:00:00+00:00,17219.0
2023-11-14 09:00:00+00:00,14539.0
2023-11-14 10:00:00+00:00,10830.0
2023-11-14 11:00:00+00:00,10782.0
2023-11-14 12:00:00+00:00,12264.0
2023-11-14 13:00:00+00:00,8750.0
2023-11-14 14:00:00+00:00,3859.0
2023-11-14 15:00:00+00:00,-2492.0
2023-11-14 16:00:00+00:00,-7853.0
2023-11-14 17:00:00+00:00,-9920.0
2023-11-14 18:00:00+00:00,-12377.0
2023-11-14 19:00:00+00:00,-12366.0
2023-11-14 20:00:00+00:00,-6188.0
2023-11-14 21:00:00+00:00,577.0
2023-11-14 22:00:00+00:00,4592.0
2023-11-14 23:00:00+00:00,4426.0
2023-11-15 00:00:00+00:00,1802.0
2023-11-15 01:00:00+00:00,4191.0
2023-11-15 02:00:00+00:00,1352.0
2023-11-15 03:00:00+00:00,1123.0
2023-11-15 04:00:00+00:00,-3700.0
2023-11-15 05:00:00+00:00,-7103.0
2023-11-15 06:00:00+00:00,-6543.0
2023-11-15 07:00:00+00:00,-5650.0
2023-11-15 08:00:00+00:00,-718.0
2023-11-15 09:00:00+00:00,-4179.0
2023-11-15 10:00:00+00:00,-9276.0
2023-11-15 11:00:00+00:00,-6797.0
2023-11-15 12:00:00+00:00,-5685.0
2023-11-15 13:00:00+00:00,-6713.0
2023-11-15 14:00:00+00:00,-9129.0
2023-11-15 15:00:00+00:00,-5018.0
2023-11-15 16:00:00+00:00,1139.0
2023-11-15 17:00:00+00:00,7863.0
2023-11-15 18:00:00+00:00,11775.0
2023-11-15 19:00:00+00:00,14609.0
2023-11-15 20:00:00+00:00,16835.0
2023-11-15 21:00:00+00:00,19962.0
2023-11-15 22:00:00+00:00,18627.0
2023-11-15 23:00:00+00:00,25123.0
2023-11-16 00:00:00+00:00,28459.0
2023-11-16 01:00:00+00:00,30968.0
2023-11-16 02:00:00+00:00,29612.0
2023-11-16 03:00:00+00:00,25418.0
2023-11-16 04:00:00+00:00,23082.0
2023-11-16 05:00:00+00:00,17952.0
2023-11-16 06:00:00+00:00,17882.0
2023-11-16 07:00:00+00:00,18491.0
2023-11-16 08:00:00+00:00,20427.0
2023-11-16 09:00:00+00:00,16503.0
2023-11-16 10:00:00+00:00,13221.0
2023-11-16 11:00:00+00:00,8561.0
2023-11-16 12:00:00+00:00,2067.0
2023-11-16 13:00:00+00:00,-2235.0
2023-11-16 14:00:00+00:00,-4533.0
2023-11-16 15:00:00+00:00,-2999.0
2023-11-16 16:00:00+00:00,-2353.0
2023-11-16 17:00:00+00:00,-1372.0
2023-11-16 18:00:00+00:00,1060.0
2023-11-16 19:00:00+00:00,-1077.0
2023-11-16 20:00:00+00:00,2101.0
2023-11-16 21:00:00+00:00,-1538.0
2023-11-16 22:00:00+00:00,752.0
2023-11-16 23:00:00+00:00,4660.0
2023-11-17 00:00:00+00:00,5713.0
2023-11-17 01:00:00+00:00,4186.0
2023-11-17 02:00:00+00:00,501.0
2023-11-17 03:00:00+00:00,-2084.0
2023-11-17 04:00:00+00:00,-1559.0
2023-11-17 05:00:00+00:00,647.0
2023-11-17 06:00:00+00:00,-581.0
2023-11-17 07:00:00+00:00,3367.0
2023-11-17 08:00:00+00:00,3242.0
2023-11-17 09:00:00+00:00,655.0
2023-11-17 10:00:00+00:00,715.0
2023-11-17 11:00:00+00:00,1782.0
2023-11-17 12:00:00+00:00,599.0
2023-11-17 13:00:00+00:00,139.0
2023-11-17 14:00:00+00:00,-7584.0
2023-11-17 15:00:00+00:00,-6216.0
2023-11-17 16:00:00+00:00,-1802.0
2023-11-17 17:00:00+00:00,835.0
2023-11-17 18:00:00+00:00,1668.0
2023-11-17 19:00:00+00:00,471.0
2023-11-17 20:00:00+00:00,-2100.0
2023-11-17 21:00:00+00:00,-28.0
2023-11-17 22:00:00+00:00,-552.0
2023-11-17 23:00:00+00:00,-1384.0
2023-11-18 00:00:00+00:00,-4062.0
2023-11-18 01:00:00+00:00,-8043.0
2023-11-18 02:00:00+00:00,-13955.0
2023-11-18 03:00:00+00:00,-16845.0
2023-11-18 04:00:00+00:00,-19129.0
2023-11-18 05:00:00+00:00,-18697.0
2023-11-18 06:00:00+00:00,-19602.0
2023-11-18 07:00:00+00:00,-21878.0
2023-11-18 08:00:00+00:00,-18793.0
2023-11-18 09:00:00+00:00,-11045.0
2023-11-18 10:00:00+00:00,-5762.0
2023-11-18 11:00:00+00:00,-8024.0
2023-11-18 12:00:00+00:00,-6620.0
2023-11-18 13:00:00+00:00,-10463.0
2023-11-18 14:00:00+00:00,-8758.0
2023-11-18 15:00:00+00:00,-2850.0
2023-11-18 16:00:00+00:00,4817.0
2023-11-18 17:00:00+00:00,12728.0
2023-11-18 18:00:00+00:00,13971.0
2023-11-18 19:00:00+00:00,14804.0
2023-11-18 20:00:00+00:00,19854.0
2023-11-18 21:00:00+00:00,20711.0
2023-11-18 22:00:00+00:00,24797.0
2023-11-18 23:00:00+00:00,22210.0
2023-11-19 00:00:00+00:00,23241.0
2023-11-19 01:00:00+00:00,19721.0
2023-11-19 02:00:00+00:00,16730.0
2023-11-19 03:00:00+00:00,13596.0
2023-11-19 04:00:00+00:00,14914.0
2023-11-19 05:00:00+00:00,20131.0
2023-11-19 06:00:00+00:00,24851.0
2023-11-19 07:00:00+00:00,31758.0
2023-11-19 08:00:00+00:00,30332.0
2023-11-19 09:00:00+00:00,27914.0
2023-11-19 10:00:00+00:00,27065.0
2023-11-19 11:00:00+00:00,28317.0
2023-11-19 12:00:00+00:00,24948.0
2023-11-19 13:00:00+00:00,26926.0
2023-11-19 14:00:00+00:00,25484.0
2023-11-19 15:00:00+00:00,19844.0
2023-11-19 16:00:00+00:00,17651.0
2023-11-19 17:00:00+00:00,15176.0
2023-11-19 18:00:00+00:00,15776.0
2023-11-19 19:00:00+00:00,16944.0
2023-11-19 20:00:00+00:00,13061.0
2023-11-19 21:00:00+00:00,5017.0
2023-11-19 22:00:00+00:00,6126.0
2023-11-19 23:00:00+00:00,5098.0
2023-11-20 00:00:00+00:00,6276.0
2023-11-20 01:00:00+00:00,7720.0
2023-11-20 02:00:00+00:00,6184.0
2023-11-20 03:00:00+00:00,3118.0
2023-11-20 04:00:00+00:00,-665.0
2023-11-20 05:00:00+00:00,-5549.0
2023-11-20 06:00:00+00:00,-1417.0
2023-11-20 07:00:00+00:00,727.0
2023-11-20 08:00:00+00:00,4706.0
2023-11-20 09:00:00+00:00,6550.0
2023-11-20 10:00:00+00:00,9299.0
2023-11-20 11:00:00+00:00,8636.0
2023-11-20 12:00:00+00:00,10402.0
2023-11-20 13:00:00+00:00,8300.0
2023-11-20 14:00:00+00:00,2416.0
2023-11-20 15:00:00+00:00,1449.0
2023-11-20 16:00:00+00:00,-899.0
2023-11-20 17:00:00+00:00,-543.0
2023-11-20 18:00:00+00:00,-5034.0
2023-11-20 19:00:00+00:00,-914.0
2023-11-20 20:00:00+00:00,582.0
2023-11-20 21:00:00+00:00,-3379.0
2023-11-20 22:00:00+00:00,-77.0
2023-11-20 23:00:00+00:00,-28.0
2023-11-21 00:00:00+00:00,-141.0
2023-11-21 01:00:00+00:00,944.0
2023-11-21 02:00:00+00:00,-4834.0
2023-11-21 03:00:00+00:00,-9587.0
2023-11-21 04:00:00+00:00,-11594.0
2023-11-21 05:00:00+00:00,-9362.0
2023-11-21 06:00:00+00:00,-8064.0
2023-11-21 07:00:00+00:00,-9976.0
2023-11-21 08:00:00+00:00,-7357.0
2023-11-21 09:00:00+00:00,-7299.0
2023-11-21 10:00:00+00:00,-10798.0
2023-11-21 11:00:00+00:00,-8890.0
2023-11-21 12:00:00+00:00,-7885.0
2023-11-21 13:00:00+00:00,-6081.0
2023-11-21 14:00:00+00:00,-9110.0
2023-11-21 15:00:00+00:00,-1541.0
2023-11-21 16:00:00+00:00,-910.0
2023-11-21 17:00:00+00:00,282.0
2023-11-21 18:00:00+00:00,1140.0
2023-11-21 19:00:00+00:00,933.0
2023-11-21 20:00:00+00:00,-690.0
2023-11-21 21:00:00+00:00,576.0
2023-11-21 22:00:00+00:00,1432.0
2023-11-21 23:00:00+00:00,7269.0
2023-11-22 00:00:00+00:00,7562.0
2023-11-22 01:00:00+00:00,1210.0
2023-11-22 02:00:00+00:00,-5661.0
2023-11-22 03:00:00+00:00,-11658.0
2023-11-22 04:00:00+00:00,-14514.0
2023-11-22 05:00:00+00:00,-15651.0
2023-11-22 06:00:00+00:00,-21127.0
2023-11-22 07:00:00+00:00,-20490.0
2023-11-22 08:00:00+00:00,-12584.0
2023-11-22 09:00:00+00:00,-7539.0
2023-11-22 10:00:00+00:00,-4088.0
2023-11-22 11:00:00+00:00,-3081.0
2023-11-22 12:00:00+00:00,-7265.0
2023-11-22 13:00:00+00:00,-4924.0
2023-11-22 14:00:00+00:00,-7052.0
2023-11-22 15:00:00+00:00,-6920.0
2023-11-22 16:00:00+00:00,-4404.0
2023-11-22 17:00:00+00:00,6290.0
2023-11-22 18:00:00+00:00,11301.0
2023-11-22 19:00:00+00:00,19478.0
2023-11-22 20:00:00+00:00,19810.0
2023-11-22 21:00:00+00:00,19065.0
2023-11-22 22:00:00+00:00,20382.0
2023-11-22 23:00:00+00:00,24016.0
2023-11-23 00:00:00+00:00,25984.0
2023-11-23 01:00:00+00:00,28714.0
2023-11-23 02:00:00+00:00,29072.0
2023-11-23 03:00:00+00:00,28480.0
2023-11-23 04:00:00+00:00,23014.0
2023-11-23 05:00:00+00:00,18715.0
2023-11-23 06:00:00+00:00,15230.0
2023-11-23 07:00:00+00:00,19692.0
2023-11-23 08:00:00+00:00,21577.0
2023-11-23 09:00:00+00:00,23190.0
2023-11-23 10:00:00+00:00,23291.0
2023-11-23 11:00:00+00:00,20475.0
2023-11-23 12:00:00+00:00,22081.0
2023-11-23 13:00:00+00:00,19647.0
2023-11-23 14:00:00+00:00,18685.0
2023-11-23 15:00:00+00:00,19283.0
2023-11-23 16:00:00+00:00,19873.0
2023-11-23 17:00:00+00:00,21035.0
2023-11-23 18:00:00+00:00,23521.0
2023-11-23 19:00:00+00:00,27147.0
2023-11-23 20:00:00+00:00,28464.0
2023-11-23 21:00:00+00:00,28061.0
2023-11-23 22:00:00+00:00,34095.0
2023-11-23 23:00:00+00:00,37747.0
2023-11-24 00:00:00+00:00,40843.0
2023-11-24 01:00:00+00:00,38552.0
2023-11-24 02:00:00+00:00,35553.0
2023-11-24 03:00:00+00:00,34653.0
2023-11-24 04:00:00+00:00,26128.0
2023-11-24 05:00:00+00:00,19239.0
2023-11-24 06:00:00+00:00,18177.0
2023-11-24 07:00:00+00:00,17858.0
2023-11-24 08:00:00+00:00,16628.0
2023-11-24 09:00:00+00:00,20350.0
2023-11-24 10:00:00+00:00,21061.0
2023-11-24 11:00:00+00:00,20943.0
2023-11-24 12:00:00+00:00,18734.0
2023-11-24 13:00:00+00:00,19338.0
2023-11-24 14:00:00+00:00,14529.0
2023-11-24 15:00:00+00:00,12785.0
2023-11-24 16:00:00+00:00,16975.0
2023-11-24 17:00:00+00:00,17927.0
2023-11-24 18:00:00+00:00,18536.0
2023-11-24 19:00:00+00:00,20879.0
2023-11-24 20:00:00+00:00,18999.0
2023-11-24 21:00:00+00:00,22294.0
2023-11-24 22:00:00+00:00,21156.0
2023-11-24 23:00:00+00:00,21365.0
2023-11-25 00:00:00+00:00,18761.0
2023-11-25 01:00:00+00:00,15852.0
2023-11-25 02:00:00+00:00,16162.0
2023-11-25 03:00:00+00:00,15939.0
2023-11-25 04:00:00+00:00,17125.0
2023-11-25 05:00:00+00:00,16369.0
2023-11-25 06:00:00+00:00,16818.0
2023-11-25 07:00:00+00:00,19669.0
2023-11-25 08:00:00+00:00,19933.0
2023-11-25 09:00:00+00:00,14992.0
2023-11-25 10:00:00+00:00,9936.0
2023-11-25 11:00:00+00:00,9912.0
2023-11-25 12:00:00+00:00,8449.0
2023-11-25 13:00:00+00:00,4294.0
2023-11-25 14:00:00+00:00,6109.0
2023-11-25 15:00:00+00:00,13264.0
2023-11-25 16:00:00+00:00,19250.0
2023-11-25 17:00:00+00:00,22400.0
2023-11-25 18:00:00+00:00,21594.0
2023-11-25 19:00:00+00:00,18279.0
2023-11-25 20:00:00+00:00,16256.0
2023-11-25 21:00:00+00:00,15490.0
2023-11-25 22:00:00+00:00,15039.0
2023-11-25 23:00:00+00:00,13828.0
2023-11-26 00:00:00+00:00,19768.0
2023-11-26 01:00:00+00:00,17665.0
2023-11-26 02:00:00+00:00,17571.0
2023-11-26 03:00:00+00:00,14497.0
2023-11-26 04:00:00+00:00,19145.0
2023-11-26 05:00:00+00:00,21152.0
2023-11-26 06:00:00+00:00,22149.0
2023-11-26 07:00:00+00:00,19301.0
2023-11-26 08:00:00+00:00,22058.0
2023-11-26 09:00:00+00:00,20322.0
2023-11-26 10:00:00+00:00,14345.0
2023-11-26 11:00:00+00:00,15640.0
2023-11-26 12:00:00+00:00,16126.0
2023-11-26 13:00:00+00:00,15539.0
2023-11-26 14:00:00+00:00,14860.0
2023-11-26 15:00:00+00:00,16736.0
2023-11-26 16:00:00+00:00,21009.0
2023-11-26 17:00:00+00:00,20386.0
2023-11-26 18:00:00+00:00,22162.0
2023-11-26 19:00:00+00:00,20644.0
2023-11-26 20:00:00+00:00,19461.0
2023-11-26 21:00:00+00:00,15243.0
2023-11-26 22:00:00+00:00,11276.0
2023-11-26 23:00:00+00:00,17161.0
2023-11-27 00:00:00+00:00,15292.0
2023-11-27 01:00:00+00:00,15440.0
2023-11-27 02:00:00+00:00,6862.0
2023-11-27 03:00:00+00:00,913.0
2023-11-27 04:00:00+00:00,-796.0
2023-11-27 05:00:00+00:00,-8404.0
2023-11-27 06:00:00+00:00,-6341.0
2023-11-27 07:00:00+00:00,-1072.0
2023-11-27 08:00:00+00:00,6513.0
2023-11-27 09:00:00+00:00,8110.0
2023-11-27 10:00:00+00:00,8525.0
2023-11-27 11:00:00+00:00,12409.0
2023-11-27 12:00:00+00:00,14532.0
2023-11-27 13:00:00+00:00,13147.0
2023-11-27 14:00:00+00:00,12347.0
2023-11-27 15:00:00+00:00,13360.0
2023-11-27 16:00:00+00:00,13514.0
2023-11-27 17:00:00+00:00,15644.0
2023-11-27 18:00:00+00:00,18303.0
2023-11-27 19:00:00+00:00,22056.0
2023-11-27 20:00:00+00:00,22199.0
2023-11-27 21:00:00+00:00,22609.0
2023-11-27 22:00:00+00:00,25190.0
2023-11-27 23:00:00+00:00,18367.0
2023-11-28 00:00:00+00:00,21459.0
2023-11-28 01:00:00+00:00,24357.0
2023-11-28 02:00:00+00:00,22163.0
2023-11-28 03:00:00+00:00,23502.0
2023-11-28 04:00:00+00:00,21685.0
2023-11-28 05:00:00+00:00,20929.0
2023-11-28 06:00:00+00:00,18303.0
2023-11-28 07:00:00+00:00,15405.0
2023-11-28 08:00:00+00:00,5699.0
2023-11-28 09:00:00+00:00,-4109.0
2023-11-28 10:00:00+00:00,-12645.0
2023-11-28 11:00:00+00:00,-18957.0
2023-11-28 12:00:00+00:00,-18926.0
2023-11-28 13:00:00+00:00,-18402.0
2023-11-28 14:00:00+00:00,-13206.0
2023-11-28 15:00:00+00:00,-8611.0
2023-11-28 16:00:00+00:00,-4082.0
2023-11-28 17:00:00+00:00,-1567.0
2023-11-28 18:00:00+00:00,-3639.0
2023-11-28 19:00:00+00:00,1879.0
2023-11-28 20:00:00+00:00,7435.0
2023-11-28 21:00:00+00:00,10030.0
2023-11-28 22:00:00+00:00,9475.0
2023-11-28 23:00:00+00:00,13401.0
2023-11-29 00:00:00+00:00,16929.0
2023-11-29 01:00:00+00:00,23163.0
2023-11-29 02:00:00+00:00,25334.0
2023-11-29 03:00:00+00:00,28753.0
2023-11-29 04:00:00+00:00,28364.0
2023-11-29 05:00:00+00:00,25575.0
2023-11-29 06:00:00+00:00,24640.0
2023-11-29 07:00:00+00:00,23283.0
2023-11-29 08:00:00+00:00,27498.0
2023-11-29 09:00:00+00:00,24024.0
2023-11-29 10:00:00+00:00,15546.0
2023-11-29 11:00:00+00:00,15128.0
2023-11-29 12:00:00+00:00,13585.0
2023-11-29 13:00:00+00:00,14770.0
2023-11-29 14:00:00+00:00,10706.0
2023-11-29 15:00:00+00:00,7699.0
2023-11-29 16:00:00+00:00,8411.0
2023-11-29 17:00:00+00:00,5320.0
2023-11-29 18:00:00+00:00,4286.0
2023-11-29 19:00:00+00:00,2486.0
2023-11-29 20:00:00+00:00,2530.0
2023-11-29 21:00:00+00:00,4450.0
2023-11-29 22:00:00+00:00,4088.0
2023-11-29 23:00:00+00:00,-1063.0
2023-11-30 00:00:00+00:00,-5334.0
2023-11-30 01:00:00+00:00,-7335.0
2023-11-30 02:00:00+00:00,-8615.0
2023-11-30 03:00:00+00:00,-11639.0
2023-11-30 04:00:00+00:00,-16367.0
2023-11-30 05:00:00+00:00,-24002.0
2023-11-30 06:00:00+00:00,-23521.0
2023-11-30 07:00:00+00:00,-18508.0
2023-11-30 08:00:00+00:00,-20555.0
2023-11-30 09:00:00+00:00,-18509.0
2023-11-30 10:00:00+00:00,-19637.0
2023-11-30 11:00:00+00:00,-26095.0
2023-11-30 12:00:00+00:00,-25258.0
2023-11-30 13:00:00+00:00,-26309.0
2023-11-30 14:00:00+00:00,-24415.0
2023-11-30 15:00:00+00:00,-25214.0
2023-11-30 16:00:00+00:00,-21019.0
2023-11-30 17:00:00+00:00,-24358.0
2023-11-30 18:00:00+00:00,-24701.0
2023-11-30 19:00:00+00:00,-21733.0
2023-11-30 20:00:00+00:00,-18168.0
2023-11-30 21:00:00+00:00,-15434.0
2023-11-30 22:00:00+00:00,-12325.0
2023-11-30 23:00:00+00:00,-13939.0
2023-12-01 00:00:00+00:00,-14202.0
2023-12-01 01:00:00+00:00,-11097.0
2023-12-01 02:00:00+00:00,-11714.0
2023-12-01 03:00:00+00:00,-15929.0
2023-12-01 04:00:00+00:00,-17678.0
2023-12-01 05:00:00+00:00,-25027.0
2023-12-01 06:00:00+00:00,-22980.0
2023-12-01 07:00:00+00:00,-19796.0
2023-12-01 08:00:00+00:00,-20648.0
2023-12-01 09:00:00+00:00,-20611.0
2023-12-01 10:00:00+00:00,-22426.0
2023-12-01 11:00:00+00:00,-25900.0
2023-12-01 12:00:00+00:00,-25336.0
2023-12-01 13:00:00+00:00,-24602.0
2023-12-01 14:00:00+00:00,-18890.0
2023-12-01 15:00:00+00:00,-13993.0
2023-12-01 16:00:00+00:00,-10870.0
2023-12-01 17:00:00+00:00,-10848.0
2023-12-01 18:00:00+00:00,-13163.0
2023-12-01 19:00:00+00:00,-10701.0
2023-12-01 20:00:00+00:00,-6425.0
2023-12-01 21:00:00+00:00,-1434.0
2023-12-01 22:00:00+00:00,1605.0
2023-12-01 23:00:00+00:00,3111.0
2023-12-02 00:00:00+00:00,11.0
2023-12-02 01:00:00+00:00,-919.0
2023-12-02 02:00:00+00:00,-8.0
2023-12-02 03:00:00+00:00,-951.0
2023-12-02 04:00:00+00:00,-1250.0
2023-12-02 05:00:00+00:00,2899.0
2023-12-02 06:00:00+00:00,955.0
2023-12-02 07:00:00+00:00,-177.0
2023-12-02 08:00:00+00:00,-4731.0
2023-12-02 09:00:00+00:00,-9286.0
2023-12-02 10:00:00+00:00,-14891.0
2023-12-02 11:00:00+00:00,-17954.0
2023-12-02 12:00:00+00:00,-17326.0
2023-12-02 13:00:00+00:00,-14516.0
2023-12-02 14:00:00+00:00,-8305.0
2023-12-02 15:00:00+00:00,-5160.0
2023-12-02 16:00:00+00:00,-7099.0
2023-12-02 17:00:00+00:00,-6922.0
2023-12-02 18:00:00+00:00,-2463.0
2023-12-02 19:00:00+00:00,435.0
2023-12-02 20:00:00+00:00,7752.0
2023-12-02 21:00:00+00:00,5214.0
2023-12-02 22:00:00+00:00,9195.0
2023-12-02 23:00:00+00:00,14023.0
2023-12-03 00:00:00+00:00,17334.0
2023-12-03 01:00:00+00:00,16714.0
2023-12-03 02:00:00+00:00,12033.0
2023-12-03 03:00:00+00:00,10118.0
2023-12-03 04:00:00+00:00,13107.0
2023-12-03 05:00:00+00:00,13873.0
2023-12-03 06:00:00+00:00,15576.0
2023-12-03 07:00:00+00:00,10950.0
2023-12-03 08:00:00+00:00,7946.0
2023-12-03 09:00:00+00:00,5837.0
2023-12-03 10:00:00+00:00,1393.0
2023-12-03 11:00:00+00:00,4520.0
2023-12-03 12:00:00+00:00,3751.0
2023-12-03 13:00:00+00:00,8257.0
2023-12-03 14:00:00+00:00,6304.0
2023-12-03 15:00:00+00:00,9513.0
2023-12-03 16:00:00+00:00,13518.0
2023-12-03 17:00:00+00:00,19124.0
2023-12-03 18:00:00+00:00,21169.0
2023-12-03 19:00:00+00:00,19098.0
2023-12-03 20:00:00+00:00,17270.0
2023-12-03 21:00:00+00:00,16374.0
2023-12-03 22:00:00+00:00,22785.0
2023-12-03 23:00:00+00:00,23808.0
2023-12-04 00:00:00+00:00,22983.0
2023-12-04 01:00:00+00:00,23570.0
2023-12-04 02:00:00+00:00,24401.0
2023-12-04 03:00:00+00:00,22880.0
2023-12-04 04:00:00+00:00,19636.0
2023-12-04 05:00:00+00:00,10872.0
2023-12-04 06:00:00+00:00,4451.0
2023-12-04 07:00:00+00:00,9075.0
2023-12-04 08:00:00+00:00,10227.0
2023-12-04 09:00:00+00:00,11182.0
2023-12-04 10:00:00+00:00,6265.0
2023-12-04 11:00:00+00:00,3003.0
2023-12-04 12:00:00+00:00,3014.0
2023-12-04 13:00:00+00:00,7125.0
2023-12-04 14:00:00+00:00,11607.0
2023-12-04 15:00:00+00:00,14326.0
2023-12-04 16:00:00+00:00,20043.0
2023-12-04 17:00:00+00:00,24128.0
2023-12-04 18:00:00+00:00,19756.0
2023-12-04 19:00:00+00:00,25477.0
2023-12-04 20:00:00+00:00,25025.0
2023-12-04 21:00:00+00:00,23543.0
2023-12-04 22:00:00+00:00,27245.0
2023-12-04 23:00:00+00:00,29689.0
2023-12-05 00:00:00+00:00,30400.0
2023-12-05 01:00:00+00:00,30126.0
2023-12-05 02:00:00+00:00,28496.0
2023-12-05 03:00:00+00:00,29342.0
2023-12-05 04:00:00+00:00,26080.0
2023-12-05 05:00:00+00:00,21447.0
2023-12-05 06:00:00+00:00,20410.0
2023-12-05 07:00:00+00:00,18405.0
2023-12-05 08:00:00+00:00,19730.0
2023-12-05 09:00:00+00:00,19355.0
2023-12-05 10:00:00+00:00,13191.0
2023-12-05 11:00:00+00:00,11444.0
2023-12-05 12:00:00+00:00,9397.0
2023-12-05 13:00:00+00:00,9398.0
2023-12-05 14:00:00+00:00,8554.0
2023-12-05 15:00:00+00:00,8015.0
2023-12-05 16:00:00+00:00,16547.0
2023-12-05 17:00:00+00:00,12330.0
2023-12-05 18:00:00+00:00,13635.0
2023-12-05 19:00:00+00:00,11191.0
2023-12-05 20:00:00+00:00,11417.0
2023-12-05 21:00:00+00:00,11546.0
2023-12-05 22:00:00+00:00,11881.0
2023-12-05 23:00:00+00:00,13474.0
2023-12-06 00:00:00+00:00,8696.0
2023-12-06 01:00:00+00:00,4816.0
2023-12-06 02:00:00+00:00,1337.0
2023-12-06 03:00:00+00:00,-2451.0
2023-12-06 04:00:00+00:00,-4005.0
2023-12-06 05:00:00+00:00,-11907.0
2023-12-06 06:00:00+00:00,-14058.0
2023-12-06 07:00:00+00:00,-11173.0
2023-12-06 08:00:00+00:00,-12684.0
2023-12-06 09:00:00+00:00,-11758.0
2023-12-06 10:00:00+00:00,-23694.0
2023-12-06 11:00:00+00:00,-26258.0
2023-12-06 12:00:00+00:00,-21740.0
2023-12-06 13:00:00+00:00,-22896.0
2023-12-06 14:00:00+00:00,-23501.0
2023-12-06 15:00:00+00:00,-17451.0
2023-12-06 16:00:00+00:00,-17203.0
2023-12-06 17:00:00+00:00,-16121.0
2023-12-06 18:00:00+00:00,-15940.0
2023-12-06 19:00:00+00:00,-14478.0
2023-12-06 20:00:00+00:00,-12420.0
2023-12-06 21:00:00+00:00,-8643.0
2023-12-06 22:00:00+00:00,-11730.0
2023-12-06 23:00:00+00:00,-3694.0
2023-12-07 00:00:00+00:00,-3669.0
2023-12-07 01:00:00+00:00,-4881.0
2023-12-07 02:00:00+00:00,-7099.0
2023-12-07 03:00:00+00:00,-11436.0
2023-12-07 04:00:00+00:00,-17505.0
2023-12-07 05:00:00+00:00,-20847.0
2023-12-07 06:00:00+00:00,-24940.0
2023-12-07 07:00:00+00:00,-22822.0
2023-12-07 08:00:00+00:00,-26259.0
2023-12-07 09:00:00+00:00,-30211.0
2023-12-07 10:00:00+00:00,-23886.0
2023-12-07 11:00:00+00:00,-23656.0
2023-12-07 12:00:00+00:00,-24097.0
2023-12-07 13:00:00+00:00,-22429.0
2023-12-07 14:00:00+00:00,-24255.0
2023-12-07 15:00:00+00:00,-22319.0
2023-12-07 16:00:00+00:00,-19954.0
2023-12-07 17:00:00+00:00,-17572.0
2023-12-07 18:00:00+00:00,-15656.0
2023-12-07 19:00:00+00:00,-7865.0
2023-12-07 20:00:00+00:00,-2541.0
2023-12-07 21:00:00+00:00,3664.0
2023-12-07 22:00:00+00:00,7011.0
2023-12-07 23:00:00+00:00,15344.0
2023-12-08 00:00:00+00:00,19101.0
2023-12-08 01:00:00+00:00,20557.0
2023-12-08 02:00:00+00:00,20512.0
2023-12-08 03:00:00+00:00,19307.0
2023-12-08 04:00:00+00:00,15715.0
2023-12-08 05:00:00+00:00,13588.0
2023-12-08 06:00:00+00:00,6120.0
2023-12-08 07:00:00+00:00,7666.0
2023-12-08 08:00:00+00:00,9902.0
2023-12-08 09:00:00+00:00,4246.0
2023-12-08 10:00:00+00:00,-4227.0
2023-12-08 11:00:00+00:00,-11808.0
2023-12-08 12:00:00+00:00,-18307.0
2023-12-08 13:00:00+00:00,-20079.0
2023-12-08 14:00:00+00:00,-20689.0
2023-12-08 15:00:00+00:00,-20397.0
2023-12-08 16:00:00+00:00,-18541.0
2023-12-08 17:00:00+00:00,-22139.0
2023-12-08 18:00:00+00:00,-22339.0
2023-12-08 19:00:00+00:00,-20668.0
2023-12-08 20:00:00+00:00,-15605.0
2023-12-08 21:00:00+00:00,-14316.0
2023-12-08 22:00:00+00:00,-9054.0
2023-12-08 23:00:00+00:00,-9045.0
2023-12-09 00:00:00+00:00,-4814.0
2023-12-09 01:00:00+00:00,314.0
2023-12-09 02:00:00+00:00,-182.0
2023-12-09 03:00:00+00:00,-283.0
2023-12-09 04:00:00+00:00,646.0
2023-12-09 05:00:00+00:00,1955.0
2023-12-09 06:00:00+00:00,1215.0
2023-12-09 07:00:00+00:00,3696.0
2023-12-09 08:00:00+00:00,2001.0
2023-12-09 09:00:00+00:00,1792.0
2023-12-09 10:00:00+00:00,1930.0
2023-12-09 11:00:00+00:00,7153.0
2023-12-09 12:00:00+00:00,9234.0
2023-12-09 13:00:00+00:00,10429.0
2023-12-09 14:00:00+00:00,12607.0
2023-12-09 15:00:00+00:00,19135.0
2023-12-09 16:00:00+00:00,18904.0
2023-12-09 17:00:00+00:00,25155.0
2023-12-09 18:00:00+00:00,28323.0
2023-12-09 19:00:00+00:00,30059.0
2023-12-09 20:00:00+00:00,33851.0
2023-12-09 21:00:00+00:00,30548.0
2023-12-09 22:00:00+00:00,32434.0
2023-12-09 23:00:00+00:00,31089.0
2023-12-10 00:00:00+00:00,30293.0
2023-12-10 01:00:00+00:00,30044.0
2023-12-10 02:00:00+00:00,27123.0
2023-12-10 03:00:00+00:00,24400.0
2023-12-10 04:00:00+00:00,20302.0
2023-12-10 05:00:00+00:00,21845.0
2023-12-10 06:00:00+00:00,22672.0
2023-12-10 07:00:00+00:00,21187.0
2023-12-10 08:00:00+00:00,24172.0
2023-12-10 09:00:00+00:00,23239.0
2023-12-10 10:00:00+00:00,21398.0
2023-12-10 11:00:00+00:00,22244.0
2023-12-10 12:00:00+00:00,25622.0
2023-12-10 13:00:00+00:00,24769.0
2023-12-10 14:00:00+00:00,25905.0
2023-12-10 15:00:00+00:00,28946.0
2023-12-10 16:00:00+00:00,28608.0
2023-12-10 17:00:00+00:00,19260.0
2023-12-10 18:00:00+00:00,19696.0
2023-12-10 19:00:00+00:00,20126.0
2023-12-10 20:00:00+00:00,23557.0
2023-12-10 21:00:00+00:00,17273.0
2023-12-10 22:00:00+00:00,18499.0
2023-12-10 23:00:00+00:00,21661.0
2023-12-11 00:00:00+00:00,23675.0
2023-12-11 01:00:00+00:00,22059.0
2023-12-11 02:00:00+00:00,23607.0
2023-12-11 03:00:00+00:00,25479.0
2023-12-11 04:00:00+00:00,20498.0
2023-12-11 05:00:00+00:00,9241.0
2023-12-11 06:00:00+00:00,652.0
2023-12-11 07:00:00+00:00,-4215.0
2023-12-11 08:00:00+00:00,2987.0
2023-12-11 09:00:00+00:00,4969.0
2023-12-11 10:00:00+00:00,7795.0
2023-12-11 11:00:00+00:00,9007.0
2023-12-11 12:00:00+00:00,9915.0
2023-12-11 13:00:00+00:00,9462.0
2023-12-11 14:00:00+00:00,8433.0
2023-12-11 15:00:00+00:00,7917.0
2023-12-11 16:00:00+00:00,11137.0
2023-12-11 17:00:00+00:00,11184.0
2023-12-11 18:00:00+00:00,9017.0
2023-12-11 19:00:00+00:00,15815.0
2023-12-11 20:00:00+00:00,14908.0
2023-12-11 21:00:00+00:00,16355.0
2023-12-11 22:00:00+00:00,22037.0
2023-12-11 23:00:00+00:00,17070.0
2023-12-12 00:00:00+00:00,8716.0
2023-12-12 01:00:00+00:00,1461.0
2023-12-12 02:00:00+00:00,-2650.0
2023-12-12 03:00:00+00:00,-8028.0
2023-12-12 04:00:00+00:00,-11189.0
2023-12-12 05:00:00+00:00,-16644.0
2023-12-12 06:00:00+00:00,-18270.0
2023-12-12 07:00:00+00:00,-18284.0
2023-12-12 08:00:00+00:00,-16425.0
2023-12-12 09:00:00+00:00,-14281.0
2023-12-12 10:00:00+00:00,-16954.0
2023-12-12 11:00:00+00:00,-22030.0
2023-12-12 12:00:00+00:00,-21611.0
2023-12-12 13:00:00+00:00,-19584.0
2023-12-12 14:00:00+00:00,-18774.0
2023-12-12 15:00:00+00:00,-13086.0
2023-12-12 16:00:00+00:00,-7191.0
2023-12-12 17:00:00+00:00,-6095.0
2023-12-12 18:00:00+00:00,-1068.0
2023-12-12 19:00:00+00:00,1153.0
2023-12-12 20:00:00+00:00,4834.0
2023-12-12 21:00:00+00:00,5352.0
2023-12-12 22:00:00+00:00,8459.0
2023-12-12 23:00:00+00:00,12709.0
2023-12-13 00:00:00+00:00,12653.0
2023-12-13 01:00:00+00:00,14734.0
2023-12-13 02:00:00+00:00,11203.0
2023-12-13 03:00:00+00:00,8593.0
2023-12-13 04:00:00+00:00,5411.0
2023-12-13 05:00:00+00:00,4659.0
2023-12-13 06:00:00+00:00,2059.0
2023-12-13 07:00:00+00:00,2509.0
2023-12-13 08:00:00+00:00,5061.0
2023-12-13 09:00:00+00:00,7066.0
2023-12-13 10:00:00+00:00,2288.0
2023-12-13 11:00:00+00:00,378.0
2023-12-13 12:00:00+00:00,1434.0
2023-12-13 13:00:00+00:00,-853.0
2023-12-13 14:00:00+00:00,-1887.0
2023-12-13 15:00:00+00:00,-5005.0
2023-12-13 16:00:00+00:00,2318.0
2023-12-13 17:00:00+00:00,-2324.0
2023-12-13 18:00:00+00:00,-4058.0
2023-12-13 19:00:00+00:00,-1584.0
2023-12-13 20:00:00+00:00,2530.0
2023-12-13 21:00:00+00:00,315.0
2023-12-13 22:00:00+00:00,-940.0
2023-12-13 23:00:00+00:00,-4508.0
2023-12-14 00:00:00+00:00,-7765.0
2023-12-14 01:00:00+00:00,-8045.0
2023-12-14 02:00:00+00:00,-8103.0
2023-12-14 03:00:00+00:00,-9710.0
2023-12-14 04:00:00+00:00,-14266.0
2023-12-14 05:00:00+00:00,-14273.0
2023-12-14 06:00:00+00:00,-19490.0
2023-12-14 07:00:00+00:00,-21368.0
2023-12-14 08:00:00+00:00,-19314.0
2023-12-14 09:00:00+00:00,-21735.0
2023-12-14 10:00:00+00:00,-23178.0
2023-12-14 11:00:00+00:00,-22145.0
2023-12-14 12:00:00+00:00,-18780.0
2023-12-14 13:00:00+00:00,-16050.0
2023-12-14 14:00:00+00:00,-14882.0
2023-12-14 15:00:00+00:00,-14236.0
2023-12-14 16:00:00+00:00,-13726.0
2023-12-14 17:00:00+00:00,-16255.0
2023-12-14 18:00:00+00:00,-14058.0
2023-12-14 19:00:00+00:00,-11744.0
2023-12-14 20:00:00+00:00,-14469.0
2023-12-14 21:00:00+00:00,-10774.0
2023-12-14 22:00:00+00:00,-4889.0
2023-12-14 23:00:00+00:00,3028.0
2023-12-15 00:00:00+00:00,3236.0
2023-12-15 01:00:00+00:00,4953.0
2023-12-15 02:00:00+00:00,875.0
2023-12-15 03:00:00+00:00,-1719.0
2023-12-15 04:00:00+00:00,-2773.0
2023-12-15 05:00:00+00:00,-6441.0
2023-12-15 06:00:00+00:00,-11643.0
2023-12-15 07:00:00+00:00,-10480.0
2023-12-15 08:00:00+00:00,-6961.0
2023-12-15 09:00:00+00:00,-9930.0
2023-12-15 10:00:00+00:00,-11828.0
2023-12-15 11:00:00+00:00,-14667.0
2023-12-15 12:00:00+00:00,-14370.0
2023-12-15 13:00:00+00:00,-11076.0
2023-12-15 14:00:00+00:00,-9153.0
2023-12-15 15:00:00+00:00,-9573.0
2023-12-15 16:00:00+00:00,-5261.0
2023-12-15 17:00:00+00:00,-793.0
2023-12-15 18:00:00+00:00,3639.0
2023-12-15 19:00:00+00:00,7799.0
2023-12-15 20:00:00+00:00,12517.0
2023-12-15 21:00:00+00:00,13081.0
2023-12-15 22:00:00+00:00,12863.0
2023-12-15 23:00:00+00:00,9652.0
2023-12-16 00:00:00+00:00,8183.0
2023-12-16 01:00:00+00:00,11554.0
2023-12-16 02:00:00+00:00,9143.0
2023-12-16 03:00:00+00:00,9709.0
2023-12-16 04:00:00+00:00,9364.0
2023-12-16 05:00:00+00:00,11799.0
2023-12-16 06:00:00+00:00,12974.0
2023-12-16 07:00:00+00:00,17316.0
2023-12-16 08:00:00+00:00,21252.0
2023-12-16 09:00:00+00:00,24311.0
2023-12-16 10:00:00+00:00,20441.0
2023-12-16 11:00:00+00:00,24842.0
2023-12-16 12:00:00+00:00,22342.0
2023-12-16 13:00:00+00:00,23455.0
2023-12-16 14:00:00+00:00,21554.0
2023-12-16 15:00:00+00:00,17886.0
2023-12-16 16:00:00+00:00,20872.0
2023-12-16 17:00:00+00:00,24766.0
2023-12-16 18:00:00+00:00,25709.0
2023-12-16 19:00:00+00:00,26615.0
2023-12-16 20:00:00+00:00,24879.0
2023-12-16 21:00:00+00:00,26850.0
2023-12-16 22:00:00+00:00,26757.0
2023-12-16 23:00:00+00:00,28565.0
2023-12-17 00:00:00+00:00,31056.0
2023-12-17 01:00:00+00:00,26139.0
2023-12-17 02:00:00+00:00,23702.0
2023-12-17 03:00:00+00:00,21817.0
2023-12-17 04:00:00+00:00,20443.0
2023-12-17 05:00:00+00:00,20692.0
2023-12-17 06:00:00+00:00,20497.0
2023-12-17 07:00:00+00:00,19459.0
2023-12-17 08:00:00+00:00,22065.0
2023-12-17 09:00:00+00:00,23787.0
2023-12-17 10:00:00+00:00,26540.0
2023-12-17 11:00:00+00:00,32064.0
2023-12-17 12:00:00+00:00,30114.0
2023-12-17 13:00:00+00:00,22762.0
2023-12-17 14:00:00+00:00,17565.0
2023-12-17 15:00:00+00:00,18534.0
2023-12-17 16:00:00+00:00,24342.0
2023-12-17 17:00:00+00:00,25005.0
2023-12-17 18:00:00+00:00,26106.0
2023-12-17 19:00:00+00:00,24605.0
2023-12-17 20:00:00+00:00,25561.0
2023-12-17 21:00:00+00:00,24235.0
2023-12-17 22:00:00+00:00,25059.0
2023-12-17 23:00:00+00:00,24156.0
2023-12-18 00:00:00+00:00,25820.0
2023-12-18 01:00:00+00:00,26002.0
2023-12-18 02:00:00+00:00,24475.0
2023-12-18 03:00:00+00:00,22968.0
2023-12-18 04:00:00+00:00,20896.0
2023-12-18 05:00:00+00:00,18700.0
2023-12-18 06:00:00+00:00,14580.0
2023-12-18 07:00:00+00:00,15166.0
2023-12-18 08:00:00+00:00,19944.0
2023-12-18 09:00:00+00:00,25634.0
2023-12-18 10:00:00+00:00,27653.0
2023-12-18 11:00:00+00:00,24741.0
2023-12-18 12:00:00+00:00,19774.0
2023-12-18 13:00:00+00:00,17082.0
2023-12-18 14:00:00+00:00,10594.0
2023-12-18 15:00:00+00:00,7443.0
2023-12-18 16:00:00+00:00,11583.0
2023-12-18 17:00:00+00:00,11828.0
2023-12-18 18:00:00+00:00,18554.0
2023-12-18 19:00:00+00:00,25766.0
2023-12-18 20:00:00+00:00,29652.0
2023-12-18 21:00:00+00:00,29624.0
2023-12-18 22:00:00+00:00,27601.0
2023-12-18 23:00:00+00:00,27957.0
2023-12-19 00:00:00+00:00,25885.0
2023-12-19 01:00:00+00:00,26313.0
2023-12-19 02:00:00+00:00,21236.0
2023-12-19 03:00:00+00:00,17615.0
2023-12-19 04:00:00+00:00,13802.0
2023-12-19 05:00:00+00:00,5197.0
2023-12-19 06:00:00+00:00,-1906.0
2023-12-19 07:00:00+00:00,2681.0
2023-12-19 08:00:00+00:00,10294.0
2023-12-19 09:00:00+00:00,15481.0
2023-12-19 10:00:00+00:00,17490.0
2023-12-19 11:00:00+00:00,18116.0
2023-12-19 12:00:00+00:00,20812.0
2023-12-19 13:00:00+00:00,18492.0
2023-12-19 14:00:00+00:00,13828.0
2023-12-19 15:00:00+00:00,6744.0
2023-12-19 16:00:00+00:00,6563.0
2023-12-19 17:00:00+00:00,6421.0
2023-12-19 18:00:00+00:00,10238.0
2023-12-19 19:00:00+00:00,13845.0
2023-12-19 20:00:00+00:00,17583.0
2023-12-19 21:00:00+00:00,19330.0
2023-12-19 22:00:00+00:00,19006.0
2023-12-19 23:00:00+00:00,12302.0
2023-12-20 00:00:00+00:00,13175.0
2023-12-20 01:00:00+00:00,16069.0
2023-12-20 02:00:00+00:00,18740.0
2023-12-20 03:00:00+00:00,18536.0
2023-12-20 04:00:00+00:00,22482.0
2023-12-20 05:00:00+00:00,19948.0
2023-12-20 06:00:00+00:00,17354.0
2023-12-20 07:00:00+00:00,25257.0
2023-12-20 08:00:00+00:00,25560.0
2023-12-20 09:00:00+00:00,30341.0
2023-12-20 10:00:00+00:00,27461.0
2023-12-20 11:00:00+00:00,31871.0
2023-12-20 12:00:00+00:00,33110.0
2023-12-20 13:00:00+00:00,34138.0
2023-12-20 14:00:00+00:00,24813.0
2023-12-20 15:00:00+00:00,24302.0
2023-12-20 16:00:00+00:00,27423.0
2023-12-20 17:00:00+00:00,24082.0
2023-12-20 18:00:00+00:00,24961.0
2023-12-20 19:00:00+00:00,25119.0
2023-12-20 20:00:00+00:00,24437.0
2023-12-20 21:00:00+00:00,30679.0
2023-12-20 22:00:00+00:00,35413.0
2023-12-20 23:00:00+00:00,37733.0
2023-12-21 00:00:00+00:00,41382.0
2023-12-21 01:00:00+00:00,41655.0
2023-12-21 02:00:00+00:00,40611.0
2023-12-21 03:00:00+00:00,38225.0
2023-12-21 04:00:00+00:00,36137.0
2023-12-21 05:00:00+00:00,34234.0
2023-12-21 06:00:00+00:00,34968.0
2023-12-21 07:00:00+00:00,38436.0
2023-12-21 08:00:00+00:00,40101.0
2023-12-21 09:00:00+00:00,37212.0
2023-12-21 10:00:00+00:00,37526.0
2023-12-21 11:00:00+00:00,39809.0
2023-12-21 12:00:00+00:00,35975.0
2023-12-21 13:00:00+00:00,33146.0
2023-12-21 14:00:00+00:00,34658.0
2023-12-21 15:00:00+00:00,35892.0
2023-12-21 16:00:00+00:00,35134.0
2023-12-21 17:00:00+00:00,37174.0
2023-12-21 18:00:00+00:00,39636.0
2023-12-21 19:00:00+00:00,37458.0
2023-12-21 20:00:00+00:00,37971.0
2023-12-21 21:00:00+00:00,42756.0
2023-12-21 22:00:00+00:00,47569.0
2023-12-21 23:00:00+00:00,43858.0
2023-12-22 00:00:00+00:00,42932.0
2023-12-22 01:00:00+00:00,41970.0
2023-12-22 02:00:00+00:00,37716.0
2023-12-22 03:00:00+00:00,39160.0
2023-12-22 04:00:00+00:00,37301.0
2023-12-22 05:00:00+00:00,38534.0
2023-12-22 06:00:00+00:00,39879.0
2023-12-22 07:00:00+00:00,43088.0
2023-12-22 08:00:00+00:00,40830.0
2023-12-22 09:00:00+00:00,37735.0
2023-12-22 10:00:00+00:00,32589.0
2023-12-22 11:00:00+00:00,33613.0
2023-12-22 12:00:00+00:00,32447.0
2023-12-22 13:00:00+00:00,27823.0
2023-12-22 14:00:00+00:00,24613.0
2023-12-22 15:00:00+00:00,30713.0
2023-12-22 16:00:00+00:00,34843.0
2023-12-22 17:00:00+00:00,33874.0
2023-12-22 18:00:00+00:00,35462.0
2023-12-22 19:00:00+00:00,39236.0
2023-12-22 20:00:00+00:00,40731.0
2023-12-22 21:00:00+00:00,41722.0
2023-12-22 22:00:00+00:00,48650.0
2023-12-22 23:00:00+00:00,47925.0
2023-12-23 00:00:00+00:00,45555.0
2023-12-23 01:00:00+00:00,44671.0
2023-12-23 02:00:00+00:00,39864.0
2023-12-23 03:00:00+00:00,36327.0
2023-12-23 04:00:00+00:00,30226.0
2023-12-23 05:00:00+00:00,31826.0
2023-12-23 06:00:00+00:00,31687.0
2023-12-23 07:00:00+00:00,22768.0
2023-12-23 08:00:00+00:00,17284.0
2023-12-23 09:00:00+00:00,8492.0
2023-12-23 10:00:00+00:00,8901.0
2023-12-23 11:00:00+00:00,870.0
2023-12-23 12:00:00+00:00,5336.0
2023-12-23 13:00:00+00:00,3883.0
2023-12-23 14:00:00+00:00,4511.0
2023-12-23 15:00:00+00:00,1032.0
2023-12-23 16:00:00+00:00,-2165.0
2023-12-23 17:00:00+00:00,-819.0
2023-12-23 18:00:00+00:00,-27.0
2023-12-23 19:00:00+00:00,4657.0
2023-12-23 20:00:00+00:00,5863.0
2023-12-23 21:00:00+00:00,10379.0
2023-12-23 22:00:00+00:00,18009.0
2023-12-23 23:00:00+00:00,17620.0
2023-12-24 00:00:00+00:00,24563.0
2023-12-24 01:00:00+00:00,24571.0
2023-12-24 02:00:00+00:00,27676.0
2023-12-24 03:00:00+00:00,26052.0
2023-12-24 04:00:00+00:00,27725.0
2023-12-24 05:00:00+00:00,32692.0
2023-12-24 06:00:00+00:00,37537.0
2023-12-24 07:00:00+00:00,34311.0
2023-12-24 08:00:00+00:00,34077.0
2023-12-24 09:00:00+00:00,35392.0
2023-12-24 10:00:00+00:00,33628.0
2023-12-24 11:00:00+00:00,31738.0
2023-12-24 12:00:00+00:00,31279.0
2023-12-24 13:00:00+00:00,33886.0
2023-12-24 14:00:00+00:00,35432.0
2023-12-24 15:00:00+00:00,36211.0
2023-12-24 16:00:00+00:00,37319.0
2023-12-24 17:00:00+00:00,36051.0
2023-12-24 18:00:00+00:00,37633.0
2023-12-24 19:00:00+00:00,40177.0
2023-12-24 20:00:00+00:00,39597.0
2023-12-24 21:00:00+00:00,40101.0
2023-12-24 22:00:00+00:00,41338.0
2023-12-24 23:00:00+00:00,41849.0
2023-12-25 00:00:00+00:00,42671.0
2023-12-25 01:00:00+00:00,41972.0
2023-12-25 02:00:00+00:00,39229.0
2023-12-25 03:00:00+00:00,37449.0
2023-12-25 04:00:00+00:00,38875.0
2023-12-25 05:00:00+00:00,41520.0
2023-12-25 06:00:00+00:00,40105.0
2023-12-25 07:00:00+00:00,40934.0
2023-12-25 08:00:00+00:00,33951.0
2023-12-25 09:00:00+00:00,33545.0
2023-12-25 10:00:00+00:00,33281.0
2023-12-25 11:00:00+00:00,33395.0
2023-12-25 12:00:00+00:00,32908.0
2023-12-25 13:00:00+00:00,31161.0
2023-12-25 14:00:00+00:00,25733.0
2023-12-25 15:00:00+00:00,21275.0
2023-12-25 16:00:00+00:00,16725.0
2023-12-25 17:00:00+00:00,22602.0
2023-12-25 18:00:00+00:00,21350.0
2023-12-25 19:00:00+00:00,27492.0
2023-12-25 20:00:00+00:00,28808.0
2023-12-25 21:00:00+00:00,29276.0
2023-12-25 22:00:00+00:00,32695.0
2023-12-25 23:00:00+00:00,31730.0
2023-12-26 00:00:00+00:00,36890.0
2023-12-26 01:00:00+00:00,35065.0
2023-12-26 02:00:00+00:00,32900.0
2023-12-26 03:00:00+00:00,35869.0
2023-12-26 04:00:00+00:00,37792.0
2023-12-26 05:00:00+00:00,41565.0
2023-12-26 06:00:00+00:00,46702.0
2023-12-26 07:00:00+00:00,42968.0
2023-12-26 08:00:00+00:00,45550.0
2023-12-26 09:00:00+00:00,46289.0
2023-12-26 10:00:00+00:00,45894.0
2023-12-26 11:00:00+00:00,45930.0
2023-12-26 12:00:00+00:00,47975.0
2023-12-26 13:00:00+00:00,45827.0
2023-12-26 14:00:00+00:00,41606.0
2023-12-26 15:00:00+00:00,31895.0
2023-12-26 16:00:00+00:00,28167.0
2023-12-26 17:00:00+00:00,28617.0
2023-12-26 18:00:00+00:00,27964.0
2023-12-26 19:00:00+00:00,25087.0
2023-12-26 20:00:00+00:00,25910.0
2023-12-26 21:00:00+00:00,22394.0
2023-12-26 22:00:00+00:00,23380.0
2023-12-26 23:00:00+00:00,24167.0
2023-12-27 00:00:00+00:00,20988.0
2023-12-27 01:00:00+00:00,10502.0
2023-12-27 02:00:00+00:00,6168.0
2023-12-27 03:00:00+00:00,-362.0
2023-12-27 04:00:00+00:00,-7514.0
2023-12-27 05:00:00+00:00,-18418.0
2023-12-27 06:00:00+00:00,-21161.0
2023-12-27 07:00:00+00:00,-19528.0
2023-12-27 08:00:00+00:00,-16215.0
2023-12-27 09:00:00+00:00,-7418.0
2023-12-27 10:00:00+00:00,153.0
2023-12-27 11:00:00+00:00,2456.0
2023-12-27 12:00:00+00:00,1645.0
2023-12-27 13:00:00+00:00,-5269.0
2023-12-27 14:00:00+00:00,-13126.0
2023-12-27 15:00:00+00:00,-11910.0
2023-12-27 16:00:00+00:00,-5017.0
2023-12-27 17:00:00+00:00,2782.0
2023-12-27 18:00:00+00:00,9378.0
2023-12-27 19:00:00+00:00,20552.0
2023-12-27 20:00:00+00:00,27633.0
2023-12-27 21:00:00+00:00,33903.0
2023-12-27 22:00:00+00:00,37360.0
2023-12-27 23:00:00+00:00,36053.0
2023-12-28 00:00:00+00:00,32411.0
2023-12-28 01:00:00+00:00,31340.0
2023-12-28 02:00:00+00:00,35738.0
2023-12-28 03:00:00+00:00,30490.0
2023-12-28 04:00:00+00:00,30363.0
2023-12-28 05:00:00+00:00,33875.0
2023-12-28 06:00:00+00:00,35784.0
2023-12-28 07:00:00+00:00,38111.0
2023-12-28 08:00:00+00:00,42939.0
2023-12-28 09:00:00+00:00,44952.0
2023-12-28 10:00:00+00:00,45107.0
2023-12-28 11:00:00+00:00,43606.0
2023-12-28 12:00:00+00:00,43026.0
2023-12-28 13:00:00+00:00,41587.0
2023-12-28 14:00:00+00:00,38593.0
2023-12-28 15:00:00+00:00,36246.0
2023-12-28 16:00:00+00:00,37176.0
2023-12-28 17:00:00+00:00,35890.0
2023-12-28 18:00:00+00:00,39203.0
2023-12-28 19:00:00+00:00,43415.0
2023-12-28 20:00:00+00:00,46548.0
2023-12-28 21:00:00+00:00,45971.0
2023-12-28 22:00:00+00:00,46924.0
2023-12-28 23:00:00+00:00,42767.0
2023-12-29 00:00:00+00:00,43338.0
2023-12-29 01:00:00+00:00,44816.0
2023-12-29 02:00:00+00:00,42955.0
2023-12-29 03:00:00+00:00,37934.0
2023-12-29 04:00:00+00:00,39772.0
2023-12-29 05:00:00+00:00,39794.0
2023-12-29 06:00:00+00:00,40780.0
2023-12-29 07:00:00+00:00,49448.0
2023-12-29 08:00:00+00:00,48555.0
2023-12-29 09:00:00+00:00,47480.0
2023-12-29 10:00:00+00:00,45447.0
2023-12-29 11:00:00+00:00,47634.0
2023-12-29 12:00:00+00:00,45127.0
2023-12-29 13:00:00+00:00,43429.0
2023-12-29 14:00:00+00:00,40628.0
2023-12-29 15:00:00+00:00,38782.0
2023-12-29 16:00:00+00:00,38558.0
2023-12-29 17:00:00+00:00,40138.0
2023-12-29 18:00:00+00:00,37418.0
2023-12-29 19:00:00+00:00,40022.0
2023-12-29 20:00:00+00:00,40892.0
2023-12-29 21:00:00+00:00,43522.0
2023-12-29 22:00:00+00:00,47037.0
2023-12-29 23:00:00+00:00,49552.0
2023-12-30 00:00:00+00:00,52994.0
2023-12-30 01:00:00+00:00,55671.0
2023-12-30 02:00:00+00:00,52346.0
2023-12-30 03:00:00+00:00,48658.0
2023-12-30 04:00:00+00:00,50693.0
2023-12-30 05:00:00+00:00,50481.0
2023-12-30 06:00:00+00:00,48350.0
2023-12-30 07:00:00+00:00,44296.0
2023-12-30 08:00:00+00:00,43637.0
2023-12-30 09:00:00+00:00,44127.0
2023-12-30 10:00:00+00:00,42051.0
2023-12-30 11:00:00+00:00,42958.0
2023-12-30 12:00:00+00:00,38824.0
2023-12-30 13:00:00+00:00,24039.0
2023-12-30 14:00:00+00:00,8185.0
2023-12-30 15:00:00+00:00,-3678.0
2023-12-30 16:00:00+00:00,-6427.0
2023-12-30 17:00:00+00:00,-7693.0
2023-12-30 18:00:00+00:00,-847.0
2023-12-30 19:00:00+00:00,5960.0
2023-12-30 20:00:00+00:00,9664.0
2023-12-30 21:00:00+00:00,2948.0
2023-12-30 22:00:00+00:00,5235.0
2023-12-30 23:00:00+00:00,8440.0
2023-12-31 00:00:00+00:00,12062.0
2023-12-31 01:00:00+00:00,14374.0
2023-12-31 02:00:00+00:00,11727.0
2023-12-31 03:00:00+00:00,11671.0
2023-12-31 04:00:00+00:00,14702.0
2023-12-31 05:00:00+00:00,18631.0
2023-12-31 06:00:00+00:00,21171.0
2023-12-31 07:00:00+00:00,28312.0
2023-12-31 08:00:00+00:00,32546.0
2023-12-31 09:00:00+00:00,39043.0
2023-12-31 10:00:00+00:00,35373.0
2023-12-31 11:00:00+00:00,33022.0
2023-12-31 12:00:00+00:00,26616.0
2023-12-31 13:00:00+00:00,26783.0
2023-12-31 14:00:00+00:00,28267.0
2023-12-31 15:00:00+00:00,26371.0
2023-12-31 16:00:00+00:00,26168.0
2023-12-31 17:00:00+00:00,27163.0
2023-12-31 18:00:00+00:00,28207.0
2023-12-31 19:00:00+00:00,32056.0
2023-12-31 20:00:00+00:00,33945.0
2023-12-31 21:00:00+00:00,35689.0
2023-12-31 22:00:00+00:00,37397.0
2023-12-31 23:00:00+00:00,35186.0
