timestamp,flow_mw
2023-01-01 00:00:00+00:00,5674.0
2023-01-01 01:00:00+00:00,6973.0
2023-01-01 02:00:00+00:00,8730.0
2023-01-01 03:00:00+00:00,26949.0
2023-01-01 04:00:00+00:00,45428.0
2023-01-01 05:00:00+00:00,46632.0
2023-01-01 06:00:00+00:00,42475.0
2023-01-01 07:00:00+00:00,39363.0
2023-01-01 08:00:00+00:00,27131.0
2023-01-01 09:00:00+00:00,36464.0
2023-01-01 10:00:00+00:00,23832.0
2023-01-01 11:00:00+00:00,22470.0
2023-01-01 12:00:00+00:00,29677.0
2023-01-01 13:00:00+00:00,19221.0
2023-01-01 14:00:00+00:00,32248.0
2023-01-01 15:00:00+00:00,50222.0
2023-01-01 16:00:00+00:00,38944.0
2023-01-01 17:00:00+00:00,34493.0
2023-01-01 18:00:00+00:00,25688.0
2023-01-01 19:00:00+00:00,10893.0
2023-01-01 20:00:00+00:00,35124.0
2023-01-01 21:00:00+00:00,43678.0
2023-01-01 22:00:00+00:00,35321.0
2023-01-01 23:00:00+00:00,32967.0
2023-01-02 00:00:00+00:00,27223.0
2023-01-02 01:00:00+00:00,17779.0
2023-01-02 02:00:00+00:00,23876.0
2023-01-02 03:00:00+00:00,40791.0
2023-01-02 04:00:00+00:00,24482.0
2023-01-02 05:00:00+00:00,29270.0
2023-01-02 06:00:00+00:00,14446.0
2023-01-02 07:00:00+00:00,3068.0
2023-01-02 08:00:00+00:00,20982.0
2023-01-02 09:00:00+00:00,34653.0
2023-01-02 10:00:00+00:00,37795.0
2023-01-02 11:00:00+00:00,32295.0
2023-01-02 12:00:00+00:00,26028.0
2023-01-02 13:00:00+00:00,26540.0
2023-01-02 14:00:00+00:00,53000.0
2023-01-02 15:00:00+00:00,60261.0
2023-01-02 16:00:00+00:00,49802.0
2023-01-02 17:00:00+00:00,15849.0
2023-01-02 18:00:00+00:00,5557.0
2023-01-02 19:00:00+00:00,14816.0
2023-01-02 20:00:00+00:00,38204.0
2023-01-02 21:00:00+00:00,55803.0
2023-01-02 22:00:00+00:00,55248.0
2023-01-02 23:00:00+00:00,52173.0
2023-01-03 00:00:00+00:00,47809.0
2023-01-03 01:00:00+00:00,41113.0
2023-01-03 02:00:00+00:00,58291.0
2023-01-03 03:00:00+00:00,60944.0
2023-01-03 04:00:00+00:00,52725.0
2023-01-03 05:00:00+00:00,31831.0
2023-01-03 06:00:00+00:00,25680.0
2023-01-03 07:00:00+00:00,28641.0
2023-01-03 08:00:00+00:00,46374.0
2023-01-03 09:00:00+00:00,55302.0
2023-01-03 10:00:00+00:00,41981.0
2023-01-03 11:00:00+00:00,27846.0
2023-01-03 12:00:00+00:00,23246.0
2023-01-03 13:00:00+00:00,18826.0
2023-01-03 14:00:00+00:00,35411.0
2023-01-03 15:00:00+00:00,51532.0
2023-01-03 16:00:00+00:00,42226.0
2023-01-03 17:00:00+00:00,41344.0
2023-01-03 18:00:00+00:00,40537.0
2023-01-03 19:00:00+00:00,38377.0
2023-01-03 20:00:00+00:00,38904.0
2023-01-03 21:00:00+00:00,41426.0
2023-01-03 22:00:00+00:00,29021.0
2023-01-03 23:00:00+00:00,22364.0
2023-01-04 00:00:00+00:00,27648.0
2023-01-04 01:00:00+00:00,35054.0
2023-01-04 02:00:00+00:00,38837.0
2023-01-04 03:00:00+00:00,43378.0
2023-01-04 04:00:00+00:00,25378.0
2023-01-04 05:00:00+00:00,21352.0
2023-01-04 06:00:00+00:00,25628.0
2023-01-04 07:00:00+00:00,42795.0
2023-01-04 08:00:00+00:00,43065.0
2023-01-04 09:00:00+00:00,31047.0
2023-01-04 10:00:00+00:00,18781.0
2023-01-04 11:00:00+00:00,4411.0
2023-01-04 12:00:00+00:00,851.0
2023-01-04 13:00:00+00:00,8567.0
2023-01-04 14:00:00+00:00,14489.0
2023-01-04 15:00:00+00:00,23605.0
2023-01-04 16:00:00+00:00,20192.0
2023-01-04 17:00:00+00:00,22829.0
2023-01-04 18:00:00+00:00,36628.0
2023-01-04 19:00:00+00:00,35259.0
2023-01-04 20:00:00+00:00,21614.0
2023-01-04 21:00:00+00:00,28745.0
2023-01-04 22:00:00+00:00,2454.0
2023-01-04 23:00:00+00:00,-10745.0
2023-01-05 00:00:00+00:00,-5671.0
2023-01-05 01:00:00+00:00,-9767.0
2023-01-05 02:00:00+00:00,-9808.0
2023-01-05 03:00:00+00:00,-8127.0
2023-01-05 04:00:00+00:00,-15982.0
2023-01-05 05:00:00+00:00,-8486.0
2023-01-05 06:00:00+00:00,-9235.0
2023-01-05 07:00:00+00:00,-19624.0
2023-01-05 08:00:00+00:00,-19079.0
2023-01-05 09:00:00+00:00,-7275.0
2023-01-05 10:00:00+00:00,-25912.0
2023-01-05 11:00:00+00:00,-29066.0
2023-01-05 12:00:00+00:00,-36680.0
2023-01-05 13:00:00+00:00,-40132.0
2023-01-05 14:00:00+00:00,-38554.0
2023-01-05 15:00:00+00:00,-37046.0
2023-01-05 16:00:00+00:00,-43097.0
2023-01-05 17:00:00+00:00,-33442.0
2023-01-05 18:00:00+00:00,-24903.0
2023-01-05 19:00:00+00:00,-32461.0
2023-01-05 20:00:00+00:00,-18647.0
2023-01-05 21:00:00+00:00,-461.0
2023-01-05 22:00:00+00:00,-14087.0
2023-01-05 23:00:00+00:00,-14937.0
2023-01-06 00:00:00+00:00,-11852.0
2023-01-06 01:00:00+00:00,-13658.0
2023-01-06 02:00:00+00:00,-4101.0
2023-01-06 03:00:00+00:00,6255.0
2023-01-06 04:00:00+00:00,-1220.0
2023-01-06 05:00:00+00:00,-13959.0
2023-01-06 06:00:00+00:00,-17162.0
2023-01-06 07:00:00+00:00,-18767.0
2023-01-06 08:00:00+00:00,-16176.0
2023-01-06 09:00:00+00:00,-3325.0
2023-01-06 10:00:00+00:00,-21853.0
2023-01-06 11:00:00+00:00,-23070.0
2023-01-06 12:00:00+00:00,-22722.0
2023-01-06 13:00:00+00:00,-24729.0
2023-01-06 14:00:00+00:00,-16355.0
2023-01-06 15:00:00+00:00,-4133.0
2023-01-06 16:00:00+00:00,-14360.0
2023-01-06 17:00:00+00:00,-7712.0
2023-01-06 18:00:00+00:00,-10419.0
2023-01-06 19:00:00+00:00,-14578.0
2023-01-06 20:00:00+00:00,-13909.0
2023-01-06 21:00:00+00:00,-9338.0
2023-01-06 22:00:00+00:00,-23717.0
2023-01-06 23:00:00+00:00,-19159.0
2023-01-07 00:00:00+00:00,-19596.0
2023-01-07 01:00:00+00:00,-22332.0
2023-01-07 02:00:00+00:00,-25527.0
2023-01-07 03:00:00+00:00,-25371.0
2023-01-07 04:00:00+00:00,-28389.0
2023-01-07 05:00:00+00:00,-27351.0
2023-01-07 06:00:00+00:00,-23197.0
2023-01-07 07:00:00+00:00,-24282.0
2023-01-07 08:00:00+00:00,-17895.0
2023-01-07 09:00:00+00:00,-8309.0
2023-01-07 10:00:00+00:00,-18338.0
2023-01-07 11:00:00+00:00,-13250.0
2023-01-07 12:00:00+00:00,-8545.0
2023-01-07 13:00:00+00:00,-7766.0
2023-01-07 14:00:00+00:00,2764.0
2023-01-07 15:00:00+00:00,7753.0
2023-01-07 16:00:00+00:00,-2576.0
2023-01-07 17:00:00+00:00,-3156.0
2023-01-07 18:00:00+00:00,-760.0
2023-01-07 19:00:00+00:00,694.0
2023-01-07 20:00:00+00:00,-1615.0
2023-01-07 21:00:00+00:00,335.0
2023-01-07 22:00:00+00:00,-10707.0
2023-01-07 23:00:00+00:00,-20081.0
2023-01-08 00:00:00+00:00,-19613.0
2023-01-08 01:00:00+00:00,-22447.0
2023-01-08 02:00:00+00:00,-18487.0
2023-01-08 03:00:00+00:00,-6675.0
2023-01-08 04:00:00+00:00,-11898.0
2023-01-08 05:00:00+00:00,-14266.0
2023-01-08 06:00:00+00:00,-20418.0
2023-01-08 07:00:00+00:00,-26497.0
2023-01-08 08:00:00+00:00,-19656.0
2023-01-08 09:00:00+00:00,-7269.0
2023-01-08 10:00:00+00:00,-21638.0
2023-01-08 11:00:00+00:00,-22742.0
2023-01-08 12:00:00+00:00,-20901.0
2023-01-08 13:00:00+00:00,-26439.0
2023-01-08 14:00:00+00:00,-25866.0
2023-01-08 15:00:00+00:00,-11403.0
2023-01-08 16:00:00+00:00,-16881.0
2023-01-08 17:00:00+00:00,-4198.0
2023-01-08 18:00:00+00:00,-2438.0
2023-01-08 19:00:00+00:00,-10236.0
2023-01-08 20:00:00+00:00,-38.0
2023-01-08 21:00:00+00:00,11609.0
2023-01-08 22:00:00+00:00,3862.0
2023-01-08 23:00:00+00:00,6991.0
2023-01-09 00:00:00+00:00,-1160.0
2023-01-09 01:00:00+00:00,-7956.0
2023-01-09 02:00:00+00:00,2874.0
2023-01-09 03:00:00+00:00,22020.0
2023-01-09 04:00:00+00:00,9810.0
2023-01-09 05:00:00+00:00,3873.0
2023-01-09 06:00:00+00:00,-6763.0
2023-01-09 07:00:00+00:00,-14423.0
2023-01-09 08:00:00+00:00,4337.0
2023-01-09 09:00:00+00:00,11394.0
2023-01-09 10:00:00+00:00,172.0
2023-01-09 11:00:00+00:00,5741.0
2023-01-09 12:00:00+00:00,5015.0
2023-01-09 13:00:00+00:00,11860.0
2023-01-09 14:00:00+00:00,12466.0
2023-01-09 15:00:00+00:00,20942.0
2023-01-09 16:00:00+00:00,19576.0
2023-01-09 17:00:00+00:00,10985.0
2023-01-09 18:00:00+00:00,6826.0
2023-01-09 19:00:00+00:00,8010.0
2023-01-09 20:00:00+00:00,10810.0
2023-01-09 21:00:00+00:00,28576.0
2023-01-09 22:00:00+00:00,27287.0
2023-01-09 23:00:00+00:00,23605.0
2023-01-10 00:00:00+00:00,18774.0
2023-01-10 01:00:00+00:00,8902.0
2023-01-10 02:00:00+00:00,15247.0
2023-01-10 03:00:00+00:00,29833.0
2023-01-10 04:00:00+00:00,21879.0
2023-01-10 05:00:00+00:00,6332.0
2023-01-10 06:00:00+00:00,6328.0
2023-01-10 07:00:00+00:00,-832.0
2023-01-10 08:00:00+00:00,-14608.0
2023-01-10 09:00:00+00:00,366.0
2023-01-10 10:00:00+00:00,-1081.0
2023-01-10 11:00:00+00:00,-3319.0
2023-01-10 12:00:00+00:00,-4781.0
2023-01-10 13:00:00+00:00,-16584.0
2023-01-10 14:00:00+00:00,-19860.0
2023-01-10 15:00:00+00:00,1618.0
2023-01-10 16:00:00+00:00,-9797.0
2023-01-10 17:00:00+00:00,-16710.0
2023-01-10 18:00:00+00:00,-18189.0
2023-01-10 19:00:00+00:00,-34354.0
2023-01-10 20:00:00+00:00,-19033.0
2023-01-10 21:00:00+00:00,-6235.0
2023-01-10 22:00:00+00:00,-17180.0
2023-01-10 23:00:00+00:00,-18990.0
2023-01-11 00:00:00+00:00,-19016.0
2023-01-11 01:00:00+00:00,-25060.0
2023-01-11 02:00:00+00:00,-15302.0
2023-01-11 03:00:00+00:00,-1477.0
2023-01-11 04:00:00+00:00,-5880.0
2023-01-11 05:00:00+00:00,-6174.0
2023-01-11 06:00:00+00:00,-11417.0
2023-01-11 07:00:00+00:00,-13196.0
2023-01-11 08:00:00+00:00,-4904.0
2023-01-11 09:00:00+00:00,9521.0
2023-01-11 10:00:00+00:00,-1693.0
2023-01-11 11:00:00+00:00,-6371.0
2023-01-11 12:00:00+00:00,-5891.0
2023-01-11 13:00:00+00:00,-4390.0
2023-01-11 14:00:00+00:00,165.0
2023-01-11 15:00:00+00:00,19569.0
2023-01-11 16:00:00+00:00,4171.0
2023-01-11 17:00:00+00:00,-5958.0
2023-01-11 18:00:00+00:00,-8104.0
2023-01-11 19:00:00+00:00,-17871.0
2023-01-11 20:00:00+00:00,-10873.0
2023-01-11 21:00:00+00:00,12263.0
2023-01-11 22:00:00+00:00,2813.0
2023-01-11 23:00:00+00:00,-3615.0
2023-01-12 00:00:00+00:00,-6464.0
2023-01-12 01:00:00+00:00,-10737.0
2023-01-12 02:00:00+00:00,-2505.0
2023-01-12 03:00:00+00:00,13931.0
2023-01-12 04:00:00+00:00,10007.0
2023-01-12 05:00:00+00:00,7625.0
2023-01-12 06:00:00+00:00,8132.0
2023-01-12 07:00:00+00:00,3196.0
2023-01-12 08:00:00+00:00,542.0
2023-01-12 09:00:00+00:00,20338.0
2023-01-12 10:00:00+00:00,24472.0
2023-01-12 11:00:00+00:00,18656.0
2023-01-12 12:00:00+00:00,14303.0
2023-01-12 13:00:00+00:00,-6763.0
2023-01-12 14:00:00+00:00,-7786.0
2023-01-12 15:00:00+00:00,28092.0
2023-01-12 16:00:00+00:00,25828.0
2023-01-12 17:00:00+00:00,23850.0
2023-01-12 18:00:00+00:00,17271.0
2023-01-12 19:00:00+00:00,20086.0
2023-01-12 20:00:00+00:00,22270.0
2023-01-12 21:00:00+00:00,35324.0
2023-01-12 22:00:00+00:00,35434.0
2023-01-12 23:00:00+00:00,29888.0
2023-01-13 00:00:00+00:00,17830.0
2023-01-13 01:00:00+00:00,8782.0
2023-01-13 02:00:00+00:00,14039.0
2023-01-13 03:00:00+00:00,31282.0
2023-01-13 04:00:00+00:00,41626.0
2023-01-13 05:00:00+00:00,36624.0
2023-01-13 06:00:00+00:00,29591.0
2023-01-13 07:00:00+00:00,30353.0
2023-01-13 08:00:00+00:00,25094.0
2023-01-13 09:00:00+00:00,39198.0
2023-01-13 10:00:00+00:00,28341.0
2023-01-13 11:00:00+00:00,16202.0
2023-01-13 12:00:00+00:00,4185.0
2023-01-13 13:00:00+00:00,-2585.0
2023-01-13 14:00:00+00:00,8125.0
2023-01-13 15:00:00+00:00,22155.0
2023-01-13 16:00:00+00:00,7703.0
2023-01-13 17:00:00+00:00,2304.0
2023-01-13 18:00:00+00:00,8538.0
2023-01-13 19:00:00+00:00,-6675.0
2023-01-13 20:00:00+00:00,-11832.0
2023-01-13 21:00:00+00:00,-9132.0
2023-01-13 22:00:00+00:00,-12553.0
2023-01-13 23:00:00+00:00,-2955.0
2023-01-14 00:00:00+00:00,14258.0
2023-01-14 01:00:00+00:00,8918.0
2023-01-14 02:00:00+00:00,-18947.0
2023-01-14 03:00:00+00:00,-15096.0
2023-01-14 04:00:00+00:00,-14876.0
2023-01-14 05:00:00+00:00,-17030.0
2023-01-14 06:00:00+00:00,-1329.0
2023-01-14 07:00:00+00:00,-11731.0
2023-01-14 08:00:00+00:00,-20891.0
2023-01-14 09:00:00+00:00,-11025.0
2023-01-14 10:00:00+00:00,-6209.0
2023-01-14 11:00:00+00:00,11178.0
2023-01-14 12:00:00+00:00,20342.0
2023-01-14 13:00:00+00:00,8956.0
2023-01-14 14:00:00+00:00,1857.0
2023-01-14 15:00:00+00:00,9543.0
2023-01-14 16:00:00+00:00,7321.0
2023-01-14 17:00:00+00:00,8029.0
2023-01-14 18:00:00+00:00,14177.0
2023-01-14 19:00:00+00:00,11694.0
2023-01-14 20:00:00+00:00,9991.0
2023-01-14 21:00:00+00:00,6825.0
2023-01-14 22:00:00+00:00,13779.0
2023-01-14 23:00:00+00:00,22345.0
2023-01-15 00:00:00+00:00,7670.0
2023-01-15 01:00:00+00:00,-2330.0
2023-01-15 02:00:00+00:00,6366.0
2023-01-15 03:00:00+00:00,16746.0
2023-01-15 04:00:00+00:00,9150.0
2023-01-15 05:00:00+00:00,2445.0
2023-01-15 06:00:00+00:00,2976.0
2023-01-15 07:00:00+00:00,-14715.0
2023-01-15 08:00:00+00:00,-15831.0
2023-01-15 09:00:00+00:00,6184.0
2023-01-15 10:00:00+00:00,-1959.0
2023-01-15 11:00:00+00:00,-21114.0
2023-01-15 12:00:00+00:00,-24038.0
2023-01-15 13:00:00+00:00,-40111.0
2023-01-15 14:00:00+00:00,-38354.0
2023-01-15 15:00:00+00:00,-29299.0
2023-01-15 16:00:00+00:00,-34956.0
2023-01-15 17:00:00+00:00,-44898.0
2023-01-15 18:00:00+00:00,-37481.0
2023-01-15 19:00:00+00:00,-39820.0
2023-01-15 20:00:00+00:00,-30541.0
2023-01-15 21:00:00+00:00,-15156.0
2023-01-15 22:00:00+00:00,-25674.0
2023-01-15 23:00:00+00:00,-31170.0
2023-01-16 00:00:00+00:00,-26699.0
2023-01-16 01:00:00+00:00,-37821.0
2023-01-16 02:00:00+00:00,-26717.0
2023-01-16 03:00:00+00:00,-16270.0
2023-01-16 04:00:00+00:00,-14365.0
2023-01-16 05:00:00+00:00,-22562.0
2023-01-16 06:00:00+00:00,-19228.0
2023-01-16 07:00:00+00:00,-27197.0
2023-01-16 08:00:00+00:00,-19312.0
2023-01-16 09:00:00+00:00,-13410.0
2023-01-16 10:00:00+00:00,-13318.0
2023-01-16 11:00:00+00:00,-19660.0
2023-01-16 12:00:00+00:00,-26462.0
2023-01-16 13:00:00+00:00,-26357.0
2023-01-16 14:00:00+00:00,-24858.0
2023-01-16 15:00:00+00:00,-20356.0
2023-01-16 16:00:00+00:00,-24126.0
2023-01-16 17:00:00+00:00,-27269.0
2023-01-16 18:00:00+00:00,-30565.0
2023-01-16 19:00:00+00:00,-50053.0
2023-01-16 20:00:00+00:00,-46962.0
2023-01-16 21:00:00+00:00,-36108.0
2023-01-16 22:00:00+00:00,-35832.0
2023-01-16 23:00:00+00:00,-43062.0
2023-01-17 00:00:00+00:00,-50354.0
2023-01-17 01:00:00+00:00,-64886.0
2023-01-17 02:00:00+00:00,-52441.0
2023-01-17 03:00:00+00:00,-41336.0
2023-01-17 04:00:00+00:00,-47448.0
2023-01-17 05:00:00+00:00,-43411.0
2023-01-17 06:00:00+00:00,-37921.0
2023-01-17 07:00:00+00:00,-57011.0
2023-01-17 08:00:00+00:00,-48221.0
2023-01-17 09:00:00+00:00,-30621.0
2023-01-17 10:00:00+00:00,-24978.0
2023-01-17 11:00:00+00:00,-11732.0
2023-01-17 12:00:00+00:00,4634.0
2023-01-17 13:00:00+00:00,-13703.0
2023-01-17 14:00:00+00:00,-16147.0
2023-01-17 15:00:00+00:00,-2840.0
2023-01-17 16:00:00+00:00,3045.0
2023-01-17 17:00:00+00:00,10330.0
2023-01-17 18:00:00+00:00,19388.0
2023-01-17 19:00:00+00:00,4291.0
2023-01-17 20:00:00+00:00,5581.0
2023-01-17 21:00:00+00:00,31868.0
2023-01-17 22:00:00+00:00,28243.0
2023-01-17 23:00:00+00:00,39792.0
2023-01-18 00:00:00+00:00,39560.0
2023-01-18 01:00:00+00:00,29718.0
2023-01-18 02:00:00+00:00,31113.0
2023-01-18 03:00:00+00:00,33422.0
2023-01-18 04:00:00+00:00,3959.0
2023-01-18 05:00:00+00:00,-6122.0
2023-01-18 06:00:00+00:00,16177.0
2023-01-18 07:00:00+00:00,13749.0
2023-01-18 08:00:00+00:00,-1565.0
2023-01-18 09:00:00+00:00,5517.0
2023-01-18 10:00:00+00:00,19461.0
2023-01-18 11:00:00+00:00,26885.0
2023-01-18 12:00:00+00:00,37090.0
2023-01-18 13:00:00+00:00,39615.0
2023-01-18 14:00:00+00:00,25412.0
2023-01-18 15:00:00+00:00,33825.0
2023-01-18 16:00:00+00:00,14656.0
2023-01-18 17:00:00+00:00,20613.0
2023-01-18 18:00:00+00:00,32666.0
2023-01-18 19:00:00+00:00,19065.0
2023-01-18 20:00:00+00:00,21087.0
2023-01-18 21:00:00+00:00,36067.0
2023-01-18 22:00:00+00:00,33562.0
2023-01-18 23:00:00+00:00,35737.0
2023-01-19 00:00:00+00:00,37672.0
2023-01-19 01:00:00+00:00,26654.0
2023-01-19 02:00:00+00:00,19220.0
2023-01-19 03:00:00+00:00,24834.0
2023-01-19 04:00:00+00:00,-9118.0
2023-01-19 05:00:00+00:00,-15182.0
2023-01-19 06:00:00+00:00,3446.0
2023-01-19 07:00:00+00:00,-13847.0
2023-01-19 08:00:00+00:00,-10248.0
2023-01-19 09:00:00+00:00,10300.0
2023-01-19 10:00:00+00:00,-5248.0
2023-01-19 11:00:00+00:00,2466.0
2023-01-19 12:00:00+00:00,15955.0
2023-01-19 13:00:00+00:00,-1201.0
2023-01-19 14:00:00+00:00,-1126.0
2023-01-19 15:00:00+00:00,14465.0
2023-01-19 16:00:00+00:00,10934.0
2023-01-19 17:00:00+00:00,8932.0
2023-01-19 18:00:00+00:00,6476.0
2023-01-19 19:00:00+00:00,3506.0
2023-01-19 20:00:00+00:00,5905.0
2023-01-19 21:00:00+00:00,26858.0
2023-01-19 22:00:00+00:00,36608.0
2023-01-19 23:00:00+00:00,36667.0
2023-01-20 00:00:00+00:00,35432.0
2023-01-20 01:00:00+00:00,35090.0
2023-01-20 02:00:00+00:00,29191.0
2023-01-20 03:00:00+00:00,39176.0
2023-01-20 04:00:00+00:00,36988.0
2023-01-20 05:00:00+00:00,33547.0
2023-01-20 06:00:00+00:00,34027.0
2023-01-20 07:00:00+00:00,24999.0
2023-01-20 08:00:00+00:00,2378.0
2023-01-20 09:00:00+00:00,28698.0
2023-01-20 10:00:00+00:00,24837.0
2023-01-20 11:00:00+00:00,11075.0
2023-01-20 12:00:00+00:00,10967.0
2023-01-20 13:00:00+00:00,-7342.0
2023-01-20 14:00:00+00:00,-1956.0
2023-01-20 15:00:00+00:00,12553.0
2023-01-20 16:00:00+00:00,626.0
2023-01-20 17:00:00+00:00,4635.0
2023-01-20 18:00:00+00:00,28301.0
2023-01-20 19:00:00+00:00,11312.0
2023-01-20 20:00:00+00:00,2986.0
2023-01-20 21:00:00+00:00,20064.0
2023-01-20 22:00:00+00:00,13121.0
2023-01-20 23:00:00+00:00,20618.0
2023-01-21 00:00:00+00:00,32733.0
2023-01-21 01:00:00+00:00,26216.0
2023-01-21 02:00:00+00:00,31917.0
2023-01-21 03:00:00+00:00,39099.0
2023-01-21 04:00:00+00:00,40623.0
2023-01-21 05:00:00+00:00,43654.0
2023-01-21 06:00:00+00:00,41249.0
2023-01-21 07:00:00+00:00,11394.0
2023-01-21 08:00:00+00:00,12.0
2023-01-21 09:00:00+00:00,24343.0
2023-01-21 10:00:00+00:00,42800.0
2023-01-21 11:00:00+00:00,43172.0
2023-01-21 12:00:00+00:00,48976.0
2023-01-21 13:00:00+00:00,28928.0
2023-01-21 14:00:00+00:00,17002.0
2023-01-21 15:00:00+00:00,35332.0
2023-01-21 16:00:00+00:00,42578.0
2023-01-21 17:00:00+00:00,40732.0
2023-01-21 18:00:00+00:00,40852.0
2023-01-21 19:00:00+00:00,33730.0
2023-01-21 20:00:00+00:00,27003.0
2023-01-21 21:00:00+00:00,28622.0
2023-01-21 22:00:00+00:00,30013.0
2023-01-21 23:00:00+00:00,25893.0
2023-01-22 00:00:00+00:00,31983.0
2023-01-22 01:00:00+00:00,30058.0
2023-01-22 02:00:00+00:00,22192.0
2023-01-22 03:00:00+00:00,31009.0
2023-01-22 04:00:00+00:00,22550.0
2023-01-22 05:00:00+00:00,11070.0
2023-01-22 06:00:00+00:00,23902.0
2023-01-22 07:00:00+00:00,-6329.0
2023-01-22 08:00:00+00:00,12865.0
2023-01-22 09:00:00+00:00,19193.0
2023-01-22 10:00:00+00:00,904.0
2023-01-22 11:00:00+00:00,4030.0
2023-01-22 12:00:00+00:00,5518.0
2023-01-22 13:00:00+00:00,-14497.0
2023-01-22 14:00:00+00:00,2073.0
2023-01-22 15:00:00+00:00,24144.0
2023-01-22 16:00:00+00:00,15141.0
2023-01-22 17:00:00+00:00,15692.0
2023-01-22 18:00:00+00:00,21675.0
2023-01-22 19:00:00+00:00,11443.0
2023-01-22 20:00:00+00:00,24052.0
2023-01-22 21:00:00+00:00,35627.0
2023-01-22 22:00:00+00:00,31271.0
2023-01-22 23:00:00+00:00,39276.0
2023-01-23 00:00:00+00:00,54505.0
2023-01-23 01:00:00+00:00,41683.0
2023-01-23 02:00:00+00:00,39956.0
2023-01-23 03:00:00+00:00,38190.0
2023-01-23 04:00:00+00:00,34646.0
2023-01-23 05:00:00+00:00,41848.0
2023-01-23 06:00:00+00:00,56103.0
2023-01-23 07:00:00+00:00,40088.0
2023-01-23 08:00:00+00:00,47284.0
2023-01-23 09:00:00+00:00,54896.0
2023-01-23 10:00:00+00:00,57603.0
2023-01-23 11:00:00+00:00,57105.0
2023-01-23 12:00:00+00:00,59785.0
2023-01-23 13:00:00+00:00,53019.0
2023-01-23 14:00:00+00:00,49741.0
2023-01-23 15:00:00+00:00,51493.0
2023-01-23 16:00:00+00:00,43000.0
2023-01-23 17:00:00+00:00,37833.0
2023-01-23 18:00:00+00:00,39244.0
2023-01-23 19:00:00+00:00,37146.0
2023-01-23 20:00:00+00:00,25668.0
2023-01-23 21:00:00+00:00,31845.0
2023-01-23 22:00:00+00:00,20973.0
2023-01-23 23:00:00+00:00,15907.0
2023-01-24 00:00:00+00:00,16496.0
2023-01-24 01:00:00+00:00,-13176.0
2023-01-24 02:00:00+00:00,-74.0
2023-01-24 03:00:00+00:00,17534.0
2023-01-24 04:00:00+00:00,773.0
2023-01-24 05:00:00+00:00,6230.0
2023-01-24 06:00:00+00:00,3834.0
2023-01-24 07:00:00+00:00,-23697.0
2023-01-24 08:00:00+00:00,2175.0
2023-01-24 09:00:00+00:00,14943.0
2023-01-24 10:00:00+00:00,1734.0
2023-01-24 11:00:00+00:00,2373.0
2023-01-24 12:00:00+00:00,-1602.0
2023-01-24 13:00:00+00:00,-31495.0
2023-01-24 14:00:00+00:00,-11514.0
2023-01-24 15:00:00+00:00,9380.0
2023-01-24 16:00:00+00:00,-8278.0
2023-01-24 17:00:00+00:00,-4354.0
2023-01-24 18:00:00+00:00,7205.0
2023-01-24 19:00:00+00:00,-18299.0
2023-01-24 20:00:00+00:00,-3183.0
2023-01-24 21:00:00+00:00,22256.0
2023-01-24 22:00:00+00:00,20073.0
2023-01-24 23:00:00+00:00,11228.0
2023-01-25 00:00:00+00:00,879.0
2023-01-25 01:00:00+00:00,-14148.0
2023-01-25 02:00:00+00:00,2729.0
2023-01-25 03:00:00+00:00,19773.0
2023-01-25 04:00:00+00:00,23786.0
2023-01-25 05:00:00+00:00,19987.0
2023-01-25 06:00:00+00:00,14852.0
2023-01-25 07:00:00+00:00,14308.0
2023-01-25 08:00:00+00:00,23158.0
2023-01-25 09:00:00+00:00,33562.0
2023-01-25 10:00:00+00:00,37638.0
2023-01-25 11:00:00+00:00,27573.0
2023-01-25 12:00:00+00:00,21208.0
2023-01-25 13:00:00+00:00,11055.0
2023-01-25 14:00:00+00:00,12695.0
2023-01-25 15:00:00+00:00,18908.0
2023-01-25 16:00:00+00:00,14201.0
2023-01-25 17:00:00+00:00,5326.0
2023-01-25 18:00:00+00:00,9109.0
2023-01-25 19:00:00+00:00,4997.0
2023-01-25 20:00:00+00:00,-10373.0
2023-01-25 21:00:00+00:00,598.0
2023-01-25 22:00:00+00:00,19458.0
2023-01-25 23:00:00+00:00,7925.0
2023-01-26 00:00:00+00:00,15174.0
2023-01-26 01:00:00+00:00,11650.0
2023-01-26 02:00:00+00:00,23573.0
2023-01-26 03:00:00+00:00,23686.0
2023-01-26 04:00:00+00:00,27226.0
2023-01-26 05:00:00+00:00,36216.0
2023-01-26 06:00:00+00:00,38224.0
2023-01-26 07:00:00+00:00,29322.0
2023-01-26 08:00:00+00:00,29584.0
2023-01-26 09:00:00+00:00,39560.0
2023-01-26 10:00:00+00:00,45675.0
2023-01-26 11:00:00+00:00,32544.0
2023-01-26 12:00:00+00:00,34485.0
2023-01-26 13:00:00+00:00,21109.0
2023-01-26 14:00:00+00:00,28826.0
2023-01-26 15:00:00+00:00,31531.0
2023-01-26 16:00:00+00:00,19821.0
2023-01-26 17:00:00+00:00,18602.0
2023-01-26 18:00:00+00:00,28693.0
2023-01-26 19:00:00+00:00,11538.0
2023-01-26 20:00:00+00:00,31094.0
2023-01-26 21:00:00+00:00,35341.0
2023-01-26 22:00:00+00:00,28773.0
2023-01-26 23:00:00+00:00,27750.0
2023-01-27 00:00:00+00:00,37582.0
2023-01-27 01:00:00+00:00,32003.0
2023-01-27 02:00:00+00:00,32223.0
2023-01-27 03:00:00+00:00,41418.0
2023-01-27 04:00:00+00:00,40867.0
2023-01-27 05:00:00+00:00,34503.0
2023-01-27 06:00:00+00:00,38069.0
2023-01-27 07:00:00+00:00,33369.0
2023-01-27 08:00:00+00:00,23970.0
2023-01-27 09:00:00+00:00,42658.0
2023-01-27 10:00:00+00:00,36781.0
2023-01-27 11:00:00+00:00,30757.0
2023-01-27 12:00:00+00:00,31807.0
2023-01-27 13:00:00+00:00,16260.0
2023-01-27 14:00:00+00:00,31371.0
2023-01-27 15:00:00+00:00,38082.0
2023-01-27 16:00:00+00:00,31643.0
2023-01-27 17:00:00+00:00,33730.0
2023-01-27 18:00:00+00:00,33934.0
2023-01-27 19:00:00+00:00,27383.0
2023-01-27 20:00:00+00:00,34686.0
2023-01-27 21:00:00+00:00,37273.0
2023-01-27 22:00:00+00:00,34360.0
2023-01-27 23:00:00+00:00,28298.0
2023-01-28 00:00:00+00:00,25119.0
2023-01-28 01:00:00+00:00,20264.0
2023-01-28 02:00:00+00:00,33135.0
2023-01-28 03:00:00+00:00,38930.0
2023-01-28 04:00:00+00:00,40453.0
2023-01-28 05:00:00+00:00,35333.0
2023-01-28 06:00:00+00:00,37519.0
2023-01-28 07:00:00+00:00,37959.0
2023-01-28 08:00:00+00:00,40563.0
2023-01-28 09:00:00+00:00,38544.0
2023-01-28 10:00:00+00:00,32376.0
2023-01-28 11:00:00+00:00,22275.0
2023-01-28 12:00:00+00:00,23461.0
2023-01-28 13:00:00+00:00,19998.0
2023-01-28 14:00:00+00:00,25338.0
2023-01-28 15:00:00+00:00,33139.0
2023-01-28 16:00:00+00:00,36426.0
2023-01-28 17:00:00+00:00,25970.0
2023-01-28 18:00:00+00:00,30482.0
2023-01-28 19:00:00+00:00,35662.0
2023-01-28 20:00:00+00:00,19474.0
2023-01-28 21:00:00+00:00,39756.0
2023-01-28 22:00:00+00:00,46310.0
2023-01-28 23:00:00+00:00,39809.0
2023-01-29 00:00:00+00:00,44383.0
2023-01-29 01:00:00+00:00,46393.0
2023-01-29 02:00:00+00:00,24659.0
2023-01-29 03:00:00+00:00,41235.0
2023-01-29 04:00:00+00:00,53420.0
2023-01-29 05:00:00+00:00,39440.0
2023-01-29 06:00:00+00:00,32324.0
2023-01-29 07:00:00+00:00,23474.0
2023-01-29 08:00:00+00:00,17550.0
2023-01-29 09:00:00+00:00,29721.0
2023-01-29 10:00:00+00:00,27807.0
2023-01-29 11:00:00+00:00,13628.0
2023-01-29 12:00:00+00:00,14093.0
2023-01-29 13:00:00+00:00,6298.0
2023-01-29 14:00:00+00:00,8977.0
2023-01-29 15:00:00+00:00,25929.0
2023-01-29 16:00:00+00:00,25489.0
2023-01-29 17:00:00+00:00,21232.0
2023-01-29 18:00:00+00:00,26191.0
2023-01-29 19:00:00+00:00,10794.0
2023-01-29 20:00:00+00:00,12329.0
2023-01-29 21:00:00+00:00,36185.0
2023-01-29 22:00:00+00:00,29892.0
2023-01-29 23:00:00+00:00,25737.0
2023-01-30 00:00:00+00:00,32831.0
2023-01-30 01:00:00+00:00,34469.0
2023-01-30 02:00:00+00:00,28123.0
2023-01-30 03:00:00+00:00,43977.0
2023-01-30 04:00:00+00:00,41694.0
2023-01-30 05:00:00+00:00,40329.0
2023-01-30 06:00:00+00:00,48425.0
2023-01-30 07:00:00+00:00,44199.0
2023-01-30 08:00:00+00:00,50401.0
2023-01-30 09:00:00+00:00,58296.0
2023-01-30 10:00:00+00:00,51528.0
2023-01-30 11:00:00+00:00,43455.0
2023-01-30 12:00:00+00:00,47444.0
2023-01-30 13:00:00+00:00,51953.0
2023-01-30 14:00:00+00:00,37672.0
2023-01-30 15:00:00+00:00,50157.0
2023-01-30 16:00:00+00:00,52273.0
2023-01-30 17:00:00+00:00,50644.0
2023-01-30 18:00:00+00:00,53952.0
2023-01-30 19:00:00+00:00,47713.0
2023-01-30 20:00:00+00:00,27819.0
2023-01-30 21:00:00+00:00,35488.0
2023-01-30 22:00:00+00:00,45257.0
2023-01-30 23:00:00+00:00,37899.0
2023-01-31 00:00:00+00:00,46178.0
2023-01-31 01:00:00+00:00,43012.0
2023-01-31 02:00:00+00:00,31259.0
2023-01-31 03:00:00+00:00,46937.0
2023-01-31 04:00:00+00:00,48249.0
2023-01-31 05:00:00+00:00,34294.0
2023-01-31 06:00:00+00:00,36520.0
2023-01-31 07:00:00+00:00,29884.0
2023-01-31 08:00:00+00:00,41846.0
2023-01-31 09:00:00+00:00,50472.0
2023-01-31 10:00:00+00:00,41516.0
2023-01-31 11:00:00+00:00,36237.0
2023-01-31 12:00:00+00:00,46739.0
2023-01-31 13:00:00+00:00,40191.0
2023-01-31 14:00:00+00:00,53737.0
2023-01-31 15:00:00+00:00,54973.0
2023-01-31 16:00:00+00:00,42750.0
2023-01-31 17:00:00+00:00,48832.0
2023-01-31 18:00:00+00:00,55703.0
2023-01-31 19:00:00+00:00,41558.0
2023-01-31 20:00:00+00:00,44255.0
2023-01-31 21:00:00+00:00,48760.0
2023-01-31 22:00:00+00:00,38644.0
2023-01-31 23:00:00+00:00,32072.0
2023-02-01 00:00:00+00:00,37305.0
2023-02-01 01:00:00+00:00,29919.0
2023-02-01 02:00:00+00:00,36600.0
2023-02-01 03:00:00+00:00,50988.0
2023-02-01 04:00:00+00:00,36098.0
2023-02-01 05:00:00+00:00,25971.0
2023-02-01 06:00:00+00:00,39060.0
2023-02-01 07:00:00+00:00,40039.0
2023-02-01 08:00:00+00:00,33911.0
2023-02-01 09:00:00+00:00,43081.0
2023-02-01 10:00:00+00:00,38826.0
2023-02-01 11:00:00+00:00,33504.0
2023-02-01 12:00:00+00:00,41586.0
2023-02-01 13:00:00+00:00,35986.0
2023-02-01 14:00:00+00:00,15493.0
2023-02-01 15:00:00+00:00,31750.0
2023-02-01 16:00:00+00:00,42666.0
2023-02-01 17:00:00+00:00,25378.0
2023-02-01 18:00:00+00:00,30034.0
2023-02-01 19:00:00+00:00,31560.0
2023-02-01 20:00:00+00:00,30980.0
2023-02-01 21:00:00+00:00,41998.0
2023-02-01 22:00:00+00:00,44612.0
2023-02-01 23:00:00+00:00,29392.0
2023-02-02 00:00:00+00:00,31361.0
2023-02-02 01:00:00+00:00,21004.0
2023-02-02 02:00:00+00:00,19793.0
2023-02-02 03:00:00+00:00,30682.0
2023-02-02 04:00:00+00:00,37546.0
2023-02-02 05:00:00+00:00,38650.0
2023-02-02 06:00:00+00:00,42520.0
2023-02-02 07:00:00+00:00,31681.0
2023-02-02 08:00:00+00:00,30365.0
2023-02-02 09:00:00+00:00,39498.0
2023-02-02 10:00:00+00:00,34820.0
2023-02-02 11:00:00+00:00,26583.0
2023-02-02 12:00:00+00:00,38430.0
2023-02-02 13:00:00+00:00,22083.0
2023-02-02 14:00:00+00:00,27062.0
2023-02-02 15:00:00+00:00,35107.0
2023-02-02 16:00:00+00:00,32861.0
2023-02-02 17:00:00+00:00,30913.0
2023-02-02 18:00:00+00:00,38173.0
2023-02-02 19:00:00+00:00,24666.0
2023-02-02 20:00:00+00:00,26131.0
2023-02-02 21:00:00+00:00,37736.0
2023-02-02 22:00:00+00:00,32317.0
2023-02-02 23:00:00+00:00,31338.0
2023-02-03 00:00:00+00:00,39800.0
2023-02-03 01:00:00+00:00,34381.0
2023-02-03 02:00:00+00:00,33179.0
2023-02-03 03:00:00+00:00,48482.0
2023-02-03 04:00:00+00:00,49557.0
2023-02-03 05:00:00+00:00,39162.0
2023-02-03 06:00:00+00:00,37960.0
2023-02-03 07:00:00+00:00,35755.0
2023-02-03 08:00:00+00:00,35996.0
2023-02-03 09:00:00+00:00,52184.0
2023-02-03 10:00:00+00:00,47343.0
2023-02-03 11:00:00+00:00,41929.0
2023-02-03 12:00:00+00:00,37192.0
2023-02-03 13:00:00+00:00,27117.0
2023-02-03 14:00:00+00:00,34159.0
2023-02-03 15:00:00+00:00,46074.0
2023-02-03 16:00:00+00:00,48745.0
2023-02-03 17:00:00+00:00,46410.0
2023-02-03 18:00:00+00:00,45347.0
2023-02-03 19:00:00+00:00,37495.0
2023-02-03 20:00:00+00:00,42658.0
2023-02-03 21:00:00+00:00,44808.0
2023-02-03 22:00:00+00:00,46134.0
2023-02-03 23:00:00+00:00,41608.0
2023-02-04 00:00:00+00:00,42384.0
2023-02-04 01:00:00+00:00,32648.0
2023-02-04 02:00:00+00:00,37395.0
2023-02-04 03:00:00+00:00,39950.0
2023-02-04 04:00:00+00:00,43290.0
2023-02-04 05:00:00+00:00,36755.0
2023-02-04 06:00:00+00:00,39591.0
2023-02-04 07:00:00+00:00,36013.0
2023-02-04 08:00:00+00:00,33831.0
2023-02-04 09:00:00+00:00,42091.0
2023-02-04 10:00:00+00:00,44928.0
2023-02-04 11:00:00+00:00,44402.0
2023-02-04 12:00:00+00:00,45273.0
2023-02-04 13:00:00+00:00,45562.0
2023-02-04 14:00:00+00:00,46775.0
2023-02-04 15:00:00+00:00,57351.0
2023-02-04 16:00:00+00:00,52354.0
2023-02-04 17:00:00+00:00,51742.0
2023-02-04 18:00:00+00:00,52766.0
2023-02-04 19:00:00+00:00,39384.0
2023-02-04 20:00:00+00:00,19015.0
2023-02-04 21:00:00+00:00,30200.0
2023-02-04 22:00:00+00:00,48606.0
2023-02-04 23:00:00+00:00,46122.0
2023-02-05 00:00:00+00:00,44202.0
2023-02-05 01:00:00+00:00,29098.0
2023-02-05 02:00:00+00:00,3394.0
2023-02-05 03:00:00+00:00,13112.0
2023-02-05 04:00:00+00:00,42000.0
2023-02-05 05:00:00+00:00,38726.0
2023-02-05 06:00:00+00:00,35868.0
2023-02-05 07:00:00+00:00,24096.0
2023-02-05 08:00:00+00:00,12701.0
2023-02-05 09:00:00+00:00,21538.0
2023-02-05 10:00:00+00:00,29448.0
2023-02-05 11:00:00+00:00,34614.0
2023-02-05 12:00:00+00:00,42692.0
2023-02-05 13:00:00+00:00,37224.0
2023-02-05 14:00:00+00:00,33956.0
2023-02-05 15:00:00+00:00,37198.0
2023-02-05 16:00:00+00:00,45240.0
2023-02-05 17:00:00+00:00,39089.0
2023-02-05 18:00:00+00:00,35977.0
2023-02-05 19:00:00+00:00,32862.0
2023-02-05 20:00:00+00:00,37046.0
2023-02-05 21:00:00+00:00,42860.0
2023-02-05 22:00:00+00:00,31721.0
2023-02-05 23:00:00+00:00,29816.0
2023-02-06 00:00:00+00:00,38742.0
2023-02-06 01:00:00+00:00,31201.0
2023-02-06 02:00:00+00:00,30552.0
2023-02-06 03:00:00+00:00,39328.0
2023-02-06 04:00:00+00:00,46959.0
2023-02-06 05:00:00+00:00,43326.0
2023-02-06 06:00:00+00:00,47637.0
2023-02-06 07:00:00+00:00,34062.0
2023-02-06 08:00:00+00:00,35910.0
2023-02-06 09:00:00+00:00,49348.0
2023-02-06 10:00:00+00:00,47178.0
2023-02-06 11:00:00+00:00,44416.0
2023-02-06 12:00:00+00:00,48882.0
2023-02-06 13:00:00+00:00,43606.0
2023-02-06 14:00:00+00:00,22476.0
2023-02-06 15:00:00+00:00,27945.0
2023-02-06 16:00:00+00:00,41806.0
2023-02-06 17:00:00+00:00,38096.0
2023-02-06 18:00:00+00:00,38139.0
2023-02-06 19:00:00+00:00,31662.0
2023-02-06 20:00:00+00:00,4963.0
2023-02-06 21:00:00+00:00,16809.0
2023-02-06 22:00:00+00:00,48080.0
2023-02-06 23:00:00+00:00,45455.0
2023-02-07 00:00:00+00:00,44309.0
2023-02-07 01:00:00+00:00,37782.0
2023-02-07 02:00:00+00:00,18386.0
2023-02-07 03:00:00+00:00,33946.0
2023-02-07 04:00:00+00:00,47846.0
2023-02-07 05:00:00+00:00,49885.0
2023-02-07 06:00:00+00:00,55842.0
2023-02-07 07:00:00+00:00,31476.0
2023-02-07 08:00:00+00:00,35228.0
2023-02-07 09:00:00+00:00,54135.0
2023-02-07 10:00:00+00:00,50062.0
2023-02-07 11:00:00+00:00,47874.0
2023-02-07 12:00:00+00:00,48394.0
2023-02-07 13:00:00+00:00,24492.0
2023-02-07 14:00:00+00:00,25204.0
2023-02-07 15:00:00+00:00,40255.0
2023-02-07 16:00:00+00:00,48673.0
2023-02-07 17:00:00+00:00,37218.0
2023-02-07 18:00:00+00:00,39456.0
2023-02-07 19:00:00+00:00,23332.0
2023-02-07 20:00:00+00:00,18418.0
2023-02-07 21:00:00+00:00,35256.0
2023-02-07 22:00:00+00:00,45814.0
2023-02-07 23:00:00+00:00,43178.0
2023-02-08 00:00:00+00:00,50449.0
2023-02-08 01:00:00+00:00,27849.0
2023-02-08 02:00:00+00:00,21328.0
2023-02-08 03:00:00+00:00,37281.0
2023-02-08 04:00:00+00:00,41876.0
2023-02-08 05:00:00+00:00,40145.0
2023-02-08 06:00:00+00:00,45889.0
2023-02-08 07:00:00+00:00,35991.0
2023-02-08 08:00:00+00:00,22366.0
2023-02-08 09:00:00+00:00,33614.0
2023-02-08 10:00:00+00:00,44062.0
2023-02-08 11:00:00+00:00,42169.0
2023-02-08 12:00:00+00:00,41220.0
2023-02-08 13:00:00+00:00,39943.0
2023-02-08 14:00:00+00:00,17811.0
2023-02-08 15:00:00+00:00,31727.0
2023-02-08 16:00:00+00:00,48992.0
2023-02-08 17:00:00+00:00,37160.0
2023-02-08 18:00:00+00:00,37427.0
2023-02-08 19:00:00+00:00,23673.0
2023-02-08 20:00:00+00:00,17987.0
2023-02-08 21:00:00+00:00,36564.0
2023-02-08 22:00:00+00:00,36559.0
2023-02-08 23:00:00+00:00,33429.0
2023-02-09 00:00:00+00:00,29472.0
2023-02-09 01:00:00+00:00,21693.0
2023-02-09 02:00:00+00:00,27661.0
2023-02-09 03:00:00+00:00,35212.0
2023-02-09 04:00:00+00:00,35080.0
2023-02-09 05:00:00+00:00,30870.0
2023-02-09 06:00:00+00:00,26643.0
2023-02-09 07:00:00+00:00,29660.0
2023-02-09 08:00:00+00:00,21110.0
2023-02-09 09:00:00+00:00,23109.0
2023-02-09 10:00:00+00:00,25042.0
2023-02-09 11:00:00+00:00,25081.0
2023-02-09 12:00:00+00:00,25571.0
2023-02-09 13:00:00+00:00,17652.0
2023-02-09 14:00:00+00:00,8515.0
2023-02-09 15:00:00+00:00,23234.0
2023-02-09 16:00:00+00:00,28939.0
2023-02-09 17:00:00+00:00,32351.0
2023-02-09 18:00:00+00:00,31177.0
2023-02-09 19:00:00+00:00,19711.0
2023-02-09 20:00:00+00:00,9248.0
2023-02-09 21:00:00+00:00,22773.0
2023-02-09 22:00:00+00:00,27952.0
2023-02-09 23:00:00+00:00,25969.0
2023-02-10 00:00:00+00:00,25474.0
2023-02-10 01:00:00+00:00,25922.0
2023-02-10 02:00:00+00:00,16984.0
2023-02-10 03:00:00+00:00,23421.0
2023-02-10 04:00:00+00:00,24352.0
2023-02-10 05:00:00+00:00,21771.0
2023-02-10 06:00:00+00:00,30616.0
2023-02-10 07:00:00+00:00,15946.0
2023-02-10 08:00:00+00:00,5579.0
2023-02-10 09:00:00+00:00,9300.0
2023-02-10 10:00:00+00:00,27230.0
2023-02-10 11:00:00+00:00,19322.0
2023-02-10 12:00:00+00:00,26512.0
2023-02-10 13:00:00+00:00,38511.0
2023-02-10 14:00:00+00:00,26588.0
2023-02-10 15:00:00+00:00,27311.0
2023-02-10 16:00:00+00:00,29302.0
2023-02-10 17:00:00+00:00,31360.0
2023-02-10 18:00:00+00:00,41551.0
2023-02-10 19:00:00+00:00,27288.0
2023-02-10 20:00:00+00:00,17027.0
2023-02-10 21:00:00+00:00,29692.0
2023-02-10 22:00:00+00:00,29935.0
2023-02-10 23:00:00+00:00,39656.0
2023-02-11 00:00:00+00:00,44370.0
2023-02-11 01:00:00+00:00,26185.0
2023-02-11 02:00:00+00:00,28232.0
2023-02-11 03:00:00+00:00,38707.0
2023-02-11 04:00:00+00:00,32342.0
2023-02-11 05:00:00+00:00,34622.0
2023-02-11 06:00:00+00:00,34607.0
2023-02-11 07:00:00+00:00,16402.0
2023-02-11 08:00:00+00:00,17448.0
2023-02-11 09:00:00+00:00,26307.0
2023-02-11 10:00:00+00:00,19991.0
2023-02-11 11:00:00+00:00,16138.0
2023-02-11 12:00:00+00:00,17929.0
2023-02-11 13:00:00+00:00,13263.0
2023-02-11 14:00:00+00:00,15481.0
2023-02-11 15:00:00+00:00,29219.0
2023-02-11 16:00:00+00:00,20775.0
2023-02-11 17:00:00+00:00,22152.0
2023-02-11 18:00:00+00:00,31836.0
2023-02-11 19:00:00+00:00,33276.0
2023-02-11 20:00:00+00:00,17520.0
2023-02-11 21:00:00+00:00,25536.0
2023-02-11 22:00:00+00:00,31028.0
2023-02-11 23:00:00+00:00,33286.0
2023-02-12 00:00:00+00:00,44164.0
2023-02-12 01:00:00+00:00,30928.0
2023-02-12 02:00:00+00:00,2206.0
2023-02-12 03:00:00+00:00,22599.0
2023-02-12 04:00:00+00:00,31879.0
2023-02-12 05:00:00+00:00,36381.0
2023-02-12 06:00:00+00:00,43203.0
2023-02-12 07:00:00+00:00,32588.0
2023-02-12 08:00:00+00:00,26675.0
2023-02-12 09:00:00+00:00,33940.0
2023-02-12 10:00:00+00:00,25162.0
2023-02-12 11:00:00+00:00,29046.0
2023-02-12 12:00:00+00:00,40910.0
2023-02-12 13:00:00+00:00,26106.0
2023-02-12 14:00:00+00:00,21932.0
2023-02-12 15:00:00+00:00,35274.0
2023-02-12 16:00:00+00:00,28638.0
2023-02-12 17:00:00+00:00,24988.0
2023-02-12 18:00:00+00:00,36733.0
2023-02-12 19:00:00+00:00,24483.0
2023-02-12 20:00:00+00:00,23615.0
2023-02-12 21:00:00+00:00,32787.0
2023-02-12 22:00:00+00:00,28843.0
2023-02-12 23:00:00+00:00,28211.0
2023-02-13 00:00:00+00:00,42575.0
2023-02-13 01:00:00+00:00,30156.0
2023-02-13 02:00:00+00:00,26354.0
2023-02-13 03:00:00+00:00,45738.0
2023-02-13 04:00:00+00:00,43109.0
2023-02-13 05:00:00+00:00,35329.0
2023-02-13 06:00:00+00:00,44987.0
2023-02-13 07:00:00+00:00,38942.0
2023-02-13 08:00:00+00:00,39025.0
2023-02-13 09:00:00+00:00,43350.0
2023-02-13 10:00:00+00:00,40789.0
2023-02-13 11:00:00+00:00,34226.0
2023-02-13 12:00:00+00:00,47371.0
2023-02-13 13:00:00+00:00,46485.0
2023-02-13 14:00:00+00:00,28064.0
2023-02-13 15:00:00+00:00,36955.0
2023-02-13 16:00:00+00:00,40173.0
2023-02-13 17:00:00+00:00,34289.0
2023-02-13 18:00:00+00:00,43229.0
2023-02-13 19:00:00+00:00,33535.0
2023-02-13 20:00:00+00:00,18801.0
2023-02-13 21:00:00+00:00,32167.0
2023-02-13 22:00:00+00:00,28421.0
2023-02-13 23:00:00+00:00,30881.0
2023-02-14 00:00:00+00:00,37575.0
2023-02-14 01:00:00+00:00,32093.0
2023-02-14 02:00:00+00:00,26541.0
2023-02-14 03:00:00+00:00,32292.0
2023-02-14 04:00:00+00:00,36273.0
2023-02-14 05:00:00+00:00,38746.0
2023-02-14 06:00:00+00:00,47794.0
2023-02-14 07:00:00+00:00,26487.0
2023-02-14 08:00:00+00:00,18217.0
2023-02-14 09:00:00+00:00,22356.0
2023-02-14 10:00:00+00:00,20797.0
2023-02-14 11:00:00+00:00,27349.0
2023-02-14 12:00:00+00:00,38973.0
2023-02-14 13:00:00+00:00,24947.0
2023-02-14 14:00:00+00:00,25732.0
2023-02-14 15:00:00+00:00,31812.0
2023-02-14 16:00:00+00:00,32094.0
2023-02-14 17:00:00+00:00,28905.0
2023-02-14 18:00:00+00:00,39672.0
2023-02-14 19:00:00+00:00,28759.0
2023-02-14 20:00:00+00:00,27106.0
2023-02-14 21:00:00+00:00,39580.0
2023-02-14 22:00:00+00:00,41264.0
2023-02-14 23:00:00+00:00,43281.0
2023-02-15 00:00:00+00:00,48801.0
2023-02-15 01:00:00+00:00,41859.0
2023-02-15 02:00:00+00:00,45031.0
2023-02-15 03:00:00+00:00,50139.0
2023-02-15 04:00:00+00:00,37186.0
2023-02-15 05:00:00+00:00,35295.0
2023-02-15 06:00:00+00:00,44418.0
2023-02-15 07:00:00+00:00,46893.0
2023-02-15 08:00:00+00:00,30904.0
2023-02-15 09:00:00+00:00,43160.0
2023-02-15 10:00:00+00:00,46860.0
2023-02-15 11:00:00+00:00,39261.0
2023-02-15 12:00:00+00:00,38286.0
2023-02-15 13:00:00+00:00,26471.0
2023-02-15 14:00:00+00:00,8072.0
2023-02-15 15:00:00+00:00,15969.0
2023-02-15 16:00:00+00:00,34796.0
2023-02-15 17:00:00+00:00,36219.0
2023-02-15 18:00:00+00:00,44182.0
2023-02-15 19:00:00+00:00,28327.0
2023-02-15 20:00:00+00:00,23045.0
2023-02-15 21:00:00+00:00,33901.0
2023-02-15 22:00:00+00:00,34007.0
2023-02-15 23:00:00+00:00,36893.0
2023-02-16 00:00:00+00:00,41510.0
2023-02-16 01:00:00+00:00,21288.0
2023-02-16 02:00:00+00:00,6923.0
2023-02-16 03:00:00+00:00,19630.0
2023-02-16 04:00:00+00:00,33439.0
2023-02-16 05:00:00+00:00,37484.0
2023-02-16 06:00:00+00:00,49604.0
2023-02-16 07:00:00+00:00,29116.0
2023-02-16 08:00:00+00:00,19178.0
2023-02-16 09:00:00+00:00,26422.0
2023-02-16 10:00:00+00:00,23155.0
2023-02-16 11:00:00+00:00,15494.0
2023-02-16 12:00:00+00:00,25726.0
2023-02-16 13:00:00+00:00,8953.0
2023-02-16 14:00:00+00:00,6926.0
2023-02-16 15:00:00+00:00,25959.0
2023-02-16 16:00:00+00:00,27418.0
2023-02-16 17:00:00+00:00,21657.0
2023-02-16 18:00:00+00:00,37450.0
2023-02-16 19:00:00+00:00,25027.0
2023-02-16 20:00:00+00:00,16327.0
2023-02-16 21:00:00+00:00,29728.0
2023-02-16 22:00:00+00:00,28716.0
2023-02-16 23:00:00+00:00,31208.0
2023-02-17 00:00:00+00:00,38431.0
2023-02-17 01:00:00+00:00,30367.0
2023-02-17 02:00:00+00:00,11192.0
2023-02-17 03:00:00+00:00,16858.0
2023-02-17 04:00:00+00:00,23192.0
2023-02-17 05:00:00+00:00,18808.0
2023-02-17 06:00:00+00:00,35001.0
2023-02-17 07:00:00+00:00,14261.0
2023-02-17 08:00:00+00:00,-5093.0
2023-02-17 09:00:00+00:00,12800.0
2023-02-17 10:00:00+00:00,26248.0
2023-02-17 11:00:00+00:00,19522.0
2023-02-17 12:00:00+00:00,32765.0
2023-02-17 13:00:00+00:00,14669.0
2023-02-17 14:00:00+00:00,4021.0
2023-02-17 15:00:00+00:00,13259.0
2023-02-17 16:00:00+00:00,11179.0
2023-02-17 17:00:00+00:00,10073.0
2023-02-17 18:00:00+00:00,23627.0
2023-02-17 19:00:00+00:00,10529.0
2023-02-17 20:00:00+00:00,1801.0
2023-02-17 21:00:00+00:00,11401.0
2023-02-17 22:00:00+00:00,21190.0
2023-02-17 23:00:00+00:00,19284.0
2023-02-18 00:00:00+00:00,20377.0
2023-02-18 01:00:00+00:00,9554.0
2023-02-18 02:00:00+00:00,-3965.0
2023-02-18 03:00:00+00:00,2247.0
2023-02-18 04:00:00+00:00,21294.0
2023-02-18 05:00:00+00:00,14299.0
2023-02-18 06:00:00+00:00,18852.0
2023-02-18 07:00:00+00:00,12184.0
2023-02-18 08:00:00+00:00,4067.0
2023-02-18 09:00:00+00:00,8383.0
2023-02-18 10:00:00+00:00,16976.0
2023-02-18 11:00:00+00:00,15468.0
2023-02-18 12:00:00+00:00,23204.0
2023-02-18 13:00:00+00:00,28713.0
2023-02-18 14:00:00+00:00,28105.0
2023-02-18 15:00:00+00:00,31167.0
2023-02-18 16:00:00+00:00,29181.0
2023-02-18 17:00:00+00:00,24908.0
2023-02-18 18:00:00+00:00,27655.0
2023-02-18 19:00:00+00:00,17883.0
2023-02-18 20:00:00+00:00,5546.0
2023-02-18 21:00:00+00:00,13959.0
2023-02-18 22:00:00+00:00,26920.0
2023-02-18 23:00:00+00:00,21548.0
2023-02-19 00:00:00+00:00,17059.0
2023-02-19 01:00:00+00:00,11397.0
2023-02-19 02:00:00+00:00,-7032.0
2023-02-19 03:00:00+00:00,-163.0
2023-02-19 04:00:00+00:00,28852.0
2023-02-19 05:00:00+00:00,32005.0
2023-02-19 06:00:00+00:00,31977.0
2023-02-19 07:00:00+00:00,20475.0
2023-02-19 08:00:00+00:00,5676.0
2023-02-19 09:00:00+00:00,13777.0
2023-02-19 10:00:00+00:00,23990.0
2023-02-19 11:00:00+00:00,19072.0
2023-02-19 12:00:00+00:00,29971.0
2023-02-19 13:00:00+00:00,14751.0
2023-02-19 14:00:00+00:00,33.0
2023-02-19 15:00:00+00:00,16920.0
2023-02-19 16:00:00+00:00,20705.0
2023-02-19 17:00:00+00:00,14550.0
2023-02-19 18:00:00+00:00,22348.0
2023-02-19 19:00:00+00:00,14752.0
2023-02-19 20:00:00+00:00,8601.0
2023-02-19 21:00:00+00:00,18428.0
2023-02-19 22:00:00+00:00,19056.0
2023-02-19 23:00:00+00:00,15292.0
2023-02-20 00:00:00+00:00,20597.0
2023-02-20 01:00:00+00:00,10947.0
2023-02-20 02:00:00+00:00,2456.0
2023-02-20 03:00:00+00:00,9401.0
2023-02-20 04:00:00+00:00,11654.0
2023-02-20 05:00:00+00:00,15696.0
2023-02-20 06:00:00+00:00,21997.0
2023-02-20 07:00:00+00:00,16914.0
2023-02-20 08:00:00+00:00,18625.0
2023-02-20 09:00:00+00:00,25086.0
2023-02-20 10:00:00+00:00,19216.0
2023-02-20 11:00:00+00:00,14558.0
2023-02-20 12:00:00+00:00,19704.0
2023-02-20 13:00:00+00:00,17271.0
2023-02-20 14:00:00+00:00,4816.0
2023-02-20 15:00:00+00:00,16739.0
2023-02-20 16:00:00+00:00,22752.0
2023-02-20 17:00:00+00:00,20424.0
2023-02-20 18:00:00+00:00,30272.0
2023-02-20 19:00:00+00:00,18096.0
2023-02-20 20:00:00+00:00,-6732.0
2023-02-20 21:00:00+00:00,715.0
2023-02-20 22:00:00+00:00,15151.0
2023-02-20 23:00:00+00:00,14005.0
2023-02-21 00:00:00+00:00,23521.0
2023-02-21 01:00:00+00:00,15435.0
2023-02-21 02:00:00+00:00,14757.0
2023-02-21 03:00:00+00:00,22052.0
2023-02-21 04:00:00+00:00,13648.0
2023-02-21 05:00:00+00:00,10872.0
2023-02-21 06:00:00+00:00,22896.0
2023-02-21 07:00:00+00:00,15625.0
2023-02-21 08:00:00+00:00,18738.0
2023-02-21 09:00:00+00:00,26282.0
2023-02-21 10:00:00+00:00,15846.0
2023-02-21 11:00:00+00:00,7212.0
2023-02-21 12:00:00+00:00,14841.0
2023-02-21 13:00:00+00:00,11113.0
2023-02-21 14:00:00+00:00,9368.0
2023-02-21 15:00:00+00:00,9771.0
2023-02-21 16:00:00+00:00,12859.0
2023-02-21 17:00:00+00:00,11337.0
2023-02-21 18:00:00+00:00,20018.0
2023-02-21 19:00:00+00:00,20371.0
2023-02-21 20:00:00+00:00,22877.0
2023-02-21 21:00:00+00:00,26705.0
2023-02-21 22:00:00+00:00,13194.0
2023-02-21 23:00:00+00:00,10938.0
2023-02-22 00:00:00+00:00,22727.0
2023-02-22 01:00:00+00:00,16088.0
2023-02-22 02:00:00+00:00,8799.0
2023-02-22 03:00:00+00:00,18769.0
2023-02-22 04:00:00+00:00,14017.0
2023-02-22 05:00:00+00:00,8923.0
2023-02-22 06:00:00+00:00,21597.0
2023-02-22 07:00:00+00:00,16455.0
2023-02-22 08:00:00+00:00,4506.0
2023-02-22 09:00:00+00:00,12771.0
2023-02-22 10:00:00+00:00,18077.0
2023-02-22 11:00:00+00:00,14594.0
2023-02-22 12:00:00+00:00,26688.0
2023-02-22 13:00:00+00:00,17320.0
2023-02-22 14:00:00+00:00,7109.0
2023-02-22 15:00:00+00:00,-286.0
2023-02-22 16:00:00+00:00,3770.0
2023-02-22 17:00:00+00:00,7339.0
2023-02-22 18:00:00+00:00,20464.0
2023-02-22 19:00:00+00:00,22404.0
2023-02-22 20:00:00+00:00,20951.0
2023-02-22 21:00:00+00:00,24486.0
2023-02-22 22:00:00+00:00,23719.0
2023-02-22 23:00:00+00:00,26294.0
2023-02-23 00:00:00+00:00,34951.0
2023-02-23 01:00:00+00:00,24944.0
2023-02-23 02:00:00+00:00,29637.0
2023-02-23 03:00:00+00:00,24891.0
2023-02-23 04:00:00+00:00,20521.0
2023-02-23 05:00:00+00:00,16091.0
2023-02-23 06:00:00+00:00,32131.0
2023-02-23 07:00:00+00:00,23554.0
2023-02-23 08:00:00+00:00,29732.0
2023-02-23 09:00:00+00:00,30722.0
2023-02-23 10:00:00+00:00,28140.0
2023-02-23 11:00:00+00:00,27433.0
2023-02-23 12:00:00+00:00,35359.0
2023-02-23 13:00:00+00:00,23131.0
2023-02-23 14:00:00+00:00,8084.0
2023-02-23 15:00:00+00:00,11952.0
2023-02-23 16:00:00+00:00,12276.0
2023-02-23 17:00:00+00:00,13009.0
2023-02-23 18:00:00+00:00,23516.0
2023-02-23 19:00:00+00:00,15360.0
2023-02-23 20:00:00+00:00,17922.0
2023-02-23 21:00:00+00:00,26515.0
2023-02-23 22:00:00+00:00,16753.0
2023-02-23 23:00:00+00:00,7133.0
2023-02-24 00:00:00+00:00,16634.0
2023-02-24 01:00:00+00:00,16928.0
2023-02-24 02:00:00+00:00,23674.0
2023-02-24 03:00:00+00:00,26552.0
2023-02-24 04:00:00+00:00,19365.0
2023-02-24 05:00:00+00:00,20543.0
2023-02-24 06:00:00+00:00,25085.0
2023-02-24 07:00:00+00:00,22784.0
2023-02-24 08:00:00+00:00,24232.0
2023-02-24 09:00:00+00:00,26199.0
2023-02-24 10:00:00+00:00,18736.0
2023-02-24 11:00:00+00:00,-3526.0
2023-02-24 12:00:00+00:00,2511.0
2023-02-24 13:00:00+00:00,2081.0
2023-02-24 14:00:00+00:00,4127.0
2023-02-24 15:00:00+00:00,11483.0
2023-02-24 16:00:00+00:00,361.0
2023-02-24 17:00:00+00:00,-2962.0
2023-02-24 18:00:00+00:00,5593.0
2023-02-24 19:00:00+00:00,415.0
2023-02-24 20:00:00+00:00,590.0
2023-02-24 21:00:00+00:00,5737.0
2023-02-24 22:00:00+00:00,-3067.0
2023-02-24 23:00:00+00:00,-2133.0
2023-02-25 00:00:00+00:00,11528.0
2023-02-25 01:00:00+00:00,11840.0
2023-02-25 02:00:00+00:00,12651.0
2023-02-25 03:00:00+00:00,13435.0
2023-02-25 04:00:00+00:00,12079.0
2023-02-25 05:00:00+00:00,6361.0
2023-02-25 06:00:00+00:00,17913.0
2023-02-25 07:00:00+00:00,7415.0
2023-02-25 08:00:00+00:00,-1241.0
2023-02-25 09:00:00+00:00,3897.0
2023-02-25 10:00:00+00:00,3875.0
2023-02-25 11:00:00+00:00,4127.0
2023-02-25 12:00:00+00:00,14523.0
2023-02-25 13:00:00+00:00,5948.0
2023-02-25 14:00:00+00:00,-5525.0
2023-02-25 15:00:00+00:00,4104.0
2023-02-25 16:00:00+00:00,6570.0
2023-02-25 17:00:00+00:00,1008.0
2023-02-25 18:00:00+00:00,9756.0
2023-02-25 19:00:00+00:00,6432.0
2023-02-25 20:00:00+00:00,515.0
2023-02-25 21:00:00+00:00,6206.0
2023-02-25 22:00:00+00:00,9898.0
2023-02-25 23:00:00+00:00,4462.0
2023-02-26 00:00:00+00:00,11397.0
2023-02-26 01:00:00+00:00,5532.0
2023-02-26 02:00:00+00:00,-12803.0
2023-02-26 03:00:00+00:00,4830.0
2023-02-26 04:00:00+00:00,8075.0
2023-02-26 05:00:00+00:00,2070.0
2023-02-26 06:00:00+00:00,12850.0
2023-02-26 07:00:00+00:00,8774.0
2023-02-26 08:00:00+00:00,3050.0
2023-02-26 09:00:00+00:00,13904.0
2023-02-26 10:00:00+00:00,11905.0
2023-02-26 11:00:00+00:00,4095.0
2023-02-26 12:00:00+00:00,13099.0
2023-02-26 13:00:00+00:00,9623.0
2023-02-26 14:00:00+00:00,-1411.0
2023-02-26 15:00:00+00:00,7471.0
2023-02-26 16:00:00+00:00,11286.0
2023-02-26 17:00:00+00:00,4763.0
2023-02-26 18:00:00+00:00,16889.0
2023-02-26 19:00:00+00:00,11198.0
2023-02-26 20:00:00+00:00,4705.0
2023-02-26 21:00:00+00:00,12429.0
2023-02-26 22:00:00+00:00,14279.0
2023-02-26 23:00:00+00:00,13774.0
2023-02-27 00:00:00+00:00,18146.0
2023-02-27 01:00:00+00:00,15182.0
2023-02-27 02:00:00+00:00,11962.0
2023-02-27 03:00:00+00:00,17602.0
2023-02-27 04:00:00+00:00,14708.0
2023-02-27 05:00:00+00:00,15460.0
2023-02-27 06:00:00+00:00,18535.0
2023-02-27 07:00:00+00:00,10776.0
2023-02-27 08:00:00+00:00,4620.0
2023-02-27 09:00:00+00:00,16262.0
2023-02-27 10:00:00+00:00,14361.0
2023-02-27 11:00:00+00:00,14668.0
2023-02-27 12:00:00+00:00,20447.0
2023-02-27 13:00:00+00:00,17107.0
2023-02-27 14:00:00+00:00,7725.0
2023-02-27 15:00:00+00:00,14264.0
2023-02-27 16:00:00+00:00,12514.0
2023-02-27 17:00:00+00:00,8270.0
2023-02-27 18:00:00+00:00,18579.0
2023-02-27 19:00:00+00:00,14065.0
2023-02-27 20:00:00+00:00,-5368.0
2023-02-27 21:00:00+00:00,5472.0
2023-02-27 22:00:00+00:00,13062.0
2023-02-27 23:00:00+00:00,11650.0
2023-02-28 00:00:00+00:00,22069.0
2023-02-28 01:00:00+00:00,8532.0
2023-02-28 02:00:00+00:00,3380.0
2023-02-28 03:00:00+00:00,6343.0
2023-02-28 04:00:00+00:00,1079.0
2023-02-28 05:00:00+00:00,-3785.0
2023-02-28 06:00:00+00:00,6827.0
2023-02-28 07:00:00+00:00,1091.0
2023-02-28 08:00:00+00:00,-4530.0
2023-02-28 09:00:00+00:00,4673.0
2023-02-28 10:00:00+00:00,6840.0
2023-02-28 11:00:00+00:00,9886.0
2023-02-28 12:00:00+00:00,18638.0
2023-02-28 13:00:00+00:00,12225.0
2023-02-28 14:00:00+00:00,-3307.0
2023-02-28 15:00:00+00:00,969.0
2023-02-28 16:00:00+00:00,1996.0
2023-02-28 17:00:00+00:00,6278.0
2023-02-28 18:00:00+00:00,20084.0
2023-02-28 19:00:00+00:00,8812.0
2023-02-28 20:00:00+00:00,-281.0
2023-02-28 21:00:00+00:00,11374.0
2023-02-28 22:00:00+00:00,11064.0
2023-02-28 23:00:00+00:00,4536.0
2023-03-01 00:00:00+00:00,15304.0
2023-03-01 01:00:00+00:00,14079.0
2023-03-01 02:00:00+00:00,11003.0
2023-03-01 03:00:00+00:00,20071.0
2023-03-01 04:00:00+00:00,17116.0
2023-03-01 05:00:00+00:00,13335.0
2023-03-01 06:00:00+00:00,22802.0
2023-03-01 07:00:00+00:00,19763.0
2023-03-01 08:00:00+00:00,8022.0
2023-03-01 09:00:00+00:00,16710.0
2023-03-01 10:00:00+00:00,24369.0
2023-03-01 11:00:00+00:00,22544.0
2023-03-01 12:00:00+00:00,29745.0
2023-03-01 13:00:00+00:00,29876.0
2023-03-01 14:00:00+00:00,28470.0
2023-03-01 15:00:00+00:00,36055.0
2023-03-01 16:00:00+00:00,26165.0
2023-03-01 17:00:00+00:00,19418.0
2023-03-01 18:00:00+00:00,24310.0
2023-03-01 19:00:00+00:00,23560.0
2023-03-01 20:00:00+00:00,25771.0
2023-03-01 21:00:00+00:00,26621.0
2023-03-01 22:00:00+00:00,21518.0
2023-03-01 23:00:00+00:00,14646.0
2023-03-02 00:00:00+00:00,20302.0
2023-03-02 01:00:00+00:00,21351.0
2023-03-02 02:00:00+00:00,23333.0
2023-03-02 03:00:00+00:00,27109.0
2023-03-02 04:00:00+00:00,16361.0
2023-03-02 05:00:00+00:00,11777.0
2023-03-02 06:00:00+00:00,18230.0
2023-03-02 07:00:00+00:00,14919.0
2023-03-02 08:00:00+00:00,21603.0
2023-03-02 09:00:00+00:00,23293.0
2023-03-02 10:00:00+00:00,12549.0
2023-03-02 11:00:00+00:00,11495.0
2023-03-02 12:00:00+00:00,21483.0
2023-03-02 13:00:00+00:00,11738.0
2023-03-02 14:00:00+00:00,10349.0
2023-03-02 15:00:00+00:00,17151.0
2023-03-02 16:00:00+00:00,15989.0
2023-03-02 17:00:00+00:00,14368.0
2023-03-02 18:00:00+00:00,23121.0
2023-03-02 19:00:00+00:00,13050.0
2023-03-02 20:00:00+00:00,12756.0
2023-03-02 21:00:00+00:00,25202.0
2023-03-02 22:00:00+00:00,14593.0
2023-03-02 23:00:00+00:00,11224.0
2023-03-03 00:00:00+00:00,24037.0
2023-03-03 01:00:00+00:00,15778.0
2023-03-03 02:00:00+00:00,-297.0
2023-03-03 03:00:00+00:00,10580.0
2023-03-03 04:00:00+00:00,15754.0
2023-03-03 05:00:00+00:00,22270.0
2023-03-03 06:00:00+00:00,26738.0
2023-03-03 07:00:00+00:00,23630.0
2023-03-03 08:00:00+00:00,9609.0
2023-03-03 09:00:00+00:00,21319.0
2023-03-03 10:00:00+00:00,24262.0
2023-03-03 11:00:00+00:00,28002.0
2023-03-03 12:00:00+00:00,29301.0
2023-03-03 13:00:00+00:00,21521.0
2023-03-03 14:00:00+00:00,19488.0
2023-03-03 15:00:00+00:00,23598.0
2023-03-03 16:00:00+00:00,16953.0
2023-03-03 17:00:00+00:00,23345.0
2023-03-03 18:00:00+00:00,25086.0
2023-03-03 19:00:00+00:00,14961.0
2023-03-03 20:00:00+00:00,9035.0
2023-03-03 21:00:00+00:00,13242.0
2023-03-03 22:00:00+00:00,10407.0
2023-03-03 23:00:00+00:00,7517.0
2023-03-04 00:00:00+00:00,7154.0
2023-03-04 01:00:00+00:00,7579.0
2023-03-04 02:00:00+00:00,7036.0
2023-03-04 03:00:00+00:00,17762.0
2023-03-04 04:00:00+00:00,12288.0
2023-03-04 05:00:00+00:00,16487.0
2023-03-04 06:00:00+00:00,25170.0
2023-03-04 07:00:00+00:00,11206.0
2023-03-04 08:00:00+00:00,5464.0
2023-03-04 09:00:00+00:00,9129.0
2023-03-04 10:00:00+00:00,6277.0
2023-03-04 11:00:00+00:00,3497.0
2023-03-04 12:00:00+00:00,11628.0
2023-03-04 13:00:00+00:00,4721.0
2023-03-04 14:00:00+00:00,-5367.0
2023-03-04 15:00:00+00:00,7076.0
2023-03-04 16:00:00+00:00,-2414.0
2023-03-04 17:00:00+00:00,-2786.0
2023-03-04 18:00:00+00:00,14344.0
2023-03-04 19:00:00+00:00,16381.0
2023-03-04 20:00:00+00:00,1756.0
2023-03-04 21:00:00+00:00,13760.0
2023-03-04 22:00:00+00:00,16686.0
2023-03-04 23:00:00+00:00,16299.0
2023-03-05 00:00:00+00:00,26786.0
2023-03-05 01:00:00+00:00,22931.0
2023-03-05 02:00:00+00:00,6298.0
2023-03-05 03:00:00+00:00,15962.0
2023-03-05 04:00:00+00:00,19361.0
2023-03-05 05:00:00+00:00,20962.0
2023-03-05 06:00:00+00:00,27495.0
2023-03-05 07:00:00+00:00,14208.0
2023-03-05 08:00:00+00:00,9330.0
2023-03-05 09:00:00+00:00,10873.0
2023-03-05 10:00:00+00:00,8587.0
2023-03-05 11:00:00+00:00,13901.0
2023-03-05 12:00:00+00:00,21010.0
2023-03-05 13:00:00+00:00,10037.0
2023-03-05 14:00:00+00:00,7914.0
2023-03-05 15:00:00+00:00,18171.0
2023-03-05 16:00:00+00:00,13229.0
2023-03-05 17:00:00+00:00,18652.0
2023-03-05 18:00:00+00:00,29261.0
2023-03-05 19:00:00+00:00,21223.0
2023-03-05 20:00:00+00:00,24852.0
2023-03-05 21:00:00+00:00,25350.0
2023-03-05 22:00:00+00:00,13790.0
2023-03-05 23:00:00+00:00,18446.0
2023-03-06 00:00:00+00:00,21379.0
2023-03-06 01:00:00+00:00,13141.0
2023-03-06 02:00:00+00:00,20830.0
2023-03-06 03:00:00+00:00,22947.0
2023-03-06 04:00:00+00:00,14944.0
2023-03-06 05:00:00+00:00,23114.0
2023-03-06 06:00:00+00:00,25920.0
2023-03-06 07:00:00+00:00,17372.0
2023-03-06 08:00:00+00:00,21964.0
2023-03-06 09:00:00+00:00,24216.0
2023-03-06 10:00:00+00:00,20329.0
2023-03-06 11:00:00+00:00,25977.0
2023-03-06 12:00:00+00:00,29412.0
2023-03-06 13:00:00+00:00,19996.0
2023-03-06 14:00:00+00:00,13248.0
2023-03-06 15:00:00+00:00,22423.0
2023-03-06 16:00:00+00:00,19283.0
2023-03-06 17:00:00+00:00,22298.0
2023-03-06 18:00:00+00:00,27841.0
2023-03-06 19:00:00+00:00,27227.0
2023-03-06 20:00:00+00:00,18437.0
2023-03-06 21:00:00+00:00,23753.0
2023-03-06 22:00:00+00:00,17197.0
2023-03-06 23:00:00+00:00,22566.0
2023-03-07 00:00:00+00:00,29475.0
2023-03-07 01:00:00+00:00,19063.0
2023-03-07 02:00:00+00:00,21080.0
2023-03-07 03:00:00+00:00,31355.0
2023-03-07 04:00:00+00:00,20924.0
2023-03-07 05:00:00+00:00,24541.0
2023-03-07 06:00:00+00:00,25565.0
2023-03-07 07:00:00+00:00,17057.0
2023-03-07 08:00:00+00:00,20756.0
2023-03-07 09:00:00+00:00,20781.0
2023-03-07 10:00:00+00:00,12321.0
2023-03-07 11:00:00+00:00,24247.0
2023-03-07 12:00:00+00:00,27055.0
2023-03-07 13:00:00+00:00,20744.0
2023-03-07 14:00:00+00:00,15251.0
2023-03-07 15:00:00+00:00,22261.0
2023-03-07 16:00:00+00:00,20499.0
2023-03-07 17:00:00+00:00,27262.0
2023-03-07 18:00:00+00:00,29952.0
2023-03-07 19:00:00+00:00,18911.0
2023-03-07 20:00:00+00:00,10351.0
2023-03-07 21:00:00+00:00,21654.0
2023-03-07 22:00:00+00:00,14333.0
2023-03-07 23:00:00+00:00,20876.0
2023-03-08 00:00:00+00:00,26683.0
2023-03-08 01:00:00+00:00,24558.0
2023-03-08 02:00:00+00:00,33765.0
2023-03-08 03:00:00+00:00,35055.0
2023-03-08 04:00:00+00:00,18758.0
2023-03-08 05:00:00+00:00,20666.0
2023-03-08 06:00:00+00:00,26916.0
2023-03-08 07:00:00+00:00,23222.0
2023-03-08 08:00:00+00:00,18911.0
2023-03-08 09:00:00+00:00,22992.0
2023-03-08 10:00:00+00:00,9955.0
2023-03-08 11:00:00+00:00,4427.0
2023-03-08 12:00:00+00:00,11332.0
2023-03-08 13:00:00+00:00,17684.0
2023-03-08 14:00:00+00:00,10145.0
2023-03-08 15:00:00+00:00,14102.0
2023-03-08 16:00:00+00:00,15567.0
2023-03-08 17:00:00+00:00,19318.0
2023-03-08 18:00:00+00:00,20019.0
2023-03-08 19:00:00+00:00,8941.0
2023-03-08 20:00:00+00:00,10606.0
2023-03-08 21:00:00+00:00,18207.0
2023-03-08 22:00:00+00:00,8859.0
2023-03-08 23:00:00+00:00,11745.0
2023-03-09 00:00:00+00:00,16045.0
2023-03-09 01:00:00+00:00,10828.0
2023-03-09 02:00:00+00:00,8371.0
2023-03-09 03:00:00+00:00,16219.0
2023-03-09 04:00:00+00:00,2901.0
2023-03-09 05:00:00+00:00,10257.0
2023-03-09 06:00:00+00:00,18352.0
2023-03-09 07:00:00+00:00,10288.0
2023-03-09 08:00:00+00:00,15988.0
2023-03-09 09:00:00+00:00,21329.0
2023-03-09 10:00:00+00:00,11103.0
2023-03-09 11:00:00+00:00,16499.0
2023-03-09 12:00:00+00:00,23875.0
2023-03-09 13:00:00+00:00,4879.0
2023-03-09 14:00:00+00:00,10121.0
2023-03-09 15:00:00+00:00,21643.0
2023-03-09 16:00:00+00:00,13553.0
2023-03-09 17:00:00+00:00,22576.0
2023-03-09 18:00:00+00:00,28857.0
2023-03-09 19:00:00+00:00,20584.0
2023-03-09 20:00:00+00:00,23225.0
2023-03-09 21:00:00+00:00,25591.0
2023-03-09 22:00:00+00:00,11839.0
2023-03-09 23:00:00+00:00,10837.0
2023-03-10 00:00:00+00:00,16985.0
2023-03-10 01:00:00+00:00,14908.0
2023-03-10 02:00:00+00:00,11848.0
2023-03-10 03:00:00+00:00,18249.0
2023-03-10 04:00:00+00:00,8201.0
2023-03-10 05:00:00+00:00,15879.0
2023-03-10 06:00:00+00:00,29263.0
2023-03-10 07:00:00+00:00,28095.0
2023-03-10 08:00:00+00:00,7351.0
2023-03-10 09:00:00+00:00,16433.0
2023-03-10 10:00:00+00:00,12712.0
2023-03-10 11:00:00+00:00,18042.0
2023-03-10 12:00:00+00:00,26103.0
2023-03-10 13:00:00+00:00,12923.0
2023-03-10 14:00:00+00:00,13215.0
2023-03-10 15:00:00+00:00,23942.0
2023-03-10 16:00:00+00:00,13550.0
2023-03-10 17:00:00+00:00,29725.0
2023-03-10 18:00:00+00:00,34402.0
2023-03-10 19:00:00+00:00,14327.0
2023-03-10 20:00:00+00:00,13966.0
2023-03-10 21:00:00+00:00,16506.0
2023-03-10 22:00:00+00:00,8463.0
2023-03-10 23:00:00+00:00,13047.0
2023-03-11 00:00:00+00:00,18670.0
2023-03-11 01:00:00+00:00,15264.0
2023-03-11 02:00:00+00:00,14271.0
2023-03-11 03:00:00+00:00,22111.0
2023-03-11 04:00:00+00:00,15308.0
2023-03-11 05:00:00+00:00,19621.0
2023-03-11 06:00:00+00:00,27143.0
2023-03-11 07:00:00+00:00,14675.0
2023-03-11 08:00:00+00:00,18618.0
2023-03-11 09:00:00+00:00,27449.0
2023-03-11 10:00:00+00:00,17510.0
2023-03-11 11:00:00+00:00,24732.0
2023-03-11 12:00:00+00:00,30103.0
2023-03-11 13:00:00+00:00,18647.0
2023-03-11 14:00:00+00:00,14239.0
2023-03-11 15:00:00+00:00,18347.0
2023-03-11 16:00:00+00:00,5726.0
2023-03-11 17:00:00+00:00,10565.0
2023-03-11 18:00:00+00:00,11454.0
2023-03-11 19:00:00+00:00,15411.0
2023-03-11 20:00:00+00:00,14161.0
2023-03-11 21:00:00+00:00,23414.0
2023-03-11 22:00:00+00:00,7227.0
2023-03-11 23:00:00+00:00,2863.0
2023-03-12 00:00:00+00:00,12123.0
2023-03-12 01:00:00+00:00,19327.0
2023-03-12 02:00:00+00:00,16337.0
2023-03-12 03:00:00+00:00,25639.0
2023-03-12 04:00:00+00:00,12551.0
2023-03-12 05:00:00+00:00,21836.0
2023-03-12 06:00:00+00:00,20724.0
2023-03-12 07:00:00+00:00,19078.0
2023-03-12 08:00:00+00:00,25551.0
2023-03-12 09:00:00+00:00,28055.0
2023-03-12 10:00:00+00:00,10871.0
2023-03-12 11:00:00+00:00,22230.0
2023-03-12 12:00:00+00:00,34795.0
2023-03-12 13:00:00+00:00,26085.0
2023-03-12 14:00:00+00:00,24879.0
2023-03-12 15:00:00+00:00,28025.0
2023-03-12 16:00:00+00:00,23785.0
2023-03-12 17:00:00+00:00,21746.0
2023-03-12 18:00:00+00:00,22804.0
2023-03-12 19:00:00+00:00,22799.0
2023-03-12 20:00:00+00:00,18483.0
2023-03-12 21:00:00+00:00,20806.0
2023-03-12 22:00:00+00:00,20890.0
2023-03-12 23:00:00+00:00,21645.0
2023-03-13 00:00:00+00:00,24728.0
2023-03-13 01:00:00+00:00,25534.0
2023-03-13 02:00:00+00:00,26136.0
2023-03-13 03:00:00+00:00,29360.0
2023-03-13 04:00:00+00:00,18764.0
2023-03-13 05:00:00+00:00,19935.0
2023-03-13 06:00:00+00:00,30520.0
2023-03-13 07:00:00+00:00,30061.0
2023-03-13 08:00:00+00:00,28006.0
2023-03-13 09:00:00+00:00,30675.0
2023-03-13 10:00:00+00:00,27543.0
2023-03-13 11:00:00+00:00,21654.0
2023-03-13 12:00:00+00:00,21221.0
2023-03-13 13:00:00+00:00,23040.0
2023-03-13 14:00:00+00:00,18352.0
2023-03-13 15:00:00+00:00,19553.0
2023-03-13 16:00:00+00:00,11200.0
2023-03-13 17:00:00+00:00,6674.0
2023-03-13 18:00:00+00:00,10203.0
2023-03-13 19:00:00+00:00,15235.0
2023-03-13 20:00:00+00:00,13749.0
2023-03-13 21:00:00+00:00,17886.0
2023-03-13 22:00:00+00:00,15755.0
2023-03-13 23:00:00+00:00,12567.0
2023-03-14 00:00:00+00:00,16350.0
2023-03-14 01:00:00+00:00,20333.0
2023-03-14 02:00:00+00:00,11044.0
2023-03-14 03:00:00+00:00,19273.0
2023-03-14 04:00:00+00:00,23540.0
2023-03-14 05:00:00+00:00,28299.0
2023-03-14 06:00:00+00:00,25416.0
2023-03-14 07:00:00+00:00,27814.0
2023-03-14 08:00:00+00:00,27657.0
2023-03-14 09:00:00+00:00,32424.0
2023-03-14 10:00:00+00:00,29750.0
2023-03-14 11:00:00+00:00,32214.0
2023-03-14 12:00:00+00:00,32953.0
2023-03-14 13:00:00+00:00,33216.0
2023-03-14 14:00:00+00:00,31487.0
2023-03-14 15:00:00+00:00,34361.0
2023-03-14 16:00:00+00:00,34016.0
2023-03-14 17:00:00+00:00,28248.0
2023-03-14 18:00:00+00:00,30089.0
2023-03-14 19:00:00+00:00,33967.0
2023-03-14 20:00:00+00:00,36454.0
2023-03-14 21:00:00+00:00,37251.0
2023-03-14 22:00:00+00:00,32345.0
2023-03-14 23:00:00+00:00,30780.0
2023-03-15 00:00:00+00:00,20485.0
2023-03-15 01:00:00+00:00,26678.0
2023-03-15 02:00:00+00:00,25697.0
2023-03-15 03:00:00+00:00,31082.0
2023-03-15 04:00:00+00:00,32186.0
2023-03-15 05:00:00+00:00,36922.0
2023-03-15 06:00:00+00:00,38537.0
2023-03-15 07:00:00+00:00,38219.0
2023-03-15 08:00:00+00:00,36612.0
2023-03-15 09:00:00+00:00,40499.0
2023-03-15 10:00:00+00:00,35798.0
2023-03-15 11:00:00+00:00,25861.0
2023-03-15 12:00:00+00:00,30485.0
2023-03-15 13:00:00+00:00,26885.0
2023-03-15 14:00:00+00:00,17301.0
2023-03-15 15:00:00+00:00,26995.0
2023-03-15 16:00:00+00:00,22211.0
2023-03-15 17:00:00+00:00,25784.0
2023-03-15 18:00:00+00:00,30491.0
2023-03-15 19:00:00+00:00,23534.0
2023-03-15 20:00:00+00:00,15133.0
2023-03-15 21:00:00+00:00,19101.0
2023-03-15 22:00:00+00:00,13555.0
2023-03-15 23:00:00+00:00,13645.0
2023-03-16 00:00:00+00:00,18655.0
2023-03-16 01:00:00+00:00,25429.0
2023-03-16 02:00:00+00:00,31060.0
2023-03-16 03:00:00+00:00,34235.0
2023-03-16 04:00:00+00:00,25042.0
2023-03-16 05:00:00+00:00,31296.0
2023-03-16 06:00:00+00:00,37716.0
2023-03-16 07:00:00+00:00,32831.0
2023-03-16 08:00:00+00:00,31879.0
2023-03-16 09:00:00+00:00,30142.0
2023-03-16 10:00:00+00:00,24213.0
2023-03-16 11:00:00+00:00,28622.0
2023-03-16 12:00:00+00:00,32291.0
2023-03-16 13:00:00+00:00,28693.0
2023-03-16 14:00:00+00:00,27602.0
2023-03-16 15:00:00+00:00,30946.0
2023-03-16 16:00:00+00:00,26292.0
2023-03-16 17:00:00+00:00,34605.0
2023-03-16 18:00:00+00:00,37988.0
2023-03-16 19:00:00+00:00,34355.0
2023-03-16 20:00:00+00:00,33912.0
2023-03-16 21:00:00+00:00,35724.0
2023-03-16 22:00:00+00:00,31827.0
2023-03-16 23:00:00+00:00,34891.0
2023-03-17 00:00:00+00:00,41638.0
2023-03-17 01:00:00+00:00,41326.0
2023-03-17 02:00:00+00:00,39598.0
2023-03-17 03:00:00+00:00,38285.0
2023-03-17 04:00:00+00:00,37339.0
2023-03-17 05:00:00+00:00,40855.0
2023-03-17 06:00:00+00:00,38848.0
2023-03-17 07:00:00+00:00,34462.0
2023-03-17 08:00:00+00:00,26910.0
2023-03-17 09:00:00+00:00,38335.0
2023-03-17 10:00:00+00:00,34680.0
2023-03-17 11:00:00+00:00,29772.0
2023-03-17 12:00:00+00:00,30494.0
2023-03-17 13:00:00+00:00,30501.0
2023-03-17 14:00:00+00:00,8909.0
2023-03-17 15:00:00+00:00,16718.0
2023-03-17 16:00:00+00:00,14660.0
2023-03-17 17:00:00+00:00,23051.0
2023-03-17 18:00:00+00:00,23325.0
2023-03-17 19:00:00+00:00,18738.0
2023-03-17 20:00:00+00:00,19894.0
2023-03-17 21:00:00+00:00,32945.0
2023-03-17 22:00:00+00:00,22088.0
2023-03-17 23:00:00+00:00,34665.0
2023-03-18 00:00:00+00:00,42333.0
2023-03-18 01:00:00+00:00,40581.0
2023-03-18 02:00:00+00:00,37997.0
2023-03-18 03:00:00+00:00,42774.0
2023-03-18 04:00:00+00:00,44576.0
2023-03-18 05:00:00+00:00,43596.0
2023-03-18 06:00:00+00:00,40419.0
2023-03-18 07:00:00+00:00,41126.0
2023-03-18 08:00:00+00:00,32438.0
2023-03-18 09:00:00+00:00,40107.0
2023-03-18 10:00:00+00:00,35224.0
2023-03-18 11:00:00+00:00,34444.0
2023-03-18 12:00:00+00:00,36711.0
2023-03-18 13:00:00+00:00,38133.0
2023-03-18 14:00:00+00:00,29546.0
2023-03-18 15:00:00+00:00,38779.0
2023-03-18 16:00:00+00:00,30578.0
2023-03-18 17:00:00+00:00,30405.0
2023-03-18 18:00:00+00:00,32260.0
2023-03-18 19:00:00+00:00,39825.0
2023-03-18 20:00:00+00:00,21470.0
2023-03-18 21:00:00+00:00,35138.0
2023-03-18 22:00:00+00:00,37332.0
2023-03-18 23:00:00+00:00,22994.0
2023-03-19 00:00:00+00:00,21657.0
2023-03-19 01:00:00+00:00,30536.0
2023-03-19 02:00:00+00:00,29821.0
2023-03-19 03:00:00+00:00,31772.0
2023-03-19 04:00:00+00:00,31552.0
2023-03-19 05:00:00+00:00,14681.0
2023-03-19 06:00:00+00:00,7030.0
2023-03-19 07:00:00+00:00,16842.0
2023-03-19 08:00:00+00:00,16948.0
2023-03-19 09:00:00+00:00,32698.0
2023-03-19 10:00:00+00:00,16633.0
2023-03-19 11:00:00+00:00,22110.0
2023-03-19 12:00:00+00:00,20980.0
2023-03-19 13:00:00+00:00,22675.0
2023-03-19 14:00:00+00:00,21064.0
2023-03-19 15:00:00+00:00,33572.0
2023-03-19 16:00:00+00:00,13911.0
2023-03-19 17:00:00+00:00,12245.0
2023-03-19 18:00:00+00:00,13578.0
2023-03-19 19:00:00+00:00,18313.0
2023-03-19 20:00:00+00:00,25804.0
2023-03-19 21:00:00+00:00,36696.0
2023-03-19 22:00:00+00:00,23968.0
2023-03-19 23:00:00+00:00,21884.0
2023-03-20 00:00:00+00:00,25004.0
2023-03-20 01:00:00+00:00,24213.0
2023-03-20 02:00:00+00:00,20536.0
2023-03-20 03:00:00+00:00,34964.0
2023-03-20 04:00:00+00:00,29640.0
2023-03-20 05:00:00+00:00,27083.0
2023-03-20 06:00:00+00:00,33089.0
2023-03-20 07:00:00+00:00,34174.0
2023-03-20 08:00:00+00:00,33029.0
2023-03-20 09:00:00+00:00,38215.0
2023-03-20 10:00:00+00:00,31118.0
2023-03-20 11:00:00+00:00,27034.0
2023-03-20 12:00:00+00:00,22833.0
2023-03-20 13:00:00+00:00,19000.0
2023-03-20 14:00:00+00:00,15400.0
2023-03-20 15:00:00+00:00,21088.0
2023-03-20 16:00:00+00:00,14526.0
2023-03-20 17:00:00+00:00,19334.0
2023-03-20 18:00:00+00:00,24641.0
2023-03-20 19:00:00+00:00,27681.0
2023-03-20 20:00:00+00:00,25568.0
2023-03-20 21:00:00+00:00,27738.0
2023-03-20 22:00:00+00:00,22823.0
2023-03-20 23:00:00+00:00,28023.0
2023-03-21 00:00:00+00:00,29218.0
2023-03-21 01:00:00+00:00,29596.0
2023-03-21 02:00:00+00:00,30923.0
2023-03-21 03:00:00+00:00,32466.0
2023-03-21 04:00:00+00:00,23861.0
2023-03-21 05:00:00+00:00,22084.0
2023-03-21 06:00:00+00:00,19505.0
2023-03-21 07:00:00+00:00,21881.0
2023-03-21 08:00:00+00:00,24678.0
2023-03-21 09:00:00+00:00,32680.0
2023-03-21 10:00:00+00:00,25827.0
2023-03-21 11:00:00+00:00,25508.0
2023-03-21 12:00:00+00:00,24291.0
2023-03-21 13:00:00+00:00,22022.0
2023-03-21 14:00:00+00:00,27699.0
2023-03-21 15:00:00+00:00,29806.0
2023-03-21 16:00:00+00:00,16515.0
2023-03-21 17:00:00+00:00,14546.0
2023-03-21 18:00:00+00:00,20151.0
2023-03-21 19:00:00+00:00,24410.0
2023-03-21 20:00:00+00:00,24445.0
2023-03-21 21:00:00+00:00,27816.0
2023-03-21 22:00:00+00:00,16492.0
2023-03-21 23:00:00+00:00,23996.0
2023-03-22 00:00:00+00:00,21579.0
2023-03-22 01:00:00+00:00,23702.0
2023-03-22 02:00:00+00:00,23463.0
2023-03-22 03:00:00+00:00,31283.0
2023-03-22 04:00:00+00:00,13434.0
2023-03-22 05:00:00+00:00,18770.0
2023-03-22 06:00:00+00:00,27852.0
2023-03-22 07:00:00+00:00,36023.0
2023-03-22 08:00:00+00:00,36844.0
2023-03-22 09:00:00+00:00,41692.0
2023-03-22 10:00:00+00:00,33370.0
2023-03-22 11:00:00+00:00,26831.0
2023-03-22 12:00:00+00:00,25812.0
2023-03-22 13:00:00+00:00,23591.0
2023-03-22 14:00:00+00:00,26529.0
2023-03-22 15:00:00+00:00,36903.0
2023-03-22 16:00:00+00:00,37833.0
2023-03-22 17:00:00+00:00,33369.0
2023-03-22 18:00:00+00:00,35628.0
2023-03-22 19:00:00+00:00,35150.0
2023-03-22 20:00:00+00:00,37196.0
2023-03-22 21:00:00+00:00,38724.0
2023-03-22 22:00:00+00:00,29499.0
2023-03-22 23:00:00+00:00,32856.0
2023-03-23 00:00:00+00:00,39196.0
2023-03-23 01:00:00+00:00,33843.0
2023-03-23 02:00:00+00:00,32754.0
2023-03-23 03:00:00+00:00,33221.0
2023-03-23 04:00:00+00:00,32540.0
2023-03-23 05:00:00+00:00,36548.0
2023-03-23 06:00:00+00:00,37774.0
2023-03-23 07:00:00+00:00,33597.0
2023-03-23 08:00:00+00:00,31060.0
2023-03-23 09:00:00+00:00,30794.0
2023-03-23 10:00:00+00:00,19753.0
2023-03-23 11:00:00+00:00,10831.0
2023-03-23 12:00:00+00:00,9031.0
2023-03-23 13:00:00+00:00,9361.0
2023-03-23 14:00:00+00:00,13696.0
2023-03-23 15:00:00+00:00,19452.0
2023-03-23 16:00:00+00:00,13616.0
2023-03-23 17:00:00+00:00,13090.0
2023-03-23 18:00:00+00:00,9310.0
2023-03-23 19:00:00+00:00,14072.0
2023-03-23 20:00:00+00:00,18828.0
2023-03-23 21:00:00+00:00,25909.0
2023-03-23 22:00:00+00:00,19293.0
2023-03-23 23:00:00+00:00,14375.0
2023-03-24 00:00:00+00:00,22261.0
2023-03-24 01:00:00+00:00,18861.0
2023-03-24 02:00:00+00:00,15829.0
2023-03-24 03:00:00+00:00,30224.0
2023-03-24 04:00:00+00:00,12747.0
2023-03-24 05:00:00+00:00,8507.0
2023-03-24 06:00:00+00:00,4628.0
2023-03-24 07:00:00+00:00,6070.0
2023-03-24 08:00:00+00:00,12412.0
2023-03-24 09:00:00+00:00,26604.0
2023-03-24 10:00:00+00:00,15006.0
2023-03-24 11:00:00+00:00,12414.0
2023-03-24 12:00:00+00:00,21881.0
2023-03-24 13:00:00+00:00,25615.0
2023-03-24 14:00:00+00:00,27764.0
2023-03-24 15:00:00+00:00,28221.0
2023-03-24 16:00:00+00:00,16615.0
2023-03-24 17:00:00+00:00,17160.0
2023-03-24 18:00:00+00:00,28496.0
2023-03-24 19:00:00+00:00,24453.0
2023-03-24 20:00:00+00:00,21508.0
2023-03-24 21:00:00+00:00,20949.0
2023-03-24 22:00:00+00:00,338.0
2023-03-24 23:00:00+00:00,7494.0
2023-03-25 00:00:00+00:00,8006.0
2023-03-25 01:00:00+00:00,4775.0
2023-03-25 02:00:00+00:00,5252.0
2023-03-25 03:00:00+00:00,9571.0
2023-03-25 04:00:00+00:00,-3620.0
2023-03-25 05:00:00+00:00,11197.0
2023-03-25 06:00:00+00:00,24417.0
2023-03-25 07:00:00+00:00,15181.0
2023-03-25 08:00:00+00:00,11966.0
2023-03-25 09:00:00+00:00,15042.0
2023-03-25 10:00:00+00:00,721.0
2023-03-25 11:00:00+00:00,12369.0
2023-03-25 12:00:00+00:00,17379.0
2023-03-25 13:00:00+00:00,13820.0
2023-03-25 14:00:00+00:00,3476.0
2023-03-25 15:00:00+00:00,9504.0
2023-03-25 16:00:00+00:00,1495.0
2023-03-25 17:00:00+00:00,7815.0
2023-03-25 18:00:00+00:00,15940.0
2023-03-25 19:00:00+00:00,11436.0
2023-03-25 20:00:00+00:00,3398.0
2023-03-25 21:00:00+00:00,7780.0
2023-03-25 22:00:00+00:00,-10389.0
2023-03-25 23:00:00+00:00,-8071.0
2023-03-26 00:00:00+00:00,2288.0
2023-03-26 01:00:00+00:00,8966.0
2023-03-26 02:00:00+00:00,19552.0
2023-03-26 03:00:00+00:00,29087.0
2023-03-26 04:00:00+00:00,19427.0
2023-03-26 05:00:00+00:00,22318.0
2023-03-26 06:00:00+00:00,30491.0
2023-03-26 07:00:00+00:00,31037.0
2023-03-26 08:00:00+00:00,29639.0
2023-03-26 09:00:00+00:00,32956.0
2023-03-26 10:00:00+00:00,25158.0
2023-03-26 11:00:00+00:00,28416.0
2023-03-26 12:00:00+00:00,30602.0
2023-03-26 13:00:00+00:00,24457.0
2023-03-26 14:00:00+00:00,27002.0
2023-03-26 15:00:00+00:00,27163.0
2023-03-26 16:00:00+00:00,7550.0
2023-03-26 17:00:00+00:00,15147.0
2023-03-26 18:00:00+00:00,21652.0
2023-03-26 19:00:00+00:00,11826.0
2023-03-26 20:00:00+00:00,8154.0
2023-03-26 21:00:00+00:00,14246.0
2023-03-26 22:00:00+00:00,-823.0
2023-03-26 23:00:00+00:00,15614.0
2023-03-27 00:00:00+00:00,14216.0
2023-03-27 01:00:00+00:00,11358.0
2023-03-27 02:00:00+00:00,7760.0
2023-03-27 03:00:00+00:00,6721.0
2023-03-27 04:00:00+00:00,13747.0
2023-03-27 05:00:00+00:00,19176.0
2023-03-27 06:00:00+00:00,16402.0
2023-03-27 07:00:00+00:00,7957.0
2023-03-27 08:00:00+00:00,5354.0
2023-03-27 09:00:00+00:00,16143.0
2023-03-27 10:00:00+00:00,14860.0
2023-03-27 11:00:00+00:00,22242.0
2023-03-27 12:00:00+00:00,23214.0
2023-03-27 13:00:00+00:00,32272.0
2023-03-27 14:00:00+00:00,32726.0
2023-03-27 15:00:00+00:00,38723.0
2023-03-27 16:00:00+00:00,28730.0
2023-03-27 17:00:00+00:00,23373.0
2023-03-27 18:00:00+00:00,17419.0
2023-03-27 19:00:00+00:00,27401.0
2023-03-27 20:00:00+00:00,36413.0
2023-03-27 21:00:00+00:00,34849.0
2023-03-27 22:00:00+00:00,31988.0
2023-03-27 23:00:00+00:00,32886.0
2023-03-28 00:00:00+00:00,32735.0
2023-03-28 01:00:00+00:00,42370.0
2023-03-28 02:00:00+00:00,37553.0
2023-03-28 03:00:00+00:00,35422.0
2023-03-28 04:00:00+00:00,23511.0
2023-03-28 05:00:00+00:00,31687.0
2023-03-28 06:00:00+00:00,36320.0
2023-03-28 07:00:00+00:00,31168.0
2023-03-28 08:00:00+00:00,24188.0
2023-03-28 09:00:00+00:00,25950.0
2023-03-28 10:00:00+00:00,28146.0
2023-03-28 11:00:00+00:00,35238.0
2023-03-28 12:00:00+00:00,36424.0
2023-03-28 13:00:00+00:00,31880.0
2023-03-28 14:00:00+00:00,31927.0
2023-03-28 15:00:00+00:00,30484.0
2023-03-28 16:00:00+00:00,25012.0
2023-03-28 17:00:00+00:00,31208.0
2023-03-28 18:00:00+00:00,26454.0
2023-03-28 19:00:00+00:00,18415.0
2023-03-28 20:00:00+00:00,12267.0
2023-03-28 21:00:00+00:00,15277.0
2023-03-28 22:00:00+00:00,11152.0
2023-03-28 23:00:00+00:00,19632.0
2023-03-29 00:00:00+00:00,18789.0
2023-03-29 01:00:00+00:00,17727.0
2023-03-29 02:00:00+00:00,19042.0
2023-03-29 03:00:00+00:00,23019.0
2023-03-29 04:00:00+00:00,16344.0
2023-03-29 05:00:00+00:00,14567.0
2023-03-29 06:00:00+00:00,13498.0
2023-03-29 07:00:00+00:00,10420.0
2023-03-29 08:00:00+00:00,11103.0
2023-03-29 09:00:00+00:00,19715.0
2023-03-29 10:00:00+00:00,438.0
2023-03-29 11:00:00+00:00,-3207.0
2023-03-29 12:00:00+00:00,-5601.0
2023-03-29 13:00:00+00:00,-1963.0
2023-03-29 14:00:00+00:00,-298.0
2023-03-29 15:00:00+00:00,15670.0
2023-03-29 16:00:00+00:00,3934.0
2023-03-29 17:00:00+00:00,7637.0
2023-03-29 18:00:00+00:00,892.0
2023-03-29 19:00:00+00:00,6740.0
2023-03-29 20:00:00+00:00,12524.0
2023-03-29 21:00:00+00:00,25836.0
2023-03-29 22:00:00+00:00,5040.0
2023-03-29 23:00:00+00:00,-1246.0
2023-03-30 00:00:00+00:00,1478.0
2023-03-30 01:00:00+00:00,11328.0
2023-03-30 02:00:00+00:00,16038.0
2023-03-30 03:00:00+00:00,27924.0
2023-03-30 04:00:00+00:00,18285.0
2023-03-30 05:00:00+00:00,14791.0
2023-03-30 06:00:00+00:00,19237.0
2023-03-30 07:00:00+00:00,15729.0
2023-03-30 08:00:00+00:00,15994.0
2023-03-30 09:00:00+00:00,21190.0
2023-03-30 10:00:00+00:00,18162.0
2023-03-30 11:00:00+00:00,22537.0
2023-03-30 12:00:00+00:00,19720.0
2023-03-30 13:00:00+00:00,22374.0
2023-03-30 14:00:00+00:00,28956.0
2023-03-30 15:00:00+00:00,28714.0
2023-03-30 16:00:00+00:00,28692.0
2023-03-30 17:00:00+00:00,16357.0
2023-03-30 18:00:00+00:00,14064.0
2023-03-30 19:00:00+00:00,14598.0
2023-03-30 20:00:00+00:00,20494.0
2023-03-30 21:00:00+00:00,33362.0
2023-03-30 22:00:00+00:00,33067.0
2023-03-30 23:00:00+00:00,14987.0
2023-03-31 00:00:00+00:00,13801.0
2023-03-31 01:00:00+00:00,31512.0
2023-03-31 02:00:00+00:00,43357.0
2023-03-31 03:00:00+00:00,43806.0
2023-03-31 04:00:00+00:00,39356.0
2023-03-31 05:00:00+00:00,35352.0
2023-03-31 06:00:00+00:00,19931.0
2023-03-31 07:00:00+00:00,20450.0
2023-03-31 08:00:00+00:00,30412.0
2023-03-31 09:00:00+00:00,31110.0
2023-03-31 10:00:00+00:00,22183.0
2023-03-31 11:00:00+00:00,8285.0
2023-03-31 12:00:00+00:00,1339.0
2023-03-31 13:00:00+00:00,6793.0
2023-03-31 14:00:00+00:00,16632.0
2023-03-31 15:00:00+00:00,30616.0
2023-03-31 16:00:00+00:00,31311.0
2023-03-31 17:00:00+00:00,19207.0
2023-03-31 18:00:00+00:00,3974.0
2023-03-31 19:00:00+00:00,1198.0
2023-03-31 20:00:00+00:00,3308.0
2023-03-31 21:00:00+00:00,3036.0
2023-03-31 22:00:00+00:00,-3869.0
2023-03-31 23:00:00+00:00,4262.0
2023-04-01 00:00:00+00:00,14429.0
2023-04-01 01:00:00+00:00,20318.0
2023-04-01 02:00:00+00:00,25410.0
2023-04-01 03:00:00+00:00,32311.0
2023-04-01 04:00:00+00:00,27907.0
2023-04-01 05:00:00+00:00,20968.0
2023-04-01 06:00:00+00:00,24818.0
2023-04-01 07:00:00+00:00,27285.0
2023-04-01 08:00:00+00:00,22287.0
2023-04-01 09:00:00+00:00,34171.0
2023-04-01 10:00:00+00:00,31321.0
2023-04-01 11:00:00+00:00,22675.0
2023-04-01 12:00:00+00:00,19742.0
2023-04-01 13:00:00+00:00,24390.0
2023-04-01 14:00:00+00:00,24199.0
2023-04-01 15:00:00+00:00,32784.0
2023-04-01 16:00:00+00:00,27463.0
2023-04-01 17:00:00+00:00,16466.0
2023-04-01 18:00:00+00:00,7965.0
2023-04-01 19:00:00+00:00,11840.0
2023-04-01 20:00:00+00:00,19641.0
2023-04-01 21:00:00+00:00,28870.0
2023-04-01 22:00:00+00:00,28738.0
2023-04-01 23:00:00+00:00,27152.0
2023-04-02 00:00:00+00:00,31464.0
2023-04-02 01:00:00+00:00,33109.0
2023-04-02 02:00:00+00:00,29474.0
2023-04-02 03:00:00+00:00,38619.0
2023-04-02 04:00:00+00:00,34958.0
2023-04-02 05:00:00+00:00,25604.0
2023-04-02 06:00:00+00:00,-3225.0
2023-04-02 07:00:00+00:00,-3773.0
2023-04-02 08:00:00+00:00,-6533.0
2023-04-02 09:00:00+00:00,-7508.0
2023-04-02 10:00:00+00:00,-12357.0
2023-04-02 11:00:00+00:00,-11683.0
2023-04-02 12:00:00+00:00,-10507.0
2023-04-02 13:00:00+00:00,-9671.0
2023-04-02 14:00:00+00:00,-4659.0
2023-04-02 15:00:00+00:00,-1156.0
2023-04-02 16:00:00+00:00,-2760.0
2023-04-02 17:00:00+00:00,-4666.0
2023-04-02 18:00:00+00:00,-6627.0
2023-04-02 19:00:00+00:00,-5093.0
2023-04-02 20:00:00+00:00,-7458.0
2023-04-02 21:00:00+00:00,-8610.0
2023-04-02 22:00:00+00:00,-7674.0
2023-04-02 23:00:00+00:00,-6800.0
2023-04-03 00:00:00+00:00,-6371.0
2023-04-03 01:00:00+00:00,-5535.0
2023-04-03 02:00:00+00:00,-4122.0
2023-04-03 03:00:00+00:00,-4827.0
2023-04-03 04:00:00+00:00,-4075.0
2023-04-03 05:00:00+00:00,-3601.0
2023-04-03 06:00:00+00:00,-5175.0
2023-04-03 07:00:00+00:00,-8342.0
2023-04-03 08:00:00+00:00,-12443.0
2023-04-03 09:00:00+00:00,-14229.0
2023-04-03 10:00:00+00:00,-15217.0
2023-04-03 11:00:00+00:00,-14795.0
2023-04-03 12:00:00+00:00,-13699.0
2023-04-03 13:00:00+00:00,-11383.0
2023-04-03 14:00:00+00:00,-7971.0
2023-04-03 15:00:00+00:00,-5381.0
2023-04-03 16:00:00+00:00,-3949.0
2023-04-03 17:00:00+00:00,-2427.0
2023-04-03 18:00:00+00:00,538.0
2023-04-03 19:00:00+00:00,1615.0
2023-04-03 20:00:00+00:00,-1419.0
2023-04-03 21:00:00+00:00,-3171.0
2023-04-03 22:00:00+00:00,-2526.0
2023-04-03 23:00:00+00:00,-5493.0
2023-04-04 00:00:00+00:00,-6188.0
2023-04-04 01:00:00+00:00,-3078.0
2023-04-04 02:00:00+00:00,-1826.0
2023-04-04 03:00:00+00:00,-1480.0
2023-04-04 04:00:00+00:00,-1176.0
2023-04-04 05:00:00+00:00,-3610.0
2023-04-04 06:00:00+00:00,-7506.0
2023-04-04 07:00:00+00:00,-10795.0
2023-04-04 08:00:00+00:00,-8979.0
2023-04-04 09:00:00+00:00,-9292.0
2023-04-04 10:00:00+00:00,-11587.0
2023-04-04 11:00:00+00:00,-10991.0
2023-04-04 12:00:00+00:00,-9204.0
2023-04-04 13:00:00+00:00,-6770.0
2023-04-04 14:00:00+00:00,-5545.0
2023-04-04 15:00:00+00:00,-7419.0
2023-04-04 16:00:00+00:00,-4951.0
2023-04-04 17:00:00+00:00,-6438.0
2023-04-04 18:00:00+00:00,-4705.0
2023-04-04 19:00:00+00:00,-3853.0
2023-04-04 20:00:00+00:00,-5283.0
2023-04-04 21:00:00+00:00,-5922.0
2023-04-04 22:00:00+00:00,-4888.0
2023-04-04 23:00:00+00:00,-4110.0
2023-04-05 00:00:00+00:00,-4755.0
2023-04-05 01:00:00+00:00,-3647.0
2023-04-05 02:00:00+00:00,-5058.0
2023-04-05 03:00:00+00:00,-7570.0
2023-04-05 04:00:00+00:00,-8768.0
2023-04-05 05:00:00+00:00,-10761.0
2023-04-05 06:00:00+00:00,-10501.0
2023-04-05 07:00:00+00:00,-11318.0
2023-04-05 08:00:00+00:00,-12355.0
2023-04-05 09:00:00+00:00,-13781.0
2023-04-05 10:00:00+00:00,-13370.0
2023-04-05 11:00:00+00:00,-9154.0
2023-04-05 12:00:00+00:00,-7150.0
2023-04-05 13:00:00+00:00,-7900.0
2023-04-05 14:00:00+00:00,-8454.0
2023-04-05 15:00:00+00:00,-7123.0
2023-04-05 16:00:00+00:00,-9291.0
2023-04-05 17:00:00+00:00,-7916.0
2023-04-05 18:00:00+00:00,-4707.0
2023-04-05 19:00:00+00:00,-8500.0
2023-04-05 20:00:00+00:00,-10008.0
2023-04-05 21:00:00+00:00,-13022.0
2023-04-05 22:00:00+00:00,-14095.0
2023-04-05 23:00:00+00:00,-14222.0
2023-04-06 00:00:00+00:00,-15945.0
2023-04-06 01:00:00+00:00,-11912.0
2023-04-06 02:00:00+00:00,-7718.0
2023-04-06 03:00:00+00:00,-6734.0
2023-04-06 04:00:00+00:00,-9521.0
2023-04-06 05:00:00+00:00,-7836.0
2023-04-06 06:00:00+00:00,-11348.0
2023-04-06 07:00:00+00:00,-13063.0
2023-04-06 08:00:00+00:00,-11371.0
2023-04-06 09:00:00+00:00,-10007.0
2023-04-06 10:00:00+00:00,-10271.0
2023-04-06 11:00:00+00:00,-6326.0
2023-04-06 12:00:00+00:00,-5544.0
2023-04-06 13:00:00+00:00,-2904.0
2023-04-06 14:00:00+00:00,-1528.0
2023-04-06 15:00:00+00:00,82.0
2023-04-06 16:00:00+00:00,-1075.0
2023-04-06 17:00:00+00:00,-3111.0
2023-04-06 18:00:00+00:00,-5460.0
2023-04-06 19:00:00+00:00,-7268.0
2023-04-06 20:00:00+00:00,-11420.0
2023-04-06 21:00:00+00:00,-10673.0
2023-04-06 22:00:00+00:00,-8266.0
2023-04-06 23:00:00+00:00,-11335.0
2023-04-07 00:00:00+00:00,-13478.0
2023-04-07 01:00:00+00:00,-12277.0
2023-04-07 02:00:00+00:00,-9149.0
2023-04-07 03:00:00+00:00,-7747.0
2023-04-07 04:00:00+00:00,-12432.0
2023-04-07 05:00:00+00:00,-14737.0
2023-04-07 06:00:00+00:00,-16325.0
2023-04-07 07:00:00+00:00,-15227.0
2023-04-07 08:00:00+00:00,-13902.0
2023-04-07 09:00:00+00:00,-11933.0
2023-04-07 10:00:00+00:00,-14181.0
2023-04-07 11:00:00+00:00,-11999.0
2023-04-07 12:00:00+00:00,-10131.0
2023-04-07 13:00:00+00:00,-7767.0
2023-04-07 14:00:00+00:00,-5395.0
2023-04-07 15:00:00+00:00,-5722.0
2023-04-07 16:00:00+00:00,-7964.0
2023-04-07 17:00:00+00:00,-10981.0
2023-04-07 18:00:00+00:00,-10904.0
2023-04-07 19:00:00+00:00,-12045.0
2023-04-07 20:00:00+00:00,-11377.0
2023-04-07 21:00:00+00:00,-11696.0
2023-04-07 22:00:00+00:00,-9510.0
2023-04-07 23:00:00+00:00,-8210.0
2023-04-08 00:00:00+00:00,-7247.0
2023-04-08 01:00:00+00:00,-3430.0
2023-04-08 02:00:00+00:00,-2351.0
2023-04-08 03:00:00+00:00,-1458.0
2023-04-08 04:00:00+00:00,-3395.0
2023-04-08 05:00:00+00:00,-4103.0
2023-04-08 06:00:00+00:00,-6025.0
2023-04-08 07:00:00+00:00,-5348.0
2023-04-08 08:00:00+00:00,-3872.0
2023-04-08 09:00:00+00:00,-5568.0
2023-04-08 10:00:00+00:00,-7486.0
2023-04-08 11:00:00+00:00,-4646.0
2023-04-08 12:00:00+00:00,-5223.0
2023-04-08 13:00:00+00:00,-4576.0
2023-04-08 14:00:00+00:00,-2357.0
2023-04-08 15:00:00+00:00,-811.0
2023-04-08 16:00:00+00:00,-555.0
2023-04-08 17:00:00+00:00,-4005.0
2023-04-08 18:00:00+00:00,-3718.0
2023-04-08 19:00:00+00:00,-3208.0
2023-04-08 20:00:00+00:00,-3291.0
2023-04-08 21:00:00+00:00,-3327.0
2023-04-08 22:00:00+00:00,-4008.0
2023-04-08 23:00:00+00:00,-199.0
2023-04-09 00:00:00+00:00,-1483.0
2023-04-09 01:00:00+00:00,-1054.0
2023-04-09 02:00:00+00:00,1805.0
2023-04-09 03:00:00+00:00,2593.0
2023-04-09 04:00:00+00:00,2318.0
2023-04-09 05:00:00+00:00,2598.0
2023-04-09 06:00:00+00:00,-1532.0
2023-04-09 07:00:00+00:00,-5851.0
2023-04-09 08:00:00+00:00,-6869.0
2023-04-09 09:00:00+00:00,-7623.0
2023-04-09 10:00:00+00:00,-7526.0
2023-04-09 11:00:00+00:00,-5945.0
2023-04-09 12:00:00+00:00,-6283.0
2023-04-09 13:00:00+00:00,-2441.0
2023-04-09 14:00:00+00:00,-5160.0
2023-04-09 15:00:00+00:00,-1610.0
2023-04-09 16:00:00+00:00,48.0
2023-04-09 17:00:00+00:00,-313.0
2023-04-09 18:00:00+00:00,-683.0
2023-04-09 19:00:00+00:00,-2242.0
2023-04-09 20:00:00+00:00,-1340.0
2023-04-09 21:00:00+00:00,-1882.0
2023-04-09 22:00:00+00:00,3311.0
2023-04-09 23:00:00+00:00,3400.0
2023-04-10 00:00:00+00:00,934.0
2023-04-10 01:00:00+00:00,151.0
2023-04-10 02:00:00+00:00,1731.0
2023-04-10 03:00:00+00:00,-203.0
2023-04-10 04:00:00+00:00,-2443.0
2023-04-10 05:00:00+00:00,-2937.0
2023-04-10 06:00:00+00:00,-5860.0
2023-04-10 07:00:00+00:00,-5829.0
2023-04-10 08:00:00+00:00,-9343.0
2023-04-10 09:00:00+00:00,-7213.0
2023-04-10 10:00:00+00:00,-6362.0
2023-04-10 11:00:00+00:00,-6663.0
2023-04-10 12:00:00+00:00,-7172.0
2023-04-10 13:00:00+00:00,-8809.0
2023-04-10 14:00:00+00:00,-1227.0
2023-04-10 15:00:00+00:00,-7527.0
2023-04-10 16:00:00+00:00,-9872.0
2023-04-10 17:00:00+00:00,-10578.0
2023-04-10 18:00:00+00:00,-5634.0
2023-04-10 19:00:00+00:00,-1283.0
2023-04-10 20:00:00+00:00,-431.0
2023-04-10 21:00:00+00:00,-872.0
2023-04-10 22:00:00+00:00,-4297.0
2023-04-10 23:00:00+00:00,-5885.0
2023-04-11 00:00:00+00:00,-7198.0
2023-04-11 01:00:00+00:00,-5662.0
2023-04-11 02:00:00+00:00,-2523.0
2023-04-11 03:00:00+00:00,-2206.0
2023-04-11 04:00:00+00:00,-1520.0
2023-04-11 05:00:00+00:00,-1946.0
2023-04-11 06:00:00+00:00,-8552.0
2023-04-11 07:00:00+00:00,-13785.0
2023-04-11 08:00:00+00:00,-16874.0
2023-04-11 09:00:00+00:00,-20923.0
2023-04-11 10:00:00+00:00,-18795.0
2023-04-11 11:00:00+00:00,-17733.0
2023-04-11 12:00:00+00:00,-17026.0
2023-04-11 13:00:00+00:00,-14589.0
2023-04-11 14:00:00+00:00,-12994.0
2023-04-11 15:00:00+00:00,-10089.0
2023-04-11 16:00:00+00:00,-6434.0
2023-04-11 17:00:00+00:00,-2700.0
2023-04-11 18:00:00+00:00,1352.0
2023-04-11 19:00:00+00:00,-682.0
2023-04-11 20:00:00+00:00,-3185.0
2023-04-11 21:00:00+00:00,-3898.0
2023-04-11 22:00:00+00:00,-6070.0
2023-04-11 23:00:00+00:00,-6401.0
2023-04-12 00:00:00+00:00,-7605.0
2023-04-12 01:00:00+00:00,-4894.0
2023-04-12 02:00:00+00:00,-3425.0
2023-04-12 03:00:00+00:00,-7404.0
2023-04-12 04:00:00+00:00,-10945.0
2023-04-12 05:00:00+00:00,-10320.0
2023-04-12 06:00:00+00:00,-12727.0
2023-04-12 07:00:00+00:00,-11161.0
2023-04-12 08:00:00+00:00,-8377.0
2023-04-12 09:00:00+00:00,-7694.0
2023-04-12 10:00:00+00:00,-8885.0
2023-04-12 11:00:00+00:00,-8776.0
2023-04-12 12:00:00+00:00,-10858.0
2023-04-12 13:00:00+00:00,-9205.0
2023-04-12 14:00:00+00:00,-8647.0
2023-04-12 15:00:00+00:00,-5656.0
2023-04-12 16:00:00+00:00,-2226.0
2023-04-12 17:00:00+00:00,-3673.0
2023-04-12 18:00:00+00:00,-3119.0
2023-04-12 19:00:00+00:00,-5024.0
2023-04-12 20:00:00+00:00,-7342.0
2023-04-12 21:00:00+00:00,-11921.0
2023-04-12 22:00:00+00:00,-12872.0
2023-04-12 23:00:00+00:00,-12425.0
2023-04-13 00:00:00+00:00,-12812.0
2023-04-13 01:00:00+00:00,-9785.0
2023-04-13 02:00:00+00:00,-10670.0
2023-04-13 03:00:00+00:00,-9481.0
2023-04-13 04:00:00+00:00,-9238.0
2023-04-13 05:00:00+00:00,-10067.0
2023-04-13 06:00:00+00:00,-12038.0
2023-04-13 07:00:00+00:00,-13500.0
2023-04-13 08:00:00+00:00,-15339.0
2023-04-13 09:00:00+00:00,-13976.0
2023-04-13 10:00:00+00:00,-14948.0
2023-04-13 11:00:00+00:00,-12269.0
2023-04-13 12:00:00+00:00,-14427.0
2023-04-13 13:00:00+00:00,-13953.0
2023-04-13 14:00:00+00:00,-13352.0
2023-04-13 15:00:00+00:00,-11817.0
2023-04-13 16:00:00+00:00,-10139.0
2023-04-13 17:00:00+00:00,-9835.0
2023-04-13 18:00:00+00:00,-9911.0
2023-04-13 19:00:00+00:00,-9886.0
2023-04-13 20:00:00+00:00,-11229.0
2023-04-13 21:00:00+00:00,-13992.0
2023-04-13 22:00:00+00:00,-11409.0
2023-04-13 23:00:00+00:00,-13312.0
2023-04-14 00:00:00+00:00,-10684.0
2023-04-14 01:00:00+00:00,-8818.0
2023-04-14 02:00:00+00:00,-8348.0
2023-04-14 03:00:00+00:00,-9217.0
2023-04-14 04:00:00+00:00,-7781.0
2023-04-14 05:00:00+00:00,-7188.0
2023-04-14 06:00:00+00:00,-10628.0
2023-04-14 07:00:00+00:00,-12454.0
2023-04-14 08:00:00+00:00,-15198.0
2023-04-14 09:00:00+00:00,-13752.0
2023-04-14 10:00:00+00:00,-12509.0
2023-04-14 11:00:00+00:00,-10757.0
2023-04-14 12:00:00+00:00,-7660.0
2023-04-14 13:00:00+00:00,-3319.0
2023-04-14 14:00:00+00:00,-1450.0
2023-04-14 15:00:00+00:00,-5801.0
2023-04-14 16:00:00+00:00,-4339.0
2023-04-14 17:00:00+00:00,-4911.0
2023-04-14 18:00:00+00:00,-7297.0
2023-04-14 19:00:00+00:00,-8038.0
2023-04-14 20:00:00+00:00,-9073.0
2023-04-14 21:00:00+00:00,-9160.0
2023-04-14 22:00:00+00:00,-10822.0
2023-04-14 23:00:00+00:00,-11314.0
2023-04-15 00:00:00+00:00,-11721.0
2023-04-15 01:00:00+00:00,-10320.0
2023-04-15 02:00:00+00:00,-8833.0
2023-04-15 03:00:00+00:00,-8182.0
2023-04-15 04:00:00+00:00,-8382.0
2023-04-15 05:00:00+00:00,-10544.0
2023-04-15 06:00:00+00:00,-12141.0
2023-04-15 07:00:00+00:00,-14479.0
2023-04-15 08:00:00+00:00,-17547.0
2023-04-15 09:00:00+00:00,-19170.0
2023-04-15 10:00:00+00:00,-19418.0
2023-04-15 11:00:00+00:00,-15199.0
2023-04-15 12:00:00+00:00,-14825.0
2023-04-15 13:00:00+00:00,-15573.0
2023-04-15 14:00:00+00:00,-13347.0
2023-04-15 15:00:00+00:00,-11898.0
2023-04-15 16:00:00+00:00,-9936.0
2023-04-15 17:00:00+00:00,-12702.0
2023-04-15 18:00:00+00:00,-12394.0
2023-04-15 19:00:00+00:00,-9972.0
2023-04-15 20:00:00+00:00,-10422.0
2023-04-15 21:00:00+00:00,-11779.0
2023-04-15 22:00:00+00:00,-10382.0
2023-04-15 23:00:00+00:00,-8411.0
2023-04-16 00:00:00+00:00,-8643.0
2023-04-16 01:00:00+00:00,-8124.0
2023-04-16 02:00:00+00:00,-6721.0
2023-04-16 03:00:00+00:00,-8310.0
2023-04-16 04:00:00+00:00,-8264.0
2023-04-16 05:00:00+00:00,-8642.0
2023-04-16 06:00:00+00:00,-10478.0
2023-04-16 07:00:00+00:00,-9446.0
2023-04-16 08:00:00+00:00,-7094.0
2023-04-16 09:00:00+00:00,-6819.0
2023-04-16 10:00:00+00:00,-2937.0
2023-04-16 11:00:00+00:00,-12.0
2023-04-16 12:00:00+00:00,-1307.0
2023-04-16 13:00:00+00:00,-1708.0
2023-04-16 14:00:00+00:00,-2950.0
2023-04-16 15:00:00+00:00,-4271.0
2023-04-16 16:00:00+00:00,247.0
2023-04-16 17:00:00+00:00,-488.0
2023-04-16 18:00:00+00:00,-213.0
2023-04-16 19:00:00+00:00,-2795.0
2023-04-16 20:00:00+00:00,-2974.0
2023-04-16 21:00:00+00:00,-4292.0
2023-04-16 22:00:00+00:00,-410.0
2023-04-16 23:00:00+00:00,174.0
2023-04-17 00:00:00+00:00,-1260.0
2023-04-17 01:00:00+00:00,363.0
2023-04-17 02:00:00+00:00,104.0
2023-04-17 03:00:00+00:00,3152.0
2023-04-17 04:00:00+00:00,4232.0
2023-04-17 05:00:00+00:00,-133.0
2023-04-17 06:00:00+00:00,-944.0
2023-04-17 07:00:00+00:00,-5583.0
2023-04-17 08:00:00+00:00,-10233.0
2023-04-17 09:00:00+00:00,-8762.0
2023-04-17 10:00:00+00:00,-11696.0
2023-04-17 11:00:00+00:00,-14380.0
2023-04-17 12:00:00+00:00,-12539.0
2023-04-17 13:00:00+00:00,-10655.0
2023-04-17 14:00:00+00:00,-7557.0
2023-04-17 15:00:00+00:00,-7173.0
2023-04-17 16:00:00+00:00,-6189.0
2023-04-17 17:00:00+00:00,-6703.0
2023-04-17 18:00:00+00:00,-5028.0
2023-04-17 19:00:00+00:00,-7198.0
2023-04-17 20:00:00+00:00,-5070.0
2023-04-17 21:00:00+00:00,-6031.0
2023-04-17 22:00:00+00:00,-6532.0
2023-04-17 23:00:00+00:00,-5125.0
2023-04-18 00:00:00+00:00,-5783.0
2023-04-18 01:00:00+00:00,-5123.0
2023-04-18 02:00:00+00:00,-5271.0
2023-04-18 03:00:00+00:00,-6796.0
2023-04-18 04:00:00+00:00,-4647.0
2023-04-18 05:00:00+00:00,-5908.0
2023-04-18 06:00:00+00:00,-10146.0
2023-04-18 07:00:00+00:00,-12124.0
2023-04-18 08:00:00+00:00,-11067.0
2023-04-18 09:00:00+00:00,-10170.0
2023-04-18 10:00:00+00:00,-11217.0
2023-04-18 11:00:00+00:00,-10895.0
2023-04-18 12:00:00+00:00,-9419.0
2023-04-18 13:00:00+00:00,-7399.0
2023-04-18 14:00:00+00:00,-6189.0
2023-04-18 15:00:00+00:00,-4443.0
2023-04-18 16:00:00+00:00,-2352.0
2023-04-18 17:00:00+00:00,-2527.0
2023-04-18 18:00:00+00:00,-3707.0
2023-04-18 19:00:00+00:00,242.0
2023-04-18 20:00:00+00:00,-2505.0
2023-04-18 21:00:00+00:00,-3302.0
2023-04-18 22:00:00+00:00,-107.0
2023-04-18 23:00:00+00:00,1615.0
2023-04-19 00:00:00+00:00,1755.0
2023-04-19 01:00:00+00:00,4036.0
2023-04-19 02:00:00+00:00,4017.0
2023-04-19 03:00:00+00:00,2984.0
2023-04-19 04:00:00+00:00,4643.0
2023-04-19 05:00:00+00:00,2332.0
2023-04-19 06:00:00+00:00,-748.0
2023-04-19 07:00:00+00:00,-7484.0
2023-04-19 08:00:00+00:00,-12212.0
2023-04-19 09:00:00+00:00,-12075.0
2023-04-19 10:00:00+00:00,-14424.0
2023-04-19 11:00:00+00:00,-12432.0
2023-04-19 12:00:00+00:00,-11253.0
2023-04-19 13:00:00+00:00,-10558.0
2023-04-19 14:00:00+00:00,-10080.0
2023-04-19 15:00:00+00:00,-8094.0
2023-04-19 16:00:00+00:00,-7098.0
2023-04-19 17:00:00+00:00,-3172.0
2023-04-19 18:00:00+00:00,4543.0
2023-04-19 19:00:00+00:00,9194.0
2023-04-19 20:00:00+00:00,7547.0
2023-04-19 21:00:00+00:00,5818.0
2023-04-19 22:00:00+00:00,3262.0
2023-04-19 23:00:00+00:00,4836.0
2023-04-20 00:00:00+00:00,6003.0
2023-04-20 01:00:00+00:00,5659.0
2023-04-20 02:00:00+00:00,6125.0
2023-04-20 03:00:00+00:00,6880.0
2023-04-20 04:00:00+00:00,8323.0
2023-04-20 05:00:00+00:00,5176.0
2023-04-20 06:00:00+00:00,-3633.0
2023-04-20 07:00:00+00:00,-5229.0
2023-04-20 08:00:00+00:00,-2474.0
2023-04-20 09:00:00+00:00,-2550.0
2023-04-20 10:00:00+00:00,-5721.0
2023-04-20 11:00:00+00:00,-7414.0
2023-04-20 12:00:00+00:00,-10724.0
2023-04-20 13:00:00+00:00,-8564.0
2023-04-20 14:00:00+00:00,-9304.0
2023-04-20 15:00:00+00:00,-8772.0
2023-04-20 16:00:00+00:00,-5388.0
2023-04-20 17:00:00+00:00,-5758.0
2023-04-20 18:00:00+00:00,-5998.0
2023-04-20 19:00:00+00:00,-1831.0
2023-04-20 20:00:00+00:00,-5268.0
2023-04-20 21:00:00+00:00,-5438.0
2023-04-20 22:00:00+00:00,-4585.0
2023-04-20 23:00:00+00:00,-6774.0
2023-04-21 00:00:00+00:00,-4223.0
2023-04-21 01:00:00+00:00,-582.0
2023-04-21 02:00:00+00:00,1063.0
2023-04-21 03:00:00+00:00,1952.0
2023-04-21 04:00:00+00:00,-5093.0
2023-04-21 05:00:00+00:00,-7106.0
2023-04-21 06:00:00+00:00,-10426.0
2023-04-21 07:00:00+00:00,-11969.0
2023-04-21 08:00:00+00:00,-12288.0
2023-04-21 09:00:00+00:00,-14188.0
2023-04-21 10:00:00+00:00,-11406.0
2023-04-21 11:00:00+00:00,-11991.0
2023-04-21 12:00:00+00:00,-10336.0
2023-04-21 13:00:00+00:00,-11342.0
2023-04-21 14:00:00+00:00,-10017.0
2023-04-21 15:00:00+00:00,-10741.0
2023-04-21 16:00:00+00:00,-6153.0
2023-04-21 17:00:00+00:00,-4027.0
2023-04-21 18:00:00+00:00,-4497.0
2023-04-21 19:00:00+00:00,-5715.0
2023-04-21 20:00:00+00:00,-6076.0
2023-04-21 21:00:00+00:00,-3147.0
2023-04-21 22:00:00+00:00,-99.0
2023-04-21 23:00:00+00:00,3157.0
2023-04-22 00:00:00+00:00,1684.0
2023-04-22 01:00:00+00:00,5630.0
2023-04-22 02:00:00+00:00,8766.0
2023-04-22 03:00:00+00:00,9005.0
2023-04-22 04:00:00+00:00,6685.0
2023-04-22 05:00:00+00:00,5085.0
2023-04-22 06:00:00+00:00,3264.0
2023-04-22 07:00:00+00:00,1497.0
2023-04-22 08:00:00+00:00,-2860.0
2023-04-22 09:00:00+00:00,-3223.0
2023-04-22 10:00:00+00:00,-4821.0
2023-04-22 11:00:00+00:00,-18.0
2023-04-22 12:00:00+00:00,3034.0
2023-04-22 13:00:00+00:00,786.0
2023-04-22 14:00:00+00:00,-24.0
2023-04-22 15:00:00+00:00,1361.0
2023-04-22 16:00:00+00:00,389.0
2023-04-22 17:00:00+00:00,-3260.0
2023-04-22 18:00:00+00:00,-1768.0
2023-04-22 19:00:00+00:00,3728.0
2023-04-22 20:00:00+00:00,6147.0
2023-04-22 21:00:00+00:00,4213.0
2023-04-22 22:00:00+00:00,1298.0
2023-04-22 23:00:00+00:00,-2252.0
2023-04-23 00:00:00+00:00,-4235.0
2023-04-23 01:00:00+00:00,-1736.0
2023-04-23 02:00:00+00:00,-1720.0
2023-04-23 03:00:00+00:00,-2593.0
2023-04-23 04:00:00+00:00,-2544.0
2023-04-23 05:00:00+00:00,-4644.0
2023-04-23 06:00:00+00:00,-7423.0
2023-04-23 07:00:00+00:00,-8320.0
2023-04-23 08:00:00+00:00,-14593.0
2023-04-23 09:00:00+00:00,-9588.0
2023-04-23 10:00:00+00:00,-9173.0
2023-04-23 11:00:00+00:00,-2858.0
2023-04-23 12:00:00+00:00,1832.0
2023-04-23 13:00:00+00:00,3074.0
2023-04-23 14:00:00+00:00,7045.0
2023-04-23 15:00:00+00:00,9686.0
2023-04-23 16:00:00+00:00,9565.0
2023-04-23 17:00:00+00:00,5480.0
2023-04-23 18:00:00+00:00,5175.0
2023-04-23 19:00:00+00:00,4380.0
2023-04-23 20:00:00+00:00,4875.0
2023-04-23 21:00:00+00:00,4105.0
2023-04-23 22:00:00+00:00,4594.0
2023-04-23 23:00:00+00:00,4386.0
2023-04-24 00:00:00+00:00,3600.0
2023-04-24 01:00:00+00:00,4779.0
2023-04-24 02:00:00+00:00,6706.0
2023-04-24 03:00:00+00:00,4808.0
2023-04-24 04:00:00+00:00,2646.0
2023-04-24 05:00:00+00:00,1579.0
2023-04-24 06:00:00+00:00,-2900.0
2023-04-24 07:00:00+00:00,-6120.0
2023-04-24 08:00:00+00:00,-6912.0
2023-04-24 09:00:00+00:00,-7747.0
2023-04-24 10:00:00+00:00,-10366.0
2023-04-24 11:00:00+00:00,-8367.0
2023-04-24 12:00:00+00:00,-6898.0
2023-04-24 13:00:00+00:00,-6770.0
2023-04-24 14:00:00+00:00,-6007.0
2023-04-24 15:00:00+00:00,-6067.0
2023-04-24 16:00:00+00:00,-4139.0
2023-04-24 17:00:00+00:00,-3436.0
2023-04-24 18:00:00+00:00,-2600.0
2023-04-24 19:00:00+00:00,3509.0
2023-04-24 20:00:00+00:00,5199.0
2023-04-24 21:00:00+00:00,628.0
2023-04-24 22:00:00+00:00,4617.0
2023-04-24 23:00:00+00:00,4436.0
2023-04-25 00:00:00+00:00,5471.0
2023-04-25 01:00:00+00:00,6980.0
2023-04-25 02:00:00+00:00,10462.0
2023-04-25 03:00:00+00:00,7769.0
2023-04-25 04:00:00+00:00,6114.0
2023-04-25 05:00:00+00:00,79.0
2023-04-25 06:00:00+00:00,-6411.0
2023-04-25 07:00:00+00:00,-8872.0
2023-04-25 08:00:00+00:00,-10330.0
2023-04-25 09:00:00+00:00,-11677.0
2023-04-25 10:00:00+00:00,-12006.0
2023-04-25 11:00:00+00:00,-11333.0
2023-04-25 12:00:00+00:00,-11846.0
2023-04-25 13:00:00+00:00,-12614.0
2023-04-25 14:00:00+00:00,-9683.0
2023-04-25 15:00:00+00:00,-10888.0
2023-04-25 16:00:00+00:00,-9085.0
2023-04-25 17:00:00+00:00,-8082.0
2023-04-25 18:00:00+00:00,-6585.0
2023-04-25 19:00:00+00:00,-2475.0
2023-04-25 20:00:00+00:00,-6098.0
2023-04-25 21:00:00+00:00,-4067.0
2023-04-25 22:00:00+00:00,2021.0
2023-04-25 23:00:00+00:00,2647.0
2023-04-26 00:00:00+00:00,3966.0
2023-04-26 01:00:00+00:00,5750.0
2023-04-26 02:00:00+00:00,8752.0
2023-04-26 03:00:00+00:00,5833.0
2023-04-26 04:00:00+00:00,6764.0
2023-04-26 05:00:00+00:00,3797.0
2023-04-26 06:00:00+00:00,-5868.0
2023-04-26 07:00:00+00:00,-8340.0
2023-04-26 08:00:00+00:00,-9633.0
2023-04-26 09:00:00+00:00,-9959.0
2023-04-26 10:00:00+00:00,-11787.0
2023-04-26 11:00:00+00:00,-10395.0
2023-04-26 12:00:00+00:00,-11491.0
2023-04-26 13:00:00+00:00,-11819.0
2023-04-26 14:00:00+00:00,-10338.0
2023-04-26 15:00:00+00:00,-6521.0
2023-04-26 16:00:00+00:00,-5226.0
2023-04-26 17:00:00+00:00,-3382.0
2023-04-26 18:00:00+00:00,-1758.0
2023-04-26 19:00:00+00:00,3411.0
2023-04-26 20:00:00+00:00,2013.0
2023-04-26 21:00:00+00:00,1503.0
2023-04-26 22:00:00+00:00,8197.0
2023-04-26 23:00:00+00:00,10137.0
2023-04-27 00:00:00+00:00,11059.0
2023-04-27 01:00:00+00:00,13594.0
2023-04-27 02:00:00+00:00,12400.0
2023-04-27 03:00:00+00:00,11428.0
2023-04-27 04:00:00+00:00,7559.0
2023-04-27 05:00:00+00:00,485.0
2023-04-27 06:00:00+00:00,-6710.0
2023-04-27 07:00:00+00:00,-8405.0
2023-04-27 08:00:00+00:00,-9294.0
2023-04-27 09:00:00+00:00,-10651.0
2023-04-27 10:00:00+00:00,-12093.0
2023-04-27 11:00:00+00:00,-11447.0
2023-04-27 12:00:00+00:00,-12086.0
2023-04-27 13:00:00+00:00,-8826.0
2023-04-27 14:00:00+00:00,-5169.0
2023-04-27 15:00:00+00:00,-1415.0
2023-04-27 16:00:00+00:00,2561.0
2023-04-27 17:00:00+00:00,4134.0
2023-04-27 18:00:00+00:00,6501.0
2023-04-27 19:00:00+00:00,11744.0
2023-04-27 20:00:00+00:00,12360.0
2023-04-27 21:00:00+00:00,9596.0
2023-04-27 22:00:00+00:00,7202.0
2023-04-27 23:00:00+00:00,7742.0
2023-04-28 00:00:00+00:00,7563.0
2023-04-28 01:00:00+00:00,8223.0
2023-04-28 02:00:00+00:00,10409.0
2023-04-28 03:00:00+00:00,9371.0
2023-04-28 04:00:00+00:00,8146.0
2023-04-28 05:00:00+00:00,8381.0
2023-04-28 06:00:00+00:00,993.0
2023-04-28 07:00:00+00:00,-522.0
2023-04-28 08:00:00+00:00,-3362.0
2023-04-28 09:00:00+00:00,-2753.0
2023-04-28 10:00:00+00:00,-5640.0
2023-04-28 11:00:00+00:00,-5868.0
2023-04-28 12:00:00+00:00,-3119.0
2023-04-28 13:00:00+00:00,-2856.0
2023-04-28 14:00:00+00:00,-2988.0
2023-04-28 15:00:00+00:00,-1960.0
2023-04-28 16:00:00+00:00,-2996.0
2023-04-28 17:00:00+00:00,-4779.0
2023-04-28 18:00:00+00:00,-2144.0
2023-04-28 19:00:00+00:00,3239.0
2023-04-28 20:00:00+00:00,1761.0
2023-04-28 21:00:00+00:00,1194.0
2023-04-28 22:00:00+00:00,3786.0
2023-04-28 23:00:00+00:00,6036.0
2023-04-29 00:00:00+00:00,6474.0
2023-04-29 01:00:00+00:00,9644.0
2023-04-29 02:00:00+00:00,11063.0
2023-04-29 03:00:00+00:00,10429.0
2023-04-29 04:00:00+00:00,10252.0
2023-04-29 05:00:00+00:00,8760.0
2023-04-29 06:00:00+00:00,3453.0
2023-04-29 07:00:00+00:00,290.0
2023-04-29 08:00:00+00:00,2637.0
2023-04-29 09:00:00+00:00,-3578.0
2023-04-29 10:00:00+00:00,-12605.0
2023-04-29 11:00:00+00:00,-8202.0
2023-04-29 12:00:00+00:00,-5641.0
2023-04-29 13:00:00+00:00,-5056.0
2023-04-29 14:00:00+00:00,-4390.0
2023-04-29 15:00:00+00:00,-2464.0
2023-04-29 16:00:00+00:00,-230.0
2023-04-29 17:00:00+00:00,1001.0
2023-04-29 18:00:00+00:00,4284.0
2023-04-29 19:00:00+00:00,5276.0
2023-04-29 20:00:00+00:00,603.0
2023-04-29 21:00:00+00:00,-890.0
2023-04-29 22:00:00+00:00,3075.0
2023-04-29 23:00:00+00:00,3323.0
2023-04-30 00:00:00+00:00,2047.0
2023-04-30 01:00:00+00:00,4926.0
2023-04-30 02:00:00+00:00,9011.0
2023-04-30 03:00:00+00:00,11125.0
2023-04-30 04:00:00+00:00,11097.0
2023-04-30 05:00:00+00:00,9308.0
2023-04-30 06:00:00+00:00,3180.0
2023-04-30 07:00:00+00:00,1623.0
2023-04-30 08:00:00+00:00,-2947.0
2023-04-30 09:00:00+00:00,-8109.0
2023-04-30 10:00:00+00:00,-12259.0
2023-04-30 11:00:00+00:00,-8402.0
2023-04-30 12:00:00+00:00,-4616.0
2023-04-30 13:00:00+00:00,-957.0
2023-04-30 14:00:00+00:00,-4625.0
2023-04-30 15:00:00+00:00,-3934.0
2023-04-30 16:00:00+00:00,-931.0
2023-04-30 17:00:00+00:00,1970.0
2023-04-30 18:00:00+00:00,3794.0
2023-04-30 19:00:00+00:00,6945.0
2023-04-30 20:00:00+00:00,4730.0
2023-04-30 21:00:00+00:00,2723.0
2023-04-30 22:00:00+00:00,3866.0
2023-04-30 23:00:00+00:00,5627.0
2023-05-01 00:00:00+00:00,5767.0
2023-05-01 01:00:00+00:00,5796.0
2023-05-01 02:00:00+00:00,7153.0
2023-05-01 03:00:00+00:00,8260.0
2023-05-01 04:00:00+00:00,11041.0
2023-05-01 05:00:00+00:00,11880.0
2023-05-01 06:00:00+00:00,6268.0
2023-05-01 07:00:00+00:00,-1697.0
2023-05-01 08:00:00+00:00,-3732.0
2023-05-01 09:00:00+00:00,-2896.0
2023-05-01 10:00:00+00:00,-5813.0
2023-05-01 11:00:00+00:00,-4005.0
2023-05-01 12:00:00+00:00,-3095.0
2023-05-01 13:00:00+00:00,1210.0
2023-05-01 14:00:00+00:00,1624.0
2023-05-01 15:00:00+00:00,2279.0
2023-05-01 16:00:00+00:00,2091.0
2023-05-01 17:00:00+00:00,1673.0
2023-05-01 18:00:00+00:00,4960.0
2023-05-01 19:00:00+00:00,10607.0
2023-05-01 20:00:00+00:00,11487.0
2023-05-01 21:00:00+00:00,7609.0
2023-05-01 22:00:00+00:00,8939.0
2023-05-01 23:00:00+00:00,8470.0
2023-05-02 00:00:00+00:00,5385.0
2023-05-02 01:00:00+00:00,6359.0
2023-05-02 02:00:00+00:00,6859.0
2023-05-02 03:00:00+00:00,5736.0
2023-05-02 04:00:00+00:00,4898.0
2023-05-02 05:00:00+00:00,8.0
2023-05-02 06:00:00+00:00,-4870.0
2023-05-02 07:00:00+00:00,-4386.0
2023-05-02 08:00:00+00:00,-5012.0
2023-05-02 09:00:00+00:00,-4009.0
2023-05-02 10:00:00+00:00,-5519.0
2023-05-02 11:00:00+00:00,-5803.0
2023-05-02 12:00:00+00:00,-5107.0
2023-05-02 13:00:00+00:00,-5387.0
2023-05-02 14:00:00+00:00,-2981.0
2023-05-02 15:00:00+00:00,-2015.0
2023-05-02 16:00:00+00:00,225.0
2023-05-02 17:00:00+00:00,815.0
2023-05-02 18:00:00+00:00,5783.0
2023-05-02 19:00:00+00:00,14156.0
2023-05-02 20:00:00+00:00,16705.0
2023-05-02 21:00:00+00:00,13607.0
2023-05-02 22:00:00+00:00,15692.0
2023-05-02 23:00:00+00:00,18243.0
2023-05-03 00:00:00+00:00,17166.0
2023-05-03 01:00:00+00:00,16574.0
2023-05-03 02:00:00+00:00,14778.0
2023-05-03 03:00:00+00:00,13042.0
2023-05-03 04:00:00+00:00,12221.0
2023-05-03 05:00:00+00:00,6890.0
2023-05-03 06:00:00+00:00,2424.0
2023-05-03 07:00:00+00:00,-2030.0
2023-05-03 08:00:00+00:00,-2755.0
2023-05-03 09:00:00+00:00,-2271.0
2023-05-03 10:00:00+00:00,-3699.0
2023-05-03 11:00:00+00:00,-1921.0
2023-05-03 12:00:00+00:00,338.0
2023-05-03 13:00:00+00:00,1516.0
2023-05-03 14:00:00+00:00,778.0
2023-05-03 15:00:00+00:00,1678.0
2023-05-03 16:00:00+00:00,4378.0
2023-05-03 17:00:00+00:00,2402.0
2023-05-03 18:00:00+00:00,6103.0
2023-05-03 19:00:00+00:00,16379.0
2023-05-03 20:00:00+00:00,18526.0
2023-05-03 21:00:00+00:00,14867.0
2023-05-03 22:00:00+00:00,10640.0
2023-05-03 23:00:00+00:00,12659.0
2023-05-04 00:00:00+00:00,14707.0
2023-05-04 01:00:00+00:00,15488.0
2023-05-04 02:00:00+00:00,16279.0
2023-05-04 03:00:00+00:00,16275.0
2023-05-04 04:00:00+00:00,16897.0
2023-05-04 05:00:00+00:00,16068.0
2023-05-04 06:00:00+00:00,13563.0
2023-05-04 07:00:00+00:00,8159.0
2023-05-04 08:00:00+00:00,4060.0
2023-05-04 09:00:00+00:00,295.0
2023-05-04 10:00:00+00:00,565.0
2023-05-04 11:00:00+00:00,4009.0
2023-05-04 12:00:00+00:00,5634.0
2023-05-04 13:00:00+00:00,5611.0
2023-05-04 14:00:00+00:00,1818.0
2023-05-04 15:00:00+00:00,1835.0
2023-05-04 16:00:00+00:00,1415.0
2023-05-04 17:00:00+00:00,7153.0
2023-05-04 18:00:00+00:00,13204.0
2023-05-04 19:00:00+00:00,15960.0
2023-05-04 20:00:00+00:00,13795.0
2023-05-04 21:00:00+00:00,9197.0
2023-05-04 22:00:00+00:00,7227.0
2023-05-04 23:00:00+00:00,7745.0
2023-05-05 00:00:00+00:00,7798.0
2023-05-05 01:00:00+00:00,8601.0
2023-05-05 02:00:00+00:00,9584.0
2023-05-05 03:00:00+00:00,11808.0
2023-05-05 04:00:00+00:00,14276.0
2023-05-05 05:00:00+00:00,11458.0
2023-05-05 06:00:00+00:00,5373.0
2023-05-05 07:00:00+00:00,438.0
2023-05-05 08:00:00+00:00,269.0
2023-05-05 09:00:00+00:00,-4961.0
2023-05-05 10:00:00+00:00,-5214.0
2023-05-05 11:00:00+00:00,-5112.0
2023-05-05 12:00:00+00:00,-1992.0
2023-05-05 13:00:00+00:00,-1052.0
2023-05-05 14:00:00+00:00,71.0
2023-05-05 15:00:00+00:00,507.0
2023-05-05 16:00:00+00:00,-638.0
2023-05-05 17:00:00+00:00,-376.0
2023-05-05 18:00:00+00:00,4213.0
2023-05-05 19:00:00+00:00,10680.0
2023-05-05 20:00:00+00:00,11300.0
2023-05-05 21:00:00+00:00,5899.0
2023-05-05 22:00:00+00:00,11643.0
2023-05-05 23:00:00+00:00,15245.0
2023-05-06 00:00:00+00:00,15255.0
2023-05-06 01:00:00+00:00,16800.0
2023-05-06 02:00:00+00:00,17896.0
2023-05-06 03:00:00+00:00,19714.0
2023-05-06 04:00:00+00:00,20025.0
2023-05-06 05:00:00+00:00,18080.0
2023-05-06 06:00:00+00:00,11379.0
2023-05-06 07:00:00+00:00,4607.0
2023-05-06 08:00:00+00:00,-263.0
2023-05-06 09:00:00+00:00,-1634.0
2023-05-06 10:00:00+00:00,-1605.0
2023-05-06 11:00:00+00:00,3280.0
2023-05-06 12:00:00+00:00,3663.0
2023-05-06 13:00:00+00:00,1430.0
2023-05-06 14:00:00+00:00,-969.0
2023-05-06 15:00:00+00:00,197.0
2023-05-06 16:00:00+00:00,1892.0
2023-05-06 17:00:00+00:00,356.0
2023-05-06 18:00:00+00:00,6220.0
2023-05-06 19:00:00+00:00,13178.0
2023-05-06 20:00:00+00:00,11214.0
2023-05-06 21:00:00+00:00,10584.0
2023-05-06 22:00:00+00:00,9373.0
2023-05-06 23:00:00+00:00,6014.0
2023-05-07 00:00:00+00:00,3974.0
2023-05-07 01:00:00+00:00,5624.0
2023-05-07 02:00:00+00:00,7811.0
2023-05-07 03:00:00+00:00,7579.0
2023-05-07 04:00:00+00:00,6611.0
2023-05-07 05:00:00+00:00,6504.0
2023-05-07 06:00:00+00:00,2441.0
2023-05-07 07:00:00+00:00,-3211.0
2023-05-07 08:00:00+00:00,-4886.0
2023-05-07 09:00:00+00:00,-5995.0
2023-05-07 10:00:00+00:00,-6992.0
2023-05-07 11:00:00+00:00,-4230.0
2023-05-07 12:00:00+00:00,-3273.0
2023-05-07 13:00:00+00:00,-2385.0
2023-05-07 14:00:00+00:00,-814.0
2023-05-07 15:00:00+00:00,-601.0
2023-05-07 16:00:00+00:00,-158.0
2023-05-07 17:00:00+00:00,596.0
2023-05-07 18:00:00+00:00,2495.0
2023-05-07 19:00:00+00:00,9346.0
2023-05-07 20:00:00+00:00,11039.0
2023-05-07 21:00:00+00:00,11279.0
2023-05-07 22:00:00+00:00,7672.0
2023-05-07 23:00:00+00:00,8802.0
2023-05-08 00:00:00+00:00,9320.0
2023-05-08 01:00:00+00:00,12584.0
2023-05-08 02:00:00+00:00,16547.0
2023-05-08 03:00:00+00:00,17220.0
2023-05-08 04:00:00+00:00,23714.0
2023-05-08 05:00:00+00:00,23970.0
2023-05-08 06:00:00+00:00,24068.0
2023-05-08 07:00:00+00:00,17748.0
2023-05-08 08:00:00+00:00,7735.0
2023-05-08 09:00:00+00:00,1081.0
2023-05-08 10:00:00+00:00,-4316.0
2023-05-08 11:00:00+00:00,-3864.0
2023-05-08 12:00:00+00:00,-2566.0
2023-05-08 13:00:00+00:00,-1578.0
2023-05-08 14:00:00+00:00,-238.0
2023-05-08 15:00:00+00:00,-555.0
2023-05-08 16:00:00+00:00,2223.0
2023-05-08 17:00:00+00:00,663.0
2023-05-08 18:00:00+00:00,5124.0
2023-05-08 19:00:00+00:00,13217.0
2023-05-08 20:00:00+00:00,9398.0
2023-05-08 21:00:00+00:00,6053.0
2023-05-08 22:00:00+00:00,12679.0
2023-05-08 23:00:00+00:00,14385.0
2023-05-09 00:00:00+00:00,14175.0
2023-05-09 01:00:00+00:00,15879.0
2023-05-09 02:00:00+00:00,16159.0
2023-05-09 03:00:00+00:00,16239.0
2023-05-09 04:00:00+00:00,12918.0
2023-05-09 05:00:00+00:00,8877.0
2023-05-09 06:00:00+00:00,1810.0
2023-05-09 07:00:00+00:00,-3025.0
2023-05-09 08:00:00+00:00,-6019.0
2023-05-09 09:00:00+00:00,-5298.0
2023-05-09 10:00:00+00:00,-7063.0
2023-05-09 11:00:00+00:00,-5452.0
2023-05-09 12:00:00+00:00,-4719.0
2023-05-09 13:00:00+00:00,-538.0
2023-05-09 14:00:00+00:00,2415.0
2023-05-09 15:00:00+00:00,3851.0
2023-05-09 16:00:00+00:00,4496.0
2023-05-09 17:00:00+00:00,3359.0
2023-05-09 18:00:00+00:00,3213.0
2023-05-09 19:00:00+00:00,3125.0
2023-05-09 20:00:00+00:00,2047.0
2023-05-09 21:00:00+00:00,5052.0
2023-05-09 22:00:00+00:00,5934.0
2023-05-09 23:00:00+00:00,8707.0
2023-05-10 00:00:00+00:00,9925.0
2023-05-10 01:00:00+00:00,9943.0
2023-05-10 02:00:00+00:00,12920.0
2023-05-10 03:00:00+00:00,14854.0
2023-05-10 04:00:00+00:00,12170.0
2023-05-10 05:00:00+00:00,6967.0
2023-05-10 06:00:00+00:00,-505.0
2023-05-10 07:00:00+00:00,-1040.0
2023-05-10 08:00:00+00:00,-284.0
2023-05-10 09:00:00+00:00,-681.0
2023-05-10 10:00:00+00:00,-1657.0
2023-05-10 11:00:00+00:00,-2911.0
2023-05-10 12:00:00+00:00,-853.0
2023-05-10 13:00:00+00:00,-1403.0
2023-05-10 14:00:00+00:00,-196.0
2023-05-10 15:00:00+00:00,1376.0
2023-05-10 16:00:00+00:00,318.0
2023-05-10 17:00:00+00:00,-860.0
2023-05-10 18:00:00+00:00,-67.0
2023-05-10 19:00:00+00:00,3234.0
2023-05-10 20:00:00+00:00,1376.0
2023-05-10 21:00:00+00:00,-640.0
2023-05-10 22:00:00+00:00,2922.0
2023-05-10 23:00:00+00:00,4982.0
2023-05-11 00:00:00+00:00,-147.0
2023-05-11 01:00:00+00:00,1931.0
2023-05-11 02:00:00+00:00,5141.0
2023-05-11 03:00:00+00:00,4948.0
2023-05-11 04:00:00+00:00,6104.0
2023-05-11 05:00:00+00:00,-1378.0
2023-05-11 06:00:00+00:00,-5127.0
2023-05-11 07:00:00+00:00,-3591.0
2023-05-11 08:00:00+00:00,-5118.0
2023-05-11 09:00:00+00:00,-6390.0
2023-05-11 10:00:00+00:00,-9058.0
2023-05-11 11:00:00+00:00,-9051.0
2023-05-11 12:00:00+00:00,-8976.0
2023-05-11 13:00:00+00:00,-6420.0
2023-05-11 14:00:00+00:00,-3917.0
2023-05-11 15:00:00+00:00,-3228.0
2023-05-11 16:00:00+00:00,-1509.0
2023-05-11 17:00:00+00:00,-1621.0
2023-05-11 18:00:00+00:00,-1938.0
2023-05-11 19:00:00+00:00,-108.0
2023-05-11 20:00:00+00:00,-2241.0
2023-05-11 21:00:00+00:00,-5200.0
2023-05-11 22:00:00+00:00,-2228.0
2023-05-11 23:00:00+00:00,-7.0
2023-05-12 00:00:00+00:00,1849.0
2023-05-12 01:00:00+00:00,4767.0
2023-05-12 02:00:00+00:00,6761.0
2023-05-12 03:00:00+00:00,6508.0
2023-05-12 04:00:00+00:00,5438.0
2023-05-12 05:00:00+00:00,48.0
2023-05-12 06:00:00+00:00,-3273.0
2023-05-12 07:00:00+00:00,-2805.0
2023-05-12 08:00:00+00:00,-5724.0
2023-05-12 09:00:00+00:00,-4618.0
2023-05-12 10:00:00+00:00,-7385.0
2023-05-12 11:00:00+00:00,-7838.0
2023-05-12 12:00:00+00:00,-7245.0
2023-05-12 13:00:00+00:00,-8236.0
2023-05-12 14:00:00+00:00,-7676.0
2023-05-12 15:00:00+00:00,-4851.0
2023-05-12 16:00:00+00:00,-3713.0
2023-05-12 17:00:00+00:00,-1738.0
2023-05-12 18:00:00+00:00,7.0
2023-05-12 19:00:00+00:00,2858.0
2023-05-12 20:00:00+00:00,1013.0
2023-05-12 21:00:00+00:00,-1182.0
2023-05-12 22:00:00+00:00,-2141.0
2023-05-12 23:00:00+00:00,-3166.0
2023-05-13 00:00:00+00:00,-1882.0
2023-05-13 01:00:00+00:00,-633.0
2023-05-13 02:00:00+00:00,427.0
2023-05-13 03:00:00+00:00,1604.0
2023-05-13 04:00:00+00:00,1545.0
2023-05-13 05:00:00+00:00,-1693.0
2023-05-13 06:00:00+00:00,-5357.0
2023-05-13 07:00:00+00:00,-11040.0
2023-05-13 08:00:00+00:00,-16071.0
2023-05-13 09:00:00+00:00,-18240.0
2023-05-13 10:00:00+00:00,-20932.0
2023-05-13 11:00:00+00:00,-19795.0
2023-05-13 12:00:00+00:00,-19179.0
2023-05-13 13:00:00+00:00,-17803.0
2023-05-13 14:00:00+00:00,-15663.0
2023-05-13 15:00:00+00:00,-12514.0
2023-05-13 16:00:00+00:00,-6724.0
2023-05-13 17:00:00+00:00,-3144.0
2023-05-13 18:00:00+00:00,783.0
2023-05-13 19:00:00+00:00,2818.0
2023-05-13 20:00:00+00:00,3476.0
2023-05-13 21:00:00+00:00,1349.0
2023-05-13 22:00:00+00:00,2932.0
2023-05-13 23:00:00+00:00,2934.0
2023-05-14 00:00:00+00:00,4506.0
2023-05-14 01:00:00+00:00,5067.0
2023-05-14 02:00:00+00:00,5014.0
2023-05-14 03:00:00+00:00,5763.0
2023-05-14 04:00:00+00:00,5354.0
2023-05-14 05:00:00+00:00,2048.0
2023-05-14 06:00:00+00:00,1125.0
2023-05-14 07:00:00+00:00,-2163.0
2023-05-14 08:00:00+00:00,-6630.0
2023-05-14 09:00:00+00:00,-9909.0
2023-05-14 10:00:00+00:00,-14698.0
2023-05-14 11:00:00+00:00,-11524.0
2023-05-14 12:00:00+00:00,-8761.0
2023-05-14 13:00:00+00:00,-7120.0
2023-05-14 14:00:00+00:00,-5734.0
2023-05-14 15:00:00+00:00,-3326.0
2023-05-14 16:00:00+00:00,324.0
2023-05-14 17:00:00+00:00,8032.0
2023-05-14 18:00:00+00:00,5032.0
2023-05-14 19:00:00+00:00,4562.0
2023-05-14 20:00:00+00:00,2745.0
2023-05-14 21:00:00+00:00,1966.0
2023-05-14 22:00:00+00:00,2111.0
2023-05-14 23:00:00+00:00,2766.0
2023-05-15 00:00:00+00:00,2748.0
2023-05-15 01:00:00+00:00,5273.0
2023-05-15 02:00:00+00:00,7700.0
2023-05-15 03:00:00+00:00,8299.0
2023-05-15 04:00:00+00:00,7632.0
2023-05-15 05:00:00+00:00,1961.0
2023-05-15 06:00:00+00:00,-4386.0
2023-05-15 07:00:00+00:00,-1960.0
2023-05-15 08:00:00+00:00,-3050.0
2023-05-15 09:00:00+00:00,-3606.0
2023-05-15 10:00:00+00:00,-5936.0
2023-05-15 11:00:00+00:00,-3655.0
2023-05-15 12:00:00+00:00,-2975.0
2023-05-15 13:00:00+00:00,-4566.0
2023-05-15 14:00:00+00:00,-4839.0
2023-05-15 15:00:00+00:00,-5852.0
2023-05-15 16:00:00+00:00,-6180.0
2023-05-15 17:00:00+00:00,-5352.0
2023-05-15 18:00:00+00:00,-3273.0
2023-05-15 19:00:00+00:00,2107.0
2023-05-15 20:00:00+00:00,-1511.0
2023-05-15 21:00:00+00:00,-5938.0
2023-05-15 22:00:00+00:00,-3666.0
2023-05-15 23:00:00+00:00,-2214.0
2023-05-16 00:00:00+00:00,-709.0
2023-05-16 01:00:00+00:00,639.0
2023-05-16 02:00:00+00:00,651.0
2023-05-16 03:00:00+00:00,-543.0
2023-05-16 04:00:00+00:00,-1665.0
2023-05-16 05:00:00+00:00,-4085.0
2023-05-16 06:00:00+00:00,-7879.0
2023-05-16 07:00:00+00:00,-7885.0
2023-05-16 08:00:00+00:00,-6456.0
2023-05-16 09:00:00+00:00,-7760.0
2023-05-16 10:00:00+00:00,-8572.0
2023-05-16 11:00:00+00:00,-6956.0
2023-05-16 12:00:00+00:00,-4726.0
2023-05-16 13:00:00+00:00,-3120.0
2023-05-16 14:00:00+00:00,-2764.0
2023-05-16 15:00:00+00:00,518.0
2023-05-16 16:00:00+00:00,399.0
2023-05-16 17:00:00+00:00,809.0
2023-05-16 18:00:00+00:00,2392.0
2023-05-16 19:00:00+00:00,6225.0
2023-05-16 20:00:00+00:00,943.0
2023-05-16 21:00:00+00:00,-1603.0
2023-05-16 22:00:00+00:00,360.0
2023-05-16 23:00:00+00:00,746.0
2023-05-17 00:00:00+00:00,1050.0
2023-05-17 01:00:00+00:00,2970.0
2023-05-17 02:00:00+00:00,2483.0
2023-05-17 03:00:00+00:00,3236.0
2023-05-17 04:00:00+00:00,2669.0
2023-05-17 05:00:00+00:00,-1355.0
2023-05-17 06:00:00+00:00,-3293.0
2023-05-17 07:00:00+00:00,-2869.0
2023-05-17 08:00:00+00:00,-2233.0
2023-05-17 09:00:00+00:00,-3069.0
2023-05-17 10:00:00+00:00,-5440.0
2023-05-17 11:00:00+00:00,-5831.0
2023-05-17 12:00:00+00:00,-5217.0
2023-05-17 13:00:00+00:00,-3525.0
2023-05-17 14:00:00+00:00,-3044.0
2023-05-17 15:00:00+00:00,-1871.0
2023-05-17 16:00:00+00:00,784.0
2023-05-17 17:00:00+00:00,2244.0
2023-05-17 18:00:00+00:00,2859.0
2023-05-17 19:00:00+00:00,3656.0
2023-05-17 20:00:00+00:00,421.0
2023-05-17 21:00:00+00:00,1554.0
2023-05-17 22:00:00+00:00,4888.0
2023-05-17 23:00:00+00:00,6097.0
2023-05-18 00:00:00+00:00,5907.0
2023-05-18 01:00:00+00:00,5552.0
2023-05-18 02:00:00+00:00,5733.0
2023-05-18 03:00:00+00:00,5649.0
2023-05-18 04:00:00+00:00,6334.0
2023-05-18 05:00:00+00:00,4455.0
2023-05-18 06:00:00+00:00,2091.0
2023-05-18 07:00:00+00:00,-1146.0
2023-05-18 08:00:00+00:00,-2964.0
2023-05-18 09:00:00+00:00,-5284.0
2023-05-18 10:00:00+00:00,-8359.0
2023-05-18 11:00:00+00:00,-9697.0
2023-05-18 12:00:00+00:00,-8247.0
2023-05-18 13:00:00+00:00,-8052.0
2023-05-18 14:00:00+00:00,-2740.0
2023-05-18 15:00:00+00:00,486.0
2023-05-18 16:00:00+00:00,125.0
2023-05-18 17:00:00+00:00,2565.0
2023-05-18 18:00:00+00:00,4681.0
2023-05-18 19:00:00+00:00,4993.0
2023-05-18 20:00:00+00:00,2011.0
2023-05-18 21:00:00+00:00,1042.0
2023-05-18 22:00:00+00:00,2655.0
2023-05-18 23:00:00+00:00,2973.0
2023-05-19 00:00:00+00:00,2502.0
2023-05-19 01:00:00+00:00,4888.0
2023-05-19 02:00:00+00:00,4609.0
2023-05-19 03:00:00+00:00,2710.0
2023-05-19 04:00:00+00:00,5224.0
2023-05-19 05:00:00+00:00,6893.0
2023-05-19 06:00:00+00:00,4963.0
2023-05-19 07:00:00+00:00,-69.0
2023-05-19 08:00:00+00:00,-2427.0
2023-05-19 09:00:00+00:00,-6693.0
2023-05-19 10:00:00+00:00,-10518.0
2023-05-19 11:00:00+00:00,-11091.0
2023-05-19 12:00:00+00:00,-9146.0
2023-05-19 13:00:00+00:00,-9158.0
2023-05-19 14:00:00+00:00,-7074.0
2023-05-19 15:00:00+00:00,-4752.0
2023-05-19 16:00:00+00:00,-68.0
2023-05-19 17:00:00+00:00,873.0
2023-05-19 18:00:00+00:00,3536.0
2023-05-19 19:00:00+00:00,3808.0
2023-05-19 20:00:00+00:00,1536.0
2023-05-19 21:00:00+00:00,-401.0
2023-05-19 22:00:00+00:00,-882.0
2023-05-19 23:00:00+00:00,1230.0
2023-05-20 00:00:00+00:00,4521.0
2023-05-20 01:00:00+00:00,7525.0
2023-05-20 02:00:00+00:00,9318.0
2023-05-20 03:00:00+00:00,8602.0
2023-05-20 04:00:00+00:00,9415.0
2023-05-20 05:00:00+00:00,5027.0
2023-05-20 06:00:00+00:00,500.0
2023-05-20 07:00:00+00:00,-5155.0
2023-05-20 08:00:00+00:00,-2169.0
2023-05-20 09:00:00+00:00,205.0
2023-05-20 10:00:00+00:00,-1926.0
2023-05-20 11:00:00+00:00,-1197.0
2023-05-20 12:00:00+00:00,-3759.0
2023-05-20 13:00:00+00:00,372.0
2023-05-20 14:00:00+00:00,735.0
2023-05-20 15:00:00+00:00,3634.0
2023-05-20 16:00:00+00:00,-791.0
2023-05-20 17:00:00+00:00,-2001.0
2023-05-20 18:00:00+00:00,1286.0
2023-05-20 19:00:00+00:00,4359.0
2023-05-20 20:00:00+00:00,3144.0
2023-05-20 21:00:00+00:00,1872.0
2023-05-20 22:00:00+00:00,4347.0
2023-05-20 23:00:00+00:00,5819.0
2023-05-21 00:00:00+00:00,7309.0
2023-05-21 01:00:00+00:00,10307.0
2023-05-21 02:00:00+00:00,12291.0
2023-05-21 03:00:00+00:00,13158.0
2023-05-21 04:00:00+00:00,12390.0
2023-05-21 05:00:00+00:00,14380.0
2023-05-21 06:00:00+00:00,9264.0
2023-05-21 07:00:00+00:00,3926.0
2023-05-21 08:00:00+00:00,381.0
2023-05-21 09:00:00+00:00,-2552.0
2023-05-21 10:00:00+00:00,-7177.0
2023-05-21 11:00:00+00:00,-3657.0
2023-05-21 12:00:00+00:00,-2344.0
2023-05-21 13:00:00+00:00,-594.0
2023-05-21 14:00:00+00:00,2349.0
2023-05-21 15:00:00+00:00,6247.0
2023-05-21 16:00:00+00:00,2092.0
2023-05-21 17:00:00+00:00,1563.0
2023-05-21 18:00:00+00:00,3646.0
2023-05-21 19:00:00+00:00,4683.0
2023-05-21 20:00:00+00:00,411.0
2023-05-21 21:00:00+00:00,-890.0
2023-05-21 22:00:00+00:00,5024.0
2023-05-21 23:00:00+00:00,9246.0
2023-05-22 00:00:00+00:00,11435.0
2023-05-22 01:00:00+00:00,15352.0
2023-05-22 02:00:00+00:00,15951.0
2023-05-22 03:00:00+00:00,14868.0
2023-05-22 04:00:00+00:00,13233.0
2023-05-22 05:00:00+00:00,7449.0
2023-05-22 06:00:00+00:00,3428.0
2023-05-22 07:00:00+00:00,1078.0
2023-05-22 08:00:00+00:00,2279.0
2023-05-22 09:00:00+00:00,8319.0
2023-05-22 10:00:00+00:00,7718.0
2023-05-22 11:00:00+00:00,9593.0
2023-05-22 12:00:00+00:00,10834.0
2023-05-22 13:00:00+00:00,11562.0
2023-05-22 14:00:00+00:00,14468.0
2023-05-22 15:00:00+00:00,15199.0
2023-05-22 16:00:00+00:00,13716.0
2023-05-22 17:00:00+00:00,9419.0
2023-05-22 18:00:00+00:00,9966.0
2023-05-22 19:00:00+00:00,14321.0
2023-05-22 20:00:00+00:00,13714.0
2023-05-22 21:00:00+00:00,11277.0
2023-05-22 22:00:00+00:00,9360.0
2023-05-22 23:00:00+00:00,8333.0
2023-05-23 00:00:00+00:00,8889.0
2023-05-23 01:00:00+00:00,10827.0
2023-05-23 02:00:00+00:00,11277.0
2023-05-23 03:00:00+00:00,9873.0
2023-05-23 04:00:00+00:00,10100.0
2023-05-23 05:00:00+00:00,7470.0
2023-05-23 06:00:00+00:00,-95.0
2023-05-23 07:00:00+00:00,-3123.0
2023-05-23 08:00:00+00:00,-1199.0
2023-05-23 09:00:00+00:00,-477.0
2023-05-23 10:00:00+00:00,893.0
2023-05-23 11:00:00+00:00,4702.0
2023-05-23 12:00:00+00:00,5991.0
2023-05-23 13:00:00+00:00,7114.0
2023-05-23 14:00:00+00:00,7882.0
2023-05-23 15:00:00+00:00,5458.0
2023-05-23 16:00:00+00:00,5138.0
2023-05-23 17:00:00+00:00,7982.0
2023-05-23 18:00:00+00:00,13811.0
2023-05-23 19:00:00+00:00,18116.0
2023-05-23 20:00:00+00:00,15658.0
2023-05-23 21:00:00+00:00,18194.0
2023-05-23 22:00:00+00:00,18503.0
2023-05-23 23:00:00+00:00,17430.0
2023-05-24 00:00:00+00:00,18777.0
2023-05-24 01:00:00+00:00,20851.0
2023-05-24 02:00:00+00:00,22105.0
2023-05-24 03:00:00+00:00,20061.0
2023-05-24 04:00:00+00:00,20271.0
2023-05-24 05:00:00+00:00,16021.0
2023-05-24 06:00:00+00:00,6610.0
2023-05-24 07:00:00+00:00,2815.0
2023-05-24 08:00:00+00:00,4624.0
2023-05-24 09:00:00+00:00,7664.0
2023-05-24 10:00:00+00:00,5835.0
2023-05-24 11:00:00+00:00,8362.0
2023-05-24 12:00:00+00:00,9689.0
2023-05-24 13:00:00+00:00,11270.0
2023-05-24 14:00:00+00:00,12923.0
2023-05-24 15:00:00+00:00,14413.0
2023-05-24 16:00:00+00:00,10881.0
2023-05-24 17:00:00+00:00,9560.0
2023-05-24 18:00:00+00:00,14101.0
2023-05-24 19:00:00+00:00,18524.0
2023-05-24 20:00:00+00:00,17164.0
2023-05-24 21:00:00+00:00,15082.0
2023-05-24 22:00:00+00:00,16499.0
2023-05-24 23:00:00+00:00,17517.0
2023-05-25 00:00:00+00:00,17729.0
2023-05-25 01:00:00+00:00,19268.0
2023-05-25 02:00:00+00:00,18701.0
2023-05-25 03:00:00+00:00,17037.0
2023-05-25 04:00:00+00:00,18225.0
2023-05-25 05:00:00+00:00,13796.0
2023-05-25 06:00:00+00:00,6807.0
2023-05-25 07:00:00+00:00,3277.0
2023-05-25 08:00:00+00:00,4389.0
2023-05-25 09:00:00+00:00,4217.0
2023-05-25 10:00:00+00:00,4248.0
2023-05-25 11:00:00+00:00,6229.0
2023-05-25 12:00:00+00:00,7513.0
2023-05-25 13:00:00+00:00,7653.0
2023-05-25 14:00:00+00:00,8296.0
2023-05-25 15:00:00+00:00,4819.0
2023-05-25 16:00:00+00:00,1866.0
2023-05-25 17:00:00+00:00,1406.0
2023-05-25 18:00:00+00:00,4633.0
2023-05-25 19:00:00+00:00,12070.0
2023-05-25 20:00:00+00:00,11175.0
2023-05-25 21:00:00+00:00,9686.0
2023-05-25 22:00:00+00:00,10267.0
2023-05-25 23:00:00+00:00,9140.0
2023-05-26 00:00:00+00:00,7073.0
2023-05-26 01:00:00+00:00,9269.0
2023-05-26 02:00:00+00:00,11695.0
2023-05-26 03:00:00+00:00,9889.0
2023-05-26 04:00:00+00:00,10863.0
2023-05-26 05:00:00+00:00,6428.0
2023-05-26 06:00:00+00:00,2793.0
2023-05-26 07:00:00+00:00,-448.0
2023-05-26 08:00:00+00:00,1381.0
2023-05-26 09:00:00+00:00,3639.0
2023-05-26 10:00:00+00:00,1461.0
2023-05-26 11:00:00+00:00,583.0
2023-05-26 12:00:00+00:00,1559.0
2023-05-26 13:00:00+00:00,2769.0
2023-05-26 14:00:00+00:00,3970.0
2023-05-26 15:00:00+00:00,1042.0
2023-05-26 16:00:00+00:00,-344.0
2023-05-26 17:00:00+00:00,5374.0
2023-05-26 18:00:00+00:00,11626.0
2023-05-26 19:00:00+00:00,13854.0
2023-05-26 20:00:00+00:00,12707.0
2023-05-26 21:00:00+00:00,11109.0
2023-05-26 22:00:00+00:00,13773.0
2023-05-26 23:00:00+00:00,13538.0
2023-05-27 00:00:00+00:00,16008.0
2023-05-27 01:00:00+00:00,18806.0
2023-05-27 02:00:00+00:00,19102.0
2023-05-27 03:00:00+00:00,18973.0
2023-05-27 04:00:00+00:00,18035.0
2023-05-27 05:00:00+00:00,15500.0
2023-05-27 06:00:00+00:00,12594.0
2023-05-27 07:00:00+00:00,8171.0
2023-05-27 08:00:00+00:00,4938.0
2023-05-27 09:00:00+00:00,2715.0
2023-05-27 10:00:00+00:00,-1018.0
2023-05-27 11:00:00+00:00,-848.0
2023-05-27 12:00:00+00:00,-2440.0
2023-05-27 13:00:00+00:00,-1563.0
2023-05-27 14:00:00+00:00,3942.0
2023-05-27 15:00:00+00:00,7670.0
2023-05-27 16:00:00+00:00,7059.0
2023-05-27 17:00:00+00:00,6392.0
2023-05-27 18:00:00+00:00,10100.0
2023-05-27 19:00:00+00:00,15864.0
2023-05-27 20:00:00+00:00,14680.0
2023-05-27 21:00:00+00:00,15092.0
2023-05-27 22:00:00+00:00,14959.0
2023-05-27 23:00:00+00:00,15515.0
2023-05-28 00:00:00+00:00,16545.0
2023-05-28 01:00:00+00:00,18681.0
2023-05-28 02:00:00+00:00,22127.0
2023-05-28 03:00:00+00:00,22298.0
2023-05-28 04:00:00+00:00,22481.0
2023-05-28 05:00:00+00:00,21278.0
2023-05-28 06:00:00+00:00,14933.0
2023-05-28 07:00:00+00:00,10553.0
2023-05-28 08:00:00+00:00,2253.0
2023-05-28 09:00:00+00:00,-939.0
2023-05-28 10:00:00+00:00,-3050.0
2023-05-28 11:00:00+00:00,-2056.0
2023-05-28 12:00:00+00:00,97.0
2023-05-28 13:00:00+00:00,637.0
2023-05-28 14:00:00+00:00,630.0
2023-05-28 15:00:00+00:00,3985.0
2023-05-28 16:00:00+00:00,6063.0
2023-05-28 17:00:00+00:00,7993.0
2023-05-28 18:00:00+00:00,9926.0
2023-05-28 19:00:00+00:00,10996.0
2023-05-28 20:00:00+00:00,9724.0
2023-05-28 21:00:00+00:00,10176.0
2023-05-28 22:00:00+00:00,12059.0
2023-05-28 23:00:00+00:00,12286.0
2023-05-29 00:00:00+00:00,13108.0
2023-05-29 01:00:00+00:00,16424.0
2023-05-29 02:00:00+00:00,15928.0
2023-05-29 03:00:00+00:00,14600.0
2023-05-29 04:00:00+00:00,14599.0
2023-05-29 05:00:00+00:00,13325.0
2023-05-29 06:00:00+00:00,11253.0
2023-05-29 07:00:00+00:00,6713.0
2023-05-29 08:00:00+00:00,-2370.0
2023-05-29 09:00:00+00:00,-4085.0
2023-05-29 10:00:00+00:00,-3045.0
2023-05-29 11:00:00+00:00,-2568.0
2023-05-29 12:00:00+00:00,-531.0
2023-05-29 13:00:00+00:00,-2378.0
2023-05-29 14:00:00+00:00,-944.0
2023-05-29 15:00:00+00:00,5883.0
2023-05-29 16:00:00+00:00,7342.0
2023-05-29 17:00:00+00:00,10431.0
2023-05-29 18:00:00+00:00,14923.0
2023-05-29 19:00:00+00:00,15173.0
2023-05-29 20:00:00+00:00,13877.0
2023-05-29 21:00:00+00:00,10784.0
2023-05-29 22:00:00+00:00,10592.0
2023-05-29 23:00:00+00:00,11326.0
2023-05-30 00:00:00+00:00,12819.0
2023-05-30 01:00:00+00:00,15293.0
2023-05-30 02:00:00+00:00,15893.0
2023-05-30 03:00:00+00:00,14341.0
2023-05-30 04:00:00+00:00,16699.0
2023-05-30 05:00:00+00:00,15554.0
2023-05-30 06:00:00+00:00,14082.0
2023-05-30 07:00:00+00:00,11724.0
2023-05-30 08:00:00+00:00,11017.0
2023-05-30 09:00:00+00:00,8417.0
2023-05-30 10:00:00+00:00,5859.0
2023-05-30 11:00:00+00:00,6868.0
2023-05-30 12:00:00+00:00,7683.0
2023-05-30 13:00:00+00:00,5785.0
2023-05-30 14:00:00+00:00,6240.0
2023-05-30 15:00:00+00:00,8904.0
2023-05-30 16:00:00+00:00,5586.0
2023-05-30 17:00:00+00:00,295.0
2023-05-30 18:00:00+00:00,6021.0
2023-05-30 19:00:00+00:00,10369.0
2023-05-30 20:00:00+00:00,11236.0
2023-05-30 21:00:00+00:00,7674.0
2023-05-30 22:00:00+00:00,7068.0
2023-05-30 23:00:00+00:00,8218.0
2023-05-31 00:00:00+00:00,9433.0
2023-05-31 01:00:00+00:00,12532.0
2023-05-31 02:00:00+00:00,12081.0
2023-05-31 03:00:00+00:00,13393.0
2023-05-31 04:00:00+00:00,14451.0
2023-05-31 05:00:00+00:00,12743.0
2023-05-31 06:00:00+00:00,9303.0
2023-05-31 07:00:00+00:00,3348.0
2023-05-31 08:00:00+00:00,1328.0
2023-05-31 09:00:00+00:00,-171.0
2023-05-31 10:00:00+00:00,-4806.0
2023-05-31 11:00:00+00:00,-5305.0
2023-05-31 12:00:00+00:00,-5972.0
2023-05-31 13:00:00+00:00,-5136.0
2023-05-31 14:00:00+00:00,-5597.0
2023-05-31 15:00:00+00:00,-1219.0
2023-05-31 16:00:00+00:00,-1291.0
2023-05-31 17:00:00+00:00,-23.0
2023-05-31 18:00:00+00:00,755.0
2023-05-31 19:00:00+00:00,6628.0
2023-05-31 20:00:00+00:00,8626.0
2023-05-31 21:00:00+00:00,7478.0
2023-05-31 22:00:00+00:00,9280.0
2023-05-31 23:00:00+00:00,9865.0
2023-06-01 00:00:00+00:00,8033.0
2023-06-01 01:00:00+00:00,8833.0
2023-06-01 02:00:00+00:00,10897.0
2023-06-01 03:00:00+00:00,12575.0
2023-06-01 04:00:00+00:00,13936.0
2023-06-01 05:00:00+00:00,6472.0
2023-06-01 06:00:00+00:00,916.0
2023-06-01 07:00:00+00:00,3653.0
2023-06-01 08:00:00+00:00,4129.0
2023-06-01 09:00:00+00:00,1512.0
2023-06-01 10:00:00+00:00,-67.0
2023-06-01 11:00:00+00:00,-1182.0
2023-06-01 12:00:00+00:00,295.0
2023-06-01 13:00:00+00:00,-4387.0
2023-06-01 14:00:00+00:00,-325.0
2023-06-01 15:00:00+00:00,3470.0
2023-06-01 16:00:00+00:00,184.0
2023-06-01 17:00:00+00:00,-3605.0
2023-06-01 18:00:00+00:00,-343.0
2023-06-01 19:00:00+00:00,6776.0
2023-06-01 20:00:00+00:00,8432.0
2023-06-01 21:00:00+00:00,9756.0
2023-06-01 22:00:00+00:00,11998.0
2023-06-01 23:00:00+00:00,13161.0
2023-06-02 00:00:00+00:00,16551.0
2023-06-02 01:00:00+00:00,16957.0
2023-06-02 02:00:00+00:00,17008.0
2023-06-02 03:00:00+00:00,17493.0
2023-06-02 04:00:00+00:00,16234.0
2023-06-02 05:00:00+00:00,15629.0
2023-06-02 06:00:00+00:00,18127.0
2023-06-02 07:00:00+00:00,17188.0
2023-06-02 08:00:00+00:00,15722.0
2023-06-02 09:00:00+00:00,13608.0
2023-06-02 10:00:00+00:00,11033.0
2023-06-02 11:00:00+00:00,10288.0
2023-06-02 12:00:00+00:00,9559.0
2023-06-02 13:00:00+00:00,9981.0
2023-06-02 14:00:00+00:00,9220.0
2023-06-02 15:00:00+00:00,8440.0
2023-06-02 16:00:00+00:00,9512.0
2023-06-02 17:00:00+00:00,7892.0
2023-06-02 18:00:00+00:00,11297.0
2023-06-02 19:00:00+00:00,13386.0
2023-06-02 20:00:00+00:00,9902.0
2023-06-02 21:00:00+00:00,8959.0
2023-06-02 22:00:00+00:00,12581.0
2023-06-02 23:00:00+00:00,14646.0
2023-06-03 00:00:00+00:00,18102.0
2023-06-03 01:00:00+00:00,18621.0
2023-06-03 02:00:00+00:00,19197.0
2023-06-03 03:00:00+00:00,18834.0
2023-06-03 04:00:00+00:00,18342.0
2023-06-03 05:00:00+00:00,16563.0
2023-06-03 06:00:00+00:00,12379.0
2023-06-03 07:00:00+00:00,9163.0
2023-06-03 08:00:00+00:00,4553.0
2023-06-03 09:00:00+00:00,25.0
2023-06-03 10:00:00+00:00,-5627.0
2023-06-03 11:00:00+00:00,-7320.0
2023-06-03 12:00:00+00:00,-7749.0
2023-06-03 13:00:00+00:00,-6873.0
2023-06-03 14:00:00+00:00,-187.0
2023-06-03 15:00:00+00:00,5917.0
2023-06-03 16:00:00+00:00,6035.0
2023-06-03 17:00:00+00:00,7659.0
2023-06-03 18:00:00+00:00,10825.0
2023-06-03 19:00:00+00:00,12491.0
2023-06-03 20:00:00+00:00,12974.0
2023-06-03 21:00:00+00:00,9156.0
2023-06-03 22:00:00+00:00,14961.0
2023-06-03 23:00:00+00:00,19569.0
2023-06-04 00:00:00+00:00,20956.0
2023-06-04 01:00:00+00:00,23025.0
2023-06-04 02:00:00+00:00,24333.0
2023-06-04 03:00:00+00:00,24165.0
2023-06-04 04:00:00+00:00,24682.0
2023-06-04 05:00:00+00:00,20931.0
2023-06-04 06:00:00+00:00,16617.0
2023-06-04 07:00:00+00:00,9869.0
2023-06-04 08:00:00+00:00,4318.0
2023-06-04 09:00:00+00:00,2235.0
2023-06-04 10:00:00+00:00,-1921.0
2023-06-04 11:00:00+00:00,-3333.0
2023-06-04 12:00:00+00:00,-4433.0
2023-06-04 13:00:00+00:00,-3026.0
2023-06-04 14:00:00+00:00,4196.0
2023-06-04 15:00:00+00:00,7616.0
2023-06-04 16:00:00+00:00,2934.0
2023-06-04 17:00:00+00:00,3712.0
2023-06-04 18:00:00+00:00,10536.0
2023-06-04 19:00:00+00:00,11356.0
2023-06-04 20:00:00+00:00,12430.0
2023-06-04 21:00:00+00:00,12646.0
2023-06-04 22:00:00+00:00,13621.0
2023-06-04 23:00:00+00:00,14130.0
2023-06-05 00:00:00+00:00,15274.0
2023-06-05 01:00:00+00:00,18705.0
2023-06-05 02:00:00+00:00,16515.0
2023-06-05 03:00:00+00:00,16559.0
2023-06-05 04:00:00+00:00,16068.0
2023-06-05 05:00:00+00:00,9946.0
2023-06-05 06:00:00+00:00,169.0
2023-06-05 07:00:00+00:00,-1052.0
2023-06-05 08:00:00+00:00,-2448.0
2023-06-05 09:00:00+00:00,-3840.0
2023-06-05 10:00:00+00:00,-5574.0
2023-06-05 11:00:00+00:00,-2149.0
2023-06-05 12:00:00+00:00,-1678.0
2023-06-05 13:00:00+00:00,11.0
2023-06-05 14:00:00+00:00,-828.0
2023-06-05 15:00:00+00:00,636.0
2023-06-05 16:00:00+00:00,1724.0
2023-06-05 17:00:00+00:00,-236.0
2023-06-05 18:00:00+00:00,837.0
2023-06-05 19:00:00+00:00,6856.0
2023-06-05 20:00:00+00:00,10142.0
2023-06-05 21:00:00+00:00,10682.0
2023-06-05 22:00:00+00:00,15577.0
2023-06-05 23:00:00+00:00,16503.0
2023-06-06 00:00:00+00:00,15831.0
2023-06-06 01:00:00+00:00,15250.0
2023-06-06 02:00:00+00:00,16245.0
2023-06-06 03:00:00+00:00,14196.0
2023-06-06 04:00:00+00:00,16623.0
2023-06-06 05:00:00+00:00,8474.0
2023-06-06 06:00:00+00:00,2623.0
2023-06-06 07:00:00+00:00,-1746.0
2023-06-06 08:00:00+00:00,-3184.0
2023-06-06 09:00:00+00:00,-6047.0
2023-06-06 10:00:00+00:00,-6066.0
2023-06-06 11:00:00+00:00,-5185.0
2023-06-06 12:00:00+00:00,-4245.0
2023-06-06 13:00:00+00:00,-3269.0
2023-06-06 14:00:00+00:00,-177.0
2023-06-06 15:00:00+00:00,226.0
2023-06-06 16:00:00+00:00,-1823.0
2023-06-06 17:00:00+00:00,-3372.0
2023-06-06 18:00:00+00:00,-1299.0
2023-06-06 19:00:00+00:00,3015.0
2023-06-06 20:00:00+00:00,6382.0
2023-06-06 21:00:00+00:00,2207.0
2023-06-06 22:00:00+00:00,5463.0
2023-06-06 23:00:00+00:00,8360.0
2023-06-07 00:00:00+00:00,10007.0
2023-06-07 01:00:00+00:00,14413.0
2023-06-07 02:00:00+00:00,16708.0
2023-06-07 03:00:00+00:00,14540.0
2023-06-07 04:00:00+00:00,15247.0
2023-06-07 05:00:00+00:00,10236.0
2023-06-07 06:00:00+00:00,2860.0
2023-06-07 07:00:00+00:00,3428.0
2023-06-07 08:00:00+00:00,6265.0
2023-06-07 09:00:00+00:00,7612.0
2023-06-07 10:00:00+00:00,6517.0
2023-06-07 11:00:00+00:00,6867.0
2023-06-07 12:00:00+00:00,6268.0
2023-06-07 13:00:00+00:00,6755.0
2023-06-07 14:00:00+00:00,7759.0
2023-06-07 15:00:00+00:00,6723.0
2023-06-07 16:00:00+00:00,-655.0
2023-06-07 17:00:00+00:00,-1367.0
2023-06-07 18:00:00+00:00,363.0
2023-06-07 19:00:00+00:00,4545.0
2023-06-07 20:00:00+00:00,3500.0
2023-06-07 21:00:00+00:00,6409.0
2023-06-07 22:00:00+00:00,9860.0
2023-06-07 23:00:00+00:00,12890.0
2023-06-08 00:00:00+00:00,13786.0
2023-06-08 01:00:00+00:00,15476.0
2023-06-08 02:00:00+00:00,15611.0
2023-06-08 03:00:00+00:00,16435.0
2023-06-08 04:00:00+00:00,15671.0
2023-06-08 05:00:00+00:00,8254.0
2023-06-08 06:00:00+00:00,4931.0
2023-06-08 07:00:00+00:00,8046.0
2023-06-08 08:00:00+00:00,2256.0
2023-06-08 09:00:00+00:00,-1283.0
2023-06-08 10:00:00+00:00,-1341.0
2023-06-08 11:00:00+00:00,-1178.0
2023-06-08 12:00:00+00:00,-3743.0
2023-06-08 13:00:00+00:00,-6413.0
2023-06-08 14:00:00+00:00,-7409.0
2023-06-08 15:00:00+00:00,-6946.0
2023-06-08 16:00:00+00:00,-7457.0
2023-06-08 17:00:00+00:00,-6521.0
2023-06-08 18:00:00+00:00,-8407.0
2023-06-08 19:00:00+00:00,-2304.0
2023-06-08 20:00:00+00:00,-1409.0
2023-06-08 21:00:00+00:00,500.0
2023-06-08 22:00:00+00:00,4173.0
2023-06-08 23:00:00+00:00,5712.0
2023-06-09 00:00:00+00:00,5131.0
2023-06-09 01:00:00+00:00,7512.0
2023-06-09 02:00:00+00:00,8348.0
2023-06-09 03:00:00+00:00,7180.0
2023-06-09 04:00:00+00:00,8591.0
2023-06-09 05:00:00+00:00,3403.0
2023-06-09 06:00:00+00:00,1215.0
2023-06-09 07:00:00+00:00,-3642.0
2023-06-09 08:00:00+00:00,-7472.0
2023-06-09 09:00:00+00:00,-9747.0
2023-06-09 10:00:00+00:00,-14411.0
2023-06-09 11:00:00+00:00,-12381.0
2023-06-09 12:00:00+00:00,-14169.0
2023-06-09 13:00:00+00:00,-14760.0
2023-06-09 14:00:00+00:00,-9837.0
2023-06-09 15:00:00+00:00,-7913.0
2023-06-09 16:00:00+00:00,-5335.0
2023-06-09 17:00:00+00:00,-1502.0
2023-06-09 18:00:00+00:00,232.0
2023-06-09 19:00:00+00:00,2805.0
2023-06-09 20:00:00+00:00,6328.0
2023-06-09 21:00:00+00:00,3265.0
2023-06-09 22:00:00+00:00,5511.0
2023-06-09 23:00:00+00:00,8554.0
2023-06-10 00:00:00+00:00,9555.0
2023-06-10 01:00:00+00:00,11611.0
2023-06-10 02:00:00+00:00,13164.0
2023-06-10 03:00:00+00:00,12937.0
2023-06-10 04:00:00+00:00,14132.0
2023-06-10 05:00:00+00:00,13587.0
2023-06-10 06:00:00+00:00,7724.0
2023-06-10 07:00:00+00:00,5623.0
2023-06-10 08:00:00+00:00,3496.0
2023-06-10 09:00:00+00:00,2494.0
2023-06-10 10:00:00+00:00,2059.0
2023-06-10 11:00:00+00:00,2461.0
2023-06-10 12:00:00+00:00,1177.0
2023-06-10 13:00:00+00:00,306.0
2023-06-10 14:00:00+00:00,2171.0
2023-06-10 15:00:00+00:00,4105.0
2023-06-10 16:00:00+00:00,1749.0
2023-06-10 17:00:00+00:00,3617.0
2023-06-10 18:00:00+00:00,5478.0
2023-06-10 19:00:00+00:00,7871.0
2023-06-10 20:00:00+00:00,3844.0
2023-06-10 21:00:00+00:00,2815.0
2023-06-10 22:00:00+00:00,4571.0
2023-06-10 23:00:00+00:00,5995.0
2023-06-11 00:00:00+00:00,8547.0
2023-06-11 01:00:00+00:00,11736.0
2023-06-11 02:00:00+00:00,13482.0
2023-06-11 03:00:00+00:00,14858.0
2023-06-11 04:00:00+00:00,17268.0
2023-06-11 05:00:00+00:00,15852.0
2023-06-11 06:00:00+00:00,12640.0
2023-06-11 07:00:00+00:00,9070.0
2023-06-11 08:00:00+00:00,7792.0
2023-06-11 09:00:00+00:00,6722.0
2023-06-11 10:00:00+00:00,3565.0
2023-06-11 11:00:00+00:00,1249.0
2023-06-11 12:00:00+00:00,3557.0
2023-06-11 13:00:00+00:00,-1042.0
2023-06-11 14:00:00+00:00,974.0
2023-06-11 15:00:00+00:00,6173.0
2023-06-11 16:00:00+00:00,3583.0
2023-06-11 17:00:00+00:00,348.0
2023-06-11 18:00:00+00:00,345.0
2023-06-11 19:00:00+00:00,3181.0
2023-06-11 20:00:00+00:00,4668.0
2023-06-11 21:00:00+00:00,5177.0
2023-06-11 22:00:00+00:00,9247.0
2023-06-11 23:00:00+00:00,8005.0
2023-06-12 00:00:00+00:00,10605.0
2023-06-12 01:00:00+00:00,13442.0
2023-06-12 02:00:00+00:00,15450.0
2023-06-12 03:00:00+00:00,13450.0
2023-06-12 04:00:00+00:00,7062.0
2023-06-12 05:00:00+00:00,2218.0
2023-06-12 06:00:00+00:00,677.0
2023-06-12 07:00:00+00:00,-1662.0
2023-06-12 08:00:00+00:00,-5268.0
2023-06-12 09:00:00+00:00,-5889.0
2023-06-12 10:00:00+00:00,-8432.0
2023-06-12 11:00:00+00:00,-8437.0
2023-06-12 12:00:00+00:00,-9553.0
2023-06-12 13:00:00+00:00,-10152.0
2023-06-12 14:00:00+00:00,-7100.0
2023-06-12 15:00:00+00:00,-4338.0
2023-06-12 16:00:00+00:00,-706.0
2023-06-12 17:00:00+00:00,-936.0
2023-06-12 18:00:00+00:00,2525.0
2023-06-12 19:00:00+00:00,1763.0
2023-06-12 20:00:00+00:00,-633.0
2023-06-12 21:00:00+00:00,-2885.0
2023-06-12 22:00:00+00:00,3068.0
2023-06-12 23:00:00+00:00,5161.0
2023-06-13 00:00:00+00:00,5187.0
2023-06-13 01:00:00+00:00,5469.0
2023-06-13 02:00:00+00:00,4259.0
2023-06-13 03:00:00+00:00,4088.0
2023-06-13 04:00:00+00:00,5049.0
2023-06-13 05:00:00+00:00,-1040.0
2023-06-13 06:00:00+00:00,-4083.0
2023-06-13 07:00:00+00:00,-5596.0
2023-06-13 08:00:00+00:00,-7597.0
2023-06-13 09:00:00+00:00,-10655.0
2023-06-13 10:00:00+00:00,-12442.0
2023-06-13 11:00:00+00:00,-10657.0
2023-06-13 12:00:00+00:00,-10170.0
2023-06-13 13:00:00+00:00,-10897.0
2023-06-13 14:00:00+00:00,-7999.0
2023-06-13 15:00:00+00:00,-6813.0
2023-06-13 16:00:00+00:00,-7985.0
2023-06-13 17:00:00+00:00,-6763.0
2023-06-13 18:00:00+00:00,-1670.0
2023-06-13 19:00:00+00:00,1716.0
2023-06-13 20:00:00+00:00,-1341.0
2023-06-13 21:00:00+00:00,-2844.0
2023-06-13 22:00:00+00:00,-857.0
2023-06-13 23:00:00+00:00,1720.0
2023-06-14 00:00:00+00:00,1647.0
2023-06-14 01:00:00+00:00,3276.0
2023-06-14 02:00:00+00:00,4076.0
2023-06-14 03:00:00+00:00,2294.0
2023-06-14 04:00:00+00:00,5739.0
2023-06-14 05:00:00+00:00,724.0
2023-06-14 06:00:00+00:00,-5504.0
2023-06-14 07:00:00+00:00,-8725.0
2023-06-14 08:00:00+00:00,-9223.0
2023-06-14 09:00:00+00:00,-12320.0
2023-06-14 10:00:00+00:00,-13666.0
2023-06-14 11:00:00+00:00,-13542.0
2023-06-14 12:00:00+00:00,-12024.0
2023-06-14 13:00:00+00:00,-10251.0
2023-06-14 14:00:00+00:00,-10001.0
2023-06-14 15:00:00+00:00,-8339.0
2023-06-14 16:00:00+00:00,-5855.0
2023-06-14 17:00:00+00:00,-4470.0
2023-06-14 18:00:00+00:00,-2988.0
2023-06-14 19:00:00+00:00,477.0
2023-06-14 20:00:00+00:00,1592.0
2023-06-14 21:00:00+00:00,19.0
2023-06-14 22:00:00+00:00,-1562.0
2023-06-14 23:00:00+00:00,3077.0
2023-06-15 00:00:00+00:00,7370.0
2023-06-15 01:00:00+00:00,10351.0
2023-06-15 02:00:00+00:00,10568.0
2023-06-15 03:00:00+00:00,11872.0
2023-06-15 04:00:00+00:00,10991.0
2023-06-15 05:00:00+00:00,2614.0
2023-06-15 06:00:00+00:00,-2873.0
2023-06-15 07:00:00+00:00,-8563.0
2023-06-15 08:00:00+00:00,10660.0
2023-06-15 09:00:00+00:00,8768.0
2023-06-15 10:00:00+00:00,11069.0
2023-06-15 11:00:00+00:00,2641.0
2023-06-15 12:00:00+00:00,-9697.0
2023-06-15 13:00:00+00:00,3002.0
2023-06-15 14:00:00+00:00,-7861.0
2023-06-15 15:00:00+00:00,-6575.0
2023-06-15 16:00:00+00:00,-5713.0
2023-06-15 17:00:00+00:00,-6684.0
2023-06-15 18:00:00+00:00,-3921.0
2023-06-15 19:00:00+00:00,1153.0
2023-06-15 20:00:00+00:00,1573.0
2023-06-15 21:00:00+00:00,2016.0
2023-06-15 22:00:00+00:00,9514.0
2023-06-15 23:00:00+00:00,15275.0
2023-06-16 00:00:00+00:00,17214.0
2023-06-16 01:00:00+00:00,19675.0
2023-06-16 02:00:00+00:00,19112.0
2023-06-16 03:00:00+00:00,16254.0
2023-06-16 04:00:00+00:00,15495.0
2023-06-16 05:00:00+00:00,8456.0
2023-06-16 06:00:00+00:00,-204.0
2023-06-16 07:00:00+00:00,-2288.0
2023-06-16 08:00:00+00:00,-3828.0
2023-06-16 09:00:00+00:00,1346.0
2023-06-16 10:00:00+00:00,-9185.0
2023-06-16 11:00:00+00:00,-8508.0
2023-06-16 12:00:00+00:00,6141.0
2023-06-16 13:00:00+00:00,7684.0
2023-06-16 14:00:00+00:00,-1117.0
2023-06-16 15:00:00+00:00,-1960.0
2023-06-16 16:00:00+00:00,3695.0
2023-06-16 17:00:00+00:00,20151.0
2023-06-16 18:00:00+00:00,24167.0
2023-06-16 19:00:00+00:00,21961.0
2023-06-16 20:00:00+00:00,16041.0
2023-06-16 21:00:00+00:00,13966.0
2023-06-16 22:00:00+00:00,23885.0
2023-06-16 23:00:00+00:00,38011.0
2023-06-17 00:00:00+00:00,42448.0
2023-06-17 01:00:00+00:00,31132.0
2023-06-17 02:00:00+00:00,26473.0
2023-06-17 03:00:00+00:00,27362.0
2023-06-17 04:00:00+00:00,19255.0
2023-06-17 05:00:00+00:00,20631.0
2023-06-17 06:00:00+00:00,8212.0
2023-06-17 07:00:00+00:00,8789.0
2023-06-17 08:00:00+00:00,1397.0
2023-06-17 09:00:00+00:00,-2634.0
2023-06-17 10:00:00+00:00,10848.0
2023-06-17 11:00:00+00:00,17111.0
2023-06-17 12:00:00+00:00,14732.0
2023-06-17 13:00:00+00:00,17059.0
2023-06-17 14:00:00+00:00,3252.0
2023-06-17 15:00:00+00:00,-10169.0
2023-06-17 16:00:00+00:00,-255.0
2023-06-17 17:00:00+00:00,2344.0
2023-06-17 18:00:00+00:00,-2137.0
2023-06-17 19:00:00+00:00,10374.0
2023-06-17 20:00:00+00:00,13502.0
2023-06-17 21:00:00+00:00,8092.0
2023-06-17 22:00:00+00:00,23062.0
2023-06-17 23:00:00+00:00,28634.0
2023-06-18 00:00:00+00:00,31834.0
2023-06-18 01:00:00+00:00,37097.0
2023-06-18 02:00:00+00:00,31648.0
2023-06-18 03:00:00+00:00,27714.0
2023-06-18 04:00:00+00:00,29224.0
2023-06-18 05:00:00+00:00,33907.0
2023-06-18 06:00:00+00:00,17547.0
2023-06-18 07:00:00+00:00,10969.0
2023-06-18 08:00:00+00:00,6710.0
2023-06-18 09:00:00+00:00,16072.0
2023-06-18 10:00:00+00:00,17642.0
2023-06-18 11:00:00+00:00,27524.0
2023-06-18 12:00:00+00:00,21644.0
2023-06-18 13:00:00+00:00,25378.0
2023-06-18 14:00:00+00:00,13399.0
2023-06-18 15:00:00+00:00,7864.0
2023-06-18 16:00:00+00:00,3916.0
2023-06-18 17:00:00+00:00,9573.0
2023-06-18 18:00:00+00:00,11802.0
2023-06-18 19:00:00+00:00,21781.0
2023-06-18 20:00:00+00:00,17280.0
2023-06-18 21:00:00+00:00,19839.0
2023-06-18 22:00:00+00:00,23263.0
2023-06-18 23:00:00+00:00,26656.0
2023-06-19 00:00:00+00:00,24942.0
2023-06-19 01:00:00+00:00,25498.0
2023-06-19 02:00:00+00:00,20115.0
2023-06-19 03:00:00+00:00,10790.0
2023-06-19 04:00:00+00:00,19974.0
2023-06-19 05:00:00+00:00,17162.0
2023-06-19 06:00:00+00:00,12899.0
2023-06-19 07:00:00+00:00,5677.0
2023-06-19 08:00:00+00:00,-12833.0
2023-06-19 09:00:00+00:00,-12681.0
2023-06-19 10:00:00+00:00,-2954.0
2023-06-19 11:00:00+00:00,10854.0
2023-06-19 12:00:00+00:00,6172.0
2023-06-19 13:00:00+00:00,2135.0
2023-06-19 14:00:00+00:00,-4279.0
2023-06-19 15:00:00+00:00,-4187.0
2023-06-19 16:00:00+00:00,7879.0
2023-06-19 17:00:00+00:00,13620.0
2023-06-19 18:00:00+00:00,7225.0
2023-06-19 19:00:00+00:00,19523.0
2023-06-19 20:00:00+00:00,16693.0
2023-06-19 21:00:00+00:00,14300.0
2023-06-19 22:00:00+00:00,19028.0
2023-06-19 23:00:00+00:00,23295.0
2023-06-20 00:00:00+00:00,28345.0
2023-06-20 01:00:00+00:00,28110.0
2023-06-20 02:00:00+00:00,16028.0
2023-06-20 03:00:00+00:00,11742.0
2023-06-20 04:00:00+00:00,16838.0
2023-06-20 05:00:00+00:00,15966.0
2023-06-20 06:00:00+00:00,-1484.0
2023-06-20 07:00:00+00:00,5173.0
2023-06-20 08:00:00+00:00,-8152.0
2023-06-20 09:00:00+00:00,-7810.0
2023-06-20 10:00:00+00:00,-18307.0
2023-06-20 11:00:00+00:00,-8933.0
2023-06-20 12:00:00+00:00,-1018.0
2023-06-20 13:00:00+00:00,15.0
2023-06-20 14:00:00+00:00,-3768.0
2023-06-20 15:00:00+00:00,-9303.0
2023-06-20 16:00:00+00:00,-53.0
2023-06-20 17:00:00+00:00,10531.0
2023-06-20 18:00:00+00:00,2140.0
2023-06-20 19:00:00+00:00,5864.0
2023-06-20 20:00:00+00:00,-2635.0
2023-06-20 21:00:00+00:00,1142.0
2023-06-20 22:00:00+00:00,5391.0
2023-06-20 23:00:00+00:00,28509.0
2023-06-21 00:00:00+00:00,32593.0
2023-06-21 01:00:00+00:00,33841.0
2023-06-21 02:00:00+00:00,33483.0
2023-06-21 03:00:00+00:00,32446.0
2023-06-21 04:00:00+00:00,27897.0
2023-06-21 05:00:00+00:00,29248.0
2023-06-21 06:00:00+00:00,22590.0
2023-06-21 07:00:00+00:00,15051.0
2023-06-21 08:00:00+00:00,5941.0
2023-06-21 09:00:00+00:00,-1983.0
2023-06-21 10:00:00+00:00,6173.0
2023-06-21 11:00:00+00:00,12045.0
2023-06-21 12:00:00+00:00,2572.0
2023-06-21 13:00:00+00:00,-761.0
2023-06-21 14:00:00+00:00,-7023.0
2023-06-21 15:00:00+00:00,-4634.0
2023-06-21 16:00:00+00:00,-2381.0
2023-06-21 17:00:00+00:00,9763.0
2023-06-21 18:00:00+00:00,8468.0
2023-06-21 19:00:00+00:00,8306.0
2023-06-21 20:00:00+00:00,-1327.0
2023-06-21 21:00:00+00:00,-3092.0
2023-06-21 22:00:00+00:00,5097.0
2023-06-21 23:00:00+00:00,29211.0
2023-06-22 00:00:00+00:00,38033.0
2023-06-22 01:00:00+00:00,39907.0
2023-06-22 02:00:00+00:00,29224.0
2023-06-22 03:00:00+00:00,27606.0
2023-06-22 04:00:00+00:00,29998.0
2023-06-22 05:00:00+00:00,27727.0
2023-06-22 06:00:00+00:00,21543.0
2023-06-22 07:00:00+00:00,8716.0
2023-06-22 08:00:00+00:00,-1948.0
2023-06-22 09:00:00+00:00,-4438.0
2023-06-22 10:00:00+00:00,-1497.0
2023-06-22 11:00:00+00:00,14434.0
2023-06-22 12:00:00+00:00,2405.0
2023-06-22 13:00:00+00:00,-4541.0
2023-06-22 14:00:00+00:00,-12669.0
2023-06-22 15:00:00+00:00,-17536.0
2023-06-22 16:00:00+00:00,-13872.0
2023-06-22 17:00:00+00:00,-14890.0
2023-06-22 18:00:00+00:00,-15482.0
2023-06-22 19:00:00+00:00,-6173.0
2023-06-22 20:00:00+00:00,-4997.0
2023-06-22 21:00:00+00:00,-5572.0
2023-06-22 22:00:00+00:00,-1898.0
2023-06-22 23:00:00+00:00,1324.0
2023-06-23 00:00:00+00:00,739.0
2023-06-23 01:00:00+00:00,4744.0
2023-06-23 02:00:00+00:00,5301.0
2023-06-23 03:00:00+00:00,2511.0
2023-06-23 04:00:00+00:00,13259.0
2023-06-23 05:00:00+00:00,20716.0
2023-06-23 06:00:00+00:00,10120.0
2023-06-23 07:00:00+00:00,1132.0
2023-06-23 08:00:00+00:00,-11078.0
2023-06-23 09:00:00+00:00,-6666.0
2023-06-23 10:00:00+00:00,5535.0
2023-06-23 11:00:00+00:00,21286.0
2023-06-23 12:00:00+00:00,25202.0
2023-06-23 13:00:00+00:00,9991.0
2023-06-23 14:00:00+00:00,-8053.0
2023-06-23 15:00:00+00:00,-11784.0
2023-06-23 16:00:00+00:00,-4297.0
2023-06-23 17:00:00+00:00,-5601.0
2023-06-23 18:00:00+00:00,-4370.0
2023-06-23 19:00:00+00:00,16678.0
2023-06-23 20:00:00+00:00,9133.0
2023-06-23 21:00:00+00:00,-1212.0
2023-06-23 22:00:00+00:00,-2031.0
2023-06-23 23:00:00+00:00,4861.0
2023-06-24 00:00:00+00:00,6882.0
2023-06-24 01:00:00+00:00,15882.0
2023-06-24 02:00:00+00:00,8552.0
2023-06-24 03:00:00+00:00,9339.0
2023-06-24 04:00:00+00:00,15359.0
2023-06-24 05:00:00+00:00,34159.0
2023-06-24 06:00:00+00:00,25140.0
2023-06-24 07:00:00+00:00,-2959.0
2023-06-24 08:00:00+00:00,-2868.0
2023-06-24 09:00:00+00:00,-6007.0
2023-06-24 10:00:00+00:00,5501.0
2023-06-24 11:00:00+00:00,24399.0
2023-06-24 12:00:00+00:00,26043.0
2023-06-24 13:00:00+00:00,25501.0
2023-06-24 14:00:00+00:00,11838.0
2023-06-24 15:00:00+00:00,4877.0
2023-06-24 16:00:00+00:00,7402.0
2023-06-24 17:00:00+00:00,14129.0
2023-06-24 18:00:00+00:00,9105.0
2023-06-24 19:00:00+00:00,21380.0
2023-06-24 20:00:00+00:00,14709.0
2023-06-24 21:00:00+00:00,8497.0
2023-06-24 22:00:00+00:00,14658.0
2023-06-24 23:00:00+00:00,30685.0
2023-06-25 00:00:00+00:00,32201.0
2023-06-25 01:00:00+00:00,32607.0
2023-06-25 02:00:00+00:00,22493.0
2023-06-25 03:00:00+00:00,18536.0
2023-06-25 04:00:00+00:00,16691.0
2023-06-25 05:00:00+00:00,22006.0
2023-06-25 06:00:00+00:00,22635.0
2023-06-25 07:00:00+00:00,21053.0
2023-06-25 08:00:00+00:00,13199.0
2023-06-25 09:00:00+00:00,18897.0
2023-06-25 10:00:00+00:00,21988.0
2023-06-25 11:00:00+00:00,23190.0
2023-06-25 12:00:00+00:00,21827.0
2023-06-25 13:00:00+00:00,26159.0
2023-06-25 14:00:00+00:00,12829.0
2023-06-25 15:00:00+00:00,6413.0
2023-06-25 16:00:00+00:00,-1444.0
2023-06-25 17:00:00+00:00,9692.0
2023-06-25 18:00:00+00:00,29177.0
2023-06-25 19:00:00+00:00,37922.0
2023-06-25 20:00:00+00:00,28039.0
2023-06-25 21:00:00+00:00,19113.0
2023-06-25 22:00:00+00:00,21766.0
2023-06-25 23:00:00+00:00,33909.0
2023-06-26 00:00:00+00:00,26284.0
2023-06-26 01:00:00+00:00,28825.0
2023-06-26 02:00:00+00:00,26799.0
2023-06-26 03:00:00+00:00,19971.0
2023-06-26 04:00:00+00:00,20596.0
2023-06-26 05:00:00+00:00,15401.0
2023-06-26 06:00:00+00:00,15713.0
2023-06-26 07:00:00+00:00,19090.0
2023-06-26 08:00:00+00:00,8182.0
2023-06-26 09:00:00+00:00,717.0
2023-06-26 10:00:00+00:00,5664.0
2023-06-26 11:00:00+00:00,22867.0
2023-06-26 12:00:00+00:00,22937.0
2023-06-26 13:00:00+00:00,17424.0
2023-06-26 14:00:00+00:00,7954.0
2023-06-26 15:00:00+00:00,16228.0
2023-06-26 16:00:00+00:00,12796.0
2023-06-26 17:00:00+00:00,23448.0
2023-06-26 18:00:00+00:00,23597.0
2023-06-26 19:00:00+00:00,26584.0
2023-06-26 20:00:00+00:00,13534.0
2023-06-26 21:00:00+00:00,9805.0
2023-06-26 22:00:00+00:00,18203.0
2023-06-26 23:00:00+00:00,28494.0
2023-06-27 00:00:00+00:00,21233.0
2023-06-27 01:00:00+00:00,17612.0
2023-06-27 02:00:00+00:00,11613.0
2023-06-27 03:00:00+00:00,14108.0
2023-06-27 04:00:00+00:00,14810.0
2023-06-27 05:00:00+00:00,7894.0
2023-06-27 06:00:00+00:00,-9181.0
2023-06-27 07:00:00+00:00,9212.0
2023-06-27 08:00:00+00:00,-2728.0
2023-06-27 09:00:00+00:00,-12483.0
2023-06-27 10:00:00+00:00,-12081.0
2023-06-27 11:00:00+00:00,-12201.0
2023-06-27 12:00:00+00:00,1981.0
2023-06-27 13:00:00+00:00,24954.0
2023-06-27 14:00:00+00:00,9733.0
2023-06-27 15:00:00+00:00,1670.0
2023-06-27 16:00:00+00:00,2213.0
2023-06-27 17:00:00+00:00,8140.0
2023-06-27 18:00:00+00:00,16619.0
2023-06-27 19:00:00+00:00,24320.0
2023-06-27 20:00:00+00:00,22848.0
2023-06-27 21:00:00+00:00,20853.0
2023-06-27 22:00:00+00:00,13405.0
2023-06-27 23:00:00+00:00,20571.0
2023-06-28 00:00:00+00:00,28045.0
2023-06-28 01:00:00+00:00,29752.0
2023-06-28 02:00:00+00:00,29698.0
2023-06-28 03:00:00+00:00,23373.0
2023-06-28 04:00:00+00:00,24343.0
2023-06-28 05:00:00+00:00,25224.0
2023-06-28 06:00:00+00:00,23061.0
2023-06-28 07:00:00+00:00,19160.0
2023-06-28 08:00:00+00:00,15095.0
2023-06-28 09:00:00+00:00,14781.0
2023-06-28 10:00:00+00:00,14540.0
2023-06-28 11:00:00+00:00,19569.0
2023-06-28 12:00:00+00:00,20450.0
2023-06-28 13:00:00+00:00,20273.0
2023-06-28 14:00:00+00:00,17079.0
2023-06-28 15:00:00+00:00,9569.0
2023-06-28 16:00:00+00:00,9225.0
2023-06-28 17:00:00+00:00,12362.0
2023-06-28 18:00:00+00:00,14862.0
2023-06-28 19:00:00+00:00,17444.0
2023-06-28 20:00:00+00:00,18360.0
2023-06-28 21:00:00+00:00,17941.0
2023-06-28 22:00:00+00:00,19905.0
2023-06-28 23:00:00+00:00,32642.0
2023-06-29 00:00:00+00:00,32230.0
2023-06-29 01:00:00+00:00,34497.0
2023-06-29 02:00:00+00:00,34475.0
2023-06-29 03:00:00+00:00,28536.0
2023-06-29 04:00:00+00:00,29872.0
2023-06-29 05:00:00+00:00,26849.0
2023-06-29 06:00:00+00:00,20630.0
2023-06-29 07:00:00+00:00,21982.0
2023-06-29 08:00:00+00:00,21430.0
2023-06-29 09:00:00+00:00,12546.0
2023-06-29 10:00:00+00:00,16802.0
2023-06-29 11:00:00+00:00,21623.0
2023-06-29 12:00:00+00:00,21015.0
2023-06-29 13:00:00+00:00,18116.0
2023-06-29 14:00:00+00:00,8990.0
2023-06-29 15:00:00+00:00,10184.0
2023-06-29 16:00:00+00:00,4622.0
2023-06-29 17:00:00+00:00,16245.0
2023-06-29 18:00:00+00:00,20796.0
2023-06-29 19:00:00+00:00,14459.0
2023-06-29 20:00:00+00:00,16929.0
2023-06-29 21:00:00+00:00,11014.0
2023-06-29 22:00:00+00:00,3634.0
2023-06-29 23:00:00+00:00,11526.0
2023-06-30 00:00:00+00:00,17410.0
2023-06-30 01:00:00+00:00,16777.0
2023-06-30 02:00:00+00:00,11126.0
2023-06-30 03:00:00+00:00,3879.0
2023-06-30 04:00:00+00:00,7739.0
2023-06-30 05:00:00+00:00,14085.0
2023-06-30 06:00:00+00:00,8000.0
2023-06-30 07:00:00+00:00,4265.0
2023-06-30 08:00:00+00:00,-10167.0
2023-06-30 09:00:00+00:00,-4747.0
2023-06-30 10:00:00+00:00,-3169.0
2023-06-30 11:00:00+00:00,7294.0
2023-06-30 12:00:00+00:00,-3765.0
2023-06-30 13:00:00+00:00,-11181.0
2023-06-30 14:00:00+00:00,-14037.0
2023-06-30 15:00:00+00:00,2331.0
2023-06-30 16:00:00+00:00,1960.0
2023-06-30 17:00:00+00:00,6903.0
2023-06-30 18:00:00+00:00,13367.0
2023-06-30 19:00:00+00:00,13219.0
2023-06-30 20:00:00+00:00,12529.0
2023-06-30 21:00:00+00:00,10588.0
2023-06-30 22:00:00+00:00,17746.0
2023-06-30 23:00:00+00:00,24915.0
2023-07-01 00:00:00+00:00,25931.0
2023-07-01 01:00:00+00:00,19459.0
2023-07-01 02:00:00+00:00,13887.0
2023-07-01 03:00:00+00:00,14626.0
2023-07-01 04:00:00+00:00,22748.0
2023-07-01 05:00:00+00:00,33323.0
2023-07-01 06:00:00+00:00,29368.0
2023-07-01 07:00:00+00:00,15904.0
2023-07-01 08:00:00+00:00,7093.0
2023-07-01 09:00:00+00:00,12414.0
2023-07-01 10:00:00+00:00,22502.0
2023-07-01 11:00:00+00:00,33421.0
2023-07-01 12:00:00+00:00,37042.0
2023-07-01 13:00:00+00:00,30759.0
2023-07-01 14:00:00+00:00,16267.0
2023-07-01 15:00:00+00:00,15565.0
2023-07-01 16:00:00+00:00,20663.0
2023-07-01 17:00:00+00:00,20865.0
2023-07-01 18:00:00+00:00,24025.0
2023-07-01 19:00:00+00:00,27004.0
2023-07-01 20:00:00+00:00,18310.0
2023-07-01 21:00:00+00:00,17582.0
2023-07-01 22:00:00+00:00,13107.0
2023-07-01 23:00:00+00:00,10284.0
2023-07-02 00:00:00+00:00,4770.0
2023-07-02 01:00:00+00:00,2124.0
2023-07-02 02:00:00+00:00,1081.0
2023-07-02 03:00:00+00:00,4358.0
2023-07-02 04:00:00+00:00,4615.0
2023-07-02 05:00:00+00:00,9957.0
2023-07-02 06:00:00+00:00,6730.0
2023-07-02 07:00:00+00:00,1178.0
2023-07-02 08:00:00+00:00,-5285.0
2023-07-02 09:00:00+00:00,-7615.0
2023-07-02 10:00:00+00:00,-5622.0
2023-07-02 11:00:00+00:00,-3968.0
2023-07-02 12:00:00+00:00,-10158.0
2023-07-02 13:00:00+00:00,-6746.0
2023-07-02 14:00:00+00:00,-2029.0
2023-07-02 15:00:00+00:00,8175.0
2023-07-02 16:00:00+00:00,12581.0
2023-07-02 17:00:00+00:00,16389.0
2023-07-02 18:00:00+00:00,20062.0
2023-07-02 19:00:00+00:00,10920.0
2023-07-02 20:00:00+00:00,3301.0
2023-07-02 21:00:00+00:00,-2679.0
2023-07-02 22:00:00+00:00,4196.0
2023-07-02 23:00:00+00:00,7383.0
2023-07-03 00:00:00+00:00,-5761.0
2023-07-03 01:00:00+00:00,-4907.0
2023-07-03 02:00:00+00:00,1638.0
2023-07-03 03:00:00+00:00,2031.0
2023-07-03 04:00:00+00:00,759.0
2023-07-03 05:00:00+00:00,-4337.0
2023-07-03 06:00:00+00:00,-8322.0
2023-07-03 07:00:00+00:00,-4583.0
2023-07-03 08:00:00+00:00,-5985.0
2023-07-03 09:00:00+00:00,-9657.0
2023-07-03 10:00:00+00:00,-7526.0
2023-07-03 11:00:00+00:00,1789.0
2023-07-03 12:00:00+00:00,-6385.0
2023-07-03 13:00:00+00:00,5329.0
2023-07-03 14:00:00+00:00,2820.0
2023-07-03 15:00:00+00:00,-5500.0
2023-07-03 16:00:00+00:00,-3244.0
2023-07-03 17:00:00+00:00,5060.0
2023-07-03 18:00:00+00:00,7177.0
2023-07-03 19:00:00+00:00,7890.0
2023-07-03 20:00:00+00:00,3987.0
2023-07-03 21:00:00+00:00,-471.0
2023-07-03 22:00:00+00:00,-1291.0
2023-07-03 23:00:00+00:00,1529.0
2023-07-04 00:00:00+00:00,2347.0
2023-07-04 01:00:00+00:00,7525.0
2023-07-04 02:00:00+00:00,3088.0
2023-07-04 03:00:00+00:00,9561.0
2023-07-04 04:00:00+00:00,15421.0
2023-07-04 05:00:00+00:00,24019.0
2023-07-04 06:00:00+00:00,16879.0
2023-07-04 07:00:00+00:00,10000.0
2023-07-04 08:00:00+00:00,6630.0
2023-07-04 09:00:00+00:00,11929.0
2023-07-04 10:00:00+00:00,14733.0
2023-07-04 11:00:00+00:00,14794.0
2023-07-04 12:00:00+00:00,20422.0
2023-07-04 13:00:00+00:00,23269.0
2023-07-04 14:00:00+00:00,15981.0
2023-07-04 15:00:00+00:00,9966.0
2023-07-04 16:00:00+00:00,3792.0
2023-07-04 17:00:00+00:00,1921.0
2023-07-04 18:00:00+00:00,13762.0
2023-07-04 19:00:00+00:00,21525.0
2023-07-04 20:00:00+00:00,15979.0
2023-07-04 21:00:00+00:00,14745.0
2023-07-04 22:00:00+00:00,18194.0
2023-07-04 23:00:00+00:00,18516.0
2023-07-05 00:00:00+00:00,18132.0
2023-07-05 01:00:00+00:00,16182.0
2023-07-05 02:00:00+00:00,5307.0
2023-07-05 03:00:00+00:00,6175.0
2023-07-05 04:00:00+00:00,2428.0
2023-07-05 05:00:00+00:00,3789.0
2023-07-05 06:00:00+00:00,9201.0
2023-07-05 07:00:00+00:00,13831.0
2023-07-05 08:00:00+00:00,-1516.0
2023-07-05 09:00:00+00:00,-3243.0
2023-07-05 10:00:00+00:00,636.0
2023-07-05 11:00:00+00:00,13510.0
2023-07-05 12:00:00+00:00,16086.0
2023-07-05 13:00:00+00:00,15981.0
2023-07-05 14:00:00+00:00,7743.0
2023-07-05 15:00:00+00:00,9349.0
2023-07-05 16:00:00+00:00,11214.0
2023-07-05 17:00:00+00:00,15791.0
2023-07-05 18:00:00+00:00,19970.0
2023-07-05 19:00:00+00:00,21895.0
2023-07-05 20:00:00+00:00,11024.0
2023-07-05 21:00:00+00:00,11137.0
2023-07-05 22:00:00+00:00,16368.0
2023-07-05 23:00:00+00:00,19078.0
2023-07-06 00:00:00+00:00,18494.0
2023-07-06 01:00:00+00:00,20547.0
2023-07-06 02:00:00+00:00,17583.0
2023-07-06 03:00:00+00:00,19471.0
2023-07-06 04:00:00+00:00,22513.0
2023-07-06 05:00:00+00:00,21082.0
2023-07-06 06:00:00+00:00,15392.0
2023-07-06 07:00:00+00:00,17312.0
2023-07-06 08:00:00+00:00,15063.0
2023-07-06 09:00:00+00:00,14080.0
2023-07-06 10:00:00+00:00,12891.0
2023-07-06 11:00:00+00:00,14638.0
2023-07-06 12:00:00+00:00,16191.0
2023-07-06 13:00:00+00:00,15508.0
2023-07-06 14:00:00+00:00,10493.0
2023-07-06 15:00:00+00:00,6642.0
2023-07-06 16:00:00+00:00,3888.0
2023-07-06 17:00:00+00:00,4447.0
2023-07-06 18:00:00+00:00,4664.0
2023-07-06 19:00:00+00:00,6926.0
2023-07-06 20:00:00+00:00,5683.0
2023-07-06 21:00:00+00:00,16012.0
2023-07-06 22:00:00+00:00,18882.0
2023-07-06 23:00:00+00:00,24076.0
2023-07-07 00:00:00+00:00,20441.0
2023-07-07 01:00:00+00:00,26062.0
2023-07-07 02:00:00+00:00,22234.0
2023-07-07 03:00:00+00:00,20206.0
2023-07-07 04:00:00+00:00,24754.0
2023-07-07 05:00:00+00:00,27409.0
2023-07-07 06:00:00+00:00,26246.0
2023-07-07 07:00:00+00:00,20758.0
2023-07-07 08:00:00+00:00,11674.0
2023-07-07 09:00:00+00:00,4677.0
2023-07-07 10:00:00+00:00,4897.0
2023-07-07 11:00:00+00:00,14659.0
2023-07-07 12:00:00+00:00,13444.0
2023-07-07 13:00:00+00:00,14031.0
2023-07-07 14:00:00+00:00,5451.0
2023-07-07 15:00:00+00:00,6714.0
2023-07-07 16:00:00+00:00,7710.0
2023-07-07 17:00:00+00:00,12961.0
2023-07-07 18:00:00+00:00,16474.0
2023-07-07 19:00:00+00:00,18715.0
2023-07-07 20:00:00+00:00,16096.0
2023-07-07 21:00:00+00:00,18065.0
2023-07-07 22:00:00+00:00,15644.0
2023-07-07 23:00:00+00:00,21649.0
2023-07-08 00:00:00+00:00,20282.0
2023-07-08 01:00:00+00:00,19610.0
2023-07-08 02:00:00+00:00,9959.0
2023-07-08 03:00:00+00:00,8881.0
2023-07-08 04:00:00+00:00,8019.0
2023-07-08 05:00:00+00:00,10269.0
2023-07-08 06:00:00+00:00,9580.0
2023-07-08 07:00:00+00:00,10619.0
2023-07-08 08:00:00+00:00,2140.0
2023-07-08 09:00:00+00:00,-3353.0
2023-07-08 10:00:00+00:00,-5834.0
2023-07-08 11:00:00+00:00,6562.0
2023-07-08 12:00:00+00:00,3518.0
2023-07-08 13:00:00+00:00,106.0
2023-07-08 14:00:00+00:00,-3428.0
2023-07-08 15:00:00+00:00,-3955.0
2023-07-08 16:00:00+00:00,-5661.0
2023-07-08 17:00:00+00:00,-1456.0
2023-07-08 18:00:00+00:00,-707.0
2023-07-08 19:00:00+00:00,4171.0
2023-07-08 20:00:00+00:00,-4887.0
2023-07-08 21:00:00+00:00,1123.0
2023-07-08 22:00:00+00:00,8168.0
2023-07-08 23:00:00+00:00,10472.0
2023-07-09 00:00:00+00:00,14654.0
2023-07-09 01:00:00+00:00,26822.0
2023-07-09 02:00:00+00:00,22615.0
2023-07-09 03:00:00+00:00,25561.0
2023-07-09 04:00:00+00:00,22513.0
2023-07-09 05:00:00+00:00,24582.0
2023-07-09 06:00:00+00:00,19048.0
2023-07-09 07:00:00+00:00,15590.0
2023-07-09 08:00:00+00:00,14743.0
2023-07-09 09:00:00+00:00,19614.0
2023-07-09 10:00:00+00:00,18751.0
2023-07-09 11:00:00+00:00,23566.0
2023-07-09 12:00:00+00:00,24653.0
2023-07-09 13:00:00+00:00,22980.0
2023-07-09 14:00:00+00:00,15793.0
2023-07-09 15:00:00+00:00,12787.0
2023-07-09 16:00:00+00:00,13532.0
2023-07-09 17:00:00+00:00,13957.0
2023-07-09 18:00:00+00:00,16664.0
2023-07-09 19:00:00+00:00,20015.0
2023-07-09 20:00:00+00:00,24582.0
2023-07-09 21:00:00+00:00,19571.0
2023-07-09 22:00:00+00:00,23399.0
2023-07-09 23:00:00+00:00,22606.0
2023-07-10 00:00:00+00:00,18646.0
2023-07-10 01:00:00+00:00,15797.0
2023-07-10 02:00:00+00:00,5385.0
2023-07-10 03:00:00+00:00,-2680.0
2023-07-10 04:00:00+00:00,11841.0
2023-07-10 05:00:00+00:00,24736.0
2023-07-10 06:00:00+00:00,15723.0
2023-07-10 07:00:00+00:00,3265.0
2023-07-10 08:00:00+00:00,-6836.0
2023-07-10 09:00:00+00:00,-13421.0
2023-07-10 10:00:00+00:00,-5963.0
2023-07-10 11:00:00+00:00,16429.0
2023-07-10 12:00:00+00:00,18085.0
2023-07-10 13:00:00+00:00,17273.0
2023-07-10 14:00:00+00:00,10622.0
2023-07-10 15:00:00+00:00,-199.0
2023-07-10 16:00:00+00:00,5101.0
2023-07-10 17:00:00+00:00,7855.0
2023-07-10 18:00:00+00:00,9307.0
2023-07-10 19:00:00+00:00,13440.0
2023-07-10 20:00:00+00:00,15581.0
2023-07-10 21:00:00+00:00,14531.0
2023-07-10 22:00:00+00:00,18638.0
2023-07-10 23:00:00+00:00,22130.0
2023-07-11 00:00:00+00:00,20980.0
2023-07-11 01:00:00+00:00,21072.0
2023-07-11 02:00:00+00:00,15620.0
2023-07-11 03:00:00+00:00,13802.0
2023-07-11 04:00:00+00:00,17447.0
2023-07-11 05:00:00+00:00,21010.0
2023-07-11 06:00:00+00:00,13383.0
2023-07-11 07:00:00+00:00,5186.0
2023-07-11 08:00:00+00:00,-3923.0
2023-07-11 09:00:00+00:00,-11099.0
2023-07-11 10:00:00+00:00,-6039.0
2023-07-11 11:00:00+00:00,-467.0
2023-07-11 12:00:00+00:00,-2139.0
2023-07-11 13:00:00+00:00,7174.0
2023-07-11 14:00:00+00:00,-11618.0
2023-07-11 15:00:00+00:00,-18211.0
2023-07-11 16:00:00+00:00,-10876.0
2023-07-11 17:00:00+00:00,458.0
2023-07-11 18:00:00+00:00,-2096.0
2023-07-11 19:00:00+00:00,-3985.0
2023-07-11 20:00:00+00:00,-12600.0
2023-07-11 21:00:00+00:00,-8560.0
2023-07-11 22:00:00+00:00,-1669.0
2023-07-11 23:00:00+00:00,7856.0
2023-07-12 00:00:00+00:00,-87.0
2023-07-12 01:00:00+00:00,1538.0
2023-07-12 02:00:00+00:00,1406.0
2023-07-12 03:00:00+00:00,5997.0
2023-07-12 04:00:00+00:00,16107.0
2023-07-12 05:00:00+00:00,18917.0
2023-07-12 06:00:00+00:00,3498.0
2023-07-12 07:00:00+00:00,-13227.0
2023-07-12 08:00:00+00:00,-14441.0
2023-07-12 09:00:00+00:00,-14665.0
2023-07-12 10:00:00+00:00,-8636.0
2023-07-12 11:00:00+00:00,2856.0
2023-07-12 12:00:00+00:00,112.0
2023-07-12 13:00:00+00:00,-2903.0
2023-07-12 14:00:00+00:00,323.0
2023-07-12 15:00:00+00:00,-502.0
2023-07-12 16:00:00+00:00,-1386.0
2023-07-12 17:00:00+00:00,-9164.0
2023-07-12 18:00:00+00:00,-9343.0
2023-07-12 19:00:00+00:00,-175.0
2023-07-12 20:00:00+00:00,4082.0
2023-07-12 21:00:00+00:00,10595.0
2023-07-12 22:00:00+00:00,21917.0
2023-07-12 23:00:00+00:00,25890.0
2023-07-13 00:00:00+00:00,27134.0
2023-07-13 01:00:00+00:00,10860.0
2023-07-13 02:00:00+00:00,-1265.0
2023-07-13 03:00:00+00:00,2562.0
2023-07-13 04:00:00+00:00,6685.0
2023-07-13 05:00:00+00:00,22611.0
2023-07-13 06:00:00+00:00,12722.0
2023-07-13 07:00:00+00:00,1349.0
2023-07-13 08:00:00+00:00,-4402.0
2023-07-13 09:00:00+00:00,-399.0
2023-07-13 10:00:00+00:00,2501.0
2023-07-13 11:00:00+00:00,19588.0
2023-07-13 12:00:00+00:00,14455.0
2023-07-13 13:00:00+00:00,16016.0
2023-07-13 14:00:00+00:00,11138.0
2023-07-13 15:00:00+00:00,6177.0
2023-07-13 16:00:00+00:00,5892.0
2023-07-13 17:00:00+00:00,6859.0
2023-07-13 18:00:00+00:00,-22.0
2023-07-13 19:00:00+00:00,12901.0
2023-07-13 20:00:00+00:00,3995.0
2023-07-13 21:00:00+00:00,-7132.0
2023-07-13 22:00:00+00:00,-3363.0
2023-07-13 23:00:00+00:00,13901.0
2023-07-14 00:00:00+00:00,4888.0
2023-07-14 01:00:00+00:00,-614.0
2023-07-14 02:00:00+00:00,-302.0
2023-07-14 03:00:00+00:00,3954.0
2023-07-14 04:00:00+00:00,7985.0
2023-07-14 05:00:00+00:00,21435.0
2023-07-14 06:00:00+00:00,9888.0
2023-07-14 07:00:00+00:00,2125.0
2023-07-14 08:00:00+00:00,-687.0
2023-07-14 09:00:00+00:00,-4016.0
2023-07-14 10:00:00+00:00,791.0
2023-07-14 11:00:00+00:00,15291.0
2023-07-14 12:00:00+00:00,9499.0
2023-07-14 13:00:00+00:00,7528.0
2023-07-14 14:00:00+00:00,4387.0
2023-07-14 15:00:00+00:00,589.0
2023-07-14 16:00:00+00:00,3796.0
2023-07-14 17:00:00+00:00,17590.0
2023-07-14 18:00:00+00:00,23182.0
2023-07-14 19:00:00+00:00,21648.0
2023-07-14 20:00:00+00:00,26631.0
2023-07-14 21:00:00+00:00,24564.0
2023-07-14 22:00:00+00:00,14565.0
2023-07-14 23:00:00+00:00,19921.0
2023-07-15 00:00:00+00:00,19495.0
2023-07-15 01:00:00+00:00,14745.0
2023-07-15 02:00:00+00:00,5101.0
2023-07-15 03:00:00+00:00,4978.0
2023-07-15 04:00:00+00:00,4489.0
2023-07-15 05:00:00+00:00,9778.0
2023-07-15 06:00:00+00:00,11280.0
2023-07-15 07:00:00+00:00,15307.0
2023-07-15 08:00:00+00:00,1027.0
2023-07-15 09:00:00+00:00,-2709.0
2023-07-15 10:00:00+00:00,-4745.0
2023-07-15 11:00:00+00:00,5634.0
2023-07-15 12:00:00+00:00,1156.0
2023-07-15 13:00:00+00:00,-2396.0
2023-07-15 14:00:00+00:00,-6737.0
2023-07-15 15:00:00+00:00,-3209.0
2023-07-15 16:00:00+00:00,-11553.0
2023-07-15 17:00:00+00:00,-14886.0
2023-07-15 18:00:00+00:00,-6408.0
2023-07-15 19:00:00+00:00,-2301.0
2023-07-15 20:00:00+00:00,-1146.0
2023-07-15 21:00:00+00:00,37.0
2023-07-15 22:00:00+00:00,1129.0
2023-07-15 23:00:00+00:00,879.0
2023-07-16 00:00:00+00:00,-4325.0
2023-07-16 01:00:00+00:00,-8160.0
2023-07-16 02:00:00+00:00,-7322.0
2023-07-16 03:00:00+00:00,-3429.0
2023-07-16 04:00:00+00:00,-4859.0
2023-07-16 05:00:00+00:00,-5400.0
2023-07-16 06:00:00+00:00,-6098.0
2023-07-16 07:00:00+00:00,-7169.0
2023-07-16 08:00:00+00:00,-7809.0
2023-07-16 09:00:00+00:00,-7401.0
2023-07-16 10:00:00+00:00,-9203.0
2023-07-16 11:00:00+00:00,-5704.0
2023-07-16 12:00:00+00:00,-4151.0
2023-07-16 13:00:00+00:00,-3980.0
2023-07-16 14:00:00+00:00,-4476.0
2023-07-16 15:00:00+00:00,-1298.0
2023-07-16 16:00:00+00:00,4308.0
2023-07-16 17:00:00+00:00,11271.0
2023-07-16 18:00:00+00:00,15440.0
2023-07-16 19:00:00+00:00,18693.0
2023-07-16 20:00:00+00:00,18558.0
2023-07-16 21:00:00+00:00,18888.0
2023-07-16 22:00:00+00:00,19134.0
2023-07-16 23:00:00+00:00,25132.0
2023-07-17 00:00:00+00:00,27710.0
2023-07-17 01:00:00+00:00,27205.0
2023-07-17 02:00:00+00:00,19959.0
2023-07-17 03:00:00+00:00,25207.0
2023-07-17 04:00:00+00:00,21573.0
2023-07-17 05:00:00+00:00,20429.0
2023-07-17 06:00:00+00:00,17543.0
2023-07-17 07:00:00+00:00,12905.0
2023-07-17 08:00:00+00:00,9205.0
2023-07-17 09:00:00+00:00,3794.0
2023-07-17 10:00:00+00:00,-3155.0
2023-07-17 11:00:00+00:00,-3325.0
2023-07-17 12:00:00+00:00,10292.0
2023-07-17 13:00:00+00:00,10990.0
2023-07-17 14:00:00+00:00,11664.0
2023-07-17 15:00:00+00:00,9249.0
2023-07-17 16:00:00+00:00,6926.0
2023-07-17 17:00:00+00:00,4793.0
2023-07-17 18:00:00+00:00,3514.0
2023-07-17 19:00:00+00:00,14000.0
2023-07-17 20:00:00+00:00,13301.0
2023-07-17 21:00:00+00:00,4768.0
2023-07-17 22:00:00+00:00,11219.0
2023-07-17 23:00:00+00:00,20409.0
2023-07-18 00:00:00+00:00,23026.0
2023-07-18 01:00:00+00:00,29669.0
2023-07-18 02:00:00+00:00,28641.0
2023-07-18 03:00:00+00:00,26326.0
2023-07-18 04:00:00+00:00,29481.0
2023-07-18 05:00:00+00:00,27503.0
2023-07-18 06:00:00+00:00,19961.0
2023-07-18 07:00:00+00:00,15770.0
2023-07-18 08:00:00+00:00,12792.0
2023-07-18 09:00:00+00:00,6469.0
2023-07-18 10:00:00+00:00,9946.0
2023-07-18 11:00:00+00:00,16693.0
2023-07-18 12:00:00+00:00,15838.0
2023-07-18 13:00:00+00:00,15864.0
2023-07-18 14:00:00+00:00,10397.0
2023-07-18 15:00:00+00:00,10239.0
2023-07-18 16:00:00+00:00,9871.0
2023-07-18 17:00:00+00:00,6365.0
2023-07-18 18:00:00+00:00,7475.0
2023-07-18 19:00:00+00:00,4703.0
2023-07-18 20:00:00+00:00,8065.0
2023-07-18 21:00:00+00:00,12967.0
2023-07-18 22:00:00+00:00,11906.0
2023-07-18 23:00:00+00:00,19479.0
2023-07-19 00:00:00+00:00,16422.0
2023-07-19 01:00:00+00:00,22124.0
2023-07-19 02:00:00+00:00,26327.0
2023-07-19 03:00:00+00:00,27266.0
2023-07-19 04:00:00+00:00,27510.0
2023-07-19 05:00:00+00:00,23773.0
2023-07-19 06:00:00+00:00,19667.0
2023-07-19 07:00:00+00:00,18290.0
2023-07-19 08:00:00+00:00,21307.0
2023-07-19 09:00:00+00:00,25157.0
2023-07-19 10:00:00+00:00,12246.0
2023-07-19 11:00:00+00:00,12729.0
2023-07-19 12:00:00+00:00,19535.0
2023-07-19 13:00:00+00:00,18159.0
2023-07-19 14:00:00+00:00,29334.0
2023-07-19 15:00:00+00:00,28312.0
2023-07-19 16:00:00+00:00,19248.0
2023-07-19 17:00:00+00:00,18196.0
2023-07-19 18:00:00+00:00,17823.0
2023-07-19 19:00:00+00:00,21055.0
2023-07-19 20:00:00+00:00,18302.0
2023-07-19 21:00:00+00:00,15972.0
2023-07-19 22:00:00+00:00,23342.0
2023-07-19 23:00:00+00:00,30983.0
2023-07-20 00:00:00+00:00,31534.0
2023-07-20 01:00:00+00:00,31113.0
2023-07-20 02:00:00+00:00,28683.0
2023-07-20 03:00:00+00:00,17413.0
2023-07-20 04:00:00+00:00,15233.0
2023-07-20 05:00:00+00:00,26538.0
2023-07-20 06:00:00+00:00,23669.0
2023-07-20 07:00:00+00:00,23499.0
2023-07-20 08:00:00+00:00,20489.0
2023-07-20 09:00:00+00:00,10400.0
2023-07-20 10:00:00+00:00,12860.0
2023-07-20 11:00:00+00:00,20153.0
2023-07-20 12:00:00+00:00,17898.0
2023-07-20 13:00:00+00:00,17023.0
2023-07-20 14:00:00+00:00,18590.0
2023-07-20 15:00:00+00:00,15081.0
2023-07-20 16:00:00+00:00,12939.0
2023-07-20 17:00:00+00:00,12977.0
2023-07-20 18:00:00+00:00,13232.0
2023-07-20 19:00:00+00:00,13374.0
2023-07-20 20:00:00+00:00,14301.0
2023-07-20 21:00:00+00:00,8936.0
2023-07-20 22:00:00+00:00,15091.0
2023-07-20 23:00:00+00:00,28557.0
2023-07-21 00:00:00+00:00,29377.0
2023-07-21 01:00:00+00:00,30283.0
2023-07-21 02:00:00+00:00,31565.0
2023-07-21 03:00:00+00:00,31470.0
2023-07-21 04:00:00+00:00,29679.0
2023-07-21 05:00:00+00:00,31787.0
2023-07-21 06:00:00+00:00,24327.0
2023-07-21 07:00:00+00:00,20793.0
2023-07-21 08:00:00+00:00,17938.0
2023-07-21 09:00:00+00:00,9486.0
2023-07-21 10:00:00+00:00,7182.0
2023-07-21 11:00:00+00:00,14942.0
2023-07-21 12:00:00+00:00,19444.0
2023-07-21 13:00:00+00:00,18884.0
2023-07-21 14:00:00+00:00,29392.0
2023-07-21 15:00:00+00:00,28016.0
2023-07-21 16:00:00+00:00,25207.0
2023-07-21 17:00:00+00:00,22338.0
2023-07-21 18:00:00+00:00,21844.0
2023-07-21 19:00:00+00:00,26848.0
2023-07-21 20:00:00+00:00,26720.0
2023-07-21 21:00:00+00:00,22313.0
2023-07-21 22:00:00+00:00,30692.0
2023-07-21 23:00:00+00:00,33205.0
2023-07-22 00:00:00+00:00,33226.0
2023-07-22 01:00:00+00:00,35038.0
2023-07-22 02:00:00+00:00,33437.0
2023-07-22 03:00:00+00:00,27155.0
2023-07-22 04:00:00+00:00,23993.0
2023-07-22 05:00:00+00:00,26541.0
2023-07-22 06:00:00+00:00,15553.0
2023-07-22 07:00:00+00:00,13188.0
2023-07-22 08:00:00+00:00,24889.0
2023-07-22 09:00:00+00:00,20056.0
2023-07-22 10:00:00+00:00,6237.0
2023-07-22 11:00:00+00:00,17223.0
2023-07-22 12:00:00+00:00,16338.0
2023-07-22 13:00:00+00:00,15629.0
2023-07-22 14:00:00+00:00,23294.0
2023-07-22 15:00:00+00:00,26416.0
2023-07-22 16:00:00+00:00,8170.0
2023-07-22 17:00:00+00:00,21670.0
2023-07-22 18:00:00+00:00,28632.0
2023-07-22 19:00:00+00:00,27850.0
2023-07-22 20:00:00+00:00,31156.0
2023-07-22 21:00:00+00:00,31243.0
2023-07-22 22:00:00+00:00,20878.0
2023-07-22 23:00:00+00:00,23466.0
2023-07-23 00:00:00+00:00,25194.0
2023-07-23 01:00:00+00:00,29659.0
2023-07-23 02:00:00+00:00,29222.0
2023-07-23 03:00:00+00:00,28004.0
2023-07-23 04:00:00+00:00,19841.0
2023-07-23 05:00:00+00:00,21217.0
2023-07-23 06:00:00+00:00,22481.0
2023-07-23 07:00:00+00:00,20069.0
2023-07-23 08:00:00+00:00,16137.0
2023-07-23 09:00:00+00:00,11120.0
2023-07-23 10:00:00+00:00,8335.0
2023-07-23 11:00:00+00:00,11200.0
2023-07-23 12:00:00+00:00,11929.0
2023-07-23 13:00:00+00:00,9936.0
2023-07-23 14:00:00+00:00,8785.0
2023-07-23 15:00:00+00:00,7992.0
2023-07-23 16:00:00+00:00,5437.0
2023-07-23 17:00:00+00:00,5934.0
2023-07-23 18:00:00+00:00,9693.0
2023-07-23 19:00:00+00:00,12189.0
2023-07-23 20:00:00+00:00,17419.0
2023-07-23 21:00:00+00:00,17907.0
2023-07-23 22:00:00+00:00,17755.0
2023-07-23 23:00:00+00:00,15381.0
2023-07-24 00:00:00+00:00,17992.0
2023-07-24 01:00:00+00:00,21625.0
2023-07-24 02:00:00+00:00,20628.0
2023-07-24 03:00:00+00:00,22968.0
2023-07-24 04:00:00+00:00,20371.0
2023-07-24 05:00:00+00:00,19910.0
2023-07-24 06:00:00+00:00,16227.0
2023-07-24 07:00:00+00:00,12110.0
2023-07-24 08:00:00+00:00,9479.0
2023-07-24 09:00:00+00:00,4770.0
2023-07-24 10:00:00+00:00,-1044.0
2023-07-24 11:00:00+00:00,5808.0
2023-07-24 12:00:00+00:00,7543.0
2023-07-24 13:00:00+00:00,5476.0
2023-07-24 14:00:00+00:00,7451.0
2023-07-24 15:00:00+00:00,9331.0
2023-07-24 16:00:00+00:00,9747.0
2023-07-24 17:00:00+00:00,11795.0
2023-07-24 18:00:00+00:00,10144.0
2023-07-24 19:00:00+00:00,12318.0
2023-07-24 20:00:00+00:00,9910.0
2023-07-24 21:00:00+00:00,7866.0
2023-07-24 22:00:00+00:00,5543.0
2023-07-24 23:00:00+00:00,13771.0
2023-07-25 00:00:00+00:00,15544.0
2023-07-25 01:00:00+00:00,15213.0
2023-07-25 02:00:00+00:00,14062.0
2023-07-25 03:00:00+00:00,16748.0
2023-07-25 04:00:00+00:00,8633.0
2023-07-25 05:00:00+00:00,19737.0
2023-07-25 06:00:00+00:00,15687.0
2023-07-25 07:00:00+00:00,10407.0
2023-07-25 08:00:00+00:00,4619.0
2023-07-25 09:00:00+00:00,-6561.0
2023-07-25 10:00:00+00:00,-5882.0
2023-07-25 11:00:00+00:00,7746.0
2023-07-25 12:00:00+00:00,6553.0
2023-07-25 13:00:00+00:00,5947.0
2023-07-25 14:00:00+00:00,7708.0
2023-07-25 15:00:00+00:00,8056.0
2023-07-25 16:00:00+00:00,6126.0
2023-07-25 17:00:00+00:00,9107.0
2023-07-25 18:00:00+00:00,10747.0
2023-07-25 19:00:00+00:00,5443.0
2023-07-25 20:00:00+00:00,3771.0
2023-07-25 21:00:00+00:00,14357.0
2023-07-25 22:00:00+00:00,5183.0
2023-07-25 23:00:00+00:00,7651.0
2023-07-26 00:00:00+00:00,12940.0
2023-07-26 01:00:00+00:00,15114.0
2023-07-26 02:00:00+00:00,13969.0
2023-07-26 03:00:00+00:00,16480.0
2023-07-26 04:00:00+00:00,7025.0
2023-07-26 05:00:00+00:00,3718.0
2023-07-26 06:00:00+00:00,-6900.0
2023-07-26 07:00:00+00:00,-8890.0
2023-07-26 08:00:00+00:00,-4681.0
2023-07-26 09:00:00+00:00,-15948.0
2023-07-26 10:00:00+00:00,-13071.0
2023-07-26 11:00:00+00:00,4697.0
2023-07-26 12:00:00+00:00,5136.0
2023-07-26 13:00:00+00:00,13323.0
2023-07-26 14:00:00+00:00,10619.0
2023-07-26 15:00:00+00:00,3056.0
2023-07-26 16:00:00+00:00,-987.0
2023-07-26 17:00:00+00:00,10586.0
2023-07-26 18:00:00+00:00,16410.0
2023-07-26 19:00:00+00:00,21749.0
2023-07-26 20:00:00+00:00,21573.0
2023-07-26 21:00:00+00:00,20071.0
2023-07-26 22:00:00+00:00,15828.0
2023-07-26 23:00:00+00:00,22835.0
2023-07-27 00:00:00+00:00,21195.0
2023-07-27 01:00:00+00:00,22677.0
2023-07-27 02:00:00+00:00,20184.0
2023-07-27 03:00:00+00:00,21135.0
2023-07-27 04:00:00+00:00,18904.0
2023-07-27 05:00:00+00:00,20986.0
2023-07-27 06:00:00+00:00,23044.0
2023-07-27 07:00:00+00:00,22854.0
2023-07-27 08:00:00+00:00,18901.0
2023-07-27 09:00:00+00:00,21900.0
2023-07-27 10:00:00+00:00,13268.0
2023-07-27 11:00:00+00:00,17543.0
2023-07-27 12:00:00+00:00,10669.0
2023-07-27 13:00:00+00:00,14961.0
2023-07-27 14:00:00+00:00,21427.0
2023-07-27 15:00:00+00:00,18497.0
2023-07-27 16:00:00+00:00,10425.0
2023-07-27 17:00:00+00:00,6350.0
2023-07-27 18:00:00+00:00,7728.0
2023-07-27 19:00:00+00:00,14404.0
2023-07-27 20:00:00+00:00,3166.0
2023-07-27 21:00:00+00:00,5250.0
2023-07-27 22:00:00+00:00,-530.0
2023-07-27 23:00:00+00:00,8954.0
2023-07-28 00:00:00+00:00,14540.0
2023-07-28 01:00:00+00:00,19917.0
2023-07-28 02:00:00+00:00,7955.0
2023-07-28 03:00:00+00:00,1290.0
2023-07-28 04:00:00+00:00,-2024.0
2023-07-28 05:00:00+00:00,4266.0
2023-07-28 06:00:00+00:00,-3614.0
2023-07-28 07:00:00+00:00,5435.0
2023-07-28 08:00:00+00:00,-783.0
2023-07-28 09:00:00+00:00,-1033.0
2023-07-28 10:00:00+00:00,-10701.0
2023-07-28 11:00:00+00:00,11578.0
2023-07-28 12:00:00+00:00,11156.0
2023-07-28 13:00:00+00:00,15454.0
2023-07-28 14:00:00+00:00,7905.0
2023-07-28 15:00:00+00:00,4303.0
2023-07-28 16:00:00+00:00,-964.0
2023-07-28 17:00:00+00:00,13671.0
2023-07-28 18:00:00+00:00,23767.0
2023-07-28 19:00:00+00:00,26931.0
2023-07-28 20:00:00+00:00,22144.0
2023-07-28 21:00:00+00:00,22773.0
2023-07-28 22:00:00+00:00,15060.0
2023-07-28 23:00:00+00:00,16484.0
2023-07-29 00:00:00+00:00,21426.0
2023-07-29 01:00:00+00:00,19991.0
2023-07-29 02:00:00+00:00,17134.0
2023-07-29 03:00:00+00:00,24558.0
2023-07-29 04:00:00+00:00,2725.0
2023-07-29 05:00:00+00:00,4277.0
2023-07-29 06:00:00+00:00,11070.0
2023-07-29 07:00:00+00:00,12497.0
2023-07-29 08:00:00+00:00,16083.0
2023-07-29 09:00:00+00:00,15122.0
2023-07-29 10:00:00+00:00,3860.0
2023-07-29 11:00:00+00:00,12204.0
2023-07-29 12:00:00+00:00,22774.0
2023-07-29 13:00:00+00:00,23042.0
2023-07-29 14:00:00+00:00,6393.0
2023-07-29 15:00:00+00:00,-1009.0
2023-07-29 16:00:00+00:00,-15641.0
2023-07-29 17:00:00+00:00,-10349.0
2023-07-29 18:00:00+00:00,3535.0
2023-07-29 19:00:00+00:00,17578.0
2023-07-29 20:00:00+00:00,-1952.0
2023-07-29 21:00:00+00:00,-7838.0
2023-07-29 22:00:00+00:00,-10596.0
2023-07-29 23:00:00+00:00,-11841.0
2023-07-30 00:00:00+00:00,-3374.0
2023-07-30 01:00:00+00:00,-1255.0
2023-07-30 02:00:00+00:00,11034.0
2023-07-30 03:00:00+00:00,14008.0
2023-07-30 04:00:00+00:00,3892.0
2023-07-30 05:00:00+00:00,2221.0
2023-07-30 06:00:00+00:00,-408.0
2023-07-30 07:00:00+00:00,-1849.0
2023-07-30 08:00:00+00:00,5752.0
2023-07-30 09:00:00+00:00,3624.0
2023-07-30 10:00:00+00:00,15415.0
2023-07-30 11:00:00+00:00,28369.0
2023-07-30 12:00:00+00:00,21407.0
2023-07-30 13:00:00+00:00,22457.0
2023-07-30 14:00:00+00:00,18642.0
2023-07-30 15:00:00+00:00,8383.0
2023-07-30 16:00:00+00:00,6243.0
2023-07-30 17:00:00+00:00,19400.0
2023-07-30 18:00:00+00:00,20769.0
2023-07-30 19:00:00+00:00,22164.0
2023-07-30 20:00:00+00:00,18714.0
2023-07-30 21:00:00+00:00,8628.0
2023-07-30 22:00:00+00:00,8056.0
2023-07-30 23:00:00+00:00,17767.0
2023-07-31 00:00:00+00:00,15785.0
2023-07-31 01:00:00+00:00,20941.0
2023-07-31 02:00:00+00:00,21414.0
2023-07-31 03:00:00+00:00,21803.0
2023-07-31 04:00:00+00:00,13810.0
2023-07-31 05:00:00+00:00,26587.0
2023-07-31 06:00:00+00:00,28771.0
2023-07-31 07:00:00+00:00,27406.0
2023-07-31 08:00:00+00:00,35312.0
2023-07-31 09:00:00+00:00,33896.0
2023-07-31 10:00:00+00:00,16188.0
2023-07-31 11:00:00+00:00,13156.0
2023-07-31 12:00:00+00:00,22080.0
2023-07-31 13:00:00+00:00,23091.0
2023-07-31 14:00:00+00:00,23570.0
2023-07-31 15:00:00+00:00,21762.0
2023-07-31 16:00:00+00:00,11400.0
2023-07-31 17:00:00+00:00,18303.0
2023-07-31 18:00:00+00:00,16247.0
2023-07-31 19:00:00+00:00,18866.0
2023-07-31 20:00:00+00:00,12440.0
2023-07-31 21:00:00+00:00,17446.0
2023-07-31 22:00:00+00:00,2122.0
2023-07-31 23:00:00+00:00,6305.0
2023-08-01 00:00:00+00:00,9562.0
2023-08-01 01:00:00+00:00,7480.0
2023-08-01 02:00:00+00:00,14029.0
2023-08-01 03:00:00+00:00,3214.0
2023-08-01 04:00:00+00:00,-1067.0
2023-08-01 05:00:00+00:00,18406.0
2023-08-01 06:00:00+00:00,20866.0
2023-08-01 07:00:00+00:00,16086.0
2023-08-01 08:00:00+00:00,-4596.0
2023-08-01 09:00:00+00:00,-20147.0
2023-08-01 10:00:00+00:00,-23378.0
2023-08-01 11:00:00+00:00,-6456.0
2023-08-01 12:00:00+00:00,5814.0
2023-08-01 13:00:00+00:00,6512.0
2023-08-01 14:00:00+00:00,-3246.0
2023-08-01 15:00:00+00:00,-6211.0
2023-08-01 16:00:00+00:00,-17201.0
2023-08-01 17:00:00+00:00,-2304.0
2023-08-01 18:00:00+00:00,-7447.0
2023-08-01 19:00:00+00:00,1691.0
2023-08-01 20:00:00+00:00,10655.0
2023-08-01 21:00:00+00:00,11746.0
2023-08-01 22:00:00+00:00,1765.0
2023-08-01 23:00:00+00:00,17213.0
2023-08-02 00:00:00+00:00,25417.0
2023-08-02 01:00:00+00:00,17030.0
2023-08-02 02:00:00+00:00,14186.0
2023-08-02 03:00:00+00:00,412.0
2023-08-02 04:00:00+00:00,7924.0
2023-08-02 05:00:00+00:00,32381.0
2023-08-02 06:00:00+00:00,30596.0
2023-08-02 07:00:00+00:00,30438.0
2023-08-02 08:00:00+00:00,13260.0
2023-08-02 09:00:00+00:00,2450.0
2023-08-02 10:00:00+00:00,5548.0
2023-08-02 11:00:00+00:00,25480.0
2023-08-02 12:00:00+00:00,20180.0
2023-08-02 13:00:00+00:00,27940.0
2023-08-02 14:00:00+00:00,20831.0
2023-08-02 15:00:00+00:00,15318.0
2023-08-02 16:00:00+00:00,11547.0
2023-08-02 17:00:00+00:00,28829.0
2023-08-02 18:00:00+00:00,19940.0
2023-08-02 19:00:00+00:00,25087.0
2023-08-02 20:00:00+00:00,24813.0
2023-08-02 21:00:00+00:00,10792.0
2023-08-02 22:00:00+00:00,3605.0
2023-08-02 23:00:00+00:00,19579.0
2023-08-03 00:00:00+00:00,15357.0
2023-08-03 01:00:00+00:00,22687.0
2023-08-03 02:00:00+00:00,8198.0
2023-08-03 03:00:00+00:00,3385.0
2023-08-03 04:00:00+00:00,1785.0
2023-08-03 05:00:00+00:00,22174.0
2023-08-03 06:00:00+00:00,23346.0
2023-08-03 07:00:00+00:00,25096.0
2023-08-03 08:00:00+00:00,11911.0
2023-08-03 09:00:00+00:00,6311.0
2023-08-03 10:00:00+00:00,12239.0
2023-08-03 11:00:00+00:00,24185.0
2023-08-03 12:00:00+00:00,24979.0
2023-08-03 13:00:00+00:00,21969.0
2023-08-03 14:00:00+00:00,5547.0
2023-08-03 15:00:00+00:00,-9745.0
2023-08-03 16:00:00+00:00,-8023.0
2023-08-03 17:00:00+00:00,11718.0
2023-08-03 18:00:00+00:00,14201.0
2023-08-03 19:00:00+00:00,15484.0
2023-08-03 20:00:00+00:00,14878.0
2023-08-03 21:00:00+00:00,-24.0
2023-08-03 22:00:00+00:00,-19107.0
2023-08-03 23:00:00+00:00,4150.0
2023-08-04 00:00:00+00:00,15703.0
2023-08-04 01:00:00+00:00,15133.0
2023-08-04 02:00:00+00:00,359.0
2023-08-04 03:00:00+00:00,-13498.0
2023-08-04 04:00:00+00:00,-12031.0
2023-08-04 05:00:00+00:00,13186.0
2023-08-04 06:00:00+00:00,14574.0
2023-08-04 07:00:00+00:00,15137.0
2023-08-04 08:00:00+00:00,70.0
2023-08-04 09:00:00+00:00,-16165.0
2023-08-04 10:00:00+00:00,-9445.0
2023-08-04 11:00:00+00:00,15097.0
2023-08-04 12:00:00+00:00,13861.0
2023-08-04 13:00:00+00:00,15347.0
2023-08-04 14:00:00+00:00,14887.0
2023-08-04 15:00:00+00:00,8577.0
2023-08-04 16:00:00+00:00,7125.0
2023-08-04 17:00:00+00:00,15949.0
2023-08-04 18:00:00+00:00,17506.0
2023-08-04 19:00:00+00:00,18246.0
2023-08-04 20:00:00+00:00,12212.0
2023-08-04 21:00:00+00:00,-348.0
2023-08-04 22:00:00+00:00,4385.0
2023-08-04 23:00:00+00:00,23637.0
2023-08-05 00:00:00+00:00,26000.0
2023-08-05 01:00:00+00:00,28881.0
2023-08-05 02:00:00+00:00,26161.0
2023-08-05 03:00:00+00:00,9753.0
2023-08-05 04:00:00+00:00,10399.0
2023-08-05 05:00:00+00:00,9183.0
2023-08-05 06:00:00+00:00,5624.0
2023-08-05 07:00:00+00:00,-1177.0
2023-08-05 08:00:00+00:00,-4456.0
2023-08-05 09:00:00+00:00,-4076.0
2023-08-05 10:00:00+00:00,-2846.0
2023-08-05 11:00:00+00:00,1563.0
2023-08-05 12:00:00+00:00,2322.0
2023-08-05 13:00:00+00:00,3505.0
2023-08-05 14:00:00+00:00,3141.0
2023-08-05 15:00:00+00:00,3394.0
2023-08-05 16:00:00+00:00,2488.0
2023-08-05 17:00:00+00:00,3273.0
2023-08-05 18:00:00+00:00,9354.0
2023-08-05 19:00:00+00:00,13600.0
2023-08-05 20:00:00+00:00,11107.0
2023-08-05 21:00:00+00:00,10011.0
2023-08-05 22:00:00+00:00,13274.0
2023-08-05 23:00:00+00:00,14359.0
2023-08-06 00:00:00+00:00,12675.0
2023-08-06 01:00:00+00:00,10972.0
2023-08-06 02:00:00+00:00,8865.0
2023-08-06 03:00:00+00:00,7875.0
2023-08-06 04:00:00+00:00,6743.0
2023-08-06 05:00:00+00:00,7044.0
2023-08-06 06:00:00+00:00,7282.0
2023-08-06 07:00:00+00:00,2487.0
2023-08-06 08:00:00+00:00,-620.0
2023-08-06 09:00:00+00:00,-3056.0
2023-08-06 10:00:00+00:00,-5246.0
2023-08-06 11:00:00+00:00,-4005.0
2023-08-06 12:00:00+00:00,-393.0
2023-08-06 13:00:00+00:00,1540.0
2023-08-06 14:00:00+00:00,40.0
2023-08-06 15:00:00+00:00,83.0
2023-08-06 16:00:00+00:00,-543.0
2023-08-06 17:00:00+00:00,-6040.0
2023-08-06 18:00:00+00:00,-8308.0
2023-08-06 19:00:00+00:00,-4393.0
2023-08-06 20:00:00+00:00,-3064.0
2023-08-06 21:00:00+00:00,-2096.0
2023-08-06 22:00:00+00:00,-693.0
2023-08-06 23:00:00+00:00,-2200.0
2023-08-07 00:00:00+00:00,-3880.0
2023-08-07 01:00:00+00:00,-2355.0
2023-08-07 02:00:00+00:00,-1792.0
2023-08-07 03:00:00+00:00,193.0
2023-08-07 04:00:00+00:00,92.0
2023-08-07 05:00:00+00:00,2966.0
2023-08-07 06:00:00+00:00,2651.0
2023-08-07 07:00:00+00:00,-4184.0
2023-08-07 08:00:00+00:00,-2958.0
2023-08-07 09:00:00+00:00,1276.0
2023-08-07 10:00:00+00:00,294.0
2023-08-07 11:00:00+00:00,2368.0
2023-08-07 12:00:00+00:00,4024.0
2023-08-07 13:00:00+00:00,5460.0
2023-08-07 14:00:00+00:00,4707.0
2023-08-07 15:00:00+00:00,2518.0
2023-08-07 16:00:00+00:00,-3269.0
2023-08-07 17:00:00+00:00,-2993.0
2023-08-07 18:00:00+00:00,1596.0
2023-08-07 19:00:00+00:00,3827.0
2023-08-07 20:00:00+00:00,1973.0
2023-08-07 21:00:00+00:00,1177.0
2023-08-07 22:00:00+00:00,-1525.0
2023-08-07 23:00:00+00:00,-1461.0
2023-08-08 00:00:00+00:00,8.0
2023-08-08 01:00:00+00:00,1366.0
2023-08-08 02:00:00+00:00,4558.0
2023-08-08 03:00:00+00:00,4848.0
2023-08-08 04:00:00+00:00,6591.0
2023-08-08 05:00:00+00:00,9679.0
2023-08-08 06:00:00+00:00,8905.0
2023-08-08 07:00:00+00:00,7812.0
2023-08-08 08:00:00+00:00,7502.0
2023-08-08 09:00:00+00:00,6192.0
2023-08-08 10:00:00+00:00,5285.0
2023-08-08 11:00:00+00:00,4250.0
2023-08-08 12:00:00+00:00,4051.0
2023-08-08 13:00:00+00:00,5201.0
2023-08-08 14:00:00+00:00,6003.0
2023-08-08 15:00:00+00:00,4849.0
2023-08-08 16:00:00+00:00,6060.0
2023-08-08 17:00:00+00:00,3915.0
2023-08-08 18:00:00+00:00,2407.0
2023-08-08 19:00:00+00:00,3863.0
2023-08-08 20:00:00+00:00,1219.0
2023-08-08 21:00:00+00:00,1137.0
2023-08-08 22:00:00+00:00,2941.0
2023-08-08 23:00:00+00:00,4485.0
2023-08-09 00:00:00+00:00,4638.0
2023-08-09 01:00:00+00:00,7326.0
2023-08-09 02:00:00+00:00,8814.0
2023-08-09 03:00:00+00:00,10700.0
2023-08-09 04:00:00+00:00,14114.0
2023-08-09 05:00:00+00:00,13271.0
2023-08-09 06:00:00+00:00,8679.0
2023-08-09 07:00:00+00:00,8625.0
2023-08-09 08:00:00+00:00,7779.0
2023-08-09 09:00:00+00:00,7709.0
2023-08-09 10:00:00+00:00,5291.0
2023-08-09 11:00:00+00:00,5683.0
2023-08-09 12:00:00+00:00,3931.0
2023-08-09 13:00:00+00:00,3589.0
2023-08-09 14:00:00+00:00,5485.0
2023-08-09 15:00:00+00:00,5192.0
2023-08-09 16:00:00+00:00,-1380.0
2023-08-09 17:00:00+00:00,-4872.0
2023-08-09 18:00:00+00:00,-3891.0
2023-08-09 19:00:00+00:00,1284.0
2023-08-09 20:00:00+00:00,2176.0
2023-08-09 21:00:00+00:00,3906.0
2023-08-09 22:00:00+00:00,7862.0
2023-08-09 23:00:00+00:00,10687.0
2023-08-10 00:00:00+00:00,11195.0
2023-08-10 01:00:00+00:00,11485.0
2023-08-10 02:00:00+00:00,13251.0
2023-08-10 03:00:00+00:00,13199.0
2023-08-10 04:00:00+00:00,14840.0
2023-08-10 05:00:00+00:00,13574.0
2023-08-10 06:00:00+00:00,11890.0
2023-08-10 07:00:00+00:00,8666.0
2023-08-10 08:00:00+00:00,3972.0
2023-08-10 09:00:00+00:00,3115.0
2023-08-10 10:00:00+00:00,3216.0
2023-08-10 11:00:00+00:00,2820.0
2023-08-10 12:00:00+00:00,1701.0
2023-08-10 13:00:00+00:00,4676.0
2023-08-10 14:00:00+00:00,6619.0
2023-08-10 15:00:00+00:00,818.0
2023-08-10 16:00:00+00:00,-3521.0
2023-08-10 17:00:00+00:00,-3325.0
2023-08-10 18:00:00+00:00,-4076.0
2023-08-10 19:00:00+00:00,5888.0
2023-08-10 20:00:00+00:00,7843.0
2023-08-10 21:00:00+00:00,8925.0
2023-08-10 22:00:00+00:00,9184.0
2023-08-10 23:00:00+00:00,8689.0
2023-08-11 00:00:00+00:00,7137.0
2023-08-11 01:00:00+00:00,7375.0
2023-08-11 02:00:00+00:00,8078.0
2023-08-11 03:00:00+00:00,10218.0
2023-08-11 04:00:00+00:00,13089.0
2023-08-11 05:00:00+00:00,13344.0
2023-08-11 06:00:00+00:00,9098.0
2023-08-11 07:00:00+00:00,5450.0
2023-08-11 08:00:00+00:00,4109.0
2023-08-11 09:00:00+00:00,1770.0
2023-08-11 10:00:00+00:00,1331.0
2023-08-11 11:00:00+00:00,4301.0
2023-08-11 12:00:00+00:00,5392.0
2023-08-11 13:00:00+00:00,6407.0
2023-08-11 14:00:00+00:00,9057.0
2023-08-11 15:00:00+00:00,9978.0
2023-08-11 16:00:00+00:00,6837.0
2023-08-11 17:00:00+00:00,3350.0
2023-08-11 18:00:00+00:00,6254.0
2023-08-11 19:00:00+00:00,12547.0
2023-08-11 20:00:00+00:00,11304.0
2023-08-11 21:00:00+00:00,9736.0
2023-08-11 22:00:00+00:00,11374.0
2023-08-11 23:00:00+00:00,14662.0
2023-08-12 00:00:00+00:00,15138.0
2023-08-12 01:00:00+00:00,16460.0
2023-08-12 02:00:00+00:00,16164.0
2023-08-12 03:00:00+00:00,16354.0
2023-08-12 04:00:00+00:00,17906.0
2023-08-12 05:00:00+00:00,15453.0
2023-08-12 06:00:00+00:00,11313.0
2023-08-12 07:00:00+00:00,10699.0
2023-08-12 08:00:00+00:00,9007.0
2023-08-12 09:00:00+00:00,6925.0
2023-08-12 10:00:00+00:00,4841.0
2023-08-12 11:00:00+00:00,2348.0
2023-08-12 12:00:00+00:00,-2435.0
2023-08-12 13:00:00+00:00,-2092.0
2023-08-12 14:00:00+00:00,503.0
2023-08-12 15:00:00+00:00,2846.0
2023-08-12 16:00:00+00:00,-2374.0
2023-08-12 17:00:00+00:00,-964.0
2023-08-12 18:00:00+00:00,6029.0
2023-08-12 19:00:00+00:00,8290.0
2023-08-12 20:00:00+00:00,5645.0
2023-08-12 21:00:00+00:00,3730.0
2023-08-12 22:00:00+00:00,3090.0
2023-08-12 23:00:00+00:00,3546.0
2023-08-13 00:00:00+00:00,5779.0
2023-08-13 01:00:00+00:00,8711.0
2023-08-13 02:00:00+00:00,8085.0
2023-08-13 03:00:00+00:00,8602.0
2023-08-13 04:00:00+00:00,8553.0
2023-08-13 05:00:00+00:00,9797.0
2023-08-13 06:00:00+00:00,7518.0
2023-08-13 07:00:00+00:00,4728.0
2023-08-13 08:00:00+00:00,2934.0
2023-08-13 09:00:00+00:00,1417.0
2023-08-13 10:00:00+00:00,1619.0
2023-08-13 11:00:00+00:00,2164.0
2023-08-13 12:00:00+00:00,3712.0
2023-08-13 13:00:00+00:00,4058.0
2023-08-13 14:00:00+00:00,3584.0
2023-08-13 15:00:00+00:00,5348.0
2023-08-13 16:00:00+00:00,-4664.0
2023-08-13 17:00:00+00:00,-6904.0
2023-08-13 18:00:00+00:00,1830.0
2023-08-13 19:00:00+00:00,7167.0
2023-08-13 20:00:00+00:00,5824.0
2023-08-13 21:00:00+00:00,5767.0
2023-08-13 22:00:00+00:00,9687.0
2023-08-13 23:00:00+00:00,8197.0
2023-08-14 00:00:00+00:00,7668.0
2023-08-14 01:00:00+00:00,8734.0
2023-08-14 02:00:00+00:00,9935.0
2023-08-14 03:00:00+00:00,9115.0
2023-08-14 04:00:00+00:00,12813.0
2023-08-14 05:00:00+00:00,14172.0
2023-08-14 06:00:00+00:00,11907.0
2023-08-14 07:00:00+00:00,7504.0
2023-08-14 08:00:00+00:00,2747.0
2023-08-14 09:00:00+00:00,4780.0
2023-08-14 10:00:00+00:00,3263.0
2023-08-14 11:00:00+00:00,6265.0
2023-08-14 12:00:00+00:00,5981.0
2023-08-14 13:00:00+00:00,8252.0
2023-08-14 14:00:00+00:00,8845.0
2023-08-14 15:00:00+00:00,2796.0
2023-08-14 16:00:00+00:00,-1368.0
2023-08-14 17:00:00+00:00,-3616.0
2023-08-14 18:00:00+00:00,-351.0
2023-08-14 19:00:00+00:00,5797.0
2023-08-14 20:00:00+00:00,7697.0
2023-08-14 21:00:00+00:00,9227.0
2023-08-14 22:00:00+00:00,10748.0
2023-08-14 23:00:00+00:00,8489.0
2023-08-15 00:00:00+00:00,8994.0
2023-08-15 01:00:00+00:00,9000.0
2023-08-15 02:00:00+00:00,9948.0
2023-08-15 03:00:00+00:00,9760.0
2023-08-15 04:00:00+00:00,10164.0
2023-08-15 05:00:00+00:00,10813.0
2023-08-15 06:00:00+00:00,11836.0
2023-08-15 07:00:00+00:00,7131.0
2023-08-15 08:00:00+00:00,2883.0
2023-08-15 09:00:00+00:00,4889.0
2023-08-15 10:00:00+00:00,5970.0
2023-08-15 11:00:00+00:00,6162.0
2023-08-15 12:00:00+00:00,8295.0
2023-08-15 13:00:00+00:00,5742.0
2023-08-15 14:00:00+00:00,3762.0
2023-08-15 15:00:00+00:00,788.0
2023-08-15 16:00:00+00:00,-5047.0
2023-08-15 17:00:00+00:00,-7501.0
2023-08-15 18:00:00+00:00,-7547.0
2023-08-15 19:00:00+00:00,-1871.0
2023-08-15 20:00:00+00:00,2219.0
2023-08-15 21:00:00+00:00,4716.0
2023-08-15 22:00:00+00:00,12258.0
2023-08-15 23:00:00+00:00,13253.0
2023-08-16 00:00:00+00:00,14428.0
2023-08-16 01:00:00+00:00,12658.0
2023-08-16 02:00:00+00:00,13495.0
2023-08-16 03:00:00+00:00,13311.0
2023-08-16 04:00:00+00:00,12379.0
2023-08-16 05:00:00+00:00,12497.0
2023-08-16 06:00:00+00:00,8938.0
2023-08-16 07:00:00+00:00,6083.0
2023-08-16 08:00:00+00:00,2247.0
2023-08-16 09:00:00+00:00,4316.0
2023-08-16 10:00:00+00:00,3815.0
2023-08-16 11:00:00+00:00,4563.0
2023-08-16 12:00:00+00:00,5554.0
2023-08-16 13:00:00+00:00,3907.0
2023-08-16 14:00:00+00:00,-1353.0
2023-08-16 15:00:00+00:00,-1873.0
2023-08-16 16:00:00+00:00,-2625.0
2023-08-16 17:00:00+00:00,-5606.0
2023-08-16 18:00:00+00:00,-2093.0
2023-08-16 19:00:00+00:00,3623.0
2023-08-16 20:00:00+00:00,5969.0
2023-08-16 21:00:00+00:00,6152.0
2023-08-16 22:00:00+00:00,9967.0
2023-08-16 23:00:00+00:00,10162.0
2023-08-17 00:00:00+00:00,11813.0
2023-08-17 01:00:00+00:00,12048.0
2023-08-17 02:00:00+00:00,11639.0
2023-08-17 03:00:00+00:00,14122.0
2023-08-17 04:00:00+00:00,16311.0
2023-08-17 05:00:00+00:00,16738.0
2023-08-17 06:00:00+00:00,15320.0
2023-08-17 07:00:00+00:00,14153.0
2023-08-17 08:00:00+00:00,12460.0
2023-08-17 09:00:00+00:00,12001.0
2023-08-17 10:00:00+00:00,8554.0
2023-08-17 11:00:00+00:00,11525.0
2023-08-17 12:00:00+00:00,13026.0
2023-08-17 13:00:00+00:00,13025.0
2023-08-17 14:00:00+00:00,9326.0
2023-08-17 15:00:00+00:00,6106.0
2023-08-17 16:00:00+00:00,845.0
2023-08-17 17:00:00+00:00,132.0
2023-08-17 18:00:00+00:00,6145.0
2023-08-17 19:00:00+00:00,12727.0
2023-08-17 20:00:00+00:00,10277.0
2023-08-17 21:00:00+00:00,10691.0
2023-08-17 22:00:00+00:00,13897.0
2023-08-17 23:00:00+00:00,14385.0
2023-08-18 00:00:00+00:00,14524.0
2023-08-18 01:00:00+00:00,14581.0
2023-08-18 02:00:00+00:00,13257.0
2023-08-18 03:00:00+00:00,14230.0
2023-08-18 04:00:00+00:00,18196.0
2023-08-18 05:00:00+00:00,19202.0
2023-08-18 06:00:00+00:00,15069.0
2023-08-18 07:00:00+00:00,13991.0
2023-08-18 08:00:00+00:00,8802.0
2023-08-18 09:00:00+00:00,7638.0
2023-08-18 10:00:00+00:00,5570.0
2023-08-18 11:00:00+00:00,6674.0
2023-08-18 12:00:00+00:00,4126.0
2023-08-18 13:00:00+00:00,1501.0
2023-08-18 14:00:00+00:00,-2784.0
2023-08-18 15:00:00+00:00,-2997.0
2023-08-18 16:00:00+00:00,-1579.0
2023-08-18 17:00:00+00:00,-1959.0
2023-08-18 18:00:00+00:00,824.0
2023-08-18 19:00:00+00:00,2373.0
2023-08-18 20:00:00+00:00,3878.0
2023-08-18 21:00:00+00:00,4893.0
2023-08-18 22:00:00+00:00,10553.0
2023-08-18 23:00:00+00:00,11136.0
2023-08-19 00:00:00+00:00,12418.0
2023-08-19 01:00:00+00:00,13149.0
2023-08-19 02:00:00+00:00,12914.0
2023-08-19 03:00:00+00:00,12522.0
2023-08-19 04:00:00+00:00,11670.0
2023-08-19 05:00:00+00:00,9657.0
2023-08-19 06:00:00+00:00,8902.0
2023-08-19 07:00:00+00:00,7910.0
2023-08-19 08:00:00+00:00,5167.0
2023-08-19 09:00:00+00:00,8343.0
2023-08-19 10:00:00+00:00,7964.0
2023-08-19 11:00:00+00:00,7570.0
2023-08-19 12:00:00+00:00,9006.0
2023-08-19 13:00:00+00:00,9303.0
2023-08-19 14:00:00+00:00,7453.0
2023-08-19 15:00:00+00:00,5957.0
2023-08-19 16:00:00+00:00,3815.0
2023-08-19 17:00:00+00:00,2868.0
2023-08-19 18:00:00+00:00,7477.0
2023-08-19 19:00:00+00:00,8237.0
2023-08-19 20:00:00+00:00,8122.0
2023-08-19 21:00:00+00:00,6331.0
2023-08-19 22:00:00+00:00,9764.0
2023-08-19 23:00:00+00:00,12263.0
2023-08-20 00:00:00+00:00,13862.0
2023-08-20 01:00:00+00:00,15256.0
2023-08-20 02:00:00+00:00,14257.0
2023-08-20 03:00:00+00:00,14662.0
2023-08-20 04:00:00+00:00,14877.0
2023-08-20 05:00:00+00:00,14974.0
2023-08-20 06:00:00+00:00,13391.0
2023-08-20 07:00:00+00:00,12253.0
2023-08-20 08:00:00+00:00,8545.0
2023-08-20 09:00:00+00:00,3357.0
2023-08-20 10:00:00+00:00,3314.0
2023-08-20 11:00:00+00:00,3140.0
2023-08-20 12:00:00+00:00,5049.0
2023-08-20 13:00:00+00:00,6019.0
2023-08-20 14:00:00+00:00,8537.0
2023-08-20 15:00:00+00:00,3952.0
2023-08-20 16:00:00+00:00,-1015.0
2023-08-20 17:00:00+00:00,1104.0
2023-08-20 18:00:00+00:00,4230.0
2023-08-20 19:00:00+00:00,9499.0
2023-08-20 20:00:00+00:00,11189.0
2023-08-20 21:00:00+00:00,9692.0
2023-08-20 22:00:00+00:00,13654.0
2023-08-20 23:00:00+00:00,13896.0
2023-08-21 00:00:00+00:00,13642.0
2023-08-21 01:00:00+00:00,14812.0
2023-08-21 02:00:00+00:00,15438.0
2023-08-21 03:00:00+00:00,15278.0
2023-08-21 04:00:00+00:00,14829.0
2023-08-21 05:00:00+00:00,13025.0
2023-08-21 06:00:00+00:00,11800.0
2023-08-21 07:00:00+00:00,9227.0
2023-08-21 08:00:00+00:00,6953.0
2023-08-21 09:00:00+00:00,966.0
2023-08-21 10:00:00+00:00,238.0
2023-08-21 11:00:00+00:00,2793.0
2023-08-21 12:00:00+00:00,3298.0
2023-08-21 13:00:00+00:00,2429.0
2023-08-21 14:00:00+00:00,-353.0
2023-08-21 15:00:00+00:00,-6497.0
2023-08-21 16:00:00+00:00,-6001.0
2023-08-21 17:00:00+00:00,-4690.0
2023-08-21 18:00:00+00:00,-3473.0
2023-08-21 19:00:00+00:00,-2691.0
2023-08-21 20:00:00+00:00,-2882.0
2023-08-21 21:00:00+00:00,-633.0
2023-08-21 22:00:00+00:00,2489.0
2023-08-21 23:00:00+00:00,4084.0
2023-08-22 00:00:00+00:00,6979.0
2023-08-22 01:00:00+00:00,9617.0
2023-08-22 02:00:00+00:00,10528.0
2023-08-22 03:00:00+00:00,10126.0
2023-08-22 04:00:00+00:00,7620.0
2023-08-22 05:00:00+00:00,6750.0
2023-08-22 06:00:00+00:00,3400.0
2023-08-22 07:00:00+00:00,4681.0
2023-08-22 08:00:00+00:00,4796.0
2023-08-22 09:00:00+00:00,6041.0
2023-08-22 10:00:00+00:00,2475.0
2023-08-22 11:00:00+00:00,3387.0
2023-08-22 12:00:00+00:00,2552.0
2023-08-22 13:00:00+00:00,2560.0
2023-08-22 14:00:00+00:00,-1396.0
2023-08-22 15:00:00+00:00,-2295.0
2023-08-22 16:00:00+00:00,-6108.0
2023-08-22 17:00:00+00:00,-4300.0
2023-08-22 18:00:00+00:00,-2271.0
2023-08-22 19:00:00+00:00,-5504.0
2023-08-22 20:00:00+00:00,-3929.0
2023-08-22 21:00:00+00:00,-2573.0
2023-08-22 22:00:00+00:00,4900.0
2023-08-22 23:00:00+00:00,4473.0
2023-08-23 00:00:00+00:00,4881.0
2023-08-23 01:00:00+00:00,6210.0
2023-08-23 02:00:00+00:00,6811.0
2023-08-23 03:00:00+00:00,7385.0
2023-08-23 04:00:00+00:00,8079.0
2023-08-23 05:00:00+00:00,8175.0
2023-08-23 06:00:00+00:00,6259.0
2023-08-23 07:00:00+00:00,498.0
2023-08-23 08:00:00+00:00,-4662.0
2023-08-23 09:00:00+00:00,-3957.0
2023-08-23 10:00:00+00:00,-1153.0
2023-08-23 11:00:00+00:00,122.0
2023-08-23 12:00:00+00:00,54.0
2023-08-23 13:00:00+00:00,-972.0
2023-08-23 14:00:00+00:00,-5691.0
2023-08-23 15:00:00+00:00,-11398.0
2023-08-23 16:00:00+00:00,-9054.0
2023-08-23 17:00:00+00:00,-6031.0
2023-08-23 18:00:00+00:00,-5713.0
2023-08-23 19:00:00+00:00,-7236.0
2023-08-23 20:00:00+00:00,-8166.0
2023-08-23 21:00:00+00:00,-6237.0
2023-08-23 22:00:00+00:00,1172.0
2023-08-23 23:00:00+00:00,3698.0
2023-08-24 00:00:00+00:00,3869.0
2023-08-24 01:00:00+00:00,5421.0
2023-08-24 02:00:00+00:00,8279.0
2023-08-24 03:00:00+00:00,9687.0
2023-08-24 04:00:00+00:00,10944.0
2023-08-24 05:00:00+00:00,11028.0
2023-08-24 06:00:00+00:00,9277.0
2023-08-24 07:00:00+00:00,1704.0
2023-08-24 08:00:00+00:00,1981.0
2023-08-24 09:00:00+00:00,2319.0
2023-08-24 10:00:00+00:00,2413.0
2023-08-24 11:00:00+00:00,6649.0
2023-08-24 12:00:00+00:00,5258.0
2023-08-24 13:00:00+00:00,1406.0
2023-08-24 14:00:00+00:00,-4087.0
2023-08-24 15:00:00+00:00,-2083.0
2023-08-24 16:00:00+00:00,-2918.0
2023-08-24 17:00:00+00:00,-1321.0
2023-08-24 18:00:00+00:00,-2589.0
2023-08-24 19:00:00+00:00,-4879.0
2023-08-24 20:00:00+00:00,-4673.0
2023-08-24 21:00:00+00:00,-3431.0
2023-08-24 22:00:00+00:00,1418.0
2023-08-24 23:00:00+00:00,1532.0
2023-08-25 00:00:00+00:00,2690.0
2023-08-25 01:00:00+00:00,4333.0
2023-08-25 02:00:00+00:00,5033.0
2023-08-25 03:00:00+00:00,7053.0
2023-08-25 04:00:00+00:00,9800.0
2023-08-25 05:00:00+00:00,9264.0
2023-08-25 06:00:00+00:00,4253.0
2023-08-25 07:00:00+00:00,1684.0
2023-08-25 08:00:00+00:00,-1492.0
2023-08-25 09:00:00+00:00,-3794.0
2023-08-25 10:00:00+00:00,-2583.0
2023-08-25 11:00:00+00:00,-97.0
2023-08-25 12:00:00+00:00,-1174.0
2023-08-25 13:00:00+00:00,-900.0
2023-08-25 14:00:00+00:00,-1095.0
2023-08-25 15:00:00+00:00,1441.0
2023-08-25 16:00:00+00:00,1799.0
2023-08-25 17:00:00+00:00,3326.0
2023-08-25 18:00:00+00:00,3206.0
2023-08-25 19:00:00+00:00,8025.0
2023-08-25 20:00:00+00:00,7308.0
2023-08-25 21:00:00+00:00,5281.0
2023-08-25 22:00:00+00:00,8185.0
2023-08-25 23:00:00+00:00,10352.0
2023-08-26 00:00:00+00:00,11982.0
2023-08-26 01:00:00+00:00,12018.0
2023-08-26 02:00:00+00:00,13248.0
2023-08-26 03:00:00+00:00,11944.0
2023-08-26 04:00:00+00:00,11713.0
2023-08-26 05:00:00+00:00,12086.0
2023-08-26 06:00:00+00:00,10925.0
2023-08-26 07:00:00+00:00,7794.0
2023-08-26 08:00:00+00:00,1905.0
2023-08-26 09:00:00+00:00,1771.0
2023-08-26 10:00:00+00:00,1209.0
2023-08-26 11:00:00+00:00,3418.0
2023-08-26 12:00:00+00:00,4347.0
2023-08-26 13:00:00+00:00,4743.0
2023-08-26 14:00:00+00:00,830.0
2023-08-26 15:00:00+00:00,-811.0
2023-08-26 16:00:00+00:00,-3985.0
2023-08-26 17:00:00+00:00,-6073.0
2023-08-26 18:00:00+00:00,-6678.0
2023-08-26 19:00:00+00:00,-2339.0
2023-08-26 20:00:00+00:00,-5133.0
2023-08-26 21:00:00+00:00,-1813.0
2023-08-26 22:00:00+00:00,2834.0
2023-08-26 23:00:00+00:00,100.0
2023-08-27 00:00:00+00:00,-1804.0
2023-08-27 01:00:00+00:00,-1461.0
2023-08-27 02:00:00+00:00,560.0
2023-08-27 03:00:00+00:00,1949.0
2023-08-27 04:00:00+00:00,2579.0
2023-08-27 05:00:00+00:00,2413.0
2023-08-27 06:00:00+00:00,2999.0
2023-08-27 07:00:00+00:00,-153.0
2023-08-27 08:00:00+00:00,-2953.0
2023-08-27 09:00:00+00:00,-5517.0
2023-08-27 10:00:00+00:00,-4086.0
2023-08-27 11:00:00+00:00,-4190.0
2023-08-27 12:00:00+00:00,-6618.0
2023-08-27 13:00:00+00:00,-5821.0
2023-08-27 14:00:00+00:00,-4606.0
2023-08-27 15:00:00+00:00,-3277.0
2023-08-27 16:00:00+00:00,-1819.0
2023-08-27 17:00:00+00:00,-927.0
2023-08-27 18:00:00+00:00,-1642.0
2023-08-27 19:00:00+00:00,-1136.0
2023-08-27 20:00:00+00:00,3038.0
2023-08-27 21:00:00+00:00,4744.0
2023-08-27 22:00:00+00:00,8825.0
2023-08-27 23:00:00+00:00,12137.0
2023-08-28 00:00:00+00:00,13906.0
2023-08-28 01:00:00+00:00,14550.0
2023-08-28 02:00:00+00:00,14588.0
2023-08-28 03:00:00+00:00,10741.0
2023-08-28 04:00:00+00:00,8636.0
2023-08-28 05:00:00+00:00,7401.0
2023-08-28 06:00:00+00:00,990.0
2023-08-28 07:00:00+00:00,-7124.0
2023-08-28 08:00:00+00:00,-6552.0
2023-08-28 09:00:00+00:00,-5483.0
2023-08-28 10:00:00+00:00,-4495.0
2023-08-28 11:00:00+00:00,-5719.0
2023-08-28 12:00:00+00:00,-4024.0
2023-08-28 13:00:00+00:00,-4031.0
2023-08-28 14:00:00+00:00,-1626.0
2023-08-28 15:00:00+00:00,656.0
2023-08-28 16:00:00+00:00,-3162.0
2023-08-28 17:00:00+00:00,-3854.0
2023-08-28 18:00:00+00:00,-2542.0
2023-08-28 19:00:00+00:00,-366.0
2023-08-28 20:00:00+00:00,3180.0
2023-08-28 21:00:00+00:00,9087.0
2023-08-28 22:00:00+00:00,11193.0
2023-08-28 23:00:00+00:00,12829.0
2023-08-29 00:00:00+00:00,13134.0
2023-08-29 01:00:00+00:00,16515.0
2023-08-29 02:00:00+00:00,18083.0
2023-08-29 03:00:00+00:00,15989.0
2023-08-29 04:00:00+00:00,15567.0
2023-08-29 05:00:00+00:00,7571.0
2023-08-29 06:00:00+00:00,411.0
2023-08-29 07:00:00+00:00,-1192.0
2023-08-29 08:00:00+00:00,-1017.0
2023-08-29 09:00:00+00:00,-1231.0
2023-08-29 10:00:00+00:00,-2507.0
2023-08-29 11:00:00+00:00,-1368.0
2023-08-29 12:00:00+00:00,-4670.0
2023-08-29 13:00:00+00:00,-2148.0
2023-08-29 14:00:00+00:00,-2650.0
2023-08-29 15:00:00+00:00,-2063.0
2023-08-29 16:00:00+00:00,-1705.0
2023-08-29 17:00:00+00:00,-1476.0
2023-08-29 18:00:00+00:00,-99.0
2023-08-29 19:00:00+00:00,6251.0
2023-08-29 20:00:00+00:00,9827.0
2023-08-29 21:00:00+00:00,10181.0
2023-08-29 22:00:00+00:00,15252.0
2023-08-29 23:00:00+00:00,15055.0
2023-08-30 00:00:00+00:00,13166.0
2023-08-30 01:00:00+00:00,14089.0
2023-08-30 02:00:00+00:00,15330.0
2023-08-30 03:00:00+00:00,13596.0
2023-08-30 04:00:00+00:00,15720.0
2023-08-30 05:00:00+00:00,15462.0
2023-08-30 06:00:00+00:00,11936.0
2023-08-30 07:00:00+00:00,7777.0
2023-08-30 08:00:00+00:00,4527.0
2023-08-30 09:00:00+00:00,2977.0
2023-08-30 10:00:00+00:00,3279.0
2023-08-30 11:00:00+00:00,5989.0
2023-08-30 12:00:00+00:00,8436.0
2023-08-30 13:00:00+00:00,10879.0
2023-08-30 14:00:00+00:00,13752.0
2023-08-30 15:00:00+00:00,12515.0
2023-08-30 16:00:00+00:00,3697.0
2023-08-30 17:00:00+00:00,2905.0
2023-08-30 18:00:00+00:00,8432.0
2023-08-30 19:00:00+00:00,16763.0
2023-08-30 20:00:00+00:00,14312.0
2023-08-30 21:00:00+00:00,12079.0
2023-08-30 22:00:00+00:00,15481.0
2023-08-30 23:00:00+00:00,15884.0
2023-08-31 00:00:00+00:00,15186.0
2023-08-31 01:00:00+00:00,15462.0
2023-08-31 02:00:00+00:00,16274.0
2023-08-31 03:00:00+00:00,16923.0
2023-08-31 04:00:00+00:00,15115.0
2023-08-31 05:00:00+00:00,16280.0
2023-08-31 06:00:00+00:00,14822.0
2023-08-31 07:00:00+00:00,8917.0
2023-08-31 08:00:00+00:00,3625.0
2023-08-31 09:00:00+00:00,891.0
2023-08-31 10:00:00+00:00,3268.0
2023-08-31 11:00:00+00:00,7686.0
2023-08-31 12:00:00+00:00,9305.0
2023-08-31 13:00:00+00:00,9933.0
2023-08-31 14:00:00+00:00,10547.0
2023-08-31 15:00:00+00:00,6876.0
2023-08-31 16:00:00+00:00,4409.0
2023-08-31 17:00:00+00:00,1342.0
2023-08-31 18:00:00+00:00,6972.0
2023-08-31 19:00:00+00:00,13954.0
2023-08-31 20:00:00+00:00,13637.0
2023-08-31 21:00:00+00:00,12770.0
2023-08-31 22:00:00+00:00,12831.0
2023-08-31 23:00:00+00:00,12960.0
2023-09-01 00:00:00+00:00,14473.0
2023-09-01 01:00:00+00:00,15371.0
2023-09-01 02:00:00+00:00,15602.0
2023-09-01 03:00:00+00:00,14677.0
2023-09-01 04:00:00+00:00,15798.0
2023-09-01 05:00:00+00:00,15075.0
2023-09-01 06:00:00+00:00,12258.0
2023-09-01 07:00:00+00:00,12883.0
2023-09-01 08:00:00+00:00,13763.0
2023-09-01 09:00:00+00:00,16897.0
2023-09-01 10:00:00+00:00,10129.0
2023-09-01 11:00:00+00:00,6792.0
2023-09-01 12:00:00+00:00,790.0
2023-09-01 13:00:00+00:00,-2367.0
2023-09-01 14:00:00+00:00,-4432.0
2023-09-01 15:00:00+00:00,-4386.0
2023-09-01 16:00:00+00:00,-5314.0
2023-09-01 17:00:00+00:00,-5047.0
2023-09-01 18:00:00+00:00,2142.0
2023-09-01 19:00:00+00:00,9860.0
2023-09-01 20:00:00+00:00,12663.0
2023-09-01 21:00:00+00:00,11225.0
2023-09-01 22:00:00+00:00,17096.0
2023-09-01 23:00:00+00:00,19095.0
2023-09-02 00:00:00+00:00,18776.0
2023-09-02 01:00:00+00:00,19231.0
2023-09-02 02:00:00+00:00,20004.0
2023-09-02 03:00:00+00:00,20643.0
2023-09-02 04:00:00+00:00,18885.0
2023-09-02 05:00:00+00:00,17884.0
2023-09-02 06:00:00+00:00,16683.0
2023-09-02 07:00:00+00:00,17431.0
2023-09-02 08:00:00+00:00,15042.0
2023-09-02 09:00:00+00:00,13275.0
2023-09-02 10:00:00+00:00,9979.0
2023-09-02 11:00:00+00:00,9783.0
2023-09-02 12:00:00+00:00,10607.0
2023-09-02 13:00:00+00:00,11879.0
2023-09-02 14:00:00+00:00,10694.0
2023-09-02 15:00:00+00:00,4294.0
2023-09-02 16:00:00+00:00,3148.0
2023-09-02 17:00:00+00:00,6656.0
2023-09-02 18:00:00+00:00,10267.0
2023-09-02 19:00:00+00:00,12935.0
2023-09-02 20:00:00+00:00,14531.0
2023-09-02 21:00:00+00:00,11718.0
2023-09-02 22:00:00+00:00,12912.0
2023-09-02 23:00:00+00:00,12131.0
2023-09-03 00:00:00+00:00,14450.0
2023-09-03 01:00:00+00:00,17071.0
2023-09-03 02:00:00+00:00,17077.0
2023-09-03 03:00:00+00:00,15682.0
2023-09-03 04:00:00+00:00,13513.0
2023-09-03 05:00:00+00:00,10933.0
2023-09-03 06:00:00+00:00,7485.0
2023-09-03 07:00:00+00:00,5839.0
2023-09-03 08:00:00+00:00,5013.0
2023-09-03 09:00:00+00:00,1238.0
2023-09-03 10:00:00+00:00,-441.0
2023-09-03 11:00:00+00:00,5118.0
2023-09-03 12:00:00+00:00,8159.0
2023-09-03 13:00:00+00:00,7475.0
2023-09-03 14:00:00+00:00,3875.0
2023-09-03 15:00:00+00:00,6656.0
2023-09-03 16:00:00+00:00,7593.0
2023-09-03 17:00:00+00:00,3395.0
2023-09-03 18:00:00+00:00,2395.0
2023-09-03 19:00:00+00:00,4286.0
2023-09-03 20:00:00+00:00,4287.0
2023-09-03 21:00:00+00:00,2947.0
2023-09-03 22:00:00+00:00,6971.0
2023-09-03 23:00:00+00:00,8914.0
2023-09-04 00:00:00+00:00,10357.0
2023-09-04 01:00:00+00:00,14287.0
2023-09-04 02:00:00+00:00,16944.0
2023-09-04 03:00:00+00:00,15493.0
2023-09-04 04:00:00+00:00,12445.0
2023-09-04 05:00:00+00:00,9169.0
2023-09-04 06:00:00+00:00,8413.0
2023-09-04 07:00:00+00:00,7444.0
2023-09-04 08:00:00+00:00,6205.0
2023-09-04 09:00:00+00:00,109.0
2023-09-04 10:00:00+00:00,-4988.0
2023-09-04 11:00:00+00:00,-7066.0
2023-09-04 12:00:00+00:00,-4655.0
2023-09-04 13:00:00+00:00,-3426.0
2023-09-04 14:00:00+00:00,211.0
2023-09-04 15:00:00+00:00,990.0
2023-09-04 16:00:00+00:00,1767.0
2023-09-04 17:00:00+00:00,-755.0
2023-09-04 18:00:00+00:00,1855.0
2023-09-04 19:00:00+00:00,11628.0
2023-09-04 20:00:00+00:00,11032.0
2023-09-04 21:00:00+00:00,8029.0
2023-09-04 22:00:00+00:00,13869.0
2023-09-04 23:00:00+00:00,16243.0
2023-09-05 00:00:00+00:00,16043.0
2023-09-05 01:00:00+00:00,16912.0
2023-09-05 02:00:00+00:00,17068.0
2023-09-05 03:00:00+00:00,16776.0
2023-09-05 04:00:00+00:00,19762.0
2023-09-05 05:00:00+00:00,21746.0
2023-09-05 06:00:00+00:00,18313.0
2023-09-05 07:00:00+00:00,11359.0
2023-09-05 08:00:00+00:00,9292.0
2023-09-05 09:00:00+00:00,4937.0
2023-09-05 10:00:00+00:00,4115.0
2023-09-05 11:00:00+00:00,4390.0
2023-09-05 12:00:00+00:00,4413.0
2023-09-05 13:00:00+00:00,4234.0
2023-09-05 14:00:00+00:00,2115.0
2023-09-05 15:00:00+00:00,-141.0
2023-09-05 16:00:00+00:00,1493.0
2023-09-05 17:00:00+00:00,2976.0
2023-09-05 18:00:00+00:00,6773.0
2023-09-05 19:00:00+00:00,9864.0
2023-09-05 20:00:00+00:00,12590.0
2023-09-05 21:00:00+00:00,11808.0
2023-09-05 22:00:00+00:00,14729.0
2023-09-05 23:00:00+00:00,15637.0
2023-09-06 00:00:00+00:00,15761.0
2023-09-06 01:00:00+00:00,16816.0
2023-09-06 02:00:00+00:00,17882.0
2023-09-06 03:00:00+00:00,19140.0
2023-09-06 04:00:00+00:00,20275.0
2023-09-06 05:00:00+00:00,16246.0
2023-09-06 06:00:00+00:00,12829.0
2023-09-06 07:00:00+00:00,10899.0
2023-09-06 08:00:00+00:00,8762.0
2023-09-06 09:00:00+00:00,5323.0
2023-09-06 10:00:00+00:00,6403.0
2023-09-06 11:00:00+00:00,6928.0
2023-09-06 12:00:00+00:00,8291.0
2023-09-06 13:00:00+00:00,5649.0
2023-09-06 14:00:00+00:00,-1420.0
2023-09-06 15:00:00+00:00,-254.0
2023-09-06 16:00:00+00:00,-627.0
2023-09-06 17:00:00+00:00,-771.0
2023-09-06 18:00:00+00:00,2421.0
2023-09-06 19:00:00+00:00,6662.0
2023-09-06 20:00:00+00:00,10413.0
2023-09-06 21:00:00+00:00,9746.0
2023-09-06 22:00:00+00:00,12351.0
2023-09-06 23:00:00+00:00,13790.0
2023-09-07 00:00:00+00:00,14532.0
2023-09-07 01:00:00+00:00,15714.0
2023-09-07 02:00:00+00:00,15777.0
2023-09-07 03:00:00+00:00,15376.0
2023-09-07 04:00:00+00:00,17257.0
2023-09-07 05:00:00+00:00,14667.0
2023-09-07 06:00:00+00:00,13341.0
2023-09-07 07:00:00+00:00,10188.0
2023-09-07 08:00:00+00:00,9775.0
2023-09-07 09:00:00+00:00,8134.0
2023-09-07 10:00:00+00:00,7074.0
2023-09-07 11:00:00+00:00,6722.0
2023-09-07 12:00:00+00:00,6292.0
2023-09-07 13:00:00+00:00,5543.0
2023-09-07 14:00:00+00:00,3973.0
2023-09-07 15:00:00+00:00,2020.0
2023-09-07 16:00:00+00:00,-4184.0
2023-09-07 17:00:00+00:00,-3833.0
2023-09-07 18:00:00+00:00,-2000.0
2023-09-07 19:00:00+00:00,4362.0
2023-09-07 20:00:00+00:00,4240.0
2023-09-07 21:00:00+00:00,7222.0
2023-09-07 22:00:00+00:00,9906.0
2023-09-07 23:00:00+00:00,11284.0
2023-09-08 00:00:00+00:00,13866.0
2023-09-08 01:00:00+00:00,15834.0
2023-09-08 02:00:00+00:00,17895.0
2023-09-08 03:00:00+00:00,16074.0
2023-09-08 04:00:00+00:00,16384.0
2023-09-08 05:00:00+00:00,10536.0
2023-09-08 06:00:00+00:00,8395.0
2023-09-08 07:00:00+00:00,10204.0
2023-09-08 08:00:00+00:00,9847.0
2023-09-08 09:00:00+00:00,5448.0
2023-09-08 10:00:00+00:00,4681.0
2023-09-08 11:00:00+00:00,5376.0
2023-09-08 12:00:00+00:00,6029.0
2023-09-08 13:00:00+00:00,4575.0
2023-09-08 14:00:00+00:00,774.0
2023-09-08 15:00:00+00:00,409.0
2023-09-08 16:00:00+00:00,930.0
2023-09-08 17:00:00+00:00,486.0
2023-09-08 18:00:00+00:00,2838.0
2023-09-08 19:00:00+00:00,4704.0
2023-09-08 20:00:00+00:00,9182.0
2023-09-08 21:00:00+00:00,11050.0
2023-09-08 22:00:00+00:00,15349.0
2023-09-08 23:00:00+00:00,15865.0
2023-09-09 00:00:00+00:00,16630.0
2023-09-09 01:00:00+00:00,16386.0
2023-09-09 02:00:00+00:00,18955.0
2023-09-09 03:00:00+00:00,18735.0
2023-09-09 04:00:00+00:00,18946.0
2023-09-09 05:00:00+00:00,19553.0
2023-09-09 06:00:00+00:00,17328.0
2023-09-09 07:00:00+00:00,14122.0
2023-09-09 08:00:00+00:00,6560.0
2023-09-09 09:00:00+00:00,6534.0
2023-09-09 10:00:00+00:00,3245.0
2023-09-09 11:00:00+00:00,3824.0
2023-09-09 12:00:00+00:00,2866.0
2023-09-09 13:00:00+00:00,5565.0
2023-09-09 14:00:00+00:00,5206.0
2023-09-09 15:00:00+00:00,2227.0
2023-09-09 16:00:00+00:00,3267.0
2023-09-09 17:00:00+00:00,6409.0
2023-09-09 18:00:00+00:00,6744.0
2023-09-09 19:00:00+00:00,13311.0
2023-09-09 20:00:00+00:00,18378.0
2023-09-09 21:00:00+00:00,17700.0
2023-09-09 22:00:00+00:00,20753.0
2023-09-09 23:00:00+00:00,22119.0
2023-09-10 00:00:00+00:00,22038.0
2023-09-10 01:00:00+00:00,21055.0
2023-09-10 02:00:00+00:00,20018.0
2023-09-10 03:00:00+00:00,19793.0
2023-09-10 04:00:00+00:00,16136.0
2023-09-10 05:00:00+00:00,17304.0
2023-09-10 06:00:00+00:00,17328.0
2023-09-10 07:00:00+00:00,16973.0
2023-09-10 08:00:00+00:00,14199.0
2023-09-10 09:00:00+00:00,9081.0
2023-09-10 10:00:00+00:00,6137.0
2023-09-10 11:00:00+00:00,6420.0
2023-09-10 12:00:00+00:00,6905.0
2023-09-10 13:00:00+00:00,7160.0
2023-09-10 14:00:00+00:00,9440.0
2023-09-10 15:00:00+00:00,5916.0
2023-09-10 16:00:00+00:00,2663.0
2023-09-10 17:00:00+00:00,2525.0
2023-09-10 18:00:00+00:00,3154.0
2023-09-10 19:00:00+00:00,9967.0
2023-09-10 20:00:00+00:00,14645.0
2023-09-10 21:00:00+00:00,13884.0
2023-09-10 22:00:00+00:00,15824.0
2023-09-10 23:00:00+00:00,16169.0
2023-09-11 00:00:00+00:00,15231.0
2023-09-11 01:00:00+00:00,14913.0
2023-09-11 02:00:00+00:00,15722.0
2023-09-11 03:00:00+00:00,16452.0
2023-09-11 04:00:00+00:00,16840.0
2023-09-11 05:00:00+00:00,16059.0
2023-09-11 06:00:00+00:00,11543.0
2023-09-11 07:00:00+00:00,8976.0
2023-09-11 08:00:00+00:00,8542.0
2023-09-11 09:00:00+00:00,6668.0
2023-09-11 10:00:00+00:00,5587.0
2023-09-11 11:00:00+00:00,6328.0
2023-09-11 12:00:00+00:00,6715.0
2023-09-11 13:00:00+00:00,6849.0
2023-09-11 14:00:00+00:00,3096.0
2023-09-11 15:00:00+00:00,2043.0
2023-09-11 16:00:00+00:00,-749.0
2023-09-11 17:00:00+00:00,-539.0
2023-09-11 18:00:00+00:00,680.0
2023-09-11 19:00:00+00:00,5222.0
2023-09-11 20:00:00+00:00,10644.0
2023-09-11 21:00:00+00:00,13713.0
2023-09-11 22:00:00+00:00,16660.0
2023-09-11 23:00:00+00:00,14623.0
2023-09-12 00:00:00+00:00,15491.0
2023-09-12 01:00:00+00:00,15817.0
2023-09-12 02:00:00+00:00,15986.0
2023-09-12 03:00:00+00:00,17136.0
2023-09-12 04:00:00+00:00,16929.0
2023-09-12 05:00:00+00:00,14759.0
2023-09-12 06:00:00+00:00,8575.0
2023-09-12 07:00:00+00:00,7332.0
2023-09-12 08:00:00+00:00,5589.0
2023-09-12 09:00:00+00:00,-490.0
2023-09-12 10:00:00+00:00,-1148.0
2023-09-12 11:00:00+00:00,255.0
2023-09-12 12:00:00+00:00,453.0
2023-09-12 13:00:00+00:00,522.0
2023-09-12 14:00:00+00:00,1964.0
2023-09-12 15:00:00+00:00,3719.0
2023-09-12 16:00:00+00:00,6242.0
2023-09-12 17:00:00+00:00,4716.0
2023-09-12 18:00:00+00:00,5061.0
2023-09-12 19:00:00+00:00,9094.0
2023-09-12 20:00:00+00:00,9788.0
2023-09-12 21:00:00+00:00,9835.0
2023-09-12 22:00:00+00:00,13778.0
2023-09-12 23:00:00+00:00,15685.0
2023-09-13 00:00:00+00:00,16416.0
2023-09-13 01:00:00+00:00,17855.0
2023-09-13 02:00:00+00:00,15621.0
2023-09-13 03:00:00+00:00,14530.0
2023-09-13 04:00:00+00:00,14056.0
2023-09-13 05:00:00+00:00,9762.0
2023-09-13 06:00:00+00:00,-344.0
2023-09-13 07:00:00+00:00,-4291.0
2023-09-13 08:00:00+00:00,-5405.0
2023-09-13 09:00:00+00:00,-5113.0
2023-09-13 10:00:00+00:00,-4820.0
2023-09-13 11:00:00+00:00,354.0
2023-09-13 12:00:00+00:00,3241.0
2023-09-13 13:00:00+00:00,3547.0
2023-09-13 14:00:00+00:00,4336.0
2023-09-13 15:00:00+00:00,1468.0
2023-09-13 16:00:00+00:00,-334.0
2023-09-13 17:00:00+00:00,-2526.0
2023-09-13 18:00:00+00:00,2824.0
2023-09-13 19:00:00+00:00,11390.0
2023-09-13 20:00:00+00:00,18577.0
2023-09-13 21:00:00+00:00,14878.0
2023-09-13 22:00:00+00:00,13897.0
2023-09-13 23:00:00+00:00,14496.0
2023-09-14 00:00:00+00:00,17084.0
2023-09-14 01:00:00+00:00,18532.0
2023-09-14 02:00:00+00:00,18455.0
2023-09-14 03:00:00+00:00,17918.0
2023-09-14 04:00:00+00:00,19891.0
2023-09-14 05:00:00+00:00,17942.0
2023-09-14 06:00:00+00:00,14010.0
2023-09-14 07:00:00+00:00,12932.0
2023-09-14 08:00:00+00:00,10232.0
2023-09-14 09:00:00+00:00,8849.0
2023-09-14 10:00:00+00:00,11688.0
2023-09-14 11:00:00+00:00,11710.0
2023-09-14 12:00:00+00:00,11212.0
2023-09-14 13:00:00+00:00,10897.0
2023-09-14 14:00:00+00:00,10734.0
2023-09-14 15:00:00+00:00,9179.0
2023-09-14 16:00:00+00:00,5330.0
2023-09-14 17:00:00+00:00,2365.0
2023-09-14 18:00:00+00:00,6677.0
2023-09-14 19:00:00+00:00,14758.0
2023-09-14 20:00:00+00:00,14953.0
2023-09-14 21:00:00+00:00,14849.0
2023-09-14 22:00:00+00:00,16600.0
2023-09-14 23:00:00+00:00,17019.0
2023-09-15 00:00:00+00:00,16973.0
2023-09-15 01:00:00+00:00,16795.0
2023-09-15 02:00:00+00:00,17328.0
2023-09-15 03:00:00+00:00,17168.0
2023-09-15 04:00:00+00:00,16425.0
2023-09-15 05:00:00+00:00,16686.0
2023-09-15 06:00:00+00:00,16852.0
2023-09-15 07:00:00+00:00,12928.0
2023-09-15 08:00:00+00:00,12910.0
2023-09-15 09:00:00+00:00,13204.0
2023-09-15 10:00:00+00:00,10523.0
2023-09-15 11:00:00+00:00,12455.0
2023-09-15 12:00:00+00:00,12950.0
2023-09-15 13:00:00+00:00,15976.0
2023-09-15 14:00:00+00:00,15333.0
2023-09-15 15:00:00+00:00,15193.0
2023-09-15 16:00:00+00:00,11292.0
2023-09-15 17:00:00+00:00,12849.0
2023-09-15 18:00:00+00:00,14576.0
2023-09-15 19:00:00+00:00,15715.0
2023-09-15 20:00:00+00:00,18118.0
2023-09-15 21:00:00+00:00,18249.0
2023-09-15 22:00:00+00:00,19567.0
2023-09-15 23:00:00+00:00,19125.0
2023-09-16 00:00:00+00:00,18783.0
2023-09-16 01:00:00+00:00,20458.0
2023-09-16 02:00:00+00:00,20296.0
2023-09-16 03:00:00+00:00,18688.0
2023-09-16 04:00:00+00:00,18391.0
2023-09-16 05:00:00+00:00,18870.0
2023-09-16 06:00:00+00:00,18742.0
2023-09-16 07:00:00+00:00,18825.0
2023-09-16 08:00:00+00:00,16598.0
2023-09-16 09:00:00+00:00,14337.0
2023-09-16 10:00:00+00:00,10390.0
2023-09-16 11:00:00+00:00,10640.0
2023-09-16 12:00:00+00:00,13164.0
2023-09-16 13:00:00+00:00,13348.0
2023-09-16 14:00:00+00:00,15426.0
2023-09-16 15:00:00+00:00,10878.0
2023-09-16 16:00:00+00:00,5417.0
2023-09-16 17:00:00+00:00,6122.0
2023-09-16 18:00:00+00:00,10463.0
2023-09-16 19:00:00+00:00,14291.0
2023-09-16 20:00:00+00:00,13391.0
2023-09-16 21:00:00+00:00,16113.0
2023-09-16 22:00:00+00:00,16477.0
2023-09-16 23:00:00+00:00,18501.0
2023-09-17 00:00:00+00:00,17873.0
2023-09-17 01:00:00+00:00,17559.0
2023-09-17 02:00:00+00:00,19171.0
2023-09-17 03:00:00+00:00,18045.0
2023-09-17 04:00:00+00:00,17133.0
2023-09-17 05:00:00+00:00,17038.0
2023-09-17 06:00:00+00:00,15265.0
2023-09-17 07:00:00+00:00,13766.0
2023-09-17 08:00:00+00:00,11605.0
2023-09-17 09:00:00+00:00,9249.0
2023-09-17 10:00:00+00:00,1708.0
2023-09-17 11:00:00+00:00,1286.0
2023-09-17 12:00:00+00:00,546.0
2023-09-17 13:00:00+00:00,2100.0
2023-09-17 14:00:00+00:00,4919.0
2023-09-17 15:00:00+00:00,4175.0
2023-09-17 16:00:00+00:00,2598.0
2023-09-17 17:00:00+00:00,2557.0
2023-09-17 18:00:00+00:00,2685.0
2023-09-17 19:00:00+00:00,2813.0
2023-09-17 20:00:00+00:00,5821.0
2023-09-17 21:00:00+00:00,7717.0
2023-09-17 22:00:00+00:00,16499.0
2023-09-17 23:00:00+00:00,16812.0
2023-09-18 00:00:00+00:00,17470.0
2023-09-18 01:00:00+00:00,19706.0
2023-09-18 02:00:00+00:00,21000.0
2023-09-18 03:00:00+00:00,20382.0
2023-09-18 04:00:00+00:00,16722.0
2023-09-18 05:00:00+00:00,16786.0
2023-09-18 06:00:00+00:00,14009.0
2023-09-18 07:00:00+00:00,12768.0
2023-09-18 08:00:00+00:00,11753.0
2023-09-18 09:00:00+00:00,12595.0
2023-09-18 10:00:00+00:00,4290.0
2023-09-18 11:00:00+00:00,8660.0
2023-09-18 12:00:00+00:00,9565.0
2023-09-18 13:00:00+00:00,12367.0
2023-09-18 14:00:00+00:00,13005.0
2023-09-18 15:00:00+00:00,15310.0
2023-09-18 16:00:00+00:00,14450.0
2023-09-18 17:00:00+00:00,12420.0
2023-09-18 18:00:00+00:00,14696.0
2023-09-18 19:00:00+00:00,13619.0
2023-09-18 20:00:00+00:00,12328.0
2023-09-18 21:00:00+00:00,12468.0
2023-09-18 22:00:00+00:00,8747.0
2023-09-18 23:00:00+00:00,9597.0
2023-09-19 00:00:00+00:00,10894.0
2023-09-19 01:00:00+00:00,11485.0
2023-09-19 02:00:00+00:00,12510.0
2023-09-19 03:00:00+00:00,11894.0
2023-09-19 04:00:00+00:00,13412.0
2023-09-19 05:00:00+00:00,10357.0
2023-09-19 06:00:00+00:00,8846.0
2023-09-19 07:00:00+00:00,7371.0
2023-09-19 08:00:00+00:00,8066.0
2023-09-19 09:00:00+00:00,8714.0
2023-09-19 10:00:00+00:00,9960.0
2023-09-19 11:00:00+00:00,14011.0
2023-09-19 12:00:00+00:00,9491.0
2023-09-19 13:00:00+00:00,17461.0
2023-09-19 14:00:00+00:00,15960.0
2023-09-19 15:00:00+00:00,16791.0
2023-09-19 16:00:00+00:00,7168.0
2023-09-19 17:00:00+00:00,4856.0
2023-09-19 18:00:00+00:00,3585.0
2023-09-19 19:00:00+00:00,9192.0
2023-09-19 20:00:00+00:00,7927.0
2023-09-19 21:00:00+00:00,8370.0
2023-09-19 22:00:00+00:00,10860.0
2023-09-19 23:00:00+00:00,13041.0
2023-09-20 00:00:00+00:00,12925.0
2023-09-20 01:00:00+00:00,9525.0
2023-09-20 02:00:00+00:00,10842.0
2023-09-20 03:00:00+00:00,13458.0
2023-09-20 04:00:00+00:00,16970.0
2023-09-20 05:00:00+00:00,17369.0
2023-09-20 06:00:00+00:00,15179.0
2023-09-20 07:00:00+00:00,11020.0
2023-09-20 08:00:00+00:00,9385.0
2023-09-20 09:00:00+00:00,10012.0
2023-09-20 10:00:00+00:00,9955.0
2023-09-20 11:00:00+00:00,4848.0
2023-09-20 12:00:00+00:00,5108.0
2023-09-20 13:00:00+00:00,13345.0
2023-09-20 14:00:00+00:00,11831.0
2023-09-20 15:00:00+00:00,11563.0
2023-09-20 16:00:00+00:00,3748.0
2023-09-20 17:00:00+00:00,3499.0
2023-09-20 18:00:00+00:00,7469.0
2023-09-20 19:00:00+00:00,10505.0
2023-09-20 20:00:00+00:00,12889.0
2023-09-20 21:00:00+00:00,12798.0
2023-09-20 22:00:00+00:00,16448.0
2023-09-20 23:00:00+00:00,14452.0
2023-09-21 00:00:00+00:00,15154.0
2023-09-21 01:00:00+00:00,15911.0
2023-09-21 02:00:00+00:00,17233.0
2023-09-21 03:00:00+00:00,17990.0
2023-09-21 04:00:00+00:00,16482.0
2023-09-21 05:00:00+00:00,8907.0
2023-09-21 06:00:00+00:00,2674.0
2023-09-21 07:00:00+00:00,1558.0
2023-09-21 08:00:00+00:00,882.0
2023-09-21 09:00:00+00:00,849.0
2023-09-21 10:00:00+00:00,2172.0
2023-09-21 11:00:00+00:00,2512.0
2023-09-21 12:00:00+00:00,3896.0
2023-09-21 13:00:00+00:00,6576.0
2023-09-21 14:00:00+00:00,8177.0
2023-09-21 15:00:00+00:00,6233.0
2023-09-21 16:00:00+00:00,3636.0
2023-09-21 17:00:00+00:00,3385.0
2023-09-21 18:00:00+00:00,8911.0
2023-09-21 19:00:00+00:00,15249.0
2023-09-21 20:00:00+00:00,17427.0
2023-09-21 21:00:00+00:00,16995.0
2023-09-21 22:00:00+00:00,20351.0
2023-09-21 23:00:00+00:00,20087.0
2023-09-22 00:00:00+00:00,19749.0
2023-09-22 01:00:00+00:00,22301.0
2023-09-22 02:00:00+00:00,22033.0
2023-09-22 03:00:00+00:00,18976.0
2023-09-22 04:00:00+00:00,15257.0
2023-09-22 05:00:00+00:00,11501.0
2023-09-22 06:00:00+00:00,10916.0
2023-09-22 07:00:00+00:00,8379.0
2023-09-22 08:00:00+00:00,2104.0
2023-09-22 09:00:00+00:00,-1050.0
2023-09-22 10:00:00+00:00,-1199.0
2023-09-22 11:00:00+00:00,3318.0
2023-09-22 12:00:00+00:00,8615.0
2023-09-22 13:00:00+00:00,10497.0
2023-09-22 14:00:00+00:00,9187.0
2023-09-22 15:00:00+00:00,7744.0
2023-09-22 16:00:00+00:00,7254.0
2023-09-22 17:00:00+00:00,8135.0
2023-09-22 18:00:00+00:00,14010.0
2023-09-22 19:00:00+00:00,18756.0
2023-09-22 20:00:00+00:00,18686.0
2023-09-22 21:00:00+00:00,17469.0
2023-09-22 22:00:00+00:00,18526.0
2023-09-22 23:00:00+00:00,18990.0
2023-09-23 00:00:00+00:00,18123.0
2023-09-23 01:00:00+00:00,16404.0
2023-09-23 02:00:00+00:00,17825.0
2023-09-23 03:00:00+00:00,15526.0
2023-09-23 04:00:00+00:00,14182.0
2023-09-23 05:00:00+00:00,13617.0
2023-09-23 06:00:00+00:00,13533.0
2023-09-23 07:00:00+00:00,11437.0
2023-09-23 08:00:00+00:00,4712.0
2023-09-23 09:00:00+00:00,1388.0
2023-09-23 10:00:00+00:00,-1491.0
2023-09-23 11:00:00+00:00,1438.0
2023-09-23 12:00:00+00:00,4231.0
2023-09-23 13:00:00+00:00,4409.0
2023-09-23 14:00:00+00:00,6343.0
2023-09-23 15:00:00+00:00,5868.0
2023-09-23 16:00:00+00:00,5231.0
2023-09-23 17:00:00+00:00,8930.0
2023-09-23 18:00:00+00:00,15237.0
2023-09-23 19:00:00+00:00,16858.0
2023-09-23 20:00:00+00:00,14825.0
2023-09-23 21:00:00+00:00,15037.0
2023-09-23 22:00:00+00:00,15610.0
2023-09-23 23:00:00+00:00,18191.0
2023-09-24 00:00:00+00:00,19146.0
2023-09-24 01:00:00+00:00,18281.0
2023-09-24 02:00:00+00:00,17819.0
2023-09-24 03:00:00+00:00,16612.0
2023-09-24 04:00:00+00:00,15601.0
2023-09-24 05:00:00+00:00,14707.0
2023-09-24 06:00:00+00:00,10595.0
2023-09-24 07:00:00+00:00,9403.0
2023-09-24 08:00:00+00:00,2480.0
2023-09-24 09:00:00+00:00,-861.0
2023-09-24 10:00:00+00:00,-7409.0
2023-09-24 11:00:00+00:00,-4790.0
2023-09-24 12:00:00+00:00,-4403.0
2023-09-24 13:00:00+00:00,-1431.0
2023-09-24 14:00:00+00:00,2579.0
2023-09-24 15:00:00+00:00,1384.0
2023-09-24 16:00:00+00:00,2522.0
2023-09-24 17:00:00+00:00,9474.0
2023-09-24 18:00:00+00:00,11267.0
2023-09-24 19:00:00+00:00,11759.0
2023-09-24 20:00:00+00:00,10495.0
2023-09-24 21:00:00+00:00,8549.0
2023-09-24 22:00:00+00:00,8958.0
2023-09-24 23:00:00+00:00,7620.0
2023-09-25 00:00:00+00:00,6939.0
2023-09-25 01:00:00+00:00,7217.0
2023-09-25 02:00:00+00:00,6673.0
2023-09-25 03:00:00+00:00,7451.0
2023-09-25 04:00:00+00:00,9821.0
2023-09-25 05:00:00+00:00,8665.0
2023-09-25 06:00:00+00:00,4118.0
2023-09-25 07:00:00+00:00,3064.0
2023-09-25 08:00:00+00:00,-387.0
2023-09-25 09:00:00+00:00,629.0
2023-09-25 10:00:00+00:00,2638.0
2023-09-25 11:00:00+00:00,4992.0
2023-09-25 12:00:00+00:00,7362.0
2023-09-25 13:00:00+00:00,4530.0
2023-09-25 14:00:00+00:00,1926.0
2023-09-25 15:00:00+00:00,5938.0
2023-09-25 16:00:00+00:00,6418.0
2023-09-25 17:00:00+00:00,2141.0
2023-09-25 18:00:00+00:00,6396.0
2023-09-25 19:00:00+00:00,13414.0
2023-09-25 20:00:00+00:00,17788.0
2023-09-25 21:00:00+00:00,17804.0
2023-09-25 22:00:00+00:00,19463.0
2023-09-25 23:00:00+00:00,19988.0
2023-09-26 00:00:00+00:00,21899.0
2023-09-26 01:00:00+00:00,23142.0
2023-09-26 02:00:00+00:00,23827.0
2023-09-26 03:00:00+00:00,24226.0
2023-09-26 04:00:00+00:00,23877.0
2023-09-26 05:00:00+00:00,22735.0
2023-09-26 06:00:00+00:00,15314.0
2023-09-26 07:00:00+00:00,14266.0
2023-09-26 08:00:00+00:00,11558.0
2023-09-26 09:00:00+00:00,11551.0
2023-09-26 10:00:00+00:00,10358.0
2023-09-26 11:00:00+00:00,9102.0
2023-09-26 12:00:00+00:00,9302.0
2023-09-26 13:00:00+00:00,11402.0
2023-09-26 14:00:00+00:00,8827.0
2023-09-26 15:00:00+00:00,6896.0
2023-09-26 16:00:00+00:00,6264.0
2023-09-26 17:00:00+00:00,6425.0
2023-09-26 18:00:00+00:00,9235.0
2023-09-26 19:00:00+00:00,11279.0
2023-09-26 20:00:00+00:00,11656.0
2023-09-26 21:00:00+00:00,12023.0
2023-09-26 22:00:00+00:00,13137.0
2023-09-26 23:00:00+00:00,14718.0
2023-09-27 00:00:00+00:00,16163.0
2023-09-27 01:00:00+00:00,17525.0
2023-09-27 02:00:00+00:00,18164.0
2023-09-27 03:00:00+00:00,18247.0
2023-09-27 04:00:00+00:00,16359.0
2023-09-27 05:00:00+00:00,9113.0
2023-09-27 06:00:00+00:00,4750.0
2023-09-27 07:00:00+00:00,5875.0
2023-09-27 08:00:00+00:00,7653.0
2023-09-27 09:00:00+00:00,5579.0
2023-09-27 10:00:00+00:00,1306.0
2023-09-27 11:00:00+00:00,2821.0
2023-09-27 12:00:00+00:00,3112.0
2023-09-27 13:00:00+00:00,3921.0
2023-09-27 14:00:00+00:00,5032.0
2023-09-27 15:00:00+00:00,8565.0
2023-09-27 16:00:00+00:00,9136.0
2023-09-27 17:00:00+00:00,9317.0
2023-09-27 18:00:00+00:00,12157.0
2023-09-27 19:00:00+00:00,10855.0
2023-09-27 20:00:00+00:00,8097.0
2023-09-27 21:00:00+00:00,9194.0
2023-09-27 22:00:00+00:00,10413.0
2023-09-27 23:00:00+00:00,10907.0
2023-09-28 00:00:00+00:00,9940.0
2023-09-28 01:00:00+00:00,11246.0
2023-09-28 02:00:00+00:00,11602.0
2023-09-28 03:00:00+00:00,11099.0
2023-09-28 04:00:00+00:00,10978.0
2023-09-28 05:00:00+00:00,9988.0
2023-09-28 06:00:00+00:00,9971.0
2023-09-28 07:00:00+00:00,6863.0
2023-09-28 08:00:00+00:00,7770.0
2023-09-28 09:00:00+00:00,3034.0
2023-09-28 10:00:00+00:00,1777.0
2023-09-28 11:00:00+00:00,4150.0
2023-09-28 12:00:00+00:00,3717.0
2023-09-28 13:00:00+00:00,3076.0
2023-09-28 14:00:00+00:00,5443.0
2023-09-28 15:00:00+00:00,5065.0
2023-09-28 16:00:00+00:00,4833.0
2023-09-28 17:00:00+00:00,3436.0
2023-09-28 18:00:00+00:00,12748.0
2023-09-28 19:00:00+00:00,17333.0
2023-09-28 20:00:00+00:00,18371.0
2023-09-28 21:00:00+00:00,17157.0
2023-09-28 22:00:00+00:00,15234.0
2023-09-28 23:00:00+00:00,13727.0
2023-09-29 00:00:00+00:00,15320.0
2023-09-29 01:00:00+00:00,14665.0
2023-09-29 02:00:00+00:00,14174.0
2023-09-29 03:00:00+00:00,15356.0
2023-09-29 04:00:00+00:00,14433.0
2023-09-29 05:00:00+00:00,13898.0
2023-09-29 06:00:00+00:00,15572.0
2023-09-29 07:00:00+00:00,13577.0
2023-09-29 08:00:00+00:00,15472.0
2023-09-29 09:00:00+00:00,16165.0
2023-09-29 10:00:00+00:00,15785.0
2023-09-29 11:00:00+00:00,15103.0
2023-09-29 12:00:00+00:00,15421.0
2023-09-29 13:00:00+00:00,17041.0
2023-09-29 14:00:00+00:00,12352.0
2023-09-29 15:00:00+00:00,8381.0
2023-09-29 16:00:00+00:00,10844.0
2023-09-29 17:00:00+00:00,10767.0
2023-09-29 18:00:00+00:00,10507.0
2023-09-29 19:00:00+00:00,12397.0
2023-09-29 20:00:00+00:00,12869.0
2023-09-29 21:00:00+00:00,11842.0
2023-09-29 22:00:00+00:00,10432.0
2023-09-29 23:00:00+00:00,10777.0
2023-09-30 00:00:00+00:00,11169.0
2023-09-30 01:00:00+00:00,12847.0
2023-09-30 02:00:00+00:00,13291.0
2023-09-30 03:00:00+00:00,12936.0
2023-09-30 04:00:00+00:00,12229.0
2023-09-30 05:00:00+00:00,14366.0
2023-09-30 06:00:00+00:00,10901.0
2023-09-30 07:00:00+00:00,6536.0
2023-09-30 08:00:00+00:00,2336.0
2023-09-30 09:00:00+00:00,-564.0
2023-09-30 10:00:00+00:00,-143.0
2023-09-30 11:00:00+00:00,3391.0
2023-09-30 12:00:00+00:00,3480.0
2023-09-30 13:00:00+00:00,5899.0
2023-09-30 14:00:00+00:00,6066.0
2023-09-30 15:00:00+00:00,5291.0
2023-09-30 16:00:00+00:00,7866.0
2023-09-30 17:00:00+00:00,12984.0
2023-09-30 18:00:00+00:00,17564.0
2023-09-30 19:00:00+00:00,20345.0
2023-09-30 20:00:00+00:00,17493.0
2023-09-30 21:00:00+00:00,16393.0
2023-09-30 22:00:00+00:00,15816.0
2023-09-30 23:00:00+00:00,17389.0
2023-10-01 00:00:00+00:00,17535.0
2023-10-01 01:00:00+00:00,19091.0
2023-10-01 02:00:00+00:00,18426.0
2023-10-01 03:00:00+00:00,17129.0
2023-10-01 04:00:00+00:00,17666.0
2023-10-01 05:00:00+00:00,18282.0
2023-10-01 06:00:00+00:00,18150.0
2023-10-01 07:00:00+00:00,14493.0
2023-10-01 08:00:00+00:00,8401.0
2023-10-01 09:00:00+00:00,3454.0
2023-10-01 10:00:00+00:00,2104.0
2023-10-01 11:00:00+00:00,844.0
2023-10-01 12:00:00+00:00,641.0
2023-10-01 13:00:00+00:00,2880.0
2023-10-01 14:00:00+00:00,3469.0
2023-10-01 15:00:00+00:00,3238.0
2023-10-01 16:00:00+00:00,3522.0
2023-10-01 17:00:00+00:00,2793.0
2023-10-01 18:00:00+00:00,8052.0
2023-10-01 19:00:00+00:00,10339.0
2023-10-01 20:00:00+00:00,9821.0
2023-10-01 21:00:00+00:00,9167.0
2023-10-01 22:00:00+00:00,11852.0
2023-10-01 23:00:00+00:00,13419.0
2023-10-02 00:00:00+00:00,14651.0
2023-10-02 01:00:00+00:00,16449.0
2023-10-02 02:00:00+00:00,15075.0
2023-10-02 03:00:00+00:00,15023.0
2023-10-02 04:00:00+00:00,17152.0
2023-10-02 05:00:00+00:00,11605.0
2023-10-02 06:00:00+00:00,6477.0
2023-10-02 07:00:00+00:00,8212.0
2023-10-02 08:00:00+00:00,2644.0
2023-10-02 09:00:00+00:00,4908.0
2023-10-02 10:00:00+00:00,6097.0
2023-10-02 11:00:00+00:00,9162.0
2023-10-02 12:00:00+00:00,9043.0
2023-10-02 13:00:00+00:00,4613.0
2023-10-02 14:00:00+00:00,4584.0
2023-10-02 15:00:00+00:00,7165.0
2023-10-02 16:00:00+00:00,6191.0
2023-10-02 17:00:00+00:00,6305.0
2023-10-02 18:00:00+00:00,8797.0
2023-10-02 19:00:00+00:00,14059.0
2023-10-02 20:00:00+00:00,15425.0
2023-10-02 21:00:00+00:00,15520.0
2023-10-02 22:00:00+00:00,15313.0
2023-10-02 23:00:00+00:00,16198.0
2023-10-03 00:00:00+00:00,15002.0
2023-10-03 01:00:00+00:00,12371.0
2023-10-03 02:00:00+00:00,11442.0
2023-10-03 03:00:00+00:00,9704.0
2023-10-03 04:00:00+00:00,8430.0
2023-10-03 05:00:00+00:00,7531.0
2023-10-03 06:00:00+00:00,4858.0
2023-10-03 07:00:00+00:00,5294.0
2023-10-03 08:00:00+00:00,6206.0
2023-10-03 09:00:00+00:00,8523.0
2023-10-03 10:00:00+00:00,9059.0
2023-10-03 11:00:00+00:00,10482.0
2023-10-03 12:00:00+00:00,6090.0
2023-10-03 13:00:00+00:00,5831.0
2023-10-03 14:00:00+00:00,6707.0
2023-10-03 15:00:00+00:00,6401.0
2023-10-03 16:00:00+00:00,2158.0
2023-10-03 17:00:00+00:00,2624.0
2023-10-03 18:00:00+00:00,2826.0
2023-10-03 19:00:00+00:00,2540.0
2023-10-03 20:00:00+00:00,821.0
2023-10-03 21:00:00+00:00,2037.0
2023-10-03 22:00:00+00:00,5474.0
2023-10-03 23:00:00+00:00,5518.0
2023-10-04 00:00:00+00:00,6299.0
2023-10-04 01:00:00+00:00,9166.0
2023-10-04 02:00:00+00:00,11140.0
2023-10-04 03:00:00+00:00,11628.0
2023-10-04 04:00:00+00:00,13334.0
2023-10-04 05:00:00+00:00,11282.0
2023-10-04 06:00:00+00:00,9222.0
2023-10-04 07:00:00+00:00,4976.0
2023-10-04 08:00:00+00:00,6452.0
2023-10-04 09:00:00+00:00,5700.0
2023-10-04 10:00:00+00:00,5744.0
2023-10-04 11:00:00+00:00,6071.0
2023-10-04 12:00:00+00:00,8473.0
2023-10-04 13:00:00+00:00,10595.0
2023-10-04 14:00:00+00:00,11910.0
2023-10-04 15:00:00+00:00,8468.0
2023-10-04 16:00:00+00:00,6011.0
2023-10-04 17:00:00+00:00,1074.0
2023-10-04 18:00:00+00:00,2950.0
2023-10-04 19:00:00+00:00,5263.0
2023-10-04 20:00:00+00:00,5381.0
2023-10-04 21:00:00+00:00,5583.0
2023-10-04 22:00:00+00:00,4945.0
2023-10-04 23:00:00+00:00,8599.0
2023-10-05 00:00:00+00:00,9333.0
2023-10-05 01:00:00+00:00,11525.0
2023-10-05 02:00:00+00:00,12973.0
2023-10-05 03:00:00+00:00,10815.0
2023-10-05 04:00:00+00:00,9628.0
2023-10-05 05:00:00+00:00,8156.0
2023-10-05 06:00:00+00:00,7864.0
2023-10-05 07:00:00+00:00,7198.0
2023-10-05 08:00:00+00:00,4415.0
2023-10-05 09:00:00+00:00,5527.0
2023-10-05 10:00:00+00:00,7113.0
2023-10-05 11:00:00+00:00,10323.0
2023-10-05 12:00:00+00:00,9108.0
2023-10-05 13:00:00+00:00,5902.0
2023-10-05 14:00:00+00:00,7962.0
2023-10-05 15:00:00+00:00,11454.0
2023-10-05 16:00:00+00:00,8504.0
2023-10-05 17:00:00+00:00,688.0
2023-10-05 18:00:00+00:00,3176.0
2023-10-05 19:00:00+00:00,6072.0
2023-10-05 20:00:00+00:00,5717.0
2023-10-05 21:00:00+00:00,6327.0
2023-10-05 22:00:00+00:00,11905.0
2023-10-05 23:00:00+00:00,12382.0
2023-10-06 00:00:00+00:00,13766.0
2023-10-06 01:00:00+00:00,14470.0
2023-10-06 02:00:00+00:00,15161.0
2023-10-06 03:00:00+00:00,13854.0
2023-10-06 04:00:00+00:00,10791.0
2023-10-06 05:00:00+00:00,8577.0
2023-10-06 06:00:00+00:00,6876.0
2023-10-06 07:00:00+00:00,3378.0
2023-10-06 08:00:00+00:00,3221.0
2023-10-06 09:00:00+00:00,2155.0
2023-10-06 10:00:00+00:00,2138.0
2023-10-06 11:00:00+00:00,2762.0
2023-10-06 12:00:00+00:00,5767.0
2023-10-06 13:00:00+00:00,4261.0
2023-10-06 14:00:00+00:00,7136.0
2023-10-06 15:00:00+00:00,10399.0
2023-10-06 16:00:00+00:00,7029.0
2023-10-06 17:00:00+00:00,4866.0
2023-10-06 18:00:00+00:00,2030.0
2023-10-06 19:00:00+00:00,2792.0
2023-10-06 20:00:00+00:00,3822.0
2023-10-06 21:00:00+00:00,3805.0
2023-10-06 22:00:00+00:00,5815.0
2023-10-06 23:00:00+00:00,5351.0
2023-10-07 00:00:00+00:00,7942.0
2023-10-07 01:00:00+00:00,10331.0
2023-10-07 02:00:00+00:00,9085.0
2023-10-07 03:00:00+00:00,9560.0
2023-10-07 04:00:00+00:00,13073.0
2023-10-07 05:00:00+00:00,12670.0
2023-10-07 06:00:00+00:00,10102.0
2023-10-07 07:00:00+00:00,7492.0
2023-10-07 08:00:00+00:00,6459.0
2023-10-07 09:00:00+00:00,3115.0
2023-10-07 10:00:00+00:00,-170.0
2023-10-07 11:00:00+00:00,3346.0
2023-10-07 12:00:00+00:00,3032.0
2023-10-07 13:00:00+00:00,5704.0
2023-10-07 14:00:00+00:00,9685.0
2023-10-07 15:00:00+00:00,9331.0
2023-10-07 16:00:00+00:00,10870.0
2023-10-07 17:00:00+00:00,10556.0
2023-10-07 18:00:00+00:00,9501.0
2023-10-07 19:00:00+00:00,9372.0
2023-10-07 20:00:00+00:00,9052.0
2023-10-07 21:00:00+00:00,9003.0
2023-10-07 22:00:00+00:00,10071.0
2023-10-07 23:00:00+00:00,12465.0
2023-10-08 00:00:00+00:00,15519.0
2023-10-08 01:00:00+00:00,18470.0
2023-10-08 02:00:00+00:00,20619.0
2023-10-08 03:00:00+00:00,20332.0
2023-10-08 04:00:00+00:00,23479.0
2023-10-08 05:00:00+00:00,24633.0
2023-10-08 06:00:00+00:00,24184.0
2023-10-08 07:00:00+00:00,22039.0
2023-10-08 08:00:00+00:00,20942.0
2023-10-08 09:00:00+00:00,18649.0
2023-10-08 10:00:00+00:00,17705.0
2023-10-08 11:00:00+00:00,20338.0
2023-10-08 12:00:00+00:00,21549.0
2023-10-08 13:00:00+00:00,16616.0
2023-10-08 14:00:00+00:00,9618.0
2023-10-08 15:00:00+00:00,8401.0
2023-10-08 16:00:00+00:00,7084.0
2023-10-08 17:00:00+00:00,3587.0
2023-10-08 18:00:00+00:00,11765.0
2023-10-08 19:00:00+00:00,13769.0
2023-10-08 20:00:00+00:00,10743.0
2023-10-08 21:00:00+00:00,8598.0
2023-10-08 22:00:00+00:00,9776.0
2023-10-08 23:00:00+00:00,11294.0
2023-10-09 00:00:00+00:00,12908.0
2023-10-09 01:00:00+00:00,15882.0
2023-10-09 02:00:00+00:00,16330.0
2023-10-09 03:00:00+00:00,13501.0
2023-10-09 04:00:00+00:00,11795.0
2023-10-09 05:00:00+00:00,11133.0
2023-10-09 06:00:00+00:00,10208.0
2023-10-09 07:00:00+00:00,10941.0
2023-10-09 08:00:00+00:00,12645.0
2023-10-09 09:00:00+00:00,9964.0
2023-10-09 10:00:00+00:00,10371.0
2023-10-09 11:00:00+00:00,14112.0
2023-10-09 12:00:00+00:00,13150.0
2023-10-09 13:00:00+00:00,14781.0
2023-10-09 14:00:00+00:00,11175.0
2023-10-09 15:00:00+00:00,8671.0
2023-10-09 16:00:00+00:00,8072.0
2023-10-09 17:00:00+00:00,7758.0
2023-10-09 18:00:00+00:00,7363.0
2023-10-09 19:00:00+00:00,13544.0
2023-10-09 20:00:00+00:00,13739.0
2023-10-09 21:00:00+00:00,13929.0
2023-10-09 22:00:00+00:00,16785.0
2023-10-09 23:00:00+00:00,17900.0
2023-10-10 00:00:00+00:00,18186.0
2023-10-10 01:00:00+00:00,19439.0
2023-10-10 02:00:00+00:00,21003.0
2023-10-10 03:00:00+00:00,19080.0
2023-10-10 04:00:00+00:00,16808.0
2023-10-10 05:00:00+00:00,9516.0
2023-10-10 06:00:00+00:00,8980.0
2023-10-10 07:00:00+00:00,9357.0
2023-10-10 08:00:00+00:00,8137.0
2023-10-10 09:00:00+00:00,6683.0
2023-10-10 10:00:00+00:00,5436.0
2023-10-10 11:00:00+00:00,8897.0
2023-10-10 12:00:00+00:00,9478.0
2023-10-10 13:00:00+00:00,11610.0
2023-10-10 14:00:00+00:00,10726.0
2023-10-10 15:00:00+00:00,12059.0
2023-10-10 16:00:00+00:00,7509.0
2023-10-10 17:00:00+00:00,2517.0
2023-10-10 18:00:00+00:00,3432.0
2023-10-10 19:00:00+00:00,5329.0
2023-10-10 20:00:00+00:00,3925.0
2023-10-10 21:00:00+00:00,3397.0
2023-10-10 22:00:00+00:00,6134.0
2023-10-10 23:00:00+00:00,8055.0
2023-10-11 00:00:00+00:00,7477.0
2023-10-11 01:00:00+00:00,9441.0
2023-10-11 02:00:00+00:00,10334.0
2023-10-11 03:00:00+00:00,9396.0
2023-10-11 04:00:00+00:00,8864.0
2023-10-11 05:00:00+00:00,7198.0
2023-10-11 06:00:00+00:00,9391.0
2023-10-11 07:00:00+00:00,10070.0
2023-10-11 08:00:00+00:00,9250.0
2023-10-11 09:00:00+00:00,10202.0
2023-10-11 10:00:00+00:00,7869.0
2023-10-11 11:00:00+00:00,9610.0
2023-10-11 12:00:00+00:00,11855.0
2023-10-11 13:00:00+00:00,12502.0
2023-10-11 14:00:00+00:00,11551.0
2023-10-11 15:00:00+00:00,10817.0
2023-10-11 16:00:00+00:00,8759.0
2023-10-11 17:00:00+00:00,5956.0
2023-10-11 18:00:00+00:00,10419.0
2023-10-11 19:00:00+00:00,12543.0
2023-10-11 20:00:00+00:00,12497.0
2023-10-11 21:00:00+00:00,10610.0
2023-10-11 22:00:00+00:00,11103.0
2023-10-11 23:00:00+00:00,11723.0
2023-10-12 00:00:00+00:00,14299.0
2023-10-12 01:00:00+00:00,17106.0
2023-10-12 02:00:00+00:00,17898.0
2023-10-12 03:00:00+00:00,17978.0
2023-10-12 04:00:00+00:00,12470.0
2023-10-12 05:00:00+00:00,4417.0
2023-10-12 06:00:00+00:00,47.0
2023-10-12 07:00:00+00:00,2296.0
2023-10-12 08:00:00+00:00,3479.0
2023-10-12 09:00:00+00:00,4152.0
2023-10-12 10:00:00+00:00,2970.0
2023-10-12 11:00:00+00:00,4433.0
2023-10-12 12:00:00+00:00,4307.0
2023-10-12 13:00:00+00:00,3524.0
2023-10-12 14:00:00+00:00,4185.0
2023-10-12 15:00:00+00:00,5923.0
2023-10-12 16:00:00+00:00,2759.0
2023-10-12 17:00:00+00:00,-465.0
2023-10-12 18:00:00+00:00,1565.0
2023-10-12 19:00:00+00:00,7097.0
2023-10-12 20:00:00+00:00,10221.0
2023-10-12 21:00:00+00:00,11405.0
2023-10-12 22:00:00+00:00,14631.0
2023-10-12 23:00:00+00:00,14041.0
2023-10-13 00:00:00+00:00,16531.0
2023-10-13 01:00:00+00:00,19335.0
2023-10-13 02:00:00+00:00,18240.0
2023-10-13 03:00:00+00:00,20530.0
2023-10-13 04:00:00+00:00,17882.0
2023-10-13 05:00:00+00:00,15794.0
2023-10-13 06:00:00+00:00,10558.0
2023-10-13 07:00:00+00:00,11131.0
2023-10-13 08:00:00+00:00,14015.0
2023-10-13 09:00:00+00:00,14745.0
2023-10-13 10:00:00+00:00,12898.0
2023-10-13 11:00:00+00:00,14608.0
2023-10-13 12:00:00+00:00,14883.0
2023-10-13 13:00:00+00:00,14601.0
2023-10-13 14:00:00+00:00,17345.0
2023-10-13 15:00:00+00:00,19639.0
2023-10-13 16:00:00+00:00,17277.0
2023-10-13 17:00:00+00:00,15157.0
2023-10-13 18:00:00+00:00,17870.0
2023-10-13 19:00:00+00:00,17500.0
2023-10-13 20:00:00+00:00,16065.0
2023-10-13 21:00:00+00:00,13601.0
2023-10-13 22:00:00+00:00,13885.0
2023-10-13 23:00:00+00:00,13347.0
2023-10-14 00:00:00+00:00,12730.0
2023-10-14 01:00:00+00:00,13650.0
2023-10-14 02:00:00+00:00,15081.0
2023-10-14 03:00:00+00:00,12054.0
2023-10-14 04:00:00+00:00,11456.0
2023-10-14 05:00:00+00:00,12174.0
2023-10-14 06:00:00+00:00,9416.0
2023-10-14 07:00:00+00:00,5692.0
2023-10-14 08:00:00+00:00,2172.0
2023-10-14 09:00:00+00:00,2226.0
2023-10-14 10:00:00+00:00,1367.0
2023-10-14 11:00:00+00:00,1176.0
2023-10-14 12:00:00+00:00,1421.0
2023-10-14 13:00:00+00:00,2468.0
2023-10-14 14:00:00+00:00,9160.0
2023-10-14 15:00:00+00:00,13730.0
2023-10-14 16:00:00+00:00,10383.0
2023-10-14 17:00:00+00:00,7833.0
2023-10-14 18:00:00+00:00,12454.0
2023-10-14 19:00:00+00:00,11402.0
2023-10-14 20:00:00+00:00,9750.0
2023-10-14 21:00:00+00:00,8644.0
2023-10-14 22:00:00+00:00,10039.0
2023-10-14 23:00:00+00:00,8864.0
2023-10-15 00:00:00+00:00,11049.0
2023-10-15 01:00:00+00:00,9487.0
2023-10-15 02:00:00+00:00,10549.0
2023-10-15 03:00:00+00:00,10038.0
2023-10-15 04:00:00+00:00,9141.0
2023-10-15 05:00:00+00:00,8702.0
2023-10-15 06:00:00+00:00,9218.0
2023-10-15 07:00:00+00:00,7588.0
2023-10-15 08:00:00+00:00,7653.0
2023-10-15 09:00:00+00:00,7370.0
2023-10-15 10:00:00+00:00,7139.0
2023-10-15 11:00:00+00:00,7849.0
2023-10-15 12:00:00+00:00,6950.0
2023-10-15 13:00:00+00:00,8414.0
2023-10-15 14:00:00+00:00,13722.0
2023-10-15 15:00:00+00:00,13465.0
2023-10-15 16:00:00+00:00,10687.0
2023-10-15 17:00:00+00:00,6736.0
2023-10-15 18:00:00+00:00,11722.0
2023-10-15 19:00:00+00:00,15964.0
2023-10-15 20:00:00+00:00,15430.0
2023-10-15 21:00:00+00:00,15090.0
2023-10-15 22:00:00+00:00,16189.0
2023-10-15 23:00:00+00:00,17494.0
2023-10-16 00:00:00+00:00,19393.0
2023-10-16 01:00:00+00:00,21314.0
2023-10-16 02:00:00+00:00,20601.0
2023-10-16 03:00:00+00:00,19900.0
2023-10-16 04:00:00+00:00,14301.0
2023-10-16 05:00:00+00:00,3367.0
2023-10-16 06:00:00+00:00,2095.0
2023-10-16 07:00:00+00:00,4708.0
2023-10-16 08:00:00+00:00,10017.0
2023-10-16 09:00:00+00:00,11793.0
2023-10-16 10:00:00+00:00,10608.0
2023-10-16 11:00:00+00:00,14303.0
2023-10-16 12:00:00+00:00,14247.0
2023-10-16 13:00:00+00:00,14476.0
2023-10-16 14:00:00+00:00,12293.0
2023-10-16 15:00:00+00:00,9475.0
2023-10-16 16:00:00+00:00,3727.0
2023-10-16 17:00:00+00:00,1398.0
2023-10-16 18:00:00+00:00,6364.0
2023-10-16 19:00:00+00:00,10858.0
2023-10-16 20:00:00+00:00,10294.0
2023-10-16 21:00:00+00:00,11285.0
2023-10-16 22:00:00+00:00,13972.0
2023-10-16 23:00:00+00:00,12149.0
2023-10-17 00:00:00+00:00,8288.0
2023-10-17 01:00:00+00:00,8329.0
2023-10-17 02:00:00+00:00,11232.0
2023-10-17 03:00:00+00:00,6847.0
2023-10-17 04:00:00+00:00,1103.0
2023-10-17 05:00:00+00:00,-2273.0
2023-10-17 06:00:00+00:00,-3357.0
2023-10-17 07:00:00+00:00,-6705.0
2023-10-17 08:00:00+00:00,-10712.0
2023-10-17 09:00:00+00:00,-11306.0
2023-10-17 10:00:00+00:00,-14239.0
2023-10-17 11:00:00+00:00,-13924.0
2023-10-17 12:00:00+00:00,-11127.0
2023-10-17 13:00:00+00:00,-8154.0
2023-10-17 14:00:00+00:00,-7256.0
2023-10-17 15:00:00+00:00,-5336.0
2023-10-17 16:00:00+00:00,-5028.0
2023-10-17 17:00:00+00:00,-4406.0
2023-10-17 18:00:00+00:00,-3129.0
2023-10-17 19:00:00+00:00,2948.0
2023-10-17 20:00:00+00:00,5214.0
2023-10-17 21:00:00+00:00,5661.0
2023-10-17 22:00:00+00:00,7283.0
2023-10-17 23:00:00+00:00,11504.0
2023-10-18 00:00:00+00:00,12501.0
2023-10-18 01:00:00+00:00,12498.0
2023-10-18 02:00:00+00:00,13412.0
2023-10-18 03:00:00+00:00,13561.0
2023-10-18 04:00:00+00:00,14197.0
2023-10-18 05:00:00+00:00,8154.0
2023-10-18 06:00:00+00:00,-969.0
2023-10-18 07:00:00+00:00,-531.0
2023-10-18 08:00:00+00:00,-1607.0
2023-10-18 09:00:00+00:00,-1611.0
2023-10-18 10:00:00+00:00,-3284.0
2023-10-18 11:00:00+00:00,-4808.0
2023-10-18 12:00:00+00:00,-2881.0
2023-10-18 13:00:00+00:00,-1785.0
2023-10-18 14:00:00+00:00,-1414.0
2023-10-18 15:00:00+00:00,1200.0
2023-10-18 16:00:00+00:00,-4.0
2023-10-18 17:00:00+00:00,-5148.0
2023-10-18 18:00:00+00:00,-1444.0
2023-10-18 19:00:00+00:00,3394.0
2023-10-18 20:00:00+00:00,4287.0
2023-10-18 21:00:00+00:00,6421.0
2023-10-18 22:00:00+00:00,8438.0
2023-10-18 23:00:00+00:00,8898.0
2023-10-19 00:00:00+00:00,9674.0
2023-10-19 01:00:00+00:00,7130.0
2023-10-19 02:00:00+00:00,8053.0
2023-10-19 03:00:00+00:00,5967.0
2023-10-19 04:00:00+00:00,3496.0
2023-10-19 05:00:00+00:00,1113.0
2023-10-19 06:00:00+00:00,-167.0
2023-10-19 07:00:00+00:00,1871.0
2023-10-19 08:00:00+00:00,1341.0
2023-10-19 09:00:00+00:00,2333.0
2023-10-19 10:00:00+00:00,3396.0
2023-10-19 11:00:00+00:00,4780.0
2023-10-19 12:00:00+00:00,2844.0
2023-10-19 13:00:00+00:00,2987.0
2023-10-19 14:00:00+00:00,3425.0
2023-10-19 15:00:00+00:00,1160.0
2023-10-19 16:00:00+00:00,924.0
2023-10-19 17:00:00+00:00,-490.0
2023-10-19 18:00:00+00:00,2002.0
2023-10-19 19:00:00+00:00,1804.0
2023-10-19 20:00:00+00:00,1880.0
2023-10-19 21:00:00+00:00,-580.0
2023-10-19 22:00:00+00:00,408.0
2023-10-19 23:00:00+00:00,1948.0
2023-10-20 00:00:00+00:00,-372.0
2023-10-20 01:00:00+00:00,-3152.0
2023-10-20 02:00:00+00:00,-2522.0
2023-10-20 03:00:00+00:00,-974.0
2023-10-20 04:00:00+00:00,-1384.0
2023-10-20 05:00:00+00:00,-4970.0
2023-10-20 06:00:00+00:00,-5260.0
2023-10-20 07:00:00+00:00,-5804.0
2023-10-20 08:00:00+00:00,-4433.0
2023-10-20 09:00:00+00:00,-2983.0
2023-10-20 10:00:00+00:00,-2582.0
2023-10-20 11:00:00+00:00,689.0
2023-10-20 12:00:00+00:00,1075.0
2023-10-20 13:00:00+00:00,2024.0
2023-10-20 14:00:00+00:00,-66.0
2023-10-20 15:00:00+00:00,156.0
2023-10-20 16:00:00+00:00,-558.0
2023-10-20 17:00:00+00:00,-1698.0
2023-10-20 18:00:00+00:00,-1841.0
2023-10-20 19:00:00+00:00,-782.0
2023-10-20 20:00:00+00:00,-885.0
2023-10-20 21:00:00+00:00,347.0
2023-10-20 22:00:00+00:00,1407.0
2023-10-20 23:00:00+00:00,5089.0
2023-10-21 00:00:00+00:00,4669.0
2023-10-21 01:00:00+00:00,10385.0
2023-10-21 02:00:00+00:00,16414.0
2023-10-21 03:00:00+00:00,16677.0
2023-10-21 04:00:00+00:00,14472.0
2023-10-21 05:00:00+00:00,13948.0
2023-10-21 06:00:00+00:00,14578.0
2023-10-21 07:00:00+00:00,14420.0
2023-10-21 08:00:00+00:00,13349.0
2023-10-21 09:00:00+00:00,10391.0
2023-10-21 10:00:00+00:00,9970.0
2023-10-21 11:00:00+00:00,13280.0
2023-10-21 12:00:00+00:00,16014.0
2023-10-21 13:00:00+00:00,15899.0
2023-10-21 14:00:00+00:00,17824.0
2023-10-21 15:00:00+00:00,18064.0
2023-10-21 16:00:00+00:00,16562.0
2023-10-21 17:00:00+00:00,12879.0
2023-10-21 18:00:00+00:00,12141.0
2023-10-21 19:00:00+00:00,11966.0
2023-10-21 20:00:00+00:00,9725.0
2023-10-21 21:00:00+00:00,8193.0
2023-10-21 22:00:00+00:00,7961.0
2023-10-21 23:00:00+00:00,7952.0
2023-10-22 00:00:00+00:00,9509.0
2023-10-22 01:00:00+00:00,12859.0
2023-10-22 02:00:00+00:00,13885.0
2023-10-22 03:00:00+00:00,14623.0
2023-10-22 04:00:00+00:00,14329.0
2023-10-22 05:00:00+00:00,12188.0
2023-10-22 06:00:00+00:00,12806.0
2023-10-22 07:00:00+00:00,13424.0
2023-10-22 08:00:00+00:00,14972.0
2023-10-22 09:00:00+00:00,15562.0
2023-10-22 10:00:00+00:00,12753.0
2023-10-22 11:00:00+00:00,14458.0
2023-10-22 12:00:00+00:00,14696.0
2023-10-22 13:00:00+00:00,15363.0
2023-10-22 14:00:00+00:00,9890.0
2023-10-22 15:00:00+00:00,5977.0
2023-10-22 16:00:00+00:00,4012.0
2023-10-22 17:00:00+00:00,-542.0
2023-10-22 18:00:00+00:00,231.0
2023-10-22 19:00:00+00:00,1292.0
2023-10-22 20:00:00+00:00,159.0
2023-10-22 21:00:00+00:00,-1085.0
2023-10-22 22:00:00+00:00,2228.0
2023-10-22 23:00:00+00:00,6662.0
2023-10-23 00:00:00+00:00,11370.0
2023-10-23 01:00:00+00:00,16179.0
2023-10-23 02:00:00+00:00,16406.0
2023-10-23 03:00:00+00:00,13768.0
2023-10-23 04:00:00+00:00,12618.0
2023-10-23 05:00:00+00:00,11055.0
2023-10-23 06:00:00+00:00,7003.0
2023-10-23 07:00:00+00:00,7257.0
2023-10-23 08:00:00+00:00,6251.0
2023-10-23 09:00:00+00:00,6156.0
2023-10-23 10:00:00+00:00,9544.0
2023-10-23 11:00:00+00:00,10204.0
2023-10-23 12:00:00+00:00,12480.0
2023-10-23 13:00:00+00:00,12026.0
2023-10-23 14:00:00+00:00,9931.0
2023-10-23 15:00:00+00:00,7647.0
2023-10-23 16:00:00+00:00,29.0
2023-10-23 17:00:00+00:00,-510.0
2023-10-23 18:00:00+00:00,4061.0
2023-10-23 19:00:00+00:00,4046.0
2023-10-23 20:00:00+00:00,4789.0
2023-10-23 21:00:00+00:00,6365.0
2023-10-23 22:00:00+00:00,7451.0
2023-10-23 23:00:00+00:00,8734.0
2023-10-24 00:00:00+00:00,8665.0
2023-10-24 01:00:00+00:00,8753.0
2023-10-24 02:00:00+00:00,7237.0
2023-10-24 03:00:00+00:00,4535.0
2023-10-24 04:00:00+00:00,1635.0
2023-10-24 05:00:00+00:00,-3126.0
2023-10-24 06:00:00+00:00,-3483.0
2023-10-24 07:00:00+00:00,-2517.0
2023-10-24 08:00:00+00:00,-2965.0
2023-10-24 09:00:00+00:00,-774.0
2023-10-24 10:00:00+00:00,-1621.0
2023-10-24 11:00:00+00:00,-638.0
2023-10-24 12:00:00+00:00,-2305.0
2023-10-24 13:00:00+00:00,-596.0
2023-10-24 14:00:00+00:00,-1085.0
2023-10-24 15:00:00+00:00,473.0
2023-10-24 16:00:00+00:00,-615.0
2023-10-24 17:00:00+00:00,-3422.0
2023-10-24 18:00:00+00:00,-2525.0
2023-10-24 19:00:00+00:00,-2681.0
2023-10-24 20:00:00+00:00,-809.0
2023-10-24 21:00:00+00:00,-1517.0
2023-10-24 22:00:00+00:00,110.0
2023-10-24 23:00:00+00:00,926.0
2023-10-25 00:00:00+00:00,1846.0
2023-10-25 01:00:00+00:00,4225.0
2023-10-25 02:00:00+00:00,5906.0
2023-10-25 03:00:00+00:00,3975.0
2023-10-25 04:00:00+00:00,1073.0
2023-10-25 05:00:00+00:00,57.0
2023-10-25 06:00:00+00:00,-386.0
2023-10-25 07:00:00+00:00,1394.0
2023-10-25 08:00:00+00:00,2730.0
2023-10-25 09:00:00+00:00,2595.0
2023-10-25 10:00:00+00:00,1406.0
2023-10-25 11:00:00+00:00,3353.0
2023-10-25 12:00:00+00:00,2339.0
2023-10-25 13:00:00+00:00,2109.0
2023-10-25 14:00:00+00:00,2619.0
2023-10-25 15:00:00+00:00,1883.0
2023-10-25 16:00:00+00:00,589.0
2023-10-25 17:00:00+00:00,-4184.0
2023-10-25 18:00:00+00:00,-1027.0
2023-10-25 19:00:00+00:00,955.0
2023-10-25 20:00:00+00:00,1123.0
2023-10-25 21:00:00+00:00,1180.0
2023-10-25 22:00:00+00:00,1042.0
2023-10-25 23:00:00+00:00,955.0
2023-10-26 00:00:00+00:00,1429.0
2023-10-26 01:00:00+00:00,4561.0
2023-10-26 02:00:00+00:00,4860.0
2023-10-26 03:00:00+00:00,4210.0
2023-10-26 04:00:00+00:00,2665.0
2023-10-26 05:00:00+00:00,906.0
2023-10-26 06:00:00+00:00,2284.0
2023-10-26 07:00:00+00:00,1747.0
2023-10-26 08:00:00+00:00,1870.0
2023-10-26 09:00:00+00:00,373.0
2023-10-26 10:00:00+00:00,-1222.0
2023-10-26 11:00:00+00:00,28.0
2023-10-26 12:00:00+00:00,-1168.0
2023-10-26 13:00:00+00:00,-937.0
2023-10-26 14:00:00+00:00,-2516.0
2023-10-26 15:00:00+00:00,-651.0
2023-10-26 16:00:00+00:00,600.0
2023-10-26 17:00:00+00:00,-1124.0
2023-10-26 18:00:00+00:00,1125.0
2023-10-26 19:00:00+00:00,1297.0
2023-10-26 20:00:00+00:00,1034.0
2023-10-26 21:00:00+00:00,510.0
2023-10-26 22:00:00+00:00,2619.0
2023-10-26 23:00:00+00:00,3313.0
2023-10-27 00:00:00+00:00,3987.0
2023-10-27 01:00:00+00:00,3203.0
2023-10-27 02:00:00+00:00,2761.0
2023-10-27 03:00:00+00:00,3324.0
2023-10-27 04:00:00+00:00,1503.0
2023-10-27 05:00:00+00:00,2382.0
2023-10-27 06:00:00+00:00,3813.0
2023-10-27 07:00:00+00:00,5248.0
2023-10-27 08:00:00+00:00,5279.0
2023-10-27 09:00:00+00:00,4756.0
2023-10-27 10:00:00+00:00,3517.0
2023-10-27 11:00:00+00:00,2995.0
2023-10-27 12:00:00+00:00,3409.0
2023-10-27 13:00:00+00:00,4536.0
2023-10-27 14:00:00+00:00,5290.0
2023-10-27 15:00:00+00:00,6067.0
2023-10-27 16:00:00+00:00,3943.0
2023-10-27 17:00:00+00:00,625.0
2023-10-27 18:00:00+00:00,2175.0
2023-10-27 19:00:00+00:00,4452.0
2023-10-27 20:00:00+00:00,1685.0
2023-10-27 21:00:00+00:00,2373.0
2023-10-27 22:00:00+00:00,6708.0
2023-10-27 23:00:00+00:00,6249.0
2023-10-28 00:00:00+00:00,6279.0
2023-10-28 01:00:00+00:00,8629.0
2023-10-28 02:00:00+00:00,6530.0
2023-10-28 03:00:00+00:00,4310.0
2023-10-28 04:00:00+00:00,2875.0
2023-10-28 05:00:00+00:00,3784.0
2023-10-28 06:00:00+00:00,4822.0
2023-10-28 07:00:00+00:00,4536.0
2023-10-28 08:00:00+00:00,4718.0
2023-10-28 09:00:00+00:00,3229.0
2023-10-28 10:00:00+00:00,-1321.0
2023-10-28 11:00:00+00:00,-201.0
2023-10-28 12:00:00+00:00,1794.0
2023-10-28 13:00:00+00:00,1617.0
2023-10-28 14:00:00+00:00,2944.0
2023-10-28 15:00:00+00:00,7292.0
2023-10-28 16:00:00+00:00,5001.0
2023-10-28 17:00:00+00:00,1676.0
2023-10-28 18:00:00+00:00,1709.0
2023-10-28 19:00:00+00:00,3016.0
2023-10-28 20:00:00+00:00,778.0
2023-10-28 21:00:00+00:00,-2066.0
2023-10-28 22:00:00+00:00,-6929.0
2023-10-28 23:00:00+00:00,-5978.0
2023-10-29 00:00:00+00:00,-2352.0
2023-10-29 01:00:00+00:00,917.0
2023-10-29 02:00:00+00:00,3997.0
2023-10-29 03:00:00+00:00,3589.0
2023-10-29 04:00:00+00:00,2840.0
2023-10-29 05:00:00+00:00,5731.0
2023-10-29 06:00:00+00:00,3051.0
2023-10-29 07:00:00+00:00,-4676.0
2023-10-29 08:00:00+00:00,-8476.0
2023-10-29 09:00:00+00:00,-7361.0
2023-10-29 10:00:00+00:00,-9942.0
2023-10-29 11:00:00+00:00,-10137.0
2023-10-29 12:00:00+00:00,-3838.0
2023-10-29 13:00:00+00:00,-543.0
2023-10-29 14:00:00+00:00,43.0
2023-10-29 15:00:00+00:00,1525.0
2023-10-29 16:00:00+00:00,719.0
2023-10-29 17:00:00+00:00,-1889.0
2023-10-29 18:00:00+00:00,26.0
2023-10-29 19:00:00+00:00,1111.0
2023-10-29 20:00:00+00:00,-488.0
2023-10-29 21:00:00+00:00,-7211.0
2023-10-29 22:00:00+00:00,-11418.0
2023-10-29 23:00:00+00:00,-8061.0
2023-10-30 00:00:00+00:00,-8504.0
2023-10-30 01:00:00+00:00,-9097.0
2023-10-30 02:00:00+00:00,-6713.0
2023-10-30 03:00:00+00:00,-5118.0
2023-10-30 04:00:00+00:00,-4626.0
2023-10-30 05:00:00+00:00,-4435.0
2023-10-30 06:00:00+00:00,-6840.0
2023-10-30 07:00:00+00:00,-8535.0
2023-10-30 08:00:00+00:00,-11172.0
2023-10-30 09:00:00+00:00,-8216.0
2023-10-30 10:00:00+00:00,-9710.0
2023-10-30 11:00:00+00:00,-7841.0
2023-10-30 12:00:00+00:00,-3557.0
2023-10-30 13:00:00+00:00,1251.0
2023-10-30 14:00:00+00:00,2167.0
2023-10-30 15:00:00+00:00,5292.0
2023-10-30 16:00:00+00:00,3916.0
2023-10-30 17:00:00+00:00,-549.0
2023-10-30 18:00:00+00:00,-1708.0
2023-10-30 19:00:00+00:00,-1490.0
2023-10-30 20:00:00+00:00,3173.0
2023-10-30 21:00:00+00:00,1394.0
2023-10-30 22:00:00+00:00,1819.0
2023-10-30 23:00:00+00:00,6018.0
2023-10-31 00:00:00+00:00,6726.0
2023-10-31 01:00:00+00:00,5359.0
2023-10-31 02:00:00+00:00,5061.0
2023-10-31 03:00:00+00:00,4826.0
2023-10-31 04:00:00+00:00,259.0
2023-10-31 05:00:00+00:00,-5704.0
2023-10-31 06:00:00+00:00,-4372.0
2023-10-31 07:00:00+00:00,-4322.0
2023-10-31 08:00:00+00:00,-1398.0
2023-10-31 09:00:00+00:00,-1757.0
2023-10-31 10:00:00+00:00,-672.0
2023-10-31 11:00:00+00:00,3419.0
2023-10-31 12:00:00+00:00,7525.0
2023-10-31 13:00:00+00:00,6386.0
2023-10-31 14:00:00+00:00,6662.0
2023-10-31 15:00:00+00:00,7755.0
2023-10-31 16:00:00+00:00,8538.0
2023-10-31 17:00:00+00:00,5651.0
2023-10-31 18:00:00+00:00,6557.0
2023-10-31 19:00:00+00:00,11242.0
2023-10-31 20:00:00+00:00,10820.0
2023-10-31 21:00:00+00:00,4931.0
2023-10-31 22:00:00+00:00,6717.0
2023-10-31 23:00:00+00:00,11120.0
2023-11-01 00:00:00+00:00,9861.0
2023-11-01 01:00:00+00:00,8518.0
2023-11-01 02:00:00+00:00,8044.0
2023-11-01 03:00:00+00:00,6881.0
2023-11-01 04:00:00+00:00,4660.0
2023-11-01 05:00:00+00:00,2462.0
2023-11-01 06:00:00+00:00,4857.0
2023-11-01 07:00:00+00:00,6989.0
2023-11-01 08:00:00+00:00,7818.0
2023-11-01 09:00:00+00:00,6616.0
2023-11-01 10:00:00+00:00,6060.0
2023-11-01 11:00:00+00:00,5554.0
2023-11-01 12:00:00+00:00,7406.0
2023-11-01 13:00:00+00:00,8688.0
2023-11-01 14:00:00+00:00,6282.0
2023-11-01 15:00:00+00:00,4395.0
2023-11-01 16:00:00+00:00,2908.0
2023-11-01 17:00:00+00:00,-2905.0
2023-11-01 18:00:00+00:00,-3085.0
2023-11-01 19:00:00+00:00,-51.0
2023-11-01 20:00:00+00:00,13.0
2023-11-01 21:00:00+00:00,-1544.0
2023-11-01 22:00:00+00:00,-1966.0
2023-11-01 23:00:00+00:00,-2087.0
2023-11-02 00:00:00+00:00,-321.0
2023-11-02 01:00:00+00:00,4195.0
2023-11-02 02:00:00+00:00,10515.0
2023-11-02 03:00:00+00:00,9651.0
2023-11-02 04:00:00+00:00,7089.0
2023-11-02 05:00:00+00:00,3110.0
2023-11-02 06:00:00+00:00,-1715.0
2023-11-02 07:00:00+00:00,-2567.0
2023-11-02 08:00:00+00:00,-4060.0
2023-11-02 09:00:00+00:00,-3273.0
2023-11-02 10:00:00+00:00,-4645.0
2023-11-02 11:00:00+00:00,-4075.0
2023-11-02 12:00:00+00:00,-1970.0
2023-11-02 13:00:00+00:00,951.0
2023-11-02 14:00:00+00:00,2581.0
2023-11-02 15:00:00+00:00,-1687.0
2023-11-02 16:00:00+00:00,-1272.0
2023-11-02 17:00:00+00:00,-5522.0
2023-11-02 18:00:00+00:00,-5230.0
2023-11-02 19:00:00+00:00,-2556.0
2023-11-02 20:00:00+00:00,-3729.0
2023-11-02 21:00:00+00:00,-6666.0
2023-11-02 22:00:00+00:00,-7766.0
2023-11-02 23:00:00+00:00,-3849.0
2023-11-03 00:00:00+00:00,-5370.0
2023-11-03 01:00:00+00:00,-6273.0
2023-11-03 02:00:00+00:00,-6769.0
2023-11-03 03:00:00+00:00,-7590.0
2023-11-03 04:00:00+00:00,-5589.0
2023-11-03 05:00:00+00:00,-6120.0
2023-11-03 06:00:00+00:00,-3237.0
2023-11-03 07:00:00+00:00,-5090.0
2023-11-03 08:00:00+00:00,-7373.0
2023-11-03 09:00:00+00:00,-6130.0
2023-11-03 10:00:00+00:00,-7637.0
2023-11-03 11:00:00+00:00,-5395.0
2023-11-03 12:00:00+00:00,-6367.0
2023-11-03 13:00:00+00:00,-4265.0
2023-11-03 14:00:00+00:00,-715.0
2023-11-03 15:00:00+00:00,2311.0
2023-11-03 16:00:00+00:00,2054.0
2023-11-03 17:00:00+00:00,-989.0
2023-11-03 18:00:00+00:00,-1835.0
2023-11-03 19:00:00+00:00,-2275.0
2023-11-03 20:00:00+00:00,-3498.0
2023-11-03 21:00:00+00:00,-5284.0
2023-11-03 22:00:00+00:00,-7866.0
2023-11-03 23:00:00+00:00,-5811.0
2023-11-04 00:00:00+00:00,-5217.0
2023-11-04 01:00:00+00:00,-5027.0
2023-11-04 02:00:00+00:00,-3582.0
2023-11-04 03:00:00+00:00,-906.0
2023-11-04 04:00:00+00:00,-33.0
2023-11-04 05:00:00+00:00,328.0
2023-11-04 06:00:00+00:00,930.0
2023-11-04 07:00:00+00:00,1744.0
2023-11-04 08:00:00+00:00,291.0
2023-11-04 09:00:00+00:00,-1502.0
2023-11-04 10:00:00+00:00,-2772.0
2023-11-04 11:00:00+00:00,-4582.0
2023-11-04 12:00:00+00:00,-644.0
2023-11-04 13:00:00+00:00,1340.0
2023-11-04 14:00:00+00:00,3809.0
2023-11-04 15:00:00+00:00,3502.0
2023-11-04 16:00:00+00:00,3209.0
2023-11-04 17:00:00+00:00,-624.0
2023-11-04 18:00:00+00:00,-3308.0
2023-11-04 19:00:00+00:00,-4320.0
2023-11-04 20:00:00+00:00,-6108.0
2023-11-04 21:00:00+00:00,-6179.0
2023-11-04 22:00:00+00:00,-7164.0
2023-11-04 23:00:00+00:00,-5714.0
2023-11-05 00:00:00+00:00,-4850.0
2023-11-05 01:00:00+00:00,-2983.0
2023-11-05 02:00:00+00:00,447.0
2023-11-05 03:00:00+00:00,4454.0
2023-11-05 04:00:00+00:00,7078.0
2023-11-05 05:00:00+00:00,4378.0
2023-11-05 06:00:00+00:00,5242.0
2023-11-05 07:00:00+00:00,8114.0
2023-11-05 08:00:00+00:00,8836.0
2023-11-05 09:00:00+00:00,7909.0
2023-11-05 10:00:00+00:00,7854.0
2023-11-05 11:00:00+00:00,5509.0
2023-11-05 12:00:00+00:00,6125.0
2023-11-05 13:00:00+00:00,4447.0
2023-11-05 14:00:00+00:00,5489.0
2023-11-05 15:00:00+00:00,5757.0
2023-11-05 16:00:00+00:00,4226.0
2023-11-05 17:00:00+00:00,955.0
2023-11-05 18:00:00+00:00,-618.0
2023-11-05 19:00:00+00:00,-1167.0
2023-11-05 20:00:00+00:00,-3010.0
2023-11-05 21:00:00+00:00,-4610.0
2023-11-05 22:00:00+00:00,-6980.0
2023-11-05 23:00:00+00:00,-3931.0
2023-11-06 00:00:00+00:00,-4128.0
2023-11-06 01:00:00+00:00,-2664.0
2023-11-06 02:00:00+00:00,256.0
2023-11-06 03:00:00+00:00,-184.0
2023-11-06 04:00:00+00:00,-4095.0
2023-11-06 05:00:00+00:00,-10103.0
2023-11-06 06:00:00+00:00,-15107.0
2023-11-06 07:00:00+00:00,-12266.0
2023-11-06 08:00:00+00:00,-10300.0
2023-11-06 09:00:00+00:00,-7534.0
2023-11-06 10:00:00+00:00,-7338.0
2023-11-06 11:00:00+00:00,-8153.0
2023-11-06 12:00:00+00:00,-6926.0
2023-11-06 13:00:00+00:00,-6148.0
2023-11-06 14:00:00+00:00,-3274.0
2023-11-06 15:00:00+00:00,-2474.0
2023-11-06 16:00:00+00:00,-4628.0
2023-11-06 17:00:00+00:00,-10973.0
2023-11-06 18:00:00+00:00,-9956.0
2023-11-06 19:00:00+00:00,-1773.0
2023-11-06 20:00:00+00:00,108.0
2023-11-06 21:00:00+00:00,-7359.0
2023-11-06 22:00:00+00:00,-13201.0
2023-11-06 23:00:00+00:00,-9499.0
2023-11-07 00:00:00+00:00,-6888.0
2023-11-07 01:00:00+00:00,-4977.0
2023-11-07 02:00:00+00:00,-2962.0
2023-11-07 03:00:00+00:00,-65.0
2023-11-07 04:00:00+00:00,-5698.0
2023-11-07 05:00:00+00:00,-6130.0
2023-11-07 06:00:00+00:00,-6113.0
2023-11-07 07:00:00+00:00,-6891.0
2023-11-07 08:00:00+00:00,-7368.0
2023-11-07 09:00:00+00:00,-5367.0
2023-11-07 10:00:00+00:00,-4700.0
2023-11-07 11:00:00+00:00,-4176.0
2023-11-07 12:00:00+00:00,-3657.0
2023-11-07 13:00:00+00:00,-3635.0
2023-11-07 14:00:00+00:00,-3131.0
2023-11-07 15:00:00+00:00,-2319.0
2023-11-07 16:00:00+00:00,-3828.0
2023-11-07 17:00:00+00:00,-4819.0
2023-11-07 18:00:00+00:00,-2603.0
2023-11-07 19:00:00+00:00,1069.0
2023-11-07 20:00:00+00:00,2441.0
2023-11-07 21:00:00+00:00,-1876.0
2023-11-07 22:00:00+00:00,-8688.0
2023-11-07 23:00:00+00:00,-8461.0
2023-11-08 00:00:00+00:00,-4411.0
2023-11-08 01:00:00+00:00,-1899.0
2023-11-08 02:00:00+00:00,-535.0
2023-11-08 03:00:00+00:00,1791.0
2023-11-08 04:00:00+00:00,404.0
2023-11-08 05:00:00+00:00,-6822.0
2023-11-08 06:00:00+00:00,-7899.0
2023-11-08 07:00:00+00:00,-9386.0
2023-11-08 08:00:00+00:00,-9152.0
2023-11-08 09:00:00+00:00,-7967.0
2023-11-08 10:00:00+00:00,-6439.0
2023-11-08 11:00:00+00:00,-5566.0
2023-11-08 12:00:00+00:00,-2509.0
2023-11-08 13:00:00+00:00,-3350.0
2023-11-08 14:00:00+00:00,-2650.0
2023-11-08 15:00:00+00:00,-2403.0
2023-11-08 16:00:00+00:00,-3632.0
2023-11-08 17:00:00+00:00,-10128.0
2023-11-08 18:00:00+00:00,-10053.0
2023-11-08 19:00:00+00:00,-2488.0
2023-11-08 20:00:00+00:00,1651.0
2023-11-08 21:00:00+00:00,-3699.0
2023-11-08 22:00:00+00:00,-6758.0
2023-11-08 23:00:00+00:00,-5305.0
2023-11-09 00:00:00+00:00,-5025.0
2023-11-09 01:00:00+00:00,-5459.0
2023-11-09 02:00:00+00:00,-2668.0
2023-11-09 03:00:00+00:00,-2201.0
2023-11-09 04:00:00+00:00,-3235.0
2023-11-09 05:00:00+00:00,-4899.0
2023-11-09 06:00:00+00:00,-2833.0
2023-11-09 07:00:00+00:00,-4916.0
2023-11-09 08:00:00+00:00,-5020.0
2023-11-09 09:00:00+00:00,-4027.0
2023-11-09 10:00:00+00:00,-5268.0
2023-11-09 11:00:00+00:00,-5423.0
2023-11-09 12:00:00+00:00,-4789.0
2023-11-09 13:00:00+00:00,-3056.0
2023-11-09 14:00:00+00:00,-587.0
2023-11-09 15:00:00+00:00,847.0
2023-11-09 16:00:00+00:00,-4843.0
2023-11-09 17:00:00+00:00,-8195.0
2023-11-09 18:00:00+00:00,-10543.0
2023-11-09 19:00:00+00:00,-6751.0
2023-11-09 20:00:00+00:00,-4896.0
2023-11-09 21:00:00+00:00,-9900.0
2023-11-09 22:00:00+00:00,-11893.0
2023-11-09 23:00:00+00:00,-9677.0
2023-11-10 00:00:00+00:00,-8888.0
2023-11-10 01:00:00+00:00,-6856.0
2023-11-10 02:00:00+00:00,-5574.0
2023-11-10 03:00:00+00:00,-3082.0
2023-11-10 04:00:00+00:00,-5267.0
2023-11-10 05:00:00+00:00,-7777.0
2023-11-10 06:00:00+00:00,-8536.0
2023-11-10 07:00:00+00:00,-5091.0
2023-11-10 08:00:00+00:00,-5054.0
2023-11-10 09:00:00+00:00,-2416.0
2023-11-10 10:00:00+00:00,-2697.0
2023-11-10 11:00:00+00:00,-2131.0
2023-11-10 12:00:00+00:00,179.0
2023-11-10 13:00:00+00:00,2340.0
2023-11-10 14:00:00+00:00,4236.0
2023-11-10 15:00:00+00:00,3651.0
2023-11-10 16:00:00+00:00,4849.0
2023-11-10 17:00:00+00:00,734.0
2023-11-10 18:00:00+00:00,-2820.0
2023-11-10 19:00:00+00:00,-2806.0
2023-11-10 20:00:00+00:00,-1843.0
2023-11-10 21:00:00+00:00,-1439.0
2023-11-10 22:00:00+00:00,-5748.0
2023-11-10 23:00:00+00:00,-1932.0
2023-11-11 00:00:00+00:00,-1818.0
2023-11-11 01:00:00+00:00,-2835.0
2023-11-11 02:00:00+00:00,-2881.0
2023-11-11 03:00:00+00:00,-2299.0
2023-11-11 04:00:00+00:00,-3808.0
2023-11-11 05:00:00+00:00,-7313.0
2023-11-11 06:00:00+00:00,-7686.0
2023-11-11 07:00:00+00:00,-6885.0
2023-11-11 08:00:00+00:00,-5402.0
2023-11-11 09:00:00+00:00,-4794.0
2023-11-11 10:00:00+00:00,-4916.0
2023-11-11 11:00:00+00:00,-7170.0
2023-11-11 12:00:00+00:00,-4697.0
2023-11-11 13:00:00+00:00,-2395.0
2023-11-11 14:00:00+00:00,-327.0
2023-11-11 15:00:00+00:00,-312.0
2023-11-11 16:00:00+00:00,1359.0
2023-11-11 17:00:00+00:00,812.0
2023-11-11 18:00:00+00:00,-752.0
2023-11-11 19:00:00+00:00,333.0
2023-11-11 20:00:00+00:00,236.0
2023-11-11 21:00:00+00:00,817.0
2023-11-11 22:00:00+00:00,1057.0
2023-11-11 23:00:00+00:00,1601.0
2023-11-12 00:00:00+00:00,5754.0
2023-11-12 01:00:00+00:00,8366.0
2023-11-12 02:00:00+00:00,8887.0
2023-11-12 03:00:00+00:00,8714.0
2023-11-12 04:00:00+00:00,8523.0
2023-11-12 05:00:00+00:00,6981.0
2023-11-12 06:00:00+00:00,7211.0
2023-11-12 07:00:00+00:00,6193.0
2023-11-12 08:00:00+00:00,3258.0
2023-11-12 09:00:00+00:00,5008.0
2023-11-12 10:00:00+00:00,3724.0
2023-11-12 11:00:00+00:00,2039.0
2023-11-12 12:00:00+00:00,5070.0
2023-11-12 13:00:00+00:00,5196.0
2023-11-12 14:00:00+00:00,6462.0
2023-11-12 15:00:00+00:00,7541.0
2023-11-12 16:00:00+00:00,3519.0
2023-11-12 17:00:00+00:00,4862.0
2023-11-12 18:00:00+00:00,2194.0
2023-11-12 19:00:00+00:00,2785.0
2023-11-12 20:00:00+00:00,2895.0
2023-11-12 21:00:00+00:00,4905.0
2023-11-12 22:00:00+00:00,6641.0
2023-11-12 23:00:00+00:00,10023.0
2023-11-13 00:00:00+00:00,9861.0
2023-11-13 01:00:00+00:00,12479.0
2023-11-13 02:00:00+00:00,11976.0
2023-11-13 03:00:00+00:00,10688.0
2023-11-13 04:00:00+00:00,6466.0
2023-11-13 05:00:00+00:00,1724.0
2023-11-13 06:00:00+00:00,56.0
2023-11-13 07:00:00+00:00,-1501.0
2023-11-13 08:00:00+00:00,-1099.0
2023-11-13 09:00:00+00:00,-672.0
2023-11-13 10:00:00+00:00,-2213.0
2023-11-13 11:00:00+00:00,-2113.0
2023-11-13 12:00:00+00:00,-3171.0
2023-11-13 13:00:00+00:00,-4004.0
2023-11-13 14:00:00+00:00,-2367.0
2023-11-13 15:00:00+00:00,513.0
2023-11-13 16:00:00+00:00,1232.0
2023-11-13 17:00:00+00:00,-717.0
2023-11-13 18:00:00+00:00,138.0
2023-11-13 19:00:00+00:00,5284.0
2023-11-13 20:00:00+00:00,3854.0
2023-11-13 21:00:00+00:00,-1658.0
2023-11-13 22:00:00+00:00,-4634.0
2023-11-13 23:00:00+00:00,2623.0
2023-11-14 00:00:00+00:00,5822.0
2023-11-14 01:00:00+00:00,8832.0
2023-11-14 02:00:00+00:00,11359.0
2023-11-14 03:00:00+00:00,12072.0
2023-11-14 04:00:00+00:00,9933.0
2023-11-14 05:00:00+00:00,1338.0
2023-11-14 06:00:00+00:00,-4739.0
2023-11-14 07:00:00+00:00,-6129.0
2023-11-14 08:00:00+00:00,-5955.0
2023-11-14 09:00:00+00:00,-4166.0
2023-11-14 10:00:00+00:00,-3660.0
2023-11-14 11:00:00+00:00,-1917.0
2023-11-14 12:00:00+00:00,1171.0
2023-11-14 13:00:00+00:00,3766.0
2023-11-14 14:00:00+00:00,6889.0
2023-11-14 15:00:00+00:00,7325.0
2023-11-14 16:00:00+00:00,11970.0
2023-11-14 17:00:00+00:00,12192.0
2023-11-14 18:00:00+00:00,10479.0
2023-11-14 19:00:00+00:00,13328.0
2023-11-14 20:00:00+00:00,14527.0
2023-11-14 21:00:00+00:00,12351.0
2023-11-14 22:00:00+00:00,10965.0
2023-11-14 23:00:00+00:00,11331.0
2023-11-15 00:00:00+00:00,14634.0
2023-11-15 01:00:00+00:00,16279.0
2023-11-15 02:00:00+00:00,19726.0
2023-11-15 03:00:00+00:00,20723.0
2023-11-15 04:00:00+00:00,15267.0
2023-11-15 05:00:00+00:00,7707.0
2023-11-15 06:00:00+00:00,6222.0
2023-11-15 07:00:00+00:00,7551.0
2023-11-15 08:00:00+00:00,2056.0
2023-11-15 09:00:00+00:00,-586.0
2023-11-15 10:00:00+00:00,-3069.0
2023-11-15 11:00:00+00:00,-1618.0
2023-11-15 12:00:00+00:00,-1709.0
2023-11-15 13:00:00+00:00,-516.0
2023-11-15 14:00:00+00:00,-2200.0
2023-11-15 15:00:00+00:00,-2796.0
2023-11-15 16:00:00+00:00,-1939.0
2023-11-15 17:00:00+00:00,-4654.0
2023-11-15 18:00:00+00:00,-6421.0
2023-11-15 19:00:00+00:00,-1769.0
2023-11-15 20:00:00+00:00,191.0
2023-11-15 21:00:00+00:00,-4491.0
2023-11-15 22:00:00+00:00,-6665.0
2023-11-15 23:00:00+00:00,-4671.0
2023-11-16 00:00:00+00:00,-1339.0
2023-11-16 01:00:00+00:00,66.0
2023-11-16 02:00:00+00:00,2373.0
2023-11-16 03:00:00+00:00,3285.0
2023-11-16 04:00:00+00:00,27.0
2023-11-16 05:00:00+00:00,-2967.0
2023-11-16 06:00:00+00:00,2346.0
2023-11-16 07:00:00+00:00,4651.0
2023-11-16 08:00:00+00:00,4469.0
2023-11-16 09:00:00+00:00,5659.0
2023-11-16 10:00:00+00:00,5580.0
2023-11-16 11:00:00+00:00,7172.0
2023-11-16 12:00:00+00:00,9212.0
2023-11-16 13:00:00+00:00,10081.0
2023-11-16 14:00:00+00:00,10797.0
2023-11-16 15:00:00+00:00,12795.0
2023-11-16 16:00:00+00:00,13996.0
2023-11-16 17:00:00+00:00,8639.0
2023-11-16 18:00:00+00:00,8324.0
2023-11-16 19:00:00+00:00,11226.0
2023-11-16 20:00:00+00:00,14216.0
2023-11-16 21:00:00+00:00,6366.0
2023-11-16 22:00:00+00:00,6387.0
2023-11-16 23:00:00+00:00,11847.0
2023-11-17 00:00:00+00:00,14325.0
2023-11-17 01:00:00+00:00,14705.0
2023-11-17 02:00:00+00:00,15332.0
2023-11-17 03:00:00+00:00,16360.0
2023-11-17 04:00:00+00:00,10802.0
2023-11-17 05:00:00+00:00,789.0
2023-11-17 06:00:00+00:00,646.0
2023-11-17 07:00:00+00:00,4119.0
2023-11-17 08:00:00+00:00,2957.0
2023-11-17 09:00:00+00:00,3775.0
2023-11-17 10:00:00+00:00,4658.0
2023-11-17 11:00:00+00:00,2243.0
2023-11-17 12:00:00+00:00,2696.0
2023-11-17 13:00:00+00:00,3347.0
2023-11-17 14:00:00+00:00,3717.0
2023-11-17 15:00:00+00:00,5021.0
2023-11-17 16:00:00+00:00,3539.0
2023-11-17 17:00:00+00:00,1660.0
2023-11-17 18:00:00+00:00,3812.0
2023-11-17 19:00:00+00:00,9424.0
2023-11-17 20:00:00+00:00,11407.0
2023-11-17 21:00:00+00:00,7202.0
2023-11-17 22:00:00+00:00,4114.0
2023-11-17 23:00:00+00:00,9052.0
2023-11-18 00:00:00+00:00,9853.0
2023-11-18 01:00:00+00:00,9062.0
2023-11-18 02:00:00+00:00,13886.0
2023-11-18 03:00:00+00:00,18632.0
2023-11-18 04:00:00+00:00,15276.0
2023-11-18 05:00:00+00:00,13633.0
2023-11-18 06:00:00+00:00,12329.0
2023-11-18 07:00:00+00:00,11398.0
2023-11-18 08:00:00+00:00,12059.0
2023-11-18 09:00:00+00:00,9028.0
2023-11-18 10:00:00+00:00,8780.0
2023-11-18 11:00:00+00:00,7070.0
2023-11-18 12:00:00+00:00,7905.0
2023-11-18 13:00:00+00:00,7750.0
2023-11-18 14:00:00+00:00,5099.0
2023-11-18 15:00:00+00:00,2672.0
2023-11-18 16:00:00+00:00,2519.0
2023-11-18 17:00:00+00:00,7070.0
2023-11-18 18:00:00+00:00,11101.0
2023-11-18 19:00:00+00:00,14841.0
2023-11-18 20:00:00+00:00,15959.0
2023-11-18 21:00:00+00:00,13875.0
2023-11-18 22:00:00+00:00,11388.0
2023-11-18 23:00:00+00:00,11267.0
2023-11-19 00:00:00+00:00,9339.0
2023-11-19 01:00:00+00:00,9790.0
2023-11-19 02:00:00+00:00,10511.0
2023-11-19 03:00:00+00:00,11643.0
2023-11-19 04:00:00+00:00,10910.0
2023-11-19 05:00:00+00:00,10498.0
2023-11-19 06:00:00+00:00,8604.0
2023-11-19 07:00:00+00:00,10143.0
2023-11-19 08:00:00+00:00,9431.0
2023-11-19 09:00:00+00:00,9214.0
2023-11-19 10:00:00+00:00,10038.0
2023-11-19 11:00:00+00:00,9789.0
2023-11-19 12:00:00+00:00,13561.0
2023-11-19 13:00:00+00:00,15673.0
2023-11-19 14:00:00+00:00,18560.0
2023-11-19 15:00:00+00:00,20098.0
2023-11-19 16:00:00+00:00,17651.0
2023-11-19 17:00:00+00:00,15305.0
2023-11-19 18:00:00+00:00,14318.0
2023-11-19 19:00:00+00:00,16516.0
2023-11-19 20:00:00+00:00,18157.0
2023-11-19 21:00:00+00:00,16700.0
2023-11-19 22:00:00+00:00,13798.0
2023-11-19 23:00:00+00:00,15994.0
2023-11-20 00:00:00+00:00,17399.0
2023-11-20 01:00:00+00:00,17839.0
2023-11-20 02:00:00+00:00,20143.0
2023-11-20 03:00:00+00:00,21160.0
2023-11-20 04:00:00+00:00,14889.0
2023-11-20 05:00:00+00:00,9527.0
2023-11-20 06:00:00+00:00,7755.0
2023-11-20 07:00:00+00:00,10404.0
2023-11-20 08:00:00+00:00,5289.0
2023-11-20 09:00:00+00:00,2975.0
2023-11-20 10:00:00+00:00,4868.0
2023-11-20 11:00:00+00:00,6234.0
2023-11-20 12:00:00+00:00,7225.0
2023-11-20 13:00:00+00:00,8543.0
2023-11-20 14:00:00+00:00,9809.0
2023-11-20 15:00:00+00:00,9693.0
2023-11-20 16:00:00+00:00,8309.0
2023-11-20 17:00:00+00:00,7271.0
2023-11-20 18:00:00+00:00,5143.0
2023-11-20 19:00:00+00:00,6086.0
2023-11-20 20:00:00+00:00,4197.0
2023-11-20 21:00:00+00:00,2822.0
2023-11-20 22:00:00+00:00,309.0
2023-11-20 23:00:00+00:00,260.0
2023-11-21 00:00:00+00:00,1442.0
2023-11-21 01:00:00+00:00,1164.0
2023-11-21 02:00:00+00:00,2553.0
2023-11-21 03:00:00+00:00,2532.0
2023-11-21 04:00:00+00:00,-1222.0
2023-11-21 05:00:00+00:00,-2429.0
2023-11-21 06:00:00+00:00,-2264.0
2023-11-21 07:00:00+00:00,157.0
2023-11-21 08:00:00+00:00,746.0
2023-11-21 09:00:00+00:00,-94.0
2023-11-21 10:00:00+00:00,-848.0
2023-11-21 11:00:00+00:00,-409.0
2023-11-21 12:00:00+00:00,124.0
2023-11-21 13:00:00+00:00,578.0
2023-11-21 14:00:00+00:00,1725.0
2023-11-21 15:00:00+00:00,313.0
2023-11-21 16:00:00+00:00,3689.0
2023-11-21 17:00:00+00:00,-2223.0
2023-11-21 18:00:00+00:00,-4007.0
2023-11-21 19:00:00+00:00,-1201.0
2023-11-21 20:00:00+00:00,-38.0
2023-11-21 21:00:00+00:00,1027.0
2023-11-21 22:00:00+00:00,1804.0
2023-11-21 23:00:00+00:00,3156.0
2023-11-22 00:00:00+00:00,2447.0
2023-11-22 01:00:00+00:00,2095.0
2023-11-22 02:00:00+00:00,4367.0
2023-11-22 03:00:00+00:00,4149.0
2023-11-22 04:00:00+00:00,4255.0
2023-11-22 05:00:00+00:00,2206.0
2023-11-22 06:00:00+00:00,3879.0
2023-11-22 07:00:00+00:00,3209.0
2023-11-22 08:00:00+00:00,3394.0
2023-11-22 09:00:00+00:00,2793.0
2023-11-22 10:00:00+00:00,-1580.0
2023-11-22 11:00:00+00:00,-3663.0
2023-11-22 12:00:00+00:00,-4981.0
2023-11-22 13:00:00+00:00,-5909.0
2023-11-22 14:00:00+00:00,-2443.0
2023-11-22 15:00:00+00:00,-5223.0
2023-11-22 16:00:00+00:00,-7678.0
2023-11-22 17:00:00+00:00,-9645.0
2023-11-22 18:00:00+00:00,-12621.0
2023-11-22 19:00:00+00:00,-14104.0
2023-11-22 20:00:00+00:00,-13228.0
2023-11-22 21:00:00+00:00,-15465.0
2023-11-22 22:00:00+00:00,-15553.0
2023-11-22 23:00:00+00:00,-13638.0
2023-11-23 00:00:00+00:00,-14383.0
2023-11-23 01:00:00+00:00,-13764.0
2023-11-23 02:00:00+00:00,-12090.0
2023-11-23 03:00:00+00:00,-9176.0
2023-11-23 04:00:00+00:00,-11580.0
2023-11-23 05:00:00+00:00,-11921.0
2023-11-23 06:00:00+00:00,-13470.0
2023-11-23 07:00:00+00:00,-13741.0
2023-11-23 08:00:00+00:00,-11283.0
2023-11-23 09:00:00+00:00,-9646.0
2023-11-23 10:00:00+00:00,-8103.0
2023-11-23 11:00:00+00:00,-8268.0
2023-11-23 12:00:00+00:00,-7693.0
2023-11-23 13:00:00+00:00,-9389.0
2023-11-23 14:00:00+00:00,-10388.0
2023-11-23 15:00:00+00:00,-9452.0
2023-11-23 16:00:00+00:00,-12449.0
2023-11-23 17:00:00+00:00,-13827.0
2023-11-23 18:00:00+00:00,-13549.0
2023-11-23 19:00:00+00:00,-7751.0
2023-11-23 20:00:00+00:00,-6078.0
2023-11-23 21:00:00+00:00,-9620.0
2023-11-23 22:00:00+00:00,-6742.0
2023-11-23 23:00:00+00:00,807.0
2023-11-24 00:00:00+00:00,2107.0
2023-11-24 01:00:00+00:00,3946.0
2023-11-24 02:00:00+00:00,5483.0
2023-11-24 03:00:00+00:00,6344.0
2023-11-24 04:00:00+00:00,5756.0
2023-11-24 05:00:00+00:00,-1072.0
2023-11-24 06:00:00+00:00,-7694.0
2023-11-24 07:00:00+00:00,-12332.0
2023-11-24 08:00:00+00:00,-9515.0
2023-11-24 09:00:00+00:00,-8529.0
2023-11-24 10:00:00+00:00,-7780.0
2023-11-24 11:00:00+00:00,-8152.0
2023-11-24 12:00:00+00:00,-6225.0
2023-11-24 13:00:00+00:00,-7056.0
2023-11-24 14:00:00+00:00,-6203.0
2023-11-24 15:00:00+00:00,-4258.0
2023-11-24 16:00:00+00:00,-7200.0
2023-11-24 17:00:00+00:00,-12255.0
2023-11-24 18:00:00+00:00,-11381.0
2023-11-24 19:00:00+00:00,-6161.0
2023-11-24 20:00:00+00:00,-4596.0
2023-11-24 21:00:00+00:00,-7228.0
2023-11-24 22:00:00+00:00,-9288.0
2023-11-24 23:00:00+00:00,-2172.0
2023-11-25 00:00:00+00:00,-706.0
2023-11-25 01:00:00+00:00,-1890.0
2023-11-25 02:00:00+00:00,-1837.0
2023-11-25 03:00:00+00:00,-1483.0
2023-11-25 04:00:00+00:00,-4364.0
2023-11-25 05:00:00+00:00,-8553.0
2023-11-25 06:00:00+00:00,-13035.0
2023-11-25 07:00:00+00:00,-17233.0
2023-11-25 08:00:00+00:00,-15976.0
2023-11-25 09:00:00+00:00,-15740.0
2023-11-25 10:00:00+00:00,-12452.0
2023-11-25 11:00:00+00:00,-9423.0
2023-11-25 12:00:00+00:00,-7370.0
2023-11-25 13:00:00+00:00,-6088.0
2023-11-25 14:00:00+00:00,-6133.0
2023-11-25 15:00:00+00:00,-7354.0
2023-11-25 16:00:00+00:00,-7022.0
2023-11-25 17:00:00+00:00,-3672.0
2023-11-25 18:00:00+00:00,-942.0
2023-11-25 19:00:00+00:00,3306.0
2023-11-25 20:00:00+00:00,4034.0
2023-11-25 21:00:00+00:00,-1536.0
2023-11-25 22:00:00+00:00,-3555.0
2023-11-25 23:00:00+00:00,315.0
2023-11-26 00:00:00+00:00,1355.0
2023-11-26 01:00:00+00:00,-888.0
2023-11-26 02:00:00+00:00,-1264.0
2023-11-26 03:00:00+00:00,74.0
2023-11-26 04:00:00+00:00,-1306.0
2023-11-26 05:00:00+00:00,-3211.0
2023-11-26 06:00:00+00:00,-4636.0
2023-11-26 07:00:00+00:00,-5189.0
2023-11-26 08:00:00+00:00,-6740.0
2023-11-26 09:00:00+00:00,-3992.0
2023-11-26 10:00:00+00:00,-2529.0
2023-11-26 11:00:00+00:00,-1050.0
2023-11-26 12:00:00+00:00,1250.0
2023-11-26 13:00:00+00:00,1413.0
2023-11-26 14:00:00+00:00,1104.0
2023-11-26 15:00:00+00:00,1975.0
2023-11-26 16:00:00+00:00,788.0
2023-11-26 17:00:00+00:00,1005.0
2023-11-26 18:00:00+00:00,1599.0
2023-11-26 19:00:00+00:00,5096.0
2023-11-26 20:00:00+00:00,3561.0
2023-11-26 21:00:00+00:00,-1937.0
2023-11-26 22:00:00+00:00,-3966.0
2023-11-26 23:00:00+00:00,-6389.0
2023-11-27 00:00:00+00:00,-9095.0
2023-11-27 01:00:00+00:00,-8008.0
2023-11-27 02:00:00+00:00,-5472.0
2023-11-27 03:00:00+00:00,-4141.0
2023-11-27 04:00:00+00:00,-4267.0
2023-11-27 05:00:00+00:00,-6015.0
2023-11-27 06:00:00+00:00,-2777.0
2023-11-27 07:00:00+00:00,-1815.0
2023-11-27 08:00:00+00:00,577.0
2023-11-27 09:00:00+00:00,454.0
2023-11-27 10:00:00+00:00,-517.0
2023-11-27 11:00:00+00:00,-2313.0
2023-11-27 12:00:00+00:00,-585.0
2023-11-27 13:00:00+00:00,-1379.0
2023-11-27 14:00:00+00:00,-3932.0
2023-11-27 15:00:00+00:00,-5943.0
2023-11-27 16:00:00+00:00,-7101.0
2023-11-27 17:00:00+00:00,-11023.0
2023-11-27 18:00:00+00:00,-7251.0
2023-11-27 19:00:00+00:00,469.0
2023-11-27 20:00:00+00:00,1598.0
2023-11-27 21:00:00+00:00,-1200.0
2023-11-27 22:00:00+00:00,-2570.0
2023-11-27 23:00:00+00:00,-2890.0
2023-11-28 00:00:00+00:00,-1191.0
2023-11-28 01:00:00+00:00,583.0
2023-11-28 02:00:00+00:00,4028.0
2023-11-28 03:00:00+00:00,1820.0
2023-11-28 04:00:00+00:00,-6362.0
2023-11-28 05:00:00+00:00,-12241.0
2023-11-28 06:00:00+00:00,-12292.0
2023-11-28 07:00:00+00:00,-11033.0
2023-11-28 08:00:00+00:00,-7742.0
2023-11-28 09:00:00+00:00,-5479.0
2023-11-28 10:00:00+00:00,-4986.0
2023-11-28 11:00:00+00:00,-6248.0
2023-11-28 12:00:00+00:00,-5056.0
2023-11-28 13:00:00+00:00,-3940.0
2023-11-28 14:00:00+00:00,-4898.0
2023-11-28 15:00:00+00:00,-5863.0
2023-11-28 16:00:00+00:00,-9827.0
2023-11-28 17:00:00+00:00,-13522.0
2023-11-28 18:00:00+00:00,-18711.0
2023-11-28 19:00:00+00:00,-19009.0
2023-11-28 20:00:00+00:00,-16378.0
2023-11-28 21:00:00+00:00,-17506.0
2023-11-28 22:00:00+00:00,-16506.0
2023-11-28 23:00:00+00:00,-13354.0
2023-11-29 00:00:00+00:00,-15640.0
2023-11-29 01:00:00+00:00,-17770.0
2023-11-29 02:00:00+00:00,-17114.0
2023-11-29 03:00:00+00:00,-15773.0
2023-11-29 04:00:00+00:00,-17183.0
2023-11-29 05:00:00+00:00,-19397.0
2023-11-29 06:00:00+00:00,-18078.0
2023-11-29 07:00:00+00:00,-16399.0
2023-11-29 08:00:00+00:00,-13797.0
2023-11-29 09:00:00+00:00,-9801.0
2023-11-29 10:00:00+00:00,-6689.0
2023-11-29 11:00:00+00:00,-7169.0
2023-11-29 12:00:00+00:00,-3719.0
2023-11-29 13:00:00+00:00,-2574.0
2023-11-29 14:00:00+00:00,10.0
2023-11-29 15:00:00+00:00,1897.0
2023-11-29 16:00:00+00:00,1607.0
2023-11-29 17:00:00+00:00,-672.0
2023-11-29 18:00:00+00:00,-2428.0
2023-11-29 19:00:00+00:00,-440.0
2023-11-29 20:00:00+00:00,-2333.0
2023-11-29 21:00:00+00:00,-4966.0
2023-11-29 22:00:00+00:00,-5906.0
2023-11-29 23:00:00+00:00,-3220.0
2023-11-30 00:00:00+00:00,-4964.0
2023-11-30 01:00:00+00:00,-5583.0
2023-11-30 02:00:00+00:00,-3753.0
2023-11-30 03:00:00+00:00,-4255.0
2023-11-30 04:00:00+00:00,-3610.0
2023-11-30 05:00:00+00:00,-4177.0
2023-11-30 06:00:00+00:00,-1939.0
2023-11-30 07:00:00+00:00,-1158.0
2023-11-30 08:00:00+00:00,-281.0
2023-11-30 09:00:00+00:00,982.0
2023-11-30 10:00:00+00:00,-1849.0
2023-11-30 11:00:00+00:00,-260.0
2023-11-30 12:00:00+00:00,-69.0
2023-11-30 13:00:00+00:00,-157.0
2023-11-30 14:00:00+00:00,2271.0
2023-11-30 15:00:00+00:00,2022.0
2023-11-30 16:00:00+00:00,-2406.0
2023-11-30 17:00:00+00:00,-4848.0
2023-11-30 18:00:00+00:00,-5940.0
2023-11-30 19:00:00+00:00,-4183.0
2023-11-30 20:00:00+00:00,-5780.0
2023-11-30 21:00:00+00:00,-6942.0
2023-11-30 22:00:00+00:00,-8779.0
2023-11-30 23:00:00+00:00,-8467.0
2023-12-01 00:00:00+00:00,-8793.0
2023-12-01 01:00:00+00:00,-8332.0
2023-12-01 02:00:00+00:00,-6896.0
2023-12-01 03:00:00+00:00,-5040.0
2023-12-01 04:00:00+00:00,-5972.0
2023-12-01 05:00:00+00:00,-4967.0
2023-12-01 06:00:00+00:00,-1494.0
2023-12-01 07:00:00+00:00,31.0
2023-12-01 08:00:00+00:00,-1372.0
2023-12-01 09:00:00+00:00,-3490.0
2023-12-01 10:00:00+00:00,-2962.0
2023-12-01 11:00:00+00:00,-1443.0
2023-12-01 12:00:00+00:00,293.0
2023-12-01 13:00:00+00:00,-41.0
2023-12-01 14:00:00+00:00,1494.0
2023-12-01 15:00:00+00:00,4590.0
2023-12-01 16:00:00+00:00,270.0
2023-12-01 17:00:00+00:00,-2088.0
2023-12-01 18:00:00+00:00,-3989.0
2023-12-01 19:00:00+00:00,-4435.0
2023-12-01 20:00:00+00:00,-6852.0
2023-12-01 21:00:00+00:00,-10048.0
2023-12-01 22:00:00+00:00,-8708.0
2023-12-01 23:00:00+00:00,-9016.0
2023-12-02 00:00:00+00:00,-9106.0
2023-12-02 01:00:00+00:00,-9225.0
2023-12-02 02:00:00+00:00,-6700.0
2023-12-02 03:00:00+00:00,-5193.0
2023-12-02 04:00:00+00:00,-6942.0
2023-12-02 05:00:00+00:00,-10388.0
2023-12-02 06:00:00+00:00,-13123.0
2023-12-02 07:00:00+00:00,-14414.0
2023-12-02 08:00:00+00:00,-12428.0
2023-12-02 09:00:00+00:00,-11720.0
2023-12-02 10:00:00+00:00,-11513.0
2023-12-02 11:00:00+00:00,-11818.0
2023-12-02 12:00:00+00:00,-11045.0
2023-12-02 13:00:00+00:00,-9460.0
2023-12-02 14:00:00+00:00,-7147.0
2023-12-02 15:00:00+00:00,-6277.0
2023-12-02 16:00:00+00:00,-9200.0
2023-12-02 17:00:00+00:00,-11722.0
2023-12-02 18:00:00+00:00,-14016.0
2023-12-02 19:00:00+00:00,-14289.0
2023-12-02 20:00:00+00:00,-14861.0
2023-12-02 21:00:00+00:00,-16697.0
2023-12-02 22:00:00+00:00,-17077.0
2023-12-02 23:00:00+00:00,-11954.0
2023-12-03 00:00:00+00:00,-11409.0
2023-12-03 01:00:00+00:00,-11188.0
2023-12-03 02:00:00+00:00,-9742.0
2023-12-03 03:00:00+00:00,-7184.0
2023-12-03 04:00:00+00:00,-9376.0
2023-12-03 05:00:00+00:00,-11294.0
2023-12-03 06:00:00+00:00,-12242.0
2023-12-03 07:00:00+00:00,-11013.0
2023-12-03 08:00:00+00:00,-9912.0
2023-12-03 09:00:00+00:00,-10192.0
2023-12-03 10:00:00+00:00,-9572.0
2023-12-03 11:00:00+00:00,-8545.0
2023-12-03 12:00:00+00:00,-5880.0
2023-12-03 13:00:00+00:00,-4448.0
2023-12-03 14:00:00+00:00,-2888.0
2023-12-03 15:00:00+00:00,-2646.0
2023-12-03 16:00:00+00:00,-4568.0
2023-12-03 17:00:00+00:00,-5449.0
2023-12-03 18:00:00+00:00,-8257.0
2023-12-03 19:00:00+00:00,-8394.0
2023-12-03 20:00:00+00:00,-8826.0
2023-12-03 21:00:00+00:00,-9503.0
2023-12-03 22:00:00+00:00,-9928.0
2023-12-03 23:00:00+00:00,-11582.0
2023-12-04 00:00:00+00:00,-9218.0
2023-12-04 01:00:00+00:00,-7873.0
2023-12-04 02:00:00+00:00,-4120.0
2023-12-04 03:00:00+00:00,-4293.0
2023-12-04 04:00:00+00:00,-5821.0
2023-12-04 05:00:00+00:00,-5322.0
2023-12-04 06:00:00+00:00,-6423.0
2023-12-04 07:00:00+00:00,-6504.0
2023-12-04 08:00:00+00:00,-5479.0
2023-12-04 09:00:00+00:00,-3986.0
2023-12-04 10:00:00+00:00,-3663.0
2023-12-04 11:00:00+00:00,-2236.0
2023-12-04 12:00:00+00:00,-3253.0
2023-12-04 13:00:00+00:00,-1209.0
2023-12-04 14:00:00+00:00,-810.0
2023-12-04 15:00:00+00:00,369.0
2023-12-04 16:00:00+00:00,-1879.0
2023-12-04 17:00:00+00:00,-6769.0
2023-12-04 18:00:00+00:00,-6797.0
2023-12-04 19:00:00+00:00,-1069.0
2023-12-04 20:00:00+00:00,4822.0
2023-12-04 21:00:00+00:00,969.0
2023-12-04 22:00:00+00:00,-1777.0
2023-12-04 23:00:00+00:00,3951.0
2023-12-05 00:00:00+00:00,4426.0
2023-12-05 01:00:00+00:00,3600.0
2023-12-05 02:00:00+00:00,7168.0
2023-12-05 03:00:00+00:00,7264.0
2023-12-05 04:00:00+00:00,5414.0
2023-12-05 05:00:00+00:00,792.0
2023-12-05 06:00:00+00:00,-1073.0
2023-12-05 07:00:00+00:00,-240.0
2023-12-05 08:00:00+00:00,-1286.0
2023-12-05 09:00:00+00:00,-1212.0
2023-12-05 10:00:00+00:00,1108.0
2023-12-05 11:00:00+00:00,2031.0
2023-12-05 12:00:00+00:00,1654.0
2023-12-05 13:00:00+00:00,-974.0
2023-12-05 14:00:00+00:00,-2139.0
2023-12-05 15:00:00+00:00,-3262.0
2023-12-05 16:00:00+00:00,-6969.0
2023-12-05 17:00:00+00:00,-8205.0
2023-12-05 18:00:00+00:00,-8207.0
2023-12-05 19:00:00+00:00,-5884.0
2023-12-05 20:00:00+00:00,-5173.0
2023-12-05 21:00:00+00:00,-6351.0
2023-12-05 22:00:00+00:00,-6391.0
2023-12-05 23:00:00+00:00,-3023.0
2023-12-06 00:00:00+00:00,-3461.0
2023-12-06 01:00:00+00:00,-3918.0
2023-12-06 02:00:00+00:00,-2432.0
2023-12-06 03:00:00+00:00,-3764.0
2023-12-06 04:00:00+00:00,-7354.0
2023-12-06 05:00:00+00:00,-10322.0
2023-12-06 06:00:00+00:00,-9627.0
2023-12-06 07:00:00+00:00,-9318.0
2023-12-06 08:00:00+00:00,-6108.0
2023-12-06 09:00:00+00:00,-2992.0
2023-12-06 10:00:00+00:00,-3389.0
2023-12-06 11:00:00+00:00,-1741.0
2023-12-06 12:00:00+00:00,-1769.0
2023-12-06 13:00:00+00:00,-2079.0
2023-12-06 14:00:00+00:00,-3491.0
2023-12-06 15:00:00+00:00,-2130.0
2023-12-06 16:00:00+00:00,-7230.0
2023-12-06 17:00:00+00:00,-9247.0
2023-12-06 18:00:00+00:00,-8394.0
2023-12-06 19:00:00+00:00,-2505.0
2023-12-06 20:00:00+00:00,-3375.0
2023-12-06 21:00:00+00:00,-6452.0
2023-12-06 22:00:00+00:00,-6772.0
2023-12-06 23:00:00+00:00,-5905.0
2023-12-07 00:00:00+00:00,-3730.0
2023-12-07 01:00:00+00:00,-3359.0
2023-12-07 02:00:00+00:00,-572.0
2023-12-07 03:00:00+00:00,1579.0
2023-12-07 04:00:00+00:00,1453.0
2023-12-07 05:00:00+00:00,2825.0
2023-12-07 06:00:00+00:00,1970.0
2023-12-07 07:00:00+00:00,2628.0
2023-12-07 08:00:00+00:00,4215.0
2023-12-07 09:00:00+00:00,4724.0
2023-12-07 10:00:00+00:00,6323.0
2023-12-07 11:00:00+00:00,7485.0
2023-12-07 12:00:00+00:00,6827.0
2023-12-07 13:00:00+00:00,3803.0
2023-12-07 14:00:00+00:00,1929.0
2023-12-07 15:00:00+00:00,2119.0
2023-12-07 16:00:00+00:00,561.0
2023-12-07 17:00:00+00:00,-3174.0
2023-12-07 18:00:00+00:00,-7039.0
2023-12-07 19:00:00+00:00,-7302.0
2023-12-07 20:00:00+00:00,-3705.0
2023-12-07 21:00:00+00:00,-7474.0
2023-12-07 22:00:00+00:00,-5029.0
2023-12-07 23:00:00+00:00,-7122.0
2023-12-08 00:00:00+00:00,-8328.0
2023-12-08 01:00:00+00:00,-8648.0
2023-12-08 02:00:00+00:00,-6651.0
2023-12-08 03:00:00+00:00,-3489.0
2023-12-08 04:00:00+00:00,-5071.0
2023-12-08 05:00:00+00:00,-6038.0
2023-12-08 06:00:00+00:00,-8325.0
2023-12-08 07:00:00+00:00,-7047.0
2023-12-08 08:00:00+00:00,-5709.0
2023-12-08 09:00:00+00:00,-5669.0
2023-12-08 10:00:00+00:00,-2028.0
2023-12-08 11:00:00+00:00,-1419.0
2023-12-08 12:00:00+00:00,1044.0
2023-12-08 13:00:00+00:00,-922.0
2023-12-08 14:00:00+00:00,-1405.0
2023-12-08 15:00:00+00:00,-1082.0
2023-12-08 16:00:00+00:00,-1153.0
2023-12-08 17:00:00+00:00,-2805.0
2023-12-08 18:00:00+00:00,-7075.0
2023-12-08 19:00:00+00:00,-5034.0
2023-12-08 20:00:00+00:00,-3436.0
2023-12-08 21:00:00+00:00,-3694.0
2023-12-08 22:00:00+00:00,-5678.0
2023-12-08 23:00:00+00:00,-5878.0
2023-12-09 00:00:00+00:00,-5137.0
2023-12-09 01:00:00+00:00,-4844.0
2023-12-09 02:00:00+00:00,-3873.0
2023-12-09 03:00:00+00:00,-1411.0
2023-12-09 04:00:00+00:00,1114.0
2023-12-09 05:00:00+00:00,-1752.0
2023-12-09 06:00:00+00:00,-3743.0
2023-12-09 07:00:00+00:00,-2988.0
2023-12-09 08:00:00+00:00,760.0
2023-12-09 09:00:00+00:00,-238.0
2023-12-09 10:00:00+00:00,-693.0
2023-12-09 11:00:00+00:00,-473.0
2023-12-09 12:00:00+00:00,-124.0
2023-12-09 13:00:00+00:00,-1255.0
2023-12-09 14:00:00+00:00,-757.0
2023-12-09 15:00:00+00:00,207.0
2023-12-09 16:00:00+00:00,-349.0
2023-12-09 17:00:00+00:00,-2855.0
2023-12-09 18:00:00+00:00,-3471.0
2023-12-09 19:00:00+00:00,1873.0
2023-12-09 20:00:00+00:00,4062.0
2023-12-09 21:00:00+00:00,1263.0
2023-12-09 22:00:00+00:00,-2973.0
2023-12-09 23:00:00+00:00,2932.0
2023-12-10 00:00:00+00:00,6693.0
2023-12-10 01:00:00+00:00,6251.0
2023-12-10 02:00:00+00:00,8376.0
2023-12-10 03:00:00+00:00,10290.0
2023-12-10 04:00:00+00:00,11195.0
2023-12-10 05:00:00+00:00,11110.0
2023-12-10 06:00:00+00:00,7271.0
2023-12-10 07:00:00+00:00,2572.0
2023-12-10 08:00:00+00:00,-2339.0
2023-12-10 09:00:00+00:00,-2289.0
2023-12-10 10:00:00+00:00,1381.0
2023-12-10 11:00:00+00:00,2634.0
2023-12-10 12:00:00+00:00,5384.0
2023-12-10 13:00:00+00:00,4477.0
2023-12-10 14:00:00+00:00,2554.0
2023-12-10 15:00:00+00:00,4855.0
2023-12-10 16:00:00+00:00,5990.0
2023-12-10 17:00:00+00:00,5539.0
2023-12-10 18:00:00+00:00,3390.0
2023-12-10 19:00:00+00:00,8435.0
2023-12-10 20:00:00+00:00,11132.0
2023-12-10 21:00:00+00:00,6498.0
2023-12-10 22:00:00+00:00,1207.0
2023-12-10 23:00:00+00:00,2872.0
2023-12-11 00:00:00+00:00,6686.0
2023-12-11 01:00:00+00:00,7931.0
2023-12-11 02:00:00+00:00,8105.0
2023-12-11 03:00:00+00:00,10195.0
2023-12-11 04:00:00+00:00,8112.0
2023-12-11 05:00:00+00:00,944.0
2023-12-11 06:00:00+00:00,-3124.0
2023-12-11 07:00:00+00:00,-2959.0
2023-12-11 08:00:00+00:00,-2189.0
2023-12-11 09:00:00+00:00,-1946.0
2023-12-11 10:00:00+00:00,-2556.0
2023-12-11 11:00:00+00:00,-1230.0
2023-12-11 12:00:00+00:00,566.0
2023-12-11 13:00:00+00:00,-2335.0
2023-12-11 14:00:00+00:00,-476.0
2023-12-11 15:00:00+00:00,3162.0
2023-12-11 16:00:00+00:00,2426.0
2023-12-11 17:00:00+00:00,-417.0
2023-12-11 18:00:00+00:00,-2435.0
2023-12-11 19:00:00+00:00,2561.0
2023-12-11 20:00:00+00:00,5134.0
2023-12-11 21:00:00+00:00,3414.0
2023-12-11 22:00:00+00:00,903.0
2023-12-11 23:00:00+00:00,907.0
2023-12-12 00:00:00+00:00,2194.0
2023-12-12 01:00:00+00:00,4182.0
2023-12-12 02:00:00+00:00,5067.0
2023-12-12 03:00:00+00:00,4013.0
2023-12-12 04:00:00+00:00,1089.0
2023-12-12 05:00:00+00:00,1369.0
2023-12-12 06:00:00+00:00,1270.0
2023-12-12 07:00:00+00:00,1677.0
2023-12-12 08:00:00+00:00,3295.0
2023-12-12 09:00:00+00:00,946.0
2023-12-12 10:00:00+00:00,868.0
2023-12-12 11:00:00+00:00,3006.0
2023-12-12 12:00:00+00:00,5279.0
2023-12-12 13:00:00+00:00,3761.0
2023-12-12 14:00:00+00:00,4395.0
2023-12-12 15:00:00+00:00,5752.0
2023-12-12 16:00:00+00:00,5791.0
2023-12-12 17:00:00+00:00,1732.0
2023-12-12 18:00:00+00:00,3068.0
2023-12-12 19:00:00+00:00,3506.0
2023-12-12 20:00:00+00:00,4137.0
2023-12-12 21:00:00+00:00,1742.0
2023-12-12 22:00:00+00:00,569.0
2023-12-12 23:00:00+00:00,2321.0
2023-12-13 00:00:00+00:00,2726.0
2023-12-13 01:00:00+00:00,1745.0
2023-12-13 02:00:00+00:00,4916.0
2023-12-13 03:00:00+00:00,5354.0
2023-12-13 04:00:00+00:00,3908.0
2023-12-13 05:00:00+00:00,4183.0
2023-12-13 06:00:00+00:00,583.0
2023-12-13 07:00:00+00:00,3024.0
2023-12-13 08:00:00+00:00,3404.0
2023-12-13 09:00:00+00:00,3386.0
2023-12-13 10:00:00+00:00,2131.0
2023-12-13 11:00:00+00:00,2633.0
2023-12-13 12:00:00+00:00,3174.0
2023-12-13 13:00:00+00:00,2374.0
2023-12-13 14:00:00+00:00,3010.0
2023-12-13 15:00:00+00:00,5207.0
2023-12-13 16:00:00+00:00,2729.0
2023-12-13 17:00:00+00:00,-652.0
2023-12-13 18:00:00+00:00,-2643.0
2023-12-13 19:00:00+00:00,-484.0
2023-12-13 20:00:00+00:00,4190.0
2023-12-13 21:00:00+00:00,-140.0
2023-12-13 22:00:00+00:00,96.0
2023-12-13 23:00:00+00:00,3083.0
2023-12-14 00:00:00+00:00,2891.0
2023-12-14 01:00:00+00:00,2375.0
2023-12-14 02:00:00+00:00,4509.0
2023-12-14 03:00:00+00:00,5018.0
2023-12-14 04:00:00+00:00,3257.0
2023-12-14 05:00:00+00:00,1846.0
2023-12-14 06:00:00+00:00,517.0
2023-12-14 07:00:00+00:00,2544.0
2023-12-14 08:00:00+00:00,781.0
2023-12-14 09:00:00+00:00,1017.0
2023-12-14 10:00:00+00:00,775.0
2023-12-14 11:00:00+00:00,1511.0
2023-12-14 12:00:00+00:00,-159.0
2023-12-14 13:00:00+00:00,-221.0
2023-12-14 14:00:00+00:00,-862.0
2023-12-14 15:00:00+00:00,-1131.0
2023-12-14 16:00:00+00:00,-3135.0
2023-12-14 17:00:00+00:00,-4571.0
2023-12-14 18:00:00+00:00,-5068.0
2023-12-14 19:00:00+00:00,-3154.0
2023-12-14 20:00:00+00:00,-2021.0
2023-12-14 21:00:00+00:00,-1782.0
2023-12-14 22:00:00+00:00,-1007.0
2023-12-14 23:00:00+00:00,-1010.0
2023-12-15 00:00:00+00:00,-1697.0
2023-12-15 01:00:00+00:00,-86.0
2023-12-15 02:00:00+00:00,743.0
2023-12-15 03:00:00+00:00,-74.0
2023-12-15 04:00:00+00:00,-4108.0
2023-12-15 05:00:00+00:00,-4733.0
2023-12-15 06:00:00+00:00,-2818.0
2023-12-15 07:00:00+00:00,-2960.0
2023-12-15 08:00:00+00:00,-4275.0
2023-12-15 09:00:00+00:00,-2234.0
2023-12-15 10:00:00+00:00,-3110.0
2023-12-15 11:00:00+00:00,-3658.0
2023-12-15 12:00:00+00:00,-2398.0
2023-12-15 13:00:00+00:00,-2776.0
2023-12-15 14:00:00+00:00,-2596.0
2023-12-15 15:00:00+00:00,-962.0
2023-12-15 16:00:00+00:00,-4250.0
2023-12-15 17:00:00+00:00,-7231.0
2023-12-15 18:00:00+00:00,-10989.0
2023-12-15 19:00:00+00:00,-8983.0
2023-12-15 20:00:00+00:00,-8808.0
2023-12-15 21:00:00+00:00,-12146.0
2023-12-15 22:00:00+00:00,-11491.0
2023-12-15 23:00:00+00:00,-7663.0
2023-12-16 00:00:00+00:00,-9189.0
2023-12-16 01:00:00+00:00,-9434.0
2023-12-16 02:00:00+00:00,-7839.0
2023-12-16 03:00:00+00:00,-3989.0
2023-12-16 04:00:00+00:00,-4954.0
2023-12-16 05:00:00+00:00,-4293.0
2023-12-16 06:00:00+00:00,-4992.0
2023-12-16 07:00:00+00:00,-8032.0
2023-12-16 08:00:00+00:00,-12574.0
2023-12-16 09:00:00+00:00,-13140.0
2023-12-16 10:00:00+00:00,-10234.0
2023-12-16 11:00:00+00:00,-8635.0
2023-12-16 12:00:00+00:00,-5593.0
2023-12-16 13:00:00+00:00,-4256.0
2023-12-16 14:00:00+00:00,-5973.0
2023-12-16 15:00:00+00:00,-4377.0
2023-12-16 16:00:00+00:00,-161.0
2023-12-16 17:00:00+00:00,1525.0
2023-12-16 18:00:00+00:00,382.0
2023-12-16 19:00:00+00:00,2846.0
2023-12-16 20:00:00+00:00,3804.0
2023-12-16 21:00:00+00:00,4047.0
2023-12-16 22:00:00+00:00,2395.0
2023-12-16 23:00:00+00:00,2159.0
2023-12-17 00:00:00+00:00,1633.0
2023-12-17 01:00:00+00:00,1889.0
2023-12-17 02:00:00+00:00,3878.0
2023-12-17 03:00:00+00:00,4019.0
2023-12-17 04:00:00+00:00,2894.0
2023-12-17 05:00:00+00:00,1714.0
2023-12-17 06:00:00+00:00,219.0
2023-12-17 07:00:00+00:00,1365.0
2023-12-17 08:00:00+00:00,1586.0
2023-12-17 09:00:00+00:00,-1544.0
2023-12-17 10:00:00+00:00,-6641.0
2023-12-17 11:00:00+00:00,-5515.0
2023-12-17 12:00:00+00:00,-1544.0
2023-12-17 13:00:00+00:00,-2312.0
2023-12-17 14:00:00+00:00,-8217.0
2023-12-17 15:00:00+00:00,-2832.0
2023-12-17 16:00:00+00:00,-2293.0
2023-12-17 17:00:00+00:00,-950.0
2023-12-17 18:00:00+00:00,654.0
2023-12-17 19:00:00+00:00,3574.0
2023-12-17 20:00:00+00:00,4571.0
2023-12-17 21:00:00+00:00,3637.0
2023-12-17 22:00:00+00:00,2524.0
2023-12-17 23:00:00+00:00,1984.0
2023-12-18 00:00:00+00:00,1370.0
2023-12-18 01:00:00+00:00,1582.0
2023-12-18 02:00:00+00:00,1918.0
2023-12-18 03:00:00+00:00,2573.0
2023-12-18 04:00:00+00:00,1732.0
2023-12-18 05:00:00+00:00,-793.0
2023-12-18 06:00:00+00:00,826.0
2023-12-18 07:00:00+00:00,3635.0
2023-12-18 08:00:00+00:00,728.0
2023-12-18 09:00:00+00:00,-346.0
2023-12-18 10:00:00+00:00,-5003.0
2023-12-18 11:00:00+00:00,-4255.0
2023-12-18 12:00:00+00:00,-787.0
2023-12-18 13:00:00+00:00,-3709.0
2023-12-18 14:00:00+00:00,-4458.0
2023-12-18 15:00:00+00:00,-873.0
2023-12-18 16:00:00+00:00,1882.0
2023-12-18 17:00:00+00:00,1042.0
2023-12-18 18:00:00+00:00,2015.0
2023-12-18 19:00:00+00:00,1201.0
2023-12-18 20:00:00+00:00,-1275.0
2023-12-18 21:00:00+00:00,516.0
2023-12-18 22:00:00+00:00,-6.0
2023-12-18 23:00:00+00:00,165.0
2023-12-19 00:00:00+00:00,-1004.0
2023-12-19 01:00:00+00:00,34.0
2023-12-19 02:00:00+00:00,455.0
2023-12-19 03:00:00+00:00,1398.0
2023-12-19 04:00:00+00:00,1829.0
2023-12-19 05:00:00+00:00,-211.0
2023-12-19 06:00:00+00:00,-47.0
2023-12-19 07:00:00+00:00,3482.0
2023-12-19 08:00:00+00:00,4137.0
2023-12-19 09:00:00+00:00,557.0
2023-12-19 10:00:00+00:00,-2654.0
2023-12-19 11:00:00+00:00,-3266.0
2023-12-19 12:00:00+00:00,-4214.0
2023-12-19 13:00:00+00:00,-6334.0
2023-12-19 14:00:00+00:00,-2935.0
2023-12-19 15:00:00+00:00,5776.0
2023-12-19 16:00:00+00:00,10039.0
2023-12-19 17:00:00+00:00,7450.0
2023-12-19 18:00:00+00:00,5794.0
2023-12-19 19:00:00+00:00,7748.0
2023-12-19 20:00:00+00:00,9224.0
2023-12-19 21:00:00+00:00,3844.0
2023-12-19 22:00:00+00:00,-926.0
2023-12-19 23:00:00+00:00,1989.0
2023-12-20 00:00:00+00:00,1836.0
2023-12-20 01:00:00+00:00,-2628.0
2023-12-20 02:00:00+00:00,-77.0
2023-12-20 03:00:00+00:00,-117.0
2023-12-20 04:00:00+00:00,-3838.0
2023-12-20 05:00:00+00:00,-9978.0
2023-12-20 06:00:00+00:00,-14786.0
2023-12-20 07:00:00+00:00,-14608.0
2023-12-20 08:00:00+00:00,-14345.0
2023-12-20 09:00:00+00:00,-14148.0
2023-12-20 10:00:00+00:00,-13348.0
2023-12-20 11:00:00+00:00,-9920.0
2023-12-20 12:00:00+00:00,-5286.0
2023-12-20 13:00:00+00:00,-6302.0
2023-12-20 14:00:00+00:00,-7578.0
2023-12-20 15:00:00+00:00,-4744.0
2023-12-20 16:00:00+00:00,-6055.0
2023-12-20 17:00:00+00:00,-11060.0
2023-12-20 18:00:00+00:00,-7007.0
2023-12-20 19:00:00+00:00,968.0
2023-12-20 20:00:00+00:00,6186.0
2023-12-20 21:00:00+00:00,8712.0
2023-12-20 22:00:00+00:00,8325.0
2023-12-20 23:00:00+00:00,8647.0
2023-12-21 00:00:00+00:00,7111.0
2023-12-21 01:00:00+00:00,5694.0
2023-12-21 02:00:00+00:00,6956.0
2023-12-21 03:00:00+00:00,6658.0
2023-12-21 04:00:00+00:00,5348.0
2023-12-21 05:00:00+00:00,5799.0
2023-12-21 06:00:00+00:00,6786.0
2023-12-21 07:00:00+00:00,5259.0
2023-12-21 08:00:00+00:00,3571.0
2023-12-21 09:00:00+00:00,6123.0
2023-12-21 10:00:00+00:00,7294.0
2023-12-21 11:00:00+00:00,8023.0
2023-12-21 12:00:00+00:00,8191.0
2023-12-21 13:00:00+00:00,8736.0
2023-12-21 14:00:00+00:00,9944.0
2023-12-21 15:00:00+00:00,11635.0
2023-12-21 16:00:00+00:00,13604.0
2023-12-21 17:00:00+00:00,10476.0
2023-12-21 18:00:00+00:00,8714.0
2023-12-21 19:00:00+00:00,8239.0
2023-12-21 20:00:00+00:00,9269.0
2023-12-21 21:00:00+00:00,7065.0
2023-12-21 22:00:00+00:00,5527.0
2023-12-21 23:00:00+00:00,5601.0
2023-12-22 00:00:00+00:00,5415.0
2023-12-22 01:00:00+00:00,4641.0
2023-12-22 02:00:00+00:00,6867.0
2023-12-22 03:00:00+00:00,4635.0
2023-12-22 04:00:00+00:00,7162.0
2023-12-22 05:00:00+00:00,6929.0
2023-12-22 06:00:00+00:00,10438.0
2023-12-22 07:00:00+00:00,10038.0
2023-12-22 08:00:00+00:00,10135.0
2023-12-22 09:00:00+00:00,12165.0
2023-12-22 10:00:00+00:00,13334.0
2023-12-22 11:00:00+00:00,13566.0
2023-12-22 12:00:00+00:00,15881.0
2023-12-22 13:00:00+00:00,16950.0
2023-12-22 14:00:00+00:00,17801.0
2023-12-22 15:00:00+00:00,18868.0
2023-12-22 16:00:00+00:00,15415.0
2023-12-22 17:00:00+00:00,14796.0
2023-12-22 18:00:00+00:00,12387.0
2023-12-22 19:00:00+00:00,11584.0
2023-12-22 20:00:00+00:00,8840.0
2023-12-22 21:00:00+00:00,7041.0
2023-12-22 22:00:00+00:00,3846.0
2023-12-22 23:00:00+00:00,2211.0
2023-12-23 00:00:00+00:00,3760.0
2023-12-23 01:00:00+00:00,3696.0
2023-12-23 02:00:00+00:00,3095.0
2023-12-23 03:00:00+00:00,2174.0
2023-12-23 04:00:00+00:00,6995.0
2023-12-23 05:00:00+00:00,6241.0
2023-12-23 06:00:00+00:00,10281.0
2023-12-23 07:00:00+00:00,15041.0
2023-12-23 08:00:00+00:00,16848.0
2023-12-23 09:00:00+00:00,17489.0
2023-12-23 10:00:00+00:00,16974.0
2023-12-23 11:00:00+00:00,16688.0
2023-12-23 12:00:00+00:00,20205.0
2023-12-23 13:00:00+00:00,19649.0
2023-12-23 14:00:00+00:00,20809.0
2023-12-23 15:00:00+00:00,21008.0
2023-12-23 16:00:00+00:00,20256.0
2023-12-23 17:00:00+00:00,18862.0
2023-12-23 18:00:00+00:00,18384.0
2023-12-23 19:00:00+00:00,18967.0
2023-12-23 20:00:00+00:00,20067.0
2023-12-23 21:00:00+00:00,18188.0
2023-12-23 22:00:00+00:00,12613.0
2023-12-23 23:00:00+00:00,9477.0
2023-12-24 00:00:00+00:00,6841.0
2023-12-24 01:00:00+00:00,7616.0
2023-12-24 02:00:00+00:00,3906.0
2023-12-24 03:00:00+00:00,4546.0
2023-12-24 04:00:00+00:00,4406.0
2023-12-24 05:00:00+00:00,3311.0
2023-12-24 06:00:00+00:00,2935.0
2023-12-24 07:00:00+00:00,9327.0
2023-12-24 08:00:00+00:00,9850.0
2023-12-24 09:00:00+00:00,7608.0
2023-12-24 10:00:00+00:00,9790.0
2023-12-24 11:00:00+00:00,12582.0
2023-12-24 12:00:00+00:00,12377.0
2023-12-24 13:00:00+00:00,9871.0
2023-12-24 14:00:00+00:00,6835.0
2023-12-24 15:00:00+00:00,7941.0
2023-12-24 16:00:00+00:00,8535.0
2023-12-24 17:00:00+00:00,7691.0
2023-12-24 18:00:00+00:00,5119.0
2023-12-24 19:00:00+00:00,-359.0
2023-12-24 20:00:00+00:00,-65.0
2023-12-24 21:00:00+00:00,1061.0
2023-12-24 22:00:00+00:00,2284.0
2023-12-24 23:00:00+00:00,1928.0
2023-12-25 00:00:00+00:00,1018.0
2023-12-25 01:00:00+00:00,-473.0
2023-12-25 02:00:00+00:00,152.0
2023-12-25 03:00:00+00:00,635.0
2023-12-25 04:00:00+00:00,191.0
2023-12-25 05:00:00+00:00,217.0
2023-12-25 06:00:00+00:00,78.0
2023-12-25 07:00:00+00:00,720.0
2023-12-25 08:00:00+00:00,9463.0
2023-12-25 09:00:00+00:00,11376.0
2023-12-25 10:00:00+00:00,13440.0
2023-12-25 11:00:00+00:00,15298.0
2023-12-25 12:00:00+00:00,17480.0
2023-12-25 13:00:00+00:00,19309.0
2023-12-25 14:00:00+00:00,19664.0
2023-12-25 15:00:00+00:00,22429.0
2023-12-25 16:00:00+00:00,20719.0
2023-12-25 17:00:00+00:00,20942.0
2023-12-25 18:00:00+00:00,18707.0
2023-12-25 19:00:00+00:00,15076.0
2023-12-25 20:00:00+00:00,12818.0
2023-12-25 21:00:00+00:00,9179.0
2023-12-25 22:00:00+00:00,6579.0
2023-12-25 23:00:00+00:00,3208.0
2023-12-26 00:00:00+00:00,818.0
2023-12-26 01:00:00+00:00,1505.0
2023-12-26 02:00:00+00:00,1635.0
2023-12-26 03:00:00+00:00,2639.0
2023-12-26 04:00:00+00:00,2227.0
2023-12-26 05:00:00+00:00,2583.0
2023-12-26 06:00:00+00:00,2744.0
2023-12-26 07:00:00+00:00,1726.0
2023-12-26 08:00:00+00:00,-669.0
2023-12-26 09:00:00+00:00,684.0
2023-12-26 10:00:00+00:00,130.0
2023-12-26 11:00:00+00:00,1194.0
2023-12-26 12:00:00+00:00,5720.0
2023-12-26 13:00:00+00:00,8139.0
2023-12-26 14:00:00+00:00,9632.0
2023-12-26 15:00:00+00:00,11643.0
2023-12-26 16:00:00+00:00,10887.0
2023-12-26 17:00:00+00:00,9772.0
2023-12-26 18:00:00+00:00,9213.0
2023-12-26 19:00:00+00:00,11507.0
2023-12-26 20:00:00+00:00,14327.0
2023-12-26 21:00:00+00:00,15241.0
2023-12-26 22:00:00+00:00,16616.0
2023-12-26 23:00:00+00:00,19134.0
2023-12-27 00:00:00+00:00,19770.0
2023-12-27 01:00:00+00:00,25293.0
2023-12-27 02:00:00+00:00,26890.0
2023-12-27 03:00:00+00:00,26377.0
2023-12-27 04:00:00+00:00,26220.0
2023-12-27 05:00:00+00:00,26720.0
2023-12-27 06:00:00+00:00,23840.0
2023-12-27 07:00:00+00:00,23012.0
2023-12-27 08:00:00+00:00,19969.0
2023-12-27 09:00:00+00:00,23197.0
2023-12-27 10:00:00+00:00,23183.0
2023-12-27 11:00:00+00:00,21325.0
2023-12-27 12:00:00+00:00,22006.0
2023-12-27 13:00:00+00:00,21638.0
2023-12-27 14:00:00+00:00,20244.0
2023-12-27 15:00:00+00:00,23199.0
2023-12-27 16:00:00+00:00,20662.0
2023-12-27 17:00:00+00:00,17271.0
2023-12-27 18:00:00+00:00,14087.0
2023-12-27 19:00:00+00:00,13275.0
2023-12-27 20:00:00+00:00,10110.0
2023-12-27 21:00:00+00:00,7627.0
2023-12-27 22:00:00+00:00,5178.0
2023-12-27 23:00:00+00:00,7817.0
2023-12-28 00:00:00+00:00,9524.0
2023-12-28 01:00:00+00:00,6879.0
2023-12-28 02:00:00+00:00,3702.0
2023-12-28 03:00:00+00:00,8977.0
2023-12-28 04:00:00+00:00,9766.0
2023-12-28 05:00:00+00:00,6905.0
2023-12-28 06:00:00+00:00,4108.0
2023-12-28 07:00:00+00:00,6296.0
2023-12-28 08:00:00+00:00,7000.0
2023-12-28 09:00:00+00:00,5469.0
2023-12-28 10:00:00+00:00,5362.0
2023-12-28 11:00:00+00:00,6149.0
2023-12-28 12:00:00+00:00,8234.0
2023-12-28 13:00:00+00:00,10313.0
2023-12-28 14:00:00+00:00,13822.0
2023-12-28 15:00:00+00:00,14196.0
2023-12-28 16:00:00+00:00,12519.0
2023-12-28 17:00:00+00:00,9190.0
2023-12-28 18:00:00+00:00,7345.0
2023-12-28 19:00:00+00:00,5789.0
2023-12-28 20:00:00+00:00,3933.0
2023-12-28 21:00:00+00:00,1827.0
2023-12-28 22:00:00+00:00,2434.0
2023-12-28 23:00:00+00:00,4581.0
2023-12-29 00:00:00+00:00,4298.0
2023-12-29 01:00:00+00:00,2405.0
2023-12-29 02:00:00+00:00,3605.0
2023-12-29 03:00:00+00:00,3570.0
2023-12-29 04:00:00+00:00,2566.0
2023-12-29 05:00:00+00:00,7456.0
2023-12-29 06:00:00+00:00,7391.0
2023-12-29 07:00:00+00:00,5390.0
2023-12-29 08:00:00+00:00,6089.0
2023-12-29 09:00:00+00:00,8166.0
2023-12-29 10:00:00+00:00,10630.0
2023-12-29 11:00:00+00:00,10299.0
2023-12-29 12:00:00+00:00,12255.0
2023-12-29 13:00:00+00:00,13580.0
2023-12-29 14:00:00+00:00,14649.0
2023-12-29 15:00:00+00:00,16276.0
2023-12-29 16:00:00+00:00,16147.0
2023-12-29 17:00:00+00:00,12844.0
2023-12-29 18:00:00+00:00,11513.0
2023-12-29 19:00:00+00:00,10863.0
2023-12-29 20:00:00+00:00,9620.0
2023-12-29 21:00:00+00:00,7867.0
2023-12-29 22:00:00+00:00,4547.0
2023-12-29 23:00:00+00:00,3981.0
2023-12-30 00:00:00+00:00,1265.0
2023-12-30 01:00:00+00:00,32.0
2023-12-30 02:00:00+00:00,1505.0
2023-12-30 03:00:00+00:00,373.0
2023-12-30 04:00:00+00:00,1326.0
2023-12-30 05:00:00+00:00,2228.0
2023-12-30 06:00:00+00:00,6320.0
2023-12-30 07:00:00+00:00,11411.0
2023-12-30 08:00:00+00:00,14178.0
2023-12-30 09:00:00+00:00,15646.0
2023-12-30 10:00:00+00:00,15157.0
2023-12-30 11:00:00+00:00,16797.0
2023-12-30 12:00:00+00:00,20404.0
2023-12-30 13:00:00+00:00,23793.0
2023-12-30 14:00:00+00:00,26454.0
2023-12-30 15:00:00+00:00,26810.0
2023-12-30 16:00:00+00:00,26550.0
2023-12-30 17:00:00+00:00,26962.0
2023-12-30 18:00:00+00:00,25204.0
2023-12-30 19:00:00+00:00,26005.0
2023-12-30 20:00:00+00:00,26568.0
2023-12-30 21:00:00+00:00,24306.0
2023-12-30 22:00:00+00:00,21505.0
2023-12-30 23:00:00+00:00,21795.0
2023-12-31 00:00:00+00:00,17129.0
2023-12-31 01:00:00+00:00,17272.0
2023-12-31 02:00:00+00:00,20277.0
2023-12-31 03:00:00+00:00,16588.0
2023-12-31 04:00:00+00:00,20238.0
2023-12-31 05:00:00+00:00,18164.0
2023-12-31 06:00:00+00:00,18048.0
2023-12-31 07:00:00+00:00,14201.0
2023-12-31 08:00:00+00:00,13667.0
2023-12-31 09:00:00+00:00,14727.0
2023-12-31 10:00:00+00:00,15730.0
2023-12-31 11:00:00+00:00,16377.0
2023-12-31 12:00:00+00:00,16936.0
2023-12-31 13:00:00+00:00,16531.0
2023-12-31 14:00:00+00:00,18068.0
2023-12-31 15:00:00+00:00,22441.0
2023-12-31 16:00:00+00:00,21273.0
2023-12-31 17:00:00+00:00,19336.0
2023-12-31 18:00:00+00:00,17208.0
2023-12-31 19:00:00+00:00,13248.0
2023-12-31 20:00:00+00:00,11377.0
2023-12-31 21:00:00+00:00,9338.0
2023-12-31 22:00:00+00:00,8525.0
2023-12-31 23:00:00+00:00,6733.0
