timestamp,flow_mw
2023-01-01 00:00:00+00:00,-3116.0
2023-01-01 00:15:00+00:00,-3036.0
2023-01-01 00:30:00+00:00,-2822.0
2023-01-01 00:45:00+00:00,-3235.0
2023-01-01 01:00:00+00:00,-3121.0
2023-01-01 01:15:00+00:00,-3394.0
2023-01-01 01:30:00+00:00,-3370.0
2023-01-01 01:45:00+00:00,-2636.0
2023-01-01 02:00:00+00:00,-3063.0
2023-01-01 02:15:00+00:00,-2856.0
2023-01-01 02:30:00+00:00,-2893.0
2023-01-01 02:45:00+00:00,-2929.0
2023-01-01 03:00:00+00:00,-2462.0
2023-01-01 03:15:00+00:00,-2627.0
2023-01-01 03:30:00+00:00,-3405.0
2023-01-01 03:45:00+00:00,-3293.0
2023-01-01 04:00:00+00:00,-3042.0
2023-01-01 04:15:00+00:00,-3145.0
2023-01-01 04:30:00+00:00,-3284.0
2023-01-01 04:45:00+00:00,-3554.0
2023-01-01 05:00:00+00:00,-3563.0
2023-01-01 05:15:00+00:00,-3379.0
2023-01-01 05:30:00+00:00,-3160.0
2023-01-01 05:45:00+00:00,-3011.0
2023-01-01 06:00:00+00:00,-2158.0
2023-01-01 06:15:00+00:00,-2081.0
2023-01-01 06:30:00+00:00,-1891.0
2023-01-01 06:45:00+00:00,-1812.0
2023-01-01 07:00:00+00:00,-2191.0
2023-01-01 07:15:00+00:00,-2971.0
2023-01-01 07:30:00+00:00,-3229.0
2023-01-01 07:45:00+00:00,-3339.0
2023-01-01 08:00:00+00:00,-3248.0
2023-01-01 08:15:00+00:00,-3763.0
2023-01-01 08:30:00+00:00,-4092.0
2023-01-01 08:45:00+00:00,-3967.0
2023-01-01 09:00:00+00:00,-3774.0
2023-01-01 09:15:00+00:00,-4192.0
2023-01-01 09:30:00+00:00,-4372.0
2023-01-01 09:45:00+00:00,-4981.0
2023-01-01 10:00:00+00:00,-4200.0
2023-01-01 10:15:00+00:00,-4333.0
2023-01-01 10:30:00+00:00,-3954.0
2023-01-01 10:45:00+00:00,-4310.0
2023-01-01 11:00:00+00:00,-4358.0
2023-01-01 11:15:00+00:00,-4203.0
2023-01-01 11:30:00+00:00,-4001.0
2023-01-01 11:45:00+00:00,-4083.0
2023-01-01 12:00:00+00:00,-4265.0
2023-01-01 12:15:00+00:00,-4044.0
2023-01-01 12:30:00+00:00,-4208.0
2023-01-01 12:45:00+00:00,-4316.0
2023-01-01 13:00:00+00:00,-4579.0
2023-01-01 13:15:00+00:00,-5054.0
2023-01-01 13:30:00+00:00,-4994.0
2023-01-01 13:45:00+00:00,-5815.0
2023-01-01 14:00:00+00:00,-6090.0
2023-01-01 14:15:00+00:00,-6077.0
2023-01-01 14:30:00+00:00,-6582.0
2023-01-01 14:45:00+00:00,-6175.0
2023-01-01 15:00:00+00:00,-6713.0
2023-01-01 15:15:00+00:00,-7444.0
2023-01-01 15:30:00+00:00,-7564.0
2023-01-01 15:45:00+00:00,-7505.0
2023-01-01 16:00:00+00:00,-7699.0
2023-01-01 16:15:00+00:00,-7880.0
2023-01-01 16:30:00+00:00,-7468.0
2023-01-01 16:45:00+00:00,-7487.0
2023-01-01 17:00:00+00:00,-7787.0
2023-01-01 17:15:00+00:00,-7561.0
2023-01-01 17:30:00+00:00,-7343.0
2023-01-01 17:45:00+00:00,-7500.0
2023-01-01 18:00:00+00:00,-6280.0
2023-01-01 18:15:00+00:00,-5761.0
2023-01-01 18:30:00+00:00,-5308.0
2023-01-01 18:45:00+00:00,-5392.0
2023-01-01 19:00:00+00:00,-6110.0
2023-01-01 19:15:00+00:00,-7806.0
2023-01-01 19:30:00+00:00,-8144.0
2023-01-01 19:45:00+00:00,-8288.0
2023-01-01 20:00:00+00:00,-8453.0
2023-01-01 20:15:00+00:00,-8166.0
2023-01-01 20:30:00+00:00,-8006.0
2023-01-01 20:45:00+00:00,-7770.0
2023-01-01 21:00:00+00:00,-7489.0
2023-01-01 21:15:00+00:00,-7610.0
2023-01-01 21:30:00+00:00,-7284.0
2023-01-01 21:45:00+00:00,-7595.0
2023-01-01 22:00:00+00:00,-8305.0
2023-01-01 22:15:00+00:00,-8316.0
2023-01-01 22:30:00+00:00,-8325.0
2023-01-01 22:45:00+00:00,-7537.0
2023-01-01 23:00:00+00:00,-8513.0
2023-01-01 23:15:00+00:00,-8076.0
2023-01-01 23:30:00+00:00,-7604.0
2023-01-01 23:45:00+00:00,-6538.0
2023-01-02 00:00:00+00:00,-6248.0
2023-01-02 00:15:00+00:00,-5993.0
2023-01-02 00:30:00+00:00,-5881.0
2023-01-02 00:45:00+00:00,-6112.0
2023-01-02 01:00:00+00:00,-6438.0
2023-01-02 01:15:00+00:00,-6535.0
2023-01-02 01:30:00+00:00,-6827.0
2023-01-02 01:45:00+00:00,-6825.0
2023-01-02 02:00:00+00:00,-6248.0
2023-01-02 02:15:00+00:00,-6787.0
2023-01-02 02:30:00+00:00,-6833.0
2023-01-02 02:45:00+00:00,-6703.0
2023-01-02 03:00:00+00:00,-6809.0
2023-01-02 03:15:00+00:00,-7018.0
2023-01-02 03:30:00+00:00,-6988.0
2023-01-02 03:45:00+00:00,-6770.0
2023-01-02 04:00:00+00:00,-6697.0
2023-01-02 04:15:00+00:00,-6746.0
2023-01-02 04:30:00+00:00,-6668.0
2023-01-02 04:45:00+00:00,-6949.0
2023-01-02 05:00:00+00:00,-6511.0
2023-01-02 05:15:00+00:00,-6428.0
2023-01-02 05:30:00+00:00,-6412.0
2023-01-02 05:45:00+00:00,-7218.0
2023-01-02 06:00:00+00:00,-6964.0
2023-01-02 06:15:00+00:00,-6579.0
2023-01-02 06:30:00+00:00,-6349.0
2023-01-02 06:45:00+00:00,-6471.0
2023-01-02 07:00:00+00:00,-6725.0
2023-01-02 07:15:00+00:00,-7266.0
2023-01-02 07:30:00+00:00,-7951.0
2023-01-02 07:45:00+00:00,-7796.0
2023-01-02 08:00:00+00:00,-7726.0
2023-01-02 08:15:00+00:00,-7946.0
2023-01-02 08:30:00+00:00,-8066.0
2023-01-02 08:45:00+00:00,-7830.0
2023-01-02 09:00:00+00:00,-7114.0
2023-01-02 09:15:00+00:00,-7924.0
2023-01-02 09:30:00+00:00,-8324.0
2023-01-02 09:45:00+00:00,-8281.0
2023-01-02 10:00:00+00:00,-8275.0
2023-01-02 10:15:00+00:00,-8479.0
2023-01-02 10:30:00+00:00,-8544.0
2023-01-02 10:45:00+00:00,-8584.0
2023-01-02 11:00:00+00:00,-8609.0
2023-01-02 11:15:00+00:00,-8334.0
2023-01-02 11:30:00+00:00,-8241.0
2023-01-02 11:45:00+00:00,-7622.0
2023-01-02 12:00:00+00:00,-6665.0
2023-01-02 12:15:00+00:00,-6122.0
2023-01-02 12:30:00+00:00,-5804.0
2023-01-02 12:45:00+00:00,-5955.0
2023-01-02 13:00:00+00:00,-6486.0
2023-01-02 13:15:00+00:00,-7616.0
2023-01-02 13:30:00+00:00,-8877.0
2023-01-02 13:45:00+00:00,-8881.0
2023-01-02 14:00:00+00:00,-7703.0
2023-01-02 14:15:00+00:00,-7559.0
2023-01-02 14:30:00+00:00,-7450.0
2023-01-02 14:45:00+00:00,-8280.0
2023-01-02 15:00:00+00:00,-8090.0
2023-01-02 15:15:00+00:00,-8027.0
2023-01-02 15:30:00+00:00,-8004.0
2023-01-02 15:45:00+00:00,-8085.0
2023-01-02 16:00:00+00:00,-8409.0
2023-01-02 16:15:00+00:00,-8985.0
2023-01-02 16:30:00+00:00,-9043.0
2023-01-02 16:45:00+00:00,-8863.0
2023-01-02 17:00:00+00:00,-9060.0
2023-01-02 17:15:00+00:00,-8978.0
2023-01-02 17:30:00+00:00,-7596.0
2023-01-02 17:45:00+00:00,-7635.0
2023-01-02 18:00:00+00:00,-6815.0
2023-01-02 18:15:00+00:00,-6005.0
2023-01-02 18:30:00+00:00,-5600.0
2023-01-02 18:45:00+00:00,-5457.0
2023-01-02 19:00:00+00:00,-5316.0
2023-01-02 19:15:00+00:00,-5920.0
2023-01-02 19:30:00+00:00,-6298.0
2023-01-02 19:45:00+00:00,-6359.0
2023-01-02 20:00:00+00:00,-6989.0
2023-01-02 20:15:00+00:00,-6474.0
2023-01-02 20:30:00+00:00,-6260.0
2023-01-02 20:45:00+00:00,-5733.0
2023-01-02 21:00:00+00:00,-4741.0
2023-01-02 21:15:00+00:00,-4793.0
2023-01-02 21:30:00+00:00,-5048.0
2023-01-02 21:45:00+00:00,-6305.0
2023-01-02 22:00:00+00:00,-7259.0
2023-01-02 22:15:00+00:00,-7388.0
2023-01-02 22:30:00+00:00,-7306.0
2023-01-02 22:45:00+00:00,-7311.0
2023-01-02 23:00:00+00:00,-7529.0
2023-01-02 23:15:00+00:00,-6515.0
2023-01-02 23:30:00+00:00,-4427.0
2023-01-02 23:45:00+00:00,-3348.0
2023-01-03 00:00:00+00:00,-3510.0
2023-01-03 00:15:00+00:00,-3753.0
2023-01-03 00:30:00+00:00,-3767.0
2023-01-03 00:45:00+00:00,-4089.0
2023-01-03 01:00:00+00:00,-4916.0
2023-01-03 01:15:00+00:00,-7256.0
2023-01-03 01:30:00+00:00,-8259.0
2023-01-03 01:45:00+00:00,-8845.0
2023-01-03 02:00:00+00:00,-9129.0
2023-01-03 02:15:00+00:00,-8934.0
2023-01-03 02:30:00+00:00,-8665.0
2023-01-03 02:45:00+00:00,-8126.0
2023-01-03 03:00:00+00:00,-8190.0
2023-01-03 03:15:00+00:00,-8670.0
2023-01-03 03:30:00+00:00,-8357.0
2023-01-03 03:45:00+00:00,-8356.0
2023-01-03 04:00:00+00:00,-8501.0
2023-01-03 04:15:00+00:00,-8278.0
2023-01-03 04:30:00+00:00,-8638.0
2023-01-03 04:45:00+00:00,-8402.0
2023-01-03 05:00:00+00:00,-7836.0
2023-01-03 05:15:00+00:00,-5842.0
2023-01-03 05:30:00+00:00,-5369.0
2023-01-03 05:45:00+00:00,-5271.0
2023-01-03 06:00:00+00:00,-5477.0
2023-01-03 06:15:00+00:00,-5154.0
2023-01-03 06:30:00+00:00,-4801.0
2023-01-03 06:45:00+00:00,-5209.0
2023-01-03 07:00:00+00:00,-5680.0
2023-01-03 07:15:00+00:00,-7685.0
2023-01-03 07:30:00+00:00,-7956.0
2023-01-03 07:45:00+00:00,-7571.0
2023-01-03 08:00:00+00:00,-7213.0
2023-01-03 08:15:00+00:00,-7499.0
2023-01-03 08:30:00+00:00,-7548.0
2023-01-03 08:45:00+00:00,-6577.0
2023-01-03 09:00:00+00:00,-6985.0
2023-01-03 09:15:00+00:00,-7726.0
2023-01-03 09:30:00+00:00,-8064.0
2023-01-03 09:45:00+00:00,-8578.0
2023-01-03 10:00:00+00:00,-8764.0
2023-01-03 10:15:00+00:00,-8968.0
2023-01-03 10:30:00+00:00,-9385.0
2023-01-03 10:45:00+00:00,-8899.0
2023-01-03 11:00:00+00:00,-8055.0
2023-01-03 11:15:00+00:00,-7276.0
2023-01-03 11:30:00+00:00,-6446.0
2023-01-03 11:45:00+00:00,-6036.0
2023-01-03 12:00:00+00:00,-5320.0
2023-01-03 12:15:00+00:00,-5097.0
2023-01-03 12:30:00+00:00,-5113.0
2023-01-03 12:45:00+00:00,-5220.0
2023-01-03 13:00:00+00:00,-5634.0
2023-01-03 13:15:00+00:00,-7557.0
2023-01-03 13:30:00+00:00,-8351.0
2023-01-03 13:45:00+00:00,-7978.0
2023-01-03 14:00:00+00:00,-7420.0
2023-01-03 14:15:00+00:00,-7589.0
2023-01-03 14:30:00+00:00,-7930.0
2023-01-03 14:45:00+00:00,-6603.0
2023-01-03 15:00:00+00:00,-6638.0
2023-01-03 15:15:00+00:00,-6879.0
2023-01-03 15:30:00+00:00,-6885.0
2023-01-03 15:45:00+00:00,-6761.0
2023-01-03 16:00:00+00:00,-7416.0
2023-01-03 16:15:00+00:00,-8810.0
2023-01-03 16:30:00+00:00,-8811.0
2023-01-03 16:45:00+00:00,-8768.0
2023-01-03 17:00:00+00:00,-8795.0
2023-01-03 17:15:00+00:00,-7735.0
2023-01-03 17:30:00+00:00,-8053.0
2023-01-03 17:45:00+00:00,-7822.0
2023-01-03 18:00:00+00:00,-7680.0
2023-01-03 18:15:00+00:00,-6985.0
2023-01-03 18:30:00+00:00,-6900.0
2023-01-03 18:45:00+00:00,-7280.0
2023-01-03 19:00:00+00:00,-7703.0
2023-01-03 19:15:00+00:00,-7436.0
2023-01-03 19:30:00+00:00,-8127.0
2023-01-03 19:45:00+00:00,-9138.0
2023-01-03 20:00:00+00:00,-9094.0
2023-01-03 20:15:00+00:00,-8455.0
2023-01-03 20:30:00+00:00,-7495.0
2023-01-03 20:45:00+00:00,-7437.0
2023-01-03 21:00:00+00:00,-7215.0
2023-01-03 21:15:00+00:00,-7991.0
2023-01-03 21:30:00+00:00,-7972.0
2023-01-03 21:45:00+00:00,-7455.0
2023-01-03 22:00:00+00:00,-7714.0
2023-01-03 22:15:00+00:00,-8915.0
2023-01-03 22:30:00+00:00,-9130.0
2023-01-03 22:45:00+00:00,-8959.0
2023-01-03 23:00:00+00:00,-8597.0
2023-01-03 23:15:00+00:00,-8169.0
2023-01-03 23:30:00+00:00,-8311.0
2023-01-03 23:45:00+00:00,-7466.0
2023-01-04 00:00:00+00:00,-7156.0
2023-01-04 00:15:00+00:00,-6839.0
2023-01-04 00:30:00+00:00,-7117.0
2023-01-04 00:45:00+00:00,-7007.0
2023-01-04 01:00:00+00:00,-7179.0
2023-01-04 01:15:00+00:00,-8094.0
2023-01-04 01:30:00+00:00,-8708.0
2023-01-04 01:45:00+00:00,-8606.0
2023-01-04 02:00:00+00:00,-8602.0
2023-01-04 02:15:00+00:00,-8587.0
2023-01-04 02:30:00+00:00,-8287.0
2023-01-04 02:45:00+00:00,-6951.0
2023-01-04 03:00:00+00:00,-7607.0
2023-01-04 03:15:00+00:00,-8025.0
2023-01-04 03:30:00+00:00,-8578.0
2023-01-04 03:45:00+00:00,-8685.0
2023-01-04 04:00:00+00:00,-8954.0
2023-01-04 04:15:00+00:00,-8452.0
2023-01-04 04:30:00+00:00,-8669.0
2023-01-04 04:45:00+00:00,-8682.0
2023-01-04 05:00:00+00:00,-8371.0
2023-01-04 05:15:00+00:00,-7948.0
2023-01-04 05:30:00+00:00,-7538.0
2023-01-04 05:45:00+00:00,-7822.0
2023-01-04 06:00:00+00:00,-7481.0
2023-01-04 06:15:00+00:00,-7346.0
2023-01-04 06:30:00+00:00,-7377.0
2023-01-04 06:45:00+00:00,-7490.0
2023-01-04 07:00:00+00:00,-7768.0
2023-01-04 07:15:00+00:00,-8142.0
2023-01-04 07:30:00+00:00,-8062.0
2023-01-04 07:45:00+00:00,-7693.0
2023-01-04 08:00:00+00:00,-7278.0
2023-01-04 08:15:00+00:00,-6889.0
2023-01-04 08:30:00+00:00,-6774.0
2023-01-04 08:45:00+00:00,-5601.0
2023-01-04 09:00:00+00:00,-5152.0
2023-01-04 09:15:00+00:00,-5709.0
2023-01-04 09:30:00+00:00,-6824.0
2023-01-04 09:45:00+00:00,-6685.0
2023-01-04 10:00:00+00:00,-7422.0
2023-01-04 10:15:00+00:00,-8530.0
2023-01-04 10:30:00+00:00,-8565.0
2023-01-04 10:45:00+00:00,-8483.0
2023-01-04 11:00:00+00:00,-7624.0
2023-01-04 11:15:00+00:00,-7501.0
2023-01-04 11:30:00+00:00,-6916.0
2023-01-04 11:45:00+00:00,-7330.0
2023-01-04 12:00:00+00:00,-6522.0
2023-01-04 12:15:00+00:00,-6079.0
2023-01-04 12:30:00+00:00,-5808.0
2023-01-04 12:45:00+00:00,-5792.0
2023-01-04 13:00:00+00:00,-6069.0
2023-01-04 13:15:00+00:00,-6556.0
2023-01-04 13:30:00+00:00,-7413.0
2023-01-04 13:45:00+00:00,-7100.0
2023-01-04 14:00:00+00:00,-7416.0
2023-01-04 14:15:00+00:00,-6959.0
2023-01-04 14:30:00+00:00,-6446.0
2023-01-04 14:45:00+00:00,-5952.0
2023-01-04 15:00:00+00:00,-5488.0
2023-01-04 15:15:00+00:00,-5752.0
2023-01-04 15:30:00+00:00,-6438.0
2023-01-04 15:45:00+00:00,-6997.0
2023-01-04 16:00:00+00:00,-7384.0
2023-01-04 16:15:00+00:00,-7975.0
2023-01-04 16:30:00+00:00,-8102.0
2023-01-04 16:45:00+00:00,-8044.0
2023-01-04 17:00:00+00:00,-7954.0
2023-01-04 17:15:00+00:00,-6492.0
2023-01-04 17:30:00+00:00,-5733.0
2023-01-04 17:45:00+00:00,-5320.0
2023-01-04 18:00:00+00:00,-4613.0
2023-01-04 18:15:00+00:00,-4321.0
2023-01-04 18:30:00+00:00,-4383.0
2023-01-04 18:45:00+00:00,-4259.0
2023-01-04 19:00:00+00:00,-5132.0
2023-01-04 19:15:00+00:00,-6689.0
2023-01-04 19:30:00+00:00,-7738.0
2023-01-04 19:45:00+00:00,-8972.0
2023-01-04 20:00:00+00:00,-8073.0
2023-01-04 20:15:00+00:00,-7625.0
2023-01-04 20:30:00+00:00,-7795.0
2023-01-04 20:45:00+00:00,-7355.0
2023-01-04 21:00:00+00:00,-7665.0
2023-01-04 21:15:00+00:00,-8329.0
2023-01-04 21:30:00+00:00,-8071.0
2023-01-04 21:45:00+00:00,-8616.0
2023-01-04 22:00:00+00:00,-8593.0
2023-01-04 22:15:00+00:00,-8570.0
2023-01-04 22:30:00+00:00,-8479.0
2023-01-04 22:45:00+00:00,-7584.0
2023-01-04 23:00:00+00:00,-7475.0
2023-01-04 23:15:00+00:00,-6579.0
2023-01-04 23:30:00+00:00,-5924.0
2023-01-04 23:45:00+00:00,-5369.0
2023-01-05 00:00:00+00:00,-4714.0
2023-01-05 00:15:00+00:00,-4119.0
2023-01-05 00:30:00+00:00,-4907.0
2023-01-05 00:45:00+00:00,-5286.0
2023-01-05 01:00:00+00:00,-5266.0
2023-01-05 01:15:00+00:00,-5743.0
2023-01-05 01:30:00+00:00,-5702.0
2023-01-05 01:45:00+00:00,-7348.0
2023-01-05 02:00:00+00:00,-8278.0
2023-01-05 02:15:00+00:00,-8180.0
2023-01-05 02:30:00+00:00,-8157.0
2023-01-05 02:45:00+00:00,-6807.0
2023-01-05 03:00:00+00:00,-7524.0
2023-01-05 03:15:00+00:00,-8466.0
2023-01-05 03:30:00+00:00,-7026.0
2023-01-05 03:45:00+00:00,-7004.0
2023-01-05 04:00:00+00:00,-6832.0
2023-01-05 04:15:00+00:00,-5627.0
2023-01-05 04:30:00+00:00,-5175.0
2023-01-05 04:45:00+00:00,-4634.0
2023-01-05 05:00:00+00:00,-6403.0
2023-01-05 05:15:00+00:00,-6251.0
2023-01-05 05:30:00+00:00,-5665.0
2023-01-05 05:45:00+00:00,-4452.0
2023-01-05 06:00:00+00:00,-3956.0
2023-01-05 06:15:00+00:00,-3595.0
2023-01-05 06:30:00+00:00,-3434.0
2023-01-05 06:45:00+00:00,-4069.0
2023-01-05 07:00:00+00:00,-4147.0
2023-01-05 07:15:00+00:00,-4463.0
2023-01-05 07:30:00+00:00,-5871.0
2023-01-05 07:45:00+00:00,-6999.0
2023-01-05 08:00:00+00:00,-7403.0
2023-01-05 08:15:00+00:00,-7200.0
2023-01-05 08:30:00+00:00,-6719.0
2023-01-05 08:45:00+00:00,-5927.0
2023-01-05 09:00:00+00:00,-7210.0
2023-01-05 09:15:00+00:00,-7229.0
2023-01-05 09:30:00+00:00,-7387.0
2023-01-05 09:45:00+00:00,-7650.0
2023-01-05 10:00:00+00:00,-6882.0
2023-01-05 10:15:00+00:00,-5360.0
2023-01-05 10:30:00+00:00,-4478.0
2023-01-05 10:45:00+00:00,-5252.0
2023-01-05 11:00:00+00:00,-4903.0
2023-01-05 11:15:00+00:00,-4554.0
2023-01-05 11:30:00+00:00,-3937.0
2023-01-05 11:45:00+00:00,-3876.0
2023-01-05 12:00:00+00:00,-3238.0
2023-01-05 12:15:00+00:00,-3341.0
2023-01-05 12:30:00+00:00,-3515.0
2023-01-05 12:45:00+00:00,-3538.0
2023-01-05 13:00:00+00:00,-3420.0
2023-01-05 13:15:00+00:00,-3068.0
2023-01-05 13:30:00+00:00,-4454.0
2023-01-05 13:45:00+00:00,-6042.0
2023-01-05 14:00:00+00:00,-6318.0
2023-01-05 14:15:00+00:00,-5784.0
2023-01-05 14:30:00+00:00,-6278.0
2023-01-05 14:45:00+00:00,-5148.0
2023-01-05 15:00:00+00:00,-5578.0
2023-01-05 15:15:00+00:00,-6918.0
2023-01-05 15:30:00+00:00,-6790.0
2023-01-05 15:45:00+00:00,-6455.0
2023-01-05 16:00:00+00:00,-6169.0
2023-01-05 16:15:00+00:00,-4852.0
2023-01-05 16:30:00+00:00,-4417.0
2023-01-05 16:45:00+00:00,-3893.0
2023-01-05 17:00:00+00:00,-3673.0
2023-01-05 17:15:00+00:00,-2662.0
2023-01-05 17:30:00+00:00,-2945.0
2023-01-05 17:45:00+00:00,-3894.0
2023-01-05 18:00:00+00:00,-2984.0
2023-01-05 18:15:00+00:00,-3491.0
2023-01-05 18:30:00+00:00,-3894.0
2023-01-05 18:45:00+00:00,-3976.0
2023-01-05 19:00:00+00:00,-3196.0
2023-01-05 19:15:00+00:00,-4011.0
2023-01-05 19:30:00+00:00,-4667.0
2023-01-05 19:45:00+00:00,-5680.0
2023-01-05 20:00:00+00:00,-6193.0
2023-01-05 20:15:00+00:00,-6175.0
2023-01-05 20:30:00+00:00,-5668.0
2023-01-05 20:45:00+00:00,-5144.0
2023-01-05 21:00:00+00:00,-5444.0
2023-01-05 21:15:00+00:00,-6192.0
2023-01-05 21:30:00+00:00,-6319.0
2023-01-05 21:45:00+00:00,-6328.0
2023-01-05 22:00:00+00:00,-6291.0
2023-01-05 22:15:00+00:00,-5567.0
2023-01-05 22:30:00+00:00,-4554.0
2023-01-05 22:45:00+00:00,-3986.0
2023-01-05 23:00:00+00:00,-6138.0
2023-01-05 23:15:00+00:00,-5700.0
2023-01-05 23:30:00+00:00,-5249.0
2023-01-05 23:45:00+00:00,-5369.0
2023-01-06 00:00:00+00:00,-5088.0
2023-01-06 00:15:00+00:00,-4645.0
2023-01-06 00:30:00+00:00,-4847.0
2023-01-06 00:45:00+00:00,-4955.0
2023-01-06 01:00:00+00:00,-5109.0
2023-01-06 01:15:00+00:00,-5657.0
2023-01-06 01:30:00+00:00,-5926.0
2023-01-06 01:45:00+00:00,-7332.0
2023-01-06 02:00:00+00:00,-7144.0
2023-01-06 02:15:00+00:00,-6562.0
2023-01-06 02:30:00+00:00,-6615.0
2023-01-06 02:45:00+00:00,-6417.0
2023-01-06 03:00:00+00:00,-5925.0
2023-01-06 03:15:00+00:00,-6084.0
2023-01-06 03:30:00+00:00,-7332.0
2023-01-06 03:45:00+00:00,-8085.0
2023-01-06 04:00:00+00:00,-8780.0
2023-01-06 04:15:00+00:00,-9293.0
2023-01-06 04:30:00+00:00,-9287.0
2023-01-06 04:45:00+00:00,-8885.0
2023-01-06 05:00:00+00:00,-8123.0
2023-01-06 05:15:00+00:00,-7738.0
2023-01-06 05:30:00+00:00,-6496.0
2023-01-06 05:45:00+00:00,-5997.0
2023-01-06 06:00:00+00:00,-4420.0
2023-01-06 06:15:00+00:00,-3854.0
2023-01-06 06:30:00+00:00,-4020.0
2023-01-06 06:45:00+00:00,-4301.0
2023-01-06 07:00:00+00:00,-4527.0
2023-01-06 07:15:00+00:00,-5563.0
2023-01-06 07:30:00+00:00,-6161.0
2023-01-06 07:45:00+00:00,-6924.0
2023-01-06 08:00:00+00:00,-7469.0
2023-01-06 08:15:00+00:00,-6881.0
2023-01-06 08:30:00+00:00,-6081.0
2023-01-06 08:45:00+00:00,-5927.0
2023-01-06 09:00:00+00:00,-5947.0
2023-01-06 09:15:00+00:00,-6514.0
2023-01-06 09:30:00+00:00,-6689.0
2023-01-06 09:45:00+00:00,-7728.0
2023-01-06 10:00:00+00:00,-8406.0
2023-01-06 10:15:00+00:00,-7680.0
2023-01-06 10:30:00+00:00,-7768.0
2023-01-06 10:45:00+00:00,-8156.0
2023-01-06 11:00:00+00:00,-7449.0
2023-01-06 11:15:00+00:00,-6833.0
2023-01-06 11:30:00+00:00,-4825.0
2023-01-06 11:45:00+00:00,-4500.0
2023-01-06 12:00:00+00:00,-3810.0
2023-01-06 12:15:00+00:00,-3258.0
2023-01-06 12:30:00+00:00,-3529.0
2023-01-06 12:45:00+00:00,-3673.0
2023-01-06 13:00:00+00:00,-3959.0
2023-01-06 13:15:00+00:00,-4349.0
2023-01-06 13:30:00+00:00,-2327.0
2023-01-06 13:45:00+00:00,-3510.0
2023-01-06 14:00:00+00:00,-3514.0
2023-01-06 14:15:00+00:00,-3742.0
2023-01-06 14:30:00+00:00,-4000.0
2023-01-06 14:45:00+00:00,-2642.0
2023-01-06 15:00:00+00:00,-3184.0
2023-01-06 15:15:00+00:00,-4419.0
2023-01-06 15:30:00+00:00,-4846.0
2023-01-06 15:45:00+00:00,-5027.0
2023-01-06 16:00:00+00:00,-4084.0
2023-01-06 16:15:00+00:00,-4047.0
2023-01-06 16:30:00+00:00,-5320.0
2023-01-06 16:45:00+00:00,-5828.0
2023-01-06 17:00:00+00:00,-6906.0
2023-01-06 17:15:00+00:00,-6613.0
2023-01-06 17:30:00+00:00,-6198.0
2023-01-06 17:45:00+00:00,-5507.0
2023-01-06 18:00:00+00:00,-5408.0
2023-01-06 18:15:00+00:00,-5034.0
2023-01-06 18:30:00+00:00,-5021.0
2023-01-06 18:45:00+00:00,-4801.0
2023-01-06 19:00:00+00:00,-5058.0
2023-01-06 19:15:00+00:00,-6296.0
2023-01-06 19:30:00+00:00,-3780.0
2023-01-06 19:45:00+00:00,-3531.0
2023-01-06 20:00:00+00:00,-4046.0
2023-01-06 20:15:00+00:00,-3363.0
2023-01-06 20:30:00+00:00,-2573.0
2023-01-06 20:45:00+00:00,-508.0
2023-01-06 21:00:00+00:00,-1273.0
2023-01-06 21:15:00+00:00,-2786.0
2023-01-06 21:30:00+00:00,-3911.0
2023-01-06 21:45:00+00:00,-4625.0
2023-01-06 22:00:00+00:00,-3443.0
2023-01-06 22:15:00+00:00,-2683.0
2023-01-06 22:30:00+00:00,-3057.0
2023-01-06 22:45:00+00:00,-2436.0
2023-01-06 23:00:00+00:00,-4100.0
2023-01-06 23:15:00+00:00,-4485.0
2023-01-06 23:30:00+00:00,-4919.0
2023-01-06 23:45:00+00:00,-4444.0
2023-01-07 00:00:00+00:00,-3918.0
2023-01-07 00:15:00+00:00,-3416.0
2023-01-07 00:30:00+00:00,-3750.0
2023-01-07 00:45:00+00:00,-4357.0
2023-01-07 01:00:00+00:00,-3035.0
2023-01-07 01:15:00+00:00,-3385.0
2023-01-07 01:30:00+00:00,-3708.0
2023-01-07 01:45:00+00:00,-4256.0
2023-01-07 02:00:00+00:00,-4299.0
2023-01-07 02:15:00+00:00,-3820.0
2023-01-07 02:30:00+00:00,-3061.0
2023-01-07 02:45:00+00:00,-1821.0
2023-01-07 03:00:00+00:00,-1786.0
2023-01-07 03:15:00+00:00,-3058.0
2023-01-07 03:30:00+00:00,-4163.0
2023-01-07 03:45:00+00:00,-4989.0
2023-01-07 04:00:00+00:00,-4535.0
2023-01-07 04:15:00+00:00,-4337.0
2023-01-07 04:30:00+00:00,-3441.0
2023-01-07 04:45:00+00:00,-2678.0
2023-01-07 05:00:00+00:00,-5485.0
2023-01-07 05:15:00+00:00,-5132.0
2023-01-07 05:30:00+00:00,-4549.0
2023-01-07 05:45:00+00:00,-3899.0
2023-01-07 06:00:00+00:00,-3841.0
2023-01-07 06:15:00+00:00,-4067.0
2023-01-07 06:30:00+00:00,-4159.0
2023-01-07 06:45:00+00:00,-4015.0
2023-01-07 07:00:00+00:00,-3832.0
2023-01-07 07:15:00+00:00,-4854.0
2023-01-07 07:30:00+00:00,-3797.0
2023-01-07 07:45:00+00:00,-5540.0
2023-01-07 08:00:00+00:00,-5508.0
2023-01-07 08:15:00+00:00,-4034.0
2023-01-07 08:30:00+00:00,-3370.0
2023-01-07 08:45:00+00:00,-1841.0
2023-01-07 09:00:00+00:00,-2281.0
2023-01-07 09:15:00+00:00,-3022.0
2023-01-07 09:30:00+00:00,-4214.0
2023-01-07 09:45:00+00:00,-4880.0
2023-01-07 10:00:00+00:00,-5078.0
2023-01-07 10:15:00+00:00,-4927.0
2023-01-07 10:30:00+00:00,-5675.0
2023-01-07 10:45:00+00:00,-5580.0
2023-01-07 11:00:00+00:00,-6998.0
2023-01-07 11:15:00+00:00,-6203.0
2023-01-07 11:30:00+00:00,-5435.0
2023-01-07 11:45:00+00:00,-5251.0
2023-01-07 12:00:00+00:00,-4305.0
2023-01-07 12:15:00+00:00,-4169.0
2023-01-07 12:30:00+00:00,-4516.0
2023-01-07 12:45:00+00:00,-4659.0
2023-01-07 13:00:00+00:00,-5026.0
2023-01-07 13:15:00+00:00,-6481.0
2023-01-07 13:30:00+00:00,-5670.0
2023-01-07 13:45:00+00:00,-7469.0
2023-01-07 14:00:00+00:00,-8102.0
2023-01-07 14:15:00+00:00,-6207.0
2023-01-07 14:30:00+00:00,-5102.0
2023-01-07 14:45:00+00:00,-3452.0
2023-01-07 15:00:00+00:00,-4130.0
2023-01-07 15:15:00+00:00,-5082.0
2023-01-07 15:30:00+00:00,-6883.0
2023-01-07 15:45:00+00:00,-7943.0
2023-01-07 16:00:00+00:00,-8397.0
2023-01-07 16:15:00+00:00,-7704.0
2023-01-07 16:30:00+00:00,-7476.0
2023-01-07 16:45:00+00:00,-7133.0
2023-01-07 17:00:00+00:00,-8079.0
2023-01-07 17:15:00+00:00,-8286.0
2023-01-07 17:30:00+00:00,-7971.0
2023-01-07 17:45:00+00:00,-7472.0
2023-01-07 18:00:00+00:00,-6686.0
2023-01-07 18:15:00+00:00,-6611.0
2023-01-07 18:30:00+00:00,-6690.0
2023-01-07 18:45:00+00:00,-6467.0
2023-01-07 19:00:00+00:00,-6537.0
2023-01-07 19:15:00+00:00,-7594.0
2023-01-07 19:30:00+00:00,-8815.0
2023-01-07 19:45:00+00:00,-8668.0
2023-01-07 20:00:00+00:00,-7508.0
2023-01-07 20:15:00+00:00,-5964.0
2023-01-07 20:30:00+00:00,-5997.0
2023-01-07 20:45:00+00:00,-6596.0
2023-01-07 21:00:00+00:00,-6689.0
2023-01-07 21:15:00+00:00,-6971.0
2023-01-07 21:30:00+00:00,-7162.0
2023-01-07 21:45:00+00:00,-7568.0
2023-01-07 22:00:00+00:00,-8031.0
2023-01-07 22:15:00+00:00,-7096.0
2023-01-07 22:30:00+00:00,-7248.0
2023-01-07 22:45:00+00:00,-7201.0
2023-01-07 23:00:00+00:00,-7425.0
2023-01-07 23:15:00+00:00,-7231.0
2023-01-07 23:30:00+00:00,-5796.0
2023-01-07 23:45:00+00:00,-5120.0
2023-01-08 00:00:00+00:00,-4386.0
2023-01-08 00:15:00+00:00,-3938.0
2023-01-08 00:30:00+00:00,-3906.0
2023-01-08 00:45:00+00:00,-3811.0
2023-01-08 01:00:00+00:00,-3632.0
2023-01-08 01:15:00+00:00,-4091.0
2023-01-08 01:30:00+00:00,-5069.0
2023-01-08 01:45:00+00:00,-5250.0
2023-01-08 02:00:00+00:00,-4131.0
2023-01-08 02:15:00+00:00,-3216.0
2023-01-08 02:30:00+00:00,-3103.0
2023-01-08 02:45:00+00:00,-3092.0
2023-01-08 03:00:00+00:00,-2611.0
2023-01-08 03:15:00+00:00,-3199.0
2023-01-08 03:30:00+00:00,-5269.0
2023-01-08 03:45:00+00:00,-5969.0
2023-01-08 04:00:00+00:00,-6939.0
2023-01-08 04:15:00+00:00,-6586.0
2023-01-08 04:30:00+00:00,-6842.0
2023-01-08 04:45:00+00:00,-6729.0
2023-01-08 05:00:00+00:00,-6751.0
2023-01-08 05:15:00+00:00,-6124.0
2023-01-08 05:30:00+00:00,-5802.0
2023-01-08 05:45:00+00:00,-5333.0
2023-01-08 06:00:00+00:00,-4764.0
2023-01-08 06:15:00+00:00,-4772.0
2023-01-08 06:30:00+00:00,-4489.0
2023-01-08 06:45:00+00:00,-4477.0
2023-01-08 07:00:00+00:00,-4463.0
2023-01-08 07:15:00+00:00,-5869.0
2023-01-08 07:30:00+00:00,-6607.0
2023-01-08 07:45:00+00:00,-7574.0
2023-01-08 08:00:00+00:00,-7000.0
2023-01-08 08:15:00+00:00,-5822.0
2023-01-08 08:30:00+00:00,-5165.0
2023-01-08 08:45:00+00:00,-4321.0
2023-01-08 09:00:00+00:00,-4744.0
2023-01-08 09:15:00+00:00,-5667.0
2023-01-08 09:30:00+00:00,-5615.0
2023-01-08 09:45:00+00:00,-7144.0
2023-01-08 10:00:00+00:00,-7599.0
2023-01-08 10:15:00+00:00,-6479.0
2023-01-08 10:30:00+00:00,-5319.0
2023-01-08 10:45:00+00:00,-4732.0
2023-01-08 11:00:00+00:00,-5566.0
2023-01-08 11:15:00+00:00,-4806.0
2023-01-08 11:30:00+00:00,-3499.0
2023-01-08 11:45:00+00:00,-2218.0
2023-01-08 12:00:00+00:00,-2581.0
2023-01-08 12:15:00+00:00,-3414.0
2023-01-08 12:30:00+00:00,-4638.0
2023-01-08 12:45:00+00:00,-4435.0
2023-01-08 13:00:00+00:00,-4494.0
2023-01-08 13:15:00+00:00,-4616.0
2023-01-08 13:30:00+00:00,-4581.0
2023-01-08 13:45:00+00:00,-5921.0
2023-01-08 14:00:00+00:00,-5796.0
2023-01-08 14:15:00+00:00,-4475.0
2023-01-08 14:30:00+00:00,-3648.0
2023-01-08 14:45:00+00:00,-3899.0
2023-01-08 15:00:00+00:00,-4910.0
2023-01-08 15:15:00+00:00,-6314.0
2023-01-08 15:30:00+00:00,-7471.0
2023-01-08 15:45:00+00:00,-8136.0
2023-01-08 16:00:00+00:00,-7704.0
2023-01-08 16:15:00+00:00,-8140.0
2023-01-08 16:30:00+00:00,-7694.0
2023-01-08 16:45:00+00:00,-6587.0
2023-01-08 17:00:00+00:00,-7417.0
2023-01-08 17:15:00+00:00,-6934.0
2023-01-08 17:30:00+00:00,-6687.0
2023-01-08 17:45:00+00:00,-6435.0
2023-01-08 18:00:00+00:00,-6456.0
2023-01-08 18:15:00+00:00,-6406.0
2023-01-08 18:30:00+00:00,-5656.0
2023-01-08 18:45:00+00:00,-5612.0
2023-01-08 19:00:00+00:00,-5999.0
2023-01-08 19:15:00+00:00,-7418.0
2023-01-08 19:30:00+00:00,-7963.0
2023-01-08 19:45:00+00:00,-7854.0
2023-01-08 20:00:00+00:00,-7674.0
2023-01-08 20:15:00+00:00,-6276.0
2023-01-08 20:30:00+00:00,-6435.0
2023-01-08 20:45:00+00:00,-6276.0
2023-01-08 21:00:00+00:00,-5983.0
2023-01-08 21:15:00+00:00,-6670.0
2023-01-08 21:30:00+00:00,-7382.0
2023-01-08 21:45:00+00:00,-7639.0
2023-01-08 22:00:00+00:00,-7711.0
2023-01-08 22:15:00+00:00,-7824.0
2023-01-08 22:30:00+00:00,-8012.0
2023-01-08 22:45:00+00:00,-7272.0
2023-01-08 23:00:00+00:00,-7649.0
2023-01-08 23:15:00+00:00,-6953.0
2023-01-08 23:30:00+00:00,-5656.0
2023-01-08 23:45:00+00:00,-5928.0
2023-01-09 00:00:00+00:00,-6115.0
2023-01-09 00:15:00+00:00,-5855.0
2023-01-09 00:30:00+00:00,-5682.0
2023-01-09 00:45:00+00:00,-5975.0
2023-01-09 01:00:00+00:00,-6076.0
2023-01-09 01:15:00+00:00,-7519.0
2023-01-09 01:30:00+00:00,-8071.0
2023-01-09 01:45:00+00:00,-8426.0
2023-01-09 02:00:00+00:00,-8497.0
2023-01-09 02:15:00+00:00,-7390.0
2023-01-09 02:30:00+00:00,-6754.0
2023-01-09 02:45:00+00:00,-6239.0
2023-01-09 03:00:00+00:00,-6634.0
2023-01-09 03:15:00+00:00,-6826.0
2023-01-09 03:30:00+00:00,-7483.0
2023-01-09 03:45:00+00:00,-8749.0
2023-01-09 04:00:00+00:00,-8764.0
2023-01-09 04:15:00+00:00,-8431.0
2023-01-09 04:30:00+00:00,-8873.0
2023-01-09 04:45:00+00:00,-8643.0
2023-01-09 05:00:00+00:00,-8617.0
2023-01-09 05:15:00+00:00,-7873.0
2023-01-09 05:30:00+00:00,-7273.0
2023-01-09 05:45:00+00:00,-6697.0
2023-01-09 06:00:00+00:00,-6466.0
2023-01-09 06:15:00+00:00,-6440.0
2023-01-09 06:30:00+00:00,-6206.0
2023-01-09 06:45:00+00:00,-6434.0
2023-01-09 07:00:00+00:00,-6776.0
2023-01-09 07:15:00+00:00,-7524.0
2023-01-09 07:30:00+00:00,-8177.0
2023-01-09 07:45:00+00:00,-8240.0
2023-01-09 08:00:00+00:00,-8074.0
2023-01-09 08:15:00+00:00,-7965.0
2023-01-09 08:30:00+00:00,-7257.0
2023-01-09 08:45:00+00:00,-7047.0
2023-01-09 09:00:00+00:00,-7338.0
2023-01-09 09:15:00+00:00,-7535.0
2023-01-09 09:30:00+00:00,-8187.0
2023-01-09 09:45:00+00:00,-8765.0
2023-01-09 10:00:00+00:00,-8532.0
2023-01-09 10:15:00+00:00,-8403.0
2023-01-09 10:30:00+00:00,-8712.0
2023-01-09 10:45:00+00:00,-6936.0
2023-01-09 11:00:00+00:00,-7829.0
2023-01-09 11:15:00+00:00,-6976.0
2023-01-09 11:30:00+00:00,-6423.0
2023-01-09 11:45:00+00:00,-4785.0
2023-01-09 12:00:00+00:00,-5473.0
2023-01-09 12:15:00+00:00,-5051.0
2023-01-09 12:30:00+00:00,-5294.0
2023-01-09 12:45:00+00:00,-5475.0
2023-01-09 13:00:00+00:00,-5422.0
2023-01-09 13:15:00+00:00,-6144.0
2023-01-09 13:30:00+00:00,-7612.0
2023-01-09 13:45:00+00:00,-7736.0
2023-01-09 14:00:00+00:00,-6764.0
2023-01-09 14:15:00+00:00,-5066.0
2023-01-09 14:30:00+00:00,-3450.0
2023-01-09 14:45:00+00:00,-2732.0
2023-01-09 15:00:00+00:00,-2979.0
2023-01-09 15:15:00+00:00,-3042.0
2023-01-09 15:30:00+00:00,-4544.0
2023-01-09 15:45:00+00:00,-4546.0
2023-01-09 16:00:00+00:00,-5406.0
2023-01-09 16:15:00+00:00,-6843.0
2023-01-09 16:30:00+00:00,-7326.0
2023-01-09 16:45:00+00:00,-6681.0
2023-01-09 17:00:00+00:00,-6157.0
2023-01-09 17:15:00+00:00,-5837.0
2023-01-09 17:30:00+00:00,-4890.0
2023-01-09 17:45:00+00:00,-4163.0
2023-01-09 18:00:00+00:00,-3590.0
2023-01-09 18:15:00+00:00,-3640.0
2023-01-09 18:30:00+00:00,-3466.0
2023-01-09 18:45:00+00:00,-3648.0
2023-01-09 19:00:00+00:00,-3491.0
2023-01-09 19:15:00+00:00,-4121.0
2023-01-09 19:30:00+00:00,-4301.0
2023-01-09 19:45:00+00:00,-4423.0
2023-01-09 20:00:00+00:00,-4349.0
2023-01-09 20:15:00+00:00,-3711.0
2023-01-09 20:30:00+00:00,-3952.0
2023-01-09 20:45:00+00:00,-3774.0
2023-01-09 21:00:00+00:00,-3336.0
2023-01-09 21:15:00+00:00,-4089.0
2023-01-09 21:30:00+00:00,-4210.0
2023-01-09 21:45:00+00:00,-5097.0
2023-01-09 22:00:00+00:00,-5822.0
2023-01-09 22:15:00+00:00,-6645.0
2023-01-09 22:30:00+00:00,-7108.0
2023-01-09 22:45:00+00:00,-7653.0
2023-01-09 23:00:00+00:00,-6616.0
2023-01-09 23:15:00+00:00,-5346.0
2023-01-09 23:30:00+00:00,-3928.0
2023-01-09 23:45:00+00:00,-3845.0
2023-01-10 00:00:00+00:00,-3785.0
2023-01-10 00:15:00+00:00,-3793.0
2023-01-10 00:30:00+00:00,-3486.0
2023-01-10 00:45:00+00:00,-3226.0
2023-01-10 01:00:00+00:00,-3259.0
2023-01-10 01:15:00+00:00,-3243.0
2023-01-10 01:30:00+00:00,-3729.0
2023-01-10 01:45:00+00:00,-4720.0
2023-01-10 02:00:00+00:00,-5058.0
2023-01-10 02:15:00+00:00,-4477.0
2023-01-10 02:30:00+00:00,-4699.0
2023-01-10 02:45:00+00:00,-4390.0
2023-01-10 03:00:00+00:00,-4728.0
2023-01-10 03:15:00+00:00,-5117.0
2023-01-10 03:30:00+00:00,-5169.0
2023-01-10 03:45:00+00:00,-5602.0
2023-01-10 04:00:00+00:00,-5717.0
2023-01-10 04:15:00+00:00,-5509.0
2023-01-10 04:30:00+00:00,-6440.0
2023-01-10 04:45:00+00:00,-5025.0
2023-01-10 05:00:00+00:00,-6379.0
2023-01-10 05:15:00+00:00,-5125.0
2023-01-10 05:30:00+00:00,-5321.0
2023-01-10 05:45:00+00:00,-5834.0
2023-01-10 06:00:00+00:00,-5129.0
2023-01-10 06:15:00+00:00,-4743.0
2023-01-10 06:30:00+00:00,-4701.0
2023-01-10 06:45:00+00:00,-4756.0
2023-01-10 07:00:00+00:00,-5190.0
2023-01-10 07:15:00+00:00,-4530.0
2023-01-10 07:30:00+00:00,-4613.0
2023-01-10 07:45:00+00:00,-4961.0
2023-01-10 08:00:00+00:00,-4665.0
2023-01-10 08:15:00+00:00,-4266.0
2023-01-10 08:30:00+00:00,-4995.0
2023-01-10 08:45:00+00:00,-5319.0
2023-01-10 09:00:00+00:00,-5551.0
2023-01-10 09:15:00+00:00,-5533.0
2023-01-10 09:30:00+00:00,-4595.0
2023-01-10 09:45:00+00:00,-5457.0
2023-01-10 10:00:00+00:00,-5480.0
2023-01-10 10:15:00+00:00,-4603.0
2023-01-10 10:30:00+00:00,-4942.0
2023-01-10 10:45:00+00:00,-5723.0
2023-01-10 11:00:00+00:00,-6058.0
2023-01-10 11:15:00+00:00,-5795.0
2023-01-10 11:30:00+00:00,-5467.0
2023-01-10 11:45:00+00:00,-5908.0
2023-01-10 12:00:00+00:00,-6127.0
2023-01-10 12:15:00+00:00,-6291.0
2023-01-10 12:30:00+00:00,-6316.0
2023-01-10 12:45:00+00:00,-6630.0
2023-01-10 13:00:00+00:00,-6445.0
2023-01-10 13:15:00+00:00,-6387.0
2023-01-10 13:30:00+00:00,-5792.0
2023-01-10 13:45:00+00:00,-7558.0
2023-01-10 14:00:00+00:00,-7816.0
2023-01-10 14:15:00+00:00,-7108.0
2023-01-10 14:30:00+00:00,-7707.0
2023-01-10 14:45:00+00:00,-6819.0
2023-01-10 15:00:00+00:00,-6986.0
2023-01-10 15:15:00+00:00,-6863.0
2023-01-10 15:30:00+00:00,-8295.0
2023-01-10 15:45:00+00:00,-8454.0
2023-01-10 16:00:00+00:00,-8005.0
2023-01-10 16:15:00+00:00,-6149.0
2023-01-10 16:30:00+00:00,-7140.0
2023-01-10 16:45:00+00:00,-5994.0
2023-01-10 17:00:00+00:00,-6812.0
2023-01-10 17:15:00+00:00,-6218.0
2023-01-10 17:30:00+00:00,-6219.0
2023-01-10 17:45:00+00:00,-3378.0
2023-01-10 18:00:00+00:00,-3128.0
2023-01-10 18:15:00+00:00,-2887.0
2023-01-10 18:30:00+00:00,-4723.0
2023-01-10 18:45:00+00:00,-5732.0
2023-01-10 19:00:00+00:00,-4396.0
2023-01-10 19:15:00+00:00,-5089.0
2023-01-10 19:30:00+00:00,-4972.0
2023-01-10 19:45:00+00:00,-6544.0
2023-01-10 20:00:00+00:00,-6356.0
2023-01-10 20:15:00+00:00,-6459.0
2023-01-10 20:30:00+00:00,-6249.0
2023-01-10 20:45:00+00:00,-5927.0
2023-01-10 21:00:00+00:00,-6454.0
2023-01-10 21:15:00+00:00,-7080.0
2023-01-10 21:30:00+00:00,-7812.0
2023-01-10 21:45:00+00:00,-8344.0
2023-01-10 22:00:00+00:00,-8687.0
2023-01-10 22:15:00+00:00,-6271.0
2023-01-10 22:30:00+00:00,-5905.0
2023-01-10 22:45:00+00:00,-5703.0
2023-01-10 23:00:00+00:00,-5349.0
2023-01-10 23:15:00+00:00,-4354.0
2023-01-10 23:30:00+00:00,-3561.0
2023-01-10 23:45:00+00:00,-4633.0
2023-01-11 00:00:00+00:00,-3614.0
2023-01-11 00:15:00+00:00,-3992.0
2023-01-11 00:30:00+00:00,-4905.0
2023-01-11 00:45:00+00:00,-5572.0
2023-01-11 01:00:00+00:00,-6062.0
2023-01-11 01:15:00+00:00,-6512.0
2023-01-11 01:30:00+00:00,-7583.0
2023-01-11 01:45:00+00:00,-7666.0
2023-01-11 02:00:00+00:00,-6913.0
2023-01-11 02:15:00+00:00,-6284.0
2023-01-11 02:30:00+00:00,-6052.0
2023-01-11 02:45:00+00:00,-5423.0
2023-01-11 03:00:00+00:00,-5992.0
2023-01-11 03:15:00+00:00,-6544.0
2023-01-11 03:30:00+00:00,-8104.0
2023-01-11 03:45:00+00:00,-8824.0
2023-01-11 04:00:00+00:00,-8741.0
2023-01-11 04:15:00+00:00,-8191.0
2023-01-11 04:30:00+00:00,-8009.0
2023-01-11 04:45:00+00:00,-7986.0
2023-01-11 05:00:00+00:00,-8357.0
2023-01-11 05:15:00+00:00,-7721.0
2023-01-11 05:30:00+00:00,-5714.0
2023-01-11 05:45:00+00:00,-6057.0
2023-01-11 06:00:00+00:00,-6676.0
2023-01-11 06:15:00+00:00,-6475.0
2023-01-11 06:30:00+00:00,-5751.0
2023-01-11 06:45:00+00:00,-5596.0
2023-01-11 07:00:00+00:00,-6029.0
2023-01-11 07:15:00+00:00,-6525.0
2023-01-11 07:30:00+00:00,-7662.0
2023-01-11 07:45:00+00:00,-7068.0
2023-01-11 08:00:00+00:00,-6515.0
2023-01-11 08:15:00+00:00,-5580.0
2023-01-11 08:30:00+00:00,-5599.0
2023-01-11 08:45:00+00:00,-4776.0
2023-01-11 09:00:00+00:00,-4807.0
2023-01-11 09:15:00+00:00,-5656.0
2023-01-11 09:30:00+00:00,-6981.0
2023-01-11 09:45:00+00:00,-7099.0
2023-01-11 10:00:00+00:00,-6989.0
2023-01-11 10:15:00+00:00,-7429.0
2023-01-11 10:30:00+00:00,-7247.0
2023-01-11 10:45:00+00:00,-7195.0
2023-01-11 11:00:00+00:00,-7463.0
2023-01-11 11:15:00+00:00,-7031.0
2023-01-11 11:30:00+00:00,-6307.0
2023-01-11 11:45:00+00:00,-6856.0
2023-01-11 12:00:00+00:00,-6630.0
2023-01-11 12:15:00+00:00,-6039.0
2023-01-11 12:30:00+00:00,-5408.0
2023-01-11 12:45:00+00:00,-5389.0
2023-01-11 13:00:00+00:00,-5589.0
2023-01-11 13:15:00+00:00,-6146.0
2023-01-11 13:30:00+00:00,-5749.0
2023-01-11 13:45:00+00:00,-4767.0
2023-01-11 14:00:00+00:00,-3935.0
2023-01-11 14:15:00+00:00,-3419.0
2023-01-11 14:30:00+00:00,-2696.0
2023-01-11 14:45:00+00:00,-3246.0
2023-01-11 15:00:00+00:00,-1863.0
2023-01-11 15:15:00+00:00,-2435.0
2023-01-11 15:30:00+00:00,-3405.0
2023-01-11 15:45:00+00:00,-5264.0
2023-01-11 16:00:00+00:00,-6359.0
2023-01-11 16:15:00+00:00,-7423.0
2023-01-11 16:30:00+00:00,-7801.0
2023-01-11 16:45:00+00:00,-7733.0
2023-01-11 17:00:00+00:00,-6973.0
2023-01-11 17:15:00+00:00,-6659.0
2023-01-11 17:30:00+00:00,-6068.0
2023-01-11 17:45:00+00:00,-5649.0
2023-01-11 18:00:00+00:00,-4886.0
2023-01-11 18:15:00+00:00,-4234.0
2023-01-11 18:30:00+00:00,-4229.0
2023-01-11 18:45:00+00:00,-4530.0
2023-01-11 19:00:00+00:00,-5904.0
2023-01-11 19:15:00+00:00,-5389.0
2023-01-11 19:30:00+00:00,-5261.0
2023-01-11 19:45:00+00:00,-5346.0
2023-01-11 20:00:00+00:00,-5372.0
2023-01-11 20:15:00+00:00,-4189.0
2023-01-11 20:30:00+00:00,-5550.0
2023-01-11 20:45:00+00:00,-5563.0
2023-01-11 21:00:00+00:00,-5902.0
2023-01-11 21:15:00+00:00,-7031.0
2023-01-11 21:30:00+00:00,-7381.0
2023-01-11 21:45:00+00:00,-7457.0
2023-01-11 22:00:00+00:00,-7960.0
2023-01-11 22:15:00+00:00,-7196.0
2023-01-11 22:30:00+00:00,-7783.0
2023-01-11 22:45:00+00:00,-6135.0
2023-01-11 23:00:00+00:00,-7109.0
2023-01-11 23:15:00+00:00,-7689.0
2023-01-11 23:30:00+00:00,-7329.0
2023-01-11 23:45:00+00:00,-6556.0
2023-01-12 00:00:00+00:00,-5808.0
2023-01-12 00:15:00+00:00,-5322.0
2023-01-12 00:30:00+00:00,-5732.0
2023-01-12 00:45:00+00:00,-5559.0
2023-01-12 01:00:00+00:00,-5830.0
2023-01-12 01:15:00+00:00,-5975.0
2023-01-12 01:30:00+00:00,-6665.0
2023-01-12 01:45:00+00:00,-5858.0
2023-01-12 02:00:00+00:00,-6264.0
2023-01-12 02:15:00+00:00,-5317.0
2023-01-12 02:30:00+00:00,-7036.0
2023-01-12 02:45:00+00:00,-6135.0
2023-01-12 03:00:00+00:00,-6279.0
2023-01-12 03:15:00+00:00,-7358.0
2023-01-12 03:30:00+00:00,-6896.0
2023-01-12 03:45:00+00:00,-7710.0
2023-01-12 04:00:00+00:00,-7430.0
2023-01-12 04:15:00+00:00,-7465.0
2023-01-12 04:30:00+00:00,-7606.0
2023-01-12 04:45:00+00:00,-6392.0
2023-01-12 05:00:00+00:00,-7121.0
2023-01-12 05:15:00+00:00,-6901.0
2023-01-12 05:30:00+00:00,-6850.0
2023-01-12 05:45:00+00:00,-6159.0
2023-01-12 06:00:00+00:00,-6065.0
2023-01-12 06:15:00+00:00,-5778.0
2023-01-12 06:30:00+00:00,-5493.0
2023-01-12 06:45:00+00:00,-5861.0
2023-01-12 07:00:00+00:00,-6303.0
2023-01-12 07:15:00+00:00,-5741.0
2023-01-12 07:30:00+00:00,-6627.0
2023-01-12 07:45:00+00:00,-7152.0
2023-01-12 08:00:00+00:00,-7352.0
2023-01-12 08:15:00+00:00,-6016.0
2023-01-12 08:30:00+00:00,-6788.0
2023-01-12 08:45:00+00:00,-6127.0
2023-01-12 09:00:00+00:00,-6393.0
2023-01-12 09:15:00+00:00,-6915.0
2023-01-12 09:30:00+00:00,-7279.0
2023-01-12 09:45:00+00:00,-8498.0
2023-01-12 10:00:00+00:00,-8962.0
2023-01-12 10:15:00+00:00,-8719.0
2023-01-12 10:30:00+00:00,-9061.0
2023-01-12 10:45:00+00:00,-9117.0
2023-01-12 11:00:00+00:00,-8795.0
2023-01-12 11:15:00+00:00,-7789.0
2023-01-12 11:30:00+00:00,-7222.0
2023-01-12 11:45:00+00:00,-7074.0
2023-01-12 12:00:00+00:00,-6918.0
2023-01-12 12:15:00+00:00,-6739.0
2023-01-12 12:30:00+00:00,-6564.0
2023-01-12 12:45:00+00:00,-6673.0
2023-01-12 13:00:00+00:00,-5763.0
2023-01-12 13:15:00+00:00,-6597.0
2023-01-12 13:30:00+00:00,-7606.0
2023-01-12 13:45:00+00:00,-7310.0
2023-01-12 14:00:00+00:00,-7941.0
2023-01-12 14:15:00+00:00,-7287.0
2023-01-12 14:30:00+00:00,-6838.0
2023-01-12 14:45:00+00:00,-6919.0
2023-01-12 15:00:00+00:00,-7423.0
2023-01-12 15:15:00+00:00,-7239.0
2023-01-12 15:30:00+00:00,-8004.0
2023-01-12 15:45:00+00:00,-8515.0
2023-01-12 16:00:00+00:00,-8724.0
2023-01-12 16:15:00+00:00,-8565.0
2023-01-12 16:30:00+00:00,-8667.0
2023-01-12 16:45:00+00:00,-7860.0
2023-01-12 17:00:00+00:00,-7503.0
2023-01-12 17:15:00+00:00,-7983.0
2023-01-12 17:30:00+00:00,-7227.0
2023-01-12 17:45:00+00:00,-7542.0
2023-01-12 18:00:00+00:00,-7188.0
2023-01-12 18:15:00+00:00,-6842.0
2023-01-12 18:30:00+00:00,-6830.0
2023-01-12 18:45:00+00:00,-7091.0
2023-01-12 19:00:00+00:00,-7397.0
2023-01-12 19:15:00+00:00,-6945.0
2023-01-12 19:30:00+00:00,-7876.0
2023-01-12 19:45:00+00:00,-8212.0
2023-01-12 20:00:00+00:00,-7908.0
2023-01-12 20:15:00+00:00,-6060.0
2023-01-12 20:30:00+00:00,-5853.0
2023-01-12 20:45:00+00:00,-5603.0
2023-01-12 21:00:00+00:00,-5654.0
2023-01-12 21:15:00+00:00,-5846.0
2023-01-12 21:30:00+00:00,-6824.0
2023-01-12 21:45:00+00:00,-7853.0
2023-01-12 22:00:00+00:00,-7434.0
2023-01-12 22:15:00+00:00,-7429.0
2023-01-12 22:30:00+00:00,-7781.0
2023-01-12 22:45:00+00:00,-7448.0
2023-01-12 23:00:00+00:00,-8119.0
2023-01-12 23:15:00+00:00,-7549.0
2023-01-12 23:30:00+00:00,-7033.0
2023-01-12 23:45:00+00:00,-7346.0
2023-01-13 00:00:00+00:00,-7472.0
2023-01-13 00:15:00+00:00,-7278.0
2023-01-13 00:30:00+00:00,-6899.0
2023-01-13 00:45:00+00:00,-6897.0
2023-01-13 01:00:00+00:00,-7042.0
2023-01-13 01:15:00+00:00,-7566.0
2023-01-13 01:30:00+00:00,-8259.0
2023-01-13 01:45:00+00:00,-7643.0
2023-01-13 02:00:00+00:00,-7980.0
2023-01-13 02:15:00+00:00,-7914.0
2023-01-13 02:30:00+00:00,-6883.0
2023-01-13 02:45:00+00:00,-5883.0
2023-01-13 03:00:00+00:00,-5175.0
2023-01-13 03:15:00+00:00,-5931.0
2023-01-13 03:30:00+00:00,-6905.0
2023-01-13 03:45:00+00:00,-8144.0
2023-01-13 04:00:00+00:00,-8349.0
2023-01-13 04:15:00+00:00,-8248.0
2023-01-13 04:30:00+00:00,-8045.0
2023-01-13 04:45:00+00:00,-8289.0
2023-01-13 05:00:00+00:00,-8277.0
2023-01-13 05:15:00+00:00,-7794.0
2023-01-13 05:30:00+00:00,-7264.0
2023-01-13 05:45:00+00:00,-6718.0
2023-01-13 06:00:00+00:00,-5981.0
2023-01-13 06:15:00+00:00,-5505.0
2023-01-13 06:30:00+00:00,-5173.0
2023-01-13 06:45:00+00:00,-5378.0
2023-01-13 07:00:00+00:00,-5206.0
2023-01-13 07:15:00+00:00,-6149.0
2023-01-13 07:30:00+00:00,-6046.0
2023-01-13 07:45:00+00:00,-5575.0
2023-01-13 08:00:00+00:00,-5216.0
2023-01-13 08:15:00+00:00,-5009.0
2023-01-13 08:30:00+00:00,-4906.0
2023-01-13 08:45:00+00:00,-4417.0
2023-01-13 09:00:00+00:00,-3510.0
2023-01-13 09:15:00+00:00,-4035.0
2023-01-13 09:30:00+00:00,-5023.0
2023-01-13 09:45:00+00:00,-7422.0
2023-01-13 10:00:00+00:00,-7982.0
2023-01-13 10:15:00+00:00,-7879.0
2023-01-13 10:30:00+00:00,-7718.0
2023-01-13 10:45:00+00:00,-7933.0
2023-01-13 11:00:00+00:00,-7713.0
2023-01-13 11:15:00+00:00,-7667.0
2023-01-13 11:30:00+00:00,-7499.0
2023-01-13 11:45:00+00:00,-6863.0
2023-01-13 12:00:00+00:00,-6144.0
2023-01-13 12:15:00+00:00,-5730.0
2023-01-13 12:30:00+00:00,-5714.0
2023-01-13 12:45:00+00:00,-5867.0
2023-01-13 13:00:00+00:00,-6808.0
2023-01-13 13:15:00+00:00,-7516.0
2023-01-13 13:30:00+00:00,-6785.0
2023-01-13 13:45:00+00:00,-6937.0
2023-01-13 14:00:00+00:00,-6835.0
2023-01-13 14:15:00+00:00,-6354.0
2023-01-13 14:30:00+00:00,-6423.0
2023-01-13 14:45:00+00:00,-6751.0
2023-01-13 15:00:00+00:00,-7032.0
2023-01-13 15:15:00+00:00,-6899.0
2023-01-13 15:30:00+00:00,-7232.0
2023-01-13 15:45:00+00:00,-7217.0
2023-01-13 16:00:00+00:00,-6776.0
2023-01-13 16:15:00+00:00,-6736.0
2023-01-13 16:30:00+00:00,-6462.0
2023-01-13 16:45:00+00:00,-6509.0
2023-01-13 17:00:00+00:00,-6004.0
2023-01-13 17:15:00+00:00,-5914.0
2023-01-13 17:30:00+00:00,-5895.0
2023-01-13 17:45:00+00:00,-4737.0
2023-01-13 18:00:00+00:00,-5299.0
2023-01-13 18:15:00+00:00,-4785.0
2023-01-13 18:30:00+00:00,-5095.0
2023-01-13 18:45:00+00:00,-4999.0
2023-01-13 19:00:00+00:00,-4801.0
2023-01-13 19:15:00+00:00,-5565.0
2023-01-13 19:30:00+00:00,-5830.0
2023-01-13 19:45:00+00:00,-6002.0
2023-01-13 20:00:00+00:00,-6111.0
2023-01-13 20:15:00+00:00,-5995.0
2023-01-13 20:30:00+00:00,-5751.0
2023-01-13 20:45:00+00:00,-4422.0
2023-01-13 21:00:00+00:00,-5135.0
2023-01-13 21:15:00+00:00,-5711.0
2023-01-13 21:30:00+00:00,-5609.0
2023-01-13 21:45:00+00:00,-5792.0
2023-01-13 22:00:00+00:00,-5618.0
2023-01-13 22:15:00+00:00,-4936.0
2023-01-13 22:30:00+00:00,-5859.0
2023-01-13 22:45:00+00:00,-5627.0
2023-01-13 23:00:00+00:00,-5733.0
2023-01-13 23:15:00+00:00,-5120.0
2023-01-13 23:30:00+00:00,-5590.0
2023-01-13 23:45:00+00:00,-6527.0
2023-01-14 00:00:00+00:00,-6345.0
2023-01-14 00:15:00+00:00,-6266.0
2023-01-14 00:30:00+00:00,-5565.0
2023-01-14 00:45:00+00:00,-6071.0
2023-01-14 01:00:00+00:00,-5590.0
2023-01-14 01:15:00+00:00,-5234.0
2023-01-14 01:30:00+00:00,-6407.0
2023-01-14 01:45:00+00:00,-6317.0
2023-01-14 02:00:00+00:00,-5759.0
2023-01-14 02:15:00+00:00,-5364.0
2023-01-14 02:30:00+00:00,-5773.0
2023-01-14 02:45:00+00:00,-5024.0
2023-01-14 03:00:00+00:00,-5427.0
2023-01-14 03:15:00+00:00,-5595.0
2023-01-14 03:30:00+00:00,-6066.0
2023-01-14 03:45:00+00:00,-5970.0
2023-01-14 04:00:00+00:00,-5822.0
2023-01-14 04:15:00+00:00,-5311.0
2023-01-14 04:30:00+00:00,-5903.0
2023-01-14 04:45:00+00:00,-5727.0
2023-01-14 05:00:00+00:00,-5799.0
2023-01-14 05:15:00+00:00,-5996.0
2023-01-14 05:30:00+00:00,-5492.0
2023-01-14 05:45:00+00:00,-6092.0
2023-01-14 06:00:00+00:00,-6113.0
2023-01-14 06:15:00+00:00,-6114.0
2023-01-14 06:30:00+00:00,-6504.0
2023-01-14 06:45:00+00:00,-6488.0
2023-01-14 07:00:00+00:00,-6335.0
2023-01-14 07:15:00+00:00,-5736.0
2023-01-14 07:30:00+00:00,-6736.0
2023-01-14 07:45:00+00:00,-6539.0
2023-01-14 08:00:00+00:00,-5826.0
2023-01-14 08:15:00+00:00,-5582.0
2023-01-14 08:30:00+00:00,-5130.0
2023-01-14 08:45:00+00:00,-4659.0
2023-01-14 09:00:00+00:00,-4631.0
2023-01-14 09:15:00+00:00,-5929.0
2023-01-14 09:30:00+00:00,-6924.0
2023-01-14 09:45:00+00:00,-7062.0
2023-01-14 10:00:00+00:00,-7226.0
2023-01-14 10:15:00+00:00,-6546.0
2023-01-14 10:30:00+00:00,-6337.0
2023-01-14 10:45:00+00:00,-6414.0
2023-01-14 11:00:00+00:00,-6144.0
2023-01-14 11:15:00+00:00,-5780.0
2023-01-14 11:30:00+00:00,-5750.0
2023-01-14 11:45:00+00:00,-5740.0
2023-01-14 12:00:00+00:00,-5809.0
2023-01-14 12:15:00+00:00,-5770.0
2023-01-14 12:30:00+00:00,-6501.0
2023-01-14 12:45:00+00:00,-6496.0
2023-01-14 13:00:00+00:00,-6394.0
2023-01-14 13:15:00+00:00,-6486.0
2023-01-14 13:30:00+00:00,-6736.0
2023-01-14 13:45:00+00:00,-6533.0
2023-01-14 14:00:00+00:00,-7246.0
2023-01-14 14:15:00+00:00,-6707.0
2023-01-14 14:30:00+00:00,-6441.0
2023-01-14 14:45:00+00:00,-5114.0
2023-01-14 15:00:00+00:00,-6612.0
2023-01-14 15:15:00+00:00,-7390.0
2023-01-14 15:30:00+00:00,-7548.0
2023-01-14 15:45:00+00:00,-7675.0
2023-01-14 16:00:00+00:00,-7374.0
2023-01-14 16:15:00+00:00,-6728.0
2023-01-14 16:30:00+00:00,-6437.0
2023-01-14 16:45:00+00:00,-5887.0
2023-01-14 17:00:00+00:00,-5123.0
2023-01-14 17:15:00+00:00,-3924.0
2023-01-14 17:30:00+00:00,-3722.0
2023-01-14 17:45:00+00:00,-4570.0
2023-01-14 18:00:00+00:00,-4498.0
2023-01-14 18:15:00+00:00,-4861.0
2023-01-14 18:30:00+00:00,-4569.0
2023-01-14 18:45:00+00:00,-4349.0
2023-01-14 19:00:00+00:00,-4802.0
2023-01-14 19:15:00+00:00,-5198.0
2023-01-14 19:30:00+00:00,-5467.0
2023-01-14 19:45:00+00:00,-5038.0
2023-01-14 20:00:00+00:00,-4391.0
2023-01-14 20:15:00+00:00,-4181.0
2023-01-14 20:30:00+00:00,-4875.0
2023-01-14 20:45:00+00:00,-4230.0
2023-01-14 21:00:00+00:00,-4586.0
2023-01-14 21:15:00+00:00,-5323.0
2023-01-14 21:30:00+00:00,-5491.0
2023-01-14 21:45:00+00:00,-6144.0
2023-01-14 22:00:00+00:00,-6545.0
2023-01-14 22:15:00+00:00,-6325.0
2023-01-14 22:30:00+00:00,-6086.0
2023-01-14 22:45:00+00:00,-5999.0
2023-01-14 23:00:00+00:00,-5957.0
2023-01-14 23:15:00+00:00,-6033.0
2023-01-14 23:30:00+00:00,-5424.0
2023-01-14 23:45:00+00:00,-5609.0
2023-01-15 00:00:00+00:00,-4940.0
2023-01-15 00:15:00+00:00,-4770.0
2023-01-15 00:30:00+00:00,-4324.0
2023-01-15 00:45:00+00:00,-4443.0
2023-01-15 01:00:00+00:00,-4106.0
2023-01-15 01:15:00+00:00,-4522.0
2023-01-15 01:30:00+00:00,-4635.0
2023-01-15 01:45:00+00:00,-5494.0
2023-01-15 02:00:00+00:00,-6018.0
2023-01-15 02:15:00+00:00,-5869.0
2023-01-15 02:30:00+00:00,-5810.0
2023-01-15 02:45:00+00:00,-5598.0
2023-01-15 03:00:00+00:00,-5316.0
2023-01-15 03:15:00+00:00,-5556.0
2023-01-15 03:30:00+00:00,-6229.0
2023-01-15 03:45:00+00:00,-6373.0
2023-01-15 04:00:00+00:00,-6491.0
2023-01-15 04:15:00+00:00,-5740.0
2023-01-15 04:30:00+00:00,-5465.0
2023-01-15 04:45:00+00:00,-5649.0
2023-01-15 05:00:00+00:00,-6399.0
2023-01-15 05:15:00+00:00,-6355.0
2023-01-15 05:30:00+00:00,-6188.0
2023-01-15 05:45:00+00:00,-5531.0
2023-01-15 06:00:00+00:00,-5616.0
2023-01-15 06:15:00+00:00,-5554.0
2023-01-15 06:30:00+00:00,-5674.0
2023-01-15 06:45:00+00:00,-5108.0
2023-01-15 07:00:00+00:00,-5143.0
2023-01-15 07:15:00+00:00,-5803.0
2023-01-15 07:30:00+00:00,-5626.0
2023-01-15 07:45:00+00:00,-6393.0
2023-01-15 08:00:00+00:00,-6285.0
2023-01-15 08:15:00+00:00,-5773.0
2023-01-15 08:30:00+00:00,-5758.0
2023-01-15 08:45:00+00:00,-5802.0
2023-01-15 09:00:00+00:00,-6964.0
2023-01-15 09:15:00+00:00,-6868.0
2023-01-15 09:30:00+00:00,-6707.0
2023-01-15 09:45:00+00:00,-7153.0
2023-01-15 10:00:00+00:00,-6917.0
2023-01-15 10:15:00+00:00,-6554.0
2023-01-15 10:30:00+00:00,-5989.0
2023-01-15 10:45:00+00:00,-5512.0
2023-01-15 11:00:00+00:00,-5334.0
2023-01-15 11:15:00+00:00,-4793.0
2023-01-15 11:30:00+00:00,-4450.0
2023-01-15 11:45:00+00:00,-4782.0
2023-01-15 12:00:00+00:00,-4868.0
2023-01-15 12:15:00+00:00,-4299.0
2023-01-15 12:30:00+00:00,-4737.0
2023-01-15 12:45:00+00:00,-4657.0
2023-01-15 13:00:00+00:00,-4768.0
2023-01-15 13:15:00+00:00,-3431.0
2023-01-15 13:30:00+00:00,-4562.0
2023-01-15 13:45:00+00:00,-4852.0
2023-01-15 14:00:00+00:00,-5375.0
2023-01-15 14:15:00+00:00,-5061.0
2023-01-15 14:30:00+00:00,-4645.0
2023-01-15 14:45:00+00:00,-4287.0
2023-01-15 15:00:00+00:00,-5079.0
2023-01-15 15:15:00+00:00,-5014.0
2023-01-15 15:30:00+00:00,-5892.0
2023-01-15 15:45:00+00:00,-5540.0
2023-01-15 16:00:00+00:00,-4942.0
2023-01-15 16:15:00+00:00,-4763.0
2023-01-15 16:30:00+00:00,-4953.0
2023-01-15 16:45:00+00:00,-4042.0
2023-01-15 17:00:00+00:00,-4193.0
2023-01-15 17:15:00+00:00,-4670.0
2023-01-15 17:30:00+00:00,-3945.0
2023-01-15 17:45:00+00:00,-4469.0
2023-01-15 18:00:00+00:00,-3980.0
2023-01-15 18:15:00+00:00,-3670.0
2023-01-15 18:30:00+00:00,-3490.0
2023-01-15 18:45:00+00:00,-3488.0
2023-01-15 19:00:00+00:00,-3490.0
2023-01-15 19:15:00+00:00,-3785.0
2023-01-15 19:30:00+00:00,-4289.0
2023-01-15 19:45:00+00:00,-4896.0
2023-01-15 20:00:00+00:00,-5010.0
2023-01-15 20:15:00+00:00,-5242.0
2023-01-15 20:30:00+00:00,-5733.0
2023-01-15 20:45:00+00:00,-5899.0
2023-01-15 21:00:00+00:00,-6011.0
2023-01-15 21:15:00+00:00,-6062.0
2023-01-15 21:30:00+00:00,-5447.0
2023-01-15 21:45:00+00:00,-5341.0
2023-01-15 22:00:00+00:00,-5061.0
2023-01-15 22:15:00+00:00,-4983.0
2023-01-15 22:30:00+00:00,-4977.0
2023-01-15 22:45:00+00:00,-4864.0
2023-01-15 23:00:00+00:00,-4599.0
2023-01-15 23:15:00+00:00,-3998.0
2023-01-15 23:30:00+00:00,-3577.0
2023-01-15 23:45:00+00:00,-3127.0
2023-01-16 00:00:00+00:00,-3252.0
2023-01-16 00:15:00+00:00,-2890.0
2023-01-16 00:30:00+00:00,-3523.0
2023-01-16 00:45:00+00:00,-3765.0
2023-01-16 01:00:00+00:00,-3598.0
2023-01-16 01:15:00+00:00,-3684.0
2023-01-16 01:30:00+00:00,-4111.0
2023-01-16 01:45:00+00:00,-3970.0
2023-01-16 02:00:00+00:00,-5147.0
2023-01-16 02:15:00+00:00,-5331.0
2023-01-16 02:30:00+00:00,-5009.0
2023-01-16 02:45:00+00:00,-4423.0
2023-01-16 03:00:00+00:00,-4721.0
2023-01-16 03:15:00+00:00,-4862.0
2023-01-16 03:30:00+00:00,-4732.0
2023-01-16 03:45:00+00:00,-5061.0
2023-01-16 04:00:00+00:00,-5479.0
2023-01-16 04:15:00+00:00,-5201.0
2023-01-16 04:30:00+00:00,-4872.0
2023-01-16 04:45:00+00:00,-4385.0
2023-01-16 05:00:00+00:00,-4726.0
2023-01-16 05:15:00+00:00,-2402.0
2023-01-16 05:30:00+00:00,-2072.0
2023-01-16 05:45:00+00:00,-3588.0
2023-01-16 06:00:00+00:00,-3740.0
2023-01-16 06:15:00+00:00,-3003.0
2023-01-16 06:30:00+00:00,-4256.0
2023-01-16 06:45:00+00:00,-4381.0
2023-01-16 07:00:00+00:00,-4637.0
2023-01-16 07:15:00+00:00,-4193.0
2023-01-16 07:30:00+00:00,-4477.0
2023-01-16 07:45:00+00:00,-4451.0
2023-01-16 08:00:00+00:00,-4453.0
2023-01-16 08:15:00+00:00,-3951.0
2023-01-16 08:30:00+00:00,-3208.0
2023-01-16 08:45:00+00:00,-3212.0
2023-01-16 09:00:00+00:00,-4442.0
2023-01-16 09:15:00+00:00,-4553.0
2023-01-16 09:30:00+00:00,-4909.0
2023-01-16 09:45:00+00:00,-4836.0
2023-01-16 10:00:00+00:00,-4919.0
2023-01-16 10:15:00+00:00,-3789.0
2023-01-16 10:30:00+00:00,-3837.0
2023-01-16 10:45:00+00:00,-3889.0
2023-01-16 11:00:00+00:00,-4118.0
2023-01-16 11:15:00+00:00,-2766.0
2023-01-16 11:30:00+00:00,-3078.0
2023-01-16 11:45:00+00:00,-4963.0
2023-01-16 12:00:00+00:00,-4677.0
2023-01-16 12:15:00+00:00,-3710.0
2023-01-16 12:30:00+00:00,-3864.0
2023-01-16 12:45:00+00:00,-4035.0
2023-01-16 13:00:00+00:00,-4677.0
2023-01-16 13:15:00+00:00,-5026.0
2023-01-16 13:30:00+00:00,-5407.0
2023-01-16 13:45:00+00:00,-4870.0
2023-01-16 14:00:00+00:00,-4371.0
2023-01-16 14:15:00+00:00,-3890.0
2023-01-16 14:30:00+00:00,-3389.0
2023-01-16 14:45:00+00:00,-2166.0
2023-01-16 15:00:00+00:00,-1629.0
2023-01-16 15:15:00+00:00,-2076.0
2023-01-16 15:30:00+00:00,-3701.0
2023-01-16 15:45:00+00:00,-5002.0
2023-01-16 16:00:00+00:00,-4318.0
2023-01-16 16:15:00+00:00,-4891.0
2023-01-16 16:30:00+00:00,-4699.0
2023-01-16 16:45:00+00:00,-4597.0
2023-01-16 17:00:00+00:00,-3420.0
2023-01-16 17:15:00+00:00,-1787.0
2023-01-16 17:30:00+00:00,-1460.0
2023-01-16 17:45:00+00:00,-1709.0
2023-01-16 18:00:00+00:00,-2003.0
2023-01-16 18:15:00+00:00,-1370.0
2023-01-16 18:30:00+00:00,-1074.0
2023-01-16 18:45:00+00:00,-1545.0
2023-01-16 19:00:00+00:00,-1715.0
2023-01-16 19:15:00+00:00,-2118.0
2023-01-16 19:30:00+00:00,-1857.0
2023-01-16 19:45:00+00:00,-1591.0
2023-01-16 20:00:00+00:00,-1126.0
2023-01-16 20:15:00+00:00,-1312.0
2023-01-16 20:30:00+00:00,-903.0
2023-01-16 20:45:00+00:00,-621.0
2023-01-16 21:00:00+00:00,-747.0
2023-01-16 21:15:00+00:00,-1060.0
2023-01-16 21:30:00+00:00,-1552.0
2023-01-16 21:45:00+00:00,-2340.0
2023-01-16 22:00:00+00:00,-2636.0
2023-01-16 22:15:00+00:00,-3853.0
2023-01-16 22:30:00+00:00,-4212.0
2023-01-16 22:45:00+00:00,-4360.0
2023-01-16 23:00:00+00:00,-3419.0
2023-01-16 23:15:00+00:00,-1747.0
2023-01-16 23:30:00+00:00,-1414.0
2023-01-16 23:45:00+00:00,-1234.0
2023-01-17 00:00:00+00:00,-495.0
2023-01-17 00:15:00+00:00,-157.0
2023-01-17 00:30:00+00:00,-618.0
2023-01-17 00:45:00+00:00,-980.0
2023-01-17 01:00:00+00:00,-811.0
2023-01-17 01:15:00+00:00,-1690.0
2023-01-17 01:30:00+00:00,-2427.0
2023-01-17 01:45:00+00:00,-2613.0
2023-01-17 02:00:00+00:00,-3193.0
2023-01-17 02:15:00+00:00,-3720.0
2023-01-17 02:30:00+00:00,-3512.0
2023-01-17 02:45:00+00:00,-1974.0
2023-01-17 03:00:00+00:00,-2085.0
2023-01-17 03:15:00+00:00,-3921.0
2023-01-17 03:30:00+00:00,-4071.0
2023-01-17 03:45:00+00:00,-3737.0
2023-01-17 04:00:00+00:00,-3327.0
2023-01-17 04:15:00+00:00,-3730.0
2023-01-17 04:30:00+00:00,-3501.0
2023-01-17 04:45:00+00:00,-4648.0
2023-01-17 05:00:00+00:00,-5255.0
2023-01-17 05:15:00+00:00,-4502.0
2023-01-17 05:30:00+00:00,-3589.0
2023-01-17 05:45:00+00:00,-3713.0
2023-01-17 06:00:00+00:00,-3143.0
2023-01-17 06:15:00+00:00,-2567.0
2023-01-17 06:30:00+00:00,-2423.0
2023-01-17 06:45:00+00:00,-2782.0
2023-01-17 07:00:00+00:00,-3475.0
2023-01-17 07:15:00+00:00,-3238.0
2023-01-17 07:30:00+00:00,-4524.0
2023-01-17 07:45:00+00:00,-4534.0
2023-01-17 08:00:00+00:00,-3911.0
2023-01-17 08:15:00+00:00,-3347.0
2023-01-17 08:30:00+00:00,-2365.0
2023-01-17 08:45:00+00:00,-933.0
2023-01-17 09:00:00+00:00,-1583.0
2023-01-17 09:15:00+00:00,-3150.0
2023-01-17 09:30:00+00:00,-3652.0
2023-01-17 09:45:00+00:00,-5204.0
2023-01-17 10:00:00+00:00,-5012.0
2023-01-17 10:15:00+00:00,-4869.0
2023-01-17 10:30:00+00:00,-2708.0
2023-01-17 10:45:00+00:00,-3122.0
2023-01-17 11:00:00+00:00,-3784.0
2023-01-17 11:15:00+00:00,-3209.0
2023-01-17 11:30:00+00:00,-4105.0
2023-01-17 11:45:00+00:00,-3214.0
2023-01-17 12:00:00+00:00,-3017.0
2023-01-17 12:15:00+00:00,-2811.0
2023-01-17 12:30:00+00:00,-3395.0
2023-01-17 12:45:00+00:00,-3974.0
2023-01-17 13:00:00+00:00,-4100.0
2023-01-17 13:15:00+00:00,-2865.0
2023-01-17 13:30:00+00:00,-4308.0
2023-01-17 13:45:00+00:00,-4037.0
2023-01-17 14:00:00+00:00,-5048.0
2023-01-17 14:15:00+00:00,-3680.0
2023-01-17 14:30:00+00:00,-3237.0
2023-01-17 14:45:00+00:00,-1715.0
2023-01-17 15:00:00+00:00,-2651.0
2023-01-17 15:15:00+00:00,-4104.0
2023-01-17 15:30:00+00:00,-4526.0
2023-01-17 15:45:00+00:00,-5492.0
2023-01-17 16:00:00+00:00,-5308.0
2023-01-17 16:15:00+00:00,-5557.0
2023-01-17 16:30:00+00:00,-5393.0
2023-01-17 16:45:00+00:00,-5087.0
2023-01-17 17:00:00+00:00,-5808.0
2023-01-17 17:15:00+00:00,-5365.0
2023-01-17 17:30:00+00:00,-4931.0
2023-01-17 17:45:00+00:00,-5205.0
2023-01-17 18:00:00+00:00,-4810.0
2023-01-17 18:15:00+00:00,-4806.0
2023-01-17 18:30:00+00:00,-4663.0
2023-01-17 18:45:00+00:00,-5047.0
2023-01-17 19:00:00+00:00,-5381.0
2023-01-17 19:15:00+00:00,-5427.0
2023-01-17 19:30:00+00:00,-6061.0
2023-01-17 19:45:00+00:00,-6299.0
2023-01-17 20:00:00+00:00,-5954.0
2023-01-17 20:15:00+00:00,-5758.0
2023-01-17 20:30:00+00:00,-4673.0
2023-01-17 20:45:00+00:00,-4767.0
2023-01-17 21:00:00+00:00,-5481.0
2023-01-17 21:15:00+00:00,-5835.0
2023-01-17 21:30:00+00:00,-6832.0
2023-01-17 21:45:00+00:00,-6893.0
2023-01-17 22:00:00+00:00,-5924.0
2023-01-17 22:15:00+00:00,-5972.0
2023-01-17 22:30:00+00:00,-5994.0
2023-01-17 22:45:00+00:00,-6329.0
2023-01-17 23:00:00+00:00,-6855.0
2023-01-17 23:15:00+00:00,-6473.0
2023-01-17 23:30:00+00:00,-6085.0
2023-01-17 23:45:00+00:00,-5612.0
2023-01-18 00:00:00+00:00,-5390.0
2023-01-18 00:15:00+00:00,-5202.0
2023-01-18 00:30:00+00:00,-5260.0
2023-01-18 00:45:00+00:00,-5657.0
2023-01-18 01:00:00+00:00,-6037.0
2023-01-18 01:15:00+00:00,-6072.0
2023-01-18 01:30:00+00:00,-6824.0
2023-01-18 01:45:00+00:00,-7518.0
2023-01-18 02:00:00+00:00,-7237.0
2023-01-18 02:15:00+00:00,-5860.0
2023-01-18 02:30:00+00:00,-5969.0
2023-01-18 02:45:00+00:00,-5564.0
2023-01-18 03:00:00+00:00,-5822.0
2023-01-18 03:15:00+00:00,-5879.0
2023-01-18 03:30:00+00:00,-5642.0
2023-01-18 03:45:00+00:00,-5595.0
2023-01-18 04:00:00+00:00,-5299.0
2023-01-18 04:15:00+00:00,-5861.0
2023-01-18 04:30:00+00:00,-5270.0
2023-01-18 04:45:00+00:00,-5731.0
2023-01-18 05:00:00+00:00,-5235.0
2023-01-18 05:15:00+00:00,-4383.0
2023-01-18 05:30:00+00:00,-3026.0
2023-01-18 05:45:00+00:00,-3611.0
2023-01-18 06:00:00+00:00,-3537.0
2023-01-18 06:15:00+00:00,-3519.0
2023-01-18 06:30:00+00:00,-4552.0
2023-01-18 06:45:00+00:00,-4603.0
2023-01-18 07:00:00+00:00,-4814.0
2023-01-18 07:15:00+00:00,-5053.0
2023-01-18 07:30:00+00:00,-5864.0
2023-01-18 07:45:00+00:00,-5454.0
2023-01-18 08:00:00+00:00,-5188.0
2023-01-18 08:15:00+00:00,-4635.0
2023-01-18 08:30:00+00:00,-3907.0
2023-01-18 08:45:00+00:00,-2771.0
2023-01-18 09:00:00+00:00,-2512.0
2023-01-18 09:15:00+00:00,-2521.0
2023-01-18 09:30:00+00:00,-3381.0
2023-01-18 09:45:00+00:00,-5496.0
2023-01-18 10:00:00+00:00,-6196.0
2023-01-18 10:15:00+00:00,-5911.0
2023-01-18 10:30:00+00:00,-5805.0
2023-01-18 10:45:00+00:00,-5932.0
2023-01-18 11:00:00+00:00,-5969.0
2023-01-18 11:15:00+00:00,-6056.0
2023-01-18 11:30:00+00:00,-5412.0
2023-01-18 11:45:00+00:00,-6057.0
2023-01-18 12:00:00+00:00,-5762.0
2023-01-18 12:15:00+00:00,-5101.0
2023-01-18 12:30:00+00:00,-4682.0
2023-01-18 12:45:00+00:00,-4703.0
2023-01-18 13:00:00+00:00,-4870.0
2023-01-18 13:15:00+00:00,-4958.0
2023-01-18 13:30:00+00:00,-4836.0
2023-01-18 13:45:00+00:00,-3992.0
2023-01-18 14:00:00+00:00,-3903.0
2023-01-18 14:15:00+00:00,-3667.0
2023-01-18 14:30:00+00:00,-3478.0
2023-01-18 14:45:00+00:00,-3003.0
2023-01-18 15:00:00+00:00,-2797.0
2023-01-18 15:15:00+00:00,-3185.0
2023-01-18 15:30:00+00:00,-3312.0
2023-01-18 15:45:00+00:00,-4282.0
2023-01-18 16:00:00+00:00,-6350.0
2023-01-18 16:15:00+00:00,-6229.0
2023-01-18 16:30:00+00:00,-6050.0
2023-01-18 16:45:00+00:00,-6254.0
2023-01-18 17:00:00+00:00,-5955.0
2023-01-18 17:15:00+00:00,-5659.0
2023-01-18 17:30:00+00:00,-5610.0
2023-01-18 17:45:00+00:00,-6318.0
2023-01-18 18:00:00+00:00,-5763.0
2023-01-18 18:15:00+00:00,-5661.0
2023-01-18 18:30:00+00:00,-5599.0
2023-01-18 18:45:00+00:00,-5804.0
2023-01-18 19:00:00+00:00,-6528.0
2023-01-18 19:15:00+00:00,-6735.0
2023-01-18 19:30:00+00:00,-7101.0
2023-01-18 19:45:00+00:00,-6757.0
2023-01-18 20:00:00+00:00,-6737.0
2023-01-18 20:15:00+00:00,-5550.0
2023-01-18 20:30:00+00:00,-5996.0
2023-01-18 20:45:00+00:00,-7196.0
2023-01-18 21:00:00+00:00,-7185.0
2023-01-18 21:15:00+00:00,-7729.0
2023-01-18 21:30:00+00:00,-7256.0
2023-01-18 21:45:00+00:00,-7434.0
2023-01-18 22:00:00+00:00,-7338.0
2023-01-18 22:15:00+00:00,-5802.0
2023-01-18 22:30:00+00:00,-5519.0
2023-01-18 22:45:00+00:00,-5622.0
2023-01-18 23:00:00+00:00,-6670.0
2023-01-18 23:15:00+00:00,-5402.0
2023-01-18 23:30:00+00:00,-5181.0
2023-01-18 23:45:00+00:00,-6083.0
2023-01-19 00:00:00+00:00,-6129.0
2023-01-19 00:15:00+00:00,-5777.0
2023-01-19 00:30:00+00:00,-5954.0
2023-01-19 00:45:00+00:00,-6089.0
2023-01-19 01:00:00+00:00,-5908.0
2023-01-19 01:15:00+00:00,-5758.0
2023-01-19 01:30:00+00:00,-6753.0
2023-01-19 01:45:00+00:00,-6812.0
2023-01-19 02:00:00+00:00,-6861.0
2023-01-19 02:15:00+00:00,-7045.0
2023-01-19 02:30:00+00:00,-6969.0
2023-01-19 02:45:00+00:00,-6481.0
2023-01-19 03:00:00+00:00,-6659.0
2023-01-19 03:15:00+00:00,-7703.0
2023-01-19 03:30:00+00:00,-7895.0
2023-01-19 03:45:00+00:00,-7048.0
2023-01-19 04:00:00+00:00,-6584.0
2023-01-19 04:15:00+00:00,-6486.0
2023-01-19 04:30:00+00:00,-5621.0
2023-01-19 04:45:00+00:00,-5047.0
2023-01-19 05:00:00+00:00,-4802.0
2023-01-19 05:15:00+00:00,-5455.0
2023-01-19 05:30:00+00:00,-5438.0
2023-01-19 05:45:00+00:00,-6260.0
2023-01-19 06:00:00+00:00,-6232.0
2023-01-19 06:15:00+00:00,-6140.0
2023-01-19 06:30:00+00:00,-6357.0
2023-01-19 06:45:00+00:00,-6698.0
2023-01-19 07:00:00+00:00,-6659.0
2023-01-19 07:15:00+00:00,-6083.0
2023-01-19 07:30:00+00:00,-6589.0
2023-01-19 07:45:00+00:00,-6195.0
2023-01-19 08:00:00+00:00,-5434.0
2023-01-19 08:15:00+00:00,-5262.0
2023-01-19 08:30:00+00:00,-5128.0
2023-01-19 08:45:00+00:00,-4676.0
2023-01-19 09:00:00+00:00,-5899.0
2023-01-19 09:15:00+00:00,-5962.0
2023-01-19 09:30:00+00:00,-6162.0
2023-01-19 09:45:00+00:00,-6159.0
2023-01-19 10:00:00+00:00,-5882.0
2023-01-19 10:15:00+00:00,-5553.0
2023-01-19 10:30:00+00:00,-4777.0
2023-01-19 10:45:00+00:00,-5175.0
2023-01-19 11:00:00+00:00,-5291.0
2023-01-19 11:15:00+00:00,-5517.0
2023-01-19 11:30:00+00:00,-5123.0
2023-01-19 11:45:00+00:00,-5077.0
2023-01-19 12:00:00+00:00,-5215.0
2023-01-19 12:15:00+00:00,-5178.0
2023-01-19 12:30:00+00:00,-5119.0
2023-01-19 12:45:00+00:00,-5157.0
2023-01-19 13:00:00+00:00,-5231.0
2023-01-19 13:15:00+00:00,-5474.0
2023-01-19 13:30:00+00:00,-5883.0
2023-01-19 13:45:00+00:00,-5608.0
2023-01-19 14:00:00+00:00,-5334.0
2023-01-19 14:15:00+00:00,-5227.0
2023-01-19 14:30:00+00:00,-5500.0
2023-01-19 14:45:00+00:00,-5396.0
2023-01-19 15:00:00+00:00,-6071.0
2023-01-19 15:15:00+00:00,-6122.0
2023-01-19 15:30:00+00:00,-6845.0
2023-01-19 15:45:00+00:00,-6661.0
2023-01-19 16:00:00+00:00,-6585.0
2023-01-19 16:15:00+00:00,-5991.0
2023-01-19 16:30:00+00:00,-5791.0
2023-01-19 16:45:00+00:00,-6295.0
2023-01-19 17:00:00+00:00,-6828.0
2023-01-19 17:15:00+00:00,-6142.0
2023-01-19 17:30:00+00:00,-6058.0
2023-01-19 17:45:00+00:00,-5085.0
2023-01-19 18:00:00+00:00,-5259.0
2023-01-19 18:15:00+00:00,-5494.0
2023-01-19 18:30:00+00:00,-5645.0
2023-01-19 18:45:00+00:00,-5582.0
2023-01-19 19:00:00+00:00,-5577.0
2023-01-19 19:15:00+00:00,-5496.0
2023-01-19 19:30:00+00:00,-6476.0
2023-01-19 19:45:00+00:00,-6466.0
2023-01-19 20:00:00+00:00,-6267.0
2023-01-19 20:15:00+00:00,-7003.0
2023-01-19 20:30:00+00:00,-6880.0
2023-01-19 20:45:00+00:00,-6364.0
2023-01-19 21:00:00+00:00,-6522.0
2023-01-19 21:15:00+00:00,-6770.0
2023-01-19 21:30:00+00:00,-5902.0
2023-01-19 21:45:00+00:00,-5934.0
2023-01-19 22:00:00+00:00,-5455.0
2023-01-19 22:15:00+00:00,-6812.0
2023-01-19 22:30:00+00:00,-6960.0
2023-01-19 22:45:00+00:00,-6901.0
2023-01-19 23:00:00+00:00,-6945.0
2023-01-19 23:15:00+00:00,-6785.0
2023-01-19 23:30:00+00:00,-6785.0
2023-01-19 23:45:00+00:00,-6138.0
2023-01-20 00:00:00+00:00,-6015.0
2023-01-20 00:15:00+00:00,-5911.0
2023-01-20 00:30:00+00:00,-5134.0
2023-01-20 00:45:00+00:00,-5066.0
2023-01-20 01:00:00+00:00,-5126.0
2023-01-20 01:15:00+00:00,-4949.0
2023-01-20 01:30:00+00:00,-5161.0
2023-01-20 01:45:00+00:00,-5127.0
2023-01-20 02:00:00+00:00,-5438.0
2023-01-20 02:15:00+00:00,-5021.0
2023-01-20 02:30:00+00:00,-3687.0
2023-01-20 02:45:00+00:00,-2959.0
2023-01-20 03:00:00+00:00,-2093.0
2023-01-20 03:15:00+00:00,-2471.0
2023-01-20 03:30:00+00:00,-4648.0
2023-01-20 03:45:00+00:00,-5955.0
2023-01-20 04:00:00+00:00,-5090.0
2023-01-20 04:15:00+00:00,-5384.0
2023-01-20 04:30:00+00:00,-5505.0
2023-01-20 04:45:00+00:00,-5573.0
2023-01-20 05:00:00+00:00,-5726.0
2023-01-20 05:15:00+00:00,-5850.0
2023-01-20 05:30:00+00:00,-4916.0
2023-01-20 05:45:00+00:00,-5482.0
2023-01-20 06:00:00+00:00,-5519.0
2023-01-20 06:15:00+00:00,-5502.0
2023-01-20 06:30:00+00:00,-6138.0
2023-01-20 06:45:00+00:00,-6134.0
2023-01-20 07:00:00+00:00,-6152.0
2023-01-20 07:15:00+00:00,-5950.0
2023-01-20 07:30:00+00:00,-6063.0
2023-01-20 07:45:00+00:00,-5725.0
2023-01-20 08:00:00+00:00,-5341.0
2023-01-20 08:15:00+00:00,-4805.0
2023-01-20 08:30:00+00:00,-4409.0
2023-01-20 08:45:00+00:00,-4522.0
2023-01-20 09:00:00+00:00,-3596.0
2023-01-20 09:15:00+00:00,-4036.0
2023-01-20 09:30:00+00:00,-5278.0
2023-01-20 09:45:00+00:00,-5636.0
2023-01-20 10:00:00+00:00,-5600.0
2023-01-20 10:15:00+00:00,-6900.0
2023-01-20 10:30:00+00:00,-6316.0
2023-01-20 10:45:00+00:00,-6774.0
2023-01-20 11:00:00+00:00,-6810.0
2023-01-20 11:15:00+00:00,-6401.0
2023-01-20 11:30:00+00:00,-6528.0
2023-01-20 11:45:00+00:00,-6832.0
2023-01-20 12:00:00+00:00,-6887.0
2023-01-20 12:15:00+00:00,-6609.0
2023-01-20 12:30:00+00:00,-6654.0
2023-01-20 12:45:00+00:00,-6520.0
2023-01-20 13:00:00+00:00,-6384.0
2023-01-20 13:15:00+00:00,-5629.0
2023-01-20 13:30:00+00:00,-4491.0
2023-01-20 13:45:00+00:00,-5316.0
2023-01-20 14:00:00+00:00,-6129.0
2023-01-20 14:15:00+00:00,-6072.0
2023-01-20 14:30:00+00:00,-6123.0
2023-01-20 14:45:00+00:00,-5950.0
2023-01-20 15:00:00+00:00,-6065.0
2023-01-20 15:15:00+00:00,-5994.0
2023-01-20 15:30:00+00:00,-6059.0
2023-01-20 15:45:00+00:00,-6096.0
2023-01-20 16:00:00+00:00,-6058.0
2023-01-20 16:15:00+00:00,-6248.0
2023-01-20 16:30:00+00:00,-5863.0
2023-01-20 16:45:00+00:00,-6204.0
2023-01-20 17:00:00+00:00,-6523.0
2023-01-20 17:15:00+00:00,-6504.0
2023-01-20 17:30:00+00:00,-6439.0
2023-01-20 17:45:00+00:00,-6397.0
2023-01-20 18:00:00+00:00,-6434.0
2023-01-20 18:15:00+00:00,-6426.0
2023-01-20 18:30:00+00:00,-6490.0
2023-01-20 18:45:00+00:00,-6334.0
2023-01-20 19:00:00+00:00,-6046.0
2023-01-20 19:15:00+00:00,-6034.0
2023-01-20 19:30:00+00:00,-6214.0
2023-01-20 19:45:00+00:00,-6044.0
2023-01-20 20:00:00+00:00,-5634.0
2023-01-20 20:15:00+00:00,-5721.0
2023-01-20 20:30:00+00:00,-5820.0
2023-01-20 20:45:00+00:00,-6361.0
2023-01-20 21:00:00+00:00,-6504.0
2023-01-20 21:15:00+00:00,-6558.0
2023-01-20 21:30:00+00:00,-5809.0
2023-01-20 21:45:00+00:00,-5930.0
2023-01-20 22:00:00+00:00,-5814.0
2023-01-20 22:15:00+00:00,-6448.0
2023-01-20 22:30:00+00:00,-5980.0
2023-01-20 22:45:00+00:00,-6269.0
2023-01-20 23:00:00+00:00,-6222.0
2023-01-20 23:15:00+00:00,-6245.0
2023-01-20 23:30:00+00:00,-6414.0
2023-01-20 23:45:00+00:00,-6345.0
2023-01-21 00:00:00+00:00,-6229.0
2023-01-21 00:15:00+00:00,-6163.0
2023-01-21 00:30:00+00:00,-6310.0
2023-01-21 00:45:00+00:00,-6077.0
2023-01-21 01:00:00+00:00,-6284.0
2023-01-21 01:15:00+00:00,-6348.0
2023-01-21 01:30:00+00:00,-6807.0
2023-01-21 01:45:00+00:00,-6359.0
2023-01-21 02:00:00+00:00,-6844.0
2023-01-21 02:15:00+00:00,-6777.0
2023-01-21 02:30:00+00:00,-6836.0
2023-01-21 02:45:00+00:00,-6427.0
2023-01-21 03:00:00+00:00,-6992.0
2023-01-21 03:15:00+00:00,-7213.0
2023-01-21 03:30:00+00:00,-6630.0
2023-01-21 03:45:00+00:00,-7260.0
2023-01-21 04:00:00+00:00,-7049.0
2023-01-21 04:15:00+00:00,-7193.0
2023-01-21 04:30:00+00:00,-6886.0
2023-01-21 04:45:00+00:00,-7289.0
2023-01-21 05:00:00+00:00,-7314.0
2023-01-21 05:15:00+00:00,-7396.0
2023-01-21 05:30:00+00:00,-6926.0
2023-01-21 05:45:00+00:00,-6981.0
2023-01-21 06:00:00+00:00,-7161.0
2023-01-21 06:15:00+00:00,-6947.0
2023-01-21 06:30:00+00:00,-7210.0
2023-01-21 06:45:00+00:00,-7235.0
2023-01-21 07:00:00+00:00,-7249.0
2023-01-21 07:15:00+00:00,-7361.0
2023-01-21 07:30:00+00:00,-6409.0
2023-01-21 07:45:00+00:00,-6440.0
2023-01-21 08:00:00+00:00,-5539.0
2023-01-21 08:15:00+00:00,-5309.0
2023-01-21 08:30:00+00:00,-5389.0
2023-01-21 08:45:00+00:00,-6450.0
2023-01-21 09:00:00+00:00,-6716.0
2023-01-21 09:15:00+00:00,-6896.0
2023-01-21 09:30:00+00:00,-6104.0
2023-01-21 09:45:00+00:00,-6200.0
2023-01-21 10:00:00+00:00,-6274.0
2023-01-21 10:15:00+00:00,-6780.0
2023-01-21 10:30:00+00:00,-6937.0
2023-01-21 10:45:00+00:00,-6888.0
2023-01-21 11:00:00+00:00,-7171.0
2023-01-21 11:15:00+00:00,-6996.0
2023-01-21 11:30:00+00:00,-7181.0
2023-01-21 11:45:00+00:00,-6536.0
2023-01-21 12:00:00+00:00,-6544.0
2023-01-21 12:15:00+00:00,-6629.0
2023-01-21 12:30:00+00:00,-6367.0
2023-01-21 12:45:00+00:00,-6448.0
2023-01-21 13:00:00+00:00,-6516.0
2023-01-21 13:15:00+00:00,-6195.0
2023-01-21 13:30:00+00:00,-6339.0
2023-01-21 13:45:00+00:00,-6731.0
2023-01-21 14:00:00+00:00,-6692.0
2023-01-21 14:15:00+00:00,-6670.0
2023-01-21 14:30:00+00:00,-6219.0
2023-01-21 14:45:00+00:00,-5243.0
2023-01-21 15:00:00+00:00,-5512.0
2023-01-21 15:15:00+00:00,-6392.0
2023-01-21 15:30:00+00:00,-6131.0
2023-01-21 15:45:00+00:00,-5924.0
2023-01-21 16:00:00+00:00,-5331.0
2023-01-21 16:15:00+00:00,-5747.0
2023-01-21 16:30:00+00:00,-5709.0
2023-01-21 16:45:00+00:00,-5649.0
2023-01-21 17:00:00+00:00,-6018.0
2023-01-21 17:15:00+00:00,-6039.0
2023-01-21 17:30:00+00:00,-6001.0
2023-01-21 17:45:00+00:00,-5265.0
2023-01-21 18:00:00+00:00,-5119.0
2023-01-21 18:15:00+00:00,-5156.0
2023-01-21 18:30:00+00:00,-5198.0
2023-01-21 18:45:00+00:00,-5145.0
2023-01-21 19:00:00+00:00,-5116.0
2023-01-21 19:15:00+00:00,-5294.0
2023-01-21 19:30:00+00:00,-5379.0
2023-01-21 19:45:00+00:00,-5304.0
2023-01-21 20:00:00+00:00,-4923.0
2023-01-21 20:15:00+00:00,-4446.0
2023-01-21 20:30:00+00:00,-3843.0
2023-01-21 20:45:00+00:00,-3168.0
2023-01-21 21:00:00+00:00,-3417.0
2023-01-21 21:15:00+00:00,-3547.0
2023-01-21 21:30:00+00:00,-4433.0
2023-01-21 21:45:00+00:00,-5351.0
2023-01-21 22:00:00+00:00,-5796.0
2023-01-21 22:15:00+00:00,-5435.0
2023-01-21 22:30:00+00:00,-5172.0
2023-01-21 22:45:00+00:00,-5426.0
2023-01-21 23:00:00+00:00,-5402.0
2023-01-21 23:15:00+00:00,-5261.0
2023-01-21 23:30:00+00:00,-5005.0
2023-01-21 23:45:00+00:00,-4570.0
2023-01-22 00:00:00+00:00,-4653.0
2023-01-22 00:15:00+00:00,-4328.0
2023-01-22 00:30:00+00:00,-4738.0
2023-01-22 00:45:00+00:00,-5111.0
2023-01-22 01:00:00+00:00,-4863.0
2023-01-22 01:15:00+00:00,-5018.0
2023-01-22 01:30:00+00:00,-5122.0
2023-01-22 01:45:00+00:00,-4543.0
2023-01-22 02:00:00+00:00,-3893.0
2023-01-22 02:15:00+00:00,-2937.0
2023-01-22 02:30:00+00:00,-2589.0
2023-01-22 02:45:00+00:00,-1954.0
2023-01-22 03:00:00+00:00,-3013.0
2023-01-22 03:15:00+00:00,-3721.0
2023-01-22 03:30:00+00:00,-4275.0
2023-01-22 03:45:00+00:00,-4508.0
2023-01-22 04:00:00+00:00,-5074.0
2023-01-22 04:15:00+00:00,-5860.0
2023-01-22 04:30:00+00:00,-5902.0
2023-01-22 04:45:00+00:00,-6074.0
2023-01-22 05:00:00+00:00,-4540.0
2023-01-22 05:15:00+00:00,-4535.0
2023-01-22 05:30:00+00:00,-3855.0
2023-01-22 05:45:00+00:00,-4049.0
2023-01-22 06:00:00+00:00,-3484.0
2023-01-22 06:15:00+00:00,-2917.0
2023-01-22 06:30:00+00:00,-3016.0
2023-01-22 06:45:00+00:00,-3932.0
2023-01-22 07:00:00+00:00,-5288.0
2023-01-22 07:15:00+00:00,-4826.0
2023-01-22 07:30:00+00:00,-5742.0
2023-01-22 07:45:00+00:00,-5434.0
2023-01-22 08:00:00+00:00,-4647.0
2023-01-22 08:15:00+00:00,-4545.0
2023-01-22 08:30:00+00:00,-3919.0
2023-01-22 08:45:00+00:00,-4147.0
2023-01-22 09:00:00+00:00,-4127.0
2023-01-22 09:15:00+00:00,-4237.0
2023-01-22 09:30:00+00:00,-4753.0
2023-01-22 09:45:00+00:00,-5296.0
2023-01-22 10:00:00+00:00,-4876.0
2023-01-22 10:15:00+00:00,-4355.0
2023-01-22 10:30:00+00:00,-3560.0
2023-01-22 10:45:00+00:00,-3239.0
2023-01-22 11:00:00+00:00,-3461.0
2023-01-22 11:15:00+00:00,-2909.0
2023-01-22 11:30:00+00:00,-3464.0
2023-01-22 11:45:00+00:00,-4045.0
2023-01-22 12:00:00+00:00,-3730.0
2023-01-22 12:15:00+00:00,-4104.0
2023-01-22 12:30:00+00:00,-4085.0
2023-01-22 12:45:00+00:00,-4301.0
2023-01-22 13:00:00+00:00,-4560.0
2023-01-22 13:15:00+00:00,-4391.0
2023-01-22 13:30:00+00:00,-4730.0
2023-01-22 13:45:00+00:00,-4956.0
2023-01-22 14:00:00+00:00,-4251.0
2023-01-22 14:15:00+00:00,-4968.0
2023-01-22 14:30:00+00:00,-3721.0
2023-01-22 14:45:00+00:00,-3894.0
2023-01-22 15:00:00+00:00,-4182.0
2023-01-22 15:15:00+00:00,-5031.0
2023-01-22 15:30:00+00:00,-5443.0
2023-01-22 15:45:00+00:00,-5291.0
2023-01-22 16:00:00+00:00,-5128.0
2023-01-22 16:15:00+00:00,-5532.0
2023-01-22 16:30:00+00:00,-5065.0
2023-01-22 16:45:00+00:00,-5197.0
2023-01-22 17:00:00+00:00,-5222.0
2023-01-22 17:15:00+00:00,-5115.0
2023-01-22 17:30:00+00:00,-4964.0
2023-01-22 17:45:00+00:00,-5051.0
2023-01-22 18:00:00+00:00,-5138.0
2023-01-22 18:15:00+00:00,-5147.0
2023-01-22 18:30:00+00:00,-5097.0
2023-01-22 18:45:00+00:00,-4976.0
2023-01-22 19:00:00+00:00,-5124.0
2023-01-22 19:15:00+00:00,-5692.0
2023-01-22 19:30:00+00:00,-5460.0
2023-01-22 19:45:00+00:00,-5525.0
2023-01-22 20:00:00+00:00,-5253.0
2023-01-22 20:15:00+00:00,-5273.0
2023-01-22 20:30:00+00:00,-4395.0
2023-01-22 20:45:00+00:00,-4935.0
2023-01-22 21:00:00+00:00,-5626.0
2023-01-22 21:15:00+00:00,-5499.0
2023-01-22 21:30:00+00:00,-5013.0
2023-01-22 21:45:00+00:00,-4879.0
2023-01-22 22:00:00+00:00,-5164.0
2023-01-22 22:15:00+00:00,-6010.0
2023-01-22 22:30:00+00:00,-6139.0
2023-01-22 22:45:00+00:00,-5223.0
2023-01-22 23:00:00+00:00,-4972.0
2023-01-22 23:15:00+00:00,-4409.0
2023-01-22 23:30:00+00:00,-5488.0
2023-01-22 23:45:00+00:00,-5258.0
2023-01-23 00:00:00+00:00,-5140.0
2023-01-23 00:15:00+00:00,-4942.0
2023-01-23 00:30:00+00:00,-4692.0
2023-01-23 00:45:00+00:00,-4586.0
2023-01-23 01:00:00+00:00,-5189.0
2023-01-23 01:15:00+00:00,-6189.0
2023-01-23 01:30:00+00:00,-6324.0
2023-01-23 01:45:00+00:00,-5896.0
2023-01-23 02:00:00+00:00,-5947.0
2023-01-23 02:15:00+00:00,-5989.0
2023-01-23 02:30:00+00:00,-5632.0
2023-01-23 02:45:00+00:00,-6088.0
2023-01-23 03:00:00+00:00,-6516.0
2023-01-23 03:15:00+00:00,-6346.0
2023-01-23 03:30:00+00:00,-6224.0
2023-01-23 03:45:00+00:00,-6050.0
2023-01-23 04:00:00+00:00,-4735.0
2023-01-23 04:15:00+00:00,-4705.0
2023-01-23 04:30:00+00:00,-4503.0
2023-01-23 04:45:00+00:00,-6351.0
2023-01-23 05:00:00+00:00,-6660.0
2023-01-23 05:15:00+00:00,-6381.0
2023-01-23 05:30:00+00:00,-6548.0
2023-01-23 05:45:00+00:00,-6105.0
2023-01-23 06:00:00+00:00,-5778.0
2023-01-23 06:15:00+00:00,-6366.0
2023-01-23 06:30:00+00:00,-6350.0
2023-01-23 06:45:00+00:00,-6485.0
2023-01-23 07:00:00+00:00,-6810.0
2023-01-23 07:15:00+00:00,-7396.0
2023-01-23 07:30:00+00:00,-7393.0
2023-01-23 07:45:00+00:00,-7108.0
2023-01-23 08:00:00+00:00,-7526.0
2023-01-23 08:15:00+00:00,-7472.0
2023-01-23 08:30:00+00:00,-7142.0
2023-01-23 08:45:00+00:00,-7232.0
2023-01-23 09:00:00+00:00,-7446.0
2023-01-23 09:15:00+00:00,-6320.0
2023-01-23 09:30:00+00:00,-6866.0
2023-01-23 09:45:00+00:00,-6497.0
2023-01-23 10:00:00+00:00,-6561.0
2023-01-23 10:15:00+00:00,-6350.0
2023-01-23 10:30:00+00:00,-6444.0
2023-01-23 10:45:00+00:00,-6882.0
2023-01-23 11:00:00+00:00,-6639.0
2023-01-23 11:15:00+00:00,-6386.0
2023-01-23 11:30:00+00:00,-6052.0
2023-01-23 11:45:00+00:00,-6097.0
2023-01-23 12:00:00+00:00,-6114.0
2023-01-23 12:15:00+00:00,-6233.0
2023-01-23 12:30:00+00:00,-6692.0
2023-01-23 12:45:00+00:00,-6736.0
2023-01-23 13:00:00+00:00,-6863.0
2023-01-23 13:15:00+00:00,-6663.0
2023-01-23 13:30:00+00:00,-6348.0
2023-01-23 13:45:00+00:00,-6047.0
2023-01-23 14:00:00+00:00,-6110.0
2023-01-23 14:15:00+00:00,-5001.0
2023-01-23 14:30:00+00:00,-3404.0
2023-01-23 14:45:00+00:00,-3076.0
2023-01-23 15:00:00+00:00,-3234.0
2023-01-23 15:15:00+00:00,-4245.0
2023-01-23 15:30:00+00:00,-4973.0
2023-01-23 15:45:00+00:00,-6165.0
2023-01-23 16:00:00+00:00,-6956.0
2023-01-23 16:15:00+00:00,-7136.0
2023-01-23 16:30:00+00:00,-7130.0
2023-01-23 16:45:00+00:00,-6582.0
2023-01-23 17:00:00+00:00,-6915.0
2023-01-23 17:15:00+00:00,-5966.0
2023-01-23 17:30:00+00:00,-5812.0
2023-01-23 17:45:00+00:00,-6099.0
2023-01-23 18:00:00+00:00,-5655.0
2023-01-23 18:15:00+00:00,-5648.0
2023-01-23 18:30:00+00:00,-6683.0
2023-01-23 18:45:00+00:00,-6918.0
2023-01-23 19:00:00+00:00,-7153.0
2023-01-23 19:15:00+00:00,-7178.0
2023-01-23 19:30:00+00:00,-6953.0
2023-01-23 19:45:00+00:00,-5552.0
2023-01-23 20:00:00+00:00,-5315.0
2023-01-23 20:15:00+00:00,-5392.0
2023-01-23 20:30:00+00:00,-5488.0
2023-01-23 20:45:00+00:00,-4596.0
2023-01-23 21:00:00+00:00,-4766.0
2023-01-23 21:15:00+00:00,-5050.0
2023-01-23 21:30:00+00:00,-5627.0
2023-01-23 21:45:00+00:00,-5606.0
2023-01-23 22:00:00+00:00,-5966.0
2023-01-23 22:15:00+00:00,-5802.0
2023-01-23 22:30:00+00:00,-5245.0
2023-01-23 22:45:00+00:00,-6454.0
2023-01-23 23:00:00+00:00,-5996.0
2023-01-23 23:15:00+00:00,-6002.0
2023-01-23 23:30:00+00:00,-5743.0
2023-01-23 23:45:00+00:00,-5428.0
2023-01-24 00:00:00+00:00,-5431.0
2023-01-24 00:15:00+00:00,-4788.0
2023-01-24 00:30:00+00:00,-4618.0
2023-01-24 00:45:00+00:00,-5412.0
2023-01-24 01:00:00+00:00,-5412.0
2023-01-24 01:15:00+00:00,-5662.0
2023-01-24 01:30:00+00:00,-4464.0
2023-01-24 01:45:00+00:00,-5321.0
2023-01-24 02:00:00+00:00,-5350.0
2023-01-24 02:15:00+00:00,-5446.0
2023-01-24 02:30:00+00:00,-4771.0
2023-01-24 02:45:00+00:00,-5132.0
2023-01-24 03:00:00+00:00,-5727.0
2023-01-24 03:15:00+00:00,-5822.0
2023-01-24 03:30:00+00:00,-5859.0
2023-01-24 03:45:00+00:00,-5439.0
2023-01-24 04:00:00+00:00,-5412.0
2023-01-24 04:15:00+00:00,-5515.0
2023-01-24 04:30:00+00:00,-6133.0
2023-01-24 04:45:00+00:00,-5910.0
2023-01-24 05:00:00+00:00,-5918.0
2023-01-24 05:15:00+00:00,-4982.0
2023-01-24 05:30:00+00:00,-5589.0
2023-01-24 05:45:00+00:00,-5232.0
2023-01-24 06:00:00+00:00,-5610.0
2023-01-24 06:15:00+00:00,-5505.0
2023-01-24 06:30:00+00:00,-5595.0
2023-01-24 06:45:00+00:00,-5389.0
2023-01-24 07:00:00+00:00,-6036.0
2023-01-24 07:15:00+00:00,-5651.0
2023-01-24 07:30:00+00:00,-5136.0
2023-01-24 07:45:00+00:00,-6203.0
2023-01-24 08:00:00+00:00,-6393.0
2023-01-24 08:15:00+00:00,-6395.0
2023-01-24 08:30:00+00:00,-6429.0
2023-01-24 08:45:00+00:00,-6538.0
2023-01-24 09:00:00+00:00,-6416.0
2023-01-24 09:15:00+00:00,-6809.0
2023-01-24 09:30:00+00:00,-7056.0
2023-01-24 09:45:00+00:00,-6741.0
2023-01-24 10:00:00+00:00,-6430.0
2023-01-24 10:15:00+00:00,-6188.0
2023-01-24 10:30:00+00:00,-6059.0
2023-01-24 10:45:00+00:00,-5978.0
2023-01-24 11:00:00+00:00,-6101.0
2023-01-24 11:15:00+00:00,-6121.0
2023-01-24 11:30:00+00:00,-5737.0
2023-01-24 11:45:00+00:00,-5569.0
2023-01-24 12:00:00+00:00,-5637.0
2023-01-24 12:15:00+00:00,-5559.0
2023-01-24 12:30:00+00:00,-5442.0
2023-01-24 12:45:00+00:00,-5541.0
2023-01-24 13:00:00+00:00,-5478.0
2023-01-24 13:15:00+00:00,-5896.0
2023-01-24 13:30:00+00:00,-4549.0
2023-01-24 13:45:00+00:00,-4618.0
2023-01-24 14:00:00+00:00,-4962.0
2023-01-24 14:15:00+00:00,-4943.0
2023-01-24 14:30:00+00:00,-4980.0
2023-01-24 14:45:00+00:00,-5266.0
2023-01-24 15:00:00+00:00,-5218.0
2023-01-24 15:15:00+00:00,-5462.0
2023-01-24 15:30:00+00:00,-6619.0
2023-01-24 15:45:00+00:00,-6592.0
2023-01-24 16:00:00+00:00,-6083.0
2023-01-24 16:15:00+00:00,-5813.0
2023-01-24 16:30:00+00:00,-5735.0
2023-01-24 16:45:00+00:00,-5563.0
2023-01-24 17:00:00+00:00,-5780.0
2023-01-24 17:15:00+00:00,-5782.0
2023-01-24 17:30:00+00:00,-5289.0
2023-01-24 17:45:00+00:00,-5915.0
2023-01-24 18:00:00+00:00,-5519.0
2023-01-24 18:15:00+00:00,-5207.0
2023-01-24 18:30:00+00:00,-5294.0
2023-01-24 18:45:00+00:00,-5529.0
2023-01-24 19:00:00+00:00,-5781.0
2023-01-24 19:15:00+00:00,-6213.0
2023-01-24 19:30:00+00:00,-6237.0
2023-01-24 19:45:00+00:00,-5971.0
2023-01-24 20:00:00+00:00,-5933.0
2023-01-24 20:15:00+00:00,-5757.0
2023-01-24 20:30:00+00:00,-6580.0
2023-01-24 20:45:00+00:00,-6467.0
2023-01-24 21:00:00+00:00,-6562.0
2023-01-24 21:15:00+00:00,-6704.0
2023-01-24 21:30:00+00:00,-7495.0
2023-01-24 21:45:00+00:00,-7026.0
2023-01-24 22:00:00+00:00,-7201.0
2023-01-24 22:15:00+00:00,-7227.0
2023-01-24 22:30:00+00:00,-6999.0
2023-01-24 22:45:00+00:00,-7081.0
2023-01-24 23:00:00+00:00,-6585.0
2023-01-24 23:15:00+00:00,-5916.0
2023-01-24 23:30:00+00:00,-5558.0
2023-01-24 23:45:00+00:00,-5643.0
2023-01-25 00:00:00+00:00,-5680.0
2023-01-25 00:15:00+00:00,-5680.0
2023-01-25 00:30:00+00:00,-5649.0
2023-01-25 00:45:00+00:00,-5619.0
2023-01-25 01:00:00+00:00,-6753.0
2023-01-25 01:15:00+00:00,-5816.0
2023-01-25 01:30:00+00:00,-5667.0
2023-01-25 01:45:00+00:00,-5544.0
2023-01-25 02:00:00+00:00,-5807.0
2023-01-25 02:15:00+00:00,-5959.0
2023-01-25 02:30:00+00:00,-6521.0
2023-01-25 02:45:00+00:00,-6924.0
2023-01-25 03:00:00+00:00,-6503.0
2023-01-25 03:15:00+00:00,-7263.0
2023-01-25 03:30:00+00:00,-7429.0
2023-01-25 03:45:00+00:00,-7320.0
2023-01-25 04:00:00+00:00,-7179.0
2023-01-25 04:15:00+00:00,-8466.0
2023-01-25 04:30:00+00:00,-8437.0
2023-01-25 04:45:00+00:00,-8384.0
2023-01-25 05:00:00+00:00,-7446.0
2023-01-25 05:15:00+00:00,-7025.0
2023-01-25 05:30:00+00:00,-7140.0
2023-01-25 05:45:00+00:00,-6821.0
2023-01-25 06:00:00+00:00,-6696.0
2023-01-25 06:15:00+00:00,-6992.0
2023-01-25 06:30:00+00:00,-6883.0
2023-01-25 06:45:00+00:00,-6958.0
2023-01-25 07:00:00+00:00,-6819.0
2023-01-25 07:15:00+00:00,-7247.0
2023-01-25 07:30:00+00:00,-7089.0
2023-01-25 07:45:00+00:00,-5518.0
2023-01-25 08:00:00+00:00,-6395.0
2023-01-25 08:15:00+00:00,-5317.0
2023-01-25 08:30:00+00:00,-4074.0
2023-01-25 08:45:00+00:00,-3913.0
2023-01-25 09:00:00+00:00,-3494.0
2023-01-25 09:15:00+00:00,-4373.0
2023-01-25 09:30:00+00:00,-5872.0
2023-01-25 09:45:00+00:00,-6247.0
2023-01-25 10:00:00+00:00,-7207.0
2023-01-25 10:15:00+00:00,-8309.0
2023-01-25 10:30:00+00:00,-8226.0
2023-01-25 10:45:00+00:00,-8448.0
2023-01-25 11:00:00+00:00,-7033.0
2023-01-25 11:15:00+00:00,-6852.0
2023-01-25 11:30:00+00:00,-5349.0
2023-01-25 11:45:00+00:00,-4801.0
2023-01-25 12:00:00+00:00,-4144.0
2023-01-25 12:15:00+00:00,-3819.0
2023-01-25 12:30:00+00:00,-3411.0
2023-01-25 12:45:00+00:00,-3490.0
2023-01-25 13:00:00+00:00,-3430.0
2023-01-25 13:15:00+00:00,-3156.0
2023-01-25 13:30:00+00:00,-2651.0
2023-01-25 13:45:00+00:00,-2021.0
2023-01-25 14:00:00+00:00,-1154.0
2023-01-25 14:15:00+00:00,-980.0
2023-01-25 14:30:00+00:00,-89.0
2023-01-25 14:45:00+00:00,167.0
2023-01-25 15:00:00+00:00,548.0
2023-01-25 15:15:00+00:00,565.0
2023-01-25 15:30:00+00:00,191.0
2023-01-25 15:45:00+00:00,-1385.0
2023-01-25 16:00:00+00:00,-1624.0
2023-01-25 16:15:00+00:00,-2986.0
2023-01-25 16:30:00+00:00,-4062.0
2023-01-25 16:45:00+00:00,-3667.0
2023-01-25 17:00:00+00:00,-4175.0
2023-01-25 17:15:00+00:00,-3627.0
2023-01-25 17:30:00+00:00,-4850.0
2023-01-25 17:45:00+00:00,-3851.0
2023-01-25 18:00:00+00:00,-2879.0
2023-01-25 18:15:00+00:00,-2818.0
2023-01-25 18:30:00+00:00,-2742.0
2023-01-25 18:45:00+00:00,-2804.0
2023-01-25 19:00:00+00:00,-3236.0
2023-01-25 19:15:00+00:00,-2191.0
2023-01-25 19:30:00+00:00,-1769.0
2023-01-25 19:45:00+00:00,-363.0
2023-01-25 20:00:00+00:00,419.0
2023-01-25 20:15:00+00:00,522.0
2023-01-25 20:30:00+00:00,514.0
2023-01-25 20:45:00+00:00,268.0
2023-01-25 21:00:00+00:00,582.0
2023-01-25 21:15:00+00:00,189.0
2023-01-25 21:30:00+00:00,-320.0
2023-01-25 21:45:00+00:00,-1248.0
2023-01-25 22:00:00+00:00,-2711.0
2023-01-25 22:15:00+00:00,-4225.0
2023-01-25 22:30:00+00:00,-5370.0
2023-01-25 22:45:00+00:00,-6130.0
2023-01-25 23:00:00+00:00,-6284.0
2023-01-25 23:15:00+00:00,-6039.0
2023-01-25 23:30:00+00:00,-5954.0
2023-01-25 23:45:00+00:00,-5526.0
2023-01-26 00:00:00+00:00,-5085.0
2023-01-26 00:15:00+00:00,-5107.0
2023-01-26 00:30:00+00:00,-5430.0
2023-01-26 00:45:00+00:00,-6473.0
2023-01-26 01:00:00+00:00,-6757.0
2023-01-26 01:15:00+00:00,-7776.0
2023-01-26 01:30:00+00:00,-8114.0
2023-01-26 01:45:00+00:00,-7328.0
2023-01-26 02:00:00+00:00,-6448.0
2023-01-26 02:15:00+00:00,-5702.0
2023-01-26 02:30:00+00:00,-6260.0
2023-01-26 02:45:00+00:00,-6364.0
2023-01-26 03:00:00+00:00,-6291.0
2023-01-26 03:15:00+00:00,-6458.0
2023-01-26 03:30:00+00:00,-7069.0
2023-01-26 03:45:00+00:00,-7460.0
2023-01-26 04:00:00+00:00,-8210.0
2023-01-26 04:15:00+00:00,-7658.0
2023-01-26 04:30:00+00:00,-7958.0
2023-01-26 04:45:00+00:00,-8054.0
2023-01-26 05:00:00+00:00,-6884.0
2023-01-26 05:15:00+00:00,-5741.0
2023-01-26 05:30:00+00:00,-6111.0
2023-01-26 05:45:00+00:00,-6083.0
2023-01-26 06:00:00+00:00,-6136.0
2023-01-26 06:15:00+00:00,-6009.0
2023-01-26 06:30:00+00:00,-5971.0
2023-01-26 06:45:00+00:00,-5849.0
2023-01-26 07:00:00+00:00,-6181.0
2023-01-26 07:15:00+00:00,-7025.0
2023-01-26 07:30:00+00:00,-5997.0
2023-01-26 07:45:00+00:00,-5895.0
2023-01-26 08:00:00+00:00,-6285.0
2023-01-26 08:15:00+00:00,-6060.0
2023-01-26 08:30:00+00:00,-5497.0
2023-01-26 08:45:00+00:00,-5750.0
2023-01-26 09:00:00+00:00,-6162.0
2023-01-26 09:15:00+00:00,-6257.0
2023-01-26 09:30:00+00:00,-6912.0
2023-01-26 09:45:00+00:00,-7144.0
2023-01-26 10:00:00+00:00,-7197.0
2023-01-26 10:15:00+00:00,-7034.0
2023-01-26 10:30:00+00:00,-6606.0
2023-01-26 10:45:00+00:00,-6867.0
2023-01-26 11:00:00+00:00,-6795.0
2023-01-26 11:15:00+00:00,-6479.0
2023-01-26 11:30:00+00:00,-6970.0
2023-01-26 11:45:00+00:00,-6995.0
2023-01-26 12:00:00+00:00,-6906.0
2023-01-26 12:15:00+00:00,-7115.0
2023-01-26 12:30:00+00:00,-7043.0
2023-01-26 12:45:00+00:00,-6841.0
2023-01-26 13:00:00+00:00,-7024.0
2023-01-26 13:15:00+00:00,-7006.0
2023-01-26 13:30:00+00:00,-7130.0
2023-01-26 13:45:00+00:00,-7189.0
2023-01-26 14:00:00+00:00,-7576.0
2023-01-26 14:15:00+00:00,-7055.0
2023-01-26 14:30:00+00:00,-6563.0
2023-01-26 14:45:00+00:00,-7044.0
2023-01-26 15:00:00+00:00,-6914.0
2023-01-26 15:15:00+00:00,-7083.0
2023-01-26 15:30:00+00:00,-7050.0
2023-01-26 15:45:00+00:00,-6752.0
2023-01-26 16:00:00+00:00,-6410.0
2023-01-26 16:15:00+00:00,-5997.0
2023-01-26 16:30:00+00:00,-5907.0
2023-01-26 16:45:00+00:00,-5540.0
2023-01-26 17:00:00+00:00,-4636.0
2023-01-26 17:15:00+00:00,-5126.0
2023-01-26 17:30:00+00:00,-6073.0
2023-01-26 17:45:00+00:00,-6401.0
2023-01-26 18:00:00+00:00,-5557.0
2023-01-26 18:15:00+00:00,-5857.0
2023-01-26 18:30:00+00:00,-6135.0
2023-01-26 18:45:00+00:00,-6380.0
2023-01-26 19:00:00+00:00,-5781.0
2023-01-26 19:15:00+00:00,-6652.0
2023-01-26 19:30:00+00:00,-6694.0
2023-01-26 19:45:00+00:00,-6810.0
2023-01-26 20:00:00+00:00,-6251.0
2023-01-26 20:15:00+00:00,-6533.0
2023-01-26 20:30:00+00:00,-5783.0
2023-01-26 20:45:00+00:00,-6238.0
2023-01-26 21:00:00+00:00,-6682.0
2023-01-26 21:15:00+00:00,-6779.0
2023-01-26 21:30:00+00:00,-6404.0
2023-01-26 21:45:00+00:00,-6512.0
2023-01-26 22:00:00+00:00,-6385.0
2023-01-26 22:15:00+00:00,-6659.0
2023-01-26 22:30:00+00:00,-6541.0
2023-01-26 22:45:00+00:00,-6153.0
2023-01-26 23:00:00+00:00,-5754.0
2023-01-26 23:15:00+00:00,-5522.0
2023-01-26 23:30:00+00:00,-7968.0
2023-01-26 23:45:00+00:00,-7799.0
2023-01-27 00:00:00+00:00,-7324.0
2023-01-27 00:15:00+00:00,-7124.0
2023-01-27 00:30:00+00:00,-7407.0
2023-01-27 00:45:00+00:00,-7479.0
2023-01-27 01:00:00+00:00,-7536.0
2023-01-27 01:15:00+00:00,-7519.0
2023-01-27 01:30:00+00:00,-7115.0
2023-01-27 01:45:00+00:00,-6607.0
2023-01-27 02:00:00+00:00,-6389.0
2023-01-27 02:15:00+00:00,-5964.0
2023-01-27 02:30:00+00:00,-4989.0
2023-01-27 02:45:00+00:00,-4625.0
2023-01-27 03:00:00+00:00,-4464.0
2023-01-27 03:15:00+00:00,-5401.0
2023-01-27 03:30:00+00:00,-6361.0
2023-01-27 03:45:00+00:00,-6005.0
2023-01-27 04:00:00+00:00,-7581.0
2023-01-27 04:15:00+00:00,-8377.0
2023-01-27 04:30:00+00:00,-8543.0
2023-01-27 04:45:00+00:00,-7462.0
2023-01-27 05:00:00+00:00,-6863.0
2023-01-27 05:15:00+00:00,-6317.0
2023-01-27 05:30:00+00:00,-7752.0
2023-01-27 05:45:00+00:00,-7389.0
2023-01-27 06:00:00+00:00,-7442.0
2023-01-27 06:15:00+00:00,-7641.0
2023-01-27 06:30:00+00:00,-7917.0
2023-01-27 06:45:00+00:00,-8046.0
2023-01-27 07:00:00+00:00,-8050.0
2023-01-27 07:15:00+00:00,-7090.0
2023-01-27 07:30:00+00:00,-6741.0
2023-01-27 07:45:00+00:00,-6711.0
2023-01-27 08:00:00+00:00,-5429.0
2023-01-27 08:15:00+00:00,-4049.0
2023-01-27 08:30:00+00:00,-2768.0
2023-01-27 08:45:00+00:00,-2270.0
2023-01-27 09:00:00+00:00,-2516.0
2023-01-27 09:15:00+00:00,-2876.0
2023-01-27 09:30:00+00:00,-3742.0
2023-01-27 09:45:00+00:00,-4478.0
2023-01-27 10:00:00+00:00,-5735.0
2023-01-27 10:15:00+00:00,-6113.0
2023-01-27 10:30:00+00:00,-6759.0
2023-01-27 10:45:00+00:00,-7045.0
2023-01-27 11:00:00+00:00,-6058.0
2023-01-27 11:15:00+00:00,-6146.0
2023-01-27 11:30:00+00:00,-6067.0
2023-01-27 11:45:00+00:00,-6026.0
2023-01-27 12:00:00+00:00,-6152.0
2023-01-27 12:15:00+00:00,-6160.0
2023-01-27 12:30:00+00:00,-6125.0
2023-01-27 12:45:00+00:00,-5746.0
2023-01-27 13:00:00+00:00,-4580.0
2023-01-27 13:15:00+00:00,-4973.0
2023-01-27 13:30:00+00:00,-4591.0
2023-01-27 13:45:00+00:00,-5562.0
2023-01-27 14:00:00+00:00,-6092.0
2023-01-27 14:15:00+00:00,-6187.0
2023-01-27 14:30:00+00:00,-5157.0
2023-01-27 14:45:00+00:00,-5976.0
2023-01-27 15:00:00+00:00,-6039.0
2023-01-27 15:15:00+00:00,-6398.0
2023-01-27 15:30:00+00:00,-5796.0
2023-01-27 15:45:00+00:00,-6322.0
2023-01-27 16:00:00+00:00,-6925.0
2023-01-27 16:15:00+00:00,-6846.0
2023-01-27 16:30:00+00:00,-6579.0
2023-01-27 16:45:00+00:00,-6756.0
2023-01-27 17:00:00+00:00,-6536.0
2023-01-27 17:15:00+00:00,-6717.0
2023-01-27 17:30:00+00:00,-6187.0
2023-01-27 17:45:00+00:00,-5911.0
2023-01-27 18:00:00+00:00,-6104.0
2023-01-27 18:15:00+00:00,-6053.0
2023-01-27 18:30:00+00:00,-6059.0
2023-01-27 18:45:00+00:00,-6108.0
2023-01-27 19:00:00+00:00,-6888.0
2023-01-27 19:15:00+00:00,-6711.0
2023-01-27 19:30:00+00:00,-6734.0
2023-01-27 19:45:00+00:00,-7256.0
2023-01-27 20:00:00+00:00,-7625.0
2023-01-27 20:15:00+00:00,-7434.0
2023-01-27 20:30:00+00:00,-6935.0
2023-01-27 20:45:00+00:00,-6992.0
2023-01-27 21:00:00+00:00,-7357.0
2023-01-27 21:15:00+00:00,-6945.0
2023-01-27 21:30:00+00:00,-6877.0
2023-01-27 21:45:00+00:00,-6948.0
2023-01-27 22:00:00+00:00,-7073.0
2023-01-27 22:15:00+00:00,-6722.0
2023-01-27 22:30:00+00:00,-6554.0
2023-01-27 22:45:00+00:00,-6950.0
2023-01-27 23:00:00+00:00,-6842.0
2023-01-27 23:15:00+00:00,-6099.0
2023-01-27 23:30:00+00:00,-6167.0
2023-01-27 23:45:00+00:00,-6044.0
2023-01-28 00:00:00+00:00,-6035.0
2023-01-28 00:15:00+00:00,-6002.0
2023-01-28 00:30:00+00:00,-5982.0
2023-01-28 00:45:00+00:00,-5936.0
2023-01-28 01:00:00+00:00,-7061.0
2023-01-28 01:15:00+00:00,-6618.0
2023-01-28 01:30:00+00:00,-6740.0
2023-01-28 01:45:00+00:00,-7196.0
2023-01-28 02:00:00+00:00,-6297.0
2023-01-28 02:15:00+00:00,-6140.0
2023-01-28 02:30:00+00:00,-6008.0
2023-01-28 02:45:00+00:00,-5921.0
2023-01-28 03:00:00+00:00,-6438.0
2023-01-28 03:15:00+00:00,-6386.0
2023-01-28 03:30:00+00:00,-6684.0
2023-01-28 03:45:00+00:00,-7105.0
2023-01-28 04:00:00+00:00,-8387.0
2023-01-28 04:15:00+00:00,-7596.0
2023-01-28 04:30:00+00:00,-8041.0
2023-01-28 04:45:00+00:00,-6904.0
2023-01-28 05:00:00+00:00,-7328.0
2023-01-28 05:15:00+00:00,-6510.0
2023-01-28 05:30:00+00:00,-7391.0
2023-01-28 05:45:00+00:00,-7386.0
2023-01-28 06:00:00+00:00,-6924.0
2023-01-28 06:15:00+00:00,-6841.0
2023-01-28 06:30:00+00:00,-7004.0
2023-01-28 06:45:00+00:00,-7172.0
2023-01-28 07:00:00+00:00,-7249.0
2023-01-28 07:15:00+00:00,-7952.0
2023-01-28 07:30:00+00:00,-7756.0
2023-01-28 07:45:00+00:00,-8006.0
2023-01-28 08:00:00+00:00,-7958.0
2023-01-28 08:15:00+00:00,-7527.0
2023-01-28 08:30:00+00:00,-6404.0
2023-01-28 08:45:00+00:00,-6875.0
2023-01-28 09:00:00+00:00,-7048.0
2023-01-28 09:15:00+00:00,-7875.0
2023-01-28 09:30:00+00:00,-8087.0
2023-01-28 09:45:00+00:00,-7553.0
2023-01-28 10:00:00+00:00,-7807.0
2023-01-28 10:15:00+00:00,-8029.0
2023-01-28 10:30:00+00:00,-7778.0
2023-01-28 10:45:00+00:00,-7446.0
2023-01-28 11:00:00+00:00,-6829.0
2023-01-28 11:15:00+00:00,-7273.0
2023-01-28 11:30:00+00:00,-8216.0
2023-01-28 11:45:00+00:00,-8326.0
2023-01-28 12:00:00+00:00,-7269.0
2023-01-28 12:15:00+00:00,-7310.0
2023-01-28 12:30:00+00:00,-7277.0
2023-01-28 12:45:00+00:00,-7323.0
2023-01-28 13:00:00+00:00,-7800.0
2023-01-28 13:15:00+00:00,-6966.0
2023-01-28 13:30:00+00:00,-6881.0
2023-01-28 13:45:00+00:00,-6868.0
2023-01-28 14:00:00+00:00,-6969.0
2023-01-28 14:15:00+00:00,-6641.0
2023-01-28 14:30:00+00:00,-6579.0
2023-01-28 14:45:00+00:00,-6749.0
2023-01-28 15:00:00+00:00,-6439.0
2023-01-28 15:15:00+00:00,-7126.0
2023-01-28 15:30:00+00:00,-7202.0
2023-01-28 15:45:00+00:00,-7272.0
2023-01-28 16:00:00+00:00,-7771.0
2023-01-28 16:15:00+00:00,-8061.0
2023-01-28 16:30:00+00:00,-8027.0
2023-01-28 16:45:00+00:00,-7193.0
2023-01-28 17:00:00+00:00,-7258.0
2023-01-28 17:15:00+00:00,-6290.0
2023-01-28 17:30:00+00:00,-6199.0
2023-01-28 17:45:00+00:00,-6078.0
2023-01-28 18:00:00+00:00,-6176.0
2023-01-28 18:15:00+00:00,-6154.0
2023-01-28 18:30:00+00:00,-6163.0
2023-01-28 18:45:00+00:00,-6087.0
2023-01-28 19:00:00+00:00,-6020.0
2023-01-28 19:15:00+00:00,-6440.0
2023-01-28 19:30:00+00:00,-6140.0
2023-01-28 19:45:00+00:00,-6415.0
2023-01-28 20:00:00+00:00,-6559.0
2023-01-28 20:15:00+00:00,-5825.0
2023-01-28 20:30:00+00:00,-5647.0
2023-01-28 20:45:00+00:00,-5298.0
2023-01-28 21:00:00+00:00,-5439.0
2023-01-28 21:15:00+00:00,-5853.0
2023-01-28 21:30:00+00:00,-6325.0
2023-01-28 21:45:00+00:00,-7342.0
2023-01-28 22:00:00+00:00,-8452.0
2023-01-28 22:15:00+00:00,-8498.0
2023-01-28 22:30:00+00:00,-8403.0
2023-01-28 22:45:00+00:00,-7389.0
2023-01-28 23:00:00+00:00,-7445.0
2023-01-28 23:15:00+00:00,-6767.0
2023-01-28 23:30:00+00:00,-6812.0
2023-01-28 23:45:00+00:00,-6861.0
2023-01-29 00:00:00+00:00,-6612.0
2023-01-29 00:15:00+00:00,-6205.0
2023-01-29 00:30:00+00:00,-6140.0
2023-01-29 00:45:00+00:00,-6116.0
2023-01-29 01:00:00+00:00,-6136.0
2023-01-29 01:15:00+00:00,-6100.0
2023-01-29 01:30:00+00:00,-6035.0
2023-01-29 01:45:00+00:00,-5665.0
2023-01-29 02:00:00+00:00,-5357.0
2023-01-29 02:15:00+00:00,-3845.0
2023-01-29 02:30:00+00:00,-3275.0
2023-01-29 02:45:00+00:00,-2622.0
2023-01-29 03:00:00+00:00,-2787.0
2023-01-29 03:15:00+00:00,-3034.0
2023-01-29 03:30:00+00:00,-3948.0
2023-01-29 03:45:00+00:00,-5604.0
2023-01-29 04:00:00+00:00,-5889.0
2023-01-29 04:15:00+00:00,-5794.0
2023-01-29 04:30:00+00:00,-5840.0
2023-01-29 04:45:00+00:00,-5769.0
2023-01-29 05:00:00+00:00,-5980.0
2023-01-29 05:15:00+00:00,-5883.0
2023-01-29 05:30:00+00:00,-6078.0
2023-01-29 05:45:00+00:00,-5306.0
2023-01-29 06:00:00+00:00,-4829.0
2023-01-29 06:15:00+00:00,-4660.0
2023-01-29 06:30:00+00:00,-4798.0
2023-01-29 06:45:00+00:00,-5512.0
2023-01-29 07:00:00+00:00,-5915.0
2023-01-29 07:15:00+00:00,-5319.0
2023-01-29 07:30:00+00:00,-4996.0
2023-01-29 07:45:00+00:00,-5322.0
2023-01-29 08:00:00+00:00,-4950.0
2023-01-29 08:15:00+00:00,-3731.0
2023-01-29 08:30:00+00:00,-2381.0
2023-01-29 08:45:00+00:00,-1910.0
2023-01-29 09:00:00+00:00,-2161.0
2023-01-29 09:15:00+00:00,-2592.0
2023-01-29 09:30:00+00:00,-2938.0
2023-01-29 09:45:00+00:00,-3690.0
2023-01-29 10:00:00+00:00,-5216.0
2023-01-29 10:15:00+00:00,-5909.0
2023-01-29 10:30:00+00:00,-6529.0
2023-01-29 10:45:00+00:00,-6624.0
2023-01-29 11:00:00+00:00,-5408.0
2023-01-29 11:15:00+00:00,-6142.0
2023-01-29 11:30:00+00:00,-5306.0
2023-01-29 11:45:00+00:00,-5486.0
2023-01-29 12:00:00+00:00,-5055.0
2023-01-29 12:15:00+00:00,-4923.0
2023-01-29 12:30:00+00:00,-5010.0
2023-01-29 12:45:00+00:00,-5253.0
2023-01-29 13:00:00+00:00,-3579.0
2023-01-29 13:15:00+00:00,-2426.0
2023-01-29 13:30:00+00:00,-1005.0
2023-01-29 13:45:00+00:00,-233.0
2023-01-29 14:00:00+00:00,-955.0
2023-01-29 14:15:00+00:00,-897.0
2023-01-29 14:30:00+00:00,-513.0
2023-01-29 14:45:00+00:00,60.0
2023-01-29 15:00:00+00:00,54.0
2023-01-29 15:15:00+00:00,-241.0
2023-01-29 15:30:00+00:00,-1035.0
2023-01-29 15:45:00+00:00,-3048.0
2023-01-29 16:00:00+00:00,-3476.0
2023-01-29 16:15:00+00:00,-4466.0
2023-01-29 16:30:00+00:00,-5287.0
2023-01-29 16:45:00+00:00,-5667.0
2023-01-29 17:00:00+00:00,-5774.0
2023-01-29 17:15:00+00:00,-5229.0
2023-01-29 17:30:00+00:00,-5603.0
2023-01-29 17:45:00+00:00,-5885.0
2023-01-29 18:00:00+00:00,-5284.0
2023-01-29 18:15:00+00:00,-4531.0
2023-01-29 18:30:00+00:00,-4413.0
2023-01-29 18:45:00+00:00,-5181.0
2023-01-29 19:00:00+00:00,-3385.0
2023-01-29 19:15:00+00:00,-3349.0
2023-01-29 19:30:00+00:00,-3938.0
2023-01-29 19:45:00+00:00,-3164.0
2023-01-29 20:00:00+00:00,-2801.0
2023-01-29 20:15:00+00:00,-3417.0
2023-01-29 20:30:00+00:00,-2345.0
2023-01-29 20:45:00+00:00,-2753.0
2023-01-29 21:00:00+00:00,-4575.0
2023-01-29 21:15:00+00:00,-5610.0
2023-01-29 21:30:00+00:00,-6418.0
2023-01-29 21:45:00+00:00,-6080.0
2023-01-29 22:00:00+00:00,-5172.0
2023-01-29 22:15:00+00:00,-6252.0
2023-01-29 22:30:00+00:00,-6654.0
2023-01-29 22:45:00+00:00,-6548.0
2023-01-29 23:00:00+00:00,-6598.0
2023-01-29 23:15:00+00:00,-5831.0
2023-01-29 23:30:00+00:00,-6134.0
2023-01-29 23:45:00+00:00,-6093.0
2023-01-30 00:00:00+00:00,-6179.0
2023-01-30 00:15:00+00:00,-6122.0
2023-01-30 00:30:00+00:00,-6220.0
2023-01-30 00:45:00+00:00,-6155.0
2023-01-30 01:00:00+00:00,-7354.0
2023-01-30 01:15:00+00:00,-7797.0
2023-01-30 01:30:00+00:00,-7666.0
2023-01-30 01:45:00+00:00,-6506.0
2023-01-30 02:00:00+00:00,-6607.0
2023-01-30 02:15:00+00:00,-6458.0
2023-01-30 02:30:00+00:00,-5302.0
2023-01-30 02:45:00+00:00,-4949.0
2023-01-30 03:00:00+00:00,-5936.0
2023-01-30 03:15:00+00:00,-6589.0
2023-01-30 03:30:00+00:00,-6980.0
2023-01-30 03:45:00+00:00,-6812.0
2023-01-30 04:00:00+00:00,-6969.0
2023-01-30 04:15:00+00:00,-7003.0
2023-01-30 04:30:00+00:00,-7136.0
2023-01-30 04:45:00+00:00,-7182.0
2023-01-30 05:00:00+00:00,-7243.0
2023-01-30 05:15:00+00:00,-6411.0
2023-01-30 05:30:00+00:00,-6162.0
2023-01-30 05:45:00+00:00,-6052.0
2023-01-30 06:00:00+00:00,-6134.0
2023-01-30 06:15:00+00:00,-6208.0
2023-01-30 06:30:00+00:00,-6047.0
2023-01-30 06:45:00+00:00,-6065.0
2023-01-30 07:00:00+00:00,-7091.0
2023-01-30 07:15:00+00:00,-6331.0
2023-01-30 07:30:00+00:00,-6343.0
2023-01-30 07:45:00+00:00,-6369.0
2023-01-30 08:00:00+00:00,-6447.0
2023-01-30 08:15:00+00:00,-5631.0
2023-01-30 08:30:00+00:00,-5177.0
2023-01-30 08:45:00+00:00,-5541.0
2023-01-30 09:00:00+00:00,-5246.0
2023-01-30 09:15:00+00:00,-5619.0
2023-01-30 09:30:00+00:00,-6230.0
2023-01-30 09:45:00+00:00,-6559.0
2023-01-30 10:00:00+00:00,-8153.0
2023-01-30 10:15:00+00:00,-8009.0
2023-01-30 10:30:00+00:00,-7993.0
2023-01-30 10:45:00+00:00,-7506.0
2023-01-30 11:00:00+00:00,-7001.0
2023-01-30 11:15:00+00:00,-7439.0
2023-01-30 11:30:00+00:00,-7974.0
2023-01-30 11:45:00+00:00,-8127.0
2023-01-30 12:00:00+00:00,-8149.0
2023-01-30 12:15:00+00:00,-8118.0
2023-01-30 12:30:00+00:00,-7989.0
2023-01-30 12:45:00+00:00,-8146.0
2023-01-30 13:00:00+00:00,-7989.0
2023-01-30 13:15:00+00:00,-8081.0
2023-01-30 13:30:00+00:00,-7898.0
2023-01-30 13:45:00+00:00,-6708.0
2023-01-30 14:00:00+00:00,-6496.0
2023-01-30 14:15:00+00:00,-6507.0
2023-01-30 14:30:00+00:00,-6280.0
2023-01-30 14:45:00+00:00,-5740.0
2023-01-30 15:00:00+00:00,-5889.0
2023-01-30 15:15:00+00:00,-6735.0
2023-01-30 15:30:00+00:00,-7172.0
2023-01-30 15:45:00+00:00,-7737.0
2023-01-30 16:00:00+00:00,-7424.0
2023-01-30 16:15:00+00:00,-8086.0
2023-01-30 16:30:00+00:00,-7963.0
2023-01-30 16:45:00+00:00,-7946.0
2023-01-30 17:00:00+00:00,-8061.0
2023-01-30 17:15:00+00:00,-7325.0
2023-01-30 17:30:00+00:00,-7947.0
2023-01-30 17:45:00+00:00,-8047.0
2023-01-30 18:00:00+00:00,-8063.0
2023-01-30 18:15:00+00:00,-7842.0
2023-01-30 18:30:00+00:00,-7603.0
2023-01-30 18:45:00+00:00,-7818.0
2023-01-30 19:00:00+00:00,-7062.0
2023-01-30 19:15:00+00:00,-6998.0
2023-01-30 19:30:00+00:00,-7321.0
2023-01-30 19:45:00+00:00,-6812.0
2023-01-30 20:00:00+00:00,-7397.0
2023-01-30 20:15:00+00:00,-7063.0
2023-01-30 20:30:00+00:00,-6186.0
2023-01-30 20:45:00+00:00,-5348.0
2023-01-30 21:00:00+00:00,-4911.0
2023-01-30 21:15:00+00:00,-5423.0
2023-01-30 21:30:00+00:00,-6225.0
2023-01-30 21:45:00+00:00,-7866.0
2023-01-30 22:00:00+00:00,-8129.0
2023-01-30 22:15:00+00:00,-8209.0
2023-01-30 22:30:00+00:00,-8022.0
2023-01-30 22:45:00+00:00,-8214.0
2023-01-30 23:00:00+00:00,-8068.0
2023-01-30 23:15:00+00:00,-8360.0
2023-01-30 23:30:00+00:00,-6774.0
2023-01-30 23:45:00+00:00,-6654.0
2023-01-31 00:00:00+00:00,-6508.0
2023-01-31 00:15:00+00:00,-6420.0
2023-01-31 00:30:00+00:00,-6184.0
2023-01-31 00:45:00+00:00,-6263.0
2023-01-31 01:00:00+00:00,-5564.0
2023-01-31 01:15:00+00:00,-5360.0
2023-01-31 01:30:00+00:00,-4664.0
2023-01-31 01:45:00+00:00,-3855.0
2023-01-31 02:00:00+00:00,-3745.0
2023-01-31 02:15:00+00:00,-3774.0
2023-01-31 02:30:00+00:00,-4404.0
2023-01-31 02:45:00+00:00,-4491.0
2023-01-31 03:00:00+00:00,-5351.0
2023-01-31 03:15:00+00:00,-5345.0
2023-01-31 03:30:00+00:00,-5245.0
2023-01-31 03:45:00+00:00,-5360.0
2023-01-31 04:00:00+00:00,-5860.0
2023-01-31 04:15:00+00:00,-5936.0
2023-01-31 04:30:00+00:00,-5664.0
2023-01-31 04:45:00+00:00,-4811.0
2023-01-31 05:00:00+00:00,-5096.0
2023-01-31 05:15:00+00:00,-4932.0
2023-01-31 05:30:00+00:00,-5366.0
2023-01-31 05:45:00+00:00,-5735.0
2023-01-31 06:00:00+00:00,-5056.0
2023-01-31 06:15:00+00:00,-4785.0
2023-01-31 06:30:00+00:00,-5329.0
2023-01-31 06:45:00+00:00,-5492.0
2023-01-31 07:00:00+00:00,-5084.0
2023-01-31 07:15:00+00:00,-4777.0
2023-01-31 07:30:00+00:00,-5296.0
2023-01-31 07:45:00+00:00,-4223.0
2023-01-31 08:00:00+00:00,-4290.0
2023-01-31 08:15:00+00:00,-4442.0
2023-01-31 08:30:00+00:00,-4713.0
2023-01-31 08:45:00+00:00,-5129.0
2023-01-31 09:00:00+00:00,-5099.0
2023-01-31 09:15:00+00:00,-4860.0
2023-01-31 09:30:00+00:00,-4620.0
2023-01-31 09:45:00+00:00,-4387.0
2023-01-31 10:00:00+00:00,-5867.0
2023-01-31 10:15:00+00:00,-5700.0
2023-01-31 10:30:00+00:00,-5966.0
2023-01-31 10:45:00+00:00,-5733.0
2023-01-31 11:00:00+00:00,-5511.0
2023-01-31 11:15:00+00:00,-6211.0
2023-01-31 11:30:00+00:00,-5789.0
2023-01-31 11:45:00+00:00,-5785.0
2023-01-31 12:00:00+00:00,-5690.0
2023-01-31 12:15:00+00:00,-5851.0
2023-01-31 12:30:00+00:00,-5707.0
2023-01-31 12:45:00+00:00,-5269.0
2023-01-31 13:00:00+00:00,-5992.0
2023-01-31 13:15:00+00:00,-5847.0
2023-01-31 13:30:00+00:00,-5679.0
2023-01-31 13:45:00+00:00,-5926.0
2023-01-31 14:00:00+00:00,-6041.0
2023-01-31 14:15:00+00:00,-6013.0
2023-01-31 14:30:00+00:00,-5699.0
2023-01-31 14:45:00+00:00,-5322.0
2023-01-31 15:00:00+00:00,-4467.0
2023-01-31 15:15:00+00:00,-4818.0
2023-01-31 15:30:00+00:00,-4764.0
2023-01-31 15:45:00+00:00,-4678.0
2023-01-31 16:00:00+00:00,-5333.0
2023-01-31 16:15:00+00:00,-5568.0
2023-01-31 16:30:00+00:00,-5818.0
2023-01-31 16:45:00+00:00,-5250.0
2023-01-31 17:00:00+00:00,-4762.0
2023-01-31 17:15:00+00:00,-5392.0
2023-01-31 17:30:00+00:00,-5775.0
2023-01-31 17:45:00+00:00,-6055.0
2023-01-31 18:00:00+00:00,-5895.0
2023-01-31 18:15:00+00:00,-5969.0
2023-01-31 18:30:00+00:00,-6149.0
2023-01-31 18:45:00+00:00,-6104.0
2023-01-31 19:00:00+00:00,-5568.0
2023-01-31 19:15:00+00:00,-5418.0
2023-01-31 19:30:00+00:00,-5216.0
2023-01-31 19:45:00+00:00,-5086.0
2023-01-31 20:00:00+00:00,-5800.0
2023-01-31 20:15:00+00:00,-5895.0
2023-01-31 20:30:00+00:00,-5149.0
2023-01-31 20:45:00+00:00,-5581.0
2023-01-31 21:00:00+00:00,-5489.0
2023-01-31 21:15:00+00:00,-5549.0
2023-01-31 21:30:00+00:00,-5655.0
2023-01-31 21:45:00+00:00,-5214.0
2023-01-31 22:00:00+00:00,-6197.0
2023-01-31 22:15:00+00:00,-5987.0
2023-01-31 22:30:00+00:00,-6174.0
2023-01-31 22:45:00+00:00,-6058.0
2023-01-31 23:00:00+00:00,-6359.0
2023-01-31 23:15:00+00:00,-6237.0
2023-01-31 23:30:00+00:00,-5493.0
2023-01-31 23:45:00+00:00,-5638.0
2023-02-01 00:00:00+00:00,-5619.0
2023-02-01 00:15:00+00:00,-5518.0
2023-02-01 00:30:00+00:00,-5507.0
2023-02-01 00:45:00+00:00,-5399.0
2023-02-01 01:00:00+00:00,-5561.0
2023-02-01 01:15:00+00:00,-5801.0
2023-02-01 01:30:00+00:00,-5633.0
2023-02-01 01:45:00+00:00,-6336.0
2023-02-01 02:00:00+00:00,-6305.0
2023-02-01 02:15:00+00:00,-6272.0
2023-02-01 02:30:00+00:00,-5890.0
2023-02-01 02:45:00+00:00,-5691.0
2023-02-01 03:00:00+00:00,-5856.0
2023-02-01 03:15:00+00:00,-5934.0
2023-02-01 03:30:00+00:00,-5877.0
2023-02-01 03:45:00+00:00,-5692.0
2023-02-01 04:00:00+00:00,-6154.0
2023-02-01 04:15:00+00:00,-6048.0
2023-02-01 04:30:00+00:00,-6086.0
2023-02-01 04:45:00+00:00,-5956.0
2023-02-01 05:00:00+00:00,-6092.0
2023-02-01 05:15:00+00:00,-5496.0
2023-02-01 05:30:00+00:00,-5577.0
2023-02-01 05:45:00+00:00,-5816.0
2023-02-01 06:00:00+00:00,-5704.0
2023-02-01 06:15:00+00:00,-5789.0
2023-02-01 06:30:00+00:00,-5850.0
2023-02-01 06:45:00+00:00,-5829.0
2023-02-01 07:00:00+00:00,-5782.0
2023-02-01 07:15:00+00:00,-5354.0
2023-02-01 07:30:00+00:00,-5428.0
2023-02-01 07:45:00+00:00,-5224.0
2023-02-01 08:00:00+00:00,-5596.0
2023-02-01 08:15:00+00:00,-4049.0
2023-02-01 08:30:00+00:00,-2570.0
2023-02-01 08:45:00+00:00,-2225.0
2023-02-01 09:00:00+00:00,-2442.0
2023-02-01 09:15:00+00:00,-3095.0
2023-02-01 09:30:00+00:00,-4544.0
2023-02-01 09:45:00+00:00,-5550.0
2023-02-01 10:00:00+00:00,-5320.0
2023-02-01 10:15:00+00:00,-4874.0
2023-02-01 10:30:00+00:00,-5102.0
2023-02-01 10:45:00+00:00,-5331.0
2023-02-01 11:00:00+00:00,-5313.0
2023-02-01 11:15:00+00:00,-4775.0
2023-02-01 11:30:00+00:00,-5593.0
2023-02-01 11:45:00+00:00,-5766.0
2023-02-01 12:00:00+00:00,-5955.0
2023-02-01 12:15:00+00:00,-6184.0
2023-02-01 12:30:00+00:00,-6468.0
2023-02-01 12:45:00+00:00,-6413.0
2023-02-01 13:00:00+00:00,-6439.0
2023-02-01 13:15:00+00:00,-5710.0
2023-02-01 13:30:00+00:00,-4849.0
2023-02-01 13:45:00+00:00,-3463.0
2023-02-01 14:00:00+00:00,-2926.0
2023-02-01 14:15:00+00:00,-2290.0
2023-02-01 14:30:00+00:00,-1475.0
2023-02-01 14:45:00+00:00,-673.0
2023-02-01 15:00:00+00:00,-993.0
2023-02-01 15:15:00+00:00,-1769.0
2023-02-01 15:30:00+00:00,-3230.0
2023-02-01 15:45:00+00:00,-5547.0
2023-02-01 16:00:00+00:00,-6250.0
2023-02-01 16:15:00+00:00,-6091.0
2023-02-01 16:30:00+00:00,-6347.0
2023-02-01 16:45:00+00:00,-5902.0
2023-02-01 17:00:00+00:00,-5974.0
2023-02-01 17:15:00+00:00,-5841.0
2023-02-01 17:30:00+00:00,-5882.0
2023-02-01 17:45:00+00:00,-5823.0
2023-02-01 18:00:00+00:00,-6013.0
2023-02-01 18:15:00+00:00,-6065.0
2023-02-01 18:30:00+00:00,-5687.0
2023-02-01 18:45:00+00:00,-5885.0
2023-02-01 19:00:00+00:00,-5721.0
2023-02-01 19:15:00+00:00,-6148.0
2023-02-01 19:30:00+00:00,-5155.0
2023-02-01 19:45:00+00:00,-4143.0
2023-02-01 20:00:00+00:00,-4073.0
2023-02-01 20:15:00+00:00,-3844.0
2023-02-01 20:30:00+00:00,-4415.0
2023-02-01 20:45:00+00:00,-4484.0
2023-02-01 21:00:00+00:00,-4585.0
2023-02-01 21:15:00+00:00,-5771.0
2023-02-01 21:30:00+00:00,-6288.0
2023-02-01 21:45:00+00:00,-6085.0
2023-02-01 22:00:00+00:00,-6180.0
2023-02-01 22:15:00+00:00,-6209.0
2023-02-01 22:30:00+00:00,-5926.0
2023-02-01 22:45:00+00:00,-5106.0
2023-02-01 23:00:00+00:00,-4912.0
2023-02-01 23:15:00+00:00,-4423.0
2023-02-01 23:30:00+00:00,-4658.0
2023-02-01 23:45:00+00:00,-4838.0
2023-02-02 00:00:00+00:00,-4830.0
2023-02-02 00:15:00+00:00,-5145.0
2023-02-02 00:30:00+00:00,-4828.0
2023-02-02 00:45:00+00:00,-4838.0
2023-02-02 01:00:00+00:00,-4585.0
2023-02-02 01:15:00+00:00,-5662.0
2023-02-02 01:30:00+00:00,-5627.0
2023-02-02 01:45:00+00:00,-4501.0
2023-02-02 02:00:00+00:00,-4689.0
2023-02-02 02:15:00+00:00,-4426.0
2023-02-02 02:30:00+00:00,-4138.0
2023-02-02 02:45:00+00:00,-5194.0
2023-02-02 03:00:00+00:00,-5482.0
2023-02-02 03:15:00+00:00,-6154.0
2023-02-02 03:30:00+00:00,-6669.0
2023-02-02 03:45:00+00:00,-6434.0
2023-02-02 04:00:00+00:00,-6283.0
2023-02-02 04:15:00+00:00,-6021.0
2023-02-02 04:30:00+00:00,-6036.0
2023-02-02 04:45:00+00:00,-5689.0
2023-02-02 05:00:00+00:00,-5546.0
2023-02-02 05:15:00+00:00,-5157.0
2023-02-02 05:30:00+00:00,-5079.0
2023-02-02 05:45:00+00:00,-5163.0
2023-02-02 06:00:00+00:00,-5200.0
2023-02-02 06:15:00+00:00,-5725.0
2023-02-02 06:30:00+00:00,-5724.0
2023-02-02 06:45:00+00:00,-5797.0
2023-02-02 07:00:00+00:00,-5304.0
2023-02-02 07:15:00+00:00,-4423.0
2023-02-02 07:30:00+00:00,-5097.0
2023-02-02 07:45:00+00:00,-5073.0
2023-02-02 08:00:00+00:00,-5138.0
2023-02-02 08:15:00+00:00,-5007.0
2023-02-02 08:30:00+00:00,-5519.0
2023-02-02 08:45:00+00:00,-5647.0
2023-02-02 09:00:00+00:00,-5732.0
2023-02-02 09:15:00+00:00,-5415.0
2023-02-02 09:30:00+00:00,-5675.0
2023-02-02 09:45:00+00:00,-5067.0
2023-02-02 10:00:00+00:00,-4184.0
2023-02-02 10:15:00+00:00,-4007.0
2023-02-02 10:30:00+00:00,-4182.0
2023-02-02 10:45:00+00:00,-3391.0
2023-02-02 11:00:00+00:00,-3186.0
2023-02-02 11:15:00+00:00,-4599.0
2023-02-02 11:30:00+00:00,-4646.0
2023-02-02 11:45:00+00:00,-4888.0
2023-02-02 12:00:00+00:00,-4792.0
2023-02-02 12:15:00+00:00,-4729.0
2023-02-02 12:30:00+00:00,-4906.0
2023-02-02 12:45:00+00:00,-4892.0
2023-02-02 13:00:00+00:00,-4738.0
2023-02-02 13:15:00+00:00,-4493.0
2023-02-02 13:30:00+00:00,-4207.0
2023-02-02 13:45:00+00:00,-4212.0
2023-02-02 14:00:00+00:00,-4608.0
2023-02-02 14:15:00+00:00,-4849.0
2023-02-02 14:30:00+00:00,-3997.0
2023-02-02 14:45:00+00:00,-4832.0
2023-02-02 15:00:00+00:00,-5641.0
2023-02-02 15:15:00+00:00,-5885.0
2023-02-02 15:30:00+00:00,-5592.0
2023-02-02 15:45:00+00:00,-5631.0
2023-02-02 16:00:00+00:00,-4666.0
2023-02-02 16:15:00+00:00,-5097.0
2023-02-02 16:30:00+00:00,-4929.0
2023-02-02 16:45:00+00:00,-4882.0
2023-02-02 17:00:00+00:00,-5073.0
2023-02-02 17:15:00+00:00,-5072.0
2023-02-02 17:30:00+00:00,-6336.0
2023-02-02 17:45:00+00:00,-6206.0
2023-02-02 18:00:00+00:00,-6388.0
2023-02-02 18:15:00+00:00,-6733.0
2023-02-02 18:30:00+00:00,-6868.0
2023-02-02 18:45:00+00:00,-6820.0
2023-02-02 19:00:00+00:00,-6121.0
2023-02-02 19:15:00+00:00,-6653.0
2023-02-02 19:30:00+00:00,-7222.0
2023-02-02 19:45:00+00:00,-6216.0
2023-02-02 20:00:00+00:00,-6206.0
2023-02-02 20:15:00+00:00,-6117.0
2023-02-02 20:30:00+00:00,-5587.0
2023-02-02 20:45:00+00:00,-5580.0
2023-02-02 21:00:00+00:00,-6087.0
2023-02-02 21:15:00+00:00,-6250.0
2023-02-02 21:30:00+00:00,-6354.0
2023-02-02 21:45:00+00:00,-6441.0
2023-02-02 22:00:00+00:00,-6556.0
2023-02-02 22:15:00+00:00,-7231.0
2023-02-02 22:30:00+00:00,-6997.0
2023-02-02 22:45:00+00:00,-6429.0
2023-02-02 23:00:00+00:00,-6506.0
2023-02-02 23:15:00+00:00,-5902.0
2023-02-02 23:30:00+00:00,-6984.0
2023-02-02 23:45:00+00:00,-7069.0
2023-02-03 00:00:00+00:00,-7074.0
2023-02-03 00:15:00+00:00,-7409.0
2023-02-03 00:30:00+00:00,-7436.0
2023-02-03 00:45:00+00:00,-7209.0
2023-02-03 01:00:00+00:00,-6427.0
2023-02-03 01:15:00+00:00,-6286.0
2023-02-03 01:30:00+00:00,-6329.0
2023-02-03 01:45:00+00:00,-5468.0
2023-02-03 02:00:00+00:00,-5582.0
2023-02-03 02:15:00+00:00,-5303.0
2023-02-03 02:30:00+00:00,-4883.0
2023-02-03 02:45:00+00:00,-4677.0
2023-02-03 03:00:00+00:00,-4844.0
2023-02-03 03:15:00+00:00,-5247.0
2023-02-03 03:30:00+00:00,-6156.0
2023-02-03 03:45:00+00:00,-6648.0
2023-02-03 04:00:00+00:00,-7073.0
2023-02-03 04:15:00+00:00,-6463.0
2023-02-03 04:30:00+00:00,-6433.0
2023-02-03 04:45:00+00:00,-6539.0
2023-02-03 05:00:00+00:00,-6251.0
2023-02-03 05:15:00+00:00,-6179.0
2023-02-03 05:30:00+00:00,-6627.0
2023-02-03 05:45:00+00:00,-6597.0
2023-02-03 06:00:00+00:00,-6215.0
2023-02-03 06:15:00+00:00,-6240.0
2023-02-03 06:30:00+00:00,-6373.0
2023-02-03 06:45:00+00:00,-6098.0
2023-02-03 07:00:00+00:00,-5398.0
2023-02-03 07:15:00+00:00,-5317.0
2023-02-03 07:30:00+00:00,-5331.0
2023-02-03 07:45:00+00:00,-5627.0
2023-02-03 08:00:00+00:00,-5905.0
2023-02-03 08:15:00+00:00,-5835.0
2023-02-03 08:30:00+00:00,-5179.0
2023-02-03 08:45:00+00:00,-3974.0
2023-02-03 09:00:00+00:00,-3619.0
2023-02-03 09:15:00+00:00,-3840.0
2023-02-03 09:30:00+00:00,-4800.0
2023-02-03 09:45:00+00:00,-5544.0
2023-02-03 10:00:00+00:00,-6129.0
2023-02-03 10:15:00+00:00,-6167.0
2023-02-03 10:30:00+00:00,-5808.0
2023-02-03 10:45:00+00:00,-5278.0
2023-02-03 11:00:00+00:00,-5267.0
2023-02-03 11:15:00+00:00,-5074.0
2023-02-03 11:30:00+00:00,-5634.0
2023-02-03 11:45:00+00:00,-5670.0
2023-02-03 12:00:00+00:00,-5680.0
2023-02-03 12:15:00+00:00,-5612.0
2023-02-03 12:30:00+00:00,-5248.0
2023-02-03 12:45:00+00:00,-5160.0
2023-02-03 13:00:00+00:00,-5412.0
2023-02-03 13:15:00+00:00,-5157.0
2023-02-03 13:30:00+00:00,-6341.0
2023-02-03 13:45:00+00:00,-5770.0
2023-02-03 14:00:00+00:00,-6196.0
2023-02-03 14:15:00+00:00,-6170.0
2023-02-03 14:30:00+00:00,-5565.0
2023-02-03 14:45:00+00:00,-5823.0
2023-02-03 15:00:00+00:00,-6340.0
2023-02-03 15:15:00+00:00,-6618.0
2023-02-03 15:30:00+00:00,-6663.0
2023-02-03 15:45:00+00:00,-6272.0
2023-02-03 16:00:00+00:00,-5812.0
2023-02-03 16:15:00+00:00,-6570.0
2023-02-03 16:30:00+00:00,-5511.0
2023-02-03 16:45:00+00:00,-5969.0
2023-02-03 17:00:00+00:00,-5632.0
2023-02-03 17:15:00+00:00,-6906.0
2023-02-03 17:30:00+00:00,-6150.0
2023-02-03 17:45:00+00:00,-5918.0
2023-02-03 18:00:00+00:00,-5306.0
2023-02-03 18:15:00+00:00,-5706.0
2023-02-03 18:30:00+00:00,-5875.0
2023-02-03 18:45:00+00:00,-6275.0
2023-02-03 19:00:00+00:00,-5825.0
2023-02-03 19:15:00+00:00,-6907.0
2023-02-03 19:30:00+00:00,-6972.0
2023-02-03 19:45:00+00:00,-6844.0
2023-02-03 20:00:00+00:00,-6310.0
2023-02-03 20:15:00+00:00,-6820.0
2023-02-03 20:30:00+00:00,-5994.0
2023-02-03 20:45:00+00:00,-6259.0
2023-02-03 21:00:00+00:00,-6273.0
2023-02-03 21:15:00+00:00,-6199.0
2023-02-03 21:30:00+00:00,-6452.0
2023-02-03 21:45:00+00:00,-6223.0
2023-02-03 22:00:00+00:00,-6213.0
2023-02-03 22:15:00+00:00,-6323.0
2023-02-03 22:30:00+00:00,-6797.0
2023-02-03 22:45:00+00:00,-6341.0
2023-02-03 23:00:00+00:00,-6545.0
2023-02-03 23:15:00+00:00,-5951.0
2023-02-03 23:30:00+00:00,-6135.0
2023-02-03 23:45:00+00:00,-5903.0
2023-02-04 00:00:00+00:00,-5685.0
2023-02-04 00:15:00+00:00,-5532.0
2023-02-04 00:30:00+00:00,-5642.0
2023-02-04 00:45:00+00:00,-5984.0
2023-02-04 01:00:00+00:00,-5699.0
2023-02-04 01:15:00+00:00,-6060.0
2023-02-04 01:30:00+00:00,-6146.0
2023-02-04 01:45:00+00:00,-6327.0
2023-02-04 02:00:00+00:00,-6252.0
2023-02-04 02:15:00+00:00,-6344.0
2023-02-04 02:30:00+00:00,-6016.0
2023-02-04 02:45:00+00:00,-5864.0
2023-02-04 03:00:00+00:00,-5814.0
2023-02-04 03:15:00+00:00,-5772.0
2023-02-04 03:30:00+00:00,-5920.0
2023-02-04 03:45:00+00:00,-5753.0
2023-02-04 04:00:00+00:00,-5956.0
2023-02-04 04:15:00+00:00,-6900.0
2023-02-04 04:30:00+00:00,-6011.0
2023-02-04 04:45:00+00:00,-6326.0
2023-02-04 05:00:00+00:00,-6934.0
2023-02-04 05:15:00+00:00,-6515.0
2023-02-04 05:30:00+00:00,-6686.0
2023-02-04 05:45:00+00:00,-6620.0
2023-02-04 06:00:00+00:00,-6318.0
2023-02-04 06:15:00+00:00,-6367.0
2023-02-04 06:30:00+00:00,-6380.0
2023-02-04 06:45:00+00:00,-6273.0
2023-02-04 07:00:00+00:00,-5700.0
2023-02-04 07:15:00+00:00,-6206.0
2023-02-04 07:30:00+00:00,-6214.0
2023-02-04 07:45:00+00:00,-6193.0
2023-02-04 08:00:00+00:00,-6657.0
2023-02-04 08:15:00+00:00,-6732.0
2023-02-04 08:30:00+00:00,-6521.0
2023-02-04 08:45:00+00:00,-6645.0
2023-02-04 09:00:00+00:00,-6746.0
2023-02-04 09:15:00+00:00,-6812.0
2023-02-04 09:30:00+00:00,-6613.0
2023-02-04 09:45:00+00:00,-6550.0
2023-02-04 10:00:00+00:00,-7030.0
2023-02-04 10:15:00+00:00,-7660.0
2023-02-04 10:30:00+00:00,-7036.0
2023-02-04 10:45:00+00:00,-7467.0
2023-02-04 11:00:00+00:00,-7249.0
2023-02-04 11:15:00+00:00,-6837.0
2023-02-04 11:30:00+00:00,-6442.0
2023-02-04 11:45:00+00:00,-6545.0
2023-02-04 12:00:00+00:00,-6378.0
2023-02-04 12:15:00+00:00,-6110.0
2023-02-04 12:30:00+00:00,-5973.0
2023-02-04 12:45:00+00:00,-5957.0
2023-02-04 13:00:00+00:00,-5161.0
2023-02-04 13:15:00+00:00,-6297.0
2023-02-04 13:30:00+00:00,-6273.0
2023-02-04 13:45:00+00:00,-6050.0
2023-02-04 14:00:00+00:00,-5904.0
2023-02-04 14:15:00+00:00,-5773.0
2023-02-04 14:30:00+00:00,-5219.0
2023-02-04 14:45:00+00:00,-5421.0
2023-02-04 15:00:00+00:00,-5678.0
2023-02-04 15:15:00+00:00,-5731.0
2023-02-04 15:30:00+00:00,-5721.0
2023-02-04 15:45:00+00:00,-5688.0
2023-02-04 16:00:00+00:00,-5277.0
2023-02-04 16:15:00+00:00,-5290.0
2023-02-04 16:30:00+00:00,-4843.0
2023-02-04 16:45:00+00:00,-5340.0
2023-02-04 17:00:00+00:00,-5871.0
2023-02-04 17:15:00+00:00,-5491.0
2023-02-04 17:30:00+00:00,-5620.0
2023-02-04 17:45:00+00:00,-5759.0
2023-02-04 18:00:00+00:00,-5595.0
2023-02-04 18:15:00+00:00,-5518.0
2023-02-04 18:30:00+00:00,-5184.0
2023-02-04 18:45:00+00:00,-5269.0
2023-02-04 19:00:00+00:00,-4624.0
2023-02-04 19:15:00+00:00,-5453.0
2023-02-04 19:30:00+00:00,-5721.0
2023-02-04 19:45:00+00:00,-5274.0
2023-02-04 20:00:00+00:00,-5326.0
2023-02-04 20:15:00+00:00,-5027.0
2023-02-04 20:30:00+00:00,-4989.0
2023-02-04 20:45:00+00:00,-4964.0
2023-02-04 21:00:00+00:00,-4925.0
2023-02-04 21:15:00+00:00,-5087.0
2023-02-04 21:30:00+00:00,-5172.0
2023-02-04 21:45:00+00:00,-5197.0
2023-02-04 22:00:00+00:00,-4730.0
2023-02-04 22:15:00+00:00,-5362.0
2023-02-04 22:30:00+00:00,-5286.0
2023-02-04 22:45:00+00:00,-5435.0
2023-02-04 23:00:00+00:00,-5227.0
2023-02-04 23:15:00+00:00,-4677.0
2023-02-04 23:30:00+00:00,-4544.0
2023-02-04 23:45:00+00:00,-4915.0
2023-02-05 00:00:00+00:00,-4854.0
2023-02-05 00:15:00+00:00,-4817.0
2023-02-05 00:30:00+00:00,-4606.0
2023-02-05 00:45:00+00:00,-4320.0
2023-02-05 01:00:00+00:00,-4420.0
2023-02-05 01:15:00+00:00,-4096.0
2023-02-05 01:30:00+00:00,-4122.0
2023-02-05 01:45:00+00:00,-4571.0
2023-02-05 02:00:00+00:00,-4246.0
2023-02-05 02:15:00+00:00,-3441.0
2023-02-05 02:30:00+00:00,-3279.0
2023-02-05 02:45:00+00:00,-1950.0
2023-02-05 03:00:00+00:00,-1633.0
2023-02-05 03:15:00+00:00,-1779.0
2023-02-05 03:30:00+00:00,-2882.0
2023-02-05 03:45:00+00:00,-4687.0
2023-02-05 04:00:00+00:00,-6115.0
2023-02-05 04:15:00+00:00,-6388.0
2023-02-05 04:30:00+00:00,-6929.0
2023-02-05 04:45:00+00:00,-6834.0
2023-02-05 05:00:00+00:00,-6816.0
2023-02-05 05:15:00+00:00,-6358.0
2023-02-05 05:30:00+00:00,-6490.0
2023-02-05 05:45:00+00:00,-6136.0
2023-02-05 06:00:00+00:00,-5586.0
2023-02-05 06:15:00+00:00,-5362.0
2023-02-05 06:30:00+00:00,-5297.0
2023-02-05 06:45:00+00:00,-5519.0
2023-02-05 07:00:00+00:00,-5762.0
2023-02-05 07:15:00+00:00,-5145.0
2023-02-05 07:30:00+00:00,-5578.0
2023-02-05 07:45:00+00:00,-5393.0
2023-02-05 08:00:00+00:00,-5415.0
2023-02-05 08:15:00+00:00,-5210.0
2023-02-05 08:30:00+00:00,-3800.0
2023-02-05 08:45:00+00:00,-4159.0
2023-02-05 09:00:00+00:00,-4641.0
2023-02-05 09:15:00+00:00,-5278.0
2023-02-05 09:30:00+00:00,-5253.0
2023-02-05 09:45:00+00:00,-4810.0
2023-02-05 10:00:00+00:00,-5085.0
2023-02-05 10:15:00+00:00,-5140.0
2023-02-05 10:30:00+00:00,-5547.0
2023-02-05 10:45:00+00:00,-5991.0
2023-02-05 11:00:00+00:00,-6319.0
2023-02-05 11:15:00+00:00,-6436.0
2023-02-05 11:30:00+00:00,-6244.0
2023-02-05 11:45:00+00:00,-6138.0
2023-02-05 12:00:00+00:00,-6083.0
2023-02-05 12:15:00+00:00,-6328.0
2023-02-05 12:30:00+00:00,-6234.0
2023-02-05 12:45:00+00:00,-5932.0
2023-02-05 13:00:00+00:00,-5863.0
2023-02-05 13:15:00+00:00,-5451.0
2023-02-05 13:30:00+00:00,-5072.0
2023-02-05 13:45:00+00:00,-4869.0
2023-02-05 14:00:00+00:00,-5124.0
2023-02-05 14:15:00+00:00,-5249.0
2023-02-05 14:30:00+00:00,-4223.0
2023-02-05 14:45:00+00:00,-4745.0
2023-02-05 15:00:00+00:00,-5139.0
2023-02-05 15:15:00+00:00,-5148.0
2023-02-05 15:30:00+00:00,-4890.0
2023-02-05 15:45:00+00:00,-4689.0
2023-02-05 16:00:00+00:00,-4589.0
2023-02-05 16:15:00+00:00,-5250.0
2023-02-05 16:30:00+00:00,-4952.0
2023-02-05 16:45:00+00:00,-5791.0
2023-02-05 17:00:00+00:00,-5069.0
2023-02-05 17:15:00+00:00,-4971.0
2023-02-05 17:30:00+00:00,-4760.0
2023-02-05 17:45:00+00:00,-4711.0
2023-02-05 18:00:00+00:00,-4613.0
2023-02-05 18:15:00+00:00,-4373.0
2023-02-05 18:30:00+00:00,-4284.0
2023-02-05 18:45:00+00:00,-4241.0
2023-02-05 19:00:00+00:00,-4050.0
2023-02-05 19:15:00+00:00,-4860.0
2023-02-05 19:30:00+00:00,-5422.0
2023-02-05 19:45:00+00:00,-4374.0
2023-02-05 20:00:00+00:00,-4258.0
2023-02-05 20:15:00+00:00,-3671.0
2023-02-05 20:30:00+00:00,-4059.0
2023-02-05 20:45:00+00:00,-3964.0
2023-02-05 21:00:00+00:00,-4920.0
2023-02-05 21:15:00+00:00,-5213.0
2023-02-05 21:30:00+00:00,-4950.0
2023-02-05 21:45:00+00:00,-5039.0
2023-02-05 22:00:00+00:00,-5533.0
2023-02-05 22:15:00+00:00,-5763.0
2023-02-05 22:30:00+00:00,-5148.0
2023-02-05 22:45:00+00:00,-4514.0
2023-02-05 23:00:00+00:00,-4556.0
2023-02-05 23:15:00+00:00,-4925.0
2023-02-05 23:30:00+00:00,-4941.0
2023-02-05 23:45:00+00:00,-4669.0
2023-02-06 00:00:00+00:00,-5047.0
2023-02-06 00:15:00+00:00,-4708.0
2023-02-06 00:30:00+00:00,-4999.0
2023-02-06 00:45:00+00:00,-4150.0
2023-02-06 01:00:00+00:00,-2874.0
2023-02-06 01:15:00+00:00,-4216.0
2023-02-06 01:30:00+00:00,-5117.0
2023-02-06 01:45:00+00:00,-5527.0
2023-02-06 02:00:00+00:00,-5728.0
2023-02-06 02:15:00+00:00,-5358.0
2023-02-06 02:30:00+00:00,-5004.0
2023-02-06 02:45:00+00:00,-4737.0
2023-02-06 03:00:00+00:00,-5475.0
2023-02-06 03:15:00+00:00,-5376.0
2023-02-06 03:30:00+00:00,-5738.0
2023-02-06 03:45:00+00:00,-5660.0
2023-02-06 04:00:00+00:00,-6135.0
2023-02-06 04:15:00+00:00,-6574.0
2023-02-06 04:30:00+00:00,-6456.0
2023-02-06 04:45:00+00:00,-5770.0
2023-02-06 05:00:00+00:00,-6428.0
2023-02-06 05:15:00+00:00,-6136.0
2023-02-06 05:30:00+00:00,-5316.0
2023-02-06 05:45:00+00:00,-5610.0
2023-02-06 06:00:00+00:00,-5406.0
2023-02-06 06:15:00+00:00,-5027.0
2023-02-06 06:30:00+00:00,-4733.0
2023-02-06 06:45:00+00:00,-4749.0
2023-02-06 07:00:00+00:00,-3573.0
2023-02-06 07:15:00+00:00,-4551.0
2023-02-06 07:30:00+00:00,-5200.0
2023-02-06 07:45:00+00:00,-5011.0
2023-02-06 08:00:00+00:00,-5173.0
2023-02-06 08:15:00+00:00,-4939.0
2023-02-06 08:30:00+00:00,-4931.0
2023-02-06 08:45:00+00:00,-5086.0
2023-02-06 09:00:00+00:00,-5166.0
2023-02-06 09:15:00+00:00,-5075.0
2023-02-06 09:30:00+00:00,-5492.0
2023-02-06 09:45:00+00:00,-5355.0
2023-02-06 10:00:00+00:00,-5543.0
2023-02-06 10:15:00+00:00,-6253.0
2023-02-06 10:30:00+00:00,-5983.0
2023-02-06 10:45:00+00:00,-6770.0
2023-02-06 11:00:00+00:00,-6740.0
2023-02-06 11:15:00+00:00,-5649.0
2023-02-06 11:30:00+00:00,-4792.0
2023-02-06 11:45:00+00:00,-4445.0
2023-02-06 12:00:00+00:00,-4737.0
2023-02-06 12:15:00+00:00,-4519.0
2023-02-06 12:30:00+00:00,-4834.0
2023-02-06 12:45:00+00:00,-4638.0
2023-02-06 13:00:00+00:00,-4654.0
2023-02-06 13:15:00+00:00,-4875.0
2023-02-06 13:30:00+00:00,-3913.0
2023-02-06 13:45:00+00:00,-3321.0
2023-02-06 14:00:00+00:00,-2640.0
2023-02-06 14:15:00+00:00,-2933.0
2023-02-06 14:30:00+00:00,-2998.0
2023-02-06 14:45:00+00:00,-2550.0
2023-02-06 15:00:00+00:00,-2832.0
2023-02-06 15:15:00+00:00,-3223.0
2023-02-06 15:30:00+00:00,-3547.0
2023-02-06 15:45:00+00:00,-4496.0
2023-02-06 16:00:00+00:00,-5091.0
2023-02-06 16:15:00+00:00,-4533.0
2023-02-06 16:30:00+00:00,-7315.0
2023-02-06 16:45:00+00:00,-5241.0
2023-02-06 17:00:00+00:00,-5042.0
2023-02-06 17:15:00+00:00,-4186.0
2023-02-06 17:30:00+00:00,-4267.0
2023-02-06 17:45:00+00:00,-4225.0
2023-02-06 18:00:00+00:00,-4220.0
2023-02-06 18:15:00+00:00,-4601.0
2023-02-06 18:30:00+00:00,-4515.0
2023-02-06 18:45:00+00:00,-4141.0
2023-02-06 19:00:00+00:00,-4019.0
2023-02-06 19:15:00+00:00,-3215.0
2023-02-06 19:30:00+00:00,-2449.0
2023-02-06 19:45:00+00:00,-2038.0
2023-02-06 20:00:00+00:00,-1077.0
2023-02-06 20:15:00+00:00,-554.0
2023-02-06 20:30:00+00:00,-400.0
2023-02-06 20:45:00+00:00,-343.0
2023-02-06 21:00:00+00:00,-660.0
2023-02-06 21:15:00+00:00,-745.0
2023-02-06 21:30:00+00:00,-1930.0
2023-02-06 21:45:00+00:00,-3824.0
2023-02-06 22:00:00+00:00,-5178.0
2023-02-06 22:15:00+00:00,-5143.0
2023-02-06 22:30:00+00:00,-4847.0
2023-02-06 22:45:00+00:00,-5203.0
2023-02-06 23:00:00+00:00,-4779.0
2023-02-06 23:15:00+00:00,-5058.0
2023-02-06 23:30:00+00:00,-4927.0
2023-02-06 23:45:00+00:00,-4883.0
2023-02-07 00:00:00+00:00,-4801.0
2023-02-07 00:15:00+00:00,-4876.0
2023-02-07 00:30:00+00:00,-4811.0
2023-02-07 00:45:00+00:00,-4912.0
2023-02-07 01:00:00+00:00,-5068.0
2023-02-07 01:15:00+00:00,-5397.0
2023-02-07 01:30:00+00:00,-5230.0
2023-02-07 01:45:00+00:00,-4888.0
2023-02-07 02:00:00+00:00,-5102.0
2023-02-07 02:15:00+00:00,-5015.0
2023-02-07 02:30:00+00:00,-5116.0
2023-02-07 02:45:00+00:00,-5337.0
2023-02-07 03:00:00+00:00,-5294.0
2023-02-07 03:15:00+00:00,-5218.0
2023-02-07 03:30:00+00:00,-5272.0
2023-02-07 03:45:00+00:00,-5198.0
2023-02-07 04:00:00+00:00,-5282.0
2023-02-07 04:15:00+00:00,-5372.0
2023-02-07 04:30:00+00:00,-5100.0
2023-02-07 04:45:00+00:00,-5113.0
2023-02-07 05:00:00+00:00,-4634.0
2023-02-07 05:15:00+00:00,-4889.0
2023-02-07 05:30:00+00:00,-6083.0
2023-02-07 05:45:00+00:00,-6158.0
2023-02-07 06:00:00+00:00,-6111.0
2023-02-07 06:15:00+00:00,-6099.0
2023-02-07 06:30:00+00:00,-6118.0
2023-02-07 06:45:00+00:00,-5767.0
2023-02-07 07:00:00+00:00,-4011.0
2023-02-07 07:15:00+00:00,-4609.0
2023-02-07 07:30:00+00:00,-5286.0
2023-02-07 07:45:00+00:00,-5428.0
2023-02-07 08:00:00+00:00,-5764.0
2023-02-07 08:15:00+00:00,-6054.0
2023-02-07 08:30:00+00:00,-5030.0
2023-02-07 08:45:00+00:00,-5189.0
2023-02-07 09:00:00+00:00,-4907.0
2023-02-07 09:15:00+00:00,-5890.0
2023-02-07 09:30:00+00:00,-5958.0
2023-02-07 09:45:00+00:00,-5874.0
2023-02-07 10:00:00+00:00,-6135.0
2023-02-07 10:15:00+00:00,-5805.0
2023-02-07 10:30:00+00:00,-5076.0
2023-02-07 10:45:00+00:00,-5336.0
2023-02-07 11:00:00+00:00,-5062.0
2023-02-07 11:15:00+00:00,-5751.0
2023-02-07 11:30:00+00:00,-5795.0
2023-02-07 11:45:00+00:00,-5767.0
2023-02-07 12:00:00+00:00,-5829.0
2023-02-07 12:15:00+00:00,-5512.0
2023-02-07 12:30:00+00:00,-5510.0
2023-02-07 12:45:00+00:00,-4759.0
2023-02-07 13:00:00+00:00,-4301.0
2023-02-07 13:15:00+00:00,-4713.0
2023-02-07 13:30:00+00:00,-4990.0
2023-02-07 13:45:00+00:00,-4734.0
2023-02-07 14:00:00+00:00,-4301.0
2023-02-07 14:15:00+00:00,-4877.0
2023-02-07 14:30:00+00:00,-5287.0
2023-02-07 14:45:00+00:00,-5689.0
2023-02-07 15:00:00+00:00,-5362.0
2023-02-07 15:15:00+00:00,-5128.0
2023-02-07 15:30:00+00:00,-5084.0
2023-02-07 15:45:00+00:00,-4481.0
2023-02-07 16:00:00+00:00,-6022.0
2023-02-07 16:15:00+00:00,-5636.0
2023-02-07 16:30:00+00:00,-5719.0
2023-02-07 16:45:00+00:00,-5924.0
2023-02-07 17:00:00+00:00,-5696.0
2023-02-07 17:15:00+00:00,-5732.0
2023-02-07 17:30:00+00:00,-5952.0
2023-02-07 17:45:00+00:00,-5921.0
2023-02-07 18:00:00+00:00,-5519.0
2023-02-07 18:15:00+00:00,-5421.0
2023-02-07 18:30:00+00:00,-5570.0
2023-02-07 18:45:00+00:00,-5624.0
2023-02-07 19:00:00+00:00,-4696.0
2023-02-07 19:15:00+00:00,-4888.0
2023-02-07 19:30:00+00:00,-4988.0
2023-02-07 19:45:00+00:00,-4379.0
2023-02-07 20:00:00+00:00,-4840.0
2023-02-07 20:15:00+00:00,-5222.0
2023-02-07 20:30:00+00:00,-4582.0
2023-02-07 20:45:00+00:00,-4807.0
2023-02-07 21:00:00+00:00,-4659.0
2023-02-07 21:15:00+00:00,-4967.0
2023-02-07 21:30:00+00:00,-5159.0
2023-02-07 21:45:00+00:00,-4608.0
2023-02-07 22:00:00+00:00,-5291.0
2023-02-07 22:15:00+00:00,-5071.0
2023-02-07 22:30:00+00:00,-4404.0
2023-02-07 22:45:00+00:00,-4349.0
2023-02-07 23:00:00+00:00,-4482.0
2023-02-07 23:15:00+00:00,-4670.0
2023-02-07 23:30:00+00:00,-6311.0
2023-02-07 23:45:00+00:00,-6085.0
2023-02-08 00:00:00+00:00,-6044.0
2023-02-08 00:15:00+00:00,-5924.0
2023-02-08 00:30:00+00:00,-5590.0
2023-02-08 00:45:00+00:00,-3836.0
2023-02-08 01:00:00+00:00,-3187.0
2023-02-08 01:15:00+00:00,-1250.0
2023-02-08 01:30:00+00:00,947.0
2023-02-08 01:45:00+00:00,595.0
2023-02-08 02:00:00+00:00,20.0
2023-02-08 02:15:00+00:00,314.0
2023-02-08 02:30:00+00:00,571.0
2023-02-08 02:45:00+00:00,-161.0
2023-02-08 03:00:00+00:00,-316.0
2023-02-08 03:15:00+00:00,-1115.0
2023-02-08 03:30:00+00:00,-1918.0
2023-02-08 03:45:00+00:00,-3558.0
2023-02-08 04:00:00+00:00,-4465.0
2023-02-08 04:15:00+00:00,-4646.0
2023-02-08 04:30:00+00:00,-4308.0
2023-02-08 04:45:00+00:00,-5439.0
2023-02-08 05:00:00+00:00,-5230.0
2023-02-08 05:15:00+00:00,-4714.0
2023-02-08 05:30:00+00:00,-3730.0
2023-02-08 05:45:00+00:00,-2873.0
2023-02-08 06:00:00+00:00,-2591.0
2023-02-08 06:15:00+00:00,-2400.0
2023-02-08 06:30:00+00:00,-2639.0
2023-02-08 06:45:00+00:00,-3046.0
2023-02-08 07:00:00+00:00,-3613.0
2023-02-08 07:15:00+00:00,-3061.0
2023-02-08 07:30:00+00:00,-3116.0
2023-02-08 07:45:00+00:00,-2760.0
2023-02-08 08:00:00+00:00,-3692.0
2023-02-08 08:15:00+00:00,-3863.0
2023-02-08 08:30:00+00:00,-3459.0
2023-02-08 08:45:00+00:00,-3095.0
2023-02-08 09:00:00+00:00,-3109.0
2023-02-08 09:15:00+00:00,-3929.0
2023-02-08 09:30:00+00:00,-5344.0
2023-02-08 09:45:00+00:00,-4409.0
2023-02-08 10:00:00+00:00,-4320.0
2023-02-08 10:15:00+00:00,-4239.0
2023-02-08 10:30:00+00:00,-4340.0
2023-02-08 10:45:00+00:00,-4497.0
2023-02-08 11:00:00+00:00,-4400.0
2023-02-08 11:15:00+00:00,-3727.0
2023-02-08 11:30:00+00:00,-2442.0
2023-02-08 11:45:00+00:00,-2151.0
2023-02-08 12:00:00+00:00,-2354.0
2023-02-08 12:15:00+00:00,-2350.0
2023-02-08 12:30:00+00:00,-2416.0
2023-02-08 12:45:00+00:00,-2340.0
2023-02-08 13:00:00+00:00,-2414.0
2023-02-08 13:15:00+00:00,-2450.0
2023-02-08 13:30:00+00:00,-2708.0
2023-02-08 13:45:00+00:00,-3382.0
2023-02-08 14:00:00+00:00,-3143.0
2023-02-08 14:15:00+00:00,-2663.0
2023-02-08 14:30:00+00:00,-2334.0
2023-02-08 14:45:00+00:00,-1279.0
2023-02-08 15:00:00+00:00,-916.0
2023-02-08 15:15:00+00:00,-1656.0
2023-02-08 15:30:00+00:00,-3411.0
2023-02-08 15:45:00+00:00,-3921.0
2023-02-08 16:00:00+00:00,-4556.0
2023-02-08 16:15:00+00:00,-4149.0
2023-02-08 16:30:00+00:00,-4473.0
2023-02-08 16:45:00+00:00,-4315.0
2023-02-08 17:00:00+00:00,-4046.0
2023-02-08 17:15:00+00:00,-823.0
2023-02-08 17:30:00+00:00,-1610.0
2023-02-08 17:45:00+00:00,-1890.0
2023-02-08 18:00:00+00:00,-1681.0
2023-02-08 18:15:00+00:00,-1838.0
2023-02-08 18:30:00+00:00,-2055.0
2023-02-08 18:45:00+00:00,-1605.0
2023-02-08 19:00:00+00:00,-2086.0
2023-02-08 19:15:00+00:00,-3621.0
2023-02-08 19:30:00+00:00,-3385.0
2023-02-08 19:45:00+00:00,-2189.0
2023-02-08 20:00:00+00:00,-3181.0
2023-02-08 20:15:00+00:00,-3314.0
2023-02-08 20:30:00+00:00,-2865.0
2023-02-08 20:45:00+00:00,-2844.0
2023-02-08 21:00:00+00:00,-3108.0
2023-02-08 21:15:00+00:00,-4058.0
2023-02-08 21:30:00+00:00,-6197.0
2023-02-08 21:45:00+00:00,-1950.0
2023-02-08 22:00:00+00:00,-847.0
2023-02-08 22:15:00+00:00,-2655.0
2023-02-08 22:30:00+00:00,-3567.0
2023-02-08 22:45:00+00:00,-1862.0
2023-02-08 23:00:00+00:00,-980.0
2023-02-08 23:15:00+00:00,-826.0
2023-02-08 23:30:00+00:00,-2752.0
2023-02-08 23:45:00+00:00,-3192.0
2023-02-09 00:00:00+00:00,-3929.0
2023-02-09 00:15:00+00:00,-3862.0
2023-02-09 00:30:00+00:00,-2021.0
2023-02-09 00:45:00+00:00,-1733.0
2023-02-09 01:00:00+00:00,-2870.0
2023-02-09 01:15:00+00:00,-2510.0
2023-02-09 01:30:00+00:00,-2477.0
2023-02-09 01:45:00+00:00,-3375.0
2023-02-09 02:00:00+00:00,-3492.0
2023-02-09 02:15:00+00:00,-3657.0
2023-02-09 02:30:00+00:00,-10015.0
2023-02-09 02:45:00+00:00,-4282.0
2023-02-09 03:00:00+00:00,-4106.0
2023-02-09 03:15:00+00:00,-6625.0
2023-02-09 03:30:00+00:00,-3639.0
2023-02-09 03:45:00+00:00,-2555.0
2023-02-09 04:00:00+00:00,-2614.0
2023-02-09 04:15:00+00:00,-2627.0
2023-02-09 04:30:00+00:00,-1531.0
2023-02-09 04:45:00+00:00,-2753.0
2023-02-09 05:00:00+00:00,-509.0
2023-02-09 05:15:00+00:00,-2224.0
2023-02-09 05:30:00+00:00,-1398.0
2023-02-09 05:45:00+00:00,-1439.0
2023-02-09 06:00:00+00:00,-1078.0
2023-02-09 06:15:00+00:00,-1014.0
2023-02-09 06:30:00+00:00,-3581.0
2023-02-09 06:45:00+00:00,-1554.0
2023-02-09 07:00:00+00:00,-1384.0
2023-02-09 07:15:00+00:00,-3706.0
2023-02-09 07:30:00+00:00,-2247.0
2023-02-09 07:45:00+00:00,-4222.0
2023-02-09 08:00:00+00:00,-3497.0
2023-02-09 08:15:00+00:00,-7840.0
2023-02-09 08:30:00+00:00,-3070.0
2023-02-09 08:45:00+00:00,-4678.0
2023-02-09 09:00:00+00:00,-3552.0
2023-02-09 09:15:00+00:00,-3966.0
2023-02-09 09:30:00+00:00,-4459.0
2023-02-09 09:45:00+00:00,-3414.0
2023-02-09 10:00:00+00:00,-3735.0
2023-02-09 10:15:00+00:00,-1885.0
2023-02-09 10:30:00+00:00,-2880.0
2023-02-09 10:45:00+00:00,-3158.0
2023-02-09 11:00:00+00:00,-1775.0
2023-02-09 11:15:00+00:00,-1903.0
2023-02-09 11:30:00+00:00,-1328.0
2023-02-09 11:45:00+00:00,-2242.0
2023-02-09 12:00:00+00:00,-3847.0
2023-02-09 12:15:00+00:00,-2728.0
2023-02-09 12:30:00+00:00,-5815.0
2023-02-09 12:45:00+00:00,-1851.0
2023-02-09 13:00:00+00:00,-4304.0
2023-02-09 13:15:00+00:00,-2006.0
2023-02-09 13:30:00+00:00,-3066.0
2023-02-09 13:45:00+00:00,-2899.0
2023-02-09 14:00:00+00:00,-4104.0
2023-02-09 14:15:00+00:00,-2813.0
2023-02-09 14:30:00+00:00,-4274.0
2023-02-09 14:45:00+00:00,-3434.0
2023-02-09 15:00:00+00:00,-3931.0
2023-02-09 15:15:00+00:00,-4982.0
2023-02-09 15:30:00+00:00,-6945.0
2023-02-09 15:45:00+00:00,-5833.0
2023-02-09 16:00:00+00:00,-3516.0
2023-02-09 16:15:00+00:00,-3236.0
2023-02-09 16:30:00+00:00,-2501.0
2023-02-09 16:45:00+00:00,-3115.0
2023-02-09 17:00:00+00:00,-1070.0
2023-02-09 17:15:00+00:00,-1004.0
2023-02-09 17:30:00+00:00,-2926.0
2023-02-09 17:45:00+00:00,-8765.0
2023-02-09 18:00:00+00:00,-6982.0
2023-02-09 18:15:00+00:00,-3455.0
2023-02-09 18:30:00+00:00,-2882.0
2023-02-09 18:45:00+00:00,-4813.0
2023-02-09 19:00:00+00:00,-4806.0
2023-02-09 19:15:00+00:00,-2694.0
2023-02-09 19:30:00+00:00,-4404.0
2023-02-09 19:45:00+00:00,-2503.0
2023-02-09 20:00:00+00:00,-3651.0
2023-02-09 20:15:00+00:00,-3946.0
2023-02-09 20:30:00+00:00,-3513.0
2023-02-09 20:45:00+00:00,-3221.0
2023-02-09 21:00:00+00:00,-3384.0
2023-02-09 21:15:00+00:00,-7200.0
2023-02-09 21:30:00+00:00,-3806.0
2023-02-09 21:45:00+00:00,-5695.0
2023-02-09 22:00:00+00:00,-5746.0
2023-02-09 22:15:00+00:00,-5508.0
2023-02-09 22:30:00+00:00,-3094.0
2023-02-09 22:45:00+00:00,-5025.0
2023-02-09 23:00:00+00:00,-1837.0
2023-02-09 23:15:00+00:00,-4033.0
2023-02-09 23:30:00+00:00,-6282.0
2023-02-09 23:45:00+00:00,-5477.0
2023-02-10 00:00:00+00:00,-5341.0
2023-02-10 00:15:00+00:00,-6060.0
2023-02-10 00:30:00+00:00,-3775.0
2023-02-10 00:45:00+00:00,-6406.0
2023-02-10 01:00:00+00:00,-3677.0
2023-02-10 01:15:00+00:00,-6721.0
2023-02-10 01:30:00+00:00,-6674.0
2023-02-10 01:45:00+00:00,-4985.0
2023-02-10 02:00:00+00:00,-5212.0
2023-02-10 02:15:00+00:00,-3148.0
2023-02-10 02:30:00+00:00,-2662.0
2023-02-10 02:45:00+00:00,-1682.0
2023-02-10 03:00:00+00:00,-1573.0
2023-02-10 03:15:00+00:00,-4101.0
2023-02-10 03:30:00+00:00,-3541.0
2023-02-10 03:45:00+00:00,-5215.0
2023-02-10 04:00:00+00:00,-3043.0
2023-02-10 04:15:00+00:00,-4964.0
2023-02-10 04:30:00+00:00,-2795.0
2023-02-10 04:45:00+00:00,-4016.0
2023-02-10 05:00:00+00:00,-4283.0
2023-02-10 05:15:00+00:00,-3422.0
2023-02-10 05:30:00+00:00,-4985.0
2023-02-10 05:45:00+00:00,-5238.0
2023-02-10 06:00:00+00:00,-5379.0
2023-02-10 06:15:00+00:00,-3634.0
2023-02-10 06:30:00+00:00,-10781.0
2023-02-10 06:45:00+00:00,-4324.0
2023-02-10 07:00:00+00:00,-1680.0
2023-02-10 07:15:00+00:00,-3222.0
2023-02-10 07:30:00+00:00,-1016.0
2023-02-10 07:45:00+00:00,-1603.0
2023-02-10 08:00:00+00:00,-3161.0
2023-02-10 08:15:00+00:00,-469.0
2023-02-10 08:30:00+00:00,-85.0
2023-02-10 08:45:00+00:00,-331.0
2023-02-10 09:00:00+00:00,-576.0
2023-02-10 09:15:00+00:00,-703.0
2023-02-10 09:30:00+00:00,-1075.0
2023-02-10 09:45:00+00:00,-2273.0
2023-02-10 10:00:00+00:00,-4190.0
2023-02-10 10:15:00+00:00,-3383.0
2023-02-10 10:30:00+00:00,-7339.0
2023-02-10 10:45:00+00:00,-4656.0
2023-02-10 11:00:00+00:00,-3939.0
2023-02-10 11:15:00+00:00,-3766.0
2023-02-10 11:30:00+00:00,-3912.0
2023-02-10 11:45:00+00:00,-4007.0
2023-02-10 12:00:00+00:00,-3942.0
2023-02-10 12:15:00+00:00,-3048.0
2023-02-10 12:30:00+00:00,-2880.0
2023-02-10 12:45:00+00:00,-4272.0
2023-02-10 13:00:00+00:00,-7574.0
2023-02-10 13:15:00+00:00,-2500.0
2023-02-10 13:30:00+00:00,-12682.0
2023-02-10 13:45:00+00:00,-4484.0
2023-02-10 14:00:00+00:00,-9903.0
2023-02-10 14:15:00+00:00,-8776.0
2023-02-10 14:30:00+00:00,-4351.0
2023-02-10 14:45:00+00:00,-4785.0
2023-02-10 15:00:00+00:00,-4944.0
2023-02-10 15:15:00+00:00,-5379.0
2023-02-10 15:30:00+00:00,-5255.0
2023-02-10 15:45:00+00:00,-5007.0
2023-02-10 16:00:00+00:00,-3635.0
2023-02-10 16:15:00+00:00,-2583.0
2023-02-10 16:30:00+00:00,-2817.0
2023-02-10 16:45:00+00:00,-4006.0
2023-02-10 17:00:00+00:00,-2409.0
2023-02-10 17:15:00+00:00,-3879.0
2023-02-10 17:30:00+00:00,-4640.0
2023-02-10 17:45:00+00:00,-4684.0
2023-02-10 18:00:00+00:00,-4691.0
2023-02-10 18:15:00+00:00,-4257.0
2023-02-10 18:30:00+00:00,-4191.0
2023-02-10 18:45:00+00:00,-4052.0
2023-02-10 19:00:00+00:00,-2749.0
2023-02-10 19:15:00+00:00,-4305.0
2023-02-10 19:30:00+00:00,-4896.0
2023-02-10 19:45:00+00:00,-4353.0
2023-02-10 20:00:00+00:00,-4263.0
2023-02-10 20:15:00+00:00,-4135.0
2023-02-10 20:30:00+00:00,-4735.0
2023-02-10 20:45:00+00:00,-4984.0
2023-02-10 21:00:00+00:00,-4907.0
2023-02-10 21:15:00+00:00,-5562.0
2023-02-10 21:30:00+00:00,-5398.0
2023-02-10 21:45:00+00:00,-4812.0
2023-02-10 22:00:00+00:00,-4230.0
2023-02-10 22:15:00+00:00,-3663.0
2023-02-10 22:30:00+00:00,-3995.0
2023-02-10 22:45:00+00:00,-3736.0
2023-02-10 23:00:00+00:00,-2766.0
2023-02-10 23:15:00+00:00,-3376.0
2023-02-10 23:30:00+00:00,-5648.0
2023-02-10 23:45:00+00:00,-5978.0
2023-02-11 00:00:00+00:00,-5935.0
2023-02-11 00:15:00+00:00,-5294.0
2023-02-11 00:30:00+00:00,-5195.0
2023-02-11 00:45:00+00:00,-4286.0
2023-02-11 01:00:00+00:00,-3380.0
2023-02-11 01:15:00+00:00,-3417.0
2023-02-11 01:30:00+00:00,-3950.0
2023-02-11 01:45:00+00:00,-3879.0
2023-02-11 02:00:00+00:00,-4087.0
2023-02-11 02:15:00+00:00,-4069.0
2023-02-11 02:30:00+00:00,-4454.0
2023-02-11 02:45:00+00:00,-4839.0
2023-02-11 03:00:00+00:00,-4416.0
2023-02-11 03:15:00+00:00,-5474.0
2023-02-11 03:30:00+00:00,-6179.0
2023-02-11 03:45:00+00:00,-5389.0
2023-02-11 04:00:00+00:00,-4746.0
2023-02-11 04:15:00+00:00,-4627.0
2023-02-11 04:30:00+00:00,-4219.0
2023-02-11 04:45:00+00:00,-3832.0
2023-02-11 05:00:00+00:00,-1892.0
2023-02-11 05:15:00+00:00,-1522.0
2023-02-11 05:30:00+00:00,-4776.0
2023-02-11 05:45:00+00:00,-4554.0
2023-02-11 06:00:00+00:00,-4434.0
2023-02-11 06:15:00+00:00,-4074.0
2023-02-11 06:30:00+00:00,-3825.0
2023-02-11 06:45:00+00:00,-2364.0
2023-02-11 07:00:00+00:00,-2189.0
2023-02-11 07:15:00+00:00,-3679.0
2023-02-11 07:30:00+00:00,-3530.0
2023-02-11 07:45:00+00:00,-5071.0
2023-02-11 08:00:00+00:00,-6015.0
2023-02-11 08:15:00+00:00,-5377.0
2023-02-11 08:30:00+00:00,-4126.0
2023-02-11 08:45:00+00:00,-4169.0
2023-02-11 09:00:00+00:00,-4860.0
2023-02-11 09:15:00+00:00,-4972.0
2023-02-11 09:30:00+00:00,-4423.0
2023-02-11 09:45:00+00:00,-2837.0
2023-02-11 10:00:00+00:00,-615.0
2023-02-11 10:15:00+00:00,-788.0
2023-02-11 10:30:00+00:00,-547.0
2023-02-11 10:45:00+00:00,-333.0
2023-02-11 11:00:00+00:00,481.0
2023-02-11 11:15:00+00:00,1006.0
2023-02-11 11:30:00+00:00,-781.0
2023-02-11 11:45:00+00:00,-1139.0
2023-02-11 12:00:00+00:00,-2290.0
2023-02-11 12:15:00+00:00,-2170.0
2023-02-11 12:30:00+00:00,-2518.0
2023-02-11 12:45:00+00:00,-2043.0
2023-02-11 13:00:00+00:00,-1393.0
2023-02-11 13:15:00+00:00,-1583.0
2023-02-11 13:30:00+00:00,-2928.0
2023-02-11 13:45:00+00:00,-3593.0
2023-02-11 14:00:00+00:00,-3854.0
2023-02-11 14:15:00+00:00,-3896.0
2023-02-11 14:30:00+00:00,-3607.0
2023-02-11 14:45:00+00:00,-4068.0
2023-02-11 15:00:00+00:00,-4836.0
2023-02-11 15:15:00+00:00,-5105.0
2023-02-11 15:30:00+00:00,-5483.0
2023-02-11 15:45:00+00:00,-5005.0
2023-02-11 16:00:00+00:00,-2470.0
2023-02-11 16:15:00+00:00,-1761.0
2023-02-11 16:30:00+00:00,-1262.0
2023-02-11 16:45:00+00:00,-1073.0
2023-02-11 17:00:00+00:00,-581.0
2023-02-11 17:15:00+00:00,-346.0
2023-02-11 17:30:00+00:00,-2215.0
2023-02-11 17:45:00+00:00,-2679.0
2023-02-11 18:00:00+00:00,-2587.0
2023-02-11 18:15:00+00:00,-2274.0
2023-02-11 18:30:00+00:00,-2777.0
2023-02-11 18:45:00+00:00,-3121.0
2023-02-11 19:00:00+00:00,-3227.0
2023-02-11 19:15:00+00:00,-3421.0
2023-02-11 19:30:00+00:00,-3346.0
2023-02-11 19:45:00+00:00,-2139.0
2023-02-11 20:00:00+00:00,-1286.0
2023-02-11 20:15:00+00:00,-192.0
2023-02-11 20:30:00+00:00,-134.0
2023-02-11 20:45:00+00:00,-418.0
2023-02-11 21:00:00+00:00,-632.0
2023-02-11 21:15:00+00:00,8.0
2023-02-11 21:30:00+00:00,-883.0
2023-02-11 21:45:00+00:00,-2568.0
2023-02-11 22:00:00+00:00,-2750.0
2023-02-11 22:15:00+00:00,-3879.0
2023-02-11 22:30:00+00:00,-3572.0
2023-02-11 22:45:00+00:00,-3474.0
2023-02-11 23:00:00+00:00,-2732.0
2023-02-11 23:15:00+00:00,-2489.0
2023-02-11 23:30:00+00:00,-2602.0
2023-02-11 23:45:00+00:00,-3521.0
2023-02-12 00:00:00+00:00,-3750.0
2023-02-12 00:15:00+00:00,-4154.0
2023-02-12 00:30:00+00:00,-4045.0
2023-02-12 00:45:00+00:00,-3757.0
2023-02-12 01:00:00+00:00,-4108.0
2023-02-12 01:15:00+00:00,-3252.0
2023-02-12 01:30:00+00:00,-2349.0
2023-02-12 01:45:00+00:00,-1246.0
2023-02-12 02:00:00+00:00,-330.0
2023-02-12 02:15:00+00:00,611.0
2023-02-12 02:30:00+00:00,399.0
2023-02-12 02:45:00+00:00,379.0
2023-02-12 03:00:00+00:00,-21.0
2023-02-12 03:15:00+00:00,-588.0
2023-02-12 03:30:00+00:00,-1819.0
2023-02-12 03:45:00+00:00,-3075.0
2023-02-12 04:00:00+00:00,-4534.0
2023-02-12 04:15:00+00:00,-5281.0
2023-02-12 04:30:00+00:00,-5259.0
2023-02-12 04:45:00+00:00,-5195.0
2023-02-12 05:00:00+00:00,-5276.0
2023-02-12 05:15:00+00:00,-5295.0
2023-02-12 05:30:00+00:00,-4995.0
2023-02-12 05:45:00+00:00,-5266.0
2023-02-12 06:00:00+00:00,-5481.0
2023-02-12 06:15:00+00:00,-5715.0
2023-02-12 06:30:00+00:00,-6133.0
2023-02-12 06:45:00+00:00,-6062.0
2023-02-12 07:00:00+00:00,-5191.0
2023-02-12 07:15:00+00:00,-5202.0
2023-02-12 07:30:00+00:00,-5866.0
2023-02-12 07:45:00+00:00,-4485.0
2023-02-12 08:00:00+00:00,-4416.0
2023-02-12 08:15:00+00:00,-4524.0
2023-02-12 08:30:00+00:00,-4866.0
2023-02-12 08:45:00+00:00,-4761.0
2023-02-12 09:00:00+00:00,-5082.0
2023-02-12 09:15:00+00:00,-5073.0
2023-02-12 09:30:00+00:00,-5072.0
2023-02-12 09:45:00+00:00,-4581.0
2023-02-12 10:00:00+00:00,-3407.0
2023-02-12 10:15:00+00:00,-2327.0
2023-02-12 10:30:00+00:00,-2040.0
2023-02-12 10:45:00+00:00,-2191.0
2023-02-12 11:00:00+00:00,-525.0
2023-02-12 11:15:00+00:00,-33.0
2023-02-12 11:30:00+00:00,-2539.0
2023-02-12 11:45:00+00:00,-3637.0
2023-02-12 12:00:00+00:00,-3935.0
2023-02-12 12:15:00+00:00,-3816.0
2023-02-12 12:30:00+00:00,-3785.0
2023-02-12 12:45:00+00:00,-3087.0
2023-02-12 13:00:00+00:00,-1420.0
2023-02-12 13:15:00+00:00,-1120.0
2023-02-12 13:30:00+00:00,-1389.0
2023-02-12 13:45:00+00:00,-2414.0
2023-02-12 14:00:00+00:00,-3435.0
2023-02-12 14:15:00+00:00,-4036.0
2023-02-12 14:30:00+00:00,-3610.0
2023-02-12 14:45:00+00:00,-3899.0
2023-02-12 15:00:00+00:00,-5222.0
2023-02-12 15:15:00+00:00,-5318.0
2023-02-12 15:30:00+00:00,-5395.0
2023-02-12 15:45:00+00:00,-4155.0
2023-02-12 16:00:00+00:00,-2469.0
2023-02-12 16:15:00+00:00,-1182.0
2023-02-12 16:30:00+00:00,-1339.0
2023-02-12 16:45:00+00:00,-1972.0
2023-02-12 17:00:00+00:00,-997.0
2023-02-12 17:15:00+00:00,-1054.0
2023-02-12 17:30:00+00:00,-3474.0
2023-02-12 17:45:00+00:00,-4616.0
2023-02-12 18:00:00+00:00,-4745.0
2023-02-12 18:15:00+00:00,-5636.0
2023-02-12 18:30:00+00:00,-5622.0
2023-02-12 18:45:00+00:00,-4082.0
2023-02-12 19:00:00+00:00,-2323.0
2023-02-12 19:15:00+00:00,-3058.0
2023-02-12 19:30:00+00:00,-3613.0
2023-02-12 19:45:00+00:00,-4292.0
2023-02-12 20:00:00+00:00,-4982.0
2023-02-12 20:15:00+00:00,-4946.0
2023-02-12 20:30:00+00:00,-4669.0
2023-02-12 20:45:00+00:00,-4876.0
2023-02-12 21:00:00+00:00,-5121.0
2023-02-12 21:15:00+00:00,-5661.0
2023-02-12 21:30:00+00:00,-5898.0
2023-02-12 21:45:00+00:00,-5420.0
2023-02-12 22:00:00+00:00,-3306.0
2023-02-12 22:15:00+00:00,-1821.0
2023-02-12 22:30:00+00:00,-584.0
2023-02-12 22:45:00+00:00,-818.0
2023-02-12 23:00:00+00:00,-115.0
2023-02-12 23:15:00+00:00,49.0
2023-02-12 23:30:00+00:00,-1542.0
2023-02-12 23:45:00+00:00,-4501.0
2023-02-13 00:00:00+00:00,-5579.0
2023-02-13 00:15:00+00:00,-5691.0
2023-02-13 00:30:00+00:00,-5891.0
2023-02-13 00:45:00+00:00,-4819.0
2023-02-13 01:00:00+00:00,-1978.0
2023-02-13 01:15:00+00:00,-2347.0
2023-02-13 01:30:00+00:00,-3851.0
2023-02-13 01:45:00+00:00,-4528.0
2023-02-13 02:00:00+00:00,-4563.0
2023-02-13 02:15:00+00:00,-4670.0
2023-02-13 02:30:00+00:00,-5000.0
2023-02-13 02:45:00+00:00,-5363.0
2023-02-13 03:00:00+00:00,-5889.0
2023-02-13 03:15:00+00:00,-6069.0
2023-02-13 03:30:00+00:00,-6105.0
2023-02-13 03:45:00+00:00,-5768.0
2023-02-13 04:00:00+00:00,-5354.0
2023-02-13 04:15:00+00:00,-5522.0
2023-02-13 04:30:00+00:00,-4922.0
2023-02-13 04:45:00+00:00,-4856.0
2023-02-13 05:00:00+00:00,-3198.0
2023-02-13 05:15:00+00:00,-5840.0
2023-02-13 05:30:00+00:00,-6071.0
2023-02-13 05:45:00+00:00,-6164.0
2023-02-13 06:00:00+00:00,-6171.0
2023-02-13 06:15:00+00:00,-6326.0
2023-02-13 06:30:00+00:00,-6510.0
2023-02-13 06:45:00+00:00,-6314.0
2023-02-13 07:00:00+00:00,-5385.0
2023-02-13 07:15:00+00:00,-4001.0
2023-02-13 07:30:00+00:00,-5313.0
2023-02-13 07:45:00+00:00,-5271.0
2023-02-13 08:00:00+00:00,-5203.0
2023-02-13 08:15:00+00:00,-5106.0
2023-02-13 08:30:00+00:00,-5398.0
2023-02-13 08:45:00+00:00,-5440.0
2023-02-13 09:00:00+00:00,-5596.0
2023-02-13 09:15:00+00:00,-5859.0
2023-02-13 09:30:00+00:00,-6134.0
2023-02-13 09:45:00+00:00,-6084.0
2023-02-13 10:00:00+00:00,-6265.0
2023-02-13 10:15:00+00:00,-6218.0
2023-02-13 10:30:00+00:00,-5325.0
2023-02-13 10:45:00+00:00,-4918.0
2023-02-13 11:00:00+00:00,-2590.0
2023-02-13 11:15:00+00:00,-4085.0
2023-02-13 11:30:00+00:00,-6596.0
2023-02-13 11:45:00+00:00,-6712.0
2023-02-13 12:00:00+00:00,-6722.0
2023-02-13 12:15:00+00:00,-5732.0
2023-02-13 12:30:00+00:00,-5733.0
2023-02-13 12:45:00+00:00,-5510.0
2023-02-13 13:00:00+00:00,-5612.0
2023-02-13 13:15:00+00:00,-6299.0
2023-02-13 13:30:00+00:00,-5007.0
2023-02-13 13:45:00+00:00,-4954.0
2023-02-13 14:00:00+00:00,-5335.0
2023-02-13 14:15:00+00:00,-4687.0
2023-02-13 14:30:00+00:00,-3135.0
2023-02-13 14:45:00+00:00,-2726.0
2023-02-13 15:00:00+00:00,-2914.0
2023-02-13 15:15:00+00:00,-4202.0
2023-02-13 15:30:00+00:00,-5537.0
2023-02-13 15:45:00+00:00,-5250.0
2023-02-13 16:00:00+00:00,-6361.0
2023-02-13 16:15:00+00:00,-5804.0
2023-02-13 16:30:00+00:00,-4961.0
2023-02-13 16:45:00+00:00,-4593.0
2023-02-13 17:00:00+00:00,-4358.0
2023-02-13 17:15:00+00:00,-3575.0
2023-02-13 17:30:00+00:00,-3863.0
2023-02-13 17:45:00+00:00,-4145.0
2023-02-13 18:00:00+00:00,-3905.0
2023-02-13 18:15:00+00:00,-4692.0
2023-02-13 18:30:00+00:00,-4918.0
2023-02-13 18:45:00+00:00,-4237.0
2023-02-13 19:00:00+00:00,-3274.0
2023-02-13 19:15:00+00:00,-1855.0
2023-02-13 19:30:00+00:00,-1393.0
2023-02-13 19:45:00+00:00,-1612.0
2023-02-13 20:00:00+00:00,-1494.0
2023-02-13 20:15:00+00:00,-1198.0
2023-02-13 20:30:00+00:00,-929.0
2023-02-13 20:45:00+00:00,-789.0
2023-02-13 21:00:00+00:00,-1269.0
2023-02-13 21:15:00+00:00,-1632.0
2023-02-13 21:30:00+00:00,-2987.0
2023-02-13 21:45:00+00:00,-3406.0
2023-02-13 22:00:00+00:00,-5103.0
2023-02-13 22:15:00+00:00,-5388.0
2023-02-13 22:30:00+00:00,-5455.0
2023-02-13 22:45:00+00:00,-5454.0
2023-02-13 23:00:00+00:00,-5243.0
2023-02-13 23:15:00+00:00,-4098.0
2023-02-13 23:30:00+00:00,-5627.0
2023-02-13 23:45:00+00:00,-5778.0
2023-02-14 00:00:00+00:00,-5981.0
2023-02-14 00:15:00+00:00,-4915.0
2023-02-14 00:30:00+00:00,-4870.0
2023-02-14 00:45:00+00:00,-5332.0
2023-02-14 01:00:00+00:00,-5025.0
2023-02-14 01:15:00+00:00,-5050.0
2023-02-14 01:30:00+00:00,-5394.0
2023-02-14 01:45:00+00:00,-5088.0
2023-02-14 02:00:00+00:00,-5116.0
2023-02-14 02:15:00+00:00,-5367.0
2023-02-14 02:30:00+00:00,-4940.0
2023-02-14 02:45:00+00:00,-5040.0
2023-02-14 03:00:00+00:00,-5169.0
2023-02-14 03:15:00+00:00,-5224.0
2023-02-14 03:30:00+00:00,-5245.0
2023-02-14 03:45:00+00:00,-4893.0
2023-02-14 04:00:00+00:00,-5326.0
2023-02-14 04:15:00+00:00,-5055.0
2023-02-14 04:30:00+00:00,-4805.0
2023-02-14 04:45:00+00:00,-4305.0
2023-02-14 05:00:00+00:00,-4037.0
2023-02-14 05:15:00+00:00,-4104.0
2023-02-14 05:30:00+00:00,-5883.0
2023-02-14 05:45:00+00:00,-5911.0
2023-02-14 06:00:00+00:00,-5960.0
2023-02-14 06:15:00+00:00,-6055.0
2023-02-14 06:30:00+00:00,-6060.0
2023-02-14 06:45:00+00:00,-5900.0
2023-02-14 07:00:00+00:00,-4901.0
2023-02-14 07:15:00+00:00,-4102.0
2023-02-14 07:30:00+00:00,-5414.0
2023-02-14 07:45:00+00:00,-4677.0
2023-02-14 08:00:00+00:00,-4518.0
2023-02-14 08:15:00+00:00,-4368.0
2023-02-14 08:30:00+00:00,-4402.0
2023-02-14 08:45:00+00:00,-4670.0
2023-02-14 09:00:00+00:00,-4692.0
2023-02-14 09:15:00+00:00,-4766.0
2023-02-14 09:30:00+00:00,-4624.0
2023-02-14 09:45:00+00:00,-4838.0
2023-02-14 10:00:00+00:00,-5871.0
2023-02-14 10:15:00+00:00,-6042.0
2023-02-14 10:30:00+00:00,-5099.0
2023-02-14 10:45:00+00:00,-4388.0
2023-02-14 11:00:00+00:00,-3886.0
2023-02-14 11:15:00+00:00,-4353.0
2023-02-14 11:30:00+00:00,-5423.0
2023-02-14 11:45:00+00:00,-5278.0
2023-02-14 12:00:00+00:00,-5432.0
2023-02-14 12:15:00+00:00,-5717.0
2023-02-14 12:30:00+00:00,-5879.0
2023-02-14 12:45:00+00:00,-5476.0
2023-02-14 13:00:00+00:00,-3397.0
2023-02-14 13:15:00+00:00,-2859.0
2023-02-14 13:30:00+00:00,-3499.0
2023-02-14 13:45:00+00:00,-4281.0
2023-02-14 14:00:00+00:00,-4579.0
2023-02-14 14:15:00+00:00,-4606.0
2023-02-14 14:30:00+00:00,-4499.0
2023-02-14 14:45:00+00:00,-4322.0
2023-02-14 15:00:00+00:00,-4451.0
2023-02-14 15:15:00+00:00,-4684.0
2023-02-14 15:30:00+00:00,-4650.0
2023-02-14 15:45:00+00:00,-4567.0
2023-02-14 16:00:00+00:00,-4573.0
2023-02-14 16:15:00+00:00,-4330.0
2023-02-14 16:30:00+00:00,-3571.0
2023-02-14 16:45:00+00:00,-3567.0
2023-02-14 17:00:00+00:00,-2564.0
2023-02-14 17:15:00+00:00,-3468.0
2023-02-14 17:30:00+00:00,-5265.0
2023-02-14 17:45:00+00:00,-5791.0
2023-02-14 18:00:00+00:00,-6041.0
2023-02-14 18:15:00+00:00,-6173.0
2023-02-14 18:30:00+00:00,-6203.0
2023-02-14 18:45:00+00:00,-5804.0
2023-02-14 19:00:00+00:00,-3807.0
2023-02-14 19:15:00+00:00,-4329.0
2023-02-14 19:30:00+00:00,-5186.0
2023-02-14 19:45:00+00:00,-4398.0
2023-02-14 20:00:00+00:00,-4340.0
2023-02-14 20:15:00+00:00,-4605.0
2023-02-14 20:30:00+00:00,-4730.0
2023-02-14 20:45:00+00:00,-4590.0
2023-02-14 21:00:00+00:00,-4518.0
2023-02-14 21:15:00+00:00,-5228.0
2023-02-14 21:30:00+00:00,-5715.0
2023-02-14 21:45:00+00:00,-5245.0
2023-02-14 22:00:00+00:00,-4472.0
2023-02-14 22:15:00+00:00,-5228.0
2023-02-14 22:30:00+00:00,-4624.0
2023-02-14 22:45:00+00:00,-4784.0
2023-02-14 23:00:00+00:00,-4104.0
2023-02-14 23:15:00+00:00,-4316.0
2023-02-14 23:30:00+00:00,-5262.0
2023-02-14 23:45:00+00:00,-6170.0
2023-02-15 00:00:00+00:00,-6159.0
2023-02-15 00:15:00+00:00,-5920.0
2023-02-15 00:30:00+00:00,-5758.0
2023-02-15 00:45:00+00:00,-5569.0
2023-02-15 01:00:00+00:00,-5406.0
2023-02-15 01:15:00+00:00,-5845.0
2023-02-15 01:30:00+00:00,-6163.0
2023-02-15 01:45:00+00:00,-4613.0
2023-02-15 02:00:00+00:00,-5159.0
2023-02-15 02:15:00+00:00,-4840.0
2023-02-15 02:30:00+00:00,-5703.0
2023-02-15 02:45:00+00:00,-5726.0
2023-02-15 03:00:00+00:00,-5307.0
2023-02-15 03:15:00+00:00,-5331.0
2023-02-15 03:30:00+00:00,-4584.0
2023-02-15 03:45:00+00:00,-3315.0
2023-02-15 04:00:00+00:00,-5003.0
2023-02-15 04:15:00+00:00,-5537.0
2023-02-15 04:30:00+00:00,-5448.0
2023-02-15 04:45:00+00:00,-5154.0
2023-02-15 05:00:00+00:00,-4531.0
2023-02-15 05:15:00+00:00,-5145.0
2023-02-15 05:30:00+00:00,-5936.0
2023-02-15 05:45:00+00:00,-6428.0
2023-02-15 06:00:00+00:00,-6289.0
2023-02-15 06:15:00+00:00,-5162.0
2023-02-15 06:30:00+00:00,-5187.0
2023-02-15 06:45:00+00:00,-5071.0
2023-02-15 07:00:00+00:00,-4882.0
2023-02-15 07:15:00+00:00,-5864.0
2023-02-15 07:30:00+00:00,-6146.0
2023-02-15 07:45:00+00:00,-5521.0
2023-02-15 08:00:00+00:00,-5035.0
2023-02-15 08:15:00+00:00,-4570.0
2023-02-15 08:30:00+00:00,-4937.0
2023-02-15 08:45:00+00:00,-3735.0
2023-02-15 09:00:00+00:00,-3485.0
2023-02-15 09:15:00+00:00,-4215.0
2023-02-15 09:30:00+00:00,-5372.0
2023-02-15 09:45:00+00:00,-6494.0
2023-02-15 10:00:00+00:00,-5989.0
2023-02-15 10:15:00+00:00,-5580.0
2023-02-15 10:30:00+00:00,-5866.0
2023-02-15 10:45:00+00:00,-6546.0
2023-02-15 11:00:00+00:00,-6750.0
2023-02-15 11:15:00+00:00,-6312.0
2023-02-15 11:30:00+00:00,-7070.0
2023-02-15 11:45:00+00:00,-6974.0
2023-02-15 12:00:00+00:00,-6773.0
2023-02-15 12:15:00+00:00,-6188.0
2023-02-15 12:30:00+00:00,-6218.0
2023-02-15 12:45:00+00:00,-6138.0
2023-02-15 13:00:00+00:00,-6084.0
2023-02-15 13:15:00+00:00,-5144.0
2023-02-15 13:30:00+00:00,-4510.0
2023-02-15 13:45:00+00:00,-3968.0
2023-02-15 14:00:00+00:00,-4215.0
2023-02-15 14:15:00+00:00,-3719.0
2023-02-15 14:30:00+00:00,-2977.0
2023-02-15 14:45:00+00:00,-2324.0
2023-02-15 15:00:00+00:00,-2112.0
2023-02-15 15:15:00+00:00,-2743.0
2023-02-15 15:30:00+00:00,-4032.0
2023-02-15 15:45:00+00:00,-6037.0
2023-02-15 16:00:00+00:00,-6986.0
2023-02-15 16:15:00+00:00,-6425.0
2023-02-15 16:30:00+00:00,-6438.0
2023-02-15 16:45:00+00:00,-6798.0
2023-02-15 17:00:00+00:00,-6340.0
2023-02-15 17:15:00+00:00,-6690.0
2023-02-15 17:30:00+00:00,-6216.0
2023-02-15 17:45:00+00:00,-6125.0
2023-02-15 18:00:00+00:00,-6137.0
2023-02-15 18:15:00+00:00,-6225.0
2023-02-15 18:30:00+00:00,-6193.0
2023-02-15 18:45:00+00:00,-6089.0
2023-02-15 19:00:00+00:00,-6188.0
2023-02-15 19:15:00+00:00,-6848.0
2023-02-15 19:30:00+00:00,-6920.0
2023-02-15 19:45:00+00:00,-5863.0
2023-02-15 20:00:00+00:00,-5711.0
2023-02-15 20:15:00+00:00,-5763.0
2023-02-15 20:30:00+00:00,-5892.0
2023-02-15 20:45:00+00:00,-5585.0
2023-02-15 21:00:00+00:00,-5682.0
2023-02-15 21:15:00+00:00,-5628.0
2023-02-15 21:30:00+00:00,-5436.0
2023-02-15 21:45:00+00:00,-4943.0
2023-02-15 22:00:00+00:00,-5372.0
2023-02-15 22:15:00+00:00,-5412.0
2023-02-15 22:30:00+00:00,-5406.0
2023-02-15 22:45:00+00:00,-5558.0
2023-02-15 23:00:00+00:00,-4286.0
2023-02-15 23:15:00+00:00,-5165.0
2023-02-15 23:30:00+00:00,-6097.0
2023-02-15 23:45:00+00:00,-6578.0
2023-02-16 00:00:00+00:00,-6540.0
2023-02-16 00:15:00+00:00,-5899.0
2023-02-16 00:30:00+00:00,-6149.0
2023-02-16 00:45:00+00:00,-6089.0
2023-02-16 01:00:00+00:00,-5674.0
2023-02-16 01:15:00+00:00,-5211.0
2023-02-16 01:30:00+00:00,-5658.0
2023-02-16 01:45:00+00:00,-5174.0
2023-02-16 02:00:00+00:00,-5370.0
2023-02-16 02:15:00+00:00,-4691.0
2023-02-16 02:30:00+00:00,-3386.0
2023-02-16 02:45:00+00:00,-3430.0
2023-02-16 03:00:00+00:00,-4169.0
2023-02-16 03:15:00+00:00,-4507.0
2023-02-16 03:30:00+00:00,-5178.0
2023-02-16 03:45:00+00:00,-4774.0
2023-02-16 04:00:00+00:00,-4444.0
2023-02-16 04:15:00+00:00,-4246.0
2023-02-16 04:30:00+00:00,-4108.0
2023-02-16 04:45:00+00:00,-4235.0
2023-02-16 05:00:00+00:00,-2366.0
2023-02-16 05:15:00+00:00,-3438.0
2023-02-16 05:30:00+00:00,-4662.0
2023-02-16 05:45:00+00:00,-5732.0
2023-02-16 06:00:00+00:00,-5772.0
2023-02-16 06:15:00+00:00,-5752.0
2023-02-16 06:30:00+00:00,-5683.0
2023-02-16 06:45:00+00:00,-5573.0
2023-02-16 07:00:00+00:00,-5865.0
2023-02-16 07:15:00+00:00,-5632.0
2023-02-16 07:30:00+00:00,-6057.0
2023-02-16 07:45:00+00:00,-6052.0
2023-02-16 08:00:00+00:00,-6048.0
2023-02-16 08:15:00+00:00,-5659.0
2023-02-16 08:30:00+00:00,-5524.0
2023-02-16 08:45:00+00:00,-5275.0
2023-02-16 09:00:00+00:00,-5138.0
2023-02-16 09:15:00+00:00,-5147.0
2023-02-16 09:30:00+00:00,-5585.0
2023-02-16 09:45:00+00:00,-5487.0
2023-02-16 10:00:00+00:00,-5730.0
2023-02-16 10:15:00+00:00,-6085.0
2023-02-16 10:30:00+00:00,-5602.0
2023-02-16 10:45:00+00:00,-5390.0
2023-02-16 11:00:00+00:00,-4000.0
2023-02-16 11:15:00+00:00,-4218.0
2023-02-16 11:30:00+00:00,-5580.0
2023-02-16 11:45:00+00:00,-5937.0
2023-02-16 12:00:00+00:00,-5970.0
2023-02-16 12:15:00+00:00,-5931.0
2023-02-16 12:30:00+00:00,-5941.0
2023-02-16 12:45:00+00:00,-5762.0
2023-02-16 13:00:00+00:00,-4267.0
2023-02-16 13:15:00+00:00,-4234.0
2023-02-16 13:30:00+00:00,-5125.0
2023-02-16 13:45:00+00:00,-6077.0
2023-02-16 14:00:00+00:00,-5283.0
2023-02-16 14:15:00+00:00,-4739.0
2023-02-16 14:30:00+00:00,-5208.0
2023-02-16 14:45:00+00:00,-5621.0
2023-02-16 15:00:00+00:00,-5783.0
2023-02-16 15:15:00+00:00,-6015.0
2023-02-16 15:30:00+00:00,-6251.0
2023-02-16 15:45:00+00:00,-6247.0
2023-02-16 16:00:00+00:00,-5643.0
2023-02-16 16:15:00+00:00,-5146.0
2023-02-16 16:30:00+00:00,-4850.0
2023-02-16 16:45:00+00:00,-4651.0
2023-02-16 17:00:00+00:00,-3986.0
2023-02-16 17:15:00+00:00,-3777.0
2023-02-16 17:30:00+00:00,-4051.0
2023-02-16 17:45:00+00:00,-4350.0
2023-02-16 18:00:00+00:00,-4386.0
2023-02-16 18:15:00+00:00,-4961.0
2023-02-16 18:30:00+00:00,-4992.0
2023-02-16 18:45:00+00:00,-4197.0
2023-02-16 19:00:00+00:00,-3246.0
2023-02-16 19:15:00+00:00,-4070.0
2023-02-16 19:30:00+00:00,-4258.0
2023-02-16 19:45:00+00:00,-4605.0
2023-02-16 20:00:00+00:00,-4764.0
2023-02-16 20:15:00+00:00,-4496.0
2023-02-16 20:30:00+00:00,-4799.0
2023-02-16 20:45:00+00:00,-4950.0
2023-02-16 21:00:00+00:00,-4960.0
2023-02-16 21:15:00+00:00,-4858.0
2023-02-16 21:30:00+00:00,-4989.0
2023-02-16 21:45:00+00:00,-4249.0
2023-02-16 22:00:00+00:00,-5075.0
2023-02-16 22:15:00+00:00,-4820.0
2023-02-16 22:30:00+00:00,-3892.0
2023-02-16 22:45:00+00:00,-4687.0
2023-02-16 23:00:00+00:00,-4814.0
2023-02-16 23:15:00+00:00,-5001.0
2023-02-16 23:30:00+00:00,-6055.0
2023-02-16 23:45:00+00:00,-5998.0
2023-02-17 00:00:00+00:00,-6014.0
2023-02-17 00:15:00+00:00,-5927.0
2023-02-17 00:30:00+00:00,-5791.0
2023-02-17 00:45:00+00:00,-5619.0
2023-02-17 01:00:00+00:00,-5831.0
2023-02-17 01:15:00+00:00,-6444.0
2023-02-17 01:30:00+00:00,-6465.0
2023-02-17 01:45:00+00:00,-5957.0
2023-02-17 02:00:00+00:00,-5947.0
2023-02-17 02:15:00+00:00,-5946.0
2023-02-17 02:30:00+00:00,-5659.0
2023-02-17 02:45:00+00:00,-5795.0
2023-02-17 03:00:00+00:00,-5900.0
2023-02-17 03:15:00+00:00,-5923.0
2023-02-17 03:30:00+00:00,-6347.0
2023-02-17 03:45:00+00:00,-6509.0
2023-02-17 04:00:00+00:00,-7372.0
2023-02-17 04:15:00+00:00,-6871.0
2023-02-17 04:30:00+00:00,-5984.0
2023-02-17 04:45:00+00:00,-6425.0
2023-02-17 05:00:00+00:00,-5710.0
2023-02-17 05:15:00+00:00,-5507.0
2023-02-17 05:30:00+00:00,-6747.0
2023-02-17 05:45:00+00:00,-6913.0
2023-02-17 06:00:00+00:00,-6971.0
2023-02-17 06:15:00+00:00,-7018.0
2023-02-17 06:30:00+00:00,-6868.0
2023-02-17 06:45:00+00:00,-6781.0
2023-02-17 07:00:00+00:00,-6862.0
2023-02-17 07:15:00+00:00,-5863.0
2023-02-17 07:30:00+00:00,-6074.0
2023-02-17 07:45:00+00:00,-5854.0
2023-02-17 08:00:00+00:00,-5286.0
2023-02-17 08:15:00+00:00,-4901.0
2023-02-17 08:30:00+00:00,-4375.0
2023-02-17 08:45:00+00:00,-4151.0
2023-02-17 09:00:00+00:00,-4287.0
2023-02-17 09:15:00+00:00,-5584.0
2023-02-17 09:30:00+00:00,-6265.0
2023-02-17 09:45:00+00:00,-6824.0
2023-02-17 10:00:00+00:00,-7443.0
2023-02-17 10:15:00+00:00,-7421.0
2023-02-17 10:30:00+00:00,-6887.0
2023-02-17 10:45:00+00:00,-6526.0
2023-02-17 11:00:00+00:00,-6493.0
2023-02-17 11:15:00+00:00,-6341.0
2023-02-17 11:30:00+00:00,-7155.0
2023-02-17 11:45:00+00:00,-7484.0
2023-02-17 12:00:00+00:00,-7407.0
2023-02-17 12:15:00+00:00,-7172.0
2023-02-17 12:30:00+00:00,-7102.0
2023-02-17 12:45:00+00:00,-6790.0
2023-02-17 13:00:00+00:00,-5044.0
2023-02-17 13:15:00+00:00,-4165.0
2023-02-17 13:30:00+00:00,-4936.0
2023-02-17 13:45:00+00:00,-5325.0
2023-02-17 14:00:00+00:00,-5679.0
2023-02-17 14:15:00+00:00,-5873.0
2023-02-17 14:30:00+00:00,-5330.0
2023-02-17 14:45:00+00:00,-5468.0
2023-02-17 15:00:00+00:00,-5171.0
2023-02-17 15:15:00+00:00,-6323.0
2023-02-17 15:30:00+00:00,-6299.0
2023-02-17 15:45:00+00:00,-6001.0
2023-02-17 16:00:00+00:00,-6176.0
2023-02-17 16:15:00+00:00,-5225.0
2023-02-17 16:30:00+00:00,-5069.0
2023-02-17 16:45:00+00:00,-4516.0
2023-02-17 17:00:00+00:00,-2391.0
2023-02-17 17:15:00+00:00,-3776.0
2023-02-17 17:30:00+00:00,-5449.0
2023-02-17 17:45:00+00:00,-5072.0
2023-02-17 18:00:00+00:00,-5870.0
2023-02-17 18:15:00+00:00,-6115.0
2023-02-17 18:30:00+00:00,-6227.0
2023-02-17 18:45:00+00:00,-5944.0
2023-02-17 19:00:00+00:00,-4080.0
2023-02-17 19:15:00+00:00,-4090.0
2023-02-17 19:30:00+00:00,-5081.0
2023-02-17 19:45:00+00:00,-5775.0
2023-02-17 20:00:00+00:00,-6304.0
2023-02-17 20:15:00+00:00,-6209.0
2023-02-17 20:30:00+00:00,-5899.0
2023-02-17 20:45:00+00:00,-5811.0
2023-02-17 21:00:00+00:00,-5966.0
2023-02-17 21:15:00+00:00,-6155.0
2023-02-17 21:30:00+00:00,-6006.0
2023-02-17 21:45:00+00:00,-6074.0
2023-02-17 22:00:00+00:00,-7738.0
2023-02-17 22:15:00+00:00,-5589.0
2023-02-17 22:30:00+00:00,-4656.0
2023-02-17 22:45:00+00:00,-5006.0
2023-02-17 23:00:00+00:00,-4849.0
2023-02-17 23:15:00+00:00,-6385.0
2023-02-17 23:30:00+00:00,-6890.0
2023-02-17 23:45:00+00:00,-6906.0
2023-02-18 00:00:00+00:00,-6756.0
2023-02-18 00:15:00+00:00,-5457.0
2023-02-18 00:30:00+00:00,-5197.0
2023-02-18 00:45:00+00:00,-5539.0
2023-02-18 01:00:00+00:00,-5368.0
2023-02-18 01:15:00+00:00,-5175.0
2023-02-18 01:30:00+00:00,-5597.0
2023-02-18 01:45:00+00:00,-4659.0
2023-02-18 02:00:00+00:00,-4735.0
2023-02-18 02:15:00+00:00,-4899.0
2023-02-18 02:30:00+00:00,-4380.0
2023-02-18 02:45:00+00:00,-4196.0
2023-02-18 03:00:00+00:00,-3598.0
2023-02-18 03:15:00+00:00,-2914.0
2023-02-18 03:30:00+00:00,-4110.0
2023-02-18 03:45:00+00:00,-3673.0
2023-02-18 04:00:00+00:00,-4720.0
2023-02-18 04:15:00+00:00,-5337.0
2023-02-18 04:30:00+00:00,-4229.0
2023-02-18 04:45:00+00:00,-3467.0
2023-02-18 05:00:00+00:00,-2154.0
2023-02-18 05:15:00+00:00,-3098.0
2023-02-18 05:30:00+00:00,-5351.0
2023-02-18 05:45:00+00:00,-5413.0
2023-02-18 06:00:00+00:00,-5510.0
2023-02-18 06:15:00+00:00,-5314.0
2023-02-18 06:30:00+00:00,-5279.0
2023-02-18 06:45:00+00:00,-4656.0
2023-02-18 07:00:00+00:00,-2842.0
2023-02-18 07:15:00+00:00,-2199.0
2023-02-18 07:30:00+00:00,-3981.0
2023-02-18 07:45:00+00:00,-4396.0
2023-02-18 08:00:00+00:00,-3983.0
2023-02-18 08:15:00+00:00,-4867.0
2023-02-18 08:30:00+00:00,-4379.0
2023-02-18 08:45:00+00:00,-4192.0
2023-02-18 09:00:00+00:00,-4340.0
2023-02-18 09:15:00+00:00,-4118.0
2023-02-18 09:30:00+00:00,-4229.0
2023-02-18 09:45:00+00:00,-3921.0
2023-02-18 10:00:00+00:00,-4565.0
2023-02-18 10:15:00+00:00,-4525.0
2023-02-18 10:30:00+00:00,-3651.0
2023-02-18 10:45:00+00:00,-3247.0
2023-02-18 11:00:00+00:00,-1732.0
2023-02-18 11:15:00+00:00,-2004.0
2023-02-18 11:30:00+00:00,-5369.0
2023-02-18 11:45:00+00:00,-6621.0
2023-02-18 12:00:00+00:00,-6452.0
2023-02-18 12:15:00+00:00,-6639.0
2023-02-18 12:30:00+00:00,-6637.0
2023-02-18 12:45:00+00:00,-5023.0
2023-02-18 13:00:00+00:00,-3965.0
2023-02-18 13:15:00+00:00,-4130.0
2023-02-18 13:30:00+00:00,-5461.0
2023-02-18 13:45:00+00:00,-5004.0
2023-02-18 14:00:00+00:00,-5129.0
2023-02-18 14:15:00+00:00,-5154.0
2023-02-18 14:30:00+00:00,-5865.0
2023-02-18 14:45:00+00:00,-5931.0
2023-02-18 15:00:00+00:00,-5429.0
2023-02-18 15:15:00+00:00,-5453.0
2023-02-18 15:30:00+00:00,-5362.0
2023-02-18 15:45:00+00:00,-5140.0
2023-02-18 16:00:00+00:00,-5177.0
2023-02-18 16:15:00+00:00,-5483.0
2023-02-18 16:30:00+00:00,-5307.0
2023-02-18 16:45:00+00:00,-5738.0
2023-02-18 17:00:00+00:00,-5827.0
2023-02-18 17:15:00+00:00,-6643.0
2023-02-18 17:30:00+00:00,-6501.0
2023-02-18 17:45:00+00:00,-6791.0
2023-02-18 18:00:00+00:00,-6987.0
2023-02-18 18:15:00+00:00,-6723.0
2023-02-18 18:30:00+00:00,-6711.0
2023-02-18 18:45:00+00:00,-6800.0
2023-02-18 19:00:00+00:00,-6787.0
2023-02-18 19:15:00+00:00,-5962.0
2023-02-18 19:30:00+00:00,-5906.0
2023-02-18 19:45:00+00:00,-5713.0
2023-02-18 20:00:00+00:00,-5387.0
2023-02-18 20:15:00+00:00,-5573.0
2023-02-18 20:30:00+00:00,-5129.0
2023-02-18 20:45:00+00:00,-4874.0
2023-02-18 21:00:00+00:00,-4955.0
2023-02-18 21:15:00+00:00,-5222.0
2023-02-18 21:30:00+00:00,-5418.0
2023-02-18 21:45:00+00:00,-5608.0
2023-02-18 22:00:00+00:00,-6180.0
2023-02-18 22:15:00+00:00,-6555.0
2023-02-18 22:30:00+00:00,-6051.0
2023-02-18 22:45:00+00:00,-5455.0
2023-02-18 23:00:00+00:00,-5432.0
2023-02-18 23:15:00+00:00,-4911.0
2023-02-18 23:30:00+00:00,-5332.0
2023-02-18 23:45:00+00:00,-5385.0
2023-02-19 00:00:00+00:00,-5125.0
2023-02-19 00:15:00+00:00,-5276.0
2023-02-19 00:30:00+00:00,-5290.0
2023-02-19 00:45:00+00:00,-5099.0
2023-02-19 01:00:00+00:00,-4934.0
2023-02-19 01:15:00+00:00,-5133.0
2023-02-19 01:30:00+00:00,-4962.0
2023-02-19 01:45:00+00:00,-5659.0
2023-02-19 02:00:00+00:00,-5561.0
2023-02-19 02:15:00+00:00,-4905.0
2023-02-19 02:30:00+00:00,-4964.0
2023-02-19 02:45:00+00:00,-4881.0
2023-02-19 03:00:00+00:00,-5122.0
2023-02-19 03:15:00+00:00,-5008.0
2023-02-19 03:30:00+00:00,-5133.0
2023-02-19 03:45:00+00:00,-5005.0
2023-02-19 04:00:00+00:00,-5867.0
2023-02-19 04:15:00+00:00,-5718.0
2023-02-19 04:30:00+00:00,-5526.0
2023-02-19 04:45:00+00:00,-5605.0
2023-02-19 05:00:00+00:00,-5551.0
2023-02-19 05:15:00+00:00,-5532.0
2023-02-19 05:30:00+00:00,-5462.0
2023-02-19 05:45:00+00:00,-5489.0
2023-02-19 06:00:00+00:00,-4969.0
2023-02-19 06:15:00+00:00,-4834.0
2023-02-19 06:30:00+00:00,-4880.0
2023-02-19 06:45:00+00:00,-4822.0
2023-02-19 07:00:00+00:00,-4143.0
2023-02-19 07:15:00+00:00,-4382.0
2023-02-19 07:30:00+00:00,-5350.0
2023-02-19 07:45:00+00:00,-5221.0
2023-02-19 08:00:00+00:00,-5622.0
2023-02-19 08:15:00+00:00,-5951.0
2023-02-19 08:30:00+00:00,-5583.0
2023-02-19 08:45:00+00:00,-5291.0
2023-02-19 09:00:00+00:00,-5253.0
2023-02-19 09:15:00+00:00,-4849.0
2023-02-19 09:30:00+00:00,-5283.0
2023-02-19 09:45:00+00:00,-5256.0
2023-02-19 10:00:00+00:00,-5267.0
2023-02-19 10:15:00+00:00,-4780.0
2023-02-19 10:30:00+00:00,-4201.0
2023-02-19 10:45:00+00:00,-4052.0
2023-02-19 11:00:00+00:00,-3769.0
2023-02-19 11:15:00+00:00,-3894.0
2023-02-19 11:30:00+00:00,-5116.0
2023-02-19 11:45:00+00:00,-5321.0
2023-02-19 12:00:00+00:00,-5710.0
2023-02-19 12:15:00+00:00,-5727.0
2023-02-19 12:30:00+00:00,-5724.0
2023-02-19 12:45:00+00:00,-5432.0
2023-02-19 13:00:00+00:00,-4048.0
2023-02-19 13:15:00+00:00,-3891.0
2023-02-19 13:30:00+00:00,-5796.0
2023-02-19 13:45:00+00:00,-5592.0
2023-02-19 14:00:00+00:00,-5423.0
2023-02-19 14:15:00+00:00,-5394.0
2023-02-19 14:30:00+00:00,-5159.0
2023-02-19 14:45:00+00:00,-5661.0
2023-02-19 15:00:00+00:00,-5806.0
2023-02-19 15:15:00+00:00,-5426.0
2023-02-19 15:30:00+00:00,-6202.0
2023-02-19 15:45:00+00:00,-5625.0
2023-02-19 16:00:00+00:00,-4662.0
2023-02-19 16:15:00+00:00,-4303.0
2023-02-19 16:30:00+00:00,-2970.0
2023-02-19 16:45:00+00:00,-3863.0
2023-02-19 17:00:00+00:00,-2968.0
2023-02-19 17:15:00+00:00,-4069.0
2023-02-19 17:30:00+00:00,-5241.0
2023-02-19 17:45:00+00:00,-5357.0
2023-02-19 18:00:00+00:00,-5639.0
2023-02-19 18:15:00+00:00,-6030.0
2023-02-19 18:30:00+00:00,-5959.0
2023-02-19 18:45:00+00:00,-4861.0
2023-02-19 19:00:00+00:00,-4902.0
2023-02-19 19:15:00+00:00,-4575.0
2023-02-19 19:30:00+00:00,-5378.0
2023-02-19 19:45:00+00:00,-6177.0
2023-02-19 20:00:00+00:00,-6309.0
2023-02-19 20:15:00+00:00,-6388.0
2023-02-19 20:30:00+00:00,-5606.0
2023-02-19 20:45:00+00:00,-5932.0
2023-02-19 21:00:00+00:00,-5996.0
2023-02-19 21:15:00+00:00,-6022.0
2023-02-19 21:30:00+00:00,-6745.0
2023-02-19 21:45:00+00:00,-5960.0
2023-02-19 22:00:00+00:00,-5734.0
2023-02-19 22:15:00+00:00,-5790.0
2023-02-19 22:30:00+00:00,-5026.0
2023-02-19 22:45:00+00:00,-4677.0
2023-02-19 23:00:00+00:00,-3988.0
2023-02-19 23:15:00+00:00,-5137.0
2023-02-19 23:30:00+00:00,-5891.0
2023-02-19 23:45:00+00:00,-5614.0
2023-02-20 00:00:00+00:00,-5781.0
2023-02-20 00:15:00+00:00,-6028.0
2023-02-20 00:30:00+00:00,-5438.0
2023-02-20 00:45:00+00:00,-5870.0
2023-02-20 01:00:00+00:00,-4863.0
2023-02-20 01:15:00+00:00,-4330.0
2023-02-20 01:30:00+00:00,-5147.0
2023-02-20 01:45:00+00:00,-5202.0
2023-02-20 02:00:00+00:00,-5328.0
2023-02-20 02:15:00+00:00,-5436.0
2023-02-20 02:30:00+00:00,-5438.0
2023-02-20 02:45:00+00:00,-5364.0
2023-02-20 03:00:00+00:00,-5214.0
2023-02-20 03:15:00+00:00,-5347.0
2023-02-20 03:30:00+00:00,-5381.0
2023-02-20 03:45:00+00:00,-5278.0
2023-02-20 04:00:00+00:00,-5528.0
2023-02-20 04:15:00+00:00,-4858.0
2023-02-20 04:30:00+00:00,-4437.0
2023-02-20 04:45:00+00:00,-4342.0
2023-02-20 05:00:00+00:00,-3906.0
2023-02-20 05:15:00+00:00,-3224.0
2023-02-20 05:30:00+00:00,-5757.0
2023-02-20 05:45:00+00:00,-6112.0
2023-02-20 06:00:00+00:00,-5767.0
2023-02-20 06:15:00+00:00,-5714.0
2023-02-20 06:30:00+00:00,-5881.0
2023-02-20 06:45:00+00:00,-5781.0
2023-02-20 07:00:00+00:00,-5407.0
2023-02-20 07:15:00+00:00,-4739.0
2023-02-20 07:30:00+00:00,-5211.0
2023-02-20 07:45:00+00:00,-5672.0
2023-02-20 08:00:00+00:00,-6121.0
2023-02-20 08:15:00+00:00,-6228.0
2023-02-20 08:30:00+00:00,-5892.0
2023-02-20 08:45:00+00:00,-5821.0
2023-02-20 09:00:00+00:00,-5145.0
2023-02-20 09:15:00+00:00,-5142.0
2023-02-20 09:30:00+00:00,-5365.0
2023-02-20 09:45:00+00:00,-5276.0
2023-02-20 10:00:00+00:00,-5052.0
2023-02-20 10:15:00+00:00,-4923.0
2023-02-20 10:30:00+00:00,-4787.0
2023-02-20 10:45:00+00:00,-4584.0
2023-02-20 11:00:00+00:00,-4896.0
2023-02-20 11:15:00+00:00,-5295.0
2023-02-20 11:30:00+00:00,-6491.0
2023-02-20 11:45:00+00:00,-6332.0
2023-02-20 12:00:00+00:00,-6205.0
2023-02-20 12:15:00+00:00,-6392.0
2023-02-20 12:30:00+00:00,-6295.0
2023-02-20 12:45:00+00:00,-6291.0
2023-02-20 13:00:00+00:00,-6646.0
2023-02-20 13:15:00+00:00,-6800.0
2023-02-20 13:30:00+00:00,-6542.0
2023-02-20 13:45:00+00:00,-6103.0
2023-02-20 14:00:00+00:00,-6142.0
2023-02-20 14:15:00+00:00,-5844.0
2023-02-20 14:30:00+00:00,-4257.0
2023-02-20 14:45:00+00:00,-4956.0
2023-02-20 15:00:00+00:00,-5181.0
2023-02-20 15:15:00+00:00,-5903.0
2023-02-20 15:30:00+00:00,-5348.0
2023-02-20 15:45:00+00:00,-5424.0
2023-02-20 16:00:00+00:00,-5719.0
2023-02-20 16:15:00+00:00,-5314.0
2023-02-20 16:30:00+00:00,-4670.0
2023-02-20 16:45:00+00:00,-4071.0
2023-02-20 17:00:00+00:00,-4902.0
2023-02-20 17:15:00+00:00,-4601.0
2023-02-20 17:30:00+00:00,-6310.0
2023-02-20 17:45:00+00:00,-6360.0
2023-02-20 18:00:00+00:00,-6212.0
2023-02-20 18:15:00+00:00,-5944.0
2023-02-20 18:30:00+00:00,-6005.0
2023-02-20 18:45:00+00:00,-5859.0
2023-02-20 19:00:00+00:00,-5463.0
2023-02-20 19:15:00+00:00,-3938.0
2023-02-20 19:30:00+00:00,-3907.0
2023-02-20 19:45:00+00:00,-3889.0
2023-02-20 20:00:00+00:00,-3834.0
2023-02-20 20:15:00+00:00,-3069.0
2023-02-20 20:30:00+00:00,-3801.0
2023-02-20 20:45:00+00:00,-3987.0
2023-02-20 21:00:00+00:00,-3989.0
2023-02-20 21:15:00+00:00,-3809.0
2023-02-20 21:30:00+00:00,-3914.0
2023-02-20 21:45:00+00:00,-5639.0
2023-02-20 22:00:00+00:00,-6268.0
2023-02-20 22:15:00+00:00,-5632.0
2023-02-20 22:30:00+00:00,-5200.0
2023-02-20 22:45:00+00:00,-5306.0
2023-02-20 23:00:00+00:00,-5659.0
2023-02-20 23:15:00+00:00,-5386.0
2023-02-20 23:30:00+00:00,-5949.0
2023-02-20 23:45:00+00:00,-6056.0
2023-02-21 00:00:00+00:00,-5823.0
2023-02-21 00:15:00+00:00,-6655.0
2023-02-21 00:30:00+00:00,-6916.0
2023-02-21 00:45:00+00:00,-6806.0
2023-02-21 01:00:00+00:00,-6817.0
2023-02-21 01:15:00+00:00,-4253.0
2023-02-21 01:30:00+00:00,-5091.0
2023-02-21 01:45:00+00:00,-5611.0
2023-02-21 02:00:00+00:00,-5510.0
2023-02-21 02:15:00+00:00,-5613.0
2023-02-21 02:30:00+00:00,-5289.0
2023-02-21 02:45:00+00:00,-5197.0
2023-02-21 03:00:00+00:00,-5206.0
2023-02-21 03:15:00+00:00,-6304.0
2023-02-21 03:30:00+00:00,-6082.0
2023-02-21 03:45:00+00:00,-5124.0
2023-02-21 04:00:00+00:00,-4604.0
2023-02-21 04:15:00+00:00,-4120.0
2023-02-21 04:30:00+00:00,-4037.0
2023-02-21 04:45:00+00:00,-3899.0
2023-02-21 05:00:00+00:00,-2981.0
2023-02-21 05:15:00+00:00,-3818.0
2023-02-21 05:30:00+00:00,-4309.0
2023-02-21 05:45:00+00:00,-4317.0
2023-02-21 06:00:00+00:00,-4593.0
2023-02-21 06:15:00+00:00,-4984.0
2023-02-21 06:30:00+00:00,-5134.0
2023-02-21 06:45:00+00:00,-4759.0
2023-02-21 07:00:00+00:00,-3940.0
2023-02-21 07:15:00+00:00,-3885.0
2023-02-21 07:30:00+00:00,-4425.0
2023-02-21 07:45:00+00:00,-5414.0
2023-02-21 08:00:00+00:00,-4966.0
2023-02-21 08:15:00+00:00,-4632.0
2023-02-21 08:30:00+00:00,-4933.0
2023-02-21 08:45:00+00:00,-5780.0
2023-02-21 09:00:00+00:00,-6057.0
2023-02-21 09:15:00+00:00,-5725.0
2023-02-21 09:30:00+00:00,-5456.0
2023-02-21 09:45:00+00:00,-5362.0
2023-02-21 10:00:00+00:00,-4236.0
2023-02-21 10:15:00+00:00,-3928.0
2023-02-21 10:30:00+00:00,-3374.0
2023-02-21 10:45:00+00:00,-2381.0
2023-02-21 11:00:00+00:00,-1279.0
2023-02-21 11:15:00+00:00,-3259.0
2023-02-21 11:30:00+00:00,-4680.0
2023-02-21 11:45:00+00:00,-5707.0
2023-02-21 12:00:00+00:00,-5675.0
2023-02-21 12:15:00+00:00,-5243.0
2023-02-21 12:30:00+00:00,-5229.0
2023-02-21 12:45:00+00:00,-5149.0
2023-02-21 13:00:00+00:00,-4479.0
2023-02-21 13:15:00+00:00,-3148.0
2023-02-21 13:30:00+00:00,-2734.0
2023-02-21 13:45:00+00:00,-3999.0
2023-02-21 14:00:00+00:00,-4156.0
2023-02-21 14:15:00+00:00,-5235.0
2023-02-21 14:30:00+00:00,-4560.0
2023-02-21 14:45:00+00:00,-4438.0
2023-02-21 15:00:00+00:00,-4972.0
2023-02-21 15:15:00+00:00,-5003.0
2023-02-21 15:30:00+00:00,-5523.0
2023-02-21 15:45:00+00:00,-5476.0
2023-02-21 16:00:00+00:00,-4138.0
2023-02-21 16:15:00+00:00,-4352.0
2023-02-21 16:30:00+00:00,-3880.0
2023-02-21 16:45:00+00:00,-4212.0
2023-02-21 17:00:00+00:00,-3647.0
2023-02-21 17:15:00+00:00,-3368.0
2023-02-21 17:30:00+00:00,-4741.0
2023-02-21 17:45:00+00:00,-4680.0
2023-02-21 18:00:00+00:00,-4927.0
2023-02-21 18:15:00+00:00,-4866.0
2023-02-21 18:30:00+00:00,-4921.0
2023-02-21 18:45:00+00:00,-4894.0
2023-02-21 19:00:00+00:00,-5017.0
2023-02-21 19:15:00+00:00,-5470.0
2023-02-21 19:30:00+00:00,-5565.0
2023-02-21 19:45:00+00:00,-5310.0
2023-02-21 20:00:00+00:00,-5371.0
2023-02-21 20:15:00+00:00,-5344.0
2023-02-21 20:30:00+00:00,-5352.0
2023-02-21 20:45:00+00:00,-6025.0
2023-02-21 21:00:00+00:00,-6216.0
2023-02-21 21:15:00+00:00,-5623.0
2023-02-21 21:30:00+00:00,-5575.0
2023-02-21 21:45:00+00:00,-5529.0
2023-02-21 22:00:00+00:00,-4570.0
2023-02-21 22:15:00+00:00,-4394.0
2023-02-21 22:30:00+00:00,-4650.0
2023-02-21 22:45:00+00:00,-4076.0
2023-02-21 23:00:00+00:00,-3797.0
2023-02-21 23:15:00+00:00,-4447.0
2023-02-21 23:30:00+00:00,-5785.0
2023-02-21 23:45:00+00:00,-5897.0
2023-02-22 00:00:00+00:00,-6001.0
2023-02-22 00:15:00+00:00,-6016.0
2023-02-22 00:30:00+00:00,-5589.0
2023-02-22 00:45:00+00:00,-6021.0
2023-02-22 01:00:00+00:00,-5988.0
2023-02-22 01:15:00+00:00,-6068.0
2023-02-22 01:30:00+00:00,-6018.0
2023-02-22 01:45:00+00:00,-5498.0
2023-02-22 02:00:00+00:00,-6619.0
2023-02-22 02:15:00+00:00,-6258.0
2023-02-22 02:30:00+00:00,-6033.0
2023-02-22 02:45:00+00:00,-6258.0
2023-02-22 03:00:00+00:00,-5862.0
2023-02-22 03:15:00+00:00,-6086.0
2023-02-22 03:30:00+00:00,-6220.0
2023-02-22 03:45:00+00:00,-5854.0
2023-02-22 04:00:00+00:00,-4370.0
2023-02-22 04:15:00+00:00,-4583.0
2023-02-22 04:30:00+00:00,-4591.0
2023-02-22 04:45:00+00:00,-4126.0
2023-02-22 05:00:00+00:00,-2327.0
2023-02-22 05:15:00+00:00,-3352.0
2023-02-22 05:30:00+00:00,-4109.0
2023-02-22 05:45:00+00:00,-5707.0
2023-02-22 06:00:00+00:00,-5925.0
2023-02-22 06:15:00+00:00,-4690.0
2023-02-22 06:30:00+00:00,-4761.0
2023-02-22 06:45:00+00:00,-4748.0
2023-02-22 07:00:00+00:00,-4680.0
2023-02-22 07:15:00+00:00,-5095.0
2023-02-22 07:30:00+00:00,-5036.0
2023-02-22 07:45:00+00:00,-4816.0
2023-02-22 08:00:00+00:00,-4769.0
2023-02-22 08:15:00+00:00,-4829.0
2023-02-22 08:30:00+00:00,-4779.0
2023-02-22 08:45:00+00:00,-4426.0
2023-02-22 09:00:00+00:00,-5348.0
2023-02-22 09:15:00+00:00,-5647.0
2023-02-22 09:30:00+00:00,-5497.0
2023-02-22 09:45:00+00:00,-5182.0
2023-02-22 10:00:00+00:00,-5544.0
2023-02-22 10:15:00+00:00,-4912.0
2023-02-22 10:30:00+00:00,-4667.0
2023-02-22 10:45:00+00:00,-4863.0
2023-02-22 11:00:00+00:00,-4575.0
2023-02-22 11:15:00+00:00,-5439.0
2023-02-22 11:30:00+00:00,-5902.0
2023-02-22 11:45:00+00:00,-5941.0
2023-02-22 12:00:00+00:00,-5813.0
2023-02-22 12:15:00+00:00,-6072.0
2023-02-22 12:30:00+00:00,-5941.0
2023-02-22 12:45:00+00:00,-6116.0
2023-02-22 13:00:00+00:00,-6210.0
2023-02-22 13:15:00+00:00,-5478.0
2023-02-22 13:30:00+00:00,-4690.0
2023-02-22 13:45:00+00:00,-4683.0
2023-02-22 14:00:00+00:00,-4636.0
2023-02-22 14:15:00+00:00,-4861.0
2023-02-22 14:30:00+00:00,-4638.0
2023-02-22 14:45:00+00:00,-3935.0
2023-02-22 15:00:00+00:00,-4139.0
2023-02-22 15:15:00+00:00,-4603.0
2023-02-22 15:30:00+00:00,-4956.0
2023-02-22 15:45:00+00:00,-4724.0
2023-02-22 16:00:00+00:00,-4773.0
2023-02-22 16:15:00+00:00,-4540.0
2023-02-22 16:30:00+00:00,-4345.0
2023-02-22 16:45:00+00:00,-4541.0
2023-02-22 17:00:00+00:00,-5041.0
2023-02-22 17:15:00+00:00,-4979.0
2023-02-22 17:30:00+00:00,-5063.0
2023-02-22 17:45:00+00:00,-5345.0
2023-02-22 18:00:00+00:00,-5386.0
2023-02-22 18:15:00+00:00,-5495.0
2023-02-22 18:30:00+00:00,-5446.0
2023-02-22 18:45:00+00:00,-5560.0
2023-02-22 19:00:00+00:00,-5380.0
2023-02-22 19:15:00+00:00,-5706.0
2023-02-22 19:30:00+00:00,-5963.0
2023-02-22 19:45:00+00:00,-5832.0
2023-02-22 20:00:00+00:00,-5701.0
2023-02-22 20:15:00+00:00,-5609.0
2023-02-22 20:30:00+00:00,-5354.0
2023-02-22 20:45:00+00:00,-5805.0
2023-02-22 21:00:00+00:00,-5889.0
2023-02-22 21:15:00+00:00,-5937.0
2023-02-22 21:30:00+00:00,-6231.0
2023-02-22 21:45:00+00:00,-6279.0
2023-02-22 22:00:00+00:00,-5938.0
2023-02-22 22:15:00+00:00,-5700.0
2023-02-22 22:30:00+00:00,-4926.0
2023-02-22 22:45:00+00:00,-5413.0
2023-02-22 23:00:00+00:00,-4769.0
2023-02-22 23:15:00+00:00,-5097.0
2023-02-22 23:30:00+00:00,-6257.0
2023-02-22 23:45:00+00:00,-6182.0
2023-02-23 00:00:00+00:00,-6525.0
2023-02-23 00:15:00+00:00,-6457.0
2023-02-23 00:30:00+00:00,-6332.0
2023-02-23 00:45:00+00:00,-6478.0
2023-02-23 01:00:00+00:00,-6617.0
2023-02-23 01:15:00+00:00,-7126.0
2023-02-23 01:30:00+00:00,-7135.0
2023-02-23 01:45:00+00:00,-6861.0
2023-02-23 02:00:00+00:00,-7111.0
2023-02-23 02:15:00+00:00,-6832.0
2023-02-23 02:30:00+00:00,-6913.0
2023-02-23 02:45:00+00:00,-6965.0
2023-02-23 03:00:00+00:00,-6950.0
2023-02-23 03:15:00+00:00,-6689.0
2023-02-23 03:30:00+00:00,-6824.0
2023-02-23 03:45:00+00:00,-6092.0
2023-02-23 04:00:00+00:00,-5691.0
2023-02-23 04:15:00+00:00,-5366.0
2023-02-23 04:30:00+00:00,-5692.0
2023-02-23 04:45:00+00:00,-5383.0
2023-02-23 05:00:00+00:00,-5436.0
2023-02-23 05:15:00+00:00,-6158.0
2023-02-23 05:30:00+00:00,-6324.0
2023-02-23 05:45:00+00:00,-6376.0
2023-02-23 06:00:00+00:00,-6274.0
2023-02-23 06:15:00+00:00,-7000.0
2023-02-23 06:30:00+00:00,-6914.0
2023-02-23 06:45:00+00:00,-7040.0
2023-02-23 07:00:00+00:00,-6633.0
2023-02-23 07:15:00+00:00,-5919.0
2023-02-23 07:30:00+00:00,-5902.0
2023-02-23 07:45:00+00:00,-5659.0
2023-02-23 08:00:00+00:00,-5358.0
2023-02-23 08:15:00+00:00,-5438.0
2023-02-23 08:30:00+00:00,-5598.0
2023-02-23 08:45:00+00:00,-5418.0
2023-02-23 09:00:00+00:00,-5759.0
2023-02-23 09:15:00+00:00,-6022.0
2023-02-23 09:30:00+00:00,-5860.0
2023-02-23 09:45:00+00:00,-6178.0
2023-02-23 10:00:00+00:00,-6497.0
2023-02-23 10:15:00+00:00,-6288.0
2023-02-23 10:30:00+00:00,-6119.0
2023-02-23 10:45:00+00:00,-5177.0
2023-02-23 11:00:00+00:00,-4909.0
2023-02-23 11:15:00+00:00,-4412.0
2023-02-23 11:30:00+00:00,-4621.0
2023-02-23 11:45:00+00:00,-4612.0
2023-02-23 12:00:00+00:00,-4627.0
2023-02-23 12:15:00+00:00,-6172.0
2023-02-23 12:30:00+00:00,-6374.0
2023-02-23 12:45:00+00:00,-6247.0
2023-02-23 13:00:00+00:00,-6277.0
2023-02-23 13:15:00+00:00,-5307.0
2023-02-23 13:30:00+00:00,-5171.0
2023-02-23 13:45:00+00:00,-5623.0
2023-02-23 14:00:00+00:00,-5807.0
2023-02-23 14:15:00+00:00,-5251.0
2023-02-23 14:30:00+00:00,-5468.0
2023-02-23 14:45:00+00:00,-5477.0
2023-02-23 15:00:00+00:00,-4653.0
2023-02-23 15:15:00+00:00,-5233.0
2023-02-23 15:30:00+00:00,-5657.0
2023-02-23 15:45:00+00:00,-5678.0
2023-02-23 16:00:00+00:00,-5035.0
2023-02-23 16:15:00+00:00,-4860.0
2023-02-23 16:30:00+00:00,-4710.0
2023-02-23 16:45:00+00:00,-4904.0
2023-02-23 17:00:00+00:00,-4856.0
2023-02-23 17:15:00+00:00,-4231.0
2023-02-23 17:30:00+00:00,-5042.0
2023-02-23 17:45:00+00:00,-5106.0
2023-02-23 18:00:00+00:00,-5228.0
2023-02-23 18:15:00+00:00,-5174.0
2023-02-23 18:30:00+00:00,-5149.0
2023-02-23 18:45:00+00:00,-5092.0
2023-02-23 19:00:00+00:00,-5054.0
2023-02-23 19:15:00+00:00,-4782.0
2023-02-23 19:30:00+00:00,-5038.0
2023-02-23 19:45:00+00:00,-4186.0
2023-02-23 20:00:00+00:00,-3965.0
2023-02-23 20:15:00+00:00,-4233.0
2023-02-23 20:30:00+00:00,-4065.0
2023-02-23 20:45:00+00:00,-4058.0
2023-02-23 21:00:00+00:00,-4514.0
2023-02-23 21:15:00+00:00,-4265.0
2023-02-23 21:30:00+00:00,-3979.0
2023-02-23 21:45:00+00:00,-3861.0
2023-02-23 22:00:00+00:00,-4488.0
2023-02-23 22:15:00+00:00,-3836.0
2023-02-23 22:30:00+00:00,-4205.0
2023-02-23 22:45:00+00:00,-3625.0
2023-02-23 23:00:00+00:00,-2084.0
2023-02-23 23:15:00+00:00,-2385.0
2023-02-23 23:30:00+00:00,-4104.0
2023-02-23 23:45:00+00:00,-3770.0
2023-02-24 00:00:00+00:00,-4163.0
2023-02-24 00:15:00+00:00,-4377.0
2023-02-24 00:30:00+00:00,-4804.0
2023-02-24 00:45:00+00:00,-4655.0
2023-02-24 01:00:00+00:00,-4222.0
2023-02-24 01:15:00+00:00,-3749.0
2023-02-24 01:30:00+00:00,-2989.0
2023-02-24 01:45:00+00:00,-2765.0
2023-02-24 02:00:00+00:00,-2480.0
2023-02-24 02:15:00+00:00,-1991.0
2023-02-24 02:30:00+00:00,-1819.0
2023-02-24 02:45:00+00:00,-741.0
2023-02-24 03:00:00+00:00,-812.0
2023-02-24 03:15:00+00:00,-1857.0
2023-02-24 03:30:00+00:00,-3190.0
2023-02-24 03:45:00+00:00,-3647.0
2023-02-24 04:00:00+00:00,-4327.0
2023-02-24 04:15:00+00:00,-4276.0
2023-02-24 04:30:00+00:00,-4061.0
2023-02-24 04:45:00+00:00,-3197.0
2023-02-24 05:00:00+00:00,-3752.0
2023-02-24 05:15:00+00:00,-2818.0
2023-02-24 05:30:00+00:00,-4717.0
2023-02-24 05:45:00+00:00,-4638.0
2023-02-24 06:00:00+00:00,-4596.0
2023-02-24 06:15:00+00:00,-4416.0
2023-02-24 06:30:00+00:00,-4318.0
2023-02-24 06:45:00+00:00,-4157.0
2023-02-24 07:00:00+00:00,-3581.0
2023-02-24 07:15:00+00:00,-2992.0
2023-02-24 07:30:00+00:00,-1452.0
2023-02-24 07:45:00+00:00,-238.0
2023-02-24 08:00:00+00:00,733.0
2023-02-24 08:15:00+00:00,560.0
2023-02-24 08:30:00+00:00,691.0
2023-02-24 08:45:00+00:00,553.0
2023-02-24 09:00:00+00:00,510.0
2023-02-24 09:15:00+00:00,292.0
2023-02-24 09:30:00+00:00,466.0
2023-02-24 09:45:00+00:00,-1517.0
2023-02-24 10:00:00+00:00,-3760.0
2023-02-24 10:15:00+00:00,-3978.0
2023-02-24 10:30:00+00:00,-4593.0
2023-02-24 10:45:00+00:00,-3469.0
2023-02-24 11:00:00+00:00,-3396.0
2023-02-24 11:15:00+00:00,-3517.0
2023-02-24 11:30:00+00:00,-3671.0
2023-02-24 11:45:00+00:00,-3913.0
2023-02-24 12:00:00+00:00,-3573.0
2023-02-24 12:15:00+00:00,-3668.0
2023-02-24 12:30:00+00:00,-4111.0
2023-02-24 12:45:00+00:00,-4208.0
2023-02-24 13:00:00+00:00,-4033.0
2023-02-24 13:15:00+00:00,-4347.0
2023-02-24 13:30:00+00:00,-4084.0
2023-02-24 13:45:00+00:00,-3813.0
2023-02-24 14:00:00+00:00,-3794.0
2023-02-24 14:15:00+00:00,-3118.0
2023-02-24 14:30:00+00:00,-2206.0
2023-02-24 14:45:00+00:00,-1785.0
2023-02-24 15:00:00+00:00,-2352.0
2023-02-24 15:15:00+00:00,-3316.0
2023-02-24 15:30:00+00:00,-4757.0
2023-02-24 15:45:00+00:00,-4518.0
2023-02-24 16:00:00+00:00,-3280.0
2023-02-24 16:15:00+00:00,-2929.0
2023-02-24 16:30:00+00:00,-2486.0
2023-02-24 16:45:00+00:00,-2412.0
2023-02-24 17:00:00+00:00,-1465.0
2023-02-24 17:15:00+00:00,-2914.0
2023-02-24 17:30:00+00:00,-3345.0
2023-02-24 17:45:00+00:00,-3643.0
2023-02-24 18:00:00+00:00,-3649.0
2023-02-24 18:15:00+00:00,-3492.0
2023-02-24 18:30:00+00:00,-3452.0
2023-02-24 18:45:00+00:00,-3523.0
2023-02-24 19:00:00+00:00,-3390.0
2023-02-24 19:15:00+00:00,-3720.0
2023-02-24 19:30:00+00:00,-3807.0
2023-02-24 19:45:00+00:00,-4131.0
2023-02-24 20:00:00+00:00,-4003.0
2023-02-24 20:15:00+00:00,-3326.0
2023-02-24 20:30:00+00:00,-1910.0
2023-02-24 20:45:00+00:00,-1228.0
2023-02-24 21:00:00+00:00,-2179.0
2023-02-24 21:15:00+00:00,-2975.0
2023-02-24 21:30:00+00:00,-3489.0
2023-02-24 21:45:00+00:00,-3679.0
2023-02-24 22:00:00+00:00,-4549.0
2023-02-24 22:15:00+00:00,-3245.0
2023-02-24 22:30:00+00:00,-3388.0
2023-02-24 22:45:00+00:00,-3975.0
2023-02-24 23:00:00+00:00,-3924.0
2023-02-24 23:15:00+00:00,-4241.0
2023-02-24 23:30:00+00:00,-3760.0
2023-02-24 23:45:00+00:00,-3796.0
2023-02-25 00:00:00+00:00,-3865.0
2023-02-25 00:15:00+00:00,-3822.0
2023-02-25 00:30:00+00:00,-3784.0
2023-02-25 00:45:00+00:00,-3757.0
2023-02-25 01:00:00+00:00,-3234.0
2023-02-25 01:15:00+00:00,-2975.0
2023-02-25 01:30:00+00:00,-3081.0
2023-02-25 01:45:00+00:00,-2820.0
2023-02-25 02:00:00+00:00,-3457.0
2023-02-25 02:15:00+00:00,-3278.0
2023-02-25 02:30:00+00:00,-2248.0
2023-02-25 02:45:00+00:00,-2406.0
2023-02-25 03:00:00+00:00,-2889.0
2023-02-25 03:15:00+00:00,-3465.0
2023-02-25 03:30:00+00:00,-3439.0
2023-02-25 03:45:00+00:00,-3458.0
2023-02-25 04:00:00+00:00,-3396.0
2023-02-25 04:15:00+00:00,-3857.0
2023-02-25 04:30:00+00:00,-3285.0
2023-02-25 04:45:00+00:00,-3493.0
2023-02-25 05:00:00+00:00,-3204.0
2023-02-25 05:15:00+00:00,-3227.0
2023-02-25 05:30:00+00:00,-3576.0
2023-02-25 05:45:00+00:00,-3567.0
2023-02-25 06:00:00+00:00,-3726.0
2023-02-25 06:15:00+00:00,-3792.0
2023-02-25 06:30:00+00:00,-3833.0
2023-02-25 06:45:00+00:00,-3802.0
2023-02-25 07:00:00+00:00,-3656.0
2023-02-25 07:15:00+00:00,-3186.0
2023-02-25 07:30:00+00:00,-1858.0
2023-02-25 07:45:00+00:00,-2957.0
2023-02-25 08:00:00+00:00,-3268.0
2023-02-25 08:15:00+00:00,-3319.0
2023-02-25 08:30:00+00:00,-2497.0
2023-02-25 08:45:00+00:00,-2401.0
2023-02-25 09:00:00+00:00,-2921.0
2023-02-25 09:15:00+00:00,-3391.0
2023-02-25 09:30:00+00:00,-3537.0
2023-02-25 09:45:00+00:00,-3689.0
2023-02-25 10:00:00+00:00,-3477.0
2023-02-25 10:15:00+00:00,-3438.0
2023-02-25 10:30:00+00:00,-3978.0
2023-02-25 10:45:00+00:00,-3374.0
2023-02-25 11:00:00+00:00,-3088.0
2023-02-25 11:15:00+00:00,-3707.0
2023-02-25 11:30:00+00:00,-4528.0
2023-02-25 11:45:00+00:00,-4632.0
2023-02-25 12:00:00+00:00,-4373.0
2023-02-25 12:15:00+00:00,-4272.0
2023-02-25 12:30:00+00:00,-4327.0
2023-02-25 12:45:00+00:00,-4381.0
2023-02-25 13:00:00+00:00,-4401.0
2023-02-25 13:15:00+00:00,-2686.0
2023-02-25 13:30:00+00:00,-2429.0
2023-02-25 13:45:00+00:00,-3141.0
2023-02-25 14:00:00+00:00,-1846.0
2023-02-25 14:15:00+00:00,-1279.0
2023-02-25 14:30:00+00:00,-1104.0
2023-02-25 14:45:00+00:00,-1841.0
2023-02-25 15:00:00+00:00,-2469.0
2023-02-25 15:15:00+00:00,-3431.0
2023-02-25 15:30:00+00:00,-3570.0
2023-02-25 15:45:00+00:00,-4015.0
2023-02-25 16:00:00+00:00,-4074.0
2023-02-25 16:15:00+00:00,-4395.0
2023-02-25 16:30:00+00:00,-4448.0
2023-02-25 16:45:00+00:00,-3478.0
2023-02-25 17:00:00+00:00,-3392.0
2023-02-25 17:15:00+00:00,-3792.0
2023-02-25 17:30:00+00:00,-3933.0
2023-02-25 17:45:00+00:00,-3472.0
2023-02-25 18:00:00+00:00,-3355.0
2023-02-25 18:15:00+00:00,-3703.0
2023-02-25 18:30:00+00:00,-3599.0
2023-02-25 18:45:00+00:00,-4051.0
2023-02-25 19:00:00+00:00,-3538.0
2023-02-25 19:15:00+00:00,-2808.0
2023-02-25 19:30:00+00:00,-1085.0
2023-02-25 19:45:00+00:00,-261.0
2023-02-25 20:00:00+00:00,966.0
2023-02-25 20:15:00+00:00,755.0
2023-02-25 20:30:00+00:00,644.0
2023-02-25 20:45:00+00:00,169.0
2023-02-25 21:00:00+00:00,2.0
2023-02-25 21:15:00+00:00,193.0
2023-02-25 21:30:00+00:00,-817.0
2023-02-25 21:45:00+00:00,-2741.0
2023-02-25 22:00:00+00:00,-4592.0
2023-02-25 22:15:00+00:00,-5279.0
2023-02-25 22:30:00+00:00,-4464.0
2023-02-25 22:45:00+00:00,-4087.0
2023-02-25 23:00:00+00:00,-4285.0
2023-02-25 23:15:00+00:00,-3809.0
2023-02-25 23:30:00+00:00,-4383.0
2023-02-25 23:45:00+00:00,-4192.0
2023-02-26 00:00:00+00:00,-4315.0
2023-02-26 00:15:00+00:00,-3975.0
2023-02-26 00:30:00+00:00,-3936.0
2023-02-26 00:45:00+00:00,-3984.0
2023-02-26 01:00:00+00:00,-3843.0
2023-02-26 01:15:00+00:00,-2654.0
2023-02-26 01:30:00+00:00,-805.0
2023-02-26 01:45:00+00:00,323.0
2023-02-26 02:00:00+00:00,402.0
2023-02-26 02:15:00+00:00,-42.0
2023-02-26 02:30:00+00:00,-198.0
2023-02-26 02:45:00+00:00,57.0
2023-02-26 03:00:00+00:00,215.0
2023-02-26 03:15:00+00:00,107.0
2023-02-26 03:30:00+00:00,330.0
2023-02-26 03:45:00+00:00,-1106.0
2023-02-26 04:00:00+00:00,-2155.0
2023-02-26 04:15:00+00:00,-3156.0
2023-02-26 04:30:00+00:00,-3563.0
2023-02-26 04:45:00+00:00,-3702.0
2023-02-26 05:00:00+00:00,-3717.0
2023-02-26 05:15:00+00:00,-3800.0
2023-02-26 05:30:00+00:00,-4910.0
2023-02-26 05:45:00+00:00,-4823.0
2023-02-26 06:00:00+00:00,-4520.0
2023-02-26 06:15:00+00:00,-4397.0
2023-02-26 06:30:00+00:00,-4620.0
2023-02-26 06:45:00+00:00,-4326.0
2023-02-26 07:00:00+00:00,-3598.0
2023-02-26 07:15:00+00:00,-2957.0
2023-02-26 07:30:00+00:00,-787.0
2023-02-26 07:45:00+00:00,-2375.0
2023-02-26 08:00:00+00:00,-1052.0
2023-02-26 08:15:00+00:00,92.0
2023-02-26 08:30:00+00:00,350.0
2023-02-26 08:45:00+00:00,199.0
2023-02-26 09:00:00+00:00,206.0
2023-02-26 09:15:00+00:00,-947.0
2023-02-26 09:30:00+00:00,-2014.0
2023-02-26 09:45:00+00:00,-3354.0
2023-02-26 10:00:00+00:00,-3858.0
2023-02-26 10:15:00+00:00,-3514.0
2023-02-26 10:30:00+00:00,-4060.0
2023-02-26 10:45:00+00:00,-4473.0
2023-02-26 11:00:00+00:00,-3996.0
2023-02-26 11:15:00+00:00,-4328.0
2023-02-26 11:30:00+00:00,-4316.0
2023-02-26 11:45:00+00:00,-4351.0
2023-02-26 12:00:00+00:00,-4140.0
2023-02-26 12:15:00+00:00,-3748.0
2023-02-26 12:30:00+00:00,-3846.0
2023-02-26 12:45:00+00:00,-3839.0
2023-02-26 13:00:00+00:00,-3261.0
2023-02-26 13:15:00+00:00,-1922.0
2023-02-26 13:30:00+00:00,-445.0
2023-02-26 13:45:00+00:00,349.0
2023-02-26 14:00:00+00:00,567.0
2023-02-26 14:15:00+00:00,579.0
2023-02-26 14:30:00+00:00,1094.0
2023-02-26 14:45:00+00:00,829.0
2023-02-26 15:00:00+00:00,748.0
2023-02-26 15:15:00+00:00,250.0
2023-02-26 15:30:00+00:00,1083.0
2023-02-26 15:45:00+00:00,-166.0
2023-02-26 16:00:00+00:00,-1797.0
2023-02-26 16:15:00+00:00,-2494.0
2023-02-26 16:30:00+00:00,-3144.0
2023-02-26 16:45:00+00:00,-3665.0
2023-02-26 17:00:00+00:00,-3375.0
2023-02-26 17:15:00+00:00,-2974.0
2023-02-26 17:30:00+00:00,-3782.0
2023-02-26 17:45:00+00:00,-3938.0
2023-02-26 18:00:00+00:00,-4048.0
2023-02-26 18:15:00+00:00,-4813.0
2023-02-26 18:30:00+00:00,-4662.0
2023-02-26 18:45:00+00:00,-3460.0
2023-02-26 19:00:00+00:00,-2526.0
2023-02-26 19:15:00+00:00,-1891.0
2023-02-26 19:30:00+00:00,-1901.0
2023-02-26 19:45:00+00:00,-2021.0
2023-02-26 20:00:00+00:00,-2213.0
2023-02-26 20:15:00+00:00,-1907.0
2023-02-26 20:30:00+00:00,-1931.0
2023-02-26 20:45:00+00:00,-1848.0
2023-02-26 21:00:00+00:00,-2079.0
2023-02-26 21:15:00+00:00,-2908.0
2023-02-26 21:30:00+00:00,-3543.0
2023-02-26 21:45:00+00:00,-2395.0
2023-02-26 22:00:00+00:00,-2441.0
2023-02-26 22:15:00+00:00,-2657.0
2023-02-26 22:30:00+00:00,-3182.0
2023-02-26 22:45:00+00:00,-2856.0
2023-02-26 23:00:00+00:00,-2781.0
2023-02-26 23:15:00+00:00,-3497.0
2023-02-26 23:30:00+00:00,-3544.0
2023-02-26 23:45:00+00:00,-3556.0
2023-02-27 00:00:00+00:00,-3619.0
2023-02-27 00:15:00+00:00,-3617.0
2023-02-27 00:30:00+00:00,-3350.0
2023-02-27 00:45:00+00:00,-3214.0
2023-02-27 01:00:00+00:00,-2919.0
2023-02-27 01:15:00+00:00,-3119.0
2023-02-27 01:30:00+00:00,-2538.0
2023-02-27 01:45:00+00:00,-2028.0
2023-02-27 02:00:00+00:00,-2391.0
2023-02-27 02:15:00+00:00,-2937.0
2023-02-27 02:30:00+00:00,-2255.0
2023-02-27 02:45:00+00:00,-1809.0
2023-02-27 03:00:00+00:00,-1950.0
2023-02-27 03:15:00+00:00,-3682.0
2023-02-27 03:30:00+00:00,-3788.0
2023-02-27 03:45:00+00:00,-3738.0
2023-02-27 04:00:00+00:00,-4025.0
2023-02-27 04:15:00+00:00,-3981.0
2023-02-27 04:30:00+00:00,-4228.0
2023-02-27 04:45:00+00:00,-4093.0
2023-02-27 05:00:00+00:00,-4298.0
2023-02-27 05:15:00+00:00,-3857.0
2023-02-27 05:30:00+00:00,-4702.0
2023-02-27 05:45:00+00:00,-4795.0
2023-02-27 06:00:00+00:00,-4864.0
2023-02-27 06:15:00+00:00,-3857.0
2023-02-27 06:30:00+00:00,-3749.0
2023-02-27 06:45:00+00:00,-3699.0
2023-02-27 07:00:00+00:00,-3325.0
2023-02-27 07:15:00+00:00,-2602.0
2023-02-27 07:30:00+00:00,-2691.0
2023-02-27 07:45:00+00:00,-2362.0
2023-02-27 08:00:00+00:00,-3113.0
2023-02-27 08:15:00+00:00,-2993.0
2023-02-27 08:30:00+00:00,-2734.0
2023-02-27 08:45:00+00:00,-2995.0
2023-02-27 09:00:00+00:00,-3332.0
2023-02-27 09:15:00+00:00,-4543.0
2023-02-27 09:30:00+00:00,-5069.0
2023-02-27 09:45:00+00:00,-4588.0
2023-02-27 10:00:00+00:00,-3725.0
2023-02-27 10:15:00+00:00,-3664.0
2023-02-27 10:30:00+00:00,-3532.0
2023-02-27 10:45:00+00:00,-3363.0
2023-02-27 11:00:00+00:00,-4390.0
2023-02-27 11:15:00+00:00,-3889.0
2023-02-27 11:30:00+00:00,-4168.0
2023-02-27 11:45:00+00:00,-4424.0
2023-02-27 12:00:00+00:00,-4341.0
2023-02-27 12:15:00+00:00,-4336.0
2023-02-27 12:30:00+00:00,-4034.0
2023-02-27 12:45:00+00:00,-4132.0
2023-02-27 13:00:00+00:00,-4306.0
2023-02-27 13:15:00+00:00,-4919.0
2023-02-27 13:30:00+00:00,-4915.0
2023-02-27 13:45:00+00:00,-4373.0
2023-02-27 14:00:00+00:00,-3835.0
2023-02-27 14:15:00+00:00,-3282.0
2023-02-27 14:30:00+00:00,-3102.0
2023-02-27 14:45:00+00:00,-3217.0
2023-02-27 15:00:00+00:00,-3012.0
2023-02-27 15:15:00+00:00,-4073.0
2023-02-27 15:30:00+00:00,-5270.0
2023-02-27 15:45:00+00:00,-6062.0
2023-02-27 16:00:00+00:00,-5535.0
2023-02-27 16:15:00+00:00,-5231.0
2023-02-27 16:30:00+00:00,-4707.0
2023-02-27 16:45:00+00:00,-4059.0
2023-02-27 17:00:00+00:00,-4194.0
2023-02-27 17:15:00+00:00,-3762.0
2023-02-27 17:30:00+00:00,-3137.0
2023-02-27 17:45:00+00:00,-3145.0
2023-02-27 18:00:00+00:00,-2963.0
2023-02-27 18:15:00+00:00,-3237.0
2023-02-27 18:30:00+00:00,-3189.0
2023-02-27 18:45:00+00:00,-3244.0
2023-02-27 19:00:00+00:00,-3003.0
2023-02-27 19:15:00+00:00,-3155.0
2023-02-27 19:30:00+00:00,-2775.0
2023-02-27 19:45:00+00:00,-2207.0
2023-02-27 20:00:00+00:00,-1501.0
2023-02-27 20:15:00+00:00,-1270.0
2023-02-27 20:30:00+00:00,-1427.0
2023-02-27 20:45:00+00:00,-1651.0
2023-02-27 21:00:00+00:00,-1719.0
2023-02-27 21:15:00+00:00,-2362.0
2023-02-27 21:30:00+00:00,-2944.0
2023-02-27 21:45:00+00:00,-3470.0
2023-02-27 22:00:00+00:00,-3455.0
2023-02-27 22:15:00+00:00,-3136.0
2023-02-27 22:30:00+00:00,-3432.0
2023-02-27 22:45:00+00:00,-3365.0
2023-02-27 23:00:00+00:00,-2758.0
2023-02-27 23:15:00+00:00,-3122.0
2023-02-27 23:30:00+00:00,-3256.0
2023-02-27 23:45:00+00:00,-3778.0
2023-02-28 00:00:00+00:00,-3947.0
2023-02-28 00:15:00+00:00,-3966.0
2023-02-28 00:30:00+00:00,-3843.0
2023-02-28 00:45:00+00:00,-2880.0
2023-02-28 01:00:00+00:00,-1666.0
2023-02-28 01:15:00+00:00,-939.0
2023-02-28 01:30:00+00:00,-1160.0
2023-02-28 01:45:00+00:00,-1613.0
2023-02-28 02:00:00+00:00,-3025.0
2023-02-28 02:15:00+00:00,-3581.0
2023-02-28 02:30:00+00:00,-3397.0
2023-02-28 02:45:00+00:00,-3664.0
2023-02-28 03:00:00+00:00,-3960.0
2023-02-28 03:15:00+00:00,-4456.0
2023-02-28 03:30:00+00:00,-4619.0
2023-02-28 03:45:00+00:00,-3412.0
2023-02-28 04:00:00+00:00,-3330.0
2023-02-28 04:15:00+00:00,-2160.0
2023-02-28 04:30:00+00:00,-1460.0
2023-02-28 04:45:00+00:00,-963.0
2023-02-28 05:00:00+00:00,-456.0
2023-02-28 05:15:00+00:00,-817.0
2023-02-28 05:30:00+00:00,-2330.0
2023-02-28 05:45:00+00:00,-2978.0
2023-02-28 06:00:00+00:00,-2730.0
2023-02-28 06:15:00+00:00,-2913.0
2023-02-28 06:30:00+00:00,-3033.0
2023-02-28 06:45:00+00:00,-2328.0
2023-02-28 07:00:00+00:00,-1038.0
2023-02-28 07:15:00+00:00,-503.0
2023-02-28 07:30:00+00:00,-1081.0
2023-02-28 07:45:00+00:00,-2136.0
2023-02-28 08:00:00+00:00,-2404.0
2023-02-28 08:15:00+00:00,-2627.0
2023-02-28 08:30:00+00:00,-2420.0
2023-02-28 08:45:00+00:00,-2548.0
2023-02-28 09:00:00+00:00,-2376.0
2023-02-28 09:15:00+00:00,-2545.0
2023-02-28 09:30:00+00:00,-2295.0
2023-02-28 09:45:00+00:00,-2559.0
2023-02-28 10:00:00+00:00,-3566.0
2023-02-28 10:15:00+00:00,-3636.0
2023-02-28 10:30:00+00:00,-3001.0
2023-02-28 10:45:00+00:00,-3046.0
2023-02-28 11:00:00+00:00,-2352.0
2023-02-28 11:15:00+00:00,-2857.0
2023-02-28 11:30:00+00:00,-4217.0
2023-02-28 11:45:00+00:00,-4358.0
2023-02-28 12:00:00+00:00,-4404.0
2023-02-28 12:15:00+00:00,-4709.0
2023-02-28 12:30:00+00:00,-4725.0
2023-02-28 12:45:00+00:00,-4578.0
2023-02-28 13:00:00+00:00,-3454.0
2023-02-28 13:15:00+00:00,-3182.0
2023-02-28 13:30:00+00:00,-3245.0
2023-02-28 13:45:00+00:00,-4001.0
2023-02-28 14:00:00+00:00,-4901.0
2023-02-28 14:15:00+00:00,-4907.0
2023-02-28 14:30:00+00:00,-3973.0
2023-02-28 14:45:00+00:00,-2886.0
2023-02-28 15:00:00+00:00,-3369.0
2023-02-28 15:15:00+00:00,-3359.0
2023-02-28 15:30:00+00:00,-3318.0
2023-02-28 15:45:00+00:00,-3379.0
2023-02-28 16:00:00+00:00,-3799.0
2023-02-28 16:15:00+00:00,-1249.0
2023-02-28 16:30:00+00:00,-990.0
2023-02-28 16:45:00+00:00,-3168.0
2023-02-28 17:00:00+00:00,-3758.0
2023-02-28 17:15:00+00:00,-3845.0
2023-02-28 17:30:00+00:00,-4326.0
2023-02-28 17:45:00+00:00,-4298.0
2023-02-28 18:00:00+00:00,-4445.0
2023-02-28 18:15:00+00:00,-4592.0
2023-02-28 18:30:00+00:00,-4190.0
2023-02-28 18:45:00+00:00,-3899.0
2023-02-28 19:00:00+00:00,-2453.0
2023-02-28 19:15:00+00:00,-2259.0
2023-02-28 19:30:00+00:00,-2693.0
2023-02-28 19:45:00+00:00,-2759.0
2023-02-28 20:00:00+00:00,-2654.0
2023-02-28 20:15:00+00:00,-2804.0
2023-02-28 20:30:00+00:00,-2697.0
2023-02-28 20:45:00+00:00,-2192.0
2023-02-28 21:00:00+00:00,-2445.0
2023-02-28 21:15:00+00:00,-2893.0
2023-02-28 21:30:00+00:00,-3501.0
2023-02-28 21:45:00+00:00,-3082.0
2023-02-28 22:00:00+00:00,-4036.0
2023-02-28 22:15:00+00:00,-2053.0
2023-02-28 22:30:00+00:00,-3332.0
2023-02-28 22:45:00+00:00,-4464.0
2023-02-28 23:00:00+00:00,-4476.0
2023-02-28 23:15:00+00:00,-4270.0
2023-02-28 23:30:00+00:00,-4578.0
2023-02-28 23:45:00+00:00,-5043.0
2023-03-01 00:00:00+00:00,-4885.0
2023-03-01 00:15:00+00:00,-5242.0
2023-03-01 00:30:00+00:00,-4983.0
2023-03-01 00:45:00+00:00,-4726.0
2023-03-01 01:00:00+00:00,-4217.0
2023-03-01 01:15:00+00:00,-2637.0
2023-03-01 01:30:00+00:00,-3268.0
2023-03-01 01:45:00+00:00,-3111.0
2023-03-01 02:00:00+00:00,-4115.0
2023-03-01 02:15:00+00:00,-4323.0
2023-03-01 02:30:00+00:00,-3854.0
2023-03-01 02:45:00+00:00,-3731.0
2023-03-01 03:00:00+00:00,-3363.0
2023-03-01 03:15:00+00:00,-4222.0
2023-03-01 03:30:00+00:00,-4416.0
2023-03-01 03:45:00+00:00,-3984.0
2023-03-01 04:00:00+00:00,-3677.0
2023-03-01 04:15:00+00:00,-4083.0
2023-03-01 04:30:00+00:00,-3368.0
2023-03-01 04:45:00+00:00,-2668.0
2023-03-01 05:00:00+00:00,-3290.0
2023-03-01 05:15:00+00:00,-4379.0
2023-03-01 05:30:00+00:00,-4954.0
2023-03-01 05:45:00+00:00,-4835.0
2023-03-01 06:00:00+00:00,-4943.0
2023-03-01 06:15:00+00:00,-4850.0
2023-03-01 06:30:00+00:00,-4818.0
2023-03-01 06:45:00+00:00,-4832.0
2023-03-01 07:00:00+00:00,-4774.0
2023-03-01 07:15:00+00:00,-5115.0
2023-03-01 07:30:00+00:00,-5117.0
2023-03-01 07:45:00+00:00,-4746.0
2023-03-01 08:00:00+00:00,-4812.0
2023-03-01 08:15:00+00:00,-4860.0
2023-03-01 08:30:00+00:00,-3929.0
2023-03-01 08:45:00+00:00,-3622.0
2023-03-01 09:00:00+00:00,-3623.0
2023-03-01 09:15:00+00:00,-4685.0
2023-03-01 09:30:00+00:00,-4574.0
2023-03-01 09:45:00+00:00,-3952.0
2023-03-01 10:00:00+00:00,-4287.0
2023-03-01 10:15:00+00:00,-3948.0
2023-03-01 10:30:00+00:00,-3870.0
2023-03-01 10:45:00+00:00,-3249.0
2023-03-01 11:00:00+00:00,-4090.0
2023-03-01 11:15:00+00:00,-4202.0
2023-03-01 11:30:00+00:00,-4789.0
2023-03-01 11:45:00+00:00,-4268.0
2023-03-01 12:00:00+00:00,-4455.0
2023-03-01 12:15:00+00:00,-5350.0
2023-03-01 12:30:00+00:00,-5533.0
2023-03-01 12:45:00+00:00,-5334.0
2023-03-01 13:00:00+00:00,-5252.0
2023-03-01 13:15:00+00:00,-5112.0
2023-03-01 13:30:00+00:00,-4816.0
2023-03-01 13:45:00+00:00,-4194.0
2023-03-01 14:00:00+00:00,-4137.0
2023-03-01 14:15:00+00:00,-4214.0
2023-03-01 14:30:00+00:00,-3371.0
2023-03-01 14:45:00+00:00,-3381.0
2023-03-01 15:00:00+00:00,-3604.0
2023-03-01 15:15:00+00:00,-3932.0
2023-03-01 15:30:00+00:00,-4180.0
2023-03-01 15:45:00+00:00,-4589.0
2023-03-01 16:00:00+00:00,-4170.0
2023-03-01 16:15:00+00:00,-3686.0
2023-03-01 16:30:00+00:00,-2820.0
2023-03-01 16:45:00+00:00,-4153.0
2023-03-01 17:00:00+00:00,-4858.0
2023-03-01 17:15:00+00:00,-4653.0
2023-03-01 17:30:00+00:00,-4802.0
2023-03-01 17:45:00+00:00,-4782.0
2023-03-01 18:00:00+00:00,-4798.0
2023-03-01 18:15:00+00:00,-4754.0
2023-03-01 18:30:00+00:00,-4923.0
2023-03-01 18:45:00+00:00,-4976.0
2023-03-01 19:00:00+00:00,-4703.0
2023-03-01 19:15:00+00:00,-3826.0
2023-03-01 19:30:00+00:00,-3953.0
2023-03-01 19:45:00+00:00,-4779.0
2023-03-01 20:00:00+00:00,-4183.0
2023-03-01 20:15:00+00:00,-4602.0
2023-03-01 20:30:00+00:00,-3874.0
2023-03-01 20:45:00+00:00,-4327.0
2023-03-01 21:00:00+00:00,-3880.0
2023-03-01 21:15:00+00:00,-3961.0
2023-03-01 21:30:00+00:00,-3088.0
2023-03-01 21:45:00+00:00,-2169.0
2023-03-01 22:00:00+00:00,-2172.0
2023-03-01 22:15:00+00:00,-2227.0
2023-03-01 22:30:00+00:00,-2755.0
2023-03-01 22:45:00+00:00,-2467.0
2023-03-01 23:00:00+00:00,-1400.0
2023-03-01 23:15:00+00:00,-2596.0
2023-03-01 23:30:00+00:00,-2775.0
2023-03-01 23:45:00+00:00,-3667.0
2023-03-02 00:00:00+00:00,-3491.0
2023-03-02 00:15:00+00:00,-3641.0
2023-03-02 00:30:00+00:00,-3721.0
2023-03-02 00:45:00+00:00,-2696.0
2023-03-02 01:00:00+00:00,-2469.0
2023-03-02 01:15:00+00:00,-2598.0
2023-03-02 01:30:00+00:00,-3001.0
2023-03-02 01:45:00+00:00,-2811.0
2023-03-02 02:00:00+00:00,-2681.0
2023-03-02 02:15:00+00:00,-2733.0
2023-03-02 02:30:00+00:00,-2198.0
2023-03-02 02:45:00+00:00,-2224.0
2023-03-02 03:00:00+00:00,-2665.0
2023-03-02 03:15:00+00:00,-2678.0
2023-03-02 03:30:00+00:00,-3025.0
2023-03-02 03:45:00+00:00,-1556.0
2023-03-02 04:00:00+00:00,-1436.0
2023-03-02 04:15:00+00:00,-2327.0
2023-03-02 04:30:00+00:00,-2288.0
2023-03-02 04:45:00+00:00,-1771.0
2023-03-02 05:00:00+00:00,-1834.0
2023-03-02 05:15:00+00:00,-3345.0
2023-03-02 05:30:00+00:00,-3990.0
2023-03-02 05:45:00+00:00,-3989.0
2023-03-02 06:00:00+00:00,-3990.0
2023-03-02 06:15:00+00:00,-4035.0
2023-03-02 06:30:00+00:00,-4090.0
2023-03-02 06:45:00+00:00,-3984.0
2023-03-02 07:00:00+00:00,-3507.0
2023-03-02 07:15:00+00:00,-3799.0
2023-03-02 07:30:00+00:00,-3927.0
2023-03-02 07:45:00+00:00,-3519.0
2023-03-02 08:00:00+00:00,-4183.0
2023-03-02 08:15:00+00:00,-4126.0
2023-03-02 08:30:00+00:00,-3301.0
2023-03-02 08:45:00+00:00,-3687.0
2023-03-02 09:00:00+00:00,-3795.0
2023-03-02 09:15:00+00:00,-4295.0
2023-03-02 09:30:00+00:00,-4269.0
2023-03-02 09:45:00+00:00,-2883.0
2023-03-02 10:00:00+00:00,-2808.0
2023-03-02 10:15:00+00:00,-2700.0
2023-03-02 10:30:00+00:00,-2585.0
2023-03-02 10:45:00+00:00,-2063.0
2023-03-02 11:00:00+00:00,-2204.0
2023-03-02 11:15:00+00:00,-3750.0
2023-03-02 11:30:00+00:00,-4315.0
2023-03-02 11:45:00+00:00,-4515.0
2023-03-02 12:00:00+00:00,-4657.0
2023-03-02 12:15:00+00:00,-4733.0
2023-03-02 12:30:00+00:00,-4880.0
2023-03-02 12:45:00+00:00,-4449.0
2023-03-02 13:00:00+00:00,-4693.0
2023-03-02 13:15:00+00:00,-4136.0
2023-03-02 13:30:00+00:00,-4305.0
2023-03-02 13:45:00+00:00,-3729.0
2023-03-02 14:00:00+00:00,-3995.0
2023-03-02 14:15:00+00:00,-4109.0
2023-03-02 14:30:00+00:00,-3267.0
2023-03-02 14:45:00+00:00,-3652.0
2023-03-02 15:00:00+00:00,-4005.0
2023-03-02 15:15:00+00:00,-4779.0
2023-03-02 15:30:00+00:00,-4956.0
2023-03-02 15:45:00+00:00,-4781.0
2023-03-02 16:00:00+00:00,-4275.0
2023-03-02 16:15:00+00:00,-4689.0
2023-03-02 16:30:00+00:00,-4600.0
2023-03-02 16:45:00+00:00,-3365.0
2023-03-02 17:00:00+00:00,-3834.0
2023-03-02 17:15:00+00:00,-4385.0
2023-03-02 17:30:00+00:00,-4423.0
2023-03-02 17:45:00+00:00,-4508.0
2023-03-02 18:00:00+00:00,-4908.0
2023-03-02 18:15:00+00:00,-4938.0
2023-03-02 18:30:00+00:00,-5028.0
2023-03-02 18:45:00+00:00,-4774.0
2023-03-02 19:00:00+00:00,-4363.0
2023-03-02 19:15:00+00:00,-4026.0
2023-03-02 19:30:00+00:00,-4160.0
2023-03-02 19:45:00+00:00,-3872.0
2023-03-02 20:00:00+00:00,-3994.0
2023-03-02 20:15:00+00:00,-3888.0
2023-03-02 20:30:00+00:00,-3188.0
2023-03-02 20:45:00+00:00,-3281.0
2023-03-02 21:00:00+00:00,-3614.0
2023-03-02 21:15:00+00:00,-4846.0
2023-03-02 21:30:00+00:00,-4446.0
2023-03-02 21:45:00+00:00,-5032.0
2023-03-02 22:00:00+00:00,-4806.0
2023-03-02 22:15:00+00:00,-4881.0
2023-03-02 22:30:00+00:00,-4663.0
2023-03-02 22:45:00+00:00,-4082.0
2023-03-02 23:00:00+00:00,-3559.0
2023-03-02 23:15:00+00:00,-4067.0
2023-03-02 23:30:00+00:00,-4650.0
2023-03-02 23:45:00+00:00,-5608.0
2023-03-03 00:00:00+00:00,-5903.0
2023-03-03 00:15:00+00:00,-5553.0
2023-03-03 00:30:00+00:00,-5691.0
2023-03-03 00:45:00+00:00,-5656.0
2023-03-03 01:00:00+00:00,-5640.0
2023-03-03 01:15:00+00:00,-5097.0
2023-03-03 01:30:00+00:00,-4547.0
2023-03-03 01:45:00+00:00,-4321.0
2023-03-03 02:00:00+00:00,-4271.0
2023-03-03 02:15:00+00:00,-3716.0
2023-03-03 02:30:00+00:00,-3043.0
2023-03-03 02:45:00+00:00,-2824.0
2023-03-03 03:00:00+00:00,-2876.0
2023-03-03 03:15:00+00:00,-3255.0
2023-03-03 03:30:00+00:00,-4016.0
2023-03-03 03:45:00+00:00,-4870.0
2023-03-03 04:00:00+00:00,-4537.0
2023-03-03 04:15:00+00:00,-4405.0
2023-03-03 04:30:00+00:00,-3616.0
2023-03-03 04:45:00+00:00,-4678.0
2023-03-03 05:00:00+00:00,-4622.0
2023-03-03 05:15:00+00:00,-5175.0
2023-03-03 05:30:00+00:00,-4989.0
2023-03-03 05:45:00+00:00,-5520.0
2023-03-03 06:00:00+00:00,-5517.0
2023-03-03 06:15:00+00:00,-5754.0
2023-03-03 06:30:00+00:00,-5767.0
2023-03-03 06:45:00+00:00,-5856.0
2023-03-03 07:00:00+00:00,-5893.0
2023-03-03 07:15:00+00:00,-5469.0
2023-03-03 07:30:00+00:00,-4722.0
2023-03-03 07:45:00+00:00,-4187.0
2023-03-03 08:00:00+00:00,-3012.0
2023-03-03 08:15:00+00:00,-2124.0
2023-03-03 08:30:00+00:00,-1320.0
2023-03-03 08:45:00+00:00,-1097.0
2023-03-03 09:00:00+00:00,-1562.0
2023-03-03 09:15:00+00:00,-2742.0
2023-03-03 09:30:00+00:00,-3843.0
2023-03-03 09:45:00+00:00,-4210.0
2023-03-03 10:00:00+00:00,-4750.0
2023-03-03 10:15:00+00:00,-5045.0
2023-03-03 10:30:00+00:00,-4970.0
2023-03-03 10:45:00+00:00,-5563.0
2023-03-03 11:00:00+00:00,-4804.0
2023-03-03 11:15:00+00:00,-4269.0
2023-03-03 11:30:00+00:00,-5523.0
2023-03-03 11:45:00+00:00,-5644.0
2023-03-03 12:00:00+00:00,-5399.0
2023-03-03 12:15:00+00:00,-4859.0
2023-03-03 12:30:00+00:00,-4774.0
2023-03-03 12:45:00+00:00,-4131.0
2023-03-03 13:00:00+00:00,-3599.0
2023-03-03 13:15:00+00:00,-3985.0
2023-03-03 13:30:00+00:00,-4456.0
2023-03-03 13:45:00+00:00,-4562.0
2023-03-03 14:00:00+00:00,-4824.0
2023-03-03 14:15:00+00:00,-4996.0
2023-03-03 14:30:00+00:00,-4598.0
2023-03-03 14:45:00+00:00,-4912.0
2023-03-03 15:00:00+00:00,-5139.0
2023-03-03 15:15:00+00:00,-5166.0
2023-03-03 15:30:00+00:00,-4484.0
2023-03-03 15:45:00+00:00,-4446.0
2023-03-03 16:00:00+00:00,-3574.0
2023-03-03 16:15:00+00:00,-3628.0
2023-03-03 16:30:00+00:00,-3524.0
2023-03-03 16:45:00+00:00,-4001.0
2023-03-03 17:00:00+00:00,-4189.0
2023-03-03 17:15:00+00:00,-4521.0
2023-03-03 17:30:00+00:00,-4722.0
2023-03-03 17:45:00+00:00,-4469.0
2023-03-03 18:00:00+00:00,-4259.0
2023-03-03 18:15:00+00:00,-3932.0
2023-03-03 18:30:00+00:00,-4157.0
2023-03-03 18:45:00+00:00,-4538.0
2023-03-03 19:00:00+00:00,-4157.0
2023-03-03 19:15:00+00:00,-4193.0
2023-03-03 19:30:00+00:00,-4780.0
2023-03-03 19:45:00+00:00,-5073.0
2023-03-03 20:00:00+00:00,-5083.0
2023-03-03 20:15:00+00:00,-4908.0
2023-03-03 20:30:00+00:00,-4661.0
2023-03-03 20:45:00+00:00,-4530.0
2023-03-03 21:00:00+00:00,-4756.0
2023-03-03 21:15:00+00:00,-4509.0
2023-03-03 21:30:00+00:00,-4820.0
2023-03-03 21:45:00+00:00,-4271.0
2023-03-03 22:00:00+00:00,-3080.0
2023-03-03 22:15:00+00:00,-3242.0
2023-03-03 22:30:00+00:00,-2798.0
2023-03-03 22:45:00+00:00,-2441.0
2023-03-03 23:00:00+00:00,-2962.0
2023-03-03 23:15:00+00:00,-4841.0
2023-03-03 23:30:00+00:00,-4791.0
2023-03-03 23:45:00+00:00,-4724.0
2023-03-04 00:00:00+00:00,-4410.0
2023-03-04 00:15:00+00:00,-4125.0
2023-03-04 00:30:00+00:00,-3990.0
2023-03-04 00:45:00+00:00,-3683.0
2023-03-04 01:00:00+00:00,-3038.0
2023-03-04 01:15:00+00:00,-3091.0
2023-03-04 01:30:00+00:00,-3252.0
2023-03-04 01:45:00+00:00,-3888.0
2023-03-04 02:00:00+00:00,-3859.0
2023-03-04 02:15:00+00:00,-4043.0
2023-03-04 02:30:00+00:00,-4758.0
2023-03-04 02:45:00+00:00,-5058.0
2023-03-04 03:00:00+00:00,-5060.0
2023-03-04 03:15:00+00:00,-5516.0
2023-03-04 03:30:00+00:00,-5566.0
2023-03-04 03:45:00+00:00,-4757.0
2023-03-04 04:00:00+00:00,-3871.0
2023-03-04 04:15:00+00:00,-3472.0
2023-03-04 04:30:00+00:00,-4005.0
2023-03-04 04:45:00+00:00,-3414.0
2023-03-04 05:00:00+00:00,-3643.0
2023-03-04 05:15:00+00:00,-4879.0
2023-03-04 05:30:00+00:00,-4560.0
2023-03-04 05:45:00+00:00,-4743.0
2023-03-04 06:00:00+00:00,-4358.0
2023-03-04 06:15:00+00:00,-4696.0
2023-03-04 06:30:00+00:00,-4648.0
2023-03-04 06:45:00+00:00,-4832.0
2023-03-04 07:00:00+00:00,-3133.0
2023-03-04 07:15:00+00:00,-2604.0
2023-03-04 07:30:00+00:00,-3888.0
2023-03-04 07:45:00+00:00,-3799.0
2023-03-04 08:00:00+00:00,-3935.0
2023-03-04 08:15:00+00:00,-3847.0
2023-03-04 08:30:00+00:00,-3775.0
2023-03-04 08:45:00+00:00,-4036.0
2023-03-04 09:00:00+00:00,-3893.0
2023-03-04 09:15:00+00:00,-4849.0
2023-03-04 09:30:00+00:00,-4390.0
2023-03-04 09:45:00+00:00,-4859.0
2023-03-04 10:00:00+00:00,-3621.0
2023-03-04 10:15:00+00:00,-3031.0
2023-03-04 10:30:00+00:00,-3780.0
2023-03-04 10:45:00+00:00,-4784.0
2023-03-04 11:00:00+00:00,-4183.0
2023-03-04 11:15:00+00:00,-4244.0
2023-03-04 11:30:00+00:00,-5152.0
2023-03-04 11:45:00+00:00,-5247.0
2023-03-04 12:00:00+00:00,-5347.0
2023-03-04 12:15:00+00:00,-5505.0
2023-03-04 12:30:00+00:00,-5476.0
2023-03-04 12:45:00+00:00,-5390.0
2023-03-04 13:00:00+00:00,-3683.0
2023-03-04 13:15:00+00:00,-4073.0
2023-03-04 13:30:00+00:00,-4989.0
2023-03-04 13:45:00+00:00,-3728.0
2023-03-04 14:00:00+00:00,-3677.0
2023-03-04 14:15:00+00:00,-4044.0
2023-03-04 14:30:00+00:00,-4664.0
2023-03-04 14:45:00+00:00,-4605.0
2023-03-04 15:00:00+00:00,-4302.0
2023-03-04 15:15:00+00:00,-4135.0
2023-03-04 15:30:00+00:00,-4722.0
2023-03-04 15:45:00+00:00,-5024.0
2023-03-04 16:00:00+00:00,-3739.0
2023-03-04 16:15:00+00:00,-3404.0
2023-03-04 16:30:00+00:00,-3030.0
2023-03-04 16:45:00+00:00,-1759.0
2023-03-04 17:00:00+00:00,-1077.0
2023-03-04 17:15:00+00:00,-3490.0
2023-03-04 17:30:00+00:00,-4738.0
2023-03-04 17:45:00+00:00,-5825.0
2023-03-04 18:00:00+00:00,-5453.0
2023-03-04 18:15:00+00:00,-5929.0
2023-03-04 18:30:00+00:00,-6348.0
2023-03-04 18:45:00+00:00,-6248.0
2023-03-04 19:00:00+00:00,-6436.0
2023-03-04 19:15:00+00:00,-6635.0
2023-03-04 19:30:00+00:00,-5787.0
2023-03-04 19:45:00+00:00,-5677.0
2023-03-04 20:00:00+00:00,-5313.0
2023-03-04 20:15:00+00:00,-5024.0
2023-03-04 20:30:00+00:00,-3791.0
2023-03-04 20:45:00+00:00,-3514.0
2023-03-04 21:00:00+00:00,-4258.0
2023-03-04 21:15:00+00:00,-4734.0
2023-03-04 21:30:00+00:00,-5798.0
2023-03-04 21:45:00+00:00,-5486.0
2023-03-04 22:00:00+00:00,-5242.0
2023-03-04 22:15:00+00:00,-4685.0
2023-03-04 22:30:00+00:00,-4659.0
2023-03-04 22:45:00+00:00,-4607.0
2023-03-04 23:00:00+00:00,-4175.0
2023-03-04 23:15:00+00:00,-4035.0
2023-03-04 23:30:00+00:00,-4961.0
2023-03-04 23:45:00+00:00,-4776.0
2023-03-05 00:00:00+00:00,-4750.0
2023-03-05 00:15:00+00:00,-4547.0
2023-03-05 00:30:00+00:00,-4450.0
2023-03-05 00:45:00+00:00,-4761.0
2023-03-05 01:00:00+00:00,-4816.0
2023-03-05 01:15:00+00:00,-4161.0
2023-03-05 01:30:00+00:00,-4510.0
2023-03-05 01:45:00+00:00,-3872.0
2023-03-05 02:00:00+00:00,-2743.0
2023-03-05 02:15:00+00:00,-1949.0
2023-03-05 02:30:00+00:00,-700.0
2023-03-05 02:45:00+00:00,-407.0
2023-03-05 03:00:00+00:00,-1139.0
2023-03-05 03:15:00+00:00,-2496.0
2023-03-05 03:30:00+00:00,-4157.0
2023-03-05 03:45:00+00:00,-5090.0
2023-03-05 04:00:00+00:00,-4704.0
2023-03-05 04:15:00+00:00,-4888.0
2023-03-05 04:30:00+00:00,-4673.0
2023-03-05 04:45:00+00:00,-4765.0
2023-03-05 05:00:00+00:00,-4834.0
2023-03-05 05:15:00+00:00,-4902.0
2023-03-05 05:30:00+00:00,-5493.0
2023-03-05 05:45:00+00:00,-6161.0
2023-03-05 06:00:00+00:00,-6069.0
2023-03-05 06:15:00+00:00,-5599.0
2023-03-05 06:30:00+00:00,-5530.0
2023-03-05 06:45:00+00:00,-4764.0
2023-03-05 07:00:00+00:00,-4387.0
2023-03-05 07:15:00+00:00,-3516.0
2023-03-05 07:30:00+00:00,-4598.0
2023-03-05 07:45:00+00:00,-4784.0
2023-03-05 08:00:00+00:00,-4906.0
2023-03-05 08:15:00+00:00,-4876.0
2023-03-05 08:30:00+00:00,-4613.0
2023-03-05 08:45:00+00:00,-4990.0
2023-03-05 09:00:00+00:00,-4895.0
2023-03-05 09:15:00+00:00,-4838.0
2023-03-05 09:30:00+00:00,-4649.0
2023-03-05 09:45:00+00:00,-3106.0
2023-03-05 10:00:00+00:00,-2212.0
2023-03-05 10:15:00+00:00,-2463.0
2023-03-05 10:30:00+00:00,-2194.0
2023-03-05 10:45:00+00:00,-2247.0
2023-03-05 11:00:00+00:00,-1392.0
2023-03-05 11:15:00+00:00,-1659.0
2023-03-05 11:30:00+00:00,-3812.0
2023-03-05 11:45:00+00:00,-3969.0
2023-03-05 12:00:00+00:00,-4342.0
2023-03-05 12:15:00+00:00,-4346.0
2023-03-05 12:30:00+00:00,-4089.0
2023-03-05 12:45:00+00:00,-3294.0
2023-03-05 13:00:00+00:00,-3085.0
2023-03-05 13:15:00+00:00,-3038.0
2023-03-05 13:30:00+00:00,-2972.0
2023-03-05 13:45:00+00:00,-2645.0
2023-03-05 14:00:00+00:00,-4429.0
2023-03-05 14:15:00+00:00,-4937.0
2023-03-05 14:30:00+00:00,-4581.0
2023-03-05 14:45:00+00:00,-5083.0
2023-03-05 15:00:00+00:00,-4908.0
2023-03-05 15:15:00+00:00,-4966.0
2023-03-05 15:30:00+00:00,-4389.0
2023-03-05 15:45:00+00:00,-3229.0
2023-03-05 16:00:00+00:00,-2918.0
2023-03-05 16:15:00+00:00,-2943.0
2023-03-05 16:30:00+00:00,-2931.0
2023-03-05 16:45:00+00:00,-3001.0
2023-03-05 17:00:00+00:00,-3782.0
2023-03-05 17:15:00+00:00,-4602.0
2023-03-05 17:30:00+00:00,-3862.0
2023-03-05 17:45:00+00:00,-3978.0
2023-03-05 18:00:00+00:00,-4104.0
2023-03-05 18:15:00+00:00,-4048.0
2023-03-05 18:30:00+00:00,-4015.0
2023-03-05 18:45:00+00:00,-4097.0
2023-03-05 19:00:00+00:00,-4003.0
2023-03-05 19:15:00+00:00,-3912.0
2023-03-05 19:30:00+00:00,-4428.0
2023-03-05 19:45:00+00:00,-5020.0
2023-03-05 20:00:00+00:00,-4819.0
2023-03-05 20:15:00+00:00,-5045.0
2023-03-05 20:30:00+00:00,-5722.0
2023-03-05 20:45:00+00:00,-5959.0
2023-03-05 21:00:00+00:00,-5977.0
2023-03-05 21:15:00+00:00,-5513.0
2023-03-05 21:30:00+00:00,-4891.0
2023-03-05 21:45:00+00:00,-4277.0
2023-03-05 22:00:00+00:00,-3561.0
2023-03-05 22:15:00+00:00,-3717.0
2023-03-05 22:30:00+00:00,-2947.0
2023-03-05 22:45:00+00:00,-3879.0
2023-03-05 23:00:00+00:00,-3442.0
2023-03-05 23:15:00+00:00,-3971.0
2023-03-05 23:30:00+00:00,-4461.0
2023-03-05 23:45:00+00:00,-4798.0
2023-03-06 00:00:00+00:00,-4896.0
2023-03-06 00:15:00+00:00,-4774.0
2023-03-06 00:30:00+00:00,-5141.0
2023-03-06 00:45:00+00:00,-4844.0
2023-03-06 01:00:00+00:00,-3415.0
2023-03-06 01:15:00+00:00,-3667.0
2023-03-06 01:30:00+00:00,-4278.0
2023-03-06 01:45:00+00:00,-5003.0
2023-03-06 02:00:00+00:00,-4924.0
2023-03-06 02:15:00+00:00,-4696.0
2023-03-06 02:30:00+00:00,-5905.0
2023-03-06 02:45:00+00:00,-5957.0
2023-03-06 03:00:00+00:00,-5966.0
2023-03-06 03:15:00+00:00,-5813.0
2023-03-06 03:30:00+00:00,-5154.0
2023-03-06 03:45:00+00:00,-4634.0
2023-03-06 04:00:00+00:00,-4936.0
2023-03-06 04:15:00+00:00,-3935.0
2023-03-06 04:30:00+00:00,-3892.0
2023-03-06 04:45:00+00:00,-4188.0
2023-03-06 05:00:00+00:00,-4492.0
2023-03-06 05:15:00+00:00,-4135.0
2023-03-06 05:30:00+00:00,-4178.0
2023-03-06 05:45:00+00:00,-4244.0
2023-03-06 06:00:00+00:00,-4461.0
2023-03-06 06:15:00+00:00,-4330.0
2023-03-06 06:30:00+00:00,-3915.0
2023-03-06 06:45:00+00:00,-4051.0
2023-03-06 07:00:00+00:00,-4412.0
2023-03-06 07:15:00+00:00,-4871.0
2023-03-06 07:30:00+00:00,-4908.0
2023-03-06 07:45:00+00:00,-4925.0
2023-03-06 08:00:00+00:00,-4604.0
2023-03-06 08:15:00+00:00,-4866.0
2023-03-06 08:30:00+00:00,-5757.0
2023-03-06 08:45:00+00:00,-5513.0
2023-03-06 09:00:00+00:00,-5123.0
2023-03-06 09:15:00+00:00,-5406.0
2023-03-06 09:30:00+00:00,-5644.0
2023-03-06 09:45:00+00:00,-5774.0
2023-03-06 10:00:00+00:00,-4740.0
2023-03-06 10:15:00+00:00,-4757.0
2023-03-06 10:30:00+00:00,-4464.0
2023-03-06 10:45:00+00:00,-5081.0
2023-03-06 11:00:00+00:00,-4921.0
2023-03-06 11:15:00+00:00,-4467.0
2023-03-06 11:30:00+00:00,-5432.0
2023-03-06 11:45:00+00:00,-5555.0
2023-03-06 12:00:00+00:00,-5488.0
2023-03-06 12:15:00+00:00,-5324.0
2023-03-06 12:30:00+00:00,-5595.0
2023-03-06 12:45:00+00:00,-5608.0
2023-03-06 13:00:00+00:00,-5367.0
2023-03-06 13:15:00+00:00,-5344.0
2023-03-06 13:30:00+00:00,-4272.0
2023-03-06 13:45:00+00:00,-3097.0
2023-03-06 14:00:00+00:00,-3011.0
2023-03-06 14:15:00+00:00,-3117.0
2023-03-06 14:30:00+00:00,-3946.0
2023-03-06 14:45:00+00:00,-3879.0
2023-03-06 15:00:00+00:00,-3843.0
2023-03-06 15:15:00+00:00,-4290.0
2023-03-06 15:30:00+00:00,-4856.0
2023-03-06 15:45:00+00:00,-4601.0
2023-03-06 16:00:00+00:00,-4193.0
2023-03-06 16:15:00+00:00,-3861.0
2023-03-06 16:30:00+00:00,-3996.0
2023-03-06 16:45:00+00:00,-4225.0
2023-03-06 17:00:00+00:00,-4653.0
2023-03-06 17:15:00+00:00,-4317.0
2023-03-06 17:30:00+00:00,-4791.0
2023-03-06 17:45:00+00:00,-4994.0
2023-03-06 18:00:00+00:00,-5106.0
2023-03-06 18:15:00+00:00,-4915.0
2023-03-06 18:30:00+00:00,-4842.0
2023-03-06 18:45:00+00:00,-4927.0
2023-03-06 19:00:00+00:00,-4951.0
2023-03-06 19:15:00+00:00,-4998.0
2023-03-06 19:30:00+00:00,-4354.0
2023-03-06 19:45:00+00:00,-3103.0
2023-03-06 20:00:00+00:00,-2879.0
2023-03-06 20:15:00+00:00,-3072.0
2023-03-06 20:30:00+00:00,-4005.0
2023-03-06 20:45:00+00:00,-3857.0
2023-03-06 21:00:00+00:00,-3634.0
2023-03-06 21:15:00+00:00,-4382.0
2023-03-06 21:30:00+00:00,-4466.0
2023-03-06 21:45:00+00:00,-4857.0
2023-03-06 22:00:00+00:00,-4825.0
2023-03-06 22:15:00+00:00,-5268.0
2023-03-06 22:30:00+00:00,-5115.0
2023-03-06 22:45:00+00:00,-5851.0
2023-03-06 23:00:00+00:00,-5602.0
2023-03-06 23:15:00+00:00,-5862.0
2023-03-06 23:30:00+00:00,-5588.0
2023-03-06 23:45:00+00:00,-5399.0
2023-03-07 00:00:00+00:00,-5820.0
2023-03-07 00:15:00+00:00,-5778.0
2023-03-07 00:30:00+00:00,-5405.0
2023-03-07 00:45:00+00:00,-5164.0
2023-03-07 01:00:00+00:00,-4904.0
2023-03-07 01:15:00+00:00,-4881.0
2023-03-07 01:30:00+00:00,-5051.0
2023-03-07 01:45:00+00:00,-5008.0
2023-03-07 02:00:00+00:00,-5093.0
2023-03-07 02:15:00+00:00,-5092.0
2023-03-07 02:30:00+00:00,-5292.0
2023-03-07 02:45:00+00:00,-5767.0
2023-03-07 03:00:00+00:00,-5796.0
2023-03-07 03:15:00+00:00,-5686.0
2023-03-07 03:30:00+00:00,-6011.0
2023-03-07 03:45:00+00:00,-5292.0
2023-03-07 04:00:00+00:00,-4150.0
2023-03-07 04:15:00+00:00,-4807.0
2023-03-07 04:30:00+00:00,-5022.0
2023-03-07 04:45:00+00:00,-5500.0
2023-03-07 05:00:00+00:00,-5493.0
2023-03-07 05:15:00+00:00,-5084.0
2023-03-07 05:30:00+00:00,-4054.0
2023-03-07 05:45:00+00:00,-4089.0
2023-03-07 06:00:00+00:00,-4050.0
2023-03-07 06:15:00+00:00,-4088.0
2023-03-07 06:30:00+00:00,-4167.0
2023-03-07 06:45:00+00:00,-3914.0
2023-03-07 07:00:00+00:00,-4233.0
2023-03-07 07:15:00+00:00,-4464.0
2023-03-07 07:30:00+00:00,-4496.0
2023-03-07 07:45:00+00:00,-4259.0
2023-03-07 08:00:00+00:00,-4282.0
2023-03-07 08:15:00+00:00,-4585.0
2023-03-07 08:30:00+00:00,-4113.0
2023-03-07 08:45:00+00:00,-4550.0
2023-03-07 09:00:00+00:00,-4313.0
2023-03-07 09:15:00+00:00,-4360.0
2023-03-07 09:30:00+00:00,-4044.0
2023-03-07 09:45:00+00:00,-3676.0
2023-03-07 10:00:00+00:00,-4631.0
2023-03-07 10:15:00+00:00,-3945.0
2023-03-07 10:30:00+00:00,-4148.0
2023-03-07 10:45:00+00:00,-4618.0
2023-03-07 11:00:00+00:00,-4415.0
2023-03-07 11:15:00+00:00,-4296.0
2023-03-07 11:30:00+00:00,-3960.0
2023-03-07 11:45:00+00:00,-4094.0
2023-03-07 12:00:00+00:00,-4065.0
2023-03-07 12:15:00+00:00,-4000.0
2023-03-07 12:30:00+00:00,-3774.0
2023-03-07 12:45:00+00:00,-3889.0
2023-03-07 13:00:00+00:00,-4051.0
2023-03-07 13:15:00+00:00,-4337.0
2023-03-07 13:30:00+00:00,-4047.0
2023-03-07 13:45:00+00:00,-4288.0
2023-03-07 14:00:00+00:00,-4269.0
2023-03-07 14:15:00+00:00,-4225.0
2023-03-07 14:30:00+00:00,-4367.0
2023-03-07 14:45:00+00:00,-4474.0
2023-03-07 15:00:00+00:00,-4761.0
2023-03-07 15:15:00+00:00,-4463.0
2023-03-07 15:30:00+00:00,-4480.0
2023-03-07 15:45:00+00:00,-4153.0
2023-03-07 16:00:00+00:00,-3242.0
2023-03-07 16:15:00+00:00,-3465.0
2023-03-07 16:30:00+00:00,-3221.0
2023-03-07 16:45:00+00:00,-4091.0
2023-03-07 17:00:00+00:00,-4281.0
2023-03-07 17:15:00+00:00,-3895.0
2023-03-07 17:30:00+00:00,-4186.0
2023-03-07 17:45:00+00:00,-4464.0
2023-03-07 18:00:00+00:00,-4360.0
2023-03-07 18:15:00+00:00,-4527.0
2023-03-07 18:30:00+00:00,-4407.0
2023-03-07 18:45:00+00:00,-3972.0
2023-03-07 19:00:00+00:00,-4134.0
2023-03-07 19:15:00+00:00,-4801.0
2023-03-07 19:30:00+00:00,-4810.0
2023-03-07 19:45:00+00:00,-4768.0
2023-03-07 20:00:00+00:00,-4611.0
2023-03-07 20:15:00+00:00,-4251.0
2023-03-07 20:30:00+00:00,-4501.0
2023-03-07 20:45:00+00:00,-4879.0
2023-03-07 21:00:00+00:00,-5213.0
2023-03-07 21:15:00+00:00,-4941.0
2023-03-07 21:30:00+00:00,-4672.0
2023-03-07 21:45:00+00:00,-4080.0
2023-03-07 22:00:00+00:00,-3796.0
2023-03-07 22:15:00+00:00,-3636.0
2023-03-07 22:30:00+00:00,-3469.0
2023-03-07 22:45:00+00:00,-4731.0
2023-03-07 23:00:00+00:00,-4602.0
2023-03-07 23:15:00+00:00,-4577.0
2023-03-07 23:30:00+00:00,-4984.0
2023-03-07 23:45:00+00:00,-5081.0
2023-03-08 00:00:00+00:00,-5182.0
2023-03-08 00:15:00+00:00,-5028.0
2023-03-08 00:30:00+00:00,-4855.0
2023-03-08 00:45:00+00:00,-4848.0
2023-03-08 01:00:00+00:00,-4441.0
2023-03-08 01:15:00+00:00,-4492.0
2023-03-08 01:30:00+00:00,-4694.0
2023-03-08 01:45:00+00:00,-4951.0
2023-03-08 02:00:00+00:00,-5258.0
2023-03-08 02:15:00+00:00,-5236.0
2023-03-08 02:30:00+00:00,-4842.0
2023-03-08 02:45:00+00:00,-5048.0
2023-03-08 03:00:00+00:00,-4886.0
2023-03-08 03:15:00+00:00,-4638.0
2023-03-08 03:30:00+00:00,-5075.0
2023-03-08 03:45:00+00:00,-5261.0
2023-03-08 04:00:00+00:00,-5259.0
2023-03-08 04:15:00+00:00,-5665.0
2023-03-08 04:30:00+00:00,-4615.0
2023-03-08 04:45:00+00:00,-5184.0
2023-03-08 05:00:00+00:00,-5029.0
2023-03-08 05:15:00+00:00,-5311.0
2023-03-08 05:30:00+00:00,-6411.0
2023-03-08 05:45:00+00:00,-6417.0
2023-03-08 06:00:00+00:00,-6159.0
2023-03-08 06:15:00+00:00,-6263.0
2023-03-08 06:30:00+00:00,-6344.0
2023-03-08 06:45:00+00:00,-6667.0
2023-03-08 07:00:00+00:00,-6505.0
2023-03-08 07:15:00+00:00,-6598.0
2023-03-08 07:30:00+00:00,-5508.0
2023-03-08 07:45:00+00:00,-4799.0
2023-03-08 08:00:00+00:00,-4433.0
2023-03-08 08:15:00+00:00,-4620.0
2023-03-08 08:30:00+00:00,-4690.0
2023-03-08 08:45:00+00:00,-4252.0
2023-03-08 09:00:00+00:00,-4631.0
2023-03-08 09:15:00+00:00,-4472.0
2023-03-08 09:30:00+00:00,-4089.0
2023-03-08 09:45:00+00:00,-4818.0
2023-03-08 10:00:00+00:00,-4528.0
2023-03-08 10:15:00+00:00,-4811.0
2023-03-08 10:30:00+00:00,-4508.0
2023-03-08 10:45:00+00:00,-4475.0
2023-03-08 11:00:00+00:00,-4711.0
2023-03-08 11:15:00+00:00,-3927.0
2023-03-08 11:30:00+00:00,-3989.0
2023-03-08 11:45:00+00:00,-3962.0
2023-03-08 12:00:00+00:00,-4046.0
2023-03-08 12:15:00+00:00,-4238.0
2023-03-08 12:30:00+00:00,-4235.0
2023-03-08 12:45:00+00:00,-4286.0
2023-03-08 13:00:00+00:00,-3515.0
2023-03-08 13:15:00+00:00,-2583.0
2023-03-08 13:30:00+00:00,-2568.0
2023-03-08 13:45:00+00:00,-2425.0
2023-03-08 14:00:00+00:00,-2556.0
2023-03-08 14:15:00+00:00,-2627.0
2023-03-08 14:30:00+00:00,-2928.0
2023-03-08 14:45:00+00:00,-2489.0
2023-03-08 15:00:00+00:00,-2576.0
2023-03-08 15:15:00+00:00,-2842.0
2023-03-08 15:30:00+00:00,-3202.0
2023-03-08 15:45:00+00:00,-3710.0
2023-03-08 16:00:00+00:00,-3612.0
2023-03-08 16:15:00+00:00,-4080.0
2023-03-08 16:30:00+00:00,-4267.0
2023-03-08 16:45:00+00:00,-4191.0
2023-03-08 17:00:00+00:00,-4315.0
2023-03-08 17:15:00+00:00,-4249.0
2023-03-08 17:30:00+00:00,-4861.0
2023-03-08 17:45:00+00:00,-4944.0
2023-03-08 18:00:00+00:00,-4922.0
2023-03-08 18:15:00+00:00,-4782.0
2023-03-08 18:30:00+00:00,-4909.0
2023-03-08 18:45:00+00:00,-4925.0
2023-03-08 19:00:00+00:00,-4995.0
2023-03-08 19:15:00+00:00,-4731.0
2023-03-08 19:30:00+00:00,-4693.0
2023-03-08 19:45:00+00:00,-4829.0
2023-03-08 20:00:00+00:00,-4759.0
2023-03-08 20:15:00+00:00,-4834.0
2023-03-08 20:30:00+00:00,-4519.0
2023-03-08 20:45:00+00:00,-4746.0
2023-03-08 21:00:00+00:00,-4588.0
2023-03-08 21:15:00+00:00,-4628.0
2023-03-08 21:30:00+00:00,-5235.0
2023-03-08 21:45:00+00:00,-4813.0
2023-03-08 22:00:00+00:00,-4747.0
2023-03-08 22:15:00+00:00,-4767.0
2023-03-08 22:30:00+00:00,-3709.0
2023-03-08 22:45:00+00:00,-4353.0
2023-03-08 23:00:00+00:00,-2963.0
2023-03-08 23:15:00+00:00,-4350.0
2023-03-08 23:30:00+00:00,-4769.0
2023-03-08 23:45:00+00:00,-4672.0
2023-03-09 00:00:00+00:00,-3797.0
2023-03-09 00:15:00+00:00,-3285.0
2023-03-09 00:30:00+00:00,-3351.0
2023-03-09 00:45:00+00:00,-3858.0
2023-03-09 01:00:00+00:00,-4615.0
2023-03-09 01:15:00+00:00,-4516.0
2023-03-09 01:30:00+00:00,-4568.0
2023-03-09 01:45:00+00:00,-3771.0
2023-03-09 02:00:00+00:00,-3956.0
2023-03-09 02:15:00+00:00,-4007.0
2023-03-09 02:30:00+00:00,-4687.0
2023-03-09 02:45:00+00:00,-4684.0
2023-03-09 03:00:00+00:00,-5466.0
2023-03-09 03:15:00+00:00,-5322.0
2023-03-09 03:30:00+00:00,-5090.0
2023-03-09 03:45:00+00:00,-4428.0
2023-03-09 04:00:00+00:00,-4430.0
2023-03-09 04:15:00+00:00,-4296.0
2023-03-09 04:30:00+00:00,-3094.0
2023-03-09 04:45:00+00:00,-4251.0
2023-03-09 05:00:00+00:00,-4758.0
2023-03-09 05:15:00+00:00,-4398.0
2023-03-09 05:30:00+00:00,-4927.0
2023-03-09 05:45:00+00:00,-4573.0
2023-03-09 06:00:00+00:00,-4815.0
2023-03-09 06:15:00+00:00,-4362.0
2023-03-09 06:30:00+00:00,-4197.0
2023-03-09 06:45:00+00:00,-4037.0
2023-03-09 07:00:00+00:00,-3637.0
2023-03-09 07:15:00+00:00,-3260.0
2023-03-09 07:30:00+00:00,-3611.0
2023-03-09 07:45:00+00:00,-3247.0
2023-03-09 08:00:00+00:00,-3389.0
2023-03-09 08:15:00+00:00,-3162.0
2023-03-09 08:30:00+00:00,-2965.0
2023-03-09 08:45:00+00:00,-3244.0
2023-03-09 09:00:00+00:00,-3686.0
2023-03-09 09:15:00+00:00,-4912.0
2023-03-09 09:30:00+00:00,-5297.0
2023-03-09 09:45:00+00:00,-4147.0
2023-03-09 10:00:00+00:00,-4365.0
2023-03-09 10:15:00+00:00,-5094.0
2023-03-09 10:30:00+00:00,-4507.0
2023-03-09 10:45:00+00:00,-3717.0
2023-03-09 11:00:00+00:00,-3655.0
2023-03-09 11:15:00+00:00,-3842.0
2023-03-09 11:30:00+00:00,-4923.0
2023-03-09 11:45:00+00:00,-4950.0
2023-03-09 12:00:00+00:00,-5063.0
2023-03-09 12:15:00+00:00,-5288.0
2023-03-09 12:30:00+00:00,-5335.0
2023-03-09 12:45:00+00:00,-5335.0
2023-03-09 13:00:00+00:00,-4736.0
2023-03-09 13:15:00+00:00,-4045.0
2023-03-09 13:30:00+00:00,-4443.0
2023-03-09 13:45:00+00:00,-4085.0
2023-03-09 14:00:00+00:00,-4181.0
2023-03-09 14:15:00+00:00,-3768.0
2023-03-09 14:30:00+00:00,-4999.0
2023-03-09 14:45:00+00:00,-5732.0
2023-03-09 15:00:00+00:00,-5640.0
2023-03-09 15:15:00+00:00,-5501.0
2023-03-09 15:30:00+00:00,-4977.0
2023-03-09 15:45:00+00:00,-4538.0
2023-03-09 16:00:00+00:00,-4524.0
2023-03-09 16:15:00+00:00,-4788.0
2023-03-09 16:30:00+00:00,-4639.0
2023-03-09 16:45:00+00:00,-4322.0
2023-03-09 17:00:00+00:00,-4832.0
2023-03-09 17:15:00+00:00,-5714.0
2023-03-09 17:30:00+00:00,-6049.0
2023-03-09 17:45:00+00:00,-5497.0
2023-03-09 18:00:00+00:00,-5530.0
2023-03-09 18:15:00+00:00,-5520.0
2023-03-09 18:30:00+00:00,-5446.0
2023-03-09 18:45:00+00:00,-5866.0
2023-03-09 19:00:00+00:00,-6109.0
2023-03-09 19:15:00+00:00,-5353.0
2023-03-09 19:30:00+00:00,-5128.0
2023-03-09 19:45:00+00:00,-3852.0
2023-03-09 20:00:00+00:00,-3867.0
2023-03-09 20:15:00+00:00,-3791.0
2023-03-09 20:30:00+00:00,-4152.0
2023-03-09 20:45:00+00:00,-4998.0
2023-03-09 21:00:00+00:00,-4716.0
2023-03-09 21:15:00+00:00,-4774.0
2023-03-09 21:30:00+00:00,-5534.0
2023-03-09 21:45:00+00:00,-6200.0
2023-03-09 22:00:00+00:00,-5258.0
2023-03-09 22:15:00+00:00,-5340.0
2023-03-09 22:30:00+00:00,-5241.0
2023-03-09 22:45:00+00:00,-5785.0
2023-03-09 23:00:00+00:00,-6034.0
2023-03-09 23:15:00+00:00,-5438.0
2023-03-09 23:30:00+00:00,-6127.0
2023-03-09 23:45:00+00:00,-6394.0
2023-03-10 00:00:00+00:00,-6352.0
2023-03-10 00:15:00+00:00,-6299.0
2023-03-10 00:30:00+00:00,-6281.0
2023-03-10 00:45:00+00:00,-6288.0
2023-03-10 01:00:00+00:00,-6183.0
2023-03-10 01:15:00+00:00,-6417.0
2023-03-10 01:30:00+00:00,-4834.0
2023-03-10 01:45:00+00:00,-4640.0
2023-03-10 02:00:00+00:00,-4892.0
2023-03-10 02:15:00+00:00,-5033.0
2023-03-10 02:30:00+00:00,-3503.0
2023-03-10 02:45:00+00:00,-3147.0
2023-03-10 03:00:00+00:00,-4546.0
2023-03-10 03:15:00+00:00,-5160.0
2023-03-10 03:30:00+00:00,-4814.0
2023-03-10 03:45:00+00:00,-4736.0
2023-03-10 04:00:00+00:00,-4724.0
2023-03-10 04:15:00+00:00,-4858.0
2023-03-10 04:30:00+00:00,-4518.0
2023-03-10 04:45:00+00:00,-4739.0
2023-03-10 05:00:00+00:00,-4819.0
2023-03-10 05:15:00+00:00,-4513.0
2023-03-10 05:30:00+00:00,-6038.0
2023-03-10 05:45:00+00:00,-6043.0
2023-03-10 06:00:00+00:00,-6885.0
2023-03-10 06:15:00+00:00,-6923.0
2023-03-10 06:30:00+00:00,-6900.0
2023-03-10 06:45:00+00:00,-6961.0
2023-03-10 07:00:00+00:00,-6922.0
2023-03-10 07:15:00+00:00,-6977.0
2023-03-10 07:30:00+00:00,-6094.0
2023-03-10 07:45:00+00:00,-4670.0
2023-03-10 08:00:00+00:00,-3014.0
2023-03-10 08:15:00+00:00,-1762.0
2023-03-10 08:30:00+00:00,-1041.0
2023-03-10 08:45:00+00:00,-315.0
2023-03-10 09:00:00+00:00,-690.0
2023-03-10 09:15:00+00:00,-1880.0
2023-03-10 09:30:00+00:00,-4040.0
2023-03-10 09:45:00+00:00,-5846.0
2023-03-10 10:00:00+00:00,-6448.0
2023-03-10 10:15:00+00:00,-6853.0
2023-03-10 10:30:00+00:00,-6783.0
2023-03-10 10:45:00+00:00,-6819.0
2023-03-10 11:00:00+00:00,-6739.0
2023-03-10 11:15:00+00:00,-6583.0
2023-03-10 11:30:00+00:00,-6277.0
2023-03-10 11:45:00+00:00,-5933.0
2023-03-10 12:00:00+00:00,-5849.0
2023-03-10 12:15:00+00:00,-5689.0
2023-03-10 12:30:00+00:00,-6096.0
2023-03-10 12:45:00+00:00,-6227.0
2023-03-10 13:00:00+00:00,-6969.0
2023-03-10 13:15:00+00:00,-6973.0
2023-03-10 13:30:00+00:00,-7086.0
2023-03-10 13:45:00+00:00,-6404.0
2023-03-10 14:00:00+00:00,-7174.0
2023-03-10 14:15:00+00:00,-7328.0
2023-03-10 14:30:00+00:00,-7158.0
2023-03-10 14:45:00+00:00,-7017.0
2023-03-10 15:00:00+00:00,-7255.0
2023-03-10 15:15:00+00:00,-7271.0
2023-03-10 15:30:00+00:00,-7229.0
2023-03-10 15:45:00+00:00,-5248.0
2023-03-10 16:00:00+00:00,-4482.0
2023-03-10 16:15:00+00:00,-4310.0
2023-03-10 16:30:00+00:00,-5046.0
2023-03-10 16:45:00+00:00,-6793.0
2023-03-10 17:00:00+00:00,-7109.0
2023-03-10 17:15:00+00:00,-6727.0
2023-03-10 17:30:00+00:00,-6457.0
2023-03-10 17:45:00+00:00,-6102.0
2023-03-10 18:00:00+00:00,-6334.0
2023-03-10 18:15:00+00:00,-6556.0
2023-03-10 18:30:00+00:00,-6488.0
2023-03-10 18:45:00+00:00,-6453.0
2023-03-10 19:00:00+00:00,-6263.0
2023-03-10 19:15:00+00:00,-6436.0
2023-03-10 19:30:00+00:00,-6323.0
2023-03-10 19:45:00+00:00,-5661.0
2023-03-10 20:00:00+00:00,-6322.0
2023-03-10 20:15:00+00:00,-6313.0
2023-03-10 20:30:00+00:00,-6349.0
2023-03-10 20:45:00+00:00,-6427.0
2023-03-10 21:00:00+00:00,-6546.0
2023-03-10 21:15:00+00:00,-6492.0
2023-03-10 21:30:00+00:00,-6257.0
2023-03-10 21:45:00+00:00,-6838.0
2023-03-10 22:00:00+00:00,-6594.0
2023-03-10 22:15:00+00:00,-6873.0
2023-03-10 22:30:00+00:00,-6486.0
2023-03-10 22:45:00+00:00,-6803.0
2023-03-10 23:00:00+00:00,-6840.0
2023-03-10 23:15:00+00:00,-6144.0
2023-03-10 23:30:00+00:00,-7030.0
2023-03-10 23:45:00+00:00,-7418.0
2023-03-11 00:00:00+00:00,-7298.0
2023-03-11 00:15:00+00:00,-7696.0
2023-03-11 00:30:00+00:00,-7629.0
2023-03-11 00:45:00+00:00,-7543.0
2023-03-11 01:00:00+00:00,-7575.0
2023-03-11 01:15:00+00:00,-7167.0
2023-03-11 01:30:00+00:00,-7209.0
2023-03-11 01:45:00+00:00,-7074.0
2023-03-11 02:00:00+00:00,-7186.0
2023-03-11 02:15:00+00:00,-7388.0
2023-03-11 02:30:00+00:00,-6691.0
2023-03-11 02:45:00+00:00,-7144.0
2023-03-11 03:00:00+00:00,-6752.0
2023-03-11 03:15:00+00:00,-6836.0
2023-03-11 03:30:00+00:00,-6201.0
2023-03-11 03:45:00+00:00,-5833.0
2023-03-11 04:00:00+00:00,-6138.0
2023-03-11 04:15:00+00:00,-6220.0
2023-03-11 04:30:00+00:00,-6216.0
2023-03-11 04:45:00+00:00,-6428.0
2023-03-11 05:00:00+00:00,-5993.0
2023-03-11 05:15:00+00:00,-6308.0
2023-03-11 05:30:00+00:00,-7027.0
2023-03-11 05:45:00+00:00,-7032.0
2023-03-11 06:00:00+00:00,-7047.0
2023-03-11 06:15:00+00:00,-7117.0
2023-03-11 06:30:00+00:00,-7036.0
2023-03-11 06:45:00+00:00,-7105.0
2023-03-11 07:00:00+00:00,-7101.0
2023-03-11 07:15:00+00:00,-7276.0
2023-03-11 07:30:00+00:00,-7712.0
2023-03-11 07:45:00+00:00,-7876.0
2023-03-11 08:00:00+00:00,-7779.0
2023-03-11 08:15:00+00:00,-7825.0
2023-03-11 08:30:00+00:00,-7666.0
2023-03-11 08:45:00+00:00,-7720.0
2023-03-11 09:00:00+00:00,-7657.0
2023-03-11 09:15:00+00:00,-7838.0
2023-03-11 09:30:00+00:00,-7706.0
2023-03-11 09:45:00+00:00,-7157.0
2023-03-11 10:00:00+00:00,-6563.0
2023-03-11 10:15:00+00:00,-6056.0
2023-03-11 10:30:00+00:00,-7070.0
2023-03-11 10:45:00+00:00,-7674.0
2023-03-11 11:00:00+00:00,-7564.0
2023-03-11 11:15:00+00:00,-6899.0
2023-03-11 11:30:00+00:00,-6939.0
2023-03-11 11:45:00+00:00,-6922.0
2023-03-11 12:00:00+00:00,-6905.0
2023-03-11 12:15:00+00:00,-6351.0
2023-03-11 12:30:00+00:00,-6311.0
2023-03-11 12:45:00+00:00,-6382.0
2023-03-11 13:00:00+00:00,-6281.0
2023-03-11 13:15:00+00:00,-7029.0
2023-03-11 13:30:00+00:00,-7581.0
2023-03-11 13:45:00+00:00,-6614.0
2023-03-11 14:00:00+00:00,-6406.0
2023-03-11 14:15:00+00:00,-6590.0
2023-03-11 14:30:00+00:00,-6537.0
2023-03-11 14:45:00+00:00,-6714.0
2023-03-11 15:00:00+00:00,-6681.0
2023-03-11 15:15:00+00:00,-6275.0
2023-03-11 15:30:00+00:00,-5962.0
2023-03-11 15:45:00+00:00,-5866.0
2023-03-11 16:00:00+00:00,-6758.0
2023-03-11 16:15:00+00:00,-6824.0
2023-03-11 16:30:00+00:00,-6350.0
2023-03-11 16:45:00+00:00,-7163.0
2023-03-11 17:00:00+00:00,-6845.0
2023-03-11 17:15:00+00:00,-6702.0
2023-03-11 17:30:00+00:00,-6757.0
2023-03-11 17:45:00+00:00,-6899.0
2023-03-11 18:00:00+00:00,-6788.0
2023-03-11 18:15:00+00:00,-6746.0
2023-03-11 18:30:00+00:00,-6890.0
2023-03-11 18:45:00+00:00,-6866.0
2023-03-11 19:00:00+00:00,-6894.0
2023-03-11 19:15:00+00:00,-6523.0
2023-03-11 19:30:00+00:00,-6382.0
2023-03-11 19:45:00+00:00,-6624.0
2023-03-11 20:00:00+00:00,-6638.0
2023-03-11 20:15:00+00:00,-6397.0
2023-03-11 20:30:00+00:00,-5895.0
2023-03-11 20:45:00+00:00,-5000.0
2023-03-11 21:00:00+00:00,-5302.0
2023-03-11 21:15:00+00:00,-6289.0
2023-03-11 21:30:00+00:00,-7118.0
2023-03-11 21:45:00+00:00,-6909.0
2023-03-11 22:00:00+00:00,-7105.0
2023-03-11 22:15:00+00:00,-6831.0
2023-03-11 22:30:00+00:00,-6716.0
2023-03-11 22:45:00+00:00,-7052.0
2023-03-11 23:00:00+00:00,-6703.0
2023-03-11 23:15:00+00:00,-6689.0
2023-03-11 23:30:00+00:00,-7083.0
2023-03-11 23:45:00+00:00,-7026.0
2023-03-12 00:00:00+00:00,-7146.0
2023-03-12 00:15:00+00:00,-6725.0
2023-03-12 00:30:00+00:00,-7246.0
2023-03-12 00:45:00+00:00,-7162.0
2023-03-12 01:00:00+00:00,-7017.0
2023-03-12 01:15:00+00:00,-7075.0
2023-03-12 01:30:00+00:00,-6218.0
2023-03-12 01:45:00+00:00,-5317.0
2023-03-12 02:00:00+00:00,-4473.0
2023-03-12 02:15:00+00:00,-3108.0
2023-03-12 02:30:00+00:00,-1531.0
2023-03-12 02:45:00+00:00,-1524.0
2023-03-12 03:00:00+00:00,-2370.0
2023-03-12 03:15:00+00:00,-3704.0
2023-03-12 03:30:00+00:00,-5523.0
2023-03-12 03:45:00+00:00,-5119.0
2023-03-12 04:00:00+00:00,-5634.0
2023-03-12 04:15:00+00:00,-5283.0
2023-03-12 04:30:00+00:00,-5287.0
2023-03-12 04:45:00+00:00,-6452.0
2023-03-12 05:00:00+00:00,-6874.0
2023-03-12 05:15:00+00:00,-6833.0
2023-03-12 05:30:00+00:00,-6354.0
2023-03-12 05:45:00+00:00,-6247.0
2023-03-12 06:00:00+00:00,-6308.0
2023-03-12 06:15:00+00:00,-7119.0
2023-03-12 06:30:00+00:00,-7301.0
2023-03-12 06:45:00+00:00,-7193.0
2023-03-12 07:00:00+00:00,-7147.0
2023-03-12 07:15:00+00:00,-5798.0
2023-03-12 07:30:00+00:00,-6867.0
2023-03-12 07:45:00+00:00,-6000.0
2023-03-12 08:00:00+00:00,-5742.0
2023-03-12 08:15:00+00:00,-6535.0
2023-03-12 08:30:00+00:00,-5282.0
2023-03-12 08:45:00+00:00,-5716.0
2023-03-12 09:00:00+00:00,-6068.0
2023-03-12 09:15:00+00:00,-5360.0
2023-03-12 09:30:00+00:00,-5532.0
2023-03-12 09:45:00+00:00,-4676.0
2023-03-12 10:00:00+00:00,-4380.0
2023-03-12 10:15:00+00:00,-2137.0
2023-03-12 10:30:00+00:00,-4128.0
2023-03-12 10:45:00+00:00,-5302.0
2023-03-12 11:00:00+00:00,-5144.0
2023-03-12 11:15:00+00:00,-4992.0
2023-03-12 11:30:00+00:00,-6330.0
2023-03-12 11:45:00+00:00,-6587.0
2023-03-12 12:00:00+00:00,-6306.0
2023-03-12 12:15:00+00:00,-6830.0
2023-03-12 12:30:00+00:00,-6597.0
2023-03-12 12:45:00+00:00,-6816.0
2023-03-12 13:00:00+00:00,-5814.0
2023-03-12 13:15:00+00:00,-5672.0
2023-03-12 13:30:00+00:00,-6022.0
2023-03-12 13:45:00+00:00,-5641.0
2023-03-12 14:00:00+00:00,-6276.0
2023-03-12 14:15:00+00:00,-6709.0
2023-03-12 14:30:00+00:00,-5654.0
2023-03-12 14:45:00+00:00,-5172.0
2023-03-12 15:00:00+00:00,-5181.0
2023-03-12 15:15:00+00:00,-4824.0
2023-03-12 15:30:00+00:00,-5007.0
2023-03-12 15:45:00+00:00,-5202.0
2023-03-12 16:00:00+00:00,-6066.0
2023-03-12 16:15:00+00:00,-6539.0
2023-03-12 16:30:00+00:00,-6076.0
2023-03-12 16:45:00+00:00,-7191.0
2023-03-12 17:00:00+00:00,-7007.0
2023-03-12 17:15:00+00:00,-6413.0
2023-03-12 17:30:00+00:00,-5365.0
2023-03-12 17:45:00+00:00,-5546.0
2023-03-12 18:00:00+00:00,-5747.0
2023-03-12 18:15:00+00:00,-5865.0
2023-03-12 18:30:00+00:00,-5681.0
2023-03-12 18:45:00+00:00,-5742.0
2023-03-12 19:00:00+00:00,-5431.0
2023-03-12 19:15:00+00:00,-5636.0
2023-03-12 19:30:00+00:00,-6149.0
2023-03-12 19:45:00+00:00,-6001.0
2023-03-12 20:00:00+00:00,-5912.0
2023-03-12 20:15:00+00:00,-5669.0
2023-03-12 20:30:00+00:00,-6056.0
2023-03-12 20:45:00+00:00,-6655.0
2023-03-12 21:00:00+00:00,-6730.0
2023-03-12 21:15:00+00:00,-6177.0
2023-03-12 21:30:00+00:00,-7062.0
2023-03-12 21:45:00+00:00,-6093.0
2023-03-12 22:00:00+00:00,-5574.0
2023-03-12 22:15:00+00:00,-6131.0
2023-03-12 22:30:00+00:00,-6707.0
2023-03-12 22:45:00+00:00,-6362.0
2023-03-12 23:00:00+00:00,-6243.0
2023-03-12 23:15:00+00:00,-6231.0
2023-03-12 23:30:00+00:00,-6228.0
2023-03-12 23:45:00+00:00,-6336.0
2023-03-13 00:00:00+00:00,-6231.0
2023-03-13 00:15:00+00:00,-6221.0
2023-03-13 00:30:00+00:00,-6278.0
2023-03-13 00:45:00+00:00,-6194.0
2023-03-13 01:00:00+00:00,-6124.0
2023-03-13 01:15:00+00:00,-6235.0
2023-03-13 01:30:00+00:00,-6412.0
2023-03-13 01:45:00+00:00,-6494.0
2023-03-13 02:00:00+00:00,-6456.0
2023-03-13 02:15:00+00:00,-6319.0
2023-03-13 02:30:00+00:00,-6344.0
2023-03-13 02:45:00+00:00,-6199.0
2023-03-13 03:00:00+00:00,-6070.0
2023-03-13 03:15:00+00:00,-5747.0
2023-03-13 03:30:00+00:00,-5748.0
2023-03-13 03:45:00+00:00,-5779.0
2023-03-13 04:00:00+00:00,-5217.0
2023-03-13 04:15:00+00:00,-4960.0
2023-03-13 04:30:00+00:00,-5998.0
2023-03-13 04:45:00+00:00,-6825.0
2023-03-13 05:00:00+00:00,-6667.0
2023-03-13 05:15:00+00:00,-6217.0
2023-03-13 05:30:00+00:00,-5857.0
2023-03-13 05:45:00+00:00,-5542.0
2023-03-13 06:00:00+00:00,-5611.0
2023-03-13 06:15:00+00:00,-5510.0
2023-03-13 06:30:00+00:00,-5642.0
2023-03-13 06:45:00+00:00,-5474.0
2023-03-13 07:00:00+00:00,-5790.0
2023-03-13 07:15:00+00:00,-5515.0
2023-03-13 07:30:00+00:00,-5901.0
2023-03-13 07:45:00+00:00,-5979.0
2023-03-13 08:00:00+00:00,-6128.0
2023-03-13 08:15:00+00:00,-6318.0
2023-03-13 08:30:00+00:00,-6416.0
2023-03-13 08:45:00+00:00,-7101.0
2023-03-13 09:00:00+00:00,-7067.0
2023-03-13 09:15:00+00:00,-6362.0
2023-03-13 09:30:00+00:00,-6100.0
2023-03-13 09:45:00+00:00,-6828.0
2023-03-13 10:00:00+00:00,-7466.0
2023-03-13 10:15:00+00:00,-7098.0
2023-03-13 10:30:00+00:00,-7340.0
2023-03-13 10:45:00+00:00,-7612.0
2023-03-13 11:00:00+00:00,-7710.0
2023-03-13 11:15:00+00:00,-7442.0
2023-03-13 11:30:00+00:00,-7121.0
2023-03-13 11:45:00+00:00,-7135.0
2023-03-13 12:00:00+00:00,-7216.0
2023-03-13 12:15:00+00:00,-7317.0
2023-03-13 12:30:00+00:00,-7256.0
2023-03-13 12:45:00+00:00,-7282.0
2023-03-13 13:00:00+00:00,-7517.0
2023-03-13 13:15:00+00:00,-7620.0
2023-03-13 13:30:00+00:00,-7516.0
2023-03-13 13:45:00+00:00,-7179.0
2023-03-13 14:00:00+00:00,-7393.0
2023-03-13 14:15:00+00:00,-7369.0
2023-03-13 14:30:00+00:00,-7362.0
2023-03-13 14:45:00+00:00,-6420.0
2023-03-13 15:00:00+00:00,-6438.0
2023-03-13 15:15:00+00:00,-7096.0
2023-03-13 15:30:00+00:00,-7243.0
2023-03-13 15:45:00+00:00,-6926.0
2023-03-13 16:00:00+00:00,-7044.0
2023-03-13 16:15:00+00:00,-6891.0
2023-03-13 16:30:00+00:00,-7367.0
2023-03-13 16:45:00+00:00,-7574.0
2023-03-13 17:00:00+00:00,-7574.0
2023-03-13 17:15:00+00:00,-7184.0
2023-03-13 17:30:00+00:00,-7355.0
2023-03-13 17:45:00+00:00,-6994.0
2023-03-13 18:00:00+00:00,-5902.0
2023-03-13 18:15:00+00:00,-5462.0
2023-03-13 18:30:00+00:00,-5501.0
2023-03-13 18:45:00+00:00,-5686.0
2023-03-13 19:00:00+00:00,-5816.0
2023-03-13 19:15:00+00:00,-5846.0
2023-03-13 19:30:00+00:00,-5362.0
2023-03-13 19:45:00+00:00,-5093.0
2023-03-13 20:00:00+00:00,-4409.0
2023-03-13 20:15:00+00:00,-4205.0
2023-03-13 20:30:00+00:00,-3306.0
2023-03-13 20:45:00+00:00,-3267.0
2023-03-13 21:00:00+00:00,-3910.0
2023-03-13 21:15:00+00:00,-4676.0
2023-03-13 21:30:00+00:00,-5581.0
2023-03-13 21:45:00+00:00,-6989.0
2023-03-13 22:00:00+00:00,-7766.0
2023-03-13 22:15:00+00:00,-7137.0
2023-03-13 22:30:00+00:00,-7897.0
2023-03-13 22:45:00+00:00,-7545.0
2023-03-13 23:00:00+00:00,-7338.0
2023-03-13 23:15:00+00:00,-7073.0
2023-03-13 23:30:00+00:00,-6366.0
2023-03-13 23:45:00+00:00,-6195.0
2023-03-14 00:00:00+00:00,-6077.0
2023-03-14 00:15:00+00:00,-6182.0
2023-03-14 00:30:00+00:00,-6319.0
2023-03-14 00:45:00+00:00,-6199.0
2023-03-14 01:00:00+00:00,-6252.0
2023-03-14 01:15:00+00:00,-5819.0
2023-03-14 01:30:00+00:00,-6179.0
2023-03-14 01:45:00+00:00,-5499.0
2023-03-14 02:00:00+00:00,-5164.0
2023-03-14 02:15:00+00:00,-5603.0
2023-03-14 02:30:00+00:00,-5571.0
2023-03-14 02:45:00+00:00,-6053.0
2023-03-14 03:00:00+00:00,-6162.0
2023-03-14 03:15:00+00:00,-6144.0
2023-03-14 03:30:00+00:00,-6314.0
2023-03-14 03:45:00+00:00,-5925.0
2023-03-14 04:00:00+00:00,-4588.0
2023-03-14 04:15:00+00:00,-4684.0
2023-03-14 04:30:00+00:00,-5689.0
2023-03-14 04:45:00+00:00,-5382.0
2023-03-14 05:00:00+00:00,-5761.0
2023-03-14 05:15:00+00:00,-5470.0
2023-03-14 05:30:00+00:00,-5000.0
2023-03-14 05:45:00+00:00,-4742.0
2023-03-14 06:00:00+00:00,-4503.0
2023-03-14 06:15:00+00:00,-3771.0
2023-03-14 06:30:00+00:00,-3581.0
2023-03-14 06:45:00+00:00,-3425.0
2023-03-14 07:00:00+00:00,-3077.0
2023-03-14 07:15:00+00:00,-3552.0
2023-03-14 07:30:00+00:00,-4678.0
2023-03-14 07:45:00+00:00,-5281.0
2023-03-14 08:00:00+00:00,-4859.0
2023-03-14 08:15:00+00:00,-5120.0
2023-03-14 08:30:00+00:00,-4551.0
2023-03-14 08:45:00+00:00,-4607.0
2023-03-14 09:00:00+00:00,-4552.0
2023-03-14 09:15:00+00:00,-4920.0
2023-03-14 09:30:00+00:00,-4627.0
2023-03-14 09:45:00+00:00,-4291.0
2023-03-14 10:00:00+00:00,-4409.0
2023-03-14 10:15:00+00:00,-5024.0
2023-03-14 10:30:00+00:00,-5272.0
2023-03-14 10:45:00+00:00,-6039.0
2023-03-14 11:00:00+00:00,-5691.0
2023-03-14 11:15:00+00:00,-5420.0
2023-03-14 11:30:00+00:00,-5407.0
2023-03-14 11:45:00+00:00,-5572.0
2023-03-14 12:00:00+00:00,-5789.0
2023-03-14 12:15:00+00:00,-5517.0
2023-03-14 12:30:00+00:00,-5462.0
2023-03-14 12:45:00+00:00,-5030.0
2023-03-14 13:00:00+00:00,-4880.0
2023-03-14 13:15:00+00:00,-4984.0
2023-03-14 13:30:00+00:00,-5209.0
2023-03-14 13:45:00+00:00,-5281.0
2023-03-14 14:00:00+00:00,-5371.0
2023-03-14 14:15:00+00:00,-4815.0
2023-03-14 14:30:00+00:00,-4430.0
2023-03-14 14:45:00+00:00,-5352.0
2023-03-14 15:00:00+00:00,-5122.0
2023-03-14 15:15:00+00:00,-4611.0
2023-03-14 15:30:00+00:00,-4901.0
2023-03-14 15:45:00+00:00,-5274.0
2023-03-14 16:00:00+00:00,-5282.0
2023-03-14 16:15:00+00:00,-5301.0
2023-03-14 16:30:00+00:00,-5648.0
2023-03-14 16:45:00+00:00,-5527.0
2023-03-14 17:00:00+00:00,-5180.0
2023-03-14 17:15:00+00:00,-5130.0
2023-03-14 17:30:00+00:00,-5824.0
2023-03-14 17:45:00+00:00,-6010.0
2023-03-14 18:00:00+00:00,-5864.0
2023-03-14 18:15:00+00:00,-5766.0
2023-03-14 18:30:00+00:00,-5237.0
2023-03-14 18:45:00+00:00,-5072.0
2023-03-14 19:00:00+00:00,-4898.0
2023-03-14 19:15:00+00:00,-3898.0
2023-03-14 19:30:00+00:00,-4062.0
2023-03-14 19:45:00+00:00,-5009.0
2023-03-14 20:00:00+00:00,-5041.0
2023-03-14 20:15:00+00:00,-5343.0
2023-03-14 20:30:00+00:00,-5538.0
2023-03-14 20:45:00+00:00,-5406.0
2023-03-14 21:00:00+00:00,-5147.0
2023-03-14 21:15:00+00:00,-5366.0
2023-03-14 21:30:00+00:00,-5160.0
2023-03-14 21:45:00+00:00,-5407.0
2023-03-14 22:00:00+00:00,-5894.0
2023-03-14 22:15:00+00:00,-5790.0
2023-03-14 22:30:00+00:00,-5048.0
2023-03-14 22:45:00+00:00,-4663.0
2023-03-14 23:00:00+00:00,-4391.0
2023-03-14 23:15:00+00:00,-4964.0
2023-03-14 23:30:00+00:00,-4719.0
2023-03-14 23:45:00+00:00,-4571.0
2023-03-15 00:00:00+00:00,-4991.0
2023-03-15 00:15:00+00:00,-4672.0
2023-03-15 00:30:00+00:00,-4533.0
2023-03-15 00:45:00+00:00,-4308.0
2023-03-15 01:00:00+00:00,-4626.0
2023-03-15 01:15:00+00:00,-5204.0
2023-03-15 01:30:00+00:00,-5115.0
2023-03-15 01:45:00+00:00,-5327.0
2023-03-15 02:00:00+00:00,-5247.0
2023-03-15 02:15:00+00:00,-5077.0
2023-03-15 02:30:00+00:00,-4785.0
2023-03-15 02:45:00+00:00,-4900.0
2023-03-15 03:00:00+00:00,-4610.0
2023-03-15 03:15:00+00:00,-4446.0
2023-03-15 03:30:00+00:00,-4871.0
2023-03-15 03:45:00+00:00,-4893.0
2023-03-15 04:00:00+00:00,-5427.0
2023-03-15 04:15:00+00:00,-5569.0
2023-03-15 04:30:00+00:00,-5227.0
2023-03-15 04:45:00+00:00,-5653.0
2023-03-15 05:00:00+00:00,-5445.0
2023-03-15 05:15:00+00:00,-5726.0
2023-03-15 05:30:00+00:00,-5521.0
2023-03-15 05:45:00+00:00,-5246.0
2023-03-15 06:00:00+00:00,-5578.0
2023-03-15 06:15:00+00:00,-5218.0
2023-03-15 06:30:00+00:00,-5434.0
2023-03-15 06:45:00+00:00,-5484.0
2023-03-15 07:00:00+00:00,-5429.0
2023-03-15 07:15:00+00:00,-5519.0
2023-03-15 07:30:00+00:00,-5387.0
2023-03-15 07:45:00+00:00,-5173.0
2023-03-15 08:00:00+00:00,-5129.0
2023-03-15 08:15:00+00:00,-4591.0
2023-03-15 08:30:00+00:00,-4756.0
2023-03-15 08:45:00+00:00,-4457.0
2023-03-15 09:00:00+00:00,-4529.0
2023-03-15 09:15:00+00:00,-5398.0
2023-03-15 09:30:00+00:00,-5122.0
2023-03-15 09:45:00+00:00,-5075.0
2023-03-15 10:00:00+00:00,-5368.0
2023-03-15 10:15:00+00:00,-5241.0
2023-03-15 10:30:00+00:00,-5245.0
2023-03-15 10:45:00+00:00,-4986.0
2023-03-15 11:00:00+00:00,-4629.0
2023-03-15 11:15:00+00:00,-4563.0
2023-03-15 11:30:00+00:00,-4866.0
2023-03-15 11:45:00+00:00,-4978.0
2023-03-15 12:00:00+00:00,-4987.0
2023-03-15 12:15:00+00:00,-4632.0
2023-03-15 12:30:00+00:00,-4926.0
2023-03-15 12:45:00+00:00,-4966.0
2023-03-15 13:00:00+00:00,-4901.0
2023-03-15 13:15:00+00:00,-4871.0
2023-03-15 13:30:00+00:00,-4583.0
2023-03-15 13:45:00+00:00,-4416.0
2023-03-15 14:00:00+00:00,-4298.0
2023-03-15 14:15:00+00:00,-4256.0
2023-03-15 14:30:00+00:00,-3325.0
2023-03-15 14:45:00+00:00,-2901.0
2023-03-15 15:00:00+00:00,-3286.0
2023-03-15 15:15:00+00:00,-3986.0
2023-03-15 15:30:00+00:00,-4380.0
2023-03-15 15:45:00+00:00,-4779.0
2023-03-15 16:00:00+00:00,-4794.0
2023-03-15 16:15:00+00:00,-4918.0
2023-03-15 16:30:00+00:00,-4703.0
2023-03-15 16:45:00+00:00,-3801.0
2023-03-15 17:00:00+00:00,-3884.0
2023-03-15 17:15:00+00:00,-3912.0
2023-03-15 17:30:00+00:00,-4439.0
2023-03-15 17:45:00+00:00,-4118.0
2023-03-15 18:00:00+00:00,-4237.0
2023-03-15 18:15:00+00:00,-4456.0
2023-03-15 18:30:00+00:00,-4147.0
2023-03-15 18:45:00+00:00,-3972.0
2023-03-15 19:00:00+00:00,-4178.0
2023-03-15 19:15:00+00:00,-3776.0
2023-03-15 19:30:00+00:00,-3314.0
2023-03-15 19:45:00+00:00,-3690.0
2023-03-15 20:00:00+00:00,-4678.0
2023-03-15 20:15:00+00:00,-4907.0
2023-03-15 20:30:00+00:00,-4169.0
2023-03-15 20:45:00+00:00,-4524.0
2023-03-15 21:00:00+00:00,-4300.0
2023-03-15 21:15:00+00:00,-4614.0
2023-03-15 21:30:00+00:00,-5018.0
2023-03-15 21:45:00+00:00,-3666.0
2023-03-15 22:00:00+00:00,-3684.0
2023-03-15 22:15:00+00:00,-3701.0
2023-03-15 22:30:00+00:00,-4549.0
2023-03-15 22:45:00+00:00,-4967.0
2023-03-15 23:00:00+00:00,-5032.0
2023-03-15 23:15:00+00:00,-4114.0
2023-03-15 23:30:00+00:00,-4433.0
2023-03-15 23:45:00+00:00,-4213.0
2023-03-16 00:00:00+00:00,-4736.0
2023-03-16 00:15:00+00:00,-4511.0
2023-03-16 00:30:00+00:00,-4747.0
2023-03-16 00:45:00+00:00,-4406.0
2023-03-16 01:00:00+00:00,-4314.0
2023-03-16 01:15:00+00:00,-4737.0
2023-03-16 01:30:00+00:00,-4999.0
2023-03-16 01:45:00+00:00,-4920.0
2023-03-16 02:00:00+00:00,-4781.0
2023-03-16 02:15:00+00:00,-4518.0
2023-03-16 02:30:00+00:00,-4100.0
2023-03-16 02:45:00+00:00,-4673.0
2023-03-16 03:00:00+00:00,-4574.0
2023-03-16 03:15:00+00:00,-4651.0
2023-03-16 03:30:00+00:00,-5012.0
2023-03-16 03:45:00+00:00,-4633.0
2023-03-16 04:00:00+00:00,-4519.0
2023-03-16 04:15:00+00:00,-3961.0
2023-03-16 04:30:00+00:00,-5064.0
2023-03-16 04:45:00+00:00,-5279.0
2023-03-16 05:00:00+00:00,-4936.0
2023-03-16 05:15:00+00:00,-4233.0
2023-03-16 05:30:00+00:00,-4695.0
2023-03-16 05:45:00+00:00,-4218.0
2023-03-16 06:00:00+00:00,-4903.0
2023-03-16 06:15:00+00:00,-5065.0
2023-03-16 06:30:00+00:00,-5070.0
2023-03-16 06:45:00+00:00,-5342.0
2023-03-16 07:00:00+00:00,-5452.0
2023-03-16 07:15:00+00:00,-5126.0
2023-03-16 07:30:00+00:00,-5122.0
2023-03-16 07:45:00+00:00,-5462.0
2023-03-16 08:00:00+00:00,-5335.0
2023-03-16 08:15:00+00:00,-5198.0
2023-03-16 08:30:00+00:00,-4599.0
2023-03-16 08:45:00+00:00,-4762.0
2023-03-16 09:00:00+00:00,-4118.0
2023-03-16 09:15:00+00:00,-4191.0
2023-03-16 09:30:00+00:00,-5092.0
2023-03-16 09:45:00+00:00,-4515.0
2023-03-16 10:00:00+00:00,-5421.0
2023-03-16 10:15:00+00:00,-5775.0
2023-03-16 10:30:00+00:00,-5801.0
2023-03-16 10:45:00+00:00,-5522.0
2023-03-16 11:00:00+00:00,-5530.0
2023-03-16 11:15:00+00:00,-5195.0
2023-03-16 11:30:00+00:00,-5087.0
2023-03-16 11:45:00+00:00,-5084.0
2023-03-16 12:00:00+00:00,-4624.0
2023-03-16 12:15:00+00:00,-4726.0
2023-03-16 12:30:00+00:00,-4780.0
2023-03-16 12:45:00+00:00,-5018.0
2023-03-16 13:00:00+00:00,-4736.0
2023-03-16 13:15:00+00:00,-5071.0
2023-03-16 13:30:00+00:00,-5100.0
2023-03-16 13:45:00+00:00,-4665.0
2023-03-16 14:00:00+00:00,-4804.0
2023-03-16 14:15:00+00:00,-5061.0
2023-03-16 14:30:00+00:00,-5077.0
2023-03-16 14:45:00+00:00,-4963.0
2023-03-16 15:00:00+00:00,-5304.0
2023-03-16 15:15:00+00:00,-4950.0
2023-03-16 15:30:00+00:00,-5778.0
2023-03-16 15:45:00+00:00,-5380.0
2023-03-16 16:00:00+00:00,-4999.0
2023-03-16 16:15:00+00:00,-4307.0
2023-03-16 16:30:00+00:00,-4769.0
2023-03-16 16:45:00+00:00,-5257.0
2023-03-16 17:00:00+00:00,-5189.0
2023-03-16 17:15:00+00:00,-4479.0
2023-03-16 17:30:00+00:00,-4864.0
2023-03-16 17:45:00+00:00,-4480.0
2023-03-16 18:00:00+00:00,-4972.0
2023-03-16 18:15:00+00:00,-4918.0
2023-03-16 18:30:00+00:00,-4459.0
2023-03-16 18:45:00+00:00,-4560.0
2023-03-16 19:00:00+00:00,-4862.0
2023-03-16 19:15:00+00:00,-5218.0
2023-03-16 19:30:00+00:00,-5165.0
2023-03-16 19:45:00+00:00,-5207.0
2023-03-16 20:00:00+00:00,-4890.0
2023-03-16 20:15:00+00:00,-4607.0
2023-03-16 20:30:00+00:00,-3961.0
2023-03-16 20:45:00+00:00,-4361.0
2023-03-16 21:00:00+00:00,-4749.0
2023-03-16 21:15:00+00:00,-4765.0
2023-03-16 21:30:00+00:00,-4833.0
2023-03-16 21:45:00+00:00,-5870.0
2023-03-16 22:00:00+00:00,-6253.0
2023-03-16 22:15:00+00:00,-5952.0
2023-03-16 22:30:00+00:00,-6193.0
2023-03-16 22:45:00+00:00,-6316.0
2023-03-16 23:00:00+00:00,-6319.0
2023-03-16 23:15:00+00:00,-5091.0
2023-03-16 23:30:00+00:00,-5438.0
2023-03-16 23:45:00+00:00,-5333.0
2023-03-17 00:00:00+00:00,-5693.0
2023-03-17 00:15:00+00:00,-5395.0
2023-03-17 00:30:00+00:00,-5419.0
2023-03-17 00:45:00+00:00,-6142.0
2023-03-17 01:00:00+00:00,-7021.0
2023-03-17 01:15:00+00:00,-6859.0
2023-03-17 01:30:00+00:00,-6601.0
2023-03-17 01:45:00+00:00,-6480.0
2023-03-17 02:00:00+00:00,-5795.0
2023-03-17 02:15:00+00:00,-5054.0
2023-03-17 02:30:00+00:00,-4012.0
2023-03-17 02:45:00+00:00,-3054.0
2023-03-17 03:00:00+00:00,-3087.0
2023-03-17 03:15:00+00:00,-3770.0
2023-03-17 03:30:00+00:00,-5686.0
2023-03-17 03:45:00+00:00,-6071.0
2023-03-17 04:00:00+00:00,-5907.0
2023-03-17 04:15:00+00:00,-5922.0
2023-03-17 04:30:00+00:00,-6165.0
2023-03-17 04:45:00+00:00,-6550.0
2023-03-17 05:00:00+00:00,-6865.0
2023-03-17 05:15:00+00:00,-6212.0
2023-03-17 05:30:00+00:00,-5811.0
2023-03-17 05:45:00+00:00,-5410.0
2023-03-17 06:00:00+00:00,-4956.0
2023-03-17 06:15:00+00:00,-5069.0
2023-03-17 06:30:00+00:00,-5249.0
2023-03-17 06:45:00+00:00,-5560.0
2023-03-17 07:00:00+00:00,-5880.0
2023-03-17 07:15:00+00:00,-5864.0
2023-03-17 07:30:00+00:00,-5520.0
2023-03-17 07:45:00+00:00,-5212.0
2023-03-17 08:00:00+00:00,-4826.0
2023-03-17 08:15:00+00:00,-4869.0
2023-03-17 08:30:00+00:00,-4599.0
2023-03-17 08:45:00+00:00,-4212.0
2023-03-17 09:00:00+00:00,-3989.0
2023-03-17 09:15:00+00:00,-4352.0
2023-03-17 09:30:00+00:00,-5050.0
2023-03-17 09:45:00+00:00,-5919.0
2023-03-17 10:00:00+00:00,-6206.0
2023-03-17 10:15:00+00:00,-6260.0
2023-03-17 10:30:00+00:00,-6358.0
2023-03-17 10:45:00+00:00,-6504.0
2023-03-17 11:00:00+00:00,-6786.0
2023-03-17 11:15:00+00:00,-6530.0
2023-03-17 11:30:00+00:00,-6032.0
2023-03-17 11:45:00+00:00,-6037.0
2023-03-17 12:00:00+00:00,-5884.0
2023-03-17 12:15:00+00:00,-5897.0
2023-03-17 12:30:00+00:00,-5884.0
2023-03-17 12:45:00+00:00,-6035.0
2023-03-17 13:00:00+00:00,-6087.0
2023-03-17 13:15:00+00:00,-6363.0
2023-03-17 13:30:00+00:00,-6484.0
2023-03-17 13:45:00+00:00,-6428.0
2023-03-17 14:00:00+00:00,-7337.0
2023-03-17 14:15:00+00:00,-7132.0
2023-03-17 14:30:00+00:00,-6881.0
2023-03-17 14:45:00+00:00,-6133.0
2023-03-17 15:00:00+00:00,-6048.0
2023-03-17 15:15:00+00:00,-6772.0
2023-03-17 15:30:00+00:00,-6577.0
2023-03-17 15:45:00+00:00,-5588.0
2023-03-17 16:00:00+00:00,-5731.0
2023-03-17 16:15:00+00:00,-5321.0
2023-03-17 16:30:00+00:00,-6053.0
2023-03-17 16:45:00+00:00,-6054.0
2023-03-17 17:00:00+00:00,-5736.0
2023-03-17 17:15:00+00:00,-5765.0
2023-03-17 17:30:00+00:00,-4976.0
2023-03-17 17:45:00+00:00,-4476.0
2023-03-17 18:00:00+00:00,-4062.0
2023-03-17 18:15:00+00:00,-3412.0
2023-03-17 18:30:00+00:00,-3657.0
2023-03-17 18:45:00+00:00,-4286.0
2023-03-17 19:00:00+00:00,-4837.0
2023-03-17 19:15:00+00:00,-6607.0
2023-03-17 19:30:00+00:00,-6897.0
2023-03-17 19:45:00+00:00,-6702.0
2023-03-17 20:00:00+00:00,-6307.0
2023-03-17 20:15:00+00:00,-6129.0
2023-03-17 20:30:00+00:00,-5962.0
2023-03-17 20:45:00+00:00,-5403.0
2023-03-17 21:00:00+00:00,-6052.0
2023-03-17 21:15:00+00:00,-6234.0
2023-03-17 21:30:00+00:00,-6973.0
2023-03-17 21:45:00+00:00,-7393.0
2023-03-17 22:00:00+00:00,-7330.0
2023-03-17 22:15:00+00:00,-6881.0
2023-03-17 22:30:00+00:00,-7037.0
2023-03-17 22:45:00+00:00,-6729.0
2023-03-17 23:00:00+00:00,-6632.0
2023-03-17 23:15:00+00:00,-6485.0
2023-03-17 23:30:00+00:00,-6003.0
2023-03-17 23:45:00+00:00,-6483.0
2023-03-18 00:00:00+00:00,-6013.0
2023-03-18 00:15:00+00:00,-5646.0
2023-03-18 00:30:00+00:00,-5548.0
2023-03-18 00:45:00+00:00,-5135.0
2023-03-18 01:00:00+00:00,-4872.0
2023-03-18 01:15:00+00:00,-5327.0
2023-03-18 01:30:00+00:00,-5369.0
2023-03-18 01:45:00+00:00,-5198.0
2023-03-18 02:00:00+00:00,-4765.0
2023-03-18 02:15:00+00:00,-4690.0
2023-03-18 02:30:00+00:00,-5457.0
2023-03-18 02:45:00+00:00,-5411.0
2023-03-18 03:00:00+00:00,-5391.0
2023-03-18 03:15:00+00:00,-5160.0
2023-03-18 03:30:00+00:00,-5714.0
2023-03-18 03:45:00+00:00,-6214.0
2023-03-18 04:00:00+00:00,-6836.0
2023-03-18 04:15:00+00:00,-7013.0
2023-03-18 04:30:00+00:00,-7115.0
2023-03-18 04:45:00+00:00,-6852.0
2023-03-18 05:00:00+00:00,-7067.0
2023-03-18 05:15:00+00:00,-6382.0
2023-03-18 05:30:00+00:00,-5968.0
2023-03-18 05:45:00+00:00,-4299.0
2023-03-18 06:00:00+00:00,-3846.0
2023-03-18 06:15:00+00:00,-3460.0
2023-03-18 06:30:00+00:00,-3050.0
2023-03-18 06:45:00+00:00,-3567.0
2023-03-18 07:00:00+00:00,-4506.0
2023-03-18 07:15:00+00:00,-6121.0
2023-03-18 07:30:00+00:00,-5429.0
2023-03-18 07:45:00+00:00,-5437.0
2023-03-18 08:00:00+00:00,-5820.0
2023-03-18 08:15:00+00:00,-5859.0
2023-03-18 08:30:00+00:00,-5880.0
2023-03-18 08:45:00+00:00,-5668.0
2023-03-18 09:00:00+00:00,-5627.0
2023-03-18 09:15:00+00:00,-5688.0
2023-03-18 09:30:00+00:00,-6008.0
2023-03-18 09:45:00+00:00,-5979.0
2023-03-18 10:00:00+00:00,-5993.0
2023-03-18 10:15:00+00:00,-5710.0
2023-03-18 10:30:00+00:00,-6081.0
2023-03-18 10:45:00+00:00,-5786.0
2023-03-18 11:00:00+00:00,-6164.0
2023-03-18 11:15:00+00:00,-6059.0
2023-03-18 11:30:00+00:00,-4772.0
2023-03-18 11:45:00+00:00,-6165.0
2023-03-18 12:00:00+00:00,-5621.0
2023-03-18 12:15:00+00:00,-4815.0
2023-03-18 12:30:00+00:00,-4555.0
2023-03-18 12:45:00+00:00,-4507.0
2023-03-18 13:00:00+00:00,-5315.0
2023-03-18 13:15:00+00:00,-6122.0
2023-03-18 13:30:00+00:00,-6485.0
2023-03-18 13:45:00+00:00,-6271.0
2023-03-18 14:00:00+00:00,-6379.0
2023-03-18 14:15:00+00:00,-6117.0
2023-03-18 14:30:00+00:00,-6416.0
2023-03-18 14:45:00+00:00,-5636.0
2023-03-18 15:00:00+00:00,-5844.0
2023-03-18 15:15:00+00:00,-6710.0
2023-03-18 15:30:00+00:00,-7042.0
2023-03-18 15:45:00+00:00,-7384.0
2023-03-18 16:00:00+00:00,-6578.0
2023-03-18 16:15:00+00:00,-6373.0
2023-03-18 16:30:00+00:00,-6982.0
2023-03-18 16:45:00+00:00,-6923.0
2023-03-18 17:00:00+00:00,-6873.0
2023-03-18 17:15:00+00:00,-6720.0
2023-03-18 17:30:00+00:00,-6124.0
2023-03-18 17:45:00+00:00,-6098.0
2023-03-18 18:00:00+00:00,-6144.0
2023-03-18 18:15:00+00:00,-5947.0
2023-03-18 18:30:00+00:00,-6283.0
2023-03-18 18:45:00+00:00,-6401.0
2023-03-18 19:00:00+00:00,-6274.0
2023-03-18 19:15:00+00:00,-6404.0
2023-03-18 19:30:00+00:00,-6466.0
2023-03-18 19:45:00+00:00,-5324.0
2023-03-18 20:00:00+00:00,-3979.0
2023-03-18 20:15:00+00:00,-3177.0
2023-03-18 20:30:00+00:00,-3965.0
2023-03-18 20:45:00+00:00,-2852.0
2023-03-18 21:00:00+00:00,-2438.0
2023-03-18 21:15:00+00:00,-4093.0
2023-03-18 21:30:00+00:00,-5576.0
2023-03-18 21:45:00+00:00,-7668.0
2023-03-18 22:00:00+00:00,-8450.0
2023-03-18 22:15:00+00:00,-7954.0
2023-03-18 22:30:00+00:00,-8037.0
2023-03-18 22:45:00+00:00,-7836.0
2023-03-18 23:00:00+00:00,-7656.0
2023-03-18 23:15:00+00:00,-6498.0
2023-03-18 23:30:00+00:00,-5336.0
2023-03-18 23:45:00+00:00,-2952.0
2023-03-19 00:00:00+00:00,-1731.0
2023-03-19 00:15:00+00:00,-2047.0
2023-03-19 00:30:00+00:00,-2206.0
2023-03-19 00:45:00+00:00,-1931.0
2023-03-19 01:00:00+00:00,-2077.0
2023-03-19 01:15:00+00:00,-2250.0
2023-03-19 01:30:00+00:00,-2124.0
2023-03-19 01:45:00+00:00,-1829.0
2023-03-19 02:00:00+00:00,-751.0
2023-03-19 02:15:00+00:00,-301.0
2023-03-19 02:30:00+00:00,14.0
2023-03-19 02:45:00+00:00,-141.0
2023-03-19 03:00:00+00:00,309.0
2023-03-19 03:15:00+00:00,-908.0
2023-03-19 03:30:00+00:00,-2447.0
2023-03-19 03:45:00+00:00,-4021.0
2023-03-19 04:00:00+00:00,-6210.0
2023-03-19 04:15:00+00:00,-6882.0
2023-03-19 04:30:00+00:00,-6014.0
2023-03-19 04:45:00+00:00,-5766.0
2023-03-19 05:00:00+00:00,-5675.0
2023-03-19 05:15:00+00:00,-4264.0
2023-03-19 05:30:00+00:00,-3268.0
2023-03-19 05:45:00+00:00,-3266.0
2023-03-19 06:00:00+00:00,-3063.0
2023-03-19 06:15:00+00:00,-3095.0
2023-03-19 06:30:00+00:00,-2982.0
2023-03-19 06:45:00+00:00,-3276.0
2023-03-19 07:00:00+00:00,-4295.0
2023-03-19 07:15:00+00:00,-6867.0
2023-03-19 07:30:00+00:00,-7923.0
2023-03-19 07:45:00+00:00,-8082.0
2023-03-19 08:00:00+00:00,-7965.0
2023-03-19 08:15:00+00:00,-8014.0
2023-03-19 08:30:00+00:00,-7253.0
2023-03-19 08:45:00+00:00,-6834.0
2023-03-19 09:00:00+00:00,-6822.0
2023-03-19 09:15:00+00:00,-8338.0
2023-03-19 09:30:00+00:00,-7771.0
2023-03-19 09:45:00+00:00,-7945.0
2023-03-19 10:00:00+00:00,-7991.0
2023-03-19 10:15:00+00:00,-7277.0
2023-03-19 10:30:00+00:00,-7608.0
2023-03-19 10:45:00+00:00,-7563.0
2023-03-19 11:00:00+00:00,-7582.0
2023-03-19 11:15:00+00:00,-7728.0
2023-03-19 11:30:00+00:00,-7210.0
2023-03-19 11:45:00+00:00,-6914.0
2023-03-19 12:00:00+00:00,-6976.0
2023-03-19 12:15:00+00:00,-7060.0
2023-03-19 12:30:00+00:00,-7160.0
2023-03-19 12:45:00+00:00,-6974.0
2023-03-19 13:00:00+00:00,-6759.0
2023-03-19 13:15:00+00:00,-6658.0
2023-03-19 13:30:00+00:00,-7436.0
2023-03-19 13:45:00+00:00,-8099.0
2023-03-19 14:00:00+00:00,-7628.0
2023-03-19 14:15:00+00:00,-7083.0
2023-03-19 14:30:00+00:00,-7058.0
2023-03-19 14:45:00+00:00,-6845.0
2023-03-19 15:00:00+00:00,-6699.0
2023-03-19 15:15:00+00:00,-7022.0
2023-03-19 15:30:00+00:00,-7184.0
2023-03-19 15:45:00+00:00,-6645.0
2023-03-19 16:00:00+00:00,-6267.0
2023-03-19 16:15:00+00:00,-5365.0
2023-03-19 16:30:00+00:00,-5877.0
2023-03-19 16:45:00+00:00,-6174.0
2023-03-19 17:00:00+00:00,-6215.0
2023-03-19 17:15:00+00:00,-5858.0
2023-03-19 17:30:00+00:00,-5589.0
2023-03-19 17:45:00+00:00,-5985.0
2023-03-19 18:00:00+00:00,-6060.0
2023-03-19 18:15:00+00:00,-6701.0
2023-03-19 18:30:00+00:00,-6963.0
2023-03-19 18:45:00+00:00,-7029.0
2023-03-19 19:00:00+00:00,-6586.0
2023-03-19 19:15:00+00:00,-6959.0
2023-03-19 19:30:00+00:00,-7557.0
2023-03-19 19:45:00+00:00,-7491.0
2023-03-19 20:00:00+00:00,-6978.0
2023-03-19 20:15:00+00:00,-7340.0
2023-03-19 20:30:00+00:00,-6977.0
2023-03-19 20:45:00+00:00,-7353.0
2023-03-19 21:00:00+00:00,-7837.0
2023-03-19 21:15:00+00:00,-7846.0
2023-03-19 21:30:00+00:00,-7413.0
2023-03-19 21:45:00+00:00,-7734.0
2023-03-19 22:00:00+00:00,-8060.0
2023-03-19 22:15:00+00:00,-8018.0
2023-03-19 22:30:00+00:00,-7920.0
2023-03-19 22:45:00+00:00,-7869.0
2023-03-19 23:00:00+00:00,-7580.0
2023-03-19 23:15:00+00:00,-7612.0
2023-03-19 23:30:00+00:00,-6771.0
2023-03-19 23:45:00+00:00,-6538.0
2023-03-20 00:00:00+00:00,-6574.0
2023-03-20 00:15:00+00:00,-6821.0
2023-03-20 00:30:00+00:00,-6737.0
2023-03-20 00:45:00+00:00,-6786.0
2023-03-20 01:00:00+00:00,-6765.0
2023-03-20 01:15:00+00:00,-6735.0
2023-03-20 01:30:00+00:00,-7506.0
2023-03-20 01:45:00+00:00,-7013.0
2023-03-20 02:00:00+00:00,-6704.0
2023-03-20 02:15:00+00:00,-6953.0
2023-03-20 02:30:00+00:00,-7139.0
2023-03-20 02:45:00+00:00,-7617.0
2023-03-20 03:00:00+00:00,-8088.0
2023-03-20 03:15:00+00:00,-8143.0
2023-03-20 03:30:00+00:00,-8589.0
2023-03-20 03:45:00+00:00,-8712.0
2023-03-20 04:00:00+00:00,-8492.0
2023-03-20 04:15:00+00:00,-7952.0
2023-03-20 04:30:00+00:00,-8441.0
2023-03-20 04:45:00+00:00,-8007.0
2023-03-20 05:00:00+00:00,-7877.0
2023-03-20 05:15:00+00:00,-7466.0
2023-03-20 05:30:00+00:00,-7049.0
2023-03-20 05:45:00+00:00,-7571.0
2023-03-20 06:00:00+00:00,-6810.0
2023-03-20 06:15:00+00:00,-6717.0
2023-03-20 06:30:00+00:00,-6287.0
2023-03-20 06:45:00+00:00,-6074.0
2023-03-20 07:00:00+00:00,-6567.0
2023-03-20 07:15:00+00:00,-6948.0
2023-03-20 07:30:00+00:00,-7866.0
2023-03-20 07:45:00+00:00,-8182.0
2023-03-20 08:00:00+00:00,-8228.0
2023-03-20 08:15:00+00:00,-8188.0
2023-03-20 08:30:00+00:00,-8060.0
2023-03-20 08:45:00+00:00,-7197.0
2023-03-20 09:00:00+00:00,-7265.0
2023-03-20 09:15:00+00:00,-6841.0
2023-03-20 09:30:00+00:00,-8455.0
2023-03-20 09:45:00+00:00,-8737.0
2023-03-20 10:00:00+00:00,-8615.0
2023-03-20 10:15:00+00:00,-8246.0
2023-03-20 10:30:00+00:00,-8425.0
2023-03-20 10:45:00+00:00,-8227.0
2023-03-20 11:00:00+00:00,-7869.0
2023-03-20 11:15:00+00:00,-8140.0
2023-03-20 11:30:00+00:00,-6251.0
2023-03-20 11:45:00+00:00,-4608.0
2023-03-20 12:00:00+00:00,-4292.0
2023-03-20 12:15:00+00:00,-3928.0
2023-03-20 12:30:00+00:00,-3837.0
2023-03-20 12:45:00+00:00,-4396.0
2023-03-20 13:00:00+00:00,-4630.0
2023-03-20 13:15:00+00:00,-4955.0
2023-03-20 13:30:00+00:00,-4793.0
2023-03-20 13:45:00+00:00,-4487.0
2023-03-20 14:00:00+00:00,-4212.0
2023-03-20 14:15:00+00:00,-3044.0
2023-03-20 14:30:00+00:00,-2473.0
2023-03-20 14:45:00+00:00,-1960.0
2023-03-20 15:00:00+00:00,-2406.0
2023-03-20 15:15:00+00:00,-3153.0
2023-03-20 15:30:00+00:00,-4140.0
2023-03-20 15:45:00+00:00,-6123.0
2023-03-20 16:00:00+00:00,-7598.0
2023-03-20 16:15:00+00:00,-7473.0
2023-03-20 16:30:00+00:00,-7420.0
2023-03-20 16:45:00+00:00,-7904.0
2023-03-20 17:00:00+00:00,-8023.0
2023-03-20 17:15:00+00:00,-6789.0
2023-03-20 17:30:00+00:00,-5608.0
2023-03-20 17:45:00+00:00,-3670.0
2023-03-20 18:00:00+00:00,-2397.0
2023-03-20 18:15:00+00:00,-2076.0
2023-03-20 18:30:00+00:00,-2264.0
2023-03-20 18:45:00+00:00,-2183.0
2023-03-20 19:00:00+00:00,-2891.0
2023-03-20 19:15:00+00:00,-3137.0
2023-03-20 19:30:00+00:00,-3498.0
2023-03-20 19:45:00+00:00,-4866.0
2023-03-20 20:00:00+00:00,-5521.0
2023-03-20 20:15:00+00:00,-4862.0
2023-03-20 20:30:00+00:00,-4375.0
2023-03-20 20:45:00+00:00,-3000.0
2023-03-20 21:00:00+00:00,-2764.0
2023-03-20 21:15:00+00:00,-3263.0
2023-03-20 21:30:00+00:00,-4156.0
2023-03-20 21:45:00+00:00,-5161.0
2023-03-20 22:00:00+00:00,-6469.0
2023-03-20 22:15:00+00:00,-6956.0
2023-03-20 22:30:00+00:00,-7567.0
2023-03-20 22:45:00+00:00,-7818.0
2023-03-20 23:00:00+00:00,-7438.0
2023-03-20 23:15:00+00:00,-6374.0
2023-03-20 23:30:00+00:00,-4310.0
2023-03-20 23:45:00+00:00,-3022.0
2023-03-21 00:00:00+00:00,-2416.0
2023-03-21 00:15:00+00:00,-2193.0
2023-03-21 00:30:00+00:00,-2649.0
2023-03-21 00:45:00+00:00,-3177.0
2023-03-21 01:00:00+00:00,-4178.0
2023-03-21 01:15:00+00:00,-7078.0
2023-03-21 01:30:00+00:00,-6777.0
2023-03-21 01:45:00+00:00,-6896.0
2023-03-21 02:00:00+00:00,-6638.0
2023-03-21 02:15:00+00:00,-6718.0
2023-03-21 02:30:00+00:00,-6286.0
2023-03-21 02:45:00+00:00,-5456.0
2023-03-21 03:00:00+00:00,-6310.0
2023-03-21 03:15:00+00:00,-7256.0
2023-03-21 03:30:00+00:00,-7805.0
2023-03-21 03:45:00+00:00,-7162.0
2023-03-21 04:00:00+00:00,-7701.0
2023-03-21 04:15:00+00:00,-6809.0
2023-03-21 04:30:00+00:00,-7307.0
2023-03-21 04:45:00+00:00,-7354.0
2023-03-21 05:00:00+00:00,-8052.0
2023-03-21 05:15:00+00:00,-7446.0
2023-03-21 05:30:00+00:00,-6698.0
2023-03-21 05:45:00+00:00,-6668.0
2023-03-21 06:00:00+00:00,-5920.0
2023-03-21 06:15:00+00:00,-5503.0
2023-03-21 06:30:00+00:00,-5200.0
2023-03-21 06:45:00+00:00,-5411.0
2023-03-21 07:00:00+00:00,-6301.0
2023-03-21 07:15:00+00:00,-7121.0
2023-03-21 07:30:00+00:00,-7196.0
2023-03-21 07:45:00+00:00,-7411.0
2023-03-21 08:00:00+00:00,-7561.0
2023-03-21 08:15:00+00:00,-7273.0
2023-03-21 08:30:00+00:00,-7484.0
2023-03-21 08:45:00+00:00,-8044.0
2023-03-21 09:00:00+00:00,-8116.0
2023-03-21 09:15:00+00:00,-7577.0
2023-03-21 09:30:00+00:00,-7721.0
2023-03-21 09:45:00+00:00,-7463.0
2023-03-21 10:00:00+00:00,-7722.0
2023-03-21 10:15:00+00:00,-7512.0
2023-03-21 10:30:00+00:00,-7414.0
2023-03-21 10:45:00+00:00,-7722.0
2023-03-21 11:00:00+00:00,-7550.0
2023-03-21 11:15:00+00:00,-7283.0
2023-03-21 11:30:00+00:00,-6044.0
2023-03-21 11:45:00+00:00,-4914.0
2023-03-21 12:00:00+00:00,-4388.0
2023-03-21 12:15:00+00:00,-4407.0
2023-03-21 12:30:00+00:00,-4306.0
2023-03-21 12:45:00+00:00,-4456.0
2023-03-21 13:00:00+00:00,-5070.0
2023-03-21 13:15:00+00:00,-6953.0
2023-03-21 13:30:00+00:00,-7514.0
2023-03-21 13:45:00+00:00,-7734.0
2023-03-21 14:00:00+00:00,-7355.0
2023-03-21 14:15:00+00:00,-7730.0
2023-03-21 14:30:00+00:00,-6762.0
2023-03-21 14:45:00+00:00,-5886.0
2023-03-21 15:00:00+00:00,-5815.0
2023-03-21 15:15:00+00:00,-6538.0
2023-03-21 15:30:00+00:00,-7021.0
2023-03-21 15:45:00+00:00,-8041.0
2023-03-21 16:00:00+00:00,-8606.0
2023-03-21 16:15:00+00:00,-7647.0
2023-03-21 16:30:00+00:00,-7857.0
2023-03-21 16:45:00+00:00,-7541.0
2023-03-21 17:00:00+00:00,-7837.0
2023-03-21 17:15:00+00:00,-8042.0
2023-03-21 17:30:00+00:00,-7010.0
2023-03-21 17:45:00+00:00,-7817.0
2023-03-21 18:00:00+00:00,-7718.0
2023-03-21 18:15:00+00:00,-7171.0
2023-03-21 18:30:00+00:00,-6942.0
2023-03-21 18:45:00+00:00,-7294.0
2023-03-21 19:00:00+00:00,-7724.0
2023-03-21 19:15:00+00:00,-8393.0
2023-03-21 19:30:00+00:00,-8218.0
2023-03-21 19:45:00+00:00,-8014.0
2023-03-21 20:00:00+00:00,-7434.0
2023-03-21 20:15:00+00:00,-7435.0
2023-03-21 20:30:00+00:00,-7863.0
2023-03-21 20:45:00+00:00,-7298.0
2023-03-21 21:00:00+00:00,-7638.0
2023-03-21 21:15:00+00:00,-7316.0
2023-03-21 21:30:00+00:00,-7367.0
2023-03-21 21:45:00+00:00,-7464.0
2023-03-21 22:00:00+00:00,-7742.0
2023-03-21 22:15:00+00:00,-6028.0
2023-03-21 22:30:00+00:00,-6569.0
2023-03-21 22:45:00+00:00,-6818.0
2023-03-21 23:00:00+00:00,-6749.0
2023-03-21 23:15:00+00:00,-7208.0
2023-03-21 23:30:00+00:00,-6734.0
2023-03-21 23:45:00+00:00,-6035.0
2023-03-22 00:00:00+00:00,-5516.0
2023-03-22 00:15:00+00:00,-5163.0
2023-03-22 00:30:00+00:00,-4848.0
2023-03-22 00:45:00+00:00,-5199.0
2023-03-22 01:00:00+00:00,-5753.0
2023-03-22 01:15:00+00:00,-7562.0
2023-03-22 01:30:00+00:00,-8001.0
2023-03-22 01:45:00+00:00,-7395.0
2023-03-22 02:00:00+00:00,-6703.0
2023-03-22 02:15:00+00:00,-5405.0
2023-03-22 02:30:00+00:00,-5498.0
2023-03-22 02:45:00+00:00,-4577.0
2023-03-22 03:00:00+00:00,-5848.0
2023-03-22 03:15:00+00:00,-7251.0
2023-03-22 03:30:00+00:00,-7193.0
2023-03-22 03:45:00+00:00,-7891.0
2023-03-22 04:00:00+00:00,-7647.0
2023-03-22 04:15:00+00:00,-8087.0
2023-03-22 04:30:00+00:00,-7822.0
2023-03-22 04:45:00+00:00,-7575.0
2023-03-22 05:00:00+00:00,-7867.0
2023-03-22 05:15:00+00:00,-7451.0
2023-03-22 05:30:00+00:00,-5543.0
2023-03-22 05:45:00+00:00,-4493.0
2023-03-22 06:00:00+00:00,-4263.0
2023-03-22 06:15:00+00:00,-4125.0
2023-03-22 06:30:00+00:00,-3766.0
2023-03-22 06:45:00+00:00,-4025.0
2023-03-22 07:00:00+00:00,-4819.0
2023-03-22 07:15:00+00:00,-5915.0
2023-03-22 07:30:00+00:00,-6539.0
2023-03-22 07:45:00+00:00,-6089.0
2023-03-22 08:00:00+00:00,-4718.0
2023-03-22 08:15:00+00:00,-4393.0
2023-03-22 08:30:00+00:00,-3862.0
2023-03-22 08:45:00+00:00,-2759.0
2023-03-22 09:00:00+00:00,-3016.0
2023-03-22 09:15:00+00:00,-3623.0
2023-03-22 09:30:00+00:00,-5847.0
2023-03-22 09:45:00+00:00,-6982.0
2023-03-22 10:00:00+00:00,-8228.0
2023-03-22 10:15:00+00:00,-7610.0
2023-03-22 10:30:00+00:00,-7045.0
2023-03-22 10:45:00+00:00,-7280.0
2023-03-22 11:00:00+00:00,-7508.0
2023-03-22 11:15:00+00:00,-7596.0
2023-03-22 11:30:00+00:00,-6744.0
2023-03-22 11:45:00+00:00,-5706.0
2023-03-22 12:00:00+00:00,-4716.0
2023-03-22 12:15:00+00:00,-4446.0
2023-03-22 12:30:00+00:00,-4340.0
2023-03-22 12:45:00+00:00,-4342.0
2023-03-22 13:00:00+00:00,-4473.0
2023-03-22 13:15:00+00:00,-4933.0
2023-03-22 13:30:00+00:00,-4871.0
2023-03-22 13:45:00+00:00,-4282.0
2023-03-22 14:00:00+00:00,-4265.0
2023-03-22 14:15:00+00:00,-3132.0
2023-03-22 14:30:00+00:00,-2495.0
2023-03-22 14:45:00+00:00,-2681.0
2023-03-22 15:00:00+00:00,-2359.0
2023-03-22 15:15:00+00:00,-3382.0
2023-03-22 15:30:00+00:00,-5285.0
2023-03-22 15:45:00+00:00,-6954.0
2023-03-22 16:00:00+00:00,-7633.0
2023-03-22 16:15:00+00:00,-8036.0
2023-03-22 16:30:00+00:00,-8403.0
2023-03-22 16:45:00+00:00,-8380.0
2023-03-22 17:00:00+00:00,-7824.0
2023-03-22 17:15:00+00:00,-6811.0
2023-03-22 17:30:00+00:00,-5424.0
2023-03-22 17:45:00+00:00,-4079.0
2023-03-22 18:00:00+00:00,-3695.0
2023-03-22 18:15:00+00:00,-3579.0
2023-03-22 18:30:00+00:00,-3512.0
2023-03-22 18:45:00+00:00,-3695.0
2023-03-22 19:00:00+00:00,-5188.0
2023-03-22 19:15:00+00:00,-6705.0
2023-03-22 19:30:00+00:00,-6848.0
2023-03-22 19:45:00+00:00,-6687.0
2023-03-22 20:00:00+00:00,-6688.0
2023-03-22 20:15:00+00:00,-6412.0
2023-03-22 20:30:00+00:00,-6820.0
2023-03-22 20:45:00+00:00,-5532.0
2023-03-22 21:00:00+00:00,-5941.0
2023-03-22 21:15:00+00:00,-6639.0
2023-03-22 21:30:00+00:00,-6543.0
2023-03-22 21:45:00+00:00,-6770.0
2023-03-22 22:00:00+00:00,-6409.0
2023-03-22 22:15:00+00:00,-6875.0
2023-03-22 22:30:00+00:00,-7290.0
2023-03-22 22:45:00+00:00,-7392.0
2023-03-22 23:00:00+00:00,-7298.0
2023-03-22 23:15:00+00:00,-6667.0
2023-03-22 23:30:00+00:00,-5702.0
2023-03-22 23:45:00+00:00,-5492.0
2023-03-23 00:00:00+00:00,-5183.0
2023-03-23 00:15:00+00:00,-5145.0
2023-03-23 00:30:00+00:00,-5910.0
2023-03-23 00:45:00+00:00,-5555.0
2023-03-23 01:00:00+00:00,-6096.0
2023-03-23 01:15:00+00:00,-6751.0
2023-03-23 01:30:00+00:00,-7065.0
2023-03-23 01:45:00+00:00,-7454.0
2023-03-23 02:00:00+00:00,-7425.0
2023-03-23 02:15:00+00:00,-6036.0
2023-03-23 02:30:00+00:00,-5524.0
2023-03-23 02:45:00+00:00,-5261.0
2023-03-23 03:00:00+00:00,-5547.0
2023-03-23 03:15:00+00:00,-5680.0
2023-03-23 03:30:00+00:00,-6160.0
2023-03-23 03:45:00+00:00,-6836.0
2023-03-23 04:00:00+00:00,-7552.0
2023-03-23 04:15:00+00:00,-7585.0
2023-03-23 04:30:00+00:00,-7466.0
2023-03-23 04:45:00+00:00,-7783.0
2023-03-23 05:00:00+00:00,-8019.0
2023-03-23 05:15:00+00:00,-7566.0
2023-03-23 05:30:00+00:00,-7291.0
2023-03-23 05:45:00+00:00,-7557.0
2023-03-23 06:00:00+00:00,-7326.0
2023-03-23 06:15:00+00:00,-7467.0
2023-03-23 06:30:00+00:00,-6611.0
2023-03-23 06:45:00+00:00,-6545.0
2023-03-23 07:00:00+00:00,-6351.0
2023-03-23 07:15:00+00:00,-7065.0
2023-03-23 07:30:00+00:00,-7355.0
2023-03-23 07:45:00+00:00,-7002.0
2023-03-23 08:00:00+00:00,-6890.0
2023-03-23 08:15:00+00:00,-6574.0
2023-03-23 08:30:00+00:00,-6941.0
2023-03-23 08:45:00+00:00,-7102.0
2023-03-23 09:00:00+00:00,-6957.0
2023-03-23 09:15:00+00:00,-6124.0
2023-03-23 09:30:00+00:00,-5777.0
2023-03-23 09:45:00+00:00,-6346.0
2023-03-23 10:00:00+00:00,-6915.0
2023-03-23 10:15:00+00:00,-7673.0
2023-03-23 10:30:00+00:00,-7674.0
2023-03-23 10:45:00+00:00,-7808.0
2023-03-23 11:00:00+00:00,-7665.0
2023-03-23 11:15:00+00:00,-7503.0
2023-03-23 11:30:00+00:00,-6517.0
2023-03-23 11:45:00+00:00,-5997.0
2023-03-23 12:00:00+00:00,-5603.0
2023-03-23 12:15:00+00:00,-5026.0
2023-03-23 12:30:00+00:00,-5031.0
2023-03-23 12:45:00+00:00,-5174.0
2023-03-23 13:00:00+00:00,-5558.0
2023-03-23 13:15:00+00:00,-6347.0
2023-03-23 13:30:00+00:00,-6521.0
2023-03-23 13:45:00+00:00,-6901.0
2023-03-23 14:00:00+00:00,-6596.0
2023-03-23 14:15:00+00:00,-6463.0
2023-03-23 14:30:00+00:00,-6572.0
2023-03-23 14:45:00+00:00,-6111.0
2023-03-23 15:00:00+00:00,-6508.0
2023-03-23 15:15:00+00:00,-6104.0
2023-03-23 15:30:00+00:00,-6927.0
2023-03-23 15:45:00+00:00,-7086.0
2023-03-23 16:00:00+00:00,-6645.0
2023-03-23 16:15:00+00:00,-6815.0
2023-03-23 16:30:00+00:00,-7250.0
2023-03-23 16:45:00+00:00,-6863.0
2023-03-23 17:00:00+00:00,-6629.0
2023-03-23 17:15:00+00:00,-6453.0
2023-03-23 17:30:00+00:00,-5769.0
2023-03-23 17:45:00+00:00,-6407.0
2023-03-23 18:00:00+00:00,-6487.0
2023-03-23 18:15:00+00:00,-6396.0
2023-03-23 18:30:00+00:00,-6391.0
2023-03-23 18:45:00+00:00,-6476.0
2023-03-23 19:00:00+00:00,-6269.0
2023-03-23 19:15:00+00:00,-6600.0
2023-03-23 19:30:00+00:00,-6644.0
2023-03-23 19:45:00+00:00,-6179.0
2023-03-23 20:00:00+00:00,-6451.0
2023-03-23 20:15:00+00:00,-6410.0
2023-03-23 20:30:00+00:00,-5497.0
2023-03-23 20:45:00+00:00,-4962.0
2023-03-23 21:00:00+00:00,-4981.0
2023-03-23 21:15:00+00:00,-5922.0
2023-03-23 21:30:00+00:00,-5922.0
2023-03-23 21:45:00+00:00,-5866.0
2023-03-23 22:00:00+00:00,-6593.0
2023-03-23 22:15:00+00:00,-6598.0
2023-03-23 22:30:00+00:00,-6183.0
2023-03-23 22:45:00+00:00,-6710.0
2023-03-23 23:00:00+00:00,-6358.0
2023-03-23 23:15:00+00:00,-6969.0
2023-03-23 23:30:00+00:00,-6297.0
2023-03-23 23:45:00+00:00,-5860.0
2023-03-24 00:00:00+00:00,-5437.0
2023-03-24 00:15:00+00:00,-5542.0
2023-03-24 00:30:00+00:00,-5709.0
2023-03-24 00:45:00+00:00,-5628.0
2023-03-24 01:00:00+00:00,-5387.0
2023-03-24 01:15:00+00:00,-5680.0
2023-03-24 01:30:00+00:00,-6690.0
2023-03-24 01:45:00+00:00,-7469.0
2023-03-24 02:00:00+00:00,-6751.0
2023-03-24 02:15:00+00:00,-5330.0
2023-03-24 02:30:00+00:00,-4540.0
2023-03-24 02:45:00+00:00,-3558.0
2023-03-24 03:00:00+00:00,-3608.0
2023-03-24 03:15:00+00:00,-4252.0
2023-03-24 03:30:00+00:00,-6091.0
2023-03-24 03:45:00+00:00,-7350.0
2023-03-24 04:00:00+00:00,-7847.0
2023-03-24 04:15:00+00:00,-7563.0
2023-03-24 04:30:00+00:00,-7085.0
2023-03-24 04:45:00+00:00,-7131.0
2023-03-24 05:00:00+00:00,-6983.0
2023-03-24 05:15:00+00:00,-6611.0
2023-03-24 05:30:00+00:00,-5688.0
2023-03-24 05:45:00+00:00,-4274.0
2023-03-24 06:00:00+00:00,-4085.0
2023-03-24 06:15:00+00:00,-3453.0
2023-03-24 06:30:00+00:00,-3739.0
2023-03-24 06:45:00+00:00,-4110.0
2023-03-24 07:00:00+00:00,-4663.0
2023-03-24 07:15:00+00:00,-5444.0
2023-03-24 07:30:00+00:00,-5437.0
2023-03-24 07:45:00+00:00,-4735.0
2023-03-24 08:00:00+00:00,-4243.0
2023-03-24 08:15:00+00:00,-3708.0
2023-03-24 08:30:00+00:00,-3006.0
2023-03-24 08:45:00+00:00,-2812.0
2023-03-24 09:00:00+00:00,-3266.0
2023-03-24 09:15:00+00:00,-4493.0
2023-03-24 09:30:00+00:00,-6682.0
2023-03-24 09:45:00+00:00,-7713.0
2023-03-24 10:00:00+00:00,-7507.0
2023-03-24 10:15:00+00:00,-7383.0
2023-03-24 10:30:00+00:00,-7580.0
2023-03-24 10:45:00+00:00,-7887.0
2023-03-24 11:00:00+00:00,-7374.0
2023-03-24 11:15:00+00:00,-7331.0
2023-03-24 11:30:00+00:00,-6770.0
2023-03-24 11:45:00+00:00,-6422.0
2023-03-24 12:00:00+00:00,-6475.0
2023-03-24 12:15:00+00:00,-6699.0
2023-03-24 12:30:00+00:00,-6845.0
2023-03-24 12:45:00+00:00,-6867.0
2023-03-24 13:00:00+00:00,-6806.0
2023-03-24 13:15:00+00:00,-6926.0
2023-03-24 13:30:00+00:00,-7084.0
2023-03-24 13:45:00+00:00,-6912.0
2023-03-24 14:00:00+00:00,-6859.0
2023-03-24 14:15:00+00:00,-6934.0
2023-03-24 14:30:00+00:00,-6936.0
2023-03-24 14:45:00+00:00,-6856.0
2023-03-24 15:00:00+00:00,-7209.0
2023-03-24 15:15:00+00:00,-6880.0
2023-03-24 15:30:00+00:00,-7781.0
2023-03-24 15:45:00+00:00,-7175.0
2023-03-24 16:00:00+00:00,-6961.0
2023-03-24 16:15:00+00:00,-6875.0
2023-03-24 16:30:00+00:00,-7172.0
2023-03-24 16:45:00+00:00,-6926.0
2023-03-24 17:00:00+00:00,-7367.0
2023-03-24 17:15:00+00:00,-7217.0
2023-03-24 17:30:00+00:00,-6502.0
2023-03-24 17:45:00+00:00,-6056.0
2023-03-24 18:00:00+00:00,-5973.0
2023-03-24 18:15:00+00:00,-5194.0
2023-03-24 18:30:00+00:00,-5128.0
2023-03-24 18:45:00+00:00,-5087.0
2023-03-24 19:00:00+00:00,-5741.0
2023-03-24 19:15:00+00:00,-6806.0
2023-03-24 19:30:00+00:00,-7273.0
2023-03-24 19:45:00+00:00,-7358.0
2023-03-24 20:00:00+00:00,-6656.0
2023-03-24 20:15:00+00:00,-6162.0
2023-03-24 20:30:00+00:00,-5564.0
2023-03-24 20:45:00+00:00,-3728.0
2023-03-24 21:00:00+00:00,-3556.0
2023-03-24 21:15:00+00:00,-4648.0
2023-03-24 21:30:00+00:00,-4644.0
2023-03-24 21:45:00+00:00,-4876.0
2023-03-24 22:00:00+00:00,-3654.0
2023-03-24 22:15:00+00:00,-3533.0
2023-03-24 22:30:00+00:00,-4991.0
2023-03-24 22:45:00+00:00,-6528.0
2023-03-24 23:00:00+00:00,-6789.0
2023-03-24 23:15:00+00:00,-6374.0
2023-03-24 23:30:00+00:00,-5857.0
2023-03-24 23:45:00+00:00,-5193.0
2023-03-25 00:00:00+00:00,-4877.0
2023-03-25 00:15:00+00:00,-4718.0
2023-03-25 00:30:00+00:00,-4664.0
2023-03-25 00:45:00+00:00,-4640.0
2023-03-25 01:00:00+00:00,-4987.0
2023-03-25 01:15:00+00:00,-6114.0
2023-03-25 01:30:00+00:00,-6271.0
2023-03-25 01:45:00+00:00,-6721.0
2023-03-25 02:00:00+00:00,-5694.0
2023-03-25 02:15:00+00:00,-4816.0
2023-03-25 02:30:00+00:00,-4583.0
2023-03-25 02:45:00+00:00,-3129.0
2023-03-25 03:00:00+00:00,-3208.0
2023-03-25 03:15:00+00:00,-3916.0
2023-03-25 03:30:00+00:00,-3552.0
2023-03-25 03:45:00+00:00,-2569.0
2023-03-25 04:00:00+00:00,-1075.0
2023-03-25 04:15:00+00:00,-1089.0
2023-03-25 04:30:00+00:00,-2331.0
2023-03-25 04:45:00+00:00,-2541.0
2023-03-25 05:00:00+00:00,-3793.0
2023-03-25 05:15:00+00:00,-5105.0
2023-03-25 05:30:00+00:00,-5286.0
2023-03-25 05:45:00+00:00,-4197.0
2023-03-25 06:00:00+00:00,-3908.0
2023-03-25 06:15:00+00:00,-4275.0
2023-03-25 06:30:00+00:00,-4509.0
2023-03-25 06:45:00+00:00,-4551.0
2023-03-25 07:00:00+00:00,-4151.0
2023-03-25 07:15:00+00:00,-3460.0
2023-03-25 07:30:00+00:00,-1395.0
2023-03-25 07:45:00+00:00,-1702.0
2023-03-25 08:00:00+00:00,-1768.0
2023-03-25 08:15:00+00:00,-2742.0
2023-03-25 08:30:00+00:00,-3075.0
2023-03-25 08:45:00+00:00,-2021.0
2023-03-25 09:00:00+00:00,-2570.0
2023-03-25 09:15:00+00:00,-2807.0
2023-03-25 09:30:00+00:00,-2508.0
2023-03-25 09:45:00+00:00,-940.0
2023-03-25 10:00:00+00:00,-80.0
2023-03-25 10:15:00+00:00,151.0
2023-03-25 10:30:00+00:00,-568.0
2023-03-25 10:45:00+00:00,-1334.0
2023-03-25 11:00:00+00:00,-2445.0
2023-03-25 11:15:00+00:00,-3168.0
2023-03-25 11:30:00+00:00,-4131.0
2023-03-25 11:45:00+00:00,-3087.0
2023-03-25 12:00:00+00:00,-2569.0
2023-03-25 12:15:00+00:00,-2416.0
2023-03-25 12:30:00+00:00,-3109.0
2023-03-25 12:45:00+00:00,-2718.0
2023-03-25 13:00:00+00:00,-2744.0
2023-03-25 13:15:00+00:00,-2303.0
2023-03-25 13:30:00+00:00,-1505.0
2023-03-25 13:45:00+00:00,-1096.0
2023-03-25 14:00:00+00:00,-437.0
2023-03-25 14:15:00+00:00,-887.0
2023-03-25 14:30:00+00:00,-707.0
2023-03-25 14:45:00+00:00,127.0
2023-03-25 15:00:00+00:00,-526.0
2023-03-25 15:15:00+00:00,-1167.0
2023-03-25 15:30:00+00:00,-1063.0
2023-03-25 15:45:00+00:00,-530.0
2023-03-25 16:00:00+00:00,-68.0
2023-03-25 16:15:00+00:00,-31.0
2023-03-25 16:30:00+00:00,-352.0
2023-03-25 16:45:00+00:00,-91.0
2023-03-25 17:00:00+00:00,-1422.0
2023-03-25 17:15:00+00:00,-3058.0
2023-03-25 17:30:00+00:00,-2924.0
2023-03-25 17:45:00+00:00,-3677.0
2023-03-25 18:00:00+00:00,-2907.0
2023-03-25 18:15:00+00:00,-2906.0
2023-03-25 18:30:00+00:00,-2626.0
2023-03-25 18:45:00+00:00,-2291.0
2023-03-25 19:00:00+00:00,-2442.0
2023-03-25 19:15:00+00:00,-4269.0
2023-03-25 19:30:00+00:00,-5204.0
2023-03-25 19:45:00+00:00,-4849.0
2023-03-25 20:00:00+00:00,-3172.0
2023-03-25 20:15:00+00:00,-2307.0
2023-03-25 20:30:00+00:00,-2105.0
2023-03-25 20:45:00+00:00,-1572.0
2023-03-25 21:00:00+00:00,-1313.0
2023-03-25 21:15:00+00:00,-1218.0
2023-03-25 21:30:00+00:00,-2106.0
2023-03-25 21:45:00+00:00,-990.0
2023-03-25 22:00:00+00:00,-1707.0
2023-03-25 22:15:00+00:00,-2161.0
2023-03-25 22:30:00+00:00,-3055.0
2023-03-25 22:45:00+00:00,-3277.0
2023-03-25 23:00:00+00:00,-4953.0
2023-03-25 23:15:00+00:00,-4328.0
2023-03-25 23:30:00+00:00,-3230.0
2023-03-25 23:45:00+00:00,-3595.0
2023-03-26 00:00:00+00:00,-3104.0
2023-03-26 00:15:00+00:00,-2738.0
2023-03-26 00:30:00+00:00,-2904.0
2023-03-26 00:45:00+00:00,-2936.0
2023-03-26 01:00:00+00:00,-3623.0
2023-03-26 01:15:00+00:00,-4365.0
2023-03-26 01:30:00+00:00,-4714.0
2023-03-26 01:45:00+00:00,-5345.0
2023-03-26 02:00:00+00:00,-5342.0
2023-03-26 02:15:00+00:00,-4454.0
2023-03-26 02:30:00+00:00,-3969.0
2023-03-26 02:45:00+00:00,-3562.0
2023-03-26 03:00:00+00:00,-3158.0
2023-03-26 03:15:00+00:00,-3741.0
2023-03-26 03:30:00+00:00,-4772.0
2023-03-26 03:45:00+00:00,-5135.0
2023-03-26 04:00:00+00:00,-5641.0
2023-03-26 04:15:00+00:00,-6502.0
2023-03-26 04:30:00+00:00,-7056.0
2023-03-26 04:45:00+00:00,-7190.0
2023-03-26 05:00:00+00:00,-7000.0
2023-03-26 05:15:00+00:00,-6445.0
2023-03-26 05:30:00+00:00,-6311.0
2023-03-26 05:45:00+00:00,-5450.0
2023-03-26 06:00:00+00:00,-5080.0
2023-03-26 06:15:00+00:00,-4679.0
2023-03-26 06:30:00+00:00,-4509.0
2023-03-26 06:45:00+00:00,-4889.0
2023-03-26 07:00:00+00:00,-5371.0
2023-03-26 07:15:00+00:00,-6524.0
2023-03-26 07:30:00+00:00,-6070.0
2023-03-26 07:45:00+00:00,-6219.0
2023-03-26 08:00:00+00:00,-5988.0
2023-03-26 08:15:00+00:00,-6397.0
2023-03-26 08:30:00+00:00,-6287.0
2023-03-26 08:45:00+00:00,-5361.0
2023-03-26 09:00:00+00:00,-6050.0
2023-03-26 09:15:00+00:00,-6521.0
2023-03-26 09:30:00+00:00,-6965.0
2023-03-26 09:45:00+00:00,-6997.0
2023-03-26 10:00:00+00:00,-6502.0
2023-03-26 10:15:00+00:00,-6821.0
2023-03-26 10:30:00+00:00,-6902.0
2023-03-26 10:45:00+00:00,-6989.0
2023-03-26 11:00:00+00:00,-6999.0
2023-03-26 11:15:00+00:00,-6632.0
2023-03-26 11:30:00+00:00,-5904.0
2023-03-26 11:45:00+00:00,-5214.0
2023-03-26 12:00:00+00:00,-4864.0
2023-03-26 12:15:00+00:00,-4563.0
2023-03-26 12:30:00+00:00,-4675.0
2023-03-26 12:45:00+00:00,-4375.0
2023-03-26 13:00:00+00:00,-4308.0
2023-03-26 13:15:00+00:00,-5834.0
2023-03-26 13:30:00+00:00,-5264.0
2023-03-26 13:45:00+00:00,-4862.0
2023-03-26 14:00:00+00:00,-4930.0
2023-03-26 14:15:00+00:00,-5149.0
2023-03-26 14:30:00+00:00,-4364.0
2023-03-26 14:45:00+00:00,-3742.0
2023-03-26 15:00:00+00:00,-3193.0
2023-03-26 15:15:00+00:00,-4332.0
2023-03-26 15:30:00+00:00,-4811.0
2023-03-26 15:45:00+00:00,-5074.0
2023-03-26 16:00:00+00:00,-6385.0
2023-03-26 16:15:00+00:00,-5588.0
2023-03-26 16:30:00+00:00,-5969.0
2023-03-26 16:45:00+00:00,-6045.0
2023-03-26 17:00:00+00:00,-6974.0
2023-03-26 17:15:00+00:00,-6814.0
2023-03-26 17:30:00+00:00,-6053.0
2023-03-26 17:45:00+00:00,-6180.0
2023-03-26 18:00:00+00:00,-5617.0
2023-03-26 18:15:00+00:00,-4916.0
2023-03-26 18:30:00+00:00,-4926.0
2023-03-26 18:45:00+00:00,-5382.0
2023-03-26 19:00:00+00:00,-5348.0
2023-03-26 19:15:00+00:00,-5997.0
2023-03-26 19:30:00+00:00,-3623.0
2023-03-26 19:45:00+00:00,-2327.0
2023-03-26 20:00:00+00:00,-2005.0
2023-03-26 20:15:00+00:00,-1609.0
2023-03-26 20:30:00+00:00,-292.0
2023-03-26 20:45:00+00:00,275.0
2023-03-26 21:00:00+00:00,-665.0
2023-03-26 21:15:00+00:00,-1909.0
2023-03-26 21:30:00+00:00,-2796.0
2023-03-26 21:45:00+00:00,-2841.0
2023-03-26 22:00:00+00:00,-2555.0
2023-03-26 22:15:00+00:00,-2801.0
2023-03-26 22:30:00+00:00,-3129.0
2023-03-26 22:45:00+00:00,-4294.0
2023-03-26 23:00:00+00:00,-7324.0
2023-03-26 23:15:00+00:00,-6874.0
2023-03-26 23:30:00+00:00,-6322.0
2023-03-26 23:45:00+00:00,-6390.0
2023-03-27 00:00:00+00:00,-6455.0
2023-03-27 00:15:00+00:00,-6394.0
2023-03-27 00:30:00+00:00,-6429.0
2023-03-27 00:45:00+00:00,-5947.0
2023-03-27 01:00:00+00:00,-5541.0
2023-03-27 01:15:00+00:00,-6043.0
2023-03-27 01:30:00+00:00,-5233.0
2023-03-27 01:45:00+00:00,-4313.0
2023-03-27 02:00:00+00:00,-3579.0
2023-03-27 02:15:00+00:00,-3090.0
2023-03-27 02:30:00+00:00,-2732.0
2023-03-27 02:45:00+00:00,-1805.0
2023-03-27 03:00:00+00:00,-2242.0
2023-03-27 03:15:00+00:00,-3905.0
2023-03-27 03:30:00+00:00,-5237.0
2023-03-27 03:45:00+00:00,-6257.0
2023-03-27 04:00:00+00:00,-6265.0
2023-03-27 04:15:00+00:00,-6621.0
2023-03-27 04:30:00+00:00,-6853.0
2023-03-27 04:45:00+00:00,-6604.0
2023-03-27 05:00:00+00:00,-6844.0
2023-03-27 05:15:00+00:00,-7076.0
2023-03-27 05:30:00+00:00,-6215.0
2023-03-27 05:45:00+00:00,-6156.0
2023-03-27 06:00:00+00:00,-6030.0
2023-03-27 06:15:00+00:00,-6040.0
2023-03-27 06:30:00+00:00,-5946.0
2023-03-27 06:45:00+00:00,-5853.0
2023-03-27 07:00:00+00:00,-6062.0
2023-03-27 07:15:00+00:00,-6044.0
2023-03-27 07:30:00+00:00,-6185.0
2023-03-27 07:45:00+00:00,-4931.0
2023-03-27 08:00:00+00:00,-4632.0
2023-03-27 08:15:00+00:00,-4583.0
2023-03-27 08:30:00+00:00,-4514.0
2023-03-27 08:45:00+00:00,-4844.0
2023-03-27 09:00:00+00:00,-4879.0
2023-03-27 09:15:00+00:00,-5340.0
2023-03-27 09:30:00+00:00,-4811.0
2023-03-27 09:45:00+00:00,-5882.0
2023-03-27 10:00:00+00:00,-6278.0
2023-03-27 10:15:00+00:00,-6939.0
2023-03-27 10:30:00+00:00,-7755.0
2023-03-27 10:45:00+00:00,-7478.0
2023-03-27 11:00:00+00:00,-7969.0
2023-03-27 11:15:00+00:00,-7560.0
2023-03-27 11:30:00+00:00,-7629.0
2023-03-27 11:45:00+00:00,-5715.0
2023-03-27 12:00:00+00:00,-5707.0
2023-03-27 12:15:00+00:00,-5634.0
2023-03-27 12:30:00+00:00,-5858.0
2023-03-27 12:45:00+00:00,-5660.0
2023-03-27 13:00:00+00:00,-5612.0
2023-03-27 13:15:00+00:00,-5673.0
2023-03-27 13:30:00+00:00,-6092.0
2023-03-27 13:45:00+00:00,-5248.0
2023-03-27 14:00:00+00:00,-5104.0
2023-03-27 14:15:00+00:00,-4606.0
2023-03-27 14:30:00+00:00,-4601.0
2023-03-27 14:45:00+00:00,-5038.0
2023-03-27 15:00:00+00:00,-5359.0
2023-03-27 15:15:00+00:00,-6014.0
2023-03-27 15:30:00+00:00,-6473.0
2023-03-27 15:45:00+00:00,-7720.0
2023-03-27 16:00:00+00:00,-7429.0
2023-03-27 16:15:00+00:00,-7515.0
2023-03-27 16:30:00+00:00,-6908.0
2023-03-27 16:45:00+00:00,-7362.0
2023-03-27 17:00:00+00:00,-7777.0
2023-03-27 17:15:00+00:00,-7727.0
2023-03-27 17:30:00+00:00,-7495.0
2023-03-27 17:45:00+00:00,-6020.0
2023-03-27 18:00:00+00:00,-5930.0
2023-03-27 18:15:00+00:00,-5868.0
2023-03-27 18:30:00+00:00,-5488.0
2023-03-27 18:45:00+00:00,-5122.0
2023-03-27 19:00:00+00:00,-5019.0
2023-03-27 19:15:00+00:00,-5742.0
2023-03-27 19:30:00+00:00,-6261.0
2023-03-27 19:45:00+00:00,-6367.0
2023-03-27 20:00:00+00:00,-6368.0
2023-03-27 20:15:00+00:00,-6028.0
2023-03-27 20:30:00+00:00,-5048.0
2023-03-27 20:45:00+00:00,-4335.0
2023-03-27 21:00:00+00:00,-3657.0
2023-03-27 21:15:00+00:00,-5065.0
2023-03-27 21:30:00+00:00,-6446.0
2023-03-27 21:45:00+00:00,-6942.0
2023-03-27 22:00:00+00:00,-7454.0
2023-03-27 22:15:00+00:00,-7751.0
2023-03-27 22:30:00+00:00,-8120.0
2023-03-27 22:45:00+00:00,-7815.0
2023-03-27 23:00:00+00:00,-7833.0
2023-03-27 23:15:00+00:00,-7724.0
2023-03-27 23:30:00+00:00,-7240.0
2023-03-27 23:45:00+00:00,-6250.0
2023-03-28 00:00:00+00:00,-5598.0
2023-03-28 00:15:00+00:00,-5394.0
2023-03-28 00:30:00+00:00,-5645.0
2023-03-28 00:45:00+00:00,-6246.0
2023-03-28 01:00:00+00:00,-7246.0
2023-03-28 01:15:00+00:00,-7399.0
2023-03-28 01:30:00+00:00,-6785.0
2023-03-28 01:45:00+00:00,-6977.0
2023-03-28 02:00:00+00:00,-6974.0
2023-03-28 02:15:00+00:00,-7058.0
2023-03-28 02:30:00+00:00,-7146.0
2023-03-28 02:45:00+00:00,-6344.0
2023-03-28 03:00:00+00:00,-5926.0
2023-03-28 03:15:00+00:00,-5982.0
2023-03-28 03:30:00+00:00,-7026.0
2023-03-28 03:45:00+00:00,-7013.0
2023-03-28 04:00:00+00:00,-7017.0
2023-03-28 04:15:00+00:00,-7037.0
2023-03-28 04:30:00+00:00,-7053.0
2023-03-28 04:45:00+00:00,-7379.0
2023-03-28 05:00:00+00:00,-7735.0
2023-03-28 05:15:00+00:00,-7426.0
2023-03-28 05:30:00+00:00,-6826.0
2023-03-28 05:45:00+00:00,-6146.0
2023-03-28 06:00:00+00:00,-5300.0
2023-03-28 06:15:00+00:00,-4995.0
2023-03-28 06:30:00+00:00,-5056.0
2023-03-28 06:45:00+00:00,-5443.0
2023-03-28 07:00:00+00:00,-5304.0
2023-03-28 07:15:00+00:00,-6025.0
2023-03-28 07:30:00+00:00,-6358.0
2023-03-28 07:45:00+00:00,-6114.0
2023-03-28 08:00:00+00:00,-6284.0
2023-03-28 08:15:00+00:00,-5985.0
2023-03-28 08:30:00+00:00,-5195.0
2023-03-28 08:45:00+00:00,-4224.0
2023-03-28 09:00:00+00:00,-5156.0
2023-03-28 09:15:00+00:00,-6168.0
2023-03-28 09:30:00+00:00,-6121.0
2023-03-28 09:45:00+00:00,-6623.0
2023-03-28 10:00:00+00:00,-7116.0
2023-03-28 10:15:00+00:00,-7002.0
2023-03-28 10:30:00+00:00,-6731.0
2023-03-28 10:45:00+00:00,-7060.0
2023-03-28 11:00:00+00:00,-6542.0
2023-03-28 11:15:00+00:00,-6657.0
2023-03-28 11:30:00+00:00,-7066.0
2023-03-28 11:45:00+00:00,-6746.0
2023-03-28 12:00:00+00:00,-6268.0
2023-03-28 12:15:00+00:00,-5966.0
2023-03-28 12:30:00+00:00,-5697.0
2023-03-28 12:45:00+00:00,-6084.0
2023-03-28 13:00:00+00:00,-6208.0
2023-03-28 13:15:00+00:00,-6217.0
2023-03-28 13:30:00+00:00,-7106.0
2023-03-28 13:45:00+00:00,-7043.0
2023-03-28 14:00:00+00:00,-7094.0
2023-03-28 14:15:00+00:00,-7106.0
2023-03-28 14:30:00+00:00,-6114.0
2023-03-28 14:45:00+00:00,-5544.0
2023-03-28 15:00:00+00:00,-5927.0
2023-03-28 15:15:00+00:00,-5899.0
2023-03-28 15:30:00+00:00,-5615.0
2023-03-28 15:45:00+00:00,-6142.0
2023-03-28 16:00:00+00:00,-6703.0
2023-03-28 16:15:00+00:00,-6611.0
2023-03-28 16:30:00+00:00,-6117.0
2023-03-28 16:45:00+00:00,-6450.0
2023-03-28 17:00:00+00:00,-6368.0
2023-03-28 17:15:00+00:00,-6621.0
2023-03-28 17:30:00+00:00,-6051.0
2023-03-28 17:45:00+00:00,-4223.0
2023-03-28 18:00:00+00:00,-4088.0
2023-03-28 18:15:00+00:00,-4116.0
2023-03-28 18:30:00+00:00,-4000.0
2023-03-28 18:45:00+00:00,-3674.0
2023-03-28 19:00:00+00:00,-3723.0
2023-03-28 19:15:00+00:00,-4044.0
2023-03-28 19:30:00+00:00,-3802.0
2023-03-28 19:45:00+00:00,-2978.0
2023-03-28 20:00:00+00:00,-3583.0
2023-03-28 20:15:00+00:00,-3968.0
2023-03-28 20:30:00+00:00,-3979.0
2023-03-28 20:45:00+00:00,-3427.0
2023-03-28 21:00:00+00:00,-3991.0
2023-03-28 21:15:00+00:00,-5719.0
2023-03-28 21:30:00+00:00,-6728.0
2023-03-28 21:45:00+00:00,-7132.0
2023-03-28 22:00:00+00:00,-6515.0
2023-03-28 22:15:00+00:00,-6288.0
2023-03-28 22:30:00+00:00,-6707.0
2023-03-28 22:45:00+00:00,-6794.0
2023-03-28 23:00:00+00:00,-6935.0
2023-03-28 23:15:00+00:00,-7062.0
2023-03-28 23:30:00+00:00,-6547.0
2023-03-28 23:45:00+00:00,-7795.0
2023-03-29 00:00:00+00:00,-7214.0
2023-03-29 00:15:00+00:00,-6499.0
2023-03-29 00:30:00+00:00,-6311.0
2023-03-29 00:45:00+00:00,-6442.0
2023-03-29 01:00:00+00:00,-7452.0
2023-03-29 01:15:00+00:00,-8569.0
2023-03-29 01:30:00+00:00,-8352.0
2023-03-29 01:45:00+00:00,-8195.0
2023-03-29 02:00:00+00:00,-7999.0
2023-03-29 02:15:00+00:00,-8054.0
2023-03-29 02:30:00+00:00,-7528.0
2023-03-29 02:45:00+00:00,-6040.0
2023-03-29 03:00:00+00:00,-5600.0
2023-03-29 03:15:00+00:00,-6093.0
2023-03-29 03:30:00+00:00,-7204.0
2023-03-29 03:45:00+00:00,-7381.0
2023-03-29 04:00:00+00:00,-7227.0
2023-03-29 04:15:00+00:00,-7990.0
2023-03-29 04:30:00+00:00,-8171.0
2023-03-29 04:45:00+00:00,-7960.0
2023-03-29 05:00:00+00:00,-7779.0
2023-03-29 05:15:00+00:00,-7048.0
2023-03-29 05:30:00+00:00,-6611.0
2023-03-29 05:45:00+00:00,-5234.0
2023-03-29 06:00:00+00:00,-4915.0
2023-03-29 06:15:00+00:00,-5388.0
2023-03-29 06:30:00+00:00,-5184.0
2023-03-29 06:45:00+00:00,-5186.0
2023-03-29 07:00:00+00:00,-5412.0
2023-03-29 07:15:00+00:00,-6602.0
2023-03-29 07:30:00+00:00,-7527.0
2023-03-29 07:45:00+00:00,-7947.0
2023-03-29 08:00:00+00:00,-7255.0
2023-03-29 08:15:00+00:00,-6719.0
2023-03-29 08:30:00+00:00,-5795.0
2023-03-29 08:45:00+00:00,-5138.0
2023-03-29 09:00:00+00:00,-4881.0
2023-03-29 09:15:00+00:00,-5345.0
2023-03-29 09:30:00+00:00,-5991.0
2023-03-29 09:45:00+00:00,-6830.0
2023-03-29 10:00:00+00:00,-6670.0
2023-03-29 10:15:00+00:00,-7644.0
2023-03-29 10:30:00+00:00,-7745.0
2023-03-29 10:45:00+00:00,-7794.0
2023-03-29 11:00:00+00:00,-7294.0
2023-03-29 11:15:00+00:00,-6051.0
2023-03-29 11:30:00+00:00,-5025.0
2023-03-29 11:45:00+00:00,-4907.0
2023-03-29 12:00:00+00:00,-4076.0
2023-03-29 12:15:00+00:00,-3699.0
2023-03-29 12:30:00+00:00,-3576.0
2023-03-29 12:45:00+00:00,-3598.0
2023-03-29 13:00:00+00:00,-3791.0
2023-03-29 13:15:00+00:00,-4591.0
2023-03-29 13:30:00+00:00,-4792.0
2023-03-29 13:45:00+00:00,-4764.0
2023-03-29 14:00:00+00:00,-4247.0
2023-03-29 14:15:00+00:00,-3655.0
2023-03-29 14:30:00+00:00,-3422.0
2023-03-29 14:45:00+00:00,-2841.0
2023-03-29 15:00:00+00:00,-2843.0
2023-03-29 15:15:00+00:00,-3401.0
2023-03-29 15:30:00+00:00,-4789.0
2023-03-29 15:45:00+00:00,-6437.0
2023-03-29 16:00:00+00:00,-7015.0
2023-03-29 16:15:00+00:00,-7065.0
2023-03-29 16:30:00+00:00,-6951.0
2023-03-29 16:45:00+00:00,-7308.0
2023-03-29 17:00:00+00:00,-7634.0
2023-03-29 17:15:00+00:00,-6996.0
2023-03-29 17:30:00+00:00,-5426.0
2023-03-29 17:45:00+00:00,-4570.0
2023-03-29 18:00:00+00:00,-3908.0
2023-03-29 18:15:00+00:00,-3838.0
2023-03-29 18:30:00+00:00,-3556.0
2023-03-29 18:45:00+00:00,-3536.0
2023-03-29 19:00:00+00:00,-4866.0
2023-03-29 19:15:00+00:00,-6866.0
2023-03-29 19:30:00+00:00,-8256.0
2023-03-29 19:45:00+00:00,-8376.0
2023-03-29 20:00:00+00:00,-8043.0
2023-03-29 20:15:00+00:00,-7801.0
2023-03-29 20:30:00+00:00,-8025.0
2023-03-29 20:45:00+00:00,-7514.0
2023-03-29 21:00:00+00:00,-7560.0
2023-03-29 21:15:00+00:00,-7722.0
2023-03-29 21:30:00+00:00,-8238.0
2023-03-29 21:45:00+00:00,-8374.0
2023-03-29 22:00:00+00:00,-8268.0
2023-03-29 22:15:00+00:00,-8136.0
2023-03-29 22:30:00+00:00,-8128.0
2023-03-29 22:45:00+00:00,-8424.0
2023-03-29 23:00:00+00:00,-7595.0
2023-03-29 23:15:00+00:00,-7124.0
2023-03-29 23:30:00+00:00,-6977.0
2023-03-29 23:45:00+00:00,-7004.0
2023-03-30 00:00:00+00:00,-7328.0
2023-03-30 00:15:00+00:00,-7240.0
2023-03-30 00:30:00+00:00,-7148.0
2023-03-30 00:45:00+00:00,-7204.0
2023-03-30 01:00:00+00:00,-6984.0
2023-03-30 01:15:00+00:00,-7205.0
2023-03-30 01:30:00+00:00,-7883.0
2023-03-30 01:45:00+00:00,-7720.0
2023-03-30 02:00:00+00:00,-7543.0
2023-03-30 02:15:00+00:00,-7789.0
2023-03-30 02:30:00+00:00,-7698.0
2023-03-30 02:45:00+00:00,-7437.0
2023-03-30 03:00:00+00:00,-7500.0
2023-03-30 03:15:00+00:00,-7600.0
2023-03-30 03:30:00+00:00,-7863.0
2023-03-30 03:45:00+00:00,-7965.0
2023-03-30 04:00:00+00:00,-8291.0
2023-03-30 04:15:00+00:00,-8390.0
2023-03-30 04:30:00+00:00,-8188.0
2023-03-30 04:45:00+00:00,-8201.0
2023-03-30 05:00:00+00:00,-8551.0
2023-03-30 05:15:00+00:00,-8359.0
2023-03-30 05:30:00+00:00,-7700.0
2023-03-30 05:45:00+00:00,-7717.0
2023-03-30 06:00:00+00:00,-7984.0
2023-03-30 06:15:00+00:00,-7924.0
2023-03-30 06:30:00+00:00,-7811.0
2023-03-30 06:45:00+00:00,-7768.0
2023-03-30 07:00:00+00:00,-7663.0
2023-03-30 07:15:00+00:00,-7636.0
2023-03-30 07:30:00+00:00,-7831.0
2023-03-30 07:45:00+00:00,-8058.0
2023-03-30 08:00:00+00:00,-8030.0
2023-03-30 08:15:00+00:00,-8298.0
2023-03-30 08:30:00+00:00,-8035.0
2023-03-30 08:45:00+00:00,-7639.0
2023-03-30 09:00:00+00:00,-7850.0
2023-03-30 09:15:00+00:00,-8084.0
2023-03-30 09:30:00+00:00,-7973.0
2023-03-30 09:45:00+00:00,-8576.0
2023-03-30 10:00:00+00:00,-8597.0
2023-03-30 10:15:00+00:00,-9051.0
2023-03-30 10:30:00+00:00,-8868.0
2023-03-30 10:45:00+00:00,-8976.0
2023-03-30 11:00:00+00:00,-9296.0
2023-03-30 11:15:00+00:00,-8867.0
2023-03-30 11:30:00+00:00,-8070.0
2023-03-30 11:45:00+00:00,-8219.0
2023-03-30 12:00:00+00:00,-8460.0
2023-03-30 12:15:00+00:00,-8460.0
2023-03-30 12:30:00+00:00,-8425.0
2023-03-30 12:45:00+00:00,-8442.0
2023-03-30 13:00:00+00:00,-8365.0
2023-03-30 13:15:00+00:00,-8411.0
2023-03-30 13:30:00+00:00,-9202.0
2023-03-30 13:45:00+00:00,-8555.0
2023-03-30 14:00:00+00:00,-8488.0
2023-03-30 14:15:00+00:00,-8198.0
2023-03-30 14:30:00+00:00,-8563.0
2023-03-30 14:45:00+00:00,-8643.0
2023-03-30 15:00:00+00:00,-8574.0
2023-03-30 15:15:00+00:00,-8436.0
2023-03-30 15:30:00+00:00,-8490.0
2023-03-30 15:45:00+00:00,-8575.0
2023-03-30 16:00:00+00:00,-8548.0
2023-03-30 16:15:00+00:00,-8668.0
2023-03-30 16:30:00+00:00,-8246.0
2023-03-30 16:45:00+00:00,-8607.0
2023-03-30 17:00:00+00:00,-8535.0
2023-03-30 17:15:00+00:00,-8662.0
2023-03-30 17:30:00+00:00,-7083.0
2023-03-30 17:45:00+00:00,-5296.0
2023-03-30 18:00:00+00:00,-5136.0
2023-03-30 18:15:00+00:00,-5529.0
2023-03-30 18:30:00+00:00,-5754.0
2023-03-30 18:45:00+00:00,-5862.0
2023-03-30 19:00:00+00:00,-6165.0
2023-03-30 19:15:00+00:00,-6891.0
2023-03-30 19:30:00+00:00,-6984.0
2023-03-30 19:45:00+00:00,-6494.0
2023-03-30 20:00:00+00:00,-6744.0
2023-03-30 20:15:00+00:00,-6132.0
2023-03-30 20:30:00+00:00,-5596.0
2023-03-30 20:45:00+00:00,-5152.0
2023-03-30 21:00:00+00:00,-5986.0
2023-03-30 21:15:00+00:00,-6419.0
2023-03-30 21:30:00+00:00,-6250.0
2023-03-30 21:45:00+00:00,-7191.0
2023-03-30 22:00:00+00:00,-7758.0
2023-03-30 22:15:00+00:00,-7925.0
2023-03-30 22:30:00+00:00,-7856.0
2023-03-30 22:45:00+00:00,-7929.0
2023-03-30 23:00:00+00:00,-7159.0
2023-03-30 23:15:00+00:00,-6693.0
2023-03-30 23:30:00+00:00,-6567.0
2023-03-30 23:45:00+00:00,-4957.0
2023-03-31 00:00:00+00:00,-5310.0
2023-03-31 00:15:00+00:00,-4803.0
2023-03-31 00:30:00+00:00,-4336.0
2023-03-31 00:45:00+00:00,-4793.0
2023-03-31 01:00:00+00:00,-5332.0
2023-03-31 01:15:00+00:00,-6550.0
2023-03-31 01:30:00+00:00,-7421.0
2023-03-31 01:45:00+00:00,-6912.0
2023-03-31 02:00:00+00:00,-5931.0
2023-03-31 02:15:00+00:00,-4504.0
2023-03-31 02:30:00+00:00,-3746.0
2023-03-31 02:45:00+00:00,-3398.0
2023-03-31 03:00:00+00:00,-4102.0
2023-03-31 03:15:00+00:00,-5220.0
2023-03-31 03:30:00+00:00,-5635.0
2023-03-31 03:45:00+00:00,-6879.0
2023-03-31 04:00:00+00:00,-8452.0
2023-03-31 04:15:00+00:00,-8885.0
2023-03-31 04:30:00+00:00,-8866.0
2023-03-31 04:45:00+00:00,-7893.0
2023-03-31 05:00:00+00:00,-6998.0
2023-03-31 05:15:00+00:00,-5301.0
2023-03-31 05:30:00+00:00,-4809.0
2023-03-31 05:45:00+00:00,-3684.0
2023-03-31 06:00:00+00:00,-3040.0
2023-03-31 06:15:00+00:00,-2708.0
2023-03-31 06:30:00+00:00,-2777.0
2023-03-31 06:45:00+00:00,-2884.0
2023-03-31 07:00:00+00:00,-2949.0
2023-03-31 07:15:00+00:00,-3929.0
2023-03-31 07:30:00+00:00,-5062.0
2023-03-31 07:45:00+00:00,-4726.0
2023-03-31 08:00:00+00:00,-4568.0
2023-03-31 08:15:00+00:00,-3948.0
2023-03-31 08:30:00+00:00,-2871.0
2023-03-31 08:45:00+00:00,-2770.0
2023-03-31 09:00:00+00:00,-3206.0
2023-03-31 09:15:00+00:00,-3823.0
2023-03-31 09:30:00+00:00,-3546.0
2023-03-31 09:45:00+00:00,-3128.0
2023-03-31 10:00:00+00:00,-3098.0
2023-03-31 10:15:00+00:00,-3226.0
2023-03-31 10:30:00+00:00,-3328.0
2023-03-31 10:45:00+00:00,-3229.0
2023-03-31 11:00:00+00:00,-2925.0
2023-03-31 11:15:00+00:00,-3166.0
2023-03-31 11:30:00+00:00,-3141.0
2023-03-31 11:45:00+00:00,-2839.0
2023-03-31 12:00:00+00:00,-2615.0
2023-03-31 12:15:00+00:00,-2128.0
2023-03-31 12:30:00+00:00,-1568.0
2023-03-31 12:45:00+00:00,-1705.0
2023-03-31 13:00:00+00:00,-2182.0
2023-03-31 13:15:00+00:00,-2805.0
2023-03-31 13:30:00+00:00,-2948.0
2023-03-31 13:45:00+00:00,-2744.0
2023-03-31 14:00:00+00:00,-2265.0
2023-03-31 14:15:00+00:00,-2592.0
2023-03-31 14:30:00+00:00,-2458.0
2023-03-31 14:45:00+00:00,-1900.0
2023-03-31 15:00:00+00:00,-1329.0
2023-03-31 15:15:00+00:00,-1767.0
2023-03-31 15:30:00+00:00,-2420.0
2023-03-31 15:45:00+00:00,-2649.0
2023-03-31 16:00:00+00:00,-2538.0
2023-03-31 16:15:00+00:00,-2930.0
2023-03-31 16:30:00+00:00,-2755.0
2023-03-31 16:45:00+00:00,-3079.0
2023-03-31 17:00:00+00:00,-3128.0
2023-03-31 17:15:00+00:00,-2839.0
2023-03-31 17:30:00+00:00,-3077.0
2023-03-31 17:45:00+00:00,-3226.0
2023-03-31 18:00:00+00:00,-3335.0
2023-03-31 18:15:00+00:00,-3130.0
2023-03-31 18:30:00+00:00,-3095.0
2023-03-31 18:45:00+00:00,-3048.0
2023-03-31 19:00:00+00:00,-3192.0
2023-03-31 19:15:00+00:00,-3161.0
2023-03-31 19:30:00+00:00,-3058.0
2023-03-31 19:45:00+00:00,-2589.0
2023-03-31 20:00:00+00:00,-2931.0
2023-03-31 20:15:00+00:00,-3048.0
2023-03-31 20:30:00+00:00,-2974.0
2023-03-31 20:45:00+00:00,-3243.0
2023-03-31 21:00:00+00:00,-3014.0
2023-03-31 21:15:00+00:00,-2774.0
2023-03-31 21:30:00+00:00,-3101.0
2023-03-31 21:45:00+00:00,-3101.0
2023-03-31 22:00:00+00:00,-3233.0
2023-03-31 22:15:00+00:00,-3220.0
2023-03-31 22:30:00+00:00,-2996.0
2023-03-31 22:45:00+00:00,-3236.0
2023-03-31 23:00:00+00:00,-3520.0
2023-03-31 23:15:00+00:00,-2959.0
2023-03-31 23:30:00+00:00,-3025.0
2023-03-31 23:45:00+00:00,-2873.0
2023-04-01 00:00:00+00:00,-3301.0
2023-04-01 00:15:00+00:00,-3339.0
2023-04-01 00:30:00+00:00,-3143.0
2023-04-01 00:45:00+00:00,-3065.0
2023-04-01 01:00:00+00:00,-3356.0
2023-04-01 01:15:00+00:00,-3297.0
2023-04-01 01:30:00+00:00,-3463.0
2023-04-01 01:45:00+00:00,-3782.0
2023-04-01 02:00:00+00:00,-3952.0
2023-04-01 02:15:00+00:00,-3533.0
2023-04-01 02:30:00+00:00,-3660.0
2023-04-01 02:45:00+00:00,-4348.0
2023-04-01 03:00:00+00:00,-3696.0
2023-04-01 03:15:00+00:00,-3191.0
2023-04-01 03:30:00+00:00,-3518.0
2023-04-01 03:45:00+00:00,-3906.0
2023-04-01 04:00:00+00:00,-4069.0
2023-04-01 04:15:00+00:00,-4165.0
2023-04-01 04:30:00+00:00,-4105.0
2023-04-01 04:45:00+00:00,-4338.0
2023-04-01 05:00:00+00:00,-4383.0
2023-04-01 05:15:00+00:00,-4331.0
2023-04-01 05:30:00+00:00,-4155.0
2023-04-01 05:45:00+00:00,-4844.0
2023-04-01 06:00:00+00:00,-6017.0
2023-04-01 06:15:00+00:00,-5714.0
2023-04-01 06:30:00+00:00,-5633.0
2023-04-01 06:45:00+00:00,-5578.0
2023-04-01 07:00:00+00:00,-6228.0
2023-04-01 07:15:00+00:00,-8172.0
2023-04-01 07:30:00+00:00,-7948.0
2023-04-01 07:45:00+00:00,-7913.0
2023-04-01 08:00:00+00:00,-7636.0
2023-04-01 08:15:00+00:00,-7644.0
2023-04-01 08:30:00+00:00,-7701.0
2023-04-01 08:45:00+00:00,-7613.0
2023-04-01 09:00:00+00:00,-7581.0
2023-04-01 09:15:00+00:00,-7814.0
2023-04-01 09:30:00+00:00,-7685.0
2023-04-01 09:45:00+00:00,-7665.0
2023-04-01 10:00:00+00:00,-7663.0
2023-04-01 10:15:00+00:00,-7742.0
2023-04-01 10:30:00+00:00,-7799.0
2023-04-01 10:45:00+00:00,-7801.0
2023-04-01 11:00:00+00:00,-7794.0
2023-04-01 11:15:00+00:00,-7646.0
2023-04-01 11:30:00+00:00,-6762.0
2023-04-01 11:45:00+00:00,-5356.0
2023-04-01 12:00:00+00:00,-5378.0
2023-04-01 12:15:00+00:00,-4773.0
2023-04-01 12:30:00+00:00,-4880.0
2023-04-01 12:45:00+00:00,-4771.0
2023-04-01 13:00:00+00:00,-4531.0
2023-04-01 13:15:00+00:00,-5849.0
2023-04-01 13:30:00+00:00,-5489.0
2023-04-01 13:45:00+00:00,-5200.0
2023-04-01 14:00:00+00:00,-5778.0
2023-04-01 14:15:00+00:00,-5987.0
2023-04-01 14:30:00+00:00,-5745.0
2023-04-01 14:45:00+00:00,-4121.0
2023-04-01 15:00:00+00:00,-3986.0
2023-04-01 15:15:00+00:00,-3764.0
2023-04-01 15:30:00+00:00,-3591.0
2023-04-01 15:45:00+00:00,-4639.0
2023-04-01 16:00:00+00:00,-5068.0
2023-04-01 16:15:00+00:00,-4125.0
2023-04-01 16:30:00+00:00,-5015.0
2023-04-01 16:45:00+00:00,-4979.0
2023-04-01 17:00:00+00:00,-4842.0
2023-04-01 17:15:00+00:00,-4859.0
2023-04-01 17:30:00+00:00,-4699.0
2023-04-01 17:45:00+00:00,-4440.0
2023-04-01 18:00:00+00:00,-4438.0
2023-04-01 18:15:00+00:00,-4324.0
2023-04-01 18:30:00+00:00,-4669.0
2023-04-01 18:45:00+00:00,-4589.0
2023-04-01 19:00:00+00:00,-4676.0
2023-04-01 19:15:00+00:00,-4945.0
2023-04-01 19:30:00+00:00,-5407.0
2023-04-01 19:45:00+00:00,-5039.0
2023-04-01 20:00:00+00:00,-5987.0
2023-04-01 20:15:00+00:00,-5859.0
2023-04-01 20:30:00+00:00,-5519.0
2023-04-01 20:45:00+00:00,-4250.0
2023-04-01 21:00:00+00:00,-4082.0
2023-04-01 21:15:00+00:00,-4039.0
2023-04-01 21:30:00+00:00,-4489.0
2023-04-01 21:45:00+00:00,-4714.0
2023-04-01 22:00:00+00:00,-4759.0
2023-04-01 22:15:00+00:00,-4458.0
2023-04-01 22:30:00+00:00,-4679.0
2023-04-01 22:45:00+00:00,-4726.0
2023-04-01 23:00:00+00:00,-4392.0
2023-04-01 23:15:00+00:00,-3892.0
2023-04-01 23:30:00+00:00,-4179.0
2023-04-01 23:45:00+00:00,-3428.0
2023-04-02 00:00:00+00:00,-3662.0
2023-04-02 00:15:00+00:00,-3724.0
2023-04-02 00:30:00+00:00,-3598.0
2023-04-02 00:45:00+00:00,-3913.0
2023-04-02 01:00:00+00:00,-4196.0
2023-04-02 01:15:00+00:00,-4264.0
2023-04-02 01:30:00+00:00,-4366.0
2023-04-02 01:45:00+00:00,-4491.0
2023-04-02 02:00:00+00:00,-4435.0
2023-04-02 02:15:00+00:00,-4134.0
2023-04-02 02:30:00+00:00,-3716.0
2023-04-02 02:45:00+00:00,-3286.0
2023-04-02 03:00:00+00:00,-3520.0
2023-04-02 03:15:00+00:00,-3748.0
2023-04-02 03:30:00+00:00,-3866.0
2023-04-02 03:45:00+00:00,-3696.0
2023-04-02 04:00:00+00:00,-3556.0
2023-04-02 04:15:00+00:00,-3187.0
2023-04-02 04:30:00+00:00,-3402.0
2023-04-02 04:45:00+00:00,-3178.0
2023-04-02 05:00:00+00:00,-3209.0
2023-04-02 05:15:00+00:00,-3996.0
2023-04-02 05:30:00+00:00,-3345.0
2023-04-02 05:45:00+00:00,-2818.0
