Capital Investment Budgeted,Construction Complexity,Design Complexity,Operative + Fuel Costs,Design Maturity,Licensing Status,Supplier Availbility,Discharge Burnup,Load following Capabilities,Net Power Output,Thermal Efficiency,Electricity Market Benefit,GHGe Benefit,Nuclear Waste,Percived Safety
0.653,0.058,0.058,0.074,0.001,0.001,0.001,0.005,0.05,0.052,0.038,0.001,0.001,0.007,0.001
0.653,0.058,0.058,0.074,0.001,0.001,0.001,0.005,0.05,0.052,0.038,0.001,0.001,0.007,0.001
0.651,0.058,0.058,0.074,0.003,0.001,0.001,0.005,0.05,0.052,0.038,0.001,0.001,0.007,0.001
0.653,0.058,0.058,0.074,0.001,0.001,0.001,0.005,0.05,0.052,0.038,0.001,0.001,0.007,0.001
0.653,0.058,0.058,0.074,0.001,0.001,0.001,0.005,0.05,0.052,0.038,0.001,0.001,0.007,0.001
0.617,0.055,0.062,0.07,0.001,0.001,0.001,0.004,0.047,0.049,0.036,0.002,0.001,0.053,0.001
0.062,0.004,0.004,0.005,0.001,0.001,0.001,0.026,0.004,0.276,0.61,0.001,0.001,0.002,0.001
0.651,0.058,0.06,0.074,0.001,0.001,0.001,0.005,0.05,0.052,0.038,0.001,0.001,0.007,0.001
0.063,0.004,0.004,0.005,0.001,0.001,0.001,0.019,0.005,0.445,0.448,0.001,0.001,0.001,0.001
0.635,0.057,0.057,0.072,0.026,0.002,0.002,0.005,0.048,0.05,0.037,0.001,0.001,0.007,0.001
0.645,0.058,0.058,0.073,0.001,0.012,0.001,0.005,0.049,0.051,0.037,0.001,0.001,0.007,0.001
0.508,0.268,0.045,0.057,0.001,0.001,0.001,0.003,0.039,0.04,0.029,0.001,0.001,0.005,0.001
0.65,0.058,0.058,0.073,0.001,0.001,0.001,0.005,0.05,0.056,0.037,0.001,0.001,0.007,0.001
0.647,0.058,0.058,0.073,0.001,0.001,0.001,0.005,0.049,0.051,0.037,0.001,0.001,0.016,0.001
0.489,0.043,0.114,0.055,0.001,0.017,0.166,0.003,0.037,0.039,0.028,0.001,0.001,0.005,0.001
0.65,0.058,0.062,0.073,0.001,0.001,0.001,0.005,0.05,0.052,0.037,0.001,0.001,0.007,0.001
0.653,0.058,0.058,0.074,0.001,0.001,0.001,0.005,0.05,0.052,0.038,0.001,0.001,0.007,0.001
0.026,0.001,0.184,0.058,0.001,0.001,0.001,0.021,0.001,0.532,0.169,0.001,0.001,0.001,0.001
0.019,0.001,0.001,0.001,0.021,0.001,0.001,0.039,0.001,0.514,0.396,0.001,0.001,0.001,0.001
0.553,0.157,0.033,0.069,0.033,0.003,0.003,0.003,0.034,0.068,0.004,0.003,0.003,0.002,0.033
0.639,0.057,0.057,0.072,0.001,0.001,0.001,0.005,0.049,0.051,0.037,0.001,0.001,0.028,0.001
0.653,0.058,0.058,0.074,0.001,0.001,0.001,0.005,0.05,0.052,0.038,0.001,0.001,0.007,0.001
0.653,0.058,0.058,0.074,0.001,0.001,0.001,0.005,0.05,0.052,0.038,0.001,0.001,0.007,0.001
0.326,0.024,0.019,0.067,0.001,0.001,0.001,0.003,0.019,0.037,0.014,0.455,0.001,0.031,0.001
0.552,0.054,0.054,0.062,0.001,0.001,0.001,0.004,0.042,0.115,0.032,0.001,0.001,0.078,0.001
0.653,0.058,0.058,0.074,0.001,0.001,0.001,0.005,0.05,0.052,0.038,0.001,0.001,0.007,0.001
0.653,0.058,0.058,0.074,0.001,0.001,0.001,0.005,0.05,0.052,0.038,0.001,0.001,0.007,0.001
0.653,0.058,0.058,0.074,0.001,0.001,0.001,0.005,0.05,0.052,0.038,0.001,0.001,0.007,0.001
0.653,0.058,0.058,0.074,0.001,0.001,0.001,0.005,0.05,0.052,0.038,0.001,0.001,0.007,0.001
0.653,0.058,0.058,0.074,0.001,0.001,0.001,0.005,0.05,0.052,0.038,0.001,0.001,0.007,0.001
0.65,0.058,0.058,0.073,0.001,0.006,0.001,0.005,0.05,0.052,0.037,0.001,0.001,0.007,0.001
0.297,0.087,0.125,0.033,0.078,0.027,0.045,0.002,0.022,0.062,0.016,0.07,0.047,0.01,0.079
0.653,0.058,0.058,0.074,0.001,0.001,0.001,0.005,0.05,0.052,0.038,0.001,0.001,0.007,0.001
0.653,0.058,0.058,0.074,0.001,0.001,0.001,0.005,0.05,0.052,0.038,0.001,0.001,0.007,0.001
0.653,0.058,0.058,0.074,0.001,0.001,0.001,0.005,0.05,0.052,0.038,0.001,0.001,0.007,0.001
0.066,0.004,0.004,0.006,0.001,0.001,0.001,0.028,0.005,0.225,0.653,0.001,0.001,0.002,0.001
0.653,0.058,0.058,0.074,0.001,0.001,0.001,0.005,0.05,0.052,0.038,0.001,0.001,0.007,0.001
0.547,0.049,0.049,0.062,0.022,0.041,0.004,0.004,0.042,0.081,0.031,0.005,0.005,0.006,0.053
0.623,0.101,0.056,0.07,0.001,0.001,0.001,0.004,0.048,0.049,0.036,0.001,0.001,0.007,0.001
0.653,0.058,0.058,0.074,0.001,0.001,0.001,0.005,0.05,0.052,0.038,0.001,0.001,0.007,0.001
0.653,0.058,0.058,0.074,0.001,0.001,0.001,0.005,0.05,0.052,0.038,0.001,0.001,0.007,0.001
0.653,0.058,0.058,0.074,0.001,0.001,0.001,0.005,0.05,0.052,0.038,0.001,0.001,0.007,0.001
0.643,0.057,0.057,0.073,0.001,0.015,0.001,0.005,0.049,0.051,0.037,0.001,0.001,0.007,0.001
0.653,0.058,0.058,0.074,0.001,0.001,0.001,0.005,0.05,0.052,0.038,0.001,0.001,0.007,0.001
0.653,0.058,0.058,0.074,0.001,0.001,0.001,0.005,0.05,0.052,0.038,0.001,0.001,0.007,0.001
0.438,0.036,0.036,0.045,0.001,0.001,0.001,0.012,0.035,0.312,0.073,0.001,0.001,0.006,0.001
0.632,0.072,0.072,0.071,0.001,0.001,0.001,0.005,0.048,0.05,0.036,0.001,0.001,0.007,0.001
0.416,0.148,0.289,0.047,0.001,0.001,0.001,0.003,0.031,0.033,0.024,0.001,0.001,0.004,0.001
0.613,0.055,0.055,0.069,0.001,0.001,0.001,0.004,0.047,0.049,0.035,0.001,0.001,0.067,0.001
0.639,0.057,0.057,0.072,0.001,0.001,0.001,0.005,0.049,0.051,0.037,0.001,0.001,0.028,0.001
0.653,0.058,0.058,0.074,0.001,0.001,0.001,0.005,0.05,0.052,0.038,0.001,0.001,0.007,0.001
0.653,0.058,0.058,0.074,0.001,0.001,0.001,0.005,0.05,0.052,0.038,0.001,0.001,0.007,0.001
0.653,0.058,0.058,0.074,0.001,0.001,0.001,0.005,0.05,0.052,0.038,0.001,0.001,0.007,0.001
0.653,0.058,0.058,0.074,0.001,0.001,0.001,0.005,0.05,0.052,0.038,0.001,0.001,0.007,0.001
0.653,0.058,0.058,0.074,0.001,0.001,0.001,0.005,0.05,0.052,0.038,0.001,0.001,0.007,0.001
0.515,0.257,0.046,0.058,0.001,0.001,0.001,0.004,0.039,0.041,0.029,0.001,0.001,0.005,0.001
0.235,0.018,0.018,0.023,0.001,0.001,0.001,0.02,0.019,0.17,0.489,0.001,0.001,0.002,0.001
0.288,0.291,0.286,0.028,0.001,0.016,0.036,0.001,0.024,0.015,0.01,0.001,0.001,0.001,0.001
0.095,0.152,0.344,0.337,0.001,0.001,0.001,0.028,0.035,0.001,0.001,0.001,0.001,0.001,0.001
0.653,0.058,0.058,0.074,0.001,0.001,0.001,0.005,0.05,0.052,0.038,0.001,0.001,0.007,0.001
0.64,0.057,0.057,0.072,0.001,0.001,0.001,0.005,0.049,0.07,0.037,0.001,0.001,0.007,0.001
0.633,0.056,0.056,0.071,0.001,0.001,0.001,0.005,0.048,0.081,0.036,0.001,0.001,0.007,0.001
0.58,0.052,0.163,0.065,0.001,0.001,0.001,0.004,0.044,0.046,0.033,0.001,0.001,0.006,0.001
0.067,0.004,0.004,0.006,0.001,0.001,0.001,0.028,0.005,0.225,0.652,0.001,0.001,0.002,0.001
0.629,0.056,0.056,0.071,0.001,0.001,0.001,0.005,0.048,0.086,0.036,0.001,0.001,0.007,0.001
0.649,0.058,0.058,0.073,0.001,0.001,0.001,0.005,0.05,0.052,0.037,0.001,0.001,0.013,0.001
0.653,0.058,0.058,0.074,0.001,0.001,0.001,0.005,0.05,0.052,0.038,0.001,0.001,0.007,0.001
0.067,0.004,0.004,0.006,0.001,0.001,0.001,0.028,0.005,0.225,0.653,0.001,0.001,0.002,0.001
0.606,0.054,0.054,0.068,0.003,0.001,0.001,0.004,0.046,0.085,0.035,0.003,0.003,0.006,0.031
0.653,0.058,0.058,0.074,0.001,0.001,0.001,0.005,0.05,0.052,0.038,0.001,0.001,0.007,0.001
0.653,0.058,0.058,0.074,0.001,0.001,0.001,0.005,0.05,0.052,0.038,0.001,0.001,0.007,0.001
0.653,0.058,0.058,0.074,0.001,0.001,0.001,0.005,0.05,0.052,0.038,0.001,0.001,0.007,0.001
0.638,0.079,0.057,0.072,0.001,0.001,0.001,0.005,0.049,0.051,0.037,0.001,0.001,0.007,0.001
0.02,0.413,0.407,0.036,0.001,0.03,0.001,0.001,0.001,0.015,0.009,0.001,0.06,0.003,0.001
0.653,0.058,0.058,0.074,0.001,0.001,0.001,0.005,0.05,0.052,0.038,0.001,0.001,0.007,0.001
0.503,0.161,0.158,0.057,0.001,0.001,0.001,0.003,0.038,0.04,0.029,0.001,0.001,0.005,0.001
0.6,0.053,0.053,0.068,0.001,0.033,0.001,0.004,0.046,0.048,0.034,0.001,0.001,0.056,0.001
0.264,0.021,0.021,0.026,0.001,0.001,0.001,0.019,0.022,0.16,0.46,0.001,0.001,0.002,0.001
0.652,0.058,0.058,0.074,0.001,0.001,0.001,0.005,0.05,0.052,0.038,0.001,0.001,0.007,0.001
0.653,0.058,0.058,0.074,0.001,0.001,0.001,0.005,0.05,0.052,0.038,0.001,0.001,0.007,0.001
0.137,0.01,0.01,0.013,0.001,0.001,0.001,0.025,0.011,0.202,0.584,0.001,0.001,0.002,0.001
0.455,0.04,0.04,0.051,0.001,0.001,0.001,0.003,0.034,0.083,0.026,0.198,0.001,0.064,0.001
0.653,0.058,0.058,0.074,0.001,0.001,0.001,0.005,0.05,0.052,0.038,0.001,0.001,0.007,0.001
0.614,0.055,0.055,0.069,0.001,0.001,0.001,0.004,0.047,0.049,0.035,0.001,0.001,0.065,0.001
0.641,0.057,0.057,0.072,0.001,0.001,0.001,0.005,0.049,0.068,0.037,0.001,0.001,0.007,0.001
0.649,0.058,0.058,0.073,0.001,0.001,0.001,0.005,0.05,0.057,0.037,0.001,0.001,0.008,0.001
0.022,0.001,0.001,0.001,0.001,0.001,0.001,0.029,0.001,0.243,0.693,0.001,0.001,0.002,0.001
0.537,0.08,0.193,0.06,0.001,0.001,0.001,0.004,0.041,0.042,0.031,0.001,0.001,0.006,0.001
0.645,0.058,0.058,0.073,0.001,0.013,0.001,0.005,0.049,0.051,0.037,0.001,0.001,0.007,0.001
0.018,0.001,0.784,0.064,0.001,0.001,0.001,0.003,0.001,0.023,0.099,0.001,0.001,0.001,0.001
0.653,0.058,0.058,0.074,0.001,0.001,0.001,0.005,0.05,0.052,0.038,0.001,0.001,0.007,0.001
0.65,0.058,0.058,0.073,0.001,0.001,0.005,0.005,0.05,0.052,0.037,0.001,0.001,0.007,0.001
0.011,0.005,0.001,0.102,0.001,0.001,0.001,0.387,0.001,0.341,0.146,0.001,0.001,0.001,0.001
0.653,0.058,0.058,0.074,0.001,0.001,0.001,0.005,0.05,0.052,0.038,0.001,0.001,0.007,0.001
0.631,0.056,0.056,0.071,0.001,0.001,0.001,0.005,0.048,0.05,0.036,0.001,0.001,0.04,0.001
0.611,0.119,0.054,0.069,0.001,0.001,0.001,0.004,0.047,0.048,0.035,0.001,0.001,0.007,0.001
0.576,0.169,0.051,0.065,0.001,0.001,0.001,0.004,0.044,0.046,0.033,0.001,0.001,0.006,0.001
0.016,0.391,0.001,0.029,0.001,0.03,0.42,0.001,0.001,0.008,0.003,0.001,0.093,0.005,0.001
0.42,0.037,0.394,0.047,0.001,0.001,0.001,0.003,0.032,0.033,0.024,0.001,0.001,0.004,0.001
0.645,0.058,0.058,0.073,0.001,0.013,0.001,0.005,0.049,0.051,0.037,0.001,0.001,0.007,0.001
0.653,0.058,0.058,0.074,0.001,0.001,0.001,0.005,0.05,0.052,0.038,0.001,0.001,0.007,0.001
0.584,0.052,0.052,0.066,0.001,0.001,0.001,0.004,0.044,0.053,0.034,0.098,0.001,0.007,0.001
0.653,0.058,0.058,0.074,0.001,0.001,0.001,0.005,0.05,0.052,0.038,0.001,0.001,0.007,0.001
0.565,0.05,0.181,0.064,0.001,0.001,0.001,0.004,0.043,0.048,0.032,0.001,0.001,0.006,0.001
0.642,0.072,0.057,0.073,0.001,0.001,0.001,0.005,0.049,0.052,0.037,0.001,0.001,0.007,0.001
0.653,0.058,0.058,0.074,0.001,0.001,0.001,0.005,0.05,0.052,0.038,0.001,0.001,0.007,0.001
0.6,0.135,0.053,0.068,0.001,0.001,0.001,0.004,0.046,0.048,0.034,0.001,0.001,0.006,0.001
0.093,0.007,0.007,0.008,0.001,0.001,0.001,0.022,0.007,0.332,0.517,0.001,0.001,0.002,0.001
0.024,0.001,0.001,0.001,0.001,0.001,0.001,0.02,0.001,0.468,0.476,0.001,0.001,0.001,0.001
0.653,0.058,0.058,0.074,0.001,0.001,0.001,0.005,0.05,0.052,0.038,0.001,0.001,0.007,0.001
0.386,0.044,0.383,0.043,0.001,0.001,0.001,0.002,0.029,0.081,0.022,0.001,0.001,0.004,0.001
0.653,0.058,0.058,0.074,0.001,0.001,0.001,0.005,0.05,0.052,0.038,0.001,0.001,0.007,0.001
0.653,0.058,0.058,0.074,0.001,0.001,0.001,0.005,0.05,0.052,0.038,0.001,0.001,0.007,0.001
0.619,0.055,0.055,0.07,0.001,0.053,0.001,0.004,0.047,0.049,0.036,0.001,0.001,0.007,0.001
0.605,0.054,0.054,0.068,0.001,0.001,0.001,0.004,0.046,0.048,0.035,0.001,0.001,0.08,0.001
0.653,0.058,0.058,0.074,0.001,0.001,0.001,0.005,0.05,0.052,0.038,0.001,0.001,0.007,0.001
0.645,0.058,0.058,0.073,0.001,0.001,0.001,0.005,0.049,0.051,0.037,0.001,0.001,0.019,0.001
0.653,0.058,0.058,0.074,0.001,0.001,0.001,0.005,0.05,0.052,0.038,0.001,0.001,0.007,0.001
0.491,0.044,0.044,0.055,0.123,0.013,0.013,0.003,0.037,0.103,0.028,0.001,0.001,0.042,0.001
0.47,0.042,0.042,0.053,0.027,0.027,0.027,0.003,0.036,0.099,0.027,0.027,0.027,0.066,0.027
0.646,0.058,0.058,0.073,0.001,0.001,0.002,0.005,0.049,0.061,0.037,0.001,0.001,0.007,0.001
0.653,0.058,0.058,0.074,0.001,0.001,0.001,0.005,0.05,0.052,0.038,0.001,0.001,0.007,0.001
0.653,0.058,0.058,0.074,0.001,0.001,0.001,0.005,0.05,0.052,0.038,0.001,0.001,0.007,0.001
0.647,0.058,0.058,0.073,0.001,0.001,0.01,0.005,0.049,0.051,0.037,0.001,0.001,0.007,0.001
0.652,0.059,0.058,0.074,0.001,0.001,0.001,0.005,0.05,0.052,0.038,0.001,0.001,0.007,0.001
0.49,0.043,0.043,0.055,0.001,0.045,0.207,0.003,0.037,0.039,0.028,0.001,0.001,0.005,0.001
0.318,0.028,0.028,0.035,0.001,0.001,0.001,0.002,0.024,0.025,0.018,0.475,0.001,0.042,0.001
0.585,0.052,0.107,0.066,0.001,0.001,0.001,0.004,0.045,0.095,0.034,0.001,0.001,0.006,0.001
0.653,0.058,0.058,0.074,0.001,0.001,0.001,0.005,0.05,0.052,0.038,0.001,0.001,0.007,0.001
0.653,0.058,0.058,0.074,0.001,0.001,0.001,0.005,0.05,0.052,0.038,0.001,0.001,0.007,0.001
0.519,0.046,0.046,0.058,0.001,0.001,0.001,0.004,0.039,0.041,0.03,0.197,0.001,0.015,0.001
0.635,0.057,0.057,0.072,0.001,0.001,0.001,0.005,0.048,0.05,0.037,0.001,0.001,0.034,0.001
0.532,0.105,0.054,0.037,0.038,0.009,0.007,0.002,0.02,0.061,0.01,0.011,0.044,0.031,0.04
0.614,0.114,0.055,0.069,0.001,0.001,0.001,0.004,0.047,0.049,0.035,0.001,0.001,0.007,0.001
0.653,0.058,0.058,0.074,0.001,0.001,0.001,0.005,0.05,0.052,0.038,0.001,0.001,0.007,0.001
0.653,0.058,0.058,0.074,0.001,0.001,0.001,0.005,0.05,0.052,0.038,0.001,0.001,0.007,0.001
0.653,0.058,0.058,0.074,0.001,0.001,0.001,0.005,0.05,0.052,0.038,0.001,0.001,0.007,0.001
0.011,0.032,0.001,0.28,0.001,0.001,0.001,0.105,0.001,0.241,0.277,0.02,0.001,0.001,0.027
0.644,0.057,0.057,0.073,0.001,0.001,0.001,0.005,0.049,0.065,0.037,0.001,0.001,0.007,0.001
0.478,0.042,0.042,0.054,0.001,0.019,0.178,0.003,0.036,0.038,0.027,0.074,0.001,0.005,0.001
0.639,0.057,0.057,0.072,0.001,0.001,0.001,0.005,0.049,0.051,0.037,0.001,0.001,0.027,0.001
0.567,0.182,0.05,0.064,0.001,0.001,0.001,0.004,0.043,0.045,0.033,0.001,0.001,0.006,0.001
0.653,0.058,0.058,0.074,0.001,0.001,0.001,0.005,0.05,0.052,0.038,0.001,0.001,0.007,0.001
0.604,0.054,0.129,0.068,0.001,0.001,0.001,0.004,0.046,0.048,0.035,0.001,0.001,0.006,0.001
0.628,0.056,0.056,0.071,0.001,0.001,0.001,0.005,0.048,0.05,0.036,0.001,0.001,0.044,0.001
0.487,0.043,0.043,0.055,0.001,0.021,0.204,0.003,0.037,0.064,0.028,0.001,0.001,0.01,0.001
0.641,0.057,0.075,0.072,0.001,0.001,0.001,0.005,0.049,0.051,0.037,0.001,0.001,0.007,0.001
0.652,0.058,0.058,0.074,0.001,0.002,0.001,0.005,0.05,0.052,0.038,0.001,0.001,0.007,0.001
0.638,0.057,0.057,0.072,0.001,0.001,0.001,0.005,0.049,0.073,0.037,0.001,0.001,0.007,0.001
0.384,0.034,0.272,0.043,0.001,0.001,0.001,0.002,0.029,0.08,0.022,0.001,0.075,0.054,0.001
0.168,0.013,0.013,0.016,0.001,0.001,0.001,0.023,0.014,0.192,0.553,0.001,0.001,0.002,0.001
0.653,0.058,0.058,0.074,0.001,0.001,0.001,0.005,0.05,0.052,0.038,0.001,0.001,0.007,0.001
0.63,0.056,0.056,0.071,0.001,0.001,0.001,0.005,0.048,0.05,0.036,0.001,0.001,0.042,0.001
0.653,0.058,0.058,0.074,0.001,0.001,0.001,0.005,0.05,0.052,0.038,0.001,0.001,0.007,0.001
0.653,0.058,0.058,0.074,0.001,0.001,0.001,0.005,0.05,0.052,0.038,0.001,0.001,0.007,0.001
0.7,0.045,0.113,0.054,0.001,0.001,0.001,0.002,0.055,0.016,0.008,0.001,0.001,0.001,0.001
0.638,0.057,0.057,0.072,0.001,0.001,0.001,0.005,0.049,0.073,0.037,0.001,0.001,0.007,0.001
0.184,0.014,0.295,0.029,0.001,0.001,0.001,0.013,0.015,0.114,0.328,0.001,0.001,0.001,0.001
0.107,0.008,0.008,0.01,0.001,0.001,0.001,0.026,0.008,0.212,0.613,0.001,0.001,0.002,0.001
0.521,0.249,0.046,0.059,0.001,0.001,0.001,0.004,0.04,0.041,0.03,0.001,0.001,0.005,0.001
0.442,0.363,0.039,0.05,0.001,0.001,0.001,0.003,0.033,0.035,0.025,0.001,0.001,0.004,0.001
0.635,0.057,0.057,0.072,0.001,0.001,0.001,0.005,0.048,0.077,0.037,0.001,0.001,0.007,0.001
0.653,0.058,0.058,0.074,0.001,0.001,0.001,0.005,0.05,0.052,0.038,0.001,0.001,0.007,0.001
0.623,0.056,0.056,0.07,0.001,0.001,0.001,0.004,0.047,0.095,0.036,0.001,0.001,0.007,0.001
0.653,0.058,0.058,0.074,0.001,0.001,0.001,0.005,0.05,0.052,0.038,0.001,0.001,0.007,0.001
0.138,0.008,0.456,0.034,0.001,0.001,0.001,0.001,0.015,0.009,0.004,0.001,0.307,0.023,0.001
0.653,0.058,0.058,0.074,0.001,0.001,0.001,0.005,0.05,0.052,0.038,0.001,0.001,0.007,0.001
0.653,0.058,0.058,0.074,0.001,0.001,0.001,0.005,0.05,0.052,0.038,0.001,0.001,0.007,0.001
0.005,0.001,0.001,0.001,0.001,0.001,0.001,0.494,0.001,0.001,0.49,0.001,0.001,0.001,0.001
0.039,0.054,0.038,0.027,0.001,0.001,0.001,0.025,0.002,0.207,0.599,0.001,0.001,0.002,0.001
0.039,0.054,0.096,0.319,0.039,0.088,0.143,0.09,0.002,0.036,0.073,0.001,0.007,0.012,0.002
0.006,0.001,0.001,0.007,0.001,0.022,0.001,0.934,0.001,0.002,0.001,0.019,0.001,0.001,0.001
0.653,0.058,0.058,0.074,0.001,0.001,0.001,0.005,0.05,0.052,0.038,0.001,0.001,0.007,0.001
0.082,0.006,0.006,0.007,0.001,0.001,0.001,0.027,0.006,0.22,0.638,0.001,0.001,0.002,0.001
0.603,0.054,0.054,0.068,0.001,0.001,0.001,0.004,0.046,0.048,0.035,0.001,0.001,0.083,0.001
0.172,0.013,0.013,0.016,0.001,0.001,0.001,0.033,0.014,0.27,0.459,0.001,0.001,0.004,0.001
0.653,0.058,0.058,0.074,0.001,0.001,0.001,0.005,0.05,0.052,0.038,0.001,0.001,0.007,0.001
0.653,0.058,0.058,0.074,0.001,0.001,0.001,0.005,0.05,0.052,0.038,0.001,0.001,0.007,0.001
0.65,0.058,0.058,0.074,0.004,0.001,0.001,0.005,0.05,0.052,0.038,0.001,0.001,0.007,0.001
0.475,0.042,0.042,0.053,0.001,0.001,0.001,0.003,0.036,0.037,0.027,0.259,0.001,0.021,0.001
0.653,0.058,0.058,0.074,0.001,0.001,0.001,0.005,0.05,0.052,0.038,0.001,0.001,0.007,0.001
0.639,0.057,0.057,0.072,0.001,0.001,0.001,0.005,0.049,0.071,0.037,0.001,0.001,0.007,0.001
0.653,0.058,0.058,0.074,0.001,0.001,0.001,0.005,0.05,0.052,0.038,0.001,0.001,0.007,0.001
0.535,0.206,0.07,0.06,0.001,0.001,0.001,0.004,0.041,0.042,0.031,0.001,0.001,0.006,0.001
0.493,0.044,0.289,0.055,0.001,0.001,0.001,0.003,0.037,0.039,0.028,0.001,0.001,0.005,0.001
0.653,0.058,0.058,0.074,0.001,0.001,0.001,0.005,0.05,0.052,0.038,0.001,0.001,0.007,0.001
0.644,0.057,0.057,0.073,0.001,0.001,0.014,0.005,0.049,0.051,0.037,0.001,0.001,0.007,0.001
0.653,0.058,0.058,0.074,0.001,0.001,0.001,0.005,0.05,0.052,0.038,0.001,0.001,0.007,0.001
0.02,0.068,0.001,0.015,0.001,0.001,0.001,0.023,0.001,0.619,0.246,0.001,0.001,0.001,0.001
0.564,0.052,0.111,0.064,0.001,0.001,0.001,0.004,0.043,0.045,0.032,0.001,0.001,0.08,0.001
0.625,0.056,0.056,0.071,0.001,0.001,0.001,0.004,0.048,0.05,0.036,0.001,0.001,0.048,0.001
0.653,0.058,0.058,0.074,0.001,0.001,0.001,0.005,0.05,0.052,0.038,0.001,0.001,0.007,0.001
0.653,0.058,0.058,0.074,0.001,0.001,0.001,0.005,0.05,0.052,0.038,0.001,0.001,0.007,0.001
0.65,0.058,0.058,0.073,0.006,0.001,0.001,0.005,0.05,0.052,0.037,0.001,0.001,0.007,0.001
0.629,0.056,0.056,0.071,0.001,0.001,0.015,0.005,0.048,0.059,0.036,0.001,0.001,0.019,0.001
0.642,0.057,0.057,0.073,0.017,0.001,0.001,0.005,0.049,0.051,0.037,0.001,0.001,0.007,0.001
0.653,0.058,0.058,0.074,0.001,0.001,0.001,0.005,0.05,0.052,0.038,0.001,0.001,0.007,0.001
0.527,0.054,0.056,0.059,0.024,0.003,0.02,0.004,0.04,0.111,0.03,0.018,0.02,0.006,0.028
0.467,0.169,0.199,0.052,0.001,0.001,0.001,0.003,0.035,0.037,0.027,0.001,0.001,0.005,0.001
0.169,0.013,0.013,0.016,0.001,0.001,0.001,0.023,0.014,0.192,0.553,0.001,0.001,0.002,0.001
0.521,0.046,0.046,0.059,0.168,0.018,0.018,0.004,0.04,0.041,0.03,0.001,0.001,0.005,0.001
0.617,0.055,0.055,0.07,0.001,0.056,0.001,0.004,0.047,0.049,0.036,0.001,0.001,0.007,0.001
0.638,0.057,0.057,0.072,0.001,0.023,0.001,0.005,0.049,0.051,0.037,0.001,0.001,0.007,0.001
0.607,0.054,0.124,0.069,0.001,0.001,0.001,0.004,0.046,0.048,0.035,0.001,0.001,0.006,0.001
0.653,0.058,0.058,0.074,0.001,0.001,0.001,0.005,0.05,0.052,0.038,0.001,0.001,0.007,0.001
0.653,0.058,0.058,0.074,0.001,0.001,0.001,0.005,0.05,0.052,0.038,0.001,0.001,0.007,0.001
0.653,0.058,0.058,0.074,0.001,0.001,0.001,0.005,0.05,0.052,0.038,0.001,0.001,0.007,0.001
0.537,0.048,0.219,0.06,0.001,0.001,0.001,0.004,0.041,0.042,0.031,0.001,0.007,0.006,0.001
0.367,0.032,0.032,0.041,0.008,0.001,0.002,0.002,0.028,0.077,0.021,0.023,0.338,0.028,0.001
0.416,0.037,0.037,0.047,0.203,0.023,0.023,0.003,0.031,0.087,0.024,0.013,0.001,0.055,0.001
0.593,0.053,0.053,0.067,0.001,0.001,0.001,0.004,0.045,0.061,0.034,0.001,0.001,0.084,0.001
0.618,0.055,0.055,0.07,0.001,0.001,0.001,0.004,0.047,0.103,0.036,0.001,0.001,0.007,0.001
0.653,0.058,0.058,0.074,0.001,0.001,0.001,0.005,0.05,0.052,0.038,0.001,0.001,0.007,0.001
0.64,0.057,0.076,0.072,0.001,0.001,0.001,0.005,0.049,0.051,0.037,0.001,0.001,0.007,0.001
0.653,0.058,0.058,0.074,0.001,0.001,0.001,0.005,0.05,0.052,0.038,0.001,0.001,0.007,0.001
0.653,0.058,0.058,0.074,0.001,0.001,0.001,0.005,0.05,0.052,0.038,0.001,0.001,0.007,0.001
0.596,0.053,0.053,0.067,0.009,0.001,0.001,0.004,0.045,0.047,0.034,0.074,0.001,0.013,0.001
0.653,0.058,0.058,0.074,0.001,0.001,0.001,0.005,0.05,0.052,0.038,0.001,0.001,0.007,0.001
0.653,0.058,0.058,0.074,0.001,0.001,0.001,0.005,0.05,0.052,0.038,0.001,0.001,0.007,0.001
0.653,0.058,0.058,0.074,0.001,0.001,0.001,0.005,0.05,0.052,0.038,0.001,0.001,0.007,0.001
0.473,0.038,0.038,0.047,0.001,0.001,0.001,0.01,0.039,0.09,0.256,0.001,0.001,0.002,0.001
0.476,0.032,0.032,0.038,0.052,0.015,0.015,0.005,0.037,0.155,0.02,0.017,0.018,0.032,0.055
0.34,0.027,0.027,0.033,0.001,0.001,0.001,0.01,0.011,0.286,0.258,0.001,0.001,0.001,0.001
0.608,0.054,0.054,0.069,0.001,0.001,0.001,0.004,0.046,0.048,0.035,0.001,0.001,0.075,0.001
0.034,0.106,0.002,0.057,0.001,0.006,0.069,0.046,0.002,0.386,0.257,0.028,0.001,0.005,0.001
0.653,0.058,0.058,0.074,0.001,0.001,0.001,0.005,0.05,0.052,0.038,0.001,0.001,0.007,0.001
0.001,0.001,0.203,0.381,0.001,0.001,0.001,0.035,0.304,0.002,0.065,0.001,0.001,0.001,0.001
0.001,0.001,0.001,0.001,0.001,0.001,0.001,0.033,0.001,0.001,0.954,0.001,0.001,0.001,0.001
0.407,0.181,0.264,0.043,0.001,0.002,0.002,0.002,0.046,0.04,0.008,0.001,0.001,0.001,0.001
0.653,0.058,0.058,0.074,0.001,0.001,0.001,0.005,0.05,0.052,0.038,0.001,0.001,0.007,0.001
0.578,0.051,0.051,0.065,0.001,0.001,0.001,0.004,0.044,0.046,0.033,0.001,0.114,0.008,0.001
0.649,0.064,0.058,0.073,0.001,0.001,0.001,0.005,0.05,0.052,0.037,0.001,0.001,0.007,0.001
0.653,0.058,0.058,0.074,0.001,0.001,0.001,0.005,0.05,0.052,0.038,0.001,0.001,0.007,0.001
0.653,0.058,0.058,0.074,0.001,0.001,0.001,0.005,0.05,0.052,0.038,0.001,0.001,0.007,0.001
0.653,0.058,0.058,0.074,0.001,0.001,0.001,0.005,0.05,0.052,0.038,0.001,0.001,0.007,0.001
0.629,0.056,0.093,0.071,0.001,0.001,0.001,0.005,0.048,0.05,0.036,0.001,0.001,0.007,0.001
0.65,0.058,0.058,0.074,0.001,0.001,0.001,0.005,0.05,0.055,0.037,0.001,0.001,0.007,0.001
0.516,0.046,0.046,0.058,0.001,0.001,0.001,0.004,0.039,0.041,0.03,0.2,0.001,0.016,0.001
0.653,0.058,0.058,0.074,0.001,0.001,0.001,0.005,0.05,0.052,0.038,0.001,0.001,0.007,0.001
0.021,0.194,0.001,0.169,0.001,0.001,0.001,0.034,0.001,0.402,0.171,0.001,0.001,0.001,0.001
0.626,0.056,0.056,0.071,0.001,0.001,0.001,0.004,0.048,0.091,0.036,0.001,0.001,0.007,0.001
0.64,0.057,0.057,0.072,0.001,0.001,0.001,0.005,0.049,0.07,0.037,0.001,0.001,0.007,0.001
0.653,0.058,0.058,0.074,0.001,0.001,0.001,0.005,0.05,0.052,0.038,0.001,0.001,0.007,0.001
0.638,0.057,0.079,0.072,0.001,0.001,0.001,0.005,0.049,0.051,0.037,0.001,0.001,0.007,0.001
0.491,0.112,0.205,0.041,0.002,0.017,0.002,0.002,0.045,0.011,0.022,0.001,0.001,0.045,0.002
0.487,0.043,0.043,0.055,0.001,0.001,0.001,0.003,0.037,0.038,0.028,0.001,0.242,0.019,0.001
0.614,0.055,0.114,0.069,0.001,0.001,0.001,0.004,0.047,0.049,0.035,0.001,0.001,0.007,0.001
0.653,0.058,0.058,0.074,0.001,0.001,0.001,0.005,0.05,0.052,0.038,0.001,0.001,0.007,0.001
0.635,0.057,0.084,0.072,0.001,0.001,0.001,0.005,0.048,0.05,0.037,0.001,0.001,0.007,0.001
0.514,0.091,0.053,0.058,0.001,0.025,0.001,0.004,0.039,0.044,0.029,0.001,0.07,0.069,0.001
0.653,0.058,0.058,0.074,0.001,0.001,0.001,0.005,0.05,0.052,0.038,0.001,0.001,0.007,0.001
0.651,0.058,0.058,0.074,0.001,0.003,0.001,0.005,0.05,0.052,0.038,0.001,0.001,0.007,0.001
0.653,0.058,0.058,0.074,0.001,0.001,0.001,0.005,0.05,0.052,0.038,0.001,0.001,0.007,0.001
0.653,0.058,0.058,0.074,0.001,0.001,0.001,0.005,0.05,0.052,0.038,0.001,0.001,0.007,0.001
0.653,0.058,0.058,0.074,0.001,0.001,0.001,0.005,0.05,0.052,0.038,0.001,0.001,0.007,0.001
0.151,0.151,0.006,0.007,0.032,0.033,0.067,0.047,0.003,0.343,0.033,0.033,0.033,0.033,0.028
0.652,0.058,0.058,0.074,0.001,0.002,0.001,0.005,0.05,0.052,0.038,0.001,0.001,0.007,0.001
0.653,0.058,0.058,0.074,0.001,0.001,0.001,0.005,0.05,0.052,0.038,0.001,0.001,0.007,0.001
0.613,0.055,0.055,0.069,0.001,0.001,0.001,0.004,0.047,0.109,0.035,0.001,0.001,0.007,0.001
0.648,0.058,0.058,0.073,0.001,0.001,0.001,0.005,0.049,0.059,0.037,0.001,0.001,0.007,0.001
0.006,0.001,0.001,0.001,0.002,0.001,0.001,0.029,0.005,0.753,0.009,0.018,0.001,0.155,0.016
0.653,0.058,0.058,0.074,0.001,0.001,0.001,0.005,0.05,0.052,0.038,0.001,0.001,0.007,0.001
0.653,0.058,0.058,0.074,0.001,0.001,0.001,0.005,0.05,0.052,0.038,0.001,0.001,0.007,0.001
0.586,0.052,0.052,0.066,0.017,0.001,0.001,0.004,0.045,0.115,0.034,0.001,0.001,0.008,0.016
0.44,0.36,0.041,0.049,0.001,0.002,0.001,0.003,0.033,0.036,0.025,0.001,0.001,0.005,0.001
0.649,0.058,0.058,0.073,0.001,0.001,0.001,0.005,0.05,0.056,0.037,0.001,0.001,0.007,0.001
0.543,0.216,0.048,0.061,0.001,0.001,0.001,0.004,0.041,0.043,0.031,0.001,0.001,0.006,0.001
0.653,0.058,0.058,0.074,0.001,0.001,0.001,0.005,0.05,0.052,0.038,0.001,0.001,0.007,0.001
0.653,0.058,0.058,0.074,0.001,0.001,0.001,0.005,0.05,0.052,0.038,0.001,0.001,0.007,0.001
0.653,0.058,0.058,0.074,0.001,0.001,0.001,0.005,0.05,0.052,0.038,0.001,0.001,0.007,0.001
0.653,0.058,0.058,0.074,0.001,0.001,0.001,0.005,0.05,0.052,0.038,0.001,0.001,0.007,0.001
0.63,0.056,0.091,0.071,0.001,0.001,0.001,0.005,0.048,0.05,0.036,0.001,0.001,0.007,0.001
0.56,0.058,0.165,0.063,0.007,0.005,0.004,0.004,0.043,0.044,0.032,0.002,0.004,0.006,0.004
0.653,0.058,0.058,0.074,0.001,0.001,0.001,0.005,0.05,0.052,0.038,0.001,0.001,0.007,0.001
0.653,0.058,0.058,0.074,0.001,0.001,0.001,0.005,0.05,0.052,0.038,0.001,0.001,0.007,0.001
0.532,0.047,0.047,0.06,0.001,0.001,0.001,0.004,0.04,0.042,0.03,0.001,0.178,0.014,0.001
0.637,0.057,0.08,0.072,0.001,0.001,0.001,0.005,0.049,0.051,0.037,0.001,0.001,0.007,0.001
0.653,0.058,0.058,0.074,0.001,0.001,0.001,0.005,0.05,0.052,0.038,0.001,0.001,0.007,0.001
0.602,0.077,0.108,0.068,0.001,0.001,0.001,0.004,0.046,0.048,0.035,0.001,0.001,0.006,0.001
0.191,0.015,0.015,0.018,0.001,0.001,0.001,0.022,0.016,0.184,0.531,0.001,0.001,0.002,0.001
0.651,0.06,0.058,0.074,0.001,0.001,0.001,0.005,0.05,0.052,0.038,0.001,0.001,0.007,0.001
0.216,0.017,0.017,0.021,0.001,0.001,0.001,0.021,0.018,0.176,0.507,0.001,0.001,0.002,0.001
0.646,0.058,0.058,0.073,0.001,0.001,0.001,0.005,0.049,0.062,0.037,0.001,0.001,0.007,0.001
0.653,0.058,0.058,0.074,0.001,0.001,0.001,0.005,0.05,0.052,0.038,0.001,0.001,0.007,0.001
0.653,0.058,0.058,0.074,0.001,0.001,0.001,0.005,0.05,0.052,0.038,0.001,0.001,0.007,0.001
0.525,0.047,0.047,0.059,0.001,0.049,0.149,0.004,0.04,0.041,0.03,0.001,0.001,0.005,0.001
0.073,0.005,0.005,0.006,0.001,0.001,0.001,0.027,0.005,0.223,0.647,0.001,0.001,0.002,0.001
0.398,0.032,0.033,0.039,0.001,0.001,0.001,0.009,0.033,0.215,0.232,0.001,0.001,0.003,0.001
0.653,0.058,0.058,0.074,0.001,0.001,0.001,0.005,0.05,0.052,0.038,0.001,0.001,0.007,0.001
0.648,0.065,0.058,0.073,0.001,0.001,0.001,0.005,0.049,0.052,0.037,0.001,0.001,0.007,0.001
0.633,0.056,0.056,0.071,0.001,0.032,0.001,0.005,0.048,0.05,0.036,0.001,0.001,0.007,0.001
0.612,0.117,0.055,0.069,0.001,0.001,0.001,0.004,0.047,0.049,0.035,0.001,0.001,0.007,0.001
0.651,0.058,0.058,0.074,0.003,0.001,0.001,0.005,0.05,0.052,0.038,0.001,0.001,0.007,0.001
0.107,0.008,0.008,0.01,0.001,0.001,0.001,0.026,0.008,0.212,0.613,0.001,0.001,0.002,0.001
0.623,0.056,0.101,0.07,0.001,0.001,0.001,0.004,0.047,0.049,0.036,0.001,0.001,0.007,0.001
0.653,0.058,0.058,0.074,0.001,0.001,0.001,0.005,0.05,0.052,0.038,0.001,0.001,0.007,0.001
0.653,0.058,0.058,0.074,0.001,0.001,0.001,0.005,0.05,0.052,0.038,0.001,0.001,0.007,0.001
0.653,0.058,0.058,0.074,0.001,0.001,0.001,0.005,0.05,0.052,0.038,0.001,0.001,0.007,0.001
0.633,0.087,0.056,0.071,0.001,0.001,0.001,0.005,0.048,0.05,0.036,0.001,0.001,0.007,0.001
0.653,0.058,0.058,0.074,0.001,0.001,0.001,0.005,0.05,0.052,0.038,0.001,0.001,0.007,0.001
0.653,0.058,0.058,0.074,0.001,0.001,0.001,0.005,0.05,0.052,0.038,0.001,0.001,0.007,0.001
0.03,0.016,0.006,0.088,0.029,0.476,0.155,0.084,0.003,0.001,0.024,0.015,0.001,0.07,0.001
0.653,0.058,0.058,0.074,0.001,0.001,0.001,0.005,0.05,0.052,0.038,0.001,0.001,0.007,0.001
0.639,0.057,0.078,0.072,0.001,0.001,0.001,0.005,0.049,0.051,0.037,0.001,0.001,0.007,0.001
0.616,0.055,0.055,0.07,0.001,0.057,0.001,0.004,0.047,0.049,0.035,0.001,0.001,0.007,0.001
0.594,0.053,0.143,0.067,0.001,0.001,0.001,0.004,0.045,0.047,0.034,0.001,0.001,0.006,0.001
0.02,0.001,0.001,0.018,0.001,0.001,0.003,0.037,0.001,0.502,0.398,0.004,0.006,0.004,0.004
0.653,0.058,0.058,0.074,0.001,0.001,0.001,0.005,0.05,0.052,0.038,0.001,0.001,0.007,0.001
0.653,0.058,0.058,0.074,0.001,0.001,0.001,0.005,0.05,0.052,0.038,0.001,0.001,0.007,0.001
0.024,0.001,0.001,0.043,0.001,0.001,0.001,0.028,0.001,0.736,0.157,0.001,0.001,0.002,0.001
0.653,0.058,0.058,0.074,0.001,0.001,0.001,0.005,0.05,0.052,0.038,0.001,0.001,0.007,0.001
0.02,0.001,0.001,0.001,0.001,0.001,0.001,0.036,0.001,0.433,0.501,0.001,0.001,0.001,0.001
0.63,0.056,0.056,0.071,0.001,0.001,0.001,0.005,0.048,0.084,0.036,0.001,0.001,0.007,0.001
0.142,0.011,0.011,0.013,0.001,0.001,0.001,0.024,0.011,0.2,0.579,0.001,0.001,0.002,0.001
0.653,0.058,0.058,0.074,0.001,0.001,0.001,0.005,0.05,0.052,0.038,0.001,0.001,0.007,0.001
0.021,0.011,0.009,0.007,0.006,0.003,0.007,0.042,0.001,0.664,0.209,0.007,0.006,0.003,0.005
0.628,0.056,0.056,0.071,0.001,0.001,0.001,0.005,0.048,0.088,0.036,0.001,0.001,0.007,0.001
0.616,0.055,0.055,0.07,0.001,0.057,0.001,0.004,0.047,0.049,0.035,0.002,0.001,0.007,0.001
0.653,0.058,0.058,0.074,0.001,0.001,0.001,0.005,0.05,0.052,0.038,0.001,0.001,0.007,0.001
0.653,0.058,0.058,0.074,0.001,0.001,0.001,0.005,0.05,0.052,0.038,0.001,0.001,0.007,0.001
0.652,0.058,0.058,0.074,0.001,0.001,0.001,0.005,0.05,0.053,0.038,0.001,0.001,0.007,0.001
0.032,0.03,0.002,0.288,0.001,0.001,0.001,0.019,0.002,0.511,0.109,0.001,0.001,0.002,0.001
0.145,0.051,0.011,0.014,0.001,0.009,0.006,0.022,0.012,0.181,0.524,0.001,0.001,0.002,0.02
0.628,0.056,0.093,0.071,0.001,0.001,0.001,0.005,0.048,0.05,0.036,0.001,0.001,0.007,0.001
0.084,0.01,0.01,0.007,0.001,0.001,0.001,0.07,0.005,0.482,0.317,0.001,0.001,0.008,0.001
0.307,0.025,0.025,0.054,0.001,0.001,0.001,0.021,0.025,0.265,0.258,0.001,0.001,0.014,0.001
0.636,0.057,0.057,0.072,0.001,0.001,0.001,0.005,0.048,0.05,0.037,0.027,0.001,0.007,0.001
0.643,0.057,0.057,0.073,0.001,0.001,0.015,0.005,0.049,0.051,0.037,0.001,0.001,0.007,0.001
0.018,0.001,0.001,0.275,0.001,0.001,0.001,0.016,0.001,0.45,0.231,0.001,0.001,0.001,0.001
0.62,0.055,0.055,0.07,0.001,0.001,0.001,0.004,0.047,0.049,0.036,0.001,0.001,0.057,0.001
0.653,0.058,0.058,0.074,0.001,0.001,0.001,0.005,0.05,0.052,0.038,0.001,0.001,0.007,0.001
0.653,0.058,0.058,0.074,0.001,0.001,0.001,0.005,0.05,0.052,0.038,0.001,0.001,0.007,0.001
0.653,0.058,0.058,0.074,0.001,0.001,0.001,0.005,0.05,0.052,0.038,0.001,0.001,0.007,0.001
0.632,0.057,0.057,0.071,0.001,0.001,0.001,0.005,0.048,0.05,0.036,0.031,0.001,0.007,0.001
0.519,0.048,0.046,0.058,0.024,0.014,0.002,0.004,0.039,0.085,0.03,0.011,0.011,0.009,0.099
0.619,0.055,0.055,0.07,0.001,0.001,0.001,0.004,0.047,0.101,0.036,0.001,0.001,0.007,0.001
0.653,0.058,0.058,0.074,0.001,0.001,0.001,0.005,0.05,0.052,0.038,0.001,0.001,0.007,0.001
0.653,0.058,0.058,0.074,0.001,0.001,0.001,0.005,0.05,0.052,0.038,0.001,0.001,0.007,0.001
0.602,0.054,0.054,0.068,0.001,0.001,0.001,0.004,0.046,0.126,0.035,0.001,0.001,0.006,0.001
0.653,0.058,0.058,0.074,0.001,0.001,0.001,0.005,0.05,0.052,0.038,0.001,0.001,0.007,0.001
0.653,0.058,0.058,0.074,0.001,0.001,0.001,0.005,0.05,0.052,0.038,0.001,0.001,0.007,0.001
0.653,0.058,0.058,0.074,0.001,0.001,0.001,0.005,0.05,0.052,0.038,0.001,0.001,0.007,0.001
0.426,0.181,0.243,0.048,0.001,0.001,0.001,0.003,0.032,0.033,0.024,0.001,0.001,0.004,0.001
0.653,0.058,0.058,0.074,0.001,0.001,0.001,0.005,0.05,0.052,0.038,0.001,0.001,0.007,0.001
0.602,0.054,0.054,0.068,0.001,0.001,0.001,0.004,0.046,0.125,0.035,0.001,0.001,0.006,0.001
0.653,0.058,0.058,0.074,0.001,0.001,0.001,0.005,0.05,0.052,0.038,0.001,0.001,0.007,0.001
0.653,0.058,0.058,0.074,0.001,0.001,0.001,0.005,0.05,0.052,0.038,0.001,0.001,0.007,0.001
0.653,0.058,0.058,0.074,0.001,0.001,0.001,0.005,0.05,0.052,0.038,0.001,0.001,0.007,0.001
0.653,0.058,0.058,0.074,0.001,0.001,0.001,0.005,0.05,0.052,0.038,0.001,0.001,0.007,0.001
0.543,0.048,0.216,0.061,0.001,0.001,0.001,0.004,0.041,0.043,0.031,0.001,0.001,0.006,0.001
0.653,0.058,0.058,0.074,0.001,0.001,0.001,0.005,0.05,0.052,0.038,0.001,0.001,0.007,0.001
0.022,0.011,0.013,0.105,0.001,0.027,0.001,0.018,0.001,0.474,0.285,0.001,0.001,0.039,0.001
0.461,0.041,0.041,0.052,0.033,0.036,0.141,0.003,0.035,0.037,0.026,0.069,0.019,0.005,0.001
0.602,0.054,0.132,0.068,0.001,0.001,0.001,0.004,0.046,0.048,0.035,0.001,0.001,0.006,0.001
0.643,0.057,0.057,0.073,0.001,0.001,0.001,0.005,0.049,0.066,0.037,0.001,0.001,0.007,0.001
0.623,0.056,0.056,0.07,0.001,0.001,0.001,0.004,0.047,0.049,0.036,0.001,0.001,0.052,0.001
0.649,0.058,0.058,0.073,0.001,0.001,0.001,0.005,0.05,0.057,0.037,0.001,0.001,0.007,0.001
0.767,0.038,0.038,0.043,0.001,0.001,0.001,0.002,0.02,0.084,0.002,0.001,0.001,0.001,0.001
0.653,0.058,0.058,0.074,0.001,0.001,0.001,0.005,0.05,0.052,0.038,0.001,0.001,0.007,0.001
0.601,0.073,0.073,0.068,0.001,0.001,0.001,0.004,0.046,0.048,0.035,0.001,0.001,0.047,0.001
0.628,0.056,0.056,0.071,0.001,0.039,0.001,0.005,0.048,0.05,0.036,0.001,0.001,0.007,0.001
0.112,0.008,0.008,0.023,0.001,0.001,0.001,0.025,0.009,0.207,0.599,0.001,0.001,0.002,0.001
0.653,0.058,0.058,0.074,0.001,0.001,0.001,0.005,0.05,0.052,0.038,0.001,0.001,0.007,0.001
0.021,0.001,0.003,0.001,0.001,0.001,0.001,0.017,0.001,0.47,0.085,0.004,0.096,0.275,0.022
0.41,0.409,0.036,0.046,0.001,0.001,0.001,0.003,0.031,0.032,0.023,0.001,0.001,0.004,0.001
0.653,0.058,0.058,0.074,0.001,0.001,0.001,0.005,0.05,0.052,0.038,0.001,0.001,0.007,0.001
0.653,0.058,0.058,0.074,0.001,0.001,0.001,0.005,0.05,0.052,0.038,0.001,0.001,0.007,0.001
0.639,0.057,0.057,0.072,0.001,0.022,0.001,0.005,0.049,0.051,0.037,0.001,0.001,0.007,0.001
0.653,0.058,0.058,0.074,0.001,0.001,0.001,0.005,0.05,0.052,0.038,0.001,0.001,0.007,0.001
0.629,0.056,0.056,0.071,0.001,0.001,0.001,0.005,0.048,0.05,0.036,0.001,0.001,0.043,0.001
0.653,0.058,0.058,0.074,0.001,0.001,0.001,0.005,0.05,0.052,0.038,0.001,0.001,0.007,0.001
0.653,0.058,0.058,0.074,0.001,0.001,0.001,0.005,0.05,0.052,0.038,0.001,0.001,0.007,0.001
0.629,0.056,0.056,0.071,0.001,0.001,0.001,0.005,0.048,0.05,0.036,0.001,0.001,0.043,0.001
0.613,0.055,0.055,0.069,0.001,0.001,0.001,0.004,0.047,0.11,0.035,0.001,0.001,0.007,0.001
0.579,0.033,0.274,0.038,0.045,0.002,0.002,0.001,0.016,0.005,0.001,0.001,0.001,0.001,0.001
0.461,0.335,0.041,0.052,0.001,0.001,0.001,0.003,0.035,0.036,0.026,0.001,0.001,0.005,0.001
0.457,0.04,0.04,0.051,0.001,0.029,0.273,0.003,0.035,0.036,0.026,0.001,0.001,0.005,0.001
0.653,0.058,0.058,0.074,0.001,0.001,0.001,0.005,0.05,0.052,0.038,0.001,0.001,0.007,0.001
0.506,0.27,0.045,0.057,0.001,0.001,0.001,0.003,0.038,0.04,0.029,0.001,0.001,0.005,0.001
0.393,0.037,0.036,0.044,0.045,0.036,0.004,0.002,0.03,0.063,0.022,0.024,0.026,0.022,0.216
0.002,0.001,0.001,0.001,0.001,0.001,0.001,0.096,0.537,0.252,0.104,0.001,0.001,0.001,0.001
0.621,0.055,0.104,0.07,0.001,0.001,0.001,0.004,0.047,0.049,0.036,0.001,0.001,0.007,0.001
0.606,0.054,0.054,0.068,0.001,0.046,0.001,0.004,0.046,0.067,0.035,0.009,0.001,0.006,0.001
0.653,0.058,0.058,0.074,0.001,0.001,0.001,0.005,0.05,0.052,0.038,0.001,0.001,0.007,0.001
0.647,0.058,0.058,0.073,0.001,0.001,0.001,0.005,0.049,0.051,0.037,0.001,0.001,0.015,0.001
0.356,0.112,0.042,0.04,0.19,0.03,0.024,0.002,0.027,0.028,0.02,0.001,0.083,0.045,0.001
0.653,0.058,0.058,0.074,0.001,0.001,0.001,0.005,0.05,0.052,0.038,0.001,0.001,0.007,0.001
0.652,0.059,0.058,0.074,0.001,0.001,0.001,0.005,0.05,0.052,0.038,0.001,0.001,0.007,0.001
0.653,0.058,0.058,0.074,0.001,0.001,0.001,0.005,0.05,0.052,0.038,0.001,0.001,0.007,0.001
0.652,0.058,0.058,0.074,0.001,0.001,0.001,0.005,0.05,0.052,0.038,0.001,0.001,0.007,0.001
0.639,0.078,0.057,0.072,0.001,0.001,0.001,0.005,0.049,0.051,0.037,0.001,0.001,0.007,0.001
0.653,0.058,0.058,0.074,0.001,0.001,0.001,0.005,0.05,0.052,0.038,0.001,0.001,0.007,0.001
0.652,0.058,0.059,0.074,0.001,0.001,0.001,0.005,0.05,0.052,0.038,0.001,0.001,0.007,0.001
0.643,0.057,0.057,0.073,0.001,0.001,0.001,0.005,0.049,0.051,0.037,0.001,0.001,0.022,0.001
0.652,0.058,0.058,0.074,0.001,0.001,0.001,0.005,0.05,0.053,0.038,0.001,0.001,0.007,0.001
0.46,0.337,0.041,0.052,0.001,0.001,0.001,0.003,0.035,0.036,0.026,0.001,0.001,0.005,0.001
0.653,0.058,0.058,0.074,0.001,0.001,0.001,0.005,0.05,0.052,0.038,0.001,0.001,0.007,0.001
0.025,0.001,0.001,0.002,0.001,0.001,0.001,0.026,0.001,0.678,0.251,0.001,0.008,0.002,0.001
0.646,0.058,0.058,0.073,0.001,0.001,0.001,0.005,0.049,0.051,0.037,0.001,0.011,0.007,0.001
0.652,0.058,0.058,0.074,0.001,0.001,0.001,0.005,0.05,0.053,0.038,0.001,0.001,0.007,0.001
0.653,0.058,0.058,0.074,0.001,0.001,0.001,0.005,0.05,0.052,0.038,0.001,0.001,0.007,0.001
0.653,0.058,0.058,0.074,0.001,0.001,0.001,0.005,0.05,0.052,0.038,0.001,0.001,0.007,0.001
0.653,0.058,0.058,0.074,0.001,0.001,0.001,0.005,0.05,0.052,0.038,0.001,0.001,0.007,0.001
0.653,0.058,0.058,0.074,0.001,0.001,0.001,0.005,0.05,0.052,0.038,0.001,0.001,0.007,0.001
0.581,0.096,0.039,0.046,0.013,0.002,0.001,0.002,0.028,0.016,0.008,0.012,0.012,0.014,0.13
0.628,0.056,0.056,0.071,0.001,0.001,0.001,0.005,0.048,0.05,0.036,0.001,0.001,0.045,0.001
0.653,0.058,0.058,0.074,0.001,0.001,0.001,0.005,0.05,0.052,0.038,0.001,0.001,0.007,0.001
0.653,0.058,0.058,0.074,0.001,0.001,0.001,0.005,0.05,0.052,0.038,0.001,0.001,0.007,0.001
0.653,0.058,0.058,0.074,0.001,0.001,0.001,0.005,0.05,0.052,0.038,0.001,0.001,0.007,0.001
0.623,0.056,0.056,0.07,0.001,0.001,0.001,0.004,0.048,0.049,0.036,0.001,0.001,0.052,0.001
0.598,0.053,0.137,0.068,0.001,0.001,0.001,0.004,0.046,0.047,0.034,0.001,0.001,0.006,0.001
0.653,0.058,0.058,0.074,0.001,0.001,0.001,0.005,0.05,0.052,0.038,0.001,0.001,0.007,0.001
0.653,0.058,0.058,0.074,0.001,0.001,0.001,0.005,0.05,0.052,0.038,0.001,0.001,0.007,0.001
0.02,0.022,0.021,0.001,0.001,0.001,0.001,0.021,0.001,0.572,0.336,0.001,0.001,0.001,0.001
0.611,0.054,0.054,0.069,0.001,0.002,0.001,0.004,0.047,0.049,0.035,0.001,0.001,0.069,0.001
0.653,0.058,0.058,0.074,0.001,0.001,0.001,0.005,0.05,0.052,0.038,0.001,0.001,0.007,0.001
0.626,0.097,0.056,0.071,0.001,0.001,0.001,0.004,0.048,0.05,0.036,0.001,0.001,0.007,0.001
0.611,0.054,0.054,0.069,0.001,0.001,0.001,0.004,0.047,0.048,0.035,0.001,0.001,0.071,0.001
0.616,0.055,0.055,0.07,0.001,0.057,0.001,0.004,0.047,0.049,0.035,0.001,0.001,0.007,0.001
0.615,0.055,0.055,0.07,0.001,0.001,0.001,0.004,0.047,0.106,0.035,0.001,0.001,0.007,0.001
0.64,0.057,0.057,0.072,0.001,0.001,0.001,0.005,0.049,0.07,0.037,0.001,0.001,0.007,0.001
0.647,0.058,0.058,0.073,0.001,0.001,0.001,0.005,0.049,0.051,0.037,0.01,0.001,0.007,0.001
0.641,0.057,0.057,0.072,0.001,0.001,0.001,0.005,0.049,0.069,0.037,0.001,0.001,0.007,0.001
0.516,0.046,0.046,0.058,0.017,0.001,0.001,0.004,0.039,0.041,0.03,0.017,0.017,0.015,0.153
0.652,0.058,0.058,0.074,0.001,0.001,0.001,0.005,0.05,0.052,0.038,0.001,0.001,0.007,0.001
0.299,0.023,0.023,0.029,0.001,0.001,0.001,0.018,0.025,0.148,0.426,0.001,0.001,0.002,0.001
0.533,0.047,0.231,0.06,0.001,0.001,0.001,0.004,0.041,0.042,0.031,0.001,0.001,0.006,0.001
0.653,0.058,0.058,0.074,0.001,0.001,0.001,0.005,0.05,0.052,0.038,0.001,0.001,0.007,0.001
0.652,0.058,0.058,0.074,0.001,0.001,0.001,0.005,0.05,0.052,0.038,0.001,0.001,0.008,0.001
0.641,0.057,0.057,0.072,0.001,0.019,0.001,0.005,0.049,0.051,0.037,0.001,0.001,0.007,0.001
0.629,0.056,0.056,0.071,0.001,0.001,0.001,0.005,0.048,0.086,0.036,0.001,0.001,0.007,0.001
0.653,0.058,0.058,0.074,0.001,0.001,0.001,0.005,0.05,0.052,0.038,0.001,0.001,0.007,0.001
0.65,0.062,0.058,0.073,0.001,0.001,0.001,0.005,0.05,0.052,0.037,0.001,0.001,0.007,0.001
0.652,0.058,0.058,0.074,0.001,0.001,0.001,0.005,0.05,0.053,0.038,0.001,0.001,0.007,0.001
0.644,0.057,0.057,0.073,0.001,0.001,0.001,0.005,0.049,0.064,0.037,0.001,0.001,0.007,0.001
0.616,0.05,0.07,0.054,0.042,0.008,0.008,0.002,0.039,0.055,0.011,0.003,0.003,0.003,0.035
0.481,0.043,0.043,0.054,0.022,0.001,0.001,0.003,0.036,0.038,0.027,0.021,0.021,0.019,0.19
0.65,0.058,0.058,0.073,0.001,0.001,0.001,0.005,0.05,0.052,0.037,0.001,0.005,0.007,0.001
0.653,0.058,0.058,0.074,0.001,0.001,0.001,0.005,0.05,0.052,0.038,0.001,0.001,0.007,0.001
0.652,0.059,0.058,0.074,0.001,0.001,0.001,0.005,0.05,0.052,0.038,0.001,0.001,0.007,0.001
0.442,0.039,0.039,0.05,0.268,0.03,0.03,0.003,0.033,0.035,0.025,0.001,0.001,0.004,0.001
0.531,0.047,0.234,0.06,0.001,0.001,0.001,0.004,0.04,0.042,0.03,0.001,0.001,0.006,0.001
0.653,0.058,0.058,0.074,0.001,0.001,0.001,0.005,0.05,0.052,0.038,0.001,0.001,0.007,0.001
0.653,0.058,0.058,0.074,0.001,0.001,0.001,0.005,0.05,0.052,0.038,0.001,0.001,0.007,0.001
0.653,0.058,0.058,0.074,0.001,0.001,0.001,0.005,0.05,0.052,0.038,0.001,0.001,0.007,0.001
0.652,0.059,0.058,0.074,0.001,0.001,0.001,0.005,0.05,0.052,0.038,0.001,0.001,0.007,0.001
0.653,0.058,0.058,0.074,0.001,0.001,0.001,0.005,0.05,0.052,0.038,0.001,0.001,0.007,0.001
0.176,0.011,0.011,0.11,0.001,0.001,0.001,0.021,0.017,0.646,0.001,0.001,0.001,0.001,0.001
0.037,0.118,0.554,0.05,0.001,0.001,0.001,0.003,0.003,0.085,0.024,0.103,0.001,0.019,0.001
0.018,0.017,0.001,0.001,0.001,0.001,0.001,0.028,0.001,0.803,0.124,0.001,0.001,0.001,0.001
0.653,0.058,0.058,0.074,0.001,0.001,0.001,0.005,0.05,0.052,0.038,0.001,0.001,0.007,0.001
0.653,0.058,0.058,0.074,0.001,0.001,0.001,0.005,0.05,0.052,0.038,0.001,0.001,0.007,0.001
0.653,0.058,0.058,0.074,0.001,0.001,0.001,0.005,0.05,0.052,0.038,0.001,0.001,0.007,0.001
0.598,0.053,0.053,0.068,0.001,0.001,0.001,0.004,0.046,0.047,0.034,0.001,0.001,0.084,0.007
0.635,0.057,0.057,0.072,0.001,0.001,0.001,0.005,0.048,0.077,0.037,0.001,0.001,0.007,0.001
0.613,0.055,0.116,0.069,0.001,0.001,0.001,0.004,0.047,0.049,0.035,0.001,0.001,0.007,0.001
0.507,0.041,0.041,0.051,0.001,0.001,0.001,0.009,0.042,0.079,0.223,0.001,0.001,0.002,0.001
0.559,0.132,0.05,0.063,0.001,0.002,0.002,0.004,0.043,0.047,0.032,0.024,0.033,0.006,0.003
0.001,0.001,0.001,0.184,0.009,0.001,0.001,0.132,0.103,0.001,0.275,0.001,0.001,0.288,0.001
0.371,0.015,0.015,0.017,0.001,0.001,0.001,0.018,0.517,0.024,0.017,0.001,0.001,0.001,0.001
0.652,0.058,0.058,0.074,0.001,0.001,0.001,0.005,0.05,0.052,0.038,0.001,0.001,0.007,0.001
0.653,0.058,0.058,0.074,0.001,0.001,0.001,0.005,0.05,0.052,0.038,0.001,0.001,0.007,0.001
0.653,0.058,0.058,0.074,0.001,0.001,0.001,0.005,0.05,0.052,0.038,0.001,0.001,0.007,0.001
0.019,0.004,0.001,0.002,0.002,0.002,0.001,0.011,0.001,0.328,0.129,0.298,0.168,0.033,0.001
0.653,0.058,0.058,0.074,0.001,0.001,0.001,0.005,0.05,0.052,0.038,0.001,0.001,0.007,0.001
0.653,0.058,0.058,0.074,0.001,0.001,0.001,0.005,0.05,0.052,0.038,0.001,0.001,0.007,0.001
0.653,0.058,0.058,0.074,0.001,0.001,0.001,0.005,0.05,0.052,0.038,0.001,0.001,0.007,0.001
0.043,0.349,0.173,0.145,0.025,0.029,0.022,0.009,0.003,0.081,0.055,0.012,0.01,0.003,0.04
0.584,0.054,0.052,0.066,0.014,0.007,0.051,0.004,0.044,0.046,0.034,0.001,0.018,0.02,0.005
0.65,0.058,0.058,0.074,0.001,0.001,0.001,0.005,0.05,0.055,0.038,0.001,0.001,0.007,0.001
0.653,0.058,0.058,0.074,0.001,0.001,0.001,0.005,0.05,0.052,0.038,0.001,0.001,0.007,0.001
0.653,0.058,0.058,0.074,0.001,0.001,0.001,0.005,0.05,0.052,0.038,0.001,0.001,0.007,0.001
0.097,0.007,0.007,0.009,0.001,0.001,0.001,0.026,0.007,0.215,0.623,0.001,0.001,0.002,0.001
0.56,0.193,0.05,0.063,0.001,0.001,0.001,0.004,0.043,0.044,0.032,0.001,0.001,0.006,0.001
0.598,0.053,0.053,0.068,0.001,0.001,0.001,0.004,0.046,0.07,0.034,0.001,0.001,0.068,0.001
0.635,0.057,0.057,0.072,0.001,0.002,0.026,0.005,0.048,0.05,0.037,0.001,0.001,0.007,0.001
0.435,0.373,0.038,0.049,0.001,0.001,0.001,0.003,0.033,0.034,0.025,0.001,0.001,0.004,0.001
0.616,0.083,0.083,0.07,0.001,0.001,0.001,0.004,0.047,0.049,0.035,0.001,0.001,0.007,0.001
0.598,0.138,0.053,0.067,0.001,0.001,0.001,0.004,0.046,0.047,0.034,0.001,0.001,0.006,0.001
0.364,0.027,0.027,0.031,0.001,0.001,0.001,0.015,0.034,0.119,0.377,0.001,0.001,0.001,0.001
0.653,0.058,0.058,0.074,0.001,0.001,0.001,0.005,0.05,0.052,0.038,0.001,0.001,0.007,0.001
0.653,0.058,0.058,0.074,0.001,0.001,0.001,0.005,0.05,0.052,0.038,0.001,0.001,0.007,0.001
0.653,0.058,0.058,0.074,0.001,0.001,0.001,0.005,0.05,0.052,0.038,0.001,0.001,0.007,0.001
0.653,0.058,0.058,0.074,0.001,0.001,0.001,0.005,0.05,0.052,0.038,0.001,0.001,0.007,0.001
0.014,0.001,0.157,0.011,0.001,0.015,0.001,0.023,0.001,0.718,0.049,0.001,0.007,0.001,0.001
0.013,0.001,0.001,0.001,0.015,0.001,0.001,0.033,0.001,0.896,0.001,0.001,0.001,0.033,0.001
0.727,0.05,0.053,0.042,0.001,0.002,0.001,0.005,0.072,0.026,0.013,0.002,0.002,0.002,0.001
0.65,0.058,0.058,0.073,0.001,0.005,0.001,0.005,0.05,0.052,0.037,0.001,0.001,0.007,0.001
0.648,0.058,0.058,0.073,0.001,0.001,0.001,0.005,0.049,0.059,0.037,0.001,0.001,0.007,0.001
0.639,0.057,0.057,0.072,0.001,0.022,0.001,0.005,0.049,0.051,0.037,0.001,0.001,0.007,0.001
0.464,0.282,0.041,0.052,0.001,0.001,0.001,0.003,0.035,0.086,0.026,0.001,0.001,0.005,0.001
0.653,0.058,0.058,0.074,0.001,0.001,0.001,0.005,0.05,0.052,0.038,0.001,0.001,0.007,0.001
0.602,0.054,0.054,0.068,0.001,0.001,0.001,0.004,0.046,0.048,0.035,0.001,0.001,0.084,0.001
0.653,0.058,0.058,0.074,0.001,0.001,0.001,0.005,0.05,0.052,0.038,0.001,0.001,0.007,0.001
0.59,0.149,0.053,0.067,0.001,0.001,0.001,0.004,0.045,0.047,0.034,0.001,0.001,0.006,0.001
0.653,0.058,0.058,0.074,0.001,0.001,0.001,0.005,0.05,0.052,0.038,0.001,0.001,0.007,0.001
0.653,0.058,0.058,0.074,0.001,0.001,0.001,0.005,0.05,0.052,0.038,0.001,0.001,0.007,0.001
0.653,0.058,0.058,0.074,0.001,0.001,0.001,0.005,0.05,0.052,0.038,0.001,0.001,0.007,0.001
0.52,0.099,0.099,0.059,0.005,0.001,0.003,0.004,0.04,0.041,0.03,0.039,0.005,0.005,0.051
0.442,0.036,0.036,0.045,0.001,0.001,0.001,0.011,0.036,0.308,0.073,0.001,0.001,0.006,0.001
0.652,0.058,0.059,0.074,0.001,0.001,0.001,0.005,0.05,0.052,0.038,0.001,0.001,0.007,0.001
0.537,0.121,0.152,0.06,0.001,0.001,0.001,0.004,0.041,0.042,0.031,0.001,0.001,0.006,0.001
0.623,0.056,0.056,0.07,0.001,0.046,0.001,0.004,0.048,0.049,0.036,0.001,0.001,0.007,0.001
0.641,0.057,0.057,0.073,0.001,0.018,0.001,0.005,0.049,0.051,0.037,0.001,0.001,0.007,0.001
0.457,0.04,0.307,0.051,0.001,0.001,0.001,0.003,0.035,0.036,0.026,0.001,0.001,0.039,0.001
0.618,0.055,0.055,0.07,0.001,0.001,0.001,0.004,0.047,0.049,0.036,0.001,0.001,0.06,0.001
0.644,0.057,0.057,0.073,0.014,0.001,0.001,0.005,0.049,0.051,0.037,0.001,0.001,0.007,0.001
0.315,0.265,0.267,0.035,0.001,0.001,0.001,0.002,0.024,0.024,0.018,0.001,0.001,0.044,0.001
0.646,0.058,0.058,0.073,0.011,0.001,0.001,0.005,0.049,0.051,0.037,0.001,0.001,0.007,0.001
0.652,0.059,0.058,0.074,0.001,0.001,0.001,0.005,0.05,0.052,0.038,0.001,0.001,0.007,0.001
0.652,0.058,0.058,0.074,0.001,0.001,0.001,0.005,0.05,0.053,0.038,0.001,0.001,0.007,0.001
0.653,0.058,0.058,0.074,0.001,0.001,0.001,0.005,0.05,0.052,0.038,0.001,0.001,0.007,0.001
0.653,0.058,0.058,0.074,0.001,0.001,0.001,0.005,0.05,0.052,0.038,0.001,0.001,0.007,0.001
0.564,0.1,0.065,0.064,0.001,0.001,0.001,0.004,0.043,0.116,0.032,0.001,0.001,0.006,0.001
0.039,0.006,0.006,0.01,0.005,0.001,0.001,0.04,0.005,0.718,0.145,0.001,0.001,0.017,0.005
0.381,0.034,0.034,0.043,0.001,0.001,0.001,0.002,0.029,0.03,0.021,0.391,0.001,0.031,0.001
0.641,0.057,0.057,0.072,0.001,0.019,0.001,0.005,0.049,0.051,0.037,0.001,0.001,0.007,0.001
0.652,0.059,0.058,0.074,0.001,0.001,0.001,0.005,0.05,0.052,0.038,0.001,0.001,0.007,0.001
0.653,0.058,0.058,0.074,0.001,0.001,0.001,0.005,0.05,0.052,0.038,0.001,0.001,0.007,0.001
0.612,0.054,0.118,0.069,0.001,0.001,0.001,0.004,0.047,0.049,0.035,0.001,0.001,0.007,0.001
0.019,0.001,0.098,0.207,0.017,0.001,0.001,0.016,0.001,0.203,0.407,0.001,0.025,0.003,0.001
0.653,0.058,0.058,0.074,0.001,0.001,0.001,0.005,0.05,0.052,0.038,0.001,0.001,0.007,0.001
0.653,0.058,0.058,0.074,0.001,0.001,0.001,0.005,0.05,0.052,0.038,0.001,0.001,0.007,0.001
0.653,0.058,0.058,0.074,0.001,0.001,0.001,0.005,0.05,0.052,0.038,0.001,0.001,0.007,0.001
0.506,0.173,0.142,0.057,0.001,0.001,0.001,0.003,0.038,0.04,0.029,0.001,0.001,0.005,0.001
0.128,0.009,0.009,0.012,0.001,0.001,0.001,0.017,0.01,0.399,0.408,0.001,0.001,0.001,0.001
0.653,0.058,0.058,0.074,0.001,0.001,0.001,0.005,0.05,0.052,0.038,0.001,0.001,0.007,0.001
0.652,0.058,0.058,0.074,0.002,0.001,0.001,0.005,0.05,0.052,0.038,0.001,0.001,0.007,0.001
0.653,0.058,0.058,0.074,0.001,0.001,0.001,0.005,0.05,0.052,0.038,0.001,0.001,0.007,0.001
0.653,0.058,0.058,0.074,0.001,0.001,0.001,0.005,0.05,0.052,0.038,0.001,0.001,0.007,0.001
0.65,0.058,0.058,0.073,0.001,0.001,0.001,0.005,0.05,0.052,0.037,0.001,0.001,0.011,0.001
0.329,0.02,0.019,0.021,0.022,0.001,0.001,0.016,0.06,0.392,0.006,0.042,0.001,0.048,0.023
0.613,0.115,0.055,0.069,0.001,0.001,0.001,0.004,0.047,0.049,0.035,0.001,0.001,0.007,0.001
0.653,0.058,0.058,0.074,0.001,0.001,0.001,0.005,0.05,0.052,0.038,0.001,0.001,0.007,0.001
0.101,0.007,0.007,0.009,0.001,0.001,0.001,0.026,0.008,0.214,0.619,0.001,0.001,0.002,0.001
0.372,0.021,0.157,0.043,0.026,0.127,0.002,0.007,0.026,0.036,0.015,0.002,0.003,0.138,0.026
0.653,0.058,0.058,0.074,0.001,0.001,0.001,0.005,0.05,0.052,0.038,0.001,0.001,0.007,0.001
0.651,0.058,0.058,0.074,0.001,0.001,0.001,0.005,0.05,0.054,0.038,0.001,0.001,0.007,0.001
0.653,0.058,0.058,0.074,0.001,0.001,0.001,0.005,0.05,0.052,0.038,0.001,0.001,0.007,0.001
0.653,0.058,0.058,0.074,0.001,0.001,0.001,0.005,0.05,0.052,0.038,0.001,0.001,0.007,0.001
0.653,0.058,0.058,0.074,0.001,0.001,0.001,0.005,0.05,0.052,0.038,0.001,0.001,0.007,0.001
0.645,0.058,0.058,0.073,0.001,0.001,0.001,0.005,0.049,0.051,0.037,0.001,0.001,0.018,0.001
0.652,0.058,0.058,0.074,0.001,0.002,0.001,0.005,0.05,0.052,0.038,0.001,0.001,0.007,0.001
0.653,0.058,0.058,0.074,0.001,0.001,0.001,0.005,0.05,0.052,0.038,0.001,0.001,0.007,0.001
0.114,0.008,0.008,0.01,0.001,0.001,0.001,0.016,0.009,0.435,0.392,0.001,0.001,0.001,0.001
0.653,0.058,0.058,0.074,0.001,0.001,0.001,0.005,0.05,0.052,0.038,0.001,0.001,0.007,0.001
0.63,0.092,0.056,0.071,0.001,0.001,0.001,0.005,0.048,0.05,0.036,0.001,0.001,0.007,0.001
0.653,0.058,0.058,0.074,0.001,0.001,0.001,0.005,0.05,0.052,0.038,0.001,0.001,0.007,0.001
0.653,0.058,0.058,0.074,0.001,0.001,0.001,0.005,0.05,0.052,0.038,0.001,0.001,0.007,0.001
0.653,0.058,0.058,0.074,0.001,0.001,0.001,0.005,0.05,0.052,0.038,0.001,0.001,0.007,0.001
0.65,0.058,0.058,0.074,0.001,0.001,0.001,0.005,0.05,0.055,0.037,0.001,0.001,0.007,0.001
0.653,0.058,0.058,0.074,0.001,0.001,0.001,0.005,0.05,0.052,0.038,0.001,0.001,0.007,0.001
0.65,0.058,0.058,0.073,0.001,0.001,0.001,0.005,0.05,0.056,0.037,0.001,0.001,0.007,0.001
0.653,0.058,0.058,0.074,0.001,0.001,0.001,0.005,0.05,0.052,0.038,0.001,0.001,0.007,0.001
0.231,0.018,0.018,0.022,0.001,0.001,0.001,0.021,0.019,0.171,0.493,0.001,0.001,0.002,0.001
0.653,0.058,0.058,0.074,0.001,0.001,0.001,0.005,0.05,0.052,0.038,0.001,0.001,0.007,0.001
0.653,0.058,0.058,0.074,0.001,0.001,0.001,0.005,0.05,0.052,0.038,0.001,0.001,0.007,0.001
0.4,0.041,0.365,0.045,0.001,0.001,0.001,0.003,0.03,0.031,0.023,0.001,0.001,0.056,0.001
0.645,0.058,0.058,0.073,0.001,0.001,0.001,0.005,0.049,0.063,0.037,0.001,0.001,0.007,0.001
0.653,0.058,0.058,0.074,0.001,0.001,0.001,0.005,0.05,0.052,0.038,0.001,0.001,0.007,0.001
0.653,0.058,0.058,0.074,0.001,0.001,0.001,0.005,0.05,0.052,0.038,0.001,0.001,0.007,0.001
0.024,0.001,0.001,0.02,0.001,0.001,0.001,0.029,0.001,0.235,0.681,0.001,0.001,0.002,0.001
0.563,0.05,0.05,0.063,0.001,0.001,0.001,0.004,0.043,0.118,0.032,0.001,0.065,0.006,0.001
0.573,0.049,0.048,0.059,0.007,0.038,0.014,0.004,0.038,0.037,0.049,0.03,0.018,0.03,0.007
0.639,0.078,0.057,0.072,0.001,0.001,0.001,0.005,0.049,0.051,0.037,0.001,0.001,0.007,0.001
0.632,0.056,0.056,0.071,0.001,0.001,0.001,0.005,0.048,0.05,0.036,0.001,0.001,0.039,0.001
0.653,0.058,0.058,0.074,0.001,0.001,0.001,0.005,0.05,0.052,0.038,0.001,0.001,0.007,0.001
0.653,0.058,0.058,0.074,0.001,0.001,0.001,0.005,0.05,0.052,0.038,0.001,0.001,0.007,0.001
0.653,0.058,0.058,0.074,0.001,0.001,0.001,0.005,0.05,0.052,0.038,0.001,0.001,0.007,0.001
0.111,0.008,0.008,0.01,0.001,0.001,0.001,0.026,0.009,0.211,0.61,0.001,0.001,0.002,0.001
0.04,0.002,0.002,0.003,0.001,0.001,0.001,0.029,0.003,0.234,0.679,0.001,0.001,0.002,0.001
0.642,0.07,0.061,0.073,0.001,0.001,0.001,0.005,0.049,0.051,0.037,0.001,0.001,0.007,0.001
0.642,0.057,0.057,0.073,0.001,0.017,0.001,0.005,0.049,0.051,0.037,0.001,0.001,0.007,0.001
0.652,0.059,0.058,0.074,0.001,0.001,0.001,0.005,0.05,0.052,0.038,0.001,0.001,0.007,0.001
0.03,0.001,0.001,0.001,0.001,0.001,0.001,0.761,0.001,0.197,0.001,0.001,0.001,0.001,0.001
0.615,0.056,0.061,0.07,0.001,0.001,0.001,0.004,0.047,0.066,0.035,0.034,0.001,0.007,0.001
0.559,0.05,0.05,0.063,0.001,0.014,0.132,0.004,0.043,0.044,0.032,0.001,0.001,0.006,0.001
0.653,0.058,0.058,0.074,0.001,0.001,0.001,0.005,0.05,0.052,0.038,0.001,0.001,0.007,0.001
0.653,0.058,0.058,0.074,0.001,0.001,0.001,0.005,0.05,0.052,0.038,0.001,0.001,0.007,0.001
0.653,0.058,0.058,0.074,0.001,0.001,0.001,0.005,0.05,0.052,0.038,0.001,0.001,0.007,0.001
0.653,0.058,0.058,0.074,0.001,0.001,0.001,0.005,0.05,0.052,0.038,0.001,0.001,0.007,0.001
0.653,0.058,0.058,0.074,0.001,0.001,0.001,0.005,0.05,0.052,0.038,0.001,0.001,0.007,0.001
0.424,0.037,0.037,0.048,0.028,0.002,0.002,0.003,0.032,0.033,0.024,0.028,0.028,0.025,0.248
0.653,0.058,0.058,0.074,0.001,0.001,0.001,0.005,0.05,0.052,0.038,0.001,0.001,0.007,0.001
0.632,0.088,0.056,0.071,0.001,0.001,0.001,0.005,0.048,0.05,0.036,0.001,0.001,0.007,0.001
0.088,0.006,0.006,0.008,0.001,0.001,0.001,0.027,0.007,0.218,0.632,0.001,0.001,0.002,0.001
0.653,0.058,0.058,0.074,0.001,0.001,0.001,0.005,0.05,0.052,0.038,0.001,0.001,0.007,0.001
0.021,0.004,0.001,0.001,0.001,0.001,0.001,0.038,0.001,0.499,0.429,0.001,0.001,0.001,0.001
0.65,0.058,0.058,0.074,0.001,0.005,0.001,0.005,0.05,0.052,0.037,0.001,0.001,0.007,0.001
0.599,0.136,0.053,0.068,0.001,0.001,0.001,0.004,0.046,0.048,0.034,0.001,0.001,0.006,0.001
0.732,0.038,0.075,0.051,0.002,0.001,0.001,0.005,0.05,0.026,0.014,0.001,0.001,0.001,0.002
0.653,0.058,0.058,0.074,0.001,0.001,0.001,0.005,0.05,0.052,0.038,0.001,0.001,0.007,0.001
0.653,0.058,0.058,0.074,0.001,0.001,0.001,0.005,0.05,0.052,0.038,0.001,0.001,0.007,0.001
0.653,0.058,0.058,0.074,0.001,0.001,0.001,0.005,0.05,0.052,0.038,0.001,0.001,0.007,0.001
0.627,0.056,0.056,0.071,0.001,0.04,0.001,0.005,0.048,0.05,0.036,0.001,0.001,0.007,0.001
0.597,0.053,0.053,0.067,0.001,0.001,0.001,0.004,0.045,0.047,0.034,0.001,0.087,0.007,0.001
0.618,0.055,0.055,0.07,0.001,0.001,0.001,0.004,0.047,0.103,0.036,0.001,0.001,0.007,0.001
0.653,0.058,0.058,0.074,0.001,0.001,0.001,0.005,0.05,0.052,0.038,0.001,0.001,0.007,0.001
0.65,0.058,0.058,0.073,0.005,0.001,0.001,0.005,0.05,0.052,0.037,0.001,0.001,0.007,0.001
0.653,0.058,0.058,0.074,0.001,0.001,0.001,0.005,0.05,0.052,0.038,0.001,0.001,0.007,0.001
0.016,0.002,0.195,0.026,0.001,0.001,0.001,0.283,0.001,0.468,0.001,0.001,0.001,0.001,0.001
0.501,0.044,0.044,0.056,0.001,0.022,0.213,0.003,0.038,0.04,0.029,0.001,0.001,0.005,0.001
0.653,0.058,0.058,0.074,0.001,0.001,0.001,0.005,0.05,0.052,0.038,0.001,0.001,0.007,0.001
0.441,0.035,0.035,0.044,0.001,0.001,0.02,0.011,0.037,0.096,0.274,0.001,0.001,0.002,0.001
0.017,0.001,0.001,0.001,0.007,0.001,0.001,0.034,0.001,0.824,0.107,0.001,0.001,0.001,0.001
0.016,0.003,0.001,0.2,0.002,0.001,0.001,0.027,0.001,0.686,0.059,0.001,0.001,0.001,0.001
0.503,0.045,0.045,0.057,0.138,0.015,0.015,0.003,0.038,0.105,0.029,0.001,0.001,0.005,0.001
0.651,0.06,0.058,0.074,0.001,0.001,0.001,0.005,0.05,0.052,0.038,0.001,0.001,0.007,0.001
0.645,0.058,0.058,0.073,0.001,0.001,0.013,0.005,0.049,0.051,0.037,0.001,0.001,0.007,0.001
0.653,0.058,0.058,0.074,0.001,0.001,0.001,0.005,0.05,0.052,0.038,0.001,0.001,0.007,0.001
0.653,0.058,0.058,0.074,0.001,0.001,0.001,0.005,0.05,0.052,0.038,0.001,0.001,0.007,0.001
0.653,0.058,0.058,0.074,0.001,0.001,0.001,0.005,0.05,0.052,0.038,0.001,0.001,0.007,0.001
0.653,0.058,0.058,0.074,0.001,0.001,0.001,0.005,0.05,0.052,0.038,0.001,0.001,0.007,0.001
0.619,0.055,0.055,0.07,0.001,0.001,0.001,0.004,0.047,0.101,0.036,0.001,0.001,0.007,0.001
0.613,0.055,0.055,0.069,0.001,0.005,0.057,0.004,0.047,0.049,0.035,0.001,0.001,0.007,0.001
0.061,0.004,0.004,0.005,0.001,0.001,0.001,0.028,0.004,0.227,0.658,0.001,0.001,0.002,0.001
0.02,0.001,0.087,0.366,0.021,0.001,0.001,0.023,0.001,0.257,0.201,0.001,0.018,0.001,0.001
0.057,0.004,0.004,0.118,0.001,0.001,0.001,0.024,0.004,0.2,0.58,0.001,0.001,0.002,0.001
0.429,0.382,0.038,0.048,0.001,0.001,0.001,0.003,0.032,0.034,0.024,0.001,0.001,0.004,0.001
0.651,0.058,0.058,0.074,0.001,0.001,0.001,0.005,0.05,0.052,0.038,0.001,0.001,0.009,0.001
0.083,0.006,0.006,0.007,0.001,0.001,0.001,0.012,0.006,0.337,0.304,0.001,0.001,0.233,0.001
0.653,0.058,0.058,0.074,0.001,0.001,0.001,0.005,0.05,0.052,0.038,0.001,0.001,0.007,0.001
0.356,0.028,0.028,0.035,0.001,0.001,0.001,0.015,0.03,0.129,0.371,0.001,0.001,0.002,0.001
0.653,0.058,0.058,0.074,0.001,0.001,0.001,0.005,0.05,0.052,0.038,0.001,0.001,0.007,0.001
0.644,0.058,0.057,0.073,0.001,0.001,0.001,0.005,0.049,0.051,0.037,0.001,0.001,0.02,0.001
0.653,0.058,0.058,0.074,0.001,0.001,0.001,0.005,0.05,0.052,0.038,0.001,0.001,0.007,0.001
0.653,0.058,0.058,0.074,0.001,0.001,0.001,0.005,0.05,0.052,0.038,0.001,0.001,0.007,0.001
0.653,0.058,0.058,0.074,0.001,0.001,0.001,0.005,0.05,0.052,0.038,0.001,0.001,0.007,0.001
0.007,0.001,0.001,0.001,0.001,0.001,0.001,0.824,0.001,0.152,0.006,0.001,0.001,0.001,0.001
0.653,0.058,0.058,0.074,0.001,0.001,0.001,0.005,0.05,0.052,0.038,0.001,0.001,0.007,0.001
0.653,0.058,0.058,0.074,0.001,0.001,0.001,0.005,0.05,0.052,0.038,0.001,0.001,0.007,0.001
0.628,0.056,0.056,0.071,0.001,0.001,0.001,0.005,0.048,0.088,0.036,0.001,0.001,0.007,0.001
0.585,0.052,0.052,0.066,0.001,0.01,0.097,0.004,0.045,0.046,0.034,0.001,0.001,0.006,0.001
0.006,0.003,0.325,0.079,0.004,0.001,0.001,0.017,0.001,0.107,0.006,0.001,0.001,0.443,0.005
0.603,0.054,0.13,0.068,0.001,0.001,0.001,0.004,0.046,0.048,0.035,0.001,0.001,0.006,0.001
0.653,0.058,0.058,0.074,0.001,0.001,0.001,0.005,0.05,0.052,0.038,0.001,0.001,0.007,0.001
0.017,0.084,0.001,0.372,0.024,0.001,0.001,0.023,0.001,0.152,0.167,0.001,0.001,0.154,0.001
0.63,0.056,0.056,0.071,0.001,0.001,0.001,0.005,0.048,0.085,0.036,0.001,0.001,0.007,0.001
0.644,0.057,0.07,0.073,0.001,0.001,0.001,0.005,0.049,0.051,0.037,0.001,0.001,0.007,0.001
0.647,0.058,0.061,0.073,0.001,0.001,0.001,0.005,0.049,0.057,0.037,0.001,0.001,0.007,0.001
0.621,0.055,0.055,0.07,0.001,0.001,0.001,0.004,0.047,0.049,0.036,0.001,0.001,0.056,0.001
0.653,0.058,0.058,0.074,0.001,0.001,0.001,0.005,0.05,0.052,0.038,0.001,0.001,0.007,0.001
0.653,0.058,0.058,0.074,0.001,0.001,0.001,0.005,0.05,0.052,0.038,0.001,0.001,0.007,0.001
0.653,0.058,0.058,0.074,0.001,0.001,0.001,0.005,0.05,0.052,0.038,0.001,0.001,0.007,0.001
0.639,0.068,0.057,0.072,0.001,0.001,0.001,0.005,0.049,0.06,0.037,0.001,0.001,0.007,0.001
0.056,0.004,0.004,0.005,0.001,0.001,0.001,0.028,0.004,0.229,0.663,0.001,0.001,0.002,0.001
0.505,0.271,0.045,0.057,0.001,0.001,0.001,0.003,0.038,0.04,0.029,0.001,0.001,0.005,0.001
0.244,0.019,0.019,0.07,0.001,0.001,0.001,0.012,0.02,0.22,0.304,0.017,0.019,0.052,0.001
0.615,0.055,0.055,0.069,0.001,0.001,0.001,0.004,0.047,0.107,0.035,0.001,0.001,0.007,0.001
0.653,0.058,0.058,0.074,0.001,0.001,0.001,0.005,0.05,0.052,0.038,0.001,0.001,0.007,0.001
0.653,0.058,0.058,0.074,0.001,0.001,0.001,0.005,0.05,0.052,0.038,0.001,0.001,0.007,0.001
0.653,0.058,0.058,0.074,0.001,0.001,0.001,0.005,0.05,0.052,0.038,0.001,0.001,0.007,0.001
0.653,0.058,0.058,0.074,0.001,0.001,0.001,0.005,0.05,0.052,0.038,0.001,0.001,0.007,0.001
0.64,0.057,0.057,0.072,0.001,0.001,0.001,0.005,0.049,0.051,0.037,0.009,0.012,0.007,0.001
0.653,0.058,0.058,0.074,0.001,0.001,0.001,0.005,0.05,0.052,0.038,0.001,0.001,0.007,0.001
0.653,0.058,0.058,0.074,0.001,0.001,0.001,0.005,0.05,0.052,0.038,0.001,0.001,0.007,0.001
0.653,0.058,0.058,0.074,0.001,0.001,0.001,0.005,0.05,0.052,0.038,0.001,0.001,0.007,0.001
0.629,0.056,0.056,0.071,0.001,0.01,0.001,0.005,0.048,0.077,0.036,0.001,0.001,0.007,0.001
0.653,0.058,0.058,0.074,0.001,0.001,0.001,0.005,0.05,0.052,0.038,0.001,0.001,0.007,0.001
0.611,0.054,0.054,0.069,0.001,0.028,0.001,0.004,0.047,0.049,0.035,0.001,0.037,0.007,0.001
0.653,0.058,0.058,0.074,0.001,0.001,0.001,0.005,0.05,0.052,0.038,0.001,0.001,0.007,0.001
0.653,0.058,0.058,0.074,0.001,0.001,0.001,0.005,0.05,0.052,0.038,0.001,0.001,0.007,0.001
0.63,0.056,0.056,0.071,0.001,0.001,0.001,0.005,0.048,0.05,0.036,0.001,0.001,0.042,0.001
0.601,0.054,0.054,0.068,0.001,0.001,0.001,0.004,0.046,0.126,0.035,0.001,0.001,0.006,0.001
0.05,0.003,0.003,0.055,0.001,0.001,0.001,0.027,0.003,0.7,0.15,0.001,0.001,0.003,0.001
0.653,0.058,0.058,0.074,0.001,0.001,0.001,0.005,0.05,0.052,0.038,0.001,0.001,0.007,0.001
0.653,0.058,0.058,0.074,0.001,0.001,0.001,0.005,0.05,0.052,0.038,0.001,0.001,0.007,0.001
0.653,0.058,0.058,0.074,0.001,0.001,0.001,0.005,0.05,0.052,0.038,0.001,0.001,0.007,0.001
0.653,0.058,0.058,0.074,0.001,0.001,0.001,0.005,0.05,0.052,0.038,0.001,0.001,0.007,0.001
0.015,0.004,0.789,0.057,0.001,0.001,0.027,0.002,0.001,0.013,0.085,0.001,0.001,0.001,0.001
0.653,0.058,0.058,0.074,0.001,0.001,0.001,0.005,0.05,0.052,0.038,0.001,0.001,0.007,0.001
0.653,0.058,0.058,0.074,0.001,0.001,0.001,0.005,0.05,0.052,0.038,0.001,0.001,0.007,0.001
0.653,0.058,0.058,0.074,0.001,0.001,0.001,0.005,0.05,0.052,0.038,0.001,0.001,0.007,0.001
0.627,0.056,0.056,0.071,0.001,0.001,0.001,0.005,0.048,0.05,0.036,0.001,0.001,0.046,0.001
0.524,0.047,0.047,0.059,0.164,0.018,0.018,0.004,0.04,0.041,0.03,0.001,0.001,0.005,0.001
0.641,0.057,0.074,0.072,0.001,0.001,0.001,0.005,0.049,0.051,0.037,0.001,0.001,0.007,0.001
0.653,0.058,0.058,0.074,0.001,0.001,0.001,0.005,0.05,0.052,0.038,0.001,0.001,0.007,0.001
0.653,0.058,0.058,0.074,0.001,0.001,0.001,0.005,0.05,0.052,0.038,0.001,0.001,0.007,0.001
0.651,0.058,0.058,0.074,0.001,0.003,0.001,0.005,0.05,0.052,0.038,0.001,0.001,0.007,0.001
0.652,0.058,0.059,0.074,0.001,0.001,0.001,0.005,0.05,0.052,0.038,0.001,0.001,0.007,0.001
0.407,0.028,0.033,0.044,0.038,0.027,0.34,0.003,0.017,0.022,0.021,0.001,0.001,0.004,0.015
0.627,0.056,0.056,0.071,0.001,0.001,0.001,0.005,0.048,0.05,0.036,0.001,0.001,0.046,0.001
0.449,0.04,0.352,0.05,0.001,0.001,0.001,0.003,0.034,0.035,0.026,0.001,0.001,0.005,0.001
0.619,0.055,0.106,0.07,0.001,0.001,0.001,0.004,0.047,0.049,0.036,0.001,0.001,0.007,0.001
0.619,0.055,0.055,0.07,0.001,0.001,0.001,0.004,0.047,0.049,0.036,0.001,0.001,0.059,0.001
0.653,0.058,0.058,0.074,0.001,0.001,0.001,0.005,0.05,0.052,0.038,0.001,0.001,0.007,0.001
0.63,0.056,0.056,0.071,0.001,0.001,0.001,0.005,0.048,0.085,0.036,0.001,0.001,0.007,0.001
0.651,0.058,0.058,0.074,0.001,0.003,0.001,0.005,0.05,0.052,0.038,0.001,0.001,0.007,0.001
0.051,0.003,0.003,0.004,0.001,0.001,0.001,0.028,0.004,0.231,0.668,0.001,0.001,0.002,0.001
0.617,0.055,0.055,0.07,0.001,0.001,0.001,0.004,0.047,0.049,0.036,0.001,0.001,0.061,0.001
0.02,0.001,0.001,0.066,0.021,0.001,0.001,0.04,0.001,0.525,0.276,0.028,0.001,0.001,0.018
0.653,0.058,0.058,0.074,0.001,0.001,0.001,0.005,0.05,0.052,0.038,0.001,0.001,0.007,0.001
0.653,0.058,0.058,0.074,0.001,0.001,0.001,0.005,0.05,0.052,0.038,0.001,0.001,0.007,0.001
0.653,0.058,0.058,0.074,0.001,0.001,0.001,0.005,0.05,0.052,0.038,0.001,0.001,0.007,0.001
0.653,0.058,0.058,0.074,0.001,0.001,0.001,0.005,0.05,0.052,0.038,0.001,0.001,0.007,0.001
0.653,0.058,0.058,0.074,0.001,0.001,0.001,0.005,0.05,0.052,0.038,0.001,0.001,0.007,0.001
0.018,0.001,0.001,0.001,0.001,0.001,0.001,0.03,0.001,0.173,0.769,0.001,0.001,0.001,0.001
0.485,0.114,0.034,0.078,0.008,0.081,0.001,0.004,0.031,0.124,0.026,0.003,0.003,0.008,0.001
0.653,0.058,0.058,0.074,0.001,0.001,0.001,0.005,0.05,0.052,0.038,0.001,0.001,0.007,0.001
0.653,0.058,0.058,0.074,0.001,0.001,0.001,0.005,0.05,0.052,0.038,0.001,0.001,0.007,0.001
0.653,0.058,0.058,0.074,0.001,0.001,0.001,0.005,0.05,0.052,0.038,0.001,0.001,0.007,0.001
0.625,0.056,0.056,0.071,0.001,0.001,0.001,0.004,0.048,0.05,0.036,0.001,0.001,0.049,0.001
0.653,0.058,0.058,0.074,0.001,0.001,0.001,0.005,0.05,0.052,0.038,0.001,0.001,0.007,0.001
0.651,0.058,0.06,0.074,0.001,0.001,0.001,0.005,0.05,0.052,0.038,0.001,0.001,0.007,0.001
0.065,0.004,0.006,0.004,0.001,0.001,0.001,0.035,0.001,0.781,0.098,0.001,0.001,0.001,0.001
0.019,0.001,0.001,0.047,0.001,0.001,0.001,0.039,0.001,0.281,0.603,0.001,0.001,0.001,0.001
0.643,0.072,0.057,0.073,0.001,0.001,0.001,0.005,0.049,0.051,0.037,0.001,0.001,0.007,0.001
0.645,0.058,0.058,0.073,0.001,0.001,0.001,0.005,0.049,0.062,0.037,0.001,0.001,0.007,0.001
0.627,0.056,0.059,0.071,0.001,0.001,0.003,0.005,0.048,0.05,0.036,0.001,0.034,0.007,0.001
0.65,0.058,0.058,0.073,0.002,0.001,0.001,0.005,0.05,0.052,0.037,0.001,0.001,0.009,0.002
0.653,0.058,0.058,0.074,0.001,0.001,0.001,0.005,0.05,0.052,0.038,0.001,0.001,0.007,0.001
0.528,0.239,0.047,0.059,0.001,0.001,0.001,0.004,0.04,0.042,0.03,0.001,0.001,0.005,0.001
0.391,0.025,0.033,0.244,0.021,0.009,0.029,0.013,0.024,0.092,0.041,0.022,0.007,0.037,0.012
0.598,0.055,0.057,0.068,0.001,0.02,0.009,0.004,0.046,0.048,0.034,0.004,0.001,0.052,0.003
0.51,0.022,0.022,0.024,0.001,0.001,0.001,0.013,0.373,0.017,0.012,0.001,0.001,0.001,0.001
0.58,0.163,0.052,0.065,0.001,0.001,0.001,0.004,0.044,0.046,0.033,0.001,0.001,0.006,0.001
0.633,0.056,0.056,0.071,0.001,0.001,0.001,0.005,0.048,0.081,0.036,0.001,0.001,0.007,0.001
0.651,0.058,0.058,0.074,0.001,0.001,0.001,0.005,0.05,0.054,0.038,0.001,0.001,0.007,0.001
0.653,0.058,0.058,0.074,0.001,0.001,0.001,0.005,0.05,0.052,0.038,0.001,0.001,0.007,0.001
0.653,0.058,0.058,0.074,0.001,0.001,0.001,0.005,0.05,0.052,0.038,0.001,0.001,0.007,0.001
0.653,0.058,0.058,0.074,0.001,0.001,0.001,0.005,0.05,0.052,0.038,0.001,0.001,0.007,0.001
0.653,0.058,0.058,0.074,0.001,0.001,0.001,0.005,0.05,0.052,0.038,0.001,0.001,0.007,0.001
0.559,0.193,0.05,0.063,0.001,0.001,0.001,0.004,0.043,0.044,0.032,0.001,0.001,0.006,0.001
0.325,0.026,0.026,0.042,0.001,0.001,0.001,0.01,0.018,0.244,0.169,0.001,0.105,0.03,0.001
0.653,0.058,0.058,0.074,0.001,0.001,0.001,0.005,0.05,0.052,0.038,0.001,0.001,0.007,0.001
0.554,0.049,0.128,0.063,0.001,0.001,0.001,0.004,0.042,0.116,0.032,0.001,0.001,0.006,0.001
0.647,0.058,0.058,0.073,0.001,0.001,0.001,0.005,0.049,0.056,0.037,0.001,0.001,0.01,0.001
0.073,0.005,0.005,0.006,0.001,0.001,0.001,0.017,0.005,0.463,0.418,0.001,0.001,0.001,0.001
0.64,0.057,0.057,0.072,0.001,0.02,0.001,0.005,0.049,0.051,0.037,0.001,0.001,0.007,0.001
0.653,0.058,0.058,0.074,0.001,0.001,0.001,0.005,0.05,0.052,0.038,0.001,0.001,0.007,0.001
0.653,0.058,0.058,0.074,0.001,0.001,0.001,0.005,0.05,0.052,0.038,0.001,0.001,0.007,0.001
0.545,0.048,0.214,0.061,0.001,0.001,0.001,0.004,0.041,0.043,0.031,0.001,0.001,0.006,0.001
0.65,0.058,0.058,0.073,0.001,0.005,0.001,0.005,0.05,0.052,0.037,0.001,0.001,0.007,0.001
0.645,0.058,0.058,0.073,0.001,0.012,0.001,0.005,0.049,0.051,0.037,0.001,0.001,0.007,0.001
0.652,0.058,0.058,0.074,0.001,0.001,0.001,0.005,0.05,0.052,0.038,0.001,0.001,0.008,0.001
0.652,0.058,0.058,0.074,0.001,0.001,0.001,0.005,0.05,0.052,0.038,0.002,0.001,0.007,0.001
0.653,0.058,0.058,0.074,0.001,0.001,0.001,0.005,0.05,0.052,0.038,0.001,0.001,0.007,0.001
0.639,0.057,0.057,0.072,0.001,0.001,0.001,0.005,0.049,0.051,0.037,0.001,0.001,0.028,0.001
0.653,0.058,0.058,0.074,0.001,0.001,0.001,0.005,0.05,0.052,0.038,0.001,0.001,0.007,0.001
0.412,0.036,0.406,0.046,0.001,0.001,0.001,0.003,0.031,0.032,0.023,0.001,0.001,0.004,0.001
0.638,0.057,0.057,0.072,0.001,0.001,0.001,0.005,0.049,0.051,0.037,0.001,0.023,0.007,0.001
0.653,0.058,0.058,0.074,0.001,0.001,0.001,0.005,0.05,0.052,0.038,0.001,0.001,0.007,0.001
0.647,0.058,0.066,0.073,0.001,0.001,0.001,0.005,0.049,0.051,0.037,0.001,0.001,0.007,0.001
0.638,0.079,0.057,0.072,0.001,0.001,0.001,0.005,0.049,0.051,0.037,0.001,0.001,0.007,0.001
0.011,0.001,0.787,0.15,0.021,0.001,0.001,0.007,0.001,0.016,0.001,0.001,0.001,0.001,0.001
0.626,0.056,0.056,0.071,0.001,0.001,0.001,0.005,0.048,0.09,0.036,0.001,0.001,0.007,0.001
0.618,0.055,0.055,0.07,0.001,0.001,0.001,0.004,0.047,0.049,0.036,0.001,0.001,0.059,0.001
0.653,0.058,0.058,0.074,0.001,0.001,0.001,0.005,0.05,0.052,0.038,0.001,0.001,0.007,0.001
0.653,0.058,0.058,0.074,0.001,0.001,0.001,0.005,0.05,0.052,0.038,0.001,0.001,0.007,0.001
0.001,0.001,0.001,0.001,0.001,0.001,0.001,0.978,0.008,0.001,0.002,0.001,0.001,0.001,0.001
0.648,0.058,0.058,0.073,0.001,0.007,0.001,0.005,0.049,0.052,0.037,0.001,0.001,0.007,0.001
0.602,0.054,0.054,0.068,0.001,0.001,0.001,0.004,0.046,0.126,0.035,0.001,0.001,0.006,0.001
0.65,0.058,0.058,0.074,0.001,0.004,0.001,0.005,0.05,0.052,0.038,0.001,0.001,0.007,0.001
0.483,0.238,0.045,0.054,0.001,0.001,0.001,0.003,0.037,0.101,0.028,0.001,0.001,0.005,0.001
0.63,0.056,0.091,0.071,0.001,0.001,0.001,0.005,0.048,0.05,0.036,0.001,0.001,0.007,0.001
0.545,0.214,0.048,0.061,0.001,0.001,0.001,0.004,0.041,0.043,0.031,0.001,0.001,0.006,0.001
0.62,0.055,0.106,0.07,0.001,0.001,0.001,0.004,0.047,0.049,0.036,0.001,0.001,0.007,0.001
0.653,0.058,0.058,0.074,0.001,0.001,0.001,0.005,0.05,0.052,0.038,0.001,0.001,0.007,0.001
0.652,0.058,0.059,0.074,0.001,0.001,0.001,0.005,0.05,0.052,0.038,0.001,0.001,0.007,0.001
0.653,0.058,0.058,0.074,0.001,0.001,0.001,0.005,0.05,0.052,0.038,0.001,0.001,0.007,0.001
0.653,0.058,0.058,0.074,0.001,0.001,0.001,0.005,0.05,0.052,0.038,0.001,0.001,0.007,0.001
0.007,0.001,0.001,0.002,0.001,0.001,0.001,0.615,0.001,0.365,0.001,0.001,0.001,0.001,0.001
0.633,0.056,0.056,0.072,0.001,0.001,0.001,0.005,0.048,0.08,0.036,0.001,0.001,0.007,0.001
0.001,0.001,0.169,0.001,0.001,0.229,0.001,0.29,0.001,0.075,0.227,0.001,0.001,0.001,0.001
0.554,0.049,0.201,0.062,0.001,0.001,0.001,0.004,0.042,0.044,0.032,0.001,0.001,0.006,0.001
0.102,0.007,0.007,0.009,0.001,0.001,0.001,0.026,0.008,0.214,0.619,0.001,0.001,0.002,0.001
0.653,0.058,0.058,0.074,0.001,0.001,0.001,0.005,0.05,0.052,0.038,0.001,0.001,0.007,0.001
0.653,0.058,0.058,0.074,0.001,0.001,0.001,0.005,0.05,0.052,0.038,0.001,0.001,0.007,0.001
0.653,0.058,0.058,0.074,0.001,0.001,0.001,0.005,0.05,0.052,0.038,0.001,0.001,0.007,0.001
0.074,0.005,0.102,0.01,0.002,0.024,0.001,0.023,0.003,0.61,0.116,0.027,0.001,0.001,0.002
0.517,0.046,0.254,0.058,0.001,0.001,0.001,0.004,0.039,0.041,0.03,0.001,0.001,0.005,0.001
0.559,0.05,0.05,0.063,0.001,0.001,0.001,0.004,0.043,0.117,0.032,0.001,0.001,0.075,0.001
0.624,0.056,0.056,0.071,0.001,0.001,0.001,0.004,0.048,0.093,0.036,0.001,0.001,0.007,0.001
0.019,0.07,0.217,0.031,0.022,0.026,0.106,0.001,0.001,0.053,0.048,0.157,0.189,0.037,0.024
0.643,0.057,0.057,0.073,0.001,0.001,0.001,0.005,0.049,0.051,0.037,0.001,0.001,0.022,0.001
0.05,0.004,0.003,0.108,0.004,0.002,0.001,0.032,0.001,0.248,0.091,0.001,0.027,0.427,0.001
0.653,0.058,0.058,0.074,0.001,0.001,0.001,0.005,0.05,0.052,0.038,0.001,0.001,0.007,0.001
0.653,0.058,0.058,0.074,0.001,0.001,0.001,0.005,0.05,0.052,0.038,0.001,0.001,0.007,0.001
0.509,0.045,0.045,0.057,0.001,0.001,0.001,0.003,0.039,0.04,0.029,0.206,0.001,0.021,0.001
0.653,0.058,0.058,0.074,0.001,0.001,0.001,0.005,0.05,0.052,0.038,0.001,0.001,0.007,0.001
0.6,0.134,0.053,0.068,0.001,0.001,0.001,0.004,0.046,0.048,0.035,0.001,0.001,0.006,0.001
0.653,0.058,0.058,0.074,0.001,0.001,0.001,0.005,0.05,0.052,0.038,0.001,0.001,0.007,0.001
0.631,0.056,0.056,0.071,0.001,0.001,0.001,0.005,0.048,0.084,0.036,0.001,0.001,0.007,0.001
0.653,0.058,0.058,0.074,0.001,0.001,0.001,0.005,0.05,0.052,0.038,0.001,0.001,0.007,0.001
0.653,0.058,0.058,0.074,0.001,0.001,0.001,0.005,0.05,0.052,0.038,0.001,0.001,0.007,0.001
0.62,0.055,0.055,0.07,0.004,0.001,0.001,0.004,0.047,0.049,0.036,0.004,0.004,0.007,0.042
0.038,0.121,0.147,0.148,0.001,0.001,0.001,0.016,0.002,0.133,0.387,0.001,0.001,0.001,0.001
0.281,0.024,0.024,0.031,0.001,0.001,0.001,0.001,0.021,0.022,0.016,0.296,0.24,0.039,0.001
0.653,0.058,0.058,0.074,0.001,0.001,0.001,0.005,0.05,0.052,0.038,0.001,0.001,0.007,0.001
0.653,0.058,0.058,0.074,0.001,0.001,0.001,0.005,0.05,0.052,0.038,0.001,0.001,0.007,0.001
0.635,0.057,0.057,0.072,0.001,0.001,0.001,0.005,0.048,0.05,0.037,0.001,0.001,0.034,0.001
0.62,0.055,0.055,0.07,0.001,0.001,0.001,0.004,0.047,0.099,0.036,0.001,0.001,0.007,0.001
0.589,0.15,0.052,0.066,0.001,0.001,0.001,0.004,0.045,0.047,0.034,0.001,0.001,0.006,0.001
0.653,0.058,0.058,0.074,0.001,0.001,0.001,0.005,0.05,0.052,0.038,0.001,0.001,0.007,0.001
0.02,0.001,0.181,0.149,0.001,0.001,0.001,0.017,0.001,0.497,0.075,0.001,0.03,0.001,0.024
0.635,0.057,0.057,0.072,0.026,0.002,0.002,0.005,0.048,0.05,0.037,0.001,0.001,0.007,0.001
0.653,0.058,0.058,0.074,0.001,0.001,0.001,0.005,0.05,0.052,0.038,0.001,0.001,0.007,0.001
0.653,0.058,0.058,0.074,0.001,0.001,0.001,0.005,0.05,0.052,0.038,0.001,0.001,0.007,0.001
0.643,0.057,0.057,0.073,0.001,0.016,0.001,0.005,0.049,0.051,0.037,0.001,0.001,0.007,0.001
0.46,0.044,0.044,0.052,0.189,0.024,0.025,0.003,0.035,0.036,0.026,0.001,0.001,0.06,0.001
0.652,0.058,0.058,0.074,0.001,0.001,0.001,0.005,0.05,0.052,0.038,0.001,0.001,0.007,0.001
0.561,0.19,0.05,0.063,0.001,0.001,0.001,0.004,0.043,0.044,0.032,0.001,0.001,0.006,0.001
0.019,0.017,0.277,0.136,0.001,0.001,0.001,0.018,0.001,0.458,0.068,0.001,0.001,0.001,0.001
0.653,0.058,0.058,0.074,0.001,0.001,0.001,0.005,0.05,0.052,0.038,0.001,0.001,0.007,0.001
0.666,0.05,0.037,0.072,0.001,0.001,0.005,0.004,0.118,0.009,0.018,0.001,0.001,0.016,0.001
0.623,0.056,0.077,0.07,0.001,0.001,0.001,0.004,0.048,0.073,0.036,0.001,0.001,0.007,0.001
0.653,0.058,0.058,0.074,0.001,0.001,0.001,0.005,0.05,0.052,0.038,0.001,0.001,0.007,0.001
0.653,0.058,0.058,0.074,0.001,0.001,0.001,0.005,0.05,0.052,0.038,0.001,0.001,0.007,0.001
0.652,0.058,0.058,0.074,0.001,0.001,0.001,0.005,0.05,0.053,0.038,0.001,0.001,0.007,0.001
0.619,0.055,0.055,0.07,0.001,0.001,0.001,0.004,0.047,0.049,0.036,0.001,0.001,0.058,0.001
0.626,0.056,0.056,0.071,0.001,0.041,0.001,0.005,0.048,0.05,0.036,0.001,0.001,0.007,0.001
0.535,0.048,0.228,0.06,0.001,0.001,0.001,0.004,0.041,0.042,0.031,0.001,0.001,0.006,0.001
0.644,0.07,0.057,0.073,0.001,0.001,0.001,0.005,0.049,0.051,0.037,0.001,0.001,0.007,0.001
0.653,0.058,0.058,0.074,0.001,0.001,0.001,0.005,0.05,0.052,0.038,0.001,0.001,0.007,0.001
0.648,0.065,0.058,0.073,0.001,0.001,0.001,0.005,0.049,0.051,0.037,0.001,0.001,0.007,0.001
0.648,0.058,0.058,0.073,0.001,0.001,0.001,0.005,0.049,0.052,0.037,0.001,0.001,0.014,0.001
0.484,0.219,0.126,0.054,0.001,0.001,0.001,0.003,0.037,0.038,0.028,0.001,0.001,0.005,0.001
0.642,0.057,0.057,0.073,0.001,0.001,0.001,0.005,0.049,0.067,0.037,0.001,0.001,0.007,0.001
0.46,0.189,0.189,0.052,0.001,0.001,0.001,0.003,0.035,0.036,0.026,0.001,0.001,0.005,0.001
0.63,0.056,0.056,0.071,0.001,0.001,0.001,0.005,0.048,0.05,0.036,0.001,0.001,0.042,0.001
0.653,0.058,0.058,0.074,0.001,0.001,0.001,0.005,0.05,0.052,0.038,0.001,0.001,0.007,0.001
0.653,0.058,0.058,0.074,0.001,0.001,0.001,0.005,0.05,0.052,0.038,0.001,0.001,0.007,0.001
0.02,0.001,0.001,0.092,0.001,0.017,0.126,0.034,0.001,0.247,0.455,0.001,0.001,0.001,0.001
0.601,0.132,0.054,0.068,0.001,0.001,0.001,0.004,0.046,0.048,0.035,0.001,0.001,0.006,0.001
0.615,0.055,0.055,0.069,0.001,0.001,0.001,0.004,0.047,0.107,0.035,0.001,0.001,0.007,0.001
0.653,0.058,0.058,0.074,0.001,0.001,0.001,0.005,0.05,0.052,0.038,0.001,0.001,0.007,0.001
0.652,0.058,0.059,0.074,0.001,0.001,0.001,0.005,0.05,0.052,0.038,0.001,0.001,0.007,0.001
0.641,0.057,0.057,0.072,0.001,0.018,0.001,0.005,0.049,0.051,0.037,0.001,0.001,0.007,0.001
0.644,0.057,0.057,0.073,0.001,0.014,0.001,0.005,0.049,0.051,0.037,0.001,0.001,0.007,0.001
0.415,0.037,0.094,0.046,0.105,0.025,0.092,0.003,0.031,0.033,0.023,0.001,0.025,0.053,0.017
0.652,0.058,0.058,0.074,0.001,0.001,0.001,0.005,0.05,0.052,0.038,0.001,0.001,0.007,0.001
0.653,0.058,0.058,0.074,0.001,0.001,0.001,0.005,0.05,0.052,0.038,0.001,0.001,0.007,0.001
0.591,0.053,0.053,0.067,0.001,0.009,0.088,0.004,0.045,0.047,0.034,0.001,0.001,0.006,0.001
0.652,0.058,0.058,0.074,0.001,0.001,0.001,0.005,0.05,0.052,0.038,0.001,0.001,0.008,0.001
0.653,0.058,0.058,0.074,0.001,0.001,0.001,0.005,0.05,0.052,0.038,0.001,0.001,0.007,0.001
0.653,0.058,0.058,0.074,0.001,0.001,0.001,0.005,0.05,0.052,0.038,0.001,0.001,0.007,0.001
0.653,0.058,0.058,0.074,0.001,0.001,0.001,0.005,0.05,0.052,0.038,0.001,0.001,0.007,0.001
0.002,0.004,0.004,0.004,0.001,0.009,0.006,0.03,0.001,0.777,0.126,0.009,0.001,0.025,0.001
0.653,0.058,0.058,0.074,0.001,0.001,0.001,0.005,0.05,0.052,0.038,0.001,0.001,0.007,0.001
0.043,0.04,0.027,0.067,0.019,0.002,0.009,0.017,0.003,0.397,0.337,0.007,0.007,0.022,0.004
0.649,0.058,0.058,0.073,0.001,0.007,0.001,0.005,0.05,0.052,0.037,0.001,0.001,0.007,0.001
0.653,0.058,0.058,0.074,0.001,0.001,0.001,0.005,0.05,0.052,0.038,0.001,0.001,0.007,0.001
0.635,0.057,0.084,0.072,0.001,0.001,0.001,0.005,0.048,0.05,0.037,0.001,0.001,0.007,0.001
0.21,0.016,0.016,0.02,0.001,0.001,0.001,0.021,0.017,0.178,0.513,0.001,0.001,0.002,0.001
0.077,0.015,0.006,0.004,0.016,0.085,0.058,0.012,0.009,0.07,0.313,0.093,0.149,0.073,0.02
0.653,0.058,0.058,0.074,0.001,0.001,0.001,0.005,0.05,0.052,0.038,0.001,0.001,0.007,0.001
0.64,0.057,0.057,0.072,0.001,0.001,0.001,0.005,0.049,0.07,0.037,0.001,0.001,0.007,0.001
0.653,0.058,0.058,0.074,0.001,0.001,0.001,0.005,0.05,0.052,0.038,0.001,0.001,0.007,0.001
0.651,0.058,0.058,0.074,0.001,0.001,0.003,0.005,0.05,0.052,0.038,0.001,0.001,0.007,0.001
0.116,0.006,0.006,0.006,0.001,0.001,0.001,0.406,0.002,0.449,0.001,0.001,0.001,0.001,0.001
0.653,0.058,0.058,0.074,0.001,0.001,0.001,0.005,0.05,0.052,0.038,0.001,0.001,0.007,0.001
0.653,0.058,0.058,0.074,0.001,0.001,0.001,0.005,0.05,0.052,0.038,0.001,0.001,0.007,0.001
0.021,0.02,0.001,0.001,0.001,0.001,0.001,0.039,0.001,0.484,0.426,0.001,0.001,0.001,0.001
0.653,0.058,0.058,0.074,0.001,0.001,0.001,0.005,0.05,0.052,0.038,0.001,0.001,0.007,0.001
0.652,0.058,0.058,0.074,0.001,0.001,0.001,0.005,0.05,0.053,0.038,0.001,0.001,0.007,0.001
0.562,0.05,0.19,0.063,0.001,0.001,0.001,0.004,0.043,0.044,0.032,0.001,0.001,0.006,0.001
0.524,0.094,0.197,0.059,0.001,0.001,0.001,0.004,0.04,0.041,0.03,0.001,0.001,0.005,0.001
0.653,0.058,0.058,0.074,0.001,0.001,0.001,0.005,0.05,0.052,0.038,0.001,0.001,0.007,0.001
0.107,0.008,0.008,0.01,0.005,0.057,0.001,0.02,0.008,0.168,0.485,0.063,0.004,0.004,0.053
0.627,0.056,0.056,0.071,0.001,0.001,0.001,0.005,0.048,0.05,0.036,0.001,0.001,0.046,0.001
0.653,0.058,0.058,0.074,0.001,0.001,0.001,0.005,0.05,0.052,0.038,0.001,0.001,0.007,0.001
0.021,0.001,0.001,0.001,0.001,0.001,0.001,0.049,0.001,0.365,0.554,0.001,0.001,0.001,0.001
0.652,0.058,0.058,0.074,0.001,0.001,0.001,0.005,0.05,0.052,0.038,0.001,0.001,0.008,0.001
0.653,0.058,0.058,0.074,0.001,0.001,0.001,0.005,0.05,0.052,0.038,0.001,0.001,0.007,0.001
0.299,0.015,0.015,0.018,0.142,0.019,0.281,0.018,0.008,0.039,0.142,0.001,0.001,0.001,0.001
0.649,0.058,0.058,0.073,0.001,0.001,0.001,0.005,0.05,0.057,0.037,0.001,0.001,0.007,0.001
0.613,0.116,0.055,0.069,0.001,0.001,0.001,0.004,0.047,0.049,0.035,0.001,0.001,0.007,0.001
0.567,0.05,0.05,0.064,0.001,0.053,0.001,0.004,0.043,0.045,0.033,0.001,0.001,0.071,0.016
0.563,0.05,0.187,0.064,0.001,0.001,0.001,0.004,0.043,0.045,0.032,0.001,0.001,0.006,0.001
0.653,0.058,0.058,0.074,0.001,0.001,0.001,0.005,0.05,0.052,0.038,0.001,0.001,0.007,0.001
0.148,0.024,0.018,0.027,0.023,0.137,0.027,0.021,0.006,0.348,0.124,0.015,0.017,0.045,0.019
0.615,0.055,0.113,0.069,0.001,0.001,0.001,0.004,0.047,0.049,0.035,0.001,0.001,0.007,0.001
0.653,0.058,0.058,0.074,0.001,0.001,0.001,0.005,0.05,0.052,0.038,0.001,0.001,0.007,0.001
0.626,0.056,0.056,0.071,0.001,0.001,0.001,0.004,0.048,0.05,0.036,0.001,0.001,0.048,0.001
0.652,0.058,0.058,0.074,0.001,0.001,0.001,0.005,0.05,0.052,0.038,0.001,0.001,0.007,0.001
0.592,0.053,0.053,0.067,0.001,0.001,0.001,0.004,0.045,0.047,0.034,0.093,0.001,0.007,0.001
0.616,0.055,0.055,0.07,0.001,0.057,0.001,0.004,0.047,0.049,0.035,0.001,0.001,0.007,0.001
0.645,0.058,0.058,0.073,0.001,0.001,0.001,0.005,0.049,0.051,0.037,0.012,0.001,0.007,0.001
0.627,0.056,0.056,0.071,0.001,0.001,0.001,0.005,0.048,0.05,0.036,0.04,0.001,0.007,0.001
0.65,0.058,0.058,0.073,0.001,0.001,0.001,0.005,0.05,0.052,0.037,0.001,0.001,0.011,0.001
0.605,0.127,0.054,0.068,0.001,0.001,0.001,0.004,0.046,0.048,0.035,0.001,0.001,0.006,0.001
0.583,0.159,0.052,0.066,0.001,0.001,0.001,0.004,0.044,0.046,0.033,0.001,0.001,0.006,0.001
0.577,0.051,0.167,0.065,0.001,0.001,0.001,0.004,0.044,0.046,0.033,0.001,0.001,0.006,0.001
0.653,0.058,0.058,0.074,0.001,0.001,0.001,0.005,0.05,0.052,0.038,0.001,0.001,0.007,0.001
0.653,0.058,0.058,0.074,0.001,0.001,0.001,0.005,0.05,0.052,0.038,0.001,0.001,0.007,0.001
0.394,0.035,0.38,0.044,0.001,0.001,0.001,0.002,0.03,0.082,0.022,0.001,0.001,0.004,0.001
0.652,0.058,0.058,0.074,0.002,0.001,0.001,0.005,0.05,0.052,0.038,0.001,0.001,0.007,0.001
0.374,0.033,0.083,0.042,0.015,0.002,0.001,0.002,0.028,0.03,0.021,0.142,0.118,0.011,0.097
0.633,0.056,0.056,0.072,0.001,0.001,0.001,0.005,0.048,0.05,0.036,0.001,0.001,0.037,0.001
0.068,0.022,0.027,0.023,0.1,0.015,0.029,0.025,0.038,0.252,0.29,0.028,0.026,0.028,0.028
0.021,0.007,0.001,0.035,0.002,0.007,0.01,0.043,0.001,0.643,0.21,0.006,0.002,0.001,0.011
0.653,0.058,0.058,0.074,0.001,0.001,0.001,0.005,0.05,0.052,0.038,0.001,0.001,0.007,0.001
0.231,0.018,0.018,0.022,0.017,0.001,0.017,0.02,0.019,0.163,0.469,0.001,0.001,0.002,0.001
0.608,0.054,0.054,0.069,0.001,0.001,0.001,0.004,0.046,0.048,0.035,0.001,0.001,0.075,0.001
0.653,0.058,0.058,0.074,0.001,0.001,0.001,0.005,0.05,0.052,0.038,0.001,0.001,0.007,0.001
0.653,0.058,0.058,0.074,0.001,0.001,0.001,0.005,0.05,0.052,0.038,0.001,0.001,0.007,0.001
0.642,0.057,0.057,0.073,0.001,0.017,0.001,0.005,0.049,0.051,0.037,0.001,0.001,0.007,0.001
0.653,0.058,0.058,0.074,0.001,0.001,0.001,0.005,0.05,0.052,0.038,0.001,0.001,0.007,0.001
0.736,0.054,0.11,0.042,0.001,0.001,0.001,0.001,0.036,0.012,0.001,0.001,0.001,0.001,0.001
0.653,0.058,0.058,0.074,0.001,0.001,0.001,0.005,0.05,0.052,0.038,0.001,0.001,0.007,0.001
0.652,0.058,0.058,0.074,0.001,0.001,0.001,0.005,0.05,0.053,0.038,0.001,0.001,0.007,0.001
0.642,0.057,0.057,0.073,0.001,0.018,0.001,0.005,0.049,0.051,0.037,0.001,0.001,0.007,0.001
0.57,0.051,0.177,0.064,0.001,0.001,0.001,0.004,0.043,0.045,0.033,0.001,0.001,0.006,0.001
0.598,0.053,0.053,0.067,0.001,0.001,0.001,0.004,0.046,0.054,0.034,0.001,0.001,0.085,0.001
0.606,0.054,0.056,0.068,0.001,0.001,0.001,0.004,0.046,0.119,0.035,0.001,0.001,0.006,0.001
0.653,0.058,0.058,0.074,0.001,0.001,0.001,0.005,0.05,0.052,0.038,0.001,0.001,0.007,0.001
0.653,0.058,0.058,0.074,0.001,0.001,0.001,0.005,0.05,0.052,0.038,0.001,0.001,0.007,0.001
0.618,0.055,0.055,0.07,0.001,0.001,0.001,0.004,0.047,0.103,0.036,0.001,0.001,0.007,0.001
0.238,0.083,0.052,0.063,0.02,0.022,0.095,0.008,0.019,0.214,0.07,0.015,0.028,0.023,0.051
0.609,0.054,0.054,0.069,0.001,0.001,0.001,0.004,0.046,0.116,0.035,0.001,0.001,0.006,0.001
0.442,0.039,0.363,0.05,0.001,0.001,0.001,0.003,0.033,0.035,0.025,0.001,0.001,0.004,0.001
0.653,0.058,0.058,0.074,0.001,0.001,0.001,0.005,0.05,0.052,0.038,0.001,0.001,0.007,0.001
0.511,0.045,0.195,0.058,0.001,0.027,0.002,0.003,0.039,0.062,0.029,0.002,0.019,0.005,0.001
0.021,0.001,0.001,0.019,0.001,0.001,0.001,0.039,0.001,0.652,0.258,0.001,0.001,0.001,0.001
0.135,0.01,0.01,0.013,0.001,0.001,0.001,0.016,0.011,0.42,0.379,0.001,0.001,0.001,0.001
0.57,0.178,0.051,0.064,0.001,0.001,0.001,0.004,0.043,0.045,0.033,0.001,0.001,0.006,0.001
0.023,0.001,0.001,0.187,0.001,0.032,0.001,0.023,0.001,0.415,0.305,0.001,0.004,0.002,0.004
0.653,0.058,0.058,0.074,0.001,0.001,0.001,0.005,0.05,0.052,0.038,0.001,0.001,0.007,0.001
0.653,0.058,0.058,0.074,0.001,0.001,0.001,0.005,0.05,0.052,0.038,0.001,0.001,0.007,0.001
0.653,0.058,0.058,0.074,0.001,0.001,0.001,0.005,0.05,0.052,0.038,0.001,0.001,0.007,0.001
0.102,0.007,0.007,0.009,0.001,0.001,0.001,0.016,0.008,0.443,0.4,0.001,0.001,0.001,0.001
0.619,0.055,0.055,0.07,0.001,0.001,0.001,0.004,0.047,0.101,0.036,0.001,0.001,0.007,0.001
0.642,0.057,0.057,0.073,0.001,0.001,0.001,0.005,0.049,0.051,0.037,0.018,0.001,0.007,0.001
0.645,0.058,0.058,0.073,0.001,0.001,0.001,0.005,0.049,0.063,0.037,0.001,0.001,0.007,0.001
0.642,0.057,0.057,0.073,0.001,0.018,0.001,0.005,0.049,0.051,0.037,0.001,0.001,0.007,0.001
0.609,0.064,0.054,0.069,0.001,0.001,0.001,0.004,0.046,0.105,0.035,0.001,0.001,0.007,0.001
0.653,0.058,0.058,0.074,0.001,0.001,0.001,0.005,0.05,0.052,0.038,0.001,0.001,0.007,0.001
0.649,0.058,0.058,0.073,0.001,0.001,0.003,0.005,0.05,0.052,0.037,0.001,0.001,0.007,0.005
0.653,0.058,0.058,0.074,0.001,0.001,0.001,0.005,0.05,0.052,0.038,0.001,0.001,0.007,0.001
0.627,0.056,0.056,0.071,0.001,0.001,0.001,0.005,0.048,0.089,0.036,0.001,0.001,0.007,0.001
0.63,0.056,0.056,0.071,0.001,0.036,0.001,0.005,0.048,0.05,0.036,0.001,0.001,0.007,0.001
0.102,0.126,0.12,0.026,0.077,0.022,0.107,0.001,0.007,0.049,0.011,0.108,0.124,0.033,0.086
0.653,0.058,0.058,0.074,0.001,0.001,0.001,0.005,0.05,0.052,0.038,0.001,0.001,0.007,0.001
0.653,0.058,0.058,0.074,0.001,0.001,0.001,0.005,0.05,0.052,0.038,0.001,0.001,0.007,0.001
0.639,0.057,0.057,0.072,0.001,0.022,0.001,0.005,0.049,0.051,0.037,0.001,0.001,0.007,0.001
0.653,0.058,0.058,0.074,0.001,0.001,0.001,0.005,0.05,0.052,0.038,0.001,0.001,0.007,0.001
0.034,0.059,0.001,0.003,0.001,0.002,0.001,0.02,0.001,0.625,0.011,0.002,0.002,0.237,0.002
0.641,0.058,0.058,0.072,0.001,0.001,0.001,0.005,0.049,0.067,0.037,0.001,0.001,0.007,0.001
0.629,0.056,0.056,0.071,0.001,0.038,0.001,0.005,0.048,0.05,0.036,0.001,0.001,0.007,0.001
0.474,0.047,0.335,0.057,0.001,0.001,0.001,0.003,0.039,0.024,0.015,0.001,0.001,0.001,0.001
0.522,0.047,0.246,0.059,0.001,0.001,0.001,0.004,0.04,0.041,0.03,0.001,0.001,0.005,0.001
0.59,0.053,0.085,0.067,0.001,0.001,0.001,0.004,0.045,0.047,0.034,0.001,0.001,0.07,0.001
0.262,0.021,0.021,0.027,0.001,0.001,0.001,0.001,0.021,0.016,0.038,0.282,0.286,0.021,0.001
0.062,0.022,0.137,0.023,0.001,0.001,0.001,0.008,0.004,0.216,0.046,0.001,0.444,0.032,0.001
0.588,0.054,0.055,0.066,0.038,0.011,0.003,0.004,0.045,0.056,0.034,0.009,0.01,0.019,0.007
0.016,0.032,0.001,0.147,0.022,0.001,0.001,0.023,0.001,0.676,0.076,0.001,0.001,0.001,0.001
0.653,0.058,0.058,0.074,0.001,0.001,0.001,0.005,0.05,0.052,0.038,0.001,0.001,0.007,0.001
0.653,0.058,0.058,0.074,0.001,0.001,0.001,0.005,0.05,0.052,0.038,0.001,0.001,0.007,0.001
0.639,0.057,0.057,0.072,0.001,0.001,0.001,0.005,0.049,0.071,0.037,0.001,0.001,0.007,0.001
0.653,0.058,0.058,0.074,0.001,0.001,0.001,0.005,0.05,0.052,0.038,0.001,0.001,0.007,0.001
0.653,0.058,0.058,0.074,0.001,0.001,0.001,0.005,0.05,0.052,0.038,0.001,0.001,0.007,0.001
0.653,0.058,0.058,0.074,0.001,0.001,0.001,0.005,0.05,0.052,0.038,0.001,0.001,0.007,0.001
0.653,0.058,0.058,0.074,0.001,0.001,0.001,0.005,0.05,0.052,0.038,0.001,0.001,0.007,0.001
0.653,0.058,0.058,0.074,0.001,0.001,0.001,0.005,0.05,0.052,0.038,0.001,0.001,0.007,0.001
0.653,0.058,0.058,0.074,0.001,0.001,0.001,0.005,0.05,0.052,0.038,0.001,0.001,0.007,0.001
0.024,0.248,0.223,0.032,0.02,0.027,0.247,0.001,0.001,0.056,0.012,0.002,0.079,0.007,0.021
0.651,0.058,0.058,0.074,0.001,0.001,0.001,0.005,0.05,0.052,0.038,0.003,0.001,0.007,0.001
0.448,0.036,0.036,0.044,0.001,0.001,0.001,0.011,0.037,0.099,0.28,0.001,0.001,0.002,0.001
0.644,0.071,0.057,0.073,0.001,0.001,0.001,0.005,0.049,0.051,0.037,0.001,0.001,0.007,0.001
0.653,0.058,0.058,0.074,0.001,0.001,0.001,0.005,0.05,0.052,0.038,0.001,0.001,0.007,0.001
0.608,0.054,0.054,0.069,0.001,0.001,0.001,0.004,0.046,0.117,0.035,0.001,0.001,0.006,0.001
0.653,0.058,0.058,0.074,0.001,0.001,0.001,0.005,0.05,0.052,0.038,0.001,0.001,0.007,0.001
0.307,0.026,0.026,0.032,0.023,0.053,0.014,0.005,0.024,0.099,0.035,0.093,0.17,0.087,0.005
0.653,0.058,0.058,0.074,0.001,0.001,0.001,0.005,0.05,0.052,0.038,0.001,0.001,0.007,0.001
0.653,0.058,0.058,0.074,0.001,0.001,0.001,0.005,0.05,0.052,0.038,0.001,0.001,0.007,0.001
0.653,0.058,0.058,0.074,0.001,0.001,0.001,0.005,0.05,0.052,0.038,0.001,0.001,0.007,0.001
0.653,0.058,0.058,0.074,0.001,0.001,0.001,0.005,0.05,0.052,0.038,0.001,0.001,0.007,0.001
0.602,0.054,0.054,0.068,0.001,0.001,0.001,0.004,0.046,0.048,0.035,0.001,0.001,0.084,0.001
0.653,0.058,0.058,0.074,0.001,0.001,0.001,0.005,0.05,0.052,0.038,0.001,0.001,0.007,0.001
0.614,0.055,0.055,0.069,0.001,0.057,0.001,0.004,0.047,0.052,0.035,0.001,0.001,0.007,0.001
0.607,0.054,0.124,0.069,0.001,0.001,0.001,0.004,0.046,0.048,0.035,0.001,0.001,0.006,0.001
0.02,0.001,0.001,0.013,0.001,0.001,0.001,0.034,0.001,0.766,0.156,0.001,0.001,0.001,0.001
0.49,0.043,0.294,0.055,0.001,0.001,0.001,0.003,0.037,0.039,0.028,0.001,0.001,0.005,0.001
0.443,0.039,0.05,0.117,0.001,0.044,0.007,0.05,0.116,0.006,0.031,0.009,0.044,0.008,0.034
0.653,0.058,0.058,0.074,0.001,0.001,0.001,0.005,0.05,0.052,0.038,0.001,0.001,0.007,0.001
0.653,0.058,0.058,0.074,0.001,0.001,0.001,0.005,0.05,0.052,0.038,0.001,0.001,0.007,0.001
0.632,0.057,0.057,0.071,0.001,0.001,0.001,0.005,0.048,0.08,0.036,0.001,0.001,0.007,0.001
0.355,0.028,0.03,0.035,0.001,0.001,0.001,0.015,0.03,0.127,0.365,0.001,0.001,0.01,0.001
0.649,0.058,0.058,0.073,0.001,0.001,0.001,0.005,0.05,0.057,0.037,0.001,0.001,0.007,0.001
0.591,0.053,0.053,0.067,0.001,0.001,0.001,0.004,0.045,0.124,0.034,0.001,0.005,0.019,0.001
0.643,0.057,0.072,0.073,0.001,0.001,0.001,0.005,0.049,0.051,0.037,0.001,0.001,0.007,0.001
0.653,0.058,0.058,0.074,0.001,0.001,0.001,0.005,0.05,0.052,0.038,0.001,0.001,0.007,0.001
0.652,0.058,0.058,0.074,0.001,0.001,0.001,0.005,0.05,0.052,0.038,0.001,0.001,0.008,0.001
0.632,0.056,0.056,0.071,0.001,0.001,0.001,0.005,0.048,0.082,0.036,0.001,0.001,0.007,0.001
0.653,0.058,0.058,0.074,0.001,0.001,0.001,0.005,0.05,0.052,0.038,0.001,0.001,0.007,0.001
0.652,0.058,0.058,0.074,0.001,0.001,0.001,0.005,0.05,0.053,0.038,0.001,0.001,0.007,0.001
0.541,0.048,0.048,0.061,0.001,0.001,0.001,0.004,0.041,0.114,0.031,0.1,0.001,0.007,0.001
0.651,0.058,0.058,0.074,0.001,0.003,0.001,0.005,0.05,0.052,0.038,0.001,0.001,0.007,0.001
0.646,0.058,0.058,0.073,0.001,0.012,0.001,0.005,0.049,0.051,0.037,0.001,0.001,0.007,0.001
0.072,0.005,0.005,0.006,0.001,0.001,0.001,0.017,0.005,0.464,0.419,0.001,0.001,0.001,0.001
0.016,0.002,0.002,0.002,0.001,0.001,0.001,0.023,0.002,0.743,0.008,0.001,0.001,0.196,0.001
0.653,0.058,0.058,0.074,0.001,0.001,0.001,0.005,0.05,0.052,0.038,0.001,0.001,0.007,0.001
0.121,0.009,0.009,0.011,0.001,0.001,0.001,0.057,0.01,0.457,0.314,0.001,0.001,0.007,0.001
0.368,0.032,0.044,0.041,0.001,0.001,0.001,0.002,0.028,0.077,0.021,0.186,0.182,0.015,0.001
0.642,0.057,0.057,0.073,0.001,0.017,0.001,0.005,0.049,0.051,0.037,0.001,0.001,0.007,0.001
0.642,0.057,0.074,0.073,0.001,0.001,0.001,0.005,0.049,0.051,0.037,0.001,0.001,0.007,0.001
0.203,0.016,0.016,0.019,0.001,0.001,0.001,0.022,0.017,0.18,0.52,0.001,0.001,0.002,0.001
0.609,0.054,0.054,0.069,0.001,0.001,0.001,0.004,0.046,0.116,0.035,0.001,0.001,0.006,0.001
0.653,0.058,0.058,0.074,0.001,0.001,0.001,0.005,0.05,0.052,0.038,0.001,0.001,0.007,0.001
0.653,0.058,0.058,0.074,0.001,0.001,0.001,0.005,0.05,0.052,0.038,0.001,0.001,0.007,0.001
0.02,0.242,0.398,0.094,0.002,0.063,0.002,0.007,0.001,0.146,0.016,0.001,0.001,0.007,0.001
0.605,0.054,0.054,0.068,0.001,0.001,0.001,0.004,0.046,0.121,0.035,0.001,0.001,0.006,0.001
0.653,0.058,0.058,0.074,0.001,0.001,0.001,0.005,0.05,0.052,0.038,0.001,0.001,0.007,0.001
0.653,0.058,0.058,0.074,0.001,0.001,0.001,0.005,0.05,0.052,0.038,0.001,0.001,0.007,0.001
0.295,0.023,0.023,0.029,0.001,0.001,0.001,0.018,0.024,0.15,0.43,0.001,0.001,0.002,0.001
0.653,0.058,0.058,0.074,0.001,0.001,0.001,0.005,0.05,0.052,0.038,0.001,0.001,0.007,0.001
0.653,0.058,0.058,0.074,0.001,0.001,0.001,0.005,0.05,0.052,0.038,0.001,0.001,0.007,0.001
0.653,0.058,0.058,0.074,0.001,0.001,0.001,0.005,0.05,0.052,0.038,0.001,0.001,0.007,0.001
0.653,0.058,0.058,0.074,0.001,0.001,0.001,0.005,0.05,0.052,0.038,0.001,0.001,0.007,0.001
0.653,0.058,0.058,0.074,0.001,0.001,0.001,0.005,0.05,0.052,0.038,0.001,0.001,0.007,0.001
0.653,0.058,0.058,0.074,0.001,0.001,0.001,0.005,0.05,0.052,0.038,0.001,0.001,0.007,0.001
0.645,0.069,0.058,0.073,0.001,0.001,0.001,0.005,0.049,0.051,0.037,0.001,0.001,0.007,0.001
0.552,0.049,0.101,0.062,0.001,0.001,0.001,0.004,0.042,0.044,0.032,0.027,0.057,0.012,0.015
0.64,0.057,0.076,0.072,0.001,0.001,0.001,0.005,0.049,0.051,0.037,0.001,0.001,0.007,0.001
0.653,0.058,0.058,0.074,0.001,0.001,0.001,0.005,0.05,0.052,0.038,0.001,0.001,0.007,0.001
0.653,0.058,0.058,0.074,0.001,0.001,0.001,0.005,0.05,0.052,0.038,0.001,0.001,0.007,0.001
0.653,0.058,0.058,0.074,0.001,0.001,0.001,0.005,0.05,0.052,0.038,0.001,0.001,0.007,0.001
0.192,0.015,0.015,0.018,0.001,0.001,0.001,0.022,0.016,0.184,0.531,0.001,0.001,0.002,0.001
0.587,0.052,0.052,0.066,0.001,0.001,0.001,0.004,0.045,0.073,0.034,0.001,0.001,0.08,0.001
0.653,0.058,0.058,0.074,0.001,0.001,0.001,0.005,0.05,0.052,0.038,0.001,0.001,0.007,0.001
0.466,0.183,0.186,0.052,0.001,0.001,0.001,0.003,0.035,0.037,0.027,0.001,0.001,0.005,0.001
0.574,0.051,0.051,0.065,0.002,0.001,0.001,0.004,0.044,0.12,0.033,0.006,0.024,0.006,0.018
0.653,0.058,0.058,0.074,0.001,0.001,0.001,0.005,0.05,0.052,0.038,0.001,0.001,0.007,0.001
0.598,0.053,0.053,0.068,0.001,0.008,0.078,0.004,0.046,0.047,0.034,0.001,0.001,0.006,0.001
0.571,0.051,0.176,0.064,0.001,0.001,0.001,0.004,0.044,0.045,0.033,0.001,0.001,0.006,0.001
0.261,0.023,0.179,0.029,0.001,0.001,0.001,0.001,0.019,0.023,0.014,0.001,0.412,0.033,0.001
0.649,0.058,0.063,0.073,0.001,0.001,0.001,0.005,0.05,0.052,0.037,0.001,0.001,0.007,0.001
0.623,0.056,0.056,0.07,0.001,0.046,0.001,0.004,0.048,0.05,0.036,0.001,0.001,0.007,0.001
0.627,0.056,0.056,0.071,0.001,0.001,0.001,0.005,0.048,0.05,0.036,0.001,0.001,0.046,0.001
0.653,0.058,0.058,0.074,0.001,0.001,0.001,0.005,0.05,0.052,0.038,0.001,0.001,0.007,0.001
0.636,0.053,0.053,0.067,0.001,0.001,0.001,0.004,0.051,0.041,0.086,0.001,0.001,0.002,0.001
0.546,0.13,0.13,0.062,0.001,0.001,0.001,0.004,0.042,0.043,0.031,0.001,0.001,0.006,0.001
0.604,0.054,0.054,0.068,0.001,0.001,0.001,0.004,0.046,0.048,0.035,0.001,0.001,0.081,0.001
0.651,0.058,0.058,0.074,0.001,0.001,0.001,0.005,0.05,0.052,0.038,0.001,0.003,0.007,0.001
0.562,0.05,0.05,0.063,0.064,0.006,0.006,0.004,0.043,0.045,0.032,0.023,0.012,0.021,0.018
0.653,0.058,0.058,0.074,0.001,0.001,0.001,0.005,0.05,0.052,0.038,0.001,0.001,0.007,0.001
0.653,0.058,0.058,0.074,0.001,0.001,0.001,0.005,0.05,0.052,0.038,0.001,0.001,0.007,0.001
0.653,0.058,0.058,0.074,0.001,0.001,0.001,0.005,0.05,0.052,0.038,0.001,0.001,0.007,0.001
0.548,0.049,0.049,0.062,0.017,0.001,0.001,0.004,0.042,0.043,0.031,0.006,0.006,0.077,0.063
0.647,0.058,0.058,0.073,0.001,0.001,0.001,0.005,0.049,0.06,0.037,0.001,0.001,0.007,0.001
0.651,0.06,0.058,0.074,0.001,0.001,0.001,0.005,0.05,0.052,0.038,0.001,0.001,0.007,0.001
0.653,0.058,0.058,0.074,0.001,0.001,0.001,0.005,0.05,0.052,0.038,0.001,0.001,0.007,0.001
0.019,0.111,0.138,0.275,0.02,0.001,0.009,0.017,0.001,0.109,0.295,0.001,0.001,0.001,0.001
0.574,0.051,0.154,0.065,0.001,0.001,0.001,0.004,0.044,0.063,0.033,0.001,0.001,0.006,0.001
0.653,0.058,0.058,0.074,0.001,0.001,0.001,0.005,0.05,0.052,0.038,0.001,0.001,0.007,0.001
0.625,0.056,0.056,0.071,0.001,0.043,0.001,0.004,0.048,0.05,0.036,0.001,0.001,0.007,0.001
0.653,0.058,0.058,0.074,0.001,0.001,0.001,0.005,0.05,0.052,0.038,0.001,0.001,0.007,0.001
0.653,0.058,0.058,0.074,0.001,0.001,0.001,0.005,0.05,0.052,0.038,0.001,0.001,0.007,0.001
0.02,0.002,0.038,0.219,0.001,0.001,0.003,0.018,0.001,0.514,0.179,0.001,0.001,0.001,0.001
0.653,0.058,0.058,0.074,0.001,0.001,0.001,0.005,0.05,0.052,0.038,0.001,0.001,0.007,0.001
0.605,0.054,0.054,0.068,0.001,0.001,0.001,0.004,0.046,0.122,0.035,0.001,0.001,0.006,0.001
0.166,0.012,0.012,0.016,0.001,0.001,0.001,0.023,0.013,0.193,0.556,0.001,0.001,0.002,0.001
0.639,0.057,0.078,0.072,0.001,0.001,0.001,0.005,0.049,0.051,0.037,0.001,0.001,0.007,0.001
0.59,0.082,0.082,0.067,0.001,0.001,0.001,0.004,0.045,0.084,0.034,0.001,0.001,0.006,0.001
0.47,0.042,0.26,0.053,0.001,0.001,0.001,0.003,0.036,0.099,0.027,0.001,0.001,0.005,0.001
0.013,0.003,0.003,0.73,0.001,0.001,0.001,0.05,0.001,0.16,0.032,0.001,0.001,0.001,0.001
0.353,0.358,0.164,0.039,0.001,0.001,0.001,0.002,0.027,0.028,0.02,0.001,0.001,0.003,0.001
0.528,0.238,0.047,0.059,0.001,0.001,0.001,0.004,0.04,0.042,0.03,0.001,0.001,0.005,0.001
0.648,0.058,0.058,0.073,0.001,0.005,0.001,0.005,0.049,0.051,0.037,0.001,0.001,0.011,0.001
0.641,0.057,0.057,0.072,0.001,0.001,0.001,0.005,0.049,0.051,0.037,0.001,0.001,0.024,0.001
0.621,0.055,0.104,0.07,0.001,0.001,0.001,0.004,0.047,0.049,0.036,0.001,0.001,0.007,0.001
0.653,0.058,0.058,0.074,0.001,0.001,0.001,0.005,0.05,0.052,0.038,0.001,0.001,0.007,0.001
0.609,0.054,0.054,0.069,0.001,0.001,0.001,0.004,0.046,0.048,0.035,0.001,0.001,0.074,0.001
0.486,0.265,0.077,0.055,0.001,0.001,0.001,0.003,0.037,0.038,0.028,0.001,0.001,0.005,0.001
0.65,0.063,0.058,0.073,0.001,0.001,0.001,0.005,0.05,0.052,0.037,0.001,0.001,0.007,0.001
0.653,0.058,0.058,0.074,0.001,0.001,0.001,0.005,0.05,0.052,0.038,0.001,0.001,0.007,0.001
0.653,0.058,0.058,0.074,0.001,0.001,0.001,0.005,0.05,0.052,0.038,0.001,0.001,0.007,0.001
0.653,0.058,0.058,0.074,0.001,0.001,0.001,0.005,0.05,0.052,0.038,0.001,0.001,0.007,0.001
0.478,0.042,0.042,0.054,0.001,0.001,0.001,0.003,0.036,0.038,0.027,0.001,0.255,0.02,0.001
0.653,0.058,0.058,0.074,0.001,0.001,0.001,0.005,0.05,0.052,0.038,0.001,0.001,0.007,0.001
0.652,0.058,0.058,0.074,0.001,0.001,0.002,0.005,0.05,0.052,0.038,0.001,0.001,0.007,0.001
0.441,0.039,0.039,0.049,0.001,0.032,0.295,0.003,0.033,0.035,0.025,0.001,0.001,0.004,0.001
0.653,0.058,0.058,0.074,0.001,0.001,0.001,0.005,0.05,0.052,0.038,0.001,0.001,0.007,0.001
0.653,0.058,0.058,0.074,0.001,0.001,0.001,0.005,0.05,0.052,0.038,0.001,0.001,0.007,0.001
0.631,0.056,0.056,0.071,0.001,0.001,0.001,0.005,0.048,0.083,0.036,0.001,0.001,0.007,0.001
0.653,0.058,0.058,0.074,0.001,0.001,0.001,0.005,0.05,0.052,0.038,0.001,0.001,0.007,0.001
0.653,0.058,0.058,0.074,0.001,0.001,0.001,0.005,0.05,0.052,0.038,0.001,0.001,0.007,0.001
0.653,0.058,0.058,0.074,0.001,0.001,0.001,0.005,0.05,0.052,0.038,0.001,0.001,0.007,0.001
0.652,0.058,0.058,0.074,0.001,0.002,0.001,0.005,0.05,0.052,0.038,0.001,0.001,0.007,0.001
0.65,0.062,0.058,0.073,0.001,0.001,0.001,0.005,0.05,0.052,0.037,0.001,0.001,0.007,0.001
0.653,0.058,0.058,0.074,0.001,0.001,0.001,0.005,0.05,0.052,0.038,0.001,0.001,0.007,0.001
0.083,0.001,0.001,0.001,0.001,0.001,0.001,0.008,0.897,0.001,0.001,0.001,0.001,0.001,0.001
0.208,0.016,0.016,0.02,0.001,0.001,0.001,0.021,0.017,0.566,0.124,0.001,0.001,0.005,0.001
0.653,0.058,0.058,0.074,0.001,0.001,0.001,0.005,0.05,0.052,0.038,0.001,0.001,0.007,0.001
0.653,0.058,0.058,0.074,0.001,0.001,0.001,0.005,0.05,0.052,0.038,0.001,0.001,0.007,0.001
0.136,0.01,0.01,0.013,0.001,0.001,0.001,0.025,0.011,0.202,0.585,0.001,0.001,0.002,0.001
0.653,0.058,0.058,0.074,0.001,0.001,0.001,0.005,0.05,0.052,0.038,0.001,0.001,0.007,0.001
0.412,0.082,0.134,0.046,0.001,0.001,0.001,0.003,0.031,0.032,0.023,0.207,0.001,0.024,0.001
0.531,0.047,0.047,0.06,0.153,0.017,0.017,0.004,0.04,0.042,0.03,0.001,0.001,0.009,0.001
0.568,0.025,0.025,0.042,0.001,0.005,0.001,0.036,0.265,0.013,0.009,0.008,0.001,0.001,0.001
0.055,0.003,0.003,0.594,0.001,0.001,0.001,0.034,0.001,0.197,0.105,0.001,0.001,0.001,0.001
0.652,0.058,0.058,0.074,0.001,0.001,0.001,0.005,0.05,0.052,0.038,0.001,0.001,0.007,0.001
0.483,0.162,0.043,0.054,0.048,0.037,0.06,0.003,0.037,0.038,0.028,0.001,0.001,0.005,0.001
0.02,0.005,0.055,0.28,0.001,0.001,0.001,0.021,0.001,0.149,0.462,0.001,0.001,0.001,0.001
0.226,0.017,0.017,0.022,0.001,0.001,0.001,0.021,0.019,0.173,0.498,0.001,0.001,0.002,0.001
0.632,0.074,0.07,0.071,0.001,0.001,0.001,0.005,0.048,0.05,0.036,0.001,0.001,0.007,0.001
0.623,0.101,0.056,0.07,0.001,0.001,0.001,0.004,0.048,0.049,0.036,0.001,0.001,0.007,0.001
0.653,0.058,0.058,0.074,0.001,0.001,0.001,0.005,0.05,0.052,0.038,0.001,0.001,0.007,0.001
0.645,0.058,0.058,0.073,0.001,0.001,0.013,0.005,0.049,0.051,0.037,0.001,0.001,0.007,0.001
0.556,0.037,0.078,0.047,0.028,0.043,0.058,0.004,0.058,0.04,0.009,0.005,0.005,0.006,0.025
0.648,0.064,0.058,0.073,0.001,0.001,0.001,0.005,0.049,0.052,0.037,0.001,0.001,0.007,0.001
0.653,0.058,0.058,0.074,0.001,0.001,0.001,0.005,0.05,0.052,0.038,0.001,0.001,0.007,0.001
0.089,0.155,0.006,0.014,0.008,0.001,0.001,0.017,0.002,0.207,0.415,0.005,0.005,0.041,0.033
0.624,0.056,0.056,0.07,0.001,0.001,0.001,0.004,0.048,0.05,0.036,0.001,0.045,0.007,0.001
0.652,0.058,0.058,0.074,0.001,0.001,0.001,0.005,0.05,0.053,0.038,0.001,0.001,0.007,0.001
0.032,0.024,0.024,0.06,0.014,0.031,0.027,0.014,0.002,0.381,0.081,0.038,0.036,0.221,0.015
0.006,0.002,0.002,0.002,0.002,0.003,0.002,0.034,0.002,0.264,0.673,0.002,0.002,0.002,0.003
0.653,0.058,0.058,0.074,0.001,0.001,0.001,0.005,0.05,0.052,0.038,0.001,0.001,0.007,0.001
0.649,0.058,0.064,0.073,0.001,0.001,0.001,0.005,0.05,0.052,0.037,0.001,0.001,0.007,0.001
0.653,0.058,0.058,0.074,0.001,0.001,0.001,0.005,0.05,0.052,0.038,0.001,0.001,0.007,0.001
0.021,0.001,0.001,0.001,0.001,0.001,0.001,0.029,0.001,0.226,0.712,0.001,0.001,0.001,0.001
0.652,0.058,0.058,0.074,0.001,0.002,0.001,0.005,0.05,0.052,0.038,0.001,0.001,0.007,0.001
0.653,0.058,0.058,0.074,0.001,0.001,0.001,0.005,0.05,0.052,0.038,0.001,0.001,0.007,0.001
0.604,0.054,0.054,0.068,0.001,0.001,0.001,0.004,0.046,0.048,0.035,0.001,0.001,0.08,0.001
0.653,0.058,0.058,0.074,0.001,0.001,0.001,0.005,0.05,0.052,0.038,0.001,0.001,0.007,0.001
0.643,0.072,0.057,0.073,0.001,0.001,0.001,0.005,0.049,0.051,0.037,0.001,0.001,0.007,0.001
0.631,0.056,0.056,0.071,0.001,0.001,0.001,0.005,0.048,0.084,0.036,0.001,0.001,0.007,0.001
0.302,0.019,0.019,0.113,0.034,0.008,0.007,0.024,0.036,0.168,0.162,0.003,0.038,0.034,0.033
0.653,0.058,0.058,0.074,0.001,0.001,0.001,0.005,0.05,0.052,0.038,0.001,0.001,0.007,0.001
0.639,0.058,0.057,0.072,0.001,0.019,0.001,0.005,0.049,0.053,0.037,0.001,0.001,0.007,0.001
0.647,0.061,0.063,0.073,0.001,0.001,0.001,0.005,0.049,0.051,0.037,0.001,0.001,0.007,0.001
0.629,0.091,0.057,0.071,0.001,0.001,0.001,0.005,0.048,0.05,0.036,0.001,0.001,0.007,0.001
0.621,0.104,0.055,0.07,0.001,0.001,0.001,0.004,0.047,0.049,0.036,0.001,0.001,0.007,0.001
0.653,0.058,0.058,0.074,0.001,0.001,0.001,0.005,0.05,0.052,0.038,0.001,0.001,0.007,0.001
0.653,0.058,0.058,0.074,0.001,0.001,0.001,0.005,0.05,0.052,0.038,0.001,0.001,0.007,0.001
0.653,0.058,0.058,0.074,0.001,0.001,0.001,0.005,0.05,0.052,0.038,0.001,0.001,0.007,0.001
0.653,0.058,0.058,0.074,0.001,0.001,0.001,0.005,0.05,0.052,0.038,0.001,0.001,0.007,0.001
0.647,0.066,0.058,0.073,0.001,0.001,0.001,0.005,0.049,0.051,0.037,0.001,0.001,0.007,0.001
0.653,0.058,0.058,0.074,0.001,0.001,0.001,0.005,0.05,0.052,0.038,0.001,0.001,0.007,0.001
0.653,0.058,0.058,0.074,0.001,0.001,0.001,0.005,0.05,0.052,0.038,0.001,0.001,0.007,0.001
0.005,0.009,0.009,0.001,0.001,0.001,0.001,0.027,0.001,0.94,0.001,0.001,0.001,0.001,0.001
0.653,0.058,0.058,0.074,0.001,0.001,0.001,0.005,0.05,0.052,0.038,0.001,0.001,0.007,0.001
0.653,0.058,0.058,0.074,0.001,0.001,0.001,0.005,0.05,0.052,0.038,0.001,0.001,0.007,0.001
0.471,0.042,0.042,0.053,0.001,0.024,0.228,0.003,0.036,0.037,0.027,0.001,0.03,0.005,0.001
0.536,0.052,0.052,0.06,0.066,0.016,0.025,0.004,0.041,0.056,0.031,0.052,0.001,0.006,0.001
0.412,0.407,0.036,0.046,0.001,0.001,0.001,0.003,0.031,0.032,0.023,0.001,0.001,0.004,0.001
0.653,0.058,0.058,0.074,0.001,0.001,0.001,0.005,0.05,0.052,0.038,0.001,0.001,0.007,0.001
0.382,0.089,0.379,0.043,0.001,0.001,0.001,0.002,0.029,0.03,0.022,0.001,0.004,0.007,0.01
0.652,0.058,0.058,0.074,0.001,0.001,0.001,0.005,0.05,0.052,0.038,0.001,0.001,0.007,0.001
0.653,0.058,0.058,0.074,0.001,0.001,0.001,0.005,0.05,0.052,0.038,0.001,0.001,0.007,0.001
0.641,0.057,0.057,0.072,0.001,0.019,0.001,0.005,0.049,0.051,0.037,0.001,0.001,0.007,0.001
0.539,0.044,0.044,0.098,0.001,0.001,0.001,0.006,0.045,0.057,0.159,0.001,0.001,0.002,0.001
0.652,0.058,0.058,0.074,0.001,0.001,0.001,0.005,0.05,0.052,0.038,0.001,0.001,0.007,0.001
0.248,0.113,0.165,0.027,0.041,0.022,0.135,0.001,0.018,0.019,0.014,0.047,0.013,0.033,0.103
0.653,0.058,0.058,0.074,0.001,0.001,0.001,0.005,0.05,0.052,0.038,0.001,0.001,0.007,0.001
0.653,0.058,0.058,0.074,0.001,0.001,0.001,0.005,0.05,0.052,0.038,0.001,0.001,0.007,0.001
0.653,0.058,0.058,0.074,0.001,0.001,0.001,0.005,0.05,0.052,0.038,0.001,0.001,0.007,0.001
0.625,0.056,0.056,0.071,0.001,0.001,0.001,0.004,0.048,0.091,0.036,0.001,0.001,0.007,0.001
0.653,0.058,0.058,0.074,0.001,0.001,0.001,0.005,0.05,0.052,0.038,0.001,0.001,0.007,0.001
0.653,0.058,0.058,0.074,0.001,0.001,0.001,0.005,0.05,0.052,0.038,0.001,0.001,0.007,0.001
0.642,0.057,0.057,0.073,0.001,0.018,0.001,0.005,0.049,0.051,0.037,0.001,0.001,0.007,0.001
0.653,0.058,0.058,0.074,0.001,0.001,0.001,0.005,0.05,0.052,0.038,0.001,0.001,0.007,0.001
0.633,0.059,0.056,0.072,0.001,0.001,0.001,0.005,0.048,0.077,0.036,0.001,0.001,0.007,0.001
0.017,0.001,0.001,0.001,0.001,0.001,0.001,0.001,0.001,0.01,0.005,0.462,0.469,0.028,0.001
0.653,0.058,0.058,0.074,0.001,0.001,0.001,0.005,0.05,0.052,0.038,0.001,0.001,0.007,0.001
0.653,0.058,0.058,0.074,0.001,0.001,0.001,0.005,0.05,0.052,0.038,0.001,0.001,0.007,0.001
0.021,0.232,0.001,0.255,0.001,0.001,0.012,0.017,0.001,0.135,0.307,0.008,0.006,0.002,0.001
0.121,0.08,0.091,0.039,0.1,0.03,0.021,0.002,0.012,0.015,0.061,0.136,0.091,0.033,0.169
0.653,0.058,0.058,0.074,0.001,0.001,0.001,0.005,0.05,0.052,0.038,0.001,0.001,0.007,0.001
0.653,0.058,0.058,0.074,0.001,0.001,0.001,0.005,0.05,0.052,0.038,0.001,0.001,0.007,0.001
0.653,0.058,0.058,0.074,0.001,0.001,0.001,0.005,0.05,0.052,0.038,0.001,0.001,0.007,0.001
0.56,0.193,0.05,0.063,0.001,0.001,0.001,0.004,0.043,0.044,0.032,0.001,0.001,0.006,0.001
0.653,0.058,0.058,0.074,0.001,0.001,0.001,0.005,0.05,0.052,0.038,0.001,0.001,0.007,0.001
0.653,0.058,0.058,0.074,0.001,0.001,0.001,0.005,0.05,0.052,0.038,0.001,0.001,0.007,0.001
0.653,0.058,0.058,0.074,0.001,0.001,0.001,0.005,0.05,0.052,0.038,0.001,0.001,0.007,0.001
0.653,0.058,0.058,0.074,0.001,0.001,0.001,0.005,0.05,0.052,0.038,0.001,0.001,0.007,0.001
0.59,0.14,0.062,0.067,0.001,0.001,0.001,0.004,0.045,0.047,0.034,0.001,0.001,0.006,0.001
0.617,0.055,0.11,0.07,0.001,0.001,0.001,0.004,0.047,0.049,0.035,0.001,0.001,0.007,0.001
0.386,0.034,0.047,0.043,0.118,0.013,0.076,0.002,0.029,0.04,0.022,0.021,0.09,0.026,0.054
0.653,0.058,0.058,0.074,0.001,0.001,0.001,0.005,0.05,0.052,0.038,0.001,0.001,0.007,0.001
0.652,0.058,0.058,0.074,0.001,0.001,0.001,0.005,0.05,0.053,0.038,0.001,0.001,0.007,0.001
0.652,0.058,0.058,0.074,0.001,0.001,0.001,0.005,0.05,0.052,0.038,0.001,0.001,0.007,0.001
0.653,0.058,0.058,0.074,0.001,0.001,0.001,0.005,0.05,0.052,0.038,0.001,0.001,0.007,0.001
0.653,0.058,0.058,0.074,0.001,0.001,0.001,0.005,0.05,0.052,0.038,0.001,0.001,0.007,0.001
0.652,0.059,0.058,0.074,0.001,0.001,0.001,0.005,0.05,0.052,0.038,0.001,0.001,0.007,0.001
0.58,0.163,0.052,0.065,0.001,0.001,0.001,0.004,0.044,0.046,0.033,0.001,0.001,0.006,0.001
0.653,0.058,0.058,0.074,0.001,0.001,0.001,0.005,0.05,0.052,0.038,0.001,0.001,0.007,0.001
0.534,0.23,0.047,0.06,0.001,0.001,0.001,0.004,0.041,0.042,0.031,0.001,0.001,0.006,0.001
0.412,0.218,0.232,0.045,0.001,0.001,0.001,0.002,0.021,0.04,0.021,0.001,0.001,0.003,0.001
0.017,0.005,0.845,0.08,0.001,0.001,0.001,0.004,0.001,0.026,0.014,0.001,0.001,0.001,0.001
0.611,0.054,0.054,0.069,0.001,0.001,0.001,0.004,0.047,0.112,0.035,0.001,0.001,0.007,0.001
0.57,0.161,0.051,0.064,0.001,0.001,0.001,0.004,0.043,0.062,0.033,0.001,0.001,0.006,0.001
0.653,0.058,0.058,0.074,0.001,0.001,0.001,0.005,0.05,0.052,0.038,0.001,0.001,0.007,0.001
0.652,0.059,0.058,0.074,0.001,0.001,0.001,0.005,0.05,0.052,0.038,0.001,0.001,0.007,0.001
0.018,0.001,0.049,0.149,0.001,0.06,0.001,0.014,0.001,0.409,0.21,0.046,0.001,0.038,0.001
0.653,0.058,0.058,0.074,0.001,0.001,0.001,0.005,0.05,0.052,0.038,0.001,0.001,0.007,0.001
0.653,0.058,0.058,0.074,0.001,0.001,0.001,0.005,0.05,0.052,0.038,0.001,0.001,0.007,0.001
0.653,0.058,0.058,0.074,0.001,0.001,0.001,0.005,0.05,0.052,0.038,0.001,0.001,0.007,0.001
0.616,0.055,0.111,0.07,0.001,0.001,0.001,0.004,0.047,0.049,0.035,0.001,0.001,0.007,0.001
0.592,0.053,0.054,0.067,0.001,0.003,0.016,0.004,0.045,0.121,0.034,0.001,0.001,0.006,0.001
0.653,0.058,0.058,0.074,0.001,0.001,0.001,0.005,0.05,0.052,0.038,0.001,0.001,0.007,0.001
0.653,0.058,0.058,0.074,0.001,0.001,0.001,0.005,0.05,0.052,0.038,0.001,0.001,0.007,0.001
0.653,0.058,0.058,0.074,0.001,0.001,0.001,0.005,0.05,0.052,0.038,0.001,0.001,0.007,0.001
0.62,0.055,0.055,0.07,0.001,0.001,0.001,0.004,0.047,0.1,0.036,0.001,0.001,0.007,0.001
0.02,0.013,0.008,0.001,0.001,0.001,0.001,0.022,0.001,0.612,0.098,0.001,0.204,0.016,0.001
0.691,0.043,0.043,0.051,0.014,0.012,0.012,0.003,0.042,0.035,0.009,0.012,0.012,0.006,0.014
0.59,0.053,0.149,0.067,0.001,0.001,0.001,0.004,0.045,0.047,0.034,0.001,0.001,0.006,0.001
0.56,0.192,0.05,0.063,0.001,0.001,0.001,0.004,0.043,0.044,0.032,0.001,0.001,0.006,0.001
0.62,0.081,0.055,0.07,0.001,0.001,0.001,0.004,0.047,0.073,0.036,0.001,0.001,0.007,0.001
0.652,0.058,0.058,0.074,0.001,0.001,0.001,0.005,0.05,0.052,0.038,0.001,0.001,0.007,0.001
0.651,0.058,0.058,0.074,0.001,0.001,0.001,0.005,0.05,0.053,0.038,0.001,0.001,0.007,0.001
0.574,0.051,0.149,0.065,0.001,0.025,0.001,0.004,0.044,0.045,0.033,0.001,0.001,0.006,0.001
0.653,0.058,0.058,0.074,0.001,0.001,0.001,0.005,0.05,0.052,0.038,0.001,0.001,0.007,0.001
0.653,0.058,0.058,0.074,0.001,0.001,0.001,0.005,0.05,0.052,0.038,0.001,0.001,0.007,0.001
0.653,0.058,0.058,0.074,0.001,0.001,0.001,0.005,0.05,0.052,0.038,0.001,0.001,0.007,0.001
0.65,0.063,0.058,0.073,0.001,0.001,0.001,0.005,0.05,0.052,0.037,0.001,0.001,0.007,0.001
0.539,0.048,0.222,0.061,0.001,0.001,0.001,0.004,0.041,0.043,0.031,0.001,0.001,0.006,0.001
0.632,0.056,0.056,0.071,0.001,0.001,0.001,0.005,0.048,0.082,0.036,0.001,0.001,0.007,0.001
0.612,0.055,0.055,0.069,0.001,0.001,0.001,0.004,0.047,0.111,0.035,0.001,0.001,0.007,0.001
0.653,0.058,0.058,0.074,0.001,0.001,0.001,0.005,0.05,0.052,0.038,0.001,0.001,0.007,0.001
0.653,0.058,0.058,0.074,0.001,0.001,0.001,0.005,0.05,0.052,0.038,0.001,0.001,0.007,0.001
0.642,0.057,0.057,0.073,0.001,0.001,0.001,0.005,0.049,0.051,0.037,0.001,0.001,0.024,0.001
0.653,0.058,0.058,0.074,0.001,0.001,0.001,0.005,0.05,0.052,0.038,0.001,0.001,0.007,0.001
0.653,0.058,0.058,0.074,0.001,0.001,0.001,0.005,0.05,0.052,0.038,0.001,0.001,0.007,0.001
0.653,0.058,0.058,0.074,0.001,0.001,0.001,0.005,0.05,0.052,0.038,0.001,0.001,0.007,0.001
0.653,0.058,0.058,0.074,0.001,0.001,0.001,0.005,0.05,0.052,0.038,0.001,0.001,0.007,0.001
0.653,0.058,0.058,0.074,0.001,0.001,0.001,0.005,0.05,0.052,0.038,0.001,0.001,0.007,0.001
0.022,0.001,0.001,0.001,0.001,0.001,0.001,0.019,0.001,0.498,0.449,0.001,0.001,0.001,0.001
0.623,0.101,0.056,0.07,0.001,0.001,0.001,0.004,0.048,0.049,0.036,0.001,0.001,0.007,0.001
0.017,0.001,0.001,0.002,0.001,0.041,0.551,0.041,0.001,0.229,0.111,0.001,0.001,0.002,0.001
0.649,0.058,0.058,0.073,0.001,0.007,0.001,0.005,0.05,0.052,0.037,0.001,0.001,0.007,0.001
0.621,0.051,0.051,0.064,0.001,0.001,0.001,0.004,0.051,0.04,0.11,0.001,0.001,0.002,0.001
0.628,0.056,0.056,0.071,0.001,0.001,0.001,0.005,0.048,0.05,0.036,0.001,0.001,0.045,0.001
0.222,0.017,0.017,0.021,0.001,0.001,0.001,0.021,0.018,0.174,0.501,0.001,0.001,0.002,0.001
0.477,0.042,0.042,0.054,0.173,0.019,0.019,0.003,0.036,0.1,0.027,0.001,0.001,0.005,0.001
0.631,0.056,0.056,0.071,0.001,0.001,0.001,0.005,0.048,0.05,0.036,0.001,0.001,0.04,0.001
0.611,0.119,0.054,0.069,0.001,0.001,0.001,0.004,0.047,0.048,0.035,0.001,0.001,0.007,0.001
0.576,0.169,0.051,0.065,0.001,0.001,0.001,0.004,0.044,0.046,0.033,0.001,0.001,0.006,0.001
0.612,0.055,0.055,0.069,0.001,0.001,0.001,0.004,0.047,0.049,0.035,0.001,0.001,0.068,0.001
0.016,0.287,0.605,0.041,0.001,0.001,0.001,0.001,0.001,0.007,0.001,0.001,0.035,0.001,0.001
0.641,0.057,0.076,0.072,0.001,0.001,0.001,0.005,0.049,0.051,0.037,0.001,0.001,0.007,0.001
0.653,0.058,0.058,0.074,0.001,0.001,0.001,0.005,0.05,0.052,0.038,0.001,0.001,0.007,0.001
0.438,0.039,0.039,0.049,0.272,0.03,0.03,0.003,0.033,0.034,0.025,0.001,0.001,0.004,0.001
0.64,0.077,0.057,0.072,0.001,0.001,0.001,0.005,0.049,0.051,0.037,0.001,0.001,0.007,0.001
0.633,0.056,0.056,0.072,0.001,0.001,0.001,0.005,0.048,0.05,0.036,0.031,0.001,0.007,0.001
0.604,0.054,0.128,0.068,0.001,0.001,0.001,0.004,0.046,0.048,0.035,0.001,0.001,0.006,0.001
0.641,0.057,0.057,0.073,0.001,0.001,0.001,0.005,0.049,0.051,0.037,0.001,0.001,0.024,0.001
0.653,0.058,0.058,0.074,0.001,0.001,0.001,0.005,0.05,0.052,0.038,0.001,0.001,0.007,0.001
0.624,0.056,0.056,0.071,0.001,0.001,0.001,0.004,0.048,0.05,0.036,0.001,0.001,0.05,0.001
0.647,0.058,0.058,0.073,0.001,0.002,0.001,0.005,0.049,0.051,0.037,0.001,0.001,0.015,0.001
0.653,0.058,0.058,0.074,0.001,0.001,0.001,0.005,0.05,0.052,0.038,0.001,0.001,0.007,0.001
0.312,0.022,0.25,0.126,0.008,0.001,0.008,0.006,0.012,0.023,0.045,0.008,0.061,0.007,0.111
0.653,0.058,0.058,0.074,0.001,0.001,0.001,0.005,0.05,0.052,0.038,0.001,0.001,0.007,0.001
0.635,0.057,0.057,0.072,0.001,0.028,0.001,0.005,0.048,0.05,0.037,0.001,0.001,0.007,0.001
0.649,0.061,0.058,0.073,0.001,0.004,0.001,0.005,0.05,0.052,0.037,0.001,0.001,0.007,0.001
0.653,0.058,0.058,0.074,0.001,0.001,0.001,0.005,0.05,0.052,0.038,0.001,0.001,0.007,0.001
0.653,0.058,0.058,0.074,0.001,0.001,0.001,0.005,0.05,0.052,0.038,0.001,0.001,0.007,0.001
0.653,0.058,0.058,0.074,0.001,0.001,0.001,0.005,0.05,0.052,0.038,0.001,0.001,0.007,0.001
0.564,0.091,0.092,0.064,0.001,0.052,0.001,0.004,0.043,0.045,0.032,0.001,0.001,0.009,0.001
0.618,0.055,0.055,0.07,0.001,0.001,0.001,0.004,0.047,0.103,0.036,0.001,0.001,0.007,0.001
0.653,0.058,0.058,0.074,0.001,0.001,0.001,0.005,0.05,0.052,0.038,0.001,0.001,0.007,0.001
0.576,0.17,0.051,0.065,0.001,0.001,0.001,0.004,0.044,0.046,0.033,0.001,0.001,0.006,0.001
0.022,0.001,0.001,0.009,0.001,0.001,0.001,0.01,0.001,0.282,0.255,0.388,0.001,0.027,0.001
0.482,0.043,0.148,0.054,0.013,0.001,0.001,0.003,0.037,0.038,0.027,0.013,0.013,0.011,0.116
0.643,0.057,0.057,0.073,0.001,0.001,0.001,0.005,0.049,0.051,0.037,0.001,0.001,0.021,0.001
0.081,0.006,0.006,0.007,0.001,0.001,0.001,0.027,0.006,0.221,0.639,0.001,0.001,0.002,0.001
0.015,0.001,0.001,0.002,0.001,0.001,0.001,0.012,0.001,0.053,0.348,0.001,0.362,0.201,0.001
0.653,0.058,0.058,0.074,0.001,0.001,0.001,0.005,0.05,0.052,0.038,0.001,0.001,0.007,0.001
0.652,0.058,0.058,0.074,0.001,0.001,0.001,0.005,0.05,0.052,0.038,0.002,0.001,0.007,0.001
0.299,0.226,0.092,0.028,0.001,0.02,0.108,0.001,0.024,0.027,0.01,0.07,0.076,0.017,0.001
0.642,0.057,0.057,0.073,0.001,0.001,0.001,0.005,0.049,0.051,0.037,0.001,0.001,0.024,0.001
0.653,0.058,0.058,0.074,0.001,0.001,0.001,0.005,0.05,0.052,0.038,0.001,0.001,0.007,0.001
0.598,0.053,0.053,0.068,0.001,0.001,0.001,0.004,0.046,0.048,0.034,0.032,0.053,0.006,0.001
0.576,0.037,0.041,0.038,0.035,0.033,0.111,0.001,0.034,0.005,0.055,0.001,0.032,0.001,0.001
0.653,0.058,0.058,0.074,0.001,0.001,0.001,0.005,0.05,0.052,0.038,0.001,0.001,0.007,0.001
0.642,0.057,0.057,0.073,0.001,0.001,0.001,0.005,0.049,0.051,0.037,0.018,0.001,0.007,0.001
0.589,0.052,0.052,0.066,0.083,0.009,0.009,0.004,0.045,0.047,0.034,0.001,0.001,0.006,0.001
0.647,0.058,0.058,0.073,0.001,0.001,0.001,0.005,0.049,0.052,0.037,0.001,0.001,0.016,0.001
0.653,0.058,0.058,0.074,0.001,0.001,0.001,0.005,0.05,0.052,0.038,0.001,0.001,0.007,0.001
0.428,0.308,0.046,0.048,0.001,0.001,0.001,0.003,0.032,0.088,0.024,0.001,0.001,0.007,0.01
0.349,0.04,0.072,0.039,0.014,0.024,0.037,0.002,0.026,0.032,0.02,0.096,0.205,0.043,0.001
0.11,0.033,0.008,0.054,0.088,0.008,0.008,0.003,0.008,0.098,0.022,0.094,0.34,0.027,0.098
0.653,0.058,0.058,0.074,0.001,0.001,0.001,0.005,0.05,0.052,0.038,0.001,0.001,0.007,0.001
0.537,0.225,0.048,0.061,0.001,0.001,0.001,0.004,0.041,0.042,0.031,0.001,0.001,0.006,0.001
0.633,0.057,0.056,0.071,0.001,0.031,0.001,0.005,0.048,0.05,0.036,0.001,0.001,0.007,0.001
0.018,0.668,0.001,0.079,0.001,0.001,0.001,0.007,0.001,0.104,0.115,0.001,0.001,0.001,0.001
0.548,0.049,0.21,0.062,0.001,0.001,0.001,0.004,0.042,0.043,0.031,0.001,0.001,0.006,0.001
0.628,0.056,0.056,0.071,0.001,0.001,0.001,0.005,0.048,0.088,0.036,0.001,0.001,0.007,0.001
0.377,0.033,0.033,0.042,0.252,0.028,0.028,0.002,0.028,0.029,0.021,0.01,0.01,0.009,0.097
0.616,0.055,0.055,0.07,0.001,0.001,0.001,0.004,0.047,0.105,0.035,0.001,0.001,0.007,0.001
0.653,0.058,0.058,0.074,0.001,0.001,0.001,0.005,0.05,0.052,0.038,0.001,0.001,0.007,0.001
0.603,0.054,0.054,0.068,0.001,0.001,0.001,0.004,0.046,0.048,0.035,0.001,0.001,0.083,0.001
0.638,0.057,0.057,0.072,0.001,0.001,0.001,0.005,0.049,0.073,0.037,0.001,0.001,0.007,0.001
0.653,0.058,0.058,0.074,0.001,0.001,0.001,0.005,0.05,0.052,0.038,0.001,0.001,0.007,0.001
0.653,0.058,0.058,0.074,0.001,0.001,0.001,0.005,0.05,0.052,0.038,0.001,0.001,0.007,0.001
0.641,0.057,0.057,0.072,0.001,0.001,0.001,0.005,0.049,0.069,0.037,0.001,0.001,0.007,0.001
0.65,0.058,0.058,0.073,0.001,0.006,0.001,0.005,0.05,0.052,0.037,0.001,0.001,0.007,0.001
0.647,0.066,0.058,0.073,0.001,0.001,0.001,0.005,0.049,0.051,0.037,0.001,0.001,0.007,0.001
0.562,0.176,0.064,0.063,0.001,0.001,0.001,0.004,0.043,0.045,0.032,0.001,0.001,0.006,0.001
0.285,0.022,0.022,0.028,0.001,0.001,0.001,0.013,0.024,0.28,0.318,0.001,0.001,0.002,0.001
0.653,0.058,0.058,0.074,0.001,0.001,0.001,0.005,0.05,0.052,0.038,0.001,0.001,0.007,0.001
0.652,0.058,0.058,0.074,0.001,0.001,0.001,0.005,0.05,0.052,0.038,0.001,0.001,0.007,0.001
0.653,0.058,0.058,0.074,0.001,0.001,0.001,0.005,0.05,0.052,0.038,0.001,0.001,0.007,0.001
0.578,0.166,0.051,0.065,0.001,0.001,0.001,0.004,0.044,0.046,0.033,0.001,0.001,0.006,0.001
0.02,0.001,0.003,0.065,0.001,0.001,0.001,0.027,0.001,0.745,0.127,0.004,0.001,0.001,0.001
0.603,0.092,0.092,0.068,0.001,0.001,0.001,0.004,0.046,0.048,0.035,0.001,0.001,0.006,0.001
0.653,0.058,0.058,0.074,0.001,0.001,0.001,0.005,0.05,0.052,0.038,0.001,0.001,0.007,0.001
0.613,0.055,0.115,0.069,0.001,0.001,0.001,0.004,0.047,0.049,0.035,0.001,0.001,0.007,0.001
0.653,0.058,0.058,0.074,0.001,0.001,0.001,0.005,0.05,0.052,0.038,0.001,0.001,0.007,0.001
0.2,0.048,0.015,0.018,0.254,0.017,0.099,0.003,0.037,0.028,0.005,0.021,0.016,0.064,0.175
0.653,0.058,0.058,0.074,0.001,0.001,0.001,0.005,0.05,0.052,0.038,0.001,0.001,0.007,0.001
0.63,0.056,0.056,0.071,0.001,0.001,0.001,0.005,0.048,0.085,0.036,0.001,0.001,0.007,0.001
0.653,0.058,0.058,0.074,0.001,0.001,0.001,0.005,0.05,0.052,0.038,0.001,0.001,0.007,0.001
0.021,0.001,0.001,0.001,0.001,0.008,0.001,0.018,0.001,0.495,0.448,0.001,0.001,0.001,0.001
0.644,0.057,0.057,0.073,0.001,0.014,0.001,0.005,0.049,0.051,0.037,0.001,0.001,0.007,0.001
0.544,0.049,0.048,0.061,0.001,0.001,0.001,0.004,0.041,0.043,0.031,0.001,0.16,0.013,0.001
0.631,0.056,0.056,0.071,0.001,0.035,0.001,0.005,0.048,0.05,0.036,0.001,0.001,0.007,0.001
0.374,0.05,0.033,0.042,0.001,0.019,0.181,0.002,0.028,0.029,0.021,0.001,0.201,0.016,0.001
0.653,0.058,0.058,0.074,0.001,0.001,0.001,0.005,0.05,0.052,0.038,0.001,0.001,0.007,0.001
0.652,0.059,0.058,0.074,0.001,0.001,0.001,0.005,0.05,0.052,0.038,0.001,0.001,0.007,0.001
0.064,0.004,0.004,0.005,0.001,0.001,0.001,0.018,0.005,0.47,0.424,0.001,0.001,0.001,0.001
0.572,0.174,0.051,0.065,0.001,0.001,0.001,0.004,0.044,0.045,0.033,0.001,0.001,0.006,0.001
0.653,0.058,0.058,0.074,0.001,0.001,0.001,0.005,0.05,0.052,0.038,0.001,0.001,0.007,0.001
0.537,0.099,0.108,0.078,0.003,0.003,0.01,0.004,0.023,0.029,0.015,0.004,0.003,0.084,0.001
0.653,0.058,0.058,0.074,0.001,0.001,0.001,0.005,0.05,0.052,0.038,0.001,0.001,0.007,0.001
0.653,0.058,0.058,0.074,0.001,0.001,0.001,0.005,0.05,0.052,0.038,0.001,0.001,0.007,0.001
0.573,0.076,0.051,0.065,0.008,0.001,0.001,0.004,0.044,0.045,0.033,0.011,0.051,0.014,0.024
0.024,0.001,0.001,0.495,0.001,0.001,0.001,0.025,0.001,0.402,0.022,0.001,0.001,0.022,0.001
0.645,0.058,0.058,0.073,0.001,0.013,0.001,0.005,0.049,0.051,0.037,0.001,0.001,0.007,0.001
0.653,0.058,0.058,0.074,0.001,0.001,0.001,0.005,0.05,0.052,0.038,0.001,0.001,0.007,0.001
0.652,0.058,0.058,0.074,0.001,0.001,0.001,0.005,0.05,0.053,0.038,0.001,0.001,0.007,0.001
0.647,0.058,0.058,0.073,0.001,0.01,0.001,0.005,0.049,0.051,0.037,0.001,0.001,0.007,0.001
0.653,0.058,0.058,0.074,0.001,0.001,0.001,0.005,0.05,0.052,0.038,0.001,0.001,0.007,0.001
0.653,0.058,0.058,0.074,0.001,0.001,0.001,0.005,0.05,0.052,0.038,0.001,0.001,0.007,0.001
0.644,0.057,0.057,0.073,0.001,0.001,0.001,0.005,0.049,0.065,0.037,0.001,0.001,0.007,0.001
0.37,0.045,0.056,0.05,0.006,0.006,0.005,0.006,0.021,0.138,0.055,0.06,0.095,0.083,0.005
0.02,0.001,0.001,0.02,0.007,0.008,0.018,0.045,0.001,0.628,0.208,0.001,0.008,0.015,0.019
0.653,0.058,0.058,0.074,0.001,0.001,0.001,0.005,0.05,0.052,0.038,0.001,0.001,0.007,0.001
0.516,0.046,0.242,0.058,0.001,0.001,0.001,0.004,0.039,0.041,0.029,0.001,0.001,0.02,0.001
0.653,0.058,0.058,0.074,0.001,0.001,0.001,0.005,0.05,0.052,0.038,0.001,0.001,0.007,0.001
0.648,0.058,0.058,0.073,0.001,0.009,0.001,0.005,0.049,0.051,0.037,0.001,0.001,0.007,0.001
0.609,0.054,0.121,0.069,0.001,0.001,0.001,0.004,0.046,0.048,0.035,0.001,0.001,0.007,0.001
0.608,0.054,0.054,0.069,0.001,0.001,0.001,0.004,0.046,0.117,0.035,0.001,0.001,0.006,0.001
0.653,0.058,0.058,0.074,0.001,0.001,0.001,0.005,0.05,0.052,0.038,0.001,0.001,0.007,0.001
0.653,0.058,0.058,0.074,0.001,0.001,0.001,0.005,0.05,0.052,0.038,0.001,0.001,0.007,0.001
0.536,0.048,0.048,0.06,0.001,0.05,0.104,0.004,0.041,0.042,0.031,0.001,0.001,0.033,0.001
0.653,0.058,0.058,0.074,0.001,0.001,0.001,0.005,0.05,0.052,0.038,0.001,0.001,0.007,0.001
0.646,0.058,0.067,0.073,0.001,0.001,0.001,0.005,0.049,0.051,0.037,0.001,0.001,0.007,0.001
0.653,0.058,0.058,0.074,0.001,0.001,0.001,0.005,0.05,0.052,0.038,0.001,0.001,0.007,0.001
0.653,0.058,0.058,0.074,0.001,0.001,0.001,0.005,0.05,0.052,0.038,0.001,0.001,0.007,0.001
0.562,0.05,0.115,0.063,0.001,0.001,0.001,0.004,0.043,0.118,0.032,0.001,0.001,0.006,0.001
0.621,0.055,0.055,0.07,0.001,0.05,0.001,0.004,0.047,0.049,0.036,0.001,0.001,0.007,0.001
0.653,0.058,0.058,0.074,0.001,0.001,0.001,0.005,0.05,0.052,0.038,0.001,0.001,0.007,0.001
0.653,0.058,0.058,0.074,0.001,0.001,0.001,0.005,0.05,0.052,0.038,0.001,0.001,0.007,0.001
0.653,0.058,0.058,0.074,0.001,0.001,0.001,0.005,0.05,0.052,0.038,0.001,0.001,0.007,0.001
0.038,0.002,0.002,0.003,0.001,0.001,0.001,0.029,0.002,0.235,0.68,0.001,0.001,0.002,0.001
0.463,0.041,0.041,0.052,0.241,0.027,0.027,0.003,0.035,0.036,0.026,0.001,0.001,0.005,0.001
0.653,0.058,0.058,0.074,0.001,0.001,0.001,0.005,0.05,0.052,0.038,0.001,0.001,0.007,0.001
0.653,0.058,0.058,0.074,0.001,0.001,0.001,0.005,0.05,0.052,0.038,0.001,0.001,0.007,0.001
0.65,0.058,0.058,0.073,0.001,0.001,0.001,0.005,0.05,0.056,0.037,0.001,0.001,0.007,0.001
0.562,0.05,0.05,0.063,0.001,0.01,0.102,0.004,0.043,0.045,0.032,0.001,0.001,0.035,0.001
0.653,0.058,0.058,0.074,0.001,0.001,0.001,0.005,0.05,0.052,0.038,0.001,0.001,0.007,0.001
0.653,0.058,0.058,0.074,0.001,0.001,0.001,0.005,0.05,0.052,0.038,0.001,0.001,0.007,0.001
0.653,0.058,0.058,0.074,0.001,0.001,0.001,0.005,0.05,0.052,0.038,0.001,0.001,0.007,0.001
0.625,0.056,0.056,0.071,0.001,0.043,0.001,0.004,0.048,0.05,0.036,0.001,0.001,0.007,0.001
0.653,0.058,0.058,0.074,0.001,0.001,0.001,0.005,0.05,0.052,0.038,0.001,0.001,0.007,0.001
0.605,0.054,0.054,0.068,0.001,0.001,0.001,0.004,0.046,0.121,0.035,0.001,0.001,0.006,0.001
0.651,0.06,0.058,0.074,0.001,0.001,0.001,0.005,0.05,0.052,0.038,0.001,0.001,0.007,0.001
0.578,0.051,0.051,0.065,0.098,0.01,0.01,0.004,0.044,0.046,0.033,0.001,0.001,0.006,0.001
0.611,0.054,0.118,0.069,0.001,0.001,0.001,0.004,0.047,0.049,0.035,0.001,0.001,0.007,0.001
0.602,0.054,0.054,0.068,0.001,0.001,0.001,0.004,0.046,0.126,0.035,0.001,0.001,0.006,0.001
0.542,0.048,0.148,0.061,0.001,0.001,0.001,0.004,0.041,0.113,0.031,0.001,0.001,0.006,0.001
0.614,0.055,0.055,0.069,0.001,0.001,0.001,0.004,0.047,0.049,0.035,0.001,0.001,0.067,0.001
0.653,0.058,0.058,0.074,0.001,0.001,0.001,0.005,0.05,0.052,0.038,0.001,0.001,0.007,0.001
0.653,0.058,0.058,0.074,0.001,0.001,0.001,0.005,0.05,0.052,0.038,0.001,0.001,0.007,0.001
0.653,0.058,0.058,0.074,0.001,0.001,0.001,0.005,0.05,0.052,0.038,0.001,0.001,0.007,0.001
0.653,0.058,0.058,0.074,0.001,0.001,0.001,0.005,0.05,0.052,0.038,0.001,0.001,0.007,0.001
0.615,0.055,0.055,0.069,0.001,0.001,0.001,0.004,0.047,0.107,0.035,0.001,0.001,0.007,0.001
0.024,0.001,0.001,0.001,0.001,0.001,0.001,0.003,0.002,0.102,0.007,0.805,0.001,0.048,0.001
0.653,0.058,0.058,0.074,0.001,0.001,0.001,0.005,0.05,0.052,0.038,0.001,0.001,0.007,0.001
0.653,0.058,0.058,0.074,0.001,0.001,0.001,0.005,0.05,0.052,0.038,0.001,0.001,0.007,0.001
0.653,0.058,0.058,0.074,0.001,0.001,0.001,0.005,0.05,0.052,0.038,0.001,0.001,0.007,0.001
0.653,0.058,0.058,0.074,0.001,0.001,0.001,0.005,0.05,0.052,0.038,0.001,0.001,0.007,0.001
0.653,0.058,0.058,0.074,0.001,0.001,0.001,0.005,0.05,0.052,0.038,0.001,0.001,0.007,0.001
0.245,0.015,0.117,0.159,0.009,0.003,0.01,0.028,0.009,0.248,0.113,0.01,0.003,0.008,0.024
0.644,0.062,0.057,0.073,0.001,0.001,0.001,0.005,0.049,0.051,0.037,0.001,0.001,0.015,0.001
0.633,0.056,0.056,0.071,0.001,0.001,0.001,0.005,0.048,0.081,0.036,0.001,0.001,0.007,0.001
0.576,0.051,0.051,0.065,0.001,0.001,0.001,0.004,0.044,0.088,0.033,0.002,0.001,0.081,0.001
0.652,0.058,0.058,0.074,0.001,0.001,0.001,0.005,0.05,0.052,0.038,0.001,0.001,0.007,0.001
0.653,0.058,0.058,0.074,0.001,0.001,0.001,0.005,0.05,0.052,0.038,0.001,0.001,0.007,0.001
0.653,0.058,0.058,0.074,0.001,0.001,0.001,0.005,0.05,0.052,0.038,0.001,0.001,0.007,0.001
0.651,0.058,0.06,0.074,0.001,0.001,0.001,0.005,0.05,0.052,0.038,0.001,0.001,0.007,0.001
0.653,0.058,0.058,0.074,0.001,0.001,0.001,0.005,0.05,0.052,0.038,0.001,0.001,0.007,0.001
0.613,0.055,0.055,0.069,0.012,0.001,0.017,0.004,0.047,0.049,0.035,0.001,0.006,0.035,0.002
0.038,0.002,0.002,0.003,0.001,0.001,0.001,0.029,0.002,0.235,0.681,0.001,0.001,0.002,0.001
0.014,0.001,0.004,0.002,0.003,0.003,0.004,0.03,0.001,0.858,0.001,0.007,0.029,0.043,0.001
0.647,0.058,0.058,0.073,0.001,0.001,0.001,0.005,0.049,0.051,0.037,0.001,0.001,0.015,0.001
0.652,0.058,0.058,0.074,0.001,0.001,0.001,0.005,0.05,0.052,0.038,0.001,0.001,0.008,0.001
0.583,0.052,0.052,0.066,0.001,0.001,0.001,0.004,0.044,0.046,0.034,0.001,0.106,0.008,0.001
0.653,0.058,0.058,0.074,0.001,0.001,0.001,0.005,0.05,0.052,0.038,0.001,0.001,0.007,0.001
0.339,0.03,0.03,0.038,0.001,0.001,0.001,0.002,0.025,0.026,0.019,0.001,0.451,0.036,0.001
0.595,0.053,0.053,0.067,0.001,0.002,0.022,0.004,0.045,0.047,0.034,0.068,0.001,0.006,0.001
0.573,0.173,0.051,0.065,0.001,0.001,0.001,0.004,0.044,0.045,0.033,0.001,0.001,0.006,0.001
0.612,0.117,0.055,0.069,0.001,0.001,0.001,0.004,0.047,0.049,0.035,0.001,0.001,0.007,0.001
0.619,0.055,0.055,0.07,0.001,0.001,0.001,0.004,0.047,0.049,0.036,0.001,0.001,0.059,0.001
0.578,0.051,0.051,0.065,0.001,0.004,0.041,0.004,0.044,0.055,0.033,0.001,0.035,0.035,0.001
0.639,0.057,0.057,0.072,0.001,0.001,0.001,0.005,0.049,0.072,0.037,0.001,0.001,0.007,0.001
0.589,0.052,0.15,0.066,0.001,0.001,0.001,0.004,0.045,0.047,0.034,0.001,0.001,0.006,0.001
0.653,0.058,0.058,0.074,0.001,0.001,0.001,0.005,0.05,0.052,0.038,0.001,0.001,0.007,0.001
0.653,0.058,0.058,0.074,0.001,0.001,0.001,0.005,0.05,0.052,0.038,0.001,0.001,0.007,0.001
0.328,0.026,0.026,0.032,0.001,0.001,0.001,0.013,0.027,0.11,0.315,0.057,0.058,0.003,0.001
0.018,0.003,0.001,0.001,0.001,0.001,0.001,0.024,0.001,0.672,0.273,0.001,0.001,0.001,0.001
0.646,0.058,0.068,0.073,0.001,0.001,0.001,0.005,0.049,0.051,0.037,0.001,0.001,0.007,0.001
0.631,0.056,0.056,0.071,0.001,0.035,0.001,0.005,0.048,0.05,0.036,0.001,0.001,0.007,0.001
0.653,0.058,0.058,0.074,0.001,0.001,0.001,0.005,0.05,0.052,0.038,0.001,0.001,0.007,0.001
0.182,0.054,0.156,0.014,0.019,0.027,0.161,0.001,0.005,0.011,0.006,0.149,0.139,0.012,0.064
0.653,0.058,0.058,0.074,0.001,0.001,0.001,0.005,0.05,0.052,0.038,0.001,0.001,0.007,0.001
0.652,0.058,0.058,0.074,0.001,0.001,0.001,0.005,0.05,0.052,0.038,0.001,0.001,0.007,0.001
0.465,0.037,0.037,0.046,0.001,0.001,0.001,0.011,0.039,0.093,0.264,0.001,0.001,0.002,0.001
0.468,0.302,0.046,0.053,0.002,0.017,0.001,0.003,0.036,0.037,0.027,0.001,0.001,0.005,0.001
0.635,0.057,0.072,0.072,0.001,0.001,0.001,0.005,0.048,0.062,0.037,0.001,0.001,0.007,0.001
0.562,0.05,0.051,0.063,0.001,0.001,0.001,0.004,0.043,0.044,0.032,0.001,0.135,0.01,0.001
0.653,0.058,0.058,0.074,0.001,0.001,0.001,0.005,0.05,0.052,0.038,0.001,0.001,0.007,0.001
0.653,0.058,0.058,0.074,0.001,0.001,0.001,0.005,0.05,0.052,0.038,0.001,0.001,0.007,0.001
0.653,0.058,0.058,0.074,0.001,0.001,0.001,0.005,0.05,0.052,0.038,0.001,0.001,0.007,0.001
0.639,0.057,0.057,0.072,0.001,0.001,0.001,0.005,0.049,0.051,0.037,0.001,0.001,0.028,0.001
0.643,0.057,0.057,0.073,0.001,0.001,0.001,0.005,0.049,0.066,0.037,0.001,0.001,0.007,0.001
0.653,0.058,0.058,0.074,0.001,0.001,0.001,0.005,0.05,0.052,0.038,0.001,0.001,0.007,0.001
0.637,0.057,0.057,0.072,0.001,0.024,0.001,0.005,0.049,0.051,0.037,0.001,0.001,0.007,0.001
0.653,0.058,0.058,0.074,0.001,0.001,0.001,0.005,0.05,0.052,0.038,0.001,0.001,0.007,0.001
0.652,0.058,0.058,0.074,0.001,0.001,0.001,0.005,0.05,0.053,0.038,0.001,0.001,0.007,0.001
0.649,0.058,0.058,0.073,0.001,0.001,0.001,0.005,0.05,0.052,0.037,0.001,0.001,0.007,0.006
0.652,0.058,0.058,0.074,0.001,0.001,0.001,0.005,0.05,0.052,0.038,0.001,0.001,0.007,0.001
0.653,0.058,0.058,0.074,0.001,0.001,0.001,0.005,0.05,0.052,0.038,0.001,0.001,0.007,0.001
0.612,0.055,0.055,0.069,0.001,0.001,0.001,0.004,0.047,0.049,0.035,0.001,0.001,0.069,0.001
0.619,0.055,0.107,0.07,0.001,0.001,0.001,0.004,0.047,0.049,0.036,0.001,0.001,0.007,0.001
0.021,0.001,0.001,0.001,0.001,0.001,0.001,0.071,0.001,0.545,0.352,0.001,0.001,0.001,0.001
0.653,0.058,0.058,0.074,0.001,0.001,0.001,0.005,0.05,0.052,0.038,0.001,0.001,0.007,0.001
0.653,0.058,0.058,0.074,0.001,0.001,0.001,0.005,0.05,0.052,0.038,0.001,0.001,0.007,0.001
0.555,0.049,0.049,0.063,0.001,0.014,0.138,0.004,0.042,0.044,0.032,0.001,0.001,0.006,0.001
0.648,0.065,0.058,0.073,0.001,0.001,0.001,0.005,0.049,0.052,0.037,0.001,0.001,0.007,0.001
0.653,0.058,0.058,0.074,0.001,0.001,0.001,0.005,0.05,0.052,0.038,0.001,0.001,0.007,0.001
0.653,0.058,0.058,0.074,0.001,0.001,0.001,0.005,0.05,0.052,0.038,0.001,0.001,0.007,0.001
0.649,0.058,0.058,0.073,0.007,0.001,0.001,0.005,0.049,0.052,0.037,0.001,0.001,0.007,0.001
0.645,0.058,0.069,0.073,0.001,0.001,0.001,0.005,0.049,0.051,0.037,0.001,0.001,0.007,0.001
0.498,0.282,0.044,0.056,0.001,0.001,0.001,0.003,0.038,0.039,0.028,0.001,0.001,0.005,0.001
0.606,0.054,0.054,0.068,0.001,0.001,0.001,0.004,0.046,0.12,0.035,0.001,0.001,0.006,0.001
0.653,0.058,0.058,0.074,0.001,0.001,0.001,0.005,0.05,0.052,0.038,0.001,0.001,0.007,0.001
0.653,0.058,0.058,0.074,0.001,0.001,0.001,0.005,0.05,0.052,0.038,0.001,0.001,0.007,0.001
0.653,0.058,0.058,0.074,0.001,0.001,0.001,0.005,0.05,0.052,0.038,0.001,0.001,0.007,0.001
0.653,0.058,0.058,0.074,0.001,0.001,0.001,0.005,0.05,0.052,0.038,0.001,0.001,0.007,0.001
0.431,0.376,0.04,0.048,0.001,0.001,0.001,0.003,0.033,0.034,0.024,0.001,0.001,0.004,0.001
0.653,0.058,0.058,0.074,0.001,0.001,0.001,0.005,0.05,0.052,0.038,0.001,0.001,0.007,0.001
0.649,0.058,0.058,0.073,0.001,0.001,0.001,0.005,0.05,0.057,0.037,0.001,0.001,0.007,0.001
0.611,0.054,0.054,0.069,0.001,0.001,0.001,0.004,0.047,0.052,0.035,0.001,0.001,0.068,0.001
0.462,0.041,0.041,0.052,0.001,0.001,0.001,0.003,0.035,0.036,0.026,0.268,0.001,0.021,0.01
0.582,0.052,0.052,0.066,0.092,0.01,0.01,0.004,0.044,0.046,0.033,0.001,0.001,0.006,0.001
0.653,0.058,0.058,0.074,0.001,0.001,0.001,0.005,0.05,0.052,0.038,0.001,0.001,0.007,0.001
0.653,0.058,0.058,0.074,0.001,0.001,0.001,0.005,0.05,0.052,0.038,0.001,0.001,0.007,0.001
0.031,0.427,0.001,0.031,0.047,0.028,0.39,0.001,0.003,0.009,0.004,0.001,0.024,0.001,0.001
0.65,0.058,0.058,0.073,0.001,0.001,0.001,0.005,0.05,0.056,0.037,0.001,0.001,0.007,0.001
0.653,0.058,0.058,0.074,0.001,0.001,0.001,0.005,0.05,0.052,0.038,0.001,0.001,0.007,0.001
0.624,0.056,0.056,0.07,0.001,0.045,0.001,0.004,0.048,0.05,0.036,0.001,0.001,0.007,0.001
0.006,0.001,0.001,0.565,0.001,0.003,0.001,0.025,0.011,0.014,0.007,0.348,0.001,0.014,0.001
0.585,0.052,0.142,0.066,0.001,0.001,0.001,0.004,0.045,0.046,0.034,0.001,0.015,0.006,0.001
0.645,0.058,0.058,0.073,0.001,0.013,0.001,0.005,0.049,0.051,0.037,0.001,0.001,0.007,0.001
0.644,0.057,0.057,0.073,0.001,0.001,0.001,0.005,0.049,0.051,0.037,0.001,0.001,0.021,0.001
0.653,0.058,0.058,0.074,0.001,0.001,0.001,0.005,0.05,0.052,0.038,0.001,0.001,0.007,0.001
0.039,0.002,0.002,0.003,0.001,0.001,0.001,0.029,0.002,0.753,0.161,0.001,0.001,0.003,0.001
0.357,0.028,0.028,0.035,0.001,0.001,0.001,0.015,0.03,0.129,0.37,0.001,0.001,0.002,0.001
0.51,0.045,0.045,0.057,0.001,0.001,0.001,0.003,0.039,0.107,0.029,0.148,0.001,0.011,0.001
0.615,0.064,0.059,0.069,0.001,0.001,0.001,0.004,0.047,0.051,0.035,0.043,0.001,0.007,0.001
0.531,0.23,0.036,0.044,0.014,0.016,0.015,0.002,0.044,0.016,0.013,0.007,0.007,0.008,0.016
0.601,0.054,0.054,0.068,0.001,0.001,0.001,0.004,0.046,0.048,0.035,0.001,0.001,0.085,0.001
0.653,0.058,0.058,0.074,0.001,0.001,0.001,0.005,0.05,0.052,0.038,0.001,0.001,0.007,0.001
0.624,0.056,0.056,0.071,0.001,0.044,0.001,0.004,0.048,0.05,0.036,0.001,0.001,0.007,0.001
0.014,0.434,0.064,0.041,0.001,0.044,0.046,0.021,0.002,0.074,0.133,0.04,0.04,0.044,0.002
0.653,0.058,0.058,0.074,0.001,0.001,0.001,0.005,0.05,0.052,0.038,0.001,0.001,0.007,0.001
0.653,0.058,0.058,0.074,0.001,0.001,0.001,0.005,0.05,0.052,0.038,0.001,0.001,0.007,0.001
0.603,0.054,0.054,0.068,0.001,0.001,0.001,0.004,0.046,0.048,0.035,0.001,0.001,0.083,0.001
0.019,0.001,0.395,0.148,0.001,0.001,0.001,0.008,0.001,0.252,0.168,0.001,0.001,0.001,0.001
0.65,0.058,0.063,0.073,0.001,0.001,0.001,0.005,0.05,0.052,0.037,0.001,0.001,0.007,0.001
0.054,0.394,0.051,0.034,0.001,0.001,0.001,0.001,0.005,0.009,0.004,0.001,0.404,0.04,0.001
0.076,0.005,0.005,0.007,0.001,0.001,0.001,0.034,0.006,0.276,0.582,0.001,0.001,0.003,0.001
0.033,0.022,0.002,0.002,0.001,0.001,0.001,0.027,0.002,0.218,0.633,0.001,0.001,0.056,0.001
0.653,0.058,0.058,0.074,0.001,0.001,0.001,0.005,0.05,0.052,0.038,0.001,0.001,0.007,0.001
0.653,0.058,0.058,0.074,0.001,0.001,0.001,0.005,0.05,0.052,0.038,0.001,0.001,0.007,0.001
0.653,0.058,0.058,0.074,0.001,0.001,0.001,0.005,0.05,0.052,0.038,0.001,0.001,0.007,0.001
0.653,0.058,0.058,0.074,0.001,0.001,0.001,0.005,0.05,0.052,0.038,0.001,0.001,0.007,0.001
0.631,0.056,0.056,0.071,0.001,0.001,0.001,0.005,0.048,0.05,0.036,0.001,0.001,0.04,0.001
0.202,0.015,0.015,0.019,0.001,0.001,0.001,0.022,0.017,0.18,0.521,0.001,0.001,0.002,0.001
0.558,0.08,0.05,0.063,0.001,0.001,0.001,0.004,0.042,0.064,0.032,0.001,0.095,0.007,0.001
0.653,0.058,0.058,0.074,0.001,0.001,0.001,0.005,0.05,0.052,0.038,0.001,0.001,0.007,0.001
0.653,0.058,0.058,0.074,0.001,0.001,0.001,0.005,0.05,0.052,0.038,0.001,0.001,0.007,0.001
0.653,0.058,0.058,0.074,0.001,0.001,0.001,0.005,0.05,0.052,0.038,0.001,0.001,0.007,0.001
0.642,0.057,0.057,0.073,0.001,0.001,0.001,0.005,0.049,0.051,0.037,0.014,0.001,0.007,0.003
0.653,0.058,0.058,0.074,0.001,0.001,0.001,0.005,0.05,0.052,0.038,0.001,0.001,0.007,0.001
0.628,0.056,0.094,0.071,0.001,0.001,0.001,0.005,0.048,0.05,0.036,0.001,0.001,0.007,0.001
0.653,0.058,0.058,0.074,0.001,0.001,0.001,0.005,0.05,0.052,0.038,0.001,0.001,0.007,0.001
0.653,0.058,0.058,0.074,0.001,0.001,0.001,0.005,0.05,0.052,0.038,0.001,0.001,0.007,0.001
0.65,0.058,0.062,0.074,0.001,0.001,0.001,0.005,0.05,0.052,0.037,0.001,0.001,0.007,0.001
0.653,0.058,0.058,0.074,0.001,0.001,0.001,0.005,0.05,0.052,0.038,0.001,0.001,0.007,0.001
0.653,0.058,0.058,0.074,0.001,0.001,0.001,0.005,0.05,0.052,0.038,0.001,0.001,0.007,0.001
0.033,0.002,0.002,0.002,0.001,0.001,0.001,0.018,0.002,0.491,0.443,0.001,0.001,0.001,0.001
0.653,0.058,0.058,0.074,0.001,0.001,0.001,0.005,0.05,0.052,0.038,0.001,0.001,0.007,0.001
0.653,0.058,0.058,0.074,0.001,0.001,0.001,0.005,0.05,0.052,0.038,0.001,0.001,0.007,0.001
0.653,0.058,0.058,0.074,0.001,0.001,0.001,0.005,0.05,0.052,0.038,0.001,0.001,0.007,0.001
0.653,0.058,0.058,0.074,0.001,0.001,0.001,0.005,0.05,0.052,0.038,0.001,0.001,0.007,0.001
0.653,0.058,0.058,0.074,0.001,0.001,0.001,0.005,0.05,0.052,0.038,0.001,0.001,0.007,0.001
0.609,0.054,0.054,0.069,0.001,0.001,0.001,0.004,0.046,0.116,0.035,0.001,0.001,0.006,0.001
0.64,0.057,0.057,0.072,0.001,0.021,0.001,0.005,0.049,0.051,0.037,0.001,0.001,0.007,0.001
0.592,0.053,0.093,0.067,0.001,0.054,0.001,0.004,0.045,0.047,0.034,0.001,0.001,0.006,0.001
0.653,0.058,0.058,0.074,0.001,0.001,0.001,0.005,0.05,0.052,0.038,0.001,0.001,0.007,0.001
0.652,0.058,0.058,0.074,0.001,0.001,0.001,0.005,0.05,0.052,0.038,0.001,0.001,0.008,0.001
0.653,0.058,0.058,0.074,0.001,0.001,0.001,0.005,0.05,0.052,0.038,0.001,0.001,0.007,0.001
0.317,0.028,0.213,0.035,0.014,0.028,0.261,0.002,0.024,0.025,0.018,0.009,0.009,0.003,0.015
0.629,0.078,0.056,0.071,0.001,0.001,0.001,0.005,0.048,0.065,0.036,0.001,0.001,0.007,0.001
0.653,0.058,0.058,0.074,0.001,0.001,0.001,0.005,0.05,0.052,0.038,0.001,0.001,0.007,0.001
0.653,0.058,0.058,0.074,0.001,0.001,0.001,0.005,0.05,0.052,0.038,0.001,0.001,0.007,0.001
0.653,0.058,0.058,0.074,0.001,0.001,0.001,0.005,0.05,0.052,0.038,0.001,0.001,0.007,0.001
0.653,0.058,0.058,0.074,0.001,0.001,0.001,0.005,0.05,0.052,0.038,0.001,0.001,0.007,0.001
0.13,0.044,0.008,0.01,0.148,0.024,0.194,0.01,0.012,0.094,0.095,0.035,0.013,0.012,0.171
0.032,0.002,0.002,0.036,0.001,0.001,0.001,0.028,0.002,0.733,0.157,0.001,0.001,0.003,0.001
0.653,0.058,0.058,0.074,0.001,0.001,0.001,0.005,0.05,0.052,0.038,0.001,0.001,0.007,0.001
0.648,0.058,0.058,0.073,0.001,0.001,0.001,0.005,0.049,0.059,0.037,0.001,0.001,0.007,0.001
0.635,0.057,0.057,0.072,0.009,0.018,0.001,0.005,0.048,0.05,0.037,0.001,0.001,0.008,0.001
0.257,0.02,0.02,0.025,0.001,0.104,0.001,0.008,0.021,0.22,0.199,0.115,0.001,0.008,0.001
0.616,0.055,0.055,0.07,0.001,0.001,0.001,0.004,0.047,0.049,0.035,0.001,0.001,0.062,0.001
0.652,0.059,0.058,0.074,0.001,0.001,0.001,0.005,0.05,0.052,0.038,0.001,0.001,0.007,0.001
0.646,0.062,0.063,0.073,0.001,0.001,0.001,0.005,0.049,0.051,0.037,0.001,0.001,0.007,0.001
0.653,0.058,0.058,0.074,0.001,0.001,0.001,0.005,0.05,0.052,0.038,0.001,0.001,0.007,0.001
0.416,0.035,0.081,0.097,0.001,0.001,0.001,0.011,0.015,0.072,0.266,0.001,0.001,0.001,0.001
0.531,0.047,0.235,0.06,0.001,0.001,0.001,0.004,0.04,0.042,0.03,0.001,0.001,0.006,0.001
0.635,0.057,0.057,0.072,0.001,0.028,0.001,0.005,0.048,0.05,0.037,0.001,0.001,0.007,0.001
0.575,0.051,0.17,0.065,0.001,0.001,0.001,0.004,0.044,0.046,0.033,0.001,0.001,0.006,0.001
0.653,0.058,0.058,0.074,0.001,0.001,0.001,0.005,0.05,0.052,0.038,0.001,0.001,0.007,0.001
0.481,0.044,0.05,0.054,0.005,0.005,0.005,0.003,0.037,0.042,0.027,0.005,0.221,0.017,0.005
0.652,0.058,0.058,0.074,0.001,0.001,0.001,0.005,0.05,0.052,0.038,0.001,0.001,0.007,0.001
0.001,0.051,0.001,0.001,0.001,0.001,0.001,0.146,0.683,0.097,0.012,0.001,0.001,0.001,0.001
0.15,0.011,0.011,0.014,0.001,0.001,0.001,0.024,0.012,0.198,0.571,0.001,0.001,0.002,0.001
0.587,0.052,0.052,0.066,0.001,0.001,0.001,0.004,0.045,0.047,0.034,0.101,0.001,0.007,0.001
0.647,0.058,0.067,0.073,0.001,0.001,0.001,0.005,0.049,0.051,0.037,0.001,0.001,0.007,0.001
0.645,0.058,0.058,0.073,0.002,0.001,0.001,0.005,0.049,0.062,0.037,0.001,0.001,0.007,0.001
0.532,0.063,0.171,0.055,0.002,0.001,0.007,0.003,0.023,0.039,0.023,0.001,0.064,0.009,0.006
0.652,0.058,0.058,0.074,0.001,0.001,0.001,0.005,0.05,0.053,0.038,0.001,0.001,0.007,0.001
0.652,0.059,0.058,0.074,0.001,0.001,0.001,0.005,0.05,0.052,0.038,0.001,0.001,0.007,0.001
0.653,0.058,0.058,0.074,0.001,0.001,0.001,0.005,0.05,0.052,0.038,0.001,0.001,0.007,0.001
0.101,0.007,0.007,0.009,0.001,0.001,0.001,0.026,0.008,0.214,0.619,0.001,0.001,0.002,0.001
0.649,0.063,0.058,0.073,0.001,0.001,0.001,0.005,0.05,0.052,0.037,0.001,0.001,0.007,0.001
0.653,0.058,0.058,0.074,0.001,0.001,0.001,0.005,0.05,0.052,0.038,0.001,0.001,0.007,0.001
0.653,0.058,0.058,0.074,0.001,0.001,0.001,0.005,0.05,0.052,0.038,0.001,0.001,0.007,0.001
0.653,0.058,0.058,0.074,0.001,0.001,0.001,0.005,0.05,0.052,0.038,0.001,0.001,0.007,0.001
0.653,0.058,0.058,0.074,0.001,0.001,0.001,0.005,0.05,0.052,0.038,0.001,0.001,0.007,0.001
0.653,0.058,0.058,0.074,0.001,0.001,0.001,0.005,0.05,0.052,0.038,0.001,0.001,0.007,0.001
0.653,0.058,0.058,0.074,0.001,0.001,0.001,0.005,0.05,0.052,0.038,0.001,0.001,0.007,0.001
0.653,0.058,0.058,0.074,0.001,0.001,0.001,0.005,0.05,0.052,0.038,0.001,0.001,0.007,0.001
0.653,0.058,0.058,0.074,0.001,0.001,0.001,0.005,0.05,0.052,0.038,0.001,0.001,0.007,0.001
0.647,0.058,0.067,0.073,0.001,0.001,0.001,0.005,0.049,0.051,0.037,0.001,0.001,0.007,0.001
0.653,0.058,0.058,0.074,0.001,0.001,0.001,0.005,0.05,0.052,0.038,0.001,0.001,0.007,0.001
0.653,0.058,0.058,0.074,0.001,0.001,0.001,0.005,0.05,0.052,0.038,0.001,0.001,0.007,0.001
0.037,0.006,0.002,0.003,0.001,0.001,0.001,0.029,0.002,0.234,0.678,0.001,0.001,0.002,0.001
0.631,0.056,0.056,0.071,0.001,0.034,0.001,0.005,0.048,0.05,0.036,0.001,0.001,0.007,0.001
0.631,0.056,0.056,0.071,0.001,0.034,0.001,0.005,0.048,0.05,0.036,0.001,0.001,0.007,0.001
0.514,0.259,0.046,0.058,0.001,0.001,0.001,0.004,0.039,0.041,0.029,0.001,0.001,0.005,0.001
0.653,0.058,0.058,0.074,0.001,0.001,0.001,0.005,0.05,0.052,0.038,0.001,0.001,0.007,0.001
0.641,0.057,0.057,0.072,0.001,0.001,0.001,0.005,0.049,0.054,0.037,0.001,0.001,0.021,0.001
0.622,0.055,0.055,0.07,0.001,0.001,0.001,0.004,0.047,0.097,0.036,0.001,0.001,0.007,0.001
0.021,0.001,0.016,0.001,0.009,0.019,0.025,0.023,0.001,0.552,0.307,0.007,0.007,0.001,0.01
0.653,0.058,0.058,0.074,0.001,0.001,0.001,0.005,0.05,0.052,0.038,0.001,0.001,0.007,0.001
0.646,0.058,0.058,0.073,0.001,0.001,0.001,0.005,0.049,0.052,0.037,0.001,0.001,0.017,0.001
0.653,0.058,0.058,0.074,0.001,0.001,0.001,0.005,0.05,0.052,0.038,0.001,0.001,0.007,0.001
0.624,0.056,0.056,0.07,0.001,0.001,0.001,0.004,0.048,0.094,0.036,0.001,0.001,0.007,0.001
0.645,0.069,0.058,0.073,0.001,0.001,0.001,0.005,0.049,0.051,0.037,0.001,0.001,0.007,0.001
0.62,0.105,0.055,0.07,0.001,0.001,0.001,0.004,0.047,0.049,0.036,0.001,0.001,0.007,0.001
0.631,0.056,0.056,0.071,0.001,0.001,0.001,0.005,0.048,0.083,0.036,0.001,0.001,0.007,0.001
0.653,0.058,0.058,0.074,0.001,0.001,0.001,0.005,0.05,0.052,0.038,0.001,0.001,0.007,0.001
0.653,0.058,0.058,0.074,0.001,0.001,0.001,0.005,0.05,0.052,0.038,0.001,0.001,0.007,0.001
0.653,0.058,0.058,0.074,0.001,0.001,0.001,0.005,0.05,0.052,0.038,0.001,0.001,0.007,0.001
0.653,0.058,0.058,0.074,0.001,0.001,0.001,0.005,0.05,0.052,0.038,0.001,0.001,0.007,0.001
0.229,0.109,0.076,0.025,0.043,0.02,0.185,0.001,0.017,0.047,0.012,0.086,0.086,0.032,0.032
0.651,0.058,0.058,0.074,0.001,0.003,0.001,0.005,0.05,0.052,0.038,0.001,0.001,0.007,0.001
0.126,0.008,0.008,0.247,0.001,0.001,0.002,0.024,0.022,0.001,0.22,0.238,0.001,0.1,0.001
0.653,0.058,0.058,0.074,0.001,0.001,0.001,0.005,0.05,0.052,0.038,0.001,0.001,0.007,0.001
0.653,0.058,0.058,0.074,0.001,0.001,0.001,0.005,0.05,0.052,0.038,0.001,0.001,0.007,0.001
0.609,0.098,0.054,0.069,0.001,0.001,0.001,0.004,0.046,0.072,0.035,0.001,0.001,0.006,0.001
0.641,0.057,0.057,0.072,0.001,0.001,0.001,0.005,0.049,0.068,0.037,0.001,0.001,0.007,0.001
0.012,0.001,0.001,0.001,0.001,0.001,0.001,0.044,0.015,0.001,0.918,0.001,0.001,0.001,0.001
0.653,0.058,0.058,0.074,0.001,0.001,0.001,0.005,0.05,0.052,0.038,0.001,0.001,0.007,0.001
