Run,APR1400,EPR1750,AP1000,BWRX300,RollsRoyceSMR,NuScaleVOYGR6
1,0.6363614309097293,0.7974921766851224,0.7675637432839626,0.35194020098073475,0.41943436573995496,0.4776029509627306
2,0.712066215092028,0.845218238830789,0.648847413536969,0.35603426440429126,0.4450184194667727,0.36175276989912847
3,0.5048106445687437,0.6277698837762009,0.4862881409007727,0.2536910106783274,0.5170467184446104,0.41542394584667175
4,0.6604934416999056,0.7537901966027448,0.6775269594373262,0.37149134513415905,0.5981678818678793,0.32263045485978864
5,0.46467496074516246,0.6903724439245459,0.7063148064489919,0.33136198074364165,0.47631918695194353,0.31205748336433375
6,0.5198204967366542,0.7825467425069677,0.6240553233631444,0.2768340039430803,0.5625388058737724,0.39193869322650915
7,0.6864465577466587,0.8248858529323628,0.6428976196958316,0.4194884344519486,0.26633515712379,0.3881491030770697
8,0.444191645927026,0.7867619614817282,0.6268664419969913,0.49565818614265317,0.418757008780326,0.4420365921251253
9,0.6063050907390644,0.7245336469653838,0.5058959095834358,0.3706493515016203,0.6031580066301041,0.5338882207411387
10,0.4715264191044587,0.741713782479961,0.5810425324505355,0.410774285227291,0.41397693671744995,0.41489298040797573
11,0.5014589183495105,0.6785038521173936,0.6354262131737861,0.35003962077262757,0.4359110410663029,0.3051376284863177
12,0.5985233898528832,0.7319784705158221,0.6978077836603582,0.3340233495547959,0.4896391334197969,0.5719947617586963
13,0.47975029535291575,0.751129575730913,0.588115709844148,0.44707829605879196,0.5649228053611085,0.4901314570390677
14,0.5676017010812893,0.5664730125095981,0.6242555825888343,0.5223332718583845,0.5009609693300908,0.491344734460105
15,0.6742770053720517,0.680458617033336,0.5968993976534707,0.3918037206496797,0.5001283894575748,0.23534728514068554
16,0.42384447978060746,0.8116649226099538,0.54748512976295,0.48386837720626874,0.4313688713100975,0.31313318920701083
17,0.5369080622275693,0.7291892833298131,0.48985122626304767,0.392216392678582,0.2676766393252367,0.2776831276813866
18,0.5276624699138005,0.6830846906649262,0.7034935952161614,0.2638685309839029,0.4941244532258897,0.4368210192596846
19,0.5239143175643449,0.6075377139254047,0.539021990583838,0.40012340691605985,0.3235110995901878,0.42873549136442285
20,0.5261046625830501,0.6176947817089978,0.6565755034993819,0.39142319000888115,0.38905721908884333,0.2766264198530588
21,0.6141716755109501,0.7331295188080013,0.6160092581897864,0.35821704255462705,0.46656720208375857,0.4704687923840336
22,0.5566059396737517,0.7512200115412259,0.49853285445558493,0.3416091579996739,0.4554154577664071,0.4899530185532107
23,0.4435939720370598,0.6568753617070011,0.5051406690751956,0.44651188034170763,0.42586332157203205,0.2948962026755741
24,0.613154122613231,0.6613198035962321,0.6526343644160394,0.2678500691859631,0.4720234524420421,0.5242204003784289
25,0.2506891638107844,0.5880812293372805,0.6284718431221394,0.2519685611965185,0.49818572801296074,0.3048286457089152
26,0.5531045914676787,0.7805032391017374,0.6945140971469309,0.29864492041122637,0.4900340846561042,0.4075893609445302
27,0.4761925909933472,0.7082553062451745,0.49414910433736237,0.43186436642533826,0.520232990816898,0.36496842704286214
28,0.4531802199671376,0.6228634362684137,0.5579274848310563,0.46027551453304005,0.4551475538514938,0.4023408152109103
29,0.3310083120066036,0.5989264610771291,0.551955160192231,0.364304160273229,0.4112915291935597,0.36834596838110617
30,0.576457223498712,0.6339177262790299,0.5299787627886897,0.272651709294534,0.49985965856007664,0.5524393664667656
31,0.3915114100079683,0.7509305727097992,0.6827131652619075,0.29572246536737323,0.20558929699009643,0.3364757271098932
32,0.56975264999263,0.6772117736292378,0.6027772341037735,0.3486129234457661,0.5370457745973354,0.4663791478012198
33,0.6425432965039747,0.7303750851186586,0.6038070279175125,0.3134960625442385,0.5129752159459308,0.7017836554708101
34,0.5662610930707312,0.5706292891386903,0.5828649887115585,0.4097650379592482,0.43177072469673916,0.4447491439344777
35,0.6820733572961546,0.7755910295605504,0.6220633270397794,0.42529091775717087,0.3821464067693331,0.40414725390033773
36,0.48373909255896735,0.712066523058203,0.710781148262609,0.38373943872426236,0.44664837702746446,0.5908951835992764
37,0.5016853563820018,0.7232972214289863,0.5587344437560217,0.38474197518014885,0.5300245876592081,0.47063776908392424
38,0.3635890973592933,0.615344341294633,0.5753347588696262,0.3972545509794151,0.45142549740261634,0.3778430011923878
39,0.5330622152671703,0.6744409504475825,0.5865670902166492,0.4515550619894661,0.43680191326168283,0.5395106830322239
40,0.4406811697355001,0.622712237615305,0.6648419871144812,0.3286244475373267,0.5633667784087367,0.32357232352383675
41,0.5786758688160223,0.6111203637333879,0.5668895360572933,0.27403032669629485,0.3988330857415974,0.4387809981538496
42,0.6839616767973303,0.6721859967045083,0.6412360093629147,0.21027236502973426,0.5227215636181369,0.43825336204812
43,0.6443183147957848,0.7009358761171631,0.5219511420020311,0.28299931502394937,0.3683965093060631,0.43497778798097564
44,0.7751170339524658,0.7059519984289762,0.5899238755686392,0.2593017594490207,0.6027388055147802,0.37183516929680027
45,0.5952650384673357,0.6384601336617839,0.6064592559953536,0.4625587846682456,0.48419627839814783,0.4356076310345956
46,0.4423801683457632,0.7453295066848107,0.506092226996573,0.46773539081574167,0.4382516799862752,0.3388066780144955
47,0.42027066647843725,0.8369610974568301,0.6338330506781951,0.45388643360213105,0.29348989216707927,0.1875070666638062
48,0.5571167937812663,0.814608325492705,0.6118993215389013,0.46939699515676125,0.45216153061598563,0.3937175832880366
49,0.6512075922275853,0.721883523457701,0.5212922541328807,0.2711266282932132,0.45959131353794913,0.4981747152149234
50,0.6642249523094609,0.6796402857414798,0.5277858610734416,0.2585192892317612,0.32217771059206124,0.448535016390268
51,0.46613845174733826,0.6033294291332861,0.5827174654862827,0.5821464711658658,0.45438782132412436,0.2141607898458357
52,0.46791724991602923,0.8235960763667822,0.46798797829727184,0.4125836232664844,0.543256692667681,0.21936248010155202
53,0.4693063700610162,0.8149432364933502,0.4832332033887993,0.4213845675450848,0.566280213178076,0.48343646974019583
54,0.495006876962455,0.6645773358357784,0.569551933037436,0.47854683843016566,0.6291980894608646,0.49057659728177566
55,0.5671036942149126,0.6354556903541377,0.6848744347223439,0.2777961255153966,0.5138385454879654,0.48706294312963855
56,0.5248175585574246,0.7438768628563155,0.6191580824630821,0.41141626304736856,0.5412925353496868,0.3723110581690045
57,0.4748610647515866,0.5361801632761578,0.49824970718592626,0.36804655789922863,0.49125816182807386,0.3955403139851757
58,0.5515669265132749,0.6849354822769996,0.6332731113765651,0.5512522093013921,0.43764608970514096,0.404544066417539
59,0.5219212385475346,0.7665737573014686,0.5693710838981563,0.516769204289336,0.367371708891391,0.5111755297813538
60,0.4451346132709384,0.7622470145044536,0.4664131376839788,0.2566787489253278,0.4329005045460246,0.37367949802115685
61,0.5752997632784614,0.6706435802358373,0.6464059261292442,0.28391834164052904,0.6061340189815841,0.4947251101234923
62,0.4196348001497178,0.7226692860053991,0.5727426165944746,0.4479987084892326,0.4695002141456656,0.4246219104162773
63,0.5043144449517523,0.6277892274664347,0.458179241609742,0.35970280402969307,0.40484452278704675,0.3201602310199855
64,0.39054869145904986,0.6989147461468762,0.6438522497171562,0.4878356877281834,0.5389148676222146,0.45620201523937975
65,0.5221452783626632,0.6777255500972207,0.6756888546893903,0.5680941883198385,0.4510774756738246,0.27328980374057504
66,0.45017027188556186,0.7133562977753383,0.5394520809224574,0.3361738661575904,0.4604516602992345,0.39202273827432993
67,0.7016229598186863,0.8388254849352621,0.5250089025295593,0.3419284302243478,0.3956821053322783,0.2574552364356555
68,0.6409567897595068,0.6518789076818652,0.6795456674615473,0.3564719057187829,0.4166361837374326,0.5323397529538749
69,0.6534615985270382,0.8132577924315105,0.7024081509668292,0.3364581802897657,0.2540923133603428,0.2642810824142458
70,0.4346377763152509,0.8626286936695157,0.7015504779935905,0.4233285777898756,0.42816482399890365,0.15813154001626128
71,0.6218477742831366,0.8158737492761907,0.4662157811705262,0.3964365676500497,0.44712529426322567,0.3574907515192421
72,0.31615518831032846,0.8657805420002925,0.5940438731476633,0.47101790958730944,0.37254174785022925,0.34014665115130904
73,0.5303770648173178,0.720353315627323,0.7379424871544852,0.4265649694212259,0.4869772959855011,0.34983149988137635
74,0.5170990697901293,0.5758672587761122,0.4717009748535681,0.3559208404731435,0.41577269149437307,0.5542181881935402
75,0.5784360035405619,0.8568758372423844,0.7820199508692582,0.5470157949937167,0.47063539726429937,0.36095463169206626
76,0.5080203859090408,0.6052621836485775,0.6564832125459993,0.2907047182772925,0.5135006505404931,0.37527246777820106
77,0.4579395539194568,0.6806014883323391,0.7124217471632837,0.35994153735560347,0.49692482132632315,0.538382037483296
78,0.4469543663377863,0.7552249328141327,0.6507629563698136,0.28537113165979044,0.2519984111562258,0.2149301085129191
79,0.6614308303456358,0.8430884730704016,0.6391660305701795,0.2423912729006643,0.4335145066460187,0.4727920382713144
80,0.6139084019429853,0.5049164337392053,0.6022476218491711,0.34563647932602487,0.3573934130491291,0.2277292220741571
81,0.655026569959394,0.6588433257855892,0.6671124662382881,0.5117523450069665,0.4813467206059526,0.43471539508458273
82,0.3946162141768144,0.7262472954786261,0.6530832461332622,0.4584729919434349,0.4292977771720486,0.29984790336912204
83,0.5240472517671609,0.6053671208327838,0.5991739767737743,0.3265661201121498,0.48917978446189775,0.42255192465592933
84,0.6051588233249086,0.6369695328554835,0.6245988698608895,0.2804071977579532,0.45046645067479635,0.2981659195726989
85,0.47174493218709723,0.7618823972348214,0.6176982356484002,0.3216098195482531,0.34555661099374535,0.35440636984555945
86,0.2591146659436759,0.7972919091229945,0.6322381123917219,0.5008171709690759,0.39375892018824765,0.25371970605890837
87,0.5304917431165789,0.7861593570211624,0.5700679202621697,0.4904954968757349,0.42609200455715385,0.4479597504026192
88,0.5100509508994249,0.6907009279821811,0.5762537387211609,0.3569587400048608,0.4283154323307037,0.6321841256775064
89,0.38970499243715545,0.8333441042593337,0.5200374011613219,0.36260803031507555,0.16760593330772905,0.3032445370760666
90,0.6048926107723732,0.8168796630353313,0.6211620796838129,0.3591119188275542,0.39752508090058014,0.46015727172473503
91,0.54696443136929,0.6243149199656405,0.6505163201934477,0.22591507507906727,0.6683821391749873,0.4467227212217765
92,0.5063585340428192,0.5473072829165339,0.6887568403626374,0.2757887382765203,0.380941484135076,0.5447738206308803
93,0.3941412025452754,0.8126257900348601,0.7380609574581384,0.3121001905884917,0.30405036104886035,0.307895992491816
94,0.2774995685262123,0.8318853941114748,0.5063640048553546,0.22350211714399998,0.17277271012771378,0.22880741122046028
95,0.5520502036718451,0.7977433365462506,0.5087090470399258,0.4294094799210435,0.3492509155517986,0.3750307604982113
96,0.3516533245584793,0.7144911154186093,0.7623204394289103,0.30164532720383547,0.42644114183911014,0.3596037766580359
97,0.6087831011098599,0.6936106241616873,0.5192531070718159,0.4941363800492139,0.38991994524040813,0.37004756554877893
98,0.4255838262081384,0.7450388626227039,0.6077874468553868,0.4189964185491095,0.4728185978256562,0.40668127158280615
99,0.5344535836167732,0.7000714059389539,0.5729855294053998,0.5030973697681862,0.6620680417914976,0.4191666843367766
100,0.5120034953948093,0.6946408669904582,0.5339128108790416,0.3916228527981761,0.5214221010607574,0.34270643457526734
101,0.5568872082968599,0.7883681670689253,0.39372894801193026,0.4570403419789555,0.39059555647341215,0.4623490496740053
102,0.4006836324538597,0.6851853863873901,0.5882321837619349,0.43978619020029164,0.4461755214232719,0.5482839480684916
103,0.48424193865680937,0.7209877982854136,0.5271337062464967,0.2885232525325718,0.442725899760546,0.456478456844174
104,0.5842486148502871,0.7042500585265818,0.5772502561339862,0.42531293693708194,0.4324408212558074,0.3739975728355247
105,0.6017181640711233,0.6005576388479283,0.6211323953837375,0.25735255729858947,0.588855499141885,0.5521534104463339
106,0.4454593118280079,0.7159955592027345,0.4709119619527761,0.46009424336046184,0.5147008064338445,0.38772375119071967
107,0.5996763221681585,0.5512753314136544,0.7113781813129604,0.3839140675243691,0.535969145576909,0.6343091375765796
108,0.6369878664819073,0.6990861496479372,0.6020199156192447,0.4160544145593566,0.4231366182350324,0.2647988915318562
109,0.3073822215231233,0.5929917123096687,0.48187735056216713,0.5220559752347591,0.3822987248026595,0.3568529781831158
110,0.39509226516551144,0.6275896168311391,0.6098552613493342,0.33406816016608387,0.3414075886752831,0.185006981917373
111,0.34729539443690927,0.7103198529281189,0.493849100143284,0.3066359816975339,0.19594088635768214,0.3145710089948452
112,0.6196076132721374,0.7215894828696127,0.6395289749257538,0.29053818689554994,0.32077839726290264,0.3669748085086202
113,0.4028795838697903,0.6188531879851275,0.6040481694291956,0.5921571094689968,0.3836908053629988,0.25465121876817226
114,0.5258564445911249,0.826855944470664,0.6011779664602827,0.35775434414531126,0.3539897053850683,0.2421517594562575
115,0.5252924751557032,0.7424048158399682,0.40903561291294716,0.5044513323185037,0.5710858144805486,0.3296207887384915
116,0.477887162075526,0.772245067850341,0.577121726293632,0.3467078192063861,0.5753216871008336,0.40161179035226413
117,0.503724869579119,0.7251471933268016,0.521466403356999,0.3731222910214992,0.44162840177859375,0.432613247826479
118,0.5162567051047028,0.6291015409947714,0.7307319971969948,0.33068811007545373,0.5946061349486974,0.5084458755063299
119,0.5665578400145496,0.610038745521158,0.5353198529880667,0.3184000511376138,0.4011974176220153,0.40009794103136953
120,0.4084263112563211,0.761366603836934,0.6937410344775915,0.3173778524663734,0.3163536641420824,0.3486564578621823
121,0.3795911226741201,0.7985462458811745,0.6407574255952532,0.4013928000466559,0.3540375000665654,0.5378840318320859
122,0.5268970459423935,0.7885337020006439,0.5778011068711452,0.4390157192101102,0.5681521468921418,0.39714515777266485
123,0.5289062288012667,0.692842673359637,0.5458815890063051,0.48502045858353643,0.539751857815769,0.3241861319024068
124,0.5175374629637431,0.7060934373764716,0.5778323123556246,0.4442940232480207,0.4331394587028138,0.453654980497679
125,0.7689178671348091,0.4998980722511114,0.6009909580391293,0.42154559912655754,0.597119108374693,0.48556070575553034
126,0.4341501436482262,0.6659669440763272,0.549373602109473,0.3841366011865495,0.4862166911044262,0.3779499554993705
127,0.4262345716424574,0.6773407650932503,0.5512687731956382,0.38712915209503834,0.36100483574330766,0.16612019135322756
128,0.6591454763204907,0.6404548274371825,0.5613944511492632,0.39915044986017617,0.37651656409187895,0.43642652229152534
129,0.5014323682905296,0.5630527053987577,0.5949471497951563,0.37412749798643713,0.5112867900907225,0.36441049475107834
130,0.6074874638070958,0.6481827227908677,0.6070829756921007,0.22692739009065707,0.3822734050702632,0.4373891778217071
131,0.5115819134488426,0.6583823393824086,0.5572199388580745,0.29125839714760504,0.41423638507402333,0.4067421013955405
132,0.4210055214823041,0.6786725793551902,0.5911848527492868,0.243275771879679,0.4574253782467233,0.3568426011165459
133,0.554706829504888,0.6621390313312964,0.6718310870171041,0.2587448078640584,0.5745575459956567,0.47662342403763797
134,0.45551764690500757,0.7615557938679277,0.49841301617222955,0.30916757212404894,0.5288000247347954,0.32359975934125546
135,0.49182029173350006,0.7338107844482675,0.5319430102299728,0.43315936530640226,0.5131778464799258,0.3795742643263663
136,0.4591686541025653,0.7202139530839466,0.6755297543804645,0.38526293980180737,0.3476850758000981,0.36376970333663733
137,0.5269103910175197,0.7102858180505968,0.6276988086040108,0.35256525744033806,0.4090895198078027,0.3425065151643876
138,0.6365950387003035,0.8016507641523523,0.7722412814877917,0.600685851047325,0.5217641318941035,0.4720246660737276
139,0.4960842459706906,0.7285671603172024,0.5396683349755788,0.4583463731873605,0.49634091908747474,0.42458750463174094
140,0.5721489121811212,0.7297837815689376,0.6785057022223785,0.49710225191523266,0.15913518292171058,0.2790857730405537
141,0.4619227075008673,0.8157222393423584,0.48489726855897364,0.28982546149182686,0.372043403094836,0.364818806913277
142,0.5305851532740243,0.7147214874803294,0.5803252879185178,0.23535063517028904,0.5884239645445305,0.45051357344330906
143,0.5448478563253424,0.7230725424036426,0.6699313464016243,0.3565185605271214,0.38826675475470884,0.2928541655869048
144,0.5921581082089883,0.642327526796335,0.5615720458687,0.36159991278411213,0.4997093978876803,0.42337583825960773
145,0.5660753021343669,0.873928121489673,0.6025970565107392,0.3728276824926076,0.4470520490117638,0.4245853918827821
146,0.6930538428725467,0.8291886381130545,0.5643040816380778,0.4035603336595892,0.41538015316273297,0.5172294978011027
147,0.4926621287493165,0.5917003822628439,0.6566055120137534,0.47708765722011026,0.5297106679348584,0.4827145673912653
148,0.4933753636885479,0.5121725533141512,0.6803366491003214,0.3257309560801846,0.4262697746512929,0.5402265984323269
149,0.4579997834823062,0.6458356627940209,0.6445426241576901,0.4790507274088283,0.4833548742485906,0.394712240407755
150,0.6343337090483196,0.5867424444825686,0.5698694968593835,0.40244917062461233,0.43426743609843627,0.3836662759416243
151,0.3927611774569727,0.6415118212198818,0.6810350312955545,0.4558793344305382,0.3465037335770414,0.5154904652609925
152,0.3984206277881564,0.700161774311795,0.42499828830673597,0.4262441365644702,0.5984923778117284,0.27173690719031235
153,0.35077763551360497,0.6729335397456669,0.688564391324548,0.43101142647269997,0.4715790871994935,0.40044793371410586
154,0.5680419528559387,0.5940800986880945,0.6356655176416267,0.43303589169276535,0.45057242114145746,0.25278037005647025
155,0.6154406538267653,0.7789188502461847,0.5471702471601465,0.3202601798697972,0.483589586875143,0.4051710206226275
156,0.4931123928711917,0.5261785162455181,0.5938324418189241,0.4064816625460177,0.4499872329095545,0.3860505882708202
157,0.6200927576271826,0.7831344144654944,0.6297749843351633,0.31657405477356637,0.41328499060278456,0.4316884098058569
158,0.4917816282558371,0.8322257724657997,0.5796697798187069,0.3431720722832558,0.39240699556163205,0.39053427070532504
159,0.48755712323211986,0.926660621840633,0.8629311410476445,0.4052828990591701,0.582328181694385,0.28936436382699765
160,0.5366465184831691,0.6483274394453563,0.5464264116191297,0.439812000945637,0.3431924605235767,0.29232954167429126
161,0.5121889648335677,0.8192267877631435,0.622475566198043,0.3643999473200412,0.41021296706473015,0.26882780911417425
162,0.6168297869261259,0.6616377785041341,0.5331168966763291,0.39419104022238294,0.4502732371502102,0.4176561556557572
163,0.581104282438949,0.7462135987046021,0.6198338742616365,0.39210516853857835,0.4871091541469823,0.3857396266623617
164,0.5578187974207897,0.5716993909690878,0.6998995768345755,0.3919790100078139,0.46677678337226114,0.4057182142365786
165,0.35496130568081563,0.6490382043222847,0.5098792103404216,0.2701050574317001,0.30902773178414955,0.29500442285279144
166,0.6578174662776922,0.7023638422748976,0.5467305834658079,0.40095609920965664,0.44204983330354203,0.5147614748722054
167,0.6137243813252111,0.7122030740612946,0.6571944294186668,0.33032642855996086,0.4242301219654383,0.49841014861789346
168,0.5175744666001824,0.7245333153843112,0.5623082137986655,0.33985352342141883,0.283060643945673,0.3534455732277064
169,0.573114854684904,0.613739462615075,0.7272208203483214,0.3999616812648849,0.6060785653488037,0.37954773786498597
170,0.6952605728952295,0.7025996730255009,0.6405433895074627,0.2617490189576966,0.6341829303736233,0.5149693979442608
171,0.4673975701439832,0.5579100712686763,0.4848999728462265,0.4717475916539058,0.4762797101895193,0.351734130102656
172,0.5460912276282991,0.64519870661699,0.6082179675016443,0.3400793909596427,0.4609283526637754,0.3024273981628244
173,0.6014849811911119,0.5696337907600744,0.4440123624650373,0.48579294454525607,0.376186231062541,0.3018787376758699
174,0.5563373627628567,0.608484604847226,0.5822632754295604,0.2785610503609473,0.4874227618933459,0.4375516410950012
175,0.5720805434819244,0.8068657614645734,0.573012833334305,0.4726980021621347,0.453488321082915,0.31648682736464195
176,0.5149999924021471,0.8020084385159895,0.5858394573218701,0.21439438312985576,0.47537119325612925,0.35201284491620116
177,0.733259900277669,0.8156892085803668,0.7574764404666591,0.47521815373695,0.6464187857549619,0.5513979428371651
178,0.4909945408908514,0.6343885981011341,0.5314684948884913,0.5302454788988124,0.5254433015657585,0.43706188911929983
179,0.585527225277577,0.6616793139967913,0.6674135021973462,0.41416748340391063,0.4930605545844591,0.5673239402428355
180,0.42018289621210553,0.8402709047850404,0.7158658416303642,0.5142429322652701,0.5192477927024713,0.4750555428732945
181,0.541975772628778,0.5976387243825283,0.5902866966339712,0.49595242250827964,0.46025180127750576,0.43823282795370555
182,0.6729354390448898,0.7851593048544925,0.6963662448586692,0.29842098694884617,0.5695804068971229,0.5301462368849443
183,0.5186802203246024,0.7017479218315453,0.5083681909152155,0.4633351028375048,0.37968773014346235,0.3769601118786131
184,0.4395142860513652,0.6024616641777231,0.5818780972771624,0.36310954686274777,0.2585069665981418,0.34259054936347133
185,0.6681248462446863,0.6906215463468397,0.6627168988432424,0.4132119306662772,0.2658993241117634,0.30668941595894234
186,0.4476231210507246,0.7540926941704678,0.6151269833417737,0.44021819617512986,0.5566680825764136,0.36211675541868527
187,0.6063443681426883,0.5189209146236515,0.6743738662530954,0.330573574779751,0.5655504071988673,0.4376922164593703
188,0.47465549106908594,0.7706349542179696,0.5406219985069155,0.399829420710745,0.4740037197556674,0.3767635476326589
189,0.5297481702316075,0.5531157054672686,0.5514001585707049,0.3885681891211659,0.5276435689227903,0.5260260484103515
190,0.5865658517021851,0.6987684519178137,0.6573874629553893,0.43894804479910404,0.5234476932651377,0.528748178895646
191,0.5241849400812391,0.7145549509632951,0.46835208209237444,0.43183114902848946,0.43044349396404963,0.39991630086874885
192,0.6652851111616463,0.6144421705226963,0.638548780013198,0.3192769096988578,0.47054215403593674,0.5319790168410731
193,0.6073232518977165,0.7398867285528283,0.6293664110178504,0.4312626611953142,0.49232160484776527,0.32159158011686373
194,0.5225937760793073,0.769594091755454,0.7755844434566023,0.3289478642529566,0.45666183081130296,0.44077072087802727
195,0.5643211334609964,0.6604853941770414,0.5686885980572308,0.3323793312338013,0.4043059271557759,0.4048135423420669
196,0.5365104411306081,0.7621397921583214,0.6389573908650263,0.3306297790701299,0.5972552450831251,0.46973393908409894
197,0.6194837746714286,0.6790683318534563,0.5225534130199564,0.2962899464153119,0.6070486306225518,0.5971060362426198
198,0.44901110067949057,0.7150928123057045,0.5921457616738948,0.4465695020191,0.6057152899288556,0.5197692489666206
199,0.5313763762786602,0.7013010147740878,0.5384953168483315,0.3086176214422348,0.33964819252848205,0.27392576128257956
200,0.5798751726864733,0.6904123507130975,0.6917665365818289,0.28531967733959185,0.518820270499477,0.4444533626983669
201,0.3817631063184805,0.7082371944911616,0.536598691176778,0.40312652489714934,0.3942274351265859,0.4258203876486386
202,0.5279258123831132,0.7568031444260996,0.5366718443206119,0.44763776987290144,0.5344461813724708,0.46786504713322435
203,0.4583046488713665,0.7625215492740235,0.5419117556461436,0.34380421272839284,0.4174322282746869,0.44659886151005757
204,0.46294476662904466,0.7093682626332352,0.6557018590323247,0.43942801221489014,0.4490534800943124,0.35568826978030754
205,0.5559620537144179,0.7296580473675731,0.6219770949664849,0.2680810872151618,0.4351374688748234,0.3759194196765353
206,0.572214341845799,0.6590741602105645,0.7721159722972044,0.5382499285481671,0.569596310249621,0.2761398480407451
207,0.658703679607783,0.6789539485036449,0.7344411440600981,0.4145822080874958,0.4987482636850144,0.442137258381782
208,0.7589825042671691,0.6413978679395207,0.6569905727569652,0.22020214459129933,0.4859976708193886,0.4854007443513052
209,0.5074350826434427,0.6339554799245873,0.46756414851485995,0.4223015344514329,0.5412912665387697,0.2995030302064738
210,0.31800354856317753,0.6448968189620019,0.6712654557349089,0.4112111250797704,0.2882613840935281,0.5219143255943434
211,0.6216627307485542,0.7527800952623998,0.5858628207314832,0.23543132055709842,0.3837199759805602,0.45218909478079894
212,0.6431253313690656,0.8896545727948951,0.771521563519986,0.514089415435215,0.574554031462469,0.3701983562471962
213,0.5365639936340026,0.6410987721463688,0.610163620902121,0.440347622407538,0.42605507943334037,0.4559451482317798
214,0.5058579099099322,0.532716186191956,0.46224849885902286,0.4239690363952445,0.3949894219073277,0.44970520846168804
215,0.6163367399221137,0.7208978253088721,0.5391561378740827,0.29216190910039547,0.6536111643990161,0.6363453092483183
216,0.5363402890827896,0.8130770855679942,0.7986101669185744,0.27022728374995875,0.45745190283800874,0.5218508721590601
217,0.5933146168883003,0.7789796424575426,0.6896114388639412,0.42920568569518774,0.5255572877559094,0.39113400574701973
218,0.253131323971666,0.7006715115612301,0.44921793203717614,0.5618544128061982,0.6405038367853644,0.5273216503149226
219,0.5548482284283127,0.6599684818255313,0.5490501592860282,0.321988742758867,0.6009245497000536,0.5519656936412953
220,0.5224275510617915,0.7057506950269208,0.5122574782531655,0.3671411363819671,0.46604428320035896,0.41706070871505463
221,0.48444842000563176,0.8905906830665598,0.6453347306229505,0.2976315171940085,0.38356531129627136,0.22942008764183836
222,0.4715308640740854,0.6516191983996277,0.49972885434570147,0.4516221349219057,0.446550867444577,0.4108686920574968
223,0.39382825563081236,0.6412807598716355,0.7576369310192405,0.2346419462232182,0.5675782024361272,0.3415827540195227
224,0.3951495221608935,0.508060608640377,0.6872150790699262,0.5356017157958549,0.47977794359955317,0.4579408245596587
225,0.5636016578348249,0.8049093140689173,0.5744274366778783,0.3973725644088414,0.27939632175657086,0.31199789561125923
226,0.3197075772231007,0.7701917032267132,0.625513454536285,0.3320761548546103,0.4265678224210568,0.32983203286892915
227,0.6747554568254667,0.8170889751501206,0.6289385289362732,0.3596452232617156,0.4535001984205667,0.414804369363908
228,0.5969940012871104,0.6429637310982383,0.5709958935231065,0.38888576301705013,0.5831354367455038,0.5542068229360271
229,0.563626673998088,0.667873237424938,0.6196323107177826,0.3804806342698135,0.4043902446706243,0.33906029899494394
230,0.522681721562599,0.7400993308630083,0.5678122001351651,0.4155140622086835,0.398603995886394,0.25242937815301053
231,0.5191738134455472,0.8160667421643518,0.710750012970354,0.33183917550960684,0.331641642062334,0.4932870734062036
232,0.4206903489265124,0.7487234579122196,0.503579714986565,0.36239529528082076,0.4689618950411841,0.21552201092348086
233,0.445205704464308,0.4596524031928844,0.6425858952454769,0.45844873627571164,0.45609491618075443,0.5134445082624469
234,0.5927880225903707,0.5722921444212666,0.6375685540962773,0.34103490581143436,0.5331702882254801,0.3668216252915345
235,0.5317655345372598,0.7868502246597504,0.4901059395333028,0.4626049869687885,0.590632567071588,0.37931116863391223
236,0.7321303243026797,0.7342923968841705,0.5621909745577478,0.2237147151001913,0.5292708242472794,0.4492239694417881
237,0.7554775364001647,0.8516622828858633,0.7324701303220307,0.6444881592015219,0.4515749987444649,0.3883818723121238
238,0.5597731797792742,0.6074999535282471,0.43205176305537135,0.3926889313367058,0.39210537117298816,0.38513880977314346
239,0.531059960650929,0.6548903836411826,0.5405180685855683,0.3566021198551018,0.4564542131531603,0.41470693465081876
240,0.38279583507324244,0.6794164415136914,0.586016229583634,0.37968031286262754,0.2687239677097694,0.2551677362736229
241,0.4075749011262542,0.7623741103459907,0.5954359812577631,0.6068933635439153,0.4725983136982005,0.42884037710671774
242,0.45639068813297934,0.823322005478254,0.6429041383172388,0.333239438236008,0.3096796245307849,0.3103829774852287
243,0.6611277000231133,0.6782818068201363,0.5944559051530784,0.443955594127524,0.3578897815417638,0.5142671222728481
244,0.5954312290005855,0.6252424083533127,0.6864102237886982,0.4897963927381975,0.45538535531893415,0.5331651506839151
245,0.5525736282820629,0.6071918856757776,0.4694571816956883,0.45818321145247554,0.6163741250812892,0.3494564626900249
246,0.592130176544441,0.5292621122029472,0.6074400930690952,0.3848965855646201,0.40421839640544843,0.3634146290541128
247,0.5320971209436458,0.795032091918555,0.6336184686421524,0.3128917146734038,0.28109614228298335,0.2964719997697147
248,0.33226585167533496,0.5090018738682217,0.6960752298373949,0.3044734288395359,0.5003754897009733,0.19786942301998894
249,0.6688879273825836,0.8177985834422716,0.6446151745411404,0.2894417191874677,0.5101217414230542,0.6131775925977512
250,0.5658024027694142,0.7922720893605095,0.4462871056941467,0.282756746947255,0.4008210602237286,0.41159038473177545
251,0.6378602801223403,0.6524668659753501,0.46282764421392686,0.3454454819461912,0.590493624001977,0.3305886971591046
252,0.48213126647342014,0.7705602104679338,0.4618905396099832,0.3601250987506446,0.40916735021795836,0.45924799201829475
253,0.3913968827994993,0.6771773495798126,0.6199173265085083,0.3892993651868893,0.5209964296934719,0.3139758269972622
254,0.5635120959618487,0.7390719210879879,0.4564003926181816,0.39916952935379685,0.40395735292683643,0.47029990788259024
255,0.4194368019067488,0.562846800112116,0.6698503522484336,0.4229846523311181,0.43053654658228724,0.33954273111878386
256,0.5083501711848433,0.5257540760927573,0.6268974044990676,0.18867992822461724,0.5219302837328522,0.5421940376370858
257,0.4764726591012103,0.6357705430164726,0.5940150002005155,0.45857585690332847,0.41943735529284754,0.23060098826934158
258,0.6910816002035689,0.8143284824568368,0.6786422197877381,0.21698617099663822,0.41757631086785396,0.36530933050992864
259,0.41798883079098836,0.690491663446875,0.5350930169877683,0.48860847425116727,0.311875623847288,0.247070295971958
260,0.44795624308102644,0.7271546190937779,0.555519739017655,0.2923137632791013,0.3999392052443538,0.3724499324341947
261,0.5850086334331769,0.5618475882065475,0.5667796652680857,0.42373449893403653,0.6006342889165723,0.5777120060552452
262,0.6744079759564768,0.6107533698120796,0.6285793054242974,0.3687963516278464,0.5315646380033162,0.5111608908545558
263,0.4674751428385293,0.7790895426471238,0.6429680936824741,0.3879596075780243,0.5157255632800519,0.3027773278247767
264,0.47622120001741963,0.7860447919686075,0.4515887630741327,0.3889406283249741,0.47501704384778637,0.3350209048115974
265,0.4272456938319237,0.7324854654638255,0.8155791280619724,0.5088465498922942,0.3110972968925006,0.31999972380600245
266,0.5415375456893526,0.6017740056733454,0.5384434706074346,0.34680663055811245,0.5902532818160575,0.33898571870881367
267,0.6038734564974387,0.6377584291067309,0.5535432820428292,0.3161175358176308,0.4495081836885054,0.4021277856046001
268,0.571872430602189,0.6816667938956511,0.6564463727638524,0.25556517440792204,0.40260235015502416,0.5088276250727175
269,0.632686747155015,0.755783755772568,0.655048055632526,0.4613874337405232,0.4490103216089387,0.436414353043726
270,0.3352126274454832,0.8113682811943937,0.5327416679720081,0.33673701781391036,0.2768411577454827,0.3805823819025489
271,0.3928259192878389,0.6115868025036681,0.6347038548003732,0.3318824825836457,0.42243909140800984,0.35703311183716235
272,0.5906323988426894,0.6572499149994834,0.5828256676696565,0.456188677736415,0.5494850221855165,0.482182932930286
273,0.5497986684824666,0.8040265114208622,0.6532398500671337,0.41486958926702683,0.3659670921263661,0.3155452916445095
274,0.5629051378982338,0.8426804347512702,0.4504475141309655,0.26723892388277654,0.5454176098269792,0.49453672323863374
275,0.3372560647919333,0.44445108719437937,0.4825859647838813,0.49332828136409435,0.4633567235323484,0.5387065325627092
276,0.5866945432778412,0.6856069463794292,0.6449389872693376,0.2978959976051603,0.6379203838426256,0.4979245626802039
277,0.45392363646734407,0.5978322480233579,0.4275890952045602,0.3821104705827576,0.36599647123586476,0.3667612405008208
278,0.6681893786825033,0.6483587508275341,0.6314318534260025,0.26725737249883974,0.38207116129745816,0.431964378133566
279,0.48403883305293144,0.6205732163570388,0.626339132717683,0.4554653024959103,0.46598625569707214,0.4235737969709789
280,0.4913224468763786,0.6128239884471055,0.6537441264028176,0.4873037923930489,0.523984196033866,0.3957408355170525
281,0.46385623041813634,0.6850629774915722,0.6044292483157006,0.3288959884896255,0.31209990927235753,0.25447532445480875
282,0.4470800547414679,0.6489704200227195,0.7150415859815991,0.41284742118643947,0.4791593146587074,0.3260740113621537
283,0.7827891364649147,0.5627322307462418,0.6041442013306886,0.275079552204793,0.5629105002005574,0.6617812924407657
284,0.6602771874834797,0.7684206510852305,0.7115763715791574,0.416381268300481,0.43903654552290017,0.33704943610382154
285,0.6636655122240259,0.8375367997778608,0.6579729883263332,0.3499149904969845,0.47925102388769636,0.4016753809645146
286,0.603879760042822,0.7448700142348175,0.604141257346703,0.3924765309216485,0.643682352925771,0.44290631885881004
287,0.5917221156655605,0.6389188921227917,0.5529341795272,0.4627130335800385,0.5743987655800258,0.307994218633792
288,0.5387587261465672,0.8035186098766165,0.6107909670913952,0.35490753601913816,0.46811337483785503,0.5395043658534625
289,0.4952150530567706,0.737660796392686,0.5679174658046852,0.4668477751816016,0.5551625177717574,0.41004944062400406
290,0.6213958533862246,0.6815257231499001,0.5013305416054998,0.28783325738194887,0.4720910869991368,0.32439032222899583
291,0.45760691477341175,0.7080735397006244,0.5919303201110332,0.4575668263956174,0.3421720295149865,0.3587878187199857
292,0.642280385002843,0.6206724749436181,0.6033557925225416,0.26374699486139913,0.5332334642060576,0.4064059466061062
293,0.43897914432575763,0.555566604801264,0.5188106271841004,0.4669268412039468,0.4945406955417353,0.6450424010964215
294,0.4350922469544694,0.7358773991857497,0.5046780654908547,0.5042637949901246,0.4484105876738328,0.3882187233460487
295,0.5281839003515181,0.6645760361676195,0.6103510750508112,0.2993011670896909,0.5208029408610089,0.5647495428718127
296,0.5734497165921302,0.6605274753759718,0.73128383302716,0.28423655546286175,0.583740047072689,0.5077165606210983
297,0.44353576668923955,0.6511142370967907,0.6180003752252619,0.44585651104893004,0.24480156313086252,0.3739537268844295
298,0.5762005411677549,0.8022101517124285,0.6488823568355992,0.28750180561919036,0.4305556285434889,0.33519843404990696
299,0.43055450337483153,0.6694177776600649,0.5340877014955169,0.5173306831722156,0.45982639737666414,0.36939949402166117
300,0.585781163486503,0.775358045726141,0.6465756951060815,0.24947779191293593,0.4378181582744858,0.5328491563493586
301,0.555222263343337,0.8218866279433512,0.5468791350903657,0.37603583369338767,0.3219588290705421,0.3387877239413494
302,0.539869295828948,0.794953788911304,0.47080460780282046,0.21794996670118,0.3894858494173759,0.2638857055600965
303,0.711565498961407,0.62264796210038,0.594206446579593,0.2427620406805693,0.4773212117889582,0.4934762937041337
304,0.5237702550172026,0.8210906084039322,0.6781131906234615,0.2918729093275771,0.4251206873980056,0.4003012255816874
305,0.6832816311769627,0.8528105485956881,0.5421698367719829,0.34387402083634394,0.46472137291774307,0.43916558186998145
306,0.5630978053337616,0.7319531628152846,0.670126693775825,0.4864944557426973,0.47788136408200493,0.4593976561653668
307,0.4754651846482038,0.8899979913363447,0.5343459594910106,0.3412775097145685,0.35804934711746883,0.272265864015843
308,0.4049463673260574,0.8276546871750843,0.7435619315307718,0.3584129391841467,0.4733113940412061,0.3203179540977048
309,0.5515283824215085,0.733882643081375,0.6054713386294539,0.3392742578794375,0.4188411005427366,0.6055924895335074
310,0.6158643636507175,0.6718140466971898,0.6146898200651414,0.28066572119577393,0.4966323768421669,0.42117666419979194
311,0.29320688638591397,0.6150922887527923,0.65172423965765,0.49617205667809683,0.5628450309541214,0.3832195069962284
312,0.49432010741988663,0.7356900984401937,0.6852197742477586,0.4491674091288109,0.5405985514137468,0.42223487880277677
313,0.5909201562290167,0.6676919072921119,0.7611881511220264,0.3467417577278474,0.5204312615443013,0.5027020919568923
314,0.596688070087975,0.7021573215534124,0.6257150193010421,0.2740668125343286,0.5638201922624843,0.6496813292868931
315,0.5083275207042635,0.6581935870614223,0.491063366118554,0.3003084638291157,0.6051801953825297,0.4798101631752222
316,0.41749661563363016,0.6708721390215624,0.5855099047317902,0.3792186579016369,0.5567598666416752,0.5037977503810441
317,0.3799902601029155,0.6393354577368926,0.6246986077310587,0.495164782119365,0.49065616512209476,0.3998334358209792
318,0.5180485344164599,0.6835996821887363,0.5716461918256691,0.29614588883496,0.5878810834790263,0.5387719860095335
319,0.5037587866088442,0.6810787896761074,0.7191977849513279,0.528453912838375,0.2549669734647335,0.4675088351644066
320,0.5897878590558192,0.8377307656449476,0.5466349091862981,0.413815902010013,0.45718024092082954,0.37629593247862775
321,0.4597994115999935,0.6241033418147695,0.5004870459903282,0.41149976354429385,0.5954518010151871,0.3855512250892035
322,0.3405573400346981,0.6303488482370332,0.5417548728712717,0.48438773281516834,0.4511325432546531,0.6966808567680602
323,0.5519389952122291,0.566191719490139,0.5508767192332678,0.44279621368212246,0.5526509390218813,0.5947979989952
324,0.6213393359677009,0.7525254922161865,0.6712948091623846,0.36355682738992434,0.5181490433106116,0.5752799777134108
325,0.6285800375702699,0.7377586349610219,0.436545911806064,0.4264309410677125,0.5832370048283956,0.34510644847532723
326,0.5061854464567652,0.7340773003686526,0.5373688884789999,0.3088041021550516,0.4693905149861308,0.4217083543665098
327,0.6158363660148716,0.7142984218465479,0.4180217579650312,0.45814702984978256,0.49290900849842906,0.375211943117321
328,0.4841584020518548,0.8530410675685695,0.6052525527694393,0.3131905618115953,0.45493970771307524,0.42302096817560664
329,0.6949968299774403,0.6479043060598464,0.5811367377422177,0.2547283495465791,0.3744102698115605,0.5716464308336449
330,0.6061586801754302,0.6683726095399631,0.524140449634245,0.3775205502172113,0.42100052382035585,0.2557160022506615
331,0.4719429998121202,0.7441451216104966,0.6203255182081,0.429863223147858,0.391077980686982,0.3399583596044114
332,0.28749406360774693,0.7216889233343637,0.5090693245483464,0.4705669635042732,0.5740643992392392,0.41907990813575074
333,0.4908815777945501,0.6606907495367386,0.5546163525584482,0.418870499143323,0.49966670360043014,0.3887117395792826
334,0.634697851596781,0.6077861808465883,0.5210001895819386,0.34167994928585166,0.39168734569709096,0.3514404949133745
335,0.6380864293258836,0.6888002523325841,0.5768073514487869,0.2032752040950789,0.5699270592202617,0.46396513155032393
336,0.43837725071958317,0.6698296412391206,0.48191963441915237,0.38012116376007393,0.48032532436246267,0.2356042701952133
337,0.5662442060313334,0.828069293878276,0.5375298778948949,0.274785670244343,0.44199681931188045,0.38299510670870973
338,0.45465540428367535,0.6419342463001094,0.566752350160937,0.5082682501157313,0.3443710275884618,0.40741204904082645
339,0.6427888617643092,0.720168964472062,0.6090447830211585,0.4017672207629048,0.5666270552375875,0.463279832078367
340,0.4385211607580434,0.6312301555943347,0.4347413364334982,0.4573944074963519,0.5447546005154685,0.28168796282087555
341,0.656193774865342,0.8541558663147701,0.6066482491852505,0.3638361940643337,0.5851781604667382,0.4630207852926508
342,0.3904523809409807,0.5497184386402537,0.5883713093523708,0.33804858280923145,0.34013293302712405,0.315995661997034
343,0.5747677624680037,0.7648653347293319,0.4710787097785711,0.333420195025622,0.46104174574399015,0.5637344383209446
344,0.49253584362346386,0.7560295466189256,0.5563747857148272,0.44242430476453437,0.6037327819503363,0.562317709767902
345,0.4627148522353051,0.7682444074343405,0.5504640898896159,0.34756686153128835,0.3417413527349891,0.2994789469732449
346,0.4404031657393988,0.625400336156815,0.5383469889075213,0.5141719138722095,0.5184070532659074,0.40871708896720343
347,0.5593859484819252,0.6825262352898553,0.5621836884609988,0.26025089463640133,0.5056124712845975,0.2790218616504839
348,0.5150269973267735,0.7019807029490645,0.5713140563190132,0.4955570418136087,0.5179224889458973,0.41092078498511075
349,0.4058074676180134,0.636258426143462,0.522705884248406,0.4013266589100159,0.45502620193539023,0.42471251645713703
350,0.5996809345045826,0.7127112473588241,0.6014202281780814,0.27508312287514514,0.4603056364940209,0.6140519562130229
351,0.4839436120818053,0.7526430913466348,0.5583172156798144,0.28876929365462894,0.5061466095176524,0.4154551647971093
352,0.3170678740017244,0.7562809459764152,0.5218298928879533,0.4445340514035532,0.5671467791198496,0.5547113796523337
353,0.5983074403046285,0.6993371928535064,0.5296920760780607,0.3531346020350381,0.49678811409083096,0.39551923583051063
354,0.5638439388997964,0.6596452223296551,0.5963910588463686,0.44475149465936065,0.5550293581469008,0.4707260443594955
355,0.3721354585045302,0.7208883570845859,0.5083226057944685,0.5974400124168996,0.4949242510032791,0.5923694379816558
356,0.48139352088381315,0.5800192080964498,0.5934855805062228,0.40479556982621107,0.6025064591860984,0.47068111384294437
357,0.477072364190957,0.7375751239692023,0.6814055762412242,0.45323583919926225,0.5668236017646203,0.4750559321741679
358,0.40582806302557806,0.6245674584848068,0.5258888916971841,0.4515736826008202,0.4606058227621953,0.30227729185114055
359,0.5577058937903077,0.43517453704955533,0.6272695570981495,0.2905232663233889,0.4794998695939652,0.426352934925176
360,0.487111974039997,0.5367534658016904,0.6497975339212211,0.3492747531148454,0.5677059379670619,0.5014117745543436
361,0.6106358314137491,0.663422736791635,0.7378467080573184,0.37264691174234804,0.48426320342913026,0.5898521345194926
362,0.7169465443430731,0.4765787822151529,0.5753707841501385,0.2921835832351949,0.5899559246465614,0.39344001208637813
363,0.6801229693152332,0.7993315958338572,0.609114277162143,0.4099329556640678,0.4855872222574427,0.454523147324942
364,0.5616141987753551,0.559194004551808,0.5415570060440831,0.4585984830095458,0.37864416567148546,0.5309221829626547
365,0.5281649964192491,0.6754464669123978,0.5714611379767747,0.4288837693804073,0.5934551843982916,0.4064112954371124
366,0.40595954386843164,0.6829539675892349,0.611072843071837,0.4580154973458682,0.4546975101152384,0.42650477486097044
367,0.5832098234263219,0.7840637509158235,0.5521808108273469,0.40425790900445824,0.46295462585436314,0.2690669693774558
368,0.6024334479109028,0.8374194459918728,0.6148817169027114,0.2574610093870472,0.4128151436903161,0.287829139577059
369,0.6388026208647248,0.7112697972180033,0.5145823472137917,0.36378263866676114,0.5259711601713051,0.4339870175674943
370,0.5632107927623644,0.8640409982113392,0.6586211890980497,0.3632500236143362,0.5775020507499127,0.5433282880829895
371,0.5863794242717124,0.5335715024999065,0.6278337273394299,0.33073451409663873,0.38981840528236344,0.3552168029611022
372,0.5960174787078106,0.8122221536046066,0.6351454063767108,0.3101145506530346,0.3483568382360142,0.3060430051801805
373,0.526186462431575,0.7143842223722989,0.6739813249898621,0.3045533386317725,0.5043827394910648,0.4295495229731526
374,0.4061078914378478,0.5943624228538438,0.5679674830023279,0.5447727126665931,0.4952662955624252,0.4026230159889567
375,0.585513223417621,0.624981768668047,0.49353033202684177,0.4248616379948019,0.478082161746673,0.5355864173065301
376,0.5255357421960051,0.5292878662263321,0.5214742110468489,0.4505374581047261,0.40693837779076103,0.47199207095167817
377,0.5448389424163789,0.7913564679928153,0.6314329869244919,0.43990685001926416,0.5386824314860247,0.42625148675652186
378,0.4762335103620337,0.8751425039282941,0.7383162177506193,0.3378545720744167,0.37703651517433984,0.3969371165433321
379,0.3487958517094479,0.6092848781653121,0.6908359262899557,0.5222857959211019,0.3205243703644656,0.5329696259850585
380,0.48628457205021114,0.803655079831087,0.7220364343675374,0.4214265209198363,0.5352979531483106,0.33559797494947147
381,0.6678178069291772,0.6452360962615722,0.5459380973852581,0.4548469512730615,0.46612986706001414,0.4569357569017185
382,0.47945964551671355,0.6683577497845766,0.6145525180589949,0.3212392668587414,0.5648433465143009,0.3466138697094747
383,0.41164857079318135,0.6791542170838558,0.5555920930932106,0.4616881657285449,0.4922718052183085,0.3336015638265434
384,0.5630693475715344,0.7018647525832604,0.5398621484195327,0.3692659055522928,0.4516221013754368,0.29141481587912554
385,0.4344643570909625,0.6621172354113444,0.5952960684881206,0.4632800521533693,0.421717870304871,0.27828697087192605
386,0.6516200832395033,0.5498257963751081,0.6734553104966811,0.2562767117183052,0.4133698149324654,0.549356470414981
387,0.6546141829712414,0.639255649603406,0.6429266104488549,0.42819151698639424,0.42493452862507153,0.5062805757860923
388,0.5167725750605208,0.6881695212890029,0.5329559490919795,0.4523261639307591,0.5395958069750318,0.2866727195373984
389,0.633414916116913,0.6519470746921083,0.5949495099547923,0.28023797403873985,0.45873782148371256,0.47203002278215833
390,0.5625403164946555,0.7573455245848741,0.6521775000595009,0.2422702942638118,0.3506922309710331,0.38263422281293336
391,0.533459164230318,0.6662481189211552,0.6359433374819627,0.29384987814394464,0.39565225864566134,0.28656445454494933
392,0.6039974907002487,0.654499564501535,0.6564613129837884,0.4550757258248015,0.5176022653501078,0.2739755417034957
393,0.41616624967576105,0.5903037892296861,0.6179231057074265,0.44473849365685775,0.4894527553728719,0.29014437329741144
394,0.4259437812116224,0.8134714965365725,0.36692660132667565,0.4369119827239607,0.5102714012566643,0.308572712357575
395,0.5175976924044995,0.7344980526918969,0.6713074015234006,0.20642144642315158,0.36772940576082047,0.43159882472257094
396,0.569570228612613,0.6366273444423098,0.44043269926705386,0.3903011808718702,0.4445460392552556,0.4325014626514994
397,0.5920284199766498,0.6172353330239384,0.6708275192589078,0.2845929132208984,0.2591251811590321,0.47719760928254706
398,0.5486364818641402,0.5583125489318782,0.5996776937947793,0.43691982080292935,0.41719776918667917,0.506418369589571
399,0.5170238062906262,0.822863761440242,0.5725260158137024,0.4951837353986596,0.4729054983328433,0.3449608421791512
400,0.6258331207607989,0.8192475351338343,0.504532302284305,0.41886226182889513,0.5969195939236118,0.5136378342521241
401,0.48625313395800196,0.8260510268456502,0.7025889483377751,0.362927486193505,0.25110874690133295,0.2850497885092039
402,0.4686188510490857,0.7757485883983358,0.8043598662615414,0.32481202353305766,0.373723232694696,0.39029417773781583
403,0.4825639902163113,0.6936242177149727,0.5608277590242349,0.29579691740474856,0.36948635207771224,0.2959398468102933
404,0.5849696211586787,0.7180947220291161,0.656007567007389,0.5035846545002616,0.3324998959504374,0.42010811305983065
405,0.5320494311389188,0.6706855319248601,0.6958418919603274,0.5066249747911031,0.4067854136901077,0.3359468953939404
406,0.5255418537345183,0.7216364410906597,0.7087610358421815,0.4191866417576807,0.5643892128420771,0.48089850375786775
407,0.443903436045569,0.6549751256378727,0.4888459547531933,0.3421366330758394,0.4117625422233262,0.22161919177227463
408,0.570487278675297,0.706063748084641,0.48475512800017817,0.3896932293990522,0.45955799446050466,0.5020962404790714
409,0.5892048141858255,0.7105515717839459,0.7035057041018333,0.5468208486477611,0.4467157632544829,0.46062367055456976
410,0.48357764756496546,0.5766387769499188,0.6170170912915498,0.32829673331180104,0.5063351650562969,0.6028409939676326
411,0.5439861213105316,0.7648089210576751,0.5361617055417389,0.48685421590293604,0.4986877196034507,0.4408419203616392
412,0.6945734598944051,0.6435776258255052,0.7205373230360478,0.3680902436684494,0.5801732286377511,0.7460375868666608
413,0.6828186817257904,0.7570591100065331,0.708169880047518,0.3815764065006611,0.44486326337750765,0.5049259501296746
414,0.5590901648590211,0.7454267301906633,0.684849685989928,0.47348646518974646,0.3208836687070012,0.2504283337149336
415,0.5538862979483621,0.8213480635439229,0.6777565892305594,0.4044762285255394,0.5533693453411339,0.5371379304182021
416,0.390178251749603,0.5683372338237792,0.5865514206881732,0.5306327466415407,0.6144483448668182,0.41988318771548533
417,0.5275122030058569,0.8397281534356067,0.6400079397972076,0.4546545658665934,0.5945427469078359,0.3940441414042565
418,0.5110882524697596,0.7203282506960758,0.6628150659347285,0.4788892443942988,0.43605924020682213,0.45316736740519326
419,0.48353610643860623,0.5568694867223253,0.6166614931347949,0.27234745153071765,0.4681405763290699,0.3005684346342369
420,0.684781220866828,0.6476322062416092,0.6801852711011053,0.3370745508368927,0.4424030984436199,0.5214255389590156
421,0.3933237237155712,0.6367269017248185,0.6287439803596523,0.5314790155686608,0.24653483769718645,0.3040218199316542
422,0.5108501723747987,0.648714481707551,0.6907500347965699,0.38142452200549076,0.33869195555198806,0.5087495913176205
423,0.4255022772778927,0.5812122274096251,0.48999450262629607,0.3539161889111887,0.4012315201014115,0.6365951232424999
424,0.4973859854983239,0.868330717631225,0.6090910587815594,0.4233902688601576,0.5800996097093711,0.3619067096291696
425,0.6004929069632486,0.764855795582621,0.5420343504887786,0.35085634943530725,0.44520883285333857,0.20315026888827892
426,0.45623211641367795,0.7202748953966797,0.5655777214816028,0.3085018409619321,0.33510774541753796,0.5505436596345171
427,0.6246627681833656,0.8329176218020495,0.5630350128775342,0.34957167515752363,0.5352128098147798,0.39203446112006773
428,0.5714919888908283,0.7559706084005209,0.7080896361898751,0.4492326746777128,0.29498255747541346,0.24296826146532052
429,0.4942739590027239,0.769317912246774,0.6162057970327051,0.5071426367048943,0.5611499749573341,0.3341776779478591
430,0.4363282896153246,0.7153671222750213,0.45213995775825117,0.34081323799857266,0.43940825604661726,0.4597661402742883
431,0.5413942889839347,0.7192952630196885,0.6106336675255885,0.19348252921604675,0.49343793047253315,0.3686885845502038
432,0.5133061602207545,0.4849017812711004,0.44805422347591783,0.5291210295853384,0.548078268732198,0.40235367166747366
433,0.3703780556773053,0.7301947783798686,0.6553653764642328,0.3968429216446046,0.48197788496728083,0.5282936481974383
434,0.5288425073073585,0.5643049836508268,0.515033045643551,0.29109838569730234,0.5365058690269525,0.48576849464783645
435,0.3420600215847247,0.8007154536381572,0.5016508450148529,0.5059029816588079,0.41568519158363676,0.36516234902671135
436,0.3813277401505168,0.5734972304448906,0.5599856976357074,0.5315642471901671,0.496987211563729,0.4388788382443149
437,0.4636558145526691,0.6825531894436194,0.6869025741126998,0.2830861448288252,0.4921950602187702,0.3678223460045459
438,0.3612734683904226,0.5944083053965128,0.6062043024910811,0.5063983742040086,0.6926021939490811,0.31911778045979966
439,0.5821826512200247,0.7469325422057802,0.7087807330666706,0.47135381994965364,0.519729545285052,0.2693863137310561
440,0.6667337297122489,0.7801420401581188,0.6141510645995917,0.2700150860752006,0.48244726874579447,0.5237711485513105
441,0.6528844344321955,0.6557034191111666,0.7246995260848348,0.45112423638734167,0.4509120884853234,0.45452056482822234
442,0.3232144224617364,0.5817932296914066,0.7459502326600025,0.49215239566727426,0.4767510777727463,0.4603559985956324
443,0.3862413288872844,0.6499162532791948,0.7456433396241553,0.5022758334153941,0.29399649488359414,0.3869811017618873
444,0.7108637286529546,0.6551337026799898,0.6608078356916064,0.22450507807163023,0.48642365374525875,0.43425649170496533
445,0.5951297764858816,0.7146033952694335,0.5184210879629985,0.2773553143619638,0.49447563454031546,0.4226814636618971
446,0.6555734720477886,0.6867720236125736,0.7013151246681396,0.46200829096002055,0.507414680509508,0.4286253382357898
447,0.5653667335841281,0.6766615014843302,0.6047046726563058,0.31181974651695593,0.4052568531081808,0.3870546758309413
448,0.4410176536637761,0.8127329419117053,0.6290752942924523,0.5844825427837961,0.543929687780252,0.5166253496661348
449,0.70121367189683,0.650247388093573,0.7260372809965074,0.4851311787451458,0.6148086990281617,0.5681625606077141
450,0.6146960668869781,0.8683198039897126,0.5008713368153974,0.24166129006446643,0.39037544070318025,0.38835268864686134
451,0.5835643701838805,0.7590581550255057,0.6835178949920809,0.3447569960022494,0.47338369641186295,0.4977902352244258
452,0.40493846572554604,0.6744601317374996,0.6214567767449304,0.40380662830469627,0.4085850539529842,0.3474487417185035
453,0.3337148735840764,0.753946859506744,0.6949740354488059,0.40991824741256155,0.4676041877389349,0.42190719666589555
454,0.6132154491927666,0.8132040852658321,0.5131329423845096,0.32248800840817216,0.38929785670871214,0.2543576978430479
455,0.6939824175123838,0.7244145232313578,0.6657659348907148,0.5023895258418137,0.5407262832181631,0.46032289651194425
456,0.5198033531116918,0.5659391291626669,0.7117745920588213,0.4950129126307326,0.40717973045686773,0.5167373790925895
457,0.5809746064720871,0.7188112610345876,0.6502824722220738,0.25775655649213797,0.6233116265157427,0.46075569662018256
458,0.531013699330355,0.7848146010765983,0.6201997233256398,0.4353506317008801,0.5134031520800086,0.4950714891102467
459,0.4641512376149769,0.8444102553389193,0.7384002233033776,0.588203309122074,0.4043086718716617,0.35454564877882366
460,0.3708431009300168,0.7596140325474461,0.6761706806380093,0.43841872360366896,0.36585720042852615,0.1689979105711939
461,0.5390648631565272,0.7477031787323372,0.580151316788339,0.35022792584066625,0.4539841354523051,0.3970565186706749
462,0.6671655525794917,0.6092415684607733,0.6206879455923721,0.49235404722918863,0.5372678481787087,0.43332975312622307
463,0.5001387139527971,0.7281964714553222,0.6152894950201319,0.355540756433458,0.41665873000710046,0.34208004332069103
464,0.5832456813700576,0.758129896380744,0.640150221710883,0.2830218401836013,0.43075938113090656,0.4700750322642415
465,0.5248649764819908,0.5944075864082751,0.6235854259895741,0.2903882190477,0.4478290513988712,0.41836077668146365
466,0.5309211178535734,0.8201926767002251,0.530211652536236,0.31454493083851226,0.4467593768234165,0.32449394894236094
467,0.5024210803766107,0.7288647847631442,0.5016820098286461,0.47326121256843506,0.5687806784672138,0.29922294995418985
468,0.44719300846904586,0.5528352904626894,0.5578233186423681,0.3435938500022526,0.5867826822931219,0.5614499087149469
469,0.6489488834821758,0.6288701138733256,0.616372220841251,0.48115960945222797,0.5551161438711182,0.5026152753953603
470,0.4842245927803527,0.7127264335803126,0.7998090231666516,0.3735339246672402,0.42955541148378484,0.4148845021792863
471,0.5308412246645516,0.6536227068803835,0.6693638181099372,0.4529941686986404,0.43637181960250887,0.3401346560132916
472,0.45042492551277924,0.7564879540249165,0.470594266596693,0.30594205385117074,0.3273296440312614,0.36255443834044787
473,0.6726174597254708,0.5332434653876884,0.7580665708907507,0.3402306724500578,0.5792373773209826,0.7115973361720578
474,0.6982862027655767,0.8186269761153939,0.7080998461034222,0.26746815870904306,0.38126033916306157,0.3343412082140075
475,0.6731938975006992,0.7128403031611812,0.7629895722093037,0.5363190316963259,0.5808880492928988,0.5527758121881741
476,0.5689226825768969,0.6607221909586681,0.4732735143705072,0.42273202128729365,0.4687048700036768,0.31087820401112226
477,0.6916327291286102,0.5763407461001246,0.5476683276632415,0.43273332312812907,0.5203641463023764,0.5259676527298717
478,0.5510662555517999,0.6995666788950156,0.6787381739354436,0.27012187570500557,0.5806846889827081,0.2946392126280087
479,0.4093697595661182,0.7057009114035956,0.6076713060359268,0.5571756759220962,0.4588183366406232,0.4705490602256296
480,0.4268674234616007,0.67833542442825,0.5841642468191466,0.4335349133386944,0.4539558407118285,0.2943287007332778
481,0.5026175325763246,0.8309779107353047,0.4812908423397685,0.3439981047351165,0.35743721006810725,0.5027598483046187
482,0.42242488138553747,0.8376298549316993,0.7621916261376523,0.38257260397793863,0.3949268264052949,0.5477413985727242
483,0.4161963913574819,0.7721761273469941,0.6030693706341927,0.34273212159304434,0.3769733133147329,0.41870259172068136
484,0.531224744159439,0.7349219094669384,0.6482379517888985,0.2883812392675652,0.4398405109966394,0.3537163010372513
485,0.5051151579301638,0.8413494969434331,0.6700932622705748,0.2369433532086704,0.4969903083621899,0.636258753952638
486,0.47166928020639176,0.7124599736267501,0.5473794604134748,0.3085556027422862,0.4100371808074429,0.30840601623429986
487,0.6869292583520465,0.803598112227998,0.6546270281026707,0.39938919816090784,0.4980832801020554,0.3515644962031876
488,0.6197999534573815,0.6198239774707243,0.6556631645192217,0.4029746932244316,0.5777695615668386,0.41896463051101357
489,0.4186663538063754,0.7082332059170501,0.7049448616058122,0.2839264372523285,0.44546541037353515,0.31353534463812277
490,0.5533241532415977,0.7419466335884471,0.616329924525003,0.3881365033406442,0.4939420824025907,0.49473961630163177
491,0.4190932155160247,0.7239913794449853,0.5768363154896189,0.38250439552533944,0.4063211354480272,0.3727814505579849
492,0.3367156993184973,0.7902174222865779,0.7910667842364915,0.5098204082065245,0.5314214464544867,0.31847838788325444
493,0.5994967637350983,0.7720279559559594,0.578040307162677,0.416795767248844,0.46861108154505676,0.4613137793257589
494,0.6043339081934709,0.6336350164881367,0.7320207220297712,0.36630014271787364,0.5485309113799742,0.41755482443549014
495,0.641541223875953,0.7816946946458286,0.6874398068444302,0.18218485932169548,0.5358856760690288,0.3645334918004595
496,0.44178620674582064,0.8165637988849055,0.6442046793138752,0.507917757133951,0.33480607235594495,0.4861574734605473
497,0.5383780670443277,0.5970600065417546,0.7106760114398472,0.2512219274643783,0.5114500689651738,0.4416862651690801
498,0.4043963889768979,0.8462140026599869,0.6331938823717533,0.43645132445649976,0.41215020046437245,0.41753208775422385
499,0.5910482512128121,0.5875304474629698,0.5891008371654398,0.20932376201963104,0.528550732253874,0.3607409261584476
500,0.6491255651050807,0.6882753458127582,0.5833963422360579,0.2775925413884281,0.4977217310943944,0.3403493360791121
501,0.4349895809922157,0.7067195571955018,0.5459536746532946,0.4826526520117741,0.5145262191980291,0.3762641782263882
502,0.4801810048403919,0.8178465786096624,0.4392188653418074,0.4162846982826543,0.42966540410048254,0.4547786814210064
503,0.577628535601102,0.7304592770564406,0.5871683654966189,0.4124588824472533,0.4641849614818893,0.41314753999944764
504,0.38751364262552196,0.5371720712708496,0.4062017729644558,0.5586423537686153,0.6085432916493975,0.47699457286915903
505,0.5020486562409812,0.7085282029380511,0.5568211446066629,0.3864666326246733,0.4539109880849555,0.4345306112262739
506,0.49500689118401603,0.7590642894393628,0.6733451236283494,0.2609866464235868,0.4115909903462849,0.3378692956453991
507,0.6270816373137167,0.6731729163135365,0.8166467557855512,0.3441203204843848,0.5493798228043147,0.3064329779606844
508,0.43474934083132405,0.6785389042636811,0.5601801935287885,0.49287885576329815,0.5014512553350405,0.3264035403420825
509,0.4487576602039327,0.5461992411771932,0.6416956925003938,0.3378496054632945,0.5499638356089038,0.5786188918862623
510,0.5672082002406931,0.6385444986295785,0.6051665454320733,0.16912284426906685,0.500244781116254,0.321771275829368
511,0.53535655248713,0.7325980341133267,0.6143277966986098,0.3160791513345219,0.29868217220523463,0.3399430690807672
512,0.4419261609230254,0.647083843636401,0.5380898052168586,0.503206905557557,0.38777317850654974,0.39293274900289105
513,0.5134718473005415,0.7431106684814388,0.44857323037783886,0.4980526131074978,0.3493305725221507,0.4209402563027529
514,0.5555264611913237,0.824706829436199,0.5845363432604148,0.25121040519595217,0.40070307601265265,0.452432975185231
515,0.5441166073451476,0.6582906731246273,0.6768920091586395,0.3405843767455523,0.4835635751787999,0.6397151446795919
516,0.5332251930236908,0.7055366017214534,0.5176892277589499,0.4858945974749699,0.5049100244899264,0.48795691653771545
517,0.5710531876336868,0.8131089115233835,0.5838419568318631,0.3883049754997782,0.5538880105024987,0.41182508172871846
518,0.3735198518280163,0.5493558314513621,0.5386126600228375,0.4759395339377712,0.4742368468200675,0.507847826015389
519,0.3689420992808406,0.5448302906764672,0.4858735691503032,0.48882413029914745,0.4179648845190603,0.4641511604234831
520,0.5629177778079035,0.7803182940583419,0.6954525537034286,0.2336574006733437,0.5414644008152817,0.447155663182213
521,0.6374346373684598,0.8880638185856596,0.8099666676843171,0.3976656742924401,0.6181638062393874,0.5962985379829222
522,0.6683760156823347,0.7061087579202058,0.5515416153224085,0.3922127258558503,0.5269748619963475,0.44002790769123057
523,0.5739205975230915,0.6886259908897976,0.4707944649781295,0.3372781882181567,0.3426410972032628,0.36566517611926846
524,0.5662107379793138,0.6807591407472484,0.6794857494671924,0.414376536953949,0.45424412564193567,0.4865323380529095
525,0.5110669678631248,0.555703984385227,0.5556510941050208,0.5196776383566976,0.524258014261766,0.4620570466817171
526,0.4615875551190646,0.7593977519385474,0.4320266860323731,0.5337692600445554,0.40633430365383577,0.265333618011133
527,0.50272846757679,0.805008416846251,0.5898382561885529,0.5192425061403511,0.3872639273254636,0.40449217180544217
528,0.4798450880359566,0.5402970088197704,0.5977462567191011,0.43960354284347153,0.42168827253407165,0.2578812035697336
529,0.5433099697668198,0.5988832154417406,0.7206688690052291,0.31167156041000105,0.5731310281169152,0.5562714259535837
530,0.5143336141710942,0.6074093827502167,0.5257338286837281,0.5138222776639754,0.5241280064975811,0.3929136612024482
531,0.4334314063372136,0.46180514941868467,0.5368287802521892,0.5601013356478971,0.6522695033314045,0.42799463936908855
532,0.4989850348060587,0.6211824257226527,0.6935852320144262,0.5301729582119126,0.5309769946863899,0.41194977878990074
533,0.5150930245861765,0.736707587819083,0.46219887310549723,0.3058147220419236,0.27827735226240463,0.3052058454062147
534,0.30349099639815647,0.7164110250754001,0.674698570555764,0.3814341129469033,0.20160088155738862,0.26960646837118174
535,0.4601922035116047,0.5456184394627311,0.5927806301703883,0.5055079004683138,0.5256184416050991,0.5330521146470971
536,0.6923650286398215,0.8694502244064501,0.724226785179747,0.42389786837966104,0.461975186650178,0.2980729463544233
537,0.4258439815526569,0.6890196861985028,0.6747985621745868,0.2715796076236874,0.3299584548318843,0.18501269640214515
538,0.5586259531609788,0.5938799008906369,0.7105443458283041,0.30413778784520645,0.5144474601602753,0.4723819828521046
539,0.5909059362644105,0.6370746812326411,0.6196983309211853,0.4814348674540686,0.6089314479560766,0.3388628068046742
540,0.462027049329735,0.8490049417633307,0.5260324721206214,0.48762016259127683,0.40130891958329845,0.5823088277502352
541,0.5320064557170284,0.7228946689015014,0.5183461892908533,0.4779192963098089,0.560559201741064,0.3906976671208473
542,0.3535423140393824,0.5122168516693587,0.6537594278096699,0.31965223129657705,0.503271925367299,0.43965909434737094
543,0.31007487182000737,0.7658551306268746,0.6970954081094546,0.38776037154875953,0.3514071188432872,0.4059379577706533
544,0.49768570383908395,0.7855945593283037,0.6045302198865484,0.5176523770013591,0.4111529606889022,0.3467981108758812
545,0.5186454423166156,0.7147442354511622,0.5151990029289849,0.4755547839603681,0.40566127834078236,0.40588933536504546
546,0.5568670797087312,0.7791356662259452,0.568976766229825,0.28287239235288575,0.37246878938542355,0.31990573726304944
547,0.3673613257051189,0.5740981606857157,0.583741401399393,0.22016208982721858,0.42296068222736555,0.31199362241747947
548,0.5213224532637281,0.7417832529243337,0.577330176322035,0.5774052518926509,0.439364577360215,0.47398460168408907
549,0.6571651857787573,0.6725091375340353,0.5232413214567906,0.26862780825863775,0.45440113841585345,0.3664223201520195
550,0.5359005881994483,0.6231567588420085,0.6472179375267232,0.2930073591673835,0.47420479542401117,0.363911120048813
551,0.415281726165042,0.5978003120939746,0.5849844294483845,0.36563203389122356,0.34085073566750795,0.42718650603504243
552,0.6042415089215019,0.6168737883246107,0.5998238323517564,0.3372592520848769,0.5954674107026929,0.4700026498744995
553,0.5296783455129431,0.8728301689744327,0.5754589891802174,0.3281906514371643,0.31317356372984845,0.3592266331617396
554,0.3881577732448631,0.5104531054665337,0.7806457527684815,0.6640315355352399,0.39367745698981094,0.4358031124296347
555,0.4338433503711572,0.6732660343322958,0.5938509859649552,0.2471961090739132,0.3982047729870138,0.39489584955540985
556,0.635452197036356,0.7157782838461879,0.5622131879211483,0.4346194275763911,0.5712006276526465,0.5013724619612374
557,0.6347902760516292,0.7744051726077543,0.6478055039020737,0.5013119448643831,0.37944805697351985,0.3065422229307427
558,0.593262557863413,0.6751194862278663,0.6268879802041263,0.4429243846499422,0.5523423362386385,0.41406629319710025
559,0.49633757193884365,0.656402523123765,0.5993169734476728,0.5914669691443756,0.5560614204546265,0.3878367038953428
560,0.40759645219979684,0.7026366699140838,0.6366286767520547,0.4528551372685228,0.5526849305692442,0.5549631458534771
561,0.5810666531414067,0.5413068251463855,0.532614606821476,0.4533926523344032,0.5835155978790153,0.4580688748434532
562,0.6141256544074533,0.717834444018334,0.6927674383233389,0.2425720950344653,0.5182616611646502,0.4687917871338353
563,0.48880614792702354,0.8131308745329184,0.552708849663929,0.4115309031008384,0.28735590932938354,0.3788568573500348
564,0.41572104090922013,0.7821225124562967,0.6961759525897843,0.5551344726342197,0.47881978026865846,0.43003574166594793
565,0.5509595384711344,0.7623998470911652,0.5856850448188098,0.1971946385473688,0.4786357489200305,0.45221291812661796
566,0.419554863420046,0.5959285692900608,0.529778140643125,0.438169078492269,0.5377296291827435,0.39584509926307754
567,0.481868952222596,0.6107375940338428,0.6450561521260957,0.4586476450342422,0.4634979005511796,0.4250940441114205
568,0.43360493951734,0.5758153423662444,0.5133547795336983,0.24882325233592306,0.49753026272042206,0.5009194131554788
569,0.5437748367599287,0.8276054467026511,0.7450396598359814,0.2942895871801318,0.34382379976179706,0.28634946639962683
570,0.6133202177412096,0.761524404250007,0.5811132759064689,0.5141435948321266,0.394953834324325,0.3453804679113125
571,0.5641089346378811,0.5794254862174598,0.5784689770401384,0.23591792132595835,0.529326703876114,0.3305221890472296
572,0.4896258894989813,0.6320140472800186,0.7438929349643274,0.37979463600957514,0.4104192066274236,0.4955998515835702
573,0.5054138650323281,0.7511422027587554,0.5311031016106433,0.49660934196558043,0.5048961782083927,0.4212905146754904
574,0.5744444284986864,0.6336253271020281,0.5633527414380549,0.46807386386550365,0.4655913426323093,0.42702657656228366
575,0.5269579409035035,0.6374746134027027,0.4935968668790439,0.5509012156667981,0.5213221756839279,0.4282929853350187
576,0.5609432044968833,0.6670259174092142,0.5325463724258601,0.37159900191815953,0.3038775089281944,0.2550700244139823
577,0.4246392392972712,0.8470841750132335,0.5547950386710512,0.3171495221492937,0.46843174646585467,0.5097014935696114
578,0.5741151368691795,0.6101538779158767,0.6879561226892011,0.36207268332676645,0.49444005309315847,0.548175185699928
579,0.45238510618633854,0.8491809077829,0.4393100342987205,0.4495350976642592,0.5385510735377124,0.3732176316222775
580,0.47180696175587383,0.5826994141320972,0.6149189974204663,0.3983789227917019,0.5779122185474003,0.3571165889591715
581,0.3122092112691186,0.5015223889663146,0.5346371634588555,0.33560780897067366,0.35086013666969623,0.5179712896587636
582,0.5102447846703251,0.5970435037567547,0.7365524934511332,0.268607137377896,0.429015578644577,0.38972277654627036
583,0.6805100099092464,0.7055728136433203,0.6402379704018082,0.2635053404222935,0.5523269806816123,0.45903425541547427
584,0.6305972982327952,0.5948249685050999,0.6215609128743381,0.2817879902840089,0.5177506542971803,0.4153505932968707
585,0.5010208081984868,0.783596302485924,0.6388678593247041,0.414299861743999,0.4616064684467605,0.5257268179641075
586,0.5311258870748513,0.7814800665846705,0.4852772563549375,0.5003563009809037,0.43709438527283173,0.3222032914564318
587,0.5420967181089434,0.6831533530831715,0.614819441499438,0.3350892200864928,0.34632699420116775,0.41242572648416925
588,0.4839843756583964,0.6957026590252373,0.6423193069804091,0.4338065437782535,0.46387838757812005,0.4278132948512982
589,0.45487966725082307,0.7814773865317123,0.46763676945302934,0.3056207939118057,0.3404490304709803,0.38100949710896514
590,0.6052397400190382,0.7359214668634344,0.8025347538145552,0.3787845837741046,0.45542960210283057,0.24506075830040092
591,0.48183817489807346,0.5007106576164186,0.5799011955743305,0.422991265595431,0.4845980808407505,0.3272400131936417
592,0.5584510327627,0.5744401040061824,0.6415768899611316,0.4082214362436132,0.41222803879867687,0.4616187966849493
593,0.3928720491726374,0.6327133008788135,0.5640298116253462,0.36287359036140443,0.5208323609871457,0.33430652149630674
594,0.4226252910597576,0.581323883151507,0.6021348918734047,0.4320039422007318,0.421320757338556,0.31920585064008694
595,0.6239011596208456,0.696212004351344,0.49812792487537094,0.4242962144771174,0.38233890141913945,0.4387895660744322
596,0.4454725550427438,0.5810355996471706,0.5530145297401965,0.46513491003429214,0.46877394995665955,0.23675642460889898
597,0.446151286815189,0.6488969702260172,0.49239641188634614,0.40172756107048835,0.514928318886172,0.3367153408540899
598,0.5378849949825962,0.7536171617345749,0.6355116923276989,0.41639704114066123,0.3863811232430812,0.42037846501069137
599,0.42512921495644396,0.7531494300889674,0.6652925320227396,0.47032001997391115,0.40896895514176884,0.49193973190212464
600,0.5896408295824151,0.7609562796155408,0.6563786308275157,0.3550896741659663,0.4441337940217788,0.5318237857920676
601,0.638579856349403,0.7964737279221151,0.4764666102436985,0.2846868582272436,0.44923705312134005,0.34059209418241626
602,0.49093297083382303,0.5540736856076344,0.6216822085934647,0.5040186031986597,0.5059806870130722,0.3885253340804856
603,0.38929474242155615,0.5960212886782459,0.5964815132571871,0.461895782467852,0.49444168806470223,0.32045106557124053
604,0.6118947088236125,0.6332568926364582,0.5402378496701093,0.4462922833165344,0.44747156874220334,0.36074184668537723
605,0.6645029441634434,0.7106476465239419,0.710722076167082,0.5065054235394189,0.5491887778982398,0.49133776513037664
606,0.6274147919668421,0.7600605453861776,0.5334894440612801,0.2693883750928719,0.32453076617538357,0.2916858399260588
607,0.5755863091528465,0.6000118872044572,0.5959063029908687,0.22137740918026969,0.4000597130903427,0.4925616749196829
608,0.6417307765428509,0.6962834571036193,0.5364946933853157,0.33001817488208546,0.34944590878888415,0.4662280827599288
609,0.6448606553689663,0.7035603885446254,0.6653696246811172,0.3917755614153392,0.4262997021002091,0.45876312087868865
610,0.6252605979412277,0.7369617570730983,0.6577442242544543,0.3452829864873232,0.435668881717611,0.42915511517872645
611,0.5273274981838831,0.6660181113773088,0.6055313412914147,0.2968842251242101,0.42140435497809614,0.4643762749591076
612,0.6302967272003589,0.8132765448442487,0.7798044133254575,0.26495642074724696,0.3475764358983433,0.3472472254623415
613,0.5673282005839941,0.5265794070034637,0.7174262135448122,0.20518410130630055,0.46059963810185234,0.4409565856391876
614,0.35370657349996254,0.6322212907865649,0.7938061101045533,0.37215171996277696,0.519948180081842,0.292562743855639
615,0.5981260422267336,0.7302406344469279,0.5788629800052449,0.4021720156606804,0.4149677823486095,0.3922763949322888
616,0.5449185122015624,0.6235261864509667,0.525372995110231,0.34614119520676734,0.43848004013983155,0.37514579741308035
617,0.6833679133281482,0.6365773940905035,0.5894391409400886,0.3206797508347629,0.551858772514083,0.41427738572477224
618,0.41930170744058226,0.5611492419335363,0.5980622190211559,0.3445210594207,0.5219968098071606,0.43170773089915804
619,0.4486573569060893,0.851151829645318,0.6591569318443307,0.44805584159547085,0.32365841731549805,0.37339687475685196
620,0.5270708235125338,0.7011133078653465,0.5557912331385888,0.2813838347071445,0.4386826663746527,0.36438061316203707
621,0.5468140805370548,0.5974662665452798,0.7071320769644822,0.3471887321376168,0.27660690775306396,0.5722167273581722
622,0.7010383501872945,0.6356637800626351,0.6753033161939437,0.40689864791491204,0.4318750224053105,0.3288565296490082
623,0.4836500079715655,0.41180554018792126,0.5751898043069051,0.2397753116165723,0.4437244901758707,0.31133417863404794
624,0.5694658005209157,0.6667969064169044,0.4398648519555328,0.49428630547683183,0.43451778933859597,0.5089169490120599
625,0.48799947578114544,0.6257523085114376,0.5339522470624771,0.576376367970923,0.3874690261090447,0.5861178694089003
626,0.5594193680090859,0.6249076638120895,0.5735803646746503,0.4008923770788035,0.5183016410547142,0.474538204118595
627,0.3969850383682228,0.756017152424061,0.5513843580526947,0.38051699483808465,0.3788407479108903,0.43645586950564136
628,0.3370441210819237,0.7159920677626873,0.7283442549799609,0.3003967352611146,0.19916584360952655,0.32957809858001336
629,0.6204157635739033,0.5764696506823032,0.6224096643995345,0.28240344092647846,0.4640879408601296,0.47620320231489605
630,0.5939295599185908,0.7711620201001765,0.6031501677022,0.3926429939505592,0.461295286282972,0.28911256297984494
631,0.430645784809158,0.6843542562927347,0.5261248678475597,0.3725448630729627,0.5422461412453655,0.23461634018210983
632,0.5635766304568086,0.7750127204380433,0.5760237010303438,0.37858918583086415,0.4325181469687144,0.43568059562661654
633,0.4225727123976833,0.5696240791864785,0.5468286248359631,0.3695012363090376,0.4675838276334569,0.3111979516667477
634,0.3777143474830634,0.658177922195645,0.5735498268298614,0.47423846036389433,0.47453586893546956,0.38666606125967323
635,0.6036421412054002,0.6457018400986494,0.6726606087398651,0.25000160864577403,0.5033667973932279,0.47493833596623275
636,0.6182988863070655,0.8250178581394771,0.5332810175442406,0.34311157213895754,0.2259068266985729,0.2983909060869094
637,0.5247080202230348,0.696977745683002,0.6743606674816983,0.3690283904570992,0.4218386279521341,0.4602410044938528
638,0.6197918676128391,0.6341237483231091,0.6346117878701891,0.35096178114240634,0.6574288430605816,0.34381193515066044
639,0.6256865211055144,0.7120252154771068,0.6640672610326812,0.2559891615508482,0.44007968952348886,0.6445825912356258
640,0.6619312402342689,0.714032348210389,0.6624614782515286,0.22396942727161123,0.3041253460541996,0.4048500695786115
641,0.4224248617000317,0.5774223516444713,0.6597060401994734,0.3104049836133836,0.3130571283149684,0.5311343677243902
642,0.5949077394687168,0.6819267851829901,0.7148444652084674,0.4318986256085984,0.5062828943231027,0.37206324079341263
643,0.3717158319314494,0.7713407506641465,0.7112459399246671,0.4063850639714154,0.4011951061402549,0.516781754033525
644,0.657606290595697,0.6602187284894093,0.5615284512155491,0.4028962979768846,0.5685973260935524,0.4029875798046567
645,0.48006551156516997,0.7489241024393988,0.7554478316879512,0.37912026983071384,0.4895858985612927,0.4566510686731126
646,0.5143095281513783,0.8203921645403772,0.5579228059644898,0.31780669350518953,0.42910504554726225,0.39387166717462196
647,0.5470049605557684,0.705877358888067,0.6391500336304536,0.24011840833931639,0.3998032696367626,0.3908929974014073
648,0.4563513317001851,0.7463567491907345,0.6205064995730891,0.3434278416013381,0.48900965894490017,0.6956727737578379
649,0.5410050790557765,0.6804395486688563,0.7230273756579966,0.23705808104025033,0.4569634989410834,0.3653556936966693
650,0.5768307553420071,0.7464092406001169,0.5298531051499089,0.530344037480139,0.5055583890805916,0.37601910793377036
651,0.4042141629828027,0.6800936083657481,0.5926730911667685,0.2569022013791417,0.5845269790001283,0.47815705237155515
652,0.5893087727522734,0.7932527874541327,0.6241939908197643,0.20153412120321296,0.35459708023554803,0.322698201239135
653,0.5350248561777283,0.7950680168690782,0.5755677765725985,0.30384202252697107,0.48007511573327044,0.455569515694675
654,0.5073124429362726,0.4939472600535251,0.5697613401346651,0.23754432023107983,0.46107135802484905,0.44811466824010665
655,0.6281219502334162,0.5869136354806677,0.5452444694129972,0.5362901373968085,0.3969037699201405,0.4257067257052418
656,0.5769101587411586,0.6077897454937311,0.49748523400827366,0.5207241069155083,0.5286744425698003,0.42360891958313684
657,0.5070596587176244,0.7243728360497534,0.6429117134527843,0.5078686873649287,0.5435492986958986,0.3802773519581703
658,0.5710818580658166,0.790549717235192,0.4990396018114544,0.4580201243255263,0.5491651076607553,0.3827133795873166
659,0.6250000924300403,0.8628937890874337,0.6329915367558003,0.46368267928555607,0.45982687403957,0.3826233644772361
660,0.5669751477269198,0.636570120267941,0.6216959827896528,0.30187846615132397,0.5599762402052437,0.6690618422994913
661,0.537668401318428,0.6882371386743863,0.5910187855936447,0.39405492945586235,0.45799608523062124,0.4115497393198712
662,0.5629958535152866,0.7305558544199194,0.4565739666311512,0.4805114157727048,0.5800738823661388,0.3843534959387599
663,0.42771339445521245,0.5521854233506629,0.6352187087349058,0.5097744749748642,0.4549301584330199,0.2557704310866536
664,0.44797985017844916,0.7001539658573396,0.589464316435084,0.3325099998753525,0.48621939362470945,0.6356174093415882
665,0.4816428260694227,0.6280679103254958,0.6050301395454825,0.282721859519073,0.35337274473521463,0.37617669490092753
666,0.5759174780314599,0.7514270826116163,0.5602557884814768,0.5491321456040635,0.4543621069424819,0.3850097939798282
667,0.723439001197656,0.531323150134967,0.5494665427337315,0.3290153628729341,0.47919760320234,0.594444100265856
668,0.4111431897742398,0.7957978798316652,0.6414812591524279,0.4428733292410083,0.4408887016210916,0.4371427817085187
669,0.5829082723262838,0.7604342695600701,0.7398827047975867,0.3800874198344716,0.5785688714149558,0.47165941934189703
670,0.5250843064630798,0.6796429764879347,0.642745842486207,0.5241863238602861,0.5058474747584829,0.3875579786076226
671,0.42939447145508675,0.5370782840840848,0.4919027602329116,0.3926072214960815,0.3719805993603101,0.32188101708059513
672,0.6850471513560636,0.804273434750951,0.6653610877201557,0.23939365066224472,0.46881332416994914,0.3913639989840381
673,0.5962065316125853,0.8095785969286287,0.5603440528202972,0.4922814275682592,0.5439144905124037,0.3477735813835929
674,0.3584985783701207,0.5026805577126389,0.5503849652773106,0.6082775918895108,0.26248304018254964,0.5474506083337565
675,0.560445695433723,0.7443524748861627,0.6593880654502265,0.37129950614425794,0.38653320213660064,0.28252944330520197
676,0.40456349084750054,0.6959737403891902,0.580608954415385,0.5784853501662377,0.4607395347656026,0.40870747618789116
677,0.5549467702508301,0.5936865178122646,0.5447861907465629,0.3694853411818283,0.38434648924171977,0.46880530821548205
678,0.4085389427141044,0.6000852330074138,0.5145760851775032,0.49620507696863075,0.35363991783397325,0.4407757916229427
679,0.4789210863656335,0.557927943556178,0.6249052546464727,0.46295534606699346,0.5206450169786172,0.31001380357725083
680,0.6703678238188627,0.8000180316076101,0.6368075899811101,0.37617961706197567,0.5195689914435188,0.37740570643206095
681,0.47945917958538176,0.8271220419562848,0.5613743678183976,0.431429514454221,0.25786209786921116,0.420340306718645
682,0.47118803277880406,0.8280060714888758,0.5909322877611939,0.2726295290164543,0.27170926992699923,0.32394492372675626
683,0.6276670878623524,0.6734331944275926,0.556635635679224,0.3842835941689855,0.4936218628540565,0.4269404950364241
684,0.596159566751405,0.6162119173752579,0.49580286260878714,0.43597436570290204,0.4877515055404612,0.5657474077317676
685,0.6614722512769322,0.6944627577943989,0.5421562769860937,0.2773548483803069,0.41430939556831853,0.4051167029933672
686,0.6640396804980752,0.8234691618340799,0.4232622081527407,0.3091107367806227,0.3314881119491879,0.39995629682911793
687,0.5367926451645778,0.6604177241136009,0.6896362270764268,0.43434203693765283,0.4105023558909503,0.469231409142972
688,0.4990978781995055,0.5835580544284021,0.5999935802199904,0.34424402277974636,0.4037004330387626,0.5391300764925433
689,0.7310976073584291,0.6572771236771888,0.5590171997786173,0.43180418371141793,0.41245564137294777,0.7219517699643854
690,0.5369787248484543,0.5755503942279923,0.602071032868765,0.6082688882928726,0.5984427400678038,0.5215184003798741
691,0.47135635151729555,0.6721316715457111,0.5872486827417057,0.5653820072987924,0.4530259458649844,0.5384679430768422
692,0.4567591138800738,0.9045642762389086,0.5849039276573453,0.32811654611935015,0.2940399604362066,0.35809349186427536
693,0.5617789293253482,0.6088708873175357,0.5219021083731841,0.3699048449325989,0.6087887529137911,0.5027158522131014
694,0.5093458051732721,0.8427332441858568,0.5835452104458989,0.32308055046573214,0.5072164250869592,0.5510047011810592
695,0.5224345961432063,0.7425198014813024,0.5123184413994427,0.47846623829778234,0.40834551458098334,0.4117015851559781
696,0.5752745361082395,0.7444877045953389,0.5810880779896277,0.38310692595112306,0.6049521119533582,0.49736705464752934
697,0.579711045983139,0.5708240092733355,0.6770111664532598,0.2975859673842055,0.44488847105595203,0.5134215463797046
698,0.49497404802538414,0.6008128069664539,0.48600827480151404,0.4229835471923776,0.474915969929288,0.38404697098981977
699,0.5997588837609722,0.5836389579439848,0.4602529252307249,0.35666541804957697,0.4557838044394766,0.5210344198367295
700,0.3432849795718215,0.6291940978716398,0.6643079019478699,0.37839303207577846,0.5533338486304307,0.30901637498597245
701,0.7153045789740348,0.700118605674018,0.605607915621439,0.33122382220668733,0.5608516477518717,0.3758385634688784
702,0.5327610747400361,0.6664763846445132,0.6348124509663918,0.4379463056921823,0.428315266775859,0.3045238142714293
703,0.5849293233356775,0.6841087367431122,0.6219421843416938,0.41679183119647356,0.391270772273077,0.4938453703012627
704,0.627208817585153,0.8646056839591489,0.6523242088464828,0.3788349681695539,0.46427812356972553,0.5487963951313191
705,0.6115892771476533,0.6093447622613871,0.6773280804862927,0.27059900347641686,0.5470871761774183,0.5068351596940927
706,0.6524383145623569,0.709922445256698,0.5427642091302523,0.4501203098587441,0.530212894229096,0.28675615149955225
707,0.4820126578278549,0.6400949719356337,0.5702720656292803,0.4132827721092012,0.47899676233165583,0.28597214186761993
708,0.5296893455820977,0.6414716516814138,0.5491138031274319,0.3376927341011956,0.5958879564215946,0.462455399519162
709,0.6268984218107128,0.8259173212624153,0.6665195094973089,0.38275088788711187,0.34285904765240316,0.366962774883957
710,0.42907893821436327,0.7738691446040159,0.4439168925528514,0.30592179608367537,0.3675420011039321,0.19387848875618738
711,0.249225879072123,0.8244805488520325,0.6525326251333274,0.42960352110587724,0.2572511108369772,0.37135007830925826
712,0.4715411472089651,0.7657131171695254,0.5645662574296441,0.43168477862471266,0.4500076714447182,0.6237435073168597
713,0.5620708783314298,0.7387707650356561,0.7320774856143758,0.2745728854054412,0.3307994550032733,0.31090101833391276
714,0.5764116574561904,0.5829038998664612,0.721317997807738,0.41920852747853277,0.22398879386024642,0.3692371520331964
715,0.5203712185791718,0.7448220970051034,0.43770345329870697,0.5182641875909229,0.536605690376087,0.5232088725726316
716,0.516661226207717,0.7234431577385466,0.748496355961764,0.18995071340956698,0.4860623477141817,0.36127621849338226
717,0.47049568588189433,0.804214357065748,0.48715745002328076,0.23813441322586335,0.5748531932197614,0.3771214853683528
718,0.48518795487997946,0.6538035694141887,0.6042768247136936,0.44899561623390294,0.4905933776669025,0.32789189641926764
719,0.47609080436110257,0.7047101101492381,0.8366824794885609,0.37282290267791635,0.4695725344397325,0.4850382330889259
720,0.4651715823123241,0.7542921581670837,0.6561364738789529,0.4745633694836785,0.5240480763143746,0.3688569394363355
721,0.4737057811768499,0.5018139659970443,0.6748178784543072,0.45461419581051654,0.33068688335684737,0.3627354213693852
722,0.4294817886153739,0.7655859987564541,0.4531836945051919,0.4195897994074959,0.47405614371551896,0.463618652724424
723,0.5666085692852151,0.6871619969796268,0.5997342029629646,0.30586276921584155,0.430694365628855,0.6173430806176607
724,0.408171177602256,0.7327716057226356,0.5226928268911712,0.2519423496762358,0.539515144877909,0.37094985665653624
725,0.5636057030750836,0.7390028708034103,0.5381956241936995,0.23944606068655924,0.3531450592418893,0.411635451394916
726,0.6233949549806949,0.74571081043391,0.7298064792964764,0.31337940037796863,0.4790753745560771,0.5329967590278997
727,0.5164056549282993,0.6109597390470316,0.6457736368659057,0.3824726536271699,0.3508620861395649,0.4538683630658885
728,0.5405313625458985,0.7408920189465945,0.4705317508667317,0.41047483237826093,0.46728423199754776,0.42372543606763047
729,0.6768568181424024,0.7892147715615178,0.5430681759241502,0.38046592937357115,0.4535439604694202,0.3247220738032314
730,0.6197603986744841,0.6482621641548996,0.6974867177688945,0.5224558966389636,0.5531972343155224,0.4282524411890358
731,0.6372261926352847,0.6656194310721167,0.7544586612161241,0.19564057792552667,0.4421707625681409,0.5580582424074838
732,0.44012454100910564,0.5512197704421004,0.5258457194584655,0.34896442304720315,0.3452909161887645,0.38436525030925944
733,0.5920858497323757,0.7219075199072561,0.6935662303763582,0.29573377738813567,0.5642102029714349,0.5642544305560924
734,0.5293274145631452,0.6312725392091464,0.5933125331860667,0.20929542307396506,0.4845462013799651,0.3538568649749148
735,0.632692473671364,0.6958931303342538,0.7576635809508404,0.23005010997852046,0.3955088493964366,0.5630300653532605
736,0.3172465050119842,0.6887512117653153,0.5629326084930741,0.36624692558277494,0.436182515391117,0.28107985777625766
737,0.5263360679149693,0.652612637141116,0.5336362189736952,0.46148323352196935,0.5697508157032706,0.30310749507896684
738,0.6192459805308053,0.8080431301711338,0.5535873901976213,0.33461760580630595,0.5235804060637221,0.5207738671024879
739,0.5510383830604847,0.598870502911028,0.615050393953619,0.3841398743766067,0.5846926886052435,0.5037274689338104
740,0.5390592872073166,0.6933704417050711,0.5793209360705411,0.24309002123842738,0.5039215135388275,0.4279637843424902
741,0.49041188708817635,0.7902538848042868,0.5917104650458119,0.462872432834604,0.41577769954518334,0.3299857614103624
742,0.6817108903864434,0.6317181591184491,0.6515814060343059,0.37165459789231525,0.5026687659898331,0.5099286497204593
743,0.412393260240668,0.655737075375205,0.6820820260034859,0.36388930760184945,0.33053035856020185,0.28124216985110784
744,0.416698710364761,0.5559217126842171,0.6102306117448681,0.46075630101404125,0.3828944079575735,0.5942274457600241
745,0.5037848143382178,0.7161041658422934,0.5023514727074785,0.4588697833609535,0.513119103541656,0.29123981820222355
746,0.4011225528025775,0.6051085254855719,0.6138246598577508,0.32252206493462376,0.4244140931084587,0.5698841906243293
747,0.5986572141702708,0.7357136266224292,0.607574603603493,0.19677128693525925,0.5627587428078492,0.5025301201252261
748,0.3024683840535355,0.6642702859577017,0.672296476928979,0.5315158461549587,0.36811008075824153,0.2446476490310463
749,0.5421005594842443,0.6319956956073345,0.633776175998073,0.2735960084673881,0.4381748961773062,0.5141354038034696
750,0.4639289117759725,0.8360065632541366,0.6970142145382664,0.33363086032734807,0.27885259054852063,0.22189086699445118
751,0.48531398934339715,0.5418449743231614,0.7082715509449206,0.5556223751701561,0.3936297231933487,0.5939833357767452
752,0.5870269669519064,0.6842412423608346,0.6126108732010147,0.3511112784238923,0.3545845190347848,0.4183638083994966
753,0.48039310494517984,0.6250816801535207,0.6987430678398227,0.4853504863696596,0.6125152504189688,0.44327930825096895
754,0.3413198391561336,0.5714883177990179,0.5984817924047255,0.4886890244659284,0.49286095102965644,0.42863651963501503
755,0.4967928808913783,0.594233386328631,0.5893240808518218,0.4001419971543661,0.4280400338472818,0.38391826056242506
756,0.5122215200996917,0.6974876868471083,0.5930899150649422,0.47667926219369233,0.4366330369239666,0.4270332452612936
757,0.39025965545114283,0.8192126902752699,0.7018496031842274,0.4163659060358354,0.5962889554825254,0.46654581213513463
758,0.5307523417063251,0.806116941344998,0.6876601413472418,0.3593923007962658,0.3411538831148662,0.37928880785715957
759,0.38358806088818137,0.5725066334795536,0.6049340942177124,0.26950365432407675,0.38869540473836567,0.3896147308154624
760,0.46887555044359275,0.6917470878188545,0.6868512663559675,0.3343418093965721,0.36867445903977364,0.5147278559453268
761,0.5230111082601943,0.7797912873474857,0.5994256550214593,0.5717181450648344,0.36933483773428766,0.4546227709298545
762,0.4834608057384312,0.6252856086591458,0.4605215145803741,0.40116241047960594,0.49304663153451656,0.3832374933170613
763,0.5825924271190176,0.6710318901582453,0.517356562759285,0.1952346746413236,0.5051852488890138,0.4865541150503878
764,0.5515613052990834,0.7695638850241826,0.6836205763043655,0.4602223300505781,0.4341830401873738,0.420893245034231
765,0.6585327074262888,0.6446422172527398,0.6682616523361492,0.23505669595878628,0.5078540424819469,0.4940991608888098
766,0.6513257555974271,0.6357497399420505,0.5163358067009928,0.3346140929341046,0.46436829762241694,0.32758293037858455
767,0.4821669914987607,0.8177775445524694,0.5329659401582696,0.4743225360722111,0.5758134493143862,0.31815489792228363
768,0.6270498233165527,0.8285170428191889,0.7217400384850561,0.4583726507731402,0.4869568193233513,0.42293982882503295
769,0.5799519735810893,0.681314050586493,0.7322664297096171,0.4137116155822709,0.5064659016135029,0.40258968911596416
770,0.47570873359767607,0.6456406323591122,0.4744348931423282,0.4358234402826806,0.5442424135624158,0.35447706877006724
771,0.4581889124078058,0.7188798166383844,0.7074344708355431,0.5078959024599183,0.3408303993529221,0.36209659183553533
772,0.47294702994040616,0.7787136542247947,0.676688722499633,0.32843129833958745,0.5750345261510597,0.4498609133103817
773,0.47587788112848606,0.6893504281902585,0.6956519615773031,0.6208276441825905,0.38103843354627265,0.3005422234011024
774,0.5176467546345779,0.7911082758206655,0.6157633412809665,0.35695598622332464,0.44742857590385376,0.4574891519858393
775,0.518563458201825,0.6172605672972475,0.6059571448600722,0.34807638543902764,0.6676223755870667,0.5132370137501097
776,0.4373470139575585,0.5383234766800064,0.5768731589200432,0.49237127972408834,0.6288140691191471,0.3632927976568531
777,0.4684827069299671,0.5532813350690713,0.5741581908970829,0.3097826684133823,0.4771313515005197,0.3421487768307252
778,0.30467788845812616,0.5801266725909503,0.5554811376369436,0.33502094657872084,0.35443082207660226,0.4980205416633991
779,0.48690406946979803,0.612888102027827,0.5273795704751695,0.5305915095099737,0.5557921497869887,0.31843880389245705
780,0.5243506714659751,0.7518262502008947,0.7950755044533651,0.35277850088702983,0.5484583579661401,0.5156355479814818
781,0.48807275898366903,0.6806671390355802,0.5366542791715414,0.452337792889118,0.3774008815891897,0.4023686182825391
782,0.5623877370875084,0.8151983830016112,0.6227088100743096,0.3089195062294867,0.5079376248169438,0.5235521867905096
783,0.6470877213771166,0.5830036791903352,0.7164438054899687,0.3877414380273481,0.4185420817094521,0.4645737857777276
784,0.5584714025664994,0.5787434984030954,0.667144792567456,0.1623222619778142,0.4159007451857865,0.4639073128757407
785,0.4613374363117043,0.7968867875806548,0.5174439941129307,0.34659470175071894,0.48208327075304,0.4701011801010752
786,0.4824749672358067,0.6956095598748597,0.5564674107722751,0.2697014832879797,0.37419735211232535,0.5480190039835938
787,0.5603563972689051,0.701574679371195,0.5822056675956107,0.3764350702070704,0.3345092683317209,0.2950882945430409
788,0.5579449067709098,0.8195287720883953,0.6004991367796645,0.32468362950929197,0.3013119484148414,0.2500310929692778
789,0.5924458887693888,0.8128271057218126,0.4965558322644207,0.4227357827798243,0.4175696022876381,0.41191549235163705
790,0.4439203423681919,0.6244721589060009,0.44399655116201736,0.3361560547709761,0.331571576838562,0.46803343840392175
791,0.48811559303706337,0.7424106292451615,0.6198547158408214,0.29031568312881884,0.44829216446071135,0.700493250759618
792,0.49672503715897187,0.618662512954472,0.7285828447436874,0.5437711486886189,0.34326272709017397,0.4000951122154134
793,0.5595793786219915,0.5889620070421298,0.5731261692392526,0.4474939415486639,0.4683301976218163,0.26563111834444675
794,0.532146717019096,0.6145216313938027,0.6304152769912266,0.3895583430541421,0.6623476114280056,0.45224678094904225
795,0.656565956895268,0.699558233415431,0.6208619034492799,0.4970999901003569,0.5545737595189173,0.4930155731604898
796,0.5552190205633384,0.8614858141387145,0.704577316416827,0.48020053843687066,0.598945443709163,0.20348746966773887
797,0.444307943388035,0.7306605690033912,0.6272446329267413,0.3539917769732657,0.3220217207037856,0.39634727570963607
798,0.5750654630600562,0.618150661712275,0.5922854973380337,0.256655788232425,0.45081892872875234,0.34007822548624006
799,0.46062106106049483,0.557877753990972,0.4417575130240019,0.39461298548548207,0.536596317435639,0.38103592381934703
800,0.41394021389548163,0.5008596723627167,0.5835148856442669,0.5142967931358591,0.5698449577262736,0.5212608765754442
801,0.5788606661773589,0.6575072257953367,0.5795377588515931,0.29125985077053096,0.41335234547876787,0.3713145562850713
802,0.5642485964172057,0.6731894843034365,0.549659081093796,0.4618412486691413,0.5995146384024947,0.3679283874942607
803,0.4926353700277642,0.750269401974829,0.4769767236230614,0.6317570015496862,0.517571526141444,0.2946545032014256
804,0.616442903068326,0.7725696361194688,0.631229732346041,0.27535371359792404,0.4339714799100171,0.3647831200798392
805,0.5166902545399562,0.7031267313035738,0.62987397193176,0.4226077401722016,0.22040972456758084,0.29266648099200515
806,0.5623522776415799,0.5919003052794302,0.6690472556092286,0.24186818366846097,0.43602640108021695,0.49996821360464333
807,0.33599818877256266,0.6763429806675708,0.7923072712119066,0.5126674270041159,0.4347455231942973,0.28067916246590435
808,0.603683812123692,0.6731953497458184,0.6609112553237082,0.18837179915354557,0.6096321018640687,0.45866351430333346
809,0.5963480063743508,0.861375355102303,0.5878951151583616,0.2975577969426188,0.3209312340692966,0.38625320698747195
810,0.629735880427372,0.7187174877781343,0.5743281871321146,0.3884990424794874,0.5946997717629787,0.5983486779152043
811,0.5346989301059921,0.7117443142592854,0.621780944258007,0.3358564371808258,0.4618641609873538,0.39930333683433406
812,0.4920336731600275,0.8222484470491973,0.6481457747970575,0.47547025206610893,0.36028967984386984,0.39666369822558384
813,0.6147960307072688,0.6494712979149002,0.5383050873147688,0.41190761345089577,0.3825759753213145,0.3754829917832498
814,0.3530829352613104,0.6006336435640204,0.5223640603409995,0.3885115793798325,0.40922450897032253,0.3469712630296366
815,0.5547631297779254,0.653111534366572,0.5099073567071897,0.4720606025121638,0.45615610780583987,0.5606948184510329
816,0.4845703553149625,0.801308148585764,0.6153470053672568,0.39663946348763757,0.50077992833255,0.40998938875947516
817,0.5246389916370516,0.6578561043565424,0.5890957581337337,0.42776934380850806,0.5645531936200635,0.25916822873864914
818,0.5375198345979652,0.6548575288151457,0.5016146113799622,0.5646302486742136,0.31892201282963584,0.5883881107854871
819,0.36526889005528457,0.7396690695428473,0.8573875501115854,0.3117448233166694,0.530491539422638,0.3965706384258862
820,0.5604836959501897,0.8045190321378138,0.4529398829746902,0.32916079598527226,0.48011660565824094,0.4532264457639665
821,0.48232654887878035,0.7565759217027416,0.6555973625054738,0.24523783215540385,0.510709593969957,0.45665982113604087
822,0.5009743189904715,0.545426243018759,0.5421022712107444,0.36762757779845023,0.44029430130794284,0.31710399989541876
823,0.5213436484689176,0.6448955688194432,0.6108103453340863,0.5510826398425078,0.4626551642796535,0.43344383591858937
824,0.4296843421581876,0.7449236045249837,0.5651155668934472,0.3737850219283549,0.4776456319072039,0.3858150055486096
825,0.5126889194006201,0.8330973762035195,0.5948316550832239,0.40776308704157926,0.4662571583591977,0.3906639911193464
826,0.370314301424085,0.7539648050620372,0.6695875978975062,0.3905524966268723,0.22524532146869936,0.19049169516435305
827,0.6029357997702691,0.7608805469054822,0.6524716778026104,0.2732284043512886,0.45236760724822267,0.37325560266162944
828,0.6081738404192285,0.6391824544318275,0.5944430088303067,0.3281807428965982,0.49094618131000267,0.5049349722703396
829,0.3041606149843573,0.6660839200664385,0.6829584106631207,0.21537155998732455,0.3468948787330437,0.33429030022411693
830,0.5201398474554519,0.49577031573010694,0.521852791184351,0.32501195389027454,0.5746725829573541,0.7062514441370754
831,0.5744286616772678,0.8205564059534034,0.6200397429585318,0.3741898187642251,0.5093424691836203,0.3981325830433232
832,0.480491031082483,0.7202263679320456,0.5194600849065869,0.3740069968475824,0.4887590804628028,0.3185042920520378
833,0.5550755001908887,0.8275694072155518,0.5506673746354009,0.42329698160793083,0.4869935103895517,0.51190622435672
834,0.3903799817148913,0.7121189309678777,0.48804247768503656,0.33301725217792566,0.48694697961321687,0.4233941112019705
835,0.4924065103834499,0.6693633691553187,0.5820745665161148,0.39189611139832176,0.29933698088982896,0.31979208564464356
836,0.5757174798002431,0.8262225231001644,0.6109846450565539,0.37712182729685667,0.5164622513996612,0.4387293238163914
837,0.5786763242780342,0.8302848070835923,0.6833031070400363,0.3398954189462017,0.2472350987816002,0.31152311041543695
838,0.5499489239985809,0.5372850544696032,0.49184221937986605,0.38751856101798765,0.4710328235507615,0.40444554061489285
839,0.5711655484125098,0.5626020658137961,0.618620578344229,0.40419943637523403,0.5030818845344321,0.5343163317093899
840,0.4371822769058127,0.6772555096728594,0.7303288816614013,0.41384114212870504,0.452441258254316,0.34482339262554706
841,0.26294478075721645,0.45553219208823564,0.544523726703461,0.4466631111501157,0.493679532081414,0.5521340719671654
842,0.5550073477844136,0.7151771143813694,0.608803225508051,0.37468047861923287,0.3902921098215625,0.3792843120086167
843,0.6704949849534968,0.6422366213907431,0.7062091132209602,0.4588287621920708,0.5131853789292926,0.6087156497735444
844,0.603309745148729,0.8547200288896633,0.6515045186632205,0.31578959515383415,0.4494129613017115,0.446621410618726
845,0.3413314046279895,0.7453739967519203,0.7608927313598202,0.4114464503358348,0.43194359442477803,0.31974249712470665
846,0.35841353143053784,0.7256311533070512,0.5882548067531715,0.4916651074360622,0.4152081305231883,0.3244343394121192
847,0.541728952895157,0.7235449233657382,0.6426435162488064,0.3922539448944672,0.5551680132249371,0.2827689717677195
848,0.6672206904379293,0.6251647899514768,0.7428612385472002,0.4063830272720011,0.40132951708366793,0.5114230138351125
849,0.39795991009612863,0.67369466543719,0.550452301359555,0.5476938038820143,0.5931029781316127,0.34113566584438915
850,0.5473728732118889,0.770823696554135,0.7759477315407769,0.5794858788459791,0.5677409112255086,0.44348318428144573
851,0.47921158612639847,0.6291917177568356,0.5875487789180995,0.439624264862305,0.5833753030197951,0.3629208988140501
852,0.630112214129439,0.6328292174607955,0.7267639269229956,0.24187064939448147,0.5586770802123253,0.497556508361791
853,0.629115624057478,0.6226824185914502,0.6306905321378874,0.23926617030550928,0.3941647920445568,0.48595727632057006
854,0.4895425778781235,0.689085380331471,0.6089473117744604,0.23760087898055868,0.5792288317404948,0.5225830563835889
855,0.4375689508024019,0.4346063389722064,0.6841214945778039,0.5592483770118655,0.5095544725159893,0.27709029622773124
856,0.500598829594736,0.7462475494414536,0.6665321227290573,0.5139050596473463,0.6062243305967171,0.33521203532064914
857,0.5943204576210097,0.5466912022093982,0.6291210972632052,0.27300314598867054,0.47845734928286143,0.40835384693647864
858,0.5212837416304592,0.6653985511558874,0.5893398368389221,0.31410787899031756,0.5351772813043076,0.33629844587928137
859,0.37442482425836676,0.696873885935258,0.5068992335676451,0.37290242333170404,0.38536044029374517,0.32522650700453265
860,0.6539113868622046,0.6423170485329902,0.5822478262994198,0.2849601634871408,0.44967810167036126,0.41272656716301714
861,0.6759614333888565,0.7094143347045778,0.7122930533997293,0.3998823274796538,0.5565329497404067,0.578741780889637
862,0.4229441007649184,0.5900116204033448,0.5920379975493493,0.47078359405350717,0.49266799892824265,0.4513836675147038
863,0.5211279026477212,0.5674508327967178,0.45812814493409215,0.3856312999134526,0.5093484229165433,0.4434309826041263
864,0.5514085586303221,0.7591705257562184,0.6120924900885806,0.30294776900921155,0.4445739688230534,0.33294774979791525
865,0.47294523731420507,0.7543597839125802,0.6447694163127027,0.5402773033423623,0.44479045183834304,0.2837391260820634
866,0.5854687861743645,0.6259484987372497,0.6582171782676798,0.4777834525396582,0.4803672836043646,0.504697003522164
867,0.40406488534515594,0.5920458971548443,0.5293286442667304,0.48096491283911214,0.48360736219156536,0.5439317498403294
868,0.4738610955475539,0.6233198877091745,0.5144050362555215,0.2445600300269821,0.34377482133846776,0.32448136489402757
869,0.5370140463468354,0.7813474857902135,0.6140629808790947,0.6238151467288031,0.31217832516791333,0.2200525267243274
870,0.6368510502801332,0.6705674596551013,0.6598095208873519,0.3193454125872907,0.4712376065094753,0.45853930126816
871,0.3353086111658327,0.6883865300876623,0.6318796344274888,0.5221486288621245,0.23860890470861346,0.25576494596244315
872,0.42704821005666216,0.7516467196297475,0.5865952498607727,0.4428451587063745,0.5519568198610485,0.357324082483908
873,0.44146024833043296,0.5482836173416403,0.46228916977691337,0.4280238413924027,0.31794862462278434,0.5220815053089803
874,0.6022709905028718,0.8385368916599749,0.41685741458711034,0.342567216129528,0.4112975811513485,0.169510191332607
875,0.467188046567736,0.7032749218269534,0.683772830289309,0.3661605691369758,0.42883309431122413,0.22704086973225593
876,0.4367457466203632,0.900634214499526,0.7884594495877496,0.7167277439254328,0.45630750324036057,0.3719218575718206
877,0.5761697252365124,0.7182538586684375,0.6666794261872114,0.5501182176935906,0.5243545483702704,0.481293940388405
878,0.4242134747735545,0.5868595309055733,0.5545031811223476,0.3703967415767176,0.43612281293529015,0.29030323075804343
879,0.29970346407859827,0.8050377573676968,0.534879889777043,0.5171325642520443,0.39608859434765903,0.4366635790924257
880,0.2931757356948295,0.49203032887597314,0.7350344551691497,0.26158815659506507,0.34968165353818714,0.3289561419423398
881,0.42764517392230506,0.6245622052657401,0.575935505789301,0.4354762117342233,0.27229349903787825,0.4158619847552384
882,0.5694668497171893,0.7375568017310519,0.504397406585794,0.3854890456694973,0.42696284313120797,0.4412436159619846
883,0.4997529559835061,0.8519272243219047,0.5520802634941332,0.27399588531339913,0.4940598379218112,0.35292633590042766
884,0.42890747591177375,0.6013318983137015,0.46876996485228,0.4270608752171299,0.5638173006131062,0.29200579406625693
885,0.6017697922537748,0.7187771484553307,0.6059423655863847,0.43494459066295743,0.43017576237873306,0.40725463403272166
886,0.5692322263568544,0.68356205949323,0.6543752867296193,0.4345295877168422,0.3635255637386921,0.40115798986847284
887,0.5333820062799929,0.7813209223313047,0.6816065644293672,0.357683157205558,0.6338869699410119,0.54453560923351
888,0.7217046352202763,0.6918708271952467,0.5203831313912113,0.25813864874281195,0.29252996960050104,0.37479928026847675
889,0.5687922821373222,0.6190751137141489,0.5778677688341117,0.5051844379731537,0.2792571718435645,0.6091867372893374
890,0.5588251843415997,0.7427750185150004,0.5889055352520963,0.24730431622506613,0.4698367813728041,0.2527406002433356
891,0.6252468232473336,0.8017251645036599,0.7318514716886642,0.5008805045586849,0.24165360472294364,0.25667129639433456
892,0.4662674891098872,0.8083073760526231,0.5097800624676277,0.45474092927654197,0.4029088889106981,0.29377764865428413
893,0.6563602028035593,0.8311147970864028,0.5538636403572542,0.31619171011511266,0.3824511901690932,0.40136550474003074
894,0.6614777590480065,0.7133262765919087,0.6443200420449298,0.47214786858234736,0.39887232254033617,0.5042818872374978
895,0.5166102531721894,0.8058655736844299,0.7035722477903239,0.4193025744302484,0.4752158601973748,0.541249636317331
896,0.6224121577499432,0.6778090974800235,0.6510399708139675,0.2939240283542574,0.45596135075231004,0.37190334445927903
897,0.32405562076924754,0.7360738834283269,0.5462278218700866,0.4290958464949282,0.5360765466441559,0.39276367075117796
898,0.24175654723085288,0.8142837379352521,0.6513512193142438,0.4624148192352822,0.43271935569825415,0.30249462893879764
899,0.5678949055711436,0.6159107219928046,0.6815078819110002,0.3194975502585882,0.40894802335191827,0.41952550495934404
900,0.4024333549959732,0.8149456127657239,0.748729231439677,0.3894902940801917,0.3437897637891474,0.32281685255776305
901,0.4559296175016228,0.7606302260105771,0.5536728556158229,0.14632909499088614,0.4471795678873711,0.25593996387616863
902,0.3759237820574991,0.7247647780745958,0.4911792268535566,0.21618890772137478,0.46296453129485343,0.2640650721423375
903,0.6424281483056877,0.8262392983865912,0.665156095568364,0.23897807559288115,0.23573490057528662,0.2926585005805573
904,0.6614261887381895,0.7611024595851694,0.6622128495174033,0.24982364738324517,0.4884674968607387,0.6623064240485405
905,0.37676029515361414,0.6041081344504923,0.5857091762082476,0.4409527119787302,0.46413715441145065,0.42036729038428466
906,0.7271762316903791,0.6328954807474555,0.5138726585618373,0.40503757536997387,0.44260358822583795,0.41252734668770735
907,0.46497603767845286,0.6915707960378519,0.4535366282547172,0.46250837973982206,0.3879331423422429,0.3727836267638849
908,0.5037597707067812,0.7425755695189171,0.5752271896409131,0.36895077108581786,0.5589883687758953,0.4165688886094108
909,0.4983633364561905,0.7055199462187057,0.4880035982141851,0.3754250342311833,0.5219360094218517,0.3059269429398432
910,0.45566832594572415,0.6901868768755476,0.6757774610449443,0.4755901978823365,0.42556049532445805,0.331481972999664
911,0.5467823176878609,0.8007279437412479,0.7317341382329715,0.36714745901979295,0.45858234889785093,0.5120256053102026
912,0.5053642658409022,0.5896905509659046,0.6435830760622714,0.3497307074149187,0.2934558496682681,0.3091364888780291
913,0.5933250421740743,0.7066961053787968,0.6944071443875759,0.440534978090935,0.630927093093356,0.35644868637317784
914,0.2337357730583424,0.6929336988438314,0.536074971512658,0.40863850020971604,0.6130886138300318,0.5346314561222829
915,0.5768215305153913,0.6166533248403318,0.5598982850477541,0.21683551643005097,0.49567332312035495,0.5064046283505034
916,0.47269496542810574,0.6637950998394817,0.4987429576647337,0.4964810014358386,0.47960103906475393,0.3732429019045922
917,0.2620602945752731,0.7940043910587297,0.7868364152772735,0.45680099246985467,0.5310606940663664,0.36831929181177686
918,0.5212424021689949,0.7272484635535514,0.4628899358992625,0.41930692028806194,0.2292667145295596,0.4130894931519261
919,0.33377245615673234,0.613930364386946,0.7461200327824706,0.24301789146170533,0.25226673560106283,0.2582828675029651
920,0.48145282370378,0.7738101138665049,0.6605289841938534,0.46725144611152486,0.26167574590854054,0.3950716539348174
921,0.6783531567343933,0.632543542921726,0.7611942588488764,0.4951119524832393,0.5481803691753799,0.5842088265354276
922,0.6936178219586013,0.6547217691815984,0.5168651113345699,0.3168966670449898,0.5047698853617051,0.4585923830466733
923,0.6222603790415308,0.7418498323217144,0.676331873364025,0.3452341160274812,0.6348895518742399,0.5038157998395729
924,0.5175290899378039,0.5952968846049013,0.5667811553613263,0.38433354632793515,0.4986224364950539,0.4311499034348069
925,0.4993880173610351,0.8315907557476927,0.628755293565701,0.3568340247186478,0.5412647887756975,0.5045068974475855
926,0.5434601236134683,0.7449092885567744,0.6054851895044596,0.3026179625691244,0.45076473397220423,0.3370597492252929
927,0.6074735964468757,0.598441822192131,0.5925795912027764,0.46183132109148806,0.4500341207254604,0.4991603398704037
928,0.58279747952935,0.6860614003421263,0.6677991621718018,0.3831166725155567,0.48846490712872936,0.250702038646796
929,0.5047280205008076,0.7171925081656776,0.5635741948638312,0.4748658257920753,0.4529420685203847,0.32298042237625685
930,0.5503101999448353,0.8592933062042591,0.6100689702333539,0.4096900741326997,0.5763516193133695,0.4176307048504858
931,0.6204938432840398,0.628465513271527,0.6135693169338927,0.517239127756235,0.3707670537997725,0.5750191957264841
932,0.6484288601001613,0.7332340674642326,0.6649667182762478,0.33951311899355124,0.5939952684396181,0.4523871751487086
933,0.4536660064988502,0.7026071036146804,0.6675626425058386,0.5094398221381721,0.4129820468761738,0.37572444481819756
934,0.6044662733095658,0.807492702502185,0.7219041078458347,0.3833031718343245,0.3518727134444193,0.42941593325962857
935,0.5885714511173766,0.8144315208342078,0.5434695264431393,0.3354128884988021,0.39351429854473824,0.429215838539428
936,0.4592741153494339,0.6823862668079741,0.5732734947416741,0.4538251323321576,0.42871510044012184,0.49625980410653026
937,0.5738774413105412,0.7534627611939316,0.6601953926397045,0.5379972340801848,0.4834262920385795,0.4990193750530428
938,0.5888849513331936,0.6782201764595996,0.415022987328565,0.499511104805515,0.4383090483196124,0.34343728267629864
939,0.5198269978158471,0.7372926188223158,0.6222783763516029,0.36546839890164257,0.564666213844246,0.24111063235924846
940,0.4872292952226232,0.7775114923145128,0.5909893700444642,0.45217426318651577,0.6250131455961928,0.4011296026614349
941,0.6934925290386299,0.7720395974772473,0.7521135928043329,0.5964685255873916,0.5400462293400103,0.5839564355440394
942,0.4048802040527544,0.615303992207771,0.577160407980897,0.42718936095532845,0.4112012168519545,0.35202359339585554
943,0.589911487360038,0.8041960676246619,0.48157074060183963,0.3490627767925226,0.4544571323136195,0.2876380348711775
944,0.5736622087388198,0.6435842613834099,0.4726027883980434,0.3286822065411518,0.43468293548110015,0.42999539600358483
945,0.7062290783737645,0.7932862167519812,0.6484815046550061,0.41334565171879445,0.31816538100185576,0.31682190454318104
946,0.6769871148311284,0.7134403669346154,0.6464586606193737,0.4255459739894864,0.521942322507275,0.36496430793858853
947,0.6282431505135904,0.7716165117905163,0.757956492043914,0.2693547623091508,0.4920773336532148,0.707531659541134
948,0.6536590882410842,0.6802340784589563,0.5343010087203357,0.35329438097726473,0.43803189551934335,0.39023681855939674
949,0.5163000738778051,0.5864795805219977,0.6452690650078284,0.4725982998008399,0.6641895959669124,0.3904644597550772
950,0.5693874499390057,0.6497997253476256,0.6272452365921474,0.5033189428469205,0.5122113758390601,0.515792574668562
951,0.5353255290453477,0.6044759372201538,0.5329178893842521,0.4160965589255127,0.5289121406715944,0.46929699827826116
952,0.6588864043115678,0.5297772447001863,0.6837973730162862,0.37483297820466055,0.5879211901820021,0.6020866723669254
953,0.5510288354481517,0.7269511553022321,0.5110495887909068,0.3089908878742321,0.4435117402172064,0.20304811049713775
954,0.4645346756512859,0.5587306133636563,0.6027627826978018,0.4254621452845562,0.3738174035882417,0.29710554474445955
955,0.6743196946940129,0.5650120157930922,0.6186913675109498,0.36395562247381275,0.5369976780803479,0.413408073039094
956,0.6433498034380742,0.811575501642983,0.49300015542929754,0.36058915850320056,0.43501365270351905,0.46567459452824156
957,0.4560694764663649,0.6843868469132494,0.5662107955089928,0.5078905934200818,0.22625994931563817,0.3484067058539016
958,0.6427768614983959,0.812804459344125,0.6151164668911914,0.3757658925400747,0.46486230122684763,0.48790531034864437
959,0.5635624044886027,0.8319133818471383,0.824425704110316,0.34074028350983854,0.27544336612044806,0.27584090047391246
960,0.5868865910112002,0.7617949151985626,0.4911982554629948,0.22758905182353673,0.5293761242171561,0.3073494058895426
961,0.48646669908545936,0.4859826702157251,0.5404134212493519,0.35523898768620127,0.518973402682186,0.3198353427197229
962,0.5359636873295756,0.6194787474717451,0.6528025596478403,0.30098790907973766,0.5200342512143552,0.3631335912887182
963,0.4260504096815388,0.6131482288474271,0.765641827687833,0.3997986039141646,0.23682025669316542,0.18896001549478803
964,0.508898703372973,0.6238531085091668,0.5848884281931233,0.3532871677529385,0.3882709945732552,0.5146319060843766
965,0.6142121541259923,0.5875741008194634,0.6689228065067925,0.31287017337606743,0.6107682647700985,0.6004547879830939
966,0.5328948925026011,0.6999938770824176,0.6726887054087792,0.39646112259349414,0.44715973082279203,0.4136091615733416
967,0.4454279452120395,0.6577631377265408,0.5359229562364329,0.3504534820775871,0.36425389206106185,0.3994939597341064
968,0.5570173829453238,0.7281364029289121,0.6434307252114213,0.4950471421863256,0.3685042535317234,0.3803872763692299
969,0.592772937676901,0.6307971293307598,0.6047437318333244,0.3653019302433371,0.4654094794839475,0.7336894284319959
970,0.4357844380610352,0.7696976736412827,0.5618885421710959,0.37958985863482164,0.3997188448636866,0.2677496567123676
971,0.48762306283496115,0.6428970213308903,0.4442015858403852,0.4258599741032547,0.5403326642830023,0.33205282591831864
972,0.6573827573381019,0.7711314784824708,0.7266508441281989,0.46864686421140894,0.5303326379453495,0.20588673034253446
973,0.4585702835174103,0.7437638758644015,0.704991928954983,0.6043559161487259,0.5499071233899053,0.32958863866028637
974,0.4819799016051955,0.7894188855495586,0.6525468532465806,0.35338219410926835,0.261571472103502,0.44704275267094146
975,0.4272701192597759,0.7407268397981874,0.6298580230675337,0.3559891891693689,0.2712909935137077,0.3547116636179697
976,0.6713350939698559,0.7485405836866319,0.627018188811064,0.3239612226434435,0.46578847367069176,0.6246675729873143
977,0.5305464248059217,0.6646488968494317,0.5750972897372183,0.39130035402885427,0.5300504847771527,0.43749899925042546
978,0.5709399350262873,0.8121636252947091,0.4586413156157439,0.4962844598331433,0.44994929945012774,0.4102576574584601
979,0.6005916528868303,0.6244679390781183,0.47376022089072806,0.38358257538071966,0.38751008391310876,0.37172637265380654
980,0.45243762990079484,0.7929928218826976,0.6695042673528339,0.5306714513118214,0.32380362989785033,0.24212836597930562
981,0.45098742304459116,0.7132570216633775,0.5299414139702605,0.34903008999057744,0.4567570555803874,0.42104695942469805
982,0.4103704382952558,0.60396738389719,0.6151062987744612,0.38329302552701794,0.4060030515678393,0.4040237550809822
983,0.49047459550407746,0.6715438241594425,0.5386546516345208,0.3959442241251219,0.5062439044403102,0.3318420104194685
984,0.6323731679964306,0.7461886874254942,0.5072652116311183,0.3169300027441738,0.4339185467200393,0.3379530214060653
985,0.382602403113292,0.6238017614109086,0.5793416037845581,0.5596344333847838,0.5734068995290256,0.497832058523248
986,0.5865075434240188,0.7139773828651375,0.6071555667540736,0.42064014448073006,0.5859139937209472,0.2905024872074337
987,0.5010166018223281,0.7999816422007947,0.5137387531561172,0.5108207050067417,0.479017675741242,0.56605402716567
988,0.5632913586064614,0.8967006822948523,0.5570657470297263,0.286502624984408,0.5689849139025412,0.2770885998149995
989,0.5953411346948629,0.8065962239515377,0.6622144186736274,0.40879106761279416,0.4874492300802229,0.5504956405184657
990,0.48318786543242204,0.66873152870727,0.6378018432055487,0.3747689807073179,0.4143903131184433,0.3291683919603778
991,0.46746371908071505,0.6340611740175756,0.5443326861269429,0.41125856840178787,0.6191311454969952,0.3229805309074463
992,0.4965814754772981,0.7346490156860416,0.551287527649808,0.3405757115508887,0.5056500465363186,0.39282391895096663
993,0.3411068773218965,0.6740983175533491,0.4821430004879427,0.3990663111517258,0.5418580753990018,0.5388274709921741
994,0.5673320379225866,0.6788515624802125,0.6170098579822895,0.35070917498093807,0.45969307082630445,0.4443220454969335
995,0.5052277227163893,0.7874135554784739,0.6122097990761106,0.3782373481143998,0.5932582182217101,0.35252863614305896
996,0.49058175810431287,0.8368144269318899,0.6310585815488015,0.2457230627412986,0.480638120509275,0.3402320334203985
997,0.5038238537106192,0.8257996732285976,0.7164691856491494,0.30184521896166117,0.4251091347535958,0.3823187884118019
998,0.5535123859475969,0.7077079378279153,0.6411569832045562,0.22614501820654914,0.4839421764084295,0.5703671799647569
999,0.6684850074087468,0.7962391854788156,0.6105574582659508,0.2964483490789508,0.4202020357310299,0.2898224267017482
1000,0.4085825517289001,0.548017428365415,0.5017087141813108,0.48255084270853726,0.49312290763067373,0.48479258502641454
1001,0.527819407230816,0.6768360577620673,0.5936859872024043,0.39221678544003213,0.525099951995286,0.40434322033600456
1002,0.5295364977906952,0.6585883968985966,0.7169776994365564,0.41440800472609735,0.43843551349437004,0.38272857590309267
1003,0.5716238672377366,0.7830031967302008,0.6286983732101156,0.31606192309881526,0.47462961326582803,0.327086346659519
1004,0.614538809829383,0.6553717489828077,0.6547131155675211,0.34018397114126014,0.47117991595022696,0.5495784050882362
1005,0.4971422109152902,0.62179401201706,0.5495455915373723,0.5449927501399271,0.3880900313275787,0.61861846477251
1006,0.4485141306606914,0.6602798350831478,0.5348168835742252,0.49613966576873153,0.556016693105751,0.32001480760331263
1007,0.5023662696155036,0.6012846362892048,0.5923946800088333,0.3570704449199914,0.4896694179848382,0.6041645939391047
1008,0.5910095092455396,0.627386949263206,0.5348627821823558,0.4699435381427889,0.41474591168930197,0.4062386627014083
1009,0.3504193266531292,0.5553648416890874,0.5667680143506719,0.5260206983310864,0.469091154318497,0.5375318769182709
1010,0.6975612682803086,0.7194078656019212,0.6680863964857306,0.3614149774932659,0.4318240294790175,0.44676830267498246
1011,0.5437330739234605,0.7444111205499998,0.7279574255240565,0.3025610800620803,0.4365689526708253,0.5173083338682938
1012,0.5966814550365329,0.7382019355479424,0.6832891049800527,0.5046859069198301,0.45185506210228193,0.36603636048124444
1013,0.5211432447047637,0.6028119595615579,0.5055170016262823,0.3929144995026988,0.6190500246997688,0.37944626266180786
1014,0.5907175787199813,0.7013018620336487,0.5355324600891621,0.2482429696348335,0.41016784350882196,0.5684621409414101
1015,0.5964479726847458,0.7473641303958656,0.594815949276557,0.23241678731121918,0.355228872800619,0.33401168970889633
1016,0.5265457843286653,0.6110162301297218,0.7431474012395396,0.4299800565701831,0.3783254712470078,0.5427485967252772
1017,0.4312386609636707,0.7045199493442021,0.6288296561942164,0.4672099527224357,0.517134897400913,0.4181755384528179
1018,0.5122077092927655,0.5369141764484785,0.6194624447992041,0.40471570822938774,0.5061420819001192,0.44281732740884094
1019,0.515962893746347,0.6268449906420355,0.662193456908575,0.26835206385481536,0.32740699343076296,0.488459501978481
1020,0.6066575322488553,0.7192909131967856,0.7491392375924757,0.26182753054136626,0.48195948099321145,0.6687331714388356
1021,0.4992867617977856,0.7417237386836993,0.5863348414198195,0.5297100230917929,0.6596628292917618,0.2736633721425405
1022,0.5264228404591499,0.7228544618667518,0.6194437883444219,0.34713152799603997,0.5369371237575644,0.47724552658175784
1023,0.4976617641289304,0.5778274558530716,0.6183803599553229,0.37674531676362766,0.5147779781042376,0.4360766024544855
1024,0.4961039073932736,0.6335082860614119,0.5544261230086684,0.35209736424456883,0.46164374571010913,0.4354347682486055
1025,0.580650540301609,0.7021536475045063,0.5305495862687996,0.33064005906149885,0.5579882055901035,0.5794786622503327
1026,0.4868312988882339,0.8272458628111232,0.5796765627878728,0.4048113431272113,0.46948301346758053,0.36592196944739175
1027,0.5631836323263164,0.670088243528456,0.4231162726859608,0.4386377328318068,0.5099147778992859,0.3835353991220204
1028,0.4157143871109668,0.6612038426735728,0.5576004636578957,0.3062253072154126,0.47400324027325913,0.39317052153350035
1029,0.6703243495960693,0.8050416756219093,0.5423147248503161,0.3066109915409984,0.5838058951431163,0.5278635866923509
1030,0.5313609646331636,0.7437692762112813,0.7700367659993759,0.541425908034048,0.5455606208564029,0.4222477502144788
1031,0.6076176182312597,0.6824363013866226,0.5883509809333668,0.27252509435712685,0.5202506635724843,0.48168030500294096
1032,0.42772558726541027,0.7715708186224107,0.3527725915720875,0.4782909233552554,0.4277148133195493,0.35110197996466896
1033,0.5969972819551475,0.5263709752092827,0.40144174137184524,0.5284666967381739,0.5793727689869039,0.6147245865690463
1034,0.5380596395895407,0.6320487179419308,0.7153737165635219,0.2859275501227488,0.35328599114553727,0.634807220476451
1035,0.6235776961966364,0.7738878108993049,0.606339120721765,0.5057878971170214,0.5864397623181781,0.4513624408028171
1036,0.22307828973644941,0.7796681020708652,0.7112997185472922,0.30263911958893674,0.3393816362600465,0.292516088097756
1037,0.2633173586406152,0.5354360772685544,0.5982922455089683,0.37096688547459206,0.37077147489359286,0.5053438871132581
1038,0.47148106971638065,0.6595476081690334,0.6314982486448149,0.4143877056362406,0.4944662925245558,0.24565585008403307
1039,0.4429093847559951,0.7680705177137535,0.47641597100548,0.2559075372708674,0.4192665761445811,0.2903274363568897
1040,0.5146974508120238,0.5410093007347483,0.5131898082062317,0.4847242821003617,0.5423277043381499,0.4997034398800174
1041,0.6391829642142524,0.6463963808323637,0.6583209393949545,0.439293909657211,0.41109754617059807,0.45176799217305347
1042,0.5557293681874864,0.688622020317394,0.5541050549059009,0.3925467354188021,0.362486725647048,0.3799204928407473
1043,0.5277774876465043,0.6973847452776938,0.5661694754952233,0.3480612768945838,0.5113236533812558,0.5048230751183314
1044,0.5700767907879207,0.7014385134599875,0.6010072474048797,0.4058937653189236,0.5018361940341385,0.40999380156650456
1045,0.2939458052525574,0.4309731558703849,0.6989505407073684,0.5149925520572638,0.4071736202423131,0.5943457220035452
1046,0.5151184450547908,0.6983696785415565,0.5824405290122887,0.34976806827139,0.42366721778108174,0.30047174782594543
1047,0.5660030884933595,0.681347353685534,0.7316622351353406,0.3528346180022635,0.4061275975554715,0.4147539140071522
1048,0.41509027353937417,0.7627470157761357,0.6631703345759181,0.29639475161003054,0.5742235508973754,0.3395614599365426
1049,0.48507046810020105,0.8331703370082206,0.5125376736962654,0.2987288209039319,0.48786272400231995,0.2151449323375606
1050,0.4773131919505948,0.569911356938854,0.46777033894358716,0.42784873596171624,0.3631723369293295,0.4157752286752897
1051,0.48957999186818274,0.8054277274766783,0.49921643440633157,0.34804549863637096,0.5254228854528548,0.49650002104612034
1052,0.5151777286211797,0.7323197873690743,0.5424528071315865,0.3621305116451035,0.3663891369370814,0.3703768287432509
1053,0.4626875733767368,0.7600829041498288,0.6032648207399809,0.2941528441873527,0.379567717090577,0.26605627114208386
1054,0.6204295099604878,0.69795060407899,0.6324150043650205,0.31529629932405084,0.6630482797276128,0.5732630641180974
1055,0.5192177024285627,0.6461523767475541,0.729161651512826,0.42100642051596804,0.4351856063331246,0.3319574021344975
1056,0.5729116476617491,0.6302927062002496,0.770482575311114,0.3945318796467116,0.5158938570495346,0.5312177202626228
1057,0.5277209616863875,0.7673274042545424,0.4874747847262769,0.38303629273771544,0.5347348312322775,0.5268697969012638
1058,0.469270063343718,0.7792628521769416,0.4721934918543871,0.4026853996832241,0.3905634407167119,0.45971087439979785
1059,0.525418594790106,0.7627441883106698,0.6294847907302062,0.3924276298945094,0.5099171355435452,0.3810683553924086
1060,0.5822164305106557,0.886537969704252,0.7242315477136696,0.37133354978789845,0.4991682767742796,0.4984297749284891
1061,0.46794815913005544,0.6803935780046656,0.541725806299193,0.4005493547057214,0.45317155248946583,0.3790929370357641
1062,0.5130930711333711,0.7006186998457206,0.5851263164488265,0.558468792275011,0.3939821425974441,0.4113885761753137
1063,0.28577000871234953,0.6606271064611418,0.6659515559057347,0.41547781131291756,0.401799474228053,0.42362378559059016
1064,0.5727964253995727,0.6664930504817088,0.6317567182991006,0.29698327342274466,0.49476902683384544,0.4016758223118591
1065,0.5519170952261772,0.821116326758131,0.6565269663433235,0.5267066714964275,0.37603053587918533,0.3987938637429942
1066,0.5952572531590279,0.5848217570659702,0.47665479519450005,0.38946056320106137,0.3953405402694871,0.3222377004554225
1067,0.6024908046923438,0.6679147891576698,0.7185194018760869,0.27759857148084277,0.4699034493930895,0.3369484262629033
1068,0.6532546461092062,0.6849643541915973,0.622102622467186,0.2240813161558987,0.39343482672173097,0.49558583828124203
1069,0.7089095429083696,0.6669588045832722,0.7051376364140948,0.26374635152089676,0.5615332292378216,0.3463831186025714
1070,0.5197875472508379,0.7989109703356334,0.535340281193713,0.46188408496048833,0.32802536363606694,0.4402639038007249
1071,0.5578680996704078,0.7638944115922792,0.43669423318063105,0.3198640745839735,0.502750726909693,0.21042418523477802
1072,0.4540430453235681,0.5839837471624707,0.6073487440313953,0.4407214740360702,0.38161423423515844,0.5011807999517591
1073,0.5876918414393918,0.7191361305255008,0.7057171606747388,0.3045272154064767,0.4092537275889817,0.5682477150102441
1074,0.47357456829920636,0.5817838822826534,0.7375539115394238,0.4025850316056633,0.534674907134205,0.4036237302507189
1075,0.5008258299723872,0.7916175641514647,0.594800062358686,0.34165873877545905,0.2785321155293914,0.4370923186500971
1076,0.6621216163850058,0.583643885815797,0.5886969156207862,0.2867947789580301,0.48237438020514073,0.5126508174939218
1077,0.5464926065346154,0.6533030345599137,0.5778153612136199,0.36648967770067253,0.3624271830281748,0.41739323921211857
1078,0.5124080512298409,0.6424566606200088,0.5102811924427583,0.4167440203804999,0.5150565904844565,0.5283861672993931
1079,0.7010428230767853,0.8300172697496092,0.5478336514526607,0.39451020414621407,0.34302371702035445,0.34356573323554235
1080,0.6399930125092999,0.5810475573214208,0.6116101779017986,0.32250055632550223,0.552383590177321,0.4800797997974525
1081,0.6473743976476787,0.6369259506183542,0.6763973224581854,0.4077855436278498,0.44404804979510004,0.5179102718478001
1082,0.32506010908731914,0.751727397183495,0.568268351642466,0.4309939159982292,0.38554168818094225,0.31515794525857327
1083,0.45434597319654557,0.8406747749703818,0.593341018669415,0.3621396531210128,0.4319778146604957,0.4287465951354219
1084,0.6683004979030566,0.7766473355207179,0.6947483430987557,0.3755877743190589,0.4150043246981643,0.3748587751618235
1085,0.4493381444393377,0.6793470310591186,0.8173933980286795,0.6681580003898323,0.5905217034314505,0.15581719101388963
1086,0.5550237633341134,0.7283490289762159,0.5602121920917033,0.4168366293256691,0.4342639356298427,0.44801036942117456
1087,0.599741108163995,0.6203463064380166,0.7852660527894078,0.44827496024418767,0.29202372085467043,0.3270424568806363
1088,0.6150379297162617,0.6886627338053148,0.6793898033574881,0.2409393381434544,0.5436100399434174,0.5149107556086255
1089,0.6658129624931838,0.772346896404061,0.5138555535076681,0.49014491690363005,0.3747534578716483,0.5317365768194795
1090,0.4087017594337759,0.712221721401847,0.6898996890415473,0.46055482371726997,0.48517288167219225,0.4000292025809586
1091,0.5343525211419361,0.8088001601490914,0.5538031010167714,0.26625241936819966,0.5530484163109566,0.39718603046083406
1092,0.39139266719661475,0.6391045917726981,0.6984346863878936,0.30462118312011527,0.3298719814502853,0.2514377161342011
1093,0.5286692876768195,0.6003744576775115,0.6917869074826967,0.3830431688239242,0.40124348371915636,0.5580093313734543
1094,0.501074101498237,0.7766054442701205,0.5494462945491992,0.3682479842569407,0.2830960498403091,0.2699104161440557
1095,0.5359044265950355,0.5493365971598771,0.5467369451219929,0.5136547830998427,0.48382824714804795,0.33892754470329045
1096,0.3841765073747671,0.5473921734942746,0.6543472832481014,0.4633633449770119,0.41564785118498343,0.4124271786428841
1097,0.5214682542131998,0.7949357923961884,0.6573472401485284,0.3319773155692602,0.5178440908274338,0.4010448058319585
1098,0.5546342405708184,0.5803308141815309,0.6138517925910053,0.5110881226185876,0.4345604572859161,0.31637302073255
1099,0.5169456891285353,0.6357873097777267,0.531691473595588,0.54601569809858,0.4646456107714435,0.3308235264342495
1100,0.6294145069121272,0.6387459320643767,0.6614595476022602,0.3085532945793524,0.5923399916694022,0.41322271114886544
1101,0.5453484632109068,0.7749421020479849,0.6437703453784815,0.4059095240215637,0.3888121250865314,0.3516882584192351
1102,0.6407644177333309,0.7832367217403935,0.8862660110125946,0.45271146859785116,0.48472088218802606,0.24774631520291843
1103,0.5656881622546912,0.7945479036719391,0.5413584651943008,0.25266249606777447,0.3406878144758997,0.28045006041476084
1104,0.41748388676562553,0.5594924229505,0.5015470335073479,0.350269928719091,0.26137728820687417,0.4329345949902489
1105,0.5645738782174978,0.741158041081231,0.5586231580300214,0.2814928284540404,0.40227117059254636,0.4085491022499301
1106,0.3626294001009699,0.5443996487904896,0.5318595082055357,0.3942081713428783,0.4796347988325821,0.2644833746511192
1107,0.2920669261621601,0.7324344909968384,0.6681823997055093,0.30521002069503866,0.4790386371945887,0.4790083840467141
1108,0.6042896752056611,0.6977885581746976,0.5417434134719044,0.44608365188975047,0.5430237022590104,0.5584275067913291
1109,0.4140050074779629,0.6237521794536904,0.47886615306790126,0.48852043737141293,0.5611322051913665,0.3795977575984731
1110,0.636673472032249,0.7273851131624891,0.5877546164753399,0.3566022567563477,0.5830789034600289,0.3720343605949532
1111,0.41202715997712347,0.5772603926109734,0.4991549817008036,0.4558460101320965,0.5668384701086063,0.5260788038333867
1112,0.4409966304765301,0.6548124081687563,0.4873552894887531,0.4288304432663689,0.4969010595757052,0.5490388876939268
1113,0.6162143021856756,0.7114315922186734,0.6453375511373237,0.45850329108084265,0.531120931932862,0.40668000732341764
1114,0.6109748621325832,0.6334924708979971,0.5049728666111118,0.4934847682506218,0.5415976748440398,0.42076093890544725
1115,0.6683794305444992,0.5741826493511951,0.7150266861460229,0.48991933037793206,0.49812177450756095,0.3638729955365612
1116,0.4345982109223308,0.6506237890193963,0.5804753782209467,0.467292922287504,0.5184291887248735,0.46586493649337246
1117,0.34382358590313217,0.6492483962538755,0.5310293205059355,0.475529504480267,0.4864899617620397,0.31127585025240745
1118,0.7521532425735838,0.6321963085503923,0.5898116523406759,0.3254839607448796,0.4156537419852623,0.47727011491366567
1119,0.535495305167455,0.7316871713318142,0.6177977227008373,0.25768482680041965,0.43978931654945325,0.39501437287927177
1120,0.5071555895651189,0.7996313292791106,0.5389356303660634,0.28791770694744234,0.4694516771498394,0.35287454304069504
1121,0.49054521707164916,0.8439801376971466,0.6627986912285863,0.42494239308022763,0.468320865705615,0.36684852257551614
1122,0.5444654670066721,0.6707798049818221,0.6296245926619758,0.3201723531970193,0.492700314727856,0.34751802465014997
1123,0.4683188581425123,0.6747703094645008,0.594200512275549,0.4625720831874073,0.4568475986794367,0.5023132350198547
1124,0.5947501148533874,0.8306783697480922,0.760349743353629,0.24504120092138887,0.377983007597615,0.263924061391777
1125,0.7125757473387079,0.7334897982674484,0.6658006831824013,0.32456818889868777,0.3929141720717451,0.4093594910165062
1126,0.5735101359351952,0.6983577046336278,0.570105332517245,0.3384874795192787,0.6047043352838117,0.46806118743278347
1127,0.5573900206027588,0.6868282385839614,0.5809200639837704,0.4329683785771173,0.4160894744357195,0.4787709673998558
1128,0.516575693550919,0.8041889818795984,0.5675856704461475,0.3377131085541546,0.4382759143723092,0.32612038385638853
1129,0.6158355497366722,0.7064244651584894,0.5489548062655157,0.3862039752667097,0.5696251821631984,0.4183635921498336
1130,0.711072412318258,0.5109959211546591,0.6822385033246197,0.4756271408904603,0.5047291146852219,0.4620584257044688
1131,0.6051168966403887,0.7101722778960702,0.525739150702285,0.5334677544875971,0.465908646943924,0.37391232053436124
1132,0.6521959676431219,0.7745663859469326,0.668886825612283,0.39662183341694285,0.44812279527902704,0.16391491614906836
1133,0.5534505012790651,0.6772798976959887,0.6221000749414217,0.27796759535415494,0.5579061171605032,0.5322432327219125
1134,0.4256870199171605,0.8326631095881916,0.6663281036973159,0.40638616481483525,0.5001426985147742,0.45064714026826513
1135,0.4497754584142734,0.6597798719474718,0.6615325022895837,0.36327005498471066,0.44274866360153553,0.47514916313235467
1136,0.596597011534727,0.684239937433645,0.7779928831063871,0.282110361576893,0.4340731305062451,0.2967705255703487
1137,0.5481919749409814,0.7432182863717669,0.6188692731918396,0.30576468092282666,0.4459489683362336,0.3947561789482496
1138,0.40809261128609026,0.5567835486437637,0.5785579924554494,0.4161464466275012,0.46525492981015404,0.38352487465405455
1139,0.44915615610117676,0.6141977641931167,0.700072081510129,0.5556152308673205,0.40650086771325894,0.4113124131731852
1140,0.3054551895943681,0.708427323657465,0.4663327152500329,0.37014157605704323,0.3927792467094364,0.3324246307093364
1141,0.5899016863298111,0.817327297480388,0.6196084425790476,0.2726268089612222,0.5228452768091812,0.2747763096346804
1142,0.4985298292234186,0.8963401312470528,0.6774040507219958,0.46140741527730905,0.49735846917343857,0.3972489402765427
1143,0.5563206250035085,0.5195677312237863,0.7014128948722316,0.5111551384739996,0.35196486872432853,0.5454181336804866
1144,0.4358611205384732,0.8179483637512204,0.6433351805035515,0.3902343096842189,0.3122120089161652,0.4177041712403653
1145,0.5164854362355543,0.777800586697103,0.46252369010904165,0.43114031663903085,0.46977993066324053,0.33170725704336873
1146,0.6280572201982273,0.6589405829460593,0.6308062316586759,0.22902781871136155,0.5537071951793815,0.5079883347809535
1147,0.47682119402055767,0.7563628462519554,0.7188706978955269,0.3780996132515382,0.45553069895667075,0.31603482153903945
1148,0.597779477540106,0.6821729590756445,0.5856269064102883,0.16551556708810103,0.5528011644106884,0.4721630463301591
1149,0.6413412854014818,0.5900304535238065,0.6475946056594708,0.3506285635572433,0.5797239083144786,0.5326934805542523
1150,0.6184592991930594,0.5296173263592139,0.6064343730820069,0.5431248429533109,0.5502204913401386,0.521640419576726
1151,0.4597004858900692,0.7745830487718631,0.504730723911613,0.40606059093255875,0.5290348003354357,0.22758655105816286
1152,0.4263236958623109,0.7412743930323775,0.5806294101507066,0.38444464930747385,0.4293985584821907,0.4795998350543009
1153,0.5922009464418672,0.6906010112411415,0.6231240503274172,0.414108404651182,0.46098128799864635,0.37432685397957194
1154,0.5324304559498458,0.806758788883637,0.46106016421246165,0.43385036915183195,0.32921919056167287,0.22204012443582916
1155,0.49871038470609846,0.6630336622462031,0.4838224091295136,0.4078452705604711,0.4052218439759684,0.3246817764511005
1156,0.4786070652882162,0.6669000105618783,0.5653769900025987,0.3727181408987274,0.3997496224917478,0.27894243863494916
1157,0.48095269470207125,0.7252377860195501,0.5372438169576049,0.3565213583534327,0.5070944213396422,0.6377958719906066
1158,0.4065097635320895,0.7407735491971658,0.6730256376369818,0.5015306019296452,0.25489459148700805,0.18982771868850165
1159,0.500119978573248,0.6335887122634116,0.6135609070822539,0.5250771066323164,0.482319218750829,0.5415215026325421
1160,0.37305100502706856,0.7569152639031747,0.618551492215697,0.4140138894637061,0.5459972061814479,0.429792563737126
1161,0.3267347888189245,0.6492647298814029,0.8433937115466678,0.38574312207960176,0.47427027953128836,0.3073576159287703
1162,0.36943459994601135,0.6056458697271403,0.5744467985325472,0.36652970236557475,0.5113261275880968,0.3098446558958019
1163,0.6876026805715008,0.7822612657714407,0.6249077236624718,0.24067177269285248,0.38183407149637255,0.3783651302846869
1164,0.6730803875882323,0.7769448502607573,0.5491444456486185,0.3739011884893894,0.3835330454692847,0.2889158257984565
1165,0.534314554839287,0.631863172392923,0.6357395051919623,0.37903954306808163,0.4821372676731296,0.3308536634591842
1166,0.5621598244179478,0.6423232987371409,0.7584617384825129,0.3670883726172508,0.48374709428754087,0.39630816117423556
1167,0.5535786873578619,0.6850349357061034,0.6829659185846991,0.48886939348636305,0.47378021312857554,0.40063666326032427
1168,0.5776228104850623,0.8072534262103577,0.6433794258413426,0.3213998128894919,0.3353357866576805,0.29239666401751957
1169,0.490184726067269,0.8163208114089016,0.5095663235256815,0.30571602862658626,0.3623724221966417,0.2148201731701818
1170,0.4107023703166024,0.5981640694580231,0.6299219236489878,0.32211385635783385,0.47079845989164665,0.4634177532312627
1171,0.5977325033228889,0.6411412151074865,0.6811141024859616,0.5672460757731045,0.49597695351219084,0.47487740276340695
1172,0.617365692076815,0.6733200373392599,0.639653471673596,0.3825899289859821,0.45926015762225997,0.2558150213916439
1173,0.5111256610205313,0.5855894464385092,0.7246644714773643,0.36420680893192303,0.4563506934561987,0.4193194505972835
1174,0.603062034122963,0.5962231828404233,0.4588542221600405,0.3751397664469816,0.3991745326128695,0.3586994199995741
1175,0.463131121639466,0.5878612004203644,0.6298625548029286,0.40208789873171447,0.5267430312435883,0.4632881667101352
1176,0.5396639419107644,0.7030856420128657,0.613470321050205,0.37794047198646014,0.43732958100648417,0.37179474887156017
1177,0.43848264615652865,0.6311618526556017,0.5864977787758527,0.45700439815455995,0.4824128193339654,0.43416897564011686
1178,0.44729516246017664,0.6214800199809946,0.5568696177622283,0.42607729280063267,0.541743788299271,0.4735025405506956
1179,0.5224516774914998,0.687128072177054,0.6464249181950883,0.2938320850635829,0.5280902344812743,0.4535231464257863
1180,0.5065780133143304,0.6871658755689255,0.6855826297221755,0.2977502255830495,0.4926341899966952,0.42679841886169334
1181,0.482224202236553,0.5417279671815409,0.6429393362741045,0.24643063340398164,0.40052966166560144,0.37973012887951413
1182,0.42242228942998833,0.6186783755736985,0.5563980509714277,0.4133290874997726,0.45476979945966334,0.3942249275551139
1183,0.5427576936904692,0.7666217902019359,0.5968661487083292,0.2900704286694187,0.48830947891632254,0.3758296839196439
1184,0.5189338310356699,0.6822542734285592,0.6269847664328431,0.37312123535592945,0.5467127463262075,0.35942157477022685
1185,0.5401972193849194,0.7467068348349525,0.7366904520215694,0.4093393299014587,0.5360480779155892,0.29894808634658504
1186,0.41569689322788433,0.6691470127604434,0.567377623444694,0.3909740239605753,0.5092314832244823,0.46848010068717516
1187,0.5018995587763309,0.712331561203088,0.5162745266085562,0.3796776017231978,0.6208378797565082,0.4928550443710612
1188,0.6198497161232364,0.7380715367598957,0.5205903782931379,0.5810637141133062,0.5107417244623589,0.3382102161985647
1189,0.6068824953983194,0.7350706659714967,0.6079971043388761,0.4281001597874467,0.24539436493234865,0.46368224552387577
1190,0.6692226964436164,0.851790773585949,0.6064870110841384,0.32308258390375044,0.5174166535025054,0.26192117680563226
1191,0.4694469255916501,0.7223544720359377,0.6768161923543637,0.5041682015635752,0.23540609599436216,0.5218991494147613
1192,0.48572753453760936,0.729550101905093,0.5035419112326297,0.32558337398912274,0.5068559811837171,0.45246999993250653
1193,0.5094030761635339,0.8141789847235146,0.6132150039178301,0.3184044870070609,0.36610689729408546,0.3205768040165313
1194,0.5526310533237118,0.6241388824142651,0.6248897693055767,0.39627383332733185,0.4667277284485864,0.5759822826203108
1195,0.5765782942131159,0.6998732705804019,0.5388346021570369,0.2513669965519569,0.4863885985085471,0.39006648075475364
1196,0.6187403702077796,0.6472697388345519,0.5546810688382475,0.2856980703801558,0.40600504950064914,0.33460249834115274
1197,0.45045021914105465,0.6711221851020754,0.4207914529174148,0.2747120791851731,0.3954670532016966,0.3399779250290645
1198,0.42818919290998564,0.702167687573581,0.5929784876914275,0.4870689422215109,0.4605519777931075,0.4455919759383002
1199,0.4503559707692982,0.8595438821830197,0.6811421906512273,0.43987569769001245,0.364132851792619,0.3443506181105115
1200,0.4624041104541753,0.6545016087994491,0.508077965751642,0.2505005435526902,0.23943364115557952,0.33703510400506786
1201,0.433726690571161,0.713749365794205,0.7392205128698184,0.42540914689660625,0.3580051263804807,0.3696592106930402
1202,0.7214990811756901,0.728670418609695,0.6118358754289347,0.2472802269414706,0.5376281681035938,0.519209439172468
1203,0.530725256575683,0.6549799689548181,0.5841676847355203,0.4167336645582269,0.5428525713967316,0.5072396710493297
1204,0.6604369336405146,0.5856423748660621,0.6727908416040245,0.44382958436169634,0.564819184979376,0.3638357541061046
1205,0.564144104666402,0.6239572170691875,0.6819994922779699,0.328122081970737,0.3152949284289209,0.5331792158779658
1206,0.5022345177863676,0.8628575140047937,0.6335525863572767,0.3767939749807404,0.4606740314096408,0.23575184257911436
1207,0.49220166260889336,0.7821149000432507,0.6486044729463382,0.3731151012728137,0.33070941260324155,0.2630184818883111
1208,0.590831487064909,0.814172798376056,0.577380920216283,0.25270302968810276,0.39631285437905456,0.3600626253100962
1209,0.5904086586812818,0.7193638490771432,0.6195454623881117,0.3246852677684799,0.5777223536707021,0.4565235123681824
1210,0.6911311197403623,0.6993942424619464,0.6063198137994237,0.3038172718349371,0.49740784142334826,0.5067342694008523
1211,0.47335954668664604,0.6370425402458492,0.4604291585403917,0.4413187403798878,0.3328006678817581,0.4152784610850376
1212,0.4005817286827905,0.6230695396820545,0.5842537419098683,0.3007014649054413,0.372969719199736,0.4950039882495997
1213,0.6773801365702571,0.6934481500501235,0.4919058597980731,0.30026529507336847,0.5072278363374906,0.6273278569930482
1214,0.4756309116882326,0.6350484155538718,0.4927251849069916,0.5857067361737713,0.4466309353016845,0.44919725889544093
1215,0.4405966428587741,0.67282365470124,0.5603205059178527,0.30660182192392604,0.40759636504820507,0.42485636507202984
1216,0.7507525574844012,0.4929209135005056,0.8490887159730287,0.4335372672664355,0.16813653012792962,0.2004012316147688
1217,0.5400500888214733,0.6470676937620432,0.6743309983718718,0.4267596133785474,0.39988821871439106,0.2858121834820569
1218,0.2939164652596214,0.4972210878720588,0.6168133527088159,0.6714087436446671,0.5930428399022393,0.4441363790623764
1219,0.5233663744145486,0.7082308443065584,0.6119168384249715,0.3387342293713546,0.6117247635011637,0.5018149739887694
1220,0.48047861298176153,0.8051525756852367,0.660937503307837,0.4940219642823423,0.1890403217260072,0.20747847096632197
1221,0.4986228691602409,0.599225663153445,0.48286718495506503,0.3495601611367963,0.5813605942112668,0.2557921723493333
1222,0.4534764477042007,0.6493791568651315,0.5219272808597364,0.5101853152756949,0.4318527832869789,0.3668961279305177
1223,0.5570809564639919,0.7069491042846783,0.6259998950411904,0.33704206463363806,0.48557798878308966,0.4618863217049063
1224,0.5960481449943155,0.6997745225690497,0.6915548211198626,0.3119439732481126,0.485112055644172,0.45013847091318593
1225,0.3920610776799307,0.6531955101659196,0.6827360041479092,0.2577762042294374,0.41747422676445983,0.5919902549386584
1226,0.6787233987466739,0.6484315743238623,0.6522329523724036,0.45864676999663395,0.3824523173969964,0.4745157871752555
1227,0.4190414470022518,0.489891164678224,0.52223905036815,0.46557086744249154,0.5590299992576594,0.5409110815246393
1228,0.41252120777580625,0.6127664097197189,0.5839080855959846,0.4682375741292679,0.4413782560882785,0.5735486125192815
1229,0.5293702821366347,0.7291320309125305,0.6245256157038802,0.26691513766431063,0.40301857901509336,0.702975420509253
1230,0.5450127775618245,0.8102547715592797,0.695300466231747,0.3518148856942891,0.5332517201685226,0.3358269951071829
1231,0.3971283284070532,0.8389087065705421,0.7013786654638675,0.5599036371090558,0.4188183124904357,0.6511791975963757
1232,0.43590564571032486,0.7230140386714331,0.5844582219239964,0.4973710581844547,0.5265998625521673,0.38462146251556906
1233,0.4811383642586412,0.7185835970013699,0.553041376995922,0.41541328061307353,0.42807495475045465,0.39371633075232637
1234,0.5332231152617135,0.7440018885175183,0.6787019914417388,0.3204103946580681,0.3861349555106782,0.5646253312612075
1235,0.5657584535510211,0.6126006020118482,0.5457779424586355,0.5309776622126765,0.4337559355094718,0.361022523989967
1236,0.6294551664287634,0.6577040712465274,0.558604479651499,0.3217338869281367,0.36714060278489963,0.323022164593049
1237,0.39556504783775165,0.6156565582540535,0.5352198633682541,0.5091019058580394,0.6031011985650604,0.4876106871415168
1238,0.5551562641554121,0.8911958151942838,0.7693182473455076,0.4989117061923337,0.6254358085676126,0.39221992824689517
1239,0.38520695719837994,0.6641694670250999,0.6145802110638794,0.33430001686903454,0.457976160315009,0.4493224454071614
1240,0.5241152918080441,0.7765087690229066,0.5981634205063868,0.4078744182946424,0.5192058443900197,0.3468131983649234
1241,0.676690934906877,0.5970673832782298,0.615537165138009,0.30612088926093134,0.6854623383786261,0.33812616202640294
1242,0.6394758022935264,0.7777862433234182,0.6309360591619525,0.4018540310575084,0.6556284606214718,0.5247787437460184
1243,0.5978756319453726,0.788222481236851,0.44815199965954966,0.35816601429495865,0.4779412663922917,0.3469735305128339
1244,0.6863817463849005,0.7358130164371699,0.6625951620419568,0.2530599477728537,0.45997062014005435,0.48461552194260865
1245,0.41263480567548844,0.759389522053134,0.6055175324512487,0.3567713425350035,0.3856819924107536,0.2107943073184016
1246,0.5414909033015791,0.8067772906696181,0.5375601138504572,0.29895586598079193,0.5039977806726327,0.36930679737945404
1247,0.4515400907126967,0.5854797707334871,0.6069045011585766,0.43099187631899993,0.4076848099346069,0.39903083970180764
1248,0.5213965925146093,0.5481263475434298,0.5109241005516817,0.38057002791858213,0.4185830252058141,0.34129908391072605
1249,0.6300483448601484,0.6707478670951021,0.6777589258222724,0.45694640814437265,0.3951605837256287,0.3578138789819392
1250,0.5274834448807563,0.7032519083653894,0.5760088469504797,0.3462624128392378,0.4557515398605712,0.27827331250557574
1251,0.5423675233048587,0.7172242632107287,0.6083730676342871,0.31657696328803137,0.3665577775330333,0.15688547480513831
1252,0.42368822759985686,0.7789139577312799,0.5192508745919477,0.5101813428109218,0.3963459160432485,0.5071557052768956
1253,0.5484452148450929,0.6234524991888423,0.8189399043107399,0.2523252921689981,0.4758404021789084,0.4627787508673434
1254,0.532911190321983,0.7780067724333725,0.6204649780000018,0.3700192987095881,0.4167775466387942,0.3848726299617974
1255,0.3991199372743581,0.6724903392432519,0.530849152395249,0.4533517877877975,0.4227621966995888,0.23791136663196782
1256,0.5632004564624167,0.6876702438697678,0.6770623040497499,0.47841466349135936,0.631557010346774,0.34100851866476456
1257,0.6286058176050906,0.7835304226881871,0.7125905157912948,0.3560915921281655,0.5927553217053191,0.5187811384761725
1258,0.5057028481242565,0.6201799113044715,0.6787593000145911,0.46572103588914293,0.6146945120709412,0.3812772682773252
1259,0.46531666578026626,0.7790323508449668,0.5347210586816723,0.39299334140859143,0.545087951435349,0.3783610110866507
1260,0.6110489990889556,0.8644444242283955,0.711699957647488,0.42681903208944816,0.23433505448307135,0.15548570644491058
1261,0.49228745742351976,0.5836424992156428,0.5445897516330024,0.4258491434297158,0.5384746937415362,0.4023055382392844
1262,0.43572805553669897,0.5365370306387407,0.6182732187291305,0.27814676092144075,0.3110506941558111,0.2830164103989119
1263,0.7165935699752332,0.730940822660467,0.609360123254332,0.37455891132876273,0.48463019675829205,0.29689730410994053
1264,0.5959790106545154,0.8809916981575519,0.711767649267513,0.43582553768670385,0.4132683179685718,0.35503841105069284
1265,0.44952559829911626,0.7700811486308098,0.5935552549462241,0.5445736786572494,0.3924882453383359,0.295436817128122
1266,0.6055110570793083,0.7669879687942981,0.6086448130376733,0.3848209046050479,0.403822644285029,0.29166668942561486
1267,0.49024282142487363,0.6750307121918996,0.73659305479866,0.3740315219785677,0.25240756930447733,0.2135317863330606
1268,0.5796947494934206,0.6548242257633824,0.6992120614696582,0.3168285092510764,0.47662512867220996,0.5508523841604487
1269,0.6261312912640318,0.7493563876326055,0.4407557657630684,0.47628873138918537,0.6296021864165349,0.4400359816743459
1270,0.5043445765602552,0.609612486394895,0.5796425509935617,0.46375396255371,0.5458573821438051,0.3358402581515694
1271,0.45739883345711085,0.7024457706416889,0.5356082584871077,0.36286128960670905,0.5584544513437408,0.21383848637231567
1272,0.673106249131658,0.7137231748638159,0.6523249808709121,0.30270953615522544,0.5827816217417411,0.3945500726266372
1273,0.5308028296407667,0.817029935979315,0.6874594721968282,0.3255859648631396,0.5126024249264501,0.44193183622768206
1274,0.4982973262735809,0.7330599433039685,0.6087169748086224,0.5184894532173694,0.38087425701653077,0.2947952068919878
1275,0.4810776026564114,0.6088649628774011,0.60151821500662,0.358259281950024,0.5280385366535486,0.457458719701085
1276,0.4461879322206491,0.41628800554658435,0.7326960216027673,0.581841198624951,0.6448605785013125,0.5062924174877702
1277,0.5588076451889218,0.6645669011025733,0.5525207759941085,0.35781000512027317,0.49996574324877807,0.3007168670549379
1278,0.3572423975023369,0.622232627372419,0.5733771963725516,0.4627738891526998,0.45649398888502307,0.5352812270319717
1279,0.4044863612686951,0.7808609572089656,0.7477524877427422,0.4494822049052201,0.3820489755466553,0.36515608851987774
1280,0.4760559485631167,0.5899119890706264,0.4780613834722019,0.5355016180535611,0.4869065731718306,0.421974201996698
1281,0.3706127245365366,0.6925016753908513,0.6186165427952838,0.3020216362342587,0.5112221053434801,0.37410801555728984
1282,0.5776731027623563,0.5421239546094914,0.6736257597721211,0.3527536350969447,0.44999801924826593,0.47850043281967597
1283,0.41104207919670666,0.6241444177300111,0.6044941141203433,0.5182891578961966,0.3957534911897911,0.34044772130374756
1284,0.5185817528024487,0.6093648682052759,0.5811064996093591,0.39222678486373225,0.4371613672237262,0.48129230968225956
1285,0.44976121162327276,0.6951802342002044,0.5841679057142639,0.3641840471201537,0.4099187564613861,0.32179839845835095
1286,0.5348358622941316,0.6265306499894283,0.5320850021387795,0.24162411010134263,0.29888263785296065,0.26715999120944084
1287,0.46889504101562635,0.5997219765801246,0.6561425250512315,0.3082494303693052,0.46866440769630047,0.511788272396938
1288,0.4438455111381691,0.6127009573607112,0.6704910631891131,0.38236551444271316,0.38157951091716347,0.3619250947587624
1289,0.4515374147878454,0.761896250435486,0.5731138121589394,0.4432924170811092,0.4794656336495344,0.40377289550802975
1290,0.5255227721422168,0.7732609480112689,0.7194399131986927,0.269793024975487,0.5058209833808479,0.49054078242272636
1291,0.6825774113713157,0.7083451680318243,0.5954251281770694,0.2815268307364881,0.5730809258644299,0.4846591597751254
1292,0.5890443176562427,0.7516985343656373,0.6428211367759658,0.3941076035339578,0.30469731780544534,0.36204407394540844
1293,0.4000435918934595,0.853336139840567,0.4719425868797895,0.31410257168434363,0.4105896703069697,0.4020900471009537
1294,0.5978808868779395,0.728757985988709,0.7166800699163395,0.47570822675297264,0.2950972304827791,0.3345286155875337
1295,0.6395340157147045,0.6349631866090444,0.46383576767853435,0.46657387886699453,0.36789163521893364,0.42983263983390047
1296,0.5323313763263312,0.824227165536594,0.5929193168767806,0.2184177985908914,0.22665296353791567,0.3788207227976214
1297,0.6209380851409394,0.7036745896625407,0.5283120735265829,0.23851574952165688,0.5757090091330637,0.44491008144458943
1298,0.4602431609400625,0.5925679016019754,0.5954586863510414,0.42368554770997496,0.5701649110997059,0.46783924908351127
1299,0.6692317808666075,0.6474131130792089,0.4370928842463278,0.37763487543714985,0.7055249463782406,0.541997530268726
1300,0.44028683641974603,0.6214936294017356,0.7902866581304397,0.3039121084133962,0.46130352175455375,0.4770474202885453
1301,0.6332253849831471,0.7363142337540038,0.7210965763729889,0.3122583476562245,0.503473755517784,0.5343793139416533
1302,0.5497145545002893,0.6299145416841503,0.6581120629551136,0.3371059029472584,0.5650396492925309,0.299242949135821
1303,0.453175418876699,0.6787177738122292,0.5921441885839562,0.311447849837221,0.5670501728955581,0.44698016662077844
1304,0.4559747916343732,0.6362135074347218,0.6556209309801883,0.30015403712590205,0.5175132606360447,0.505208541098226
1305,0.6766245228679016,0.8482005711234373,0.6776237800674941,0.49466517169044405,0.5082771959298774,0.3410906473861869
1306,0.6055137355714274,0.8221925941757677,0.6301527901503212,0.344928973237832,0.4090446197511994,0.2925665561765784
1307,0.6157278371519681,0.6921159599220872,0.7051617096776127,0.39500221560169524,0.4987088881717529,0.39088464661596495
1308,0.3417279431222444,0.5383589552503535,0.6880787850093474,0.3685181552207888,0.41523866798152165,0.3857625844244566
1309,0.5742025041286183,0.8271761208797418,0.6305580358132824,0.41946205864020414,0.36830101677412147,0.5318686158524696
1310,0.5610534810250355,0.6959925921066902,0.5540158485523037,0.1971744580210188,0.46660550891636937,0.5707211945216792
1311,0.6288937614969956,0.7911938441095138,0.6155395455993212,0.25483580563960023,0.5162020434776531,0.3821378493490358
1312,0.6594418585211737,0.6200169922588474,0.6776597607539229,0.39925740980014807,0.40282493414717274,0.5626750211372237
1313,0.5378018006276981,0.8133142610352777,0.6656607337078484,0.4553596543274888,0.5885760598318749,0.3370204233234609
1314,0.5720618762894862,0.6555180895030484,0.6997242584116781,0.41241588441725,0.5308296321837593,0.28633326516415286
1315,0.53784113693558,0.7017111640353482,0.6178711077554804,0.41899880256351263,0.520293574827865,0.4371624291046337
1316,0.5335884218090083,0.7299296748058357,0.5411688873951206,0.34060368576109024,0.4957637641389857,0.401870783179303
1317,0.5601856017870069,0.81896268419441,0.7700477742434496,0.36719636755685037,0.43744983187444675,0.34244255349802777
1318,0.6393050803450123,0.7465375310253295,0.5015749018106311,0.33308400855846304,0.44468024467802114,0.7009581967580308
1319,0.42110733972666614,0.7338209361143121,0.5557985646128017,0.3158484762041299,0.3053260039401944,0.3381524896174211
1320,0.5319293364825829,0.6697889049741128,0.5495332866055481,0.4088898107650566,0.5261317574445807,0.5565986313507416
1321,0.5098509210123442,0.7947192421258384,0.5707960431464993,0.30580401923056966,0.5981480117000367,0.407954849347013
1322,0.4850123530734346,0.6387280078335218,0.5722016842238888,0.6042288213230667,0.35591699766390594,0.360115113686215
1323,0.5906308668705291,0.772323736126983,0.5805149461764086,0.2962658385985607,0.4017874094485223,0.40973848018192677
1324,0.5315179986603085,0.7348472495359688,0.5724154404182648,0.1788926836845811,0.411884260537594,0.5368287601987229
1325,0.2680052441312655,0.47904673564926814,0.48975908920614786,0.4263809374791101,0.39557623273365394,0.3061012749498827
1326,0.5334630762550351,0.6402275935027523,0.45454064429771013,0.23570898350636998,0.4899390289422209,0.40203779295832376
1327,0.6119727509392467,0.6451819443905578,0.47706560279812227,0.2755750964617467,0.4457506263948183,0.37966832993648236
1328,0.5570130647132205,0.7748887309071657,0.6588663691881513,0.4040407020334677,0.3544049070507747,0.6056409646282165
1329,0.47734335143667206,0.6795676562059246,0.535250938401131,0.25935980313776147,0.33875796838785377,0.2224220930758734
1330,0.4566177558874875,0.7059321677242468,0.6522394886218967,0.31390718897622844,0.4853059060998497,0.4208139050385085
1331,0.5500506211835172,0.8188876429433799,0.5344572050575495,0.25784283812409464,0.4647984768994343,0.28339157465121234
1332,0.4911557371512842,0.724543604333729,0.5657286478485741,0.34557904282256896,0.4027268142352604,0.3585439096264026
1333,0.5740175973198184,0.8282473385638593,0.5439200873116792,0.3543928584848073,0.4088903766955539,0.39354498949822225
1334,0.5216618135284654,0.8652609701712323,0.7107980944145839,0.2098712221395521,0.2229762946618403,0.2330786909988153
1335,0.34089126269797027,0.5182324366187611,0.6893833630580722,0.3806728664148644,0.5429476418020178,0.3444989202963852
1336,0.35653830890784155,0.7419186465331451,0.6441796929699561,0.33236335218731783,0.33696365527610356,0.39793619432899296
1337,0.5737317010614243,0.8481646957986644,0.6648588960369545,0.3951439579224874,0.49375825550589686,0.3248865340616725
1338,0.5295175089896175,0.8470789158377628,0.6757151826924968,0.5045420545827387,0.5117053614340105,0.524780194606599
1339,0.5556059682678401,0.6987867070817648,0.6718087563372048,0.38788270492135657,0.37352947799113373,0.34536332857203045
1340,0.6004274877439908,0.642974872928328,0.5967067922770939,0.43311859053030544,0.42132676379736744,0.4893167367088925
1341,0.6322937488051582,0.8415469496473309,0.6352093660701423,0.4269416032517659,0.2969110912852239,0.4004405698696026
1342,0.48269523087969474,0.7130106211472943,0.4900229491948944,0.4676828243116362,0.4086461343558395,0.42501095152588314
1343,0.6304660041498632,0.744768194916314,0.6238048507135268,0.3666503913358685,0.38992342524419554,0.5593559677070327
1344,0.3526312789282568,0.6006627056501621,0.49306095115600673,0.35682256504365856,0.5087647918901238,0.23901934470706548
1345,0.6273720294634434,0.7048924026689896,0.6167355875217012,0.2218324432228252,0.6415490384923757,0.3682372084020632
1346,0.4503652505960171,0.7627516264700217,0.5438416137047913,0.3219571434865492,0.20939744427175155,0.20903849579245104
1347,0.6406597973740801,0.8279450259701921,0.7865497825593393,0.39623461232454704,0.44716582050541087,0.36670802962941623
1348,0.41962031948862333,0.7184005398006417,0.5755483362790919,0.4500638304603075,0.44100202409038136,0.5172718191613879
1349,0.5530805238879737,0.7022024493555122,0.6096371040894509,0.2624995258012544,0.481062178572033,0.566664990461477
1350,0.635930638654055,0.6275479160508339,0.709251943800869,0.36566529572669076,0.46546496485186667,0.37529514666585084
1351,0.5818558111489065,0.6537587108463453,0.7071687299836783,0.49802151148266693,0.3994612529558212,0.5822056792460492
1352,0.4240580179737673,0.652428718804628,0.6137586766684381,0.3982292486967549,0.36467646787984015,0.33873588178674297
1353,0.5703285998670325,0.7187855109680834,0.6988440634520146,0.2923259183379032,0.4467781516250756,0.5413243508202701
1354,0.5601723106088354,0.8139685070356744,0.6645179001080257,0.28441230724192995,0.600927137527406,0.3381998076079016
1355,0.6018484746313475,0.7187708534285028,0.6243653317056702,0.3000567545959482,0.4278145695312179,0.34332604048143356
1356,0.34834656777006906,0.6953449012615592,0.49208365652674885,0.3046856259873518,0.4491427259283777,0.40044937352321286
1357,0.5600240349982771,0.6438004225002649,0.6319358815861904,0.4272125243354092,0.4048228763421803,0.413813246159143
1358,0.5540026468275654,0.7414770013147515,0.5603480967743448,0.22044963087435065,0.4168792070372729,0.3410943570433482
1359,0.4574305406410438,0.773511450574673,0.7749934204809675,0.29283306539770276,0.4543275672561225,0.43606342449320457
1360,0.6215562426485252,0.7589388553561119,0.6009694976199103,0.2721003332764638,0.25779426763402075,0.30591717021008147
1361,0.5670791832577962,0.6054206907781561,0.7321239873526046,0.315368402560372,0.5026224606799097,0.35930820404211644
1362,0.651654402646724,0.6853347233120162,0.690389049190049,0.3026750712744731,0.40324147279196787,0.5958925666104413
1363,0.5146276543114819,0.6964485718788972,0.601429920758235,0.3265363046474292,0.3411176191014381,0.39070975250378315
1364,0.5171180837182984,0.7192199562620902,0.5830876879108745,0.560134826787751,0.496982193926346,0.4118089834521824
1365,0.5850728506041982,0.7750503978716944,0.5571863837820195,0.2684148405250889,0.36611816435584077,0.40790897186288844
1366,0.5411951605494679,0.5974585354940946,0.46281283847373067,0.35964388125341507,0.3821937474137588,0.5332802675149704
1367,0.544138056658435,0.5272562568736455,0.6066082869415204,0.44955939785846377,0.385126874680506,0.5134245988958521
1368,0.41959802249618383,0.6389838314075876,0.5064227896041212,0.5007512313357425,0.5067512834636602,0.39810282114470347
1369,0.5404652814994433,0.5671722607553821,0.4797456220389625,0.35557734282392156,0.4415323448260522,0.46812157134101146
1370,0.4740731559450702,0.5988493932940819,0.5302465161927211,0.400181242126463,0.5147588230264374,0.48868475730265015
1371,0.42968235964836166,0.8581326915334642,0.6868566712220558,0.36359798904821705,0.2223574832516888,0.3254417573249866
1372,0.4587182400119898,0.6916762930577528,0.5586730349353332,0.5980785180154868,0.39844939353219444,0.5053569470164297
1373,0.27102160481857035,0.8478382134886239,0.7153579820895628,0.2855508767401644,0.40221573787425857,0.2491505848786425
1374,0.5281379359316206,0.6828647418440429,0.6546720750450419,0.2470834217150573,0.43650636406667026,0.5483375237911206
1375,0.4663529639168879,0.6377296010603432,0.6493746543450339,0.35142921685102435,0.6462140314701469,0.5288463349735237
1376,0.6648315025442482,0.7339826245148305,0.5521693630903111,0.5138133904544421,0.5478092446289311,0.48944765623561876
1377,0.4563945088922617,0.6165647751569399,0.589015745093156,0.32318690277845047,0.5054883433579348,0.3869768966881293
1378,0.5914944770291285,0.7298045801698855,0.7135113200349362,0.286110666918798,0.5525044594247681,0.3606168601273716
1379,0.6376663601278628,0.732691738142432,0.6335957934136472,0.32046458916727705,0.528271714378691,0.46745026003161394
1380,0.3873118117172925,0.64077709375185,0.7080904090568478,0.1535844138760566,0.304214211959933,0.2168933168670344
1381,0.4527302368017243,0.8179677009464766,0.6682152615583078,0.2265436213940213,0.225227555255474,0.1910954090663438
1382,0.4689401029943427,0.8143875655368316,0.71592536238083,0.3564493978714589,0.28076055760475327,0.18218161547825404
1383,0.5905672433179412,0.6313124756220655,0.7069903960828843,0.26815256837691565,0.4616572401234218,0.44950741180174025
1384,0.4786895432214115,0.7279821610395529,0.564862280566127,0.4516270809192227,0.4435179112919364,0.39729781388534086
1385,0.5447720301336221,0.6749597547969942,0.7384623860862094,0.49114498827216296,0.5286194053094821,0.2868155073564685
1386,0.6299477575929385,0.8128601244497282,0.4847894564616917,0.3932582800357855,0.5406667072533531,0.44689398299710864
1387,0.4950531123592155,0.5765881491151589,0.5384880260099982,0.41819361636938934,0.597001945476798,0.3742398499788382
1388,0.5908054375195992,0.6405147891599263,0.669799400949543,0.45192985580484457,0.32267846982555537,0.3993127326616361
1389,0.4046576360104333,0.6007757883779615,0.5583914169926543,0.4648511182970209,0.6563911159715387,0.4531500890381968
1390,0.4501893780726607,0.7718111861983216,0.5332915651583969,0.4565931751999045,0.5569369098860601,0.42978764529808744
1391,0.4902549336220935,0.7230841474017851,0.736975361118165,0.4178659924307417,0.5264333105425261,0.41546295221522284
1392,0.54302209630416,0.8103899412888744,0.699060867275129,0.4977460234809949,0.3747053399165833,0.31045964589153197
1393,0.5183643770577675,0.6180219791233765,0.5601749932110601,0.4720122347599166,0.3322493829468457,0.4802255754839456
1394,0.6987353404680812,0.6675395776535812,0.503061632010958,0.3375359615622252,0.440221992787931,0.34670362599279314
1395,0.438293354078706,0.751821302340429,0.6220711383559094,0.41824510144573945,0.414040154276985,0.45082230284236025
1396,0.45474613095285144,0.497125399025387,0.5410331623325264,0.5343379011335255,0.5125446177355165,0.4218032908383869
1397,0.4947902342677722,0.7376159783730659,0.6348945670777593,0.5005266131276278,0.631234187389591,0.20724553380643837
1398,0.5114109360399004,0.47069425487137234,0.6712307449921223,0.4351840380200742,0.5190962667169582,0.4450310218303945
1399,0.43647416676144457,0.7207038891706162,0.4968486483774743,0.4598900619021705,0.37884013649737125,0.29900717219249834
1400,0.5130510545826233,0.5507465196248771,0.5205004273132486,0.34024928060569576,0.3733758761475395,0.37489353323114405
1401,0.5274193528482245,0.7688039623738191,0.5951312438364814,0.36874565040837076,0.45746933241287574,0.32754547074211526
1402,0.5995740027117544,0.8310157968348305,0.5801834965515142,0.29871864684850913,0.37483755663553514,0.44429620722797636
1403,0.5945788290738508,0.6555925318738379,0.5564648159162982,0.3622446368612,0.6031643129658164,0.5394696381518514
1404,0.676636309881369,0.6051327487175776,0.5892656272409936,0.25569712029376795,0.5263627127041863,0.39355786567925255
1405,0.5425392295366964,0.44820911463618296,0.4907445301326074,0.40695626192576895,0.42263631359213116,0.44079623846058846
1406,0.4105160466590726,0.699081372937906,0.5943796980798084,0.4005747118277441,0.40662323519116866,0.531106522045865
1407,0.4075669350351874,0.46469065014072397,0.40344066942205437,0.4343237441844942,0.28866099039004367,0.31942755592659666
1408,0.3854105518924534,0.7858188635261721,0.6272661819382902,0.4066538471305167,0.39148387101793397,0.2955342143071343
1409,0.5301850399137733,0.5865574613820109,0.5824238169601973,0.3597222219768821,0.5397063544190626,0.5304562217316017
1410,0.3851506075693608,0.5890467547015131,0.6093338302222031,0.3755370005298182,0.4789342429054614,0.40005686750384717
1411,0.6050547903166215,0.6276889856643094,0.6274649452202227,0.24584248027849845,0.46400285485078485,0.24456761224316742
1412,0.6199270040746795,0.702270229632985,0.6101128963478762,0.2804878181428631,0.5726660751512161,0.4737915459244148
1413,0.6185893698572498,0.6764732090811455,0.6382863885811048,0.35644012383742146,0.419052731018417,0.39598987846003975
1414,0.650360720888654,0.7138066722610549,0.7747543899355335,0.5428320402384121,0.5271740304760095,0.20470202240075103
1415,0.2713877011300929,0.6909216208405459,0.5647061340051799,0.5257190494136722,0.2668726460312941,0.40596936049497495
1416,0.5175279625508059,0.7602884749027728,0.4666053043832714,0.22216632423682375,0.523940381676699,0.37731502693257074
1417,0.5096070311903483,0.769613982629571,0.4643758606215692,0.46185862401397487,0.5797626702161991,0.47918350929660547
1418,0.5918869903907963,0.6835012219450874,0.6218478171572502,0.2597339020002959,0.34810157907828526,0.3412271603817813
1419,0.5579450831594626,0.5978222211289693,0.6194952093614855,0.23880089535698862,0.4352198021395995,0.4611899207760136
1420,0.45478837839141606,0.5758088003333058,0.8172697858493356,0.41973339195580683,0.40150595108274684,0.32549542809640664
1421,0.48613322769129375,0.8600740279370923,0.7062586395179427,0.30204641274810884,0.391786157093961,0.44208508331675933
1422,0.45320915328029737,0.636810609383243,0.4479398215540177,0.4922212313295484,0.41295760103806334,0.2742340828606951
1423,0.35388919805446917,0.731204569239269,0.5181485374465202,0.4109545849201517,0.35649711955956415,0.28235425001443626
1424,0.44171124032482595,0.6183859027231938,0.6819474226645573,0.5155215171288974,0.47101510161668514,0.39396646894906695
1425,0.48696412223603786,0.7051916436182538,0.45700323080998384,0.5343972939950309,0.42460590780948587,0.44384183387657133
1426,0.49474264440490057,0.6171157955821391,0.5915932824125132,0.46373861057309257,0.4114889183820675,0.36219562224013424
1427,0.5221236735620034,0.688445275186273,0.5296336878602739,0.36331352635498326,0.5321185768148489,0.40925797684280596
1428,0.5441384926468373,0.8015161989170573,0.6164837792301331,0.43000308221107547,0.44324836084927155,0.21969545133101417
1429,0.6088234719906296,0.6475358752909494,0.6718763873852005,0.28043919361676534,0.6484852584057387,0.5363716262620706
1430,0.5824832589353137,0.6127351199414325,0.5598900872017014,0.4214562619745914,0.5874004770658706,0.5706550484834241
1431,0.5042427876753357,0.7698823182057306,0.6377775265954838,0.32481589169297514,0.5019967788000582,0.476424432842965
1432,0.6192782856767262,0.6058665373955973,0.6471756288281671,0.3897929426001582,0.4648792047008151,0.5534881644370054
1433,0.7423568348519342,0.6778860383754431,0.6730035990286239,0.28937810544988835,0.6382804646829737,0.5050048929998288
1434,0.5711636498442385,0.7301787469357437,0.4674109401284304,0.4330227995107906,0.37678621371178467,0.3647580074895296
1435,0.4393579169586601,0.7323488933162271,0.5775831746150457,0.40540345495899105,0.47884171978007284,0.5486495307874983
1436,0.5815461902617192,0.6418036720579471,0.6028934890356786,0.31717648487997463,0.5317365947178093,0.38644955450811763
1437,0.5330634918583999,0.7129486147600358,0.659355276285339,0.3064672526058655,0.4357535429437309,0.43621775953668007
1438,0.43004826553573605,0.6549626971993618,0.5506973955153723,0.23834097804718102,0.457831175064083,0.39225384413004044
1439,0.4466323034956207,0.637025994141123,0.48330022047726107,0.44356242326075845,0.47821729246261563,0.338399359848089
1440,0.6024673406392982,0.6041634059545785,0.6123982944492633,0.2987354107738561,0.5078245404390939,0.6660301997025803
1441,0.5742060653942822,0.730685665213279,0.6091511193890125,0.4911697258967839,0.5251524778287059,0.4361448919608268
1442,0.5806788851967811,0.8463159229521712,0.7000088051432193,0.4105987505943778,0.3459540477959878,0.29726391274413944
1443,0.5442213256040694,0.7089714983017017,0.738622232311614,0.5234401855983526,0.35667893786125254,0.3287738306039376
1444,0.48368121310457707,0.6460654561384814,0.5850987676712898,0.47844311546770363,0.43909625293628096,0.4576872353645416
1445,0.6492309990341087,0.4650500899693867,0.6702107241630473,0.43437159995287966,0.4429940576237521,0.3682625699147202
1446,0.572447026395715,0.7707697377700867,0.5730391520784549,0.39552382015826937,0.3602702731109737,0.42661885309758973
1447,0.6400246899938954,0.7173301851760272,0.7071000214502847,0.28638070744629124,0.5187411380424908,0.4895517987624404
1448,0.6332077342473804,0.6548648556934625,0.582375664263392,0.48641154990008645,0.4329623824106443,0.35507965719697354
1449,0.6652775226761024,0.8684064898304596,0.6612435404705357,0.24563013741568887,0.3755468679397241,0.322047702350609
1450,0.599472474901307,0.6753040410756179,0.5595212559763644,0.37629589286992743,0.43008648212320694,0.4870021083553219
1451,0.4587141529423394,0.7039439648477638,0.5210677499357552,0.2886047437530129,0.34347389677420115,0.32839711549378936
1452,0.5645024123619093,0.8247502274199612,0.6957750419915121,0.24008863583957976,0.30563813758375535,0.3036066849851864
1453,0.40870839335535103,0.5759163032753072,0.5170870920660101,0.40052360572594525,0.35479811547637896,0.4176592747483694
1454,0.6191820693921154,0.697223786346949,0.6672603467874478,0.39277034158751883,0.476148853583944,0.4309012924246002
1455,0.460880486807674,0.6989122246376965,0.4228779148387452,0.21903367450781996,0.3671047249968337,0.27448247807184556
1456,0.5863230944390918,0.7105820072575929,0.5698434701343954,0.4854992762593733,0.3845091439345068,0.2755770115437585
1457,0.5987572631501363,0.8269095193318532,0.6810251502020663,0.2487316820623939,0.44332637674384706,0.36457494245887906
1458,0.5705099586436125,0.8126177528180826,0.643406364923309,0.3871189334392994,0.442031083769109,0.3768292081970246
1459,0.5981706997176848,0.7499544836839933,0.6568756998715546,0.49125909306646104,0.6126063350347881,0.5601301506351756
1460,0.4767025651670626,0.6205844987336628,0.49948159435211065,0.3670634768265479,0.2501471237008382,0.37312304808812624
1461,0.6392603769194004,0.8167358134879584,0.674133235601213,0.5045294269930919,0.472433946008114,0.2843006553539302
1462,0.5726277821476174,0.644356333691404,0.5633520671740891,0.37322997050588164,0.5049474282812434,0.43213172225547486
1463,0.5988318672238195,0.6868820217529803,0.5892612298603931,0.3904725469644436,0.2793089334360354,0.427213547383943
1464,0.4109328529710563,0.5869824512922625,0.6192066218818805,0.45429756899253826,0.49902360513015764,0.41999855795798086
1465,0.23889153415244044,0.6755199353812167,0.6380322273732413,0.2426483106500486,0.30313246068801164,0.17223495125814886
1466,0.4068507964173296,0.5919765532438185,0.411131485266659,0.38139793552679147,0.5475267593581532,0.4456053101583357
1467,0.5311536205247921,0.7061649844010432,0.643381575060115,0.28933091838787645,0.44725409493301305,0.5910647809245873
1468,0.6843163771362749,0.6448865453649547,0.6706010135190628,0.45437429640852894,0.5083870324046035,0.5071408489743799
1469,0.5285363804705588,0.6178504709902253,0.5391707398444604,0.3408758300894945,0.48801556714739636,0.36781786805699923
1470,0.6543250352087375,0.5916670212399788,0.580429907897434,0.4611898534722217,0.4494966525904792,0.4173977702685575
1471,0.5742517218007639,0.710675942617585,0.5760361734654812,0.37843428750999686,0.5194580809840148,0.353746500564368
1472,0.6322815913792311,0.6467798592588635,0.574560143490985,0.4129593351125113,0.5290016733853672,0.5892015115460068
1473,0.4358125111469325,0.7253190910759588,0.5113040629325677,0.3198538215085908,0.31699053544979416,0.32784642944815007
1474,0.39738080342516485,0.6136728935493213,0.675743965287426,0.24458850933919352,0.5242184903587344,0.3057115514110966
1475,0.6164281474895831,0.7388395365901621,0.6508824660931153,0.22492163685698066,0.4717774821616185,0.474044284403961
1476,0.6000273920231693,0.6994032797095014,0.5556413682892342,0.24605743240323869,0.41519212735769206,0.41742110706527374
1477,0.5031685740299606,0.6648977077358538,0.5897682629769727,0.43784979927283163,0.6251438620367727,0.512255349807072
1478,0.5573653296573893,0.6919957318526353,0.6929789584490127,0.3437170744625062,0.5694303898893993,0.4477797085806376
1479,0.6471500558148247,0.6854757545651543,0.6285503494829662,0.3126420908968616,0.6914863228054368,0.5481630562041743
1480,0.6821483289023236,0.6298615259503102,0.617886612281298,0.3475880170926714,0.5691858671867625,0.45581146867056765
1481,0.4751068277487975,0.6120732211942045,0.5593082103126694,0.501431419576222,0.4902059932691687,0.42250138667966003
1482,0.5229149805038477,0.6993336843453349,0.5695878507434878,0.5176875791496782,0.4484702514945653,0.27903225580356217
1483,0.5545826207333391,0.7059329807392613,0.5649102971162908,0.42355782496290206,0.43857541445705656,0.29249764618069857
1484,0.47601983803708914,0.7037562481231963,0.522982966321837,0.44324115182040635,0.4565711788300795,0.29144053094514294
1485,0.4128855958977746,0.6439762864244032,0.6104867994763189,0.2534771434660114,0.49388401567092527,0.4458972550886556
1486,0.44072221648087917,0.6966563747280999,0.7119163923447482,0.4212310209785856,0.5010078900659847,0.44259857880448117
1487,0.4582511129501045,0.735299297972399,0.5598945383338597,0.5316614096659729,0.491199356203944,0.3892238825330709
1488,0.6378020355670468,0.7245074745078522,0.6057678248861673,0.357814802242239,0.43845284251230177,0.506594131522005
1489,0.6442850387107698,0.6985095248218338,0.5721027686791501,0.3665787414244469,0.4094454764050292,0.37190131458217374
1490,0.504479948949163,0.720727326750204,0.6095538392869034,0.251973083159718,0.39896734856241317,0.33907521548895814
1491,0.5870541538249289,0.5380876167176802,0.6134617106353699,0.39306731608102896,0.5639403536942239,0.38851405319122634
1492,0.3643735304722169,0.6819186685341043,0.5499389753007982,0.4225923072520159,0.4369262059262983,0.3327451870022764
1493,0.5995440749699348,0.5932641629745492,0.6452797843023753,0.3369879325500819,0.4359257661812033,0.5997734426789686
1494,0.5207926445412162,0.7288963226111429,0.5009711447643217,0.3497299405833969,0.27609993473233,0.3880052319345755
1495,0.43146910285305423,0.7617056233455388,0.7926676471169689,0.31768842705970946,0.3659253420240095,0.12926096771043935
1496,0.5345565649505394,0.8176975424376696,0.6880647417843617,0.3130600312392243,0.3625515839465799,0.3876987531588225
1497,0.5559565664935193,0.776062131168367,0.558304865605625,0.28264938553968855,0.4805864332491406,0.4182305478701295
1498,0.5121347131571301,0.7447166511070813,0.5651545016530638,0.4815091361581793,0.4950020212138738,0.5269529435239849
1499,0.6112886217523104,0.8225043600379695,0.5102279501150551,0.2981061926860965,0.37132874760003654,0.44404000388478815
1500,0.566392498807043,0.865576190993649,0.6655610261704835,0.2733981370542103,0.4501065782402443,0.3872435175244616
1501,0.5620526350368577,0.6931127307520655,0.6325236951399843,0.32771816610361215,0.46844142216601814,0.3661988724122518
1502,0.5116435068926702,0.8267572873339809,0.6596992185031632,0.3334599852353413,0.46536031496965957,0.37855988745326186
1503,0.4834509376838562,0.8571010965230492,0.7440285852158076,0.37327737808932937,0.3515524872781069,0.32500224807538813
1504,0.4962807702859059,0.7130000768563125,0.6289068301594587,0.36023332242284206,0.49827723957744585,0.35031360077026946
1505,0.4668167202844054,0.6818164398028016,0.5423885392499402,0.4427666928611385,0.4264776872056829,0.40115570982591353
1506,0.6552410488678242,0.6970802007385989,0.6972737533528033,0.6194678965903931,0.4403777271563574,0.17658528277037663
1507,0.5290425988135199,0.805417051351986,0.6015979251188743,0.22663963932960943,0.27086287495121125,0.30789631731226713
1508,0.47897158978514975,0.6076267195780565,0.5258266841477492,0.34268152166224297,0.39995800878248433,0.3659158973974538
1509,0.488504253606271,0.6400241111553393,0.6048817245506901,0.4676296423241585,0.3937090397292809,0.37388302533955947
1510,0.4813460785860323,0.6096785852678933,0.5815682995660503,0.49709018762834767,0.3368269212580752,0.3131481248501266
1511,0.5566798515755836,0.7594945754923965,0.6726655429925373,0.23018782374506264,0.5146567742651877,0.6077789613170219
1512,0.5817629752049404,0.7497357618531485,0.5328439494269598,0.354728893814964,0.516111229513385,0.6151045380503588
1513,0.44982753213604243,0.6627274781712282,0.5672050101453232,0.35237184758719886,0.5547730938867147,0.3180951189982731
1514,0.3910101156554655,0.7640184851879634,0.530598651501929,0.4085630225365372,0.37756941570242336,0.46850984513187616
1515,0.5717916773834302,0.4545625111932837,0.580069457470462,0.42198520350262225,0.42455831454232323,0.33676221807206314
1516,0.5523391294819241,0.7620788044540492,0.7998282682384732,0.5060791202897648,0.3961103998141421,0.4466595885548842
1517,0.5726719245284807,0.6414058785833219,0.6614157475733057,0.35481891633765134,0.4335811188759395,0.3223542406889805
1518,0.6146133318782896,0.4435557165885999,0.6804324266135932,0.24658393482018398,0.45778269477889744,0.6098649805146971
1519,0.6131223551746612,0.5374131470976256,0.6425913672282764,0.4792541450596557,0.4590638836035924,0.4967651818606179
1520,0.6478726940402377,0.5888582187989142,0.6759345704773447,0.3485595427353554,0.5733845455210648,0.3407850393702852
1521,0.5204912435300486,0.7754616779248606,0.6739133302070783,0.26199929589578164,0.4206074733041782,0.3104965209663948
1522,0.5095163484829386,0.7170759559844253,0.5831564780548656,0.26276787233469123,0.4289457282542781,0.24674790118741682
1523,0.5273277487513516,0.7572466751795228,0.6985826663257237,0.42320317321718537,0.5008912134410975,0.31658250544140065
1524,0.575934444910946,0.70237053739886,0.5477196309820579,0.38775776958154995,0.5311228314747239,0.5158244258870875
1525,0.6943509419080405,0.8223741518231267,0.6230959722177953,0.2622638587297869,0.3405597854906009,0.39969765144061187
1526,0.49135953127629534,0.7922701704848429,0.497355503418409,0.25945615935169597,0.5172636871483184,0.2601158047957253
1527,0.4977235874668726,0.6801980345510675,0.5789079105743389,0.4189783901702019,0.40107737650066777,0.3686984651743366
1528,0.4859055511614403,0.7060200557219433,0.4752636614901806,0.4095988313473075,0.30067360643607893,0.37546160026537106
1529,0.538379927854615,0.7964092474741415,0.8165988435542947,0.5124481944159811,0.4575655751517703,0.4627557705751281
1530,0.6309427536322902,0.7017549294947242,0.5240802091971326,0.24720756592848947,0.37589670972307204,0.34373242324295744
1531,0.4930647374591843,0.7066554322234859,0.6372413823293461,0.3826084422001166,0.4508029462612666,0.40518329537060427
1532,0.38297457941545027,0.6382004776608347,0.5772137640959105,0.35944541363780996,0.4841731844248557,0.518852129220998
1533,0.5330370042767141,0.6834673820414511,0.5395158596023097,0.3246091807046262,0.625546048935927,0.41294941826040726
1534,0.6473965878362106,0.6057883354259127,0.7038167643541099,0.43184179853358895,0.5637615710112329,0.4706222979501619
1535,0.49205023789314767,0.7209954243296289,0.538728376428446,0.43362957346637915,0.48840565463396063,0.38493390459518817
1536,0.5198166580120442,0.7536059712546357,0.6742891638402655,0.2676938538368994,0.4018230920984453,0.21587373655206488
1537,0.4747640094207116,0.7521074578184348,0.5335470550259777,0.37580852366255546,0.4012961816194865,0.2956733479465677
1538,0.5712343819556913,0.7975092128055763,0.7876006555502317,0.3806505810890435,0.48591062978967625,0.6787508963851628
1539,0.5131552111500138,0.7416147274626476,0.47515209937309505,0.44175270932837746,0.4604864192950264,0.36390022629433755
1540,0.6762817795663915,0.5079584674782209,0.6862295151589183,0.2197960829643344,0.49396881318115354,0.5285091073405738
1541,0.6600973040052919,0.66374553678374,0.7230685834004188,0.2892344538783337,0.5018116561472413,0.4955677073308196
1542,0.39131405551280396,0.6699177920196117,0.5072380771152097,0.617046863407521,0.4438044424374963,0.34399698292668557
1543,0.7087715621838797,0.6650553632720254,0.6246992576934084,0.3448968404341576,0.5305133730521882,0.5034260145051686
1544,0.5229638138971004,0.7819762888343269,0.6773218078354803,0.3968160705616032,0.5448972404634459,0.4612083817224858
1545,0.5963340006036852,0.6690328367891518,0.6730664255859193,0.3876930810023209,0.45067611445146866,0.5058806958178677
1546,0.5785959413875994,0.7544387543356385,0.556519320082079,0.27379308068093594,0.33380188114543424,0.19386525804476093
1547,0.39902085156661554,0.6109893991260394,0.5004238025633888,0.3937806546481992,0.4683427037796998,0.5625225311003362
1548,0.29196374527499885,0.8105360607196314,0.6703235111483021,0.4080715140991548,0.3860422702359351,0.24702292101079332
1549,0.3670649876646884,0.7519476347746554,0.6670149118039922,0.3536072894524941,0.44436955394928507,0.41805193057818607
1550,0.46192088358851213,0.7717972132187606,0.6890413244811701,0.27770929069583955,0.29714352618984446,0.3491350678591242
1551,0.6578984733151847,0.6255066134327022,0.6493046917457289,0.2315140865717594,0.5236579817964988,0.4781990948834151
1552,0.6129612745279122,0.7824808597791364,0.810166407711142,0.2835265336653907,0.541240321397023,0.4674299934964803
1553,0.35474538445800075,0.5821694447558842,0.5773426704612254,0.4145932480102178,0.5582557467987036,0.565513988605166
1554,0.7063646814705179,0.7793427748849686,0.7244876915866681,0.23207309433675086,0.5393872051427928,0.4128077194954702
1555,0.6053480436018,0.6967492011202603,0.6024778160859802,0.39303776968489096,0.4255741431329468,0.5177818348039136
1556,0.4208616285072669,0.8774053344329645,0.7875627070745422,0.5767342801412443,0.42283685967515455,0.42051877779740476
1557,0.5822336390019257,0.7404248474444608,0.611564655919998,0.2938026414028542,0.49864386335802824,0.40254132648195645
1558,0.5237962909381861,0.5677895174489486,0.48696884241397004,0.4079757087380042,0.5412462065624065,0.3471227011654237
1559,0.5818730937625416,0.5905208368680549,0.5850865313498108,0.3869412172261738,0.45107902407451256,0.5006948924546328
1560,0.40559737685447234,0.63652286576565,0.6385540292751692,0.2161707852003113,0.3031421172408725,0.42335162471964677
1561,0.45410008536493496,0.7116636697482748,0.5793766318387971,0.3864486659924949,0.44153292863813254,0.35841408718794365
1562,0.39657393800994667,0.6599778640793529,0.5059376860769825,0.4027235872069316,0.4256080360801924,0.47292575017956023
1563,0.4064897111995369,0.6616848580269543,0.7099087345219137,0.37162158937133094,0.3905926910317387,0.1618733650894689
1564,0.5470688918721923,0.7588421092349686,0.6042212930732895,0.532031673250381,0.5267098479110421,0.22326052950666558
1565,0.3752156134872057,0.7279012685130453,0.7322522261921353,0.3654025605504347,0.1978868515172546,0.19111500583256835
1566,0.6082076208256518,0.6707789405388793,0.540321482937162,0.42394620718598275,0.43946075387510086,0.27324944848702065
1567,0.5847414956758004,0.7070672583293572,0.5979929292771304,0.4546201956307775,0.3503958807724908,0.40135090850027055
1568,0.493077748970426,0.8080521266996109,0.6331797210046315,0.4855848934214323,0.5127261001515667,0.2655460441150796
1569,0.5444033186882905,0.6847502138302841,0.6000591950903554,0.32537995361990824,0.46134380106202505,0.3798798237490118
1570,0.6016690125362744,0.701024091877194,0.6725659319760038,0.38114784849175487,0.5529525911839905,0.6793706529127151
1571,0.63380667905456,0.5919053665831161,0.5039845265214804,0.24699867846977774,0.5543395253886748,0.6052125625131871
1572,0.3889148357717918,0.6414191755334453,0.45175596677185664,0.4991945954979588,0.6006133916154133,0.38092726967396356
1573,0.3545511950610374,0.6090982871184943,0.5713310943984526,0.40458679463213365,0.4431543701551784,0.376441689175428
1574,0.44164714025371943,0.7136226997598848,0.44553808026871256,0.4906424187743121,0.45563296660939073,0.31801859549926637
1575,0.5539247771546061,0.7796507969069302,0.6730268928024719,0.3965522761365567,0.3697642886201703,0.3462271284268354
1576,0.38758841591726845,0.5957658066655271,0.4342762624097133,0.5574532106973733,0.5570474261869979,0.38558213781812156
1577,0.6671130103697649,0.7434543266215567,0.3539950495919182,0.5882761409819578,0.60270702503655,0.46766756883507665
1578,0.6021996410179595,0.6784981525350733,0.6245004395894187,0.3061471918611722,0.4317690873218883,0.5054938771312555
1579,0.5579135398206989,0.8693226422363951,0.6876969116998455,0.4540172689924427,0.39928063887873877,0.2619980523237738
1580,0.5879143531124874,0.570441291018474,0.6206468879410425,0.49926469132185924,0.42274409413644654,0.36182264575502926
1581,0.40863548169842506,0.6253913037755996,0.547876950750179,0.42881220011773824,0.461023259705971,0.3305142383976277
1582,0.48344990272666793,0.6336035520040587,0.5751959560041702,0.4815283017729788,0.4593873109278301,0.42131683599211345
1583,0.6744844210866768,0.7766133022898357,0.741895724185689,0.35513261690837794,0.6328519728638704,0.5628563426277325
1584,0.4787146220766283,0.5697832477412389,0.6459902031453763,0.3770414052753976,0.4475282075491758,0.3263204076472741
1585,0.5445867756971902,0.8067088775126787,0.5509957065148808,0.3978999310443929,0.5039813707351946,0.5361559689739651
1586,0.5075871905763247,0.8897950168736819,0.722442604037193,0.3642187335847448,0.5046888088937282,0.5431034317928012
1587,0.6500906955809022,0.739110314107107,0.5513146891379195,0.27084595127357114,0.5796676794348519,0.49146598519054774
1588,0.580004940792314,0.7929287980209926,0.7282323597265957,0.4466092800651487,0.2681232611562151,0.265556223922068
1589,0.5657640384304619,0.6706461275893221,0.7111814678590185,0.21470680968166062,0.600703171298557,0.3810215480380985
1590,0.5198058877337255,0.5911658264502271,0.6115922479752368,0.4062787171665881,0.5579356475760824,0.3649358497495518
1591,0.4556463223205944,0.6708001375846109,0.6326994741644208,0.3209385895777065,0.5299225089981141,0.4212508267203588
1592,0.5289678814563039,0.5931290302310467,0.5479140752660782,0.38726479698462524,0.5762918201804512,0.35155730433176935
1593,0.4955377413277924,0.6741877662776776,0.557279556388055,0.4140315417188328,0.49369295112248823,0.452883331920058
1594,0.596055088889908,0.7421826544491317,0.7323063552113539,0.3329967759185722,0.3489363467805674,0.24768413797648403
1595,0.5706996548298519,0.737308047902935,0.5778699137909233,0.2811315146646446,0.5063862162637488,0.6177659560336136
1596,0.530248075884383,0.6828547602891222,0.5637794742413041,0.3155809385474876,0.389106586377324,0.26437120042763945
1597,0.45004093092365527,0.7362891152411994,0.5018655586837859,0.375025256874506,0.4250254420714963,0.3791532606666282
1598,0.3869965911470386,0.6726539161359093,0.6173139122293202,0.37257310571376506,0.5066200991267774,0.49997833432198
1599,0.5376964129700308,0.7531061544953871,0.5431961238995536,0.4739658535451938,0.4895909059508652,0.33318198995645565
1600,0.6152128999302133,0.7531672832783949,0.7472463307851572,0.26447275276463106,0.5036439661970457,0.4042794130033989
1601,0.5141635035253749,0.8182407001631918,0.7109902555494065,0.49708683144496124,0.23324573839070034,0.4043618137464883
1602,0.5841556930481295,0.6683822100588419,0.5540948641153732,0.33164294197631655,0.36199369042131235,0.5041115066729367
1603,0.46329931434504534,0.71016166083179,0.6590369252647335,0.22227400727729085,0.5332097765288494,0.30932547302853025
1604,0.585852053729529,0.5763110275805746,0.5612905562005569,0.4245075410871862,0.6652027491188949,0.5328339690073752
1605,0.5328284184330513,0.8322460765257783,0.6108170641349656,0.37173011229693587,0.46034789787168134,0.4026480098934648
1606,0.3589479959773014,0.7000268497324138,0.5577902709114747,0.2505268437140508,0.358481622489304,0.2984615806883533
1607,0.5363121348598555,0.8495984438664379,0.6353355090770735,0.45689158442061684,0.5460942644017004,0.3838894624275262
1608,0.537565152166921,0.6997196542746451,0.6041339105177793,0.29237868050969407,0.3656742906704279,0.5292365971488252
1609,0.5435389247802592,0.662905176008643,0.7134662482111632,0.32286729947073584,0.3536291061762579,0.3171637310260226
1610,0.49334784839293655,0.6385930420270962,0.5311039086471873,0.3480880161326587,0.45559870642838723,0.5222289172138089
1611,0.5899070904123778,0.8392535730717593,0.635206142858798,0.44188481410471486,0.5431928190311118,0.37972189940878887
1612,0.4938967609503202,0.7722337711227125,0.6026412631556934,0.33975214948526694,0.3164766313255701,0.2999174718655487
1613,0.591607595931577,0.7114174021054468,0.7427951455966654,0.3071728962966638,0.4064832577049287,0.47064479446756685
1614,0.6301813703609429,0.6576993736290364,0.6215854464253003,0.37141003550854634,0.380020694217033,0.6036495929291601
1615,0.7207230746132743,0.8177892562214593,0.7393395090824799,0.3260044702905578,0.47221227946490885,0.6296211713480805
1616,0.44908999063080235,0.7201420788194326,0.549209776096192,0.2654717271287725,0.408844446510658,0.5561072166449169
1617,0.6560931362933756,0.7493126885522803,0.6030421046970291,0.31431141376941263,0.4176741849273156,0.318157055603932
1618,0.6632561281958934,0.831434711135556,0.6003045608287119,0.3269459423272401,0.3233966165706671,0.37039454278167894
1619,0.5829842980961027,0.6450828003814694,0.47162788029034775,0.4106689493682423,0.5810763452983192,0.24244907976768854
1620,0.6694142878873669,0.5974368021339284,0.6313977247904835,0.42409830926299763,0.5268933334139165,0.46591794410736387
1621,0.5005011090436146,0.6385819026556482,0.5037182941953109,0.40162431946617366,0.34512979460439536,0.5824665172533242
1622,0.5896262740304272,0.6615305309409443,0.6003201520534563,0.3521061649148461,0.517758814094923,0.3877241152600426
1623,0.7801281696906697,0.73176937759691,0.6678913460771254,0.2858208631554076,0.48614011403743534,0.6569501046606717
1624,0.4946323976743614,0.7256512518968946,0.7626782488098885,0.5330045919155655,0.3285423971228612,0.4580277796861326
1625,0.5612252045498091,0.73225097929549,0.6439069339202964,0.2452240010302791,0.45802074663374165,0.38348601925944187
1626,0.6137026386993418,0.6987173690564806,0.5799588861021621,0.28676933832204615,0.33546092727976623,0.24442168851593227
1627,0.48597869509172864,0.5832760604993124,0.49291171498960173,0.3476726748409988,0.38233025183910657,0.4519869097647135
1628,0.550134695207502,0.6159312533144431,0.6269247820964289,0.4745869392468497,0.5019011539992673,0.4229276342802215
1629,0.5501452558063696,0.7733381369967885,0.5259720266169443,0.33906377457974196,0.4352595611779532,0.4380022715978576
1630,0.43888406493408366,0.6171444846056684,0.4387080498346935,0.3648854136165858,0.44753596851776883,0.5612757474447616
1631,0.5651285141083954,0.596815058776758,0.6484876659483348,0.37983691976749734,0.45074484883371857,0.2721439066020229
1632,0.42491256835488744,0.7074295800565148,0.6373985004456589,0.4182426130761056,0.4227060887505705,0.3742820433661307
1633,0.5408308873792564,0.6183074108107562,0.5341410333737535,0.36876689661729,0.6494115393910038,0.40962622189342035
1634,0.28945494237493014,0.8053620625138279,0.6023270111985187,0.4448640974497033,0.4238275616463957,0.2607838278273108
1635,0.5989771733243161,0.736435597092173,0.5689745111496753,0.31943074128632615,0.4270428957455648,0.3016256274855539
1636,0.5521058545775781,0.6624463402846669,0.5747125510112608,0.2979964642552511,0.37142259945294087,0.40914325775762406
1637,0.5374135927527448,0.6397618123263753,0.5889639110340881,0.3819183705921566,0.5900772610505352,0.6220289848480429
1638,0.5434696975131377,0.7621418570444879,0.6098999724862473,0.35749014720336547,0.341026030534085,0.3687955278653344
1639,0.6783371984231998,0.6369680061828903,0.5740240029624702,0.3563535627740688,0.44815470462947066,0.40551371822918303
1640,0.6238915750864993,0.7894573266533768,0.6307320726407635,0.30087284474026643,0.4940257356035583,0.3845398973849729
1641,0.5804421179642842,0.7163854366713225,0.6166110506128515,0.3113311835104377,0.534779164650707,0.34206966758243823
1642,0.410601517647741,0.6317721279358288,0.5697981249032311,0.20848901717876478,0.4664468567869579,0.36407840974528216
1643,0.4870496462339817,0.802226817507154,0.7317482528593116,0.35817654845742475,0.5712466324417357,0.42344234398931707
1644,0.5539728125723955,0.6773143562527881,0.6597177629652469,0.3195802349593672,0.6087863197453686,0.45921722210804544
1645,0.6093526234545101,0.6353657177453056,0.5916307787770161,0.4793444212699674,0.37776258761567744,0.4917196746239116
1646,0.6872583627354173,0.6222825094234791,0.6632722289109475,0.3112540615056509,0.4826621798699337,0.28138510161172253
1647,0.6587414073539404,0.8326476268036286,0.7410212286416338,0.38614226878507996,0.4058933299706385,0.2482684684004105
1648,0.45981248615582454,0.614647589252938,0.6441076395369951,0.29667985164207195,0.2828557457438074,0.349124980127155
1649,0.5674866693267888,0.7422406265596625,0.7379442708496737,0.36471343535089995,0.39703182898862616,0.24320959758441654
1650,0.6243839486559304,0.6358732889784536,0.7015273155512619,0.37842641584386316,0.6754908736140698,0.543866497429894
1651,0.6132072198131113,0.6499489524135131,0.6317110611190393,0.3310752573006746,0.29768116055058186,0.24395630624142217
1652,0.5105451819354057,0.6992956850346429,0.5271071735581169,0.45052707691575883,0.5002044463926716,0.604902135670515
1653,0.5418383214992726,0.6487066090144246,0.6395644548311435,0.3370630703203534,0.49169631441091444,0.3640621852916663
1654,0.5863324394492371,0.6561560429540009,0.6441064850494629,0.37293173937690105,0.28498851599437064,0.2884170882535466
1655,0.5482650611302432,0.49106059586638234,0.6424237757268164,0.42374112468851666,0.3964760057295251,0.2800251273676932
1656,0.6122584610525112,0.6936644317055072,0.5693853772851181,0.21556888981229885,0.3978089249172101,0.4674024735562541
1657,0.4970349409485575,0.7072404833083599,0.6983646384203385,0.4650194541029593,0.49694251885926266,0.4268188392343184
1658,0.46265198314587186,0.5498813353069036,0.5188336113546888,0.5303542234949398,0.4785097551147161,0.34111167102862905
1659,0.4708537697254036,0.742066901553999,0.4228555944883301,0.27692288222008404,0.2108551066726933,0.37734470686150146
1660,0.44297559716366575,0.6745759705575936,0.5889754882971142,0.5668823553060495,0.6376279674995097,0.5220550836635214
1661,0.597278386458354,0.6450832293407619,0.5831030562524341,0.39813174432525694,0.6097994319081889,0.6629851544533688
1662,0.5493514848116886,0.7707467585195449,0.48487338719046025,0.35714135079844217,0.44208993117856044,0.5249820937994489
1663,0.6091382628683025,0.7785135647981214,0.645105011275925,0.26472183632365986,0.4257806343911172,0.5768332618539018
1664,0.6174942241803781,0.7093386085342906,0.5482052874868523,0.321087552209139,0.5996748257628076,0.31916453069153106
1665,0.6469554398997179,0.6555859456351198,0.6675963707162375,0.41516650930490284,0.40276635348236056,0.4621615647497399
1666,0.5806606221864242,0.6898167681092651,0.5135409086134716,0.31365457839350774,0.5020383307519596,0.5046921539914377
1667,0.6392692525565569,0.7372080268203263,0.5951039508586948,0.31152068663783405,0.44466062546821444,0.5218235702630662
1668,0.7000702697073089,0.836101124657854,0.6751718315161424,0.4277966633772361,0.4850591757898327,0.45075682784099813
1669,0.6877952420820749,0.7583088525696385,0.5659963810790875,0.43024494263554647,0.4725168574078778,0.4715704226442242
1670,0.5316291548487768,0.6481634493881487,0.48431039664380465,0.41489141278885366,0.4285880044726778,0.5300284361918927
1671,0.5816454970130349,0.6054183069395965,0.6852393848994457,0.17795343800646246,0.5558138563980521,0.2929769892821759
1672,0.35994840981366005,0.7744063512985473,0.6015157974960489,0.5283907996328343,0.40997927263828154,0.4950057318214742
1673,0.5811969772947262,0.8556245490205227,0.6978866806334182,0.35058132518883156,0.4408284869672786,0.360002419114905
1674,0.47194198501183365,0.6986804035858813,0.5548941966922447,0.3929758747873717,0.6360488194605401,0.44817133561654027
1675,0.5067868646341606,0.6687516460993882,0.6764209348864026,0.4420533565748662,0.24452771761829636,0.49152231380403705
1676,0.5772003792169538,0.676692676299504,0.6733883488355963,0.3380110923410631,0.5002741185956848,0.5710532893711237
1677,0.5553183275132321,0.69697359150129,0.542843140040186,0.3647155626566104,0.3510370820504277,0.5367161709124368
1678,0.6631332642082799,0.6562386609334299,0.6784466055713729,0.32814323920435967,0.5052701161179297,0.48890790310105914
1679,0.6120022115109687,0.6515995159464397,0.6664309865520249,0.25770152059388957,0.5541890770291421,0.4647362072090765
1680,0.5528430661261695,0.670738453183559,0.6224713826286392,0.3154249240369926,0.5631420770502743,0.4763846137804039
1681,0.43148013568169247,0.7131687280479515,0.6815120920449003,0.4239833070463528,0.4194748829519624,0.4053955619163253
1682,0.41635865008073353,0.6916465104298454,0.5655079410398852,0.35786396145310406,0.47213422677083267,0.44783315779007155
1683,0.6204382537489316,0.7335968950496318,0.5597535293186536,0.39538434674018613,0.5451796511938599,0.3217785812809443
1684,0.3797803388109934,0.6362344514680782,0.609934687995981,0.4958533565772628,0.531017631711159,0.5875073454075146
1685,0.5834261376675203,0.6494865700867597,0.6335713868029531,0.4018006188856976,0.4108665838838366,0.24186045800224354
1686,0.4706114982408717,0.6601263717500047,0.6203585605366235,0.43905337202313194,0.2748013789975886,0.2435439146949131
1687,0.46075295939409094,0.7172104635219103,0.6327340162393128,0.3146007829457725,0.4695864453181013,0.406271883811224
1688,0.578584937868383,0.7239679436422198,0.4872125734697685,0.3891650944502771,0.5221133155707081,0.273147707422523
1689,0.7040809585696823,0.4974920843105288,0.6188536192098829,0.36813467894177687,0.5739424708620692,0.4274209805525582
1690,0.6694341775094635,0.6544077492565027,0.6801158031747718,0.32796701224583125,0.44956121216536016,0.5161819368487938
1691,0.6859748226897232,0.5870937933330029,0.48003264846887045,0.3558807087569466,0.5083430008467498,0.5807497758616713
1692,0.4266535048616124,0.676960457897051,0.5952036776771127,0.41715557283159044,0.37060237205868546,0.3968821351794853
1693,0.5615493432596244,0.6633850530386846,0.5814454230589241,0.43183127621572837,0.3914028709738412,0.39978474331970115
1694,0.4390301333720856,0.787240180035763,0.4217817250066084,0.4009414470893383,0.43940423404928924,0.4768661477027881
1695,0.6006880184622704,0.6857639392511236,0.5690252849277615,0.47786387025366117,0.371991851801608,0.3979529738971115
1696,0.5684279198122316,0.6483279447546609,0.6742534432807401,0.27970937266059526,0.6173903213641027,0.45728303613228405
1697,0.6788993555721847,0.7667499419329638,0.5872181195369699,0.2936939640629134,0.4441201168971665,0.41601869492511445
1698,0.4598993293851665,0.6337174446470935,0.5404840187676443,0.39721521583002045,0.3741670850593116,0.4571635861240005
1699,0.447697187895556,0.5650844320968681,0.5675104446552346,0.4937747525743749,0.4498024041312679,0.3739727928268196
1700,0.5387265515497137,0.5444151697663802,0.7824342008368893,0.45260077407052757,0.6146030217857942,0.44707101374398234
1701,0.5544766715475623,0.6121803569906411,0.46566357245832307,0.40533033926676804,0.48296794946782173,0.42539891202090224
1702,0.6675219533528246,0.5553871579660236,0.523045668941571,0.34713403214135496,0.5067756594169511,0.620988337402476
1703,0.4038523709406964,0.5825650653971217,0.4668791240283584,0.579597739508384,0.5655088976013991,0.5726196634748028
1704,0.5539768255092393,0.8545077308311345,0.6923566978357288,0.28175131060505537,0.5287285796042971,0.28785088090852257
1705,0.7276199405413516,0.8678674685364485,0.5141499738840966,0.6485022863637386,0.522820504430623,0.29806823676900396
1706,0.5958003607924599,0.7828826988101096,0.5807061784456792,0.2793227918133531,0.4075856058482283,0.33255419211358767
1707,0.5224026584061371,0.6661996197549016,0.6098861297209207,0.3820496412692719,0.5486835239399135,0.38565148219834494
1708,0.7267954013561992,0.6944694850328389,0.5968908079572872,0.320226151020265,0.518332141621868,0.4755828477724876
1709,0.5502090134255804,0.7813461321750229,0.5295978300641079,0.42114188562748844,0.4288483073401926,0.5982512118356673
1710,0.6268624129647982,0.7214309787917625,0.5624909011492989,0.32386411506718943,0.4219888079022953,0.4950269135217481
1711,0.637015048256244,0.6975072864554649,0.6137231739335876,0.372026291223492,0.5776050649879942,0.3987006401490643
1712,0.36234216885809384,0.7143792068985144,0.6763170942732052,0.3688854106689813,0.35718794768415957,0.4086113673800531
1713,0.3299217056486812,0.7206162402108028,0.7745200480988081,0.28852287515183156,0.43642860677839096,0.46446178069018257
1714,0.6170423755308613,0.7706949270053212,0.617941086438254,0.2852654770831857,0.42743899133332236,0.48776973042085336
1715,0.5214626498581043,0.6767349942526123,0.542750000875236,0.46045239457651743,0.5745799056919277,0.23799270376824777
1716,0.44402472599848275,0.6116088504668299,0.6063638184081819,0.3445914079860699,0.5373842284186156,0.519069111507489
1717,0.446108968776326,0.7497312697960505,0.5769897537493232,0.31708937363752454,0.5128658112035334,0.3533125910927414
1718,0.5580379497652694,0.8017317147209003,0.5731780575259079,0.3501658220850016,0.4484245391977965,0.28750631765426005
1719,0.5576638616132285,0.653375797947766,0.5665975717436098,0.39645441870268155,0.538224796104635,0.1798609732260513
1720,0.6387004141414997,0.6254828758428009,0.6500917599546325,0.2589085146066556,0.4159114521715075,0.47743330169485604
1721,0.5294251770368035,0.4347535578973279,0.6703754786947612,0.37166852722684385,0.5839698137649914,0.4317704804575563
1722,0.5244855157300529,0.7260718625946274,0.6959124348916981,0.4983319467197702,0.4001172087614371,0.38453624644163165
1723,0.5147651083881172,0.5752017910271143,0.5213365121957607,0.4271639752371406,0.41676588508071927,0.3312582357925773
1724,0.4832646984434454,0.769465084658552,0.6000148527857366,0.42123157286642754,0.28683010168329315,0.3264742137720042
1725,0.30444356767441777,0.5918685594061817,0.5471878018923472,0.46365381252407695,0.2728245585372777,0.2752934753288774
1726,0.5834598501809852,0.5930673634556733,0.5224737225961315,0.2610320440826717,0.4961774943158933,0.6422687179599429
1727,0.5352921911770575,0.5626076955931469,0.6302318368165947,0.3108303126398729,0.693700551499196,0.5409772876874995
1728,0.5585004693761677,0.6253949819054178,0.6390353362545274,0.3101403756250506,0.6617808115949466,0.487394229903127
1729,0.612365327167626,0.6448100277129014,0.6414065915104177,0.4645127567941381,0.4846081875226555,0.4428286863386443
1730,0.40829485833842416,0.6968765772977578,0.5672983117233585,0.3522552723373381,0.3773998264510447,0.3959479927163412
1731,0.5528675272741578,0.6413624703601867,0.6049938681320817,0.264459383615261,0.3495252688299165,0.23851941248939423
1732,0.6594646225674735,0.8143224988008805,0.5601660507088777,0.36810752630702653,0.3499080851422784,0.3748726005157492
1733,0.5726333117608482,0.7678490708175527,0.5389649715770313,0.3181506547044619,0.3801842943161579,0.30816470591544876
1734,0.6048876028647344,0.6256996635239704,0.6228784882810087,0.34960003208178625,0.5017494390686398,0.49381819468036897
1735,0.6617364998852631,0.6934335211106752,0.5830710602448875,0.38653594415547243,0.5040649187570658,0.4766117358165783
1736,0.46237606113875923,0.7721827224985738,0.4774944966832727,0.39782988079815323,0.531552747851866,0.3234615582643147
1737,0.4163914494187828,0.5818705044295697,0.8401195183153798,0.4223274195554292,0.4158415225836445,0.2966588386700163
1738,0.6754096094618808,0.707255215794176,0.6777566218891378,0.34183525313386554,0.4402884911422787,0.4517905987729382
1739,0.5782259622239482,0.6968663478778705,0.5767444194888225,0.438730713873758,0.47986147883601027,0.48369956082968285
1740,0.5949532548172183,0.5287773477099842,0.6824699846411666,0.285585724747432,0.4504047576868906,0.5060603672316508
1741,0.454006672906183,0.7666241811589231,0.7076705345072185,0.30909072493185463,0.3433582675287195,0.26525590608687794
1742,0.4455973489112325,0.7243856707958642,0.5435802901773692,0.326424250365867,0.4869820301830442,0.2713472252213509
1743,0.5813766457235016,0.5835004531277812,0.7288102354321853,0.6316937410034389,0.4857051203518288,0.5388266219471304
1744,0.2385784530989281,0.6565246212641823,0.7085390570362449,0.35100159855533886,0.3316286992679459,0.2530719949961427
1745,0.541190948689621,0.7562332822361858,0.5722570077994222,0.5529828310713333,0.4608152046454472,0.20018912402460012
1746,0.5324546714838823,0.5908364877070903,0.5825739593435701,0.3323387878577502,0.5286228530962168,0.5545913802257707
1747,0.6593455153684786,0.7321178963599746,0.638877849731862,0.2210701679525163,0.4473262063127954,0.4538711890772762
1748,0.39845291011727973,0.7714486134441445,0.6654769413078832,0.3402836252603064,0.25004154742560397,0.24411892811543948
1749,0.49675288423518527,0.6288388182395787,0.43339966526008417,0.528979506311507,0.46763042306974006,0.28191051802355027
1750,0.4051653562463467,0.6688979063091248,0.63787860492801,0.4412787218765106,0.6111083461516057,0.566943696180433
1751,0.35667960968752643,0.7867905296669255,0.7708986934092883,0.3473099000074091,0.293171339186302,0.4701467889371421
1752,0.5558356153087819,0.6588474452819759,0.6040739639209278,0.27112809821497186,0.31343176824452473,0.27883519987222155
1753,0.4456903905461149,0.7674933751854295,0.6935740108650964,0.44382242942584066,0.30358942347987317,0.2798314608413832
1754,0.6205844646016094,0.7391464180968293,0.6000596558629507,0.25410637445230805,0.47877666784073164,0.2358143215615361
1755,0.3934887308035242,0.7432732598031444,0.550157570228892,0.6452665619904194,0.5686535298525447,0.4099923068582067
1756,0.5967896605308722,0.8582794267488697,0.5836001823380779,0.28197801230714753,0.3356812393773154,0.28909810956823917
1757,0.587763490955602,0.5848285241549382,0.46777231981928874,0.32625986953421293,0.2736942907226078,0.2942775135496705
1758,0.32075302866962113,0.7161026890371394,0.5764012271885537,0.4899190968270156,0.3510059244206669,0.4129134582111599
1759,0.44901289550682427,0.5378816867020135,0.5003436281581354,0.3515632557639797,0.542575435141536,0.4509737787657086
1760,0.5834031906742622,0.6985760207371571,0.6212764759024794,0.404071649002627,0.5352925381286998,0.3697513358568582
1761,0.45999073109845595,0.5510727219004017,0.570105893262641,0.22480980190941036,0.4983076148448486,0.31396159704310683
1762,0.6760325110964339,0.7976203715413377,0.6021411140647135,0.2743447137084148,0.3786449290816271,0.5309335790008034
1763,0.5603920912557089,0.6676623521771988,0.6632397102934948,0.33926740108381276,0.44248004374851607,0.5672031486131957
1764,0.5972594926472068,0.728457045084284,0.6235729495294525,0.5287724995866899,0.4499679018707831,0.4393564029636353
1765,0.4563877521170467,0.7008758698257961,0.6161987799288914,0.4410326374395994,0.38498450643402743,0.360467497304958
1766,0.43214756086414335,0.5886245556798518,0.5502525968265976,0.3822110713735023,0.361369934886512,0.4485846993732164
1767,0.5249173577940349,0.609668742568718,0.5014944047703294,0.4824367211228894,0.376775635868814,0.6097959664326813
1768,0.4541845785254109,0.7053039270420942,0.5612977457955034,0.46829187616109397,0.37230266723331273,0.42237790703263595
1769,0.45026561330630327,0.7275285626943276,0.583425635728567,0.45383820942705655,0.4996454304427804,0.49639651305268506
1770,0.46302372721440516,0.7376444424275824,0.6156706264923172,0.30950866010104666,0.4799220013134656,0.4019020954013273
1771,0.5161263286987533,0.6126656569747441,0.6909644881070254,0.3438180716389363,0.47581919952479695,0.36986079902166635
1772,0.6891972742597785,0.8932513035432385,0.707291404036213,0.24034766119821482,0.3867138211165405,0.333614291558863
1773,0.5067156227731398,0.736379844074633,0.5090457818191148,0.3396302457757982,0.5120525205475882,0.359285335823066
1774,0.5428027884227443,0.6371051033311311,0.6515136453909279,0.41048638922131925,0.585909964218411,0.39445399602073855
1775,0.31459584008354746,0.6145223795979194,0.6907018239033192,0.26784675288051846,0.3839182167631973,0.2834126605404595
1776,0.5869874336282271,0.695876062385831,0.66872506539305,0.2798812753008666,0.6789769807138794,0.3595202361538943
1777,0.602967742814368,0.6852581533126577,0.6505738745673559,0.4022231568844098,0.4137377517902915,0.45738599463027674
1778,0.4178126176854682,0.7808470105989526,0.6282079070950385,0.3478892183158908,0.4736882986592695,0.23516913152244348
1779,0.4354371392426078,0.6715416314672613,0.6109934394358687,0.4259873174085368,0.47086425865950815,0.2763242617058704
1780,0.48331300084926787,0.7632594255275621,0.48406741189105795,0.371972152200215,0.3652570657055413,0.3318349364802982
1781,0.435679725704296,0.6358061909186737,0.7071386301541709,0.35530451429900367,0.3971553756524383,0.31974299482982227
1782,0.4450984983359025,0.5822119290080479,0.5630080522682093,0.4141952586235293,0.47032705804328157,0.37898237735637086
1783,0.3922488074370738,0.5429720324259177,0.6426456188969587,0.4309903424279724,0.6258255295881485,0.5319731697545629
1784,0.38703327559479545,0.5818223389922249,0.44681745849604076,0.4924182509007635,0.37219568112338586,0.33260685960596503
1785,0.5810562004054091,0.7899328097267412,0.5313468523290659,0.2899040334826119,0.38769253447454255,0.3523301306429499
1786,0.5126597645049759,0.5696540733712532,0.7065912356916896,0.5313112156928276,0.4804326663918055,0.2818476869717803
1787,0.2823527419133207,0.7525923103567779,0.5405282616475723,0.357288196730154,0.4551209421804967,0.41128362516799366
1788,0.5481439496262476,0.6809130881252456,0.5919805946028495,0.34939402954953674,0.5671666733981132,0.43678971046046755
1789,0.29786843059285467,0.7682124217818029,0.6618056000718808,0.30072728141164207,0.2829099857863765,0.28594996917515414
1790,0.5759665816198378,0.6469376010559305,0.6091752937958593,0.3070436891882691,0.6106747812242869,0.5618385711301549
1791,0.6147308226698444,0.7780894080483639,0.49224343656159186,0.4816360282592836,0.47183466793596757,0.3646674290331666
1792,0.5591334873453332,0.842270947932495,0.6678574603412485,0.2608013543379129,0.456376127728911,0.2982992682502509
1793,0.5364597600259781,0.6272371730719192,0.6276555037601493,0.32317276304792153,0.6127055696531385,0.4398748608547223
1794,0.6795031741786719,0.8157917969281016,0.7546283724918249,0.4355039755014769,0.23922045412712234,0.2979477534035214
1795,0.6616303626977027,0.48210351758938846,0.47652538960711766,0.3071934896729691,0.48251400231715824,0.3553734125173852
1796,0.6197673422386144,0.7088141240027792,0.5652782142089846,0.2841254750623094,0.3512008345995171,0.27402810535241084
1797,0.5102131162170473,0.6224032903795124,0.5287387417691222,0.5091070695426807,0.29865256162829895,0.25403636606013735
1798,0.6560195173696056,0.8143041328881443,0.816069489623198,0.36315360771676286,0.46691648293849525,0.49537738555570654
1799,0.46014164774314026,0.5756697736753402,0.4998118625321659,0.4016592237135809,0.4247802232918799,0.3860803904269798
1800,0.5992041422125596,0.7535052533996788,0.7056614274533972,0.3743695944700163,0.6215154352592681,0.4183558734778777
1801,0.6091626830700829,0.6654416612284102,0.5507817765014625,0.44717803765957387,0.4348388457895144,0.4374890386911892
1802,0.3943791955669277,0.8297017153916812,0.5607373157060028,0.4537933367487753,0.5276158292210378,0.41292627785571556
1803,0.5350938439945415,0.5777573793429818,0.48496657662938386,0.35945618082983816,0.5924348203760357,0.5523513902801762
1804,0.5977239228317717,0.7408063702672908,0.6340797776485856,0.3188774787923269,0.4784726702271183,0.26288716895165887
1805,0.5366652386838185,0.6273197873298575,0.6417464120978054,0.26600169746270513,0.3373923903402528,0.3994230327419348
1806,0.5397732331766573,0.7246077290533428,0.4670825262332458,0.40039003741203716,0.5468985392833563,0.42187962285259756
1807,0.5793735233585982,0.6009164025796341,0.5984227062731015,0.22938915584761557,0.34223771926222085,0.3551446048257778
1808,0.49448076668097746,0.6272641604268673,0.5324012663552085,0.385190281529485,0.6167800802346765,0.49562824348308515
1809,0.6194232195205426,0.7178763530171665,0.647190321356067,0.3040740330850056,0.46578886325361174,0.6140566498980622
1810,0.7065159203795741,0.6166935386758724,0.6598857259378603,0.18066563914890738,0.5111082862517975,0.3955283414870745
1811,0.6233750813185286,0.6716515448344433,0.6377092425663081,0.33207608480372763,0.3471278774582224,0.4684205243143646
1812,0.42130218552082066,0.6970238375280013,0.6093350340340069,0.4444131267359635,0.5690156028635766,0.5709857969349271
1813,0.4152506847500345,0.7730639719330505,0.82431009646499,0.23719004085057993,0.3621358906096769,0.42475816466924243
1814,0.4838041754052884,0.8095831948744077,0.6342854676362889,0.3182636177954596,0.4138796689206433,0.23636755908705304
1815,0.746510152290383,0.8183377876569905,0.6047762938005321,0.2623976171717262,0.6220691600571915,0.389056153211554
1816,0.5163280125177604,0.7212354039401083,0.6468008473611839,0.21722210852490248,0.4363024110343906,0.5065381205274141
1817,0.3649754666654086,0.589402946045681,0.5899583790490164,0.38669052028640166,0.546292727177976,0.4792514033349031
1818,0.5181732362168159,0.5117107107832031,0.5242786620926483,0.3216638093044559,0.3240701262947434,0.55694140163324
1819,0.6145609704541491,0.8251396606337168,0.5926955596009897,0.3931043778051599,0.5196087818982628,0.49778359975169156
1820,0.4631452975109947,0.5685915061889066,0.4789379000044615,0.41603301520861075,0.412365095367667,0.45240947240141105
1821,0.6590972906033993,0.7203905048053583,0.5718750487505034,0.31637916998110954,0.5131841761504675,0.7242356986114928
1822,0.3838389145757797,0.555911432746063,0.46980886479676226,0.43895873271645314,0.5111088094945516,0.4656538988983232
1823,0.5171931597946092,0.5146241577701445,0.5798990798639024,0.37883139419607764,0.4696626072214136,0.6125167236337341
1824,0.5114750256732452,0.6364197430372305,0.5287705295391784,0.4450944331782031,0.5566403545040778,0.4264101997042573
1825,0.5435435309643905,0.7021425182848768,0.6018522123193613,0.6246169157909646,0.5198584869346725,0.24220371022688747
1826,0.493038160671167,0.8365992437630694,0.6319207480857065,0.5099453126421523,0.4010919567602509,0.3960987995894754
1827,0.500355053846157,0.5627199077998256,0.5626544645287388,0.4710224480100501,0.45427837675287447,0.36546272802257807
1828,0.6623784784487412,0.7897264273404607,0.618864319659745,0.2933132618424166,0.3969465572219218,0.3114319733371926
1829,0.6057783004213254,0.8145892448183305,0.6398258114336466,0.2738570620223682,0.413255875416694,0.3742991139305868
1830,0.43941255597455997,0.6474368727049036,0.5894905607089223,0.5024508164805773,0.2592996256549487,0.2807478298774746
1831,0.4221655287041704,0.6492626007928626,0.5275517376597136,0.39470662457219463,0.5691057752759747,0.32846936266642524
1832,0.6984964175029819,0.557539317065376,0.5004621534583771,0.6620830152071656,0.6116131405690584,0.43453544263465693
1833,0.4533409614472172,0.832029574199682,0.6969060309081685,0.3777136408959487,0.3826145306408617,0.2759289170985678
1834,0.6615393190153622,0.7255046700318712,0.7650825768880424,0.4463115803688375,0.17917704839592502,0.24013425084821072
1835,0.423254898855279,0.7763161970548434,0.5720960620417247,0.4910501713774377,0.473512660907771,0.32318401954870096
1836,0.3779719910953686,0.7928814243817273,0.665628850013627,0.434571142409136,0.5636793295966482,0.4372629619891275
1837,0.689513563638803,0.7390138379320199,0.5367705306788354,0.48926202758197207,0.4917388915437733,0.4530534316009619
1838,0.6379858836645194,0.7139128012002335,0.6251714798853253,0.2523801965820135,0.5901861741422681,0.46302756588087773
1839,0.5219964265906268,0.7237698191941551,0.6883081060617597,0.2943380942900888,0.3737279358432497,0.649442336036007
1840,0.6543094124943604,0.7508908943400154,0.6184246833579654,0.1901537882854297,0.5069338860771854,0.3466915382787903
1841,0.4006958328742062,0.6687330399248643,0.5685321758352755,0.2977197467112812,0.5585434601582306,0.4137224892628841
1842,0.43567022760516605,0.6034250254271277,0.7506773708403044,0.383591163728045,0.27471010051288314,0.4739365077720829
1843,0.3135143306209107,0.6769490718731499,0.44147519118468104,0.3654836013179308,0.5428511779792444,0.39444575343592686
1844,0.5715097576880387,0.7704597966834673,0.5968821751108363,0.24783732075988074,0.31066043401091403,0.3100927351503982
1845,0.47435781945377176,0.6627966141831736,0.5548176469453532,0.44072943227969635,0.6171566457223727,0.35574670852073303
1846,0.5706138222961614,0.5326644780351116,0.6387186008760479,0.5300633032529485,0.4380676280978494,0.42978141912285567
1847,0.5330321065884983,0.7568611709310235,0.6036371295271126,0.3623392257740256,0.45804385957502786,0.5291530256156988
1848,0.5155156435232313,0.6941509874029388,0.6486320147516254,0.3449261500559926,0.4637295610482581,0.3240867761075974
1849,0.6113463104964283,0.6592872196564088,0.6439234006090949,0.38713627896279984,0.43831317444171053,0.43722181631981794
1850,0.3923378625820638,0.7704088806706006,0.48466603718459506,0.5106871709125615,0.3268211687912111,0.25441713308724506
1851,0.6254968819327699,0.7785284493467721,0.39734487918429917,0.21414319178407992,0.5243759508702938,0.39145944006036304
1852,0.6029356260647389,0.7699852362684143,0.5168413008953291,0.28821417656681675,0.39625037010150904,0.3909907297356288
1853,0.5624501381761057,0.6556235333272966,0.5235688955391463,0.40034708466848096,0.4794686402379431,0.41829602406567584
1854,0.4741518302234151,0.6743007071590444,0.5712777875009342,0.4656778222170423,0.5108800372540262,0.4830890921127114
1855,0.4702462920240944,0.66640266997902,0.4873841133321918,0.3677529740597114,0.4831112093261728,0.3954908625506849
1856,0.6288563850199127,0.5606344009912455,0.7070446941174882,0.3767383434582792,0.5013056562283766,0.483705288024405
1857,0.5376593380396283,0.8338807832596186,0.6035959253263756,0.3216880985274632,0.37317428003432346,0.28557459364815235
1858,0.6311434775853597,0.8301238216757296,0.6420283597862162,0.40533228354464285,0.5473645564173696,0.48622153504958926
1859,0.6737045092885846,0.6440126553185015,0.5821181123675166,0.3585330701226921,0.4811445746417636,0.5306092603481865
1860,0.5396869346276222,0.5842692714771128,0.6428503286396611,0.3466176464840585,0.4299273411811798,0.4457092310998748
1861,0.45709178039841547,0.7944766009484043,0.6436449886272078,0.16586864836547044,0.4422192430836198,0.5787930780063743
1862,0.49088986759937403,0.8305443363577517,0.572313691651189,0.4090556329673897,0.47848070971278195,0.38079766461151093
1863,0.5623088483723611,0.7590958582599501,0.582107637590885,0.35245994805276165,0.20837498261297036,0.40797581015861817
1864,0.42001577804802354,0.6736786330761455,0.5029812805728693,0.42155742128961293,0.6130670847259856,0.5379129763374371
1865,0.5974264023545693,0.7252697329320844,0.637327656153471,0.3579160520889052,0.36599664179387054,0.5183940043184587
1866,0.445059064118175,0.8163411397636745,0.6622993058350412,0.5422499692815652,0.38635625855033773,0.3996406399659551
1867,0.4781442091046806,0.5908658827684086,0.47605306955872184,0.418013223673236,0.488004861116118,0.27161293337377884
1868,0.5181491262438583,0.7698508519645115,0.6032314476282858,0.4858734381012841,0.4277112518143855,0.501993622978087
1869,0.5169289215271675,0.5178312283563025,0.5381697300089398,0.5148308532115841,0.39653668059465913,0.45866883296688826
1870,0.6103526709626153,0.7556893377376553,0.5351065950899875,0.18021249966554184,0.5564109647240447,0.5609593708471821
1871,0.453552761480089,0.7084267329367386,0.5778435599482553,0.4492690596412648,0.3852391788782529,0.4943156930176638
1872,0.5931275518222067,0.6758088393995012,0.7116737341655677,0.37469258770519703,0.44516558496149305,0.44670809522658617
1873,0.5035421464603652,0.7065702440978152,0.5243304196456912,0.5334790031840596,0.5266722041567028,0.35602907531754713
1874,0.5770761751598514,0.8532588098818782,0.46873914670420075,0.4569018044937244,0.3915080653782585,0.36980831387529733
1875,0.5299840840140362,0.6845666203707919,0.5562147270374289,0.2998334228082546,0.34183227863618265,0.4398085096379856
1876,0.39110481165554406,0.7935865506505881,0.6411653782416227,0.3616483890398779,0.39565845607624395,0.20479142241633647
1877,0.19809181320715552,0.8306787981964228,0.6561476281821992,0.23803556257471606,0.5098303500365835,0.2740899366018508
1878,0.5996686455167592,0.6675231678235494,0.5269136039582972,0.32228846563793134,0.4611661895632228,0.5327925230454682
1879,0.5754631653117582,0.6819945315306853,0.6408477588045418,0.22796963320540867,0.4272626325522303,0.48193378705761686
1880,0.6172609664636888,0.7684950206886809,0.5156246507014343,0.26989985247893183,0.276468554990592,0.24238317748181257
1881,0.5991629122791339,0.7382156536940502,0.6185481001292725,0.2967796574440068,0.47866437500873915,0.5022135339496967
1882,0.5100032016290516,0.7131540737772469,0.549532144132572,0.3682505903806242,0.4003354985508087,0.49636366167005147
1883,0.5442796415171447,0.6552835820548432,0.5557455070003894,0.4747320655817407,0.5433923093025945,0.23882735153564938
1884,0.5229960545066805,0.6729707937418579,0.5857156160211258,0.1978842202539727,0.497723652957346,0.3581966794151361
1885,0.5132646608246523,0.7665127945434622,0.5262465306776134,0.41421527208783926,0.4523570101018791,0.36541019472139624
1886,0.4470482111430523,0.7023772983109295,0.47242778694404036,0.5733327917862652,0.48237759837532707,0.3957743438991252
1887,0.47276649695893863,0.571687035104225,0.4519300088219749,0.45090532260410804,0.46993586168713786,0.32535349914601075
1888,0.5753920880017014,0.6570820293023987,0.6799995621990613,0.32337166698543285,0.42288805020584347,0.43215754612131513
1889,0.5430473679366585,0.6329915863986258,0.6004119049700017,0.33879423709287126,0.3595451915948793,0.46670120326846987
1890,0.513352961197961,0.6667728612652662,0.6830664486895697,0.320105800368995,0.4614214979743536,0.49378699161098083
1891,0.4988715173869303,0.7197878921961355,0.597947231932345,0.500353655102429,0.6406910325453015,0.2575140568647318
1892,0.4264696328530089,0.8677702092713193,0.6549412517069798,0.39177644298214515,0.3210909362629462,0.2212304404647428
1893,0.6630817627885106,0.6831557925804354,0.5258640283528719,0.2643209165801512,0.48764676565133147,0.37707716023351917
1894,0.3746472130622291,0.7116914154668342,0.6273861480447055,0.5968702262564299,0.4560333321661565,0.4304732801587088
1895,0.5479567422793632,0.6843556507269577,0.46671065944998236,0.3328890143584409,0.48587940273111113,0.4324300713278178
1896,0.4843186226866414,0.6869190122490991,0.6339661342025571,0.35662895783236875,0.25062919303030406,0.34530696345175543
1897,0.48388502600058053,0.7615297637699423,0.6899956618699912,0.4010251444503161,0.5968424605200097,0.5413278173160744
1898,0.4801208942438688,0.6889374799239056,0.5515221094280486,0.340130373369342,0.3356546248572055,0.415013711942478
1899,0.5393702116729934,0.6089051120252065,0.6865714695126786,0.23059809842327098,0.5515389860913164,0.3593084655602924
1900,0.5182861736076072,0.7869361579486475,0.5655311407836487,0.3611570917529836,0.5218161393725589,0.6653039349351766
1901,0.6116312177432106,0.6004338692854032,0.534742310383575,0.2669308528078642,0.4136122232250118,0.40934940629279576
1902,0.6006149528229955,0.6643454713991379,0.7179530160291872,0.5640519773235659,0.5716193351986234,0.3507724512271276
1903,0.6051650293789835,0.734089233833712,0.7191774507589707,0.2654641759392107,0.4712407043457726,0.4955991631595732
1904,0.5723943021844653,0.8055730745863149,0.4177213563001622,0.32088915712273514,0.444019370023505,0.32779582013140823
1905,0.3544423040791722,0.7232056896948561,0.5277692267355436,0.4855496566647755,0.45132825702794455,0.455315367027099
1906,0.5876612203961707,0.5810243897984553,0.5488022665605905,0.3222766433585827,0.5119553931112538,0.5036434669282936
1907,0.3924003268433979,0.7718174293646995,0.7121249757842921,0.4941592717589445,0.348801860684634,0.3529304279364187
1908,0.4915914075119996,0.6823588182737529,0.5075792089711918,0.49198194230139314,0.42612192298412965,0.2502243833266733
1909,0.5847030166151456,0.6922547508972642,0.6319289740591535,0.46314422023633817,0.48239974852689543,0.27368562387170187
1910,0.4769209688882181,0.6627694037938308,0.5858624719790815,0.4302770686384336,0.43263041763140697,0.3987659235214353
1911,0.41266505773865164,0.6998613365293395,0.4866981491086242,0.2849618414007654,0.3745796202315481,0.3340911130886989
1912,0.7069453165203007,0.828147830026366,0.6755626101671368,0.45901667121611955,0.4727429930463785,0.3294581319347862
1913,0.6906502684454976,0.8390220584161872,0.6121322386868164,0.38037869436814337,0.48403774391460386,0.4558598716770985
1914,0.6036765564412963,0.7798493926374572,0.6186562254042524,0.40711997228822044,0.48188198117907205,0.3900617368731878
1915,0.4712925399841501,0.6896875178386969,0.5154854914180951,0.25939190451284766,0.43279577862891966,0.3063449858931865
1916,0.6321765637727076,0.7237110180465145,0.614444953453265,0.3544140283307652,0.49572908361278034,0.39278907253835155
1917,0.434395200051442,0.5540875924268169,0.5259336061704436,0.5003803534669198,0.5561519938552205,0.36284142194686647
1918,0.42688687417782367,0.5156224381356715,0.6538806973157798,0.4188183616236622,0.5496388106719996,0.5692162861336869
1919,0.5714232978835901,0.5179826036412487,0.5754730441464195,0.4266933625158783,0.3850880945996263,0.38860856114728326
1920,0.6261370486712493,0.5930767744951012,0.6402942067579943,0.3252351664442733,0.6192659074824082,0.38202385620646334
1921,0.6209098719655957,0.7769058526794277,0.6735620784144392,0.4460037722645664,0.5761166116186933,0.3237911007445684
1922,0.43725432206700293,0.7049936369450631,0.47037260447485546,0.5366617022193675,0.4803775805437269,0.4014458074485619
1923,0.5714140099348718,0.6103882786912385,0.5781233707566159,0.34431083352358477,0.46952469148308135,0.40797534699445326
1924,0.6365862299517105,0.7111862502482129,0.6122839747616649,0.34963051913480486,0.523584436776164,0.49839834634890895
1925,0.3330128484837238,0.6862682950989331,0.6209461818077325,0.4418024283088295,0.47785106038160163,0.6178602632251812
1926,0.6694378469058285,0.7499929303935499,0.4774043693398967,0.49958965686400436,0.388744390210337,0.2881295080545495
1927,0.29921453109140744,0.635686404573238,0.7972535918177018,0.5202095075328154,0.5358712521097566,0.5129076010472753
1928,0.6266860066903264,0.5536061996400095,0.6455068273783579,0.2667911525145895,0.6036477480438236,0.4490564872564635
1929,0.5050860796819951,0.7383643637262562,0.5723477034788851,0.4800081132292246,0.31630745253966136,0.4306437397466076
1930,0.32702773533227036,0.7296399626641615,0.5235750749242813,0.5217720752313642,0.5850482253711818,0.38379113584770785
1931,0.4785753440893953,0.9154152237026766,0.6556982898164928,0.3848853507136568,0.44460967235995175,0.3865608910104451
1932,0.5282517307817656,0.7582204144828509,0.5294076540030362,0.5239877051255835,0.3600520462693423,0.3107707241160411
1933,0.5113864116336758,0.5655908460745342,0.5620327655470734,0.28256192359551013,0.489891822029174,0.43360899276976195
1934,0.3119211668006903,0.557847886091932,0.7070034954715224,0.4935984879493875,0.40707639800444184,0.4285031764972895
1935,0.41014696715878757,0.7940752283763811,0.7632665594023087,0.31927500327646857,0.3954460090330696,0.29583220540596594
1936,0.5723905581078021,0.5508142285722696,0.43609017853186105,0.39439832501628574,0.508488146348649,0.33033260007753246
1937,0.5397140318602487,0.5267328645065485,0.6615004711437766,0.3864708250179122,0.6211600212108074,0.47284911970975047
1938,0.5445447563465668,0.6106465223871513,0.5995185612362604,0.3435787235878957,0.3872537372455697,0.24775174922344673
1939,0.5135997579224889,0.6412638126523333,0.5879442089620204,0.36115645559686976,0.4050588404375483,0.511576836726704
1940,0.600627423121579,0.6520297104350776,0.50478180210317,0.45831544615020037,0.47076021870582363,0.4410264004099178
1941,0.5563203414861185,0.7671948441355524,0.583778021511611,0.335481628921039,0.42363834177371373,0.6371569898164267
1942,0.5560713913028541,0.6098169752466067,0.5266356419860542,0.39674529247310786,0.4298046962707127,0.43458227773709757
1943,0.44391516564308886,0.6964481385330936,0.6039984320959427,0.47666986299367364,0.4441862756567184,0.4367032577932826
1944,0.3896932414466745,0.671193114578244,0.49723568824896053,0.3255954004948187,0.485548987829209,0.3799081077717924
1945,0.6001447190442628,0.7073155902560486,0.4579732763992613,0.555263260964932,0.4703273532382747,0.37355647974526623
1946,0.6204685556974499,0.7919454986817379,0.4981414802646107,0.49872870086684185,0.5756770291850728,0.5705353012136453
1947,0.4059489488977976,0.6437513083149706,0.5182242411102798,0.4726083023380029,0.48150580095241985,0.3668740577263254
1948,0.6281268394422095,0.8858627549923295,0.6824377220588809,0.31790862140558074,0.4488301585095987,0.2935879973928496
1949,0.45821133491811206,0.5422260445126084,0.525467910055709,0.3447014796414929,0.6604778410687564,0.3969829209288815
1950,0.4891416520457413,0.6474654896986383,0.7023577183158896,0.5088212920121522,0.4758596791158141,0.4620255877643702
1951,0.3645557736453742,0.7169977809511193,0.5037052455590816,0.4180021226612708,0.4266923738105529,0.43834150756635337
1952,0.38236974711214117,0.613590258539909,0.6423605336909707,0.38295758098690696,0.3631957556607964,0.30482682452887977
1953,0.5861429219210411,0.5927182552231037,0.5697204781412871,0.4473446030351259,0.5136288055719362,0.20432034951821373
1954,0.6308668908224501,0.6624754829486095,0.5452886015480313,0.26999767392706653,0.5069704889745567,0.3951024440010735
1955,0.49400596426974225,0.5684668625336311,0.7288174115288619,0.38121618807310986,0.5137461568947366,0.4883008930797324
1956,0.5717354298781245,0.6890826830450874,0.6243449851246057,0.36305795143764885,0.4895807923970646,0.5381629109823579
1957,0.5327572690341005,0.7107579357483477,0.4468398558052187,0.3384286136020836,0.4333539821960371,0.387057949191069
1958,0.4357481633036794,0.5699956722408447,0.5343329494703122,0.3854144701540807,0.2551149427665205,0.2683875869021227
1959,0.5660817692906805,0.571913205110577,0.7187947474726406,0.3511648456681171,0.5130189244141953,0.38472848760197464
1960,0.5403823085192179,0.6866936787203106,0.5401438526838477,0.4702388206193617,0.4431937602720032,0.2854609345691184
1961,0.6284424365905459,0.7557914763957682,0.6331850263401695,0.33765566902897404,0.3579827585704788,0.388048425385025
1962,0.37964248174495646,0.7288103984428985,0.524077507848967,0.3643684842815327,0.40318639808051715,0.5390348825173369
1963,0.5088260389151347,0.8367507016381206,0.7046760524138954,0.49478892469443403,0.3607542473094677,0.25832968183688976
1964,0.5431587777766889,0.6763490379605871,0.49044587091038777,0.3916182852129046,0.5168623726124093,0.48820854083869675
1965,0.6242919457156421,0.8137847962959154,0.5091087575445417,0.47676379697015264,0.46034777165802887,0.5447562359867861
1966,0.5568192679595888,0.7100810130650784,0.45830275793587233,0.31311897296282815,0.5289053544541157,0.36506768418780505
1967,0.5031947134859475,0.628426309137253,0.5578724032164761,0.4540493514469358,0.3777641894538068,0.29181716831532495
1968,0.5824800054932379,0.7930986652090617,0.6235617892356959,0.4285979975294388,0.3507215079617001,0.4085286911383909
1969,0.4323778016618346,0.6593883487067367,0.5597363098899762,0.47476180130412143,0.40818936306275994,0.39853831380604604
1970,0.5120055877247047,0.5425006521922222,0.6028193577877144,0.38915236217754684,0.4957238402223516,0.38282542344946957
1971,0.5969022655849634,0.6972520370211521,0.5653330960028525,0.48218136215021706,0.6960735972004781,0.46202835463138453
1972,0.5971709545818935,0.7503833063594809,0.6773149331413626,0.39529939549330667,0.47820452180810435,0.3448734133980887
1973,0.549824640217964,0.6776308821892811,0.6057319616760061,0.27006299101888204,0.454075467413456,0.2832285857066448
1974,0.4576749852880776,0.6892632095393897,0.6147178585507569,0.40962751818463716,0.42988961382698343,0.366927156177556
1975,0.6197350788327254,0.699071205627911,0.6612109512494238,0.4710144881403264,0.42915650030375335,0.4515165783751717
1976,0.5056930560831961,0.6973526147954363,0.574163523216891,0.3991375359324938,0.5284156780394771,0.29169387791237383
1977,0.5000854526163495,0.6576812647304494,0.5435825029729691,0.30175022682676567,0.5504039128143998,0.49161897041749636
1978,0.5714223112616675,0.7055261821835895,0.6803730494418452,0.42166982757645133,0.505414261294476,0.4439909784625616
1979,0.34519354119706636,0.6162701908283773,0.5820202033343197,0.26251530363244147,0.42568669199870895,0.3692019923640627
1980,0.3797964946149378,0.6983385965617863,0.6186140466712673,0.4645110219806784,0.5893633777987721,0.3011439793230305
1981,0.6043797334853317,0.7687856808292483,0.43812952235472896,0.2987880757224262,0.4202725805044962,0.4595133196782808
1982,0.4810779774590017,0.8130441328779877,0.610023081348534,0.32623792515116845,0.3195421849440549,0.4888155035581555
1983,0.7110358064466287,0.6398132145405536,0.6346373180671225,0.3667572030778044,0.4401614828969846,0.5962512137312915
1984,0.5069619014344882,0.8514259738781603,0.6721727687372961,0.41420102273726267,0.3962891823522967,0.34363997142655767
1985,0.505649082325556,0.7256399608818731,0.6723758714577788,0.4060375526057999,0.4355290637364961,0.4099024180276075
1986,0.42949754380144456,0.6925812518362308,0.6030757466845883,0.5105328303551409,0.4805656576725091,0.38484726093518995
1987,0.773153180876332,0.5959048129701772,0.6212939551028906,0.5391815966175243,0.7201905824854334,0.4062575214464424
1988,0.6535292283320433,0.686465521035997,0.43516551163345596,0.5070144921265307,0.5338931147884908,0.45042756794601413
1989,0.616685979919713,0.7031282534217029,0.6017966987550708,0.4300563524737971,0.5036241442357415,0.46736487351248657
1990,0.5018818883938035,0.7915518653144109,0.4857742947876969,0.3041352210121362,0.548490431999264,0.44836662395738036
1991,0.5309264645552958,0.65618207060858,0.6275357626809999,0.44468853852739415,0.4770970552902791,0.4542924680188843
1992,0.4758975711308924,0.7147455875271532,0.4209721091668257,0.33742351804480236,0.5426215615835294,0.427007840726873
1993,0.486679187850019,0.6044624443016462,0.5096182668366752,0.544507212955478,0.40242039096622234,0.6673533288347985
1994,0.4675330589585059,0.7286267158614599,0.6444487027999323,0.37316257356250704,0.4525083041946351,0.3776113604252385
1995,0.5793569646699266,0.7230552229813875,0.6410887939632294,0.31980684893477274,0.528729686393923,0.37566113171152665
1996,0.6282919971940013,0.6561591598060087,0.60849353371245,0.34581021262915734,0.47482662010490145,0.44519412652313656
1997,0.43027245320843055,0.6043003161594181,0.6929983618527213,0.5040925158139749,0.3363935665683815,0.4267585473866907
1998,0.475412626200944,0.767323648955989,0.5380935609004664,0.483555410949175,0.46183428824923284,0.3468859128162751
1999,0.5407032913007377,0.7008930857931595,0.5360076641231214,0.40359919349841444,0.4333919590664655,0.4911118281918546
2000,0.6152310069071476,0.6231660201934327,0.6690556588963048,0.4319840978862444,0.5775281570161636,0.2024029339301885
