Run,APR1400,EPR1750,AP1000,BWRX300,RollsRoyceSMR,NuScaleVOYGR6
1,0.0064957443813409696,0.1387279189680462,0.04056194921768523,0.0123379298004817,0.006713834258030547,0.006056450227393715
2,0.0025807182580780456,0.013368750605887972,0.3950420438698795,0.015241811407339746,0.004045776327461206,0.0024066541446841018
3,0.003788530500646877,0.006329370902613016,0.4046782656352312,0.014539146642390675,0.0040256167134576516,0.0030496685970018353
4,0.010356147892584025,0.06721164839072523,0.043797075284847935,0.012680375962622017,0.0023718118360709205,0.0020823435838076506
5,0.02115859430000626,0.011534981962093353,0.00425545113753679,0.0027530685753363697,0.004985708167270898,0.003988319327189519
6,0.010171777341917859,0.009410394052520667,0.010877959957760246,0.0033839682318854273,0.005228446183452966,0.003282296065659337
7,0.007682240606868174,0.023775858974488393,0.5533844606476398,0.0068825480398809705,0.0021481157615204655,0.0018543993065624335
8,0.00647883341563987,0.005022125168677901,0.30675450512849806,0.015103380881428268,0.004349383225103711,0.0038684416282106474
9,0.004515464085726451,0.005385335213002852,0.039313529408001605,0.005487143637769262,0.00404703610917942,0.003408530736451884
10,0.006817078809213065,0.0043267363236851614,0.008303783711750274,0.00652403879372338,0.002413715358332112,0.0017817749277476453
11,0.014518071957419831,0.011164862755809224,0.026615921191697645,0.004162996087098734,0.0057287206809349765,0.0050677603775763
12,0.009482742122493424,0.003602516594932044,0.03346192016869198,0.00546042611609898,0.01171505339582838,0.0031728879061078217
13,0.04406682763393827,0.004101189591720414,0.4808534628067402,0.01166854447816573,0.00219470879711119,0.006141628376825077
14,0.02069274335677236,0.03866592682886719,0.4871208830310541,0.007819819661494611,0.00434041095126535,0.005055347119703608
15,0.006311972177609595,0.005236312314197702,0.020862418377827346,0.004589285920984445,0.0025594447482666168,0.0027833571303844205
16,0.013132076019480517,0.017407088799299742,0.016999460626526366,0.0026011619117206836,0.004182389111592414,0.0027092229760474753
17,0.014239001106168287,0.003874787895423866,0.009920869451024307,0.005398173749021712,0.00419244161065448,0.00226578595355404
18,0.004336813527977548,0.33207988553763895,0.4763776249205049,0.006564222667180972,0.004675185855446172,0.003140028423740116
19,0.01005000310417156,0.016976072318084807,0.02255448815077111,0.0036285494836784007,0.38236968195673554,0.0023688527107099022
20,0.0024175039943068162,0.04494748565847018,0.01532234044087564,0.007903205380777609,0.007933115368914272,0.00866604288086705
21,0.0042594555596969915,0.0030074805992487204,0.007469117316850702,0.004323673591093329,0.010642660417285399,0.002070162750498064
22,0.010499133930497721,0.5403862506992069,0.11829148930622538,0.0034527821607345643,0.0029216173896339866,0.011542594289967989
23,0.004629811403154437,0.004444112568148944,0.013715829169664911,0.005332575761872865,0.005110163681147988,0.005897365918217972
24,0.002270813040098887,0.015487283718176351,0.005883707200106644,0.001424464251229593,0.004966802314411762,0.002331274614784528
25,0.005805243444556037,0.009177338898503766,0.005229898394278821,0.005254836453227079,0.006146598472315089,0.001596046331319156
26,0.004425226451744163,0.013103776126917507,0.006256104963350553,0.002899346641754152,0.004555267127598722,0.0033589067863005937
27,0.028337149668337176,0.0035245085257577732,0.04240296192609093,0.012650408828177626,0.013011672721921722,0.002396184672771081
28,0.01994656036154358,0.003247385399160197,0.006479508299800115,0.010828621740684474,0.013706579368899784,0.0024606518740688007
29,0.014906398288776344,0.24255335642191103,0.4389284874052951,0.0017925192328966956,0.018827841672771805,0.004636997847340195
30,0.0038721371278097427,0.009393771898968683,0.025258401659601727,0.008102195274265948,0.016860253174549828,0.0044050027311020685
31,0.002474029701621057,0.008441415139496469,0.020166983604946676,0.02323342657494228,0.004352998455244037,0.0020708359916580123
32,0.0061814247419885926,0.003291153222501634,0.1757189361402919,0.008953233583547276,0.006042188113647141,0.002327854285608977
33,0.03911327994922018,0.09830648579950713,0.10391536892518863,0.0033816593950963853,0.003687346847999218,0.0027791740268230023
34,0.004550955613126722,0.008380471989790403,0.031334306872706864,0.029194283313409102,0.007082424776721325,0.004402567906079582
35,0.003301467158128813,0.01439923885088022,0.09282098421217186,0.014456888474778369,0.004834378295390822,0.0041171555310809
36,0.011691752636141238,0.006791680373003039,0.02545744616783417,0.0030685137989606265,0.008123761892934137,0.0027456337003646278
37,0.005864303430655421,0.003940029235403906,0.10096539296395039,0.013620113958216242,0.017298575052429686,0.004731201137097265
38,0.00243386256102758,0.009718817287773187,0.004379312551836257,0.007718166695319591,0.007679803090921244,0.0031120130047856067
39,0.0063092781923503845,0.011350004066417648,0.014683086129812064,0.0031085917268074614,0.003945007479206567,0.008553282438847681
40,0.012855441724899778,0.03908219896410452,0.037884820356768246,0.002838126181093123,0.003974782714532067,0.0019510937629250843
41,0.007800020106995865,0.019908566819611926,0.006983427948571554,0.0027050705630078994,0.0027376734546650143,0.002185696110024359
42,0.01118331895026001,0.06824893864002082,0.6494321887711691,0.005165647142924465,0.005728044261777192,0.0060920795500619745
43,0.01258585505231248,0.0127476989282403,0.017698871838062517,0.0032731501159022998,0.006891535083977099,0.0028610420095215097
44,0.002644211249087676,0.010202659783610638,0.03816373638456763,0.004263334816670088,0.010672382007777573,0.002965324265484193
45,0.004439749023161228,0.008629818942171548,0.023614381579346398,0.00430887983515542,0.0036742209444861926,0.001828191420849269
46,0.003149709086637271,0.008597161000302705,0.010464659153907103,0.003690708276281765,0.005802754372397471,0.0044166591622001716
47,0.0023614037141437747,0.011959449399900809,0.35725205392765574,0.007771910295667006,0.003324625969700395,0.0017109213855913577
48,0.003597500829124031,0.004599538340534735,0.29463398071030195,0.0031186913422267416,0.009679199886180255,0.00795150159976453
49,0.002502872406265674,0.0152325850618133,0.06785665827924335,0.004534729076549441,0.00500656520340685,0.0038503671202942315
50,0.023314756684449076,0.00295253218150982,0.04193450014691074,0.007296415743704475,0.003330924221185285,0.0026103826151561804
51,0.0034654794025916744,0.002951577522089062,0.5759433350386464,0.0035224775454809035,0.00648161499962401,0.0035041271919134032
52,0.009762110378826572,0.023166490580803792,0.42135417772989586,0.0037536212731486647,0.009755540519017896,0.0032748379890144095
53,0.018699608715728153,0.05686112246295218,0.0092863351957786,0.002948588507254228,0.00423699108352563,0.0025683720433569398
54,0.011355152238444532,0.017029734947668962,0.004384889079700698,0.0031619498102502604,0.008646279376776478,0.00769536004874299
55,0.011047554356126399,0.007053590842792293,0.009322279706964627,0.00951475623892537,0.007310078264965329,0.01356744463610242
56,0.01039101650713907,0.005437947444664461,0.39688772563810093,0.00274914780034242,0.009458311648622288,0.008673306615651648
57,0.007542620441500744,0.0035095892707222923,0.5124340462782108,0.003098963592866205,0.01290051441119766,0.015003840240517145
58,0.05147567608709843,0.007344682223394779,0.004545573437606631,0.010159006788856721,0.005048652658137279,0.0021182930492631307
59,0.012365138441452119,0.009606378897079867,0.42899185906014387,0.005876207536161582,0.013351037403074008,0.021372378397747097
60,0.0074797861944694705,0.009080485708529559,0.032874822313580326,0.013537068655606865,0.010510705837829027,0.0028278074230939977
61,0.0030478179587181834,0.011917482236569993,0.009633788975029456,0.002416799184036019,0.0028315447124183935,0.0034575427829940902
62,0.004942659371620637,0.010529327592380292,0.22144301360372004,0.028778627293685827,0.015575703185653409,0.0034178600431830236
63,0.0029161458266766644,0.0036361808000682947,0.003730576630609119,0.011192072028946337,0.004557382043949344,0.009129386460286317
64,0.0075207192207564265,0.010971791140281491,0.03236460573373893,0.014214101148646437,0.005343669223996833,0.004249035405976867
65,0.012539964171100015,0.006665195013924262,0.08703650601725658,0.004270972016846564,0.03122340232222637,0.009965430259062007
66,0.021820143248911184,0.004869602021336333,0.07166466073108163,0.005614582916293631,0.0023177925748182828,0.0030979476164360456
67,0.0033984590172431535,0.010992144451848767,0.3337215055510257,0.004866346485984533,0.002182669876350283,0.0018722755348516732
68,0.0038363413862550627,0.019829783726207764,0.22152738160019872,0.003936432947657303,0.0032862298648873227,0.004764997786104852
69,0.0023470772870445356,0.012689632483333355,0.025655161090858778,0.002828246239783857,0.003909102046885563,0.002097056011554228
70,0.003810972832114774,0.009081190414455083,0.00765341087363118,0.0018456389793362368,0.011159334146789976,0.007663568980275694
71,0.0029087148220515243,0.008724795095289449,0.012215698736461951,0.009553535178465111,0.008423962881839145,0.0031274118050922148
72,0.005033767265210609,0.004280656603555358,0.0075685124459279685,0.005979424509491474,0.008161302705489423,0.0030902414405758003
73,0.007147601037667464,0.20232592836880325,0.34143883842392353,0.003173807149833585,0.004272191735645937,0.002985195529718589
74,0.002859385099504798,0.5380408889481022,0.01741895413836142,0.015013239310658318,0.0019242049300604897,0.0021154129190257337
75,0.004567941532618969,0.011128191525909022,0.016869889775048184,0.005246281835079765,0.00861415123259796,0.002607228135935542
76,0.005663639362390601,0.021144197324420765,0.006307747109416095,0.017390710171915236,0.006776744849771308,0.002772819751893525
77,0.005174447137993357,0.009256413339183757,0.023796735587452617,0.002288770990485834,0.01128532452279178,0.004216803264335488
78,0.00317410779122142,0.015025318521636797,0.5335667114181193,0.014402667410742085,0.010714681171703213,0.004023388440349805
79,0.006814789355107361,0.021611445388951853,0.02131853744673849,0.0039174842814664644,0.015025760967641843,0.006328574965985682
80,0.0040973201446069946,0.011516296480365321,0.011013286500347897,0.0024861164535586273,0.0114340554433091,0.0035703922098196104
81,0.007162537906215686,0.012667939887371842,0.01567062547441117,0.002606401807425378,0.05120875750050976,0.004426285312079899
82,0.01196048693250291,0.0026588552238400484,0.6174743893667062,0.0031229721325848367,0.003685659005409553,0.00675221001385535
83,0.013643256783201751,0.028988839705428072,0.5224014517232505,0.0030927280699595255,0.00339762049554428,0.010304913343674234
84,0.004788452130670723,0.006078877262152455,0.01887534802782538,0.004193124905010818,0.005574088342429995,0.002940745231520913
85,0.006492742530722957,0.007250341119058055,0.047014514845202554,0.012000691442872427,0.05121489032234356,0.007382159848190062
86,0.003398277240009781,0.4464009809545472,0.39631321518071894,0.010937180683437752,0.0059329483247509696,0.004287371257611973
87,0.007751052929343466,0.030783053840045007,0.03371348821040117,0.004646367039242524,0.010278942793831644,0.0037466873980634163
88,0.010864706316306651,0.19114197295016921,0.009507525325193318,0.0027314773177395174,0.0032324003834881994,0.0023080258340754225
89,0.006023104376361765,0.02178196212361985,0.0067172971303837885,0.004131837584552733,0.002966968203238005,0.004292498563966227
90,0.006565662983412086,0.00987892098005611,0.005948621148703876,0.003983520589513561,0.005122361546947388,0.0113652616877012
91,0.008005340290748692,0.005950022441084363,0.007763410162515281,0.017767367216932332,0.001960830516294958,0.001780052704965665
92,0.0036079548619546596,0.03875726517570497,0.5647487327299444,0.003816456082849362,0.008148151129282034,0.004085606994093253
93,0.003767138487341715,0.010154967829400082,0.004544188070206289,0.003990415976327426,0.00686751384843625,0.003708960397698048
94,0.01216575436622337,0.0027827450741763635,0.4076118300423365,0.03300235671472595,0.02148001722686914,0.0016821752460154658
95,0.007434661078208915,0.0036542874679805814,0.005265670557081871,0.00486045846328715,0.005160820621437458,0.0016219613567819758
96,0.004238685127594904,0.009561069725657057,0.5182445332107734,0.008179245171371719,0.011117446761155149,0.0026904490734376003
97,0.023546692703314272,0.022464980714746847,0.0047388933971489414,0.014140239074847315,0.008292015730041085,0.007393656800208348
98,0.006253244178003494,0.005002727525709899,0.3881435014025741,0.00180475293820799,0.00309628082016188,0.002778502696679981
99,0.005676158474705502,0.012992070330223178,0.008125443647350197,0.002376137547550729,0.0016700361523418407,0.0016189042463156799
100,0.01690862913371606,0.3298769890994777,0.4966307354162158,0.0031217057673462887,0.0033146332978853978,0.004704708468500368
101,0.019277974956744725,0.015142133629370643,0.005490166780994155,0.005445035349223349,0.0030861812730079217,0.0025940952514629106
102,0.004742177485362964,0.006331434297542936,0.0156813048719686,0.006333930409730013,0.0060272144481418,0.0022352043344182576
103,0.0056298449130958664,0.014178509209344482,0.038434353530587495,0.0047659007413671,0.00812041562766753,0.004682051067836444
104,0.0044251125037359515,0.005116162879709673,0.49923306967835135,0.0018159197800091179,0.002667172986483029,0.006676510269384453
105,0.004994483058759434,0.010602955674023973,0.015191423131154005,0.006424894593549781,0.0030872216660570995,0.003260340752995001
106,0.005435487156111934,0.004996915619149581,0.5271385246871387,0.005720937119709715,0.003788093123842269,0.017103579131429646
107,0.0025135653872450326,0.003958774025364692,0.4432838637680986,0.009071522590238263,0.006462023794931661,0.0022154173140444813
108,0.0021782312983410846,0.004023059054145791,0.0063886169790465675,0.01502599211120774,0.006486677255026691,0.003347767519530609
109,0.012405035339165442,0.005169164823864369,0.020121321137382304,0.003307828384744397,0.0040072525725089745,0.004866224296299415
110,0.040002243512670524,0.0037041614460344777,0.015383213202533554,0.0048568276019906225,0.010496231973218292,0.0035419219201165003
111,0.008254214190825549,0.004121871652234765,0.0060718774479903296,0.006427820867293187,0.00529201144589313,0.0020535042898700813
112,0.0029161094042606064,0.0058252995598986005,0.01237430276183378,0.0045462973230433745,0.003772004816859246,0.0022131010148038954
113,0.010212033677741532,0.022845852163447818,0.6011074416847719,0.003128036371971458,0.0063749008651635885,0.0017385573185915134
114,0.004118205616860643,0.00444745695686516,0.014681707043238639,0.00472336322331287,0.0027467761108626028,0.002712498876479366
115,0.014184746294121068,0.040721858323445055,0.5492494723474816,0.014700030457386453,0.0061096208540935065,0.006372078594572297
116,0.003281750542315714,0.00529402572976737,0.0279570894729227,0.012629619755128892,0.024354846744971594,0.0028936518882961945
117,0.00813704035514355,0.013166696174835117,0.010453230146118526,0.0031381335660563563,0.016754269151677798,0.009820742294495446
118,0.004910573409027992,0.2672299270743014,0.146724323318836,0.00280879929835699,0.009896478668648572,0.006113127485742974
119,0.0025630030532966495,0.004848098667752904,0.4926647590462216,0.018071935816643004,0.0048732898131230076,0.004901235350093356
120,0.015348313414355955,0.011102962904508653,0.49356062646597865,0.003934473581138671,0.004096073506462579,0.0037178311538488456
121,0.0050492154188095375,0.005917791657856516,0.3701300080565673,0.008477142902380053,0.00939603031953085,0.00426277197305317
122,0.004009826625912246,0.005097362757505744,0.014807711145688266,0.006601674564602015,0.002400905212612677,0.00448004591223224
123,0.01252240040806195,0.027429589439580127,0.49039448270373726,0.003143609303704402,0.02339518778644655,0.008610877661496565
124,0.00540992256254823,0.1370216151203214,0.011754678483563454,0.009529730482097716,0.011621748076357043,0.006390479686918577
125,0.009209837847002912,0.020368340842095732,0.003975584433640534,0.002987723007138907,0.0031455680447871376,0.0034015773896410462
126,0.012561862671990581,0.009465496625111142,0.005237976099357938,0.00783249866019146,0.003256477996257632,0.003071968009987117
127,0.018553446424858597,0.057180029779849394,0.5067519103082431,0.02130642191181282,0.00919456408087245,0.003550316192623359
128,0.01997196042450496,0.024256987560186495,0.002641224515489316,0.0020329725721374282,0.00545858129502919,0.001644783353280511
129,0.0037489428745834537,0.007137921823103902,0.25816085864371774,0.004014531525417924,0.0037401777867374216,0.002983888068450984
130,0.009909506607650885,0.006066199265451486,0.030976249625153628,0.005752762926752157,0.005756780979988758,0.002011451986792981
131,0.0070248898479591875,0.004091974065105213,0.010069575200547132,0.004189277010490496,0.002857031531973004,0.0020899268754080154
132,0.006046232120914907,0.009053154010839875,0.055309422028695605,0.0023336704163645825,0.005519995145517648,0.00601146703195858
133,0.005607439640210134,0.006091383058768922,0.5152185032402973,0.003179844981475019,0.0034075971237461063,0.0024585471912644155
134,0.009191879978269602,0.0064117882558346155,0.03652238586160521,0.0018354103465019734,0.009788977127882986,0.010677585933236625
135,0.007692400736316032,0.008032956480677356,0.00686772496253299,0.00297526556501962,0.011822912856068547,0.003130669804293139
136,0.0033245201193942506,0.017780055776915975,0.024077640045245218,0.005492675593980702,0.0053855007232060685,0.0035873992732916448
137,0.002389682852014149,0.0027667519963906965,0.015583873990129636,0.011702561208561382,0.006844232580889251,0.0016454581226133462
138,0.026403379807632656,0.011936984185514997,0.13520465028733647,0.004137160589670809,0.0034915424422306326,0.002769705769026788
139,0.008502803790132418,0.031636424330353616,0.012466907314571979,0.007185286005297527,0.004427845620179893,0.0018276340472703923
140,0.004933243270882141,0.0036051861279058108,0.13839655087028566,0.019283402717481173,0.0027420737322014946,0.003487253268720455
141,0.006105020347434915,0.004013386298994192,0.19110861517486818,0.012288922344602247,0.0034759465306826846,0.002606646047175823
142,0.010835267344728281,0.0046095834373089725,0.033691574510143214,0.003743830899422096,0.005029846431777127,0.0028058875726329293
143,0.01026407293262585,0.009267294940361088,0.3027878915565881,0.008625492342241475,0.007653423598139627,0.004467738474745226
144,0.0037200258626686016,0.00542616842901761,0.5152378256629123,0.004107762052810087,0.0019290120497669361,0.0023515102203071165
145,0.004177505512935596,0.04082980058165349,0.040389779161127605,0.0022071602516913038,0.009715679336114993,0.002240804961585943
146,0.00468173686638961,0.006770850907723352,0.008789918645193233,0.00576822597172247,0.0019424652150941794,0.001650148333734087
147,0.006698263544283288,0.010778835618968766,0.018228748845065947,0.004507262274394149,0.004758406710383808,0.0019341984901666944
148,0.003062427071925682,0.003983410267684032,0.008544267453903097,0.0021332741543076948,0.004604873890388633,0.004520220216085921
149,0.017897993559960298,0.012697187412053626,0.5425674148843715,0.0059448212300341865,0.0027847443095668713,0.0014995049101187785
150,0.00831803295910272,0.010076596287843924,0.08530683136279582,0.012160462208764556,0.0076388714686402215,0.0032477751258438
151,0.0040768560355814235,0.012477117994410012,0.005008212735337272,0.008770553812133495,0.010676382866191289,0.005489365996714182
152,0.016957196502837526,0.007433214865960984,0.04258574868778262,0.007882159747719221,0.008914562262216619,0.0036692529315725366
153,0.022156986023770846,0.24045127719562678,0.0337539370380517,0.008846297261556738,0.0021169751763111394,0.0018017533196923684
154,0.0035143230329118414,0.00421139847190955,0.009170380788204632,0.01345435409019779,0.004025465398168201,0.0035148457081071414
155,0.013625562001197992,0.014085037983735478,0.015736227927466935,0.003000397137356343,0.004519614270790093,0.0025071005771113053
156,0.004417963278487527,0.0035609783063156714,0.3615697731121674,0.008092409002177649,0.009039434555494554,0.004633829453920316
157,0.005511856586357338,0.0028324768859746908,0.0418156053664949,0.0028171579480912616,0.00886389911191532,0.0031587647792990585
158,0.0039561901607737685,0.003626915998943122,0.01236904556361978,0.0035919020507691724,0.0043135135119138175,0.005906130220456088
159,0.01891377310781038,0.38377610611891605,0.4362744241004915,0.0029038939075657377,0.019964734133284368,0.0040743939382516135
160,0.014903382188560042,0.014563774856681743,0.014626450466826925,0.0025129488227285655,0.002799931680959569,0.0036994921634534803
161,0.009657845347842291,0.020260449846514553,0.0068554032044437375,0.004260680289537098,0.0033019991069091876,0.0023811825408719513
162,0.00708303251546575,0.011653820877825544,0.011517386907220052,0.004624146483977215,0.01017511812622492,0.003057994780484665
163,0.024217886420986802,0.35618866603157345,0.0031118185726254676,0.03409831648928876,0.0034665070304171963,0.019411494486873983
164,0.002989285272775326,0.014974468601490928,0.03326989147093113,0.003335566357210698,0.01272701520003392,0.0026033039674267663
165,0.01751495049201972,0.005951944515802473,0.4843879094409694,0.008481998239550188,0.008493419290625734,0.003728128580913569
166,0.002698029690827927,0.012457044454900697,0.5143027471219839,0.0050933098186930585,0.0019251431903226548,0.0017501552284632936
167,0.0036182582913508224,0.010167734630775485,0.0412752850357443,0.009577157471692379,0.028896264814462953,0.002991594904254328
168,0.015507702979962165,0.0073323217075143355,0.003730403630129344,0.002845983360368686,0.015833833658996672,0.005410000887096271
169,0.004626083880547906,0.010194014727968994,0.030879569734651453,0.002802378240290673,0.019543321767421643,0.0017590485648587054
170,0.006905538080688859,0.012317267495138227,0.055568265475433656,0.006745113733550415,0.003671061819355387,0.00880595164360257
171,0.006492286393306779,0.008787837988572116,0.3237461228802425,0.006332463036199384,0.008201801324336807,0.0018487199762438986
172,0.014266136370885439,0.007707844697763773,0.007439198456100234,0.011416334820991416,0.004940297103329521,0.0030169407847346996
173,0.013753354477273792,0.03842675283067119,0.4294111547910486,0.003887905748023446,0.014797459484350123,0.002614513505163254
174,0.00304434642267432,0.009376181487857106,0.022257073677615067,0.0043022091834219334,0.004266053161370676,0.004013259779751791
175,0.005637139596396222,0.012489764089878628,0.21130201512260824,0.0029538971462259797,0.004043705122477714,0.003102525264857756
176,0.006062818090650569,0.008081836654755441,0.013118514534036617,0.004245888310021453,0.0036864933032295455,0.003068302456018249
177,0.029045792622144934,0.008164884946879941,0.05153726609050633,0.009389110929846787,0.0033976069574143627,0.018028343500716713
178,0.0045667504857635184,0.012312138119665191,0.011676013805226084,0.008041370548610979,0.005683449811701875,0.008991128079308774
179,0.011965005129139278,0.011454254105310018,0.06986143786683698,0.013735297168991328,0.005628530498313867,0.002622181337667442
180,0.02559463171228538,0.20036200787936184,0.34791933066846364,0.003520061407512079,0.03786897137143405,0.008983803851931402
181,0.014827606168211944,0.0068445118777386476,0.5244496372502128,0.0031642562957427543,0.0030618838762364277,0.006232638880412936
182,0.003362609441357069,0.004727777193968667,0.003948386637374959,0.010743407359012174,0.010730768913407534,0.002475591072818649
183,0.002746562135348569,0.0033066299205459504,0.005966588175339731,0.0026599828595026305,0.004507509465276564,0.01033904245205137
184,0.029087279931548107,0.007702775445509034,0.15664653261328318,0.0030160873909983055,0.012053920509549662,0.00251206784019768
185,0.0029688721526961435,0.019465513522525065,0.3256743126670454,0.0049588538488220995,0.0031854858610474808,0.003446161360810996
186,0.006103476177833642,0.4084530107688701,0.026250036424477288,0.0047599544271536495,0.005601875595758344,0.0031171110562591203
187,0.012073153472205526,0.003643081637420668,0.007053295000809975,0.011846625241811957,0.003184069290764464,0.0017999961363152485
188,0.006691616961904323,0.006503187911354824,0.005492103480233344,0.004042731326625725,0.003813218018838952,0.00529228186729458
189,0.027144418035966983,0.0029582396714709154,0.018197119702716567,0.008223655364519692,0.02119955243635218,0.004254189429739347
190,0.005210503215255819,0.01323199490661875,0.004228334760443548,0.00647246743185133,0.005642907283793236,0.002314120382462772
191,0.005582928702314984,0.004855834026323617,0.015438269108020307,0.006736505604195747,0.032247554558054274,0.004408376404013038
192,0.007568108893019798,0.002866307521577483,0.017050024087090686,0.013677604780305724,0.009853170997534398,0.01115099221852961
193,0.009976155512160212,0.004864437522630987,0.004871201819335196,0.007933639584461335,0.4522220493544083,0.005473888973224051
194,0.01775478158330333,0.01531410179871779,0.13637518632259577,0.008002862934758508,0.0039044064089231744,0.0015935845000539506
195,0.004012508086824233,0.007184049211607012,0.008487758323088481,0.0023799683002981432,0.0061948321626556675,0.01074886206635693
196,0.018885721496121843,0.00404186579154334,0.05943742118887428,0.002935286736665069,0.002343985359969025,0.007924867764984914
197,0.0030181799787687242,0.006169687279827506,0.013536509642577653,0.0036705177965594906,0.00950937242798451,0.005965332258065257
198,0.005667107555595451,0.4992672930029726,0.005042139101465539,0.002999026221736708,0.0059791938754156235,0.00581743606846034
199,0.0028337559530349954,0.004609994328598627,0.4840144660742801,0.0032477070080145095,0.004001672494153318,0.0054736494017325376
200,0.010612565395520544,0.03668216651273391,0.03693217099149947,0.002585731469412145,0.012851260617043342,0.003404637361040068
201,0.006987330751720448,0.017744541318828567,0.04817476813735572,0.004291359797503036,0.01095008425835875,0.0026436391827513446
202,0.0022967218306540528,0.012464956147414524,0.008091371648822586,0.01622373480681087,0.019262711611404422,0.009329193052334265
203,0.005889631252279688,0.005132783443745871,0.034232251762835085,0.006665351280997077,0.0037133872263584423,0.0024379002032669903
204,0.025586882124662914,0.004012004048100201,0.30140112645325895,0.00873441629749098,0.006265967352152166,0.005286651819568566
205,0.006317420072720542,0.009891829472092757,0.006522277569053849,0.0032115795644345997,0.012426830835809078,0.00275627401381489
206,0.12789085735686484,0.008727575723976904,0.03869950090600204,0.003229905511155976,0.013686611524693125,0.004208726673709718
207,0.0067158273690118555,0.003718127751676949,0.08423318490639758,0.0032967612729107878,0.020527740450539796,0.018376472707530612
208,0.002627008783887458,0.011201128626825404,0.030443788802998747,0.0022463843917412338,0.00800626756439361,0.004967438666094855
209,0.0033162408940329573,0.04315716133657048,0.036710893897243226,0.056571212320162156,0.0019397204447040598,0.005079943852254407
210,0.010775008870523238,0.005708345050470426,0.04280203856255638,0.00737947955434296,0.01021681239205432,0.002289272816128402
211,0.0033875927301976957,0.012141195184039484,0.5273103675255109,0.018398791177130842,0.007182082581678675,0.003614525609737426
212,0.00485157478696667,0.014556336133933163,0.10636795781123874,0.0026756306804421154,0.003523512204672537,0.003201743122233162
213,0.010159594016478276,0.007484504649766107,0.24771751970174954,0.0029447565109752822,0.004532135983470309,0.005376108022979765
214,0.009146181570869579,0.006657665792817052,0.03261083645896918,0.003921220811940676,0.003881503114717957,0.0037468053932446605
215,0.01051344445321454,0.007435665841531574,0.004206487397717019,0.0028043006275954327,0.0052437376398311334,0.0017619539601619206
216,0.00822440585794028,0.0768534946380336,0.0042928709065776964,0.01684614492837321,0.006135213808269238,0.003142433769705923
217,0.008635018607508961,0.003736803125564636,0.5052420075564829,0.0029934934223230683,0.006617468145561856,0.0018842357967511249
218,0.006517946975431148,0.006218837642388613,0.5971478838492588,0.0019951921768277883,0.016118800184361837,0.018939251853708386
219,0.014085432138676085,0.00809672314251364,0.00618798520472346,0.017014120657209184,0.0028983205367030538,0.0020488141149462105
220,0.016718518999438194,0.0034947603595723007,0.042104276567609955,0.0060715736681923515,0.00553283602177841,0.0039020412371161307
221,0.006002207027486243,0.004112833034784364,0.4008407841647698,0.002937881599025912,0.01213426578524968,0.018230323188841473
222,0.0037011798165574863,0.010622393801364762,0.4667094264957078,0.004561425250307235,0.0020048013010826094,0.023105641191902778
223,0.003189002468918472,0.005044244847454153,0.02180618823132467,0.0053591969585913115,0.005294537733077872,0.002907865867800879
224,0.022784447175517673,0.0735264355852334,0.04695894047251158,0.004159801264859262,0.0030255979110992,0.0031365815789754763
225,0.011956849461638011,0.0026930087649416523,0.00921594930605789,0.007688523958936575,0.004486155097205282,0.0033354901466801984
226,0.005441081279244018,0.1931441562019534,0.0036083653536187815,0.007659409143022238,0.004387442395654653,0.004778703892565494
227,0.00950886187347886,0.01785057829868825,0.04421712957647829,0.0020036823635469483,0.006335207698409426,0.0034206643083274113
228,0.003545724381626819,0.0032479711147840405,0.0036213762779726657,0.012088723894712715,0.0024742696972799533,0.0029172769379675048
229,0.005736029705637299,0.013203302578231765,0.014335503354262875,0.005021506203751743,0.004104095724209595,0.0015223627385619217
230,0.0028913851532558657,0.007239872342294301,0.20208267558878995,0.004342162470811862,0.033147575861764006,0.002304437678364289
231,0.007447979006191482,0.0076488401233257425,0.3502625345230242,0.004904052245816295,0.007808635493866583,0.009158964507462482
232,0.01137085584072325,0.0034370242081634772,0.025273659279158645,0.003238439328244558,0.05362038391740549,0.019305512110753865
233,0.0026803008631279585,0.23679308286737139,0.010565696111815336,0.005974608332492237,0.003909258479539584,0.002513109289598987
234,0.004512454459559863,0.3257796204169959,0.022071640462709735,0.003252110483656578,0.0130959979296839,0.0031770115943893827
235,0.0026637329074701496,0.0038730242641874875,0.004208629842316265,0.00887503871525501,0.008614800827274125,0.002058253548558566
236,0.021219016795808877,0.0033345244405546663,0.47489430318807885,0.003333766548281149,0.009427060801592878,0.0020771538020099953
237,0.004465022772339476,0.005865362201841377,0.20396117690220725,0.010639533976909091,0.008330249703211005,0.0049425799695387825
238,0.005245520436256753,0.012354141987083934,0.02639172343779061,0.00421234062254824,0.0023516943030026352,0.002336992179763655
239,0.007081801259851152,0.027858044708071007,0.007537054573540522,0.006981523965343983,0.017854890098705285,0.005651233995071566
240,0.006908863243771704,0.005950885091790768,0.05238734530098352,0.006570765522781061,0.051748109472167084,0.011569175024334867
241,0.03752122772679763,0.003584725105010357,0.008898623229791437,0.00888368256007601,0.0034385765894174207,0.0019637050188378333
242,0.004384415211532464,0.009060513044836176,0.009345207766436268,0.002246364507219128,0.015051218546530031,0.002438001531147665
243,0.012430852764541986,0.02114439177254296,0.5549702335973983,0.0031277706099487315,0.0026829536176460347,0.00324727737357575
244,0.006580025036076536,0.009217312193278114,0.2513678442421806,0.009079410906904369,0.0023642042323303012,0.0031513511271222578
245,0.005938013008050805,0.0034871576341098305,0.03753902095670329,0.007132321100387432,0.008150498296269564,0.006193226949414135
246,0.006707200595043971,0.005781235529950196,0.0055697394851634205,0.003078553123863891,0.00790821697130791,0.011397317310275022
247,0.0033686665659016907,0.5343962789766831,0.006817692737733135,0.003243340438698941,0.0019100666680091573,0.0017821401660334192
248,0.00416825915275285,0.21356187493809395,0.042044118740922835,0.002822612201308314,0.0036120919191679067,0.0031731754867069476
249,0.0045720677078642195,0.005378799053896909,0.01645616375138104,0.006104795184913081,0.005473010533669086,0.003903047279599991
250,0.0036099047533447795,0.006707906679175271,0.4309498728412675,0.003685718994814119,0.004077127778969961,0.001775227498524735
251,0.0037634354717521455,0.021888761231496145,0.04081956636431579,0.0031746437803352946,0.004541805759978322,0.002645514578891137
252,0.005874492560910138,0.1460025010420776,0.33782488367369545,0.008504668624904186,0.0022632584362853284,0.0018401347624514032
253,0.05768991108716781,0.01442944919630155,0.009536815073296147,0.022281287064613717,0.004171103363204622,0.004020164326581159
254,0.0023224112512839025,0.008113080176151389,0.5336144851520124,0.0024897980141756443,0.0020418896164824925,0.0025407757266347674
255,0.0033369620613695654,0.003448783332373961,0.42962270114152606,0.01307663133769792,0.01132208324422233,0.013992974980836688
256,0.004243290836328022,0.013698511435015336,0.004488743153522649,0.009141769689445314,0.004650597301519347,0.0031886249805929733
257,0.03555210260836923,0.011036892204675242,0.49350279591884727,0.014506278575473595,0.0026456646743247127,0.002332551785487751
258,0.01902605754328125,0.015605260740590918,0.00840419503029022,0.006251924980735946,0.0018897896627076676,0.0038655036279584215
259,0.013469291462528633,0.008300136383702103,0.2795561972348852,0.037843592534494215,0.007906425891786728,0.006165895385881255
260,0.00801065582743137,0.014263371340771986,0.05500821063785817,0.00569681992182342,0.005917287790394372,0.00538158050111874
261,0.009349090277229846,0.07034277580907186,0.008636719488388681,0.002575639247449343,0.03604373737148282,0.0026849622812393386
262,0.004711188052006145,0.008151263837347199,0.576817686371016,0.005083127369927138,0.0033866211065620086,0.002473853275914158
263,0.019168995524606516,0.0048708339826482455,0.4257145251099454,0.024276651306183658,0.00431038001342841,0.002159148887586115
264,0.006230178552793059,0.29983390617732875,0.005361732522567017,0.009815082635227899,0.20961986055342027,0.0035285504596918272
265,0.0038044854713814124,0.0026307536647256075,0.017207564644684613,0.007518972662435724,0.004720812314731955,0.0030996880624004435
266,0.01722419398141629,0.007560736401997599,0.012480953397004146,0.018372035099987537,0.005880037660506845,0.006204854899299046
267,0.0033543752421367817,0.5641313441743593,0.022237650268757563,0.0035811026752216894,0.0025699160471311334,0.003554618324126682
268,0.008141321579952985,0.026126358211444895,0.00874389984039613,0.01197496264197395,0.001690005670335746,0.00171070910022866
269,0.01779018621180997,0.006743021171180991,0.365798920454575,0.0027433107935825683,0.003127357609658578,0.002882124740842745
270,0.033959589858020826,0.004945146772713169,0.26473535373464935,0.010702158875464314,0.0036570222840472404,0.005366836132479025
271,0.003854260702816398,0.005378797093537584,0.04404619946711631,0.004910898108757373,0.006214093105342261,0.004548284424670261
272,0.006758949217523438,0.01615454738266965,0.1341257519724005,0.004618512656705048,0.00709776725932309,0.003331322115426197
273,0.005623801902221621,0.010402146885524988,0.09134188811387789,0.03579021282104881,0.002487482488559276,0.002316062400212947
274,0.004136351061340712,0.0026220208575657568,0.019111002785154416,0.0069024004600713035,0.004889852436390907,0.004700878735614318
275,0.007146880098696933,0.06326818907280127,0.4360437124147234,0.0065143664291623425,0.0020041234874924522,0.0013468697855066743
276,0.00895600157181995,0.025666324424539,0.04205787515221912,0.0020267761890622503,0.008400639406036161,0.009515659053390255
277,0.003140364172376673,0.0062224947160346615,0.315616329335127,0.004710074553888806,0.030992363048737374,0.00453136753133506
278,0.006317817044691122,0.039993538610585196,0.005841351996379524,0.0031121605644726068,0.0036986159862169746,0.012213552956383987
279,0.012923307544195304,0.01305977226736849,0.032195393173063656,0.011416170761757972,0.0371481713983557,0.003131702239418984
280,0.014512234480156696,0.005459152766809942,0.08836571638450233,0.010000803973822345,0.02102934140064974,0.005426873914922418
281,0.012752840831756651,0.03395099750723081,0.5736632830987667,0.0028603697404769326,0.006674826711876341,0.006948156551880335
282,0.0033961373509057476,0.02899726960492776,0.5486076264251677,0.017799350713994248,0.004787428066001281,0.0026134349035958683
283,0.012700276448931989,0.012545056867696882,0.04029260645372056,0.004878884651341348,0.005076384660223365,0.012451227351677148
284,0.00465018821424788,0.008194674172351563,0.00482056408268833,0.003519493700655482,0.004133812409278049,0.0073140945550306214
285,0.003572655546609391,0.003459063555888018,0.03644506996653552,0.0177157521696645,0.0036924350445234695,0.004433437990922615
286,0.005066650576695188,0.02150574305420447,0.010382530389836107,0.007592023982539758,0.004227201823877806,0.0033386693791387172
287,0.017521938237673836,0.009240554505943636,0.5712154685733682,0.0323031291892312,0.011005283454334299,0.002954499574325621
288,0.012216684323729415,0.0028761993692639786,0.00399296813944312,0.00694121315525438,0.006861714818825853,0.0025839061966666027
289,0.003881867647829338,0.00380327808473855,0.014960198412920015,0.004846175981811339,0.003861140336053839,0.003195879652455066
290,0.031241517831748583,0.009697126728376205,0.5358002624418948,0.005056449971377678,0.012490511010915853,0.005199470551511861
291,0.055099205361513706,0.003978652939565497,0.012261000990339306,0.0031032595594094035,0.04900910040455473,0.002777503077633137
292,0.0037249958543980003,0.05961623451972522,0.032623668909926844,0.0032089522948275523,0.004319351760660814,0.010392402820927262
293,0.002819185290185137,0.4205737021814703,0.010185776000848185,0.002881468700426965,0.005846959903789255,0.0026346069230252173
294,0.0031008327491283258,0.0030479242990643736,0.030748731878209423,0.0016196113028541473,0.01190465409139442,0.010184148154183555
295,0.010844180635879604,0.002751876905135747,0.43658496444463574,0.00358247668091043,0.0044168877443902495,0.0026215385677962563
296,0.0041311788048639,0.0042953456287336475,0.01013573082682479,0.0022423862958043696,0.008578415002148907,0.006681061688618149
297,0.021203045753246413,0.022141448383477206,0.037135528967647775,0.0038306723379204887,0.005685235250442528,0.00419144922594399
298,0.0035135092806573803,0.008971549122844983,0.01722553800391421,0.0064766843257266496,0.012288584981410411,0.0021521007585201743
299,0.005414890502519399,0.005185012664751151,0.015771946834802878,0.004706352238732968,0.008900573185851923,0.003516457655362296
300,0.0036261998617800875,0.006035868726284853,0.058268460296650955,0.006196727628616886,0.004070483464832756,0.005479914658517303
301,0.003314594260059066,0.023234588251774525,0.03710251948149802,0.004154907682688525,0.012112068370578304,0.0026623274098113527
302,0.030413490941038564,0.007569478793883971,0.38055748095138053,0.0029174862985573446,0.004136432749579358,0.007630201691922797
303,0.002537630109636108,0.002927645000428621,0.006873855803503217,0.00691777338494989,0.00749472880894211,0.0037003027423092977
304,0.005789937993761654,0.003277837871180722,0.014484326009201694,0.008798578402137335,0.0028094219143727497,0.0038450355404627333
305,0.0052437600709880116,0.010254518408152937,0.5599831465785962,0.0049247303392697785,0.00279854872401386,0.0052111007302625065
306,0.0029934232419811992,0.0038830610985948403,0.013912974927879216,0.004042112397606729,0.0022700843325338333,0.004335477273687943
307,0.006361008538493316,0.007095373020665406,0.006159955520773871,0.010118952088145752,0.003528956612216668,0.0039552816033802144
308,0.0024166539700625103,0.003245549750559243,0.07913755141846149,0.00584262354543423,0.003515084467447071,0.0032691870011148363
309,0.0030485518633245143,0.031221418119897693,0.02981753058521587,0.008400468568471074,0.00304461885073585,0.002736837255199199
310,0.004164273936172381,0.06237610026917094,0.031139902445879684,0.0173616127309126,0.0024264664611751874,0.0019020027445817123
311,0.0022023805146138453,0.018786246173072958,0.011652750046700088,0.003691420563912125,0.0056916940024948634,0.005436705841986735
312,0.016413342708628067,0.005314707569222642,0.05262158678373607,0.006173530421401085,0.007905500340474273,0.003185749020755725
313,0.02111331466811778,0.010032155341103991,0.3937475292850075,0.007153912514200869,0.0028104134943768232,0.0021916058467355277
314,0.0073742822381923385,0.004320794910403416,0.13875329544714735,0.0029467257079311793,0.006976993720463355,0.00982386157643023
315,0.007086616928326098,0.007943412581147159,0.014624214765772251,0.004259241284778676,0.005444021365052663,0.0026895777229170993
316,0.008576039946716256,0.6890033450717695,0.019708510429053985,0.01536759683423592,0.0022217245099467415,0.007366728326793451
317,0.0018315920001368573,0.010279102956296018,0.011444108024905433,0.0024177731700731116,0.002456760265935859,0.005701291828761095
318,0.017308521289239334,0.0031409776184002204,0.004484755381762912,0.035930867784447915,0.0056071833794877355,0.0048757274807053295
319,0.014397071685386648,0.015821653171012137,0.030362568833903977,0.00593398706384968,0.004968406464174527,0.0032322117741761403
320,0.003343079401139533,0.009175097614491005,0.3452924942807013,0.008410004452717706,0.00857496271309197,0.0035721020508434074
321,0.01434147250732624,0.003065094988069528,0.004802367297958388,0.005983632936821003,0.007392473576954641,0.0070805109343265995
322,0.005185982238864512,0.0029346949502123162,0.19596830713930719,0.0073725853217701115,0.009171894188931695,0.00253124510721553
323,0.002793739431604394,0.003109528180782598,0.042300417525841995,0.004848450228845064,0.007319007656427035,0.003933517025185137
324,0.005894485627151741,0.010746008193845823,0.0945528351179064,0.009029883856927119,0.021564385353783612,0.0042478155715567675
325,0.003406033121958629,0.013484542765992084,0.08912918960181859,0.0036241229220501385,0.010600629746427096,0.0046019867561717795
326,0.021191235818519987,0.0024678098408451163,0.286986506047429,0.024214408827794097,0.005315123254475333,0.00709348568846343
327,0.0030684304521431394,0.00515496064947262,0.006318650287842704,0.0041954359748202115,0.003860797669043154,0.002742638958681735
328,0.007206818020605582,0.0028980771678942113,0.023985541721437704,0.005816804456396318,0.010066111942811923,0.003505828916445924
329,0.004609355624615876,0.006509815885672428,0.4833826610351348,0.0020184462277994626,0.006629042213328252,0.004510009667237611
330,0.007527052341776664,0.009887962664191844,0.0313355611774908,0.008639631442709744,0.006643069286154275,0.005359725569726626
331,0.003555587837996327,0.004407000028652109,0.21889898568005983,0.00331474580179733,0.003655386888951113,0.0028958967594634004
332,0.005189191771832646,0.00491869700277228,0.022400029421952575,0.004687170965282744,0.003808927289237647,0.0034961030148897565
333,0.00760721726606449,0.004442283749061756,0.02715740291525205,0.0030562667746897327,0.003967358347220654,0.0037320173443593937
334,0.006314154255948144,0.009775527200799982,0.009572840119916347,0.003044290554165027,0.0036929137939070737,0.0033263166241470237
335,0.00941076998056101,0.013953048333000557,0.016374717643115395,0.006587800657737029,0.006106763199621049,0.0026493959525439098
336,0.008721495425196433,0.002727328828343547,0.5097471069811987,0.0028676348529874146,0.0037445882549277786,0.003987176743225819
337,0.012134092990612416,0.01166882166113265,0.03893830281252774,0.010371870403702865,0.006306506089953384,0.004644964307441549
338,0.02505908117117726,0.03569539292341122,0.0029320752588738084,0.004774027346050562,0.014021131806813879,0.002329084348593112
339,0.005774969226271764,0.005810424079502899,0.02235800658365553,0.006287919552561393,0.01068911967029316,0.013105586506015239
340,0.013870579121366694,0.0038956362109851643,0.19013505646760895,0.009072610881415212,0.005497378474422922,0.003738247131041714
341,0.018869604967099465,0.023913076272753325,0.0056515158903476985,0.004774593537929451,0.0036499307016425106,0.0014475474891755267
342,0.005462027621909401,0.2320424201650911,0.2786013031322328,0.002860178105557462,0.005653219865098209,0.008660572108953307
343,0.0030825590297755253,0.0031328961584256815,0.04668201081028684,0.004691570685481675,0.004446492010237046,0.0030668266359038967
344,0.007895722856210562,0.01140058052895302,0.04883675379790124,0.0027759710322469507,0.007539648562333627,0.0038827596872665826
345,0.010747065554181099,0.0032816743223895383,0.028459820257012557,0.028659814892327183,0.0040978855887735255,0.00712786215833579
346,0.004900831622465187,0.008103080150802222,0.14198151752095806,0.0029257770206127525,0.006057668794536974,0.002746203194808995
347,0.02414074310284898,0.01743954946105282,0.043339508387654456,0.0032995659526293807,0.005642117553630499,0.0020618857652339876
348,0.0022719326812511197,0.005002514024982275,0.018055660423636738,0.0065826298604045,0.004764799544548952,0.0033165824371035263
349,0.04656131705202094,0.014590122532087246,0.03480577868582962,0.003313659038346629,0.007071834647371868,0.002835229265120565
350,0.012498100748248765,0.0025794969521976173,0.00539138461081595,0.003883198304168796,0.0056146850420777045,0.007185089961754138
351,0.003640837736762054,0.00817845416203426,0.00695243060773442,0.003979534392976393,0.00923010823971617,0.004284028232041463
352,0.004467300517409546,0.006861840267050634,0.01200072853376349,0.011516610247681384,0.003991778553907653,0.0018575356562474503
353,0.003609771566652335,0.04049014565284584,0.039788453907419336,0.0031443168347416277,0.006525296275541045,0.003492504559037599
354,0.014194874763364188,0.21090918946250664,0.006981280509192489,0.003727605601487328,0.007907123284134532,0.0031430329660872705
355,0.002957595475603411,0.017845102439870055,0.015831665147054093,0.004669786268410153,0.005733532055924064,0.003164883087053027
356,0.0024155711348596834,0.004504743543784106,0.007357701846102613,0.004008198916613096,0.005723942297754518,0.00704218804372817
357,0.00999426329185724,0.0036550019386862964,0.02626305461874841,0.022656528227853315,0.062194601197199856,0.004099485489776025
358,0.006529758937295782,0.008830532175928581,0.5606888835281201,0.020738100086811838,0.007241493397999227,0.003989565558374827
359,0.031373211389912836,0.025422161391012495,0.05365128702904689,0.0044476928890201895,0.002385629787677877,0.003969416730160349
360,0.006255320891985122,0.007762817129694013,0.21581409217076528,0.01686713110543764,0.0072403752497503995,0.0020226319290701958
361,0.005641378869269283,0.008380680687931512,0.01614113528072299,0.0031293417268983877,0.006587974906169413,0.003701956791672525
362,0.011525759386046759,0.020352485494528887,0.05242625730329439,0.0030233744173685864,0.010657917224200269,0.001923803815033786
363,0.006485221048240682,0.007808624300629315,0.35963804488938195,0.005387213596225776,0.0047784002526941585,0.0036692840127526254
364,0.01805220612821976,0.0637470801760185,0.0037376048897118214,0.0036815033953992563,0.004433059656393804,0.0023543457536816894
365,0.0019764780851110894,0.005950645285285304,0.3801222429453366,0.005038033240419937,0.0017025236065755997,0.0027555760448598403
366,0.007532133121146191,0.004588512397412433,0.21615206616881041,0.006175819678570454,0.0038395444714632997,0.010243833000570671
367,0.005802743057949981,0.009071819340941834,0.010263473465984118,0.037900057807300304,0.002623261623642968,0.007069286163112881
368,0.00993045552695904,0.022806678379198343,0.00415133941731165,0.006955888647642534,0.00885930308581542,0.007866594477310428
369,0.003916726679241165,0.020367284153405676,0.5540094076815278,0.0031294858729876067,0.005753944930598517,0.004552823291996925
370,0.015591830628020527,0.00793037895099235,0.0373887963684604,0.003965602903859182,0.005271691595806043,0.0020704737373350808
371,0.005224634053649473,0.05347504749599274,0.30621377735851346,0.0027395755931355166,0.006018849164321087,0.005386228169565664
372,0.03072110216010555,0.00523645526010696,0.016554660823595347,0.006364481617451391,0.017085461707684046,0.0020879282776744518
373,0.005157791502363991,0.0055538969484433,0.013136707921832594,0.005199415999821556,0.006200811739825513,0.0038981663558003946
374,0.003419043915534801,0.0032944696190143627,0.004420232382132291,0.0022509651174548173,0.004488432022192319,0.0015854267066595464
375,0.009148637120222557,0.005613700849706878,0.008939846154292675,0.0035106706259538725,0.009092471104532863,0.00326316171725943
376,0.004906983595684293,0.009901902086582905,0.008615020137156497,0.0033427542634696977,0.004548436954145043,0.006089768285677101
377,0.018596604897788544,0.015994742924452788,0.2779207127738465,0.002423737566996267,0.008427993353925658,0.008629075054209153
378,0.020984708573464766,0.04062797738087014,0.005557726015283917,0.0065266483837576805,0.0032027388804342443,0.0034447617297262436
379,0.07105528578520451,0.010085478122450798,0.0033317670866773856,0.0025139178448858007,0.008341918090638972,0.00396966172549465
380,0.007897388953907701,0.002611033452219971,0.0031504469811635244,0.0026899981158136866,0.004317585041520665,0.0024208444654287855
381,0.004625350129923363,0.04270053174465324,0.00538699803349569,0.012308917642038238,0.002334791729783243,0.008679403936080755
382,0.007443585784208015,0.0032865089393451837,0.30390655517416504,0.002652875788861748,0.004089947855884349,0.004983081689081258
383,0.005262458133341269,0.005581367949560222,0.42463149460611993,0.006935542221391822,0.002403337749008556,0.004141527333625937
384,0.0029652522286023795,0.3996805632571809,0.5513125559020129,0.004904142699778365,0.002794190341155208,0.014969122956764173
385,0.004444924524202493,0.016090656341436093,0.016970795656428946,0.005857500028413342,0.00672193098553752,0.0033557420769251534
386,0.00388007067213418,0.003486211950808813,0.40312477858609364,0.01465804364556148,0.0027258705334445906,0.0021183914386951877
387,0.0022189833460689954,0.009359329373769952,0.006134352234658498,0.002892678548592206,0.00553698362175318,0.005176842063721874
388,0.013888298350461832,0.011557025970363866,0.023906330419475378,0.005880575918332731,0.004710771081436016,0.001336728921457156
389,0.014809876785810564,0.013320757671852862,0.04557854792269753,0.005420321867688939,0.006256611210674346,0.0025416307683972803
390,0.009756601348546314,0.0024318057154444524,0.30598818374279896,0.0024952399273748932,0.0054677559884366645,0.003466693521049053
391,0.010221348156941182,0.0096601342948565,0.004749287718813289,0.007370408356620382,0.003891379083577573,0.003631834404190016
392,0.004677530497845478,0.08044584208937873,0.05391826645548462,0.004260155017122736,0.002905699461641695,0.0014405802473542223
393,0.005669905769115765,0.018454374539797255,0.13783872961371746,0.004079142495460649,0.0027851431811273366,0.003209423454952103
394,0.008859650572458614,0.0022963071221294524,0.005079221337320887,0.003474077981476612,0.0038728493012317,0.005753945482373017
395,0.002578400940653861,0.010880166031235242,0.32173724634034606,0.004850472988675406,0.004950397808058747,0.0024636065371820416
396,0.006910956200663203,0.024051429645455202,0.008214075609141003,0.003311209287837532,0.005867948719805196,0.0035203339609250774
397,0.008255743019416888,0.003407715967376062,0.040450848638388034,0.008124992535695832,0.007457410852145874,0.004499733943229666
398,0.004415496002324215,0.011889693566337239,0.45457502971309743,0.01525383864208152,0.002366571117918497,0.0021237872645962982
399,0.00961892199473447,0.01634290561929284,0.015004034229964727,0.00696027476260796,0.009615381413269989,0.005568015157912734
400,0.02355284703602883,0.00778269685352815,0.035651298055156745,0.0026761632686902164,0.004895676759314087,0.002808690837017763
401,0.008138015255525148,0.013160519470727881,0.009277022040990563,0.005427806338105981,0.005970796205972482,0.0056426557763845885
402,0.001875086985686464,0.012927010210348037,0.004748155996742521,0.001987783057989496,0.00432751028295564,0.0059499205027425135
403,0.010104730607534588,0.00314082526613305,0.019555560805112813,0.0030735256796141515,0.006368125495336683,0.009264666790969583
404,0.004473293989528932,0.33185003895034815,0.004070443049509546,0.0020818497389470895,0.0034791030224408364,0.00172788670773459
405,0.026085444238895677,0.021285362985228817,0.06094325269460222,0.01271408056293029,0.013661549857774387,0.0025836737832871394
406,0.04351452930297909,0.00339423101161341,0.03333289219448357,0.0079431960253895,0.004534560870964772,0.004430486167766909
407,0.020598468133828887,0.027779417098757912,0.03167430238785145,0.005308096639664534,0.008243645564398,0.00309709138558552
408,0.00817694525680204,0.002658369556604954,0.016702791267216757,0.02174459918420882,0.011140169390303682,0.002569163200046034
409,0.011449789498012248,0.01755544182448605,0.05440969938692056,0.026243770648836703,0.0025791789221957704,0.0021019598895244307
410,0.0033673606644231864,0.0043906043289288,0.008246729731607519,0.0024519955857721988,0.004508738098368924,0.0026699625758282173
411,0.008105172849771964,0.0035605939800644583,0.01866702073965202,0.006379254975537776,0.004356450175443512,0.002716738104488335
412,0.005718796930033179,0.0030292142596003305,0.23190238549868192,0.002886244221316483,0.005154774307605372,0.005153238963054525
413,0.004828457448674086,0.010062747849007958,0.01815566717619801,0.02224927040688419,0.004096920072816715,0.002536182649678352
414,0.003324147923961197,0.009995171795714469,0.011982019461405721,0.0031781035162979803,0.003437093621607646,0.0033018638736448096
415,0.005184809713296297,0.007159087255176717,0.012448025671940015,0.007417358214921956,0.0055475358853734795,0.0018714238608462995
416,0.006876022259232055,0.0053896425039732365,0.011864560316461645,0.008387219659280867,0.004061526482713325,0.0038597794637477453
417,0.004374564870969879,0.004311559859130606,0.02182625761123191,0.006875124075303274,0.024168695970339993,0.0066086132202068494
418,0.017101334819995956,0.028911670911952844,0.4833668163526731,0.003216386693718775,0.005874080968420321,0.012134178550015601
419,0.004014386578029182,0.004730377464650455,0.47270521761248124,0.0031579335221667668,0.012364546847337695,0.004864273921728434
420,0.006607975299225325,0.009773424166606917,0.019503428634164415,0.021747285527033585,0.007857674942449823,0.0029793036266949446
421,0.018975875426574598,0.4375985278544149,0.4663060366702979,0.004496192713742658,0.03686785812379854,0.005953385534124237
422,0.015262233748358275,0.006542222290182471,0.47995278258419666,0.006583591282041832,0.007068092808599375,0.006804693093621316
423,0.01097980765728439,0.012209419318742247,0.013215557125465497,0.005067821656774696,0.005735183866340243,0.002333545403519509
424,0.01117991950934896,0.002335021044958811,0.02280805457408849,0.026136451474550102,0.0020374013887674743,0.007778832739066882
425,0.0023431723556002525,0.0020531349637333135,0.0038332580555332377,0.03126823527750008,0.04362531134809564,0.002099517018845448
426,0.002781629033412399,0.6333038999807417,0.012635482586261751,0.01158574275821014,0.004032264632842498,0.00533704162899813
427,0.0038514223846533007,0.015089982463469102,0.010760820233705358,0.012544141655414861,0.008457490722868867,0.01274411541421532
428,0.005953489189403049,0.006519003588316472,0.016088596469964928,0.0035664615012085134,0.011045506194200813,0.023047452895295827
429,0.005347383000233278,0.0076283480425378015,0.33925521077566184,0.011841206790218196,0.006642026002103752,0.004137026738121055
430,0.01331164954970685,0.007822982489253177,0.5490299163851936,0.006918934537558368,0.0029708530481373295,0.002761535769863855
431,0.009472733226125888,0.0033773789943098687,0.017680752703216136,0.004281021557419058,0.0034080792536920774,0.013490644200818271
432,0.0031868596330574257,0.01916890806222581,0.2589801272439277,0.004108402966862283,0.002755382604741789,0.007861189591673593
433,0.004607247710950461,0.004057398528489517,0.4298060364224015,0.006148894266917474,0.006143919784302793,0.0026950179076543233
434,0.006405787805941847,0.012831719782359469,0.28731502162384515,0.003064455223889696,0.004045753382784681,0.0016343330411718931
435,0.018003023720510575,0.01157505188853818,0.03755090040433858,0.002911063679046284,0.004523911955653559,0.004626352644806914
436,0.006134796215698777,0.00937275421762715,0.0037181983989532552,0.0027689197660667637,0.012180274722662345,0.012457932336102063
437,0.005177057661850955,0.00522498214099607,0.33047735673799633,0.03466451870375273,0.007710769529777662,0.001960886380429003
438,0.010328542876263962,0.008975277128470537,0.2922782684006975,0.0065052298535617425,0.00285344433256971,0.0028291891622262773
439,0.007124395472589663,0.0088006397299779,0.5863050479574426,0.003290556016910539,0.012102425296254347,0.004760083525550958
440,0.0042679312174352625,0.002045853228166711,0.10870554097439133,0.008747388877521092,0.0036502198839690153,0.0017034569114556062
441,0.007678668366476683,0.008431296827384919,0.004715015875085486,0.02984502756876509,0.007929010831910225,0.004485295071106637
442,0.0039060710509075925,0.00398973344665108,0.3126095355349952,0.008767870221449894,0.00887612057936513,0.0032025361045531667
443,0.006507424629555985,0.004272385408719065,0.6186326155881449,0.00306758289777385,0.0040005131901558084,0.0033002677944930286
444,0.005494144641627428,0.012193420207577748,0.4679834671626934,0.01290679038592949,0.014076443054465475,0.013368969932153878
445,0.058813284189380394,0.007561823410785643,0.03845481654818157,0.0016808959247526884,0.0055197360049693365,0.0019782913741737624
446,0.012842561371305745,0.008538233343485182,0.0038363537953632204,0.002321826096854506,0.004828865458620395,0.003441521459142477
447,0.020187977696340325,0.008735256973672617,0.03328472533950555,0.008022784694560938,0.012544493161625099,0.0051556230707191664
448,0.00314017626200579,0.012747035685575267,0.03102223848176352,0.0047495659777430695,0.014499309870843923,0.00755397504413542
449,0.033195699950224575,0.008901494041712999,0.46982789892347226,0.0016785338980181538,0.004660857734739912,0.002117682193389137
450,0.029337467169085068,0.029383440286163222,0.03962213356804086,0.0029941312932821183,0.007920139075131522,0.005257071163737138
451,0.003272525217293427,0.00395361005216681,0.014226292601224667,0.004518964184286779,0.0066128014891061425,0.0031109512860521397
452,0.012495211703516291,0.0046410591059754865,0.030144655476533486,0.0017777365442730034,0.0055989377618536175,0.0063930230508615175
453,0.008899564297365953,0.015009677443320994,0.5024667617790016,0.012967704119550979,0.003339486726101901,0.002307821689909721
454,0.008718919413999588,0.0025532260090682193,0.0030599760318799486,0.005263014005133065,0.003935710673112343,0.001882645573407405
455,0.003726479665097093,0.01773863793499764,0.5184101329931271,0.005818545861103671,0.0033335179295607828,0.003579461970740672
456,0.005183760696078573,0.003328383053866169,0.0033527232558810704,0.021759547481333692,0.002271349993857048,0.0053853699860347635
457,0.003680448094543154,0.01866229182526912,0.03977248103795971,0.0087260732858051,0.002444462996464542,0.013134077268430909
458,0.0050339271154252185,0.005232494563129522,0.007626293691865292,0.01231985166232189,0.0043945421809015875,0.0037947531313401823
459,0.0053495710077781965,0.0031664541785979016,0.0037948611108127197,0.0016145418722806689,0.020709526107105587,0.004430812167151114
460,0.007419691473192674,0.0035508671490622526,0.6312708297102809,0.003452839104335516,0.006554333835250219,0.005988541460273904
461,0.0022172362105607386,0.006651766938174462,0.009199350346647032,0.0068175802026039,0.005302228205401811,0.004160881636286619
462,0.02523445656108675,0.2463348152307883,0.47391925195285123,0.009669035577158673,0.005334618417194107,0.011153358632135055
463,0.0037456697235144555,0.006469709544980233,0.051189217928575996,0.007027460522898896,0.011037879584525404,0.011515028944095335
464,0.006279833024000965,0.4205590174940573,0.034386612696386855,0.012968715221900193,0.008953190368503111,0.001892219460080452
465,0.00376376682927073,0.012304177550469642,0.10492721311130011,0.0027277813660524894,0.02415139024898887,0.0028807920544105413
466,0.011790428422891566,0.03689319570724085,0.04003251182949908,0.02123462549632004,0.010108571525687985,0.003012758548947562
467,0.003347456912946342,0.024051299113372414,0.03373202998379649,0.0026494459970546154,0.004811947535496484,0.003706066637524159
468,0.01437707367494288,0.005864403411278386,0.004768942130274318,0.017280704518950567,0.01086197987248548,0.004100457153517018
469,0.003803929255366065,0.010609619689373618,0.010729292051933886,0.00238193614420928,0.006689681505157153,0.013794389202400148
470,0.00356435302387987,0.004280361853438751,0.00424648739848109,0.004769118245698265,0.0026762337631560692,0.009834936426969027
471,0.015409404470842995,0.007128698192223232,0.015514176819129723,0.012599292735128767,0.0037507722885289285,0.0025974565204011572
472,0.006215157818047458,0.005256199042457653,0.30633692991496414,0.003867488875849945,0.0048904633855561905,0.004980740336679404
473,0.003207359234247204,0.0025727061516272755,0.008646622833972663,0.015703570481323773,0.00880553506123138,0.01243447603408259
474,0.006032106467799483,0.0031772082933448926,0.005106553820253162,0.004732329345523035,0.004954155175211235,0.0022048194466411145
475,0.0040340352230462334,0.009871394152787833,0.01469992294513828,0.011229412018669968,0.003279420753981683,0.003335225942059446
476,0.01271453725569682,0.009805361615032114,0.4101063122673683,0.007923455427557262,0.0038556935328405875,0.0031035206410335073
477,0.012312078584781621,0.005820182055048592,0.5146029704146163,0.00407896228145471,0.0021810881338628933,0.0019482277784002966
478,0.006874523109414323,0.0032327743864054947,0.439949372521593,0.003332281824057673,0.016230249565847715,0.0043480873572412145
479,0.005973470525918329,0.007052039735398987,0.004670875339166007,0.007335674101539389,0.002068960806917968,0.0038004084367677157
480,0.09647841644914572,0.007733044654333425,0.02233774666774991,0.007982220820674797,0.0019072426022495434,0.0021110273666811482
481,0.006469076098536494,0.0038821136276091187,0.03171033325676124,0.013741110508609669,0.04427699094536536,0.00408618476257248
482,0.00533566444268327,0.011734657578401475,0.00903707617886024,0.005549401639179069,0.03153181472647291,0.004553569021520769
483,0.008465404908441818,0.01661225595553229,0.022276085579634723,0.008043235773120496,0.005623361947064112,0.005032594681925377
484,0.0036640827214745255,0.009599152249761133,0.22768302425031323,0.006713009655523288,0.0032392969533100785,0.0026479474784101946
485,0.004168624726540868,0.003679889105948246,0.01570834859887251,0.004774217271642624,0.0063460015223080635,0.003077367474377638
486,0.008848419218078732,0.0050144635304807655,0.044649826811612815,0.0017833084845882187,0.009552684006067349,0.008611518714795433
487,0.0018512754374971204,0.007094454918886526,0.01519823690992657,0.0026000502482492653,0.006063199172324061,0.0032747620805370185
488,0.005851663985126423,0.015783295116916774,0.028187810106483635,0.010154212800743224,0.003816524882593433,0.0035257038983273624
489,0.004889611930406081,0.008127138796205474,0.022686178742921732,0.011021440897696173,0.0023675229445500427,0.0021444838659074785
490,0.004520560879652864,0.008003206909460348,0.006723011545716978,0.008829516640418532,0.0028125872564126863,0.0023409571490416252
491,0.00418798297040793,0.02441057262763307,0.006694524695615752,0.05019483707185732,0.0029496742160104563,0.0016599134226590482
492,0.007041780046185812,0.0036056718135459346,0.04019558818850557,0.003007195973229484,0.008690771220148875,0.006101596835183113
493,0.0022684444094135327,0.0022411807487114264,0.024406734037435675,0.003991705953256861,0.009719573855174884,0.009612743907729997
494,0.011943493289398869,0.0038096042763344127,0.5243030996019864,0.00799450014039948,0.013276617173968235,0.002788939433410194
495,0.006114072859042269,0.009588252746006037,0.017871413898054394,0.005061769063899262,0.005033400605982516,0.003979918855513757
496,0.00341611391048486,0.006216683458989206,0.1038494452370496,0.00725223976692661,0.013580223157990722,0.003549906741629964
497,0.0026171948860710835,0.0049704331604430935,0.01243299301452217,0.004687119538388844,0.0029868126385823195,0.003242095793207402
498,0.0071697996441282795,0.009175894840539125,0.010485638467747244,0.00767761161988039,0.03064903503883668,0.0037129510995917337
499,0.0061754252760448155,0.2542849410402434,0.3332823365029118,0.0047427468458136396,0.008560087892985409,0.004106509248033696
500,0.006187300011148368,0.008394232209213438,0.014546742513032153,0.013669951998524105,0.007065351636841121,0.03346913088821154
501,0.031270709736491466,0.00433288043298805,0.035010843506253636,0.006800384281988935,0.004861376724500958,0.005604868551231428
502,0.00416318558799559,0.0034744948438682425,0.008679208951343866,0.012449878925051344,0.0032250370539945684,0.005547615654734946
503,0.003707027830426715,0.003872645671716726,0.0065516048814689256,0.029944824273398275,0.005031861616552425,0.0026549780171571144
504,0.005284815897150449,0.007135963475557747,0.2612100719530028,0.004191960834661994,0.006642427286524156,0.002380616242339386
505,0.005131586061556094,0.00250781407075321,0.004708155021341733,0.0015728566135551612,0.003894186447781401,0.0024780277051533587
506,0.005836172733944303,0.003665978750966161,0.1164975009193051,0.005685215324876344,0.007627857903542462,0.004602109971353874
507,0.004414627941743769,0.0042239205233723055,0.009106694627697448,0.002929220100412456,0.01877766965488452,0.0025918625096874085
508,0.004262489503479768,0.011798815241281754,0.02512630249937837,0.004021051359800607,0.003743601301749653,0.004150084228431375
509,0.005223546550937928,0.10094033604812877,0.4252217351174627,0.002793665348741874,0.0132845854419437,0.0031998775494616345
510,0.007280925612098157,0.005659562628999246,0.03990135696900305,0.00829956294524543,0.03700677827469122,0.004486927510307642
511,0.003250729374570817,0.04063093497384635,0.02532429614790603,0.004978085525968617,0.0027249521434956343,0.004574743459627787
512,0.005231219947587535,0.01731643621878862,0.018806895565138634,0.002479927790712987,0.018935441468572317,0.0064287650561767815
513,0.006972364189166992,0.003357587446017385,0.037829553658608815,0.0026460598734642567,0.010160236224384203,0.006650302870623986
514,0.006353790113908508,0.00430461860252363,0.34886024791204984,0.0026203394971187066,0.005829610280231874,0.004147531809249089
515,0.003925611027024052,0.003944732113091464,0.007748209081100062,0.0034148568876349547,0.003876560350735038,0.008079363838819534
516,0.0057129301289922324,0.018918249404185482,0.01448855507635996,0.004411158299535642,0.023623298999741773,0.007881496876211468
517,0.010228218036118775,0.027783465565351294,0.42074418926853113,0.003392920948872432,0.008104968258262216,0.003527984443225926
518,0.01476563341052533,0.012610591557379302,0.03439199414786375,0.003906076652689819,0.0020040863471988165,0.003923322696719853
519,0.009720382374585794,0.02099380116630036,0.07293755190028721,0.006748579113909007,0.0026703900320642756,0.0023954105294647873
520,0.0034501310060666233,0.016256532041666397,0.00562262553787623,0.0084813127038007,0.0030924407036066167,0.002297631203272186
521,0.005148660442307471,0.008797141026832501,0.002702839181536873,0.003173879530996763,0.003531954980989917,0.002428218190324686
522,0.0031708209265271054,0.024955599224856562,0.37216625454605023,0.002457407177392907,0.004876782885908079,0.006449978175652765
523,0.004206298629132215,0.020212246676235498,0.030281278935418605,0.0029786265762544867,0.005353273654991301,0.0032999790612814376
524,0.015854520407902924,0.00354633562355496,0.038955769851449794,0.011005634697546457,0.007570335781839921,0.00498623122127532
525,0.003999266803159622,0.006679730127794695,0.6130015228294453,0.0074592997526785445,0.0034284167220087923,0.003351809063614189
526,0.011328384660528918,0.03967571022273157,0.004712302317372585,0.0300144474793443,0.00613726379831836,0.002120791139587173
527,0.015607211738589696,0.02150575331142633,0.6546619036568819,0.002651925591694127,0.01034749968762776,0.0049755975383949215
528,0.005106784108616363,0.004530506202091864,0.3018186708523287,0.003209665501672308,0.02704182142492634,0.0075342731032601255
529,0.013085114824754577,0.0033615799678886715,0.32080361387062356,0.01163148277865415,0.0038629088889007776,0.010114115731189212
530,0.005909765743058563,0.0033325111852196237,0.037078756279360935,0.002621340237268665,0.010521738677043596,0.0019171954259489489
531,0.00657444777599922,0.0032451424060326575,0.42090405869368036,0.0034599397690724277,0.033818725712451654,0.005678987593201962
532,0.01512938349166714,0.013356424171643422,0.008457288970109209,0.09599642425754956,0.00222224127787387,0.002562982558008794
533,0.0073880229485881865,0.009190447222592333,0.4566369314542267,0.002290665679090877,0.01238970989930437,0.007698320411116767
534,0.004111177534578154,0.006100097209360839,0.27307704667918,0.0122661663595582,0.005181529992541647,0.004075975532574645
535,0.002149713764988328,0.007349861324705539,0.033387815945794125,0.004268193833175735,0.019310891906313504,0.0038016494736227945
536,0.0034885450422815164,0.0038380323646951086,0.009193661389721044,0.005218852805878191,0.00635557793264554,0.0038441618845304246
537,0.007175673850341462,0.0029152000578560725,0.0031619319766376846,0.004836467449090391,0.005031357665866081,0.002778575938826909
538,0.009431165057755316,0.006016903002209909,0.11033111008222672,0.0031185264950857666,0.002686450847798129,0.002207227264273144
539,0.004927054789215447,0.01910155132459251,0.01251412800607897,0.019028148036494635,0.0043335081125888,0.0023303119652446362
540,0.0034778115090158862,0.009434208287627921,0.3108786822450134,0.006016218101680416,0.0029345591909330365,0.0028674178262582846
541,0.006874230360348059,0.01062972569606131,0.0044163264858266904,0.008026786927037255,0.003964560145439388,0.0017328487202678189
542,0.006261447027631386,0.010432463945448023,0.014674137341990115,0.00781938347289868,0.006618987865458421,0.005174837925496617
543,0.006470792090551926,0.0027175956197180444,0.03435890113635523,0.00663462006358803,0.010369231566836713,0.005157948046416892
544,0.006565665696769696,0.007810236314022071,0.010109083725007293,0.01544379938517127,0.013581192067002637,0.00402195748561551
545,0.007345480096727495,0.0042573488121654185,0.10252066721960582,0.007631881704844595,0.004215173014174332,0.004046250760859054
546,0.0033749083387645813,0.0046597231628710215,0.007558614137099255,0.00369799951799622,0.009821460840582311,0.0035795965848199615
547,0.0028206949491220226,0.005808603864210471,0.02629062594109649,0.007670484954906807,0.019127079101995976,0.0020525863865532585
548,0.003441399813421837,0.0030194484873850096,0.5037836418572726,0.002382405614622225,0.004412270285960393,0.005497461515160081
549,0.013265947434760202,0.021255375997646025,0.3368331166111626,0.002989322897337346,0.0033742558942765786,0.00562540700916557
550,0.025144829041218553,0.024277227194911658,0.03399257408183899,0.0028501640416688807,0.005605987493495344,0.006820360798397477
551,0.0060531586462002655,0.008454031196441607,0.060081837619830346,0.007730479068465479,0.002241659482140012,0.0020041176932963038
552,0.006164909839734139,0.03358001043589961,0.42020562287024515,0.014083678271155073,0.0075337350082090694,0.00618948490564424
553,0.005820468274363578,0.005640396003827655,0.026701006215047,0.009085119236676459,0.005999031924253864,0.0030653807420024637
554,0.011872833508621027,0.004870379004724844,0.03285395208820317,0.008936894777074014,0.007532590790029069,0.004628268755823841
555,0.007769961240535535,0.0030757393265046467,0.009199904361401433,0.016739739877803354,0.007674926252169889,0.0026181601300061565
556,0.00407243058089127,0.006845465054966097,0.037879264705305914,0.003520278223796548,0.004757748907865158,0.0020378062959260515
557,0.006078733398308715,0.009346038635237157,0.04134521572970072,0.0017266482473129886,0.01394270944277307,0.0067212350281315196
558,0.006327479631724656,0.020307866510049098,0.008551588010453172,0.0030341983572555365,0.0034355587516310972,0.0029018615861658025
559,0.00808304259228796,0.22104476200556303,0.004568490468622424,0.007404008055367969,0.003512769930199987,0.010261499439672242
560,0.006577855967828423,0.00952718343918711,0.009484801363033925,0.0023909406480748987,0.04966350555329588,0.01178603702945113
561,0.006207255696254,0.009198765758763685,0.03967239227250071,0.03130914306272236,0.008825082762082942,0.0025355488141648786
562,0.005979361725319554,0.009864243769851015,0.011003940549142537,0.006340585264811531,0.0051583837980439355,0.002030755462119593
563,0.006053881758734001,0.007532006097392185,0.025103242931143376,0.013942071111705161,0.005816410066902132,0.001704634589303028
564,0.004863232340146352,0.006165335887385186,0.5168104682757609,0.004459340616385909,0.00560554082947114,0.0025693039556767706
565,0.0034402174684409117,0.03891583725331872,0.5491348422960378,0.004000772042769855,0.0032022674083195418,0.001976391255821448
566,0.006075029626875218,0.006533709073065526,0.007028192960255161,0.0050449944878542905,0.006626165054565232,0.00375632342499616
567,0.00795382643312023,0.13053619124028518,0.33322450359378775,0.00258679085251376,0.01482946705575816,0.004136812324552946
568,0.0027656161559009283,0.012019977030285678,0.011961080884237722,0.0030875343887384597,0.0060036755697548,0.0031755264957987737
569,0.004454973403042781,0.01078017970508387,0.025799526082725174,0.004345926096643888,0.005289927540822207,0.0035644657347987828
570,0.004561894958948883,0.006371732941122346,0.2201447403408469,0.005725429124312981,0.009905394139549238,0.005678528092929234
571,0.022721869276504644,0.005356283274386239,0.00643790188392929,0.0037659187071611287,0.005201192676079085,0.002100107926924408
572,0.004607472343918944,0.011199209175937877,0.07136100257522665,0.0048662416952089315,0.01693056385585064,0.003659984559009978
573,0.008295264583083582,0.0026974863470109385,0.007388749237447834,0.003441569695480385,0.0050417799276250095,0.015167944883186372
574,0.020502874640638314,0.026793676827827125,0.4607086390205588,0.0032854810821695162,0.01022287604780396,0.005853612403843845
575,0.012909904142047103,0.009583066901285733,0.03202560393210298,0.007188231065898164,0.010635832573191997,0.004528490813109942
576,0.008802726358523739,0.0027870840440914414,0.6149168120158411,0.005402279226270862,0.00812986265766303,0.001581806445433573
577,0.005257092185725567,0.0065601864281810765,0.01607266680256182,0.0025614724545724335,0.0028479812066103567,0.0055077249954566115
578,0.007836595726737568,0.023554594063117964,0.03444662062618479,0.0034772238538883344,0.004305549884554478,0.002519219515703231
579,0.0022750010007691127,0.012452689771486686,0.012045976380287478,0.011061542854630832,0.0047946069327509215,0.0019914513494166523
580,0.007814460578544234,0.006260664202235843,0.5321889074311916,0.004912657697808068,0.007600254516496365,0.005604786649043605
581,0.00548343708416306,0.004486053079894547,0.3812820258618587,0.03719368507867852,0.1534506284985063,0.0016391217203270026
582,0.005637717328018792,0.00395505916174713,0.24617979368614995,0.011615702750267645,0.007696994544496035,0.004104620016866899
583,0.01548513985014607,0.010819374720101905,0.25816298981067215,0.012347448778060533,0.008799278972820283,0.0035625446319773645
584,0.00422699746139174,0.010866425002091028,0.01610399225930262,0.004506001282223555,0.008792761883650623,0.007649132110426413
585,0.004370597493020654,0.006259719190709713,0.0046990176286467985,0.006987158400978568,0.004429776379706509,0.0026048521286742895
586,0.006488466119340365,0.004665327600742577,0.08227190099769342,0.004537021030639448,0.004494426878345075,0.003956567582788527
587,0.0038877375459852883,0.0045169886796890685,0.012961658238832635,0.01213000554473408,0.010818208119473247,0.0025399371377818033
588,0.014635954682433276,0.008302104469410498,0.635752975090489,0.026601381045645304,0.004023654409238086,0.0026341535255961835
589,0.013787754967013809,0.015778450670934904,0.5067845368460346,0.0027396266399534706,0.0032040050322098123,0.0018850343240434443
590,0.007063079225743293,0.004770632126857518,0.1913954297017873,0.0030221458033409337,0.0049781868106912016,0.002892444662390858
591,0.006101692603079061,0.007984861807761598,0.008376600944130418,0.02737740415853658,0.001878018425758938,0.0017762591269107723
592,0.01599700092480149,0.027753148520134482,0.003788427776052435,0.010320981665069694,0.027795192590666373,0.008455406916126736
593,0.0033776245539356197,0.003450881395171837,0.013352971718757869,0.0025312437294178584,0.003296765185370903,0.00655824334811251
594,0.011044404332500552,0.01203098804247426,0.014861224420456638,0.006266347874574175,0.004011210436168431,0.00462667154294596
595,0.004037514230168216,0.33287047839034045,0.006139799164505583,0.007483863474594053,0.013229565505923514,0.0030127280569832416
596,0.006147481651819585,0.04732592144964828,0.007222590856138156,0.004067448121759216,0.007922772787105993,0.006285671900381443
597,0.0304799943853087,0.013580591750256924,0.10419835841362929,0.0054402023925908,0.002983453822558936,0.006158172585891643
598,0.006725433298658695,0.040025054791052235,0.003290025755361586,0.003366992146619794,0.008082725831664377,0.006862464560395305
599,0.0045017297855578665,0.007384026471045126,0.012434589837094005,0.004242333222557677,0.007759483966821555,0.002651167437892506
600,0.026064669885793305,0.020771687343824716,0.01766001409941295,0.0036558169033285184,0.002386208997111738,0.0032996275173509523
601,0.006883758956268463,0.003031564311265431,0.012294149475309,0.004138830302915586,0.008839009181212333,0.006295017780976917
602,0.013807248546616822,0.07580308195928484,0.009884849767321456,0.002295616292525696,0.007981306656030697,0.006530126015649607
603,0.007229837072392393,0.016126109972267943,0.006186222624127648,0.0048980214434118175,0.014549200058048018,0.005261327911640358
604,0.0031383774043178677,0.0052516461369795,0.004575618760321343,0.0026612059818616265,0.00771826937433336,0.013348558377052833
605,0.004608008883705683,0.005166042479765558,0.28532535646250684,0.009278209113562839,0.004616836319985193,0.0017837033446207694
606,0.012821974875071323,0.019271736668113302,0.034556682391958,0.0023583578355548343,0.017902865581778508,0.0030927822706698074
607,0.018569845493524202,0.008934679154616576,0.0029588075798917483,0.002442504184233306,0.006046405923517882,0.0033197964871241703
608,0.044862491190100114,0.018605735991465845,0.6823872582681177,0.003989494524821951,0.0028377755192242242,0.008569164838771046
609,0.007901703017579236,0.020023876267136097,0.004472878002159571,0.015580815947914484,0.005977668882195283,0.003722364937773662
610,0.006863232537254593,0.0045150701348664005,0.48373142617127823,0.002087747661141159,0.006745216299384833,0.005153592462681807
611,0.004553203510405949,0.013296131755667347,0.025723635900573236,0.005342184183250847,0.0042074284063672055,0.002656518393600699
612,0.01392096379513508,0.0027288845657218045,0.03370033850678104,0.0032047037840349716,0.006452772950583,0.0021893052186802613
613,0.01833415335539972,0.4681654758459928,0.5525242386523277,0.00729924571058247,0.004062998636288294,0.002163547579586832
614,0.01669342405373816,0.03632009156851294,0.013616496095831935,0.002642869983185213,0.0063465104120756215,0.0015488032478061789
615,0.03793626651637996,0.0042433737818241436,0.029852752492308638,0.0030842541568034364,0.006855239027398465,0.0027009225189839315
616,0.03287442366007962,0.305988886903242,0.5203414686215829,0.034927453114307686,0.0033771606793698357,0.008854050817876357
617,0.003681352906781443,0.017495600753741746,0.00840197530772026,0.0021452958697083164,0.004260353959051187,0.003976368667622097
618,0.006119357817692336,0.30225685570651806,0.5872487147687393,0.01743095868850831,0.0022687047707403607,0.007761822576174176
619,0.026728669502048188,0.00474167590881857,0.42516658341894115,0.003250480462871347,0.00675634227728414,0.0018272212172312564
620,0.003844424832133806,0.08860236400364933,0.19380548648073825,0.004065591391389689,0.002039123764143602,0.003957027334744303
621,0.0034247567953658085,0.002652121935596319,0.23197819992275753,0.004080045654519975,0.010765897279171995,0.003992677913561468
622,0.01649334359661131,0.00537431927669291,0.039307275202123446,0.00714272486037241,0.0046367337536749615,0.007039309453542824
623,0.06142143936585884,0.06073006132917059,0.019045934079413115,0.007556838553716583,0.008253507694164492,0.0048181266269476265
624,0.00573371513040641,0.008123414443925779,0.02273403506736005,0.00812129923949018,0.002382163823407606,0.0031487102597504042
625,0.003383591826611931,0.016364918733257815,0.004982502067628275,0.009957620921815917,0.0035036489784276447,0.0019143132945895454
626,0.00742321756980236,0.007814289583295386,0.011960699938632054,0.0069280082389189855,0.0029043600037521175,0.003981317100377858
627,0.01031883638551462,0.4453697020075085,0.009100078096351258,0.0032925438395091347,0.011441577594945568,0.0034404560424495505
628,0.004664542240934471,0.007281618570166465,0.010234258078094523,0.005926534645458286,0.004172136088425908,0.004125159207748732
629,0.01731417126758734,0.008769278835367584,0.02235874509221609,0.002595097003965329,0.003379649341749635,0.0032832632489140216
630,0.007401679912331076,0.008204299139052743,0.010819908623045094,0.0046965784190834215,0.008854684575459766,0.004985865987507396
631,0.007810366964363501,0.023732120484086197,0.01781297970928539,0.015538019390182642,0.0042381636781928375,0.00474294830383555
632,0.005530212864590629,0.016226486056508033,0.18808524794149076,0.005005964276591095,0.011583306538976634,0.0019851901479774766
633,0.002622153082226625,0.006900344903172364,0.14292146612038695,0.009336892161702942,0.006223477955877063,0.0026491886053264632
634,0.005217057847048044,0.0030261099240558283,0.4510096798353776,0.0031192604308213803,0.006050893084884319,0.004942574429699454
635,0.010123163368814627,0.005622250436635767,0.4297528076368144,0.004679897680757584,0.004420709209656242,0.0030270607553944742
636,0.011103536584750072,0.012277975110620166,0.017378855132238958,0.018075380924699496,0.003990232433900154,0.004588861684783783
637,0.010671973518465255,0.0054616078840682225,0.06270171594807442,0.015098530090083138,0.003449380266135149,0.008893644574425793
638,0.0014090336457599803,0.008746860295429149,0.008818187455740268,0.0032382441576751073,0.0051893525018508885,0.005443723455107996
639,0.01098151405188503,0.4031818564229768,0.027492082133267853,0.0039707953573044,0.0038954073694787593,0.0040215462375081
640,0.029221796893664595,0.06776112531813464,0.010319320301289365,0.002949619422664595,0.005718608108761625,0.01565212474568968
641,0.004951342329647366,0.005739913145684248,0.5745948015334047,0.007176932922805871,0.003473447591905708,0.00426039807680485
642,0.0027496083887612356,0.005869339427360847,0.18894929692087603,0.014628815882857096,0.006025100464296307,0.0031413660048341565
643,0.007980956392368139,0.004808560311296893,0.02380650784992836,0.0041936633360784535,0.005281393155795834,0.02231037277431685
644,0.003567155922109418,0.012291838406314723,0.01616929723241248,0.004403355602357424,0.011719016376593672,0.003310143565363453
645,0.00527675132798011,0.005707548438339289,0.007766721326753433,0.02145486197346078,0.0023772754303116065,0.002831584920724767
646,0.1128830356802404,0.005626201688283611,0.012801850140939972,0.009315335819690726,0.01954094792110124,0.01809018281202752
647,0.004892484922794462,0.01123096094316287,0.0422380409454751,0.004015746138413164,0.012244471019674482,0.005142442910521492
648,0.03262976123308822,0.009006284606275053,0.053902901641405966,0.003934626192307441,0.007342993097631325,0.006725217128939718
649,0.007065262734021508,0.0037189450215591676,0.28757460295937,0.0038912683783787977,0.004688960799316497,0.003032504519586851
650,0.0023712661868471297,0.003230767447422282,0.23486743789021744,0.00324852534512279,0.0023727404107269216,0.0034297789662647584
651,0.002452801090161823,0.007922726678391558,0.004430138273602971,0.0030200037023089136,0.005127466994173152,0.011586276524976343
652,0.047774330679332476,0.4138770536415773,0.46740453700450535,0.010083797862544765,0.0030842447668168542,0.002246981638424397
653,0.016668852565007032,0.02218313117107779,0.03317564741369817,0.002410365507402661,0.006257576879686015,0.0036924912774839655
654,0.013894127231428844,0.017526657171654195,0.5956849800369471,0.0038152763267759455,0.0028294247476472966,0.002413958795838414
655,0.00793702046137187,0.003802515918827611,0.013262836591799875,0.0025414097676894625,0.011135287010060363,0.019923301321850797
656,0.006361344282207845,0.013538975982736305,0.0320948626640787,0.010068544472708772,0.023968938235213157,0.0030548632833794012
657,0.005107515060470853,0.003255464127644722,0.009802926916046931,0.00795401112902677,0.00847475642120484,0.004626290279844916
658,0.006625933144300719,0.002699215717826037,0.009207439508152056,0.028179323063440287,0.010675452376519658,0.004503135656590832
659,0.005342302425399427,0.021535565467124613,0.010247622987224056,0.00622508302698464,0.00228676034135178,0.0020119219255254365
660,0.08620914809713875,0.003481561348405745,0.007482435223059529,0.005061919632501462,0.01715001682470547,0.0048256839516361396
661,0.005317703227486695,0.019311967307332527,0.38121279856609636,0.006586267983181576,0.004342086458603477,0.004695267126247804
662,0.008501697577500316,0.003936605933266016,0.4471352934718549,0.01728567554981612,0.011995338409699468,0.004985230148483615
663,0.002494932642031254,0.031221032765089102,0.029081042835954012,0.007432090867157992,0.004474263086873928,0.003060436489738215
664,0.001725318733744869,0.5894534590346747,0.03483009021698073,0.0282880888970394,0.003652031007255401,0.001594888421502966
665,0.004447223713308927,0.009968817990811082,0.014308655088987795,0.004793565725436913,0.010077061874625102,0.0034469300411953483
666,0.017429705537146997,0.012053702237229699,0.02995749498937563,0.007076144507152785,0.013471787596079398,0.0038717449829922205
667,0.0410230630108561,0.009613886104713244,0.007615624707855772,0.0028356079451153037,0.010034252329404698,0.0033018277806992208
668,0.0054467108160375765,0.009760044047559167,0.02404799369199953,0.004442773906566694,0.004024914992628713,0.0037031896915343514
669,0.004101449150112368,0.008722132068567964,0.0046358504826527315,0.024302331438240184,0.0053415897248200615,0.004098097583895696
670,0.020546946794560594,0.003305581618493814,0.7542700000931782,0.0017400323545031214,0.0035897372641972665,0.005539001763865721
671,0.006396067599754388,0.0027066220333973054,0.5295983065393817,0.0034802842608568324,0.003981020275772945,0.005472727933021275
672,0.008280401533792135,0.012939312783347473,0.0038350214373530406,0.00339096750009996,0.030100981087329563,0.007850622248654956
673,0.005325975993975519,0.004464855428184457,0.5354134227968816,0.013714380498034667,0.008212447405221947,0.0036849501109137155
674,0.0025602701687874453,0.015983693104360867,0.019028706837090417,0.004731695809859815,0.010497861228887273,0.004748863352513083
675,0.004767378331190279,0.003910366665177364,0.40648620532852514,0.011403200682888354,0.008033978025308117,0.004820893851355393
676,0.0041254446158832505,0.002476700682367413,0.007834958347590579,0.0026885265489490903,0.004733859873973538,0.0028383698027110095
677,0.009409039269969631,0.021464190867755924,0.23887846975563726,0.01679059464463587,0.007565215019427504,0.005180041583834627
678,0.025622586666857933,0.028541215557201564,0.010051313712345088,0.0016371929539785485,0.011267080857722515,0.0024720485168516796
679,0.008722215985586796,0.0038385710178049015,0.02014254958813209,0.005953248571980254,0.02211183481444996,0.004941234857903292
680,0.005784503668361973,0.01051761075192382,0.031624286716781615,0.006715711646222899,0.003155478382090623,0.00295749203205881
681,0.003731603664081769,0.06784755149705542,0.005181099206727513,0.006350723452696144,0.01125871077038259,0.002580203748158768
682,0.003859069959528555,0.025588397940741647,0.004074432206027763,0.003811733007539383,0.01937742192738872,0.0025447789926978538
683,0.002307018793666366,0.008866445581604638,0.0033038631462451212,0.014917845136629429,0.009239803629835116,0.0021902512337555343
684,0.017260552626612042,0.650894866677932,0.4411501586406255,0.011316430588554586,0.007543876640374411,0.007549219542762666
685,0.007396284569173113,0.004601242415345025,0.006873744331304301,0.006192449894784291,0.018572540478826532,0.004453312527205412
686,0.00321882425482953,0.007181113413130731,0.3454642933334101,0.002194359113360975,0.01951197599222001,0.0036311829165249806
687,0.003872406185858319,0.009159108777033218,0.004225958667127982,0.005753505664757141,0.004725042873098742,0.004682673285172312
688,0.040400620904700105,0.0025549435622583905,0.005676850051019283,0.022403758177291046,0.12131349992147361,0.002517251916328402
689,0.008115507314782054,0.05738334842325526,0.5184042175366564,0.0025783132384499695,0.0023059661848996217,0.0031513895013957007
690,0.003540650694940585,0.011178546593758089,0.008964922638334814,0.0030629485472364157,0.005677463388709534,0.012293519986679132
691,0.0030960941476288416,0.0030457565103158097,0.02840657249677448,0.002714730913934225,0.006561649052628434,0.0030106841158932213
692,0.006398224829618425,0.005835888982075349,0.32054221232726676,0.02636818894830827,0.003849239661585727,0.003605387540008767
693,0.018641114690391303,0.005147961119705048,0.007660894573564523,0.003184867246764041,0.004799702958916254,0.005234038724225739
694,0.00623728780243365,0.009021236257900496,0.034150219275465944,0.006407652072344307,0.005414031751005787,0.0018832482806396419
695,0.014819661529318311,0.01104772774352768,0.004484375582350865,0.006595510138680448,0.003114877667861276,0.004306873404813553
696,0.004609275441196055,0.004182415333939328,0.32922188304290934,0.0035126025938376397,0.00935811447808906,0.011467166282160487
697,0.005436209973365948,0.004449988478987252,0.4741524493506085,0.002735053721009275,0.009013817165900868,0.0049852616743946195
698,0.012698763016543381,0.03285220753964154,0.022279870696075312,0.005085082102925668,0.004042888308468129,0.0062373965689263376
699,0.005400398025742764,0.004663264554672404,0.4039460798341533,0.004867027576099291,0.008804576005045636,0.006011247639656667
700,0.0022729641521134136,0.02414430711056791,0.015097540666812289,0.010521761093879187,0.006728778802726457,0.00186587820630731
701,0.0031414970549373603,0.004441420085855448,0.017022017415313177,0.015592064536288128,0.007282730040735659,0.002217593320567977
702,0.005859591630086371,0.002803531825338688,0.006432051919284118,0.00901899300367014,0.005798988672101556,0.006082234774978627
703,0.06255853472361636,0.008458013561178463,0.019784609925691064,0.0023247672146255735,0.0028960359308845803,0.0026642883511081863
704,0.005942160993792394,0.01393789012878195,0.3719146669034191,0.007307851403145817,0.004747614900395308,0.005335601495841913
705,0.011468354634967072,0.008368509549973112,0.5817663519808505,0.013953974701104068,0.0054537120220376975,0.0022116860154941316
706,0.011270352291170899,0.012116394300487408,0.16352775471217537,0.008187299959798602,0.007417513793612343,0.0018059919570495913
707,0.004493505909212652,0.020501750554295123,0.0060799131502731725,0.005808196447342662,0.0030997263020957335,0.0026038957465144043
708,0.030574313769838626,0.005264304067137973,0.00897191190476723,0.03367611363630286,0.0046242371069352434,0.005998269717607248
709,0.017973471661022998,0.01140145099349091,0.32407818688649764,0.011651827678497713,0.008783823977175736,0.004725264539294102
710,0.017366479425997103,0.01608067856120833,0.11116637349707198,0.002057906873935789,0.008724320038464567,0.006236206624577049
711,0.004235738973347604,0.004389677569777812,0.005764571105868835,0.006070951009142077,0.0038750740122112668,0.0025904065435863595
712,0.0032303612982357275,0.003852361525747065,0.04692371056033986,0.014267706946229818,0.0284172162305266,0.010806701840415088
713,0.005773731936859877,0.0041611952587511745,0.04438826267388754,0.0032790804274074733,0.013468941051965515,0.00843305313571669
714,0.019732694644795733,0.007130863409834478,0.30246553224043066,0.006748287389086566,0.02088480085228575,0.0018361540189409528
715,0.0040478733156831025,0.007680588007379209,0.26627351198339644,0.0041562331696569175,0.0037752349578730254,0.002449959276513183
716,0.01011372516614937,0.06260138991749568,0.01313123592918999,0.002117916563709839,0.012089865066380706,0.007701285179080922
717,0.0037992584968927095,0.009811394390816741,0.40316778407572806,0.004520508015878931,0.011477959716634067,0.00402131760117843
718,0.005432264146118651,0.005723075713655423,0.007930301669623566,0.003319275484560499,0.0038102676040210636,0.001780353108924897
719,0.0031559758564887047,0.008262018859810543,0.008274138967962951,0.0020165701903254946,0.0164036679106294,0.0030922917572885275
720,0.011383811569026339,0.41710875381195084,0.008288170931509296,0.02918980615479395,0.01985814297355026,0.00203664829056089
721,0.02068067220653347,0.032350792100578014,0.032007104253924695,0.001669632100331332,0.0043910540620672065,0.0022693158143964717
722,0.013566061148312387,0.0029815016046992535,0.21085128814148774,0.0023033248272930464,0.004914239542576019,0.017370534252827863
723,0.007021904401088488,0.02312844916515369,0.01915670460336608,0.0138768668612288,0.005627222924663119,0.0044814826572452705
724,0.0049448428877593665,0.011962771384998527,0.008316968470152532,0.003763590421316543,0.0063819124725296005,0.0022518833517425774
725,0.021210939552387092,0.0031408504141106574,0.36172509307411665,0.0031447189521859762,0.005223008213161472,0.0038413316446231026
726,0.010255095243295752,0.02013479853604481,0.3929508218772427,0.0025521764861876454,0.00958082824536575,0.003991590257423974
727,0.010726312900510036,0.023587187017713986,0.007997877560128742,0.005597314972219762,0.0033382552805609348,0.0024339497892670045
728,0.00886679644024509,0.5817074460863314,0.005472040738143397,0.004766356262257936,0.003072769527194005,0.004073248675158891
729,0.015600446361902148,0.3736258434680171,0.04226760242657468,0.0020141311294058716,0.3426446486941133,0.0025731006085101347
730,0.004669149783415193,0.01913219574831879,0.007741887542954218,0.0048285499516835615,0.023513457652155217,0.004687460576324228
731,0.029280197879282627,0.010461256499190538,0.008585689471760971,0.004755987979366012,0.0022285268463994325,0.0024809916539052144
732,0.003174803743110535,0.003942127569701948,0.009315308342743613,0.004185096317464625,0.006550629153012245,0.00217970534886412
733,0.011857578067610236,0.06274964769857522,0.14451127687853776,0.00568054458352458,0.004749233814840943,0.010611706452287532
734,0.01141134252272235,0.006271946919467537,0.042867621655385144,0.01326087752814191,0.005205983348275834,0.0024284385159507966
735,0.0040859151733333545,0.2787802167919173,0.31192651124993154,0.0026009014809941023,0.0028955273602397345,0.0025907114988771487
736,0.004300655041594124,0.005536645088269121,0.4030691077347348,0.05036183738396843,0.002420613395707711,0.0036158342313821227
737,0.006956911262740711,0.006726930662133951,0.3023367792661168,0.0020553913671653695,0.0066214603990702526,0.004346550362260216
738,0.021038974000816522,0.041501552066827686,0.00303802233176742,0.009873032225303674,0.005993785023010479,0.0025273683451853906
739,0.008968828662402631,0.0038838890677129444,0.029181030912244426,0.005381219817272496,0.0115618317047096,0.012998115634264264
740,0.0279205204523083,0.020850392559304213,0.3608131747128836,0.003968350171057465,0.007256767357357232,0.002384541181914464
741,0.003971335663348249,0.00781198421378248,0.009061612634118766,0.003528643070779398,0.004274852356511987,0.006454650664380546
742,0.008501749531903491,0.019105854500827517,0.008047857002278528,0.00488522772355607,0.004363726223908323,0.006114356786474944
743,0.00902772518724046,0.00493486920939528,0.016789175411192174,0.0051668466586266785,0.005016120823889913,0.004142535332270487
744,0.005274960320088456,0.01243395050192629,0.14929199322044157,0.023011426155589237,0.010838397677983488,0.007938222547203335
745,0.02908284117382869,0.4476992266705549,0.03197709163989806,0.010972852163595214,0.004822036387989971,0.00343603380262819
746,0.005703237931515165,0.02646935419567446,0.02673151306627176,0.007033772745956708,0.006581638088054856,0.003284182842003174
747,0.004222253436320615,0.003093376275114936,0.08130294088791674,0.01099189777818524,0.002409337548857574,0.002312799605815731
748,0.017609845762535967,0.0036768362826726,0.0042884415040405355,0.0016343750870651886,0.007904952913266781,0.003850885320486581
749,0.012399249564907065,0.01219974403793237,0.03894165115377609,0.0030333375161366886,0.002823308128861636,0.002222383869235603
750,0.007070084404165429,0.0046293787968498925,0.017043872787738477,0.004623320220976024,0.008394901720929281,0.0039901667790134595
751,0.004855916303093338,0.05191357199335317,0.527896626536352,0.006442287240597807,0.00154615536864827,0.0014503751413370018
752,0.00593015335218444,0.005798528585172554,0.01694372745447474,0.014276784450624153,0.00617846448893116,0.001984290680516361
753,0.006332489072391141,0.007196889059478713,0.030537243725787054,0.02157459583884547,0.0023490132717759824,0.0019032131291353103
754,0.011005624524329675,0.010681185384771762,0.027433182942462286,0.013489835811396933,0.004287832317907024,0.002402064978824935
755,0.004417153885046582,0.01087085800746775,0.2789493809467098,0.006966082388352327,0.008807946852669044,0.004517851522224423
756,0.0038039222598412487,0.010069695278848309,0.015369242273776208,0.00658821066796655,0.013637052493917402,0.005133059710961366
757,0.0021813666801769644,0.004171239722025324,0.006461665597206056,0.007279771861725563,0.007499999124116133,0.003086487053847991
758,0.08483017033743608,0.0035032821897005863,0.01843755280228545,0.06352642109484787,0.02105304012859521,0.004805376826303819
759,0.007212810700551388,0.17563157829408194,0.3530266866468379,0.003992396394930135,0.0038568348726477158,0.0025950558392097327
760,0.0038361830082512065,0.005634182964853439,0.012206699708148125,0.006178349814628886,0.007114725234626302,0.0018804031164383534
761,0.003844102349906557,0.03146198240502441,0.6553245207346986,0.003438411895068228,0.00284307674340915,0.005315867111133709
762,0.029366765796197777,0.016238659318502525,0.007354116006636444,0.0115073417700993,0.0036920070808221087,0.005699190736746568
763,0.007457740899880506,0.004103359472744095,0.22736865707052867,0.0026139922014166983,0.003918970981885863,0.002291467333138745
764,0.010078518520771478,0.01328316799553881,0.3586145758264275,0.006287010922540568,0.00691539255284212,0.005560843082299445
765,0.00949361654881474,0.00524686643648823,0.339017993317752,0.017256080647630345,0.004309167808390371,0.001954814654624082
766,0.006030607492736634,0.0037440614500717827,0.035264745217004706,0.009140344959868284,0.00521644880090834,0.002870306154263084
767,0.00460675684074029,0.07752478177621756,0.006286250363127462,0.003881889078849413,0.014114356533811552,0.003783276775074807
768,0.012208566098114675,0.0023747966927827914,0.024466813700615642,0.014885860908422836,0.004570210682609706,0.004668977772726535
769,0.005652255403932659,0.020262462613944782,0.021639110308192076,0.0028324121629248068,0.006572699918176879,0.01516804556803309
770,0.0025726187023913188,0.00492806853113331,0.0398862950886021,0.002559267169754345,0.0040111820238330695,0.005030240323105435
771,0.003415742961617786,0.003116764908374168,0.2579669041137567,0.014993686854135374,0.022657382894804998,0.004224861805489334
772,0.014028575166919159,0.009361292519448419,0.5890149245035305,0.0031509065294750235,0.00451979127343388,0.002034855099787271
773,0.007352007465954757,0.002300653910132995,0.004107220133763605,0.014999112143818822,0.007963590773890519,0.004580828086969463
774,0.016770796923420792,0.013461434390791609,0.02091927868427861,0.010295607360699318,0.004223454042772501,0.004741090248225556
775,0.004243437049592225,0.033924044804553195,0.5490061877637364,0.0026099434217071666,0.007030006677671069,0.0032422472121671126
776,0.0033857009828076115,0.013851961848397255,0.00552694868084513,0.022571737180287158,0.003139198135224719,0.0022891942385990234
777,0.007330654561484942,0.002571719595431154,0.01574198416840965,0.003366632516043483,0.0030566358767353764,0.002327583006022778
778,0.0074645863531802034,0.0036579610668857586,0.0396183132661068,0.002763656135153687,0.02419747058014531,0.002522213843038796
779,0.014007650723017826,0.0054531675112069414,0.01842707952568016,0.006954280887924907,0.006064431433398092,0.0018654087530398946
780,0.00412485725666089,0.010092534904971003,0.004929691618168153,0.008945145000683347,0.004821424006799211,0.002985762268232024
781,0.004511959401811804,0.05107416075348944,0.01918315215577426,0.0024656538514777697,0.005897835292543369,0.005802296269046674
782,0.007939004496213603,0.014292083976714269,0.04637941763753334,0.008979286380332387,0.005131550410415524,0.03865473781065562
783,0.007503709234690427,0.004271907390551926,0.007882806171009126,0.0027236501091237367,0.03055841188623511,0.004819818386776501
784,0.00539305290077768,0.00810767577687312,0.039643248988887936,0.003333584069770605,0.016680307181746352,0.013489394722141322
785,0.018346436578396772,0.030375277698597356,0.03042103583745061,0.00205035282317205,0.003773586408477412,0.0031168911677359966
786,0.003720248470008534,0.001993757260888216,0.01550957456116008,0.010183364798494134,0.008504553872038056,0.0022012147915635707
787,0.05309399379291441,0.0022829988154629663,0.039257729195080006,0.005097443178396984,0.004418299160233858,0.010286191576100008
788,0.008201456946608609,0.007393750402580036,0.030201058011594565,0.00903565200140592,0.003117884232495871,0.0018964764755393688
789,0.0032511212993952317,0.1570873581919089,0.029058857451887805,0.003666019005274718,0.020522126755421508,0.006510662579376413
790,0.005632778215609511,0.010950278995003448,0.2477447208272615,0.027130136682813288,0.01172546641900419,0.0020267103060431463
791,0.001988504372843665,0.010677347845431069,0.015684759634858585,0.004376691643274295,0.009578809575962856,0.0024293284711424667
792,0.003836706380516267,0.0028716721739129075,0.008328492421380559,0.009959559811683137,0.006170307380197744,0.005187156012564373
793,0.005692760894532963,0.0332085975709929,0.4349360775139795,0.00706479034418754,0.007999175359471917,0.0027177952204113127
794,0.0046507579348002,0.0041232625121577484,0.004802225072615862,0.01009776118645769,0.0070238119027675435,0.004756935829959114
795,0.016361476225120995,0.007105752202115692,0.37926509169167955,0.003226045436762178,0.0035882672109856864,0.005861851306728032
796,0.0043030948488299485,0.0034937461069652026,0.5069536932704062,0.002364475175178519,0.0033036960985378563,0.0031261381324473887
797,0.007851238072654696,0.0033962088400353433,0.041586962904515246,0.008510598298067383,0.004504373338052732,0.003871968128493907
798,0.024302492938340508,0.004262124452451689,0.03763092106888082,0.0037269055162871796,0.004188031041076918,0.0022848784292087833
799,0.019408054080287455,0.004787350968036521,0.01665354128045269,0.008383592712545986,0.004307004279283686,0.010613541316977528
800,0.010474818174622258,0.0065901145892515115,0.03410421070470722,0.02429676581575077,0.0038435817586425273,0.011652023920330146
801,0.0073227758306410925,0.004131450441841071,0.0784955302365266,0.005242705249252755,0.007962313539714076,0.004835700816650598
802,0.007399017755651108,0.004742709299834406,0.026406863854381256,0.0030864296764128193,0.005482012474208997,0.007549810128716866
803,0.01758494154815883,0.0031431434430003115,0.00414547831410049,0.012340272662051737,0.3799865491297032,0.0022968682081093324
804,0.02918935868739775,0.00826041655635916,0.03930945158601449,0.0072666133435399065,0.003118742224698019,0.001780827459383254
805,0.012417798584200678,0.01161168830953531,0.044716035029573865,0.004405640788291103,0.005886172805942456,0.0029821229685859
806,0.011150175000893723,0.012474180187512634,0.037767468245998345,0.0022648314545040036,0.006055550022177791,0.003052996387404643
807,0.007256106344070236,0.009487513952585831,0.004816875111101997,0.0021107522095945067,0.003981203936580399,0.004974370826435116
808,0.006451126786042166,0.04101612349904646,0.47332298288224434,0.01093182543624968,0.00842741016724711,0.002029551644350858
809,0.004756023774889388,0.005026571693992993,0.01777892539554318,0.00640549133051043,0.008002126090658276,0.006767639309502602
810,0.0048640852474028905,0.41856699840949124,0.018062236881679114,0.0026770026734435452,0.008934367278969502,0.00503130328387321
811,0.001857378293843833,0.0024507291970188067,0.004988153570009779,0.004299760488054324,0.01253923232722917,0.011294070724375188
812,0.009495191321243638,0.00763532902236265,0.004256943404094645,0.009936883593128098,0.03539583178736726,0.0022136398230865354
813,0.0058846002794702215,0.03429096844525674,0.034733060991431176,0.003055363580856171,0.0034984919078581114,0.008657208589527298
814,0.009803449256239645,0.011946678033372798,0.041526356360972336,0.0025656954798002353,0.0026409879815849175,0.0021892606227696143
815,0.006292236154748368,0.004504344060705609,0.010985503734085167,0.007199118614649869,0.006377328036453982,0.004640797817810479
816,0.006086975970882473,0.009178046556730612,0.04515520172306824,0.0017349939998908084,0.0030530410328278457,0.003465330911685892
817,0.011649501552631052,0.0035881380342431294,0.019120423499463874,0.002868239371239098,0.004431915342303482,0.0034210722753172354
818,0.031248982259772042,0.01723680541234888,0.36015179581345713,0.027607112200454066,0.004253613320094225,0.002218769238150915
819,0.005120870763724762,0.012078821045263158,0.019435207061442205,0.004020593697792567,0.003987748873016784,0.0028852544675476003
820,0.009034907726754676,0.026943833667296368,0.005973458606997026,0.0036763947461843616,0.004381971186045547,0.005374588670650068
821,0.004263190093437162,0.00477111723765998,0.01085520555400323,0.011222718733511132,0.021159071794117825,0.006531075761403293
822,0.006316002485818774,0.00686529931739694,0.19711111184544985,0.014063204818904034,0.002189782289615748,0.0040765772548328316
823,0.0034486760366882244,0.0050755742087437265,0.01673824791161537,0.0049144786469214495,0.00710768932535897,0.0019016649673589874
824,0.0027830876905792223,0.05491387975808825,0.28578629138291,0.008526918173109339,0.0021685571217214543,0.0056140416623751315
825,0.007378084097943631,0.034934859606748254,0.4348283621602427,0.0018191432513459643,0.00783942991084266,0.01943443385418763
826,0.006141152073340832,0.017014548273767947,0.004837607540709965,0.0020616177567499274,0.01189375521748773,0.007127386584714946
827,0.0024258909086907234,0.020316472951538767,0.030594313373307105,0.0021861426620662923,0.005187788502750807,0.0017175631688906986
828,0.012840235860934881,0.009423557093805752,0.03837344758969007,0.003335578968097223,0.011034327754657297,0.010325396887019446
829,0.0036789346023431402,0.009552673590093177,0.01641638858079346,0.0025187942714249784,0.002624515834170032,0.002849062452947642
830,0.007347783955207949,0.0028715362988302453,0.5645294385050037,0.003913208142151445,0.04114948466467298,0.002809291273211169
831,0.011797849546069862,0.014039852182595774,0.29454159727265944,0.019159981204012706,0.022510113722257773,0.004454357218162344
832,0.0886727707417913,0.06174650717068717,0.0048136631561940665,0.002968269620594633,0.005999633668641991,0.0030959297379153866
833,0.004140670594499581,0.019867645387114243,0.5133186985066753,0.0019465791287675402,0.006899469769483118,0.003932737683721591
834,0.006678312569633276,0.01295863137995327,0.36320388237631374,0.0094946822860991,0.008116536345535772,0.0016645889196371666
835,0.004222778299345106,0.05693855637801021,0.26445771808156104,0.002691979868949212,0.007457683589395718,0.0025955820891857997
836,0.00967215639672704,0.15770548068073312,0.39327050376501466,0.006256582284178205,0.012598616063578347,0.0022873286304811043
837,0.01993879855114561,0.002790063392904914,0.4597298602349599,0.02961774062165462,0.007656450348953946,0.006714322740359852
838,0.012532310125577543,0.005132207837148741,0.0034284704272097353,0.004845013437676309,0.007489436626725374,0.0016673735634887296
839,0.013622487831142806,0.00794350022248828,0.011633979222261781,0.00491978271188525,0.0026985663076299696,0.0021426539428303195
840,0.007436496227368739,0.020782689293189775,0.01695734271571071,0.019188620120807676,0.004931424393240104,0.0016688935231086617
841,0.015017445973669531,0.25180862647705304,0.03850137979277913,0.0046653070674381476,0.005759820466663099,0.006692444832624433
842,0.05681106519862547,0.0327964792462559,0.03359612427150973,0.0358291033575757,0.008341705783996786,0.006465040805598234
843,0.008679656858491373,0.00657937225704872,0.0497072738123892,0.004833778497122807,0.017610511357083507,0.003716340222549508
844,0.008886760566567217,0.003331007569631698,0.00733279636814559,0.0037924673715271145,0.005479835121204435,0.004661572758827803
845,0.00859086305948099,0.0033524334116995093,0.005505118566640292,0.002395562054876549,0.05163629511590879,0.006940429089480737
846,0.004099076293738791,0.00976054126775332,0.2590973683586201,0.008781465130604377,0.013400609065936932,0.003118311455276096
847,0.017275075136445824,0.00690788704002931,0.6066423233054232,0.03528165604333958,0.0036062141567160633,0.003090678124957099
848,0.00360784989834597,0.00627268673832421,0.011964365393510028,0.008461652412460524,0.03347257614988619,0.0028921729161341093
849,0.002713208288082313,0.01584054391407188,0.015781084239257837,0.00513309018156751,0.001686171613831014,0.007245013143613034
850,0.0035669096606386844,0.018095548217396142,0.00921623010623194,0.0046543354180507085,0.0023521040072097005,0.0019876037884577345
851,0.013457102077331128,0.011092208057985716,0.012565177717514732,0.012038133054318303,0.0028229299171916413,0.003003730372607499
852,0.00865468331530613,0.015065782014309335,0.026424459034248154,0.020181163987039924,0.0038621034438532085,0.003623214590451807
853,0.011441303753258152,0.006885610974546641,0.009043286178308059,0.007189843047606945,0.010330370159286912,0.007700639817358823
854,0.004475520434964095,0.18906107922255025,0.16306410981690417,0.0036349906850984826,0.005026506777123485,0.0024423083624511214
855,0.008004650773900057,0.01203202809331964,0.4716830149417094,0.0030989412658578254,0.007143898368292854,0.005484779854764862
856,0.004953344481977199,0.00425328865386813,0.4141052719879034,0.001826380405721314,0.012322213087742364,0.004279444463374582
857,0.006489090677301211,0.006752228744122022,0.4240820054673482,0.0026834117831635107,0.00706411807338328,0.003429221949502675
858,0.0049365329243559256,0.0081237065810175,0.4299570364837404,0.017795696586692736,0.003518367987865186,0.007064895180577447
859,0.005706956984351398,0.005672345005173222,0.008071038876133495,0.015548692313675021,0.0019531276682874066,0.0023739643065455594
860,0.00569024017126815,0.0032894827991116022,0.03441264673706811,0.018432596060898362,0.35856275708466523,0.0025837959684587575
861,0.008177375670853118,0.003260070221150749,0.4232980959526806,0.002522147251171807,0.006815594037808745,0.0030720963272605605
862,0.019777861027475526,0.02373486584901549,0.011702065869305868,0.0060612570308229245,0.0020638511296478573,0.00206405332641921
863,0.003745085258568888,0.012217823100265231,0.03903386183080861,0.008447273215859426,0.031219324093469204,0.0058093493710793
864,0.0067638285146594986,0.01271449246453985,0.4963770098880289,0.0019126213894501932,0.013145706592474342,0.0054032794399110325
865,0.0036529886007866425,0.0029063158317676895,0.5709995172867794,0.028212241896878775,0.012683999986057107,0.002970559227933193
866,0.0032673049104610034,0.008889791273504784,0.03093902418913495,0.011501676816570282,0.008572455293972606,0.003446067273605764
867,0.006314225975881042,0.002708752337945038,0.00950599574587832,0.007448731096411022,0.006235170973583585,0.003292252374248739
868,0.020237345062953924,0.002542439485139267,0.536399358486064,0.004685147278700873,0.00777368550328714,0.006978355469150277
869,0.011696733568763612,0.013995885586124772,0.008985657635366231,0.0063371291239785865,0.00461657854746569,0.007911885952312658
870,0.006247127178173511,0.5763240485133925,0.008047823777676032,0.002790869604218333,0.005218441952765722,0.0025805064250933396
871,0.0051698851892281,0.015288512161114695,0.3810144237942606,0.006518038456007272,0.004526116676242426,0.003035467650894959
872,0.015341844622701873,0.33755025029495556,0.004753366360496869,0.0035972719445393894,0.008851932340502971,0.002874507637850183
873,0.0027691576912475574,0.23332680212518594,0.5510498597411447,0.002803339463720188,0.00554534703694076,0.002290837850550261
874,0.005104070530582844,0.0039247125619891856,0.0031140724746919726,0.006368627708124782,0.006541270587344777,0.0036492876258649386
875,0.008961708059493022,0.016342625457661356,0.4624823782005496,0.005911493901539323,0.005876974062906332,0.003527517092342091
876,0.0031804161391005906,0.0052397841159009,0.1017422522496168,0.007759461943017732,0.008288604148991562,0.0016173778844772572
877,0.006362538957020713,0.0035614401165644156,0.04881547534084548,0.010456224383145703,0.030444460680338646,0.003844164729887385
878,0.015625803261709207,0.01240807087556162,0.4042512837263003,0.018543724007331473,0.005471232644182216,0.0030474501745723073
879,0.003239243936206753,0.002656378807356494,0.005273573104201046,0.0026903445269990515,0.0039053772608606055,0.0022704237625999924
880,0.005259965871294887,0.009914032424727716,0.036162749654518,0.0020988935035745303,0.0069981002686230484,0.017598813948607458
881,0.007161625542080656,0.007236541937170138,0.010269244527844064,0.003403605769823865,0.010198800244849858,0.005489460487375474
882,0.005354782404895667,0.007895303308239827,0.006821713879158606,0.0047702658972699425,0.007495853469834241,0.0028780326739728562
883,0.022169430356931825,0.021454854864017516,0.5453405114622139,0.0027755223245701363,0.003560629390877746,0.0067207077257241815
884,0.0029138961157874166,0.018338935660043333,0.40703079958397276,0.008580929166819759,0.003163563205703644,0.002343071242480601
885,0.009334993900855751,0.004356438795461275,0.008472475366404005,0.012916723140962682,0.005682954245791532,0.005684613092247005
886,0.029620165331220548,0.030903931999777447,0.04785920140375814,0.017664825813766098,0.002228862912847757,0.00217399156117426
887,0.00377871168417824,0.004029498792883666,0.0164531007521501,0.007520184703962683,0.006446284482988238,0.004804860370582055
888,0.0031371287534696104,0.45672203326266525,0.009993303355684203,0.0024040253827112756,0.006690889420408894,0.003180314953660312
889,0.005757990411311194,0.044486540745587735,0.008187772280217413,0.003072663094052369,0.014492135841548603,0.004033961299205437
890,0.03934403958834542,0.031555658439426454,0.03632544324375776,0.002254207645666592,0.009064535122040016,0.009331172037880867
891,0.0036789174565425905,0.1900285109721594,0.5143279767044536,0.014427435405400025,0.0031794512120332805,0.0023640493875982413
892,0.006314398990271077,0.004560394650838749,0.008555254880904112,0.0031207349948011065,0.0038818914945210523,0.0036259763453258187
893,0.01294118524852586,0.01417984798499562,0.004533118845412858,0.0048098325593592724,0.0032630916259104126,0.0028619570523739364
894,0.0038874360396779317,0.011204448784951266,0.020676435564610986,0.026749057260750223,0.006659982101857999,0.0017354392127321447
895,0.0073144377619032514,0.00260381762291341,0.028190065492724913,0.007404289713266232,0.005497061541813984,0.004095950113513858
896,0.026707050166563936,0.004243649903431565,0.04401928344390421,0.022099960925595033,0.005293998268103079,0.005962266278073761
897,0.00342915517510686,0.005880350088606714,0.005870879660268283,0.005992348077231146,0.007168435874767239,0.003746829263285919
898,0.003972970839491659,0.024285313036061,0.04070418203885124,0.0031194658051402284,0.02317768533953942,0.008995677158307609
899,0.007704322224472928,0.003328666402581958,0.004427470816726631,0.010105894673352019,0.0036774425277455807,0.0020916032950010657
900,0.00917769361064995,0.00844405386989349,0.014485077712676054,0.010512957199557431,0.008858365716494522,0.0038278321077161474
901,0.0035971924219342618,0.011576186673453776,0.04561118584476235,0.00990342678082439,0.01040258339278046,0.005143506963820707
902,0.012330276233376675,0.008909036251316407,0.011185760040984196,0.023429187522854684,0.00533481677797582,0.002716293672343301
903,0.009341032252748184,0.008898536698435516,0.48717655327290704,0.002332863560932996,0.017393439728188288,0.005042886807225338
904,0.006613479591408719,0.010441540653496747,0.3048914594854763,0.004823533673853356,0.01005378637246806,0.0022709093577333766
905,0.0036277054998638857,0.09185569527780227,0.6041284244902695,0.00302770871157595,0.0023873862758086797,0.0015752110489486105
906,0.006592059477491279,0.015554310781348803,0.024453471089788632,0.0018194786250807571,0.0026982763866196364,0.002669421410393873
907,0.006771931068133935,0.007854373249416752,0.384871475463876,0.0023144599726289314,0.007781012823227271,0.0023861741966526287
908,0.014098400386105409,0.06835997382919433,0.007976623197948684,0.002790968761729141,0.006303059288618815,0.003788859149456715
909,0.005396190442161152,0.006039333808101904,0.013813200105418907,0.004597505846475356,0.010581767392962425,0.0030674849624870285
910,0.002909076201038093,0.005288434367100769,0.00806052661335898,0.004275475210313412,0.008467182254469461,0.0052418095125796385
911,0.00628429816523166,0.005207879710095585,0.007644288914534887,0.011779141980211778,0.009042793971105325,0.0027789098408863323
912,0.004665566314028321,0.007348225128695923,0.007409321630515547,0.006294993179955411,0.008215730164525795,0.002771296924860356
913,0.016003705148740884,0.014096896193997063,0.5252137188690933,0.00314394346421366,0.006464962473176449,0.002671250318142569
914,0.008816358310053047,0.017275135919673404,0.004116530198413091,0.008600831335678315,0.022050704025479803,0.0032411069678750758
915,0.0076127099959065955,0.0025528786503287364,0.008205245373594962,0.003408329229509496,0.006052109422407485,0.006278992162543598
916,0.006638395704935029,0.004023607289894277,0.008727762343876209,0.0037200272696389283,0.00779556155807555,0.004141834902160712
917,0.011100554472778565,0.005232887978716954,0.010780945329796336,0.0020588900039621755,0.009845351012694617,0.00323397152543452
918,0.0041588115257954325,0.013768971451756618,0.028726041384259826,0.003657526564552436,0.006170222517275261,0.002225401210343706
919,0.007991035001767906,0.01718754468808769,0.011384378627687852,0.002231135504215849,0.009792301405115332,0.006851050177986432
920,0.00761911690669477,0.04068693425073174,0.040141582776760915,0.0045130324280877885,0.0017945870712870998,0.0019228876843073533
921,0.004243595675958136,0.002916687694632972,0.004299441445601949,0.0028352811667314046,0.009937677920981288,0.00179941569780571
922,0.0033689318509991717,0.007248209524348759,0.006504115522197215,0.0035924519955192703,0.00611867757962695,0.007658174808683948
923,0.022720608758917425,0.006814097780112248,0.3674581295006523,0.0034445786142448687,0.004896699032740704,0.008155763143452137
924,0.0038150042439541376,0.05883234950780235,0.005369237753401995,0.003440743280191824,0.0083076138091965,0.005854455538680956
925,0.005720155862082393,0.031147730214554845,0.42943635916092987,0.008686669133437751,0.005317922388156609,0.0043789686079874785
926,0.013558237387137366,0.0028853746914780736,0.014298763720911578,0.0023560594493457878,0.002641610940660759,0.0024414220489064886
927,0.004192463364506773,0.008858561189549459,0.01168793938125662,0.006035509019302224,0.0055188031049146664,0.0021470351143848777
928,0.0047239321161847555,0.005487899367007476,0.007825311407112302,0.00480957981093655,0.0027085096923415574,0.002355552900990184
929,0.005418802047249186,0.005853914669826973,0.0029744108224470005,0.0031078305148305226,0.004701375603102802,0.004823699078818627
930,0.003623280684305083,0.03399149105672347,0.03474633970537278,0.002795207125724526,0.004082193698796238,0.0036358501284042798
931,0.006112467158395241,0.01800459222767835,0.12826108083201807,0.0026717749636433683,0.004739199367413879,0.004352710246635131
932,0.003395720841997755,0.004585180555700107,0.028902216556889335,0.00498183256566188,0.004351446162144919,0.0028719125148130705
933,0.009704175466628662,0.04073763957029807,0.5216785618030598,0.0035955848582432566,0.002317716275944005,0.002396697530576616
934,0.017550567626735118,0.010744068187371903,0.03138043434536408,0.0019761984800008283,0.008027128879493523,0.004264061318555269
935,0.0030152556328563694,0.004298479819812591,0.023354562245027015,0.017719837900595236,0.006043765477918811,0.002958041596284254
936,0.011168986243622739,0.002631247739277757,0.008254030671875233,0.0035697306273110474,0.009176336556545138,0.002378758700042587
937,0.0046998150332287405,0.003288579405194001,0.36810364702036225,0.0032503819472532226,0.03381099942233399,0.005545125572571551
938,0.009303568589723534,0.007426650134352728,0.15960480133170826,0.010920974142464077,0.007905794523437646,0.008445252493297242
939,0.004481388762629119,0.011521543722827822,0.04826212476970848,0.002055203649525638,0.010953331970379489,0.007574010721129176
940,0.006484315188877962,0.0036655801356353587,0.0360920691530275,0.003565950087872683,0.003922573673749824,0.003913760318057304
941,0.004796786597683791,0.005757831062889387,0.03485788117506634,0.008223511048018115,0.007671944111636184,0.001865010346380667
942,0.006452644684730718,0.010400201852678844,0.013807927559128153,0.005277709904724353,0.004886630848665652,0.0039976419473980096
943,0.0061187250443537995,0.012898365887613521,0.36970548479068455,0.002307133551633545,0.0023800193807668917,0.0033125706203802445
944,0.008314887852130803,0.005390202422500454,0.0052522032387541055,0.026425725731340406,0.008889959826580394,0.0019985621152665803
945,0.005392523691414532,0.020107227110847423,0.2822278258456415,0.0025414019087916743,0.0076256445068811135,0.0034425583247481464
946,0.015523310436059205,0.0028615537795469857,0.5241724914257444,0.004928733821664938,0.009792976126753932,0.00920325460336702
947,0.002591057386008468,0.008390182144830454,0.017638069519330408,0.0039821040180998525,0.006427742445855044,0.003415379367977058
948,0.006773096320642426,0.012963275151718481,0.03994706158489427,0.0110652919623571,0.00902975864671759,0.004448810117769578
949,0.014936892118167467,0.0033664337723348947,0.03450375881749351,0.0020540427154572007,0.005171369914108677,0.00253359474756487
950,0.00618380826073891,0.012218426178522233,0.023988975327401695,0.018731336579524648,0.003904277206125698,0.004126290084907342
951,0.0042597005068095665,0.026529927147106808,0.04200153350338522,0.0020641742495855564,0.0045136112002076775,0.00541164469865697
952,0.002355755856323852,0.003942752185894186,0.26516660802431136,0.04667489559976366,0.004087880061505361,0.03800568206646168
953,0.004403851058096525,0.004217760455484503,0.008455175261963987,0.005521707184449245,0.008346111681954198,0.0017131076084844397
954,0.01458535758716381,0.0031777969696787913,0.37087779140034377,0.00414376639275073,0.02316694653399524,0.004427989227959828
955,0.008732267323364823,0.004996866457537218,0.004159506710691086,0.004509245957116567,0.0037219557236715713,0.0033956054493149246
956,0.008715510503818748,0.010355544642010493,0.3004750682998446,0.004908171889036201,0.0038806389199855435,0.005120142082179073
957,0.004560944208073527,0.0029644122127241556,0.015996161572903483,0.009124343846592593,0.003407340464618782,0.0026110850115715106
958,0.0051307487919644785,0.007491467325951848,0.012040369747930399,0.006067053746659292,0.004603459236684906,0.0027799229817609115
959,0.013998267152002827,0.009188815526849433,0.44375304281763245,0.0047270362078107395,0.013480570480864344,0.0028341054378418777
960,0.0040497557475609215,0.002654346150565847,0.4207928749080882,0.009931870561183585,0.00404039500574098,0.003082726416251254
961,0.005142550301028409,0.023185559389344433,0.01039933921438208,0.004836224870838243,0.003898664651136066,0.0030375769069041123
962,0.006890136617544641,0.04287133485468853,0.0434073068705498,0.0021354492581243693,0.010391203752831374,0.00481490590310044
963,0.01047229078623615,0.3983943645135615,0.2789852892299846,0.01050030147232221,0.0029277790028983154,0.0027189041894341457
964,0.004399777602174519,0.01800450188282532,0.047400411455147506,0.007401522826703985,0.003998253742270755,0.006690228031558381
965,0.005410851471043691,0.05258579170462733,0.5831581512022054,0.004727266255818879,0.0022705550018129184,0.0015122644180669035
966,0.00784124626825531,0.00584032491599632,0.12235646752777882,0.0030430772573508723,0.014344214027014175,0.006067234974447749
967,0.011565108973737965,0.024221485883054738,0.41485346524338884,0.002977077893308046,0.009186997429083908,0.002094765920123774
968,0.01537988670280313,0.022505425447600647,0.009573498318572297,0.003451322081792193,0.00809020818434787,0.011309309148141091
969,0.04259777455776857,0.027028446601978718,0.3379587924050005,0.008989839461553007,0.010153625883716828,0.0030599764903081477
970,0.0066438595735846175,0.006740446269205734,0.1682451899860837,0.0026428213494001603,0.004836691309532616,0.0025753942660610976
971,0.013177901730549665,0.006670022752056336,0.006757591883475336,0.004258953548444377,0.005547896230347513,0.0031512984127620076
972,0.0028618509282058173,0.006769484843183498,0.0038730494324719076,0.002827818604992275,0.00477905782298898,0.0018894877444776059
973,0.005498051248670104,0.005361774470547831,0.2639454005271254,0.004183499618593383,0.005353164604923803,0.005886584003400861
974,0.0047520643576409605,0.006643854983900012,0.005734182878602854,0.014042563981711439,0.0035619702406120566,0.004217289649467912
975,0.01025719593823567,0.009247020420814028,0.23056153435554,0.00368609401988981,0.013659699640504666,0.005049617719710163
976,0.002661642753563927,0.007980868934170292,0.03470196475688425,0.014169831891221903,0.003454487897749689,0.004258703216617005
977,0.005954368728948856,0.013511829566148135,0.007412779182879469,0.005214853076531329,0.009813613344643419,0.016159839641851415
978,0.007719598045753448,0.5571663954242491,0.0841310893818953,0.01194973343885007,0.007249344601975825,0.012568492232728995
979,0.00401354504784266,0.0096708935847172,0.014781620237783887,0.009584383082306538,0.0072476692216928325,0.003808641077847875
980,0.014008435642786051,0.008755678789128484,0.009897593405955201,0.0027778247014228815,0.007379021613609413,0.006093638166216489
981,0.01305339726688744,0.004099516851758287,0.3991298107381695,0.0024634970568699747,0.037070692747706184,0.010280462388424194
982,0.0035715523641427554,0.0034962317363621855,0.035217804123743195,0.009404536662580112,0.004058816697164734,0.0028675261026093767
983,0.004677236545017945,0.00752546884305679,0.042347870506323534,0.005675398837218227,0.0040550334033320505,0.005050387688006473
984,0.0030850391417505457,0.00453614554838088,0.007680836353573654,0.0023286899721321826,0.002439109774378099,0.009977810286316925
985,0.004883948347709721,0.008430780399018623,0.012389987678520469,0.0032014329176704727,0.023187330816855214,0.002674696410578893
986,0.007935800352131199,0.005328283575494162,0.01048293786302118,0.024561577337189257,0.012906774681961677,0.0062431348259087025
987,0.002987718173669742,0.006955873679613571,0.3437831270476819,0.004383356868539091,0.02503290295522232,0.003176694813976735
988,0.00717627848221463,0.003952341456408189,0.39729995406703555,0.0049718205115449185,0.0028093229263551835,0.0033293205893411225
989,0.02964638137022611,0.003802083372199401,0.00963424520437709,0.007302383307869049,0.00814886663585729,0.0053346822960442354
990,0.007855150577658681,0.01709502575769983,0.008985852427817869,0.010341413518969963,0.0030227179465361037,0.012501401584105539
991,0.0032910811759071083,0.004015176224620058,0.020839600434144935,0.002162422591687798,0.003671994592177877,0.0015769784238162919
992,0.005436005654656859,0.0037233305986993735,0.04019866082251648,0.03253397062378785,0.007548615698870291,0.002735403237679228
993,0.027788331768044412,0.03025159098906946,0.03155442117297768,0.009991859268635413,0.0017424772567965626,0.002145919343717171
994,0.017421804381971037,0.0030856741201720273,0.005508854256186708,0.003510352760326712,0.0037406420983815063,0.0026863690582341793
995,0.009755053947165684,0.06067087488677042,0.5211837825278703,0.002848197195532569,0.0019489441680782657,0.0037019151529392386
996,0.008216135401848896,0.007366262712268123,0.04509926914984128,0.0032144672507002747,0.031232256720026365,0.005540327922848296
997,0.004538593609479013,0.011309651598409985,0.039622663242173596,0.004717306994664307,0.004509904377231549,0.004406979843685998
998,0.00471894988913087,0.005514655184519329,0.6306251591472322,0.0048520305392009385,0.005518331353595766,0.002859512807339467
999,0.010697588404039643,0.058621897518332314,0.02547079496340379,0.0047313855508397,0.010335713517897761,0.0022616405787651904
1000,0.006116428227021067,0.007253285283785248,0.004502408728245676,0.008211431468950387,0.002936066504458678,0.002274502896103898
1001,0.006875313388454156,0.010399787255678583,0.00445479232744642,0.004338956394526177,0.004752462143925573,0.0025934403786478724
1002,0.024815130724386934,0.022984029409976035,0.03539507094161994,0.0032593632965284155,0.0021114001909792054,0.004622773309402215
1003,0.006682676370647974,0.0064616429035223525,0.3243586391937569,0.003691342700889928,0.020128189365438996,0.006358276983635476
1004,0.005761747102424665,0.003962808469937229,0.010854496047658608,0.0025753546787362943,0.005651533995301146,0.004587678236642901
1005,0.002526332071862412,0.005777755262118447,0.5720074789315589,0.0038563518536696073,0.006135481850101505,0.014205441673212043
1006,0.008678815396164963,0.024752725657059407,0.012223510357936222,0.003120681198818855,0.004418851606987783,0.0032394627511030606
1007,0.0050984672407124,0.004890688162095286,0.041804650928352304,0.0028085916765743404,0.007444075083096748,0.003453213683084971
1008,0.0023663757751303752,0.005909620065177894,0.014693008647187328,0.002731387462930288,0.003912398764658281,0.0025324403839721895
1009,0.0030945880365947564,0.010275653004108338,0.013023394612960142,0.009307978399719507,0.006327668819847885,0.008244540161879688
1010,0.10598195517217156,0.005667763857745522,0.03390798441870374,0.014299178568349509,0.0037036405256476155,0.003835953030847925
1011,0.006608679726281099,0.00543094003198891,0.2325155021924996,0.006423444281536051,0.004863073665410805,0.0047949585836659335
1012,0.005931821918552597,0.019709538896943848,0.22982415101812412,0.0075514256205043324,0.033671993693029895,0.0018326148352269672
1013,0.007035424379348801,0.019359505729798686,0.2861932529333192,0.0067029079278962955,0.03606241105010126,0.01201759799384671
1014,0.023581614982343672,0.009142797908156995,0.03926868412196639,0.003209075586988765,0.008777622062380485,0.0025313221367491523
1015,0.005041125150936016,0.018203363136406654,0.04030346055672897,0.004736248634422841,0.0019234382187691007,0.002572766258001912
1016,0.004122356438848504,0.2860064734699481,0.036548156129511504,0.009140883614120687,0.022568424805306565,0.007670119729977855
1017,0.005504961827144176,0.004726365191829518,0.017930290671956565,0.02916697936280319,0.004645890229551552,0.010573507309301398
1018,0.014221540161411772,0.008910788033258853,0.007048381183927778,0.0036881837001577697,0.006224038295596173,0.004102065030688699
1019,0.0034510512817024328,0.7533623711273517,0.0075016099177837685,0.009928432588154644,0.00188225936266661,0.002534652057323415
1020,0.011262980042801735,0.017499233427506124,0.33055165492281124,0.039790398888171194,0.0033636138472821243,0.020730680057403125
1021,0.0027460644337601514,0.008476508703726592,0.18198665887555882,0.0026869106833300118,0.0022755641949171947,0.0028769826293539723
1022,0.008441220716326754,0.0031484633650328167,0.04037858067156503,0.004173198386025857,0.005950083107915463,0.003203382797707458
1023,0.007429092024162519,0.003322902409658411,0.058288973392560464,0.007129753768124431,0.024579231917798698,0.014821106289843173
1024,0.005592220322025153,0.003196610203484789,0.004095767549446213,0.003573428795952012,0.006040095523087874,0.005224712423169097
1025,0.005815825275335881,0.0029174605008634607,0.3876749480569008,0.003181444893825708,0.006976674712340739,0.008930830749560371
1026,0.003758734025520479,0.012348119551045237,0.013188365214184932,0.005262644039893303,0.003415678130772893,0.0037023559529205533
1027,0.011143661202043005,0.006856721848672533,0.007581421054833928,0.0033680895282467566,0.0025499016504201073,0.0016313643463426236
1028,0.006534984956589111,0.004480277587362198,0.00465455981149705,0.004626131091098867,0.0054193284144100125,0.0023361638850785417
1029,0.0027074947406686227,0.008729553840703626,0.4273110802099248,0.004211802430576977,0.004612648529558594,0.00316227260949219
1030,0.004082211485622951,0.1593321115150434,0.010347863641492922,0.0042551391068425025,0.015413068649603734,0.002324036031489155
1031,0.007973982364308012,0.01831164386307179,0.5325625844214117,0.006424305632964329,0.00956110897252287,0.007888441349164254
1032,0.003153856704206547,0.0051794441524557425,0.4196577023877124,0.01717330455061979,0.010668087859981544,0.0040901942300524425
1033,0.036218408891645376,0.012244141584322112,0.01117915920477083,0.02739858492249171,0.003249365730013655,0.004693965914539595
1034,0.0070208056647298265,0.004652219391381676,0.014557276115725076,0.006667084789346543,0.007997475349512423,0.0028305278122418985
1035,0.006487661402833877,0.01909027407035589,0.03729299079260167,0.023295713151681607,0.0031904982026992037,0.002305727035755398
1036,0.006227179930279682,0.002746879934847218,0.28029540676402886,0.019601656436080438,0.005328343082503519,0.0022046614362212125
1037,0.021959085342854495,0.0031866047319359368,0.0031361595266408025,0.0067277800634507005,0.00832422448521691,0.005102749487989348
1038,0.018649703137086,0.026682099345687445,0.008027708988110508,0.0029234607851415825,0.006062907390463437,0.003986168128731682
1039,0.05929068111300644,0.030653421470897623,0.6195951487076641,0.017749015525556248,0.0065507942103313465,0.002282058801422761
1040,0.0041775673220688396,0.01285178012169098,0.012997577394994343,0.017024167048540456,0.0023368982336015257,0.002001090567266361
1041,0.0077953368530080756,0.007907937514760386,0.02411992951035384,0.0074014077715396295,0.0040400718045303236,0.004001989535759537
1042,0.004657629863930301,0.0031780165763998468,0.021987352848899012,0.003321983531037745,0.006580049563350753,0.022579222794789598
1043,0.017755876035973096,0.018962983399581884,0.021681278254544627,0.008211713689096635,0.008789287430718688,0.004258897739393672
1044,0.01279104749472248,0.03951990234835647,0.5842566066048082,0.005233102701098143,0.00750484013306323,0.004812698054707631
1045,0.0025795228814915827,0.4504173659465579,0.6060297274726905,0.0030767162481802625,0.004025921860807134,0.0016797606635259982
1046,0.027856236194993587,0.0067010444006152465,0.03302270990775029,0.009078225029987199,0.0024378702378497217,0.0021367011822005103
1047,0.00802403801525577,0.003797880166274801,0.010045209603611735,0.004092373961942108,0.006443176820338199,0.003710713010356962
1048,0.013904324923480938,0.01000492664926154,0.04162734288331918,0.0031734396932078376,0.0034001035047628667,0.007157732957983084
1049,0.0023011708490881843,0.00590827581158843,0.017532882422826374,0.035200544515860605,0.0048550285020308856,0.01390084682147639
1050,0.005588112088407258,0.008459554245959823,0.5215481272032816,0.002995477986447482,0.003854866140303379,0.0026955068027151446
1051,0.012197353002765523,0.37527098082217414,0.481534545523285,0.0055021923404070285,0.0439469026727136,0.0037983232570317597
1052,0.005167949031206203,0.009164130312834761,0.0030332945566410277,0.033697963803856916,0.013892690708861774,0.004177069530376001
1053,0.0031281980631625303,0.02696934503613082,0.0036649445899920273,0.002245906115831735,0.003801780350032118,0.002859256981111848
1054,0.0066918657541713365,0.008619243682768507,0.4957946271920311,0.0036285362487827014,0.00819014470305805,0.004271237152645277
1055,0.00301599785602596,0.01794023517090478,0.008875934576528025,0.019562683127438033,0.0042408714349291615,0.003339282098008017
1056,0.0057668913433767555,0.00625722474094491,0.010686032782386752,0.004689471229894657,0.017627808636454134,0.00609282251371059
1057,0.009691140706204263,0.0037316830513650576,0.008100688102971255,0.0025419538026684994,0.010006829657222193,0.013173989857028237
1058,0.003429604449967564,0.017916360813564763,0.003620170929833551,0.009810662313191248,0.005654316159987882,0.0027101908990877274
1059,0.0033614562573903166,0.017320151984781172,0.55681313574916,0.0018388718716673446,0.0040547875710526746,0.001969726071411203
1060,0.004031892288830832,0.004550661120717043,0.00780972754274122,0.003168425879796845,0.004279383533373655,0.003497159778849839
1061,0.006216841587341624,0.004466408356713349,0.008595519398153346,0.007122108912670924,0.0027711166734802097,0.0022792713075728307
1062,0.003216063020495622,0.025769832820275958,0.010195708577890582,0.015682047614386116,0.003775628666514045,0.0038338109770837663
1063,0.010586298168343597,0.5028659503916146,0.167648329436061,0.021236667806256763,0.00484830248547112,0.005291154638932712
1064,0.013024658177726843,0.002894518785524554,0.2750144257389574,0.017944473908207526,0.024917673781877217,0.0022988317837255184
1065,0.006039540350567298,0.013614954165487277,0.5948153263543686,0.0060105417947693895,0.008334166482160522,0.005452892427199046
1066,0.013555833702486267,0.016382963472724027,0.024329418330307283,0.009585825016200778,0.0030621385769443853,0.005424240187675352
1067,0.030367864912123718,0.008113738171108385,0.042858569676971894,0.0028690842695432567,0.004675126758661534,0.0022258531252175983
1068,0.004179133398580838,0.009866009604502731,0.03888437496943297,0.006923689678185249,0.003794352082291321,0.0024502316339868073
1069,0.01511796960249154,0.03643620559601988,0.4718752178260044,0.004761363267352124,0.013149093849435056,0.004833338846119246
1070,0.002366927928622587,0.0027468496550716545,0.027832530718995295,0.002333795251925762,0.005320596437319944,0.0031109225307511036
1071,0.007606116467927,0.009323342308990415,0.0487046181939662,0.002532876728697786,0.009227994016992076,0.012867013007776621
1072,0.006217589729927609,0.010658995769118645,0.022460127802419332,0.005292869063032951,0.014543092085059932,0.006857640571335745
1073,0.009493939417419425,0.010448459907358256,0.018238009250769995,0.017401285445483586,0.00531261062426608,0.0028168005416722183
1074,0.03601024597651294,0.008748485979143605,0.07881633861358368,0.0019391078472662839,0.004788051070237465,0.0016389970962883051
1075,0.004032835054837877,0.008530943700553123,0.028567296969982506,0.002897505030110716,0.0049205145643682795,0.005953375092888447
1076,0.013183025322711003,0.00898771318747015,0.00789647248137752,0.0023955030717127085,0.011102384998640694,0.005236667438550206
1077,0.003348841518560416,0.03168453791387385,0.015028448719121556,0.0029584091449899766,0.004793997041722404,0.0025852348642140923
1078,0.003929823242392698,0.00669318197404648,0.00890000332564686,0.0076052438509469945,0.009522734507720097,0.007928601459546564
1079,0.007885462364276476,0.006475049808289508,0.08447476279977773,0.003280194490003375,0.014862627132625402,0.005009707209521581
1080,0.002826755357337206,0.009117393282297345,0.019686483122091383,0.006186379313084994,0.004156882933803118,0.004456172934666705
1081,0.0035181959393820322,0.010581529352683366,0.0324516346498478,0.005243193322906834,0.009294464842191156,0.0031677286402736976
1082,0.033404105808550404,0.019970331274348857,0.04220123311165698,0.012861171863024361,0.00885887137468442,0.010100642161488286
1083,0.01137039665986194,0.0633029524239502,0.2773276790902176,0.03492095227526137,0.0026407470653328296,0.0022515662845375645
1084,0.004809794695334098,0.009586142162375551,0.3262381010539452,0.0032357192706693803,0.00457052494916512,0.004483597741819129
1085,0.037425757733182734,0.003996333595110657,0.009082599430550078,0.0015296413841018044,0.027627776087715977,0.008112832531305634
1086,0.005819351910539947,0.0035575347946356388,0.01760018464008956,0.0056883476676593435,0.00362783683468403,0.0027101115002383276
1087,0.007474883529684408,0.006010645165316009,0.4541783049072976,0.00925963778201489,0.007999566629951299,0.0021870889509311786
1088,0.004966593688893737,0.006408904671971304,0.014307860994262412,0.008075327546569974,0.006506488021574484,0.0029632873942136884
1089,0.002969433122714451,0.25498568866514354,0.036069062574992115,0.004191418501398344,0.01622367102080158,0.0027994855765694398
1090,0.03328283024260133,0.00874303459555501,0.40037196564698435,0.0018347035856372655,0.012606804934446174,0.0021366777065014424
1091,0.010765964408113659,0.016101923823282592,0.020244805936593797,0.002594818539575093,0.004060225359317415,0.00791249689904612
1092,0.007446359604442007,0.006297420896425036,0.01000740574061899,0.016603303020061064,0.003043983771509046,0.009143868489650979
1093,0.012559632863673316,0.004994930781339132,0.4313262862113699,0.0048078917110983745,0.007800435487863273,0.002936584907911897
1094,0.009440558311525151,0.004594885571277962,0.022783445148094626,0.005196525498938106,0.013635229149053867,0.006259639383830555
1095,0.0028025568301907468,0.003001901036600472,0.402107007538606,0.006084647983484792,0.004737817238677841,0.0016739802915499945
1096,0.0034656810610653815,0.009227668626627567,0.03850284623601073,0.005695477100509934,0.005987280198652222,0.00421914531194059
1097,0.016175081432599277,0.007901895931568566,0.008174674284295646,0.006912526944353096,0.003904669928116903,0.005448922027104923
1098,0.015562207314454611,0.0027291143668177736,0.0073998154840540144,0.001895375776409484,0.006419772965328554,0.009838828473527805
1099,0.044105724915508064,0.00997075202316576,0.009360141456530038,0.0036683185042528836,0.01302994284154412,0.004853482814378626
1100,0.002194595521490466,0.003332669239054123,0.011935520310431087,0.006000245794838224,0.006767228751188606,0.0024934432123774834
1101,0.009289727574749971,0.009651961345563185,0.016490334693317354,0.004092930171909273,0.0025435570732070677,0.001753975962103525
1102,0.005851182719624238,0.0060238873995249334,0.014382189663528945,0.015944502747160572,0.005933267212219816,0.0023006127356489433
1103,0.005335239257002611,0.010518991342361707,0.03711040833135719,0.005114569197518109,0.006860962875585193,0.005875412041756291
1104,0.004837773110657585,0.0036108094129837865,0.18791189932907695,0.007323124914347614,0.0064217968824197775,0.002710738475641332
1105,0.021300481938788775,0.008980850369336962,0.40074787754940544,0.009704411445529963,0.003770930949535534,0.0024065464092051306
1106,0.0026483870282786857,0.043105994197565334,0.4189785628066128,0.005978308231701846,0.005611020576378351,0.0024526115058432626
1107,0.0041410520139744614,0.008641308019865722,0.035102388346625636,0.006342376185763422,0.006963785358650083,0.006205444929176033
1108,0.008056212324207857,0.027309529942657777,0.007775618100090448,0.00260379847303387,0.004910800165509144,0.0028153768923497658
1109,0.011791553739210741,0.011483396532161093,0.630240350903752,0.002203596525074223,0.004254534510464215,0.0018114889320442864
1110,0.003057466088958631,0.010455691083764774,0.021385003997471168,0.011478875345357024,0.0014251846382838198,0.002311819548411844
1111,0.015974251458441197,0.008126436827243951,0.6365818711089871,0.0033867992027117795,0.007356194987139307,0.0021172816668694884
1112,0.005684623962526568,0.00981889398054787,0.014534758363406683,0.00938802976038454,0.008586393167264127,0.001925975411473029
1113,0.0029629026746494595,0.006834432106701391,0.3576978506068312,0.007949888403826868,0.008701738415381407,0.0021186490008894667
1114,0.003797258904826461,0.07551762545784074,0.040131606325599374,0.029602810897918164,0.022229338599508576,0.008359808010196833
1115,0.009405200183571742,0.0062170616521354605,0.003756094060414773,0.007937826741428209,0.006771940482671714,0.007518767155557018
1116,0.044065333437169826,0.005394157423844389,0.009554604229245976,0.002026126754830896,0.004777237801536515,0.0036555340494296945
1117,0.007537788768795002,0.0030659628838830273,0.022397948665118912,0.009495349666779503,0.003104460718836046,0.0017848058968008495
1118,0.00544828579887167,0.0029934793482084008,0.4237915768389905,0.010747676027844785,0.07332429562696376,0.007079496745138291
1119,0.00838052064943755,0.010530610164429825,0.008276139911016939,0.0030930547829389563,0.04336087989128982,0.005097264224868284
1120,0.012153279658748158,0.005687794435618026,0.04216441945079212,0.009343450251534453,0.004313484772647686,0.0038004602815839036
1121,0.0026794017613154565,0.005948239670805903,0.3952290766886724,0.0019508082251302088,0.010279547219854697,0.007080607495061921
1122,0.011016109839178662,0.06139988985608169,0.004207989536872497,0.002665107271658582,0.004404054343483692,0.0020893535192831425
1123,0.005480543297312192,0.006034114177302636,0.003514954107070823,0.004125296018503582,0.057744768482805575,0.0037643925105525122
1124,0.01752005924331936,0.031514385092067304,0.5072204927315731,0.0281931143851276,0.0036676283835156286,0.0023439728975975386
1125,0.0034399773452636396,0.011366008893026918,0.02625757299580111,0.013217567625581477,0.002825222188388515,0.005080924262496077
1126,0.009066217625165074,0.002918035574414768,0.5894740605654681,0.011114613371834295,0.005134424568819191,0.009174773976022482
1127,0.008145538928595307,0.011073158093756943,0.008202594958641583,0.0017568289477791679,0.014324489772808256,0.00564703244697158
1128,0.009642542368817134,0.0040402107892902024,0.03458830171571409,0.0032938790464605494,0.004781027743537699,0.003804787391629053
1129,0.0086957628234518,0.0033365901466792425,0.38981720362937033,0.003051994157051987,0.004538398397789964,0.007347355759928816
1130,0.006121193512379565,0.018812534634337047,0.019695605421650657,0.005037523141879387,0.006542766749366407,0.00561551155316324
1131,0.0034274268247244653,0.010948480665038868,0.18003957087481132,0.002239723136577452,0.00446447676904239,0.004139923042424936
1132,0.010662737481169452,0.013471680049812295,0.007408877634850917,0.0018364502612291732,0.004350437513172863,0.004136702225767309
1133,0.00403764743657654,0.03524856024149695,0.050561117127554824,0.00820784593537321,0.001989808415655315,0.0033681257250851916
1134,0.00911311660805502,0.014076872319236648,0.5725837961982119,0.0029295015172078184,0.003591377501624454,0.004363189923222602
1135,0.0018317700824386114,0.01268314854735831,0.03147631641558189,0.004529414227463824,0.0018481563130262181,0.002045171502247202
1136,0.003004675784533745,0.005539497379347478,0.6008746211061307,0.003274888590780229,0.0026747495984706443,0.0017820245760276582
1137,0.02188645070546263,0.007990449120495851,0.024038928097045293,0.006482510877017894,0.0043974467809224545,0.0016034769552534208
1138,0.004784898272899559,0.019262441958165698,0.005129075232226968,0.021912711478109095,0.005051971080004479,0.003523805887027426
1139,0.00671885920139216,0.009154331468857616,0.5552542905073551,0.003161870975198383,0.0034701886862654728,0.005514820823526602
1140,0.005295499463827949,0.4177784917560049,0.5614495168103849,0.012626110508794034,0.005387886265727106,0.0026772079734121075
1141,0.014121123587442686,0.0034862112514951024,0.3642151461052025,0.01618358899547944,0.004960260180328247,0.001733384380885433
1142,0.011082311406478031,0.0026780799864151894,0.5157930014612977,0.003982750576080641,0.003469782396082676,0.022040408193588566
1143,0.005897259987084241,0.01613188482526853,0.006761859109002412,0.012048246194057215,0.0057489091987144286,0.003436823070607856
1144,0.007252882285564515,0.01004637437949822,0.45496870056346994,0.002804692557562476,0.003473921749607412,0.004654079587510287
1145,0.0035754009316479973,0.010480222873654743,0.0052919057712672675,0.006495422376842671,0.0036614410440208942,0.003478775011801585
1146,0.005141600201935083,0.008933958994519786,0.03278158896510025,0.005794959590961157,0.011735151694391505,0.0038591678552656276
1147,0.003897880216665711,0.006824971382775906,0.025684819532341467,0.0030632347667552376,0.003971885775997015,0.001659049401254361
1148,0.07049202438829347,0.009605858964158187,0.13304861460823547,0.0029746477999947406,0.003800030780721104,0.004752742742464202
1149,0.0365801270293709,0.008605641574214756,0.03699615563973844,0.0073761249009299075,0.004264560246624123,0.0057990107207626105
1150,0.003757509339649985,0.004169948471890771,0.007593350839300883,0.0033427622617771746,0.00955861488935443,0.005183886304682216
1151,0.006694855516219504,0.28596777041429516,0.017318249878636453,0.00730744455121927,0.004135510866858356,0.005162588588773834
1152,0.008040673780775755,0.012884232081935648,0.004025085105135078,0.00773230166994958,0.009812952918990129,0.005856772652524382
1153,0.00827797189963464,0.009837983949001384,0.004852418396647637,0.006313098427469669,0.003066215296239765,0.0021222361294943896
1154,0.07809151426997707,0.008677015655441583,0.06624577590143603,0.002406534537758365,0.004705754122445271,0.006488631507766653
1155,0.005612991750260956,0.7399384170715527,0.042558078443879564,0.005141561298533427,0.007643035744695937,0.004451985070500562
1156,0.003337752261698456,0.01929792927692286,0.023004522716075258,0.004946031197468773,0.005555956874354559,0.003187057508676409
1157,0.005790916075171439,0.011590067984655438,0.005092521984052328,0.003971766235913628,0.0024954665671870616,0.0038328490810886364
1158,0.07982420907946168,0.0034498974898188053,0.4501176187436416,0.019627538055946418,0.0035226595290818617,0.0015018891995327243
1159,0.017172438999241688,0.36341125459235074,0.1647834011681333,0.0036021089492857387,0.006505509612578048,0.002324204461485188
1160,0.012760887497026299,0.004768426224553821,0.7420999960448592,0.010052394276458524,0.003623456848634967,0.002897252448009292
1161,0.004332364401072751,0.021717940360868125,0.01231135253432198,0.00192348686554468,0.0082516062153352,0.0020607572198796833
1162,0.01284556181219518,0.005063518761926951,0.04263325335374274,0.005537562876695915,0.00874868716484292,0.006199608715425633
1163,0.002311576787669629,0.01514304864333697,0.12603621209332078,0.010016548525069316,0.005056547377478902,0.002565480181955883
1164,0.002873757175899494,0.004068838520722022,0.018684319699383018,0.003442418897380939,0.0039377928105082055,0.02958866187788599
1165,0.0027746216419909536,0.004321665693163978,0.034223027736848384,0.004225730066134563,0.0330627473457528,0.008891796698478983
1166,0.005758558557431412,0.004098722378135012,0.6329310942956748,0.004007837317129885,0.00885603431370257,0.004172116454835519
1167,0.018572328160266036,0.002759961492826376,0.10031010702152046,0.043029342070540114,0.005156206562814008,0.0017349434772306609
1168,0.01302128948561536,0.02149980604399655,0.02215698630262412,0.004090914068264362,0.004676005834618889,0.0056781110681999244
1169,0.0027656427134122533,0.004171925294869489,0.004587789358044733,0.0015604398650193062,0.003924900228923867,0.004668246234812441
1170,0.005335269031914967,0.0022975193153625764,0.010407452661409322,0.004085048080981478,0.003720037397675854,0.005848231220788224
1171,0.006938434657281507,0.026816248253459286,0.019573506194820674,0.011165410976474607,0.0052361388722898805,0.002087004553047367
1172,0.010349971939881486,0.013117623689362468,0.010846714531118294,0.0073680370653693055,0.0025935757989878,0.006172662515024055
1173,0.003643702932513601,0.010444783903913936,0.16754159332770832,0.0034526694371845817,0.009079416829680375,0.004723461142402483
1174,0.002640238220472591,0.03624236326588243,0.024871821757482482,0.003113799398963901,0.004371943516826989,0.005040066825475178
1175,0.0018194864776474172,0.0071971932773620614,0.016799641379295557,0.0018163138160377495,0.0035920896815975134,0.0017482297499691565
1176,0.0063260117124172,0.5851116929015414,0.4106706560496323,0.011804710345042477,0.006471492599117107,0.00211015063986927
1177,0.008986813028140802,0.010699769150367841,0.29390409693054403,0.007923732650896959,0.0029263408051576944,0.0017059592925567366
1178,0.00655014681754281,0.007690914053254835,0.026381833797893512,0.0036984146079365706,0.00857029637855308,0.004520130004343213
1179,0.0816400193876921,0.005525462081162518,0.08623530696057276,0.0143936218460394,0.028532196674982916,0.006532442843949251
1180,0.002491819358950691,0.10091606022271964,0.08802765251112603,0.0028770503293728575,0.002861773930942209,0.0024668190788908967
1181,0.010653096168597963,0.03290419033052321,0.5947368052175358,0.0073190231570508715,0.003097703919922588,0.013007768025100806
1182,0.0058126525550987905,0.015981288305468206,0.5080071275453107,0.003630299837329923,0.009025440777411154,0.005927715993854209
1183,0.0058629214650655825,0.00859886753459441,0.043973015326466795,0.002248472796493482,0.007551181968487104,0.0130518704517812
1184,0.004699378497252566,0.009415259425740022,0.009145343203167783,0.002608813641426062,0.003764438757174123,0.0018498389724713928
1185,0.0066422341028728,0.007199966712750501,0.01753988455022051,0.0026822407516049035,0.003426882321946422,0.003505310945496289
1186,0.002675524106439774,0.00740091085181018,0.004036244117806791,0.0039032685499214227,0.004367438849997416,0.006971358786070357
1187,0.010316988194233196,0.024908514523934597,0.012464550474056167,0.005104024958405705,0.011935793401812585,0.0030327660811339413
1188,0.0031943154327327824,0.007925184796394152,0.21222495448845663,0.006673492512366625,0.00821920470214408,0.0056254031163564585
1189,0.006298715446475139,0.2517197768695553,0.009344870012399002,0.00300692119265728,0.023829205361954185,0.030901608542936342
1190,0.0028957168858701958,0.01013818384822708,0.19341981493919305,0.012151850422510211,0.005266299017723491,0.0020121374579741115
1191,0.006515920582525647,0.006821831238785704,0.0064110953916105716,0.0029247352834930523,0.009707998859985452,0.0019126701812019339
1192,0.003255538657084342,0.011625875164164808,0.009373773924898916,0.003151728743074273,0.0025383356244622324,0.004365095922422696
1193,0.00816295767233754,0.003233532966688202,0.005029141221458148,0.002833020303001133,0.008034328783643798,0.002210660875703862
1194,0.007141948714162393,0.007434369369302073,0.004894152418774051,0.008843268554845544,0.034414060020948586,0.002153331180639717
1195,0.0057985712390688235,0.028425592817561574,0.0456686027344315,0.033174818901211565,0.010428950725850934,0.010801514929121719
1196,0.007108214482665178,0.018985390678669365,0.028448401715582848,0.003829364148744865,0.02234994772460901,0.004216414885524507
1197,0.009115227158614783,0.004788461647611753,0.07098964227883817,0.006612521456674378,0.013459376474528072,0.0036221183401089537
1198,0.003455192617315827,0.018563990652190318,0.003603667286772984,0.01015300099112531,0.003802579630771097,0.00782949144573381
1199,0.006837101820059322,0.008527147023616044,0.008058662222552812,0.0029255809762660503,0.011885133470370852,0.005224094159389223
1200,0.0039540888382298515,0.016738000169736988,0.6039999568300499,0.0018332590085335797,0.004893000229300296,0.002404654718286372
1201,0.003463916337915197,0.0038422819879786393,0.005259778035413421,0.0022020519409598374,0.0041196834925544224,0.004894305334671309
1202,0.00264843492039267,0.0026610024855445585,0.016105940649992784,0.01689706751425916,0.004044479149515771,0.003802834038643123
1203,0.012841658846728048,0.039612442109136156,0.039023180517257824,0.00525550890228646,0.0024728938956163713,0.00453868899313531
1204,0.037518235645763245,0.00657784597348376,0.017441169922092135,0.003929733463797468,0.04015592557088766,0.0048897132067047665
1205,0.006287268288359596,0.0803012587546426,0.006537460208978699,0.00363168738646568,0.006547250456969341,0.004183358534780377
1206,0.013205476727318546,0.06461102074935093,0.0035836610379631527,0.02904350797488393,0.014461884394121558,0.009937439567344018
1207,0.0053941480677467315,0.007204108832294252,0.3245397207129147,0.018238811019995728,0.057997734571067855,0.010337393218423177
1208,0.003055081570000396,0.003815003561142919,0.5132629724424546,0.010518948214660375,0.003918689152229954,0.0028833381221225096
1209,0.003914436473561279,0.0041619138577399534,0.004435442855730329,0.023270121311391945,0.005082708894903112,0.0036892088806086466
1210,0.02145415321017175,0.004661485644550397,0.3855813972636319,0.003579189015622865,0.0049129967985817495,0.003653971820824875
1211,0.013060884553619947,0.006503779184731411,0.01951259398944683,0.029058731043006117,0.0037083033376074433,0.0017787624340216833
1212,0.01859431399309026,0.036247711771974445,0.4432469097132453,0.002111404819267958,0.006291846953000426,0.008741686303614509
1213,0.006493409108125757,0.007110162947019454,0.015605940111245057,0.006295340424361742,0.0027444524701054638,0.002912410093632029
1214,0.005239672914351957,0.008172510303028561,0.024185535963529556,0.009040576880340313,0.02381289032229916,0.003081389428714408
1215,0.005566372803200343,0.006449207825926011,0.0046952564646692676,0.0023898368167064774,0.010933615600786194,0.006229263407828987
1216,0.0023150341224309535,0.0041763384714176574,0.016917758109786074,0.009015645217454106,0.0046220674212120024,0.0022652441187640056
1217,0.0058830753395171815,0.008501156581760665,0.03207907577521181,0.004075623884781357,0.0032402645691124686,0.002939659567675037
1218,0.02295303566130338,0.039539380500957816,0.5349869758422477,0.005838356338193669,0.0067407205310274255,0.003533110442927202
1219,0.04333077009234668,0.029854613786913804,0.010019213119847742,0.007289070214641274,0.007245806486250308,0.004466263840666886
1220,0.016523461090414814,0.008051753183435185,0.00922329370064766,0.002944905433348285,0.00457834706812594,0.0038999617776879518
1221,0.003112783226851478,0.004695075474025649,0.09076535983139696,0.012580164254146148,0.004452231684249766,0.0026292340497221425
1222,0.014383761774928415,0.005776517605802087,0.004060166420563369,0.03239855490078702,0.0059183406892527254,0.006367741375935721
1223,0.004833611644073398,0.0031469992890173115,0.024322895598233765,0.004059854225856985,0.0039052617754383196,0.0027891147323075775
1224,0.022620471909672635,0.057124892717957905,0.536300164918669,0.004821183604457648,0.028987428057628505,0.003146233782456589
1225,0.01244610317109382,0.022488292782137723,0.03670165836558494,0.004964340164607082,0.006627268337303174,0.008769852906444274
1226,0.008329093119823201,0.014875248214511139,0.01978918990576112,0.007655002077004801,0.0032345321469343775,0.004698181775135514
1227,0.006098242239647006,0.027859247822848085,0.5306221330562149,0.00361308757225112,0.0064502648326874345,0.005910999598214843
1228,0.002277780279203378,0.004741956444959328,0.004729687951993788,0.0058826733574001856,0.3314758566928924,0.004822898456405409
1229,0.010398534944281513,0.014425274214441482,0.4515838926931701,0.00561097729164568,0.0029847327067145683,0.0030596160792286144
1230,0.0062251355747964384,0.007183279180023855,0.030868216511498035,0.004090418297168275,0.003243204128694694,0.002628751017464959
1231,0.005831393345555189,0.0220770208187985,0.004225912223476513,0.011109849103360684,0.006681888414446788,0.0025777713976823696
1232,0.005923220434921028,0.005686479131527992,0.023454383489437836,0.006383684833228159,0.0037484073151815367,0.003769611771142646
1233,0.0033350223668798685,0.002719422886788578,0.009082447037052422,0.012799778855206372,0.006465706573420914,0.004895352459170347
1234,0.008354721924379442,0.003918957200316333,0.4009840238630593,0.002540851796031789,0.005782897200559339,0.004490392652463381
1235,0.024231932298552247,0.041645708356793223,0.04322630807826735,0.0036977523609739308,0.007280720855727843,0.004143664858318751
1236,0.04857443742858202,0.005565624481254993,0.030105417538836218,0.006908039928610178,0.005577990410052123,0.0036856164643293133
1237,0.0061667178823912195,0.003851259367993973,0.01566432476191299,0.007531187303978208,0.0076836781954870296,0.00266356425890232
1238,0.00410836226625779,0.0030110050843993007,0.017167665998991333,0.009851096866139167,0.0026492274103145285,0.0021219417080162533
1239,0.015085083083873997,0.00898752020841531,0.3398748518157818,0.005498234586281936,0.004121561118707779,0.0015863674162045819
1240,0.003949264862088256,0.3099867058709445,0.01759648494951294,0.004896588289766106,0.0051561564302668806,0.009883887609679733
1241,0.0051867962510745,0.44585714833283624,0.06499043764348204,0.003863689451352543,0.38287538144156785,0.0031618341722750103
1242,0.010870732242570257,0.004761133010304334,0.012159335436112893,0.010286633422774695,0.0021597316128461404,0.0024562279888684607
1243,0.011069536471362435,0.007883823508697842,0.4251705678623395,0.00974403958450682,0.0034525215071749705,0.005401114430228458
1244,0.006232481916133896,0.006495881135757893,0.020381719077476147,0.004215562994393797,0.003526095464859754,0.0019020957927062636
1245,0.012051171827608976,0.251726493948661,0.009395473805480642,0.0333260622127649,0.006698039182369338,0.00607684954394198
1246,0.005388478614970133,0.00818807238341595,0.046690816402791616,0.006111034794888425,0.012656740872573126,0.003315503431386551
1247,0.005600225617200378,0.0027095154293961506,0.028867194897625147,0.0031449918000329468,0.006234221115409141,0.004199476488610292
1248,0.0025342068833488596,0.003390536317187358,0.5010667502718207,0.004483555988784734,0.002644692701488147,0.0015391308219968656
1249,0.002777353436268538,0.013249928282689848,0.005140219124061946,0.003946801659217015,0.005195321142903512,0.0019598664586474804
1250,0.00835497422837582,0.016680112859174125,0.27088518235445164,0.007005285242795262,0.01683681755821088,0.003995937996144244
1251,0.002217709997504579,0.017394069407252806,0.01859855208713037,0.00796067723563606,0.005317025886635933,0.001987351196117326
1252,0.005016036631744343,0.004891846993417338,0.04843555083143049,0.007130387605603936,0.010063447688725458,0.009265235573881415
1253,0.014382534744440626,0.3990755226378156,0.35460560876571906,0.006619100459204346,0.010276987730110723,0.013104454095343906
1254,0.005770516491832776,0.004346556442439944,0.05825027174877709,0.003159397891947178,0.006356500538172452,0.0037012322009622274
1255,0.00414739372975395,0.008142538295114903,0.04537679241087771,0.002471778591175877,0.020948867015609867,0.0027408975361823454
1256,0.020317775233226924,0.008600688570253723,0.022430644163604737,0.0021390924609323574,0.002039059030576288,0.0027432136483305615
1257,0.008785158696036558,0.008909406973003416,0.034930954022067355,0.0022756211211110143,0.003854209256531267,0.002633409607873891
1258,0.006482778754173676,0.009152390472503153,0.009117780937564015,0.00541318849059702,0.0057350163905838586,0.0035508180950227976
1259,0.0076495488108803186,0.012405349799776162,0.4942910474785295,0.007124418439805702,0.010044248054485023,0.014342086974873595
1260,0.006374108013502348,0.005204110720409056,0.007444505816185352,0.004274209325864605,0.019070180306934765,0.007064941042600858
1261,0.003623179760739326,0.002070033167099515,0.004207011342939339,0.00591105491535733,0.003278505996434866,0.005153324986620246
1262,0.004495762259351407,0.007925204857529846,0.03518104643217031,0.004158592022694231,0.004185631243500681,0.0034280057453873183
1263,0.0022724104174329266,0.01466050507909394,0.006192938594252579,0.005207866465581454,0.005786431493148996,0.00170691869286227
1264,0.004729369325448324,0.017995447663000583,0.009586618756631526,0.0077289260138540565,0.004559852076266628,0.0018915245116925584
1265,0.0069813793162523475,0.004353572984158967,0.09924894438864494,0.012389906955052833,0.0025779134371181948,0.0024900782534462646
1266,0.0048769549112644235,0.005853575297821636,0.03428976596506772,0.022276443274640297,0.02643745264541045,0.006880594492667808
1267,0.015665818713534955,0.014040082030886702,0.03749809037202913,0.007270579816569054,0.0034957780575880395,0.05445162669370819
1268,0.043204026401913384,0.0037018893273582064,0.5145812137015869,0.0033157390468672244,0.009401022511672054,0.002592810900908395
1269,0.007824598559181193,0.049008377795482165,0.36122841308623216,0.012335255987307892,0.016462650797554695,0.0042694277613517535
1270,0.004262012539838915,0.008781398376644762,0.350379443105114,0.006301847474369445,0.01031785878101894,0.003526538804454376
1271,0.0020824907192612883,0.008817486323961845,0.5298742990247383,0.004248310195573769,0.00843093135569891,0.004055372572738256
1272,0.01999985071108708,0.004846907910294834,0.583251352780199,0.04611854622802045,0.014073842633071165,0.004476798525106491
1273,0.03941430282975773,0.005258913022734233,0.0391171305620149,0.008621800528554232,0.005440025957218231,0.0030916687460585766
1274,0.02777887595322473,0.006993629723684415,0.36616556884057916,0.0032855179250197075,0.004312173085087409,0.0037346100457176833
1275,0.007331642230870047,0.010851244318264439,0.020535190271707335,0.00210968827036666,0.013068129778223846,0.003842726660896088
1276,0.012315504890266537,0.007553813269506113,0.21044180883700608,0.010132539249840596,0.0033158047822924473,0.002131367967008768
1277,0.0037888389158163916,0.004074698158838292,0.008794540577452976,0.005186889947906164,0.0032836063806415683,0.002409763978711284
1278,0.0153877797605373,0.007787654219019375,0.02055754940462572,0.01698873209814289,0.007715326854222961,0.002335632987815471
1279,0.008648536903021376,0.014370426479963224,0.015565801700814045,0.0018775835435818641,0.010015199279175404,0.008983649230373526
1280,0.0029081746130918277,0.018376077442198928,0.018835695617979164,0.007678816399074278,0.003361231593145192,0.0028462871514714338
1281,0.011041877936008965,0.29580783126281074,0.5459936998359991,0.0025383826105007286,0.003340713477989503,0.0025260543488858393
1282,0.004691005129565503,0.003969957564250218,0.004445089940567889,0.002262822021267919,0.00479290208886445,0.0045148801114602306
1283,0.01656986765658863,0.01853989120087774,0.4930912913676563,0.04555605183406241,0.0013983254832771893,0.00152216623365016
1284,0.003443614355490269,0.005061916704067226,0.01100363426500252,0.003190122906387582,0.003945338269972226,0.00576879038014186
1285,0.003534615362858438,0.003937023503822228,0.016310751093692753,0.0068509809249599025,0.01154023136002595,0.004103273014154095
1286,0.005549868309498731,0.007371106989640367,0.003966023811746668,0.004380071718994434,0.0031764220383750934,0.002306568939084651
1287,0.0031750955846981967,0.0036362311252378654,0.0043992386464938235,0.002834908925776793,0.0067718318459160836,0.003397004811222908
1288,0.007394655677301093,0.016064084866409784,0.20513287291142393,0.01240345288424747,0.39967327230475286,0.00337442361745171
1289,0.002881093153204429,0.007387241946475272,0.011063244024837337,0.007391820694098063,0.002508167967156794,0.0028672042276918944
1290,0.006952737704518094,0.005881529762513609,0.2749371651584597,0.0053294543503239295,0.016884129978517005,0.0017219212135503054
1291,0.010693672891782259,0.0036571938013690063,0.02914940494926916,0.0061663922007373926,0.007538891406361554,0.0025142319647182988
1292,0.00695220089999352,0.004751287537263749,0.39811319553553515,0.003027791591735175,0.004891375412614278,0.002113528165381473
1293,0.005693963764343245,0.010967399081096655,0.010325032254562798,0.002991617126815611,0.032015861749496465,0.003573466029811201
1294,0.03639770488409113,0.0030300649194638382,0.5017878813864386,0.0030891276049911675,0.005032940888755638,0.0016168277721236896
1295,0.0072147391800650275,0.008796824481870094,0.02235730707878483,0.004077021344888929,0.003141923540035119,0.0046474682571884035
1296,0.004641290211709142,0.007691016464382037,0.027833888987844772,0.004147984905121341,0.013607917645925213,0.005011460991407988
1297,0.01966486667649395,0.0032952703620720515,0.015442053758221047,0.010649014938044885,0.005242628350883898,0.002123040389358079
1298,0.00387988431974395,0.004497043511202787,0.006253819317615487,0.003313853684973331,0.004050763379883835,0.002192885115746259
1299,0.005084476699792277,0.034978214757140066,0.008285207797485183,0.007877313577050913,0.0035926275517288173,0.0030109458503718915
1300,0.009627865952853129,0.005296005766799663,0.006938984275785001,0.003531728191336171,0.009464711051001455,0.0035340803247761775
1301,0.006424772561363571,0.010897649244854734,0.20898109421894984,0.003369731968684226,0.007007350345204552,0.005670152472045376
1302,0.005810613862993011,0.051145830075923736,0.02285661528399494,0.00848319583657935,0.002846290454614205,0.012840347222690979
1303,0.005362583118757342,0.010408659121081543,0.010794782664728705,0.0027918594935098526,0.008969640396164501,0.004206042016130855
1304,0.006512696882955934,0.005090306498834543,0.2781176816912752,0.0034119894274776455,0.007329878816082123,0.0037392290673531788
1305,0.004929110560794204,0.19578884920529296,0.440020375282747,0.01191492472301197,0.001488211763762127,0.017930121233244868
1306,0.004983043307527817,0.022646452398598877,0.03201327731140885,0.0022811024887583776,0.005883002352784645,0.0034920912507411576
1307,0.019395984473676773,0.010596576861487149,0.0319186822088949,0.010330094865785006,0.007097419343355242,0.004097722039999084
1308,0.002796705688561273,0.002789306738127332,0.6368243052635243,0.0035662685088832624,0.006488273921698236,0.0055851314719099505
1309,0.012917565665971017,0.24677340479789897,0.041655184343739285,0.006220937934769547,0.018788657140410465,0.0033968908857732742
1310,0.004346547224882688,0.0047333008979685435,0.45917577027204476,0.012610157065303341,0.006294484990566366,0.009003676076450947
1311,0.003630101375626483,0.23924072727796286,0.21276531469124665,0.0036417051191698904,0.004124739210594349,0.002442852540632681
1312,0.004885014046275845,0.008906297636384465,0.02076387255041961,0.007687563717443728,0.005915851776184459,0.0038616489298633453
1313,0.02820423232613801,0.08632293647355097,0.013929001769505157,0.00974401588499637,0.002950679320559878,0.005003283361383192
1314,0.003636174755898904,0.004993832828735243,0.007760965107569462,0.009079047609800077,0.004821688939650692,0.004548660023780256
1315,0.012818267995329346,0.008864262427708335,0.41966149890194215,0.006066037730241156,0.003783748645601357,0.0043934582322686455
1316,0.042531299414532944,0.013043459282748802,0.03373887307842985,0.002861017966450587,0.0066222042645613715,0.001897513511550783
1317,0.005519199650952689,0.003811450131840271,0.4510281748061208,0.014435459246727464,0.002902209095594169,0.0022957342496514386
1318,0.011882280589894835,0.013089408559061396,0.04226195501644874,0.018993088412015795,0.004586224747842971,0.007845785057743538
1319,0.0038435871435105844,0.017892064230210558,0.2835643673429572,0.004955384731329084,0.0029403245385135313,0.0016300814753682767
1320,0.004616317280993907,0.008624106606627428,0.00862754471010035,0.004597562207078078,0.011742167123922063,0.0025458434516277815
1321,0.010473538183422643,0.034747819222767574,0.06671013999719322,0.006541571556998378,0.005979441253881886,0.010428299867095484
1322,0.02232603206092154,0.0030607837462061447,0.013338028073771938,0.003522896719773853,0.004301788449404517,0.008609372954206995
1323,0.0025753618055060004,0.4236845300729768,0.003932183835119474,0.0033611091500157036,0.0037468626068088767,0.002764899491546419
1324,0.007002172571658861,0.014069248540856765,0.02275356621683991,0.0017602811812833822,0.0016006060850759694,0.015536599273190215
1325,0.010455506659007638,0.002911564696151795,0.007740892151636249,0.003577501274012379,0.004653064150723975,0.0025716018286205
1326,0.004845174653325783,0.00900195927936651,0.6808594597098767,0.0025941133190041854,0.004737634220377808,0.006422062669506217
1327,0.006126693323123392,0.009992479313334484,0.031794411120665014,0.002407460320941898,0.019346441710425828,0.00440993540860602
1328,0.008998430632215138,0.15168257453145023,0.04232552629169931,0.006493784980796244,0.00883662020350388,0.0058981979559914795
1329,0.012960364825662594,0.0032332576625969636,0.6525994037208501,0.002640644739411193,0.004013266116589982,0.0027955503919362312
1330,0.013092058453337862,0.010041522077030626,0.0327681966353289,0.0097027058892315,0.004063982917296901,0.003806799655984842
1331,0.02758749979884852,0.0029709675018844174,0.005953852232839434,0.003567436153718276,0.009473707956432957,0.005415985765644869
1332,0.043595865171349106,0.06750399745913654,0.39366619352639914,0.002077204685727132,0.0061521940049525815,0.005045658261756666
1333,0.003361066116173668,0.2807625925621009,0.011434623893794025,0.006159859343714398,0.01203766361839065,0.0018970970110496151
1334,0.030069101455809173,0.009484377232801024,0.010396504822438347,0.026234015552361028,0.004108981511684382,0.002357845137467583
1335,0.018572673866051922,0.005846411744301651,0.4129046157176068,0.004672139262531524,0.006897187519951551,0.0036830757128023884
1336,0.0050287326398923745,0.006564325445438894,0.030338064526904795,0.010705521465715802,0.007767454957717775,0.0020035838054839983
1337,0.003969417302350142,0.0033329809985059244,0.4718995125033264,0.013192535412628313,0.005559497924609973,0.004293791503663174
1338,0.01859836214553894,0.0030310030221904305,0.04019649708191035,0.0026577243330165264,0.004427261680565198,0.00793531390659825
1339,0.018883786324642902,0.004385771950343589,0.3286826776617468,0.004508129147791688,0.0031983991836894757,0.0043934030318163895
1340,0.003915362560461201,0.13391100805817277,0.009922435552204517,0.02973862381880471,0.008564355920634443,0.002824969428432881
1341,0.012625536496766341,0.060151548799331864,0.008576459820946696,0.0031123786856729232,0.0057195508891107185,0.0038352939902744866
1342,0.03246973495246981,0.008404673715020477,0.619971267381704,0.005509565283598978,0.0015993219257668505,0.006186657434282218
1343,0.01849853952280427,0.005239047681352685,0.03985846276011804,0.0018719868524646785,0.004497666861950252,0.002182735806942573
1344,0.010911174155494951,0.011585675047374918,0.37243647843032496,0.0019228002208450546,0.02892392622678815,0.011417226012070769
1345,0.009879301845412896,0.008078237374292219,0.3252296035085487,0.00342029459337041,0.00437449939329138,0.0038858205983559667
1346,0.009344057412821297,0.004426702398358352,0.05114381545322862,0.006941192134949498,0.003022437723110214,0.0023392664321237283
1347,0.00530339388906488,0.014950455388532858,0.03018426080521368,0.0036764549833840114,0.008502092286554177,0.004040714919226471
1348,0.00977188490060792,0.006197336901748089,0.020983498211075084,0.011898469354985487,0.0061954343383458736,0.0025378571452836663
1349,0.019014993403206292,0.31117212548052303,0.2021061795682236,0.008852587780941742,0.011748255842437196,0.003752402188169094
1350,0.004930156965303706,0.009971984619711681,0.010532657501001264,0.0030379640502096908,0.0054063132794716345,0.0028814218886353106
1351,0.003453950559675808,0.0061633450359818535,0.026691624554274564,0.0028379517415035365,0.005040447512771259,0.008126288135798332
1352,0.004789015201449725,0.007084664733767523,0.10442963423273197,0.00227780195808531,0.026505396724541164,0.004170710921823299
1353,0.012244961680976899,0.008719880997164456,0.27205217176935514,0.0024814995590141703,0.005172007202818175,0.002829077263118705
1354,0.005928721245509046,0.008315394604919429,0.009036010775610379,0.008571591630737478,0.006089736953574577,0.003656180057932045
1355,0.011631346083515282,0.0037362846748309237,0.316737366972437,0.0037697434894108906,0.005242012609191164,0.001967240613009962
1356,0.00993905781188422,0.007281566951687728,0.03865387431297743,0.0024835216496514566,0.018065323391986268,0.007523378169903065
1357,0.004353054462813416,0.009779072826090068,0.018716226976621116,0.005706420181466462,0.011531166962469417,0.007286980858126473
1358,0.005279686340231112,0.004134819826344166,0.010654125268577834,0.0027786526453450807,0.037721814877211116,0.004286340906594482
1359,0.01978448255416413,0.006771424305559846,0.3627615913074489,0.003193636560874765,0.0045457416407321625,0.010338093696990526
1360,0.01926231132819062,0.008646788975221354,0.020347789264203955,0.0041211776245977045,0.004414678988972217,0.002127111908644852
1361,0.00539828628091337,0.008791489915778349,0.01765339754069885,0.005658623101553613,0.01019470436546648,0.0030145851222124816
1362,0.005342055062263579,0.15750336099173468,0.015537690907066864,0.0034581271530770186,0.0033045757591885607,0.003006570751139974
1363,0.010388083116354741,0.0037883554476829586,0.11045993362744358,0.007374029566829329,0.010427145135694833,0.006093579733278607
1364,0.007580138118215171,0.011606978728914108,0.35155781318643176,0.002214781798811228,0.007725040334580568,0.014697600476374171
1365,0.004602140828880917,0.0042175692272012335,0.43006438733731006,0.0036504646950762617,0.0039783469711922505,0.0024215818577151844
1366,0.0054411162234305034,0.004803710395759835,0.008261547729249709,0.003094416739392324,0.0043395519575714185,0.009667576766727543
1367,0.002972684020648381,0.020224904343900955,0.3947930237029373,0.009637784890400018,0.005432347704596718,0.004499945716152718
1368,0.005421977441197969,0.00479581465181819,0.017729705400338205,0.02011765312923963,0.0028140820975845375,0.0028417220200180385
1369,0.01637601208075825,0.007443672256151459,0.008255469468061613,0.002310662168596504,0.008955198480194708,0.002098925611645551
1370,0.00914123279589235,0.0032736401939002235,0.11814643799514092,0.004156708559145825,0.007603209426654667,0.01110431558956804
1371,0.011095530042716139,0.003056090239145081,0.017328294347660842,0.008008416485169619,0.003997429631068213,0.006680061197437242
1372,0.0028042981400237857,0.004409399514816558,0.03642945981446878,0.005114464395996057,0.007695967415283329,0.003129012032068198
1373,0.02014993010832618,0.005281947783892286,0.5572089489199411,0.0053041655485628,0.00822074352558891,0.0038750219409054223
1374,0.005545021027403475,0.0040843653149038065,0.5323216909307293,0.005455683452010698,0.0070270434776254385,0.0031528098051614747
1375,0.00479093583599162,0.006318809530588069,0.0080436132686145,0.012241931353908102,0.00423549946163528,0.004038605869592075
1376,0.007189354680226336,0.005406298544979229,0.011760714386841082,0.002141136893179105,0.002092433417682205,0.0016396288785864531
1377,0.007947414972053014,0.03390169559945798,0.031209395357862758,0.0026696262631779304,0.03573967773381193,0.0026532455985412737
1378,0.01686268864116794,0.010170421654287031,0.02928420643271913,0.007610094676059845,0.014543595776133124,0.003076630798097047
1379,0.014116810760303638,0.004508210983268677,0.315861175843867,0.006741262090823358,0.003504757232971364,0.006437602312936322
1380,0.003952347646441186,0.008695716984479655,0.0204771625005076,0.010817846052367457,0.005179945873541721,0.00297802581705811
1381,0.007811963353512283,0.008083242863485803,0.009189932455488277,0.002638480441393666,0.009602490236226096,0.0043275643143211185
1382,0.008647690018835051,0.0030161463960975076,0.41793074826046567,0.0055424596397391215,0.0029028689972696495,0.0033319285951035845
1383,0.0037400738997606753,0.008184449904692609,0.008799696717529733,0.007524208201519102,0.0067883962020954805,0.0026646107698796153
1384,0.00689075562306393,0.01663391361946322,0.02662295620679481,0.0020585460325117113,0.031413501660596484,0.006510102917704455
1385,0.00902513546349103,0.0053697328848496635,0.2556922563359079,0.0029185920823428233,0.011868832976627138,0.0041933013670959595
1386,0.05076296251788057,0.003945655008403776,0.3175965481029779,0.009147459924141751,0.0062821160637626825,0.007421065855730927
1387,0.0075835276478675075,0.11624201683763018,0.011190474629647264,0.002526123246633736,0.004149055201810478,0.005787358947672769
1388,0.0032492082509116417,0.010119284744904334,0.004608498054130071,0.0028001406846443707,0.005117210577432138,0.007179605782886051
1389,0.0020901995570590816,0.3511704465662818,0.505321855756487,0.007129298615993483,0.003370010176847649,0.003180036711151639
1390,0.011131643229631914,0.00385685089622318,0.011374989709512435,0.004772200634477397,0.00578402835599581,0.0025719684411189816
1391,0.006146875304291993,0.0170788791342077,0.03550162476870708,0.00219961745809833,0.005970058349088073,0.004314496249518244
1392,0.022674921358856563,0.025622624345102388,0.038754290351188915,0.0029297824712179376,0.0035549183908867446,0.004041282660832897
1393,0.007417456301502298,0.0035680507687204034,0.01641177948630112,0.014040370518693756,0.0231107439025365,0.002720363319731164
1394,0.007051292562224458,0.11309395412732068,0.2658386034916925,0.006361361886451194,0.0062335812200488665,0.002867259811743936
1395,0.004500965231429543,0.03161713705149088,0.0057803999643196114,0.005252850993808689,0.0041997571533416034,0.0024401981314738116
1396,0.003961620439153353,0.04003264370417828,0.39348151877206533,0.0033538136522060827,0.003333923049369155,0.003137362830921074
1397,0.012489948813241503,0.02391009477512219,0.32443375835566945,0.010135130515471337,0.01508935896591012,0.0074236264204577
1398,0.005327265217414485,0.0046124293743174255,0.2742212052213459,0.0028748444547215418,0.004029402435870877,0.0047845475587243
1399,0.00363523445775355,0.016869794954355446,0.016419283954596128,0.004656174938520562,0.008200249163012558,0.005336530416026816
1400,0.005328406892215794,0.008216450861957837,0.008202573509262382,0.00564662467829144,0.015503009034056735,0.0034394256356038606
1401,0.0028241142577195757,0.021062078408429302,0.026628383595455798,0.008604106085866182,0.005709001435140869,0.0026807791431882264
1402,0.006552792672110146,0.012196286204284545,0.022673469650896016,0.0028189655457498694,0.004372262758163227,0.006628518227901405
1403,0.009077151103848618,0.005609583669426578,0.007953730684359991,0.003598523401341254,0.01619379126970874,0.003049565886664857
1404,0.024849255910348637,0.02673075602030192,0.004887849111314358,0.012316915859236405,0.003961682928701297,0.010326230688750793
1405,0.004596042669269812,0.00680132132254991,0.0104926437936882,0.0031787057062460876,0.010185430411921373,0.002998631769844501
1406,0.003932796500007529,0.4871127984769766,0.007945747572622735,0.002056927672693485,0.003439034418873376,0.005453029020711735
1407,0.011721513062540607,0.018113911213863926,0.2875954833121064,0.005216209821145996,0.0033864695940083326,0.0040516381586730614
1408,0.00626334733681973,0.0077415829537635945,0.009952085245357917,0.004512234754369564,0.008525551548023546,0.002884270935175026
1409,0.0066142841110557364,0.01579071553209662,0.02184003221513113,0.0021208365525959647,0.024529481200330206,0.005658784852481959
1410,0.010535639213870218,0.007038217134962417,0.020396244948754805,0.0034001891294841145,0.010051388074575996,0.005206271387519473
1411,0.005781862692595555,0.0024204650077357366,0.5328906160786516,0.00442738991234277,0.002859348588301187,0.0027493359846207247
1412,0.0077428154306557325,0.0038240189869254877,0.004283225577713104,0.036069735276468035,0.008652941472471748,0.003161819082396883
1413,0.01153880146688193,0.003228152186217979,0.03951413649847485,0.0058104253550101395,0.004866760665414555,0.005019254785281612
1414,0.0028023193572177855,0.003933861639609349,0.38209931748867715,0.015065399530136508,0.002966801282879147,0.002022890636377947
1415,0.007768880245786339,0.010342727352683611,0.009402487616230498,0.003179303236863097,0.019926294989704576,0.004380814595363366
1416,0.006200144051850624,0.011367562988701506,0.06263771246775605,0.008011719806697808,0.002779747757385478,0.0023049222534556866
1417,0.06215195972185022,0.005128873473844499,0.1324135991021237,0.003767781549115073,0.004472860743668876,0.0044645492835510186
1418,0.02902244377750354,0.007640041035884769,0.015227186339672572,0.00661158734767211,0.004284678827105004,0.0023098113486298183
1419,0.002199836363030523,0.23540580903466846,0.0036945986821204204,0.0027536004530474313,0.005085279808147629,0.003856530823724772
1420,0.0069055701506569814,0.1337708940486448,0.06357395324292185,0.002674914788723156,0.0049821352460850616,0.006507497530223772
1421,0.016178511332934648,0.0087806632805716,0.331991869306703,0.004811345068455495,0.017046908239286843,0.0028966805003684693
1422,0.007388848678191038,0.006862196537726855,0.3167936350045791,0.004955619392957743,0.005388440028405674,0.006883491687576787
1423,0.02007530119806152,0.010919961663228277,0.4697147602721087,0.00288824489972965,0.009159369580264684,0.004678266862881483
1424,0.0031969379257511935,0.008391630398854162,0.34578158407222803,0.005527407225197021,0.007609499815978825,0.001560054385363722
1425,0.0034319665917334715,0.012524779055680006,0.033333895442391334,0.002417025521116641,0.0053216229220772035,0.004289953162654462
1426,0.0034737080060537203,0.43911433278523626,0.003059224326603599,0.005681321206127843,0.006185616768534405,0.00222765699083784
1427,0.060038595794178876,0.008729428973597877,0.003300159110188352,0.010826007106830831,0.02192224762864573,0.003466500461613217
1428,0.008543140056477301,0.008244424694496395,0.003891932538439359,0.0053049768168890715,0.004124057149713795,0.0022462844406669173
1429,0.062496239753261115,0.007527567455432306,0.03361644617525846,0.00263935839951232,0.005398349266078547,0.0018634249378725947
1430,0.003068426287592154,0.005512021564875724,0.46620916936256357,0.0023830016764771144,0.0033747304693485954,0.003672097798941571
1431,0.015022338108722215,0.5310151832647106,0.015034827702537225,0.005710412410587713,0.00344402126445875,0.0024717111585261706
1432,0.0022718234771138567,0.0028599572453722874,0.011376463508588728,0.003897257094991062,0.0035460195761203308,0.0030325473336009724
1433,0.05534684024848881,0.010452977435399679,0.2605037414661902,0.0029553389911353162,0.005096732322349977,0.007028851359421849
1434,0.0030307863937120393,0.0029424118205788755,0.35344195027168585,0.0059221385564290985,0.003939102256591522,0.002134563534321029
1435,0.00799065556237061,0.008626405789824739,0.004383702414280443,0.0041192831141191235,0.004410153445133525,0.003839192910730763
1436,0.0032571325521985038,0.0076325916300263785,0.007699935209682894,0.014933789319675796,0.005864677425061808,0.0052394906049878275
1437,0.005150985533180245,0.005332401945798256,0.02467223740805287,0.009976236407836462,0.005515831601151903,0.007664470078920561
1438,0.01851615906921201,0.05628916965573885,0.008194051391801472,0.0031001355582529074,0.003912267925611095,0.002600510113201213
1439,0.014475142289617516,0.0068034499110504335,0.6639700585431246,0.010700381324637426,0.005929547129367967,0.004451002695980636
1440,0.030401319594940107,0.031059671250514304,0.6070289565528411,0.010512645874864003,0.043994190503609004,0.0015852600412697819
1441,0.012348991961106346,0.008550830690201343,0.4228272133301775,0.0018876028649201628,0.009024744711481854,0.005097791929560845
1442,0.011502983929399569,0.00823014529098946,0.38303355351055596,0.002915802801490691,0.011835433870314375,0.004318331315264814
1443,0.018453490360842897,0.007006443334525455,0.6150751477351621,0.004561618297925701,0.004157833695195232,0.0031400363424547674
1444,0.0035220111080799398,0.00331412446567178,0.3507600637574248,0.0018022954381211645,0.007650953315570691,0.0035505581617810535
1445,0.021792475984176295,0.013321229293412978,0.457278696448508,0.0016924059277708355,0.0064669200662690295,0.007780627798235267
1446,0.011424220172919658,0.0027114517596950943,0.006307969225429579,0.00407591004501029,0.005196861690930055,0.010320507693866898
1447,0.005009367974654578,0.023787613483675044,0.02680595713664467,0.0058494417740927954,0.008802359112880069,0.002833604506219243
1448,0.007443959660203731,0.004843749240043373,0.008292634406290645,0.00538006630819245,0.0065510776254154,0.005450719292916353
1449,0.0027215106466617896,0.0022527939948433313,0.39106563224806973,0.02340101775070084,0.021922560433528283,0.010431790555655712
1450,0.0060412393096646,0.05396501606436906,0.036097557080468204,0.014155271300111578,0.0045379216255805,0.008338833568085253
1451,0.0027898854993680857,0.014647193249548933,0.48269938152726277,0.009135092548873276,0.00859653150708481,0.004040036196793377
1452,0.014375240812664983,0.01236779146317687,0.5567810928879865,0.025604836240452074,0.0036134446590434426,0.00473557393826817
1453,0.01783334760312222,0.005653463269210465,0.6014260065625361,0.01284201929093285,0.007793225366467583,0.0027554347893097527
1454,0.008630425569531312,0.004390098591589333,0.024666395298343875,0.018842140208921613,0.005354959106160648,0.004792152740644147
1455,0.0029898288246849275,0.005169483904868493,0.5042931516560577,0.006613031177790315,0.010689542129214344,0.00451563067389014
1456,0.029517487081365437,0.5134315761645512,0.014935779652611197,0.006091804917872855,0.0016687042627458169,0.0042343402993475525
1457,0.00521991778569401,0.003785860162022053,0.46984325943936567,0.0025750114530129265,0.015596545515374602,0.0025861799092748864
1458,0.005395457593689992,0.0051052136188470135,0.5082008730291918,0.0027195081290030715,0.005234695578210063,0.004381811270325317
1459,0.0035729254138067747,0.028817883135072088,0.019558097660958416,0.0031080266493715004,0.004398400286701387,0.004779290537703375
1460,0.003537948305874777,0.0029752985711293473,0.38540748105675543,0.0033089191887661676,0.004326169200648473,0.0017933091823353813
1461,0.0033329466236838236,0.013017952032353985,0.3561718259256261,0.0023461483629189685,0.00886945465153837,0.0036114725066576986
1462,0.0029585439231379807,0.007644037934349143,0.4227839670728879,0.0022213477056190344,0.0076347891864239036,0.007436123321508964
1463,0.009972312988105131,0.6737822777201684,0.15028330195910325,0.012479902000980625,0.001788746926099176,0.0020476233486440105
1464,0.014427327828779387,0.007970369655971966,0.004648510722084386,0.0034564702920556432,0.0030719051794216917,0.005331423355377732
1465,0.004693837940699565,0.007716194468049797,0.37213760750033276,0.0044518020423783885,0.0035752100931693994,0.0023420933886417012
1466,0.004982947232817334,0.004071372007478069,0.04055886070373576,0.0039249031045084344,0.010509423459665167,0.009278577147226921
1467,0.004745005385674575,0.743344591989695,0.004719410304390985,0.004171549060209332,0.003626978302859004,0.005159139912020978
1468,0.019920726778439653,0.0045250470677162345,0.03644897050981871,0.006243862101024934,0.0025275282711981996,0.003598496520946169
1469,0.006377108359457977,0.012307508122366298,0.03127617106862415,0.002118102424882273,0.0065641371396511095,0.004923837454500415
1470,0.002779091459927088,0.031036101820783986,0.4144908305185472,0.0031224043344380507,0.004540087445362828,0.0024420709003503986
1471,0.007470537119703386,0.010065249200171832,0.005522050132721295,0.004275258509898411,0.006709577484979387,0.0058110592471030936
1472,0.012157881238036893,0.0043483443431345005,0.5109220055503686,0.00393703162979767,0.005617914402007479,0.002952703302623285
1473,0.017292699135283935,0.02820118738508889,0.012450118830747257,0.003159733883425963,0.008053880701347549,0.002877695364045802
1474,0.004303221933093496,0.012878855658599205,0.004064149183826849,0.008128035006607,0.004474054896071829,0.006333987348159076
1475,0.0058038013112304224,0.0030184530436768594,0.012028175761106985,0.014639402356780844,0.006295885684622553,0.005530555669248821
1476,0.004569288642576569,0.0047191987430852825,0.004397808102264856,0.00347877519068556,0.005160452292365247,0.002606485553458697
1477,0.011198564760927664,0.004777293715316524,0.04001360443825149,0.01845488737015507,0.006919225526310843,0.002768593497364412
1478,0.0024989923890393,0.009028327402536696,0.00386613016462876,0.00379021353133358,0.0048890891752522625,0.001740710989693198
1479,0.010033927482209834,0.00506825244915289,0.041305218133433165,0.019737317338270086,0.004880933700622192,0.002257786400781448
1480,0.0159434375148785,0.007382398337133638,0.03308277305666325,0.009844080587150873,0.0035476806545031514,0.0035306780339469353
1481,0.0033505141850180297,0.014313520639065365,0.5197777212525165,0.004710149968746803,0.004893635216262132,0.0039846445217795335
1482,0.004748160865418562,0.005034287491719672,0.05486632816030163,0.0031338724285814566,0.006150938123904307,0.009883336123790916
1483,0.010899122348092961,0.012762007103326848,0.6007430914078463,0.003951766237668858,0.007485925357301644,0.002025420772939566
1484,0.008203317713424363,0.028348208941923324,0.02452395930889404,0.002135326202498884,0.01657151397653298,0.006583400111944506
1485,0.00609700180444975,0.010186084148007183,0.006164415377009743,0.002581749351038745,0.028593188088777987,0.00738973169185467
1486,0.007703833753074829,0.007109154399469051,0.2425609564819348,0.004592959642461995,0.008204725764133287,0.004030714613607736
1487,0.0054793098682577495,0.044723724797171086,0.0084498077038413,0.003893191266546756,0.014517422931151665,0.013434127888315906
1488,0.01181940283139875,0.003357545387694527,0.6507283630850748,0.00245126118181775,0.009622328785536335,0.003577585881922233
1489,0.003501627068923568,0.010093243898204502,0.007239273136658157,0.001792046957260806,0.019430378564354846,0.004393557391928807
1490,0.003491613509592808,0.008380097847194887,0.003193316383646468,0.0025530467058903997,0.005652328327586733,0.004313445371448028
1491,0.00507409073321388,0.01050748456263158,0.5853431978662332,0.008028571201290259,0.005795619420560469,0.0021420143884967532
1492,0.0048903894837773465,0.0028705422866684145,0.026262740906972018,0.002832759413603646,0.003510111034143832,0.0027050419879318497
1493,0.012461594177466583,0.004719634285229573,0.0129531118229,0.01055196898634115,0.0031350173200036567,0.0026380780742424675
1494,0.006463521729243513,0.007625661288592659,0.008565558751010114,0.0032858490720551166,0.00517896690736213,0.0031061860165544413
1495,0.00375939704240449,0.002622693689729215,0.005452535958281291,0.01338730874825269,0.018341015091160436,0.006930573775400357
1496,0.0036005265305543406,0.3074074625910685,0.04525087860933781,0.0033374536518667526,0.004004071335576867,0.003068147075422463
1497,0.006248303635384511,0.006849471207846876,0.00707572467011234,0.004256579205075419,0.0036696176640306894,0.0033756259611396385
1498,0.006968654854269864,0.04579790002018131,0.3606957437404277,0.0052067130035462,0.004715570572216347,0.003259585684263382
1499,0.007173409110361132,0.006273559880618279,0.05943481597059212,0.015608205903304764,0.0071083819149518395,0.0035235035559094156
1500,0.012867095798629869,0.004065074921928136,0.005555251750911252,0.0457407652538049,0.019166431750465684,0.012831690374044299
1501,0.004993750043445864,0.002985384307240563,0.49738745074933793,0.008421251464737357,0.0065457763869721936,0.004076773805174065
1502,0.04247454993390121,0.01915995901324849,0.010357967486448046,0.0028009085867793885,0.009959717696983408,0.0020113844235540245
1503,0.0017571927696868647,0.01084837669496593,0.0347524307975133,0.005121314608393536,0.008639625001313735,0.002053289291295655
1504,0.0032431313894856462,0.012307841060823789,0.04145138038939435,0.00790804163143134,0.004956660592551594,0.0032760688602724557
1505,0.022482634542124093,0.3758179889639596,0.0042841835060426145,0.017259512911639862,0.004346603743038353,0.005106754679284732
1506,0.0035681922982784445,0.008981202921424035,0.03556685877756293,0.003201352565738436,0.009307326315793908,0.004271429769905721
1507,0.012991771075393097,0.05201549013827976,0.05109377955411515,0.006873784753098097,0.008203214663694761,0.003303686976926464
1508,0.0075678823411887775,0.0024134997342050257,0.48940875658466443,0.010707958091775183,0.009015228532487476,0.0036474684722683968
1509,0.0059309406652786065,0.5076409084930715,0.5122573721877203,0.015738103695274373,0.0029884397866998787,0.0028408617850294404
1510,0.011007008844655811,0.03861394771070552,0.040106725125937645,0.006190602836876493,0.003944489865789381,0.0034013010317999618
1511,0.016594373638489247,0.01615629455281629,0.020525446852391178,0.02573278611058962,0.003135903755534377,0.009991017049012651
1512,0.006045513796197984,0.014371047269044902,0.03249699961228774,0.004358936884168449,0.00428712808935614,0.002102345725365048
1513,0.05616946670562235,0.006575227097582773,0.00529792329319552,0.009946706406235194,0.0026332504158578544,0.002269072246580491
1514,0.0027577808757630723,0.007341209891755392,0.01363825596322915,0.0028123858265768605,0.00231965274864118,0.003824789338425971
1515,0.003114432609375904,0.0795270980350732,0.05061676846017541,0.006720917085821178,0.006506978524804878,0.0025521100783657048
1516,0.011902749249917669,0.009846137762118373,0.0038109935887812784,0.004690717280455697,0.004914915399328766,0.003989999588965017
1517,0.004090208715720713,0.005336074003541368,0.007699866074325659,0.007888583346118801,0.005443043905990478,0.005129425412752911
1518,0.006759874574910604,0.011199674500061941,0.006849739364791721,0.004776878708574679,0.0023699579474118905,0.003811564973736048
1519,0.005516802816136124,0.021601763133785312,0.006504578214673896,0.005381158911380455,0.0047709129094814055,0.0045231632424728805
1520,0.008363117669508363,0.013519443673009635,0.007778488142285211,0.0032883484790709075,0.00326778536501288,0.0032955667949016087
1521,0.01764752489330861,0.011137522562527886,0.286376163230042,0.002128462024170854,0.007988934192102226,0.0041762529287178145
1522,0.002118493945338773,0.003067043824646707,0.10911609783902858,0.008588126428382256,0.004407548224215491,0.0024905192440277694
1523,0.011062963615108988,0.003957688644755421,0.08355943774019665,0.002210021270369962,0.017060346486498873,0.005893365179113347
1524,0.00651188280057292,0.0029153115457589912,0.026039008826082736,0.018010686253104567,0.008096374773308915,0.0023567445519603997
1525,0.003635023523640486,0.006679673227613906,0.007377205990996959,0.009120571361898047,0.014555507575463346,0.006269604648451586
1526,0.009939021084731749,0.003158535535996144,0.02859548703358347,0.003307599423851415,0.006613132039418857,0.003188492433175326
1527,0.003946502452162957,0.27515088824578976,0.0043761807510593114,0.008637641556851074,0.009608276764114503,0.0036072049929630444
1528,0.0050177688030069965,0.008444686677493606,0.03212046858093396,0.008216096122152893,0.35827109727241907,0.0015730211990282895
1529,0.00659067178207168,0.003935280285420184,0.007751831330189944,0.004150953809829199,0.029111291988501348,0.002665193187173449
1530,0.01770431280735393,0.3292831284846986,0.024205120595507355,0.006378211201186212,0.009718114857454283,0.0017674688883105023
1531,0.019546159660807406,0.007044776387635739,0.01855206672842675,0.002129998299660491,0.0037633555926207536,0.004242849330754042
1532,0.005404772234222549,0.04126687707665527,0.008598622364894443,0.00852878508523315,0.003504433681619411,0.0015003112011619912
1533,0.01614450409723731,0.0033848271260342624,0.5575643507377787,0.0015146058847116477,0.01606761175842066,0.012400829607063112
1534,0.002546624952090808,0.01251944275826216,0.0170313397291448,0.006081860978548401,0.00663683198457923,0.004678911618150305
1535,0.006396012270446509,0.003952031591787035,0.5728475460745744,0.002087411237650526,0.020215964477979548,0.003640663033702207
1536,0.002703620652315167,0.005890956289144751,0.00581326410298147,0.004631985499975218,0.009379965690630302,0.0019069755410506416
1537,0.008463850409550815,0.0036960470109677806,0.009734167539599261,0.0027940904620789232,0.009518279841558517,0.007141833562542052
1538,0.005142615174496268,0.005903100537145104,0.4299157311311491,0.0032058871053869753,0.011841848494312635,0.003825803796051979
1539,0.004013418911303144,0.011595175089088717,0.04534638706214381,0.004533101832134662,0.013304187687313588,0.0027452043418822398
1540,0.008405550688009073,0.003491700980046204,0.028047285678888943,0.0033208616297741786,0.026790388595609897,0.011262171727379445
1541,0.007131042778738672,0.02534121526920256,0.008439602926740975,0.007225588033728545,0.005534268691546925,0.0027732634027767423
1542,0.10687164983133048,0.0025191608825143826,0.031556969572343815,0.004428418070957496,0.0023799758917492937,0.002029594058343775
1543,0.010928225514982591,0.002777386039129418,0.011398896610413746,0.00486950035156914,0.00434899751646521,0.0029694402329737443
1544,0.003763752053578769,0.00997132610067231,0.5885520636149879,0.0032865793229155424,0.0032100451822484896,0.0018391300624801018
1545,0.029422779709687926,0.06668726809878514,0.03368150328247426,0.008189868936420418,0.015856045456996964,0.009007981878764932
1546,0.004741141262543371,0.06109933585190747,0.4923063435858795,0.0028168142755141475,0.006877970721587829,0.006726372978935691
1547,0.008886737367844637,0.009318203700230655,0.01279533057571119,0.0055410266769469075,0.003329273867725876,0.0023473555335113026
1548,0.002703680653986808,0.00787198755991546,0.015233229288658477,0.003651613780684181,0.003556426693916694,0.0036782293946595445
1549,0.004005223542258468,0.02356111766391964,0.03391077853918975,0.0028801539044625234,0.004386594138537465,0.0024989248091303105
1550,0.009811000582886855,0.0031884417896709655,0.0038101279348611915,0.004425879004238455,0.005382432468685755,0.0036855618780195906
1551,0.004867848599069718,0.0028979011363088384,0.03375009271673765,0.006039588919813703,0.007497605665316609,0.0022166727804494453
1552,0.01192369288760516,0.007513092067403593,0.5175791397436911,0.008096495214464587,0.006176086573223016,0.004228634747206998
1553,0.003026111949434326,0.00408907263908456,0.005986181248787978,0.019085715856726717,0.0033206821392976387,0.0028803452552745817
1554,0.019476432990540127,0.004060719198124977,0.004581886542840529,0.0044501178518632015,0.004837081150121511,0.00500755872541553
1555,0.02367403311526799,0.015604768957407021,0.009190827650941216,0.0035392659310426065,0.010729895419600451,0.00288035828879843
1556,0.008029678140809954,0.01838057039065765,0.5434638846126263,0.004908629849111073,0.0055545150597286,0.003601014674334897
1557,0.003465055293224385,0.010028454172729245,0.4258057791622415,0.0032662579429795988,0.0027320613368367556,0.003005275768220634
1558,0.00512672604876022,0.5222816084081311,0.3159124345483473,0.003717308320571823,0.009732466853053682,0.008958270600585273
1559,0.03228421050662173,0.013850669435139606,0.0599545587479879,0.004766611533294911,0.0037911941138991326,0.002953338363080041
1560,0.003152501632181536,0.0044851945752757685,0.006604991687649559,0.006105697000828221,0.003881012512890637,0.0030256695574953484
1561,0.0036422550808285804,0.0029734090419550117,0.0028080734888876247,0.007730588841059305,0.010072128736140842,0.0029216821917400462
1562,0.00910239769230047,0.005369077662638816,0.008449637786081671,0.007174817329604443,0.008143995552028788,0.003461792094912618
1563,0.01651108020118624,0.004288746239967055,0.06220454283769497,0.005495255448274956,0.00561351920434907,0.010788716807134868
1564,0.0030378164956375354,0.0059231825836716595,0.4101647084528798,0.013491806455743998,0.0259496996384779,0.011129848656157858
1565,0.005544863531850867,0.005414858109354671,0.01101260607900587,0.007676918203326968,0.005956348626953452,0.006727222866802275
1566,0.008610074935177006,0.002906150284187966,0.5939599716230485,0.0033834737050865782,0.005474405927583113,0.003374432971883655
1567,0.005519985192106629,0.005593106417753485,0.24154042378023097,0.0022075393376968576,0.0042446446353403946,0.005789546745512927
1568,0.0024939463810354544,0.007405156662137322,0.005406791451048995,0.002395656441565877,0.006204101357167192,0.0030417844327901944
1569,0.012675279216873161,0.005381082346088974,0.19929281225309325,0.007583699332338719,0.0031667778989710486,0.0015510977395403814
1570,0.01248147681306731,0.004341837112395402,0.006869070808958663,0.014754202408467216,0.004867863999824118,0.006083328958180756
1571,0.002912787703912151,0.016634140912758336,0.009525491557709922,0.003251761195169584,0.0036743593317990464,0.003424148325958563
1572,0.031682202744097554,0.0677757148461648,0.37544479358895877,0.0030625951893707096,0.0055428832806721975,0.002501389817141717
1573,0.014306144393227093,0.004905545677672918,0.020402184491739025,0.002649612143058581,0.004858082451471164,0.038343368415150784
1574,0.005466380189278263,0.004380707458155649,0.004081150709514373,0.007266780531191882,0.0033692568033182844,0.00572189685705938
1575,0.010443688112742761,0.023132568114170613,0.6734656000053049,0.0017219084799489355,0.016411467956108122,0.004634602060475868
1576,0.02008318031303731,0.00777191248494569,0.04430425268627803,0.003620046488122279,0.0170851476330859,0.0033358224998874817
1577,0.00688762587146834,0.004497393710079985,0.4552231170557811,0.012169643572696634,0.020581497493485375,0.003986698950165124
1578,0.0022400400666259114,0.02475462307122979,0.0056556710159752,0.004257744795828552,0.0066836575713264896,0.0018609456611270497
1579,0.00513926399754198,0.1092393878157213,0.14144338471260284,0.002561183296924132,0.018293361375386546,0.0030289412749800724
1580,0.02131135195075881,0.006686601701855975,0.013185769805210216,0.0023569687460404942,0.006995277704405691,0.0036327414288837238
1581,0.004699499764699748,0.013222149066484105,0.5443980288629576,0.0034231782554519164,0.00336527936696461,0.0024114565747708045
1582,0.005960418647395845,0.018209365040999306,0.31614409470008376,0.002016494552900781,0.06198740197126815,0.008449592257421703
1583,0.023495012700003207,0.02514314939389549,0.07477696102146116,0.0120955530353727,0.023820879159716146,0.006695437295395845
1584,0.00631770619887441,0.00972554482464366,0.011724553222371058,0.0026070739591120985,0.0049799463697371826,0.00397516700957885
1585,0.006387591908383396,0.007119387857865722,0.3946183938750858,0.0024036542430232607,0.020515984909683035,0.0058263740095826685
1586,0.0036881141569221607,0.011554563628650443,0.41909586733596105,0.0027069542331104083,0.020479379655570323,0.00457818156675054
1587,0.0033179785159325793,0.006350985378406152,0.009828362233888385,0.003842279923785239,0.0036227218886245357,0.0018903276171603595
1588,0.005346554102619615,0.006787268731473574,0.01802017318310304,0.007750196458646273,0.006305577859799212,0.0019851189673712306
1589,0.005157523885684956,0.0111046614293836,0.3038197841182394,0.007172937296500551,0.005409683289436912,0.0020658771552791323
1590,0.012011899795756922,0.15930870420807838,0.5711576767995029,0.011960591813833505,0.010462550032755235,0.004641920228762269
1591,0.003498776495091674,0.00930638729005516,0.009535153932649256,0.007238561222549314,0.004531357195464354,0.0029457015011865677
1592,0.006875804646344183,0.6107035524980883,0.4808969392815124,0.003701714853184378,0.003065289800252082,0.0043423015936497195
1593,0.008039602167451199,0.010812319319485583,0.40020232933602345,0.0035278798473376083,0.0052322490622763555,0.011659088216381307
1594,0.004763115789326315,0.037420886230395224,0.02793188849041189,0.021872872454697483,0.004234463141846977,0.004257135956255847
1595,0.011612402432200221,0.006516219012066871,0.45090639121076387,0.0548309794092624,0.004109615264102296,0.006983872254896114
1596,0.007591644508012474,0.009563432065135357,0.35550903291443,0.002415374118411288,0.006553586489572361,0.005822158880797224
1597,0.013976132230960184,0.025624700501790804,0.00318246502320449,0.0034408747469444985,0.006746749662790388,0.005153563932112943
1598,0.00355708175137808,0.010619661277002675,0.009601458422920064,0.009166420505887434,0.0034803377149974068,0.001729869699019924
1599,0.0037301138220969345,0.007071800185008538,0.02458225588082462,0.005087915601232264,0.006345081071441044,0.004656536551923168
1600,0.0039838171538899205,0.007262865408586259,0.04870363488698429,0.0056173602659540045,0.0046811367684805915,0.0045579570338382305
1601,0.01033347785637462,0.02940887254597066,0.23864015703387562,0.0031716597031352036,0.01676229285109985,0.0020112797648358513
1602,0.004870453735353762,0.010663552525226425,0.36298233565171967,0.0026751604293198923,0.0026599901218548358,0.005579188220778268
1603,0.005771680984624427,0.009876900973282437,0.36910059206540996,0.005337126485954253,0.01919950745183198,0.006173349827088188
1604,0.007488792337993634,0.002495737390468834,0.043245496214675425,0.010515680434781863,0.004280077933468494,0.0032337663719130094
1605,0.006818685587767691,0.0028646132952242697,0.3615604772494745,0.006092896934237322,0.007200120510599011,0.0061832060786234586
1606,0.005269768977418943,0.0049941784249116754,0.0884109689832905,0.010862994913099841,0.00461767690580614,0.004039658314461411
1607,0.009235675749839932,0.5730782840822891,0.25603603619637283,0.0034492295774116426,0.007198710303957668,0.0023712154382783722
1608,0.0062518985384900135,0.015976165120093793,0.016441110951094462,0.002849279732121312,0.0035962701564208267,0.0029881116339047385
1609,0.04607351438762426,0.005907792519195234,0.18130634815392244,0.013463806067262527,0.00857862455086798,0.0081636019934415
1610,0.004503815229568939,0.0057378720886355995,0.006374003822391113,0.007697336064162039,0.25083477150085404,0.003908237766672556
1611,0.011232118963644363,0.010006064975682608,0.008991962216853442,0.0028899651688586514,0.008260401144483705,0.007000745340570403
1612,0.019269349123132086,0.00331500674061113,0.09848598493744981,0.003367564522243436,0.008637327920265411,0.0057002634335184005
1613,0.0034007808108532022,0.003716570831802648,0.14045705971760838,0.002840839359183851,0.01329382802841191,0.004190234398869687
1614,0.0049810631572716315,0.011455022882789446,0.023785894334330503,0.013667556704581394,0.003580406714323009,0.0026788382012468406
1615,0.003364994406816633,0.010608450628086718,0.009400848554663518,0.03490959558481108,0.0057031564192384174,0.004502094084766626
1616,0.003623617038031304,0.007888560773450121,0.03588008245847537,0.01298868854486953,0.003547069616966162,0.0022666460297871686
1617,0.0038517365239533596,0.006851973547980305,0.08566537786276623,0.002628732186181789,0.021915074643837372,0.005174284980484772
1618,0.0022050189504610905,0.004457502631022189,0.005140555334560948,0.0012566702809532274,0.004287855567751641,0.003020829236320968
1619,0.014206029485086626,0.0038228115047411098,0.3684567355534088,0.002086681066491805,0.02131808848641699,0.0021709763308447086
1620,0.008403320867236346,0.0031537953036788998,0.415648597510304,0.002998065287333685,0.004782182925340592,0.004008411116363893
1621,0.022833087831434392,0.02427470563916929,0.011777700669165583,0.03977265317522152,0.002559627691280477,0.0032996627259459163
1622,0.009215252792504994,0.008578692122309143,0.5052009537630382,0.0024949491846621226,0.012909876928867784,0.004451906382207884
1623,0.004731412780570901,0.08867235584860164,0.15298711946579796,0.017852585842660376,0.004636900833163052,0.0037494250910917663
1624,0.00449793564597586,0.01077521351935767,0.01818089886648537,0.01679619377310635,0.027604529478181726,0.005984391846889502
1625,0.004380593858314212,0.5332834289075807,0.004123124005360664,0.00959284420571726,0.0033980824807828274,0.003560867373389723
1626,0.009413427510862302,0.003986140116231539,0.0246663357729316,0.005526194998578488,0.0041324552515665325,0.00897713335760669
1627,0.008216088149697735,0.010814854776297025,0.4324133102917747,0.002152682880527224,0.009701114218651158,0.004438026896169885
1628,0.010805830187864228,0.009308081220797411,0.028981039125739086,0.00432631477023391,0.002793522309276482,0.0018266617495135517
1629,0.0026582280714645312,0.009972287296755514,0.36710349168930356,0.002954261562413686,0.00529084631620292,0.0019550529807188634
1630,0.010513389946015118,0.0029955722722978355,0.023750983268394536,0.007395419909775538,0.03008212063912893,0.005825313490346522
1631,0.01620643019314173,0.006263059247930559,0.043171483960683425,0.002203643582793547,0.004340834852020679,0.006683112997194775
1632,0.006160534356180428,0.004695039158409909,0.36018514966740434,0.029660665599876568,0.005786947549571595,0.003831871231169867
1633,0.003866707212366405,0.007057461842277034,0.010832720476729531,0.015132421995892145,0.0033312725499163097,0.004803049216309023
1634,0.006749020955163306,0.02142032292844624,0.004112941421233922,0.00913757660213936,0.004437636961450597,0.002856591239300419
1635,0.02354763614352516,0.013510868215361755,0.004851333867031237,0.0029616515336108548,0.007195294928998526,0.003976763469882461
1636,0.0030209947376879254,0.013017431026575065,0.006082670177358469,0.002326238214909696,0.23273003954459023,0.009653019653560024
1637,0.010852122354472225,0.004305117506837844,0.0038178521231693415,0.0026256383627115743,0.007903065907735912,0.006768619223980104
1638,0.005243696588043985,0.05448729219046663,0.5118500322136841,0.003272222437364583,0.01316839946591854,0.0023503900086079207
1639,0.022068542776181914,0.034430332691037714,0.03617349662436929,0.0181287355910755,0.007296718783267171,0.003897738374049191
1640,0.009165287798707573,0.009106356834406536,0.007841632500357349,0.0022462187480504084,0.027528567822026943,0.004288911756599461
1641,0.005346379502821106,0.008444473994158222,0.0047206185743265145,0.007589479242239225,0.008800022831795346,0.0016732374997573993
1642,0.0027635674626429033,0.5820205823537388,0.00826497281219023,0.00852041066563614,0.0031967218813478255,0.004359684546990599
1643,0.004911426504833821,0.005053666951385246,0.009498296099746168,0.00356321562046535,0.04298758893049482,0.003786127150828682
1644,0.004936459244287134,0.015686724126573695,0.01881298586177192,0.016907380985031577,0.0020316725608301505,0.008155959600280725
1645,0.008693337939902006,0.006967043140349201,0.4849749890776626,0.002831394446719099,0.003842045125988558,0.004519161592590217
1646,0.012983579696890553,0.35332235602126527,0.03891008782031612,0.0075953319984861265,0.015189898975392285,0.021372149244669746
1647,0.012678060069640092,0.0037681120819450984,0.43092837584303645,0.005556191918947339,0.006035149421040059,0.005306233293740911
1648,0.009073938463987852,0.009797934227883259,0.056902534602325604,0.007924644800136445,0.005969514690881869,0.010585906103029959
1649,0.023214436094595243,0.006910140593865904,0.00392375567990768,0.005569348596341144,0.005770657128427489,0.008588195623704477
1650,0.009382446883186082,0.007285812340355169,0.03789482374206531,0.0032081564279347564,0.006238967050620838,0.007891708358763848
1651,0.00478625579131143,0.00581010856340496,0.5161312929669075,0.004666761993976071,0.003929842547701725,0.0025678831399997466
1652,0.018635620289022235,0.01513509547633037,0.007074545005507237,0.0034836814478734646,0.016053303185903055,0.004219781541914801
1653,0.004297309203584407,0.005330350472903146,0.4556067051005836,0.01041927045006136,0.004078004675179065,0.0033698953539070507
1654,0.0038075609723011135,0.00462531681398487,0.01470628838851801,0.0059341524203401184,0.005079149524989073,0.0017960005620889304
1655,0.002548610318786038,0.036857067367739985,0.03497967641397375,0.002637876763428271,0.0038627691628813662,0.0033296043441211625
1656,0.01534014187631148,0.005078885629946711,0.05017308046927051,0.006724165653056622,0.020110523713496992,0.004066396452897998
1657,0.009661619626698018,0.21033134794055544,0.007642788904796029,0.0062130408209553345,0.020072162736409334,0.0038103220187326436
1658,0.009824182475576317,0.006403185416143861,0.012892720366155276,0.00602521320209139,0.0035445784102084376,0.0028516275134866094
1659,0.015175755142883931,0.49520370269078956,0.34971872901598905,0.008089379219876104,0.0025148317041221654,0.002494018441659041
1660,0.006575151656626492,0.012482197207053332,0.01754866619446303,0.0042935866238566775,0.009952447884915859,0.0038894786558224042
1661,0.005301126962250825,0.0035722667276996156,0.010286253462560239,0.004191304221053068,0.005717023480605578,0.0070232978325908664
1662,0.01573413236688359,0.011672628974751341,0.012071610856157367,0.027606475615960368,0.009405049461431867,0.005580009915177575
1663,0.005568764862315902,0.009174772882958164,0.33943318510759907,0.004493951955265334,0.0065262309997278604,0.002550309315183296
1664,0.0568478511342124,0.008241583117038457,0.07851189704361043,0.0033216242897281174,0.0036238583053843213,0.003427502916873568
1665,0.003342641977294403,0.006544538828808545,0.4179250940367689,0.008420835100907161,0.002071618331523028,0.00365584913699677
1666,0.003327723334580139,0.14918828203334406,0.5289377649969852,0.0037199762156344086,0.0056427676294260225,0.00355789589525235
1667,0.008661541253373239,0.07678296135662417,0.0061348995268047345,0.028672651361427746,0.005605253693260288,0.008796025943151894
1668,0.02149237819146898,0.005605297457324971,0.008525215090892081,0.03290160702269774,0.004133939894701064,0.00504513315989302
1669,0.0036215279429981416,0.30445131162099465,0.16962401316410847,0.004716139449237237,0.0052883066888897035,0.0026786576977987707
1670,0.005010339329503029,0.006980042362432514,0.010714818113798564,0.0019660087170146894,0.003438382264921259,0.006896013706419101
1671,0.00941271271140394,0.011780027905174241,0.007423670458517185,0.002620357763949337,0.006027599024228789,0.004475884267237947
1672,0.006750569613869749,0.005505724830317861,0.43391842103237355,0.006248528529493679,0.009242114026707503,0.0028741687363562276
1673,0.003974240827669358,0.004747401485761657,0.16456919409632986,0.0028158499825164324,0.007076021218807948,0.004035183621951137
1674,0.02256132077924769,0.008944629830287409,0.5880739220842943,0.002700820639023803,0.015032290287674886,0.0029287651243016977
1675,0.010956196879320127,0.004734385192099917,0.01025500007356146,0.006315198482849777,0.00810983458873202,0.003769201541364642
1676,0.005888906693863902,0.0032509804599830266,0.0231775244840302,0.01217905389351824,0.004690137518085978,0.0079366416970804
1677,0.06460488790596788,0.010615936437683523,0.041108628525302775,0.003485005658999074,0.009976949457106019,0.0048029169202422435
1678,0.03051643512638332,0.0053731681866187,0.004769813329589376,0.007099270248752853,0.006439563892703666,0.0033265200971731076
1679,0.06376252859593749,0.01552183746343918,0.026242590744528768,0.006982881521056854,0.002403362669916463,0.0014705298225659957
1680,0.009736167678456373,0.005826480285899693,0.07638625985180333,0.003173443683099119,0.005981719327037655,0.0027901702324497906
1681,0.022751206325503183,0.0042870135686321545,0.15006644269884004,0.003857417247100017,0.0037673084921551756,0.008790766771432484
1682,0.003956383340710056,0.00894445478843527,0.598537453114585,0.002198057917205321,0.004423463602711663,0.01296068165028254
1683,0.0039776843814754775,0.008761887254697093,0.2267548046690404,0.006051705389968556,0.017298615604602587,0.005302323653854025
1684,0.006277130206235911,0.0023947225122375113,0.003581844167823907,0.001731754072021035,0.023452593750274548,0.007104369733802405
1685,0.0030599946211726475,0.009453369167834121,0.00944905848660349,0.002775926927209958,0.006599479552738474,0.0036998359930718538
1686,0.005953139395757485,0.01772767362211051,0.0823292486754417,0.008309095688941422,0.013609733325456003,0.006039987394371398
1687,0.010218058391774996,0.012291760429944296,0.005588585959075955,0.023685649316810147,0.003094103010642137,0.0031232483423874265
1688,0.019395411825855902,0.011870898447330202,0.017377239042070895,0.0029699373858408664,0.014968983133808483,0.005699720830189866
1689,0.022805857206839128,0.06188121937989834,0.010624346483309505,0.003527819922565859,0.005424162355850289,0.004565814698662337
1690,0.006704672792725513,0.02021106650558664,0.6171671745062832,0.0036688630009049836,0.006836961352444836,0.0033387924869753565
1691,0.009621135417894229,0.007086393843475931,0.0072315483016836424,0.0031624898284704018,0.0036272308171086047,0.002097112931626259
1692,0.00550963414447061,0.0043141006146237984,0.022256479426390405,0.0020011838832793213,0.006395857190291064,0.0029462657957060392
1693,0.0028616224854964077,0.039584182548813795,0.43698857855057194,0.005347900305691798,0.0051808121073774645,0.0029382775585409036
1694,0.004229455902631571,0.034128158739605875,0.009667160310928,0.007386019841891631,0.004446281778589895,0.0033203647055817347
1695,0.0033070067634694165,0.041534495991669605,0.0035346160378642777,0.0079690399120173,0.01149469664141064,0.0034540250544540583
1696,0.009040820810398625,0.00494224757922949,0.03799294035708184,0.0026305286753527213,0.0037905958655127807,0.003334040048446324
1697,0.011775751796806164,0.016602265991842335,0.38640309259981687,0.009378973512626735,0.003931639564722495,0.002842308679209914
1698,0.010219855704229792,0.003434773824194661,0.005084323340179438,0.00637531733284397,0.006163997335558762,0.0024747566150618264
1699,0.023129274930279713,0.009869235486602686,0.030716061544069626,0.0019397009214344482,0.0038862710069590576,0.002414180573601232
1700,0.006319429483997848,0.00988647944699096,0.008974940821972976,0.0019284945703680553,0.0023623310292263658,0.0020308710505170884
1701,0.011235163464871193,0.5127585792564449,0.010249952205553069,0.014812743330927655,0.0045634223610402985,0.018783843342318158
1702,0.004593475772575048,0.008546014885641521,0.010729840685177112,0.0021350441199507624,0.004269055893399466,0.009075883189657236
1703,0.009029716564998897,0.0072361592144088785,0.036451181392317886,0.0031043262460718583,0.03376295807787132,0.002662873372233077
1704,0.022638409198398803,0.003035301880003622,0.5144596101393877,0.002699247970154223,0.015566396879410197,0.008228904095979938
1705,0.0027042691245880253,0.0033851736528419767,0.02888497030409138,0.003941595038285038,0.008945116548414102,0.003984413136982014
1706,0.005854818531565396,0.037644169796451014,0.003374435908288632,0.012917170949630673,0.0049939442437797,0.002270478238189091
1707,0.0034926571267400596,0.009926094325258348,0.4311068215825817,0.0026429501507587625,0.00868657187203996,0.004118565244170628
1708,0.04260439392252873,0.2273911550872096,0.48913773609445926,0.0016741546943864027,0.0037985612994830367,0.0026526888300163858
1709,0.005119340832824413,0.01684317173328081,0.05277648738246912,0.004782507032837167,0.009650252075078138,0.015004801729567639
1710,0.004537230262455737,0.028899250557318477,0.014900355472959106,0.003815011262194639,0.00553238475371421,0.006185851579101247
1711,0.006376996374576779,0.007852862783906222,0.3743595783689978,0.013774675351902679,0.004884456488359286,0.0034926725108094196
1712,0.014041300935694667,0.3870535585479113,0.41460532263591615,0.011152866273548567,0.21728394377482946,0.00359338235901122
1713,0.03163006979299567,0.14112672689017064,0.008165036868422086,0.029856701801633388,0.0031296693765438827,0.011797120929710418
1714,0.005521733568388953,0.004330046673508225,0.004070941069879546,0.002913714557279235,0.003976930826841197,0.0064156544118758214
1715,0.0033481211583405454,0.0032673204948516425,0.00264505897305529,0.0034721788657450315,0.00759507574968171,0.007120893255309115
1716,0.002124381315225797,0.00836485883705682,0.46855083581804013,0.008251835004649275,0.0025246703627967025,0.0037236164716518017
1717,0.005256201553356711,0.006603548179895628,0.002997687073552543,0.003864631217442339,0.0032039046632169926,0.001857690257338102
1718,0.003605801639171097,0.012471112867719363,0.004354052287221425,0.003253965122316788,0.014821925883564914,0.0027303638126547902
1719,0.007872376335249101,0.05264190870273353,0.013830723403532034,0.031433032678709845,0.003586408198030197,0.014739139377606765
1720,0.0033906299845336578,0.04674067741353596,0.03055158101873022,0.008424010836591814,0.0025087701268657167,0.002362638651406126
1721,0.005196133341705132,0.008577557830356686,0.37267745484981957,0.008379393004702945,0.008303531158741734,0.00347999175200949
1722,0.004734713937037127,0.017356608646530096,0.007814830453186167,0.0029496247897998476,0.004719018633903214,0.0019200468735148383
1723,0.05866140465290629,0.0036161125555879527,0.5513813354406527,0.002590219947039363,0.006164487819954164,0.0033572424412167366
1724,0.007733669385170691,0.01823490361490651,0.026376425887395423,0.002345908689968788,0.005489613175255687,0.004758350392629112
1725,0.021677061229204837,0.010665388248884595,0.49389207821752756,0.02623281386251579,0.0015125939729350025,0.0041871391208288455
1726,0.0037276360511053325,0.034075110157748126,0.033026613028702,0.027948502643322923,0.004289881013171699,0.002938312612510882
1727,0.0064599087681204365,0.00754012790258791,0.511456810187814,0.056470359615785656,0.0026540764633474763,0.002501741298733757
1728,0.006640593857594903,0.2691396096802234,0.3948385629185436,0.027590570681090668,0.03196947728217911,0.003178601921370779
1729,0.004773253537901691,0.0075346584604897016,0.03227287070326329,0.0023678190672012005,0.0031827110068742563,0.004237521928411671
1730,0.007246132732285137,0.0031729807905618817,0.13934321437467503,0.02592418822495288,0.0030459089139094806,0.002465659389351147
1731,0.0021192528561540273,0.011817779168590555,0.00457230919290263,0.002519326675288147,0.005112493870517904,0.0037129642659259427
1732,0.002166986159707093,0.26801091458952325,0.4699385836057059,0.0035212538128148933,0.005428159616510505,0.00878923710146462
1733,0.008548786606345104,0.01285083737933338,0.014892380536015765,0.0034239694131182386,0.038234112329429755,0.0027405885840112065
1734,0.005373821720585479,0.002605343894155226,0.0205537662705644,0.004300901652802767,0.004124247109328712,0.00263394126014361
1735,0.009941884505788602,0.03634610310822693,0.0028632836558931778,0.0038292025087170033,0.003326876503984341,0.0019569300893166747
1736,0.0033090303435708494,0.013251730689574609,0.45580809441559045,0.01070532048834428,0.003455820384693869,0.002666115794996994
1737,0.017696791220224436,0.005850285086375741,0.4668266318912294,0.009791176076687832,0.012307259444176894,0.004757353789570262
1738,0.006322173196026815,0.04056632415765629,0.5846248581429524,0.012562459729488723,0.007225598823223231,0.0020238496393803524
1739,0.01946721936950074,0.345225072143597,0.018504834863463267,0.014600521918786585,0.0029947578006236917,0.0021166568987314957
1740,0.004318532806651862,0.009586345990238863,0.008466722675932195,0.0017232671680141153,0.00697514177203933,0.0033642675966914903
1741,0.01961895518486005,0.007932164737976007,0.0098251302970196,0.0037284752709452265,0.005423220265543444,0.0038103264334110208
1742,0.016864854891559034,0.005459872389490228,0.007539557694827993,0.008056144119968363,0.002304556159248673,0.007583605279847508
1743,0.032451070772064106,0.02029752876090758,0.4030544250342751,0.0038516626609075484,0.004627708997139224,0.009976858545347116
1744,0.01930325925771987,0.007375815319598323,0.005540331484731806,0.004658783822402288,0.00500991904956937,0.0018551438240560555
1745,0.0031012148572701756,0.004836986567616733,0.00765593529302139,0.0032300914088987985,0.005189035036026119,0.002063274664920368
1746,0.02492524203397477,0.0036343784273225404,0.23811432164238955,0.002769321417704122,0.0060921231078628,0.0034011854488745696
1747,0.03450808891438216,0.004311460007344596,0.006649533326545188,0.011711010405071876,0.005505045930129185,0.0019401619851051558
1748,0.007197920234268621,0.009681842781412212,0.42700555952892416,0.0021956906946951956,0.008386543153273524,0.002673862401340956
1749,0.004039623785232245,0.006530213081913152,0.028659206775907366,0.008894607483926717,0.008122071081217538,0.004412649926105623
1750,0.0063573901446389355,0.5008116965187999,0.02260986075259996,0.0017759284092904966,0.010720468319512975,0.0073056885731910375
1751,0.005317600815483765,0.004910937196103043,0.4459420650426075,0.008944363866886013,0.002335875314249876,0.0030482750898644063
1752,0.03020953718685843,0.21344729922097605,0.03591065577280263,0.004188233701472073,0.0028911366945877036,0.004701079118733778
1753,0.01969918551410795,0.010359943230370707,0.1692875230942743,0.002988146121048769,0.0032730367697764236,0.004245992921743829
1754,0.0050631551649241045,0.003181929920730563,0.038302201338387076,0.007472144398498918,0.00985847211043641,0.0022742763794603906
1755,0.00318677525973763,0.1966639748220793,0.43596840527658065,0.01366403606686136,0.0025248885263986463,0.001588629384603768
1756,0.0040883655582042945,0.06782903862763343,0.19580054795355828,0.009619402284133001,0.011476027111722915,0.006266835957915798
1757,0.014572004501937243,0.014991263933616003,0.4947659962001766,0.0021400090210692466,0.014997102492780419,0.0032822612458873308
1758,0.006491890738089118,0.020104670748385088,0.034508794891189756,0.00393522759518203,0.006336190980414026,0.00483500889910627
1759,0.010491500257551696,0.008602157772884244,0.4087003511026992,0.00196612701317316,0.005245361769897391,0.012018122058784386
1760,0.006386382074362099,0.007921810236670986,0.1595239232709582,0.005364195335525001,0.0033388560103384383,0.0026621767498953776
1761,0.0051302988034595065,0.019806761654787567,0.2685920652819449,0.004853605848921605,0.0035265234285741954,0.0018365082993599768
1762,0.01997588116343585,0.00987717212786349,0.4962979824270984,0.025068872605630448,0.008548783878892468,0.0021876635707138653
1763,0.002876872580879493,0.007149939802372904,0.35578233148664384,0.006942262015682604,0.002590006696445854,0.004517384285150413
1764,0.005482159781762221,0.017532929567683972,0.008263411552785772,0.003539316387353847,0.00509442692318913,0.004746375603809946
1765,0.005007004344177375,0.010948523679241954,0.0038234297216741954,0.007491185576830608,0.006782018817776468,0.004155184020027863
1766,0.010688580566521562,0.0050675792073380105,0.3445464970475552,0.0018143131622561752,0.005593356657894113,0.0036831679245219366
1767,0.009402046312409137,0.024804742597838086,0.03702089843187367,0.009554791029139809,0.00670698527246513,0.0028925313850133453
1768,0.0041108920947806864,0.004843178769464792,0.5770065048257045,0.003824986726877981,0.004672999669469043,0.003728230153907763
1769,0.005134475723405096,0.021623883960002047,0.17673493230755363,0.03920961843551336,0.006669629794374637,0.0070643664064210165
1770,0.021763337194581744,0.07185012182567514,0.4242731322095789,0.003063148359299092,0.004399687779447052,0.0026353675718058423
1771,0.005498120028079832,0.007702813492785043,0.010931496829046743,0.008017690181913086,0.005722856797304656,0.008441354782596939
1772,0.005727252280643238,0.013060911104419187,0.4708648580133031,0.002820120319777912,0.004974633823198987,0.004698745940456271
1773,0.0022027932594858063,0.0033357487652762577,0.1272189409707658,0.004825462366755008,0.008916283796822817,0.002455423008309115
1774,0.0029414799418169524,0.015837272050704208,0.29999448043865423,0.00401688321257763,0.002061054312993135,0.002938760612096018
1775,0.0021345224642822153,0.016578901001861254,0.014300277818122886,0.004427813038124382,0.0037875644969957846,0.002058999587164785
1776,0.0031443116311268776,0.0033245997618944053,0.5714883497529424,0.00972026226176992,0.0022806011043357845,0.0017094971705994447
1777,0.01205193210300856,0.017965458260347913,0.4599266561093438,0.010472603088134375,0.003306499744700838,0.0025925240101903604
1778,0.006961832217770576,0.0022155307761357883,0.008860888777597107,0.004044622032403488,0.012183606121582178,0.007031640451251202
1779,0.010590228745770364,0.004922570305630661,0.036330595182770056,0.006785318092308073,0.004772960341525446,0.004298752256292098
1780,0.016140437644334992,0.010134380573559315,0.026294918490979678,0.006364481761892605,0.010338263540548471,0.0045432466991271936
1781,0.002485240253410658,0.003254989654614967,0.004799486817158347,0.015998042147577093,0.0033447028079047706,0.004187173278135954
1782,0.004022837780412078,0.029928468599662875,0.007266781282883935,0.0019714710423354345,0.005099495071384341,0.0030041164806915623
1783,0.004935687056494031,0.02058749116358204,0.011206583920547774,0.0026767736118994676,0.004109405871571191,0.0024456109407457994
1784,0.004000018736364366,0.004781325858231892,0.1629080241426647,0.006686726791276564,0.007151574849624056,0.00346366699313102
1785,0.002773797462171945,0.005977954970410491,0.019252876119302837,0.008068285643821732,0.003489048447089622,0.00236206654508957
1786,0.012473031599593952,0.03615843328737886,0.5611709175540853,0.0029544603327551254,0.00562528368693486,0.003390690591629456
1787,0.0037301567231087162,0.012028479270260415,0.031200718488492162,0.003140636604819301,0.0037446353061682362,0.0031865971820012073
1788,0.0035623462089350126,0.02263245577911657,0.014918244330920823,0.00520960217647596,0.004509002953597271,0.0032421639879118363
1789,0.005194664755781891,0.004338719109510514,0.3086794572960734,0.0031894370685399864,0.00521776289579647,0.006015970144660056
1790,0.005115775078738674,0.01463492179764922,0.3269371364232782,0.009225592361299379,0.0058474994782270395,0.0017697178663895856
1791,0.014793507481405552,0.002525436634514302,0.00288980012277331,0.0022064774116296406,0.03186523191531556,0.008137515887373842
1792,0.023790107158898666,0.033217326222879574,0.040644441411338696,0.00879812637540258,0.007985780506170577,0.005697649986835566
1793,0.03024249955441803,0.039659625435823985,0.49780397397677734,0.00876226513166003,0.007037663689880116,0.003908171530961182
1794,0.006282776198217614,0.0024002734728641828,0.541174750839713,0.0027193284369213095,0.007304636532026342,0.004694525682257305
1795,0.003682297423874411,0.008907046636528833,0.38679704788840463,0.0031669026339088183,0.007163757972193053,0.002178609274364605
1796,0.005432717529513317,0.012589751822658745,0.009282279012102913,0.0026933651486962737,0.006065327743806442,0.0017474763432421346
1797,0.005671253613562695,0.0027382653909620745,0.3260340397149551,0.003242955643648645,0.004592385186455535,0.0034811326600503165
1798,0.00476759712046717,0.005414289564233085,0.4896859106759073,0.0039501147219969555,0.00806597139058864,0.002974315652291306
1799,0.006703677207702678,0.014192039252787355,0.007372763059378502,0.002763767969170761,0.003552349656899857,0.0028101978999668
1800,0.004804470456242903,0.0035206146482305587,0.0032201904474401036,0.01137429345200445,0.008509406671857818,0.00410847723330746
1801,0.02198493612225561,0.007821814141005912,0.03573662980805118,0.0031966683073478726,0.019194211445376197,0.006113044179161683
1802,0.012398078018555758,0.07041594857054165,0.045516950542450946,0.011164065443635511,0.0051092407000502766,0.0022385810683099123
1803,0.04071858095583206,0.01187710696141545,0.010834167781436978,0.004222543229539856,0.01584452916678015,0.0037469857374519445
1804,0.024440279481807912,0.0038933507831760746,0.01039446716098002,0.022817199082448503,0.03322442359292515,0.006007678564833201
1805,0.003934075890242875,0.020792149344671003,0.47741764587601965,0.006262876310973968,0.004126481742703803,0.0019547937273655582
1806,0.007399337047614006,0.005829786174813048,0.005141161296600345,0.018479581951756464,0.007041239897791574,0.005209455026710501
1807,0.008167791935567482,0.009626049137675967,0.004382900839746418,0.0023446267744250465,0.004916450865110468,0.002993162324589402
1808,0.003267254176224529,0.005166862736679526,0.007451274053667325,0.009524198199539289,0.005490111560667503,0.0027502796853427747
1809,0.0035856516968505053,0.0021357388235036952,0.39221002716674563,0.0036422375285392974,0.008308556403454044,0.007430127294956518
1810,0.021083396805352365,0.27718563092174864,0.008906822978815978,0.0051491880330936214,0.0076989449879524855,0.0037809404438576585
1811,0.004399158830028461,0.01266390978723579,0.5249464167080494,0.002506963486940477,0.00631641154311547,0.0034645162843164614
1812,0.00573916470696132,0.009194134488966237,0.00809821891273544,0.0032899762342401212,0.004658367234857995,0.00394203540329876
1813,0.008293369542953616,0.020174360195688974,0.023313265048564766,0.002185894267254458,0.00344636381083502,0.008605479969840804
1814,0.009325504260147815,0.0041343758992405735,0.45708114537662153,0.011053348175064084,0.008523622433255154,0.006630331731993485
1815,0.0036689667534299535,0.003455274064278516,0.36266146252453757,0.0030056922185327916,0.005660366901574984,0.006451912259124286
1816,0.008276287367602535,0.003057706890387763,0.5769031168662084,0.0018417849047728545,0.00674083930840873,0.004974663289966019
1817,0.0053536302473889555,0.0037108276511359983,0.04029744275250685,0.005192046147668275,0.0046563030111826074,0.009066848997629476
1818,0.0031707328310727916,0.0036614826104473695,0.19655935096672905,0.004964920091674762,0.0038989374524855142,0.0025420847413511723
1819,0.0022569060246410756,0.00720235375208849,0.37964087714822636,0.0038139384177045543,0.0025382701365831662,0.0022127244603201294
1820,0.006720535818958026,0.0066542325141257415,0.45874704515976694,0.006530672716204307,0.0054864502479065255,0.004962354731637456
1821,0.010213891372238115,0.0312835760434191,0.3455770996665114,0.0028797238196056683,0.030292223459259422,0.004016254831357205
1822,0.004533559672478032,0.38641200565803574,0.012661398830874358,0.007084991421598504,0.007945462738144851,0.003339825537703903
1823,0.003155296500304185,0.019206741187755352,0.20174243388841817,0.010475642073403551,0.008535402938009312,0.002140072919962508
1824,0.006223912299549304,0.014515956253262118,0.4337786447973892,0.009407863167463509,0.026239005472035615,0.007728885404757425
1825,0.005634043865599433,0.014439857394187766,0.016157959263666085,0.02076053719771495,0.007438525158055474,0.001968041486166675
1826,0.0071396832629999135,0.011165231234428414,0.46171081707193545,0.006180693072889697,0.007897152912388796,0.0036918360043363316
1827,0.0050804309903873055,0.006278564279051268,0.006119798722677883,0.0031387514518727553,0.0034890053329282395,0.0024201085413447718
1828,0.0024407862921734785,0.00535319447545691,0.02371107013555951,0.050240079856849126,0.012010213632969821,0.003918668522711265
1829,0.013634383872056373,0.05825072702133026,0.389275437758149,0.008550848801226602,0.00644510895147502,0.00608677498757949
1830,0.004040010095545226,0.013724733736075485,0.014312232549375033,0.0063666184502895375,0.002144563425346738,0.0021843935955099133
1831,0.0059630108761069365,0.012434865369694067,0.0229423170596731,0.002940294351382167,0.0047739874023149135,0.0034279516782198473
1832,0.004288507332688327,0.01011114918836765,0.0038075513232494907,0.007217888634527862,0.006282772574666618,0.0052745169727961795
1833,0.011980610128701509,0.00357379557475794,0.024435823479394467,0.017184023764642103,0.005415143004902834,0.004136793224262811
1834,0.01046191306158147,0.009043497173998064,0.03862001404543458,0.007520646539204763,0.0037298773719213344,0.002680954161147495
1835,0.003650042818775033,0.003871989913453785,0.04039331676961623,0.003704181226903082,0.013275855255887448,0.0025626631735408095
1836,0.0067675449668820765,0.0052529862614509246,0.005307065635653071,0.005811671436087437,0.003922487290669849,0.00178019284393841
1837,0.002994809604584748,0.15709121174017426,0.030373813813506626,0.006407159120552262,0.00571005026782987,0.005793982237941609
1838,0.0028082655035073685,0.005376604097645008,0.0055249809317342935,0.0025137119180095786,0.00573422881062481,0.0031483855068717894
1839,0.02533906038379814,0.006620429595123184,0.004064600617713882,0.003065156035153115,0.4485717292003538,0.0032082741452977405
1840,0.010169184515928886,0.014106498070980888,0.005962803497017591,0.0021240351570066943,0.012839865361068592,0.0047389192916152505
1841,0.011164888327325826,0.0038465112787346256,0.03447592947306282,0.0030759068172044285,0.012068182967026844,0.004842659193222623
1842,0.015177275664175035,0.012451688731987686,0.03265536517129563,0.03065933710642305,0.012929979315800368,0.014676826838482685
1843,0.027656820840831393,0.02108982029822425,0.6199644272798845,0.004407860603860587,0.0021500848322098505,0.0019089739789800038
1844,0.013287482875719533,0.006107926151197048,0.01719512179184882,0.002318553557802291,0.027295157529041655,0.0040364438058883775
1845,0.009058672067360485,0.003647375495679427,0.00495231959010448,0.009774499864530595,0.006599437251248382,0.0026118385259116103
1846,0.006319714458137953,0.003910243654233869,0.008999285408617278,0.01623668556644874,0.07927588061765369,0.003271405706190593
1847,0.0029352807564698947,0.013033763309143246,0.308616872065025,0.00237774661919925,0.002321069856539942,0.0022401131690150495
1848,0.02153833607584827,0.01336369158507684,0.3749415036439006,0.009839986377828422,0.006729950327377205,0.0020153708240324268
1849,0.014720913191801568,0.04779552815979152,0.5732867848129286,0.0035318050863438156,0.0024810962553221396,0.0028002165012128064
1850,0.0024135764684172,0.008686412508421764,0.010802300390348036,0.0027185079188978872,0.0034623254069978435,0.010043752170129207
1851,0.013863749854918889,0.06957276765752311,0.036701669159880254,0.008244476388504769,0.0030738329676929343,0.0018997395162518047
1852,0.011540813732977497,0.003107825989020571,0.006880842841255268,0.01736506718824333,0.002686242173428499,0.0020282965098131697
1853,0.016532307573793578,0.006487087916213561,0.44868507152774995,0.0026947043694281235,0.009965072898937246,0.006118911393650933
1854,0.004072129799183489,0.008594660842155358,0.013928871213026568,0.032235464289858504,0.002591482901086425,0.0017152495877582944
1855,0.004342984901282462,0.004140861402034801,0.007845102576858776,0.002568360762789653,0.003916112114262158,0.006851596258056432
1856,0.025027036453568,0.005122691831384829,0.3197993519532682,0.0072131392934107145,0.009913818229963723,0.003919186488200014
1857,0.003051281190027121,0.0034161320950131056,0.028898300138354666,0.004298996110054863,0.003783519411737138,0.0033722189191043458
1858,0.004930851136570148,0.005425904108199102,0.28123128966727234,0.00235185571276385,0.006745499669166505,0.012504183762056956
1859,0.010355900757174767,0.003239319924413733,0.02638414513389254,0.0033657153690866723,0.004060053421746507,0.0034007400073426306
1860,0.00357995269938382,0.010566563290681785,0.00813464024372338,0.009155897522390913,0.007228795871588571,0.0025401897239294207
1861,0.00594194226981971,0.010797792362323831,0.002946629242316063,0.01802582604067029,0.0032748737720108938,0.006426307570109085
1862,0.005607910950146691,0.4483814262158367,0.04231051468337347,0.013387058868617761,0.009814462987502624,0.006002036182690887
1863,0.011990397409943978,0.42325715478339526,0.04678438687651226,0.034872779419851015,0.00473661835780697,0.0034412058228317274
1864,0.005574422903743394,0.011442437541784761,0.015421716698265926,0.00506718028077902,0.005255470557500443,0.001843045210243274
1865,0.0023767970832565097,0.008493498619504495,0.4125220100089882,0.0031960066678512478,0.011788674440649575,0.0040697138461804755
1866,0.00487749814822223,0.005464474756547103,0.0091179921864022,0.00705217753687735,0.0037281925569343597,0.0035550030745441397
1867,0.009663091562490162,0.0805863376971236,0.46810434262922845,0.006875771141758136,0.0019701880777351706,0.0015144244468858145
1868,0.002500959953257644,0.0066709347436701965,0.04231560034248296,0.0024630614049524677,0.016171148300126538,0.005721221178267956
1869,0.004697168436179613,0.010431689411387021,0.3617894884982567,0.02371374481746831,0.0030232792697908106,0.005721228976373974
1870,0.0018620552464185347,0.02143741274340291,0.020943392264697155,0.005886959745352296,0.0017116142035237608,0.003344130290148894
1871,0.009627737654034532,0.010470740476893958,0.03470321472237118,0.007736286504670498,0.003864448254136069,0.0034293729071357
1872,0.0037022269513707507,0.009611669374872926,0.014432786924583505,0.0036541067207500506,0.010532676390219917,0.0023774477074380972
1873,0.00719835407314199,0.4066568935581181,0.019654692410191583,0.006499276542676674,0.010251276833052405,0.004228801202587907
1874,0.0027207316577768513,0.010512072007623382,0.004366547573587853,0.006530916780519393,0.0035277820023845757,0.0018224137683742786
1875,0.006336206281765643,0.0024879966654836054,0.009334012700058701,0.0018055202607679692,0.0030627867009895924,0.005978660302617194
1876,0.0016095731681361038,0.005882003483870345,0.011716689556574443,0.0027858206485979033,0.014458987887298873,0.006372857075970226
1877,0.006212127363139293,0.006710979841926838,0.007822169052459332,0.006039712397183806,0.002718480981484976,0.006059182176240198
1878,0.0028365449261458548,0.004886297207884063,0.005677051150452405,0.0029756627310637248,0.00725428640362992,0.002402851232039401
1879,0.006756594356072262,0.003601113454854134,0.2462561197134619,0.001604961649947943,0.02004209595324614,0.0022033431765999404
1880,0.003973590138173557,0.007102228608977087,0.016920291002466187,0.010045284122829642,0.0022130685682332737,0.0044133237731785015
1881,0.02139218486101864,0.010638301618311242,0.007551494751763402,0.002742643154236242,0.0032562366858534496,0.003561004393411589
1882,0.0034607598506654585,0.14918418320626822,0.537831820149544,0.0017733725045139094,0.010480567654329897,0.0072268018130740045
1883,0.004142249436563475,0.005961675672467193,0.4684246125545857,0.0033920475860982004,0.006221458978683319,0.008292316438681228
1884,0.010496570607405558,0.020339276311624,0.014744364152019724,0.012620426585922728,0.003712127683716188,0.002187959556424212
1885,0.009075962516787123,0.006075566039243629,0.01745298909813576,0.004825585281188287,0.00959867574488235,0.0037238957991507517
1886,0.03554925673929867,0.008527113350389666,0.24014974567392008,0.0021657565131655665,0.004491806775388841,0.006121437508007162
1887,0.003824464061964958,0.010950857419194328,0.015994419423114224,0.01090702805754002,0.0076539398521428305,0.002663420737747455
1888,0.00585725235941945,0.017036051603630885,0.020182622463974977,0.033502784056271204,0.012943078512355303,0.009790297180796364
1889,0.01944593474069509,0.007204078488937372,0.03309689272107306,0.002786478817137443,0.0034702277453686993,0.009070022057494206
1890,0.0059484650069969005,0.009780515051349394,0.016448196032730154,0.02143791269432347,0.0037150478909314627,0.0028832688837931598
1891,0.003803726594348257,0.05070944795493365,0.0109724307269241,0.003799862699847272,0.028500912221139492,0.00518259299948144
1892,0.007516907334866254,0.06695000819461668,0.46291330185180635,0.003105959332116036,0.0038239653259761245,0.0021291509123815586
1893,0.0069309794731662044,0.0249255069719623,0.016458022538466406,0.003359540025031788,0.007275928886371766,0.0028510971457290034
1894,0.0212361775257494,0.007430980435793167,0.5520105358286441,0.06753062485912131,0.0018553453621298478,0.0014651056162409504
1895,0.02315499835333695,0.06652219293545501,0.012957970996032088,0.0078124323993747306,0.007891960831666267,0.004325338777189444
1896,0.00392564731421048,0.024065818190762308,0.022980334299571362,0.0031462693493896866,0.0055578396685382865,0.0027048468823580606
1897,0.0034723735441326243,0.004587977186769047,0.5803122149426818,0.008485765005368413,0.002650343999613095,0.0038980409820157966
1898,0.007124612058352971,0.004218166634446084,0.3776597294839658,0.006907393854888451,0.005496968220991331,0.005096673499364562
1899,0.005014187244755577,0.00792951839496851,0.2962170779184991,0.0036532299910638304,0.0040205611449512894,0.00710381250023072
1900,0.003764666623055339,0.007189976886943921,0.008696114882208733,0.005803736122762224,0.0036343378975613023,0.0017984768942391227
1901,0.018661667763756367,0.021534003632022042,0.012287961481083898,0.0028171666290090517,0.004037561031313858,0.005718887329285
1902,0.013494593308636931,0.015304401870427826,0.05361102999874629,0.003502868846697891,0.014118692323491,0.022476087322847595
1903,0.12034030458421309,0.00486719824165004,0.008289449883902527,0.003692188330513868,0.017580355865221005,0.002755908349582003
1904,0.003124580702690452,0.004635219669829645,0.01587811477546399,0.008971616450205461,0.0035664630187187637,0.0023259296822906264
1905,0.006367720879617373,0.0035204228496648667,0.015602447569566122,0.012837640622282901,0.009797075160238873,0.002146085471273325
1906,0.018223611500931824,0.0162169068739606,0.060477095993106404,0.010511108903169324,0.007692692433761561,0.008130832346996804
1907,0.0175872798797283,0.009419265627024366,0.04723428273262907,0.0034474705792386534,0.008463150615303058,0.00321827790579898
1908,0.005913813911035911,0.003213868779154434,0.02541611431626471,0.005660772284598293,0.010027826393407088,0.006754148244252494
1909,0.0029919960058350423,0.004998248417999227,0.030658566532928543,0.0028455038027138573,0.004048504755400608,0.004062712119279536
1910,0.023477392354910944,0.015961688364659006,0.04040810681249791,0.018265176516510176,0.006218711960557907,0.0031544518774538678
1911,0.006398867537878695,0.012467474969965732,0.010880930010509045,0.0021643980512294748,0.00731386581216682,0.004843986757325565
1912,0.003106217261105313,0.004436992930217789,0.019198564958035774,0.002531828247023022,0.00393031018319369,0.0026464545720488643
1913,0.004549973086576606,0.0028314183814388697,0.009245187639530692,0.006046411916276864,0.054192832412850674,0.004535773328001121
1914,0.003340532642378948,0.05369300337831853,0.14080909684212112,0.030092302815442326,0.0033349799513174776,0.0032390988325637043
1915,0.0041597477813047025,0.008974069815339488,0.004990384193892444,0.0021918349408910818,0.005160884997074842,0.008968693748236781
1916,0.026847805992519277,0.03378426113797823,0.004250696095877616,0.0040556507052753685,0.01563634104717924,0.003127719048322202
1917,0.007894743017153998,0.008602119125913438,0.030161565418636255,0.005954759363267449,0.0036479031389060907,0.007854252265225528
1918,0.004461056426431851,0.011299857529400669,0.023988228487096835,0.0034246556762372268,0.003912653564813278,0.0026899040714608983
1919,0.016702835533952146,0.00793977840273379,0.4036852394253673,0.008268678504761514,0.014314195125498341,0.016292808895049114
1920,0.040580105369722154,0.007069657571836542,0.6100614923702586,0.0024194081947326576,0.0021789557196918614,0.003408537489319483
1921,0.0025408457068089086,0.014942297691421655,0.28343525440195483,0.004436643116923916,0.004658161606839908,0.00281484932760753
1922,0.01619506847966047,0.003957099091347893,0.007615384568177743,0.004508886478124292,0.0024916133755850485,0.003294378290500328
1923,0.00519212284106798,0.010610883251020905,0.008885927212928713,0.003950772796636935,0.007236359158660152,0.0024140065067063165
1924,0.012233472311017155,0.0057504171400782345,0.0694894742033365,0.002794918537297513,0.006839718643598486,0.011200443093704498
1925,0.0032264082521961603,0.0032080861654392354,0.509135685049694,0.0038081735904881148,0.007704713072934051,0.0024365376028660604
1926,0.0045813054836751285,0.013883871093300781,0.016221735957402467,0.004905926991894812,0.003093284844638137,0.004177522171783566
1927,0.008154781411140274,0.3916061069177004,0.010047327880810062,0.004847654530724743,0.0038481960671487596,0.001786246321872115
1928,0.00985978558605196,0.004747871302542839,0.022105760664156707,0.004250941757521116,0.010890775328970365,0.0025903250200954575
1929,0.011915444052618414,0.016010790511382305,0.01450809280822541,0.0026982686810111635,0.0043186939655561266,0.003244262895679014
1930,0.003454238544026036,0.005910111526146483,0.07180149622446083,0.006767715471498458,0.02954620037142983,0.003220061004428058
1931,0.007729878985879795,0.0030158168685537625,0.48968270936786573,0.006206193818478705,0.0026115763320250125,0.0026699332590715413
1932,0.0023427313329405642,0.019713740437141053,0.022386614864377,0.017499505551533245,0.003544703009674919,0.004696705187158493
1933,0.006334977709518279,0.00555306344110145,0.014430171503118672,0.006209228267144331,0.0022733108313290878,0.002189497692641848
1934,0.005045250746907916,0.0042500304275109955,0.3538190295584297,0.0027067490969117603,0.005419019346224364,0.0025385399806180345
1935,0.012472172719881939,0.013181836275896959,0.11477686226405096,0.013658641191509899,0.009216735631415134,0.0038123333098772725
1936,0.004792891645606003,0.006034537328380078,0.009971631782960146,0.0034744333775705936,0.0035779890584447522,0.0025957822610264106
1937,0.01057622843922001,0.004724147994817021,0.012684076352669944,0.0029130084421945274,0.005625932856312449,0.004931439526792291
1938,0.007502724958912383,0.005507252760936528,0.032289180944123336,0.0025282077097430115,0.005776378123323983,0.002612169638471253
1939,0.0816520850259216,0.00710152244116905,0.007382699354018626,0.005041092560603003,0.00723140583537833,0.003950313914429522
1940,0.010780852520542042,0.0034474807102027934,0.004903671422998789,0.0042661074710526594,0.006743201839833381,0.0025838230368399745
1941,0.015831455654236992,0.39216330514028785,0.3139318939330849,0.009604039800972238,0.004338863207197156,0.002507466464407822
1942,0.004658092246404765,0.01108304326970285,0.012754989415023099,0.008343331710373764,0.0025506391784800814,0.0015831045981009706
1943,0.0038289833703435898,0.0061325842659537815,0.0221614573069693,0.00616396784257107,0.0033391384249651904,0.03919240777710891
1944,0.0069721218919784654,0.012175248147385518,0.08567225906732143,0.007218154377464564,0.005312154420695849,0.003700257524489977
1945,0.01286592517085456,0.007436587949375826,0.33490035102546106,0.0025433257705659196,0.011353424932664597,0.006114947143397283
1946,0.011485139053640035,0.008675493697519123,0.02262695660243486,0.005467415273712289,0.008944586505844504,0.007322601374526263
1947,0.023376782925202025,0.026002148006085805,0.6338070126692287,0.0027008619445775496,0.003798054318087816,0.009673419477929716
1948,0.005365430007703396,0.003084306313647208,0.45258188670664234,0.0027303811394174538,0.004292564460880652,0.002502422355274893
1949,0.004304564850736041,0.00947169245969115,0.43822572111708763,0.003082689742400977,0.0059772635175750445,0.00276106741320716
1950,0.004257278954432271,0.00839222950625327,0.0035448921085584175,0.008941684683180795,0.005665736300840941,0.0034842430619551495
1951,0.009281206627061693,0.010951309147453103,0.023714013509688447,0.010361107940660913,0.010839630367025533,0.00206755133579944
1952,0.004459180441113035,0.010611240855858543,0.08023055742204796,0.004692496593994629,0.004506396061617595,0.0017329697291976558
1953,0.006172785329341054,0.010717186394758032,0.008590427422507842,0.0028867408126953455,0.0035725284970179578,0.0037905607926102362
1954,0.004129818338862033,0.00676167082413164,0.04599806008739282,0.005906149660345544,0.005027185813724776,0.002393802740918416
1955,0.006895545917831008,0.008743076044138813,0.004141787788842851,0.014682357591554531,0.012648214486579882,0.0032085079401992615
1956,0.011769955218789053,0.5392630967818077,0.3491362541010043,0.01030801050619675,0.011087122221513169,0.019576134153999072
1957,0.012684216531262718,0.00573466214983873,0.030382576611890356,0.0038579235094162202,0.006656499952550828,0.004612136230138869
1958,0.002104707883481205,0.004583419703677412,0.004591557492946003,0.008701335241412941,0.006512537868646299,0.0030537472740142266
1959,0.00794579317740687,0.010881242059564073,0.15838637473493858,0.0025279569053559456,0.0064697657531261376,0.0030412536464712223
1960,0.009410508889800214,0.012150650487603245,0.0561923314229795,0.0060591911690464515,0.022442392487846623,0.012349010893843198
1961,0.022309467171446138,0.0029115167428537397,0.004017091328924527,0.010332141526407173,0.0037411801471968625,0.004270387671082992
1962,0.019626803886077376,0.01505893285918928,0.038977120935426865,0.002205909431723506,0.012489225015410757,0.0018488953087031676
1963,0.015320235032389447,0.006566287945033211,0.5338532094707522,0.0070401027619087075,0.002314513907747024,0.007884266604608527
1964,0.00363268346484301,0.02388581966277436,0.32990544457570053,0.003581980533117376,0.3431225734178725,0.013590522406490895
1965,0.007061764314652091,0.014245731557402342,0.5030406915488563,0.004295520855168165,0.010027349934456893,0.007490432330504142
1966,0.04107378528841885,0.03187865826132726,0.04058030242276408,0.0021419587230472846,0.005994331451220476,0.0040148956564850504
1967,0.00311197180396074,0.06230971544618068,0.004590396957776985,0.0029981626611438744,0.004663780728315494,0.008915636166520345
1968,0.032506260506991756,0.006659619863543814,0.010579692877024807,0.0020066805325803807,0.0028266776464380573,0.0030404847457547735
1969,0.014988499703744178,0.009692155932505995,0.5003635671646744,0.0047979319249054865,0.0027107413805072754,0.0015998232932315744
1970,0.02040696001250224,0.05830735061966441,0.06953512931127089,0.002931479448558375,0.009711672660921359,0.003704821575516126
1971,0.005638950053798774,0.031006062520345375,0.10878339090914864,0.0028179196291604597,0.0028287622684002177,0.003919784881237481
1972,0.004221470587598102,0.004017665940033769,0.0061410646946410226,0.00844558819518042,0.002383606274462063,0.0034039657768031063
1973,0.016551836102117724,0.17165041867231856,0.3994342908301227,0.007388597818463735,0.014102983759799478,0.004429539888169928
1974,0.005132185235934031,0.0029702980874818856,0.0048471575984336875,0.003847500600952442,0.003579471733486817,0.00317258169607194
1975,0.0030134403105833217,0.014811310670549034,0.022098162870648565,0.004125049612073321,0.02819168764683993,0.003596302562775338
1976,0.011027012631369041,0.02685452352127999,0.6566369651260302,0.0043977766155263755,0.002755612024773409,0.001827354033918796
1977,0.0027475934531421423,0.5646425853556826,0.33154890095227696,0.009676015318758314,0.003913907202407515,0.0038161907369472434
1978,0.05185073505936808,0.002940339982547882,0.037260923929680646,0.0029648312419871376,0.004021690317581018,0.002852507779077828
1979,0.013654069648322036,0.06081597968766272,0.0044053650065822335,0.008757413471442252,0.003667760364564435,0.0033967192574356877
1980,0.025663281106470023,0.01457037262122896,0.3062795552314574,0.004372066493352581,0.0023299021343062714,0.007448854012084766
1981,0.003502190418942239,0.002780028527661186,0.007700761927198857,0.0033393035193039614,0.011506631050183362,0.006928724204748919
1982,0.009366929922307516,0.004573960448540268,0.015226871598555406,0.005348026915396025,0.006251133282535961,0.0027908577151891404
1983,0.016612971198833676,0.00532602505861826,0.04272683701169286,0.008496835125799579,0.03274802535661979,0.0057892913134978624
1984,0.004913338368326377,0.0053720801405955304,0.01647050700629801,0.03808015830656316,0.006007827861243674,0.029876024125346515
1985,0.02649570277181705,0.004161942075461486,0.4277762275902449,0.006694999076347818,0.01568633244432682,0.00984384998055878
1986,0.006897965068105824,0.02295883235565268,0.010623295953154787,0.0038758533470663625,0.011890317789338814,0.020257481548337987
1987,0.023283847289763498,0.014607283376730949,0.011405206817715122,0.002651062303806569,0.02639867178577121,0.007095708493557785
1988,0.026313760621777243,0.0022069812820637953,0.5332846224997021,0.014746517708928026,0.0023737941276279362,0.005353560518032951
1989,0.006975209720590252,0.004930681806756798,0.4298614674369152,0.0027858949740097315,0.008618566889657795,0.002765306341108177
1990,0.002905544939393992,0.0030709827010090454,0.37345590539266765,0.015303109029029118,0.0036639153041333234,0.004142350734094963
1991,0.002068792477833524,0.007646084750342056,0.4344346684800925,0.013339922874618779,0.0023551435485008564,0.0028183328828481984
1992,0.010758220575435797,0.006193575233074956,0.6172166542163932,0.011733190861080177,0.00782894210155135,0.010644406151174195
1993,0.0042266372284810415,0.025375207570225478,0.009372944710351824,0.006236901393130936,0.005432135593793049,0.003489325060017125
1994,0.0024695910564166684,0.04192425124082061,0.04116811409153897,0.016432689875122745,0.007173879218607829,0.00498352671067762
1995,0.030354705263285008,0.009615186030243828,0.0038004855177338303,0.011130088890370815,0.006383186734327009,0.002970973176681973
1996,0.005327135963717478,0.006670262505732719,0.4446319516575343,0.0057197207921254175,0.009756833003388105,0.003122727550010333
1997,0.00310093502318348,0.007844921318601095,0.0416021362607178,0.0030112048407416533,0.0037063088015754724,0.0019259648320874082
1998,0.007435050223044963,0.01857392826911044,0.4892721034310591,0.005389611175540644,0.0015782442843106793,0.0023404185636051855
1999,0.0028991805911481477,0.03843458963240386,0.0040930340529313535,0.002778390400953997,0.00776207403110163,0.00466573869198033
2000,0.013855612542473307,0.006425049916065197,0.052560408203610166,0.003877523810263752,0.01289260819836623,0.0033719578616880908
