Run,APR1400,EPR1750,AP1000,BWRX300,RollsRoyceSMR,NuScaleVOYGR6
1,0.08313701692979251,0.12146163551670038,0.12491652613439468,0.02077213904228114,0.1236338926498936,0.06512122530533479
2,0.10772732759817327,0.1353968785062639,0.13747861821267024,0.039072177869090806,0.06579058265415849,0.18919420569278783
3,0.17642026687965823,0.17275947446145046,0.09938519512333982,0.06174597692431276,0.05904055475851058,0.09491587499171739
4,0.1483191262197407,0.24920231399777082,0.23158718722195087,0.07358138031998004,0.11641485488202746,0.038377892298521746
5,0.1656096117592001,0.1612583316554381,0.3444285675913228,0.10655218050298967,0.06935500471348757,0.1303375178830796
6,0.11714956416690907,0.3830187447456788,0.2138028126571874,0.037311977567908175,0.029045707115558175,0.01637426484607717
7,0.3857447421133321,0.2780638555405602,0.49278869533245295,0.043704326544189306,0.05872544330099062,0.19009467475399863
8,0.04026185247723693,0.43281393960981146,0.4940614804048219,0.1483903039873857,0.08337820074831712,0.13210742447256035
9,0.07781671760294082,0.35376241119257945,0.2636430752556497,0.2146946698030196,0.1184843133928811,0.04422548971302177
10,0.25574351110346416,0.522374478716979,0.6258365029570939,0.0591495283913585,0.2880028960710604,0.24388409391512275
11,0.10692200982397922,0.4081770060821955,0.37590349185451355,0.07494899173997015,0.1435004942715585,0.027462996989901848
12,0.17440615280205324,0.3838330717064985,0.2756942090468416,0.19943772581145316,0.10425490056401825,0.049304510371806956
13,0.09629049537702576,0.2937542573303087,0.1501387549961648,0.1855776865040711,0.1331465890624327,0.019905683484759643
14,0.26801522275228634,0.5253536868645531,0.42127668713665634,0.017462129767059936,0.08898811119116128,0.11812573736359668
15,0.24892986858846292,0.5505197915931762,0.1396715618899719,0.07382324176955046,0.18071309683130965,0.151543870099178
16,0.08025862491710124,0.388967553333297,0.3720536562500327,0.044515837769657896,0.09103695872287654,0.0268098058163431
17,0.09718193695196248,0.09258408097978661,0.4178297299506629,0.1025785111902547,0.24956477107526107,0.0661120619710314
18,0.18715219392139074,0.13728452648916048,0.45622643245321465,0.0606126805214717,0.3873838169813823,0.024264576549941613
19,0.15587209302529068,0.6744949722924265,0.32861129806285627,0.04819108702864536,0.08266686084330173,0.04068659079299922
20,0.07105913144656677,0.09423430580603323,0.3120609932976709,0.06807762377543548,0.1029845595107779,0.03953580454647845
21,0.03897936561261493,0.5582720982727715,0.37419157273539533,0.08284443286098375,0.10490136247873157,0.08711102459569663
22,0.14789354977607813,0.67457620164487,0.38164042707005125,0.03705669816412137,0.04128787827412695,0.04262238986879988
23,0.1533812850818434,0.47227681460140974,0.6001785535020416,0.0627719470043135,0.2158154820117626,0.013105290987744916
24,0.12829203061941902,0.5339965876451872,0.398628488969667,0.05407531426151022,0.28558690560616284,0.19459722138064575
25,0.03704693458240355,0.5033397670125672,0.293962951061885,0.04527563997768291,0.020856063047028146,0.09808806061703709
26,0.35228546776927394,0.4800592031847676,0.4703480388295559,0.031177681637037335,0.24660834280823282,0.06170412449269192
27,0.18889722840482312,0.7285991749146071,0.5461779744412714,0.046636689193775206,0.05225050542666491,0.025723426560188466
28,0.13747985701178106,0.10483233493985677,0.27702363408759045,0.06252166467541004,0.25797093230658347,0.10939285983519188
29,0.08851327666648041,0.21147260523791317,0.1165605159303423,0.022457823897411806,0.15555690248167817,0.22284308117369706
30,0.35014902828793465,0.2840142246260873,0.17811836552178012,0.059877738395455266,0.1355774500427502,0.1312907783352422
31,0.05174802878011597,0.07674284871530654,0.18822482035973812,0.11641241610050865,0.03946287926122834,0.010059768937007633
32,0.05566812175948462,0.23276099285558932,0.1485387790929564,0.05391226864925665,0.32471145139834373,0.009252423030539473
33,0.11846454759931219,0.34108711319133156,0.4403587038656759,0.19670357751262496,0.27242587003881863,0.141294888861306
34,0.08115141901246278,0.12120835653058185,0.13939241770948552,0.25122168286380625,0.26095963575073655,0.04177506658582568
35,0.20419172685401119,0.5232825772030996,0.677257802127354,0.022300254271350725,0.08776964656266523,0.03730802119352451
36,0.12267801112511334,0.19201764134263655,0.16004662450285087,0.051587768140391385,0.2612318255056835,0.10186890904747437
37,0.4108028462307284,0.09467337872151299,0.4006414233843619,0.0505320481925787,0.2342391146626784,0.07591565395760548
38,0.10131021535420841,0.27438149204921153,0.42794367016406987,0.02645509491076513,0.19947861098239159,0.026901350502329394
39,0.11950700253986163,0.30177767472183115,0.13598706917557957,0.0337779814270683,0.20972534112427693,0.05256846210113198
40,0.11957527967480182,0.2887079646277003,0.44464381901623695,0.3207783481476295,0.04819479355601865,0.04707376132207662
41,0.21510092828263255,0.349587834743172,0.6100612081204234,0.17897786472336005,0.11304110772781811,0.01815851529051337
42,0.37382408123690164,0.1754827683611423,0.20912846859928663,0.04317157472159588,0.19766336884861466,0.1051913553872958
43,0.05786234008502415,0.2536233705542424,0.04798772863044764,0.01600240319438503,0.15532484198701796,0.041712350080698166
44,0.15089224688693428,0.2831425402563308,0.25904723037865185,0.1515664258336699,0.053085165514253595,0.02555991231774577
45,0.1758666786965603,0.1800987815382284,0.19655809751161987,0.039200379208992824,0.1862134303947608,0.16965247430704264
46,0.10244475542857191,0.381465177506253,0.3545468075370459,0.16129170670914672,0.11767803279631636,0.019406945990082667
47,0.11246652587636559,0.28184046955232606,0.3156390221452899,0.2988376709626666,0.03649158947271212,0.039635481451654464
48,0.2572730495444417,0.06546078025359015,0.17661641946129264,0.018442568919069022,0.3086248344600925,0.17217009552465337
49,0.37268742549150563,0.05126174967119538,0.3764021505491776,0.019950610440016527,0.13590460849535946,0.21466161705123635
50,0.20413142000994647,0.44919419201493366,0.12776497893740305,0.06727811329847416,0.17505595119963765,0.19704611328446223
51,0.34886787675539493,0.1466877117611748,0.18600277688889305,0.027065800875802345,0.05870310890627106,0.10829249174043083
52,0.11978485429868288,0.5378177080436113,0.22086914867786245,0.03513519384654676,0.1257487447368764,0.05690863856786654
53,0.3273189506806966,0.22107186547832416,0.4509061580904514,0.015381846041867674,0.11212422851575142,0.023794928627597328
54,0.06645967510633997,0.1592471163067357,0.1566883156558139,0.04438570548212034,0.2848156936646233,0.10402590808396035
55,0.18635635890104804,0.3478515033872175,0.48778758709770476,0.13963139332468716,0.2553661683722653,0.05383156769077162
56,0.30948497214113274,0.4886685394645896,0.36208541153459983,0.03289825313529445,0.08453281948807595,0.05504591703595209
57,0.05675121939697171,0.2846286495135587,0.5713084912951407,0.040669564139363804,0.0360376447925955,0.023001639236915797
58,0.05337182154404151,0.3205006233740863,0.5342612553281163,0.3540274248552687,0.03154955868258677,0.025621362556837547
59,0.22713087401708346,0.4505806203306332,0.3811628324675553,0.09864950681003205,0.20115628635092966,0.13004754084375295
60,0.1973649684630162,0.33028719642930254,0.23928241773430758,0.10837468764229038,0.08035641642302692,0.019221149373168968
61,0.35246870828175814,0.29329726698472114,0.2530039370233405,0.04321684017414745,0.052355868244965145,0.12009300806866144
62,0.21692760800501565,0.17380370204485773,0.24730455374083202,0.05917612887527569,0.12212071725405914,0.07623381367217658
63,0.21579909565614988,0.37634091082171295,0.5602612887186129,0.08839570678763721,0.04859614018176963,0.0337201644801181
64,0.08945322914885587,0.172287472367023,0.17688005185638297,0.022637369188321693,0.209988144468807,0.18088682273433018
65,0.20585298445106956,0.22805700286528027,0.40258748125335686,0.03391377738677345,0.051513432497682594,0.06877213013696513
66,0.0689446354223868,0.05646330886516424,0.4859648278942499,0.026677710158621075,0.2229524624900071,0.22914754737981735
67,0.0696254455431274,0.6350826738713479,0.1735505185082645,0.03055868343107268,0.10724425335236769,0.26196487296613813
68,0.21696356531113614,0.48109673122914837,0.21574696155133966,0.1229880489040825,0.14252539662510028,0.14456055770338133
69,0.08324109923138584,0.29172156309610503,0.056007727944560985,0.0774062504142842,0.24173334839946647,0.011082034814645435
70,0.20810007416098333,0.3741293414311401,0.13532953134897663,0.08260694810239387,0.3369243473929815,0.15062347813703575
71,0.08457251242343634,0.18121164694422306,0.32897910320936874,0.22335747294113875,0.13187016927049136,0.026275531945225004
72,0.1025704795975994,0.3292356886605974,0.13205250071455277,0.06957721432072007,0.19443616854870988,0.07280820332642896
73,0.2082365530635272,0.14975484758821506,0.4412100328965841,0.03988474575348798,0.20013808093544808,0.11819783387169909
74,0.14652636781406517,0.4425781123504717,0.5968538242761826,0.042157986305235026,0.1221799505071191,0.05337738819904137
75,0.3951909072404281,0.10641593204510694,0.3282575394844416,0.04179834997241086,0.03891691917163807,0.05304850735042764
76,0.3970286778768441,0.560574010829957,0.3837277517936144,0.04425039167452304,0.17050271961858876,0.04068838427768553
77,0.28076978158824345,0.25398853804639265,0.5416893951691879,0.020258893346541375,0.22389168881576332,0.049190389622729834
78,0.499628303619704,0.31935166787325014,0.07929671797387647,0.05309997657821787,0.09927598849106589,0.027343170483650394
79,0.10577005092353346,0.17330115910575095,0.7182846897345238,0.18643308476910692,0.39384731364199677,0.3101186009223714
80,0.408641626285244,0.39581164965121307,0.09614580789116042,0.03658403088634436,0.1438007998313117,0.11276498987152542
81,0.14289667256499572,0.3461500920872744,0.35079396422936676,0.0792293768377627,0.11637052070474294,0.13758009959805936
82,0.020236023054125352,0.13687627748037978,0.4110636425315387,0.09736905768887703,0.01791743449434177,0.020837184131232145
83,0.3310137788194377,0.3447007235740088,0.1579474968624551,0.013734183742307369,0.1566456003438928,0.16931785861689966
84,0.35173340755980537,0.6432135297748641,0.32433741335458655,0.15710778107683535,0.1437457411608292,0.06356050924685147
85,0.3101917473484679,0.30052103180115924,0.30030440741589026,0.0312870961317009,0.04549837566888595,0.22901393939364045
86,0.18553405992697786,0.23745433429328375,0.5050564313657847,0.04199580028974478,0.22193689405039949,0.12138476704303654
87,0.18029621291389453,0.30110894740657895,0.3202566371177688,0.10076743320769706,0.05384084404578069,0.01674074111844902
88,0.15734820337778602,0.07374958742273922,0.25682155757438324,0.046894962398829204,0.02267181076782435,0.09754946379038543
89,0.5229024107583641,0.5209448132829153,0.08184012588237206,0.11808416808856434,0.02718637866464968,0.03393930217750402
90,0.14185472616690512,0.07532403993551864,0.44095953089401096,0.017403629835027756,0.26303192379845486,0.04347552628343488
91,0.11328104411683587,0.2014118096442113,0.6537034839482785,0.12411408083872211,0.08467184421132241,0.021682747283972924
92,0.08693476532029591,0.4238128090834474,0.2822194453723367,0.008897143719757038,0.28208201399896576,0.16948467946251664
93,0.05847334454923798,0.186878913563426,0.37611201945962885,0.13140410469020453,0.07273087271477925,0.03647591437482193
94,0.22281349940593737,0.22936893504060057,0.21976155760620622,0.08367469173103187,0.1292011861369527,0.0828697373412093
95,0.10836426525620356,0.11627425780223374,0.12726695261687127,0.21032442041626237,0.07512626884807541,0.365018487550759
96,0.16123929403753048,0.29116100680948337,0.21890983867998925,0.05599380745982201,0.09809789296029602,0.12159819763186928
97,0.34055238418554884,0.1283803828211689,0.644500886548363,0.15305620228954867,0.026557453047355278,0.11426599980042416
98,0.07440004876557424,0.11346166612758214,0.4267349949532454,0.20306641414775184,0.33652394150829695,0.3418033470678998
99,0.2842861455050511,0.3780247229951737,0.22582474767657845,0.025856876865704505,0.14434575655607823,0.0356856382105456
100,0.20222215132466478,0.1431897199037669,0.27595212078892195,0.13066870416545495,0.12466372255494197,0.04755602571841412
101,0.31152130165874903,0.6494251450604107,0.3560213002286532,0.13762309184589108,0.10917104473599576,0.09477709641515895
102,0.13488800351934085,0.3393627733872437,0.41957305581130727,0.16334142223964324,0.027492097730057407,0.013188748552808867
103,0.19854476474160615,0.5485595852070283,0.2932396955967646,0.10518761105942094,0.08588107535511456,0.08882689499754824
104,0.16814723880815016,0.3826674352294801,0.5513497006579626,0.09490478591827561,0.2967969845510031,0.3315624233111675
105,0.24043631407024915,0.08537183819442963,0.11701263778167159,0.03505440985563209,0.09233270954061809,0.0620701714717461
106,0.31069104654356156,0.4333373579603623,0.33401013441597804,0.03278265633160672,0.21134786428886188,0.04132296940323952
107,0.18166561595405828,0.38799515034928794,0.10649054081681537,0.17064252188044451,0.14012773459291825,0.1672841970389743
108,0.1408230589651752,0.4322913273057497,0.14244973455567814,0.14265880050391774,0.24530231338135564,0.08424623423741377
109,0.05055710784970964,0.40108369403129873,0.31372795884097704,0.07792052908241814,0.07741410601086977,0.2973690309807046
110,0.17153422295303503,0.19831736995588214,0.3152332313127352,0.08260825182443707,0.2232834144392301,0.05340553468337589
111,0.4801611953169208,0.1723934028301522,0.6153957505890224,0.04050442572429114,0.028453716159843663,0.049264101902231315
112,0.01087016900561955,0.02976079312004415,0.43496548255790674,0.048600741679538095,0.10459914355716621,0.027469033585720923
113,0.05259534491933112,0.22051836828592658,0.15483062642237108,0.0340185276150003,0.11046566005219113,0.07255631105532045
114,0.0781700467097311,0.3791399317406033,0.6666384325390762,0.20795681104360897,0.11150577832271528,0.023573392844266326
115,0.17920678884055705,0.14020341657858035,0.46949953093597574,0.08422898866062838,0.2761184861142179,0.03906116135966241
116,0.06570605795661603,0.1313491380404438,0.6058817780131304,0.0508362540510355,0.11672521077195828,0.11735257449583746
117,0.20140745399962998,0.7898331047050521,0.5032123980786721,0.04406016273473431,0.027756991408749276,0.027914991853942965
118,0.09154706394479513,0.41070738211264485,0.37394292019320347,0.021590360939428625,0.09611130734870554,0.22779820551050398
119,0.2678107952006928,0.13907304494115724,0.2696366482560669,0.03408675773311161,0.08037994118110003,0.05763021589805148
120,0.19763559522938415,0.2877949302009513,0.30201661852125966,0.16716534304320035,0.09017332707102381,0.05644044207199803
121,0.09854682363255161,0.06314774821633322,0.25480181873868724,0.07184917460594967,0.07641634862383322,0.17158598330053984
122,0.0155205532781589,0.33166769912345667,0.36203046655342797,0.11199786524235951,0.029508272433411326,0.027683797297566873
123,0.11300868438810095,0.10315691016676891,0.4745158922424191,0.35754017288658757,0.04741789790803212,0.2754554313920058
124,0.15343653159436318,0.2134659090371711,0.361539866377149,0.07406232553699484,0.2520162562379094,0.009031049075687483
125,0.16790027036556657,0.49563016142900623,0.43868094644571487,0.07771454628935699,0.27319802772672974,0.13534950713788668
126,0.16613095724433102,0.20884889491066366,0.26950863350642856,0.08404084899248211,0.16075648420205257,0.049976880434155
127,0.15928962090007182,0.32166414833587603,0.6076740788379119,0.05489752615682985,0.10886348598672209,0.034408663783424255
128,0.05704463001282644,0.09758302788635281,0.07125579254021998,0.032854339786979596,0.054015577336390105,0.03418119798739418
129,0.3101489564745922,0.08148340355967415,0.32023133897117084,0.048534126343735946,0.08428277701336999,0.02476508751468826
130,0.06590014195598345,0.07000006520675632,0.680680280811003,0.3136031307996607,0.2599590869995329,0.10333868123250203
131,0.16095658775449326,0.07385861308192504,0.17656813759423468,0.04304306588915149,0.10887348688991041,0.09431421098509206
132,0.1294350914927861,0.2556128373482864,0.3046135895498489,0.08524484692636415,0.25684306090006537,0.06385003607143254
133,0.19394703521456827,0.41691721114700364,0.3664471857918739,0.04724235865643936,0.024324328245888698,0.023862067771006624
134,0.3502562184443352,0.3548970306398217,0.05922685839307385,0.04813806914728528,0.23037174410670633,0.14563151360657192
135,0.04973894332474809,0.3152690178143293,0.16399558393021646,0.06411305736737084,0.05281017928725467,0.4042442943866218
136,0.029552018074236894,0.05158216351913047,0.1316093316139225,0.07852219365761637,0.03483427853538896,0.1363693991560897
137,0.16133781444474882,0.2683757217434765,0.2157063344369518,0.06794729130076564,0.26323489781613957,0.06582775894454913
138,0.04943670088273858,0.4557717779562402,0.35867788040184534,0.07664172686214824,0.21104091624911117,0.192139627192712
139,0.1648849252701557,0.18782856041663915,0.14494824948515297,0.22009192350561269,0.297375794265334,0.04419225637037128
140,0.14400546567041142,0.48756304234401654,0.5333798639336849,0.17402564086591463,0.25095416220502287,0.08920730429907546
141,0.22424629810418964,0.1505958456574522,0.31357993137772794,0.08461590375790894,0.0969595736650114,0.2502826316113403
142,0.24750200379527174,0.21706911673005494,0.7415534903172153,0.04417292155289525,0.06966194957280167,0.13574869723961924
143,0.21731837176616045,0.19311416017855296,0.27405748379735007,0.06361221586258832,0.06856601474052444,0.03121098541994333
144,0.5115147971572805,0.18426255568030522,0.4027127618098025,0.03992903115472017,0.1387741227875983,0.18637764921346514
145,0.25758972267229857,0.306627482408938,0.3870881692363182,0.13719068476758808,0.25858606278987617,0.06575749447157449
146,0.038329494863362644,0.4959882587414415,0.34579539815244004,0.19661407384388127,0.09402382986872847,0.05613943215645225
147,0.12108686271759275,0.30770275554780385,0.4163936969474252,0.28059225628954665,0.15254145769489943,0.007233637229322501
148,0.0781038509429477,0.24934609222065093,0.31757360435744814,0.049404729884287374,0.07105992079792009,0.06859253044236381
149,0.2259098971821907,0.25909459935311835,0.5428035637342233,0.08825807642538033,0.1966345319530112,0.0862567915423678
150,0.31331893461911753,0.31061826066526543,0.624802253057057,0.05305208407732115,0.13757879647499838,0.025936587604876025
151,0.08030475458512654,0.13073341208109482,0.49928311599043756,0.024307401146435956,0.16866462477949076,0.18846058156226897
152,0.11678623562627209,0.12137898084086028,0.3010383642709632,0.017529699993113834,0.08395140850693049,0.08277510044374353
153,0.11087144256390483,0.2999723506055784,0.4849086234854265,0.12069383713528498,0.07509036012371234,0.10644829517686795
154,0.2048736398233561,0.23685284199634718,0.5531710979713266,0.0730444251646096,0.13267179838339252,0.007910989007460123
155,0.2451753634259674,0.3520889736339893,0.48324378550559066,0.019314808289924056,0.3026521312399544,0.20525384564309776
156,0.06005411072169559,0.46617942910401766,0.28697355696615373,0.06160258747206658,0.2521812500413923,0.10490942971151702
157,0.2597763582658935,0.38207377812003834,0.48393871647789044,0.08305808587568426,0.05244682490049972,0.0909711879433944
158,0.26357801731801717,0.3420407481811654,0.4662279709230988,0.04471172579117554,0.20309782224802403,0.08673989736462115
159,0.17929487663767146,0.15639733857535387,0.1787313758766895,0.02214842256971246,0.2760026237583585,0.044606376633236064
160,0.09652358022166567,0.21044974932536634,0.54485112382219,0.09610132974601203,0.11075797370534538,0.12387711554323162
161,0.225530368114824,0.48831138887215164,0.21897533717874967,0.3034544204412913,0.13803476649582513,0.13466098362914264
162,0.1451877757857829,0.6671749338622863,0.33445127494054727,0.036921000604234123,0.05983347591097377,0.0627732508692165
163,0.060811628066242546,0.32104698165381296,0.47017367290789613,0.046174214555564114,0.04290417227707352,0.010607932030501397
164,0.13541903399163646,0.18972629365814977,0.5727845872214287,0.05427489549223229,0.16849190831649188,0.24177223952071733
165,0.03351594094594967,0.45758192853354546,0.32246940417060077,0.015656140819146475,0.061693451308166385,0.14824798801374559
166,0.21695023868935356,0.385879882860776,0.4660565030448029,0.05310707483413802,0.23812070650490474,0.06323725551942254
167,0.22042621025894635,0.3248060801361137,0.25550065665380167,0.06611509192328638,0.09439140707005393,0.11792555314444099
168,0.18530186690681105,0.19221521441859202,0.460580781566475,0.03831186245277042,0.0862106422720555,0.0965647557003609
169,0.16094279490713456,0.09565083575186435,0.49890977189679925,0.031174663256330094,0.21449526885091896,0.05397081543798943
170,0.1038980986741158,0.33820030523191,0.13899173446891677,0.07593290147887401,0.09633591346975011,0.06275291177090973
171,0.12217587468563554,0.10713546166213869,0.5910491492266734,0.024609745893185993,0.04639425085078133,0.20154882524023396
172,0.23957337403523637,0.3185299170168017,0.3664465681004631,0.041921537435782356,0.09169447246402868,0.10370926485276946
173,0.09021183665559605,0.4252680436694376,0.24276804431929977,0.15008346463393998,0.054234407416665166,0.022549871723236293
174,0.04040267057587037,0.1416734959193106,0.32200528464192407,0.1106930597811434,0.12461336580143154,0.06948788974141668
175,0.12204087064613865,0.3942897601239293,0.71289963700993,0.17822449643073718,0.19821499625289013,0.17733542542889508
176,0.08184066251563799,0.4637851572904062,0.36701407083529686,0.19180616541628087,0.07425832899379839,0.01538598454505453
177,0.2918191225238796,0.3681596931507708,0.3116265831177853,0.12346829247307034,0.17322660192419365,0.09696256735790805
178,0.07845518134573533,0.3070057664096945,0.2212354461577951,0.07281957530880954,0.036510819590087396,0.049834511617402204
179,0.3078554385312815,0.3646114139474893,0.3634326779844383,0.06970663771115276,0.2121467265256977,0.0684639727127891
180,0.41178046330332657,0.2024528858270026,0.2571436774637974,0.04635538965963459,0.17696524879892234,0.16306422674016588
181,0.03855020278369897,0.4153882219796682,0.6356471218802202,0.23698542358635705,0.08810378897135743,0.12190156992321838
182,0.07923814097659285,0.2861562518474482,0.36964729800390805,0.10917075776192947,0.13088942364267084,0.12808276006843483
183,0.19942257825736032,0.5266274212421553,0.5975727109191835,0.06752103931443966,0.22273558838988672,0.049827257653611255
184,0.10318676605546644,0.2794514465462598,0.19253286351668134,0.02803272495598435,0.09508744802054157,0.0743870979044169
185,0.10007167902405666,0.677328851989875,0.23530124661491844,0.04739518153715566,0.09397354103917327,0.05921835116256312
186,0.26448630397061557,0.21231680364485134,0.2660787766914238,0.03312409396449118,0.25829375872653404,0.11437755521378942
187,0.10287989593321688,0.33127856382894183,0.2226900945414388,0.041990923968740705,0.20992443397362953,0.02314216497343344
188,0.15256210387040048,0.2410472317376872,0.3985393299659138,0.052965402590965965,0.13464565067554396,0.0761296911934895
189,0.18329171351977375,0.27345748025369315,0.5047970827473659,0.07627504736050951,0.07246790500143994,0.021161305435870685
190,0.05576249128227352,0.2053344311206216,0.2425998637506814,0.1216079315183498,0.14440629689961992,0.03444357179205445
191,0.07127640575936156,0.15827962121651187,0.3795782898751579,0.27509921256474296,0.2829694487626671,0.04186101498522385
192,0.24812900597202092,0.24550208238631985,0.08148560033301754,0.0424603097441174,0.127091098988344,0.27471864629152476
193,0.07876671342904032,0.262583015389129,0.5631642282926889,0.02690566539047237,0.15546026067922225,0.04006193436559044
194,0.23427297523987087,0.19357513180894972,0.18974143071677246,0.020036547002809824,0.12496133594783122,0.24040640198934465
195,0.22963220521431824,0.5588429474707771,0.09332487746971022,0.042608451572094155,0.09179563347165137,0.04669630174251609
196,0.23255849597637607,0.0986361884774816,0.42185715464936535,0.1425361939123411,0.0419803623503697,0.3435127882869446
197,0.32106796874638216,0.39012086266565066,0.12229944042860373,0.12350183926396897,0.24508665979275782,0.045604581975371865
198,0.15119007602815482,0.4785153197610836,0.16137364244678085,0.04192974002683764,0.09726524800656844,0.0959835925659769
199,0.332886192014615,0.2613445188394166,0.17662168650619245,0.06507361773898214,0.1298483927435404,0.08908268379688741
200,0.13499413569342644,0.4532379751921138,0.6390897126213697,0.03442366530391066,0.09702006638495464,0.022785059874197572
201,0.13758249656836027,0.13865284799353295,0.30724520304079594,0.23808714609511,0.06724845570681134,0.03140867912353967
202,0.10294978730305568,0.12653723100320224,0.1488771186282242,0.2001826968426797,0.0652843223497121,0.021628554386267734
203,0.1199161243900981,0.5724407603869114,0.6493249519632395,0.08641280180911295,0.23741736222549456,0.1027658064415233
204,0.16533743365258818,0.17641116219008454,0.288681569662711,0.06548981568968737,0.13262170713735147,0.12765313082021285
205,0.15028687019534276,0.17314444598018797,0.2735354935908966,0.12025723648150091,0.17925261483188434,0.11754166984443584
206,0.1804192260818904,0.29092387680898474,0.17042624562325054,0.0839765486022424,0.2528734180550065,0.04608623013805946
207,0.19608551057716506,0.2482040259393762,0.405579294318985,0.08041612524128085,0.06536743541623002,0.15221687404216064
208,0.07140732960289296,0.4255234218987796,0.3024017946848777,0.2534164760036103,0.2775319395306702,0.05547641730687946
209,0.037312251342491845,0.14811543597561064,0.5350817631837022,0.10692991139452508,0.2609502429423665,0.053642196177804996
210,0.17224336710977084,0.4604911822858918,0.34704287442568094,0.038095665474280095,0.16049896590814325,0.04923545914513477
211,0.2819065699525027,0.44170659555484565,0.2288088157087324,0.11113931270519967,0.11746852142946368,0.0938943454455894
212,0.1393427949778062,0.16311529805000963,0.5596752606282117,0.043966324240837455,0.06272027544329131,0.032259585122166506
213,0.24240045425095613,0.5055731156501323,0.10140443653594719,0.039448857829911484,0.33462747800389925,0.04208426401927103
214,0.2820717955332034,0.16982929464782426,0.40233697294891674,0.09587803185368035,0.10413562066865151,0.01595440050696077
215,0.12856639050020816,0.5587679455612418,0.3792265376882308,0.04647847117802398,0.06629945881686612,0.13699496517363902
216,0.27626142013899924,0.04558679931637609,0.42905165224156283,0.01723965583613205,0.26450987763501194,0.011155022997723632
217,0.5221217708956909,0.5768222797394261,0.050617838381069376,0.06934630594382814,0.3322320674003592,0.11216087368175336
218,0.14413579625518416,0.2579688448965025,0.2930900941884559,0.1036916539973086,0.044577579785607065,0.07028162728798387
219,0.13584370754538674,0.38855267812077066,0.14235842676915073,0.037141816269385,0.12141858925959854,0.11092964333104713
220,0.2904211010316152,0.4646297540171666,0.680062644335922,0.01482687264439682,0.16895684530223368,0.05814875301136135
221,0.04470708215172806,0.20673227998986768,0.24331007875299865,0.03689505303396568,0.0767127165730596,0.028070431586853843
222,0.22238844489196227,0.4682654176894816,0.25311388471645124,0.12306468025640892,0.12037171494161539,0.16302966359077606
223,0.17980887474475463,0.24547873386169172,0.08314978878615759,0.034074093889198555,0.1517945092632553,0.23646134352540304
224,0.11287746499096579,0.2548789204651352,0.041934452851217725,0.1690304748452061,0.035131223805567005,0.027510135894221785
225,0.22982046944888465,0.3275748274403623,0.16047397317361942,0.10104217895472459,0.14596261178450373,0.03288460825117916
226,0.17659211767422525,0.30353671003315913,0.2956774901242712,0.10457548382040889,0.09511537784828704,0.08019449210807386
227,0.06997741207298605,0.13756866943811732,0.3682673277629,0.07223199508320588,0.10186945075033522,0.12319986618959834
228,0.08664832991596796,0.24851731400200316,0.10858219701702654,0.2576653286648388,0.3568922075071382,0.09891438840600705
229,0.2372823707372414,0.1392815205026188,0.5306557260579304,0.25117678957927553,0.1559471117156901,0.09401650035629228
230,0.2366585142556382,0.7328053416955741,0.5001476261412066,0.033633668777131136,0.2625864543210184,0.1654162551644808
231,0.28711071829568874,0.2579220316093227,0.6348884680883953,0.2335472413993515,0.01319935688976388,0.014526262792892916
232,0.03657188861539804,0.34523683645496217,0.5788441205808617,0.03296382802561117,0.2888032912772544,0.013350095775453229
233,0.04848952855231702,0.22550699933918206,0.620166300388274,0.026885524217539498,0.05964611378905567,0.019699257651714826
234,0.1839661256770317,0.21878843805395476,0.29134532335438357,0.08488354897193709,0.20554379457495023,0.07932457693386516
235,0.11800647860164507,0.45253607691361425,0.32338639913388956,0.024088875063152423,0.17814335376100499,0.01932224291367261
236,0.3430963521803424,0.4624555262228984,0.22334743550480599,0.09327995556833112,0.23685976803509554,0.19308333250258777
237,0.07284586558335057,0.2730756531775481,0.29577035462975454,0.0916984610692169,0.13582933946448794,0.054472896042380335
238,0.05579756561526899,0.36646691360056655,0.41471482752419436,0.05108372640246563,0.055654281622759545,0.028311663816094994
239,0.07772182902527197,0.30418398986733,0.3832202537782885,0.11262075289106309,0.135460500568773,0.03831783136946935
240,0.2373349921955715,0.20150329233311182,0.1735107917871205,0.04365428614899116,0.12770585594356162,0.048331902610864196
241,0.18780932202106237,0.1996866982174942,0.6495966836497631,0.08650279319883566,0.032005722916717896,0.02667323616737568
242,0.1891477851640119,0.17216207683349774,0.20922445198340725,0.08586989126017493,0.1322921282206016,0.09144269732309612
243,0.26073784147034523,0.2210447745573339,0.6027380368779905,0.1698381368744488,0.13147548475145032,0.1894133288882597
244,0.20795218641719942,0.24081684216587063,0.251222689927533,0.05509060569339124,0.23263626405504192,0.12462379234984396
245,0.21904412923893618,0.0278359844842534,0.6268426717686331,0.018415769712553938,0.1317103209837926,0.120754918363336
246,0.23798743276053141,0.08447865651057643,0.2695361561963076,0.03924466488224308,0.06812124256597672,0.027739055400205232
247,0.33194847787578663,0.1533829909737176,0.41500141174071153,0.1228388996192578,0.22662229648764684,0.13529992372144758
248,0.11515844671988834,0.2774685591705261,0.19221373192564134,0.15405273250235166,0.13243140010130916,0.026042010313617688
249,0.2260254742550739,0.4148548341989157,0.5042513210617295,0.07250603184889257,0.1136754098452216,0.011044062279121669
250,0.28870520637942526,0.07873789645439272,0.5084719282758536,0.03672051295760417,0.09163490955955103,0.0977349153993798
251,0.12642848810611135,0.462925997617971,0.13213973642852117,0.024873342969631448,0.16743087148948363,0.04722907320572051
252,0.17666534786608243,0.29593962927766915,0.24210945955439428,0.08306604955621122,0.1553041311954604,0.11424772159192773
253,0.11114071625874047,0.2080348143283511,0.4418725699375723,0.13647532236557045,0.12142776353567046,0.07037566691563509
254,0.0569608199142989,0.11178906153592082,0.1337542047681777,0.1595080087782421,0.14900743093681496,0.11113052953512283
255,0.257680441357569,0.7048538975272403,0.518075086934003,0.13938670420909421,0.20186845194303896,0.19554923160952242
256,0.22528671114489907,0.48830494712090317,0.42363829279875737,0.028068668446107402,0.1520655365806559,0.14623557699365097
257,0.1745195542138744,0.05510948360255365,0.3433384491750657,0.0609980708068369,0.17885903316905874,0.1603118719224211
258,0.2995066808785563,0.39631074072067357,0.30048871189015697,0.05940513698359668,0.1373938629692401,0.026027490909459133
259,0.23729014237064391,0.6727488473206946,0.26367931735167693,0.032144617488594415,0.19641124022146383,0.12318188831236612
260,0.13732958851548763,0.4010104328292447,0.4966335519475288,0.04945302126089824,0.1204365948853023,0.13958306635106302
261,0.10211017131131234,0.34877395463366817,0.22009251220529613,0.06220156517723053,0.11874353751893034,0.06822642917514186
262,0.30172359654775227,0.43064355117962316,0.3359375599553788,0.046709299689735875,0.18335990488866125,0.04575971674571588
263,0.3120303937646485,0.40177708224193953,0.33076370989164794,0.027304976731708827,0.2988938930359123,0.2227081644893012
264,0.3749133572151291,0.5431204436148891,0.30438414939350444,0.06374291652254829,0.061244255327034994,0.03821719627849923
265,0.11215501645115575,0.10395687801416922,0.23270519499349573,0.022343189729275348,0.19685435661744688,0.13566041302276588
266,0.15112263733704293,0.038521325545206,0.5194402390846135,0.04904841133354383,0.21368326543326963,0.038981143504988894
267,0.09140257195036652,0.40904646204207595,0.37661445457475623,0.27219808501661774,0.041562055315994925,0.07679709750046555
268,0.12871504746322107,0.4134562136085297,0.25925993201995323,0.06393442675724376,0.11285226118872267,0.1085048611805502
269,0.13268381627965475,0.36660016547913066,0.23194188059100115,0.017649769218334197,0.22167321460143463,0.06528144950018498
270,0.0717713088416167,0.12773934660101038,0.20741889425993193,0.06950308824004214,0.29285255060252147,0.06147930253568739
271,0.11740041864001872,0.670488653356788,0.28180569459598437,0.03442369705191145,0.14122221753100958,0.13880850216770996
272,0.28567415650545486,0.14569333518659625,0.17933168891283424,0.025983879790282518,0.07236792840890802,0.10997631579832469
273,0.13210495175573714,0.12717523395798047,0.520684260944475,0.06503540418294675,0.08247836163647704,0.13309728050096212
274,0.4200257727090742,0.607186629414432,0.3197030932306854,0.07271546213620532,0.06990936159598826,0.118483160343569
275,0.21834333480777263,0.5292568565941307,0.21897627194112518,0.04279684525328279,0.2665491799077219,0.05839615411815084
276,0.3073496836297852,0.21946874068295286,0.3449181927524072,0.05550448300995949,0.15891205561087257,0.3004438535291421
277,0.28639977014003587,0.21999000193303717,0.4555206768985237,0.09821509146757793,0.07695591978459294,0.06117920176299259
278,0.11756390663264168,0.28170805634464646,0.23643039936913474,0.1549963137614465,0.09641250844683909,0.032237610678299194
279,0.11764962067950888,0.2329014071352082,0.32853721000421604,0.04224390406315937,0.041311335242980175,0.0988085020342302
280,0.0658470666654907,0.7594507395755724,0.5343531771597292,0.05477048112080102,0.0932337574076591,0.10683886357059426
281,0.03419704750882523,0.21037017687898388,0.2261258146394363,0.15362199449018682,0.10809334590600023,0.07245372099183364
282,0.4215231387528571,0.2966506607089571,0.5065354099888508,0.05161229978492431,0.1081573347589931,0.01579112678133893
283,0.057737904918035626,0.23941975786079747,0.4077638853739835,0.05659760202851152,0.2546509626941347,0.09091873744261758
284,0.07529765184203191,0.350445282101856,0.26455134300687844,0.11182594185357891,0.12465103808057525,0.020800908625112594
285,0.18834396977366388,0.14925842765700223,0.538884056363241,0.026275994292018982,0.09981068792645431,0.07114501917773092
286,0.07709394515429059,0.6929546070765089,0.6288471373381597,0.0699903855797079,0.1650742097565387,0.05029350600753638
287,0.1067901247407436,0.09380148832230085,0.30381220095486505,0.11122873913107842,0.06761379266765719,0.11346788500754132
288,0.31255248643489797,0.091440110854672,0.294787171574921,0.12230115270601483,0.020356466957820504,0.014628741220658386
289,0.20148044843031712,0.4042139137795295,0.5170889797555435,0.07111926626176811,0.10584319833780083,0.08647834087670934
290,0.17465527946917206,0.2280042124574379,0.1834753096437272,0.05898637582665239,0.06771013669793867,0.1410322012060548
291,0.4842101441932246,0.22230223254696216,0.4575875738669126,0.05780163832819802,0.07863442945430818,0.023835652803595946
292,0.11075187915782796,0.31286514380493424,0.39898535735853197,0.09265085152898282,0.2198194027541238,0.06184873566217992
293,0.1345449840254569,0.5096771736466139,0.11963643891808673,0.09766198556592122,0.1893577956725547,0.1815186581410671
294,0.29914669784207043,0.19046472008215903,0.33911938512700973,0.08415617650054202,0.14675913751542582,0.04136885349558759
295,0.2716539006377211,0.2632391575387152,0.11429048875829313,0.11165925335266097,0.047853972881593224,0.03595480869116223
296,0.3349541712377746,0.1686808390806435,0.5693774107222124,0.05241680053874549,0.09621482900371002,0.13571401938522945
297,0.3063749156652276,0.4221119490210495,0.40297694855982147,0.04088383541689817,0.09204992947717307,0.13081203570205555
298,0.1968071723280254,0.34528498132277513,0.5030440599137637,0.07482340037934941,0.2154276013727467,0.1410799630791052
299,0.13247482222052998,0.30333403053092234,0.41064164783757506,0.18075687895669548,0.05766669512984935,0.0813377772894988
300,0.14483234192073027,0.14108288678122405,0.14275387231528927,0.04662181441975245,0.2748953777709915,0.09010738522540614
301,0.12409122756905488,0.5616082370654797,0.217751190994071,0.1879632693145375,0.0925002051729151,0.06327774503306845
302,0.18751489799188387,0.27268089155627356,0.26160436972447865,0.03654228562630136,0.18384053091729344,0.1786423816997893
303,0.21011620858936478,0.48842569161128596,0.6433654391236766,0.1401971046833608,0.3410373754044894,0.089331083712437
304,0.37711882567616456,0.22341321415719312,0.10771196545365533,0.016869808984132168,0.1741953676787545,0.2812049803376257
305,0.044990531028633166,0.19800569890322714,0.5754586625781021,0.13040505385625079,0.07233955921372305,0.15431976738826442
306,0.22430293596433942,0.46627270785836106,0.28989254157273286,0.06925949998986787,0.21043772350493825,0.022458301118851567
307,0.10616685439716679,0.43538908034695334,0.32372456136199707,0.026298144918755557,0.12267224443485544,0.08703605724296118
308,0.151696289904213,0.2816568984690345,0.2937022471924143,0.168308868847348,0.057592403823643785,0.21639885296481787
309,0.16158583810830648,0.18187661467041272,0.16485993481238098,0.032479536522645985,0.2165586514134546,0.049474501038239214
310,0.07515339443453163,0.29267838067761803,0.37766872393722817,0.1957360037364309,0.050437046895654813,0.021416481465662756
311,0.24181912858280857,0.4904301904823215,0.36413676615307844,0.11499311839611862,0.22535018646759564,0.08480114099222072
312,0.34468235339161873,0.46044784025636415,0.3725362139316108,0.02176973000173975,0.10503188008231264,0.036219622851700634
313,0.44417765760226835,0.3910080668699045,0.4204027187761651,0.1109642409874017,0.022864863367267188,0.021013709233897372
314,0.3111989834038051,0.5242370108625731,0.3612737544491088,0.05382196758446094,0.17589580274468233,0.14804048887178728
315,0.36995388497932896,0.24730448358266308,0.263772149585271,0.04656917000749832,0.16035149544630542,0.018508032273800237
316,0.21907828655849546,0.46090238419202767,0.2280445171866065,0.0912793466264152,0.12906071960283075,0.1786366844923354
317,0.17210223845309952,0.7486720743337947,0.20850271611487156,0.07122998106905193,0.0754107214746568,0.02075276265601825
318,0.11029736194349732,0.1339537628503213,0.09700327417100534,0.04524882414676322,0.12420352349939087,0.08256620380601515
319,0.07758531984201558,0.4411509973440902,0.3102533823990889,0.022788022787738865,0.2893312285977639,0.017601117375553577
320,0.21030498210653506,0.4536828749349405,0.3447469360575052,0.09578503639004692,0.017867548373104943,0.07570032559057016
321,0.24734024607508723,0.353569015276782,0.5854739315662046,0.010358625209240156,0.15782024339884837,0.08818196303827702
322,0.0651491490891061,0.13315646398283182,0.3842526571906635,0.19442667032950073,0.11859771964779121,0.032487236009635774
323,0.15241086735518947,0.2689262556894147,0.2822594718584432,0.06888715922210167,0.1463755073384835,0.13096405438816397
324,0.28592477222899354,0.06272374371137279,0.46597214541693777,0.042821028793562754,0.39947573416120935,0.07684721996249261
325,0.12428885098382911,0.1352159048049886,0.1573464563091201,0.08338090628810739,0.17277404534164534,0.0859455076045715
326,0.13663897169350678,0.28224142520489803,0.6654517695050326,0.10719613473038958,0.05306518404658982,0.30404295960489286
327,0.35263011818370565,0.5585966620805515,0.2784346692250069,0.0204942894557736,0.025381039338468196,0.028605734040278514
328,0.19973570278223154,0.31073890228493933,0.3304887356899744,0.08237305288342618,0.19361895881138272,0.024263895118012937
329,0.12069018678389648,0.11093215588688381,0.29906465823746364,0.01970268534707172,0.09910167230419248,0.16083984003411717
330,0.1722229340929374,0.14693461419959827,0.25184306392694944,0.14996629721386792,0.18200000500409605,0.11126016971099684
331,0.16901160737919949,0.29376979312595375,0.3746391001163596,0.017992843507023397,0.2466464915085745,0.03765712548642572
332,0.12648541591490545,0.37380132363303903,0.22575857220732143,0.07779197988602651,0.2957543388657428,0.03669676965362743
333,0.14038201789720617,0.11845368119441295,0.3654605536517902,0.13906151426911145,0.03963718951042911,0.03904688278040566
334,0.13661693283881912,0.2572682889637033,0.2403839877558673,0.06552292625141043,0.1051024702235566,0.09584710899882486
335,0.16820870058620632,0.14652071032353517,0.52867787727389,0.07722664327589804,0.1271883707759431,0.13369005996491515
336,0.3173336226585904,0.6222411963660194,0.6836699601611709,0.2239924553772321,0.07367405074007284,0.10487416432058146
337,0.5569520065729832,0.4585093516490304,0.2947963391205091,0.0570521219504714,0.06824071735717453,0.08253532109611668
338,0.1049202193561192,0.3501075075806502,0.1491752589189135,0.04944660792776479,0.3446061138813617,0.06457572301891033
339,0.2537815036714623,0.2827655817796894,0.3593242059444589,0.06270979798287776,0.2683387885350866,0.09525331298267153
340,0.14930767580883977,0.4363301669761762,0.22395943174817104,0.03266501532874105,0.09299102768221613,0.10339863027147103
341,0.05561869924603813,0.40711143316792375,0.11749518209088947,0.15776390594427478,0.05791888583274008,0.03236797517262574
342,0.0926912266942256,0.2731933862794919,0.1717452939033915,0.02658200605440825,0.1611722230586838,0.128857634088153
343,0.191650840021657,0.12399568106946482,0.25615193178992046,0.0652024180042025,0.16785113404744165,0.03391479117073257
344,0.14662922399660314,0.17457985265694428,0.12008914700777311,0.08449718298950999,0.2070191305350136,0.05541711855829308
345,0.11029601042800363,0.43579600270159174,0.30339418248964556,0.021047405185452162,0.2936910248491579,0.1626715952558586
346,0.0819511754600543,0.25537302196776446,0.12217062461374095,0.07080350516785873,0.25554969476356326,0.04732649287968043
347,0.17341877039758402,0.342599466469343,0.11333274965764085,0.06254643063984734,0.07651293295271182,0.04482887962246905
348,0.4414786431627385,0.10192382445321728,0.39814130344795146,0.039358461352165086,0.037595576941681155,0.06318419081591821
349,0.06093153910802197,0.22897629978688663,0.3656098668947483,0.006776199942917915,0.14509938912113152,0.27677316486481834
350,0.06059983814772732,0.36636200471167785,0.15177544313858649,0.2359649297823026,0.0974771145706237,0.24828497349764064
351,0.10316635021930792,0.07097370356154341,0.5872712634614725,0.03688319188764009,0.26920706395899757,0.12335130766315575
352,0.12555630338604337,0.47538678999626655,0.3978819694792337,0.0606845098044816,0.22703291982126042,0.1456359906908293
353,0.06997308415173964,0.1670181244821624,0.2560803741771478,0.10900541899130353,0.42834735530652346,0.056376381452764204
354,0.13869952373893663,0.1728480368435041,0.268787077591027,0.061967595147738724,0.10497188274911992,0.1299466857779297
355,0.23950132113027905,0.2929292520726021,0.3813789650869718,0.03211506748532689,0.3207784660042194,0.07860373563672704
356,0.11605153951939262,0.3198006521409925,0.4355806451642399,0.1567787989933976,0.03873873769386728,0.02161444314353203
357,0.05900076714182135,0.18834182071897476,0.36394526674542477,0.20327916714241714,0.15364956266342156,0.18562777931344343
358,0.22080818128212593,0.10513301779413999,0.6572426963624521,0.025202579055737598,0.265947997738834,0.340833422159034
359,0.17136024403637334,0.12594604666084183,0.26625292690055063,0.05698196331050314,0.07392244105845547,0.09864447428585192
360,0.12071515537225175,0.4981857530103602,0.11543549358535019,0.12289706398659246,0.15342582301464672,0.17965696000479212
361,0.13121136523718005,0.25247979703400797,0.2718091694984184,0.18971392782364777,0.16533694653839284,0.1539857136848966
362,0.13670450257104602,0.3426219525046187,0.13473360527629363,0.10430546274909583,0.1853519161567128,0.166575909597127
363,0.1462045029673107,0.5534725663651681,0.17359537017743332,0.13352504969995443,0.0908904431220132,0.09544086824286609
364,0.288148318024931,0.14951117888897653,0.10248906498947202,0.05557600428652495,0.060613434463507976,0.08218105230392378
365,0.05401999171184456,0.3615833801123715,0.17864218082376018,0.11563816626049782,0.0680054434647067,0.020264036681533763
366,0.09862103182345615,0.04598483058741213,0.42757001586045346,0.028637237256713032,0.14318447417379035,0.1647332874228641
367,0.13840650908801413,0.46270385162287336,0.5194268146737426,0.01374956697129488,0.0743908335018992,0.05914596281291245
368,0.34786961907039043,0.7836441612777145,0.42553675667941776,0.02289839956318543,0.2890528500060537,0.030680252116400145
369,0.08036968694023386,0.4272767515704599,0.2599914462809575,0.08188333766350944,0.1042202086406348,0.06506210562242537
370,0.04709232457598691,0.19414309369704358,0.3695821760863648,0.31560009940418793,0.2693293509175302,0.11786459705901757
371,0.2121359035761144,0.4664068082600984,0.27208182231175365,0.011825940854229403,0.07699508529175073,0.23899296674377313
372,0.2427313263187166,0.688192747288707,0.45994248539918725,0.02973506297235696,0.03545956767810741,0.06134206874424404
373,0.30455917094995233,0.6027458463339935,0.1287118085594767,0.05124848614140355,0.05180369009285113,0.031884469605601075
374,0.1118947489743863,0.2018949695592194,0.5306092885234309,0.023915597662413017,0.2218542565822341,0.08912225318725633
375,0.13768198759670885,0.18265202245606998,0.32405987403798114,0.1494545846254782,0.14229754712912296,0.09544890810869645
376,0.19916430710191568,0.40323678911575744,0.5893722634975713,0.13850343113294888,0.2379046847834561,0.22520273331297752
377,0.13222467566277943,0.2045003515381437,0.41392130104081865,0.2735580983917655,0.1229492002630267,0.02914787563927059
378,0.1747080980134927,0.4599863795067419,0.1481945889154224,0.04815314685461738,0.14629375791131283,0.06805698944428784
379,0.08018773441828064,0.40061273183283846,0.4974914649556134,0.05053698457285168,0.07553719376783098,0.04625611184387027
380,0.2137584668616265,0.2744093746224276,0.42648393545518065,0.04218731145002878,0.03063583218148983,0.06729080900389844
381,0.10325476915796543,0.21646593465410835,0.48278134972560127,0.061920585253865845,0.06370771704932868,0.07133709607520682
382,0.2982371365998017,0.24242020288764182,0.46655586130945875,0.07433284222767284,0.30725959579902395,0.05456600406357573
383,0.11281192079271175,0.3985608115416328,0.2152381363650106,0.03893660395652514,0.07801392874875678,0.0332049551549921
384,0.2056195757559766,0.37979238017286543,0.32441106252913215,0.08539109500865602,0.07866193008013538,0.056822947623498106
385,0.323824716446438,0.21468060549837623,0.5403986702272556,0.04236556895664344,0.0758704586964613,0.03172137114665884
386,0.10963403608631933,0.44006809459299084,0.1994948642381591,0.019405744835530158,0.08826911209872333,0.05384335597803931
387,0.12763417441472805,0.1824036032549481,0.10423418045205803,0.17605809217049181,0.1883514966110721,0.045711684935594785
388,0.08973426624053729,0.10752314764238427,0.2778666406637016,0.07042321346391582,0.21778970900577804,0.18170132759003604
389,0.1610449296353241,0.2641191703705926,0.18683045930166117,0.15114823691209672,0.1329400722367646,0.038936781972254725
390,0.058073847583598494,0.2443781195311292,0.19569946415111728,0.11806712281962349,0.031139298709473972,0.12863754037090114
391,0.0946516493644335,0.31942951918022233,0.2874905623521069,0.03790210164684205,0.08741605332647626,0.04038703761114122
392,0.21480883481244029,0.06687199364414607,0.6256724659982457,0.2242048101956307,0.20300573772387295,0.1051437000616586
393,0.4234914311185922,0.21831503840905916,0.21866849008523065,0.17261889415822976,0.05213161646353785,0.12861145594912937
394,0.09494377615331052,0.6866124681882823,0.18311924287000808,0.1267386697881803,0.14108454889709504,0.035505263891429585
395,0.035634715663932275,0.1352615750742567,0.3828157308918935,0.07423999396873837,0.062088717963330445,0.05204744619666084
396,0.10213667666183257,0.26319890126444007,0.41123845906612494,0.02521954355149757,0.23138978393498819,0.05488296240116109
397,0.15302165941558166,0.5144896280846145,0.39124329290644505,0.045271659464708375,0.15236239807546914,0.2194737765488602
398,0.153986497336729,0.06558173318609571,0.3304690527183669,0.23052550089046453,0.14977568909047936,0.06920832889256162
399,0.08679132638198457,0.4940332128590113,0.37326270025341574,0.18742554721295193,0.12375616769422224,0.044965544963967694
400,0.24285865330959122,0.1394251067901023,0.251337874176928,0.09668413968911545,0.1416467200453649,0.17454571240037278
401,0.2115447936483298,0.6023746277248335,0.35144738101447887,0.022819549804282736,0.23884655599153887,0.08512615390311006
402,0.18932371334363612,0.1924859875951615,0.4017721584322487,0.12133968367804726,0.08740674510838904,0.030497128025702307
403,0.12345325243837138,0.07076419584130832,0.41382611754612525,0.06124174229950704,0.2429647123647525,0.08371186297350156
404,0.06389106122134144,0.08068924953660318,0.16887846549514268,0.07288549671731696,0.12547545530101173,0.09516266083435254
405,0.07857598973943532,0.15918028429381484,0.08119949713955332,0.03671512200970408,0.06610521041147045,0.09497645446613999
406,0.1077541893567536,0.3077192529750722,0.22138451971059828,0.0452467815527778,0.20417487970719952,0.11815013813826933
407,0.094879283112563,0.21724924634015078,0.27816211291799237,0.09426018031668555,0.16138948815073287,0.12799592175346888
408,0.021085268919950058,0.09315343941062024,0.3981501722351995,0.18727009765829575,0.17091275286352167,0.04407690518736109
409,0.3528568880096412,0.15740000918481845,0.5448313371564452,0.012663738636639275,0.2149601189295923,0.18460620449786366
410,0.2925408051838464,0.26228661262983016,0.5328970418757878,0.03253295285204712,0.144058263034797,0.04534643268048899
411,0.05305752980476878,0.38433759282578095,0.22139814365922536,0.06860937157582946,0.09228025938578785,0.16852814065084276
412,0.0965904370971998,0.2968626543083631,0.34201533177208976,0.03736278589806781,0.058114386722257924,0.237871302830323
413,0.30441669386150666,0.2971105090811005,0.37863413682647173,0.024887301530761304,0.13957836760360587,0.12641576229139592
414,0.054838549334180024,0.5425499269407027,0.11363556428277524,0.18271549157531078,0.060397261282197655,0.09543123476124672
415,0.4455396808485284,0.17500346230176062,0.469740882012496,0.05163164840880571,0.23857089198180775,0.029428199312014215
416,0.09426974633885385,0.21425218590811007,0.47164838453573216,0.09842001237067544,0.06615485305738543,0.029765519807245552
417,0.0746412782857393,0.22220505064719415,0.24435500465539803,0.05233016223980571,0.2260832969112135,0.056958088732358796
418,0.16824620290213968,0.5352375462410464,0.5718852808857314,0.010167383213178624,0.23756331241679218,0.32595020353074244
419,0.05117464388425482,0.3804071987451971,0.6612000496980566,0.07384379062350786,0.05755012773353675,0.06265342845640096
420,0.38004486369090934,0.38757975368591924,0.272718172464135,0.15653317595965904,0.08739448733988774,0.048460913454171514
421,0.08066473472891805,0.48763849080985633,0.413677810483883,0.03929142373352714,0.10558520179320674,0.03345408529057518
422,0.10962037954350723,0.2848188275901473,0.32524057745516466,0.01097587185822711,0.052341880690452244,0.07934487886673991
423,0.19825831971589997,0.42418891867272823,0.08442013215761718,0.07050551221140762,0.28174279732838303,0.0796012033643564
424,0.010266370438437936,0.05709680263928984,0.46831876329433103,0.11962701828351564,0.04056160635114794,0.09038627291096295
425,0.09922853942839405,0.4029833774371575,0.33332930762843443,0.06533540295840538,0.18419574616341866,0.1529445726614531
426,0.148670226072839,0.19402310362913813,0.16733138887906068,0.04878736691989203,0.15700053436628889,0.056127890958040154
427,0.04192370414040036,0.0589012483225639,0.16819375930679867,0.03201639449085299,0.13031433122584665,0.12516934511905914
428,0.11827515518198058,0.12940803369408221,0.30173117703368485,0.035264982116648795,0.15414997641090378,0.11329039150743422
429,0.33068208935877413,0.5433387491693215,0.15497975953409568,0.030634609900160738,0.1433956043992305,0.1756537609558468
430,0.20684893237471763,0.5900313495462544,0.3780541386801789,0.26910008865860685,0.08279426643958225,0.11728721030719404
431,0.13066796405427072,0.26561707519474637,0.40550335456726005,0.18939188462638926,0.1640840870439013,0.23406048501163765
432,0.04565887073491726,0.09498906033764319,0.12458682012877412,0.17707342816297525,0.12234188970687847,0.1288577412382883
433,0.20884943877075504,0.21564067151519095,0.1981356444996612,0.05552977204760217,0.056807130813991795,0.14886758295930863
434,0.06943670893550374,0.187753010370119,0.2509226751512844,0.12301881503751252,0.0557828743255636,0.01800125287256953
435,0.16954044626516196,0.29388577552132733,0.4077131008414383,0.04895108500944498,0.09450079321175398,0.13366822699653164
436,0.3254640855701655,0.2407692364761084,0.3187901212461711,0.2005963129703154,0.3283190299973407,0.1074051395082084
437,0.14520032193074164,0.49774394055852406,0.5181063842857065,0.19690621788067253,0.2269678411051082,0.07188387321280129
438,0.08206810144622012,0.08722178213312314,0.4092040969281469,0.02930229577617654,0.1552097040834266,0.11750805715813996
439,0.017231162187548672,0.10152675504147318,0.4264290600332058,0.030704079012507834,0.15825344466552424,0.13838601633156145
440,0.12538972049547653,0.09860025284291872,0.2754421946533566,0.13693305006324208,0.11700020114335523,0.0421288369888609
441,0.18567857920026679,0.25254257494014737,0.2139822802840681,0.09772849211790927,0.26279982065976465,0.09485745964723027
442,0.04627360860780232,0.43847297371413324,0.347535629791089,0.026086546331208226,0.14599409488611853,0.15213630415617177
443,0.06309131782667256,0.4414950245491186,0.28187424205396894,0.04751692509546677,0.16556428286320918,0.144313183060419
444,0.2702563644074707,0.6549614094509176,0.105050390730173,0.029332420508556164,0.1735977904280532,0.2663296962169399
445,0.14462498857310416,0.04696941795852396,0.31722816146486715,0.09011935605670607,0.30215854076354687,0.28636100815451593
446,0.18093730418514484,0.44443673463345396,0.2025554676137371,0.05938383358500443,0.08226186089491944,0.02533197495180016
447,0.07325457334330784,0.5363877751535012,0.3585580840243957,0.11785761864012612,0.06236383821769576,0.028464305398002265
448,0.3897378739305381,0.12660682271434912,0.6765039266151261,0.07934536693090692,0.08140223084289905,0.15146759523547576
449,0.12580943810068768,0.3297079745592761,0.6149666313287897,0.2038329092104464,0.07005663724381417,0.06071932039804991
450,0.07808997155066841,0.13000466176294834,0.1893641075332373,0.14008601479903315,0.20615585590263563,0.026529332916192173
451,0.3133730979646174,0.34883615573322785,0.22553386509455725,0.024331781696142328,0.1525420376747796,0.05308964509654213
452,0.29905184641817395,0.5015440038521771,0.12071142556189113,0.030461614448404947,0.07035715417413221,0.06220270276541794
453,0.2691692883054396,0.14564764348628184,0.4398037950633491,0.09236177807593007,0.07177705876624206,0.13172560842475367
454,0.1414449634086768,0.14644070714072416,0.16140628952899808,0.10537800006590903,0.08225422308310645,0.2881024302853167
455,0.13537199844393868,0.13564066691467624,0.2936446833001766,0.04535204949916916,0.1060428225522024,0.09466607363119019
456,0.10777897841915461,0.12653156535106996,0.11515093812460443,0.23803917103172537,0.15449184088300544,0.012783210270371052
457,0.054861183439108695,0.35731857732074496,0.3435271460531699,0.07821352209400186,0.08491843011462061,0.13327687538120767
458,0.09913642396277252,0.11413487883183247,0.17921268627598416,0.007155403879360346,0.21223650806963376,0.18126320482768665
459,0.10559482056466711,0.07642210604225995,0.28395414903451494,0.08031703134936405,0.19067453763072725,0.04883884987573921
460,0.18976533765519318,0.4235813602496435,0.18370525986833974,0.06647090829508491,0.14596938269632453,0.02710243634594207
461,0.06405248789255424,0.48870493185524955,0.28098434907946784,0.0901388605772538,0.10326381327922024,0.10737596037719611
462,0.2742324911373559,0.3942459572584473,0.34554171748931434,0.08834880266764045,0.3005843488501608,0.035323855199870156
463,0.20501279635853453,0.0926591016355869,0.13423343964415427,0.33985289013324094,0.03579365251521808,0.0047361452546490785
464,0.16750813153458488,0.5664863023845145,0.5869656185186285,0.16418689112093512,0.043365883532573965,0.009025590974478678
465,0.15444372964796058,0.06422192743835033,0.36876500073126484,0.04568170364347456,0.20944290460810228,0.24740177741888428
466,0.14927597785405464,0.1874617053480845,0.5369091089323147,0.06360778105594722,0.1516042670638525,0.08566959274865756
467,0.22165040518066695,0.5534828500883677,0.40457102192994243,0.010039461207791476,0.22782851558349482,0.13003493650693146
468,0.299667935227916,0.20679955725029955,0.4584300004829479,0.01487526837782075,0.10871146804946831,0.02186297651215936
469,0.5992895657605332,0.18216681026788867,0.2886464049692847,0.05941215565172417,0.09464170004868432,0.024432704921790522
470,0.3860637000094145,0.4758791759392445,0.5058235026555056,0.01887649676245955,0.2415318082314414,0.05370145276639992
471,0.24953956816431774,0.2075089625623423,0.3558052557497552,0.07336673097047473,0.10861834476054208,0.21323011546729617
472,0.16671876688732704,0.538911965586315,0.36525677586757715,0.01957698477012479,0.06268096749617556,0.0626738072988634
473,0.23670371077192548,0.5357856680403816,0.17141764050426656,0.011033365065835939,0.14310278342750526,0.05285031993988711
474,0.4033200507554763,0.26890181698203713,0.21611010110698037,0.030541520156903434,0.27925529592473947,0.08234250160878495
475,0.24053379089363644,0.13121378957149674,0.39767321393768246,0.04018628876017772,0.20062072866296188,0.19386005032244605
476,0.16310420355188845,0.26420324170852605,0.6132304887823649,0.053655410436819304,0.06778994425899856,0.02836529443663226
477,0.0808933482141008,0.3203886796421412,0.5631990103936413,0.3150671777263466,0.056540263419149625,0.033021313798479335
478,0.17055428791341654,0.5612892871315056,0.3976775078836565,0.03659480939751577,0.3446130479132374,0.10294354253858397
479,0.11593303274269463,0.285064633959339,0.1960519906047745,0.18592067291808362,0.10159577017977198,0.04350453451660632
480,0.3925971990594672,0.13573596675172772,0.2909387581510206,0.08083623504688794,0.43586061182822017,0.06847490846352047
481,0.39870670633407723,0.19862657633645356,0.36293486294867394,0.07716868780416644,0.1552560838359996,0.1193277523493964
482,0.15766459830757537,0.5132630139843588,0.32259931558139276,0.02830849502964846,0.2348712560666649,0.07528057170290393
483,0.1674804540695687,0.29197296335356887,0.5113524146344123,0.03574866755634162,0.06529822173308161,0.018851267995159564
484,0.09433132630771927,0.10331679403590896,0.11950207807387869,0.16685138314674033,0.13684685033049598,0.12179120097008422
485,0.13903223903781864,0.2954663581827064,0.15816000079987882,0.18610423485643923,0.04248772503157986,0.030956597743778867
486,0.238481366772808,0.4912906050269557,0.3827630625933107,0.035870958083147386,0.2775105267511034,0.0955039175104943
487,0.21238707833779413,0.23621111876346032,0.35001758868011523,0.04631344073787749,0.06287509596679433,0.06054571194470497
488,0.12836403976820102,0.19551065835305154,0.09820408278654336,0.1453587783037989,0.08495670779747366,0.03388212643526342
489,0.11903831165177908,0.35552326384882016,0.5859300576190192,0.10037760270413387,0.279165544876767,0.10348795288324761
490,0.2923912246297201,0.17980226660861498,0.34488918175079764,0.021844880974380296,0.15998922457799764,0.2120966653124467
491,0.061774577895528635,0.14877710077592068,0.10099548802607333,0.2054047856260494,0.2773188951556643,0.07770771359085354
492,0.2054493695763577,0.13020520015906742,0.1795167990872152,0.0453775313650009,0.08773297366923422,0.052871791368847156
493,0.2594102248833238,0.4620731822163448,0.4020630987668747,0.20825904555127814,0.17082728573077824,0.020678237981685207
494,0.1409273161981152,0.2826792875035558,0.4897634361997129,0.10746121607906275,0.17558973565243116,0.2087806629138919
495,0.18329394821693842,0.5789283183777073,0.46738611827412885,0.038286833879421465,0.14523733879629752,0.05420355109406897
496,0.14347879347175416,0.16143141825913335,0.4563378936068664,0.05430292939679646,0.09562762785993363,0.024188120091117076
497,0.03232377577612084,0.09428551536274525,0.48181097918606863,0.05252788049421268,0.29798165311053937,0.1477234841934173
498,0.0880898323560636,0.05167455892009151,0.5822363725636363,0.02661958979285332,0.1560063658666647,0.16795271024395123
499,0.13394142996404723,0.055245394620204995,0.372101269336061,0.009034733237945842,0.13121816028536357,0.08893813303244315
500,0.11046336098582002,0.42342736461635383,0.18872214873501122,0.04635579218128015,0.2051909162700851,0.10504769658832538
501,0.03702047858623168,0.20040726678640014,0.15307933950504665,0.34150999639903984,0.07805259953470685,0.07733028586028817
502,0.20534863472869289,0.32855571734521954,0.531585354577412,0.07914827452474939,0.1224012685800222,0.0866024743285208
503,0.10457672679868062,0.29890425411025523,0.5061718813075383,0.05114794110726301,0.1379655639452095,0.035325923839872
504,0.12750339805140629,0.47533536253784336,0.6294227314962669,0.10934170778765687,0.13114500070960863,0.019431241326509457
505,0.0473151606338771,0.3210115837737203,0.4757957007369104,0.1296729476390481,0.2780427421530038,0.17146850099298494
506,0.1522042309578378,0.4474253488697268,0.41678002872822034,0.06566368783297961,0.09262301475127245,0.14573947487415106
507,0.358639489843319,0.28012899248446566,0.41794412105709816,0.07483765613460391,0.03922423300417195,0.02512720731515057
508,0.38915869908978845,0.8172931280901962,0.6094137303517255,0.18713756813269697,0.11159203225212153,0.09489826816440447
509,0.22995569189911677,0.6167563455274389,0.3043313685578717,0.11705889988463775,0.04576274316779335,0.03782696721606737
510,0.15965821683798573,0.2037098505841971,0.4090666010554402,0.21662390500053968,0.062067101954498355,0.031773655399643885
511,0.1824257979661909,0.2416066836714838,0.3095051289756925,0.0370334277266778,0.14047750925747668,0.05403630690990211
512,0.5113488357655401,0.12768552530184593,0.3908020182919814,0.0455362846225042,0.05931176755937088,0.21992854923034275
513,0.10150042223592805,0.350917668260286,0.7026816189388462,0.2932406612586926,0.21971169067734828,0.035961001652517754
514,0.22210871280339983,0.31878573791429216,0.46804266337985223,0.021300822011145443,0.06322466238885362,0.05255103189688633
515,0.09402444771830282,0.37552728362973903,0.1741929857024526,0.04829797063499763,0.23651702492181115,0.02185176758492351
516,0.22656877753052626,0.24416859690903658,0.1495728379176313,0.21727119520962812,0.29345633803641424,0.0417734805723434
517,0.09483946070137864,0.34092594313929464,0.207145790887626,0.018207938258223543,0.36341543883735844,0.01787168657259387
518,0.06655667033405893,0.0994257078678249,0.6184482395804116,0.10109669158837514,0.05756782637999744,0.11335039183338372
519,0.25247924721385384,0.3341515365168396,0.3684754247632579,0.027614758322790593,0.09676848349718706,0.1351373605006403
520,0.07975277955174667,0.18540776105426837,0.22360241483597632,0.12429727324736013,0.27918544021868896,0.11907013907010991
521,0.21996939738896865,0.4344159168071845,0.26189842455218987,0.1307282626366976,0.2215310417937366,0.0421180275102171
522,0.20849965633531573,0.27345247030342096,0.24347982510995836,0.16163428567326055,0.10246147183272329,0.053079315727956766
523,0.20472153129208287,0.6903907216246226,0.4848898245481102,0.18065460856892016,0.05223448733720138,0.01731641057383796
524,0.12182518503463537,0.1179072584655655,0.4990208140341401,0.04406474409078123,0.10816179732008852,0.05528391352763919
525,0.13988465731946123,0.3515436651889531,0.3994616683672585,0.02367232603848872,0.15816338704844804,0.1118164401941902
526,0.16015759039634367,0.11682486719934687,0.575997330915105,0.03064284521830048,0.1454852716898112,0.06143591352805991
527,0.0700329799647405,0.12414405129560653,0.3609080395981451,0.2200154896072299,0.09699754045169857,0.13781912792300327
528,0.15853668768252924,0.2572635752067364,0.3782325686711291,0.13956494608253558,0.08437420055716797,0.1375654674780205
529,0.1685896712421394,0.23570429363205597,0.2830821083320406,0.07336313384856386,0.2605570872893577,0.02178780760525987
530,0.029077120862074347,0.13478777827270771,0.17255547202310695,0.0716065685013885,0.20203039211661672,0.055066899801913254
531,0.11948302466636507,0.7339014044967423,0.6062777117299681,0.015544676784971106,0.14588957373605763,0.035412453271293345
532,0.03715342099483842,0.6174668168606797,0.6202878793044594,0.2436118306890526,0.20726210547662688,0.06345219416318636
533,0.21925645382664855,0.3102048234766696,0.3279805492889315,0.10761638998077791,0.02471390380023081,0.033108742675704794
534,0.11991897981845438,0.21822203678325375,0.13905829830299857,0.169687253044279,0.11617812914089103,0.01202145382415456
535,0.2822387615416207,0.4398077077913226,0.5178097635356274,0.038547876905325976,0.280285695198039,0.11206422048282258
536,0.11507077004217019,0.19703108602733319,0.4001687928922719,0.09347198259505354,0.0886535960725545,0.15477804044780116
537,0.13808965602873088,0.1798165019098937,0.48346190436794095,0.08101179059800104,0.11343952959131072,0.054499240050213796
538,0.17237433012615586,0.0776196106692147,0.3036532709106429,0.09708785597116013,0.09253487065834852,0.10050163803110436
539,0.05817554513800948,0.5580154533990304,0.32805254626037417,0.01864978123384135,0.12706317942035572,0.10884184112629554
540,0.19813254683449338,0.40411883540445265,0.4028735378473381,0.22852739962208762,0.11319632888752963,0.2016769946800504
541,0.11264818200045587,0.14518390539464565,0.590688538444959,0.06546713368717448,0.052492949890535115,0.10094889866999471
542,0.031158027044118207,0.2968943141356978,0.6334847332831297,0.10384752284483413,0.09622317244523855,0.01003285844914031
543,0.14155660853987123,0.33112803361708065,0.3943224402275192,0.03790839447213743,0.120222857432115,0.105741583731332
544,0.34268440147902524,0.32272271557469556,0.2682710917186944,0.0327827174897353,0.12499834154482697,0.0955687315859584
545,0.11773000128635318,0.548998466645797,0.392276963499285,0.05021048976635917,0.15938228602481697,0.13735210211505391
546,0.2878673254615649,0.4319787309289467,0.27662836457943535,0.06740540048935231,0.17705364500707974,0.0726009730842693
547,0.14203411880749278,0.49914009560065914,0.5505338349550193,0.13221398269741516,0.16845304941217126,0.15760805409693618
548,0.11177458786896022,0.29622960196358034,0.3129795483295978,0.03140975746002884,0.22303577328068538,0.037091174318171063
549,0.38471387097498755,0.34635776154072845,0.36094703481588564,0.049987931875262744,0.1196672766378877,0.051953274890903796
550,0.32781884939010786,0.23095615346542323,0.13705796195456593,0.05085922437034602,0.08524543595668331,0.17154990624423722
551,0.09189179216563723,0.08392067328935507,0.29955565786976907,0.05414138715575738,0.04369889981917537,0.051565496951255424
552,0.017221122022206308,0.39718908900204164,0.48657965166777506,0.11836347710363639,0.037066333042052035,0.17852677227220934
553,0.06123465191363447,0.15384633692369284,0.2052814593610712,0.19277087904583678,0.061743405529027275,0.04142461272650351
554,0.19782057543195106,0.49876868541352465,0.4827872862437927,0.04280994222740913,0.23040181214927344,0.1468436916642326
555,0.08276020461703396,0.4467539202859797,0.4545217241782406,0.13670746477679208,0.12964925726951682,0.19439283529194729
556,0.06279535089359095,0.14533721106503017,0.17068926352565642,0.15807561563250705,0.17850828185219056,0.08114418736220358
557,0.20661914091758293,0.13893378665992465,0.3484845284877907,0.18829930847360657,0.05461175360153135,0.08442667092412019
558,0.10555261941601649,0.14416721982434463,0.43794947723293043,0.1485741033879185,0.1791553260440757,0.06288093774780132
559,0.061409698588647754,0.498086803088227,0.36209385870250144,0.20717045639490606,0.07073714252392091,0.01325685706959902
560,0.035162062942839405,0.2041664355015502,0.14873868416277292,0.3158844659056862,0.08607552844897286,0.008658619437705134
561,0.038285864871473035,0.04831467853840094,0.39244807488364886,0.19285099049792628,0.07403590530197167,0.018036844424408654
562,0.183229049502217,0.7014921146463081,0.2830405106752796,0.09809775138019917,0.21965168975131572,0.06126986655869727
563,0.11584838576397864,0.16758173770700815,0.2133958358003027,0.09389856316707715,0.3485821094377834,0.0533248934957133
564,0.057559505643969854,0.2451499775432233,0.17275698893609948,0.024292775532426036,0.22107623935129742,0.04453044207844904
565,0.3820693047717524,0.5526586958811137,0.4201705820032878,0.019626922603162494,0.15897001595921112,0.1511524876423436
566,0.14180526849433894,0.5241495087165103,0.306037500674249,0.06756133748870859,0.3124819888294658,0.1591611472059692
567,0.0748583918633557,0.4018727255231637,0.2716311249301201,0.06268609017720234,0.2027834515488425,0.036324850107489315
568,0.050284592375459215,0.14780286113821695,0.1267276631201027,0.02740490594788357,0.13642782165603407,0.06555456673459217
569,0.36697505279923776,0.044781755948974426,0.2558447760534269,0.031232485209815114,0.07112254208571551,0.04192094021641692
570,0.2584898595118332,0.18069428098847568,0.2852154475448852,0.09452648860293227,0.2296424489854126,0.2052935895933713
571,0.09308901065953241,0.46868406707799315,0.28722327595928604,0.09644411088472021,0.1099129426129754,0.06022783309239135
572,0.31823030355944515,0.21347417198686627,0.20953636198864523,0.014088531233889982,0.12517920929297544,0.032806462993301234
573,0.15633953574697998,0.22321780851726225,0.4773145385122878,0.1960572790836125,0.08673420204742902,0.21170127831449936
574,0.26420933210932457,0.09919796047936934,0.14449444012416948,0.06372435891425055,0.1450154632147824,0.03920412393044694
575,0.28965316696132376,0.6524840535752723,0.17647508505932064,0.04043210927571263,0.108982313407172,0.040532414343121694
576,0.08167880965857818,0.24792782488872225,0.3834881699991374,0.046603821252867904,0.07668894056458342,0.0937718008183743
577,0.12339370172359358,0.15626830614835185,0.2604227970888743,0.16547074583827964,0.23604698790663609,0.04554498438512602
578,0.09726396559678867,0.17938645229767758,0.07150800823637511,0.11834596188414415,0.1618014933513984,0.046488077657597944
579,0.2290256652787381,0.07776067309246881,0.3750770218173443,0.2042619897582686,0.10650114503732828,0.06257056949466032
580,0.14958031990368803,0.5364861359754268,0.23662239130793983,0.10742595023066896,0.052934242812995184,0.15199391126811101
581,0.24476515007121802,0.19464717709710924,0.18648264991961247,0.1235217395796761,0.28854531123485677,0.17728527172471423
582,0.20432012208003705,0.38579200616328146,0.5496141199441898,0.11025106572001112,0.11543508806305397,0.28804511135894567
583,0.08595055204319689,0.06696117065406047,0.4394245438688019,0.07966275951393181,0.1512478202976917,0.021982633312836574
584,0.14939024762653033,0.2094828281529233,0.4871007833482329,0.07832618447472496,0.03009337281330723,0.027668738642604124
585,0.17590105205861734,0.3470933608382863,0.3121462659915037,0.042999950992406985,0.06360535853168596,0.05492062036859215
586,0.12824211870583963,0.2417695971560136,0.384087597994342,0.11198246005247421,0.08897700796042696,0.03691649325150689
587,0.31139679366501233,0.10549907792684142,0.5079756772297749,0.041601888256357494,0.32075242896518735,0.053066029341732615
588,0.18511112575435842,0.11543485254697006,0.4511108483394765,0.09723224886207857,0.09177675647866024,0.05249261165935418
589,0.10063185469985227,0.12447976594306998,0.5217684473693273,0.25133988470430974,0.0743227363217944,0.181204856681778
590,0.1974861069931937,0.5886834719447024,0.6493792745371805,0.21166198636123887,0.02045765041738413,0.007506401649794314
591,0.1782129813355995,0.36936782452254685,0.4786428190687394,0.035189892553386164,0.1087609930990185,0.037552093006010756
592,0.21055786960279113,0.2773551465518817,0.16943426404521975,0.13521262195307038,0.2185044010978565,0.02015112787976675
593,0.3494558689544526,0.6897081782263007,0.1593553031587064,0.08601089445091659,0.3573147806331735,0.03132575231149346
594,0.18779063739848165,0.4345468462629294,0.3274149956465414,0.10713289973634126,0.08296542315153713,0.09388182632985645
595,0.15894327138832862,0.34268283083405926,0.15793677217409663,0.06379357119438844,0.10723295664386807,0.09360501162759563
596,0.4431734299362586,0.5395418474877736,0.6506506010941419,0.04889133714605786,0.20676185203558986,0.06718610545725913
597,0.21984272047829062,0.29283548431953077,0.29070782240691934,0.019805511114792795,0.08955292243458109,0.06229988442436159
598,0.15163932876918743,0.2553701235912684,0.39595791345620135,0.05808553813243046,0.03794579914516366,0.091155310556572
599,0.2250947199021464,0.08092822119738793,0.5044326092910414,0.027563411815885213,0.025814680820111447,0.01821134821718137
600,0.1093745523302318,0.06740651455976537,0.43755945417800224,0.22577913634017915,0.034142952085931315,0.020059084928934722
601,0.06648553368089448,0.4316561523443173,0.5671876058311921,0.08253330566028007,0.02451415564359069,0.02092875582005859
602,0.261893149390998,0.1279128944228378,0.297400273342917,0.021604431352415732,0.12695245522952803,0.04075449052778042
603,0.15278674938475534,0.10811131548277063,0.6256115987709656,0.02832773130292745,0.07545908404121635,0.10155260494648886
604,0.3609838123620867,0.20001277495277756,0.5086446151647659,0.049045369043798824,0.12095604279697514,0.027724696480323444
605,0.0878456500003359,0.649143199775609,0.2965589866243398,0.14520492014246028,0.07914116696953755,0.07343341818676292
606,0.19212817775464316,0.6921356679040773,0.6208762799145274,0.18588812866565307,0.09487992053726238,0.013336616928326061
607,0.11790059897742601,0.29971414215389214,0.2837673780929852,0.03117096102727919,0.16116471908930424,0.1526766885788713
608,0.1608149114195707,0.17420852253430238,0.18402764504463298,0.025453486215247248,0.16569515692277673,0.09580847181668828
609,0.027841079446917563,0.14490676480274262,0.14159815220918237,0.15639654098732111,0.07235568260974366,0.07888081287675051
610,0.06959939017850787,0.2351983506264789,0.38377224348086253,0.3781747394672418,0.13097184223795028,0.07780534754833092
611,0.11226975720149493,0.10011734094109631,0.2476123235368263,0.144255450864203,0.1949328505770963,0.14590417352885743
612,0.26112119640639686,0.48162284991561766,0.40617322225478597,0.01664366475902225,0.2409096718435615,0.0635411876125978
613,0.10278630241175654,0.09129082302086988,0.2705851131890194,0.1424693679567996,0.08326325912676806,0.05913612785556019
614,0.2712946398507845,0.27749803647474724,0.2035905978635032,0.0291185471796154,0.07241382629684466,0.10107956925867183
615,0.2133104354833858,0.20408448163766274,0.08035971658512747,0.12068151551208735,0.10380613384664575,0.03951198365940427
616,0.20819433634771206,0.08421883776349666,0.6646040258559528,0.029199948184545393,0.10374265194002563,0.04741620156884699
617,0.03156901069041728,0.3637831094707058,0.1303641756661206,0.1222421714669283,0.08084881305089252,0.05439196761585456
618,0.20433406473340673,0.16188612636970998,0.2566901696923012,0.06182310372637111,0.08914955810380766,0.06258355852914006
619,0.11893556925011571,0.41224865514880044,0.6768636052966202,0.005686890594306415,0.06599184412954634,0.05087903999972512
620,0.15444029355654454,0.1386717912697974,0.23266570014455762,0.06745039458363593,0.2672873862333714,0.06043913651321803
621,0.2916460213665595,0.14518404958400477,0.20950280429084406,0.016981417089533248,0.07483070957009626,0.1290346571559623
622,0.4389365616357984,0.1681156503456364,0.4862039039070847,0.1803970372855625,0.3977114130308742,0.04640446278971906
623,0.3284920712702663,0.17485025698228482,0.1606903041929849,0.1091122730722842,0.1311142938759102,0.16078687027477317
624,0.1340001091127332,0.2714485677284862,0.38587695476549916,0.17807049675812758,0.15401718109547846,0.17052224015906864
625,0.13580514314429956,0.5491484106344494,0.44118698691635383,0.06959238364516451,0.12690372435968883,0.14097244583587065
626,0.11944973321420894,0.32241603016758025,0.10937717791328375,0.10377184952352297,0.11883562621547142,0.1255959431211336
627,0.023363663669003876,0.5976971692057391,0.32880666921289115,0.11002772723780876,0.06818075444858727,0.021771242706432558
628,0.18938952302881404,0.6088525668221588,0.46856693111848047,0.05000744767520292,0.2529364193944866,0.12489857924815609
629,0.27321294232550825,0.1985101910909796,0.37334442738411544,0.029135877534006826,0.1241199754930073,0.22704214861158753
630,0.1304290635511078,0.05837434022133037,0.4101790053277566,0.08845173853907909,0.0314476836873463,0.02333883405932953
631,0.14551420086440633,0.4908891153672272,0.4154001022385027,0.13726899871880846,0.091849650838931,0.07864783579125313
632,0.21117602130664218,0.3734683888953966,0.5158320899181229,0.04221026284802697,0.021403654153782977,0.03870526103928444
633,0.2403084813859292,0.20469361119329554,0.24009910089121939,0.08115090448945268,0.1435591713281827,0.11306491762421843
634,0.16014867771143726,0.21917730428055476,0.7143791078941526,0.04520703543432858,0.09123650235839549,0.12505042143916845
635,0.2126320241398847,0.3672865942179067,0.4436241379703472,0.05857734888218728,0.1560468896801732,0.06452525876275916
636,0.14829981760005614,0.38734092956124644,0.4238284794659931,0.0240695881328809,0.13243418008044272,0.06807572115348458
637,0.15326136623466147,0.12732474821551978,0.3580603099772262,0.01987486134103828,0.02560281190429402,0.036042175354148644
638,0.08246164058375288,0.5610560998855963,0.5055404402833539,0.03224356908880717,0.1395991181853425,0.12889671719961981
639,0.16423927150278098,0.034253672862253906,0.17261963540398081,0.033806851862124246,0.11208728575074633,0.12349830199032139
640,0.14194206206410784,0.1614564467147798,0.16584785076032615,0.05026819156456819,0.045585802863609255,0.056833696840118346
641,0.14805413229423794,0.39353267927767827,0.16462484546323913,0.07858341814401398,0.03182600990525399,0.009038149383151365
642,0.21375666177853542,0.36197876087049097,0.19741820883146152,0.07232631986355699,0.1307128395396468,0.052962086775112126
643,0.229799241731303,0.08078989371821216,0.22455914953568662,0.16138105944568676,0.2691473663942158,0.08454418680303373
644,0.09871443588738991,0.25409740476817844,0.673655653024004,0.1993270508449104,0.08906225948999233,0.048923090221814375
645,0.17321147763522501,0.3016737619196928,0.2843648761907547,0.0252236181460919,0.06870337274957833,0.020543811523506945
646,0.12772956837404545,0.13232628289076284,0.3856826637603958,0.11859107983907485,0.06371494367227291,0.07275171970251419
647,0.12871063887405287,0.22596755932515955,0.4375397545181078,0.23695457242605894,0.03840665835972743,0.024767339419386823
648,0.16148039338089257,0.20358743511765337,0.5434157365087594,0.16454736350830843,0.27855420590883007,0.0732910729680534
649,0.18172545863912876,0.30774563565863366,0.5396584508507088,0.10340135208301733,0.17979106364194916,0.05117635340036419
650,0.16686815873579897,0.2520161315565739,0.10070491375783351,0.0609040782355542,0.02467529968260992,0.024731492853264047
651,0.06904863888402345,0.4494260027622019,0.2581688407449589,0.07702034350030168,0.1403768247321542,0.20754817611452317
652,0.09053966006192746,0.6380084762794501,0.5774784376250438,0.024246177565461404,0.2769042512832914,0.10276079872963907
653,0.10058700539773698,0.2933968845013669,0.49671909079539084,0.16196093739181922,0.08462356563734358,0.016620926813308002
654,0.11322454031415302,0.5962452925384969,0.6460709922331661,0.10348296041613878,0.08350643208315635,0.04997400082684786
655,0.29729158644676373,0.10142509194820798,0.5695724120258214,0.06191663654008819,0.03128119641684346,0.038038385632746384
656,0.08691959102024323,0.2830316128470042,0.5305952911620281,0.1636310443870424,0.3300416315652055,0.05586842106143455
657,0.4207245883267638,0.08411890437062267,0.46686600583460136,0.015066661100399614,0.17550286282451324,0.025757416652217816
658,0.254654343320083,0.2783034096785642,0.1450710689481907,0.02771313733532309,0.05409684118631284,0.06442211296094702
659,0.16101541565118155,0.22228815314767983,0.42576288021051895,0.019968615844534614,0.18584899317441725,0.17301535726871675
660,0.33623967627937323,0.46716245383968935,0.26587214166074824,0.15578179868198516,0.36832048382488936,0.0074923677264673435
661,0.055294297703135584,0.14247327432725412,0.2348465884035201,0.06959018475073292,0.16975026669644852,0.145970842666621
662,0.14504946774151173,0.3012284026075373,0.27801801140315,0.02253579733666053,0.06105195998582376,0.06047426270258305
663,0.16557825822401837,0.1088827607268085,0.6106287629638988,0.11174464791219484,0.2850655244328102,0.2649416177954094
664,0.25788939804783956,0.4121350779270109,0.4158854605975327,0.08943847907059897,0.21108199277369866,0.07041971243288563
665,0.30246866438302794,0.1225396694027087,0.22411822817335367,0.09766530289433596,0.18175760983327097,0.15393427113470762
666,0.3382590538748348,0.5996128501555377,0.5270346976261885,0.06742288046565034,0.048183367365778475,0.048888237410051084
667,0.27215026448486457,0.5493196944429782,0.5232702480328096,0.1255176503531572,0.31213042260394297,0.027137560997359905
668,0.03213210608961945,0.15998785116336425,0.29825264297103643,0.17532793534578708,0.09746596046647825,0.06302053411694636
669,0.08211293488684672,0.5315779389799158,0.5385080879587332,0.20657023770765273,0.20225823872691226,0.05111958420493003
670,0.18446801861897955,0.08533095293565388,0.27466922082558587,0.0586045249256181,0.17123613115026776,0.04788572709232444
671,0.30267641847191057,0.3354033249268112,0.17016511629074374,0.02826912089747391,0.13629544492595894,0.14445002717858738
672,0.07994911706356064,0.13757744348044884,0.41810051285878763,0.055096487994591534,0.17945497992146645,0.13247465603516007
673,0.031054122925680657,0.7227899162913388,0.3498834407039913,0.12088890534995768,0.1815756296114914,0.0147146142766802
674,0.1833200736155495,0.3950595738201072,0.3395756357438218,0.03859248135956182,0.27029414466122137,0.0549055357645261
675,0.19291439348716186,0.19375520748677424,0.07794493668877049,0.2529846625774835,0.021042682032713853,0.016156095377857026
676,0.10773509021201856,0.11283371426892352,0.18019584778610648,0.11144609596435029,0.31176406785905725,0.1154777655626577
677,0.09606311248614983,0.06027714938082473,0.1494615480701757,0.15584360402340477,0.27587045984048747,0.06940176443671736
678,0.25819269692488206,0.4893032041279223,0.5261680576756872,0.09585613676879932,0.2853645561772403,0.15301592032359665
679,0.17284489222548668,0.40794965635326313,0.35872351149507264,0.041284538582954285,0.1978362290565663,0.12512570485410118
680,0.0684770348807537,0.09214158844978236,0.26082035204937176,0.15458944015469633,0.14164107506584492,0.190471620636738
681,0.3202101501722401,0.2463692710769059,0.12591054356650794,0.10191189603451098,0.0697256307466146,0.17053870000630195
682,0.15221408107370138,0.22502950860408716,0.5327568330467637,0.03959432370437148,0.07194978225794539,0.05433035624670577
683,0.0902435445364296,0.22379969966079197,0.20507308119999343,0.035836262230495956,0.1260228531415168,0.07985259385976168
684,0.5376918681318164,0.5027746028950608,0.18995628411328166,0.04009994060441955,0.06829393079729365,0.04660907088586656
685,0.08985918824186367,0.20978560139460256,0.7816213102467205,0.12985337808388367,0.03204102812825888,0.022722183935700777
686,0.11530990949524295,0.2889199057673699,0.3826956598973936,0.11663996569552534,0.3224173413778031,0.055595088700981954
687,0.019951673418691456,0.029803799685912704,0.7163886424726075,0.013754583966522202,0.3358464980728466,0.12075196955414418
688,0.03630492600836195,0.06199343446831637,0.45183430004894437,0.05459406268549345,0.22523527679350014,0.19768041539628373
689,0.28871605567840775,0.260439178023448,0.6519994009223501,0.16844755425120467,0.12276765730216611,0.2108262382735345
690,0.21903215277980762,0.14471533584905452,0.5034112161746547,0.06190536234474994,0.10742671369959023,0.08573462583975273
691,0.242913770371252,0.13700429307250955,0.24561415669314787,0.141879815125263,0.1021414526508016,0.03656933004600213
692,0.34330519744988547,0.1679258660536697,0.47726256647145554,0.0531681147104441,0.09346625793528823,0.04489845960432017
693,0.44690935644772667,0.551598478189173,0.07050545034998988,0.03555768330793701,0.07727214156589408,0.13974033442543532
694,0.0397276483161038,0.06802075984989914,0.4599283980973237,0.26354521052013175,0.12036460324483839,0.02040215652255131
695,0.13938972498550242,0.3138407355102662,0.5255767640645822,0.030386240770857952,0.06336913086933951,0.16179417124783183
696,0.37976717570480956,0.2382770855932394,0.6347092437915853,0.022287482541309925,0.047484068576837624,0.05634242223197555
697,0.13462306794853762,0.1761332288056905,0.2349192564570596,0.03656963951051797,0.20913904387639665,0.15089011687196993
698,0.16127468331674544,0.734085907564682,0.6521116424209864,0.11417055323479917,0.0957255936068581,0.09035457213410936
699,0.0994653447215172,0.2364344317271776,0.1623043815506333,0.04325767510931817,0.12474716764488966,0.13500609718381396
700,0.09678584796931906,0.26869247634087234,0.5232898541980494,0.14535065418495732,0.06833947528051701,0.03929734582442581
701,0.4456057983870218,0.6148683779552574,0.49929885618929626,0.049086609000102956,0.04710541570192001,0.016548293139617136
702,0.06515034624686981,0.10840852734958754,0.3995981487769181,0.10394495996816043,0.30684298900348633,0.19258394967982775
703,0.08318993930581851,0.10585201643531493,0.25009719173174294,0.020777818822871386,0.21511478668697148,0.08920501739869936
704,0.03144416581464111,0.0585140418439365,0.05402149793085801,0.040558960807800436,0.17508016077685828,0.015243459981824015
705,0.08362459124773242,0.10652048405922927,0.34362825188623625,0.061156573709583543,0.1427501614040357,0.16388877909524596
706,0.10176729696638945,0.3238654214206751,0.4316978381945441,0.02820244404592012,0.2936209961627931,0.04813640321520269
707,0.14738131603441582,0.21546294004109598,0.2736746328940718,0.03873485866427163,0.20663106713886173,0.1399893945072831
708,0.15648305079153985,0.3474364560017663,0.4177787044664663,0.041760464401962114,0.19123785677353078,0.1189056927512562
709,0.1597846928711816,0.20102557644205601,0.17422988197334202,0.1185385957582975,0.27219748523871057,0.09232897704606162
710,0.28785654333730465,0.34878583809650104,0.42691439331226694,0.022376461013614044,0.17653425135350062,0.08002810457778249
711,0.49884693545169473,0.3323643212788772,0.3471977020367492,0.2118042571722046,0.10059523463723168,0.03219137909631182
712,0.23007158793389904,0.5580089213537687,0.16611380466417192,0.0434303806561018,0.14065581944233205,0.1656956796113438
713,0.10412751768221663,0.1990518574313299,0.31102117726067086,0.0426920631400712,0.08045925853364741,0.07398857485106412
714,0.17571571831243585,0.18022448011604533,0.06265874039865107,0.0594376674946301,0.032810775535030236,0.01110245416654876
715,0.32952204540864743,0.538028566690568,0.37847730295039744,0.03937913130820398,0.08712093157561546,0.017442305497929335
716,0.1367343238576285,0.09399167636771935,0.4734458410623627,0.146813186435423,0.12142249670353536,0.17703710083707927
717,0.25763990023462,0.38289192105057845,0.17589879465540276,0.19269607603680425,0.04994293107211147,0.007282526832650882
718,0.2638599932098539,0.3458716685165646,0.27749106245316346,0.06705229336545307,0.06070500185376142,0.044802832624047544
719,0.11505570986298849,0.35589835754492094,0.34835397485010144,0.21583056184478466,0.2826806643325818,0.1228974603204595
720,0.35721057284701113,0.35100629974527836,0.21875560247267223,0.0689735231374897,0.18253860890062146,0.09530608840411411
721,0.18646000020985984,0.3115145712669763,0.37844783656286,0.02787056148010998,0.16310538601041005,0.17487274460101462
722,0.34517475555737076,0.2047122247501005,0.4787942887778104,0.010160302787735605,0.19895902630703952,0.11729613129839855
723,0.18428455084662484,0.18553258908878295,0.3555109831958788,0.022901138321687095,0.07207701480063618,0.032713912785596634
724,0.29159951653223076,0.527178319972535,0.4852667011227338,0.11679668518571776,0.20723368633692651,0.16265675738225965
725,0.07770836131550973,0.31599022231977536,0.09724984985617702,0.13285750787626124,0.17681045804380802,0.036301876771657096
726,0.16468101457545659,0.5159616481748914,0.08242902222577625,0.027370218168928526,0.08441301579797864,0.09143464498009479
727,0.07954076722749548,0.5049115881896147,0.30290416406625237,0.10540511997868583,0.300026988257761,0.121796592959624
728,0.08026290949250571,0.045706818350493714,0.0512836372334706,0.04793867649059221,0.14418132422031865,0.10168710040518604
729,0.0490472170773087,0.1250985345190942,0.14159980894347954,0.022156621598245985,0.11979590703199615,0.1071745127319812
730,0.20381786487633752,0.1408521899334481,0.392946408934933,0.1898765967626137,0.16557999462525758,0.08551998317623848
731,0.12596932658232374,0.2749614932828755,0.506287315637918,0.03625868209673593,0.2089301206135723,0.03348063657716632
732,0.37760842058067545,0.2958754878334682,0.6285646385161757,0.03934960587468744,0.22685693751371963,0.242302776519369
733,0.06119563060037592,0.30597216538391675,0.16945990644393935,0.04138571210397489,0.04026880360090439,0.034019644339461474
734,0.11419770607574767,0.23027860464911226,0.6245944912977549,0.19326488343491122,0.19354286186489794,0.016789949258653552
735,0.33549554035622,0.2418522609037028,0.16505668378835128,0.017982368676489474,0.3229163160968915,0.2646567176015506
736,0.04239084979642394,0.10093459357411061,0.42512972575518626,0.12203529538285397,0.07877959804932484,0.044423279329826475
737,0.094238780557318,0.38615926270753204,0.7907821752884958,0.12665688612933734,0.08977758729990161,0.21158786580614958
738,0.1363950618894492,0.4591915573965166,0.15975662028963566,0.05747241278291995,0.412767601534844,0.09667555444041435
739,0.057705488946701786,0.13455912503083997,0.22657492339125423,0.013010082100063058,0.12204538139666093,0.17973936863956488
740,0.1290124876671801,0.07097552136502379,0.546206618732187,0.050414773905092344,0.2730214015250535,0.22022807311737247
741,0.11816124945113422,0.46304431252257366,0.5724261747758287,0.0217042918840561,0.465891361807877,0.017278852951172197
742,0.160297744224065,0.08568400109678698,0.4268072610519662,0.056982516114815966,0.17963447420140036,0.04887205396241759
743,0.16763018428413276,0.6954963170863795,0.33997393344093885,0.01931739098849254,0.17555928212222507,0.02131467523542935
744,0.1019590109393779,0.37050503870955803,0.7536430253440275,0.09192306265856245,0.047135983274102046,0.1459356552442488
745,0.05038034790870997,0.14702097428396024,0.2574086146013683,0.007142770199179674,0.04823510201140141,0.1865786509099865
746,0.06684832377836568,0.44448591741897187,0.48004851425387995,0.2501225695387185,0.14007605612413707,0.02078432294153156
747,0.23943354804628525,0.11569696346205358,0.29168634337209814,0.05067654626225432,0.29308100415152494,0.0823477559500184
748,0.3015007065751403,0.2993356238193656,0.1776322737586536,0.022124015640871766,0.27132024122279785,0.061631261991529
749,0.2921494728359342,0.14670111999064203,0.6602145685321221,0.10344369820091286,0.023022652146405215,0.04754755231689429
750,0.14934145900217344,0.1585679634605782,0.10680120994110011,0.11547329913501135,0.0818607753816342,0.10398291931005407
751,0.24953539565612212,0.33250410392078333,0.5771912521079817,0.04533258808520099,0.22241000328340851,0.08198215576539321
752,0.1578937407873939,0.17083626134544055,0.2707992146127061,0.052652994754448436,0.2249381495871456,0.06289249319128391
753,0.2100108267443366,0.24444287995578526,0.5397775548344982,0.04646145823496229,0.05485836628158288,0.02545201728730105
754,0.35286809522095586,0.196653526938146,0.3532601782271351,0.04732323865683598,0.2481984469729547,0.17364206440410415
755,0.06323624423851397,0.2211930159345405,0.5870927498446953,0.03190743054756356,0.12097539945892717,0.08694750093209105
756,0.3491621961114658,0.6252884493030606,0.3613522425147523,0.06654989236279367,0.11478441428990573,0.11773904188537516
757,0.020606064854824822,0.7495285073538425,0.6691279531596546,0.20038463250689104,0.010763594463889506,0.006758273471443321
758,0.10377187683577996,0.24702848743858483,0.47698843440897615,0.012697834871148268,0.056361341740424696,0.06141741282311358
759,0.21874642280898104,0.18241688373902226,0.39912626691006564,0.07491172792287501,0.24757605573296623,0.05109043537633056
760,0.35540593710015583,0.36859962790942585,0.15208548708235434,0.020843436850067513,0.017226040409688073,0.021207636700445596
761,0.07131559864528395,0.30690572084678935,0.3780860932140664,0.036123754985892244,0.2637596080561149,0.22522440073458214
762,0.1611152690978009,0.4462423044137034,0.2699862359537191,0.034224372212093464,0.0758430855834297,0.11038160844266239
763,0.03802529665035414,0.11364052460536068,0.2802079235352729,0.062017992675179705,0.13819696510689017,0.04085637485816999
764,0.2889019312382478,0.05763042215319972,0.2400159199475825,0.021146014497133738,0.28989854656584524,0.12675851069489813
765,0.18663694079541715,0.6318017712050764,0.291050895415461,0.04443994519044711,0.07437496848880376,0.05591591343732107
766,0.1508920857320092,0.0997869710528971,0.3433400606138421,0.10606482065837203,0.07032132731142554,0.2481308785889071
767,0.2341102227214359,0.49047169923016465,0.36622592884285426,0.10928214668331068,0.07391627098757997,0.013009134890984667
768,0.05494141071063555,0.33149777776204503,0.392704155692526,0.0576881538560083,0.22273117220480707,0.0449120290254587
769,0.04547397809170253,0.4185632106130915,0.5110241346375559,0.1091655534694821,0.0707944103277025,0.09948785959333693
770,0.13495083148546502,0.4692404710139824,0.46105725496740224,0.044032583413526866,0.05828894663309249,0.10272275683258106
771,0.0920439517483004,0.5762141281506233,0.20729925686061632,0.07927503858647217,0.11577017161611218,0.08323351151118537
772,0.19360298991326444,0.6442414143171011,0.5653650125100261,0.08166092799898039,0.07756213572888326,0.18905849546843354
773,0.13020310094150128,0.673200217255105,0.2517448741868909,0.12002525905625408,0.026277058307235104,0.25340120047827375
774,0.06411576132296078,0.37098601741239084,0.08605718446263194,0.21298212104869532,0.07702162335536161,0.02391645736701994
775,0.26416191688799046,0.3323557749208777,0.47135423063626103,0.04536331628710937,0.21377715758473076,0.027729216550269106
776,0.04357436376793536,0.035609886797878666,0.14008220159384124,0.242390946711188,0.15027937706640285,0.06382182941581936
777,0.19081389241273086,0.3424528472447904,0.3328346408379903,0.02445219132686554,0.20351557356282476,0.10702192712833776
778,0.07022657008976976,0.5271942726310739,0.32112537169929456,0.17678647411731696,0.08011865737687596,0.03327728021973728
779,0.3260252451002352,0.5506509800512399,0.6170861544493557,0.24180046681524664,0.2703617123970836,0.02257742057605999
780,0.1271187852631883,0.7315860660694872,0.35009386126180053,0.05261181639442775,0.2656825637583148,0.23473678325853456
781,0.1048199511614734,0.7136209881366685,0.8323088381814316,0.09533079295369878,0.11966806385768086,0.009908878867691316
782,0.23783567987299842,0.3814337294757016,0.5230958195046675,0.027950270324230985,0.1372690000288283,0.03417214859298247
783,0.16173165350630556,0.2935303737016278,0.18097518878289465,0.07143637117457743,0.19473555539609644,0.11114601777143653
784,0.24283464095358223,0.4544988278720716,0.14249294924836747,0.19945929331162585,0.3109255823397739,0.12022376904483026
785,0.32343231094241826,0.25159207808058776,0.6062753090902855,0.13222555495587945,0.23844249335868414,0.0756489398573707
786,0.28209197936416075,0.2580906424477786,0.2651442839555726,0.06347316450599733,0.170542944558819,0.09070312550901063
787,0.10295271364624455,0.27037561784764125,0.263485380642579,0.013804661800934773,0.3349671870385764,0.23551517475322556
788,0.05970331485816305,0.23778108221323893,0.2833942171427388,0.051035571506369025,0.1226035650404444,0.025860423539959532
789,0.07859483627145762,0.07903839235157187,0.1333912779426726,0.16964149662912337,0.1523303471459427,0.05079773590424771
790,0.06284841548845274,0.3228836593235612,0.08388658002119795,0.05736352533622956,0.1324131699338844,0.07668358425407193
791,0.08734815190962372,0.33093465393996657,0.488874352874747,0.02532646890346047,0.10531154175810267,0.11195410343775491
792,0.19391679454996225,0.19521906619211676,0.41402454234406927,0.03764144437794329,0.13252060192934093,0.13953388937626438
793,0.31908835526131846,0.5013027373420982,0.1848874586441028,0.043698723708182965,0.10946084123526567,0.10893853303418526
794,0.1890211173559596,0.1805131220499895,0.4963347204119041,0.05231668180756956,0.28859895480037395,0.11726946620470863
795,0.2863303257974468,0.4494543573870744,0.49998989584004394,0.11998970537833716,0.2782900843117921,0.07164941547227263
796,0.09590594320418465,0.33108453375636043,0.353719138102349,0.13565968942213819,0.18966354697792623,0.030852328606566993
797,0.20539017277815802,0.23731187547378663,0.06283207920933938,0.007032515605578144,0.0834516138836846,0.058667163651977806
798,0.32134740582230314,0.13764231113138642,0.48770939134730573,0.03549545341455497,0.12509001249715498,0.050505312979856234
799,0.027355344682544105,0.028068085300376827,0.12750611171719184,0.01936847892608018,0.1827004813437197,0.16866595178423752
800,0.20062309030840234,0.30766128310536034,0.23357606164006733,0.11625388715647006,0.1532993389328233,0.04620948754430252
801,0.17349627493813444,0.2104956331097786,0.18053227726040574,0.15364027173563463,0.13524743993870247,0.08772863251613731
802,0.025130216011227596,0.5772530631835063,0.3556710763509062,0.28135645274948845,0.08743071294495917,0.05972181001020221
803,0.07460416994219435,0.24374771157286867,0.31345748668616424,0.1733169288934041,0.06181247429168927,0.06401666895609458
804,0.03871331430286116,0.20197848765611273,0.4048129451764353,0.0833943478801917,0.09294544525085792,0.059872105156446816
805,0.2955839664269213,0.3575878577180335,0.32085666474887325,0.08263252400321426,0.08868091706741961,0.03917366243761851
806,0.17111145066694614,0.05429552358958628,0.21867297013100034,0.022148406896229662,0.1308208548611455,0.04763100273210387
807,0.28969295832779784,0.39139672066662823,0.38302036940094164,0.03671742257142613,0.08320143154004694,0.06872441117649342
808,0.29671210561939915,0.5368455367968336,0.4554918976461005,0.026733789804800904,0.11396171502910651,0.18935540074241264
809,0.13731009841977063,0.11146200625330444,0.681069480039649,0.07597999949510713,0.06949476777156616,0.04379149184752778
810,0.32696893916443265,0.09576849418752928,0.1691002753157029,0.06978087702896844,0.2591172371992528,0.12327270559545506
811,0.04959562232808994,0.2980164340785364,0.3859753843230586,0.1568565610024818,0.13338544596554688,0.10800933421319993
812,0.15495810415572603,0.1945987686014309,0.33436479456320195,0.24941156989372776,0.14441566530903183,0.021276635148952065
813,0.054950335309365675,0.7235704879629713,0.1289836574511842,0.018502171654494862,0.3145554950069154,0.06077990767202999
814,0.05333554879719557,0.46949698202971085,0.41234162500431104,0.024546489590301396,0.22673144554685704,0.05572030525302107
815,0.06746623073016891,0.4275800379388452,0.4423973438437068,0.06506062707702953,0.06383873840426395,0.06272807442694421
816,0.03212270234741971,0.05664132322091015,0.46707959271553573,0.027793263773298046,0.23542969042682715,0.009548036727436126
817,0.22517767997824437,0.6820509977538074,0.5693578655861835,0.43103438883139306,0.023238539019616304,0.06886208662510548
818,0.08588016291063842,0.6250830756699773,0.2631959904814772,0.10279093306298291,0.28586501936655817,0.014196946485575788
819,0.21395975494761676,0.4371731477448259,0.1752731103169792,0.07818519595279433,0.07354527565804592,0.21658829234444082
820,0.028228471311363773,0.03417335308810251,0.11661957220010336,0.27660834757001984,0.39462315496585676,0.06644747920163448
821,0.048217799614416135,0.15882237228778862,0.23761144059362774,0.07045408677310368,0.12331867024814336,0.018231639714164003
822,0.17244094668963833,0.5346333539918752,0.245517976665806,0.04935635530000523,0.14719525670420572,0.030381644327626016
823,0.07314529473473902,0.11662245560964613,0.22726031419877732,0.08827303113141727,0.19115908245021507,0.07576475268204949
824,0.26186466765830996,0.2322279708770036,0.2331482642276151,0.1402568129662925,0.10931593153314956,0.03058049077309714
825,0.19121191460680076,0.39605215520394144,0.2977095338837565,0.03626249880435147,0.13032978542560503,0.14149094852071825
826,0.17262460370990879,0.1477380353063663,0.049061149675841804,0.18349267031779065,0.025169795556852993,0.027575365364135976
827,0.3161442182474936,0.16209429722709623,0.2791253553615217,0.018761067973177586,0.09447006388498087,0.06678416599107902
828,0.25197797670973626,0.2872037328046722,0.7197969248480754,0.18946414964334787,0.03874501621130282,0.05599571623816523
829,0.07427709683860477,0.304617056531332,0.28835477295541534,0.08952849690968019,0.1379007657182317,0.03994878838203914
830,0.18297460709948427,0.16384211073084792,0.1648426602879113,0.09908268743520439,0.17231939457210357,0.09060420295566256
831,0.2113850453514765,0.344507573227535,0.25289550214807394,0.052731028894030814,0.12296404113446677,0.06806503723805968
832,0.08234500552673775,0.14217263080055784,0.4169979224609342,0.29134355962436626,0.024868721955455662,0.0898491941399736
833,0.19970689838658875,0.19039737619590244,0.5621053757061983,0.1727807397898303,0.13648842379000925,0.040270644589308964
834,0.23614009669081468,0.6265172321408938,0.37300309015327887,0.2261555691443382,0.17641115170989544,0.023385763342950467
835,0.28998633196400014,0.3876382999407187,0.28607538264759064,0.06289309039063774,0.047718815923517385,0.018859686644467185
836,0.10826542994652842,0.3373182566517014,0.39219274213038713,0.08840669345349837,0.13762312810802896,0.0235860858590903
837,0.29239675082737887,0.39869217198624163,0.28391139651014485,0.0324092098904207,0.10261788798767622,0.07199777148003067
838,0.0721876671403665,0.16274497291776208,0.14299320287056838,0.08592032313487555,0.08896142666490318,0.07757793985246407
839,0.03129086292790353,0.14829479811250457,0.5218333712442986,0.18086531274514633,0.09928144851178751,0.09829949995011111
840,0.3212709029760139,0.28807423547656064,0.11996756189319803,0.07183190183460966,0.1668197835859758,0.10065586163162776
841,0.12409675625686425,0.5355613761255986,0.10092489473868255,0.20583919171952222,0.2646990945647973,0.03268172039896765
842,0.14018342448965748,0.12317873686002767,0.3445109723639236,0.02371207842024867,0.1576723909860259,0.05453257861200872
843,0.1199049625544039,0.4881863159857316,0.31382888747405524,0.021648117115997643,0.2686018533393157,0.056016049433043516
844,0.2514375852651582,0.24372721047602575,0.2991626753244048,0.04155831771827766,0.39554700483959077,0.10025850955255948
845,0.25486999185572523,0.36972117250424336,0.34642462343983227,0.042612696537912824,0.1438086913206859,0.20594993318963295
846,0.1565815864307727,0.47257822025700513,0.412825295511738,0.027879624581407855,0.18665886607043455,0.14494812364796328
847,0.3733680429791082,0.3308158862504177,0.6723350425684703,0.013715079941325745,0.17427202115192914,0.054210529931913075
848,0.24663984027174893,0.033344604017672565,0.38345062468832947,0.26077082460349293,0.06982021937518512,0.08335162592636763
849,0.11898638278419171,0.2218287570753223,0.11799707952572648,0.046481866464340535,0.3177912757858232,0.018309699918467974
850,0.06786295233464923,0.6236356296967478,0.25281586677545625,0.08020186010382908,0.15795428292638175,0.03522698734066624
851,0.2361709587224395,0.29678878648605267,0.11389468692641734,0.08680073243423252,0.16968816667272066,0.2132885897941587
852,0.18197323850825894,0.06985466664386339,0.4907211715255226,0.07919884040323762,0.08216934199819956,0.028269972572125966
853,0.019324754264761747,0.15556910073589664,0.20379706394984115,0.1164333493363628,0.0479943150605736,0.03699849775293175
854,0.10233523542067197,0.16730601817634824,0.13643309294037115,0.06974999815000105,0.31900735421107956,0.07043598920974962
855,0.2750012271817762,0.2186095114249688,0.6772846581688152,0.02697600925294106,0.3891752396976265,0.02964302322466093
856,0.11326978959483923,0.1673112306854021,0.402226736159582,0.095427364312363,0.038608326508003304,0.04867378631146985
857,0.09452873602799372,0.19074274662989246,0.08275575108624154,0.09828585806113262,0.12517540756421303,0.058072867985316794
858,0.18563136412219344,0.43914691563108244,0.4756965447330655,0.15048051163511847,0.05166863459585944,0.020165493121969514
859,0.3170213399336129,0.36337851378214764,0.3825565257723278,0.046618407551058186,0.13049312249714792,0.04727089749017565
860,0.09870332652672575,0.13860201485087886,0.19139871436404973,0.06739851514237571,0.12366743435011472,0.08044853647923385
861,0.2389541716555208,0.20126193150510416,0.6005355493333286,0.06793302299468298,0.05896285617243263,0.022119984734002358
862,0.09998124571985481,0.5096721953422879,0.2532523011476745,0.018096969593982683,0.15290021929568995,0.10873652104348171
863,0.19478465238612067,0.2778015105970983,0.274673960721918,0.17899073904272808,0.06300476961415859,0.07327783721795861
864,0.09675448330906802,0.38071418700684134,0.17328401174692368,0.025159710602427925,0.09003393514851292,0.07298297757391314
865,0.16884459311468128,0.3892880912709747,0.403952867342222,0.03696832507825538,0.06653253487294243,0.08086509302021962
866,0.25634474225508896,0.4374741107438727,0.31069978572863716,0.014654922609024455,0.31288696845395314,0.1446933291609755
867,0.10900048874813666,0.18181599178731025,0.32971684706963755,0.2635020051323259,0.17512310367639244,0.06041708889981079
868,0.17391595833595042,0.243935343105121,0.525203015993947,0.018310615457802416,0.2684737777700756,0.06668827169311736
869,0.0602151155798827,0.09203568260423664,0.49630755754321687,0.07169975983219412,0.1453014263816174,0.08296460324451185
870,0.052362901863305444,0.12627186137950716,0.5156043728528256,0.024934487546178587,0.1993013370869971,0.06105876387479431
871,0.10569993403461322,0.5028042132940572,0.3589332882609619,0.1485097194567161,0.23541387216025683,0.0764410811809939
872,0.22321106768850288,0.33715667185407366,0.29357000223273794,0.18172286647861394,0.07777584790286624,0.03974637295780851
873,0.27189869181014215,0.5139627306625288,0.3438374013598796,0.032461424110554686,0.1560085629241773,0.012035318334901358
874,0.03833314543009397,0.6916018650470649,0.6486638828426003,0.18778586271087638,0.08633344139912158,0.1060253202322877
875,0.19204776539456128,0.5536157795715716,0.35370290056521136,0.00987748416775057,0.1606599251837404,0.22998439534637616
876,0.3171577881285901,0.1722323018435911,0.28177862036662027,0.05410981186061296,0.11644402869673108,0.23046341594271166
877,0.10754610726921533,0.12755863428793202,0.7434432648317645,0.047083656948733024,0.10471069024791392,0.028690158184636456
878,0.10785980127471935,0.14766684815687847,0.578584870815047,0.09557036112755797,0.12506147302472678,0.0842982436396366
879,0.08701313218774048,0.26602858298643606,0.4807855396168317,0.17785366214965287,0.2386387597805763,0.08384248840106989
880,0.05580312734995104,0.3589506177642339,0.477318917747571,0.08628435199390519,0.12437370905571704,0.06015762162924413
881,0.3317424779861746,0.6201912992900249,0.301117471412932,0.03511852821831627,0.036711177139242906,0.014011472928475663
882,0.16284817758396297,0.2155704514989884,0.4590345936938754,0.2272118521417993,0.1438740833989295,0.06742721396264753
883,0.09499521418085244,0.526352732016664,0.3636023384745967,0.018113030847638458,0.14950852221328603,0.2244151019290931
884,0.09853362549835801,0.25870579245297715,0.24204404871383092,0.03383819368225363,0.3156539455380875,0.16176716633921154
885,0.039377272813891306,0.6041744252118816,0.39696384878495394,0.04032564286062491,0.06649045370769156,0.21029050405282126
886,0.363130897024863,0.5010234911576176,0.48019238990689933,0.047005424574036385,0.17273290240361236,0.09289622733424516
887,0.18401661520122736,0.3033510261489695,0.7328233515616883,0.03515544440723126,0.0526785091013096,0.06359971160743275
888,0.1791195707243138,0.5318758895470347,0.2700198921031972,0.09448950357776925,0.15656443589812322,0.036700896236542574
889,0.21792275885893228,0.5542930829679333,0.43470225312828875,0.02947267298148786,0.06689022589731597,0.10055266061424051
890,0.219152446043363,0.22894734063570515,0.2995742162475742,0.02135044469585716,0.27309662127299816,0.09113520476909145
891,0.1911722340486195,0.26401983686402375,0.15629313995101485,0.07528008874607185,0.13277459700288485,0.05221035513683929
892,0.15270479470470186,0.6223683979412068,0.319559058638706,0.01948101513199379,0.17223264032392946,0.1326348711441961
893,0.31073406477398274,0.5623986759421478,0.2150502737001595,0.038585081780291214,0.11723577712715619,0.03711047160188576
894,0.1194282935666259,0.13073991999822687,0.6426263204416918,0.034269336957915834,0.13694038598425537,0.011753138583176682
895,0.22068222518850628,0.3757988123371522,0.4138232138826258,0.037213315495115036,0.10600202907537525,0.06595530779252344
896,0.28426846673353,0.2857674342789348,0.20173855043623368,0.05981689486009758,0.06523282001166547,0.021446124213120917
897,0.204756173384324,0.20197018196456767,0.3450101771779655,0.03268018452559492,0.2190745598200898,0.20412130443284668
898,0.041307488571687374,0.07782419945519368,0.2241691070961091,0.2217316327353967,0.2081959361807361,0.11789485125835877
899,0.0339236161928336,0.08040550106241212,0.32650218308432766,0.19278900896359025,0.2055430691481167,0.050436223948830135
900,0.3189757036470347,0.5228092020705631,0.6612033821668432,0.10038848479682866,0.09505208582563113,0.017329852206212245
901,0.06248752096921052,0.5258005034694182,0.261345828261779,0.1208707406793628,0.261094704865828,0.09862543062187008
902,0.14116715772881094,0.32189982169082837,0.459934644996417,0.19367986614943308,0.07043711611024094,0.06624066501194925
903,0.49726305086475553,0.2511087420028111,0.25241076051463396,0.043510426831971025,0.10335442271663622,0.18541370337939542
904,0.1730302554944991,0.496836797732589,0.23480867677126968,0.04733629416871624,0.33666907321104744,0.1117002627046339
905,0.16044261508620214,0.726615288815324,0.24363465103097295,0.11025947377206573,0.18340286741106157,0.12628929664759506
906,0.2701375642376685,0.23354670014943285,0.08565603409633897,0.017597508965732478,0.06556812324356948,0.28677343629214985
907,0.14971931624078091,0.23947596723603404,0.2932862900471141,0.07099415115818564,0.12928322590056368,0.0949776440884039
908,0.054083913700825895,0.15382676602985598,0.35752445650021175,0.35090797879767033,0.24538273389258025,0.031902775864771554
909,0.3745289738103875,0.28404205588163206,0.7001018795644637,0.05773793035322944,0.11672608305691816,0.04460614024362904
910,0.3737214162337955,0.21832606425783013,0.2643433514199509,0.050335934986316985,0.23410123494736151,0.06948951257204565
911,0.053798034666864246,0.5513238462153066,0.030708549179728987,0.024361407370965392,0.01912853692868663,0.016676405991073215
912,0.12711532192913744,0.12710240570728748,0.5847834611813502,0.01877244109236031,0.2344071788943849,0.04557739823589965
913,0.11479412853431924,0.34447471245499317,0.17629610481873148,0.03881423047460046,0.09158707950773194,0.10649923130401914
914,0.08956289611370792,0.3902865822276875,0.055720777180185706,0.12757600071919392,0.2013568806678636,0.09012297752575986
915,0.18199950586874897,0.6018894696164182,0.5499638514747635,0.28686880458604136,0.09596856722589144,0.08918422736965297
916,0.27684878113580974,0.25879616224708124,0.6308883647913668,0.09434495568740846,0.028205911390667072,0.04745139850928219
917,0.19568930228704381,0.06892157021472727,0.5967032239551946,0.025430115621175593,0.07187786441347722,0.16397612869184883
918,0.2591194808502344,0.6668457471120439,0.4181704568069121,0.0575806131085003,0.16613512402392286,0.12870930137318567
919,0.20838248494696957,0.11471671238257074,0.15276450055639507,0.16986288890637935,0.17344505130591728,0.016492073565092222
920,0.18369969224286273,0.43585960764860476,0.7102324270795222,0.03987361935687855,0.0794088172255139,0.09942737402305427
921,0.159539206278131,0.2035348725074866,0.20745575732781282,0.04265161564472614,0.18266687624216074,0.1762391760603764
922,0.1445706737102904,0.495864404132398,0.5447575186954263,0.12157480035903934,0.06325294773812892,0.15211780203453773
923,0.08536476382364329,0.6687992479582637,0.16189142546949037,0.15548776426880556,0.07448454383685112,0.08277407328949299
924,0.20995126614528603,0.10384751079454403,0.060184467894921274,0.06807625304078747,0.05314430060746718,0.06469475245098195
925,0.09688270419663114,0.5705851946807049,0.5971605369173271,0.04908226747287153,0.09977737712981193,0.029414493515032853
926,0.06814781424694151,0.3646286916496541,0.49955889570718087,0.12773120070918825,0.21611604656096584,0.04812926489548013
927,0.08922106353195039,0.46705431302124434,0.34578186340750383,0.03379578991462605,0.3374193452575266,0.06374428660493414
928,0.16160543047687884,0.1394891578714213,0.4910180181056171,0.042794753503942067,0.07436316308416864,0.0737987321353603
929,0.26842162857087454,0.1357150046656863,0.3921141041409833,0.05632886407368665,0.23859541399835418,0.1512567081084458
930,0.17501320033985185,0.6582314258920935,0.6788574700883573,0.018491246193760257,0.15344611655651258,0.14225622702172383
931,0.4191643286136792,0.15361222409339997,0.1517777802184673,0.269075349367061,0.03791201231240244,0.028882356132858864
932,0.46123910562342835,0.2677026427146424,0.2842589353841422,0.01784312961036751,0.08464036447288152,0.0724901650222359
933,0.08781042085641963,0.23487378242647194,0.22318882561750256,0.1904043776468804,0.23982830495599358,0.08352830647630999
934,0.08272801542102856,0.34781349140041046,0.1382583528233977,0.24910779991576149,0.09790310716204446,0.0342321481328551
935,0.04974829938909594,0.4840679863999437,0.5280994929574611,0.170969782581566,0.01925760066324794,0.009396428344254883
936,0.1921365693187851,0.1300974398190013,0.4505037467726913,0.04641130642850468,0.32200398513718514,0.03243638499906532
937,0.24579156541176259,0.45144548793813966,0.5777570823774701,0.21979586910044197,0.3567174942829421,0.21580284850719045
938,0.2667925369402362,0.16297323230658697,0.44893971267475663,0.18305408864002512,0.11644423426241837,0.011585147935374317
939,0.0808757612133069,0.40998888267947914,0.27027742276566247,0.024258643246868546,0.17822326193156926,0.02257114926364162
940,0.09493797609637807,0.2077389904852303,0.24394122422818149,0.20777209024285087,0.12989640422752544,0.11432526757275029
941,0.4102152398409862,0.07434432541495449,0.329015230478917,0.004834639917181434,0.21023659255163615,0.08434542056346081
942,0.2692370171581936,0.5137795264198458,0.6264345437063035,0.036701967480693945,0.14349082675547406,0.02592710271003852
943,0.26709845053181847,0.3432816519072742,0.382359437652886,0.16922165647924636,0.21725983803487484,0.07079620853584526
944,0.09931013858257523,0.2552003603341087,0.18577294780771464,0.06820219258852851,0.23192566158996358,0.06059958020863583
945,0.0337863236600648,0.20368595659681865,0.31525365667853833,0.18587974112778585,0.04898206630038085,0.04791720870327135
946,0.1680311675208582,0.28112417754188385,0.24144619731023678,0.06942953168582099,0.06212053593143708,0.11644689079599342
947,0.21689138331079763,0.2178513170717333,0.31134643158705294,0.03310422433696427,0.06657289299533974,0.13002813125067791
948,0.06822746997690962,0.2617148674378181,0.1822978797126972,0.08673853149454328,0.09786055448280061,0.11540685897599552
949,0.14815158955831423,0.07262152736172912,0.21341083089152532,0.01954029651462947,0.14643579792700692,0.09951392534748803
950,0.18801560234814188,0.7064246067996172,0.45616314454386736,0.01782957153350289,0.1516190562668792,0.06475237536315596
951,0.11574139447175293,0.23380083534705776,0.3864965393840909,0.052227592879489464,0.36140695809875567,0.06275458200579541
952,0.185380955053834,0.5290545904212817,0.5432460875602136,0.030613988899300785,0.0935364844328665,0.07144985102827332
953,0.12143971510143822,0.03797725074018771,0.11702120995183375,0.21407932270190147,0.17067751328767058,0.011248035579472867
954,0.38480639331674166,0.3197290548621787,0.31711926561568665,0.0759288067722887,0.04086504549922813,0.015710167746678577
955,0.15765642848724226,0.5081144876218953,0.22341535635645293,0.0585610591378518,0.28138798430155954,0.1301477280247355
956,0.259564496941912,0.1699675065389365,0.2794746441311353,0.04453127783831633,0.07986411201491156,0.014233766270484404
957,0.13615007992932857,0.26890165779637626,0.35990772538735344,0.034576248023305334,0.1181853987958902,0.018041685449916935
958,0.04289984260123022,0.22184365204165882,0.3272833715609983,0.12266549991460128,0.08989415402734866,0.007480164611947217
959,0.25213257249495774,0.7094403172675693,0.18906440995661908,0.1047653854921814,0.21440622918168226,0.3414553755773468
960,0.12869000659596957,0.13286704232169202,0.3410278105535839,0.08918774337531228,0.21518230467551516,0.05816826916264406
961,0.18762804820000303,0.4633261702444168,0.3736208627312941,0.1458505431140118,0.1311950769314973,0.08670034071554737
962,0.2031894495596997,0.15852711166340064,0.5438105680290302,0.05704939055136701,0.44239127296280223,0.1376394950644647
963,0.09859485474794624,0.20786398817677368,0.28434065462691427,0.18860682090874353,0.08602992271817791,0.05272376841985372
964,0.050138370651592074,0.10266312392423302,0.40883052490106353,0.06974085656176654,0.32870584861970725,0.20281090931216395
965,0.08528206912457963,0.17113655678170256,0.284341592743305,0.10218257516404848,0.029370852787390826,0.048544570975748144
966,0.13050109202151167,0.28324854987327025,0.4943395454991735,0.13418909981039784,0.16369426677645157,0.023035397132402793
967,0.3201221885428252,0.4893132740835583,0.5562538331818991,0.09007609284180401,0.02784269892700736,0.01668216071950205
968,0.32497512522773586,0.48016471895077467,0.315970222209093,0.05565215760883493,0.282056978797265,0.029572058670819527
969,0.24077829191893102,0.24853004174219603,0.34973727869072313,0.019050365224732323,0.20954621325624675,0.07858888581024233
970,0.24896264530114973,0.142070891505426,0.40664457623588407,0.1251047587628445,0.0947557248643175,0.21978130320508554
971,0.0788800793250837,0.4177519030195741,0.0645762396667486,0.2745122684839074,0.08306336203342224,0.037571474244713424
972,0.1359211005502464,0.3778236088800592,0.48054126672514175,0.039298984115888315,0.20204211157028948,0.049888473987681606
973,0.2196163450374347,0.48796315281051506,0.2764302831253314,0.05226998768339654,0.09794321049445164,0.18370901959695451
974,0.473322970317291,0.2453901248880282,0.5797496022094942,0.01145513522046247,0.2211072903207676,0.13586508493054722
975,0.1248238287146964,0.48734984254276786,0.2023446518015941,0.1082406095350826,0.07282570521836147,0.23082063547866657
976,0.13212996344231862,0.1681518232341608,0.27432088444589975,0.12015304411359116,0.21682202749605464,0.02699038178410736
977,0.05214492372499927,0.2996002143515786,0.10973249155014153,0.08343061642188476,0.17040608908358165,0.10594551456201982
978,0.04234290280330998,0.4195516415287905,0.09518381130357532,0.01727185414443171,0.25465375224797154,0.14184062422644003
979,0.299265117495317,0.13073181451387197,0.3756307072813971,0.015056489589306622,0.29604652582598673,0.0691326910827393
980,0.16376357765369187,0.2425541830747839,0.31363401430900545,0.1342915730130223,0.06287451845213983,0.18249159737262866
981,0.1228275370650331,0.1609308756339003,0.4510769736815188,0.0786257418638142,0.10080134421668908,0.028448042753600987
982,0.16185980083484058,0.16704672906786056,0.17185566077817693,0.20914724749601996,0.16760013058070206,0.1025062699181923
983,0.0821230649845726,0.44938832860056144,0.2406162594973507,0.0478017077397303,0.01776000506672634,0.029866835806740384
984,0.1364952831295641,0.07427640531293898,0.102723587451102,0.09447788954605363,0.2749731723528166,0.10174699681389474
985,0.11113849958736324,0.18638689177382534,0.2391440045637184,0.10147967929034783,0.1945962863723173,0.07160481137854748
986,0.2425329583332275,0.2772022059932597,0.42024032803371797,0.038078719587218875,0.17966028449532562,0.22191145873894497
987,0.1533297954036744,0.32523294516369394,0.5303092905842506,0.14301740384330947,0.06418177914629,0.008063405337420176
988,0.1804940654101891,0.40781258060455794,0.20588146382407974,0.253374494311726,0.3666943344086474,0.05191250414524879
989,0.2618249266715274,0.1761329930204065,0.33266076394079097,0.09613034752833255,0.10457909212651793,0.1250598197337089
990,0.24690615835360524,0.4695803186590592,0.03544790796670855,0.19063267072069398,0.012415629691884514,0.017246745811846757
991,0.3822536142227142,0.67303771884292,0.5517126162743689,0.07582822072124647,0.12514409745861907,0.2300668274703908
992,0.19703545258511285,0.36544457331081925,0.38134141542805144,0.26274626336946755,0.1733870022250389,0.02762798026035014
993,0.027573043622052797,0.05764427062283818,0.803020607882828,0.19034596416386626,0.23441321483245428,0.1955856367427492
994,0.16422086893467025,0.5498137731857015,0.11491049876686134,0.2219515168091686,0.18369976024276308,0.023255205283835723
995,0.3609293491400291,0.34267464053786856,0.41399321173789,0.12147713604417518,0.11584687926686665,0.06404820162995185
996,0.19985192454174042,0.20676454956767798,0.08296799254606839,0.10152769393783576,0.06612553448479745,0.1446338193850426
997,0.15971296273817287,0.08298329386822367,0.24565514006668104,0.03191380807561736,0.2634124558484313,0.12438487696463615
998,0.30779668280238276,0.20532509027323181,0.558340475703687,0.1484095433477897,0.30814856014258346,0.2626855155573212
999,0.3716253784983276,0.45971219676990327,0.6356988154259441,0.20149377416382108,0.07895056299012625,0.25048476654182306
1000,0.222941310059281,0.5196829193992258,0.33547284093480695,0.08160858947449004,0.0881531491507706,0.01846675543142036
1001,0.10057685147297672,0.2521170697448121,0.15996887856451036,0.1400876711195455,0.1626122702017653,0.06325682696043625
1002,0.2120557954422528,0.5107582128898448,0.41293370193288487,0.09195308435226196,0.14649257013597805,0.09567740757614036
1003,0.09278227184390189,0.19622784064231283,0.12797380472624387,0.03679754929414131,0.034217180458270255,0.08393925850943947
1004,0.19807517725114598,0.05922538573135427,0.40853638092302275,0.01593179331413625,0.18286357886484053,0.11640870141692675
1005,0.2104937834179416,0.28984329536502956,0.27498865696708497,0.25483703606513086,0.17738215102327853,0.10016947544324344
1006,0.18806855588070492,0.37793698732189246,0.6258967882380156,0.06568220392577838,0.18064155725014977,0.03063578545656192
1007,0.02729020996221764,0.3659609007565937,0.15770135640134225,0.15015686333210745,0.22567378101645913,0.02075235146061961
1008,0.32886793176764895,0.36314287188487465,0.32912838884935397,0.11104054758504864,0.39419980793441767,0.0847820475388561
1009,0.1530440604134459,0.5376958281893323,0.5427454593476574,0.04086936815023957,0.1286184152451714,0.11544371060061402
1010,0.12267499689821607,0.3567511253820132,0.45808721407229236,0.07889511935689039,0.11585615321667643,0.11180876051126697
1011,0.08081970478597963,0.1520874956910052,0.48293273805863085,0.08439018016206822,0.1877333334351201,0.06080257794469255
1012,0.1484570327906986,0.14753647664195293,0.45180471193991084,0.032934487213496906,0.12917960267125636,0.06318063465212682
1013,0.2658680563331242,0.37328814282736383,0.2387744199030572,0.05424239624915315,0.15092303406232946,0.031104784861631717
1014,0.3490391630695049,0.1852603374187212,0.3590990055900424,0.044358341335785256,0.06999768162317956,0.0707697976680588
1015,0.2520814496291118,0.10715309966574954,0.3197602264947022,0.06708933954494185,0.14345544175421937,0.14510318912457498
1016,0.11184840368545683,0.4730776166843715,0.24049803175694673,0.018001728544655534,0.18666055119946473,0.12485347476982164
1017,0.16340945677831342,0.2322916200595511,0.4801932542547785,0.0427160134950956,0.26944177910242784,0.15236191224667478
1018,0.35483730122598967,0.5003117242465959,0.06169563539852874,0.029705758657872235,0.15731789708478514,0.1687247548780655
1019,0.16130194341913878,0.48810421503160983,0.14706455919859882,0.12081219485297155,0.0652079592548413,0.17634105029801408
1020,0.22966797580730872,0.1018825013391298,0.5469960888126806,0.0469927449434951,0.11395284433604112,0.03736889319903891
1021,0.22842328891783795,0.4577743321284186,0.5359877635275152,0.12896580630951918,0.060134335070487314,0.030641670762076783
1022,0.12800097726766238,0.3952677358706178,0.618680355772554,0.030820734517738178,0.11520826931598843,0.06810777062598015
1023,0.3512921654022015,0.1004525278858263,0.3640946491770742,0.046234774518584806,0.19682415882150867,0.06862227836311692
1024,0.1600729565446422,0.20125641750855477,0.4795597342626664,0.0432252080902807,0.24087726483855257,0.1021925766942929
1025,0.38571465075116673,0.1769731776281971,0.6169245851424389,0.17065946804982582,0.056926968847125885,0.13839953884424805
1026,0.12105264485125329,0.08749229490301463,0.29469675260295036,0.10799880559720149,0.1445697536572212,0.334062980381744
1027,0.1423215768475022,0.2613352623526089,0.5302922842838076,0.03743162551774659,0.06337968594475045,0.06857200104392505
1028,0.09899514649681855,0.3081949489760646,0.4871253831411805,0.06954152190288028,0.17793243746315204,0.16768194061736477
1029,0.3893075624328392,0.5385373932188978,0.5459354585043575,0.08629927150701094,0.36477758151145845,0.015391371971786683
1030,0.19864782762413985,0.19101703524204375,0.42039278684556985,0.12668242600959276,0.12707052170725158,0.07587927646250288
1031,0.2140324337022134,0.6425141747478373,0.6161998237264801,0.046803023481711885,0.06661260378467712,0.07805309224560873
1032,0.11870044206575284,0.42406679065594816,0.20955245744991843,0.09041193829784083,0.18822514766370002,0.03876691058919584
1033,0.24939520653377165,0.21417013571163923,0.5347304440803731,0.028440555949066217,0.14019413557058855,0.04044693813997972
1034,0.32827474778232074,0.7952010611749842,0.26152374231159864,0.020874931611262127,0.07429458286304072,0.08508744037554301
1035,0.09607372701567614,0.34788279828242036,0.5920339912456912,0.11943882723302589,0.14016348320136082,0.029525525268981063
1036,0.06942787211582431,0.14188773940369365,0.29235478243590546,0.06673379395995672,0.07168163381902364,0.08438363777458054
1037,0.33736744228767945,0.4893129033313193,0.5335072462238881,0.0221914783583636,0.0797489707070645,0.05244007779331976
1038,0.04836980250205304,0.21462678019822753,0.19995111260976928,0.08356297072602302,0.05868630265332405,0.030836049765543418
1039,0.25637510277794795,0.670476950818689,0.2733413185566599,0.06670873452727766,0.190675399402044,0.01598812369720885
1040,0.18244482166115397,0.4558553071808107,0.44004104850853987,0.08293548697784585,0.07105477656601039,0.08138525187487348
1041,0.09505261893637941,0.6327864999532479,0.1474150527247293,0.049878150110275715,0.07980464094409347,0.0911538132193074
1042,0.08828475557097566,0.6400739690190398,0.22969746801256194,0.041228653676427154,0.15164166041870347,0.216093257682728
1043,0.23220150561374528,0.267040114614117,0.39112697268418606,0.02961115786499898,0.16269620718675643,0.19863174129348204
1044,0.3152737980527758,0.24123304912612561,0.7018086776988458,0.07022815901767086,0.1505854759079616,0.09097461483908272
1045,0.0950269639467186,0.34373070024523866,0.26394942329740834,0.028093451258289857,0.06335770002968552,0.032211214348929734
1046,0.1523165486395384,0.6178890288047952,0.49405955858343104,0.009531306063322713,0.1805388505715027,0.04013409936991465
1047,0.2138905731840325,0.4017754791153108,0.06479246583072404,0.03167649894547667,0.2468775406346025,0.06407555886206835
1048,0.3802234898789961,0.6021795977533351,0.15336286566163207,0.08382987493267775,0.19736758143578115,0.016441527583507434
1049,0.36513388966933336,0.25863091511051395,0.3439766825112381,0.007339513088204123,0.05023658228255199,0.16226006942721255
1050,0.1592191811187638,0.133138767175201,0.4115936086561073,0.035255190301616925,0.05730039068279407,0.10816196835504066
1051,0.11308668396648917,0.5033895912788173,0.20373063715710985,0.03984182331028602,0.17597501255912454,0.05098471822890871
1052,0.024053736779764613,0.7156217267294172,0.7301584524068695,0.05059470083888891,0.11920870355678333,0.10175741315482735
1053,0.2690669538106403,0.35537535630508016,0.30990227786616387,0.06434392246211602,0.04214341567362877,0.04883627141303458
1054,0.08039090692198626,0.21036266017902783,0.30752886496679943,0.011146870337745321,0.16620206898585194,0.0832952686654873
1055,0.22310192223333092,0.47301942418985266,0.30996397208374343,0.25952745756752416,0.09647384408693972,0.08861432886308432
1056,0.08866277145334507,0.4048961424144541,0.41447347597177714,0.1292214559323756,0.04653140161736071,0.009379770201320076
1057,0.14839836826160727,0.19408668229459045,0.4389372871439905,0.06486123059546545,0.0747290506027898,0.2784406249384697
1058,0.3011003357104152,0.06576441361574933,0.07285594499729095,0.031346059829616406,0.032976605973071046,0.47288137634444666
1059,0.2684062080814322,0.5963073917522017,0.5029973686922677,0.08886701641685418,0.027326888049119646,0.23765514585743192
1060,0.09913157327104884,0.2783662719321288,0.20841943869421367,0.03390121519625297,0.16109658534966248,0.030049431213980477
1061,0.10184219998893937,0.23536182767719324,0.3667816300636483,0.0460104297859464,0.0793434862812676,0.13286897758395927
1062,0.2521107549143083,0.07338354806880681,0.2385373885991556,0.09030364121736051,0.1358425627243534,0.08360369361371099
1063,0.11185735359560782,0.305289144328456,0.2633672248989114,0.11598338270429671,0.14631549501259938,0.1443617746356569
1064,0.06444081926585446,0.15581295201656964,0.6012689739779457,0.01701169197917924,0.045576223528060074,0.02628110669267889
1065,0.24512336481482305,0.4375220979960411,0.6450666778649045,0.08493502770865728,0.09250394518055244,0.07424240617027106
1066,0.16506862516388165,0.5217437773221608,0.3611652198115316,0.061467765846136675,0.13388317355146037,0.03326128253216106
1067,0.21972218942994168,0.2676042513599585,0.4909448635525332,0.11812617567504774,0.1599159516553307,0.14227129111358602
1068,0.24077334798128505,0.6591706965953871,0.24457632441038205,0.07448106306070185,0.01996053010762665,0.04980255342728793
1069,0.05555270951144606,0.10293172737175334,0.45539547087112303,0.07405887225298344,0.10997606884670107,0.04324270383342299
1070,0.16698148445317482,0.246560031534018,0.08760206831571171,0.13154014535542904,0.06558991375675766,0.06277724542035339
1071,0.17503689479694295,0.07343867872513743,0.4531477444717586,0.05949601244547759,0.10496313005855899,0.13179456606048953
1072,0.45683345698132527,0.4294850918047911,0.37834835126175564,0.021290925315075235,0.0764805182554244,0.11204547309265178
1073,0.08711544304535007,0.27429092594057725,0.2747840205037377,0.052542697645525695,0.29763404692749884,0.12320969687522891
1074,0.5082965519959809,0.15427026933318022,0.6445141481437262,0.14409746742354268,0.16929647253618085,0.1586954537084663
1075,0.13746616770540393,0.6885861395744196,0.4275791212963481,0.05953582758580914,0.032072135022996065,0.033641307292364586
1076,0.08268756182762879,0.1215441479775916,0.4496665503838509,0.06602443923788309,0.10192868967238007,0.19807276543090285
1077,0.11314032690456524,0.5304117623794453,0.37086828327159227,0.14850205606129108,0.19481226376224087,0.12894182025263354
1078,0.2006842200323956,0.35663493659288553,0.2993637963236806,0.03124190445973045,0.21792927958196487,0.0427594313274719
1079,0.22076275212094987,0.5472917278019159,0.46901832685641154,0.041696120698841335,0.2343443272387215,0.14607530180681583
1080,0.15377567649099863,0.36895537384371296,0.26824604031644145,0.011252551126843379,0.15948918774733115,0.14645676209988115
1081,0.2469622366282855,0.2597949687195027,0.10733376918141785,0.05401850856437307,0.10884539958337398,0.05496621784168927
1082,0.15623307223370136,0.4795578226484966,0.5168490098423373,0.11322805652437817,0.2835614812100523,0.11719789353271656
1083,0.41857237785662843,0.10375892765655063,0.25227346970105535,0.05664935175010433,0.06607840734789329,0.11608804006331928
1084,0.1756974218164763,0.2754662908736531,0.39177561852949583,0.06309704574163154,0.04927303246421154,0.12178400533327961
1085,0.09171039420773285,0.3712280385327205,0.5168118046389559,0.017868624910992437,0.1917883235911323,0.13664703259567373
1086,0.29536454630859343,0.22383095295445296,0.6241000892305557,0.10388451348986923,0.0851171577849992,0.011570221380430033
1087,0.22139914701619193,0.05545315408329078,0.38546012810113656,0.06087769753769526,0.10425653826795185,0.16900140935944233
1088,0.07108164365788255,0.20149637676714516,0.46961915101663465,0.05438495235307015,0.042671227494282774,0.016897571370725457
1089,0.05601036312279103,0.18715217596107964,0.18194558507999256,0.26521927099905657,0.05627857004435473,0.07967263570108478
1090,0.1520461400381778,0.4177164714386884,0.45124529465524615,0.23075422612158694,0.041863680115872715,0.06575847224608194
1091,0.11183546399596608,0.3620962121479612,0.15640133407811027,0.030772160371323177,0.0763942114318232,0.2374805339459421
1092,0.06391153847385751,0.060093991441933156,0.18726514224712107,0.07031976286920508,0.10327442295009598,0.07269958434685637
1093,0.0608790015710491,0.40327547845434975,0.4100390419085883,0.07116423738891142,0.1536042448807012,0.07572413190102997
1094,0.24481743774618114,0.5381213755458509,0.5116575699773575,0.157904396791858,0.025240262203964144,0.0762283887616991
1095,0.177801995044712,0.32652632468353116,0.3668424435261205,0.02985622239017843,0.21042254717911096,0.0576968650314151
1096,0.0585249975600446,0.18771904635032396,0.5337595131309057,0.02067161700027696,0.05189487032983964,0.09061680475695785
1097,0.4238807563368215,0.7597993308570279,0.6174522584929665,0.08837836657519069,0.02212128131732247,0.02090583409316948
1098,0.1598111281991843,0.392279510012394,0.3147188137835403,0.19394673120974248,0.09997241411738107,0.024767682774308852
1099,0.1881494057519459,0.1963270601406918,0.25658435128983137,0.1462385994855939,0.08769680833396425,0.033453689624398125
1100,0.14111439109483592,0.34516803020849807,0.4196879362060918,0.18810800395168364,0.10629269638382247,0.0649663841800915
1101,0.3421936500532164,0.5090602086156579,0.45152834147680554,0.03856807391933866,0.25969520242404914,0.10961802414718934
1102,0.21979157542919817,0.3412664406918776,0.5573844813134575,0.04074993717514901,0.186944319808441,0.06193586048301949
1103,0.018438776344889694,0.23666977053983038,0.10936061157003367,0.24134973296504003,0.031968606398098794,0.034416324301047276
1104,0.2634582150180888,0.6885995613641572,0.503778771151079,0.021445229520870867,0.3546931970633376,0.2473320427926049
1105,0.02505736121753814,0.10930065938407442,0.20553317983565825,0.07040911644333121,0.017472154789779676,0.0989716921455004
1106,0.3406972883724237,0.3459286708127302,0.35506188021960994,0.20394813515304916,0.23036876733541947,0.25632361396075554
1107,0.17579730202095564,0.23344491903259773,0.21640774583904746,0.05523944354138503,0.34569858734403236,0.08711323437115821
1108,0.10741792103375487,0.30272963984800433,0.3150094922689784,0.04322263700891267,0.2476414073069271,0.04404760662866019
1109,0.19127581838083377,0.34396693890904656,0.36780916788393675,0.07923398554048373,0.10850990923660556,0.0689982302928328
1110,0.352040384380063,0.1925980945858484,0.43632008630538244,0.13826579797081495,0.21886066460213177,0.15800221926476657
1111,0.14195978524273573,0.2837306500369239,0.4281583849180087,0.10417095172286421,0.057577776471047844,0.028758333957935627
1112,0.1659320361293908,0.45828199157069915,0.44496253184252904,0.01280954267316115,0.19094105616634668,0.11288347967080367
1113,0.08492962106424412,0.11476729191285272,0.5383765793418126,0.016947122762737507,0.12642599670926538,0.18032749680111307
1114,0.06650854787789526,0.2827901426976445,0.6311592785128863,0.04291235337556663,0.08824262764280545,0.08069874152531671
1115,0.11084441998744697,0.16229602130782453,0.29516257056574285,0.0810323018121892,0.3694792116086084,0.14468925319835302
1116,0.1429943482076898,0.180247432523351,0.11415669310522995,0.11330174508899225,0.1680587623639982,0.06552872303206969
1117,0.0366042104305281,0.24437438529878794,0.6457247831128068,0.012003640429717966,0.19731678603367608,0.13113525176196655
1118,0.08834643437319685,0.6432621660339914,0.17738977070722897,0.03756564957768277,0.31642201570446943,0.1369411519603187
1119,0.12586167262542647,0.4153864527389349,0.3199533377477211,0.06820112507883562,0.05922577941631332,0.03654422912313109
1120,0.17405502669344927,0.5270747739926085,0.33210640224347443,0.017471114901952012,0.17191879159224555,0.12880252426514616
1121,0.17176252942330336,0.1126017869967632,0.3477128846144464,0.04612377041631778,0.2421704658568681,0.19822988639582553
1122,0.25788330063393555,0.30648690894389685,0.3993655513210155,0.027179722188450318,0.12629359522313535,0.027433490802360554
1123,0.1966821982800886,0.10602826463050977,0.36298039980045466,0.11701629651485933,0.01637034843750598,0.10089331794523733
1124,0.20339839405545745,0.29661067729202,0.20613944936287917,0.12615719799317904,0.05666243619645774,0.009007133045228738
1125,0.10292165092684738,0.5945985303006962,0.43891129064881823,0.05558937386150626,0.17909485926894564,0.1229173800134288
1126,0.29522547950442274,0.607108974008964,0.6099429839671475,0.07672901401740398,0.023315426745263396,0.023870511820896462
1127,0.16841254482731371,0.49378677026245604,0.2776775085347049,0.07918507068087144,0.0999744495062287,0.08150780631871118
1128,0.0844093259434592,0.33684560901251165,0.5165280231448907,0.03920581873626639,0.09019864304197155,0.015605453297468552
1129,0.05582007615748396,0.3592926131107737,0.29794280602171236,0.02918259844937799,0.08914672014359457,0.029304724446603748
1130,0.2992592213985041,0.6148318425518714,0.4572425687846077,0.07039796805874639,0.23746391154207583,0.07361629582096837
1131,0.09494844439115031,0.10833223736049727,0.17416525411972125,0.039263433925073025,0.09652420750449957,0.05256404531341424
1132,0.20972029603482184,0.5802580901081764,0.44996338114429413,0.041867876416251525,0.16797152847711314,0.1162819008770579
1133,0.18615454590612174,0.3189762888883675,0.3898866821617288,0.05815294501295468,0.2365070783834559,0.10774031434289547
1134,0.0908833874649805,0.354829406824067,0.14907266405050082,0.19297516775471904,0.08769765047592254,0.018767387562241746
1135,0.2204239680149192,0.26296328982463435,0.2628936621155652,0.04239670102267534,0.090063607025365,0.05971189540199712
1136,0.30445218504376653,0.17737688454110662,0.18048795195643527,0.0421902756277728,0.13877493874982866,0.21103102035547006
1137,0.05321471277708952,0.4757473268018128,0.15512560023017283,0.05836938012764338,0.20960620418286133,0.10530910471491209
1138,0.0741892217963174,0.6858486423702311,0.5831696915108916,0.17241769679302898,0.1080524466323136,0.036555658861460755
1139,0.17280584202891136,0.5351393437246786,0.48278279774460836,0.06183294265950433,0.21846990809303699,0.16424146506200052
1140,0.12254462071411666,0.1524363688591409,0.27337294826841474,0.10517332159447768,0.0905984516181638,0.2255358749642942
1141,0.23305192754300638,0.4019651880812898,0.1763623600985933,0.07850806731322475,0.16534405545032102,0.03035041870552202
1142,0.17069686227384864,0.7075228075886294,0.4042700037471087,0.03910394658878861,0.011057918655011335,0.02947317576311745
1143,0.1397498010310002,0.3911943976640112,0.20314801253559842,0.04377049446120765,0.12702103337451653,0.14809404927898387
1144,0.20239117359427602,0.12306763843580336,0.2859242237788234,0.08317582860332326,0.276774918882757,0.0355395979152602
1145,0.04791509874709562,0.21780181527660283,0.03814570447589984,0.046814724025469455,0.4489762111512478,0.03959329122944781
1146,0.2564461105708178,0.42666917373140967,0.13974101717371956,0.027207723506607363,0.05860041454040884,0.14381479302401823
1147,0.10180428576679551,0.35070688589000126,0.3229940179671899,0.17253498359288083,0.0674367759662178,0.027252155751925865
1148,0.1209579044228878,0.4524719484791635,0.6140850220128768,0.20542233647966915,0.06744589380446374,0.07116817733420533
1149,0.3618670782739634,0.45941841789539123,0.6508438619571076,0.0966781959952161,0.17540031031983166,0.16254091962794023
1150,0.15956442379720245,0.24944398479175517,0.119439929270862,0.19243419067559145,0.10630268369518253,0.03649210096495282
1151,0.21067954488443724,0.20998533694467403,0.2924130286560657,0.0364536151041559,0.06640992712147063,0.08435047120990201
1152,0.1551617364160775,0.4431272771365714,0.4933595511828126,0.06139404549264377,0.18684062450293368,0.07426318577625075
1153,0.15866492681893965,0.314902174771657,0.21604150505454514,0.027730863515175085,0.14498595029123731,0.04453248199201802
1154,0.061318496292842084,0.11447276565340504,0.5071756606564887,0.1189551463905654,0.18265298576532082,0.15344262920538176
1155,0.09447901780802984,0.443113024099203,0.19819479699400788,0.08781724723815913,0.28895757492664986,0.08538047219221417
1156,0.19267223035572553,0.22615312163121584,0.6051104681675293,0.05663505458456912,0.11031782147603374,0.1219575360188045
1157,0.20306753037648745,0.5815616132973662,0.5416639580156258,0.037730906074981134,0.13414445215637052,0.024402229383476588
1158,0.1874225187426116,0.46731413152531526,0.449101855091846,0.02331677739723168,0.1244155988609678,0.031224299895625886
1159,0.31250172741485543,0.3342737949051771,0.2609160280852568,0.011894049964258769,0.12165814407990833,0.0858873422005779
1160,0.24100288626305852,0.38658605462336293,0.42780428658390035,0.14024965916500248,0.20880564388911113,0.15192929397157146
1161,0.13958945607916284,0.08796151430565761,0.44495748068436985,0.06622330341978988,0.12444241970048867,0.17729380169282316
1162,0.22301767484804408,0.5346440310108576,0.26256922832109475,0.06962656948830664,0.12213706968235012,0.1923585087599677
1163,0.23031758315252984,0.2893482037459119,0.5114064086464652,0.04948082265632952,0.1422232736133533,0.051836981812943723
1164,0.14057719295684168,0.4871207705059749,0.37292093821836786,0.07830851320177895,0.25557843117962553,0.05552056992526195
1165,0.1722682210388178,0.25141354931499765,0.33904097926992327,0.3496633855713225,0.0684331201158366,0.021001653098356485
1166,0.13520451094549996,0.24821053390608433,0.2725376958649861,0.49903842402855375,0.09345406176120671,0.07868450347709219
1167,0.08879233489815481,0.16947623832734451,0.2429669029462469,0.11675742647784193,0.1623362014617007,0.01934738074242722
1168,0.08954985237792862,0.05781783524342738,0.33378138081690706,0.08152144793146494,0.16908170667281797,0.05962224336468266
1169,0.18136444899796597,0.3450290302508429,0.4634330854157267,0.056146374154150296,0.10890545561882074,0.036125972446015536
1170,0.08809015328313796,0.07515300159593508,0.27479759734563247,0.05711208442918263,0.30231918436105565,0.047959987267378754
1171,0.057788245982032437,0.24312632664424746,0.3481072413804696,0.03267588249473876,0.16940668879749346,0.13826306154110599
1172,0.28469187622477893,0.13829645450333103,0.1724955475850137,0.0482892934978504,0.2992423632703694,0.0239531624512426
1173,0.24195512653848256,0.07008776680001134,0.1267594164742818,0.12200587734374398,0.05978482660501989,0.09350606845648175
1174,0.2649909851131595,0.3150884210644062,0.3359120761662842,0.021247016140364144,0.2016234059944007,0.12223492776756442
1175,0.21102741036372835,0.24449363628199938,0.2377754951598918,0.09368448677633184,0.052413951154988876,0.05524951181344865
1176,0.20916944994374048,0.1664285029894613,0.2389605189291005,0.08139629305066501,0.07537416268160442,0.04813621829316887
1177,0.2930819891316884,0.5331678060938416,0.19895052268039531,0.05491548413918697,0.1020253380622645,0.10764237610654344
1178,0.07084439142141984,0.4288629342644413,0.11916517497065068,0.008748222474731915,0.08885410945864644,0.17464799501743836
1179,0.20426535753001426,0.7235013479531855,0.22261727393236874,0.04517338546700058,0.15622495333297604,0.022328786005849234
1180,0.22430481327090346,0.7981446034349967,0.5845400593178712,0.12060151435116821,0.3694038547815159,0.1398790562469764
1181,0.09758297215173954,0.4090710487727821,0.2780362646447708,0.1985704355522551,0.030137098946331212,0.013509154403894467
1182,0.14963245849969858,0.42089425508571854,0.34560001685312314,0.07424922241967347,0.06210403461422209,0.03816362402376339
1183,0.07781892144227942,0.0561607868765091,0.4739425887190747,0.14073677682964117,0.1467959803074967,0.28583410381824037
1184,0.6634528938208261,0.31304388142666667,0.5028945088729448,0.014797061158805237,0.1959368879238333,0.03570676839457198
1185,0.09626081151515924,0.2914218622822063,0.4421765311398888,0.07059220579436347,0.08914993739748699,0.018706660892083542
1186,0.27324572371104594,0.5108221264922544,0.3891841075294764,0.011895348063069272,0.11355949892608926,0.10779110394201225
1187,0.08676283640976178,0.09380789473081907,0.07219783966093805,0.022928172980602048,0.0571385660696888,0.08141203488907098
1188,0.07226791330355867,0.5172756026037094,0.45142775595168444,0.09951937606675146,0.08196223749476449,0.007362926993430202
1189,0.3507591639958994,0.526944050994898,0.3655776120748441,0.14546554662675162,0.14958517836892526,0.02104576133682129
1190,0.07570953487197055,0.26619256145747117,0.20500970395804782,0.05441457463905045,0.2276424981597207,0.03858615047095045
1191,0.2542595899111343,0.15956080487815688,0.41922789278923966,0.03310808412909867,0.17760755092794528,0.09749423011177609
1192,0.16145444355767125,0.8223274409360607,0.41084196214528496,0.042329441450820536,0.23627070526348737,0.15149329274545903
1193,0.33046167906524543,0.3665173896292977,0.25615719748030513,0.04867407094195926,0.2359711329232878,0.11649459766167443
1194,0.0686935277141261,0.10249367071635851,0.07041692258507247,0.21645940258696508,0.10041710677386657,0.033634492535311276
1195,0.25092646924856826,0.37501989497707977,0.11062793821333905,0.062388839131831825,0.19706405119602521,0.11192874687090462
1196,0.16179035057316393,0.4163722194662565,0.2890389212621915,0.01437585055883512,0.12818173690265852,0.15839350233280874
1197,0.09346507123882837,0.12373225759726783,0.22993925245986854,0.09730251066062924,0.3005254192803316,0.09404250480321127
1198,0.30281158364175853,0.14330425663191917,0.17229275364312546,0.028955639272875835,0.03459555540163343,0.10934359372086197
1199,0.09794948384269393,0.597936318353812,0.40055446459260063,0.11400362011014227,0.2643535708150514,0.06938561636561101
1200,0.3650979043084692,0.18553635848947408,0.14008703302230324,0.2102204301010911,0.2835343226673646,0.15253283815636154
1201,0.42025251680459996,0.3328227328629577,0.31588628996311624,0.12062782275729574,0.05372080254440273,0.012782048284832943
1202,0.23228982035125,0.6380541192229444,0.7244918631056179,0.1483981438016535,0.1846939469117739,0.2297307706249488
1203,0.0678264817658283,0.2329577895102781,0.4007095988747226,0.12268178966007574,0.09901970477618559,0.11398696806593409
1204,0.07981153877499599,0.3572893795690192,0.7190620795942073,0.13704634737272242,0.05820945514091394,0.07006187638657338
1205,0.17975544154779036,0.26994051225464644,0.3855529786796756,0.050763273261855583,0.23946811716385688,0.058319753955484645
1206,0.1310516927704009,0.2142510240747871,0.15994967777598917,0.08724648704897539,0.03262031210307152,0.04101619587982228
1207,0.07437804006599084,0.6068400589721672,0.44952551762807047,0.17829757530794582,0.07584308016151343,0.0376725750620692
1208,0.08789423127154644,0.1515223486332499,0.13874809291167078,0.05797337793574403,0.061564298222616956,0.0853442561808022
1209,0.2178005810392355,0.3269185639657342,0.2306676688492573,0.03977664329371379,0.21462288676240818,0.22125305488452524
1210,0.2089250013431342,0.1989173790920843,0.48376430458742575,0.019065476452906682,0.044990445997872296,0.12103244351007673
1211,0.2431849932182657,0.36556173147946197,0.37271737768192886,0.10528895913006682,0.11261824108496746,0.10473823764740789
1212,0.17996940409999343,0.15311187545626742,0.7106109341163822,0.04023971179095601,0.13929930611833907,0.025920908589446047
1213,0.1389072914370439,0.137525482845161,0.26210202713980396,0.01829936169178745,0.08392475475973862,0.10245172957240853
1214,0.28806239056057076,0.46171222795556444,0.4163627079031273,0.02384974753895908,0.208070941251908,0.11205700883554097
1215,0.11268267784304833,0.5407298767310929,0.4462907728696901,0.07230850259343913,0.40634245825885773,0.08402800370410754
1216,0.13040968560448649,0.42748227223543234,0.2236346837024655,0.04017427306696781,0.1258048167584412,0.09124502904573971
1217,0.22942051632322044,0.20651539229167687,0.349802856975724,0.15820464972661083,0.20173677923685573,0.06058231838914492
1218,0.19601429927868058,0.25866948643642423,0.6831526373270108,0.2571487199083025,0.30140815264031073,0.05916396885726611
1219,0.15965233088921194,0.6631189614753412,0.07873139772128905,0.03755359150079288,0.049291070296153004,0.0648334279131799
1220,0.37436560267040114,0.317713184697389,0.45027336352377884,0.03442236873384992,0.06118671420140105,0.07418078990468015
1221,0.02503847239748191,0.034350760109472196,0.4341050140221712,0.14516758314247521,0.2286698213504409,0.38242413392545155
1222,0.3823516813187109,0.5256708214017667,0.3806017436865153,0.03884823264854126,0.13009822897004025,0.07697280983341952
1223,0.21575065713878627,0.20423675331762603,0.23517658566575653,0.026491601443835926,0.12111324145541859,0.0772230238815344
1224,0.4243280990343684,0.04525869506706569,0.19649479262679387,0.14573416393583316,0.04457422145364266,0.08255471291438048
1225,0.2316917747042779,0.4439786303127162,0.22991664094897768,0.16179761069791587,0.07401833187737734,0.00784842593080286
1226,0.1472131249996363,0.5420076379396699,0.21941468018146523,0.1620151764743183,0.20920288823551417,0.09069184580304852
1227,0.08554210410217927,0.19998263835306648,0.11636791422146464,0.17179884561113853,0.10991112744974356,0.10300792219383298
1228,0.11195604504901502,0.31902918026797045,0.22298255415020973,0.06613366520388854,0.08498960568411434,0.10688908386023675
1229,0.07124898733787324,0.21794822695192417,0.5058284184504858,0.17772009950795148,0.057523742243937824,0.05145365068892109
1230,0.030742058068923467,0.4580951731061262,0.18119851073424995,0.20273701338953856,0.2565842293573683,0.06445096251460998
1231,0.4451353008260993,0.1654948479120867,0.4247767128767215,0.05240180103461728,0.2007241778067257,0.03318987079557547
1232,0.11905881729695551,0.10214514740469038,0.08306407941637091,0.12032594697376743,0.02493061918226159,0.034582759931527374
1233,0.09780993172346819,0.5962003525906769,0.477927666062453,0.12339459962034155,0.06436634666430206,0.0340814245193655
1234,0.19167757669220986,0.38355018521278855,0.39959298426097345,0.0507696567297217,0.12520804074324537,0.1121581215503586
1235,0.11291463923426187,0.04800604632063785,0.2980578317962538,0.028858134753641938,0.04691348812579186,0.1376489667839685
1236,0.18650415580182286,0.1354706656307216,0.15631155463690055,0.09382001395436897,0.2651154198532505,0.07947335880604783
1237,0.1229653897153126,0.08062189871584775,0.32981526329818084,0.019877086218812387,0.043339816094291,0.17710824005011916
1238,0.14338947561302856,0.34552911807624415,0.45016800189330597,0.041442422496979776,0.21489689940114473,0.0864185443326837
1239,0.10325630532628774,0.4100109261296739,0.186218373912339,0.06949053223707141,0.1667084626457194,0.07332651551694569
1240,0.09145132891575107,0.4559051971523216,0.26015564791334583,0.14476827585306465,0.20950134255408936,0.06923310185020942
1241,0.05767509545011695,0.14809645244565348,0.05641821452864425,0.15822930737672528,0.10267643876676219,0.06991884275560495
1242,0.11934656581313555,0.29665549679882103,0.2883771066658665,0.013440947744031083,0.18456083217621672,0.09421571262370858
1243,0.2408043789132961,0.13203119150183876,0.5449754701707953,0.03223910896578005,0.24485820341898734,0.1081041543444624
1244,0.06891544704711623,0.14436258095991944,0.22966453921887578,0.07733826423903033,0.08997548521792734,0.13789621558479845
1245,0.06599147975649494,0.21770236768109,0.09563499175417285,0.14285533917087145,0.2124233405982724,0.1792516774015327
1246,0.049368269220987596,0.4113742300328245,0.27842328775998104,0.08555412371063449,0.12015669993126644,0.05215005293765111
1247,0.08481098908139177,0.061804064649094846,0.21595084515011836,0.07444584770173027,0.09596405701503699,0.07344815191867236
1248,0.3531627109022003,0.30077175383334326,0.1458001618133301,0.019487309585812865,0.1511831584591945,0.1684859116229822
1249,0.07340722608602608,0.42369638250383057,0.520310996473888,0.13086479940440443,0.13687727694601953,0.11891336322366579
1250,0.1737211233740664,0.1784036375918307,0.32394080477042114,0.12682172252877869,0.19469142469938125,0.06518651282633432
1251,0.19545576556586414,0.26959322352829723,0.25848813479565236,0.10690936732241436,0.25013950066239427,0.026404025186526736
1252,0.11449919170916292,0.5490954018992893,0.2863222656393773,0.17514248966687604,0.2034747214728575,0.037844575116389056
1253,0.11009008620005462,0.5102290074024781,0.4805256245573913,0.10517232977921148,0.05876443318066931,0.0512890106568017
1254,0.1015113414431403,0.09170371483095255,0.06253664602277903,0.15483393619251348,0.1467409347239895,0.15305879516846438
1255,0.07023438579615704,0.018345320881004084,0.1524936476644671,0.29775457479911976,0.15002098930290864,0.13509552140730285
1256,0.22250972537347657,0.5158260260476332,0.2227227648502374,0.045318727239338635,0.09307168286970653,0.07942990450615485
1257,0.28829878365747474,0.5351836815574189,0.49543437058773937,0.04679462567829629,0.03930801778398647,0.16770964067936145
1258,0.20613815307221617,0.09761290704782843,0.6063446464354127,0.025670356773277583,0.1737893115520102,0.3784682656775301
1259,0.13581660270099935,0.0802387398483382,0.40572478985308424,0.09797365737103846,0.0928155062421966,0.0342965158551458
1260,0.07277458028059047,0.1255595228199578,0.2132978923960095,0.06794281943384237,0.13400771608363232,0.04373595141398073
1261,0.2844727421350798,0.5547246404767471,0.5765095703051233,0.039887478900439546,0.20583316922044337,0.09438155467744877
1262,0.20616782544275086,0.11534206074789145,0.5578443837945747,0.02153376923715894,0.053281174386851496,0.04761518737403199
1263,0.16687516413333825,0.13064798930144442,0.41922452381357284,0.030525672614494584,0.10306044945979514,0.25672889220680634
1264,0.33089154025312517,0.592844079614503,0.24190542022965617,0.014923359548991683,0.19075431437095933,0.06077075462647539
1265,0.5549311222101762,0.13211173596677897,0.514144483002755,0.013147196607067889,0.0729353811189681,0.07635378844819386
1266,0.06369283391741971,0.525817893472633,0.13608593835969365,0.05865331257314179,0.08508348237358837,0.05297881018662724
1267,0.19620253662637865,0.5083997190936786,0.5631437195668109,0.06350458614034368,0.11837080608371153,0.09893585321381053
1268,0.18910122284379632,0.7070200172647807,0.06364938049781357,0.25466013927177605,0.12130626278181825,0.12570341985691738
1269,0.13275598078285444,0.1613424762535097,0.17333483737721855,0.19331698605736472,0.21743405814017833,0.09432266004696545
1270,0.21527509440828027,0.5495254623604918,0.28939685104141194,0.04508946312151502,0.07016057206924585,0.08951654598222737
1271,0.18456446100788398,0.3909445600885648,0.41327330201440104,0.022698678633331342,0.24482714596498745,0.03920268372463863
1272,0.2660524840930383,0.2872700117188683,0.4844207176764315,0.07398218291062776,0.03985864875381723,0.13599020256958225
1273,0.04606477580318617,0.4498618469572233,0.5307143100986925,0.035556379998415655,0.2112650065128795,0.054878233381370545
1274,0.20365332566468505,0.4151128836933804,0.4411217534339422,0.08182408993841363,0.1582137960560733,0.031365121140988855
1275,0.10888639873096838,0.05041659407204654,0.2435600396965926,0.2505536693838539,0.049975423205878326,0.01713193237460804
1276,0.1315189475567417,0.18877551083104055,0.18196000956600636,0.06030663244123483,0.12865246948491146,0.06817361073659393
1277,0.15597083825446137,0.23948040678854143,0.32498388569969144,0.04227794369012387,0.09229691849454673,0.08429985487004844
1278,0.09510238968985464,0.16805472287897677,0.3702019059848862,0.06466578058813913,0.16655810959946377,0.1869632584546357
1279,0.106178315824876,0.3758035337624879,0.36011067991451295,0.12876864662078719,0.22684303382998158,0.03695900897807322
1280,0.29225045838671687,0.19130157261637534,0.28508799756882924,0.05186651281712103,0.06821957962624672,0.06057585949589103
1281,0.14073513599526533,0.2695642138388808,0.3440440100973156,0.1556196681860435,0.05466341439557866,0.06542349145879374
1282,0.2693452286337358,0.22220825297403318,0.3383179001605981,0.04153079762174166,0.06361372148879575,0.028528862337728646
1283,0.15497260295824505,0.480677554308342,0.46065941647051933,0.016160413240274184,0.09066009075530469,0.1824861724691285
1284,0.12754755726049996,0.28513637844683787,0.1782273835921092,0.025883584282961447,0.09509637739604083,0.09927021236608648
1285,0.17307746320089593,0.48627383280158776,0.2487162430489872,0.0171128216911414,0.2933837103069537,0.06007968761950985
1286,0.14127021708128057,0.2890325014073992,0.19608183874076987,0.12634336067191698,0.1868385006867555,0.07031509837929606
1287,0.09476331719420913,0.08328413690305571,0.09482053658154782,0.10793501806662344,0.06251368722399898,0.0593198941028749
1288,0.13748686008968694,0.25047762447117333,0.2560703061866369,0.044179349598509124,0.07484820141805461,0.11729632946606178
1289,0.04013386227251805,0.06946103477739755,0.5249425307053313,0.09369305887317128,0.10604790106903755,0.032352589886781156
1290,0.33887893995489815,0.16950982828682973,0.15861932699000314,0.2779129715899205,0.2254645301715984,0.039446309446141616
1291,0.15032964708940877,0.3114432982765772,0.6509188249078952,0.027524806439936544,0.24129826644717212,0.020211929112635314
1292,0.23375310241587305,0.32841078838815846,0.4463281513068267,0.019636782963319947,0.23082827961477106,0.04787145279421327
1293,0.38705205876347326,0.4514681103912106,0.27483344230297285,0.02784857371994354,0.0553373197318514,0.12840119569940606
1294,0.05681261382628576,0.32782764936588604,0.2087848124870673,0.1328107281372217,0.0260335392942787,0.15203638716573076
1295,0.24845212323639496,0.06535285141763512,0.17550216345582426,0.04536209226512889,0.19852296455355822,0.18221731021632984
1296,0.1848430594383721,0.5564170919124807,0.4569721496933725,0.0778795898993463,0.09598225922818986,0.024604686462092157
1297,0.17755545605771217,0.4600999873464853,0.1915436101517491,0.046397371820254635,0.11006265674563155,0.10422078111798654
1298,0.19013069888306897,0.4584839918934543,0.47758515733581686,0.040627183186506925,0.17356710757397448,0.0313974776259531
1299,0.4342577072109477,0.37145237381817436,0.3833388377160141,0.016916852692324295,0.13644163842137447,0.10462090683599035
1300,0.5587235822347353,0.7148311924113239,0.18947409931493248,0.04783805556624783,0.030662599933399648,0.33306255166860577
1301,0.07478081685300293,0.4017146509576349,0.38710450034895544,0.12256163760574747,0.17342749344699535,0.023816534304564478
1302,0.44363447202149303,0.14342737848539808,0.7089614880029101,0.10129998659099511,0.10263106228268581,0.1583360584337721
1303,0.1489064149706949,0.5745565915050164,0.4296691671093216,0.0719151182918249,0.26645303014631316,0.07034050706508002
1304,0.20783111111242158,0.096360067562305,0.4225930960658507,0.044327736165393906,0.21558052648388792,0.043408191592066096
1305,0.282974414981149,0.37941500684165913,0.22612990715757403,0.12366836980101573,0.10010353986505792,0.03943280211370637
1306,0.40332643567327725,0.0921144535614882,0.22736007863785865,0.06398368591200086,0.26717191604528895,0.09334565207122922
1307,0.10420251644896963,0.34925039865944985,0.4224132732928515,0.1909700113416648,0.056263602768720444,0.0488980943862957
1308,0.4621887137355717,0.09795075542190262,0.669758064537973,0.16095863993328716,0.07030632205675678,0.08479879233383507
1309,0.22543684138729952,0.5744741128883953,0.29882980270320647,0.14389503533358095,0.08052327387029319,0.04450178222861744
1310,0.17651512856131582,0.17334399533979264,0.3714432360178587,0.07508343632567402,0.23861545854035138,0.1383954254699856
1311,0.07120097907822982,0.18114120959480234,0.11061227613463842,0.1400402705975408,0.07670295398374888,0.06128488964521305
1312,0.1798391477492346,0.2791318464773359,0.4502294706758578,0.07319598202327943,0.06475867425721095,0.01362505942771411
1313,0.1370862982826575,0.34669254914743913,0.2971103299157521,0.20166561992694673,0.03144618363501894,0.07134649920137934
1314,0.1615544132909131,0.38692066077861964,0.4623420576580147,0.022745506768425166,0.15702065510434324,0.05638864008768207
1315,0.06645960332267038,0.2146731463371292,0.09530393275763309,0.20105547654542913,0.1988540148633391,0.03436755914112413
1316,0.1142636213772993,0.19273318412102136,0.3970023723598706,0.1925445787875623,0.09290038583644925,0.02371641854142026
1317,0.06059605125315079,0.33980691686797865,0.34958816028773215,0.050608814063145005,0.10389627278068016,0.024179071635163845
1318,0.17048357722646254,0.20885240811900926,0.34079339791996355,0.1341139413396235,0.0502700083667063,0.03127796443142125
1319,0.36374211377272575,0.7946374082770157,0.4364281278731903,0.047820131827354444,0.27787600612668556,0.1074908753311646
1320,0.17822420391628688,0.15082172712960137,0.7420206783503203,0.10386317619992433,0.04242878861767177,0.12915635677687984
1321,0.12032378431039761,0.5950292699660812,0.36315321344529516,0.07066309232054299,0.11465356476607716,0.036433934915134754
1322,0.3027331298204356,0.2032852737894094,0.2943815650053428,0.01052491447501367,0.07420712363932645,0.03536012981736885
1323,0.12804395195705467,0.12711202671241914,0.36544901620560133,0.053791671480828473,0.16196176580853347,0.13274227880245115
1324,0.35490976443995176,0.28140876802708736,0.5074808229580553,0.06992784396864385,0.11398244058880422,0.07306783346394893
1325,0.25509762560249444,0.5323730012129027,0.39834068774651155,0.022832196388384223,0.13768637883946633,0.08374723678121014
1326,0.22428493211063763,0.32755201336809664,0.5276603470612081,0.11572028297002317,0.22150605023671913,0.1558531106957414
1327,0.09727100222863191,0.14423810184478425,0.05294397820111992,0.10810894458033969,0.20648116850152656,0.01995455645987247
1328,0.06639986916750268,0.2785428203292964,0.3446262743770339,0.2605466823665965,0.07704217925638072,0.042723153737023026
1329,0.2100318061832241,0.2800024341986416,0.44250757648848615,0.07181908102068299,0.037558068896137144,0.013661721741769953
1330,0.16258077607921267,0.26705584471441346,0.47737054439945487,0.01825466588539643,0.25926588452690236,0.10276252070260518
1331,0.15033706952069528,0.28303909807266864,0.08987965314921648,0.07197853127308113,0.1219237974622543,0.03357869200569009
1332,0.045179222772976216,0.33760060830115524,0.6476697290199609,0.08690207550856048,0.2129932312256693,0.03062477284079861
1333,0.05698322137971206,0.4647237743556087,0.26902678261576674,0.13817302177829288,0.3112967137665897,0.07052399889593584
1334,0.1344855092880171,0.8079553601588106,0.5273330496592362,0.043643138400939,0.09616331533094426,0.07266461834349786
1335,0.2561969263062015,0.17974037569133391,0.201069022088888,0.0408100449072318,0.11958881057276897,0.09197453789333729
1336,0.14645337824712285,0.6838967941720966,0.6078409917456704,0.11398152821626187,0.050014245639533036,0.052360106789986594
1337,0.392561254946347,0.1357742836093528,0.09052443307535454,0.08728420342560433,0.0398148923713158,0.04880865884497044
1338,0.0906824769422572,0.2042252519833954,0.5550073070638172,0.042545404648561116,0.07705649880360009,0.1139846382185579
1339,0.07685118870624337,0.3980405812718531,0.44230955658225113,0.08597117822501162,0.22405769028434944,0.13623138727015582
1340,0.22742218615021434,0.39454775771046396,0.3513653325782072,0.060655273392291244,0.16010107704622883,0.038844069125578855
1341,0.09456101172744247,0.21917714965853766,0.22122887002212194,0.010615509399266407,0.07440361116049551,0.1902996305758817
1342,0.03412825909421171,0.25187636122627244,0.2905300681014954,0.0771673894696552,0.04141438622269918,0.035652063755676304
1343,0.030816690363050566,0.09844524320324635,0.07094796977538442,0.2009806578470256,0.05880292303926968,0.08112383972910452
1344,0.140019224876699,0.2586296954760175,0.42272672175815124,0.07778795145993292,0.20406026786959378,0.03044910427959538
1345,0.2092498023327688,0.19929694865633316,0.4565160090950276,0.14360984461345466,0.04670727550256866,0.07419326863236397
1346,0.026251125487185993,0.4215170999857506,0.4461801407046515,0.06522494084494873,0.1453189109567187,0.2853251488022371
1347,0.15000112773539703,0.2859970049819471,0.17908381283213076,0.03008233099442523,0.08455748274806653,0.08371924057672069
1348,0.28647768037926613,0.30600323142315616,0.4919043735251682,0.07448538079578426,0.11280714807984361,0.06651330015388092
1349,0.0748886110815236,0.17711608669238804,0.18172565311807376,0.13072473017214328,0.23860228110104742,0.14126105990000326
1350,0.04155806691880673,0.4737872932253032,0.3540915977208149,0.12021153319200119,0.10576504759836709,0.13970673351215945
1351,0.18986922950086826,0.765547458044432,0.42425463794000035,0.06849289140177851,0.055647943884857616,0.024536523000063412
1352,0.21746948919720857,0.38249902095025184,0.2890110655019293,0.024863126526469725,0.07975339100898558,0.13948757069729553
1353,0.06218583200845021,0.36232522284224883,0.19727896064699743,0.051944933859128836,0.21815518208936274,0.08044129715942541
1354,0.075358543495888,0.637143454139131,0.39018303948554195,0.009304796339075338,0.15397815801077563,0.10065185364138358
1355,0.4288284387112408,0.5787169755881867,0.08933872684079298,0.2663751213221982,0.11227479324827533,0.1879142620362345
1356,0.25859154969616216,0.4039246640614336,0.36948306813711246,0.17417000946373598,0.01331409948686917,0.01059238034495822
1357,0.4639164516866568,0.30081969188777186,0.21019892201395016,0.09945920590031897,0.12309113083192023,0.21241146238117845
1358,0.15354611350017172,0.4371021532389837,0.2684027847276259,0.072452339092214,0.05580386119372087,0.07786016580946147
1359,0.14357259066025493,0.09604560020007666,0.15707555835730191,0.05801595178395785,0.08649763374498134,0.09867099332221582
1360,0.05256322408598814,0.18215357588263537,0.47927963370748644,0.11082664746424255,0.23210661675271427,0.019950013842081924
1361,0.09859906392754747,0.11044091231778695,0.20020646166102396,0.029614348837094233,0.2707038426326672,0.11868670880827742
1362,0.05116207226749249,0.08814603780780662,0.35663737164532344,0.29075482152467996,0.07586396455682062,0.041033965167851176
1363,0.17288186088031443,0.6859396972027172,0.13437493727491956,0.053122008633934896,0.26909248662292234,0.12908947919706026
1364,0.22456329267753183,0.09226693733137178,0.3409219486694831,0.020576570949608505,0.11487023808082755,0.03253196640298412
1365,0.33935670581626354,0.05897308434218716,0.09691131726453364,0.008185624774742897,0.07752026108961323,0.04671931758217599
1366,0.2916296993026797,0.13110770131591545,0.2825355134565175,0.278924698582131,0.05280805876337744,0.09276819030788325
1367,0.39959331608718535,0.14768035024511622,0.45166179382207194,0.06468259123685857,0.13687955355649484,0.20740044817474348
1368,0.15106908954999565,0.22306709250171822,0.4289873397092824,0.06594430298347814,0.1476269673456018,0.0923604449528349
1369,0.08364575900760829,0.13417600069535696,0.3555533837923635,0.036932638543156295,0.19645551730561153,0.11844414812859837
1370,0.2063509290317334,0.3063898737658539,0.43103176265818266,0.1180642774777669,0.36620113412584,0.03104037420135732
1371,0.02099141361796101,0.08652161199099972,0.26936353533903257,0.19141158796572602,0.19697334361186872,0.045781679739566566
1372,0.10277349525009608,0.2313109859649255,0.25819667015450026,0.13489025243616354,0.18409041149986044,0.07542411932427166
1373,0.07373728845339635,0.2060117780589012,0.24103188010250673,0.0450349689188637,0.22425950552838814,0.1352201059780015
1374,0.2051312519311887,0.1748317759568365,0.24152653716341152,0.142262355592301,0.14809802230019953,0.09674701010626008
1375,0.12393127271669149,0.3095666189585682,0.25783902000768827,0.12539066967007648,0.06923467156998174,0.011473443634624646
1376,0.4095246979320947,0.6732422841629785,0.23463500914665628,0.05275840791341766,0.05316758883605307,0.05805814314988845
1377,0.07750654641170612,0.5901350331650486,0.45884929730925783,0.06244577043878779,0.16432014062184305,0.025721618828893723
1378,0.17960238866015577,0.45088695218079006,0.3684153388420185,0.05589029317280237,0.1674570282680825,0.02466588960713487
1379,0.2829973136238346,0.14151478396308617,0.12642778528428777,0.06623067559108786,0.025109207489847716,0.07877792235009165
1380,0.20647203814133314,0.44061792243700587,0.07292339763877703,0.09852439786932145,0.15801083186892007,0.025625749760520327
1381,0.0978081529202232,0.22840610549164667,0.3284017247473848,0.00920785298432163,0.20259522102426547,0.10082651816890893
1382,0.2248273859993439,0.07847356295270407,0.2558759453288553,0.37214188595035474,0.040579140392753406,0.0294845348749767
1383,0.08138746872281952,0.7289735738248881,0.05099808351039093,0.112982451804859,0.1443377485297162,0.039722244053820986
1384,0.2067894006518958,0.5455367435699916,0.18734627383050503,0.021634749992070452,0.10807877581750429,0.037213295177236816
1385,0.15616957278042454,0.3898474657997802,0.5644520238529418,0.1196551258248834,0.12376132281907307,0.05723615527192096
1386,0.4596545786821086,0.665207951724235,0.3887210456976089,0.08576659335590744,0.21943411478511254,0.06828015511404971
1387,0.12842245957711665,0.3342347005211574,0.49051232974722586,0.03964271566073721,0.09212941631763867,0.10293293349489664
1388,0.1576376303607957,0.18513797285511227,0.4686866375298119,0.013695395201253648,0.38369220486512856,0.1617915109649372
1389,0.20618714104102168,0.421417065071885,0.28260273721469936,0.2187473066612769,0.1575277646837243,0.08957329733839547
1390,0.3767710292585305,0.5086526240914848,0.6603696810860378,0.05096816210254923,0.08155655458834,0.03311759124507959
1391,0.08134704235621712,0.25956802128606016,0.2704050647725987,0.03147721909502777,0.2887395793692721,0.17293401992307475
1392,0.11600321674719022,0.20599339206657383,0.5829798712790204,0.11754501959498564,0.07196128592893732,0.0857296459466263
1393,0.09078066679534043,0.5465763423571668,0.30002252311288263,0.18806512799883757,0.13428974631270232,0.039961727859775684
1394,0.06625292471239849,0.4504581735456978,0.48482167311383856,0.05816767616576991,0.057440312098297634,0.09152687637524178
1395,0.21475941244674854,0.13006151988931833,0.3229219582412979,0.2311663048112339,0.04006653552954321,0.01860932805438381
1396,0.10877437606689537,0.2576324033882179,0.42641892624521704,0.06291410873039827,0.15449238214849345,0.046560849930291234
1397,0.040988849319460945,0.4582608986329754,0.416792700424338,0.05469692568965117,0.17116444993704383,0.014595528849497766
1398,0.41546610966954695,0.37989134824726756,0.5883831449462643,0.04848852410530118,0.03577094920108192,0.029196031370644426
1399,0.14296159318413654,0.5689328896221599,0.4561149471568168,0.1208395446318817,0.16511733768508435,0.13773048355601727
1400,0.1987729995210316,0.23230753410566768,0.7543639147337735,0.14071117711944653,0.04252902536697151,0.131664968486206
1401,0.29885034633932883,0.19518666240479554,0.5206181776735012,0.06818247047532618,0.16834097352964378,0.024572024052516964
1402,0.02437137525849518,0.19066765160614157,0.5604014516643007,0.15672766031712962,0.274389484091293,0.03105872691266301
1403,0.09478580803708028,0.12760853065152422,0.12881381948408518,0.12175810059163597,0.06916796762681313,0.14320732049341023
1404,0.16397972957823176,0.2774959487370538,0.16240040081693602,0.037040230088443815,0.24952023878041732,0.1916647872116757
1405,0.36877490369177823,0.35620394157196805,0.3477779318540472,0.03322028138145189,0.22088989923255056,0.11305919311634025
1406,0.2194537131296158,0.12252275836312859,0.10287826073833344,0.05507447463461439,0.22487546088614863,0.027601939870904098
1407,0.20051832479047874,0.3578783086024527,0.39823180509123235,0.06942940063378909,0.06416905793972252,0.054971622391736516
1408,0.1868476504885732,0.285823273485397,0.5250242560656082,0.07917076811944103,0.1515444648967336,0.1272255702809633
1409,0.028000094019850985,0.12559461933055172,0.365685677882884,0.04408269839378995,0.08569888688552255,0.0356184870944173
1410,0.12710380069037852,0.12332494234344744,0.24229550943284256,0.09880366953520375,0.14630060977174691,0.08368302755351505
1411,0.14849270985578128,0.29125893674899034,0.32758544746952833,0.15054991981467622,0.08754647626809901,0.04108500424079515
1412,0.33929038365871905,0.6179128181021163,0.41517221047941055,0.09434904968896612,0.0757467230412741,0.11189724963819646
1413,0.10151396961397949,0.46378731177529425,0.5161424139305165,0.2784220943520865,0.07205376219395941,0.06855680600534267
1414,0.06171321494924451,0.22103825173782685,0.1544528327726992,0.10904639458600747,0.13411016375561138,0.12733536979869428
1415,0.36594581957957223,0.44607498296493886,0.4586964757705049,0.08632610685024238,0.08666597169285072,0.24917549199377514
1416,0.20852571396228106,0.22480019086962932,0.3655440456354112,0.052437998064527536,0.11849284242055139,0.12556358857738947
1417,0.1799104379127796,0.1999515340495709,0.5856135474093404,0.045453173728741275,0.07516526849287347,0.08698830999753396
1418,0.21710902682787508,0.36561961740251947,0.454932972006396,0.14939447531183236,0.07177931286852204,0.03843446192120292
1419,0.09270407305758496,0.38736005197919504,0.1499048476593253,0.18688686153815515,0.05790002376294373,0.15113651736955336
1420,0.052383670013808725,0.126082103757598,0.4332734869028387,0.22830693195945206,0.27340470907291675,0.10272403671019742
1421,0.057926573447280395,0.22369485901127673,0.11980392124363402,0.18666645277910957,0.21985300457098533,0.021235015178516396
1422,0.06434104488614803,0.1101726822169557,0.3704749245875073,0.13007244727378436,0.3686495950680018,0.13036501005331172
1423,0.17099551363709034,0.25498694789611065,0.32627904763174115,0.04974188788125353,0.19810536025808648,0.07724182732805536
1424,0.2130834152059064,0.07452623351666138,0.5465876237317349,0.03612226076156417,0.11472021288625175,0.09199448216266651
1425,0.08846481957873716,0.5257522620901081,0.39108200009909827,0.06946016479974873,0.26993273908145526,0.055313802002554334
1426,0.11002025771486065,0.495111176328062,0.4396813714340091,0.03546988853030981,0.07166275733204638,0.159124616800001
1427,0.04856808534583067,0.22369977597406104,0.3727308648931894,0.04162656507297206,0.06906232084858797,0.03241362403083167
1428,0.07951358437801974,0.34708724359744764,0.49227688456882673,0.2839903136369567,0.10131133397302564,0.04173528163592558
1429,0.029795263517086328,0.09092916676131763,0.2360104500486421,0.17314625028845415,0.0690620545450575,0.01973341407083296
1430,0.029053634032420173,0.37831196995538935,0.16004722588441853,0.18216492328905,0.15544307423667,0.04860447892910805
1431,0.28902562307948026,0.5963104271447848,0.4931719754482621,0.027741038844791753,0.22309472274221556,0.12260043703495761
1432,0.44544287246171776,0.06528066950780351,0.1982505737848629,0.32272821975621224,0.07749414082488738,0.01470698427206943
1433,0.08698621489602905,0.38607392363080195,0.498079948116199,0.2575923225151584,0.12001176045425571,0.02119414046580803
1434,0.04656429741377994,0.3619762845863298,0.4899029097680257,0.058064805854678075,0.0583649640150198,0.05597819583254855
1435,0.18369009483265986,0.09292720535811333,0.27366894891455407,0.03576931825143447,0.14033351450035245,0.09622110540230154
1436,0.03432999608503765,0.3275395879975904,0.16301696225960002,0.08992111203329331,0.06582361739604528,0.046290118919845705
1437,0.35370263842076893,0.5918776541768996,0.375286071145768,0.0393983884106246,0.09870921452373618,0.04397957769819848
1438,0.05112554862499741,0.2661769859207873,0.22553697321295751,0.036644880623830395,0.14742690505642117,0.048136153157397804
1439,0.08164000655744373,0.09151646883327882,0.4809600651829453,0.20533843504801,0.16153197580232576,0.07721625337825574
1440,0.16295611589763487,0.450180224315511,0.5085769564255325,0.09550304502127731,0.39998046628573264,0.21021184703307538
1441,0.16003295215877497,0.20857982594998511,0.13563569644167747,0.22798694422987215,0.11950610883057615,0.1139283024507773
1442,0.46540183894479903,0.4815111041948159,0.47676730286703656,0.1932138779516027,0.36712894048844374,0.17332452322606778
1443,0.3801502107358909,0.16974111067294803,0.5277637635632251,0.070673112094193,0.21385447410379002,0.04405295380901735
1444,0.19780358446675042,0.657936139218243,0.5371572049307701,0.024301651704311714,0.27784662507638236,0.16799441654625258
1445,0.17189603844827636,0.2152300507315462,0.4304814922671478,0.04134440485614462,0.13672127828266262,0.07264955735255577
1446,0.03474089866487364,0.474853257809583,0.36302999286939647,0.059866000816186225,0.042370457575249716,0.08777649978839314
1447,0.05279873947116646,0.2077307372281491,0.4408903079979052,0.0949135895545639,0.1078592082765759,0.1251511859879779
1448,0.07323089339074176,0.26082615268659204,0.18389632536549178,0.13257645039943453,0.2086111128058692,0.06569862509843415
1449,0.15352966144892638,0.11927211784228396,0.35084337307418795,0.08894227356555953,0.09594341581134049,0.03670198018892242
1450,0.143114015324948,0.0465216992723228,0.3373555199238611,0.2082697550423901,0.15135789345776074,0.20114965462597426
1451,0.21506653491343863,0.6141930073144476,0.307308693864217,0.06518093151754469,0.25632713544772834,0.18966872315743877
1452,0.12857799416455876,0.31721486437937646,0.16397090698365258,0.11349116062228869,0.034246188610434644,0.14256860327818285
1453,0.09424157117636321,0.5051002866091515,0.3011213715501133,0.0315188503814682,0.09418951797649373,0.1533804660908909
1454,0.1545207679078615,0.5010632859168428,0.22832496140030903,0.11287961362918925,0.11152023839125107,0.15293378370151675
1455,0.06303816246091042,0.22738390384327234,0.205191068414293,0.0315869812852428,0.11662884806587732,0.0629093731836761
1456,0.2526982392039918,0.2792518989003401,0.4833211693382144,0.06387006772663124,0.09519496462757614,0.08144806905207419
1457,0.18198448789875973,0.2906525283953417,0.38394332314295077,0.08678563807940355,0.06604698083448265,0.22621594038119272
1458,0.19872668388225587,0.20523976979592967,0.21287594984197544,0.08147720980118017,0.21778198908897928,0.020614545012206238
1459,0.17366889398981125,0.3808206162454369,0.2817538560436721,0.18703611473917467,0.08885457926834794,0.023777691448802603
1460,0.37501378385805184,0.5852918833234596,0.5829547001030273,0.08850057919467312,0.009734644567118528,0.16795832813285075
1461,0.07200970843897077,0.17725286002391671,0.13961314700830774,0.14446218923412485,0.16877779836477122,0.030812902904131544
1462,0.17116230813723454,0.18533677600155263,0.26094221508730847,0.05978031296239885,0.03462845714195444,0.02261576298370113
1463,0.46158557986166826,0.5947282205035503,0.3862239649581694,0.045545925828290576,0.25233373026922085,0.10317244112309065
1464,0.2802254701000366,0.6577482456534438,0.4159985193140801,0.11462791546147229,0.34674474586080606,0.013153499112679361
1465,0.09687799399136895,0.3547329700167266,0.5970257238254375,0.07260692639120962,0.17862300136372886,0.01766192611304525
1466,0.21585891589610556,0.2587525384361935,0.19968650430749746,0.04078698230324227,0.08769415689129327,0.046458475315731905
1467,0.1634396749673038,0.22074358044139336,0.21880605420600407,0.06546505556506951,0.040347153860408456,0.10787038209687903
1468,0.18269434812825466,0.1598878387262176,0.34446623599175313,0.05632410781364816,0.14911808266275553,0.11850875497986743
1469,0.1550196158041132,0.5876077753513597,0.31383850325980306,0.06070749931219586,0.13953821773378394,0.0990442944686141
1470,0.4903680868489492,0.7421767460858398,0.7203462641876643,0.025837972460461243,0.06523390880057926,0.07096313435158401
1471,0.3356305141057546,0.35567858001194663,0.1223531340856887,0.019334583416170063,0.051753512265092956,0.029442297877548557
1472,0.07581892722149297,0.1765899504380343,0.05951614545989339,0.22007082095847694,0.13094541213227373,0.037600442246204686
1473,0.09429725870945618,0.6290036049453328,0.6558609510645125,0.04688280365414043,0.071432282491201,0.011420138133167794
1474,0.18134858363971643,0.2614836827290415,0.25170236002536117,0.03546537377826422,0.32950431587628753,0.020162363471476624
1475,0.0603481049411851,0.16322542397914855,0.3801698119870793,0.058467743532571045,0.14696311377339988,0.04908571488694639
1476,0.306274587466518,0.5366378381533465,0.2336636762491701,0.04496867349686496,0.078988108498019,0.22260181543832472
1477,0.331479538997087,0.08924459808019955,0.23758378713538575,0.032908967298792474,0.09661545797979197,0.0961955807186596
1478,0.19081626035398785,0.09422867678309621,0.29685117968432057,0.1383404745863209,0.22665937645515427,0.05328922149309253
1479,0.05854362464726562,0.1236924333436796,0.2559367301930481,0.10100815488443379,0.26177715860233014,0.13537775970915655
1480,0.43602473733098257,0.6251375658316599,0.5335768561694489,0.016193492681852287,0.07346686851245184,0.10252260828689386
1481,0.04956484792098051,0.1637763472804471,0.08236048841634812,0.0882155663822324,0.28604385245637703,0.04714638184563151
1482,0.15033087397173953,0.2985978036845745,0.4119195259097385,0.04391808808224242,0.04558562764131218,0.027725633181224583
1483,0.31857802500635224,0.5399425818635591,0.4970333122038028,0.058802232811546,0.2161844841281576,0.049244148472596616
1484,0.03505996870596281,0.19801847050222746,0.36648267806806706,0.16747428425886607,0.16879677687406638,0.015757399528414876
1485,0.20858302217327343,0.14957713492533883,0.5530773351991605,0.09873260235991671,0.2054176664063885,0.0312066415346872
1486,0.09591305834355411,0.09038319272577705,0.3201804156149128,0.08077488765675032,0.13521431123683036,0.06595195234297822
1487,0.08696397008413573,0.16960832684202776,0.38990147461127794,0.048400718680988795,0.08311868625815302,0.025840818812829975
1488,0.13870059037404167,0.6931960287209482,0.1437843128762687,0.0631778827967013,0.13743634216553782,0.06787495215007183
1489,0.07107485899396374,0.6850404343699805,0.5887664273441727,0.13174455742258695,0.22416379034967596,0.2269664665094402
1490,0.3504398465021411,0.45608478401170405,0.5221152042476016,0.1680158077988446,0.17251625280313168,0.15318147268788873
1491,0.1496965668766716,0.19807990417384896,0.17772230682566473,0.13539791913262075,0.08050450682699609,0.04286252700254358
1492,0.1440279580452077,0.2601733982828744,0.2680972397214775,0.037948150885191115,0.39784189160233885,0.07163904763815238
1493,0.41796573392873626,0.5071002037450311,0.5237388812206597,0.11353322231473974,0.2127510092880741,0.15940568208565845
1494,0.09994305916902113,0.13737854976034114,0.3136768390261686,0.0815500033774489,0.06795712747221218,0.01332904105344319
1495,0.21799161258153774,0.46885987479725977,0.055570323648554916,0.10789718316877021,0.18626285800108852,0.018007179470694575
1496,0.1065363634711764,0.07021268193734215,0.38445697568353365,0.05378091408281086,0.11604491087652195,0.030874950210362694
1497,0.16490295658548612,0.2128208615339286,0.4373688786128995,0.04445763660628034,0.22824045678389102,0.1069047665197032
1498,0.051650914084125726,0.30716410353884044,0.0938061803295242,0.10629708943381037,0.054605444002938874,0.042586692982704344
1499,0.4608789792422758,0.6466110343215843,0.36391827912610714,0.06618281833707176,0.1829617418508425,0.01196854844787884
1500,0.08852524348346333,0.27930861548768854,0.6105887117902102,0.05712623070274538,0.19731542175468,0.02745472553753376
1501,0.09169477246448393,0.38387652121733373,0.4700631868666702,0.11302815657279387,0.0916937458482944,0.10612977405057923
1502,0.25682942833548117,0.142379084257097,0.16981882563633,0.082893360762876,0.16129530735570477,0.09530763260172863
1503,0.1309712293186786,0.19201819128036035,0.3772702484037272,0.2160821971320251,0.23065797695977397,0.04675224498800537
1504,0.2974240889496096,0.17394149555193486,0.37095340245962144,0.02283093395255838,0.1262377338811806,0.04043509141415
1505,0.04380160490851621,0.14370246036020154,0.3180758456350006,0.12491104777381806,0.10160929311753618,0.04166511008246234
1506,0.11978296007145126,0.184319891539656,0.08496384268303155,0.02118673081417991,0.1438597563853761,0.027684959891979485
1507,0.04358347404791017,0.4852847135404064,0.35964035680041184,0.09367032721548083,0.19268532724959384,0.03584338039050255
1508,0.03362294390558116,0.13786765284464136,0.5097572658916452,0.02325739444185041,0.03048777929110776,0.006288218367162836
1509,0.17773379629789904,0.3485190545261592,0.4667461781509717,0.015864425802735047,0.20741139078052975,0.032905185511337164
1510,0.26163443724310737,0.4048345836676924,0.4663766579086638,0.09069249419621084,0.10777782152902268,0.15913820918198393
1511,0.12042742555083993,0.22628647080991318,0.12718304589596063,0.19656014062035307,0.028083605922410576,0.028623575126266777
1512,0.16106809048812734,0.12135956989940379,0.5789398796265971,0.03039479975450753,0.05491629520274569,0.1699291260079537
1513,0.2880010932406705,0.11232321729219628,0.20441263163185364,0.09649077747267915,0.08370735563782902,0.05554717170623692
1514,0.2549810669106053,0.5357065953118271,0.10405881899304154,0.16266075951926165,0.06150426063324525,0.0779862495591908
1515,0.19216653637738934,0.19366125181303168,0.06716982684410198,0.1523886784007022,0.10475040267736423,0.02487475634241275
1516,0.10841858744947092,0.14283757399517208,0.4665340953667634,0.14835410442614536,0.13067563255186018,0.03134812809041913
1517,0.45626324614335384,0.3608389555427179,0.5412063551044698,0.022117689494474294,0.13151737977344757,0.08277294335483741
1518,0.28096233392082265,0.5218971682248541,0.12628445819365866,0.13549789142915133,0.21605377199036419,0.1687098093385153
1519,0.04049610965503931,0.09673423246951203,0.5724726668878035,0.10511415415229831,0.0874139482177118,0.018015489051934484
1520,0.20407202162686539,0.2943097016125511,0.41886928239075666,0.026938493411834925,0.19867707302888296,0.15041425896004593
1521,0.1473755125364027,0.4426611702153316,0.08451978783075598,0.21348735184680342,0.07590991587227328,0.009149439368649648
1522,0.261898356271786,0.21844492214803105,0.4631572295873928,0.016050714145088577,0.38019712475739187,0.11322727810737729
1523,0.12299812869730806,0.23590234125817336,0.6445473867576246,0.11199073822583766,0.1817694299430684,0.09799342819779437
1524,0.28912839814659924,0.6479182909453582,0.3728494734741192,0.04556280715103218,0.11977090834285402,0.10732001314540482
1525,0.25646134945789645,0.1637760291655946,0.1705374045630696,0.01878665950251365,0.045664902711521925,0.10589708621685921
1526,0.06585798653232029,0.3333994510417078,0.18742113403772478,0.09555844753161738,0.15758920450247116,0.02584098075124368
1527,0.14176955236172498,0.33091858662980395,0.3850352795548343,0.20093250196864887,0.14271353243924387,0.04668017511716926
1528,0.22628249809665874,0.07892890403037586,0.5833925669875447,0.06834704991137956,0.18210113697186484,0.17993503120701948
1529,0.11765654970734213,0.4340282890014689,0.38387456432842104,0.0698145830180754,0.2539828787619088,0.04969721059614797
1530,0.17754659106680332,0.2147855714206657,0.2970437332104477,0.012306504285519633,0.02754199962199686,0.01223431588102268
1531,0.09370731841883735,0.11346481837924274,0.1463805349005284,0.05617470569850398,0.15097109952535678,0.171851665935422
1532,0.1404149942326642,0.3914677784202061,0.3651311514160279,0.04517887301821061,0.03652152576372608,0.10332761462467885
1533,0.3431727902678876,0.5767267297773118,0.27885679077673,0.008287063192241859,0.17091157174903193,0.08709550059604441
1534,0.12335139172400067,0.26581433398347026,0.36653745492694784,0.19543871534289267,0.10931056070537354,0.0595938740069658
1535,0.11204307043824331,0.08173823187744687,0.23691080164954378,0.070477453525328,0.2585564362815058,0.10054269785934122
1536,0.011863557015631214,0.2960518330157913,0.2847165375557202,0.04315323931459687,0.022357584085666873,0.03711732452381362
1537,0.25216856232081725,0.12132769629861459,0.19737117395801132,0.09287046453877341,0.22554653668208915,0.2124826776005373
1538,0.06812873449034205,0.1998759023483619,0.1542215303892014,0.15868731908727035,0.16968293407840226,0.1162400013664965
1539,0.2461608874530548,0.48119476795040894,0.24832397910011705,0.0281912388051924,0.18300146594137115,0.0821430592758501
1540,0.07992018335931882,0.46993758463343727,0.1712786649686164,0.047834204097322655,0.07336702898872606,0.03676556811219027
1541,0.18280346604962883,0.7114654538840273,0.4642562053748256,0.017223923217919372,0.10758481151499777,0.053453207486006696
1542,0.04911973515650097,0.15390688055149376,0.4774894798803624,0.05980376650765977,0.09474694935873551,0.2947644134509202
1543,0.18476494613644392,0.6365254879089354,0.2831550174885704,0.030453327745279354,0.17634046008261633,0.22293731138527034
1544,0.20500258441085156,0.5897093178492299,0.6105227530114001,0.11111386141374294,0.04839417857954304,0.05348824124309012
1545,0.3618230205016586,0.14160773926588088,0.17339745681655916,0.05465562340175908,0.032724916122344974,0.2096596090638095
1546,0.618759888867201,0.2799817389150331,0.6925181732132578,0.047939263452907534,0.04110528823323538,0.04940067391481857
1547,0.0616236798916447,0.23695185733804602,0.36263382331319566,0.1932927352777241,0.05002251848884377,0.11806476285486717
1548,0.13743758962699057,0.4047954467335302,0.30063923763707845,0.04153456687158932,0.07251039076734686,0.11650055945620028
1549,0.11598264727433054,0.3968824579133583,0.39075217560627823,0.111966966534622,0.49884054723413773,0.1396878201739409
1550,0.11409579877842607,0.1595185331318684,0.15352531184622947,0.269639312111528,0.04963914989992185,0.09104406036461721
1551,0.03829852017343674,0.19002144260862427,0.19511535085262954,0.10917993673592556,0.04729757805556332,0.03462864491871814
1552,0.19930324480906966,0.21848482001222025,0.2607892711439346,0.023578249502503035,0.22290437631603696,0.047750517447879136
1553,0.14386544487338887,0.53665625663306,0.3251842367299201,0.03478945663396239,0.14954051167588545,0.06885387923642854
1554,0.2311784317438314,0.3739257989997225,0.14129901334311235,0.33191222220707584,0.18063187863045338,0.04148028394409637
1555,0.09408152176580045,0.2677282718262819,0.272806761506479,0.11873273024995379,0.09365424066492695,0.09571248256110838
1556,0.20701087225850592,0.4953525592480669,0.45617178433998373,0.03916281044388415,0.15248046636663098,0.08207916552226296
1557,0.166520512987711,0.25879554878256855,0.4448738203434824,0.07348299609425624,0.17213444429991598,0.034536517130738825
1558,0.20531942101085043,0.09038878426397799,0.43457418355401467,0.05406271151292381,0.18490386611517065,0.04830249840485273
1559,0.3701145723665074,0.26469718959656047,0.32331466292289074,0.04236863211409613,0.13663613814288625,0.11786783282691358
1560,0.22484656066367997,0.17275398961002641,0.49628200510634884,0.1292881122124168,0.5037433339828259,0.016304050586860925
1561,0.0331240587201979,0.19187034436066447,0.2531172116434242,0.0364637408799832,0.19354218781257523,0.030503207090392413
1562,0.03844215655633357,0.4196728558494532,0.17941061094203242,0.07942845580410966,0.22213671905480423,0.09652880533271138
1563,0.049029632987729437,0.49240405694181805,0.12415220560047746,0.07159143981284637,0.06285472118366943,0.07328983373037931
1564,0.2956754600461387,0.28928581297346145,0.3669855120229192,0.05404716400488991,0.0599786119833254,0.010029567591384044
1565,0.07161571569089088,0.38406396578625546,0.6007546251625866,0.06605089891790746,0.16988156979396946,0.10789442124254815
1566,0.09017937871060944,0.21707194232423505,0.15926586622401684,0.1113036800345981,0.11728507525876686,0.048569692252751304
1567,0.1908408109199732,0.6899788260280841,0.34560608367263795,0.05342246197968792,0.14772131563757723,0.07983739541031865
1568,0.12879215799985488,0.2620384614050724,0.40477917566673327,0.03551405806881468,0.1318203716789897,0.044621443475238574
1569,0.17561403939293774,0.5814107540790866,0.3824439288865231,0.09928942786296274,0.21576246679745856,0.1693776659758853
1570,0.12801150150990528,0.17238662339981398,0.2592781959937783,0.17131612743487637,0.06032840161422311,0.021936234581754296
1571,0.22477659988613272,0.21220656475019412,0.5949198469340435,0.1394505689174209,0.11339046881098187,0.02928493598022868
1572,0.13369316197248837,0.3391916334248581,0.4943725437098234,0.08246414211825784,0.13739409913310074,0.12058694417639187
1573,0.12895806153153327,0.21625158988672014,0.30687911902666215,0.017276903958816706,0.2047027473875767,0.13698654755399145
1574,0.15187570699871278,0.429951309264795,0.15481129988813183,0.12498227471202675,0.08204439252685782,0.01604212528538692
1575,0.16395289786668102,0.1986924477494287,0.319210863479035,0.0741689914728886,0.4623833437864348,0.08468074935413437
1576,0.2536826191688255,0.03167641358027946,0.5337691059433527,0.38301437989426207,0.3487505026716756,0.03186398298284462
1577,0.24067310493185723,0.5294824927567587,0.5023634353343932,0.026357738820950043,0.14250392980404533,0.060418591744019604
1578,0.19118180485021935,0.4051391318310957,0.3469014502970402,0.03020301182510705,0.0694205954156745,0.038389575263991296
1579,0.18782543418622166,0.07378524954714356,0.20924407630056088,0.15790486312145488,0.050277659662505074,0.04009611766390981
1580,0.162681402389023,0.3314353315360204,0.299297081188625,0.14000423874421708,0.2780993456600614,0.18090863158926915
1581,0.2128665578438034,0.4058281016468184,0.21059797371057537,0.15106481526659266,0.24921503017395844,0.14917918725298374
1582,0.0488128876258454,0.1805595134453087,0.22901506749167833,0.0748436872157154,0.048979394926527954,0.05944004211492451
1583,0.29267165834875797,0.4630597194047519,0.6554119150572275,0.07387834806607264,0.3743375346152963,0.1446088802315154
1584,0.16487106035466756,0.12388984226629668,0.1150883619863069,0.018072695313349752,0.3508251756202185,0.16140767707527795
1585,0.08382107742258273,0.510338211700615,0.46581682703363636,0.05245203402582983,0.08717485595771692,0.08465706097614469
1586,0.057902617065669515,0.5130978411908346,0.41899322023929025,0.025301819332152864,0.3053630023249984,0.1699575178957509
1587,0.21107039173052425,0.3257526702921651,0.23151596274005418,0.047133214961676224,0.2147458020805095,0.13875170727908795
1588,0.32395293778607426,0.5706024157825053,0.3569566101756532,0.051180282685869036,0.2904147926913134,0.14665290380032878
1589,0.46128148602043584,0.12312184053503576,0.40749135686459936,0.04457153875528404,0.17457284625246144,0.19020617975831233
1590,0.16713484991614178,0.1552091521249055,0.3121623126587189,0.10728652586538498,0.163181487574087,0.1563373219964516
1591,0.22970895221783527,0.45678459443936664,0.44187116831876294,0.06690095068010389,0.10515635931736735,0.04186633555112876
1592,0.2034995115603543,0.46905637478477546,0.43657300849977715,0.035846083195644966,0.3278336737070402,0.07531611549030189
1593,0.1441835177452837,0.7834960363523559,0.6727024588651038,0.04269426584114318,0.1742044044509818,0.014451593367858923
1594,0.17177936452718093,0.12786832948176524,0.2405007970723879,0.014055309364709207,0.041974346333824596,0.2233526925625965
1595,0.13315442238797923,0.3483810975128607,0.4515619853811078,0.029863789479547917,0.12130820798159336,0.09430348567932165
1596,0.2913904570164599,0.8020604731050041,0.4298677570406545,0.24483222316245823,0.07062152705365028,0.06640540910821517
1597,0.13366479808009527,0.27463561080757104,0.24872207783778003,0.038515349964119025,0.22410776834801088,0.1382554599134844
1598,0.07900647802541517,0.3276628916303065,0.21293321054834288,0.1381463729656462,0.16251738827605347,0.04723312788187173
1599,0.24661714658334263,0.07040581949989884,0.5113825620360481,0.03316719383069601,0.09892909257021332,0.16147665930220442
1600,0.2171046207318655,0.19026346713732054,0.44141879021884756,0.14916643294076581,0.20948172845340907,0.03495233727383945
1601,0.07592406130948584,0.33001775054630406,0.2227222990713189,0.09125187852782832,0.29698427800659327,0.08239801515895356
1602,0.2834700423088451,0.4381989998466046,0.35220583695628765,0.02314581931562847,0.06681081179372618,0.07179386627382092
1603,0.19967830213078475,0.36665712155104313,0.5555241912414347,0.009063142090416613,0.11860702361934355,0.1648959839343216
1604,0.0467111356323389,0.07529842854877954,0.13519516787809846,0.14749931417183793,0.13601007876466176,0.03872625619272073
1605,0.3181282241998472,0.02952774965440228,0.22627994994738426,0.16372596682202661,0.0871153293083189,0.14743290764023848
1606,0.058621088818593306,0.5060128167979041,0.3399665885413572,0.0914951768613506,0.12271501270085683,0.04062665418991308
1607,0.1572488969257372,0.3358778019615199,0.41315304841532385,0.1493574052669805,0.16195287873119674,0.04891041829371936
1608,0.09929984981639858,0.1693103989279088,0.18718522081638814,0.15379393269927583,0.15184791082268018,0.04496301084798666
1609,0.1428087252488954,0.11830978211197675,0.2925011708362299,0.051108244658878754,0.12595180343752183,0.07762010966008635
1610,0.21017779112386734,0.2179624735560771,0.13734594384269067,0.03625821679155605,0.05667892261312795,0.06471259753402848
1611,0.23179561735538293,0.2147898054168606,0.6205516788646022,0.032552121309504724,0.10536942487842668,0.19572096231921338
1612,0.1383552751118313,0.7692972296464848,0.37499978146135726,0.09078157999357524,0.10410675520468983,0.17440223293787735
1613,0.579545748249568,0.6325756647607572,0.3272668502240563,0.17943485754484959,0.17701734203565384,0.06824511125019499
1614,0.09336268550482307,0.09307519983155844,0.20478894749436224,0.03722712307918732,0.169512524583502,0.019136483013977832
1615,0.26440360657119777,0.11576013589487884,0.488936218408795,0.07366091042724286,0.28685575220524434,0.12891242682322548
1616,0.14962408909953698,0.5961029424976685,0.3175965711491473,0.026275606394736237,0.35907308845992736,0.19868233027504778
1617,0.029677736583207128,0.04592321759814454,0.2585887536393889,0.0574947658824728,0.36437732305889525,0.03250140483021781
1618,0.1518101536042088,0.06946824038629931,0.5531748385005807,0.06646664721313617,0.17670435787273228,0.03321240342368695
1619,0.12068881542456007,0.09294264200830678,0.40890770456693515,0.06532304874858741,0.09765436881381093,0.01655940370792862
1620,0.2485179178136636,0.3854858253219165,0.2308046388207712,0.14571574644947782,0.17403068795564303,0.14553536502740777
1621,0.22826651356014754,0.6755077784167302,0.2664088249325639,0.05378103237539544,0.30870932763589165,0.13566429954132855
1622,0.5495089120440401,0.6322122642729348,0.5036844895716721,0.11573186408660156,0.04660657156516078,0.05410754470782299
1623,0.08035266420511375,0.08101884497640555,0.34533932861545397,0.1346059049525299,0.04081074234030864,0.060511911917294145
1624,0.08254355169691309,0.12014947051431885,0.3689375755317723,0.07094820525738386,0.2368392369923608,0.014790723018814435
1625,0.16825640753473947,0.17967199010475396,0.3628063154674918,0.07561014101809976,0.3053824873084627,0.0517340335354544
1626,0.06184282255911607,0.43288718085177674,0.5545244479883937,0.06232485668042542,0.0509458096945974,0.05030646295197252
1627,0.10261185779602486,0.6391339536821258,0.15111203329936007,0.041076777242789894,0.1122382368723732,0.040035691231880007
1628,0.046720895317128544,0.5784253876985884,0.44328676233968883,0.060482964410992546,0.11843015556302179,0.12474058434702862
1629,0.1529783656952474,0.314090909373996,0.49410947183613996,0.18813355920997527,0.027792057846595972,0.17377922262134898
1630,0.28130455770590623,0.6179502848109655,0.6013089560941621,0.11250214870140454,0.029290316395233617,0.009207488787662343
1631,0.43827187645920135,0.23291898645367662,0.4926144694960176,0.043427319736090944,0.07798212110876462,0.033103027384161744
1632,0.33130436529121404,0.07941305502563743,0.06178187290106224,0.11519469262834288,0.3037660394962176,0.18280220795784768
1633,0.21011350483984678,0.41537670778326363,0.45477713509907497,0.04364311634759784,0.3628113585586337,0.12025723052818955
1634,0.21004811011135668,0.15858548992112387,0.38320322648758154,0.05835907710149375,0.16193844717387804,0.16860155773881746
1635,0.059418635738438294,0.5359215054289954,0.4146998952592437,0.3248854377480851,0.008430347780068391,0.007829769758508952
1636,0.210516001073757,0.6732379305688904,0.5057767868565247,0.13800436959202023,0.021080347536462846,0.05726609046279453
1637,0.2664615749311629,0.13850501355644645,0.11019329282747524,0.021305374767168594,0.07186696969696212,0.060304603276173485
1638,0.14593637128825535,0.11508845492997269,0.19141962471837906,0.223826020568947,0.19548321141752517,0.046873279979655964
1639,0.18649242144584957,0.2816475547774489,0.558038837244819,0.015258116355543019,0.09844565026588607,0.05795725779756107
1640,0.32376048489381637,0.39043200617468604,0.4233985620896501,0.04028901604871718,0.06459387883196531,0.022439451730603483
1641,0.18822832913497395,0.3170847135776388,0.30559209900258094,0.18008381843363,0.06255793338807569,0.10521956504220822
1642,0.09834430121776504,0.13979804931878015,0.25759098126541496,0.05430519703536614,0.047920056559594804,0.022322580301076297
1643,0.2209830358097646,0.18772800710839566,0.274290878612701,0.03594693525306869,0.12869055288800718,0.03370665541170099
1644,0.46107582513126133,0.17678451462340197,0.3135680447347645,0.07510505073004212,0.09453919768241437,0.027231821095285002
1645,0.25538953402099646,0.6220069607217596,0.17096791550454124,0.12981506269822232,0.2565365934962196,0.04958723811997915
1646,0.22475691773432055,0.34364611422250546,0.6250486681064177,0.12004650891054273,0.21454279567044116,0.09684745500866239
1647,0.2275903196507962,0.6377904986531825,0.3013928717824639,0.05202766106587589,0.2136628531910579,0.14159196634318477
1648,0.08203123369145912,0.2885248335876089,0.5992317067126965,0.13511224865083094,0.06868776128371604,0.040744997558814174
1649,0.2506618881548711,0.47147058180338147,0.5125744642952537,0.013531351827761181,0.27526740414686474,0.144438439040826
1650,0.1431367484772539,0.7029247177264842,0.22920987038155127,0.02480903835065798,0.107820203597601,0.05243787772934367
1651,0.192553201180497,0.12573270083131516,0.5646302240364656,0.03606482182028474,0.09225352198609278,0.22126099704589375
1652,0.31306531086041506,0.5473219381076856,0.41023503852415205,0.03431556964215017,0.20075471314742116,0.20159108396538267
1653,0.20058459671542805,0.3874402402781134,0.42251904536942875,0.1908339981288811,0.10199698519952005,0.16660702605493216
1654,0.1587854208826452,0.37659322278363516,0.37304529021566524,0.02850721319843668,0.2441628398492878,0.1817211434402788
1655,0.24125760150013195,0.5851307400006028,0.323828614038211,0.012647633474791907,0.1365770862147476,0.15173991609145354
1656,0.2703442501863722,0.035357057233532566,0.032962624515128325,0.21464912504589753,0.41620639173438245,0.0792105631976307
1657,0.3856605878781357,0.39025402293285805,0.3280233811712376,0.09332189453785221,0.17804665642297754,0.32374826662810813
1658,0.10331951038198174,0.20204889157317796,0.33611990836867195,0.05709794181244173,0.03419970964927479,0.026595732719364044
1659,0.16562832399543168,0.3123327523427776,0.19653103409779227,0.0717798623822215,0.2590195877979823,0.13170711100201563
1660,0.34926192245437626,0.1800503053695487,0.39541338926293607,0.26027546056383516,0.17520660658930268,0.08621857976466674
1661,0.19864503543276474,0.28880790877145385,0.4189092884528757,0.0516565282721661,0.15135691504381316,0.059526558874865174
1662,0.09074989157410715,0.3935360508915387,0.22139428647570933,0.1990836636525309,0.16799912343922233,0.01676263222499348
1663,0.04934924714594518,0.29834517133104743,0.31949077534217873,0.04939039042823144,0.10659429583012393,0.0447741269335549
1664,0.29064678627698604,0.6327579873482443,0.30705524227244557,0.03793947044847808,0.09637377795812985,0.07929633041258011
1665,0.23223284051167242,0.09549506004810061,0.15614363043262727,0.026107253113826646,0.12253460477894343,0.11371834231957244
1666,0.12290604008393881,0.09407705959786192,0.3183664535196907,0.06954332898908512,0.21729263015809727,0.07936318356798866
1667,0.0995342856757985,0.7175910698021575,0.5728441695327189,0.10243229854382142,0.09688613789812346,0.017909254941209596
1668,0.11046339112540783,0.1531764194539306,0.2939744646786783,0.17663222131694228,0.19764051230548457,0.056265547636208287
1669,0.1488520597825476,0.1843181390419785,0.4202383044278599,0.0521741569016653,0.1205861325872466,0.06119822217294808
1670,0.10293681638786557,0.09150253542730383,0.2370250000971562,0.02921468938593002,0.09575587799027996,0.08400750042009449
1671,0.2373448835114958,0.17498063538003775,0.21696774468075675,0.031024080764848357,0.18282085269888154,0.0810785454333273
1672,0.24229669512957036,0.3106737233705021,0.6013376774243004,0.10861404079845122,0.15986824051504137,0.01696837462699644
1673,0.08603876062544395,0.6666649854414137,0.3324204300490666,0.1472607331448345,0.0064473206272080705,0.04847819337138703
1674,0.21550544947144687,0.16289146707801794,0.0843898706207869,0.04721231911287081,0.063483989894547,0.07454774170549647
1675,0.12614736077654204,0.2175377503347227,0.23660664768575837,0.05485210686084194,0.0751549544760173,0.1806485460460989
1676,0.18425412876040348,0.3354451464994602,0.4662104620287352,0.026945659545209156,0.09257641520595834,0.08433838613373969
1677,0.1030313832329218,0.2745121629661498,0.5646860996158645,0.07921780835343685,0.07852536954889436,0.02608889413998993
1678,0.19896288481503696,0.1329256996381702,0.37327445036822127,0.057446029613320605,0.12620421246655691,0.08792226144388844
1679,0.04713603812523858,0.19231403443214573,0.4109076843326038,0.15578996876867318,0.1859112365270421,0.014172351506391734
1680,0.222177726593432,0.35646601210931345,0.45834890183673704,0.0629774943324901,0.02983897836664074,0.07788832668998315
1681,0.5183526737563331,0.8175650319088538,0.3700945467712726,0.07166472681267304,0.07602005082388329,0.05732702241328481
1682,0.5618142438808043,0.33289369489139503,0.10014330054507273,0.05297127103778771,0.12722101633382682,0.04316271189736842
1683,0.15172624751094543,0.5292422487889508,0.2785240663835031,0.03335890249078941,0.1626159136883272,0.07774418628428381
1684,0.3814201232231799,0.2926511114199561,0.6002638404365422,0.03314784783857479,0.039187561035819066,0.1457579918299651
1685,0.2232478140534282,0.19236165163477914,0.600059793640585,0.11812023345900084,0.364612187230656,0.11932260231968171
1686,0.3745241410307971,0.06119864755557118,0.6480816065364415,0.04159318155866954,0.11460331585377709,0.07875100967777351
1687,0.03953073132161971,0.25134793474337636,0.5455818642228939,0.0472065669560498,0.1109612656730391,0.09233297669278356
1688,0.2019512360710867,0.31527290325567164,0.10267521756845115,0.1852864929814432,0.018461722405826532,0.019079030677785408
1689,0.282598519674412,0.097286266272188,0.44007908206487295,0.10282117759907031,0.1333817696912151,0.07645998216069708
1690,0.18127708659728078,0.24700483032611917,0.44366282904321597,0.051388903292813225,0.23261594986346965,0.22136706805216338
1691,0.1602337708670142,0.24243218467439764,0.5318383777896094,0.06916659028625975,0.1473156937204544,0.12126774098351914
1692,0.25933030634450843,0.3054035476281756,0.15381126844582457,0.025367984448502686,0.09274315030140237,0.09665521387208417
1693,0.3279815834364712,0.20794231390351242,0.049685397745291106,0.06674811663092628,0.04967758521851733,0.03924898545710577
1694,0.016655117619879176,0.0572192258809979,0.6452088891435142,0.08244516168516292,0.37919850217194756,0.01323417238069773
1695,0.2852361402938968,0.3944521571460831,0.39730224511602447,0.06926770382764835,0.25185683157621763,0.02315599152041223
1696,0.3106808342844525,0.14919865040365413,0.35269575973129513,0.12226120538013836,0.12082523474686777,0.02226733661769704
1697,0.1803827240946168,0.39350744242819957,0.41421392807068236,0.0745154624181899,0.15688435836697506,0.1054919324766192
1698,0.21012685178477442,0.4504835749207469,0.39630221613690286,0.024629809668043855,0.16001666004170761,0.052689593225994945
1699,0.19448354549900104,0.31669453335535597,0.5144115214297433,0.09395040058157915,0.15691114822494637,0.027252757498473165
1700,0.14078185756372164,0.058559147019467635,0.5285835098012378,0.08171009376998954,0.12616923166325045,0.10518815974987028
1701,0.16417319130535438,0.2667849214709283,0.13611798838092612,0.0213750903847272,0.15760405830374655,0.08459063460806915
1702,0.3085981377386602,0.6250735308174383,0.49084801226329394,0.25298784632260385,0.344267591885636,0.03245791357634325
1703,0.09837317993283823,0.2965717387206289,0.6048040077434189,0.10711315689930695,0.15061679517544896,0.11340121145749082
1704,0.2867970425105565,0.1876599066423809,0.1275338083858164,0.04387466086680082,0.1845381202438343,0.20002490421572278
1705,0.21892291867176442,0.7513931423596473,0.5836572232782912,0.144070775319452,0.20939686884956402,0.07582891096642831
1706,0.05423982252209585,0.14022349985336227,0.18400254762849963,0.18058993730542727,0.08299666349795307,0.06541645546850647
1707,0.04701899021625616,0.24174707822399513,0.10196578733644227,0.19442443849568972,0.08467062483057711,0.02880130953482697
1708,0.46946818177833866,0.29571807839767594,0.1844266371324759,0.08802894445933197,0.06175829824334314,0.08711122597715812
1709,0.10377114582728669,0.24052169320644295,0.3108825876029794,0.0660656554000792,0.06632570017763971,0.09635043659688175
1710,0.22182282814474075,0.3398522497537956,0.08925995560701451,0.04445465004692032,0.1690035622780444,0.03445303472298283
1711,0.11457540133142212,0.21455655004551763,0.2653889708852838,0.14919762198509,0.2838636418503245,0.04411328085762939
1712,0.24465756313544962,0.0267085020464462,0.2096689625222786,0.19146003046133123,0.13717310311811248,0.14590658134047427
1713,0.22728303107524864,0.29442941286260216,0.42943449109724885,0.03216663535150213,0.23009485553072093,0.07792146934666579
1714,0.19098298798350832,0.3026979016872038,0.4921758464913663,0.0208763350686188,0.10203468434310972,0.08616918751464898
1715,0.3185958781958201,0.4900593833498047,0.3123780825784669,0.023665302683782495,0.12209176065152312,0.031014931022566795
1716,0.2955870558590604,0.27661649291601004,0.3506651711612384,0.06594021282516037,0.09944628114228588,0.059696474204366266
1717,0.036163487548832376,0.25974500952160673,0.3771501115877035,0.05154169682084906,0.0813959834018359,0.16232079372216274
1718,0.13221191455407239,0.16983964700543122,0.19677476948396236,0.02559248427787032,0.05765029984721133,0.14968130027354057
1719,0.07596543118953157,0.11535198587699573,0.46770990575272753,0.044095557154841945,0.2289009576468407,0.017824502686870396
1720,0.08572615700137082,0.19390373118709173,0.1876951893588624,0.05560925860758752,0.324538652563773,0.11194366860742508
1721,0.07936885905024255,0.29262982002918647,0.14317596505975924,0.05527295587582472,0.2620485023779136,0.030390869286110962
1722,0.18622060071831428,0.4210020987895899,0.6126718985642884,0.05854781846263665,0.0648358878070256,0.012834954160735669
1723,0.11349628359374447,0.6405441930731317,0.28310357920979945,0.1664074762219273,0.18927761184617237,0.10458503018911096
1724,0.2962776153742061,0.1256719828920174,0.21502721995721238,0.11879507859398918,0.17467328505066573,0.029795137043482706
1725,0.053623820022687084,0.1326874465009581,0.39155409922247575,0.060119707249473936,0.04494196484304606,0.056334674677646794
1726,0.3110363892414264,0.43961061429460135,0.24062043987185766,0.08484217730835725,0.07956996056077238,0.08774103733543305
1727,0.25955597532059876,0.26047912508888216,0.5735102173299096,0.14652187542634465,0.10950379232550281,0.07712641405286243
1728,0.3595654390571784,0.32151568341784237,0.5482850890349344,0.033656728983108584,0.1268008329491366,0.037639910217174
1729,0.2351515037534526,0.39807611479898386,0.25207691635603985,0.027487550761427813,0.09705584912130129,0.12943125042659973
1730,0.09751295523886344,0.5418926065533554,0.0941178442909595,0.07615048590126983,0.07566876855894114,0.07857847954930658
1731,0.3734089014922703,0.06014832953650781,0.45584150400803775,0.1255327911675371,0.1634435084119789,0.0658012742409177
1732,0.1213056352258144,0.4265001256714563,0.3026694036443744,0.043678330279897516,0.19910714494420237,0.05169534161744751
1733,0.11410221661806348,0.17383803676005574,0.20677326419014735,0.02756025408981897,0.12147277912139753,0.0531810071231655
1734,0.08906600249923581,0.18342626312011676,0.2823240182641588,0.21618870214848124,0.28178157959679057,0.05783847822341372
1735,0.2830472514847377,0.43206352027015,0.23547270220863184,0.026340580266242055,0.18968883934986866,0.161184230016044
1736,0.12983282794319984,0.5191253772859211,0.41286990101314897,0.09979875549159889,0.13775781487546615,0.09156056644790256
1737,0.21575824778200736,0.633397422372289,0.08802966506210154,0.034681035530278556,0.0585393990512392,0.02596886522389949
1738,0.029089037036938926,0.07971364489575,0.19803510648557915,0.06256821219244847,0.20663138183449375,0.1584885758827008
1739,0.16990571678408062,0.41378046714514566,0.47677176008959454,0.057061850391298956,0.311584518612091,0.0521936853158685
1740,0.1402402962998012,0.19532253126795657,0.36534383973657447,0.08629802707174167,0.22466200673814016,0.21933196690556175
1741,0.13580380839721415,0.099995330669933,0.24767989016136954,0.30617425199401627,0.19962557799383254,0.20351622029563327
1742,0.33110491275622217,0.3026859462118938,0.6373471207012333,0.062448403122342365,0.03952388408757661,0.08453206391181801
1743,0.12842653428298145,0.33396555279876217,0.3261219005928378,0.03924579940700332,0.18355406218146902,0.12701522198991935
1744,0.30120213149632086,0.17324558565851167,0.4450067957572125,0.016820263206219068,0.0963121923599829,0.12585323065934673
1745,0.1738390518119343,0.3070515610635383,0.2451162390406971,0.024907815618382186,0.25691005818232177,0.141993970436625
1746,0.4325394713613694,0.7063247884735256,0.25721167638727505,0.05673122895631294,0.12198431275659603,0.02709553375940823
1747,0.09620792233975085,0.17229206829533347,0.1751763735162018,0.038401741395111974,0.03037200395657987,0.032179956016287585
1748,0.15205692669616397,0.5125797433923777,0.37180749044208705,0.007221127634242634,0.20628248816998626,0.06001738781409243
1749,0.14763763869768365,0.5565106939790239,0.28573844835092344,0.03275589063284912,0.13453175315667817,0.059757166644815465
1750,0.21204721780544003,0.5353926225670574,0.41396859196817615,0.06463575081798272,0.20125177871724284,0.06764080264704589
1751,0.2734815299037331,0.23736259375159383,0.6298078118990362,0.08957532782721715,0.048645986596326005,0.07978367814005805
1752,0.18813448856558737,0.4936590948808763,0.3730290120576437,0.06421000669585025,0.1580253086620936,0.1414812215865876
1753,0.06702588841220382,0.4223038000437647,0.14169309930482965,0.04896678015281976,0.26306101359999795,0.16813184876754894
1754,0.17761989931420125,0.21534952291481044,0.21193866212767148,0.016894594396270893,0.27705855665142654,0.07369604789241951
1755,0.02831030287179463,0.3248310084261994,0.2505106030473947,0.038907764794660966,0.14975700117113872,0.05387014397193945
1756,0.2833562163173177,0.39539340589558425,0.32670735817031993,0.013873785107535563,0.23185350379079114,0.2816402268292749
1757,0.041605366170201476,0.10413387859980394,0.3306573324362696,0.027475852082532032,0.07899480123438468,0.10717654481816895
1758,0.05995523310723237,0.08252176988901717,0.0925745700346382,0.11864317754423945,0.17974299037744534,0.1884646089554641
1759,0.22166008392461392,0.25346775508848557,0.3466869529735856,0.06619989286466274,0.15583027182801312,0.060292635348057
1760,0.2689758486638849,0.5661557735662954,0.20684090108498773,0.04058178011437865,0.12583295654865767,0.09858007393221406
1761,0.1952687669319003,0.43799677314007107,0.4413485654574601,0.024097856152172865,0.11117863754251697,0.032834424751217256
1762,0.1002633611405548,0.15538030133726422,0.41403454663812017,0.013961576603520497,0.1018748648491873,0.022868278804881723
1763,0.1820240490719482,0.36704626943628643,0.6904000382459946,0.05307487352680782,0.09147257972131263,0.042339946093257995
1764,0.0555366022084522,0.5917981382106635,0.11596650061832497,0.013265162062382492,0.07778940199834518,0.14003904423149283
1765,0.21594807996799328,0.4656068834358387,0.5077986020591073,0.14076776905682564,0.31710017132342044,0.1533035225703721
1766,0.06506236302516182,0.26593590255035043,0.32722626620642975,0.054578440958395535,0.090290995960856,0.09344432828117373
1767,0.02152648528693277,0.2389486000938041,0.21328320133051973,0.11914908207205557,0.0356839566580369,0.03095924255957742
1768,0.3414810609361828,0.17914722885910722,0.3233828430994721,0.042552988286035945,0.1497889138716593,0.06156632466580864
1769,0.2635598420940787,0.09427445469508691,0.3451957166414731,0.047870029918299924,0.3057749055551935,0.11179687736444702
1770,0.126669981677759,0.46199013663754745,0.43230064084658,0.1361269320410394,0.07570341430236681,0.017197042352440434
1771,0.20192986210806396,0.29910318953209025,0.3233756591113072,0.08590183197995134,0.1474456397630008,0.043764737569866714
1772,0.24996128285013608,0.5271419549072852,0.27335175022450814,0.021555429627577147,0.027080233314897225,0.10075692038264868
1773,0.06548476059599341,0.14511477753195634,0.1713019198470068,0.072435412623871,0.1537084694853207,0.11577297030996614
1774,0.08200567614224051,0.630229883217433,0.22473083666785795,0.03458870537941095,0.08962776986820942,0.023938662754445804
1775,0.18674158522062323,0.47774399332411893,0.24567072308173213,0.06245409424175283,0.11827079660086534,0.031153647911413687
1776,0.09350729736683344,0.365554304110225,0.3568495257283622,0.1358392070837961,0.21678400685847632,0.03942956557388204
1777,0.20569623541044652,0.27394170730086187,0.1328273313859467,0.10030880334534324,0.17673980801437755,0.16202572813504088
1778,0.24320080125556526,0.14794050381296425,0.3766316336348824,0.04887252342703789,0.08282462735813072,0.040898040130429615
1779,0.5020206029462124,0.335208255121621,0.1998618482634635,0.08437418465725416,0.08395200248428662,0.05246055258950656
1780,0.1004341986939705,0.5121015804112989,0.12735173113929804,0.07624243361079926,0.060920111329296395,0.046856379707373094
1781,0.0463423798292959,0.2782344762532636,0.046838296636582635,0.026300915583998254,0.05729864694043965,0.058366254755504894
1782,0.20660382399954805,0.5692934675286412,0.24852738554993387,0.014072877516466789,0.06181730421354232,0.036510137239742536
1783,0.1219412342249014,0.5518231550618135,0.15562449159917638,0.21502232490372308,0.12246746919442357,0.012444624034785674
1784,0.2086065434187811,0.3077649071234313,0.37853556545062444,0.023265815620274174,0.23668971327766763,0.024563887795837555
1785,0.13688820219489456,0.24671643852223302,0.3089581590204326,0.08698217672903043,0.24586285213450637,0.11530247776846773
1786,0.16214563565988047,0.4113114058958803,0.2925565883256239,0.12213203867518609,0.1722128194685683,0.023500860957464162
1787,0.26406522318430764,0.43896296722979894,0.33079314777553376,0.042968453905761254,0.08121195549956756,0.043692068518283535
1788,0.1226000396788873,0.44321960177560166,0.21967390554515248,0.0893656520418145,0.1348712249113678,0.08440819022080265
1789,0.12267455612215857,0.6801080017376689,0.5067483901270056,0.2518014116749213,0.1150396618698067,0.08738121915931149
1790,0.14708891613906774,0.6196185403602613,0.5601020020588372,0.08176987129740156,0.22038179862536275,0.07680211478137419
1791,0.05348744109627524,0.10442765152499808,0.6924764437441437,0.2188084876126385,0.13080202026603735,0.17787491778673728
1792,0.13605591187240623,0.18509225006712168,0.41204050017061866,0.02996439716350072,0.2506122827848624,0.13659173621299583
1793,0.12776982684041652,0.19165281288870994,0.28281960939616935,0.05560067099570653,0.12838984640539697,0.19928279589580278
1794,0.12889510893208286,0.2486835124508266,0.18162293824345427,0.027758913982511707,0.11220149188462653,0.06577387209682607
1795,0.05011405095955048,0.14933682163525666,0.22570084208231264,0.13824293018138542,0.09272136155740568,0.01114656306517914
1796,0.2132482338168868,0.6453508995827207,0.3751853259349224,0.012532652193453985,0.06641248562982942,0.23135708249149894
1797,0.09760554737934966,0.1504456297717825,0.22313131179406293,0.12911271774242059,0.04663559354677708,0.011898909094401939
1798,0.2235634420392983,0.4104816737145056,0.48757062076221797,0.04654103944320345,0.07630766020773609,0.023091354108584424
1799,0.36691994185624666,0.3088417887257398,0.5868557531278128,0.012375073929484521,0.1678346112355682,0.0976739254733115
1800,0.440765879471312,0.5252369359676782,0.38761974264065796,0.03044243214734308,0.11139414165245468,0.15152967237174197
1801,0.08551718493307303,0.16894837689621636,0.19531091730491168,0.3545929144318579,0.14334251115610744,0.03291258230781279
1802,0.21536299028992012,0.33322859180983294,0.3410076133965613,0.03675127171542274,0.10780668834552948,0.07909398340172048
1803,0.0997690430578875,0.4393712302306604,0.147974655026616,0.09460227399244213,0.027100345593489616,0.0937215307912013
1804,0.3358269001692939,0.3908347413408901,0.2382446212474288,0.09030565914797195,0.2630552854564409,0.16583797112638005
1805,0.25783165695787164,0.6241242731548455,0.3633349765922589,0.12577922567016597,0.20256852864103322,0.052154938341505315
1806,0.07910546693920328,0.2677690049341602,0.1760959650800891,0.09878372830122654,0.0764112138381187,0.07542603848422767
1807,0.15093653270366672,0.3655854918822571,0.17213077125437784,0.020733245007364745,0.1674310848075176,0.26240425647812704
1808,0.2847075093609769,0.11293017018506488,0.1865087369844873,0.06262906535392801,0.02334622644879868,0.08050552962080257
1809,0.2554588141619865,0.43858040310063107,0.6785364244293015,0.1506963286142807,0.04303911636535576,0.02038338547752461
1810,0.13766167664816287,0.10264433037262571,0.4351070833299412,0.050063299403157416,0.08652834604306331,0.08840693219375029
1811,0.28589613812827486,0.2717811080156524,0.43360231675681343,0.0592057906248358,0.24105156257952684,0.15427344421218764
1812,0.03792329801211039,0.3248165448637946,0.3249157056608191,0.1788238518249543,0.09521161001073208,0.25203264064123165
1813,0.14925592493765333,0.4708412351491449,0.33299838788960645,0.11873118659826544,0.09745243629542404,0.0962624713801418
1814,0.3384170490240239,0.26893356937517565,0.14133268555653386,0.05539449492377137,0.2789122476193148,0.20789710928132374
1815,0.20697792256650568,0.47142150342051564,0.5148555723793802,0.07165071576477883,0.08783656788398024,0.06281864160276292
1816,0.28495556174673714,0.16068067172745595,0.15419162847692588,0.01892537023203352,0.18120226578366735,0.22548625482214946
1817,0.33692837315752333,0.389160509851933,0.5566760862622704,0.011934600726353951,0.10158771693750034,0.06372719052376023
1818,0.03730764465251004,0.07493195209416785,0.1337409107841815,0.05876801307191585,0.20220123350486335,0.1430501359972549
1819,0.23828793425393469,0.24113757464200777,0.2602101305350212,0.0998507026258781,0.18714601635660938,0.05111278645195949
1820,0.08844500339429476,0.24671016927458947,0.258595209705533,0.07396196820037569,0.14072262201811156,0.12568301549103764
1821,0.19224274720927553,0.04327268850162264,0.46158028872633355,0.0376129833974204,0.016572213954372337,0.024162446849176854
1822,0.2463633886531927,0.0884641856127529,0.3119901969144018,0.06475505951696395,0.07552100330523756,0.09944755826612009
1823,0.06714599307770083,0.030088480786728728,0.4992532493372443,0.0318222549450578,0.17057518021228488,0.04627012795278621
1824,0.19089250014449674,0.08511976115736553,0.46264511609700476,0.0711823155244163,0.1367492639159598,0.02156755538583047
1825,0.2216392649764357,0.39837495154345337,0.22191336831699077,0.05805169221368733,0.10834289623698808,0.06564830020108633
1826,0.18125041652039373,0.2938201154804273,0.18863711524499532,0.03764736756997789,0.1185933480729521,0.14991500357882173
1827,0.25102894666277464,0.5915539664272651,0.5238547732018775,0.12030418066860639,0.13995622018610918,0.04714642618712747
1828,0.11319544153424256,0.26618289748330953,0.37273513360791577,0.0408156545354624,0.0889976490654371,0.25615395563800825
1829,0.33885152388285683,0.3953164612328995,0.07918700126042334,0.037599888600426935,0.15173822122391814,0.17964486558828874
1830,0.6556618169700447,0.05527420495303131,0.14940654445875606,0.06402621756945545,0.09995498906995379,0.12028765592653311
1831,0.24994860981287864,0.2628371113020274,0.32728899010234697,0.02089218032431122,0.10357933122475599,0.06545355723830694
1832,0.09764698432859771,0.2741194939280304,0.17912012415911557,0.03476961906172104,0.11355859515698645,0.06244211496396299
1833,0.43994812967779584,0.1671807544983207,0.5685241265754615,0.0130945456509956,0.1654761312991787,0.05246333781467011
1834,0.3831126389654696,0.607357738507057,0.6810485497048046,0.10256713763970102,0.1340273638503575,0.028839519548992294
1835,0.11923788889870629,0.20876819449571135,0.12387458821401987,0.05450242235690877,0.08856409927637093,0.055781272835448
1836,0.1621973119706381,0.11077845765639445,0.44813589859920494,0.07591996796957738,0.17328014229567038,0.12222188033885463
1837,0.048116275523621674,0.20532062560068454,0.5280235048647156,0.1790236664153676,0.1557011904052511,0.034441758736668604
1838,0.1738189820685917,0.46772987829840534,0.32190119615071644,0.07518842178518173,0.06158548791312632,0.01819093382303076
1839,0.2525973627543411,0.6945988100397497,0.5598375462161997,0.035406705471952196,0.0745661506674374,0.05633993186828527
1840,0.21030455241490661,0.24601145813496253,0.4595126749596948,0.03981878077343715,0.1639003144448327,0.08599884503044236
1841,0.18430009653419582,0.04342270542466356,0.4004196413327033,0.08243631912629149,0.08930872668028142,0.059332328884346225
1842,0.15915632131806423,0.17199551949746195,0.6055705666182154,0.12347106159713495,0.048908532802895935,0.05164663650141009
1843,0.13249205235475495,0.33284007073739197,0.2153199002900005,0.09286484785973198,0.08563812594377368,0.1452659813260978
1844,0.06951219485256714,0.22202756327708223,0.1742278011411779,0.1640319190472788,0.053680959015519863,0.08950911917230464
1845,0.4086634682024896,0.7310960476378814,0.08869039258931795,0.030805669276035327,0.12276333770176596,0.14406888345267432
1846,0.12793555527888778,0.2078341875384764,0.40148336375641963,0.013110270617088984,0.18757708120399633,0.10986329167104966
1847,0.2175747571090077,0.4824937495383252,0.4400734694763985,0.0963725095959992,0.022917704568557875,0.013616226636089471
1848,0.3840177911902329,0.2233572203944591,0.7853823353665802,0.05128017407512763,0.11918545678566922,0.26127919254990656
1849,0.4423542778172104,0.4693546674552728,0.5405511814190157,0.0680088597666007,0.19697185309447968,0.19044041220562405
1850,0.351478405503923,0.2711244953839678,0.5461675670030037,0.03001329478497034,0.16488110990450774,0.07211138074040443
1851,0.4255929590033918,0.24397888800407735,0.3845531813058862,0.04814401044730922,0.10506377329566902,0.11383032824139501
1852,0.20131007980073376,0.4638591280481238,0.11780412233732303,0.032379951741951934,0.15296884426935542,0.15979289271066494
1853,0.10488625233438002,0.11063638195348623,0.24971847193251648,0.057056740187723984,0.13488926476643623,0.1221979760220736
1854,0.11603338623481943,0.3686514243333188,0.5852916190539816,0.045063768817552904,0.09792471724208666,0.2097623940805809
1855,0.07561951093653556,0.4577866161645649,0.22848345488580468,0.05577744670700657,0.04877323142001389,0.13686939540049747
1856,0.2309402343230259,0.39924657614682296,0.11161145550262618,0.06428087150430999,0.044356196549976586,0.18013233416052302
1857,0.39299085518251087,0.5103313123141926,0.2567176270899511,0.027158960494323675,0.08300710125859116,0.08945486636012646
1858,0.14309891191196997,0.49893704326754673,0.25508820155019957,0.11570575835631586,0.04128245382569465,0.06804274033047837
1859,0.14098779979085643,0.25700179279765395,0.4503522265824081,0.2307900853107399,0.09061419444718198,0.05051336596321448
1860,0.05444839260099183,0.3710208828340898,0.4267123503409658,0.14262109424778546,0.0122412703564818,0.039357742684675304
1861,0.3617460814438026,0.18912190063507017,0.1492166667232013,0.019185405525615883,0.1491400274020623,0.1957028734505081
1862,0.07483551767322016,0.15156489427007733,0.0721661824341717,0.1723905250020359,0.06971630192696214,0.019201609000824037
1863,0.25901772289684116,0.6137045390191053,0.15085735231888278,0.06544008163221327,0.13105044108835395,0.05549344907507398
1864,0.20147946946476003,0.4009810260032811,0.49656435411998007,0.17939687631161913,0.20837197199855997,0.09277457061838483
1865,0.23382342016212124,0.3218025285941914,0.654661458654949,0.11643755285960915,0.055263055689261285,0.07535355380250104
1866,0.023628283264029853,0.25597856345365977,0.5169963419459888,0.16967596271076976,0.05453010246850175,0.013636502559068167
1867,0.3594413615389729,0.41215519675733836,0.4563025326519936,0.02898237347571948,0.11170825721403918,0.15295813935977265
1868,0.21405789649875404,0.22458956345954545,0.4837276570184938,0.07243990501774233,0.17506822998968846,0.07932327584106344
1869,0.2905940484969541,0.28293169809238405,0.3686995491278839,0.04696841088127626,0.09285532451386573,0.058406598529884585
1870,0.3012939709804249,0.3684381195170037,0.3366795643253319,0.1636821870601277,0.042723354112221314,0.015631093811540066
1871,0.3765279159501722,0.3866793926893722,0.2980496298308951,0.09035700093230371,0.13571361606097762,0.36938282099595715
1872,0.16453252909518948,0.4981140343090335,0.3095564687363475,0.09633045912025975,0.0905340715694289,0.1671968130179146
1873,0.32040261573480777,0.3394518594705164,0.3289285427958521,0.010179020213466687,0.18382567295864355,0.21336662486666433
1874,0.27964084147616186,0.49637131254779654,0.7244092860795669,0.0729690123272087,0.08190095080421854,0.03388979200255322
1875,0.26017467824428797,0.11374060319672026,0.07800750171858144,0.11647410912919458,0.1353186050287484,0.1206143959038738
1876,0.39885202082294147,0.5488955814696845,0.45244526940010477,0.057797258063519395,0.07641402692238987,0.19287600932772916
1877,0.21861292072260463,0.3690942043186051,0.41028361150360715,0.03163279611026987,0.07492916876135973,0.061226983706882086
1878,0.16623891758856293,0.040403277973224246,0.1667482453627063,0.3160365879430142,0.051067647927531844,0.05720191783605393
1879,0.05547278427756857,0.14422167044486983,0.1453266427715492,0.10212302794168249,0.22805219258060996,0.01347454688635045
1880,0.18426534433434305,0.5787626308536492,0.42029542617583954,0.0492764344638162,0.12489970133261623,0.16502646313758507
1881,0.08293825029966526,0.6291842254686435,0.0767279750536153,0.06764887880835056,0.16437677796504174,0.11252630105397149
1882,0.09014336400794945,0.1816233281793549,0.3786552870674313,0.1764772216367241,0.08907368537831278,0.03535497300959287
1883,0.0482223284075406,0.18295928158415106,0.6382473506453813,0.11883110973406219,0.39281063835480606,0.05694791825502965
1884,0.27383798806441634,0.12155621418126049,0.383114159186614,0.005864661251373957,0.16636972861766652,0.059757819994809544
1885,0.13596519278261143,0.23445861590707529,0.14564260598008552,0.17584033703484298,0.06120900969628953,0.03659467465530295
1886,0.32726074698159185,0.19830363480002097,0.07115264227057325,0.10545227303569293,0.09464611023111469,0.04494997107558164
1887,0.5443492694015505,0.26721901139398574,0.6969247311065387,0.010919995297005353,0.09740589047723451,0.08330471502915475
1888,0.28792481367678513,0.42748395863701794,0.3032507604318587,0.03089147704092199,0.15719775585550883,0.15206894232928908
1889,0.13683505120688136,0.11175536091850558,0.6287752342033512,0.07527574686063436,0.2717555841433363,0.07784405451810793
1890,0.2036785980996889,0.4231321368616573,0.5403412560125995,0.04129061333578022,0.22566631292545375,0.11406229904979516
1891,0.36567452399207484,0.4039615277138033,0.5962248445954464,0.04172307376996597,0.05819699634166767,0.042382571888246186
1892,0.10612882596264567,0.28670833066297213,0.5002133642803112,0.020015886027069312,0.10101176471296008,0.20481901739859734
1893,0.4002569616323322,0.6440220618791551,0.7208299532809227,0.13851474459468552,0.14480021355304742,0.08269506428331055
1894,0.05630641325594331,0.19605645980774308,0.29837631714718255,0.09647552182059671,0.18091831247345488,0.14281476175045532
1895,0.038815947360358025,0.5029784970334096,0.06958271739924722,0.11046588638236161,0.18028859786151893,0.18905124053738157
1896,0.27503065267972376,0.1586785125496343,0.2975549534296028,0.16156482026524197,0.04437127751982536,0.02396311926707345
1897,0.06824312039357967,0.22902433856563753,0.7208175747759175,0.14274502378829446,0.07945425085683776,0.15834913146794824
1898,0.11266787066253989,0.488004024275177,0.2251147726111508,0.055210059505491745,0.13218928515669398,0.12430243419666807
1899,0.03439734110467303,0.3915596628401295,0.6378899568137985,0.11902231477862256,0.18472167397616107,0.03652795645473794
1900,0.1381392607384558,0.32395939856255923,0.4871270558345518,0.05578250673660348,0.12458718233884201,0.12738474682439757
1901,0.12834186271038442,0.08087382093451242,0.3545948594887115,0.20831362424763758,0.2578118393536782,0.04049634593130105
1902,0.21882190066478352,0.4785445251976442,0.32816731170663227,0.1264498743387463,0.05861546140523772,0.0688509965062843
1903,0.06782561001235683,0.13500845329888841,0.14446700715969488,0.30949182843210915,0.15867447009685712,0.02757830542331053
1904,0.09365197262689971,0.2256078525377415,0.2842778461564178,0.28576415025278484,0.06557085195254005,0.04129071683958895
1905,0.11155494794388077,0.06371082478695679,0.19637273523578408,0.23642354798998896,0.16015293688589138,0.04280875273496498
1906,0.09070260268608042,0.057250253313588934,0.4043739095437031,0.10008696570031045,0.2849580529907436,0.08410326180695626
1907,0.29742124405663767,0.537067414310572,0.33289014329324434,0.03654920255311049,0.254953422067857,0.08797419440755355
1908,0.04860843499626706,0.47398105892118675,0.6209387802326458,0.05781710535267599,0.2150886098448647,0.04779365497166521
1909,0.1645435838283783,0.33130951202096104,0.583425548396649,0.1333398440944803,0.01383032963227588,0.13717140092949986
1910,0.35380652678817354,0.07785566325059955,0.16058710159663084,0.19090463404765431,0.12706318373715086,0.13048823183271735
1911,0.20143620508502424,0.1813531051692682,0.6055810447384183,0.13346791491236334,0.10925602682847818,0.06190302731710696
1912,0.15332726940330701,0.4376067633465989,0.24183357029741084,0.07012742236199813,0.0785623826301493,0.04872291988839147
1913,0.07359746136225902,0.30392181078619324,0.49741664909925964,0.08807544672835406,0.15060393390124335,0.02753697057296242
1914,0.10748176114796085,0.08109102931518956,0.5750240479831,0.16388055545953106,0.2754238104486757,0.04081788400851502
1915,0.14762329688932263,0.5813602132493361,0.5246837758601579,0.052734842876103645,0.13307335163260156,0.07354844301232463
1916,0.17631834252633455,0.20965071635044263,0.137738452748501,0.10916223120237596,0.175726216807278,0.1469939699810115
1917,0.30616807005283875,0.5163371723440591,0.5389810550325493,0.05100679578622445,0.0658666856150108,0.07825951291730018
1918,0.2823666323757188,0.48651236662775105,0.6175090781307349,0.11220875071696641,0.14465088485983874,0.0436122700307418
1919,0.1579391640304204,0.1182537179933854,0.3798721049948329,0.14261829327972209,0.06823434945886334,0.019491550993210583
1920,0.10188876488667564,0.20293401917605744,0.3187399045106232,0.07562273768865092,0.10967001958178335,0.04686321316357647
1921,0.1684244820041345,0.6474915295539538,0.3927219752253904,0.02066983605394042,0.09579774744923035,0.2091927659110714
1922,0.18894703650743497,0.497980636795388,0.4483969551703058,0.017139854317006126,0.18094622682275724,0.37871550315403607
1923,0.09082022002418953,0.2205963181622367,0.3683804835310349,0.030350165987665486,0.04985095175077197,0.17327868092114898
1924,0.18269828729352386,0.7178121164801126,0.5350275221491967,0.007592969891917207,0.2274679986243515,0.15088287928055488
1925,0.1123876845720498,0.34356335839807967,0.6723801149939457,0.11317768885154214,0.11875158043548263,0.11034700583616307
1926,0.29439449969283854,0.3525442133204863,0.27182941481990025,0.07705586904022695,0.25302619876112736,0.05222388400581383
1927,0.10748824504700545,0.11323547317748078,0.4607618586575002,0.09503240642880374,0.23592690602528452,0.04163173745098013
1928,0.1689127975225202,0.29059159731778084,0.46474251825360224,0.14616344089655847,0.150560948841975,0.2063227303161043
1929,0.06525238665763386,0.2408990737380847,0.11354664488044228,0.06311744210378448,0.08275065792381572,0.05987630487562596
1930,0.10874855271222762,0.2632475943992681,0.2751513659499555,0.17697125659655663,0.2592358224561527,0.03875827991748551
1931,0.44363744678662365,0.11066203292917169,0.36241253655789973,0.16760014651962293,0.06809475521933173,0.011195763360148245
1932,0.32796207374013125,0.641311536291255,0.24413751672332173,0.1617405314335189,0.01749709643618531,0.08984152085987317
1933,0.30385750964969466,0.5465266562814134,0.46535652282619633,0.013830975262740765,0.10160149366483863,0.0846355466201541
1934,0.16644631454562553,0.2245144334178651,0.27617378457024866,0.22141388635288473,0.16095622736122822,0.06283764664781713
1935,0.17310375818176096,0.26303820550944357,0.6562581940630561,0.29082895687178734,0.01839285985383201,0.0024863300968996573
1936,0.0317070535192357,0.08401926940572849,0.1632355721571287,0.04064382655267453,0.34690584406608965,0.11816120612237156
1937,0.19379484954225187,0.49975274344948284,0.2827072717105594,0.059508902720183686,0.17867443677527772,0.05016412154009381
1938,0.34685464860413723,0.04685746381754807,0.3911562010285911,0.17303568933291105,0.09493572971108503,0.0780865993301107
1939,0.04136007989452944,0.3923789572900262,0.3527408571738547,0.06088704691149201,0.014643516176358347,0.011047859565292409
1940,0.17849417722868538,0.5941864661693116,0.2836638808625829,0.07402987499730372,0.1084423379275055,0.07176795881548402
1941,0.20916572039043171,0.2445391823668979,0.13249465661520057,0.10879630208135271,0.08326930265400923,0.023610065078831986
1942,0.11662561126766643,0.477122751729746,0.28290625072693015,0.2526039531294495,0.09228202533380116,0.007753332874054707
1943,0.22348065534856165,0.18789570698191668,0.1609410871785023,0.030601536549926818,0.18686577192099238,0.04080313044071185
1944,0.41011887910226613,0.07315973355192888,0.2963835926664502,0.019827382108019664,0.12132085681849841,0.04708651920111648
1945,0.22078882161728497,0.19854901279368803,0.1327746219615168,0.029306015133947268,0.05920759959193208,0.21174168833117035
1946,0.08899757526851101,0.3043460039515916,0.37330962047274463,0.12760983184409103,0.07000102200345694,0.02948445896572589
1947,0.42045151676459486,0.04192400404724008,0.06639915314840697,0.05222048069514837,0.15691869383315138,0.09066932042656355
1948,0.2948633861876884,0.3995217380084736,0.7048516641482595,0.1284822428114068,0.043531648220812846,0.02768722263041655
1949,0.02284269724814522,0.25554507660066894,0.6039736118619035,0.09541610190097526,0.07450851435499219,0.06472977394795325
1950,0.1954899267129136,0.6212259616562319,0.4465188063118108,0.10270933037245923,0.02846793902533645,0.14123863609257378
1951,0.19772303163229568,0.3093850960568052,0.5377257954750537,0.08615951710311999,0.21889405969459427,0.1392971513490783
1952,0.24735073846902195,0.24344699489922716,0.7082163884120444,0.18949041018615456,0.09871314175443363,0.03434027128724733
1953,0.1265030331780721,0.34884671789463145,0.4401314232434973,0.06615823827710292,0.06985667362051969,0.08587454898121756
1954,0.3737957298673321,0.6968575619785055,0.4154550629408365,0.04277721712280922,0.20791571439948686,0.03932142298760269
1955,0.3161078710134894,0.1529870189762175,0.4492538406365721,0.10576749517070258,0.09103886501332936,0.03824979240565445
1956,0.18312256374428557,0.38207025849593,0.43473951936611954,0.07689262934068644,0.11295179525356841,0.035403523606217006
1957,0.10931879314026277,0.0922538819244265,0.29824933998428305,0.11432589555430399,0.1092492850418945,0.0949395166649724
1958,0.08103808233503014,0.30254003812961405,0.24652064224256776,0.06842763687620258,0.11916185605897253,0.30509381556323173
1959,0.12883936259651949,0.21977236167564193,0.23801350716810196,0.0880868879738389,0.031839448041458815,0.047093585936857196
1960,0.06188183588615184,0.16583137579841153,0.2125045853915989,0.06573708675327083,0.23510349805841255,0.024877247888273665
1961,0.11561575556044791,0.2804556414494257,0.15687924206133155,0.13767093094240432,0.2555633135954574,0.07771810622352064
1962,0.2657925412090483,0.34276062322893364,0.7113909679929306,0.023236374066502627,0.13990866755867729,0.21342543086607557
1963,0.2963517316960657,0.38602247514758,0.2805546895568207,0.03267925414944374,0.09696474011068759,0.2082647644389021
1964,0.34873963555246407,0.4805456138889321,0.46006836397215817,0.07279366476989457,0.18692848790401725,0.08696177026486043
1965,0.17031665544752173,0.25833783333715177,0.16925786075929194,0.09345417324433077,0.0934204566112079,0.08741425209776162
1966,0.2674579626117808,0.7500943713774362,0.46256298153565323,0.027729538455843625,0.13811754505625357,0.13158373154483846
1967,0.28470157238954624,0.4698677380435769,0.7593210951678702,0.2884819899322605,0.04292889852168402,0.037536505412705375
1968,0.117690978638768,0.12321652002050892,0.24907117487412284,0.14259629150413677,0.244556470206829,0.05818746236382942
1969,0.24825661791851658,0.26602140662444407,0.4345226793004225,0.04614182993783354,0.0757018457232568,0.058035895028118276
1970,0.043705910856650085,0.6825687641439158,0.3589689786622348,0.04979389767425499,0.03183666948870404,0.02726314390466703
1971,0.1856324456301148,0.2652222418904327,0.3536188035995191,0.057437048653461754,0.2954510041517756,0.2365161024657551
1972,0.12818722075097339,0.23273536053969926,0.23848653877014972,0.22606131932420176,0.05862051236990717,0.12032139209531667
1973,0.17187299056847485,0.2721353736444943,0.07081232935348303,0.11887367207901312,0.13251522468558163,0.10053097876519235
1974,0.13899277632135323,0.6106491141779916,0.2021302211135064,0.21941831186628144,0.04248328835322191,0.04028967357586886
1975,0.05401695841231172,0.2659141992036505,0.44083864137519657,0.033782775224231794,0.07614209800614763,0.03899616900896419
1976,0.18236731215240595,0.24489105265467231,0.19498792240334367,0.27793869047980313,0.16699452140418203,0.046254093753304304
1977,0.1894045467184126,0.2051240801317699,0.10261498306751443,0.03238322615963643,0.029544147178664663,0.13326198447995616
1978,0.029793039836671076,0.08406502597399149,0.3518639352911295,0.0634337692711056,0.12451657206488881,0.02506541333870117
1979,0.1887137457340968,0.423642207746289,0.11423076345312609,0.061368440940602335,0.34031547754637137,0.09375341558162507
1980,0.1759661100518987,0.45972198432023537,0.4300975612873503,0.05763253471606111,0.2506848825279413,0.07961510228198802
1981,0.47196385939472196,0.11720153278535203,0.3501712315978766,0.13008064596831964,0.13875451874364855,0.1127343988161354
1982,0.15413495536373706,0.44469994975797794,0.502647264631472,0.028527700425633715,0.10385397877818488,0.04003788255904913
1983,0.03562348092496652,0.08494352234894356,0.24351463983673857,0.11240112844142126,0.18153938941932024,0.1453330387989783
1984,0.021590170842288064,0.11989539009314355,0.3795281069353475,0.112482347837562,0.22600501378955068,0.03305185705910908
1985,0.21572103198768727,0.5269149063426185,0.24703511157195945,0.08929641783080862,0.0574931973636519,0.07104356417737326
1986,0.15037296260615124,0.11624993087669347,0.19877911564919332,0.18777938112275955,0.08385010973993944,0.06665938836479579
1987,0.05089105199122483,0.33158622667355264,0.09337067466356784,0.14305210597478754,0.08595579456789144,0.06453394902868248
1988,0.16774760143285025,0.6247321309923695,0.3995264285975326,0.00888986616203564,0.12472649759009934,0.015906410493501277
1989,0.05638575894720857,0.4180285984193597,0.4390276568765902,0.018801966891035343,0.18227101202076532,0.041412244449644094
1990,0.08343854998468887,0.17832546390612963,0.12318910633389024,0.06967533907715251,0.08325769866767244,0.03690322430666941
1991,0.051782402123517965,0.19142261152583068,0.5904583541000927,0.0926312009836659,0.056091404658104325,0.07790834235988046
1992,0.08524792114738146,0.6077197852102204,0.4010327275610511,0.036907909642434074,0.058080614959313576,0.1351812472069722
1993,0.3885708419014173,0.205734629654952,0.6353661952410019,0.0069261108570521646,0.16815244972447796,0.12865376579169135
1994,0.07809847412447617,0.38336729311291173,0.1528630595021306,0.04483310783734665,0.2308220132923914,0.1288165706187193
1995,0.14675631997919056,0.2725926911622207,0.08440275348662052,0.039066803585677594,0.05271013109306225,0.16294356014522426
1996,0.12769862466955456,0.14650506281260392,0.20707734640427067,0.033532926192203806,0.11918965194869005,0.10182815928953302
1997,0.09596259856428002,0.297850113343262,0.4269408733544831,0.15747961236905217,0.06360324954816497,0.1150744598543426
1998,0.11439516453062777,0.13110748905218056,0.12460811957979077,0.021127548730524828,0.11834299098022276,0.0608033342937433
1999,0.11612261175292955,0.3232203988670665,0.07899037687366822,0.22190712020577183,0.16767400883959585,0.1741050779961175
2000,0.06543818986355747,0.552184094254964,0.19055010857362778,0.021303592851637645,0.14712695328806819,0.12476117077352776
