Run,APR1400,EPR1750,AP1000,BWRX300,RollsRoyceSMR,NuScaleVOYGR6
1,0.42561819273023616,0.6912133698408,0.42744931086941934,0.45629380176665574,0.5157006471336086,0.3593176679161765
2,0.5019088628905557,0.5681007426485908,0.7145725611899257,0.5785109213513783,0.6434963661044478,0.3412507489444892
3,0.5132575274442479,0.6029229747328624,0.5421414654635159,0.39931491080086917,0.3556616843208752,0.46134239863162163
4,0.39552758230295965,0.4965965426072207,0.5456796893074944,0.3819920762440048,0.5398594904793353,0.3519818514820044
5,0.6689222627289464,0.5853824601233703,0.5511464793519429,0.5789507742421326,0.4840948890858291,0.5469373164887043
6,0.569434542425079,0.8364283790725965,0.6734643352338435,0.3586780351566785,0.41484062748369677,0.34226989042569084
7,0.6098495993096403,0.5988338660353398,0.6413284343372498,0.5658452729774858,0.6461082381991293,0.6184663190708275
8,0.513645754898607,0.5136338025406367,0.6066828025736039,0.4740517062540773,0.501244225628023,0.5201078224513306
9,0.47952485260755784,0.5653795300568139,0.5897106274369367,0.6317635125455792,0.4254154716361621,0.42905480284621555
10,0.43765850115685245,0.6780534140956497,0.5253369087810905,0.4720161600132193,0.5610915444867431,0.5427232818373551
11,0.3949272012377616,0.6666303368246546,0.44674317004272657,0.2812042777908001,0.48942623423833154,0.4901171295486607
12,0.5816187085335094,0.7121087741701988,0.6767391966364062,0.4565686927953331,0.5982451499143003,0.5870495723369844
13,0.4079421444296655,0.562359913644644,0.6226026532112559,0.5545232171050009,0.584657994692671,0.5128252899614268
14,0.6044060370605346,0.631075813183886,0.5472421784207634,0.5320875186634787,0.4489628480252044,0.4961584804124846
15,0.5124054820900202,0.7280433887718841,0.5967842940358518,0.5521634967813257,0.6625526128807483,0.5366171764823127
16,0.3252654543238845,0.5200634160562901,0.5380638041772814,0.3346097970108975,0.5115092523130915,0.308570339276002
17,0.2742794751765477,0.8414320549964921,0.46354490503189216,0.42690891621938387,0.275139879327493,0.3413243526969537
18,0.40102748060630244,0.5631787266750483,0.467756705737606,0.4452152409964486,0.4477234435829963,0.46723463412650135
19,0.3674326303799876,0.6152103720102036,0.44348188468563887,0.4203268994422896,0.29661580914602675,0.31943306024419416
20,0.4717504974844146,0.8548805651060368,0.5824859610362657,0.4907943275199931,0.6300374958985326,0.49492125352945227
21,0.647606938758787,0.7133789219828838,0.6549509297985313,0.61175340364975,0.5670345518774941,0.40824847036067863
22,0.6337093408095358,0.7201354696459237,0.6214594797824355,0.5953635498476092,0.49597110108983855,0.3667097441440098
23,0.36753192297155074,0.6432686227370269,0.3654158487465963,0.43630619446712054,0.5420002997140474,0.47784458435951566
24,0.46696758283650136,0.6356579128691081,0.6909144516455186,0.27501960319177354,0.3214638052450015,0.4577689097860654
25,0.5969486476537428,0.694503223433445,0.5763580607959001,0.4955665032000104,0.5597190506791674,0.43743425669844405
26,0.6199555236904872,0.6822008247555407,0.5912325710168629,0.2915945324249625,0.48580391293342,0.32679554631412816
27,0.45444273547286224,0.800157089008519,0.6049426977255062,0.5208830435372029,0.4283967433608086,0.4189341962511737
28,0.5091374558047125,0.7043130686748734,0.6185125229225585,0.38351710407433093,0.6014431661591159,0.4442283394756806
29,0.5468993583990144,0.7531395353731531,0.4997835752300292,0.6091468701233074,0.4656638144194702,0.3138906854378825
30,0.45208556355829865,0.7975944835317423,0.5191756490181973,0.3492022287089349,0.4162535238329913,0.41510766648065667
31,0.5543431195274923,0.6841714695295021,0.6112916446057872,0.40720952482849126,0.5003244518177202,0.47255046730982286
32,0.4537539326664769,0.6533942226563845,0.5934271012272867,0.5258349384079027,0.5456498700490867,0.5020060211085976
33,0.5014459459707492,0.6846975302460616,0.4077304461045235,0.5672015178053461,0.46907339049534524,0.4490629407275849
34,0.5146082139606265,0.6202559916414303,0.6768026261860229,0.5379456472914045,0.5220050941276673,0.5176421836160482
35,0.583718285546666,0.7237620720808238,0.7143498063035417,0.23968153496735525,0.5404710003781881,0.5593430152061822
36,0.44437087229990974,0.6680460007921387,0.5339443816493421,0.5181046143959874,0.380272092890206,0.6891930576424149
37,0.3154671440466518,0.7103943021852468,0.6010101013545404,0.5218522814228802,0.5256716933677384,0.4150218121069863
38,0.539200436754137,0.815042123766369,0.7503119818933229,0.539049211771346,0.5879484643097498,0.25971902393923846
39,0.5443738982879577,0.7903558991507674,0.6367370435901847,0.3614573628805506,0.5040988582004329,0.32427488762755424
40,0.4068151436805344,0.5712013415345689,0.6147690515875738,0.3557859437581225,0.3271080707710712,0.4374616816921221
41,0.39317240662650615,0.7366617389755206,0.5982568380218619,0.47736824013241874,0.5579886529608653,0.43188300627070514
42,0.285010092566518,0.7812247810609383,0.6477566341268323,0.4277309222207047,0.47372484587540026,0.28871818178003383
43,0.3668208380451005,0.7496132561432811,0.6830162008735654,0.4654522040949477,0.4658914282535791,0.5111432271002472
44,0.4686676359372329,0.6933311017905454,0.5952021042054662,0.4841372617005812,0.5648127461402485,0.2982058760106025
45,0.4970419787328145,0.7412199698925255,0.6878072641057189,0.34503674096565623,0.6196946545907893,0.37006562717760627
46,0.27545350874844043,0.8245023951906012,0.6113857156433997,0.27868689869526925,0.2828455583684451,0.3159830278878489
47,0.44986516124639103,0.5862937046538409,0.4544450791592142,0.5504405473245539,0.43496809911787926,0.29231452619834075
48,0.5259746164440391,0.5873119875651164,0.5800323931025856,0.45314090686512976,0.48166628534821965,0.3526049701539182
49,0.43126693663382487,0.46545400134154297,0.4466419393552558,0.5491690538474816,0.4332804799401937,0.18416732803343813
50,0.3590325561177065,0.7786317022177929,0.6362584998435868,0.3741893255260174,0.2082131844601314,0.4635904839314424
51,0.5935856128103959,0.7905400510597753,0.6570894582575842,0.5313898820655556,0.5231787210855313,0.39894935502507856
52,0.40838095417524867,0.7199798878578128,0.5752801393579989,0.46801069331208955,0.41709936275482906,0.39528417170650637
53,0.4932406066737679,0.6370324045599707,0.4326616438599132,0.5194995691698839,0.5424349227661842,0.418930507939586
54,0.5502749825111682,0.7033195773364528,0.5523305177690336,0.5164085608879302,0.5351270025923824,0.4393152739191487
55,0.5682773654566641,0.6024651302879646,0.5952439474210672,0.5951704924247407,0.5146268879296695,0.5263355515863625
56,0.4098319517453978,0.7426919366519038,0.5972971236978319,0.41848415460485117,0.4751147889490617,0.3583498776461086
57,0.3958238836831298,0.5404840739035311,0.5193662351127003,0.4294833796953885,0.539452111707632,0.414952710424498
58,0.40447866854284226,0.8407548408035926,0.6583334081813754,0.3916926960305036,0.4910759511283514,0.3621534709742114
59,0.48219550449465914,0.7777017267969917,0.6235884236270741,0.20498767970566908,0.3737855770670978,0.403484030600059
60,0.5534391493433335,0.675598408434615,0.6413309821683899,0.6082164073141124,0.5855234826299663,0.5580706527789419
61,0.5219434656005725,0.5769667249044449,0.5108385141955936,0.5107895755296556,0.45980805487831233,0.35777981481075294
62,0.6571344981943813,0.7482408232253832,0.5513573945974728,0.5092558839933694,0.44774764572278847,0.4159659715831599
63,0.40179691136848256,0.553481770389332,0.3816007229828747,0.5434257934737599,0.5440508437342595,0.5231532312019632
64,0.3312736002994618,0.6637647714471072,0.35130201143206796,0.4705621584721248,0.5045043085733162,0.3468050055202958
65,0.5060624912679674,0.7540632639143251,0.6116838782363531,0.33734867403917745,0.3686609913134566,0.3319877172117419
66,0.6694910004997112,0.806733741132363,0.629651592146777,0.5526995371703158,0.4798899513137288,0.7598962077332824
67,0.6395693939891931,0.7170780938271237,0.7391726879987434,0.5879927715595568,0.45682243102719755,0.5660808930235739
68,0.5306367212271872,0.7644711704471793,0.5662617015033415,0.5583685620668877,0.4902232566000488,0.43326014445496663
69,0.4948566053568694,0.7787886531249243,0.49959625796792284,0.5875558348964461,0.4431341801326918,0.48663205789426095
70,0.5798884592382848,0.71301911263714,0.5284138993472304,0.5607003859497122,0.5119141506034779,0.4827249527090547
71,0.27837671114862667,0.5929917983389692,0.41222826086433584,0.43451250723737983,0.4925845861647994,0.5675951795000281
72,0.5773278158853845,0.6325651476358234,0.510431343787212,0.45809074084300716,0.4152434555890853,0.3740270671804765
73,0.4429628197767758,0.6704366992456684,0.5729598661748296,0.4113658588070434,0.4274922098950879,0.48654011935339136
74,0.7464935657145089,0.8268680602666723,0.5002097506401216,0.36884327369422376,0.5183913612181648,0.34479406879701335
75,0.3914677520297502,0.6229445844374185,0.6068626009122388,0.4898390750661885,0.40292632318315086,0.35360442638051576
76,0.7144066898446871,0.7389478443786086,0.6333719909248856,0.35911128364916534,0.4919913654258943,0.3364955446164096
77,0.3248867626933828,0.6631137403079893,0.5564985834957952,0.317642982217287,0.42453946643928975,0.25644097247433456
78,0.6972571701747842,0.4995825694462569,0.4760506582376148,0.4205767805217797,0.5574851095165589,0.3807344313542964
79,0.413703725286551,0.6858658938429664,0.627385397029671,0.3953709409134631,0.40792446463618054,0.4619801695119738
80,0.4870089298683761,0.6450343039146602,0.5471393806311358,0.5656673615679871,0.35483753142058516,0.17986542394399818
81,0.46375033279654176,0.8222941097319036,0.7133081352226563,0.59798975541991,0.47697028489188886,0.3491148206587943
82,0.47598673114345447,0.7243228292451122,0.5404141273182591,0.306681617694307,0.4522341192084796,0.3948878017198715
83,0.5596908525168917,0.718975341969297,0.6345475458716054,0.2672638567555865,0.37087784094519016,0.3503370992490842
84,0.3579449496076371,0.609133888552982,0.5765101624421942,0.45742010486667073,0.2816224316518814,0.39200668389642357
85,0.48055281874299244,0.682829169618568,0.43317415360731615,0.44386706671536963,0.427564612809439,0.40053728105287517
86,0.6708008067243584,0.7273513120512801,0.5430549589656175,0.49852338127459767,0.5567473363025321,0.40760320650376036
87,0.6257787210737101,0.6233088015013465,0.6370392387392637,0.5133315004948273,0.5790661750657192,0.6690456132100007
88,0.501954636874684,0.6149810039888609,0.5685033941865939,0.4287119700738671,0.6027326533710918,0.3962525100268232
89,0.40330164166443355,0.6506960625486861,0.6415377277968601,0.4496276456560015,0.4012851363213076,0.6514845113383773
90,0.6046305839823577,0.7398356996218192,0.7041284878982241,0.5382096846074667,0.5502870819903055,0.541079610036507
91,0.31851249876967885,0.5548711406557624,0.5348185411495971,0.5618629080830955,0.42451043412836875,0.4854355935311928
92,0.41615014628733127,0.6847815526102966,0.6686701327990339,0.4214044677034485,0.48096331654476826,0.4518589518388123
93,0.5464723975566012,0.5993858351640636,0.7015359212021336,0.4782906064701905,0.3488941391846224,0.4802218721507817
94,0.604674307820169,0.5883242226799176,0.5355734778607604,0.46386473484640234,0.5405120745394207,0.69730923621959
95,0.6036341590802707,0.6823503488839155,0.6597924908200372,0.5480251502404395,0.4814870194482921,0.6526046238294738
96,0.48340041132028694,0.5533966474402844,0.5453138439466136,0.34516490293160595,0.4243547348651812,0.5309073082600712
97,0.608620716172276,0.6784878362472645,0.5947510851010871,0.42901267288274236,0.5395670424718478,0.32748240000638634
98,0.31335502838906026,0.6139579773432999,0.598379174327547,0.2283550883526358,0.3461383460137473,0.30942807748931156
99,0.3740877777578581,0.5766245555732163,0.5770816847688902,0.5478193138852298,0.539920524542272,0.33107730793912327
100,0.5796858436484432,0.6432872352941178,0.526474337411844,0.47207176010973856,0.3615809983323833,0.6214851382030554
101,0.3969227366786282,0.6829816719448851,0.3797467901035354,0.296843727972039,0.32365655488269607,0.5102044360818491
102,0.39439146647927803,0.564406995230781,0.5588887711518917,0.4673703281124887,0.4323833888088478,0.28172944745858647
103,0.4434050259473487,0.5678491792066361,0.46877528414231967,0.3764372034802833,0.43044062116841947,0.5376360175195487
104,0.5245536471586267,0.6320925472446263,0.5011177024892755,0.37884830653136486,0.4212731107663547,0.4444316795155562
105,0.546450696726724,0.7358425066652944,0.459641143595511,0.49207070985583273,0.4849846526247258,0.43669610768482026
106,0.5475628900242663,0.6757189206272045,0.5425675436978544,0.5187140648103382,0.529583824216701,0.433310212189941
107,0.35919461754846105,0.8268625897442679,0.7422313218676856,0.31027137227233237,0.39174591428637795,0.4035019677108229
108,0.4029334120060618,0.6852723082338378,0.5501022482670105,0.5556032205404818,0.4838515289813608,0.3120597556294641
109,0.4209020557446602,0.6594750922917789,0.6564435033554136,0.43436584707146964,0.4185893170926251,0.3438172250237542
110,0.44477713707396277,0.6072568016954474,0.5999990049950272,0.3724477374285726,0.47894291828883284,0.28180826369948386
111,0.7054990224558427,0.861933877101462,0.5992131956881006,0.42911285261304116,0.6245265456167539,0.6294280665643092
112,0.5739345336258362,0.7158644460672043,0.507296937938453,0.32765901712483425,0.4139314243948309,0.2654326715658436
113,0.5113124774618624,0.6419244914632635,0.4839598081551306,0.45178903272146587,0.49425092619331945,0.5767306919152845
114,0.32265025054231267,0.7434748851269006,0.48877902806145124,0.4841959668762077,0.5600612903936193,0.4946378675505416
115,0.48861414024839295,0.5699359630402745,0.43536210784350904,0.41405104686591826,0.4016541740975649,0.35147667299642843
116,0.3928506370053952,0.7195519366263232,0.7232887607009854,0.45204600385247073,0.5362426546652053,0.3088658835163494
117,0.6723293046178962,0.7528955290946807,0.6720088349037456,0.5745861597556674,0.50219112026567,0.7594529653899148
118,0.6458996117029994,0.6758707770440251,0.5952872219616017,0.5794814337017875,0.5499567091490198,0.5950011661844589
119,0.60165050669459,0.7605500856403842,0.7881404354331558,0.49854379506520485,0.48016264324893315,0.3382890154313206
120,0.5327275837481673,0.6395675625665013,0.42340953277857146,0.5071956145022278,0.3835214632418018,0.41108566528942836
121,0.40309288075871114,0.7473687781405038,0.7499185193864936,0.43005545714973215,0.38627330520926695,0.35680276355094787
122,0.3077391063005078,0.6314319053243617,0.4883936984786703,0.33882783734320315,0.41153573704532964,0.4222763170360763
123,0.44494439553970355,0.47806068763634746,0.48089849260927514,0.4718766562239707,0.49708636461432326,0.4259471466834631
124,0.6058279126159469,0.7188972370006865,0.6084733274983122,0.4289659977681568,0.5309184240780797,0.3821154699827286
125,0.6044734740773743,0.7661192404399543,0.4040873136974949,0.3577548672029537,0.5700339670346566,0.41057684768290925
126,0.4745948065598186,0.674701232991044,0.4971651224090764,0.30847219605333664,0.5633716838380811,0.5205613222894627
127,0.4843317811276059,0.7033767993895701,0.5812569582447261,0.5634863896179112,0.6298264846166222,0.3415649565645713
128,0.5513763171222061,0.8456009169704224,0.4146721385471843,0.46803335921449696,0.4357041739801102,0.3242150104403288
129,0.5818412241583639,0.6427131263584389,0.5420523635108518,0.43256076090813395,0.5422062331450479,0.4198388051183935
130,0.401453360304734,0.6150802310434998,0.4888597960856453,0.47601505069202277,0.6100146044577707,0.46648295157462955
131,0.374658313459361,0.6854800876752406,0.4790590323640697,0.39135673266101273,0.43894285338587546,0.3482925223706595
132,0.704270459108495,0.6281155702672697,0.6792464974481919,0.5862588896629563,0.37574806356363966,0.5378076662353953
133,0.44929314769696727,0.6904929236337705,0.5204031400548492,0.4248833018432663,0.5981382278139594,0.4891301119869594
134,0.48350082072882133,0.5837246225176241,0.4829218785587411,0.5755530029836666,0.4759635444265803,0.5797584996698197
135,0.5955916865077195,0.6873539405018569,0.7057814837381438,0.5624682084504409,0.664524513753827,0.6710588820275749
136,0.5375033925739384,0.7663573135132865,0.6458801362368359,0.44889643655054545,0.36869976345003075,0.5215998819380526
137,0.6610296495424519,0.7962662579421044,0.59715104135013,0.4190211411757107,0.5082530331732024,0.41294078085351954
138,0.3924562805336766,0.7614943324009653,0.5427744107513615,0.47993979627996164,0.5462832103306993,0.39226147895606456
139,0.5027837036567384,0.5242030960656382,0.5157138601991139,0.5116128802749135,0.4801113374579314,0.5237830192630643
140,0.594772990951651,0.7250177510566297,0.6468023750756189,0.6082726128365047,0.5367971417778395,0.4024195097393041
141,0.5396818228302397,0.8861489025015646,0.5585319710605446,0.4141151731253558,0.43014149633490545,0.37341961524416073
142,0.6142531269873263,0.6078366479160197,0.5768565932384648,0.5014261707598618,0.595889810209315,0.3798732194405917
143,0.6153541405717979,0.8007314179566137,0.7060330429792129,0.49603969144668275,0.4735615900125226,0.46242963792367425
144,0.48093761875672614,0.6023421650270117,0.4679329699496924,0.3814582798281137,0.5211321120331265,0.2863802449472314
145,0.532587400005225,0.6509818065303258,0.6167115198820655,0.6141703565076404,0.4604050202067769,0.49684696518017724
146,0.5994016420439235,0.777263896998378,0.6276648157023128,0.46437406969506045,0.5288860968240178,0.606252096662955
147,0.40380473901911595,0.7281417285195735,0.5025421685807329,0.34228254459397,0.35851823316640474,0.5640266353440686
148,0.6234559090987665,0.5963044940368305,0.5241959407993918,0.3687819725615288,0.4142092813298962,0.45553497281386035
149,0.42023032726330417,0.6133311798465564,0.5113791870788964,0.43030848136307664,0.5723234002084402,0.29497629630404315
150,0.5310663478203032,0.5509642177269992,0.30051892643683775,0.49063594970567204,0.31050795749459814,0.4698739432049359
151,0.5493277071696123,0.5365660154122477,0.6942274291385649,0.4716620967355545,0.3857426592267804,0.326444480270683
152,0.4383111028623526,0.7350360115182362,0.44635937470520176,0.44788786080720083,0.46216497960691794,0.4028929303394354
153,0.5526497870432026,0.7922415526866756,0.5502970288076297,0.23650724923371502,0.4498881213394629,0.2231285442638511
154,0.511389591982569,0.6604197071767519,0.5081533380715443,0.43067368541549056,0.49634711062194126,0.5574033067154017
155,0.5203574780740152,0.7814037501120009,0.7130415408159443,0.2334868257299898,0.3985798275757215,0.37640599814350517
156,0.46170484712177223,0.6335464672853274,0.5632875699366916,0.45050253023079206,0.44971888451458303,0.582316775440695
157,0.5000504534607242,0.5458326833352468,0.5889626116371872,0.5148567183683523,0.5835162564195151,0.6975851159554518
158,0.5265479245472685,0.6944378891234069,0.5166524006687668,0.5047056171279521,0.5472913365389451,0.44599292629260484
159,0.3991848041613403,0.6768244248361837,0.5406679706103231,0.415371079262867,0.573641865261104,0.48558210255236217
160,0.392789047514446,0.6603873226931345,0.33550965502600044,0.4695719238996875,0.419800850407752,0.3630291059185755
161,0.6032222219217762,0.7704155475106463,0.4767861768469775,0.35240096114700326,0.43141077475737316,0.15986131302961867
162,0.510271615035471,0.49370634811836484,0.48352207631760646,0.6304856993497646,0.4543841264431241,0.3316997688487218
163,0.5508761728405137,0.8094087922920048,0.6529170432507878,0.7041704546524556,0.6133186506599235,0.4961503624491666
164,0.41956455141104476,0.7341839565717554,0.6199993617548768,0.5314697734518075,0.4562949650212005,0.26442459694443515
165,0.47703157766602755,0.6746809482799614,0.5120146789607711,0.5399896902728771,0.5672887723729603,0.4572620247075061
166,0.3761925371535607,0.6381134698865893,0.4892693161652627,0.39653708539852844,0.432946615172066,0.3259639365600998
167,0.5054394391705863,0.7001473396237292,0.7480308945620266,0.276256080727592,0.5384833616182693,0.2973996105202241
168,0.5818999245323009,0.7226673424050619,0.5964980025458616,0.5585434569464154,0.555608521887254,0.430239224987594
169,0.4439017916898555,0.729163694166321,0.551356073856123,0.6401888278518074,0.644151461708845,0.4200028807087013
170,0.6840778846409147,0.7755480499796875,0.7387843887637446,0.5230379759586933,0.561960196924426,0.5209864111882645
171,0.5340560906558611,0.7122157218786754,0.6437437661176835,0.29925719568880693,0.6382668343318748,0.26956253154629367
172,0.5007486379336948,0.7923118729309475,0.6882919321791583,0.40121370090146874,0.6656577107352353,0.38819188892227013
173,0.653397946810682,0.7729119786163565,0.5850312419763737,0.21994952935575218,0.369599370136874,0.3396830261501397
174,0.6091815748297538,0.8234257457002734,0.7448614920144812,0.4995599311831761,0.32571107452369996,0.226681203946063
175,0.18210111451646238,0.746208193611828,0.6390977603589961,0.5066831900647294,0.36888304451255577,0.32314587518997867
176,0.6654356574898805,0.766360750458901,0.5581590470229365,0.5242920932983389,0.5000444798976998,0.4923135636585948
177,0.5727753735931875,0.6238384801838782,0.6963685064595314,0.5028194560011281,0.5612534048142074,0.38998936653574207
178,0.47176986800635085,0.8028639876729451,0.7124211425714442,0.42936363893498136,0.4487881792418095,0.4353225147687641
179,0.4611381165960633,0.741775479431425,0.6359936365931211,0.4933082149577373,0.6029339161913968,0.2641585237425144
180,0.545141172609984,0.6547435293406265,0.7086082374582403,0.49809600358911277,0.5409175430215984,0.27503868677426707
181,0.4262393372238784,0.7944149289053457,0.6348712855097888,0.41707261136426527,0.506090531071228,0.5351068598854339
182,0.4239396523850131,0.6772258381195589,0.7425188204788254,0.4927734669820441,0.5404817516655608,0.3838960528140128
183,0.6203925160514504,0.7127197314575273,0.6416947194554716,0.5037264155643806,0.49450143755160786,0.5270093423829945
184,0.4221505347325914,0.7562760911666406,0.6204872227132681,0.2844557804654061,0.46187080804582586,0.4066654819154516
185,0.6106698823971868,0.600083054323275,0.4577963831039279,0.31218581041347193,0.5162587757969286,0.304896205322729
186,0.6299379239472557,0.5927505270307825,0.5964568949174407,0.5094279240766891,0.3978534373396738,0.4304154693440088
187,0.5381635114085718,0.6452639551759091,0.5705760803125238,0.6129421207546096,0.5281906762139186,0.48056610598283517
188,0.5418259535690698,0.8221813257683487,0.6252501565230761,0.27379240878549127,0.3738463178419937,0.2748124835127743
189,0.39034132492680795,0.6178584656061608,0.5409767616275251,0.34996232236881325,0.4726194781890492,0.33988293232355243
190,0.6073719555506224,0.6899610161801807,0.5084415318200077,0.6116034766537255,0.49692382946059654,0.5800688099392538
191,0.48450011631021195,0.5827394867836194,0.6060165056125408,0.3831584460410778,0.5267413491297106,0.26805384860734544
192,0.46745906694114575,0.6271776260176927,0.5078902198802103,0.459072646300893,0.46764200311205895,0.4152154528872718
193,0.5699082564554613,0.8123459986487803,0.5433998296142806,0.2954368533086752,0.5184755780157821,0.28329089354842385
194,0.4467637200071241,0.718362032567037,0.6059289146497623,0.4938590131751613,0.5766369231679174,0.3619833681496948
195,0.5863849720978429,0.71886501161849,0.5927901838407107,0.41424935622681763,0.5775591450725976,0.46917902275872164
196,0.657007644966601,0.6617993997323436,0.7262698067234261,0.3947132314100125,0.5357957118656037,0.3662561899364613
197,0.6586213902583958,0.8340019463038113,0.6639908778249354,0.5037189415092709,0.43142474145968324,0.4889352987183474
198,0.6471058076487424,0.5467360517802208,0.6112760639141441,0.5008483227390341,0.5067862074566599,0.5163337481545722
199,0.4901012848094757,0.48866375299190307,0.5506122888261464,0.5145195486248652,0.4273031764623786,0.42664860345798916
200,0.6188833272594553,0.7002837035979248,0.6119821019814939,0.5822537889161893,0.6345479432001817,0.339114563361484
201,0.43248031399773085,0.6241637073726488,0.6276799406383714,0.4676579419411488,0.27978685313884977,0.30315492961646234
202,0.5557183679098296,0.7421513694099076,0.7069935867388694,0.3162867748646743,0.42070962494587966,0.4034793733117231
203,0.49178122337616237,0.7473130484916696,0.6111861853961691,0.3380889917891817,0.3207133423534828,0.14672995497696834
204,0.3457201949803893,0.6795758174291673,0.5051741535799598,0.32970232462802274,0.5116927773204748,0.2821880593617489
205,0.5126811799440619,0.7169139344703618,0.7482714713098937,0.6061953005612744,0.6001943060626797,0.5142804277112941
206,0.5073099728811193,0.6933244671361719,0.6450914146320537,0.4691809339341746,0.493534559875189,0.5592289548787669
207,0.48741832247901834,0.5560788291209094,0.6249012029769394,0.4945668872673563,0.5376598083869086,0.5900672093704264
208,0.4795811399571183,0.7087061520428203,0.744608990335303,0.3379983804067653,0.5751707457450954,0.3277437785872936
209,0.661713785160352,0.6648139649865692,0.4391510741942986,0.4280817939167296,0.3968030691727628,0.2702721027076167
210,0.45378781781806615,0.7811498677401302,0.6088854650746348,0.565987046278267,0.5525288978953955,0.6941872010076644
211,0.6149633694534693,0.8705173151584904,0.5683487271450909,0.4334298082873437,0.31347030896150246,0.44551725539107895
212,0.5621421868313419,0.6250688643794526,0.6492698679688013,0.4622455593390753,0.48197501993303604,0.5396112510759574
213,0.6078869960565716,0.8038109453229332,0.6741262496503986,0.45211473234154953,0.4986060962675466,0.4359552956777079
214,0.6202387606752813,0.5926200802175975,0.6835266212809197,0.6072507724786328,0.5383844773002218,0.586777173838137
215,0.3338996472091005,0.5484463399265891,0.4995438378011132,0.25192664296654654,0.45295504412800325,0.49426242948275656
216,0.38088069559333504,0.7195500428449448,0.43165333315531906,0.36185663575124805,0.5872770341306998,0.48444970930770354
217,0.5814610692641418,0.8228553353913816,0.5990586310280525,0.47673522022296794,0.5284457286416679,0.27947231061263816
218,0.4780749753171783,0.7028329815986398,0.45069390618989175,0.3670945906030041,0.6173109114061075,0.2833102844072257
219,0.4288557116456102,0.6921967330556431,0.5482133132631554,0.48836357733166297,0.4667243976403048,0.36181034707499804
220,0.6068791722184922,0.5723917744801228,0.6163641604885227,0.4792079939166439,0.560887389420463,0.5531381192347866
221,0.5216337670363422,0.7475056424219493,0.5783732660978235,0.5227668251168646,0.5435499831188604,0.47650791433641676
222,0.40649589605067427,0.5720376107874856,0.5571637287936813,0.3773012641091219,0.5100641393471166,0.4126718095647898
223,0.6171271286394897,0.32531927358114826,0.5080605088968646,0.2597725571556451,0.4712167175665358,0.448661256029847
224,0.3617274060858992,0.6727680920401687,0.5636824648998965,0.36144224580734435,0.4673061485762641,0.45064963598082897
225,0.5923845014771358,0.8089328024771784,0.499738506536222,0.23923441940038004,0.254116028144409,0.361207284316333
226,0.3045934612568357,0.779519629093093,0.6821303891336626,0.30767167050496147,0.44489180043062587,0.360005554814027
227,0.5079300165229204,0.7515274097627039,0.6516497562062801,0.3692955229065819,0.451505209783675,0.26124376638501345
228,0.3852721540137379,0.8045682667068953,0.4563861821989977,0.3986687619110617,0.4999913529792078,0.39266482943851844
229,0.5001343395292208,0.5681642735039241,0.5423329345250103,0.4412495749556283,0.6597627195890801,0.3502264530202245
230,0.6599274521626068,0.8879355342465276,0.5974654034727759,0.42844463480143335,0.36298289761081093,0.39672220421042353
231,0.3884968539065597,0.59821582270264,0.6137769780656898,0.3322652652827457,0.4151773394894129,0.48616564686809255
232,0.6728223891577507,0.7099305871274113,0.6244177626506101,0.45620691744012437,0.39972160264212686,0.38498578430830444
233,0.619865982802319,0.6495235001653977,0.5566929450075737,0.4348915827588925,0.45311871228864975,0.4181105405110821
234,0.48069143967881406,0.656278241122799,0.5224756748959813,0.5521952552640663,0.5924787400245705,0.4356179369582125
235,0.45505985771751273,0.7248166522653068,0.5534597640920821,0.3155272133723457,0.1503037244854866,0.2178925973828793
236,0.6200129966351097,0.7595577061603285,0.7402794855943502,0.4353991315063823,0.5127404837514203,0.4910977634749142
237,0.5828894605376056,0.7170473907997975,0.5252386661750295,0.5155925789161429,0.655320891773538,0.5480327770450849
238,0.4190541298299081,0.46527070873796145,0.397081473812537,0.5833927775659583,0.49323306468149797,0.42319544424929245
239,0.5434449141479922,0.5510362779483152,0.65654952108766,0.3974690220014031,0.4496387557959153,0.4194121964162254
240,0.6192692479339534,0.5953875910645929,0.6277816826764482,0.5752905053044015,0.6254362867574079,0.620652813854558
241,0.511970160978605,0.5746950236133976,0.5742484482964164,0.5045069617915287,0.40216640337171555,0.30539261021621356
242,0.5463645443305469,0.6730506975181653,0.5121057831094894,0.3474895943754822,0.48487761679931435,0.4251732949286241
243,0.35722786086496705,0.7526192707027086,0.5743354392259562,0.45656138511259836,0.5657623961476203,0.5292989365250724
244,0.4396326687728697,0.5968439861955602,0.48230697243316356,0.5175409108394277,0.5027295633817565,0.5129903139681651
245,0.4737485878835124,0.6841882605498144,0.4935216841237342,0.42749700682739555,0.5620365070180011,0.35256464245941727
246,0.487334670056491,0.6760032501031005,0.723835116876001,0.27270371286645073,0.36821911121971956,0.3473195745705467
247,0.4503181680708264,0.4639076509479741,0.6297418534266389,0.522065575571554,0.4729938226487901,0.42173210912912673
248,0.5162967270369677,0.5390187969117166,0.6849498038256472,0.5937812933706835,0.3931342886981387,0.41362659097734766
249,0.4542463261570093,0.6932242689852235,0.7000523606307462,0.4629056968682938,0.4771305244032328,0.3300975140542524
250,0.31949326741589834,0.7161636729800727,0.4049487075531781,0.5275630478273211,0.429917863586864,0.4488875086500717
251,0.3573508886447004,0.783186652872249,0.6200838711037349,0.44052555910861996,0.47244284788227187,0.3233310873212219
252,0.53208605095223,0.7051826487686602,0.5773606354938228,0.4930521655599181,0.5841416044045739,0.44453270952955165
253,0.5191028287941792,0.7087019287675436,0.6587383472447074,0.5333742610381222,0.26501055735580736,0.4941175857681563
254,0.3532967537653388,0.6818004192160957,0.38917030271556546,0.4178691845904952,0.5592842849505647,0.19223835982314033
255,0.5693828968290873,0.82975702567409,0.7058578201931272,0.3025365147425437,0.5085632889786621,0.2037691585291689
256,0.6448220931175354,0.6886924682259465,0.58885957502994,0.5326453897584857,0.44128580664457295,0.49678554252959634
257,0.4836055553596656,0.723505327288854,0.5559957599286357,0.5239733579085658,0.6773042751436593,0.3790797192783551
258,0.526239506327123,0.7426150381894618,0.6290444953499243,0.5203486496346136,0.5269617425536378,0.4465989927725203
259,0.44980708829102956,0.6514567279344873,0.5096108358235321,0.5921258405723443,0.4351872602529528,0.35625549344260066
260,0.6615960706066193,0.7439548289786919,0.5591612198882706,0.49194815273543785,0.5595833288990341,0.45511273281801173
261,0.3495827318360364,0.6022927452813526,0.4138842086710909,0.5518279488738334,0.5103703342356039,0.43759021912312007
262,0.6024244375809334,0.8234968167405923,0.6226053636962031,0.5397463421321281,0.5775472715744941,0.6454306875058812
263,0.4810681575227246,0.5494063452947814,0.6056807785011618,0.5492533580333996,0.41152918104972935,0.6172806588867452
264,0.6675546630420361,0.722547975610089,0.47096193882809173,0.4755486755985038,0.460418994980354,0.4035424211797339
265,0.5542219811034449,0.7761898004584775,0.7158626781385328,0.3274652780146029,0.6793509788845129,0.42704996631864484
266,0.49841663738256636,0.6119433435960527,0.48932292972135194,0.45676884115228467,0.417837306194769,0.2817771241297387
267,0.4805093208347487,0.6591957522268558,0.44059189268380977,0.48585208589125417,0.5052122440379324,0.43840302372881296
268,0.5259008468023302,0.7240608951647189,0.540753756437979,0.607041887631981,0.5072711818282621,0.5799745014527681
269,0.4946123505987711,0.7688510113581658,0.4639647686361465,0.45898135933730155,0.40471758534419405,0.3190156696882438
270,0.5850036914624618,0.7163166515641209,0.7841264705314842,0.5211063786121163,0.4851638895352528,0.3070356219790952
271,0.5387544747223543,0.8417823017205439,0.4764022123575846,0.26287721625535876,0.5306797274043821,0.2894703656829316
272,0.6433393784745522,0.747033648820091,0.6353668182069006,0.46664552363650186,0.5624305278360733,0.7158039830181273
273,0.565774886288088,0.5207712126194238,0.7388761244309194,0.4797128330152232,0.6090213135489176,0.3649959263517065
274,0.6593289909918729,0.7181010414816282,0.41900518992222896,0.49822447855423213,0.4519021375996043,0.34678485932167563
275,0.550330861914841,0.499819130210325,0.7329856936618591,0.46197640720022615,0.4195094958834781,0.36191728299768355
276,0.4818891105696685,0.6982967308484098,0.5359595787145842,0.41361231298490786,0.37818025920378445,0.3348572442206826
277,0.46512029707029023,0.8337877487240165,0.7182272534717812,0.5195872240417616,0.5375985715939687,0.16291323980396885
278,0.5343175740790285,0.7713655938155088,0.595145776431595,0.5872859434033696,0.5524304627481786,0.5021368998677402
279,0.6144387889555353,0.7681173902119394,0.7900451834044977,0.6166317002455527,0.502521681777286,0.5118418198263481
280,0.5398725909218342,0.6976266189945841,0.520967941154207,0.4789597889204641,0.5436486237303102,0.21762788834187052
281,0.5616236620741225,0.8348700417830474,0.5897318159171485,0.4935076212976433,0.34606500539235713,0.1326366836747985
282,0.5121026500936124,0.6610014113986095,0.6035059319080085,0.47548612374356863,0.6065087712603451,0.49831713947919914
283,0.4280537151838907,0.6667999546663206,0.618417060412461,0.3998718923627422,0.46737998529343777,0.5299473300240908
284,0.44267824671221634,0.5879348058957388,0.72250779280193,0.5350239441780509,0.5411662304746181,0.5845824558660635
285,0.6657999097360165,0.7267686778971145,0.5395979062995316,0.5090543775396309,0.4552173851087221,0.40919476770278673
286,0.4872765370493451,0.7177680681164385,0.6533258490368639,0.36320483648381474,0.43909596225476055,0.5252147261289087
287,0.6042450769003542,0.6292278657415075,0.611629849568539,0.6295642917773312,0.43770041728159614,0.5994832067596385
288,0.594489031753833,0.709636103633521,0.653412636644948,0.5568970809922804,0.6051340892711224,0.4505527689935168
289,0.6972401964171421,0.5561272174355423,0.5427738200612106,0.5742416329907141,0.5843489395131615,0.5239991341506322
290,0.5067986159087846,0.7431759111689134,0.5823422593519317,0.5117179847948972,0.6334509177484543,0.4901229275264046
291,0.39816434438329773,0.6027359640767673,0.5038243970068932,0.4413091601974597,0.4055073245682715,0.2309000561870407
292,0.45770370723574283,0.5828326543423026,0.40934234097658395,0.5538950768216012,0.562584071927551,0.3486386440721889
293,0.5076993894945435,0.5528037184132667,0.5714150244729441,0.33712164711530807,0.3633938747461963,0.29296753722962193
294,0.3662973487791985,0.8012107888306585,0.6354749499937613,0.21701838924322034,0.35992173234343044,0.35421095223867083
295,0.41538967257872683,0.5488145316852576,0.5647067902043051,0.4560100804522731,0.4789459271726432,0.44371489937849995
296,0.6869198560982163,0.7968699749441521,0.6271476140984974,0.2915009548891943,0.3546474225233575,0.3423497837475753
297,0.4054339887021687,0.7258069186227369,0.7413255138856175,0.2211732252348846,0.6337186952393951,0.27529865727660396
298,0.3802666917222465,0.7424655443567626,0.7955085137686094,0.36170366145384136,0.4609444305902224,0.22518064930685933
299,0.6196799246124621,0.7450688329286946,0.6022723426473681,0.5779166320285162,0.6837144124373942,0.4370627733302567
300,0.47870511175670977,0.6829018749873238,0.47719318305059855,0.5091854582421494,0.5274348596366931,0.4934885417995166
301,0.45050129326933197,0.6227763722695306,0.5335069890431389,0.5063425983294654,0.41472229440255937,0.48908289768485336
302,0.48809630074387905,0.6719077836987032,0.6641484266374533,0.3808376776625635,0.4416028048455327,0.33018298863180034
303,0.5691574674002925,0.6499899191932147,0.5330479246332892,0.5838576725053164,0.4873522481354881,0.3257398402229223
304,0.6526372880029053,0.7863733054559133,0.6446849932866772,0.48444580292170547,0.5276167231762563,0.3794737263278095
305,0.5327217741628424,0.8081232043636453,0.5505948985746617,0.5239239057612253,0.2757053135763871,0.14018012721847947
306,0.6963828329905342,0.8670143483026193,0.778181245190974,0.2442112953489668,0.5068538118240633,0.23555946549543838
307,0.5964693059869617,0.7206810017893701,0.4671375032188318,0.4605363285293713,0.4671726622661293,0.3766446362477636
308,0.3542151404766567,0.6937684725879668,0.6214625242555444,0.3434703637058165,0.5486330475718866,0.35712996289052845
309,0.3449506090237845,0.6869072679881911,0.4756589589297683,0.37295408138923347,0.33746138251325186,0.27939726271440857
310,0.43408310611051326,0.6978007758897627,0.6565940383710033,0.5395809597013259,0.475745746732753,0.3981267409782992
311,0.44728575727787384,0.7293903915570664,0.6382384226099632,0.432150698025623,0.3646798325272181,0.4591167328376716
312,0.5221326451764823,0.6983835275670686,0.5873180362244932,0.3672643872338202,0.4428409701003424,0.34300626186418975
313,0.3947361051425277,0.639769378591788,0.4061730793803861,0.41969935138494047,0.5475185849264534,0.40068520436790644
314,0.7028359028241434,0.8371246090532966,0.6957813797495878,0.5298540397064042,0.2118117876897597,0.5884851337215488
315,0.5451558518940054,0.7078946293504036,0.5159031999525281,0.6147211216746875,0.5541013583042798,0.3476074570684706
316,0.6262071325596194,0.764376724514856,0.5525813558983066,0.5217759682254719,0.5401692770920351,0.41580401650538373
317,0.5420891017767834,0.7525753710169963,0.5902051821053594,0.569722790983078,0.5523401068353626,0.5171364269996698
318,0.6114977998101081,0.7684959939671897,0.5574775299306172,0.5187631678271469,0.520383043777739,0.4723911757634702
319,0.3990713537749299,0.7709818145473394,0.6744377460640558,0.35269895056631306,0.5464910536032498,0.4511658013037804
320,0.5414935668672445,0.661711562403816,0.6062684227195951,0.2935915691621908,0.45545471903488505,0.3892797777147101
321,0.5966220238713295,0.743333447127736,0.6395112991039424,0.5695169029064953,0.5963290961783771,0.44580793625385684
322,0.33901068295820275,0.7577221177849861,0.683231862969519,0.4116551169847181,0.3987721170180394,0.3826214987373009
323,0.6716686019654103,0.6680453051301812,0.5797733219559694,0.4439397899232276,0.5913000937575383,0.4211805103334554
324,0.6010957652855752,0.8575462973028461,0.6699797771784723,0.488107155809682,0.39321173926513,0.3698788497713736
325,0.5409236488434224,0.8517174040597764,0.6858089422332838,0.4196065538322734,0.4482208820123189,0.46679188949471445
326,0.5125502513673567,0.8029192102546828,0.40878223183725226,0.4933972797706465,0.5217956035488246,0.37810480013779035
327,0.46954705929429436,0.8188170848113657,0.5298498036620476,0.42013947849042793,0.27780326424282226,0.18745739006487105
328,0.49154824224692006,0.6604780116683446,0.5310087104532774,0.4151704786020797,0.5685224437160615,0.4229987755175581
329,0.5834755598010997,0.6026193064930441,0.5591424934436826,0.448666446854137,0.37255657641943424,0.31354227730566187
330,0.6363544652653715,0.8452183440617206,0.656790214480112,0.7148703791851518,0.6031055893916634,0.5280125307541739
331,0.5929326819032503,0.5954634033243027,0.6453290129409168,0.5546655681546643,0.5691924798398947,0.6723500919042019
332,0.6555457062565812,0.6860841217523651,0.6834187368848522,0.5713249112646575,0.5396900666182973,0.34222479778648063
333,0.5184745638319985,0.6002736583534946,0.6277284757848899,0.37396262394184415,0.4526000420647114,0.4353977159174202
334,0.6472667775879877,0.565378502205965,0.5626421973505339,0.47586704131418106,0.43594251515196714,0.458516140577995
335,0.6012444288919722,0.6463569311573688,0.5190330686859512,0.28376318780284904,0.3977693034247191,0.394444221963714
336,0.5785483541493034,0.6649729624618619,0.43488438467667534,0.490948768696441,0.48670041967955563,0.5110802408467015
337,0.5297184994549478,0.7392246810979842,0.6743504786439135,0.5579025201758683,0.3946133171035288,0.3943547405182233
338,0.43430939676505015,0.6698319979362554,0.6222847319486121,0.2920284600582878,0.2566382532700594,0.3906284948543702
339,0.4203951504564,0.8103845458036322,0.5356247236869544,0.5687781211963897,0.6020814244812092,0.3375646894717849
340,0.571656180525218,0.7407907532402962,0.40827949342880393,0.35140154989758415,0.42439442345729916,0.5150100054931094
341,0.6307359461538985,0.796560774577724,0.5887488930087046,0.4799717796083767,0.5303540597803301,0.27002134225184143
342,0.6183504608777249,0.6741116882877979,0.6849646609066214,0.5299855132419592,0.5509647890419679,0.5455764348971429
343,0.6524092299346275,0.6407511911514079,0.684038926753212,0.5380509619472426,0.4153606495014072,0.3972090811649044
344,0.6717741006123629,0.5128019353527207,0.6368922703245046,0.5680862121585676,0.5884341098838879,0.5881826975038117
345,0.5892384124189267,0.704871636354433,0.6214008264838516,0.3417544841875639,0.33217177372172235,0.29674531172451474
346,0.48831062212625526,0.5856272240172622,0.5520568852974699,0.2533434052567434,0.36164222959884784,0.3832285411930053
347,0.6047187694990949,0.6518245118510272,0.6269200451078022,0.6349652916605658,0.42931688106779736,0.493417075363984
348,0.51659488075696,0.5429923243032138,0.49755249393167983,0.5373369958268394,0.391025643713599,0.3538700010304865
349,0.46516534112962404,0.6268951408692988,0.550947288061827,0.47023927832461404,0.40335134434399433,0.2984475734022564
350,0.21879556274973724,0.4698868326496025,0.5429411516556293,0.5264110188843742,0.543704152880922,0.48109146913045925
351,0.5134939387809048,0.6427601510263266,0.5208262235272042,0.3451928987589881,0.4958911759826786,0.43888454182368125
352,0.6085354317690418,0.7025840711820412,0.6002442942510138,0.5536897248864605,0.476252039953707,0.5486116055823689
353,0.3271557888891428,0.6320324669546189,0.5601417892214384,0.2583389552840857,0.5742402290248477,0.3449913090045208
354,0.24465009641181945,0.6804500030834324,0.5551708991734912,0.6856746184039137,0.41659004804680577,0.26266652836113347
355,0.3811580883205529,0.6883393613222912,0.5112235704603877,0.6368406387388071,0.4429448041340594,0.3632251794220266
356,0.46465099702706303,0.6178351774337233,0.6358546751237083,0.5015849844456131,0.4914021497976656,0.26970567977603976
357,0.6693821151626363,0.5763492951661268,0.5382121909220283,0.3790541963808981,0.43748834246506113,0.5055719827869949
358,0.5906093123040117,0.6545197021551975,0.6259270659610504,0.6617400227857542,0.4045709821976497,0.4612518553362254
359,0.5237323594184791,0.7820715647315359,0.7267211765545097,0.3992717437575091,0.44674522930467114,0.33954423343127044
360,0.33921426310579816,0.6714693376879717,0.42200762139753895,0.483200824691329,0.49381789813727306,0.6596496087746213
361,0.5926690998875621,0.5741000722696173,0.5935936790295973,0.5647908901021439,0.6208203888849257,0.48145926464002364
362,0.5918027667883726,0.6971338792424724,0.5289434254285383,0.5577263044178538,0.45757513017519913,0.5064601285903697
363,0.4195327913794204,0.6499693627094703,0.3851874019271434,0.5623669386715622,0.38900735707086775,0.47736122759898864
364,0.516067502423742,0.6554631971037838,0.5464951364956813,0.4876715061051328,0.5271925083903348,0.4430165247664083
365,0.6178210549262496,0.6368926201736272,0.6002342139568835,0.4335712805290124,0.4225298384804507,0.36310183762697
366,0.32609789803707656,0.6379169095129771,0.41933478208977587,0.36458985245935016,0.29658195265999543,0.2695782345252036
367,0.5538607800514113,0.7205555762397188,0.6522450475525162,0.4465072713447739,0.59371559178998,0.3575389406464904
368,0.4832082406726636,0.7363580730475561,0.5773257876103026,0.2737309515797734,0.5105280299369659,0.3839763591233577
369,0.6443875832359175,0.7559050170503491,0.6840403008795986,0.378119161292831,0.3496292441483122,0.3117732160338636
370,0.42502785770216095,0.6602739068449603,0.47469050884477004,0.3710881150769507,0.586719736794413,0.39994489832634295
371,0.4386156729062603,0.7609601695288467,0.5846294033034228,0.31608405554882896,0.42191112653231055,0.3704490825917952
372,0.40404683730060925,0.8463144669036106,0.7129913533132701,0.2817909280075211,0.49998227692093367,0.5779722029183287
373,0.4689860982204357,0.8000784952817681,0.5601643795618132,0.5325027331533372,0.4157044641831172,0.5559417740312175
374,0.5402509404357034,0.6549490416043107,0.5613135788830811,0.5912499817403637,0.5778353266145432,0.3372999226736555
375,0.6274465029335473,0.5174648325359069,0.5616726431026712,0.3182939133251611,0.47172197952747974,0.3291640060270815
376,0.4514376122458324,0.7137284388721375,0.6348458671552054,0.469712077325803,0.48019272760691323,0.4944086671415003
377,0.4159622084808281,0.6108446392977187,0.6030553491473264,0.373835944776583,0.49320092404799193,0.47919033656860605
378,0.5086460627003203,0.7519501519153516,0.6322620690089025,0.40848461054945007,0.46964121193779484,0.35129236156247456
379,0.4500844293434446,0.6071892967339406,0.5171971880344879,0.4562162898603607,0.5185641468878133,0.5352064528955168
380,0.5159132504107943,0.7192463813801221,0.4670270610509642,0.48490260323612067,0.5115220035769485,0.4523985310032846
381,0.49948380853910024,0.7183071148420875,0.5923960295998143,0.5991231761443214,0.4405403278279258,0.4341485687851653
382,0.5483545196697465,0.6563666209312997,0.586704860171715,0.6913020205193564,0.4657468102799331,0.43808905208722604
383,0.4308743527777775,0.8864844751635078,0.45358608061120964,0.31069273819521986,0.35545243759026074,0.2781895123772092
384,0.4960088481220824,0.6299270761828355,0.45771668147281347,0.43085535829326704,0.5469165930719694,0.30862634875219264
385,0.6370539802879233,0.7075917478823854,0.6226798620021666,0.35482457542948104,0.4329044732203698,0.5100751244744494
386,0.36601129295426227,0.7260754837203913,0.5602058475967148,0.4718198177067371,0.556160212870693,0.47629358876590666
387,0.4364061524726439,0.700893581234373,0.455275330409539,0.39070368917508475,0.4530013962598494,0.5434013938801424
388,0.37475645854704726,0.5692898175323315,0.4218652996551236,0.3602871149927378,0.45497994094407324,0.33571932584985936
389,0.5656838884912465,0.8371405479421931,0.624330020584298,0.5196893570864317,0.6102240985765253,0.6279850925877776
390,0.4196623955208185,0.7376493172442432,0.5550088920094773,0.41030275899185614,0.4585614129541954,0.42201935319965167
391,0.5990522460958253,0.6748539794321085,0.7469465019086159,0.6086135836287823,0.5478576811468315,0.35783270118973776
392,0.4562405621860998,0.7494033416828678,0.44971260188843143,0.35684709861094166,0.234372921295989,0.32615149367903346
393,0.18350663325800753,0.6164938648752734,0.5726184733642729,0.3217682949268088,0.3084707646001668,0.18235581606718573
394,0.5254094802776168,0.7128011942505685,0.6531817561385193,0.36918121988556385,0.4574877417186549,0.3857368861646342
395,0.5055961972146941,0.48076002465212864,0.41880279252801006,0.4073670683724839,0.4943912688027675,0.2727932601609533
396,0.56940720995529,0.723064570979522,0.5023905763708003,0.630195939311549,0.5595461527108297,0.5689739826428405
397,0.4637545831592646,0.6908210153990944,0.5392189877412613,0.4421774916011292,0.7194552450945629,0.4130262826532949
398,0.41376899879749585,0.45674549393090874,0.35968393536835225,0.5558551444088239,0.5673332474355355,0.6918908503835413
399,0.5494283730703997,0.8544616587498021,0.6679659059545162,0.4071233165310889,0.6570651585739657,0.1944845095149108
400,0.4426673572177445,0.7569493729640836,0.8099625913881933,0.3101375972131324,0.3401663430081651,0.36080923611132565
401,0.41386562244335273,0.7188765102279948,0.5678253599094337,0.32999180253282673,0.26648063501075087,0.22811310540105206
402,0.4576886342869571,0.708328350281047,0.6120674543166905,0.3246291941077025,0.26084668105926245,0.35135769440389675
403,0.5722341306199953,0.6222594401417674,0.6061393871902007,0.4434362670979332,0.5841413425112804,0.5019409154671465
404,0.6483220063730635,0.8168987308732606,0.36749820885280865,0.2575375972922096,0.33447943558072823,0.22376824372136636
405,0.6831759831483372,0.6548964520466259,0.7023264342480704,0.6477386647172434,0.4690220335126545,0.4573309047570937
406,0.5533722634332228,0.8456917539084652,0.6521624041983712,0.34422856100718857,0.5016651731344289,0.43555073612428774
407,0.381821629741668,0.5822391441062256,0.4970121123888772,0.499066169194263,0.5108653204149327,0.5432155555261379
408,0.4564476004653417,0.7808311395954868,0.7387553596708842,0.4649516653620654,0.4009391325400703,0.36855078392960705
409,0.4247875607490423,0.6193094603666971,0.5742381246138482,0.5188230221865258,0.5049298936068765,0.5327235059033492
410,0.5513768750063476,0.7930769763243317,0.667389083110762,0.5875708585398439,0.5414005112922954,0.4999317755914583
411,0.6456554768919998,0.8108205442942861,0.6382172927879309,0.44352266266921175,0.5479417544629779,0.4607675597356643
412,0.42329157788745586,0.6401137325074535,0.6864398723237589,0.4686025259483642,0.4562275183448395,0.4387032787896843
413,0.35621367541427873,0.6560996612365647,0.574835093209046,0.5869354145894031,0.5519037924479125,0.3810898766032292
414,0.6314816451435974,0.6174435147018977,0.5941858137200129,0.575780194407725,0.5257398429858068,0.6292457430398927
415,0.5359620862519925,0.6105649941140648,0.40540350782829143,0.44996636042672594,0.3278187635761612,0.3146264408239791
416,0.3351173311585502,0.7397532759344815,0.4054230772901331,0.35639616229957727,0.4026858299586814,0.368152631716068
417,0.4039120468941844,0.7524498345752904,0.7112236817910683,0.3716756448993088,0.26475026736455237,0.3476771784152122
418,0.5754334530761869,0.7011122183409139,0.5455642418633467,0.42531453922342555,0.6064875791576223,0.5510673421522392
419,0.37733598224665865,0.6616433044249607,0.664194951153036,0.4027507014869923,0.6027580301080648,0.40543196526929054
420,0.43594248350013115,0.731807963043295,0.5865883991319836,0.5494687849148138,0.38564904673255274,0.36539910033120343
421,0.5313473094374109,0.8096831805475836,0.5329609162719491,0.5298892182055996,0.4450774062647642,0.39792535231704945
422,0.552243160220254,0.8359656396532135,0.6726521232007847,0.32054836483924215,0.474828275086915,0.19938434236345565
423,0.5844362418858099,0.7563433965569584,0.6416857380722852,0.6586433591087619,0.5628807030851949,0.48572327250844766
424,0.521195581947982,0.7189660146296386,0.5147689448057527,0.44443590282084605,0.5657931005896446,0.33106045699778747
425,0.47190051130710725,0.541176674222082,0.6216678056738802,0.49320163659976357,0.6121752686821623,0.4079184256253941
426,0.42019556357784615,0.5990159200739892,0.6640355356350524,0.5785307347243873,0.5437669126583288,0.5093383908860666
427,0.6211456681347775,0.5450209315425709,0.6087125659407289,0.49739298445581565,0.5527626944324174,0.3308887341791569
428,0.6012778639863517,0.6816853977982249,0.6726803149935481,0.5356861358016344,0.3813311924215267,0.47520827587587133
429,0.548812161975252,0.6272473629106872,0.5574038077717919,0.32979846309763594,0.43369114384013335,0.2960687515430601
430,0.4819209257436678,0.7528284287260146,0.5100445198293485,0.4884764008165875,0.6970718066530205,0.36157924744416137
431,0.6650090929715601,0.48922000458263776,0.6838036952477915,0.3440271323533398,0.4205921821708477,0.2823297123251258
432,0.3752353147921447,0.608359789264062,0.5194982318740239,0.4254746764393628,0.40985936912830123,0.2637855205302697
433,0.5639142744949094,0.7183659719925727,0.5342165916177671,0.3977373911874281,0.4724449874378079,0.3023108302133436
434,0.3072089606461962,0.8526078942432164,0.7560051148974132,0.49003033278519786,0.3576298169703313,0.22167696044727936
435,0.5582342616275041,0.7479485488812168,0.7602215629792142,0.6673207943337103,0.5997784853308156,0.5067356004260981
436,0.5013790130384942,0.6085323256717103,0.5553721631591082,0.40072501410849276,0.44307086025089343,0.43321223810983506
437,0.5838297789916053,0.7363898250606428,0.6566186664903967,0.4768184127437762,0.4029470014775302,0.40818964509038425
438,0.6771051168232702,0.6996200467155486,0.5456151558395438,0.49783498582374985,0.49855151386734425,0.41248944179737734
439,0.5550764390544053,0.7357625999506044,0.49434433032867736,0.4068391237020361,0.42197738530222983,0.3828971206513134
440,0.5960771444900533,0.6708377583060514,0.7132945525878971,0.6303422751192245,0.38178854525955475,0.3949679073930269
441,0.4583112101418773,0.8715350036929673,0.7396108465826379,0.45213776812123574,0.18177755376122645,0.24214704520636726
442,0.5021432364774508,0.7063871118863109,0.45626075065036054,0.49442459980683484,0.4031070634936657,0.45330293779575465
443,0.5470944641578082,0.5948712081131183,0.5095941277382123,0.37051965503373857,0.5416058373155015,0.41949830585469483
444,0.5227891638928341,0.5601898169191362,0.5874092706038677,0.3763873393366506,0.472811895839285,0.27784313450925613
445,0.6215779713874813,0.6692683245372493,0.5210052939226335,0.3972603859846475,0.3840377199187701,0.4640684346632213
446,0.46461852535571924,0.7763754327316941,0.7145923369033718,0.33470429594785533,0.41184375414464236,0.4971990180946304
447,0.5532363307508931,0.6383284259433115,0.6474834613576919,0.48153229976927225,0.4429758254339895,0.4642390004889308
448,0.5927899291705936,0.7770079929388938,0.633397815990498,0.6470883289092877,0.4733706728361775,0.5371712710945918
449,0.27239804901988296,0.6515592700054984,0.6105414139360699,0.3901082127818337,0.5254078360537543,0.45924367822662565
450,0.29047199744041063,0.5363131901022368,0.38034781011236873,0.22558185175997178,0.3009432089200597,0.4485375082195493
451,0.34301205850913674,0.5276101526318843,0.4278553286344021,0.5109563880171297,0.31699430286260993,0.49591298080267276
452,0.5788288848811078,0.8020140153963682,0.6323900622457687,0.5241277411225552,0.48279851473193974,0.49359608787037335
453,0.5868760131766687,0.6336324798114883,0.6184074022937255,0.5018728405836543,0.5090208319224413,0.5201398082564228
454,0.5430619275032953,0.6489687216870405,0.6462967811188683,0.4889078232722572,0.43858499240330456,0.44155755582059864
455,0.5538480588646201,0.6440430062400495,0.5571365569399036,0.6768132823062121,0.6126570813959646,0.3998271411464433
456,0.5093162954059144,0.6319850010580327,0.7887867561096207,0.4986746566469511,0.5880244532323765,0.587515076482918
457,0.2876403436072538,0.7341907805988278,0.44245595007596306,0.26409911214595744,0.48826784500822323,0.544702085019893
458,0.6120423790631087,0.7298454569427391,0.4357856207168816,0.46836969744150203,0.545467312121056,0.49416945978745025
459,0.4303135621769204,0.632247099677192,0.7149702768891366,0.49220774205126333,0.5677813504454469,0.5031335196200314
460,0.28382195787872405,0.5812087577314683,0.5109649050607266,0.4962609668506073,0.6194691719325848,0.325109606663273
461,0.4952368429112677,0.6833223744202522,0.48623078458291974,0.5182706730364816,0.5925268743521632,0.32573853847522805
462,0.62493045708164,0.6110270441586133,0.5935135205887727,0.2883678250913202,0.48394701978634064,0.38975319444215034
463,0.5167244224348223,0.5536845834476222,0.6257358004205635,0.5321608670615618,0.4575538272440778,0.3031049625068296
464,0.4455743562715717,0.6352971169719095,0.6093444367537828,0.33953018650834177,0.5788847192572925,0.48882828239957926
465,0.5298613002388319,0.7926128428303105,0.6141838312809962,0.4185524284794864,0.6230928556842901,0.37940262139149256
466,0.5511794394800923,0.6097379485988511,0.5622594873957529,0.475330685358571,0.5321621104392119,0.25298851421420376
467,0.4632569223930551,0.7987798126341809,0.5682805850440512,0.43094263399414634,0.42865581260396823,0.5835978041677223
468,0.6616940182332867,0.6897355488755561,0.5938131153203465,0.4431328181009651,0.3998506929549208,0.4284414551642104
469,0.4921018050680719,0.6014758820316264,0.6185720253200914,0.4824316105855479,0.6845838722801707,0.6420870461469558
470,0.638403920528419,0.7659719279506393,0.34371163557670464,0.3371212638198965,0.47471541954948454,0.30720177197165
471,0.48799095845382484,0.6057024740681494,0.5090239793239778,0.5786807092810202,0.6108347411247618,0.40063859800142043
472,0.45389242084865766,0.5770781012451861,0.4946305088577863,0.3413133709088972,0.38123312695646105,0.26350135303684685
473,0.548945666901997,0.7025575089021514,0.6579055669154655,0.39100799704055306,0.4544435237008077,0.5187614062988625
474,0.6117427640109623,0.654503091729848,0.5373241758189479,0.6084379118195877,0.44010667998447,0.34700502276766754
475,0.5278604410028349,0.6043190246562,0.5537734116768767,0.4435763034530927,0.5414356265349709,0.3395170878987902
476,0.5024464654430425,0.7649551687435295,0.6133249819519542,0.47662339256090497,0.3986514924332051,0.407520372014836
477,0.5587974436322584,0.6684565934922023,0.700545033722322,0.41013117842412294,0.3664157029477394,0.43973223005898254
478,0.5485308906733637,0.612757843046807,0.6416482010712784,0.274543910735453,0.5250267349324055,0.5090892822893915
479,0.5312217134313753,0.6357484008325525,0.4277405488593143,0.6154573666592897,0.4192795223902326,0.5537514353040683
480,0.6352855356029732,0.7141050736255675,0.6694932819780094,0.3816553934682789,0.3664888636406043,0.3854462204266045
481,0.4339276904621976,0.808618038463292,0.37439276635601193,0.45694001063859124,0.5486032579858289,0.42024138189429916
482,0.5217149119580909,0.6613083455184202,0.5779090245914285,0.5174179254472258,0.44817822042478095,0.43640244791442256
483,0.619687434852328,0.8442893702301473,0.6975916634237439,0.4158960686841344,0.5864816527333867,0.5258441277295938
484,0.47784247117791623,0.6074130429371802,0.6206110303259879,0.3764234992294943,0.36984031281377755,0.3395101585008485
485,0.6191391222371967,0.6138303170765355,0.6509343186672331,0.433935332966445,0.3077674168329573,0.3051280340001691
486,0.5819472159218483,0.7367445705879293,0.4391048637252257,0.5215005567122352,0.43513470467886434,0.40219220833970126
487,0.25370950781615065,0.46776373823355943,0.5846500990647996,0.5802465374006913,0.27313092413902945,0.41377821790295344
488,0.39542737861982863,0.7307589360570274,0.3953462266663187,0.48987775825081514,0.48443014882514823,0.3849766438414514
489,0.6342006432898899,0.7588086816245248,0.5390763375006903,0.5529123472280969,0.553290391471497,0.5466017813861572
490,0.5329747263452652,0.6615157928932484,0.47720890897675905,0.31510478846659346,0.5582779889133285,0.44171837569657124
491,0.5997378244751123,0.7660623535265784,0.6111810541927185,0.5288007135304842,0.5532549645991237,0.46698364148291477
492,0.4016374073530115,0.6015212089283649,0.412665028893836,0.44378032570153236,0.6307162508643118,0.3099333458665208
493,0.6146891246689039,0.6051124189517866,0.37503261830921053,0.47615168310629086,0.5067984365347962,0.5172012875684162
494,0.40980406141056064,0.7380920736369345,0.8054795743549255,0.4472281834212649,0.6902343692213617,0.6013412138732113
495,0.37974597197611243,0.6841513089326783,0.7319873862859803,0.273712271862669,0.45061680795544046,0.3630959150081627
496,0.4279546988459803,0.5626667158021862,0.6124655846140803,0.3332689520544129,0.38432599656669447,0.2917938683686113
497,0.5609240644208546,0.6679890028847922,0.6948313057043226,0.5830243533536731,0.5699311822263295,0.5279519622056041
498,0.3317224760471022,0.6668230608693855,0.40461490332301253,0.5579495364139301,0.5322698461019216,0.37093007309496956
499,0.5847008988155022,0.5164347215005394,0.6613932995246568,0.559532612644223,0.4654538339917129,0.5223021465832709
500,0.4566139538959361,0.5698196670250579,0.5847199848954809,0.4318097853339547,0.4726701747760633,0.40825784278064003
501,0.5780585963907788,0.5455641465554008,0.6380113233992696,0.537170629284915,0.6481124986391786,0.4830651206520862
502,0.44003005353094354,0.6983475345131606,0.5796169163549796,0.3981416148086272,0.6021886971302757,0.43114005597717275
503,0.6031449985575209,0.81301068447476,0.5956053080857341,0.642815939266207,0.2973818320776944,0.39000321310698993
504,0.5174957262169317,0.7566055375282198,0.49248615726019596,0.511953827933632,0.4747060303225833,0.40474764324516344
505,0.5230221957390355,0.5998213050422339,0.5686875198772627,0.5167934493443446,0.517549324911202,0.5508839917393304
506,0.44200907418302454,0.7608846421484354,0.6138957439017405,0.4134188546211973,0.4292825312338468,0.4803952516895872
507,0.5944373913046525,0.5951258926314069,0.38731566343105966,0.47559478454722837,0.3419926607910601,0.32295841644025136
508,0.4226134504668463,0.7298386953061747,0.4862662979482142,0.4124105706208647,0.43340002878994555,0.6028871637239913
509,0.3723451170258779,0.6817356374080362,0.6333293460645015,0.4766911844177254,0.46877316345469805,0.45001450925628733
510,0.6890173916585532,0.6679649634067313,0.5633599237114997,0.39679823601362835,0.35318834208236277,0.369490226025915
511,0.6343535076532171,0.706716512897113,0.6286908390406525,0.39928252237357026,0.3741126265855479,0.4288955114981367
512,0.4695181493098664,0.7810877950405251,0.5080515036042755,0.35452604034402413,0.5582325114576295,0.352401363536873
513,0.5789917092611045,0.8664130097934558,0.6336265189795647,0.44710682191015366,0.5119646465457063,0.4338234766903737
514,0.6453551747579502,0.618847904850128,0.46639169626520244,0.44426920850243173,0.42055447548461633,0.3513038675301695
515,0.48971542191368334,0.5651996176222386,0.4542748401461095,0.5132866704664771,0.39552623877418713,0.43793895303364827
516,0.4460606126058136,0.674877595678784,0.5441899424281413,0.5019774675580666,0.5349515126914146,0.4711395987224821
517,0.4543182374099894,0.701514676747458,0.6726622902923534,0.4224009003311738,0.36352451706359723,0.29117043884491206
518,0.49084819070186536,0.699616816025478,0.4354536555517835,0.4478928522355063,0.6319574594511547,0.333364893315889
519,0.49206542885423615,0.8184043786287383,0.5331800483278937,0.411730584456881,0.36352255955901314,0.32792019386403676
520,0.5539476109054048,0.6809217796223387,0.6178505385224071,0.26990305873487835,0.4505737894419185,0.39693233635733227
521,0.6001377475560891,0.5696807761508609,0.39216050424311183,0.4787281976426833,0.5349100720317325,0.2585110444565267
522,0.46147569801704913,0.8458821960774731,0.5615080833717423,0.29876302829998247,0.5606548857977209,0.2752842651773507
523,0.6524346680161099,0.7416553529796543,0.5517808160962352,0.42489382189524433,0.5607521843277548,0.5597834499489444
524,0.5636249306951755,0.5650487503670537,0.5904529699663369,0.4254778623685541,0.3460624577935115,0.30049226480911456
525,0.43532117527157876,0.6559668605557757,0.5906510560410005,0.36727186216859986,0.4376850871663413,0.3871491769779568
526,0.26761733132854715,0.6382880258162958,0.4615808915683125,0.21227851536191072,0.47663730336895654,0.2753070709689185
527,0.3700993318571582,0.742984192382806,0.5783059594938973,0.36707173879989213,0.36834549188201865,0.46823553445312116
528,0.6265480907638727,0.6067736529309076,0.5871438924895523,0.5228205978467494,0.5494782289835742,0.5969578950704506
529,0.557468701119164,0.7167663810902857,0.763178112443421,0.5777823677687085,0.4411104744053193,0.34781444877540224
530,0.710619529888387,0.7487760171554703,0.5676888014542872,0.27050503204159054,0.3760409295742077,0.3199941312319199
531,0.631949028010339,0.6368316258693767,0.5829333276007465,0.3755210231915479,0.41167817549472685,0.3596730824039859
532,0.5187236300892246,0.8236423354774778,0.6079788134327512,0.49724100329043486,0.48017071976914594,0.48567201918998826
533,0.3672643787110963,0.7131363227877717,0.531837760105437,0.44165763799845686,0.4803907093001511,0.4834105324839573
534,0.3737965050776017,0.7216800216750372,0.7058782474160347,0.25176394308422523,0.3404409175568766,0.3197113556859682
535,0.4614508796017816,0.7868012221050474,0.49995349452709387,0.3417707145079222,0.5035875349106627,0.48398012799659146
536,0.6052627743727484,0.8179006014968673,0.5410486950457553,0.514799533315801,0.5642663604969984,0.5045891849582801
537,0.5666618780796505,0.6056507284492233,0.5156308882292234,0.5557494324532378,0.5203011808311051,0.5482946854431018
538,0.4839834536931792,0.7140020848465805,0.6242992444030883,0.497638465672317,0.41407122375355515,0.47091546571842446
539,0.5840256788074453,0.7952091028446915,0.5705605609016852,0.5702377643437647,0.5073812688667023,0.4504734291116484
540,0.6113727753505549,0.7248893486767592,0.6449255156567321,0.5969813019660752,0.4851886459062061,0.44413197019077055
541,0.5438977625906463,0.7756684089124408,0.5361838844843393,0.47188736900872497,0.43746595162165763,0.3344237205346153
542,0.7079299101572748,0.7465476003547172,0.5914722042782397,0.3120713818914107,0.3333800551489902,0.33848744750277454
543,0.6793600866361438,0.753560056540681,0.4831334283962253,0.5321325568805155,0.4675840273476587,0.5098012901035794
544,0.5839839910930357,0.6842318434047936,0.7486262318067153,0.4175847809668284,0.27682705154548765,0.4376353242122605
545,0.6328230188645576,0.7645428409661555,0.637451059000802,0.49454932427362946,0.583053415112469,0.4472250337711979
546,0.4830601385699823,0.6530616611916834,0.6789977379729093,0.5272721849417197,0.4555817294998675,0.38629347709859035
547,0.4205157499958839,0.6718441606746256,0.4759366718687019,0.4966378024112677,0.5780584731504154,0.46764345059918894
548,0.4958197423919458,0.6765277255464263,0.47545805214509956,0.5242125458401292,0.5596313377853794,0.3651876667248966
549,0.5031724507865442,0.5619155758994371,0.5336030854077628,0.5758699520959841,0.5279954737529234,0.34742900962239665
550,0.5347821714826637,0.5120294863708165,0.5456156764700276,0.5069668908051881,0.5942341877126098,0.32003275040551116
551,0.5111618994291418,0.6884909315319532,0.6049595790075186,0.514702919927458,0.5595848308544824,0.5305862888091518
552,0.7322545710067044,0.8011244815773614,0.4617028210812414,0.4328205035199012,0.3915745518766315,0.4180942224039992
553,0.5540523653150348,0.6759203142098907,0.444714568264978,0.5371964529351916,0.28718901083960346,0.293426415859181
554,0.4426046802592906,0.6335193610753691,0.6584593674808599,0.4344244538756755,0.2812587421664789,0.25398928478240435
555,0.47428671245027876,0.7474629401973095,0.5259928746532376,0.5153921635077123,0.39334045119993843,0.367139556138021
556,0.651658007110358,0.7768891978615659,0.4969015863446748,0.35788709825863513,0.3688550042603066,0.29730638013675853
557,0.66018529210702,0.6941091406809845,0.5844513984229678,0.5280586626597962,0.563745611671355,0.4714618094417042
558,0.679869986745303,0.630695450919234,0.708599141117289,0.5733637676199403,0.532869670627405,0.4066751752356091
559,0.6352090535899548,0.6589635502895038,0.5791808624096496,0.36634084716264637,0.4979715341444636,0.45430930895820626
560,0.5420275390143398,0.7199445012590514,0.5056467494992682,0.3597598605592147,0.3424423035418991,0.36366778929189014
561,0.572767951703081,0.7287273145984325,0.6473861946570081,0.5632953306940687,0.5745278425725389,0.39353497714813473
562,0.28777513658426046,0.6835095396150678,0.655286431698336,0.403684627398587,0.5326480963964808,0.35726871967069174
563,0.4894050232626949,0.729510450521811,0.5758959727278292,0.5010060002349594,0.4386314068336024,0.39513562931876184
564,0.36843021254528546,0.7003419960183422,0.5935031908904579,0.5053567549190714,0.4751171656315183,0.46587953418132283
565,0.41015533249210095,0.6518781115132131,0.49673705286761827,0.44806489083523554,0.5904618672894718,0.5065503451517739
566,0.5159018471348702,0.8476017562341327,0.3390505826525173,0.49143044937419905,0.5775658887980298,0.4870737937376164
567,0.6424127065225627,0.823443709548536,0.7755827085839712,0.47949103769535195,0.49132575198094286,0.5227361015327997
568,0.5172247425840597,0.6668628214418345,0.533171040120114,0.5350419745544954,0.5832494852658748,0.5468612888642213
569,0.6496227905005327,0.699412526257099,0.6623297274840745,0.5948560517677196,0.6288516830459238,0.6151073996717127
570,0.6471338778145443,0.5357783622549441,0.6912603809963938,0.3150060956484843,0.30436970077198616,0.2555719481955205
571,0.40082806638373136,0.7809904732258519,0.42940957196091795,0.37140615991008025,0.44444321023179556,0.3403177283037564
572,0.648426110007251,0.716553019641251,0.5798657328156307,0.5358488483989701,0.525424119618968,0.4882429887223444
573,0.6330517354216029,0.7697060916634428,0.6524357052740086,0.4224885240433119,0.4958940011782824,0.5112715918467408
574,0.5465459974188255,0.621017256752193,0.6269323221979922,0.5005741070804409,0.5106204230420309,0.6746525551018197
575,0.5470279574751926,0.6043807312474548,0.5876383324089395,0.4934482409121038,0.5949354803641118,0.40147947149664864
576,0.6079428549022728,0.6652187533756928,0.7567805420552258,0.4877919020170905,0.5735497609384036,0.5034899069582163
577,0.5418849945175918,0.6551081065798786,0.6487029550048699,0.4872368316213032,0.6230066309977991,0.6908267580410293
578,0.5520555015389285,0.7121310610592168,0.5577163824818596,0.26261648499819445,0.34762671665187994,0.39111826245401304
579,0.5143881094703711,0.7660827143416042,0.6055453633748089,0.48831083839579126,0.5665448805177528,0.3246082547392506
580,0.3754821344381973,0.7808473404344263,0.5809680841023045,0.44280093878289434,0.2708367972611755,0.16623930153371022
581,0.36257213911987807,0.6650174776583947,0.5152698587798537,0.6230759850594203,0.44758852371380353,0.5928774797948161
582,0.5793517208683137,0.7834807690131111,0.7306007600508101,0.5121644301610988,0.7026115665605449,0.47412782057927993
583,0.44738559929056615,0.649173276333967,0.5481100405111018,0.46286288485128174,0.48040659162849303,0.3794317747567587
584,0.5603368342205025,0.6790062094142723,0.5094142071922234,0.44777002372643077,0.5422698421546881,0.38334778383899326
585,0.4234519181006567,0.777252095782756,0.4383604445828757,0.4214526414193442,0.5172124607248316,0.24795609402899735
586,0.455636420356881,0.7898218444104268,0.45290303992903813,0.43897960209872877,0.34454629871122683,0.326192314986868
587,0.3796147051425466,0.7237785597057728,0.611011384624791,0.39219242249375635,0.48338721338007995,0.28026162940693494
588,0.3930091712960361,0.6743328913772312,0.5343209097917079,0.3583552670549554,0.6448367478496352,0.37698253050508346
589,0.5583372310522907,0.8062677441950337,0.533479429958422,0.3839739938849094,0.5098066180896987,0.42649025884694935
590,0.39823964146263596,0.6483705440663082,0.5065358635984083,0.4261718344453831,0.5799659142829734,0.3851965395262481
591,0.6126597360886578,0.6175297493491372,0.6706647960548433,0.41770685227597265,0.42749272233747165,0.48440335252173583
592,0.6597651624884951,0.5322314729177551,0.518452035522109,0.6750145213466336,0.4445709620041053,0.38147984812091557
593,0.6472798169484326,0.6963229941752705,0.6687744144964599,0.4665463122734213,0.4486303304441716,0.499806386982715
594,0.5780291421874878,0.5427922276929943,0.4500779360162082,0.48777719566946587,0.621659599454598,0.2956055980334709
595,0.5086472062625884,0.7823816677659514,0.5784855691270123,0.4865663589658744,0.567881962538039,0.41917744164197507
596,0.466155363557863,0.6748817727936188,0.40905986183018744,0.2781290279398969,0.4790798008200562,0.4351040568254727
597,0.41290939348894584,0.6924823439216254,0.47214693711748634,0.503881982131046,0.647074522107646,0.46647542258166796
598,0.6434399900903596,0.6205163684850161,0.6535610082713931,0.6163565345307449,0.4283268287614631,0.37728839139546666
599,0.5101187320252307,0.648775952266758,0.5505662995962572,0.5391328954666392,0.46562494713900027,0.29571063087985655
600,0.4806238568124222,0.5598839120976034,0.5503461566250969,0.45853292558302416,0.6143747074849697,0.3446498849896635
601,0.618470504656998,0.6612548778639367,0.6309824810766227,0.5261063776604931,0.5657388587874197,0.5384102919567675
602,0.5839101055249241,0.8861976032032278,0.6173188297065101,0.5070064864623788,0.5101954617124748,0.7305840132279279
603,0.6235928555393514,0.8409937224608234,0.7541748715518064,0.6061397409238279,0.521523157730468,0.5913052758447149
604,0.4515250311167318,0.7566881691192356,0.5740480529854969,0.22335659458606077,0.44986581441979756,0.3587394974610235
605,0.6287739954666457,0.7501274360244099,0.39330493891073975,0.46717422542407144,0.49143376378755926,0.24239035261614894
606,0.36223908765598695,0.7417060310246423,0.49278121736860037,0.4497539563451775,0.3972403402868692,0.41399360262965973
607,0.34919563777052026,0.7767305131470134,0.7014631380351115,0.37277392099187406,0.4587888784919388,0.3194898841287036
608,0.29232138952355446,0.5177795723997265,0.36806218960076026,0.3381367615249166,0.3948956353509814,0.3212142016000482
609,0.49539328239846786,0.7171783621428759,0.5703111149415049,0.4397913999789588,0.45803544787472256,0.42420377005353627
610,0.6944008355469797,0.6683587191136963,0.5473018488564104,0.4718312671441195,0.4588989040509911,0.26425884695840446
611,0.5372604955473224,0.4307943957130218,0.4822545200154887,0.4977374943106456,0.42660194908695853,0.47371926037677037
612,0.3401635807080834,0.5846504790620151,0.5252551767085603,0.49908262229135003,0.5729150535338999,0.37954099628307514
613,0.7422517726427071,0.4978022876610263,0.6218472223296581,0.4973765745800235,0.5906547500719159,0.44565858738675385
614,0.6865968763888003,0.7507958465804041,0.5717048904512724,0.5383015899229917,0.5400401196871603,0.6413651261516775
615,0.5025721652112713,0.8787012737507411,0.4103906828288647,0.46704947073522624,0.2904504355363905,0.2586266862791541
616,0.3518615557064047,0.7513243201274641,0.5287104694248427,0.3523752208296029,0.3980663100374481,0.43752937385834395
617,0.26513848251924027,0.6448791997981631,0.452972232515078,0.521674553848739,0.34179439922085403,0.3966118123433448
618,0.5669026379307858,0.7687162309010015,0.5310019303469794,0.4276063050182169,0.3500925823534421,0.43262108539183886
619,0.3987550061009806,0.5925949284531863,0.5913153654648711,0.45623626537688006,0.5604812836063571,0.4228878586425798
620,0.5470637990644617,0.7400335694178761,0.5735440465769018,0.45357742408741947,0.34150613033032773,0.3621238582935817
621,0.6963967823631383,0.7464863238511028,0.7030273387188748,0.4409386508502133,0.2684503356487377,0.36751639729079844
622,0.5611780204509627,0.6632647058823529,0.6421087171901105,0.4868521278849448,0.5414491869659523,0.3802613364118432
623,0.43378032664833954,0.5225020444337727,0.6615294643325188,0.4929832739522746,0.32648999887938024,0.23803755692347647
624,0.6401134963118716,0.7724831195634381,0.4651233404874037,0.45609561030208984,0.5503853236677115,0.2752461812902543
625,0.42463889275597005,0.7010384618768722,0.6335157284875549,0.20700386228778425,0.4514417908858551,0.4073277631523457
626,0.5109116970715695,0.8069918661004786,0.549141475009192,0.48717768129464184,0.4066333677211239,0.28948535363058225
627,0.5628269923047853,0.8590263918583436,0.6071634880576398,0.6531933107270231,0.5360966209204828,0.4024945484843109
628,0.5303996899882903,0.7544735928215167,0.5903891870789663,0.32745601198278673,0.4908736348780671,0.4623634694744342
629,0.4316933249748447,0.6250547901119577,0.42185135525794787,0.25159104741999166,0.24348994397993184,0.2936010700157072
630,0.3150478155031112,0.7320247875343037,0.5200012185276134,0.4519980690163047,0.6293825516703321,0.5236667563025208
631,0.6380207334774438,0.6874324260982884,0.6414999885367112,0.5762993077370728,0.47434344317358473,0.5323180869246797
632,0.6695283453843329,0.8576411772666689,0.562167896033765,0.5029793972076831,0.44942915128516037,0.46710345616397003
633,0.46295261785743735,0.7129490283303174,0.5202625064201053,0.4827252167511418,0.24241886020554798,0.2462523956676772
634,0.4819310462323488,0.5177044164724113,0.526281416583355,0.5469805868641044,0.5046808488255048,0.5426862145476932
635,0.6600816858111712,0.7397441791092164,0.7088622446278239,0.24435220531083685,0.4055466986627832,0.30569138366560733
636,0.4622061988265749,0.6542022127535371,0.5103435213952235,0.4313403842732052,0.45284398091851064,0.4593225169004779
637,0.5442363460795708,0.7695187150955938,0.6544455867273842,0.3149767420400206,0.6066466297826922,0.47994201035314976
638,0.46818510597320745,0.7494919970658275,0.5319453792503459,0.5087337905478687,0.5117227156579689,0.4797154132546271
639,0.3805218400782656,0.619409316348164,0.5605884654602806,0.6452728034952098,0.4411949223792918,0.4102377470320666
640,0.6297576221820703,0.676401025218326,0.6367253023394047,0.6366154008738925,0.48069008500361626,0.32904884521470507
641,0.4654761129823543,0.34940831087906976,0.5098309281969687,0.506444019611026,0.39599510622118184,0.36081589323807894
642,0.3728121794371919,0.7919641516906335,0.6377644372868925,0.5254031467958946,0.4414608956766806,0.34202238242669564
643,0.34653499309830293,0.6390106894014076,0.6897046312652166,0.3560060745722761,0.43644565175452404,0.5068506114607976
644,0.3171361555533181,0.5485744890690107,0.5042708426054778,0.22805397039207095,0.36991390179337874,0.23876183302791934
645,0.4269574287161755,0.3559626470061938,0.4487919674337741,0.5069686145366826,0.43506223013021467,0.339357741865706
646,0.4203663173741204,0.6305626698589603,0.6193370287475003,0.5166364384799664,0.4797439411186485,0.3784240121583424
647,0.5666392111214332,0.6247520093900087,0.6082602239847149,0.5424230282131531,0.5172963542209638,0.6465737489387774
648,0.6781147567324457,0.7272322744266583,0.4589949014359219,0.4856191654019429,0.44899851064192353,0.33905603155831865
649,0.4552851603024513,0.7308138724779774,0.6187389766529604,0.2411831933640416,0.3637405282524184,0.3668650858164562
650,0.449566967480149,0.7206679203113696,0.4870441058347129,0.5580700832150142,0.4958104003944941,0.41550473614446365
651,0.6418276490719242,0.7820948349695992,0.5598034464867309,0.6427617567786922,0.4678431933741155,0.47500582666708563
652,0.45826948165761355,0.619317154712763,0.5140589477699884,0.4059235337278942,0.6477559297166668,0.46358571843342866
653,0.5733634397539105,0.6218364915283511,0.5537522307257059,0.4422546482435097,0.4163265655844788,0.5195427533751308
654,0.4673353539190434,0.712621844167749,0.5971288844025578,0.4167643705726679,0.39054594366767614,0.23551982194332044
655,0.49043022263534664,0.679063371798455,0.5738714609716846,0.24766803228422968,0.49431786628782964,0.4153606696334812
656,0.5745316421805008,0.46595480096875364,0.4696213258111581,0.4086171819614127,0.271757466738511,0.3886468546931964
657,0.5262754226413163,0.7289048445216667,0.573059487433752,0.4284746128448004,0.5601533928515068,0.3667267935357224
658,0.37641005436908526,0.47407716877206385,0.3065207011670138,0.46449152303473185,0.48951423648897374,0.29951074955714707
659,0.6746611462182339,0.8203817941863224,0.43486450070108496,0.3661052674571883,0.5258279641043508,0.33998009324318246
660,0.36465860509577014,0.7177114910852674,0.6514690566292485,0.19222266826891302,0.3688915320168854,0.37441238533992194
661,0.6438622073846952,0.6073834763118935,0.6723185493012357,0.5921634208613256,0.6121791747497441,0.5610895525873137
662,0.616536317023568,0.6546253978899136,0.7679595975306492,0.632687078807715,0.5568902256253397,0.569421770780293
663,0.6046419052875701,0.6762614210194858,0.6208410994690493,0.4076043164137629,0.5046638413719331,0.42525920287919244
664,0.34236338805850697,0.8201840704904333,0.661727468283548,0.17260046710752663,0.5151558716371387,0.22872216038111853
665,0.5296034228139755,0.8452980479730968,0.49542698324063283,0.44809289759773213,0.6328974626706393,0.28286669331732506
666,0.39511388948143966,0.6476384933078051,0.6181691397343327,0.3941599756343809,0.40913630139632207,0.23179230287449326
667,0.6216243812236398,0.6939469574019318,0.5818305063439577,0.6955495911789199,0.45537501205098296,0.4299971772597924
668,0.508815699628358,0.809260079323949,0.7414385869384593,0.4526093501246632,0.4813760226786184,0.4741642081818464
669,0.45015349247411346,0.812507467715198,0.7229712003175901,0.5711317869330031,0.5105768158388438,0.5208400522499836
670,0.6635477057944051,0.6902997235244402,0.5853155294030653,0.6013960334030019,0.5512451223198738,0.6452553983994677
671,0.46437016330155106,0.7688573002997182,0.5323106529103548,0.33260778681279257,0.2948078977938924,0.335501696379626
672,0.43888561688249533,0.5649957902269525,0.3906859855936245,0.42252854342492835,0.4786675097292173,0.2544792337492541
673,0.5830959187009864,0.7434615149326712,0.43262272845906247,0.5200330218713287,0.4100526182972815,0.32647554498043285
674,0.5015200655250998,0.5195275412078819,0.5318406409639013,0.4088909854772897,0.42038183950373087,0.4528159734617931
675,0.5816650676936476,0.7635795230298377,0.6243012444331131,0.5317127375196533,0.5235606314858605,0.543142619608961
676,0.44626858150549803,0.6633154923011907,0.6043791363961504,0.47654183399878197,0.4694775636080612,0.5812832111581958
677,0.43706192607780003,0.5340143476370018,0.39939777161451634,0.577041908627081,0.591644557497033,0.4164542988106901
678,0.32170239996811795,0.7553746258929109,0.5706192727704088,0.31453576691046425,0.4891898432101218,0.3729069287527155
679,0.6012445314911476,0.7111183060603811,0.5350533062644465,0.49351391934957706,0.46465078928157877,0.4457461235782402
680,0.5165732633175402,0.5648394547744517,0.47443644229203974,0.3895402047382186,0.4812552756646483,0.41551042624201345
681,0.6248963541061437,0.8167733284845089,0.5132327381491522,0.3143812376039894,0.4731524568085196,0.3316201572535533
682,0.49082006814904183,0.8388167647888789,0.7479339851677977,0.4194382403218789,0.20988050129622043,0.4181247626390603
683,0.5362932597510833,0.8355022702823852,0.42919046011934464,0.38102699088993824,0.34138680057744347,0.3899095868249395
684,0.3942903839132376,0.5911880205661174,0.5856584387214631,0.49249757722901266,0.4983966900231121,0.24331100522666366
685,0.5846421770385634,0.5253176874868059,0.5836996432831638,0.45419133503406367,0.4386810427829654,0.39705416712666447
686,0.5182730501219347,0.6994704987281998,0.6340730741189549,0.4054851772830812,0.310406755132001,0.2636100048387992
687,0.5153903774501917,0.647975285771586,0.7946607699478039,0.5653783329067807,0.4792996257547109,0.488574454074303
688,0.472953377487679,0.6092610914422217,0.5339392319776723,0.6003699144605514,0.4607054542343185,0.45776162789273805
689,0.5142268384114118,0.669770410513041,0.6280710470388424,0.49155675899375484,0.39509128047958486,0.4401471925129304
690,0.5230989078065179,0.5788291095309972,0.5444836702993467,0.5380878842035955,0.6067330208766447,0.4208424018150714
691,0.4231841985720968,0.7004134886305873,0.5677593336347067,0.3708353404929623,0.4334988386322632,0.26210962586469233
692,0.5265239858470412,0.6355879321232077,0.44186265022426174,0.4500088038529573,0.5514519073190045,0.5052786705382657
693,0.37713941878015683,0.7144088417778993,0.6605890791626369,0.3761208219640591,0.34683859252182797,0.1933013399625479
694,0.47878921345788217,0.8143464056002134,0.5005969920825817,0.3322736850568977,0.45632953593618875,0.33696302626198915
695,0.6592721878626296,0.7548058423515283,0.5330268621899189,0.5773256170163888,0.5623073308737178,0.65873255616058
696,0.5432406221114887,0.7546097846841537,0.7395967610063229,0.5100591471917875,0.46571704267863484,0.5362578397328653
697,0.49490554510378354,0.645670945267827,0.5764612396724086,0.3341705179749991,0.5277914099069467,0.5202122788145558
698,0.6241208170095116,0.644379763481551,0.4638613294579871,0.4802829633750223,0.4345865453519366,0.3765804436529698
699,0.5265161111323914,0.708229380481834,0.5578861850346416,0.3854456410958505,0.4223222254643261,0.4819584072763422
700,0.42583997371010746,0.7043233172481651,0.710558064993204,0.2888523017485629,0.5486548893475783,0.5598571579333241
701,0.5315975315018315,0.7202328808207478,0.6293273781664201,0.6117841921372457,0.438187933154093,0.42455301850121596
702,0.6034738504408702,0.6518990045079555,0.6089183233645038,0.46739215777337334,0.4237790661475038,0.29851053079915923
703,0.4830296542145996,0.7109165801673935,0.5207811550665696,0.5942509675894015,0.36970973513165456,0.3547036659564462
704,0.5255993178740265,0.7340333885716579,0.4564395591629032,0.6491281392372914,0.48290085699589885,0.40109658990810376
705,0.6940160423141941,0.6768046869707667,0.4551339836378613,0.41612106601969545,0.5457774155971779,0.47599263988898777
706,0.6432431745757994,0.689525354770042,0.48591506897490655,0.46833216754426443,0.5653395252059722,0.3525677218530535
707,0.5863074517777391,0.592271769389104,0.5074042272997009,0.40841047443639134,0.4633036813839985,0.35165463044168743
708,0.5520804232921261,0.7572647214250321,0.43564287148598124,0.4405945898830079,0.4840837241375623,0.3636140221453725
709,0.6930936974634146,0.7213465852045533,0.6327304135131752,0.3710789797990769,0.40287735745306313,0.5060541376322732
710,0.5698959229215921,0.6625968698943345,0.6296798421382231,0.3717938915293648,0.32905246651356274,0.33266263035501936
711,0.49477246548132436,0.7516146864669515,0.590273224682872,0.41437850424271266,0.47444459846083986,0.38039205589053293
712,0.5151577716306255,0.6068539973300281,0.6592145933301862,0.4279821572158994,0.6165437302129487,0.37780817890279905
713,0.6523400580869794,0.6510518199200237,0.6459625235561153,0.48252193031420815,0.4471368445067273,0.45993853346077945
714,0.7036963746892853,0.769386199435583,0.5317767544179156,0.4573551587077874,0.4830898888032019,0.5274921202057159
715,0.5938944508453464,0.6630424179053004,0.703092851335043,0.4479325325351919,0.37660723893274906,0.4677819912352337
716,0.5563843035049616,0.8368991970844457,0.7943527569339593,0.30796952812002854,0.47697870217387545,0.37974605444612325
717,0.5913146464651188,0.7950524366085666,0.571716284656342,0.4838379940035685,0.5492357062171925,0.6028056156416401
718,0.5324521636208874,0.6788010774016213,0.5241162128015525,0.5152337218875827,0.5429000035184663,0.398052791235059
719,0.5368484625187249,0.6702711816992325,0.4673142766274818,0.324549947360225,0.2762553572558074,0.2944723667635589
720,0.5551385864834132,0.5969502064457257,0.5031002931924833,0.6382204424144393,0.48359310406445016,0.41634174545673724
721,0.5329589865745784,0.8093794812374564,0.6026080265518243,0.4078542892335432,0.4886960307503454,0.5877168859783912
722,0.5029971033132619,0.7879832837783122,0.6512269984696667,0.3927475601898548,0.30246773745324995,0.3693763787130781
723,0.44782287831538337,0.8382087061931225,0.46575331429332734,0.37860735325007416,0.4051403128386788,0.4510016827755944
724,0.4001840578371151,0.5581911267932835,0.5598719217304949,0.5106839289567082,0.5303941282232695,0.4882445325159561
725,0.5258539314851811,0.7711047760218881,0.5193651819139908,0.35332514055957687,0.33879324587911175,0.2860034154428115
726,0.5569608184413504,0.8553096845577338,0.4590561442045182,0.31733984264915505,0.4930264354308889,0.3953755998279273
727,0.5577673793273261,0.792038640292025,0.6935625480953833,0.3873131246960061,0.4004013163705282,0.4280195205857938
728,0.45387699553025224,0.7179209483290108,0.5261822596041584,0.567582483162535,0.47809004771003666,0.40509999267618313
729,0.5585320199134538,0.7784021832593618,0.6789097809537896,0.3828253063012719,0.4879741774344966,0.1844152438298498
730,0.43477796728177037,0.7096942026845527,0.4025381207295032,0.43374711395008336,0.26761267177358694,0.4152324502376838
731,0.6442129700125104,0.7593778530611197,0.5900426162456939,0.5688584351794217,0.5813902565597288,0.5459230092739594
732,0.5861046006521684,0.7307866901184278,0.6841670465917206,0.2825792878446962,0.34399254925983014,0.4341350436151459
733,0.5725683942371689,0.6374656488253884,0.5535802617731034,0.5176871464224075,0.4561274764373369,0.5979042446084272
734,0.49929931766893104,0.645845441439845,0.5420970716923499,0.46769173726028784,0.43952534137693233,0.45088518865694477
735,0.649059183648499,0.7375673578251392,0.6198058956360167,0.40278168563282246,0.35491998507604294,0.3632845670869793
736,0.40249982202184925,0.5715113519864109,0.5854610631708925,0.375896770813862,0.4429903410888274,0.3248882130548651
737,0.6039396288362545,0.5483243795671646,0.4982963139193368,0.5182238451264098,0.49440433109630844,0.39550495578407935
738,0.6361055801159843,0.6987294141629596,0.502139753500935,0.4021810118056254,0.4448807050622216,0.6239743366628814
739,0.5018146796738057,0.6374392525887819,0.6917672289311589,0.5781603083539173,0.5856060190522335,0.5558377221569339
740,0.4816464858416182,0.7082577923286956,0.46380427492684273,0.5115368127830342,0.39960613212981944,0.5133018275521583
741,0.5787659245225207,0.6459696102977602,0.5611561367139923,0.27231128471691796,0.5098232377995857,0.42054563911728315
742,0.34963789755163577,0.6805580877216906,0.440134270889303,0.2447782294285142,0.34510688579671484,0.3272239872493689
743,0.6295069874972559,0.6872741046819637,0.7479863463262156,0.5873187479052963,0.5288820876249783,0.639158300394965
744,0.4753753383219213,0.7781349079802682,0.5065966865864397,0.20975760484757283,0.4696931246278567,0.36133962719064916
745,0.20077938248831312,0.8029754657381866,0.6352625732831322,0.3393420593949584,0.4042300926435351,0.3291454516518495
746,0.5944735300045668,0.7143454430345643,0.5670878644366977,0.43916125914773196,0.5374144680222358,0.6214233966172863
747,0.5388235766958872,0.679676598828387,0.6372781421222858,0.6576074099618054,0.5915500282877102,0.6157915643273119
748,0.5484867265704069,0.8188572360954116,0.47694583059081486,0.38016189476274687,0.389486830146122,0.2678230545677044
749,0.466433931237364,0.746820214964076,0.5761561805384052,0.4119421733675874,0.37162725315094064,0.2980096026417372
750,0.706909526144863,0.6550181611383681,0.5511594178162184,0.4936743245875088,0.48077364253590005,0.5682764697920776
751,0.4414083604333559,0.6992491337340981,0.5769100767540072,0.4827126081466904,0.4485309602491381,0.29749792820987797
752,0.5836492098154206,0.6166521031841596,0.5843296994339227,0.5687502249045278,0.6002641798280588,0.4757065855366559
753,0.39475411623768786,0.730823491634517,0.46499785941630073,0.4461666612290823,0.48744220734809524,0.39556933981118697
754,0.45364268187285445,0.5841821326920242,0.4981794159401969,0.5086116734956723,0.5717023658239172,0.396713893861969
755,0.3410585129697936,0.745797900826413,0.6237961995198822,0.4960958239495863,0.45988531566439517,0.4688300656476167
756,0.6425617390935286,0.8088078336506027,0.6919209058100698,0.33558851022727765,0.3895345771512791,0.38166161923395864
757,0.6290263313396723,0.6825006910181846,0.6848235968160427,0.540438465297034,0.581268987186538,0.434157284601383
758,0.33655812119515693,0.5803058299104401,0.5325320410967427,0.4082318055497563,0.3887256128073393,0.36122977586692767
759,0.5586159543993201,0.7218989801460345,0.6855121605037134,0.3212657184198315,0.39256960766666044,0.3145956348054434
760,0.504528145731455,0.629519300308409,0.5806801979405304,0.6507509646216356,0.4178123274435937,0.230334993803018
761,0.5240348303942256,0.8295406229964777,0.5799670788737131,0.3791960098912408,0.5007841706068347,0.536562875428632
762,0.6276396146943897,0.6617192890723298,0.6188624052435003,0.6073815164361498,0.4450095091323122,0.5117055625617565
763,0.5331677494822714,0.6907589385587442,0.4758640207844636,0.48414370123457934,0.45054281312953026,0.6216440112661532
764,0.5379319306070576,0.7877613269083859,0.5421508566112374,0.3979999844300694,0.36850659579513473,0.3075393705890924
765,0.6044728207737411,0.5577003157002322,0.5845872838570825,0.4362240648154749,0.3313731151226432,0.4670965281922622
766,0.49577864665111054,0.7847193791008649,0.5990618475087052,0.4076220257871694,0.5007084465901301,0.31816058700646327
767,0.5263985265394009,0.5963881727305871,0.5726872205217145,0.508789318537176,0.4929042500444303,0.42081118744381596
768,0.32292127993887715,0.5349248961226761,0.588318517929019,0.49660354873085377,0.4654910394521932,0.5199054384295625
769,0.4803487500216588,0.6788297706323803,0.5294385298144408,0.4100186475905301,0.4631867550304086,0.36307209080408226
770,0.6227653100400325,0.7654011880000009,0.6318784189710422,0.4773646113179766,0.5870103067606034,0.43183249953041214
771,0.4762533772621763,0.6775492053634533,0.5949865162698006,0.45376333696214943,0.49076722565576575,0.3051023854307562
772,0.5520843176619119,0.6015678991651332,0.5376971879123589,0.43592856681698333,0.6808287962393872,0.4091615313902741
773,0.5851270938768619,0.7689607098776337,0.5200270097071458,0.6511044022920647,0.5954298809370212,0.6078073359796006
774,0.45923477707037175,0.6794011091334405,0.5289919249800347,0.47950292906522574,0.44769819180318904,0.48230133655837826
775,0.46512286651149415,0.751702076893359,0.6783446233435593,0.3468067807702564,0.4684029952115297,0.33716450450363955
776,0.6941569576308468,0.6804680701055171,0.5416812864739015,0.66794983065481,0.41819326405204704,0.3351800256950172
777,0.5217811112601248,0.565844020992211,0.5704088805077087,0.5658513048444342,0.42434102251536515,0.47513247342912796
778,0.2502875945608137,0.5990544998246492,0.48252797283812127,0.35402393187174913,0.3548073509619412,0.45702570992043506
779,0.45540295682876636,0.7061255574361054,0.48177831578860075,0.5904794836861295,0.41225932534493936,0.6541898690079987
780,0.493622239662172,0.8009338017265417,0.7621313053710942,0.41307098425146066,0.542904925954252,0.5070731177973028
781,0.4538520120308571,0.670833166198695,0.5509380308833502,0.46688249154131917,0.45560313398901847,0.38279351068416656
782,0.48262985930234226,0.696649399145679,0.5323515910699665,0.4560184001972656,0.4165867848974377,0.29737700771394293
783,0.565598937141684,0.7462223099297153,0.5205206970077882,0.5797882908106002,0.45597933910387245,0.4660277745901521
784,0.31488232985722114,0.44737655685743927,0.5109287587072313,0.31030437035542,0.5377785209617115,0.30813673207218956
785,0.5248956355363276,0.7263651989094021,0.6140531125060865,0.43199872791797683,0.45668606458562705,0.4944640872789795
786,0.42831221758064597,0.6518229511236524,0.6356811646600965,0.5109274401840064,0.5058668059149145,0.47940688690471234
787,0.5886506563568544,0.6840086567932465,0.44939887770636916,0.601027444809893,0.3451618288718376,0.46454433282464963
788,0.4151795801646332,0.6513993431618335,0.6722423088930446,0.48846520211679123,0.4869496828412948,0.3513144605854966
789,0.47193103802472136,0.5952164868198133,0.4659877210878759,0.5180334706956684,0.590030739260132,0.39649463135751467
790,0.5086547556301851,0.5887521865942607,0.5015127824458603,0.5094280738252518,0.6169922307401065,0.28067216616739166
791,0.6832755728993967,0.5861383110162911,0.6031549440252434,0.34966563698243514,0.4330969556783684,0.4572737863660605
792,0.622141352296257,0.8178240711613822,0.5708351813054926,0.566994456972002,0.4189537464989413,0.45911467269648315
793,0.4707815704537519,0.7556965771405795,0.6338753695263665,0.2815445254079257,0.3701853105133781,0.2243945217077866
794,0.4062923447120746,0.5441705393461664,0.5656312536115667,0.47333014434756693,0.5875677342543485,0.4425775656420908
795,0.37881460148169577,0.7681117792558327,0.6255458080541653,0.3613111116011664,0.42546247198189746,0.563511843537861
796,0.6463877087694707,0.7017508600761154,0.6995727045350016,0.4123062473821959,0.3519056274354589,0.43750713994728146
797,0.45230641393167964,0.6021593547003161,0.5334321627615253,0.40666155195928494,0.5938119270107393,0.3247116858720166
798,0.6474450656899589,0.7852554210227157,0.6557154145293543,0.4251501827750268,0.46439086925307543,0.5899678310896351
799,0.5735076824070733,0.6264156393470444,0.6781583878427673,0.35322214726444734,0.5742290461207277,0.404493536987145
800,0.6023868530014053,0.8457381749204782,0.39569784060344937,0.4246520960567721,0.332628830020959,0.18918921608033898
801,0.4867463193593023,0.7639235748829628,0.5329938996672275,0.3752456172802884,0.43172461605420837,0.3059227603182323
802,0.5954155812215256,0.6967758995709336,0.5035280963137181,0.5102200667393955,0.44077613537481536,0.3059492531708984
803,0.35748051376142137,0.7688564944308357,0.5173212985363,0.4901968574855858,0.45779124736831206,0.3821735196548102
804,0.45995008581348423,0.6559465873752997,0.6227093611309785,0.4347407248681041,0.29761130151386217,0.3327091530091855
805,0.6145619928166518,0.5066618743340593,0.43389207543707975,0.46875980871286316,0.43413461576193346,0.28063823544524125
806,0.48530616261175935,0.5868685473385228,0.5755281031269848,0.6393639779736119,0.5932100208938044,0.2804945200394111
807,0.378384374471091,0.5934293571886096,0.5182242730973217,0.45284976640435426,0.39014773808385217,0.3435999651336261
808,0.5229688367182367,0.6731460487695877,0.4828603539164605,0.3729978433205105,0.5320376768884666,0.2685102750035517
809,0.541821024736463,0.742647615487697,0.47535254551874895,0.43074557452344103,0.42802758739470304,0.5555736493066521
810,0.6491024281437826,0.7489572537134715,0.6228766884980526,0.43194454574571606,0.5769738748705406,0.41401238321364825
811,0.4235044505064473,0.8044586028751526,0.4130116873059472,0.37421795813676395,0.4779884905989668,0.3594525411422852
812,0.5418122132896028,0.5487031188289344,0.5710916218966049,0.5423900995105326,0.46304483330429486,0.608390586208003
813,0.5581211228775743,0.6890578735051097,0.5800960431992301,0.5519096146840339,0.518828465923884,0.44004486216860983
814,0.6285177797399782,0.6704660892451372,0.5163343029340889,0.4927566428530384,0.5221574686069745,0.47048663010461816
815,0.5534903107669582,0.7105088505124025,0.5316544727848899,0.6530762569870878,0.4403535096123745,0.516700724511459
816,0.6186259365969814,0.6738995920826525,0.6657756391729375,0.5309277978480971,0.568380350086442,0.48731074528711416
817,0.44608170199444264,0.7243209921448196,0.46492797205920655,0.3416979327955497,0.3934352834888085,0.38611762232600827
818,0.6167227217578855,0.7237322642330886,0.7107994496946215,0.4015155740303899,0.37686730774308524,0.5470315715737003
819,0.6835357249490426,0.7610293275538441,0.6004126322669397,0.4687798757367054,0.380733655011487,0.3772655636608375
820,0.46754052783883226,0.7303199330519059,0.6302072954016075,0.5151529248890931,0.29301346119739125,0.5056589274930606
821,0.4788933536248555,0.601857423966415,0.646497214352909,0.5771643106088599,0.6152745023275226,0.46272209958723237
822,0.5391072064575185,0.756717478151692,0.5019656473499648,0.515937825336356,0.5981213653060771,0.337139861393733
823,0.4951535161550098,0.7174308926292229,0.6491151431007237,0.45256457893541924,0.26437045093411277,0.28327003660435296
824,0.3980647255937512,0.8188107356124656,0.7069604352347364,0.2053344413333257,0.47769093007862046,0.3698330260927479
825,0.5725252883255039,0.7085497228036867,0.5853362289248156,0.42322456364446787,0.3876656170969815,0.5135318766125478
826,0.5188093814526948,0.6581043027116986,0.6177678632667998,0.545412083817797,0.40750767323235515,0.2603317613530604
827,0.3695302232587456,0.6457768661553084,0.6536477128892804,0.2726033351515642,0.30001590694593266,0.4230901228262812
828,0.37236770703370947,0.7358765889625415,0.623302187645941,0.4567852405589639,0.3689325336653931,0.2701790696910149
829,0.5106529972874451,0.5165011456408959,0.4327125079390438,0.393242028387476,0.4940860569265688,0.3635639503541326
830,0.4073390634976416,0.701006361840649,0.4398449994229531,0.34038416328548415,0.513668806070189,0.3326644370768983
831,0.5822246006533743,0.764910004495206,0.7460993957137338,0.39002148393373437,0.4830162658847876,0.32399552915602864
832,0.38705373545935273,0.5782402495509755,0.7844181251871829,0.5257676067838014,0.5441822926439442,0.5089110948839551
833,0.5103554554142766,0.7172166267834814,0.3589731272087315,0.47200887384412465,0.44798251081693846,0.4034795093893677
834,0.5174803972191818,0.7022715443020016,0.5872270422045763,0.4691762611899561,0.5697281700507605,0.35554260990636677
835,0.587524679369346,0.6568986385611242,0.5926288225455187,0.46467563434716286,0.4495607382997308,0.49573140685289374
836,0.6112468136050915,0.7018463715396113,0.5062395844072743,0.4867488951686764,0.4746535737158673,0.4492692157811179
837,0.569566835119328,0.6942969405030311,0.699501099159262,0.5719985272256392,0.5526657868225056,0.5621121720471147
838,0.6883515154269008,0.7798158678182073,0.7298776286808549,0.5764275971695603,0.6296755560769597,0.4718593191300683
839,0.47032224695985575,0.7582035800769872,0.5852973533721234,0.6344618839116665,0.41255225678607305,0.5064352367848397
840,0.5581937779603657,0.716601148964099,0.5653181991027793,0.38915950198434146,0.5883523753607757,0.4333279427593883
841,0.5170986010421617,0.730776902112191,0.5252961780081852,0.43776999908753117,0.6227259571330575,0.45390467345166535
842,0.4808722011361729,0.7181959328531052,0.4187083804077434,0.472080722947783,0.43279287633088587,0.4847980422371429
843,0.46244824637090814,0.7016954049920341,0.5457518668706023,0.5449286129576353,0.45764524949883617,0.3519553593841742
844,0.5167987331806316,0.5815834122377858,0.5835951985336562,0.40683118659883544,0.32523072735849623,0.35221746509043184
845,0.6159191629085681,0.6733550215346599,0.6779547833525099,0.44293208261108763,0.6533391811604128,0.3908322421590486
846,0.5881174804920138,0.777548301155343,0.7088460003515237,0.5931600588937184,0.5776410234224008,0.6049337613570291
847,0.48003224383351517,0.7580502069568323,0.5819009051984045,0.5255383882414498,0.38568354024937657,0.38507413783978794
848,0.45579650389014775,0.614897439713393,0.6010661209557819,0.58278487030749,0.541987887466238,0.40148331821628885
849,0.546926912985384,0.7916688344974807,0.5251531933285654,0.3349152002733154,0.5405206835429909,0.3327497724360564
850,0.45656586908868746,0.6544820655595179,0.6499235864621625,0.23174119740756163,0.3632950582993091,0.28507001734066384
851,0.535374219158185,0.768698177039341,0.706034610310376,0.19669740492524895,0.3663454024276677,0.4854627310197582
852,0.4028461042314176,0.7689653123186851,0.4443197764803481,0.2993618775528427,0.4478449607060388,0.22523555101691634
853,0.5840564628629706,0.6941714438909198,0.48222488899019994,0.6476226840544494,0.5766530554108578,0.5230986378272611
854,0.36344138343524335,0.571538346020668,0.5662695682819888,0.3491119013124097,0.4790522903313445,0.44543964532938646
855,0.4321137119725176,0.697410221783734,0.643847830595115,0.4659397383894699,0.3247454953302458,0.36572859882101244
856,0.3655595649624178,0.6950471406345033,0.6125356271948941,0.34206800609525473,0.3255375121868358,0.30840214400590615
857,0.4318163382975404,0.6351938219655257,0.6059304420478856,0.4980447761636558,0.40710374251756964,0.3186500052060351
858,0.3896664303691151,0.8245730411556496,0.73072336114405,0.4963931657502661,0.5266811592146228,0.5700862325946318
859,0.4741849786582564,0.7144732307994033,0.5266162787497026,0.3657734076554729,0.48413380048152344,0.44432220192956046
860,0.355906400164231,0.4638126931226386,0.8179160574470314,0.47699998503818625,0.4167680500340821,0.6080818922641653
861,0.5812910786162648,0.8784274600920973,0.5858507058886386,0.432063992304988,0.44486705840847574,0.4520543182262138
862,0.36926658347155,0.7771491998278659,0.6614181619770393,0.3693465101636243,0.5336773055950244,0.3876988423808132
863,0.5812417655853652,0.7474968243620735,0.5279776104299037,0.3234391363477524,0.4948830261543768,0.3140144678612023
864,0.4718261970671684,0.8164257234879445,0.6660071039866903,0.4516384467515422,0.6207375463329136,0.39459699560162426
865,0.453343225385627,0.7508639891219004,0.5810247587289832,0.5764769049062815,0.4264594934448473,0.29998216493130625
866,0.3986504323200035,0.6286511496750178,0.5484439112911891,0.46653754429310307,0.4396265471968594,0.3818128500423792
867,0.6071285228838387,0.7097432235870995,0.7966193295377373,0.5463807733450141,0.5861903348267854,0.38766253199455736
868,0.389133111847689,0.8377871520246039,0.5494825680628405,0.4427378093053038,0.3782107906381312,0.3128774254730264
869,0.6551476638094099,0.756087358877858,0.358492660698361,0.43692506716155183,0.3234868186838257,0.464923208367647
870,0.5066085277748401,0.7084794649292132,0.7448651113448295,0.3626588167223671,0.22601896806577362,0.32154108584004165
871,0.3175871630929008,0.6186728633053716,0.4879655932771556,0.42153824779000837,0.4458130118774887,0.6096408696439773
872,0.3880030986186273,0.5828496256760376,0.4771447847519184,0.5185353948325158,0.5721981322619656,0.2600163352557352
873,0.42819396085337125,0.6874934260729033,0.5809398912407379,0.3783926228822121,0.5167694387507691,0.20925120953495793
874,0.46290103871311616,0.5770356275212957,0.5805299610988974,0.4325937583610139,0.5371090936541941,0.33763091716629823
875,0.4575880471166432,0.8062414717141836,0.5826898649381177,0.5823970887562573,0.479019224713062,0.551440054648029
876,0.4850595697763587,0.7204842899171576,0.5378339081075123,0.3820015037449145,0.3763244208464285,0.40440261243541137
877,0.5796989085567777,0.8108800063395093,0.47047773956638056,0.47497869826675115,0.37565943124542994,0.2961868769998149
878,0.6855088050274166,0.7185285730118215,0.4559110586604242,0.24101083326625233,0.29196307432976615,0.35345708306902524
879,0.6731317917307486,0.6287906159537751,0.6168035258392806,0.4081269979221483,0.3728005361845611,0.574655666928271
880,0.6119649792788675,0.6594055090570143,0.6541643410161544,0.5567992061176037,0.6801381645249855,0.5557976291898238
881,0.5321440832012674,0.6374066369545246,0.6073276295861916,0.4108840207107778,0.43995610738377466,0.37293490557287856
882,0.49231157582597257,0.7452211240653541,0.5640580903738632,0.3504042265004646,0.46827787809728566,0.36217080721982275
883,0.5277397642965596,0.6958205371135151,0.5236642082975059,0.5095756705895489,0.5359335752496596,0.5578671381325465
884,0.5344796133729148,0.6653343518255853,0.537924032707801,0.4699568104376716,0.5294739436214384,0.34750968165318263
885,0.6205751615439205,0.8748033279726977,0.7505343090016628,0.18841577521054909,0.2741241697865673,0.39043063893183194
886,0.4606495763807451,0.6855958651968086,0.5489479568667949,0.34369661171285676,0.5440810646866097,0.5609851717567205
887,0.635105045413371,0.6834045141900338,0.5242598323511946,0.4090220045418693,0.37961033567637953,0.49956510033176227
888,0.5588675819741884,0.5370472963327361,0.5866999478929275,0.5400878368021873,0.5466068419462727,0.38833974958944817
889,0.5748708020835958,0.6553885207415122,0.655555127197341,0.36641887030652875,0.4715295433249602,0.2791093361517242
890,0.6801022635710144,0.6749997353876045,0.6631305014156557,0.603236071180725,0.4134830247373721,0.3777063028576064
891,0.61886713224523,0.7901953059853584,0.613133926670381,0.4324437121784128,0.4481616018607803,0.4189126055663662
892,0.39876345100692173,0.6013856463149386,0.6177365785299611,0.3640030050373886,0.3987728168691261,0.2677879657840364
893,0.500499083658074,0.844814415151828,0.6440798642254726,0.27281042377564646,0.39142024345864485,0.35554749249817663
894,0.4937549668002539,0.7266670566015889,0.6990532737231273,0.5089006849265733,0.3105209483197203,0.3865048798236
895,0.6898041177054168,0.6290981088519283,0.7010699046112544,0.3900995838925068,0.4032434437515406,0.5370020383457527
896,0.4543278681987952,0.8001193841405634,0.549577223179378,0.47290099418517323,0.4179841275233478,0.32022184061265085
897,0.6429002757436884,0.7436339538099559,0.5754745128932889,0.4810565501305429,0.44788686623980734,0.6151664548205318
898,0.6309695769682985,0.5788453805039694,0.5974259797954173,0.53789530040028,0.5916323036655473,0.59633996344685
899,0.5965777833886623,0.8570628294320958,0.6616490648183372,0.3249741193949436,0.2821254094577448,0.20124237733722247
900,0.40430008389722233,0.7101702524924329,0.7121553231105632,0.27199460996637986,0.5129546422202622,0.30652089492551304
901,0.6148466368945318,0.6104431449657393,0.6471589012907658,0.5302715471553597,0.46763312046368777,0.5198424117087167
902,0.5422859680745531,0.7107622188052831,0.5940670143534552,0.4871963607920411,0.47632923196838045,0.4310689679057073
903,0.6327189035889991,0.6945022642628601,0.5661848431469694,0.32653904380787546,0.43946517822570724,0.2609756445534941
904,0.4469788140350508,0.7268527614464636,0.48203033880636037,0.3055898096087547,0.3995751031304706,0.340446444432588
905,0.5749117627415077,0.7662182695406858,0.5957414416802245,0.2711537722421969,0.508034220353541,0.3596637418815539
906,0.5544885974836476,0.6761677237460213,0.5714297958187192,0.44492025012476155,0.5031997491726548,0.4652145884663969
907,0.3365490323168235,0.6683147997559884,0.574521705777384,0.2513555581624827,0.546092480680437,0.39166649280459304
908,0.5630785300141049,0.6133777867272049,0.5491316613544587,0.3837035116672746,0.4158606520984647,0.2826530355726123
909,0.6036292866187672,0.5633537120741606,0.6629392404545854,0.5201858884647863,0.5681216194038096,0.3872166029580958
910,0.3870376085735792,0.5797602300341885,0.3710688806842655,0.5104659264278163,0.5711594691431966,0.3845542224485544
911,0.4377452750890494,0.681502258124516,0.49513045128755184,0.42397720559808905,0.3415172983350879,0.42006960362229656
912,0.5985547912255035,0.780147293195677,0.7207310864983403,0.529145257967772,0.3878887500587884,0.5631275807246181
913,0.4534591194161369,0.5399396396327845,0.5182202767401788,0.4870886076137856,0.5831598985375106,0.31496363541264966
914,0.5346755885585579,0.6277629622685219,0.3161145027685377,0.42015662606932347,0.32623155396841247,0.25009970427408895
915,0.4796795439851539,0.6948771927280649,0.47594771498340027,0.43004884074210226,0.6410086735849689,0.43056766125908463
916,0.29682930608714486,0.6393650804775395,0.6147389547203478,0.17253921432576486,0.20072998319754753,0.27844373716828047
917,0.4773548511488121,0.6714839532987835,0.4848872980772256,0.37719002326838247,0.43306381921457576,0.3449908671665148
918,0.4915055556749347,0.6285623674255985,0.5879061912582112,0.5002767880148307,0.646383666959732,0.19406171373597358
919,0.4562651319937101,0.5812929390182578,0.5391511867772524,0.43162841214480613,0.25737525497690716,0.3368001417423328
920,0.4889792381229987,0.8061256895815954,0.7990813110433956,0.38529374638264574,0.3738908992817363,0.30158267474391803
921,0.41436387539841224,0.675987602185637,0.5348364273412395,0.43590790464770174,0.33079182742653945,0.3912475108162999
922,0.5071602331128107,0.6968594347383692,0.5250153150230361,0.4212215285870333,0.3895871885113631,0.25992508627522687
923,0.47279593728567093,0.571751008628818,0.4425300939900206,0.390479581856547,0.475738267524027,0.4778873528225845
924,0.48331320321248555,0.6946688167922972,0.5193824025734705,0.4362121792492045,0.5581424422869676,0.38405272990002726
925,0.4430015189022476,0.667608433857141,0.6383868320982689,0.43352086543621066,0.5300545555936709,0.392024105031191
926,0.42434509116657554,0.6398950395732725,0.5051452876760921,0.38787548081156403,0.5106188421631268,0.28138276280479557
927,0.5057781009898681,0.7190834653777751,0.4534950965505762,0.4164592411939487,0.4269355093067639,0.3743084217879373
928,0.6263121383486134,0.746494950022393,0.5931647616745819,0.6029132038789458,0.558359691383837,0.36258051142186837
929,0.43434806076759164,0.7022199272509699,0.7593904691458317,0.3832980185234733,0.48986146292678867,0.3229145281571492
930,0.6584347392317726,0.639697572570282,0.5608187351145157,0.5153740301370138,0.5189778623829905,0.5943450215493945
931,0.3993132154595855,0.6781519992634882,0.41941209164730153,0.30873624534614,0.3314341893887102,0.44138170637584656
932,0.45515897727422755,0.6707058451839648,0.5486779427678671,0.5681641676295079,0.6543886617366682,0.33833361898373493
933,0.6681964842269772,0.7713954851223428,0.6774342120153264,0.44281063966800543,0.4454923760563786,0.38293475310590797
934,0.4899885955640093,0.623211939234282,0.5822837932081888,0.4857956685557189,0.31560718160587253,0.39404847666973397
935,0.5760620816124695,0.5173964074627871,0.593908125891419,0.44733025027581025,0.3854134266126401,0.2623229946942973
936,0.3390301418252442,0.6298677816426375,0.736420177597894,0.3965089241467863,0.41711721091902865,0.3939523759482514
937,0.4369722911274759,0.5967437359278294,0.6279443091556248,0.4552498288651395,0.4565460832814986,0.26615282506123145
938,0.44731365794227235,0.6157908795654659,0.5220557412319287,0.3409245527247461,0.47589962697356475,0.3423758132991771
939,0.45661984668607886,0.6438719642516466,0.45749046612946415,0.49688092123515315,0.5390091030868811,0.4030041795715896
940,0.3957574960287811,0.5772451820360349,0.5194682687253268,0.6119950952349101,0.4187894061773103,0.39026395883211823
941,0.5870091523494925,0.5396435396804373,0.6042390327758114,0.5878251439469505,0.5036325731487052,0.2971374306433313
942,0.49832610163701385,0.6739886418087976,0.5276589323077308,0.4311914297641347,0.4766665157610323,0.4475299473161734
943,0.5653648555026756,0.6641639188514774,0.7703152996227153,0.463902802391426,0.4348920873983705,0.4575830291377515
944,0.6962293169669421,0.6634682594925188,0.7080222633315386,0.5335533623939492,0.6375423036469948,0.6143059807330052
945,0.5505319438676757,0.5632671755600704,0.4986410151431387,0.6124294806232321,0.22904564972449207,0.29076205753337564
946,0.6485727744723543,0.48389909959648764,0.5175796722392025,0.4026559165683507,0.418591449855856,0.2634271796391385
947,0.6667539968397922,0.6763483058763236,0.6977075320944517,0.5636597959721974,0.5525970182318531,0.48510332777850473
948,0.6518541155283902,0.6899338719920264,0.6122651507935711,0.5840424776573538,0.4850617783364738,0.4743274596039485
949,0.5233623337421011,0.6815265610995953,0.5829151327426687,0.525819466209763,0.6097688813471267,0.6148029463406997
950,0.42982018968973934,0.7329903501863856,0.6533351241768667,0.38011567151208686,0.594734866368764,0.46595276127381546
951,0.6007703138038891,0.7787425966261309,0.6832964666336339,0.597436482829747,0.6163955063586102,0.5249431780515885
952,0.4727182787361575,0.6075804534842079,0.6579861052912566,0.5028440012331087,0.5614803592793346,0.6906043260825971
953,0.47746924232768706,0.8003234220773243,0.5851991439627572,0.2750227752313793,0.44336389851342034,0.40801239483269564
954,0.4946970319128852,0.7657976234281688,0.553169067420569,0.47573388656355164,0.575872725185698,0.39694251741272124
955,0.36668637189312103,0.6971180916403547,0.7412121237129794,0.3946141939774629,0.4679782580711995,0.4339849828582858
956,0.5753398715460668,0.5965630723638811,0.4966360661908327,0.5258945267602718,0.39435934850190607,0.6288517884951351
957,0.5729596350852935,0.669763935859813,0.6688044049280556,0.46731113785975853,0.5012131082801639,0.45611681352857764
958,0.5715068468570952,0.6862452634550814,0.5379077416558697,0.5433517240986657,0.6095721482548936,0.5369489008752122
959,0.550638962831226,0.6467977469062434,0.6853548315909186,0.41802124496628384,0.42759061044498137,0.3469958800888676
960,0.6448940171481915,0.7770780022467804,0.7164961227881332,0.570987668823791,0.580196197606164,0.5226767715799086
961,0.48184489296811456,0.5761089423104552,0.3532684451958928,0.5175024261034793,0.5113275393287054,0.6127597362098087
962,0.5727374858735206,0.6242875507855077,0.42186417714010394,0.5357452318316507,0.4802410536214302,0.29739001288284955
963,0.6001765891454404,0.6937132489905521,0.7555987096907766,0.5333462770936084,0.6693976348560067,0.5075917035810208
964,0.6274485419340732,0.5949342906251175,0.41268145838110804,0.37615438472015783,0.39411461041593104,0.27234976658047766
965,0.5457142692032539,0.7730383362386481,0.6612236094245455,0.562960645177797,0.4400539505959837,0.5260150890003338
966,0.5737930701901358,0.7578656392376556,0.6596725747759914,0.4157123263895363,0.5608704698478649,0.6290079611277313
967,0.5568845001599316,0.7289648537962535,0.6899703710447989,0.36081564306601,0.3885232283695532,0.5108464049578402
968,0.3538554595703342,0.7829112228869904,0.7615207145113067,0.3273395012291574,0.4805485737674337,0.19633414518823758
969,0.6730506114899302,0.6365375458724655,0.6299595589150778,0.4310598401222636,0.6929887995780187,0.4706933042899002
970,0.3729423303560235,0.6951753516977718,0.5292823488386789,0.3149448678634255,0.33863127885616756,0.3885756382686676
971,0.4579408796044093,0.6187738465382286,0.5019307824319119,0.5265617038979283,0.5214372603637267,0.3618108421202246
972,0.5007787609495868,0.6441095267706011,0.5894924421981791,0.4307057620844991,0.49318156220633436,0.5773706820339469
973,0.5053153976115561,0.7723543076162259,0.5286909711686576,0.3950087033062633,0.49075394441789344,0.25973518493679304
974,0.48340921843294216,0.6777688179178942,0.49421972299588973,0.4705559975316431,0.507085266621247,0.3970214268604147
975,0.5088721373984271,0.6931583246778591,0.5103512470701834,0.44580364989351645,0.45850794856070914,0.45730584306200167
976,0.3469701027223457,0.5873997907110439,0.5286906763968509,0.24288286248694296,0.3263770005481888,0.3667136714722442
977,0.579015807141025,0.6585164519653426,0.6879999525519005,0.47289356147739847,0.3176613523021779,0.283578254328495
978,0.4564695142333313,0.7254501111776271,0.5362813214744094,0.42949474124813103,0.529779316818059,0.33767796523356575
979,0.5204667772186332,0.8099931614967205,0.7102526830101944,0.4945563444150917,0.4994679343375101,0.3177298954235566
980,0.414015548473258,0.7828439192778208,0.5552806153551404,0.4384675821865597,0.5258964838661107,0.2027301148115545
981,0.46865092542038694,0.7642061899945387,0.5976384726979578,0.5584275108887629,0.4522186763421254,0.36862545047694395
982,0.45910758213198605,0.6609897146205328,0.46958457166833767,0.4292191525154107,0.4602353657192316,0.45923643073466897
983,0.49262799384950884,0.3427072308396867,0.5699639146724811,0.4385454114096845,0.6222027928675802,0.6303804224177347
984,0.4267057755727195,0.7394883426229746,0.5776634951026024,0.48640562096200357,0.47597249093115457,0.35751923949057435
985,0.42071526053731617,0.6250791689502916,0.5538051630930585,0.4221586105462837,0.5053434879570422,0.4510855852211988
986,0.5888188388643629,0.5540601796828667,0.591106696345922,0.5225497754906941,0.3969056888732472,0.5227747970666626
987,0.49991363380500387,0.7590068664405226,0.6526795172953959,0.5346564950582152,0.5351011736100956,0.6357509249908462
988,0.5189847550587678,0.719130463601561,0.6795916327031404,0.4401360167090596,0.5239581455609806,0.5119083647721289
989,0.6028529495369167,0.6970743770238417,0.38398197458028555,0.4189998574039955,0.3775431945557326,0.37264594366005577
990,0.6743277650084046,0.6740278791173553,0.577166064995184,0.483509237802126,0.634557744056724,0.45579808937301625
991,0.5769901172963104,0.7037331189210484,0.5349272188116352,0.48796980010706814,0.5075695090481419,0.40067579138346265
992,0.5152411765776552,0.6967353950809895,0.5246707350254114,0.44301443932461904,0.3938707484472866,0.31656602399704037
993,0.45589908372870436,0.575725231971198,0.512934704342382,0.5736330260368264,0.46815286068214834,0.5239465829011443
994,0.554412373840453,0.7279613614263394,0.6091546592296442,0.20461978827838026,0.547183824247809,0.34265749411728236
995,0.3499868848371451,0.7719981711076169,0.4993025523578874,0.5157663792640818,0.46484668828278836,0.3743105354531868
996,0.4222538390399204,0.6912519432819977,0.5409569592222307,0.4273241889242191,0.39703044298164475,0.38051958532517083
997,0.6377122433853416,0.5935945118144603,0.5564558863246081,0.40099383201222655,0.44514470625967323,0.5725642441156343
998,0.5671159891767144,0.5932879164993681,0.3005476949661532,0.41966982690258753,0.4335084061922233,0.3708408431829586
999,0.5118718351540315,0.5732291126106216,0.6126501914549328,0.4547156682304654,0.3943729511338848,0.7360668795983737
1000,0.32090868827077224,0.8748584016392844,0.5727351804314402,0.44708617033760045,0.46534779329923126,0.4178950434436712
1001,0.5594227679819811,0.7065213183271257,0.6558739677387869,0.41883827836442467,0.6015033239752536,0.4546726331089304
1002,0.36849480972544896,0.5519450011023489,0.5120881173363458,0.4135588952226726,0.5043861087887006,0.41395962661527297
1003,0.5062494753863162,0.618334564805563,0.5532281279646403,0.44461194713937846,0.48530686287142244,0.375896592314961
1004,0.654125904622921,0.7686539463722559,0.629467031259956,0.5709984618904017,0.47808234152110957,0.5119077786297754
1005,0.47470330119266,0.6710572753057361,0.5701123557428762,0.49325049829296724,0.43561027763616456,0.3676406061848073
1006,0.6067681650281338,0.7757328083978999,0.584569070926618,0.4543767050874318,0.5927541825581776,0.5402465655033669
1007,0.5449870669491763,0.8694707318495974,0.4855218326938479,0.2898996027020224,0.26739471246386254,0.2684737265508552
1008,0.38045075591177674,0.5673778328023632,0.46609100174308493,0.5070115050216809,0.4202246599914295,0.23873506930930471
1009,0.6275679963038938,0.790977730345128,0.5960382502625352,0.2978669553509493,0.37213796664948784,0.36506782674643584
1010,0.40470157347290275,0.782553156327453,0.49530384895821694,0.5691409703230231,0.5415274578062058,0.2866000302486738
1011,0.6136802862794405,0.6168128878227971,0.5857695857123172,0.5608361043549619,0.3782135225923647,0.42419871348903276
1012,0.6625979971654496,0.9040352465124135,0.48388618101512765,0.588828457503357,0.6707087391353573,0.42843747455287395
1013,0.6195419240756145,0.5539551429428134,0.6595298480971451,0.37628637794688996,0.3136981779464206,0.518743231784397
1014,0.5013622317657532,0.6496544116147495,0.6745956322859791,0.359556632597293,0.49044495417227174,0.42835152020022654
1015,0.5498220604660286,0.6500291203366079,0.6810645230754708,0.36329598689908915,0.4376246880434981,0.34665486553501873
1016,0.594664558289612,0.8205081108403931,0.5986900204561728,0.3618483627091734,0.4102550174680915,0.32463983764371984
1017,0.549102726954056,0.8091878402760428,0.5350985370706333,0.5128370511408049,0.5313606356694556,0.6947103855248816
1018,0.49054923220635493,0.6551865944776787,0.6003312326103374,0.4153489065969262,0.3710966764518975,0.4198213714033049
1019,0.6206171293395848,0.8082203996280974,0.6840550027101776,0.6018261646912083,0.6446233547138358,0.4207631637973205
1020,0.5710194900239965,0.8264192853352367,0.7626929145861041,0.4381915152693214,0.5760835363823322,0.28658000007519313
1021,0.5182964782198314,0.7100836139968807,0.6133030656463778,0.48216131601899964,0.47069099607556647,0.2996068241349269
1022,0.38126834342304877,0.6383458603897814,0.5174433141151301,0.5573369242839151,0.5470940863757232,0.23002006459237928
1023,0.19032190677787725,0.6392130381673911,0.6248384566657336,0.37024323193452763,0.4096009557872785,0.47780973967766555
1024,0.5950970457265072,0.669879438756158,0.6533070627729362,0.48617486973299995,0.5684307903356683,0.5744146422550418
1025,0.6007972536884304,0.9079355426773643,0.44826858169463496,0.4306734105549886,0.4603292835241424,0.2855751647172048
1026,0.4470985832399464,0.5442562937380395,0.4663727439606159,0.35124903783333306,0.2966351005960424,0.31285695317161244
1027,0.5086776122329453,0.7386008421722375,0.5547231975279654,0.2236612174244077,0.35771157751066196,0.48663429381262846
1028,0.4536576777624824,0.7293010180206466,0.6052895234755931,0.39809914308729794,0.3590259300164843,0.44806598986699553
1029,0.6089410614592281,0.601586490616556,0.6406541525938065,0.4731990641484126,0.4526616461401418,0.5637240032180948
1030,0.5861988058417574,0.6496059197090066,0.6347908480678671,0.40849431316517326,0.3959516611036564,0.4868721900342038
1031,0.4099405022952963,0.9001410491722548,0.6336013955905774,0.3127462884300728,0.507437569598066,0.40222324539664106
1032,0.6051548200868744,0.47963345164213367,0.651176647987807,0.4109794109151469,0.5123958750623776,0.34927992818825915
1033,0.5789692961536594,0.7235829394459291,0.6216180979129509,0.41896984844517726,0.44033690516526486,0.5028628549029855
1034,0.5114059404598472,0.6998948494125763,0.39760846198396543,0.4684328439004777,0.5744328007318786,0.3423255797348053
1035,0.6056452593122541,0.6177268621145001,0.6088909702803462,0.48092087792901866,0.5671073929430738,0.606052779211426
1036,0.46728087536532154,0.6972466911566739,0.45167527909017113,0.5030445811210297,0.46840805604954533,0.27231299289965444
1037,0.5864234125700011,0.7456422400973922,0.5445197468856979,0.5367113516892218,0.7671799159814415,0.3254046832720978
1038,0.42828392740202487,0.6719249905603517,0.6526590584919874,0.5315283448624639,0.43544568805717876,0.4639232061762787
1039,0.43160073681151356,0.5879013151111626,0.5009811680035418,0.3951529667099741,0.5935927589485059,0.38525289395456896
1040,0.6103954792596274,0.7115340294342126,0.5907648505624659,0.6314734519297652,0.5868835167107169,0.6469784454879748
1041,0.41399180473183406,0.5801822813376777,0.47239525911678365,0.42968795522636716,0.4948827074262048,0.534448243726525
1042,0.5112134508396966,0.5966278228711958,0.6331118574432782,0.5361848146631347,0.5191350661261827,0.5682870920432552
1043,0.3877838509978393,0.6569166206229438,0.4927518274055914,0.42900500331266783,0.5096266823185318,0.2722690985559904
1044,0.4769695836566962,0.6414745373324496,0.4853481139482658,0.4236939013239721,0.5525971769349054,0.5512012696196275
1045,0.6031437344813236,0.7918737407969537,0.47424378049886806,0.44611208842369476,0.3883678770905825,0.488427229293784
1046,0.344127004341237,0.5636428152902652,0.4463395263213717,0.37034784873690574,0.522585619343196,0.4539025931138784
1047,0.43418829042699936,0.6530071699764968,0.6188136889223765,0.46876831754837295,0.5051276778805368,0.3736560381764307
1048,0.7089517200604147,0.6896569684815372,0.6537990055786674,0.6256532757199714,0.4825125722488136,0.4375663039092826
1049,0.4897800058333567,0.71973059697837,0.5220095884440054,0.4309127814258161,0.3928252577433335,0.3374189863188064
1050,0.44219474467283443,0.7055571316484409,0.4592554268395558,0.41449299691370256,0.5137027220310042,0.3733537477088415
1051,0.543247436178938,0.6901606910646582,0.5206397967214357,0.49953286770879624,0.42200743101138327,0.4721272127602151
1052,0.5638284308401923,0.6486497334229228,0.6711853655299449,0.4741736011996481,0.5433151384103233,0.5348853598021512
1053,0.6926639098354224,0.5574480686282796,0.591574331851842,0.4668138816968744,0.4717152201626506,0.27048938206744183
1054,0.53691241101701,0.7782787998904893,0.5280849728846168,0.4219682361902049,0.4139397688037575,0.4345239327687619
1055,0.6834445920814112,0.6868776064267346,0.49735091998503195,0.3133179185486342,0.403952084985062,0.4850260491994927
1056,0.5102838781223166,0.74970694676511,0.5559988800362805,0.5246901981646866,0.5443074750358655,0.1858711856553082
1057,0.6634532920997005,0.6501961973826138,0.5608503612924027,0.5320506354312999,0.560775254630304,0.7579806215946386
1058,0.5720451837440277,0.7869203301846239,0.7690778282847964,0.5022075609776078,0.4969188215075275,0.41495280217052
1059,0.7379536041040123,0.6419186984816341,0.6109637380044356,0.3939803805033978,0.5839650753920739,0.38494869028219436
1060,0.6470532311253843,0.8238845877779558,0.3484308671573845,0.5347981418700358,0.5542324497510498,0.2249862825115016
1061,0.6698372789192464,0.7131664883294551,0.5729099654705521,0.3796818164737795,0.35701827372120176,0.43763458798721183
1062,0.7407831724757232,0.5941154186004783,0.6806823503313488,0.6680750196499673,0.5399104647828061,0.506278155284704
1063,0.39293892126315033,0.60087851325415,0.7028010262930786,0.488256698975478,0.5262487317319461,0.47919566063379937
1064,0.4667415087353429,0.557993733936485,0.5016117788075681,0.33176285796253135,0.2610685164185064,0.31268867557755553
1065,0.588074981728751,0.72027802008065,0.7606734587461046,0.4240183104273481,0.4898340120804145,0.5560662135868724
1066,0.6990613756730615,0.5723934360729231,0.6772226483648845,0.3052580369961267,0.39728252606881387,0.35149803465963236
1067,0.4271921064070158,0.7846727930332755,0.804576299354235,0.3773910531193222,0.3482579450128705,0.3569315986064643
1068,0.4772842414635812,0.5026470637644799,0.6909901719103817,0.4557750470924854,0.4225903779253318,0.5276766291975793
1069,0.5927840852507493,0.6317572884960888,0.6100058311529807,0.6225508880133086,0.48675206587434483,0.5419650461489386
1070,0.5898397157630173,0.6825532379503534,0.5250425840864597,0.3210862148940224,0.5145692920626234,0.41835605283958066
1071,0.6437143948655383,0.8124213725873213,0.4339552247171673,0.4031086200619093,0.4859713871929292,0.4097406801571037
1072,0.6896845119522117,0.7908750202719768,0.7041505858309269,0.6313671967520175,0.7278204820927701,0.4809943610659655
1073,0.6693188539021846,0.5333912270836509,0.5437164851262001,0.47315063476324093,0.41053283603018687,0.4548912353470106
1074,0.6214046924790785,0.7416060236759422,0.6189208989797617,0.5590490395126176,0.5848786254163161,0.4524295892013482
1075,0.30573722564745726,0.7723696425048171,0.6536182653229543,0.4344669536062399,0.5567121396583332,0.38474518156007387
1076,0.5398319071197978,0.7389403729465107,0.6796533450856159,0.6201992506650976,0.40514527946915857,0.3479842564704052
1077,0.5231330892590781,0.5774447461684755,0.46388514113834584,0.48953414723615346,0.5070434519183832,0.4159057204329786
1078,0.6326716339110684,0.7213995751383161,0.6136150323501545,0.4721182080431817,0.5144512900598183,0.42504292764137297
1079,0.6109685741769286,0.5392085720334866,0.5591108089918779,0.5280534702961945,0.4383022048310744,0.4792761663416919
1080,0.3985000767188175,0.6722532659860777,0.6003948744555415,0.541724736750238,0.42020587894363537,0.39975476818484545
1081,0.5682549602823983,0.6457940362678377,0.5352310133295639,0.45220373862523155,0.6111777125520091,0.3458610218098741
1082,0.7213996088069103,0.7895585560254473,0.6201652157256644,0.36911699340997917,0.560474400266257,0.3690119783650235
1083,0.6386078846621577,0.6431838038876051,0.43422104840252823,0.4867153624817595,0.6216620400032353,0.395922437545759
1084,0.4909446239925362,0.7006645752232655,0.5383034435663201,0.5543821000426541,0.4273881138393918,0.4260764875416714
1085,0.4524634464706919,0.5826543809025588,0.5248497883962694,0.5574352534242146,0.3583443554986848,0.3910761116448887
1086,0.5071488243325216,0.487270341348894,0.4989743228399779,0.48608534952671106,0.2840824275587798,0.4133565047149911
1087,0.6624413858230219,0.6464979020538633,0.5179296423207252,0.5047436252931325,0.46908388266019607,0.5186059670355334
1088,0.41613614609515376,0.6407868018012852,0.5977450278890256,0.3860467056048055,0.4958703437640781,0.2714020492452189
1089,0.5591542789025952,0.7214128208972199,0.698486123123669,0.3612358108400235,0.43894606334344793,0.5354322205376059
1090,0.6455640990172898,0.5342635775759786,0.5902395052026995,0.642458138232906,0.4246098690863376,0.49920610220953043
1091,0.5894871288971256,0.797317880109806,0.5552046244193909,0.5200969507900812,0.3418763237502694,0.3346796655428217
1092,0.517613227721186,0.6449757797520403,0.5825659397137867,0.5306998911270193,0.3974392603145073,0.3247228357914565
1093,0.45789330955797813,0.8931218907993752,0.6084426638086492,0.4815331079227101,0.5149020639112566,0.3618382117908298
1094,0.4911504990870565,0.7700116593497056,0.6349502886367256,0.5026959394466136,0.44496127680637365,0.48621201182057966
1095,0.6404590713223488,0.5657361836181238,0.6494659455191623,0.5956849244740938,0.540481944230956,0.4618940008162414
1096,0.5072724651262028,0.6279117087495761,0.5780034661700981,0.49817964459401837,0.39936520278162213,0.3266214020408834
1097,0.5005778808719197,0.5286126145852514,0.5040762112223087,0.4450732084853155,0.5028943083338505,0.5845712784881415
1098,0.4921085863993781,0.6943229456364928,0.664310245554804,0.39087262102049664,0.513353639344303,0.5071786256577925
1099,0.5869209106003885,0.8334042624953647,0.6749242350620779,0.5259065315047105,0.5734858554907847,0.4704292966440627
1100,0.4158145182093742,0.6600782949025067,0.5333220224228743,0.5250332549814691,0.5516645597211821,0.46920260485187765
1101,0.36414701397710547,0.47405237019684776,0.6501023693476592,0.4018308260304125,0.49094080544555224,0.20305343291075767
1102,0.5974346368539108,0.6634020229502977,0.610794707956945,0.5174447361876002,0.5014581928872488,0.3884617634581615
1103,0.4879872231470346,0.8249893417320363,0.6870714586391269,0.3846333438099946,0.39970731999738135,0.34209655710641323
1104,0.47083030288393246,0.7328980809833223,0.5527424937536415,0.4249379386599005,0.6616023541685094,0.4573393099654929
1105,0.6454706670976369,0.6497029733185968,0.6180269460970881,0.5192191482696944,0.6891746142065884,0.5117162972586575
1106,0.2839551954647628,0.6145482128142732,0.6942253641817996,0.34287471050248,0.4713735477168379,0.449446120665506
1107,0.4598782219074939,0.46880484645437104,0.5021016195115411,0.4654390941253521,0.46358145268603684,0.4818604446890416
1108,0.5179791253675728,0.7699713241942902,0.704618941377623,0.4000495057243939,0.5479330561244016,0.387245466199732
1109,0.36587153276708617,0.4662176095574034,0.5822935925013518,0.4751173596377359,0.4075169557358073,0.3369932794121673
1110,0.399080740460555,0.5558832645711344,0.49947292245891667,0.5032039309944839,0.5624043322093444,0.4876550861564539
1111,0.4861981450969757,0.6713238194094064,0.5598134531287462,0.43014363535044564,0.6173541735174656,0.4206037547478763
1112,0.665528851314908,0.7217727618507459,0.42335384195222286,0.3586456073985064,0.4888331301537389,0.41199708611992836
1113,0.7040848312445678,0.7039623762892622,0.661477212037217,0.6358246365851088,0.5270181330516533,0.45129103293947465
1114,0.47780317161521596,0.8198590670171026,0.6306501360299703,0.48233969810812816,0.5955278260918672,0.5536769854423027
1115,0.7109995480233399,0.565243362997312,0.3800619475203635,0.4088477070353868,0.5449080718613991,0.3334014978863158
1116,0.4267179922819358,0.7190882120007716,0.6066057317648531,0.5219290805363872,0.4969410418825845,0.3674087988217766
1117,0.5678952275908121,0.7741133244042867,0.33465030648511446,0.39993614921708104,0.430829898341633,0.2982089962370631
1118,0.6667014885229626,0.7217389537845582,0.7084396633259424,0.41826018786073504,0.5443451878470459,0.5552626123050266
1119,0.6687873203327473,0.7092788052044434,0.6489988125031487,0.5317284842006762,0.5080622904857707,0.48701581376818737
1120,0.4663452857768624,0.444987446845858,0.4865600185656485,0.6200748820840984,0.3609362061837394,0.3522576963265519
1121,0.40858322682695886,0.66974504466035,0.7184438087168675,0.2966935570510884,0.4608307236149001,0.2709581370678286
1122,0.5144560048794918,0.8215334480339251,0.623228966073963,0.48327470267077266,0.6074797757300057,0.31684342035375584
1123,0.47718845627210266,0.5923357548360244,0.6492922884883415,0.4487187442824344,0.5099821651886713,0.33963225951509174
1124,0.33003269230789417,0.771768767748939,0.47114047589923064,0.40903528000014827,0.44697995594889395,0.3579367393430273
1125,0.5868168986990508,0.5606324675446199,0.6566360903466604,0.5183415138199107,0.6612199993448401,0.5145736074203837
1126,0.531853159947341,0.8609768553683087,0.4223698958513475,0.26826150158529966,0.43462173586296127,0.43387650431425284
1127,0.6216542431952204,0.7196735223027003,0.5489461109078334,0.35820448087275664,0.4976443845795422,0.23060972142849578
1128,0.6548890082583124,0.6206612618145126,0.5960333691370125,0.5760335114134425,0.5556607187736702,0.6053766889536033
1129,0.5219116561161142,0.675261334040505,0.5752688353498966,0.5470529056155139,0.4925433776296712,0.44669698327264223
1130,0.5028111970994752,0.5655702684162208,0.5953549835459842,0.49046816509690605,0.44469910669759827,0.5340786301324504
1131,0.6193335101656849,0.8003892522329277,0.4473505253736858,0.335138561455781,0.4811166888514342,0.6018326212230691
1132,0.6224326399351505,0.6891516063042743,0.7094318429172297,0.5892028597188471,0.4125950884419188,0.45524096814090625
1133,0.6511056867889319,0.645731796536278,0.6981867447329928,0.5378419392622577,0.528700962879022,0.5555814704840868
1134,0.6278407538876623,0.6229118899633294,0.658474470529229,0.6255294502014344,0.5312919739489732,0.4311023158324097
1135,0.4943690514971894,0.6522738352938791,0.49196666924439614,0.4514780372811385,0.47180577838712207,0.21546307093329467
1136,0.3318889109906528,0.8254143589410134,0.6342574823020315,0.39787858978223933,0.31231134474491984,0.3934454290802446
1137,0.5408882797432568,0.7102970077711538,0.6356051216199134,0.43749547768420893,0.42130737746664054,0.4332065576083853
1138,0.4614824761076898,0.7944950359355737,0.6263379040112393,0.3138721596324738,0.4826485848094413,0.1322206035828195
1139,0.49848652343865085,0.6691225227272969,0.6314523341593969,0.6270130632505949,0.45571086290581564,0.5579499395892104
1140,0.36356848326031227,0.8079186076514012,0.676683698155982,0.4634624369280777,0.2623669193150738,0.28534868153866244
1141,0.4964952536066993,0.6394512711648478,0.5529835261843619,0.5136886620203728,0.5492698925117965,0.41384282547872814
1142,0.5556707642794317,0.5980040749139744,0.5930667238399645,0.45309171213994937,0.4155659629028663,0.3905635684340087
1143,0.3871731100264665,0.8024276865202125,0.6283270907068882,0.39454549522666943,0.4086472266019323,0.32819240600662575
1144,0.6492946422554502,0.7628247027679367,0.5667154049668972,0.5190123367028739,0.6057654377117065,0.4932537173298794
1145,0.5934708757135065,0.7305579363511504,0.6500727282769065,0.5435247568505377,0.4645515317349594,0.38878817824250234
1146,0.48038720596990186,0.7831932266644517,0.5791337674969457,0.385639114443902,0.4934436734643976,0.24587970517931496
1147,0.5676742028366505,0.8469957536730386,0.6192544669735244,0.44643786669676006,0.3613658153190574,0.23082035787068017
1148,0.37035384422595385,0.8055512780218181,0.6167497365340266,0.448398691051475,0.49905143977723765,0.3624685091239422
1149,0.47815334168568724,0.5856613558764144,0.575320496374679,0.6163314545695244,0.5211475302713653,0.4825405391223304
1150,0.318705064105784,0.7397622744086583,0.7906626592326224,0.3281726030316865,0.3699410957664925,0.5203635753568748
1151,0.675688973653766,0.764067123064575,0.7094303443875007,0.48680304648609196,0.3702528583415437,0.5346158285419189
1152,0.4040084916338494,0.7789737606077393,0.5819331197365825,0.29336734436045164,0.49373806354092686,0.32804664370171144
1153,0.4710958886344163,0.6725405939260891,0.5013378195975582,0.48405190344756754,0.6285448930952219,0.369129599306309
1154,0.41659455381698474,0.5841881284904609,0.5566377379548397,0.35328861402473866,0.40718289142796715,0.6052167549758187
1155,0.46915944789111513,0.6686892376889425,0.523252278657537,0.35385292695475057,0.4559779940524486,0.2605038815577935
1156,0.5209792636442099,0.6728878390377031,0.4103777623135129,0.4841017018342074,0.47818971160941215,0.24932757147512757
1157,0.6930565570897037,0.6866479024422802,0.6011826563730143,0.44130129097286236,0.5286094331472342,0.4506727179384108
1158,0.6645346568200776,0.7826610351020304,0.7858252839041069,0.5382391217423544,0.504419090798949,0.47849632537363535
1159,0.6154751282481694,0.7279468021202382,0.5235475784207811,0.6260130853823774,0.4513960005210695,0.6066636440818457
1160,0.5282404557062199,0.6744885384167585,0.5763543318746999,0.4717966449752293,0.5336536100601174,0.2203917204480086
1161,0.49204088864278805,0.5731018536498187,0.48626706135119124,0.6068721357689006,0.5391604753022714,0.528745640712371
1162,0.47560006288252443,0.6310333424040555,0.5880845857331238,0.4716478812917763,0.4731816983329635,0.35321333439745245
1163,0.3447842930670784,0.5452339711473708,0.7629716475806021,0.2886819188919316,0.40288810650598483,0.4152636930127504
1164,0.6136346282410041,0.5338135249371901,0.43840073680780955,0.41213921410311377,0.4130303539203166,0.34975180281995255
1165,0.33187297021256534,0.7130178814353366,0.6107907785574422,0.4829064922245537,0.510758606521441,0.3752990041725788
1166,0.40624937607814754,0.6920146900761345,0.6185864011601927,0.3890423609178888,0.5128167241623465,0.45230316648352636
1167,0.523029102432613,0.7860328055217178,0.8021928348869016,0.4105333166603689,0.3867079312415725,0.4417770630391563
1168,0.5900271781249253,0.869428186870263,0.810942729246207,0.5797990995283562,0.7157591062899851,0.6659878797623695
1169,0.36265914988870024,0.6744282656802469,0.5104224643002012,0.5046463940329663,0.5255926188672737,0.4511531792559012
1170,0.23107699798623924,0.6669242492988625,0.5187528578520488,0.3760449182163286,0.5172704321092335,0.3739579639229179
1171,0.6105853875239864,0.7304070655510819,0.5035751169451931,0.27657065774227474,0.38716333394458063,0.41310348366657135
1172,0.3570668698052558,0.7640165859550714,0.43941308810545493,0.4168151618101779,0.41528554476853285,0.27701544754791835
1173,0.5187838249059755,0.6883489002683453,0.5462250169838028,0.4399223114161077,0.5350757125030651,0.4515633108834167
1174,0.546834931263101,0.6973948277161159,0.5192857568700789,0.32151177103410233,0.40052441778023995,0.3627419918631904
1175,0.6350633618504059,0.5260994065924083,0.38187666561322675,0.4901740608640772,0.4821132747222854,0.5944424104137218
1176,0.5862571064041046,0.6346050148186059,0.48140160503343454,0.47545570002800197,0.500635555027419,0.5135688021006799
1177,0.44412696272491575,0.6450810121124131,0.6222042212484903,0.46198757636235027,0.40826747081574927,0.5168996880873706
1178,0.49222832456270954,0.7331357963714495,0.5932837885491047,0.4694690665168584,0.5237910309262762,0.4329111372221508
1179,0.40751954887623,0.6081769375821536,0.538127118112727,0.4357139568723122,0.44257990433842537,0.4194692399934873
1180,0.5271298012495148,0.7098077370588618,0.6307892267470968,0.5902873692419657,0.5250774033684276,0.47900659289899844
1181,0.496014409465094,0.6869502495102251,0.6507531883163454,0.3847176955095709,0.49115194450257665,0.4165301208818712
1182,0.5381762650833497,0.7168794037953851,0.5443929260581318,0.5395555809063146,0.43998066247505874,0.2789436490504796
1183,0.41841740355390394,0.7629249191600467,0.6396653270599484,0.3938926013700396,0.45595414745425245,0.366444571422905
1184,0.7834253623592404,0.7375022409941024,0.7336734354437349,0.5378813485097643,0.577488086728554,0.5090723788039603
1185,0.7289380704905802,0.7640062654108457,0.48883355335549783,0.2615244959681479,0.4226179947682663,0.25240979738361713
1186,0.431844242951168,0.7063278083307801,0.5250577955361239,0.3829869630325279,0.4991806186064571,0.33445261540911986
1187,0.391417590795039,0.5179901784501955,0.5397028400456086,0.3209030711859002,0.44278067481098116,0.476762404939548
1188,0.6158847393790033,0.6249529787661895,0.49958306500933236,0.406550244665728,0.5025943497831268,0.4024903442397832
1189,0.5985207729663818,0.8038730739769275,0.7261337160617027,0.4573239270834513,0.4569410340390704,0.350880719113331
1190,0.5931584628603958,0.8149338894947271,0.7352543358151129,0.5084275180173518,0.4913583636157338,0.49414890026403147
1191,0.43354552369415156,0.7845145059031217,0.5281435058197405,0.4093301218908869,0.46572087348569247,0.5338143570025834
1192,0.5138381627016833,0.7457109341418995,0.4925990685392546,0.5793183522424121,0.45502740444345824,0.32188767665108997
1193,0.5944189173807134,0.753649622025227,0.5452385036584636,0.3874398284216988,0.4456483985065922,0.4165311714376775
1194,0.6068025978267212,0.7327285943952087,0.6268880370095508,0.3520988986919315,0.30558108989552674,0.45764915516277027
1195,0.5657302556398108,0.6915087638880777,0.6395940202912259,0.3579652433742617,0.35695606919628997,0.4160533866473174
1196,0.5032271054522104,0.7438033226381453,0.528120264460046,0.23664891872813826,0.4211758038107193,0.4752395776637699
1197,0.48825696242929756,0.7545494609110982,0.6904704387361085,0.5491952475494631,0.5602217734786409,0.5916578515409623
1198,0.49170618915172615,0.741406098598512,0.4621337143229281,0.39385117258737046,0.4334426119321564,0.49669191335173163
1199,0.3529010897141883,0.7584151913712649,0.5472516911931671,0.2844058175444624,0.48940281310020534,0.26044547152231085
1200,0.6639157643232412,0.925135566385899,0.7869392557825408,0.35299757653630687,0.32669517676526527,0.5329721687964323
1201,0.5923929199485926,0.7347990393022331,0.5581220645492847,0.49062148116932885,0.43895754866565334,0.4414826956744808
1202,0.6755257512797173,0.5988503961595044,0.5646310263525018,0.5023723157271515,0.4522028715554558,0.5762147432735945
1203,0.31403398551094985,0.7000835068340252,0.5559388767337216,0.37757872317093166,0.5741851475509079,0.4616133354442762
1204,0.6337963865414177,0.7144233900446801,0.5030248156668666,0.48648065204333096,0.32826366372402965,0.34652960673467653
1205,0.6019804095329991,0.6418773730799552,0.6290742553664516,0.4939917674860339,0.5027456150837961,0.3496439989790594
1206,0.53430131454523,0.6335258893883653,0.6598646360640523,0.4694024344681781,0.5146573288015793,0.5288540367132085
1207,0.5300021789772984,0.7148737151665331,0.6453021006352047,0.4248705150457529,0.446097201439428,0.5547545434091525
1208,0.6209545089514535,0.5977319506583733,0.6510866858781746,0.4520598200022522,0.5567459742255906,0.5687652719581721
1209,0.5471237375680308,0.7368743360516294,0.40204084148725455,0.3463050723550956,0.3755537708416459,0.3624565952954544
1210,0.5402377648060249,0.8250814022836448,0.5871492173387599,0.4388389324748743,0.40819194639066286,0.35056159502576556
1211,0.49117777544428304,0.7195203301090877,0.5974424854386782,0.5420390514230509,0.5771829405264364,0.5764187752203053
1212,0.684014307886252,0.7504997535260589,0.7036911012429748,0.5864678376950143,0.6035492308549635,0.3989815017204792
1213,0.5551408290166439,0.6544484638290737,0.7059060526025707,0.501437648756326,0.5519541822525493,0.20197516137116178
1214,0.5461669315450616,0.775331489424762,0.7250530854182968,0.4272740155220458,0.5410396104130205,0.23703699613833448
1215,0.3766011306589122,0.5435179184381874,0.49931786523370636,0.37378847648720853,0.3592859455733662,0.39197505617502393
1216,0.700502212769364,0.7626295988328261,0.7217891258670974,0.537653099602098,0.535356219841116,0.5754088387916326
1217,0.45016241873386553,0.7119569888735362,0.5043475194728373,0.5172516617369195,0.6623275599102082,0.6024767430384
1218,0.3842872237898327,0.6476695300634471,0.6216459713776764,0.40107485867204046,0.33840562808436364,0.23806524631200054
1219,0.3865388623970455,0.6779445255853943,0.7399457896008158,0.24907274565431037,0.4669276877259651,0.2858310010382305
1220,0.533982560368699,0.7740271461332144,0.42233130126314106,0.37916984635973305,0.44072239497149357,0.2094757433645368
1221,0.6930777737176312,0.5889163023912587,0.618564203717382,0.6340536631380325,0.5631041962566635,0.4312727388488768
1222,0.5290345598394578,0.644479243482971,0.5551279381736239,0.35189865737646064,0.2470903247079139,0.38815185108263245
1223,0.6607250197136969,0.6581790691889525,0.6066525828044774,0.46826544422962807,0.6490015933942125,0.5898365732471592
1224,0.5396559688090588,0.6988942418881182,0.5494369916605758,0.5903845544368741,0.5347254632801564,0.5332032481236564
1225,0.5286721834001809,0.6173681348617555,0.4591711243974786,0.42331860994742354,0.4017991864788736,0.4242924723288254
1226,0.2590434856228819,0.7667075720923012,0.6108496070805602,0.4002561666320883,0.3247730775911901,0.42662081821815495
1227,0.5638899546779318,0.7481768939924482,0.545956135307453,0.3934167233313745,0.4429905224319261,0.3563365167517244
1228,0.46586007205317775,0.5986891635162321,0.5095722274597488,0.5923286167012065,0.4776076103559129,0.5422899028703141
1229,0.5612284083644633,0.8360738867076385,0.6809114716036723,0.26356384445657693,0.2950579921224698,0.1696136933515135
1230,0.5893789068089473,0.6627446328136875,0.4794412471916267,0.5728696179727069,0.37507480957698963,0.39107637141543605
1231,0.5119429088910784,0.6992529724000948,0.5029504992012185,0.5158306460998585,0.5364933398656345,0.30177173730099527
1232,0.4566657345683929,0.7247902558770996,0.646274789296532,0.4309978046200396,0.5553611385437339,0.5164034517270354
1233,0.6162508650437266,0.6502231875616723,0.48763253229393566,0.3054127099268663,0.4060602499265752,0.3987249348377961
1234,0.4722780431798325,0.8513969371899354,0.49578075566563445,0.36896674517666556,0.467518728067198,0.15187589504552937
1235,0.4322284002440458,0.7723234671654217,0.5320054171248445,0.5223566381627958,0.44600953536143584,0.4655552825002189
1236,0.5153939540962224,0.7339453641074869,0.6378705201332342,0.5491682898128324,0.5093089591423814,0.5164360773884682
1237,0.6209747490827142,0.7732326632097242,0.6302174409444166,0.37361444045884035,0.5367806894326397,0.3833524291551342
1238,0.48926162391408784,0.8108165008350275,0.7341100223169469,0.40643335258914676,0.5055631105137892,0.2559682263072208
1239,0.6230251142314822,0.6828869998726211,0.6720588202695296,0.515565910257741,0.5231896607671157,0.48644747791911447
1240,0.575403777834142,0.6391390067398317,0.4912570688274841,0.5153749714179792,0.5260649366842285,0.31563864628102595
1241,0.6616738380247791,0.8106617193259693,0.5540283245514944,0.3923445054061902,0.43525202608739977,0.4962242412027869
1242,0.49615312657746885,0.821838936352196,0.4998731808413734,0.4550599892115372,0.4701337134781264,0.4327813428549324
1243,0.43966973339045173,0.7635309617753052,0.47181194813600635,0.538787777310886,0.4875625511793829,0.3857606286754564
1244,0.6200176737904648,0.6761364677420136,0.6045096083324122,0.4601461769133006,0.4266463481396836,0.6634325333901936
1245,0.6321285571815385,0.7675026172744805,0.6012131162387696,0.563885585074688,0.5646211046159746,0.5554727554364756
1246,0.6080638224913741,0.5417962401657738,0.7194197329324072,0.5247676202562004,0.46693037481320965,0.38616697114324633
1247,0.5408678777883468,0.8600048944656208,0.5214095822359509,0.4590076664448898,0.5388338260457683,0.5232896127821491
1248,0.5134258113308657,0.5974178644282806,0.6025588184968613,0.3156574495803182,0.47502364587213625,0.34433203976349314
1249,0.6326342990833731,0.7629935512844018,0.4882661850185401,0.5596523006223603,0.2991615245824805,0.35277891158803487
1250,0.44561726055604817,0.6228043314966344,0.4728598271569985,0.4607273290615537,0.6080602372113038,0.308437886854408
1251,0.391626579084751,0.5583289774833768,0.44064267166700327,0.6873013527454266,0.5204317680676303,0.37441506640281097
1252,0.46731929936914846,0.7380970145816066,0.2944991615057802,0.40931896106698473,0.2933349802806499,0.2946283608877781
1253,0.5533984789805566,0.7143030221497836,0.5434251348699057,0.4861466606719646,0.5177435203415856,0.364007851809191
1254,0.6503787044470308,0.7847540870051681,0.6485664672455038,0.49465927428891815,0.35639291587779093,0.47586541841717334
1255,0.6695194627423396,0.6463727918217522,0.6502067198211473,0.4459604387674334,0.43133563317096435,0.3952565713221473
1256,0.6536412534224738,0.6549343671939034,0.7763300709193108,0.5766909246359858,0.6538584164567224,0.357605506874291
1257,0.5752242752633496,0.5804458215458028,0.7082024949097097,0.4938748180826096,0.45632623580596543,0.47156082750815587
1258,0.6126109551062976,0.7191062562440547,0.5078228919579257,0.4283821814302458,0.5354745670092292,0.5783003633364819
1259,0.6415261152556108,0.7087968836772379,0.6200897641120425,0.5695317005073858,0.46256257732388306,0.31195517622670266
1260,0.6880022866711711,0.6353420936008471,0.6321032310861171,0.40871771922318983,0.45182874131197265,0.3920488629864357
1261,0.6993735914506176,0.7762059248169976,0.624502218416734,0.48528604779862144,0.6023399967688866,0.4726925769152511
1262,0.47999905018308686,0.6094145014917427,0.5800608970595843,0.3103452732853239,0.33691520488652166,0.5041458156993853
1263,0.45025939143848626,0.6687918250872128,0.46833147006891174,0.6101469329132638,0.48094734664055727,0.3438768951056005
1264,0.5788231229659342,0.6958908987614446,0.4857252772687532,0.3026859849161716,0.19008983071409,0.4883988733724278
1265,0.5054753335457541,0.6874834539188858,0.6748734393996563,0.5811681645906568,0.5678030941685398,0.746081110022178
1266,0.3829423998834709,0.7661832316163716,0.560485023667816,0.39604465936671657,0.4927398028907301,0.3874557521204616
1267,0.5299934460258399,0.6252787635376404,0.5316204192693389,0.36914193926598504,0.45929741503758376,0.31843575205187113
1268,0.43472866876166116,0.6175369714534846,0.6020560205130933,0.2742299973255866,0.6665389059846922,0.3515299814730019
1269,0.5270657456961171,0.61486846121006,0.5220552005607616,0.4143463792494794,0.43994182603421605,0.3865724598487193
1270,0.708754241075761,0.811800773795892,0.6938529274724718,0.6958463069406947,0.40969620393342765,0.5233695576139356
1271,0.43682591393446024,0.6627373808134767,0.5547192026457186,0.44200211111053006,0.5443778284240199,0.3342646333507307
1272,0.5098643584764139,0.633563187181057,0.5589707489427513,0.6376115838012099,0.37057534384803453,0.5272440650199363
1273,0.4543151137759851,0.6609934804911667,0.4874646703011116,0.4872497076299178,0.440435295777033,0.41170084596501494
1274,0.38551811971931943,0.6538050684091011,0.5727092193666877,0.4290918735939881,0.41811314743736655,0.4451497030178871
1275,0.5150523309134318,0.6320388571905314,0.5488289982215561,0.6498817601936199,0.5436210731379213,0.40268120194699203
1276,0.6185098032317436,0.6289170008860338,0.5544082349799722,0.5241783453356497,0.5913907853980989,0.3826145125668945
1277,0.43867684801608403,0.5809862677441746,0.6094245449613941,0.3898992582000018,0.388908532665576,0.3750444962018382
1278,0.5917688724615272,0.7021813967756002,0.7017649578246478,0.5403868045161679,0.6027619304861608,0.49216845833967293
1279,0.3977426268963876,0.4794476749207043,0.5055789440060596,0.4024419686818353,0.5210244856006652,0.3892480840142102
1280,0.6635344976006392,0.6527922776282252,0.5285557866707309,0.5816475201033803,0.5229691388411303,0.5667918378746285
1281,0.4162579120093415,0.3098579093146456,0.4433219553977613,0.39026078692056293,0.3897853649210928,0.512038891190275
1282,0.577772465065544,0.501411847077897,0.5583455175547315,0.6264599745409326,0.6005079632595282,0.5583378529265149
1283,0.2668013239334687,0.47892223911404735,0.47093396468804205,0.2900747339200627,0.4218755378887449,0.3339720233080429
1284,0.620560966600739,0.6717338192608125,0.55253810975949,0.4170985101680344,0.3941026863761986,0.5746052423305998
1285,0.428712393553273,0.5274269123934157,0.5927043424858592,0.30963941968814523,0.370727948331852,0.281226141850835
1286,0.301459217345666,0.7407254091604876,0.47894856344582304,0.6183392851394918,0.37520578822974554,0.37733131353250027
1287,0.6241026429758091,0.6574168259096935,0.49623291329254293,0.4592949068956791,0.4380505829232252,0.40534576853417764
1288,0.47751072892525925,0.7539667718078508,0.41073726698817825,0.48216506489715893,0.6177617462072805,0.4493840567657234
1289,0.5791132242625235,0.670250693000992,0.6019761997245293,0.5581923835913476,0.5557874915048066,0.4409335608776079
1290,0.3245506289980149,0.797376241405653,0.4335706371193414,0.3700273336732736,0.49241448010886396,0.37354463892972056
1291,0.49366008280929025,0.7037313139738862,0.6474372541877589,0.3935246034512696,0.45607815390611356,0.3765733372230096
1292,0.6271899357734051,0.7041172980796395,0.5297095761010056,0.42179413405648203,0.3301020506974768,0.3586027917517584
1293,0.5109348124602267,0.8212594180116538,0.6273382589029385,0.36042622529791607,0.5761484205772737,0.3912221421853029
1294,0.5539828729505152,0.8194458312065578,0.7075514370803843,0.31650900077291727,0.36252392942527417,0.4217880029204215
1295,0.5654306460232489,0.6351084513000648,0.4607146569466785,0.43896547617284,0.5080354864269375,0.45887473061221773
1296,0.36417434818075745,0.7141607374792152,0.6486200370404427,0.37278365233646477,0.3666952655813165,0.32426883694562675
1297,0.512503060835819,0.771665454176147,0.5550155746953237,0.4300603244076386,0.4225991563639418,0.5619364297754872
1298,0.6412113940519806,0.6572772093767593,0.6803696782514139,0.4887237507402973,0.46921972020809594,0.5833052153203037
1299,0.4115990547424724,0.7319537228099262,0.5404666397257976,0.4777810196742421,0.4395854244789521,0.3700984501708857
1300,0.35351473627790264,0.5046416481263623,0.4115712677516904,0.38462037194383436,0.1959590683252421,0.4210163277161502
1301,0.3825302085937069,0.5649497970690823,0.6001677796978797,0.4928801376778823,0.4698481642741827,0.22981988536391307
1302,0.46367316912837436,0.6692302606445141,0.501690929152869,0.2744898518830224,0.39082558887077246,0.276209024313251
1303,0.48115110558396323,0.6022065847371229,0.4797282939072772,0.3243519225987638,0.5439327028983794,0.42681793651069455
1304,0.6121862352253942,0.8276958673386773,0.37796661389304087,0.442289506869608,0.4095883611073526,0.35589606785531985
1305,0.4642836680804753,0.6416998154413296,0.5445716016335788,0.6446261733235846,0.575821940675775,0.5674265071042014
1306,0.39070434136333043,0.7139642658171932,0.4144122690775424,0.34866878935341694,0.4479146485280447,0.2941525387178907
1307,0.48214088152086154,0.6005234368967178,0.5631922133213527,0.44356768713310435,0.47592510833572704,0.4391085206813824
1308,0.5120954729692394,0.8633716748572791,0.6705889947247167,0.45266348981983723,0.3723562858439141,0.3441098415354626
1309,0.5748869400238198,0.7545468461421779,0.5575763142201443,0.44441055996901213,0.2788232157051829,0.33267418049698794
1310,0.5714460956584732,0.6483461425040574,0.5453288245354977,0.5556544804885069,0.4973012609763377,0.4534949307456391
1311,0.6936881448157993,0.7575468951910581,0.5898153897523875,0.4989229607436461,0.469681970090658,0.6728693528237382
1312,0.5564584156099959,0.6022237701371617,0.5514843376343368,0.5752953691798752,0.5170506030133873,0.5633092417329753
1313,0.2883243655779143,0.7320149385152739,0.7537291804486239,0.4021998489264069,0.44639243974326304,0.5793018022912872
1314,0.47830072979111604,0.83201477363958,0.6447715448890915,0.4899121961618245,0.5760360310969207,0.4385411028309532
1315,0.5488863927520965,0.6413402002987091,0.5475713704542509,0.5011793803340866,0.5601467458099029,0.4833523924672071
1316,0.4383127607203501,0.7288668596908161,0.5538609819764693,0.6227488683827831,0.6258057472603913,0.4696072075096098
1317,0.6982318519285002,0.8985668332737127,0.6334288637371338,0.6774377046052058,0.6444693765664301,0.5200042980662868
1318,0.6062660698111888,0.7421192221366826,0.617907071931585,0.6824340492248003,0.630685530546633,0.6414793129427402
1319,0.49206348504725106,0.618960136324736,0.4586150063312257,0.45910537885673974,0.5466987034692393,0.5206652257636308
1320,0.7215829545863998,0.7259606057813007,0.6172109728702528,0.5054857606888941,0.5499063753747455,0.4554182761814388
1321,0.5902648361061164,0.5764956593703869,0.5730704955214583,0.6044450725752494,0.4798656454496561,0.4433412310686118
1322,0.5192557360526501,0.8646226758959628,0.41058770647221027,0.5490871881905431,0.5051058092097838,0.5458088609669831
1323,0.5863189520847325,0.6473780873983447,0.7083142914192275,0.5457279046206092,0.5395607295515141,0.48431927902994887
1324,0.3639587856650252,0.5481482490170939,0.5900464480717883,0.2060963281194716,0.5237641538864781,0.43357489470476596
1325,0.33184541391469835,0.6502129152470025,0.7254623629365341,0.43720654377227297,0.47217436079780445,0.36939197583915184
1326,0.49977964059337915,0.709518403315107,0.4464608440132969,0.47342040349042536,0.5454367634993913,0.46718004797168683
1327,0.41008706694927083,0.7287788661081961,0.5038828025609152,0.4192915471029158,0.4539906184060865,0.2127536223952488
1328,0.28966610680256005,0.7239638345670624,0.7348766364747946,0.3663422270155045,0.34931599858119894,0.38383412534152056
1329,0.7058914135928026,0.5984658463849956,0.6013928260196215,0.5147682303700828,0.5758757921965917,0.722565560543999
1330,0.26994841401414815,0.7093326420302961,0.5274037353060654,0.330866377279123,0.2730021483712948,0.21745837199704865
1331,0.42504860436265995,0.6605766188109469,0.6546088965630303,0.3616387673848543,0.3554191369979831,0.3973112411038259
1332,0.5141737379292407,0.8462785844816136,0.4661173328024742,0.2833677142366342,0.3128201459831518,0.3042566597449519
1333,0.33378095582072387,0.8058420612192588,0.4809704836067346,0.269666453060832,0.3326266905176957,0.3110536424424961
1334,0.5239304593632175,0.5955019720619779,0.5818870177341711,0.5949625097261048,0.5433505658949549,0.34307717900867263
1335,0.496700635081081,0.6220528225132603,0.5905643270835411,0.5026568214747116,0.5151039200545622,0.5022676925494005
1336,0.5667942571710111,0.6890707495706763,0.5879989291033918,0.4521531380459892,0.5398689663750904,0.4700895596286924
1337,0.6133336517549204,0.8728674604293701,0.7118289462516971,0.2060067558237747,0.45584414402277323,0.21942523183198648
1338,0.3799349993971378,0.6574704916729899,0.5705641005018609,0.47961956211064993,0.5383224761758253,0.3737429382476807
1339,0.3955917704570712,0.717581129753825,0.45582784079189187,0.37329018709211026,0.48815033667523705,0.36143932719075106
1340,0.5255375078504546,0.6767436693057224,0.5845708218830885,0.4160377776200526,0.49962324539379116,0.3443516551698266
1341,0.5735185977244915,0.6966828067818833,0.5912765345603656,0.5526699083746914,0.5155823048602344,0.3680536029872695
1342,0.3946833282126989,0.816758804261608,0.5061634826691311,0.3459858730669358,0.45296361469754715,0.34720927697829435
1343,0.5194207482418772,0.8243309023862779,0.48547709548018825,0.6323873416973487,0.5035115181306886,0.4181599711541749
1344,0.679265774433747,0.6105304309131182,0.5799547499738351,0.337890010986618,0.49732080882476,0.5678675605897241
1345,0.5809332441898111,0.7336215042610124,0.6885992728229561,0.4052218457824791,0.4501569492696082,0.3656340625563638
1346,0.45127071464924123,0.7558109002310374,0.48990321011109156,0.36630708865007405,0.3165245857482977,0.3665526403194151
1347,0.46420363721215496,0.7527588311831197,0.4742046192375564,0.395039704095888,0.5739621908555649,0.46250595326357247
1348,0.4093324056914168,0.7747676058799966,0.7778134440907127,0.5195203697583195,0.5299718745517981,0.30584126141767976
1349,0.4289442277087973,0.6145362117952669,0.3702158408457793,0.4551212797219945,0.5985419258154028,0.2662537800615892
1350,0.48438727929343245,0.6155501432143408,0.5395513128655517,0.5417465299042258,0.6262915266707539,0.40818861542439394
1351,0.526078051744471,0.7748398110044661,0.6231232301953822,0.5542807615258647,0.538785670192382,0.36523469670412
1352,0.5496771451185497,0.6400532563255743,0.667491156363792,0.5753986566535542,0.47699842441951473,0.39697040105950815
1353,0.5648878506286091,0.6610600979303078,0.6734481188073415,0.4458264887241895,0.6313862104955984,0.4638539318941324
1354,0.4087908358655278,0.6548887501845293,0.5168498840108026,0.4838279432797055,0.41123308494668087,0.4656641357415097
1355,0.41545337253055625,0.7506044448057327,0.5828231619529192,0.4641789660537616,0.3192554990004956,0.34439166427160667
1356,0.6079695161592108,0.7552845925548629,0.7398961693065433,0.5388850657094966,0.5261905334066755,0.2958817242657858
1357,0.5430506996115699,0.7006206551068949,0.6488525769094431,0.46087454276627376,0.4956448737934905,0.3493124092374289
1358,0.400308814024367,0.5522603793178482,0.5803871267880513,0.5140120588245817,0.4519218202071552,0.34303422263001543
1359,0.5867394933333142,0.691389541379917,0.6273722432154145,0.5801589080049809,0.6098120924195524,0.6014908065474132
1360,0.48627002080347115,0.6968599133846496,0.6758871990853145,0.5093497799394429,0.5728143566493453,0.42122260987562526
1361,0.5198089153804479,0.6506133036725432,0.5133216155676045,0.5496643320754158,0.38365389261664107,0.33287418457150003
1362,0.5269335032028244,0.710701107213536,0.6269671483089378,0.4193530076009504,0.47458342947710064,0.5229828917417924
1363,0.6162914720439574,0.6804670312333093,0.45440196547206,0.34939315897852047,0.442260057697741,0.3738627130709029
1364,0.44249296217401807,0.7517141292019051,0.5605677377713152,0.5566410009937106,0.4065078840373263,0.4527934512921483
1365,0.5335312955390473,0.5991120313337257,0.4932937468045559,0.42113317095858843,0.5595225806758379,0.42271323726341065
1366,0.5702504363999122,0.7061392294951021,0.7141447033495695,0.5148604605334186,0.5485204791713012,0.437766505360106
1367,0.5291334793192676,0.40985852034442255,0.49713702526545245,0.4349419249043756,0.5115207400940117,0.2917333279731584
1368,0.5612848797373612,0.8508576892291547,0.7230056361320286,0.42700208970599246,0.2987428554082934,0.375226347799336
1369,0.5453209985159041,0.7679679498741111,0.5932920160418038,0.5318110428111833,0.6722277644744957,0.3675445120006973
1370,0.3820386702872245,0.4593926938396894,0.5011201671343701,0.6045233780696166,0.5538155911621168,0.3659905121322688
1371,0.6048699420281144,0.7700686602778062,0.5539454398575747,0.39301240263327963,0.4624373385036207,0.39048082677826496
1372,0.5383376150945348,0.7169366386539682,0.47871428740440725,0.44307865945070496,0.48694855854456237,0.5382256775910377
1373,0.47122888910372845,0.6741942076737423,0.4835261132993216,0.3930342290324947,0.3518148563222555,0.2784149253913569
1374,0.64873365803597,0.5860912679020621,0.6545150800473957,0.6022204701181443,0.5498027744421843,0.4974444584128344
1375,0.44330809066958443,0.6935146052554118,0.5004558316293374,0.6108375509351283,0.46967095273237425,0.4089739783319175
1376,0.4274548535196514,0.6937752831154574,0.5412260487849458,0.3781890566659869,0.360590956652555,0.46396907548208693
1377,0.5411869727592552,0.8341125520315187,0.5054335843380282,0.48270593995107525,0.45161984195247185,0.4693841198015237
1378,0.3741816629822338,0.6724389805648868,0.7045311277958541,0.4142581443029265,0.3986210687774567,0.4140786104869375
1379,0.56612605952691,0.6783695126196017,0.6473591126321718,0.30512828554112326,0.3194761450620328,0.3725729187711764
1380,0.6415252424125419,0.7862359252264226,0.6640022188700673,0.391768030049636,0.4327971403661484,0.2535348114074394
1381,0.3815471244332688,0.5786056830099847,0.5233679315431613,0.45781543167868927,0.4755128483261042,0.3413662163683664
1382,0.42708949378730154,0.8509214383952576,0.38789628152389555,0.4619816478670181,0.32820691552591036,0.39230485164935136
1383,0.45048137728799686,0.7026076890462192,0.5190853530205708,0.4281334377511061,0.44809476883045896,0.4281046485836736
1384,0.32165621272177575,0.5917688774952456,0.616616512102071,0.516422560074246,0.4796252134985806,0.28451106618686467
1385,0.5992846276930163,0.6043587278569442,0.5754851896285516,0.6517299603649045,0.6429558985280442,0.4925100340086851
1386,0.6048874207195827,0.6952578882022692,0.6558673765975266,0.4575761695436489,0.59877928654105,0.5563798092126224
1387,0.5999540758868986,0.68978700984844,0.6426053749323648,0.5984510875035224,0.5789584825268365,0.5774468678007083
1388,0.5498382268429336,0.788287681781429,0.4149661642191785,0.3462261313573997,0.49619233050324363,0.4120557511365248
1389,0.6219517918895747,0.7533197003340951,0.658200420476795,0.5802403548888717,0.5277972341236098,0.4747003501380995
1390,0.5717216980266889,0.674680288833629,0.5293686632005244,0.5347358736059141,0.6221609181325064,0.5195954477285195
1391,0.5056528627419313,0.7453932183856483,0.6803509255955732,0.46829700827238574,0.306549368750974,0.5005890421630539
1392,0.4814814643134273,0.8734834316403,0.5772500363004522,0.4237566294300478,0.3907098392171263,0.3852880495795093
1393,0.5145763852420066,0.46187625546508587,0.625164828411143,0.3525225574455043,0.5101418310850815,0.49145485813157647
1394,0.5061247562209314,0.6645482194872748,0.5018056698184128,0.4370458422358691,0.2794946263310891,0.3210177016927751
1395,0.6695506872599332,0.6336726092923795,0.6208562050927608,0.607485581015592,0.49071024468876734,0.6051780321380402
1396,0.5989856904629864,0.636291508977441,0.6908499641071562,0.47083349644643885,0.3806328831286621,0.3205696683196847
1397,0.4315793284408994,0.6860243947365929,0.46675419523189865,0.537760682970988,0.4980654080236371,0.3509267488628417
1398,0.5468861256931017,0.7578691148960106,0.5695842075191287,0.4079547252297337,0.6357277107767408,0.435367800162903
1399,0.3544139602248934,0.6994221798765344,0.5081964821368763,0.35781743613968936,0.47008397487987835,0.1939134683096855
1400,0.4340908642704342,0.860811766979114,0.611470096328,0.5333638485474805,0.6142658354812165,0.4986311884856578
1401,0.496853251865655,0.7445271123911249,0.6551979470826088,0.3482373844997838,0.4201271939566394,0.440986740281927
1402,0.47445699797221047,0.5358684154053771,0.5688515791281542,0.6241122634570779,0.5242842787743779,0.3707372134273479
1403,0.515659289093937,0.6518538568222888,0.49472142625764676,0.33684559040618783,0.5478690599459286,0.49086630630489814
1404,0.37230881139673627,0.7114466708083711,0.5958230410372474,0.39452667657229573,0.49757033696122843,0.4744460544770422
1405,0.5160195698425826,0.6272261906127063,0.6484499147520068,0.4809989633326497,0.6297913640795845,0.3634394301050328
1406,0.39484796062778055,0.9043430990568796,0.8015384850625797,0.44116460934965246,0.6166076861801634,0.4640418446051283
1407,0.3399940432452907,0.5345468834151719,0.31331107141571846,0.3860716191686041,0.5098771845652637,0.22477210051564775
1408,0.4129156208711905,0.6463635466411802,0.4520625994471112,0.522121200597772,0.41296496181903464,0.5282236468256133
1409,0.5586810224700819,0.5574610846692907,0.621173699904094,0.5729525873851542,0.5088931899114889,0.39451606951940954
1410,0.6578317306921644,0.7648177170990917,0.5834562335461628,0.415178694920961,0.5539441466559676,0.4231564145843576
1411,0.5966523186442607,0.726552663305831,0.5565066215325649,0.582548227267308,0.5240032806269317,0.4357591107999562
1412,0.5715278542346715,0.8796580162380522,0.6742281757097509,0.32874867866822843,0.4451909398205335,0.2818400890974414
1413,0.5516750472817443,0.6078123995741005,0.6933844341016855,0.5723329614461996,0.4165183171732435,0.4754388490121442
1414,0.4640085992907128,0.7121725436405165,0.5280119004079507,0.434112438183257,0.5412708096684531,0.44887829408586877
1415,0.5765739486273593,0.6982588007685909,0.694232362615802,0.5762044698139083,0.5031639274878179,0.5269323404763574
1416,0.437165715990473,0.6840308941011691,0.42518662737833157,0.48837666288444737,0.36599130454778306,0.5467978827418967
1417,0.4658001116264025,0.8204856819544436,0.6032177469589787,0.3999269143247979,0.4805390329784005,0.4001967570274289
1418,0.5432589236507716,0.5536435478157442,0.4379542315086526,0.4521420072335815,0.5026713948653749,0.3278272637634819
1419,0.6152680638230682,0.45713447149208897,0.6428014412815118,0.5512887669154513,0.544497986876081,0.35345514109379744
1420,0.6032200716797524,0.6232289970528946,0.6414299028704441,0.49450281598958,0.44721690687394855,0.5464372881445332
1421,0.6625912163564504,0.6465770038179167,0.6352086379121401,0.5411654300782587,0.4230968565690755,0.4713961874756373
1422,0.4604761531995671,0.621113966644818,0.6896060412362857,0.2503288481826145,0.45359028891029324,0.27455551363126074
1423,0.6821331639717515,0.7570144377014802,0.6857839671566746,0.5326206873960507,0.46432862008891307,0.550226597647907
1424,0.45889922189601784,0.7883005723092363,0.4729951154348137,0.578078976671225,0.4347803436569011,0.4718374053829973
1425,0.5580114183835978,0.5819061631352243,0.4904075972230474,0.5618522761236853,0.580114129467107,0.6160343969990474
1426,0.5551102029930572,0.6929555059407039,0.5617699019540955,0.4091932606150638,0.4938885851158688,0.5452192448242813
1427,0.5609074445072119,0.6662889119086648,0.612585127316236,0.5552325481351366,0.6724737704483562,0.3484969311412042
1428,0.4858456408142841,0.5257139825495298,0.44179922400317967,0.5738565779725342,0.5639827161123143,0.39543219204081226
1429,0.5163286884028424,0.6616941370999491,0.5002159666498123,0.5059422738883962,0.4309504617972782,0.44725291818150187
1430,0.6178620662448959,0.7053867581446086,0.6515299863253946,0.472305321806048,0.5821744723241825,0.5753896794327938
1431,0.47744202449352846,0.7046866040930453,0.7132830572978309,0.40342792029724733,0.3963116871353354,0.33138030770908083
1432,0.5209452704341929,0.6831029231244896,0.561361243484157,0.43284968930248424,0.3566625735729974,0.4871735622873262
1433,0.7029185671462818,0.7050502595316439,0.6314540089809018,0.6682402830249745,0.567796040317429,0.4487289678714371
1434,0.6693318979705951,0.866504142381672,0.5406850816206702,0.538706363201411,0.7562096951933458,0.15360166350150473
1435,0.313718602128127,0.47403001728798105,0.5289078443932618,0.44924523886743317,0.39390109509919646,0.47517828224418507
1436,0.5486885435422415,0.7022904772523928,0.523721585796766,0.46500451728665637,0.5444672756594169,0.5518511077932484
1437,0.6164694718037549,0.6551589865568171,0.5599679415034815,0.3115575314624205,0.36191868567062513,0.2785968307200197
1438,0.45434285483172515,0.6278252768946999,0.48209929592729445,0.5230761710947351,0.53029997990303,0.4272131957495238
1439,0.5725594554879445,0.6326498485676977,0.6967792704301579,0.5300270834722589,0.3125035224026191,0.2815272579061949
1440,0.6750587466582809,0.4452949071841319,0.6769428545750673,0.5508511489453755,0.47242018366209254,0.2803832307052428
1441,0.5160063339471934,0.7781427399538676,0.5667193471791482,0.5119215872287745,0.42320751591220873,0.5222512672402477
1442,0.5624003567151103,0.6001816963970339,0.5892536612635475,0.5569795693766958,0.5198302756211225,0.516111713630007
1443,0.48289233319166225,0.5936042844889875,0.6237342302488718,0.4870587071093856,0.45655057687494865,0.5138181697713823
1444,0.5525363778364214,0.6562624619161179,0.7199532082346602,0.4234363430086591,0.49322745548287594,0.41238196758375617
1445,0.5452972077209243,0.5619234775496015,0.5537683556019872,0.4275923839151517,0.559368074532263,0.5159802190505182
1446,0.5072631948770892,0.622576969206071,0.4143249387248509,0.4319598179675984,0.40279267520271106,0.3587431248377678
1447,0.5937936073945306,0.7440811414217439,0.5177682791010639,0.5776969506869352,0.39116575243662227,0.5590363692485288
1448,0.4868324452820202,0.8456510655239743,0.4407014711225776,0.4337624308711972,0.528249303967787,0.40520976518077234
1449,0.5216147487307313,0.7990924102974741,0.4752108666610118,0.4574806726718775,0.5176212852086016,0.554354374560234
1450,0.5762695047328318,0.7250924740638749,0.5597615947725493,0.5338728619324792,0.48373077184788316,0.382246978925812
1451,0.47159641769439764,0.6892815615325815,0.5672842873541729,0.3768718628498689,0.3852068029095761,0.4548562873925513
1452,0.4524769772235861,0.6737290316089496,0.45913929745341164,0.33194841601468006,0.43880822400406494,0.49407300547301997
1453,0.42340540680558786,0.7241433934262436,0.7954894946193003,0.3849134708676785,0.3568653151646476,0.30320980799293396
1454,0.5288283224800924,0.775021235963989,0.5332447157740359,0.4293074806769248,0.1491717150696494,0.29980241952778824
1455,0.4730259881283719,0.6692546612815512,0.4765760790513093,0.38958444445928453,0.6446894099507304,0.5638050599194778
1456,0.3938124387542219,0.6659307557893184,0.5239496393257336,0.6149662680305189,0.48977012523289504,0.26908923400486384
1457,0.41232000495608306,0.5352217285926011,0.5395398485297304,0.38661518754092367,0.4989221625699137,0.3289235688535337
1458,0.4426133018968278,0.6925927608496851,0.5731470400410348,0.35740354098753635,0.4806424786169311,0.3166349446408656
1459,0.3779241261636027,0.7761341923659908,0.6524365886279371,0.27215887419379936,0.47239590014157673,0.36236787018236466
1460,0.4128072419247068,0.6300934437936289,0.4798809780325537,0.43549398182839527,0.46893836832079516,0.18719103133535675
1461,0.618153927758296,0.6914128176105474,0.6413564089258658,0.6798834410004316,0.5675265470413778,0.4914528283534407
1462,0.45049134835586263,0.7940887336259546,0.5951185639732314,0.42986759325397567,0.5601638296443489,0.47192115176144256
1463,0.6266798432804841,0.7917137073649038,0.7428314540742695,0.699174978981512,0.4672309304388741,0.6086678746657543
1464,0.5102553944523776,0.7065573275364558,0.5576875613309704,0.5811719260649779,0.4323318619162719,0.4180515203468579
1465,0.585065787222504,0.7989578212581037,0.6615595743308376,0.6808782577244542,0.44196489438601777,0.6728711466670189
1466,0.40947946719326633,0.7488319624650508,0.5622439418679678,0.3898594621512703,0.337297493351003,0.3851954837683349
1467,0.552281169276802,0.5716660866945935,0.6652005447672352,0.6418440612498825,0.48135103591391637,0.38011871378556344
1468,0.5783830989082122,0.5864718170334638,0.5515368885360611,0.5251805857686004,0.3815325620113985,0.406685001502225
1469,0.7239189361333103,0.6429418424358024,0.6694514440778844,0.5607311279470563,0.5384389324289192,0.6055387309453606
1470,0.46323357636001045,0.7264419865339691,0.6022098384892559,0.4848751038589306,0.5024975541653813,0.2744166951745813
1471,0.6487445429000752,0.8713281007424494,0.4686570924157923,0.4217929076381386,0.39335320493246895,0.2531073810345925
1472,0.6520541053221429,0.7333016051327798,0.5873957114177801,0.2085200818507879,0.5657763528370587,0.5545204741584203
1473,0.45324307281056575,0.6320431743355026,0.43549091417041397,0.27445366474109956,0.38682940685883893,0.2880165788827758
1474,0.6447004765317791,0.8573178668886019,0.6244522173989036,0.5818739710076946,0.6164235457441111,0.5106592755582785
1475,0.45420369345451483,0.6230462210873744,0.47308940304908814,0.4076482712510972,0.42151488262636494,0.45772035477716294
1476,0.5903456032680064,0.7701612492337078,0.5835738666074096,0.45909292090959114,0.5942056805860827,0.5209432458121653
1477,0.5507376763457659,0.6888929303110318,0.7309292904262876,0.5598088664790736,0.5904072893541359,0.5126210410149501
1478,0.33040120966802394,0.6540790446903119,0.5766623031658589,0.6093067065336648,0.568426959436067,0.6393265045980254
1479,0.5364328946883953,0.7285603247308743,0.5248206922115464,0.3599455467807594,0.31022582196227455,0.41400715978999814
1480,0.778776840093814,0.7703037367760579,0.7539205837307467,0.49408320813401313,0.674347522179491,0.5921040487991326
1481,0.45003409421547996,0.7444890579832456,0.42082115545889137,0.45389245400067935,0.4626599045128749,0.2539349814268458
1482,0.7167550977331492,0.8790284773719189,0.5027025714659138,0.23574558483792857,0.5901610197409923,0.24373229342381997
1483,0.4822563237590117,0.5406316510279806,0.5320587264469712,0.5318777339185125,0.3182570292052789,0.4276890627548966
1484,0.5520823230267644,0.5931034427968548,0.6475439501248494,0.6147859935572566,0.5173186711676103,0.6527164956376529
1485,0.6382032319863133,0.6825935941751375,0.7264117345841696,0.5417645787696534,0.4755798709568307,0.45305572886469253
1486,0.33279319286432485,0.6691760867487168,0.49339962592538095,0.5144720737569394,0.5898685064429593,0.32204963607522663
1487,0.3822285297049925,0.6696287484599448,0.5295400703584707,0.44762211430368404,0.5068655995931997,0.4176393989432758
1488,0.6251532838640032,0.6861179254527158,0.6689490302953096,0.4366177923210594,0.26483784176595415,0.33581563558037414
1489,0.37590161971869485,0.5463936539728078,0.4477185939692868,0.3177659332168227,0.4469857168383158,0.4013110372654728
1490,0.40972685600155223,0.6496061930587919,0.3925805913243381,0.5020159221247058,0.21989694871728582,0.2536307993644238
1491,0.563543819221607,0.6207512905464928,0.7875047422123398,0.44428588263818797,0.33539558329732966,0.3966295075764482
1492,0.5793669413252582,0.5907017732163197,0.7014891842608099,0.5648822312889036,0.6218645639288578,0.5153250570025577
1493,0.6458849537362534,0.7178859472703097,0.5955411873848446,0.5239826905104362,0.649505387584128,0.47884165026288716
1494,0.5575183240450202,0.5419141006552801,0.6755029820583593,0.5371463466823968,0.594579472454328,0.5511970699447816
1495,0.5085241133044567,0.7066032722464116,0.620140247627119,0.38643652966953274,0.5456077329647341,0.49055146003838945
1496,0.6689031042832344,0.6392613967763818,0.67201608404505,0.5161668538851354,0.5501452035241555,0.46378921591169003
1497,0.643670182870626,0.6381464509086825,0.6200154863120023,0.6137588325742098,0.5734157850685738,0.41258207481059456
1498,0.532550097553792,0.6714737992724864,0.47407237363002147,0.5953374288971469,0.386062338390416,0.3402807801810918
1499,0.6471380121666529,0.5476433072171345,0.6009007439164324,0.49809005465883677,0.5778056614683175,0.45918698828198573
1500,0.6310906312600311,0.713494650420299,0.722990796322952,0.5995004482971759,0.5160832771068192,0.6496004282025333
1501,0.5961564649915756,0.7923051093627973,0.5025255755451472,0.4125701023623459,0.5271300803952979,0.15284193552786704
1502,0.5705494397854748,0.7064653232651789,0.63887766687956,0.4909313996093112,0.41398558598966817,0.2666864388569141
1503,0.3793384022867232,0.6456400515632635,0.5035688195641674,0.4371958307403345,0.5401495134268526,0.3520579015006926
1504,0.4247450296858103,0.8375059379900851,0.5359505331384006,0.5658900817209805,0.30337356013748085,0.5110554550431028
1505,0.7174905729118771,0.7953301479985815,0.5997410006385414,0.6346485227607938,0.3941531672160598,0.4734800470541803
1506,0.3646809750008529,0.5859183961962177,0.5304848679761184,0.5085824213943757,0.46750283224418376,0.361559623631313
1507,0.4695775896389329,0.7710274801381547,0.6782191437572725,0.5027424012779026,0.4038805895576046,0.23627985398335213
1508,0.4581849411885272,0.7327538636661796,0.6085691873495185,0.3671207857772033,0.3636539138658606,0.3579207097397844
1509,0.4247592881327237,0.6884112953606064,0.4933796259710763,0.3954358241511278,0.5261814181628165,0.4418998203573248
1510,0.5729046175426274,0.6314740512795,0.5783876818523204,0.5623103892178285,0.4272464064761365,0.48091567274668223
1511,0.5901696332118108,0.8254439472395105,0.4851161717153651,0.30408438451478487,0.3464866366447175,0.29169039685592024
1512,0.5467931022310106,0.6143755869271065,0.5787145386757183,0.3214673678500547,0.4573711811662697,0.4609352385555268
1513,0.6142158963943711,0.7099974342670545,0.6486003849209336,0.5869582679844586,0.5416666306993934,0.43489505539755435
1514,0.5196988434232419,0.6415042375640218,0.5776858859143543,0.41663383213083677,0.5105449307427017,0.5416681376478248
1515,0.46144415089415103,0.518212744024337,0.45791493801259786,0.5812888152631811,0.607498584435458,0.4177990098542957
1516,0.34967766676221596,0.6501927390634509,0.5813957039642373,0.3279308239290406,0.41200448740094525,0.48237956768353224
1517,0.4878756263632186,0.6123075534186577,0.3990101508903954,0.48749312954065444,0.4461378446206376,0.23709550034569582
1518,0.5781037566942979,0.7602868261749027,0.6295123266577727,0.5666053952298332,0.42989264864871873,0.3913819042239063
1519,0.6519813321958223,0.6551599860043974,0.655214919462948,0.4692517167080043,0.5984937415903644,0.5741176160661436
1520,0.6545375486146475,0.6325825387770112,0.44517767393507635,0.4051164399890625,0.6239647446338608,0.3119581264966547
1521,0.5113342120585472,0.5439148811343305,0.5278909396760355,0.5109588370182425,0.4090505246089114,0.5669876013850492
1522,0.42595171559775513,0.5157507153385334,0.38472410477648117,0.500473592956048,0.47071949299737315,0.46786574274874404
1523,0.604439211233305,0.6290654859366154,0.7382642466528518,0.360502751926444,0.474920527691698,0.48840587490142257
1524,0.2901315842242684,0.7631450453714432,0.48203316397364826,0.5775654014508458,0.5046302367697849,0.5202878675932197
1525,0.6941928117677174,0.7761963686358663,0.7675376926699747,0.43333960675654537,0.45262661465596965,0.4839668286738433
1526,0.5095051505351644,0.5164742879630713,0.6343023877411983,0.3576980237228722,0.3259179367622713,0.48170892163003115
1527,0.44521476814310923,0.7225855771774267,0.49655108675093346,0.5469337529485634,0.5206121374476742,0.3690332686434083
1528,0.2603722891396518,0.7140737074770376,0.6557453589803732,0.26495372705890796,0.4345196445911083,0.4211573421519257
1529,0.7099326487199866,0.6473426887484013,0.6042677755378626,0.4736496700027555,0.48071241104653034,0.5303445967514866
1530,0.3715364432599589,0.6325945056361842,0.5762534835095342,0.49372167610966555,0.43917497609313244,0.41651327335963073
1531,0.5200404877337947,0.6413601015946111,0.6244004081104175,0.6169081046673255,0.4864692909400144,0.3073077847829191
1532,0.6524956681055792,0.7720826648709535,0.6098292522588526,0.48784670498291005,0.36955929142210187,0.41973570942191557
1533,0.526326179025698,0.6443444894299318,0.5662480490911593,0.5035391997512648,0.49040301517163376,0.38154242104152924
1534,0.5594861881490322,0.6160491610693974,0.634047010759286,0.44791138857976065,0.6267791602718161,0.575914650091209
1535,0.36747577245516183,0.6753595104522188,0.43108319550991664,0.4768967325362847,0.3764350942227467,0.19601473301322095
1536,0.3808585506901409,0.7549200472644757,0.493737420253983,0.46078202900126186,0.5442214828327195,0.34102169269093735
1537,0.7004273326462247,0.669095937306294,0.7046216576799497,0.4864427972534222,0.6535828429298315,0.5290290726023186
1538,0.5523203852118751,0.7887884010318759,0.7230967220005127,0.46910750365384973,0.4368262765415425,0.5441347836503169
1539,0.5606301387007357,0.6219924261556439,0.6385268044305258,0.4584072987816251,0.5321266832016783,0.3039047333591801
1540,0.5610763050456838,0.8344076539863015,0.6585469128941548,0.5306551414970467,0.420485998566287,0.47855660237278913
1541,0.5518609096456407,0.7668004587600449,0.6065024484195125,0.5727497815038372,0.5024150300215626,0.3911545455643707
1542,0.6653644901583398,0.8661205444008432,0.7005576932969682,0.3782480474062432,0.42803308278642993,0.3585005202750508
1543,0.34497943246200274,0.7377481104252328,0.41116767497593726,0.42007858809728543,0.41817357054389626,0.4510161925731119
1544,0.40786155507519234,0.8206419430627757,0.5905435197993226,0.3756444267489054,0.5318575039960398,0.3653826116904577
1545,0.698873709786983,0.6746366435014091,0.6660761063978392,0.648502528480633,0.5643303078742087,0.6149126106341238
1546,0.6636857732000988,0.6700476704289964,0.5889835321188803,0.5322298920427773,0.4833695943237858,0.3412181776317045
1547,0.47739131873925444,0.6912860565610588,0.56422896362415,0.3682239461681758,0.2804459665552535,0.34693011424390563
1548,0.34889537436961865,0.6792529631214561,0.4657267178086932,0.44848367125383354,0.4222192232859931,0.48649019653611864
1549,0.25503278969405646,0.6042696421815903,0.5300211891511687,0.3550779744911212,0.28970610443326295,0.3892914963636946
1550,0.4982469988513147,0.7681404456102338,0.6062185572039105,0.5031655909710427,0.5068671107853477,0.4082081339542578
1551,0.4905075139029327,0.6382409580070587,0.6093898538149692,0.38349371204383187,0.4402884714138297,0.470343738944242
1552,0.5732786145143546,0.78656394709604,0.4980778460698947,0.4882762417948788,0.4741927673905658,0.3475489184031304
1553,0.6483116416152487,0.6909283819065574,0.598919857200145,0.6268527328906349,0.40914768194772355,0.48951644096709024
1554,0.4643969660728527,0.7120366944850943,0.4966178883571693,0.3870222386109254,0.19552618669478436,0.2629553687809222
1555,0.5059298943027272,0.65636676308226,0.5708079959901046,0.51498051730204,0.4335798760454252,0.4836347626007128
1556,0.4994822221377969,0.6537986856202722,0.517494844559181,0.5031745770036359,0.6849946304623877,0.5027719047633182
1557,0.5057165056090763,0.7209934258613008,0.5078182992379813,0.4107944473568176,0.43951743003894217,0.36889343345126885
1558,0.45533574985250697,0.6977569373416418,0.6988283975127825,0.3338662258998172,0.2817269572097216,0.28126079956439154
1559,0.5445174317388641,0.5967195581443219,0.6816592284649133,0.5091905877283025,0.43260727694009155,0.5373631271544228
1560,0.5119077859190312,0.7157272678801612,0.6127864769425337,0.5108771435959557,0.47106882866993005,0.5806046862832972
1561,0.6142337250597063,0.7364521469804659,0.6134339584739492,0.6033148288769746,0.43390410187490985,0.42704194154080005
1562,0.49657328784013127,0.49604075710376344,0.3255708025346867,0.41918384220770805,0.3816015399470627,0.3968211939745501
1563,0.4804818138464543,0.715877982719647,0.5730954405689823,0.47064457869724996,0.6104915803133016,0.4301265624338877
1564,0.5202035158251823,0.6739575532705055,0.5744977355249887,0.4365567646607359,0.48434663261717814,0.44744474843221654
1565,0.38234547230455346,0.682653981368127,0.5287383907792446,0.46104729596748484,0.6391613840946614,0.26441827481621766
1566,0.5932264785393618,0.6214546911228667,0.5657634994621982,0.5208229945146433,0.49477540636242207,0.39379467719294353
1567,0.47931291206937665,0.5866974017814569,0.613978979645937,0.609630375367158,0.534282616657751,0.2853528942510869
1568,0.5975778805248416,0.7662477299667436,0.5982638778635092,0.5258194956495137,0.5560566026841999,0.5179894093135318
1569,0.4857936306818447,0.7884113403941375,0.6286230878775733,0.3368576645567584,0.5389402732720637,0.3356786596235757
1570,0.572712568864135,0.5923002977413058,0.5732420442719749,0.6235006486600885,0.6477201912379789,0.4428854026521567
1571,0.5642425659909888,0.7183078064129572,0.5523981130908507,0.49986013370873933,0.5450271166669156,0.6835808887033439
1572,0.5461640013465988,0.6773232823020411,0.4649410662729076,0.6087118211939875,0.4608615893678279,0.3905015589194998
1573,0.6284410279473995,0.7547034995675376,0.562560031537337,0.31533437944946896,0.45016395865136877,0.3712670065381517
1574,0.4941138123404914,0.8657857356648018,0.4921435453175596,0.43119467384337773,0.3531819718539586,0.3290611231068868
1575,0.6888562557658725,0.8134180479095315,0.5749741709998224,0.4448385221947359,0.45287296502213004,0.34945561143307
1576,0.44774131020972996,0.775079883019243,0.524211713034625,0.2443230015237384,0.3267968074236553,0.4830566119060157
1577,0.37722790030282094,0.7494440308991044,0.5640363599693556,0.4718664751225664,0.4253477563979959,0.3375835537570024
1578,0.6351835114784118,0.7264750845351902,0.667285253530961,0.547656948196081,0.4662307434663989,0.3149118087839452
1579,0.45746896159647393,0.7375469151573971,0.46522839076289196,0.2575071203371484,0.36494283370164876,0.24413877697020114
1580,0.676257122924876,0.5983238553446637,0.6120897150363589,0.5908939251801545,0.4888317311300205,0.5140461497969709
1581,0.6395351417744654,0.6977948198372793,0.5798609414739108,0.4387099920107987,0.5839153182164759,0.42248008187005287
1582,0.37581204824259307,0.5722590181293147,0.5305080613739361,0.3789582232477884,0.45701994503358495,0.473244740140815
1583,0.45807041993247016,0.6865530634158411,0.5957187401902986,0.46021591772369,0.45957321963146724,0.5574216305457995
1584,0.5669369728839436,0.7741441521732009,0.6281124780229628,0.23210096782659997,0.2271213611765998,0.3919612174041519
1585,0.526720363915725,0.7821978023431831,0.6298179960893424,0.509453374466695,0.4096963359145287,0.5118028313245887
1586,0.46558797248157624,0.6506568299076937,0.5790314266402041,0.3579046133940095,0.4787600179694427,0.4019565050929899
1587,0.47216011079012854,0.5351525026960112,0.7288929002266846,0.5076316602327346,0.7095266845179093,0.3691806133689197
1588,0.40424600509191805,0.7151762453883238,0.5352103055872127,0.4372930981789064,0.4190966056842132,0.24979381248621282
1589,0.5981355992332471,0.7163049252764918,0.6586901543383211,0.45460980084663166,0.5548899447814366,0.47850022995600555
1590,0.51709672061386,0.7200058192600699,0.5667394593459035,0.6597816304373715,0.5461630100262851,0.6370293179335248
1591,0.4591322730439746,0.7436977839403257,0.5192612080748253,0.4219214597497298,0.46459330637209145,0.38211770524735716
1592,0.36109237831222285,0.6511079668794982,0.43540888898328084,0.4345820471872581,0.5400767091046159,0.3507871106051957
1593,0.5605430273492592,0.6676252863693496,0.4824795041506313,0.4239356789576114,0.3860050713258658,0.262882879937863
1594,0.5409466454896015,0.68633136371383,0.6541710151553775,0.461902845730155,0.4696868149340383,0.539676059821409
1595,0.5974077940314262,0.8179286772832443,0.7227798656845629,0.3218793545572305,0.4292232869819331,0.4731665560524923
1596,0.5569198245820137,0.874243937840225,0.6607477684407369,0.555619032545341,0.48894507496189155,0.3909256090000668
1597,0.6260551913785288,0.7286231820723102,0.6423370253838951,0.5750679151783292,0.4660949488366492,0.53256775978085
1598,0.48469169490118125,0.7869984954946965,0.45989854345144443,0.37462000708108895,0.36704820826735385,0.4026127364999362
1599,0.5110897326966567,0.5293274312326486,0.5538471543836122,0.5072500280060821,0.48414552075989964,0.3828222039704049
1600,0.3959875915269069,0.6501735990577396,0.5872219934062822,0.5544733870425999,0.556986210691533,0.35095591398848697
1601,0.40063723271007734,0.5984982443736693,0.574862830865132,0.34800212749466697,0.3828455390452319,0.37051231348409375
1602,0.49219376746640076,0.781894100304175,0.6434567056581009,0.3178855438984012,0.4168842564448018,0.44376544218416986
1603,0.20817945177001437,0.6000132931290777,0.4092346716504044,0.41645014275160397,0.4304209547703338,0.3952927547534561
1604,0.42753192428594444,0.7089824964695088,0.31935698215153707,0.385383162757281,0.5105460703858773,0.2463751610202348
1605,0.401411937287658,0.7380241005195995,0.7019211662906761,0.4370380575454831,0.4609554044880634,0.43413218178206675
1606,0.611438008538937,0.7927312617485077,0.6522382815530312,0.4570660447836715,0.30625046204484696,0.3845737796578723
1607,0.4492564654046423,0.8605462461070649,0.735487953053748,0.4980253148423891,0.5413902574200041,0.47988907544485504
1608,0.4985414120598022,0.3833860105878379,0.4401194818300699,0.23756710493764008,0.367307070336385,0.3861045477044431
1609,0.4848603254627449,0.6039868141150825,0.5940405419928997,0.48419270916640755,0.4992352397853987,0.24101606040546292
1610,0.6511346477953238,0.5613551220619947,0.6512532025910489,0.4614253940832616,0.5816492467834741,0.5546499326751803
1611,0.5241956264050882,0.7277822732671033,0.6100998654617875,0.576818595128189,0.49258867816624036,0.4847811985306757
1612,0.5947958262965923,0.7184882737445254,0.6074319509854531,0.5052183320665375,0.5240311104073435,0.4678086506650039
1613,0.3064355894792608,0.7438415559733398,0.5909482100372037,0.3014004030160302,0.28717922129217716,0.2812606939027301
1614,0.3876256229833711,0.6027756560732578,0.4537052290896408,0.4836623632492155,0.42416869850805433,0.5886691098238837
1615,0.6248937379672123,0.6804164439184422,0.628392327932721,0.5518336236149018,0.61091233696687,0.5213090329806359
1616,0.551295672207166,0.650770861095451,0.7102844735455577,0.4770833898553441,0.5231299640237161,0.3719581194748285
1617,0.3878283131509396,0.5981772485376774,0.44881013469065933,0.44091415476169,0.3309322460937639,0.32088847370990164
1618,0.5433431892205115,0.6933783611170781,0.6746046660704268,0.5238016401160207,0.4978123438777797,0.5241906849292542
1619,0.6854397733879373,0.7708091198887341,0.6127908810942054,0.5448951237240895,0.5626079335080144,0.42231525141423254
1620,0.3823885318796907,0.5902423820679267,0.4790751578158811,0.5078103263547922,0.2910754961689192,0.3942291262165778
1621,0.49859490421976854,0.7099134427682761,0.6204890958219661,0.628978616477479,0.452550175510321,0.3728283799264848
1622,0.40116740319696964,0.7415593366747372,0.701337809569508,0.29352771436046454,0.4209338020000959,0.459718795657814
1623,0.4549763726209143,0.48385248393727087,0.5309237100379554,0.4611190726185568,0.4263411985506129,0.4738199081306839
1624,0.4213539054592824,0.433589781631525,0.5505491643453648,0.37357705040337097,0.38367167821814635,0.5206089589322564
1625,0.5268694161981952,0.7848262754300838,0.5713097400291294,0.41487702775775526,0.5587676721417237,0.3875913895903203
1626,0.5423766265765511,0.746215158993511,0.6541657964616915,0.4639728576571305,0.49869813584363376,0.3996531087982218
1627,0.5503613217495228,0.7874046560473533,0.6169634069645822,0.3145637372882919,0.4722657026355831,0.4980573057676185
1628,0.31003546684859484,0.6955773202506437,0.44132338480663547,0.35821818259656,0.49670415093083425,0.3906389920078625
1629,0.5452234665040794,0.5310090790639405,0.6250978521228344,0.5682835539350328,0.3516208150160031,0.4217056823941581
1630,0.5336295667617243,0.7278287707425656,0.6232024402515661,0.5575800842861057,0.40790268906482463,0.6051143750056154
1631,0.45380072606983995,0.6491406919210998,0.5504572986364629,0.4216478695680581,0.40457479162355686,0.5610043118148634
1632,0.6105636998995911,0.6384646100993983,0.721149210707948,0.5127140190468107,0.520502536207874,0.3403404490932267
1633,0.564192066285349,0.5744365209809683,0.7881398991039109,0.4395078495362846,0.7462484137746019,0.25828559040319093
1634,0.4365595988989744,0.8093937561152005,0.5128995799133654,0.49271166716805403,0.42801400888145774,0.30432278907404625
1635,0.6564945957578666,0.7627459368320065,0.6672681753031516,0.5008681863923133,0.522586560278086,0.5054343622240883
1636,0.5287103192406111,0.6476548276248708,0.6083716008510671,0.31482543540770785,0.4391185138086332,0.32883263228758636
1637,0.4235666903488205,0.7288038801050569,0.5055852512647067,0.5703411212300826,0.4932313420316624,0.40138076152098395
1638,0.26975779636477704,0.7087823540206877,0.6281547662664596,0.39503053791372933,0.48630207894979466,0.4665971247399791
1639,0.566497312783326,0.6010685023582503,0.49639643995536314,0.557421298799476,0.48690022007024747,0.4650199466780772
1640,0.5356689612782697,0.8477316214844891,0.6477643154351246,0.28516754970155983,0.4308883368509221,0.3944348627589929
1641,0.4008648756710287,0.7137601399194433,0.513059045423721,0.42681558510398776,0.5812573287979398,0.2343215359915577
1642,0.4595980010575991,0.5300244224675696,0.5132101819501752,0.5120953356071587,0.6181436447553103,0.42506584609544934
1643,0.6034715217090512,0.6986933341959971,0.4721994412116467,0.36817361795617326,0.5930826972431588,0.3926043219214518
1644,0.5699466777438909,0.6982040650467619,0.6627576690748314,0.5778745070903283,0.6187375302257643,0.4119692112339203
1645,0.46505977267028525,0.6640775906065091,0.6058263420653003,0.4604758742659863,0.44366119591222813,0.4252187999446689
1646,0.31546208153742206,0.6017476268945633,0.6450441996768855,0.22271250245689836,0.40890286545105836,0.371500091500601
1647,0.44943424713508506,0.6924368442608294,0.6228708359400388,0.5043806155262923,0.41836291059377284,0.46774866224631145
1648,0.25751555423865946,0.4420925403157239,0.34521161013335844,0.3153072413498014,0.34077860347784245,0.4027493546147759
1649,0.5167970437845676,0.7479967973556823,0.47362790267242166,0.2697686957757084,0.44365829104771665,0.4501958972427516
1650,0.6280043901514984,0.5883611166279988,0.5741883491325602,0.41305517915401446,0.3926498135226791,0.3583192905212894
1651,0.6301238801807427,0.8242834031880593,0.5044157670954423,0.5010314303476651,0.49451645346440354,0.23689608111060245
1652,0.38656373552206796,0.6610133605447839,0.4483078952320238,0.4174453538749802,0.4269765197008997,0.31100144013380354
1653,0.30329544672888126,0.663743690573111,0.5489843542913919,0.4138859958990295,0.6002344557751,0.4996018651995157
1654,0.5777219304665795,0.7992495457458442,0.48762067927595487,0.5208756082825096,0.607803084794159,0.2999516195257741
1655,0.5309011711093191,0.8223086792156822,0.5511681503844903,0.6306824030517394,0.4210935818186174,0.46325645214111316
1656,0.47855580801490033,0.6650011825240095,0.6403136700766944,0.4710614941891335,0.41060006322695075,0.28611209279178484
1657,0.5947431205655194,0.6695641820835444,0.7487003484586372,0.32944993865036254,0.24922752766500633,0.4120080811380526
1658,0.37447372874927276,0.8455956714020156,0.3882304967004495,0.3287748451908748,0.4573469640452873,0.48686409018303645
1659,0.604914969503524,0.7151027202855152,0.585215208818472,0.35312595018499493,0.4858059214459258,0.5665689302859236
1660,0.42760670077075,0.5960997662224986,0.533796651503716,0.32080824230106053,0.44990131415541246,0.5512903574291176
1661,0.42231849469419724,0.5145166132176172,0.5627104741444141,0.4105854608943646,0.4519158143216532,0.4393220180231617
1662,0.49405581559693046,0.6610810730533828,0.48782057844880405,0.48812135428124714,0.5614024207810056,0.47427154400857396
1663,0.5182299293768854,0.6869986625084684,0.696443258756058,0.26903020611225237,0.24716578508788958,0.3380636798640045
1664,0.5647549556918688,0.5767123822474931,0.7484229131406077,0.35427511758009367,0.2688337443492622,0.404953067852102
1665,0.45170007809535756,0.6997876872679873,0.49911318613610806,0.5973292491702552,0.4634343229629013,0.4401013899959536
1666,0.6596817722382506,0.8461283683231354,0.611075725040164,0.4853629437785211,0.5196352243673485,0.48803005110575903
1667,0.4337613336238008,0.6507169575350309,0.5331757556113605,0.5243287802221058,0.35895350094325884,0.3755464540197809
1668,0.5652158810989616,0.6040306753315989,0.3800991602486107,0.4279272745954998,0.4830807512581543,0.4276985643202768
1669,0.37940292430749817,0.7697253187433807,0.5456607729636184,0.49681740292303456,0.5543338849445535,0.3864551113963597
1670,0.6013230392531014,0.8900757666952323,0.7276578632552047,0.3973270133208714,0.336703088569901,0.4192800336520372
1671,0.7625236877366973,0.9409626531839955,0.7272740131813092,0.7263185580257854,0.8360468901981755,0.6867070727238223
1672,0.6570681415077863,0.7241505953488058,0.709102428004641,0.46050232398974345,0.3928597004034563,0.5243780731770131
1673,0.4045929134719433,0.5807541686118345,0.6448094073034306,0.3364371362211355,0.25608905431168966,0.42946132479704685
1674,0.5227087079871281,0.6201433990087393,0.6253351770518006,0.5869866017161015,0.44230752073796376,0.3221655915000252
1675,0.3177396210760441,0.41400235756818726,0.477499750359294,0.43510599884650586,0.34348977798629926,0.40827362872052386
1676,0.684963337946199,0.6409236904210753,0.7321798370554405,0.5841855546439351,0.6805443029437855,0.7056501350213897
1677,0.5987207015253498,0.6231675398142603,0.46296276693506105,0.3727012189931424,0.649746177336298,0.31860548010965245
1678,0.498641609089495,0.723158327349239,0.4886212575496506,0.40598176347937714,0.5714624315236619,0.4034384577365057
1679,0.45426338843807684,0.6897505207922914,0.4898670327736409,0.4824809800288028,0.5948685770912827,0.2779470336250996
1680,0.7357866196079186,0.6936205541746367,0.6766227082588617,0.5220244150820466,0.6548823962659632,0.3680009183925359
1681,0.6980785993595167,0.7108168189256873,0.559463207709699,0.4999118657388299,0.5266684071606363,0.4033085366796162
1682,0.5233729899532042,0.7689828828346075,0.5930282142316178,0.5356802783267058,0.5867334246760636,0.37863616768626557
1683,0.38259649918014793,0.6175109409043077,0.4894277443951621,0.47237245430881086,0.4698132171869055,0.42406505861532884
1684,0.6326098246074363,0.4492657278000398,0.6435198848677549,0.3933713382737744,0.6046976123730335,0.5318824636513982
1685,0.6854607291149677,0.670007745389649,0.5154074402543497,0.5710931433446554,0.5343089045939643,0.44429125578099543
1686,0.507227047943352,0.8051564047351459,0.7189647668980703,0.49129010563982906,0.4883444071035909,0.3717606724835179
1687,0.653120916412266,0.784688098795116,0.5432651154084054,0.41101567382409165,0.43693468972549904,0.3517616554113941
1688,0.5460332736826098,0.8475845606111817,0.6372611347584219,0.28826920557571667,0.43181840382918824,0.4073355573573867
1689,0.5651012460643463,0.697017321052414,0.6379252469557385,0.60893041189975,0.5522226340338742,0.7089767196337051
1690,0.4902818249170301,0.689428453941206,0.4524376499629602,0.3855878247058983,0.4459996495924239,0.42070485040007277
1691,0.5292064850334001,0.6983538622554236,0.5981298389446718,0.3605400327453141,0.4342078901866401,0.28618133755714503
1692,0.45147486008876814,0.5868301867898946,0.4844100474601521,0.4605471708993748,0.5070824875623684,0.4285979495702859
1693,0.628614623297515,0.6357121530498582,0.652595176654091,0.5199543763157995,0.43596834713284455,0.5465671586202846
1694,0.5644951458366331,0.7544825410407747,0.46655361479631036,0.41128095513022045,0.5493359536424531,0.5427858295533149
1695,0.5157946096104947,0.7414657758731514,0.6573728076436895,0.4376646464095989,0.5122392395645942,0.3707284745104971
1696,0.6509131119906606,0.6881507845291112,0.6432560158710289,0.5314358861660111,0.5484013256939534,0.6381972358514326
1697,0.37676201903598633,0.7093235810305865,0.6309306341098675,0.4157606427200169,0.4764008464255328,0.34727711584961907
1698,0.4612127184954068,0.6675968599139288,0.4453771205756192,0.3474709429849904,0.5159673388948874,0.35647473317591893
1699,0.4917754503629349,0.7102864080235782,0.47609427362514595,0.36203867345718554,0.6194376265351347,0.2511547556472105
1700,0.5296415912046886,0.9364139335747164,0.5868126750570877,0.5635138776488742,0.30002849631307765,0.3497152611413738
1701,0.3626875828585943,0.8500455589484299,0.48730959350256703,0.4176808806642414,0.527405271021748,0.4080576043962298
1702,0.6495952019493042,0.5398523434995066,0.6591163657588556,0.6043357972297679,0.43209465631147276,0.5677762055381501
1703,0.6298069989650649,0.59028576959821,0.5091874252520199,0.4034940771005634,0.3624828331724151,0.36975911665861727
1704,0.2997355627651907,0.669584863621538,0.6383697869684565,0.4743196014586777,0.5106814266210453,0.3930782070313513
1705,0.5522642902083155,0.48605209872057664,0.5100880678829354,0.4191984589602666,0.6262054498739112,0.45427417190967473
1706,0.48050160387193014,0.6980286667474089,0.663849841888161,0.633716785613363,0.5599721996035254,0.3744407906518038
1707,0.5100202064865468,0.5634548763217324,0.5798702708955328,0.5055683807644334,0.4986470712837579,0.3125231757031749
1708,0.5155128398931966,0.7471382730810069,0.6924308389250343,0.3938136147848413,0.3455596107412599,0.4470725759286585
1709,0.48994947239186754,0.7353614488977068,0.6665318267527315,0.548961802389087,0.5348826034823161,0.6897004495925279
1710,0.4362462683618437,0.7108838170465861,0.41323919251538954,0.522546637883686,0.48259208036418577,0.18461722130361638
1711,0.6554962656067786,0.7986186600289015,0.6386836434872305,0.26000055710247205,0.5942858834796282,0.3849457588684824
1712,0.5041853228118293,0.6421880417254382,0.540772774611375,0.45984920592521483,0.4203487608779044,0.3573663523652385
1713,0.602208299244995,0.719962591471422,0.6122927853722521,0.4011284237931266,0.582946608619224,0.41747335525770896
1714,0.33602542242489997,0.7519186912952261,0.6484322718669313,0.36215812636992095,0.5428518898765066,0.4606949222557256
1715,0.5391243391597286,0.7745102183983487,0.6706671847324239,0.6938602320063589,0.45015770109432457,0.327916050404873
1716,0.4773157956569021,0.5717407849869492,0.37313673965000826,0.33861350673716367,0.26237520566486766,0.46233290152064943
1717,0.40221905387936396,0.5832782167851003,0.5579137148813147,0.3968280860604438,0.3517438814967912,0.3364680292682568
1718,0.515562853710112,0.6016845986434398,0.5606685360660842,0.40910048090811774,0.5409597435698559,0.44982346369413534
1719,0.4838913447926034,0.6667287020891592,0.5354601225095212,0.47061100197972344,0.470890087452072,0.47003560229094316
1720,0.6086687840415131,0.8041576876885241,0.5899797895528557,0.4436705884056458,0.4723628335797733,0.2955791436559769
1721,0.5430662817938805,0.5939100513347543,0.680628457492587,0.6197768930772258,0.461219355884558,0.34516987768325913
1722,0.4049926798380762,0.6868538535412388,0.5677860329078892,0.7580187037214458,0.5363270882134897,0.5735982021848443
1723,0.3416355917262843,0.7254703736641546,0.6597955631662398,0.4894697533531149,0.32198403703901035,0.3729005831867635
1724,0.7156876554425123,0.8699382997430603,0.6384997457452642,0.4327120797117481,0.402792790377393,0.35569837904497564
1725,0.48841304238959066,0.7358895419226534,0.4562309719407944,0.21394732140028688,0.4096108553812614,0.4390006809332459
1726,0.5016314030007719,0.6106913352437398,0.5425315324495741,0.5534419167648335,0.6020515992564268,0.4349533899714827
1727,0.46329020688360156,0.7047820077124012,0.5986070296645424,0.31771945950873365,0.4929176088029265,0.46926201436349035
1728,0.5642643603369408,0.6785107480416711,0.5782788055537618,0.5541875566395164,0.6163091985075753,0.555094448680491
1729,0.3078390062405396,0.4806078301745654,0.48361926962646906,0.5164129073965117,0.21757977255062952,0.7307189340155666
1730,0.6589028240347368,0.6399056617105185,0.61313857225105,0.4908969998562085,0.4677785698087991,0.5140672531609334
1731,0.6706010152317453,0.8787169599251687,0.6720779296344247,0.5948253686858085,0.5023509003843759,0.5717718428220108
1732,0.707558299321666,0.7499099515845951,0.6306011302765944,0.6042452329972714,0.39068036819484014,0.3913501749968549
1733,0.5448257839260955,0.6149502791003265,0.6299696148329224,0.5543362816951465,0.653393029776376,0.512635312780589
1734,0.575951735476839,0.5973365502529947,0.503584790558164,0.5367466693713298,0.38070747204655947,0.5960370232195965
1735,0.5009010146370518,0.655119508459927,0.37524223712212845,0.35092586474354814,0.5090662418135075,0.4408759689535493
1736,0.5545159176752475,0.7439832785577589,0.463621121940274,0.4549954946106204,0.5541843807364738,0.42956271114204175
1737,0.5405505466235369,0.572804036431928,0.5899921761022207,0.42894946210032653,0.5368731894579356,0.625455494047288
1738,0.4110828547521953,0.582789122773018,0.46504401081102875,0.5947755741513413,0.34744821316978586,0.4089841538090088
1739,0.6069182249092685,0.6708665141150361,0.6986793207469668,0.5727367848773448,0.49511782081305866,0.45126153686657466
1740,0.3372347149677255,0.6613397289513527,0.6450428053661126,0.36484830787890665,0.5986595709610253,0.4085922575435182
1741,0.5144301025617025,0.7476048175854727,0.48782217368091796,0.27699470490080774,0.3720937367552568,0.3885792586089037
1742,0.6133755549159027,0.59259591796211,0.40815102091776445,0.5239991438852046,0.46752630185520205,0.45923329636700955
1743,0.48224007253870077,0.8359244790082756,0.6251915609594431,0.3855902313573262,0.5444736262384139,0.4110949653636476
1744,0.42442384878251743,0.6418749978960141,0.6220125946840432,0.44304620851616994,0.33499591089811115,0.3294407856344969
1745,0.46013303643285747,0.7182323642913045,0.5466639933421769,0.559882494932232,0.5411921771398049,0.24594890893946486
1746,0.3861562451801405,0.6781269256161568,0.5292721758424919,0.53925606055876,0.4683166331101429,0.28361082336318477
1747,0.38475417770211207,0.5770868654009669,0.6674512108934547,0.36993265648924356,0.5472660017611308,0.5681881006275364
1748,0.5803215403250294,0.7855861829681517,0.5287101260578351,0.45429362472341345,0.3070879063313212,0.18731983032503188
1749,0.5488301278645289,0.6642355264369273,0.387357682399192,0.5898865543311405,0.503698437995786,0.43417003761687684
1750,0.6330513399938554,0.6569088666535732,0.6447407745220453,0.4177658366129915,0.3514998254829899,0.5575695050816829
1751,0.5181746163057495,0.651518055243314,0.5167840879966041,0.45472330781743053,0.42559694747003607,0.5195619933522772
1752,0.3446440504400896,0.6316756822668819,0.5620398443890208,0.3669453149209276,0.4787078156527352,0.3432638569886436
1753,0.6879693062825387,0.6410093032883831,0.6967235740190755,0.5211825844301246,0.40953687848438125,0.4284852057349895
1754,0.594847343459596,0.6345985565506916,0.5728238180727554,0.5437128053600849,0.45525950616060734,0.4423539700110935
1755,0.4097949324756428,0.7424086768995244,0.47059943486055184,0.3377432640426799,0.42252116730496736,0.3927928510037505
1756,0.4107458720441934,0.807079994027186,0.6994201174610702,0.26862581746226233,0.37350195125928354,0.3374594310772701
1757,0.7177177443123273,0.8471642830336386,0.6449361028430602,0.38142742606781016,0.3965210890686072,0.40659187235389527
1758,0.4921972382019528,0.7278728648695882,0.4217654480184569,0.42688178497621276,0.510357735936356,0.4608067814438844
1759,0.3846735087493888,0.7222128901252881,0.6345559497574417,0.33745070036943575,0.3460388182108964,0.45429456908802507
1760,0.4971223267669753,0.7159541116291555,0.5241960747037682,0.454665430054397,0.4598119659076431,0.3033802862013702
1761,0.31730548535555,0.5801583261823097,0.619691707257209,0.1855849023068755,0.44505834146086776,0.2788881724020098
1762,0.558984963038641,0.7746346238014491,0.6495762753456166,0.25393328660227205,0.44574281272528504,0.3299297152403724
1763,0.5631228453999616,0.8032275746909074,0.5309754620531797,0.39473741729145745,0.43051467960284395,0.40075588830810194
1764,0.34841677509649116,0.7227369170987573,0.6182272609288613,0.5023591991077919,0.5806664078350728,0.443285008130802
1765,0.6717828239352654,0.750167487681373,0.5850488599943049,0.5873311202382363,0.5021271888452619,0.49038790858597237
1766,0.42578566210207436,0.770017113234421,0.45469750081240623,0.4383794823375893,0.4361311997338742,0.44249787570612537
1767,0.5438352982470417,0.7162173563430035,0.4958604444916866,0.4895569334804656,0.35259180204935836,0.5061467396743905
1768,0.40390346938467125,0.8331781243589306,0.5603009889045273,0.22397262041410576,0.42231759516897777,0.2622805091697487
1769,0.4386190550669493,0.49438122271633955,0.45575947692387586,0.36989081572719484,0.37650318618800543,0.4050766065965099
1770,0.5254019065327054,0.5787497529431143,0.5605133144339081,0.6166141999253336,0.5587793440222791,0.4096858510606183
1771,0.6655871188004797,0.6723109051665687,0.7220154641276162,0.6665442988368923,0.5760729922813818,0.36047475909357796
1772,0.43918554795695586,0.5779233819347209,0.38451998408098054,0.2556293230343069,0.4513897913273312,0.19147196608049608
1773,0.47941652139998003,0.6981736818816593,0.5824258123669502,0.4694817517572321,0.6005805892108889,0.6125678615072531
1774,0.5593205698840761,0.711289743372628,0.6062992545038082,0.6492660106942127,0.4906230463849689,0.5357990806724707
1775,0.5422180492512565,0.6922015547387983,0.7099622242876026,0.4821820182500756,0.5345320028532858,0.40220845917480763
1776,0.47504729995121797,0.6921797262774486,0.4843661186999264,0.46191473850402054,0.5717338267789486,0.4998096042927004
1777,0.40635721823143917,0.8259599492234405,0.767386912255393,0.6512160977985045,0.5868265657096282,0.5965686682079555
1778,0.6100607115523304,0.8411749030605246,0.6913650151725586,0.42032811192174707,0.49299828638149157,0.29589805049179724
1779,0.6417705971595193,0.557086889286745,0.655737229129908,0.6253482155968869,0.6247896922978624,0.5017584855011872
1780,0.5996189105985101,0.8404628630571493,0.5250931215963416,0.34706132773659654,0.3354057445018825,0.2612960249760345
1781,0.4075533371164889,0.6258393041112319,0.5865489615850845,0.4281461645336888,0.5148406819209959,0.33509619693950626
1782,0.5326272658674809,0.741111719263269,0.6129502344465472,0.3405031974239043,0.3108918751228861,0.23503469059837123
1783,0.5481940905888125,0.7692123702372184,0.6228010278468135,0.34785790973237474,0.380022678907028,0.4300994071784866
1784,0.4382497823195783,0.57601421923568,0.436212390413002,0.39227222849129406,0.5673031177397245,0.38106623213593005
1785,0.46604509714182724,0.734120017956572,0.45095932744682443,0.45581411605434674,0.558476431570824,0.4036636760683271
1786,0.6596713242519364,0.6956683079105682,0.6535528433285731,0.46698032325674077,0.663492978298091,0.46089059288070877
1787,0.46007024625179327,0.6760245273985189,0.5996645710725219,0.5736436484886911,0.6208558884740575,0.4552675508126352
1788,0.5438850836442003,0.5767374242497932,0.5474329667624728,0.3249800510788423,0.44536871871942807,0.29889779616685136
1789,0.37932842662659383,0.7219915463340814,0.40995433920062485,0.516525179790854,0.4414899389025843,0.21560028941877032
1790,0.43607123482083754,0.6637627094050925,0.626493038208428,0.4831612026046063,0.6023679001900571,0.366094206827942
1791,0.47505295636997763,0.8129916547103144,0.45798244306796543,0.5393747815533333,0.42360745739703154,0.43742537854563324
1792,0.4605488443299549,0.6371304403268924,0.5472030557457898,0.3806197652758099,0.545774383643947,0.35197286519270127
1793,0.531239557888929,0.6371883494339888,0.583886458501287,0.47883652613744715,0.4841457057743972,0.3938140146186122
1794,0.3636232174433812,0.7164211359233692,0.6396925472417728,0.551860426082537,0.3616664078559241,0.5613806969618513
1795,0.4148679439094512,0.6940172514233148,0.5987661578919031,0.5015537415939149,0.6357111539957674,0.40223537419248534
1796,0.6434663565626403,0.7687257177800301,0.3931021422110398,0.37275205259501526,0.49346750116242594,0.4807371815709166
1797,0.46452325195815913,0.6908207627174415,0.5344869728841449,0.4969095556469559,0.5849047752316809,0.30885479636763324
1798,0.4718235302041349,0.45826979115993066,0.4342349309440893,0.4591148009099696,0.41766471788918014,0.3564978399016967
1799,0.5571106898177213,0.6989101393078652,0.7471379092046606,0.5473312322027971,0.4058602569392541,0.5784932417101869
1800,0.5491972195419391,0.723331712332166,0.5606712734242021,0.46701342387043027,0.43124133151641586,0.3896551291839999
1801,0.5771690779725689,0.5584754991333051,0.6641464195356017,0.5482773741751165,0.5225924649631951,0.6020811208989516
1802,0.5239200861189376,0.7409277299339517,0.5466348763903289,0.3926644827269811,0.43189399863854494,0.5209504631339196
1803,0.42545269268528124,0.6741474397107569,0.750164784481675,0.3569390042511634,0.4006040371120603,0.3106610336767195
1804,0.509944803809081,0.751876719806578,0.6831500709204015,0.5230870677694638,0.45026535210076085,0.7273632816523861
1805,0.5575779378913213,0.7366993634883283,0.49933793043648794,0.43502801254486817,0.5219005226169751,0.4457348664175337
1806,0.4088192605266402,0.7717595455819013,0.7807708352607738,0.3171563824352013,0.48417198540190476,0.37978052066584655
1807,0.41287936444994844,0.4755064128225078,0.7213136546041223,0.3312187370320083,0.6182254014350544,0.2502704003792254
1808,0.4488622266595048,0.6665695699574052,0.4572950544558611,0.4538092274269738,0.432197451657799,0.40796533104109184
1809,0.65142860571092,0.7350792771446971,0.4314514470704451,0.3831182735918613,0.3848801519965424,0.3549345631457778
1810,0.5131902777092674,0.6309866768109939,0.5830857313308986,0.6587812118782809,0.47708360188151344,0.45676423226194585
1811,0.34696990408394596,0.5503903056076749,0.4214069355925976,0.45680635278496906,0.3965095418690266,0.33117128270513674
1812,0.48558443206566115,0.7441301629141879,0.5660935282705322,0.5084812199821719,0.4724588517018944,0.36094524071182454
1813,0.49316164850335903,0.6440647871015096,0.4920225853183784,0.4122050773656876,0.5669784914578684,0.5195115769837024
1814,0.5351989482556063,0.7428941216537885,0.6482731024924322,0.5881879611637596,0.5595235570838956,0.6612585640818428
1815,0.4335250993286403,0.5092482841219134,0.5174227891697262,0.4896459052206451,0.47892133171614043,0.43213851300551837
1816,0.4693285199932753,0.7403535182786445,0.6365582620858632,0.31506355910884626,0.3161375625446817,0.30317901370648004
1817,0.550654447328444,0.7493193102487967,0.6489481071990757,0.6282998820564996,0.3986484713189183,0.578249258026889
1818,0.40032637421117473,0.6051664548067428,0.5690232569003529,0.4810945604198784,0.6676072623720217,0.3852549091157616
1819,0.5230035544649764,0.6266677421589573,0.6802370574178779,0.33836380925655996,0.3622986237726664,0.33911888542791824
1820,0.6210068222303459,0.8596239557240161,0.5857127170830813,0.36564889003453255,0.30772850498657595,0.44115710678789094
1821,0.5305779468172986,0.5033835604345874,0.45259145450911525,0.45200361583636595,0.5023285283172313,0.26884719590010336
1822,0.259813472431718,0.47080202161717527,0.7654899925902754,0.47463104056732175,0.35770148914150907,0.3564346086657871
1823,0.3381794552410741,0.6027694144473865,0.588575358903043,0.2880981622965618,0.3924835172999636,0.41496177183887006
1824,0.5345339472795452,0.43857661573557033,0.6858914652787031,0.43809277308168865,0.5764727148295907,0.44330139654984246
1825,0.6875234777654151,0.703449173987494,0.5375673180858052,0.49235793031587266,0.6345833514938004,0.5365334558149829
1826,0.4866533172713197,0.6569929135101474,0.5725305303043544,0.49722277511594887,0.39666144195240227,0.43547021796773727
1827,0.4040681862613576,0.7202090916517618,0.5957008175213431,0.3023535728551967,0.4839680145115009,0.4967726694117751
1828,0.6093673942204306,0.5188994026439915,0.5559870443242917,0.562316431166883,0.2929370851914702,0.39139765228862355
1829,0.5478170305859763,0.6766956675609817,0.6035926999069376,0.5952675993663693,0.5109637189087984,0.4313591149183631
1830,0.5794037596524931,0.6357663543134613,0.5434223093083007,0.48337958361016864,0.5330937271478402,0.4852873497042543
1831,0.4134182572406317,0.6098866211003047,0.48802502914964013,0.5233651772772487,0.47640439930765804,0.3691804080695965
1832,0.4465374265115662,0.8345504718575903,0.5448347442736053,0.4416834101403039,0.5631891169990489,0.2704230750377784
1833,0.5062466889101167,0.7153939908460947,0.6554354467828961,0.4627734356729223,0.5154607159369107,0.5941022386280694
1834,0.6232539733611867,0.69161563741377,0.6315389102054905,0.5628544272075695,0.6131264534833631,0.4577498855282114
1835,0.49735883657962443,0.5629805467916593,0.5963775275172866,0.4603138681114901,0.3245794718174305,0.510660483179064
1836,0.43002535618636717,0.6798339313561929,0.6049812942212169,0.38127737477090584,0.4344419311581078,0.3375014161595401
1837,0.4269087773150042,0.8007578080082447,0.5437358193073609,0.39034568291576516,0.304752295930561,0.45142584178150363
1838,0.604041881806525,0.7139846314585485,0.5022311336468657,0.5016976434374869,0.5114321574323417,0.3457145233362181
1839,0.6373269248949761,0.5467817835959132,0.692551793721307,0.4996677923838099,0.6238077185531752,0.6470732420371086
1840,0.24908056878494098,0.7199632030400184,0.4342633747172617,0.31356789103030336,0.3269822000250891,0.3792623227244186
1841,0.3407071777648551,0.8417288895017854,0.5425367456376298,0.5024709254301265,0.5798313296529394,0.5066222785250972
1842,0.5518330316473826,0.6535587156818446,0.4319509686259505,0.48390209925350147,0.49149737341990446,0.30554054514309603
1843,0.5083126556043887,0.7132916311806892,0.44214502597364186,0.5275545048668127,0.41143870529961746,0.3997168749032215
1844,0.3857656222325244,0.7353163554078478,0.5396887298961847,0.45647042212122496,0.637887739716328,0.34371725327982927
1845,0.4018997828717037,0.6364805728205198,0.6613237400105685,0.333744308624079,0.21356761989493095,0.22024100767081142
1846,0.5070149312269774,0.5981341858580469,0.5032059719474637,0.4891334631203227,0.5493270112414818,0.4718136624779098
1847,0.5529438638727451,0.8737055331290245,0.6473457188120031,0.3263631611752755,0.41127538087232285,0.30944770022041584
1848,0.5320978661382172,0.7363853028477572,0.5158465879113633,0.4989327711068551,0.5010849652478676,0.2537091896897453
1849,0.5331673000580867,0.777745244094912,0.3950970824934061,0.468200513548829,0.4801652088198067,0.4335064288123511
1850,0.6414180301985332,0.6466918128545219,0.7079097289920224,0.53886837625721,0.5825321940484601,0.6003987592917986
1851,0.4731065576276839,0.714305469042076,0.5782603239394098,0.5179483411587232,0.5903519919608098,0.4799333636726893
1852,0.5645214683440795,0.47792240470136393,0.5399763382347713,0.4944019061596747,0.4081983839245982,0.32411591516242133
1853,0.5964030234082943,0.6387082671576967,0.5040786553789245,0.3589711272612269,0.3135336171414688,0.2359015712006237
1854,0.6157216530626918,0.6604020177240951,0.36227645266384706,0.4611437420855306,0.43370330281324077,0.2287826389969735
1855,0.5758686217190383,0.7966985345956068,0.27246671300861103,0.5570200486142808,0.3823854843558364,0.4276385265916467
1856,0.41706657891806576,0.5276804509760444,0.5829085617405138,0.5312442221680006,0.5357293978927133,0.3730061350081501
1857,0.47985510793229413,0.707720062425576,0.5732699720287,0.4306223505679601,0.5956353290952142,0.4101318210127793
1858,0.5795048337761642,0.6744597989647477,0.7715314220095505,0.42935289859588155,0.47003349398055144,0.40350408586492514
1859,0.4432617106203399,0.8938109736836618,0.5525646316293777,0.23757876841421846,0.5842840607235473,0.5841668097888879
1860,0.4844083353232342,0.8080311303850516,0.31559205451738986,0.31842099259925266,0.34209606909136886,0.15746729073392138
1861,0.42789584144901677,0.7050806529672984,0.6648427608563028,0.42677134619588913,0.4382140670425571,0.5285951543052686
1862,0.36196469595276737,0.7603808658840594,0.5349681804457173,0.5015616963937501,0.4791536723924646,0.557408196062213
1863,0.5060903389165262,0.7835372254893281,0.6500328735669855,0.36202147556647885,0.33311098540817596,0.4922357684552988
1864,0.42888879486112413,0.7108052549772759,0.4558187446442226,0.3894765047598081,0.40068286590802543,0.33415148099176456
1865,0.5459320571906751,0.8228958598326652,0.7738421410815397,0.2712704103400615,0.37745253717931954,0.3569383861583255
1866,0.4143367369236877,0.7687189915785065,0.6312540930807954,0.3614693798693075,0.4294484083229396,0.49041229535128766
1867,0.5117635098341561,0.7861156784451587,0.4774749556352709,0.4151225843535167,0.4553305095740888,0.3752631947945074
1868,0.5443130702070422,0.6300674315880912,0.5978241071870921,0.49009654179659456,0.3356873537690181,0.34724208949689184
1869,0.44012977747409215,0.574952866406135,0.49162362983369784,0.32238460414907355,0.620992183197022,0.39987153037299333
1870,0.5761703161302216,0.8381473089602121,0.6220612172408913,0.38482230786592075,0.4279667453301354,0.36601387192184087
1871,0.6342240925005556,0.6311358136577556,0.6118906032177771,0.5347927193124268,0.5916071709110483,0.5060793779635328
1872,0.502835067610521,0.6762115919795602,0.5640656711832733,0.4698630271499225,0.5526055041687573,0.49294351667063374
1873,0.4906835064716441,0.7155970731523393,0.5966382565825512,0.5730017528714937,0.33205830593927704,0.31527035355615046
1874,0.5557083781279197,0.6188473774216959,0.6495400725344344,0.6260442495412679,0.5974529657695961,0.518116437862635
1875,0.5454727477651713,0.8572257019694456,0.5632981363907423,0.4353719246878864,0.4333080178935042,0.3955376987384859
1876,0.31820690097020166,0.7653041175064289,0.3707680542106425,0.3886332417102836,0.4506855473541971,0.3747328210814032
1877,0.573098599541589,0.6893418048599668,0.6298125343919653,0.5506408114087121,0.5978957622699386,0.7187176376198601
1878,0.46244079757149553,0.8283741926267283,0.6907626104812566,0.5433807149413334,0.3304418157137702,0.2992515884717787
1879,0.5121566785478686,0.6819957347335528,0.6747486795429215,0.5391070868368075,0.5372486791235843,0.5949808096079219
1880,0.4634074837956276,0.7316285823239275,0.5424015415760187,0.39621089990137226,0.46897126351995594,0.2589623154975426
1881,0.5617126644545999,0.7875035074801306,0.6005574960367729,0.34535104303401426,0.4925918808430311,0.5399916044231163
1882,0.5143458605613559,0.695245584019328,0.6372285613501505,0.3567551766250129,0.5150524070372762,0.46375271435178433
1883,0.6377343501975757,0.6014932581998914,0.582763348371141,0.4383995485915043,0.46470940838978714,0.2565112528703632
1884,0.37072350180344726,0.5988152197801806,0.5584930733079367,0.32340032664365287,0.5049694586924703,0.3707793963301432
1885,0.4165620186128536,0.48552203013500606,0.7880027865902712,0.5905553901180528,0.30181596428616975,0.3036453450965741
1886,0.41668829133085583,0.8448867577535686,0.6795152630085506,0.544670473642728,0.43643088566283167,0.390950179366205
1887,0.44363631537308157,0.7085239249280046,0.6495034971219191,0.4359172248215176,0.5639553282276167,0.418579815865551
1888,0.5745621797196155,0.6732523646843548,0.38230766619829787,0.559009097676714,0.47476677096702985,0.4052861005376321
1889,0.3866635153130629,0.7345368897700818,0.6183950695167887,0.4998643641733962,0.3674108244404388,0.36910126641838575
1890,0.35123594129359215,0.7676605813443402,0.6824632903757424,0.3283752365142677,0.41790897787651904,0.42829712451645374
1891,0.6378435839047314,0.7282170237419342,0.6088569527300082,0.5804004702245261,0.450356190637883,0.39811790457914786
1892,0.5664110773201748,0.6002301155445637,0.5921021663985491,0.5365345856662532,0.4679615340089202,0.4251788914142078
1893,0.5282083146829379,0.7378297476635245,0.6904319319611876,0.6492506483762102,0.48320723494738593,0.677357781486405
1894,0.39541440332699207,0.5864460423145876,0.6902924719264607,0.2345017262142955,0.5452224456939793,0.44691573656761424
1895,0.5456505658974802,0.8432248292919577,0.7406997454526667,0.49403703857981834,0.5251592713210714,0.11291931322036577
1896,0.6816165932291954,0.83372285739116,0.6828433330013194,0.4398155239250496,0.4720677678164911,0.4704657967937689
1897,0.48147112203658005,0.8142104755923223,0.7205780437548875,0.34116831581639867,0.3472339857490405,0.37242184824103564
1898,0.5851991231222323,0.6006687448868827,0.4808590352909154,0.6405562345026975,0.6809911012557314,0.5788461426207622
1899,0.5665349679366712,0.782392311157972,0.5645264740224903,0.5201187656110463,0.4744280609594963,0.5023894288881385
1900,0.5172608230815464,0.5802693524337723,0.5669965588631367,0.5027499970517028,0.4410212352791772,0.37072772246915026
1901,0.7147090270484424,0.63578203027006,0.7183563028869672,0.3882070932284665,0.3980527100658369,0.6078575586834633
1902,0.3263152990830981,0.5383868910085837,0.5362108417165088,0.20115538142167036,0.6245921704784598,0.545945666925976
1903,0.2493135817166726,0.7671579895172661,0.6072857411077487,0.30692189525914926,0.3661364673021874,0.2964384197682404
1904,0.4076770198696261,0.5938776542742986,0.5394601131208203,0.3624067262415414,0.3607581921963969,0.4311843985290764
1905,0.6022698318374787,0.7655622628080228,0.6825068340840311,0.4271892119108347,0.6021371632279603,0.33428913035790336
1906,0.5419574780103428,0.6603886927831009,0.5701743586769954,0.5736989725184864,0.5354115255541235,0.5151780475294243
1907,0.33557123159588553,0.737004285842632,0.407019409720428,0.43211894585459754,0.48217262801363076,0.4575696347394168
1908,0.6304870857908168,0.735952994665559,0.42807155078771203,0.48542095515497197,0.5162719497691889,0.4317181674808835
1909,0.6255900593431656,0.7230537680377409,0.5586187446124495,0.5078031858582758,0.5600283197922036,0.4827574842022451
1910,0.3174492326768865,0.6232451783394144,0.4810037727325198,0.5519191429300623,0.44650306489446934,0.35951825033401863
1911,0.5084266759963223,0.6874334034182363,0.6041888591608241,0.5322820669912895,0.5153674919197699,0.5980733107312828
1912,0.3854006853986457,0.5709692472231795,0.5129690402574563,0.5181422469445499,0.42717562131437486,0.3522279576661469
1913,0.6270033285647298,0.6942301607124177,0.6323928081494907,0.5093522777747688,0.41365889135168743,0.3918634403712349
1914,0.4777398175345089,0.6602601091581898,0.609227511480311,0.443051422915912,0.38967700563321017,0.5063576481191696
1915,0.611504768328724,0.6808409073863568,0.6993679267210786,0.4880375244048424,0.36421218286328655,0.554220843890459
1916,0.6278312021493507,0.7264976262838123,0.7373501395855915,0.5062171901965368,0.38228532994271514,0.4630568423497816
1917,0.37459922722624783,0.7328276568897053,0.6384671651339533,0.5773448785336666,0.5582345472561762,0.3744559434891258
1918,0.6515229836889597,0.6262627413260247,0.6606446985513426,0.471439352240182,0.4370158345917136,0.40869471989580364
1919,0.4420858779735666,0.7248222281668428,0.4233196840745835,0.4428301585099089,0.3248806866028955,0.43229626218120465
1920,0.4438560618171464,0.7867449165832773,0.6147839496853933,0.48830727674160535,0.5772540013345736,0.47924012955421236
1921,0.3576698083955242,0.838978318287328,0.6789688366462713,0.31027008749297624,0.41971673847427715,0.30113581117687016
1922,0.4673295306249515,0.7449287460043551,0.6384025754500875,0.4850093879985476,0.4373218076260874,0.37936402515266526
1923,0.6392858002074998,0.8972239452840071,0.8433037554063669,0.3061256643191999,0.674270277206384,0.6350260654029837
1924,0.5584652712102723,0.5570976074389036,0.5960945954255604,0.5241531924784892,0.3461984202534551,0.38549544956022025
1925,0.4221832267529474,0.6908994197589645,0.393662349759009,0.3917628206761613,0.5236239832495907,0.37119791993661183
1926,0.6608217638094942,0.6998994227254952,0.6833017726411302,0.47459987549907795,0.5240633234934349,0.31454318269329673
1927,0.5697987291734246,0.6318729577379998,0.5175186595638397,0.5710233076110411,0.4499167835938137,0.49324301486545125
1928,0.6280842078677307,0.605160849695396,0.540035988933053,0.49815430445092956,0.4602065153696926,0.4514295639285531
1929,0.6054306133482229,0.7607562613360462,0.6795875737061745,0.5630882022621618,0.5222347607622012,0.49373946857900314
1930,0.6196535692871726,0.5739538764164076,0.5063863545377101,0.5416231692538691,0.5407091516812809,0.4807533161089607
1931,0.6328897987294667,0.6576153013206728,0.5210862456155959,0.36419193111161513,0.39129922688634683,0.3881795137116284
1932,0.4256283366917347,0.783506129986155,0.5979729824973187,0.3295311613191556,0.34482708457515715,0.4403210212305031
1933,0.4481052298573716,0.7150693652243495,0.5376452959974732,0.36320045629386793,0.4667028003521604,0.31253296215471443
1934,0.5674401772358164,0.8162472607866438,0.6453881939358668,0.566342320397778,0.5028255202789981,0.5490171943035606
1935,0.7090494915657382,0.824097776060813,0.6094155297458473,0.40916922105915166,0.4367035482597722,0.3959420877793001
1936,0.30357702492695604,0.4061037673336217,0.4175331623977925,0.5619454062326052,0.4990966674606353,0.5145048104751362
1937,0.4770044818427865,0.7029826098658927,0.41835141587902597,0.36961173288202975,0.47003408651811257,0.4174812016561957
1938,0.5337606966570229,0.7214110520525809,0.6380050842096543,0.5876248351313207,0.4337737221760539,0.4780243305386741
1939,0.4533831174298675,0.7771365744306407,0.5848934636876759,0.289644864898063,0.2937255568178101,0.44543151460144975
1940,0.5079076186656938,0.6486315496374886,0.6732269846181077,0.3189270130409108,0.3488276456847383,0.4712243646232068
1941,0.5288718010703263,0.7430476091782834,0.5062306501574361,0.5632155627223109,0.5517304087969366,0.7007096869366459
1942,0.6063664132222218,0.780302212711016,0.548322185993517,0.3204406691059063,0.5683329982756025,0.3619587674384971
1943,0.5849513021775236,0.49039605837371936,0.6456858018474418,0.4114978496530388,0.42128801519093634,0.553413727938151
1944,0.44298314585651943,0.5757036224440721,0.3837607564856362,0.3704063285238218,0.4998364986309227,0.6355682003357392
1945,0.6100084954179859,0.6646113965146568,0.6012756925702886,0.48134354786536837,0.6325660569974675,0.4291901284812144
1946,0.33908098350869414,0.6065987139377559,0.46510645746066803,0.27711287787233807,0.34232598730736225,0.1790769080992774
1947,0.41442904471741704,0.6572036927862557,0.4461241956199726,0.4456479741238783,0.3690355483013514,0.45054760060084215
1948,0.714533019247363,0.5753351596158458,0.6989827655513675,0.5559791411177818,0.5754144019871819,0.4469623540671391
1949,0.4723164634515064,0.6899515663456627,0.5390828851831074,0.36854134905980257,0.449249528196155,0.5950523603337814
1950,0.5295152243846594,0.6143414819428746,0.53544839926243,0.40069027484777003,0.359813863922651,0.3187948098027545
1951,0.5499451168105522,0.5111943894979238,0.49903069555798285,0.27966604814725265,0.4470900126631583,0.3031141508277139
1952,0.4147211697790889,0.6050873365195742,0.4821261849873646,0.43336799529662917,0.5902806007813247,0.4337035295917
1953,0.6035134083661169,0.6171179888622934,0.6273825734726467,0.49565479376233634,0.4459330983880525,0.4565627403369901
1954,0.412890492493033,0.6747661516782132,0.43384927732460354,0.4035443094953114,0.41339155682970574,0.4366960863780807
1955,0.42169115985736894,0.6396996877146882,0.6426858249265811,0.37310003079251786,0.2838051593307337,0.40166481844133484
1956,0.6402640928346639,0.7150957038052624,0.5642792061485536,0.48571633871138886,0.5612355355350055,0.45598671148257447
1957,0.468775368399523,0.7165849220838291,0.4838159988762591,0.49088572271961245,0.4187604714811718,0.3924795551628847
1958,0.2750348386851904,0.4157681159937724,0.4446026975872006,0.5680500767481853,0.5555283411060933,0.60714283931175
1959,0.479638678404339,0.7849325961453649,0.7288834889903841,0.5132207035720567,0.38591069614093626,0.19445331382619022
1960,0.5353539304293556,0.6949981747513749,0.5674152580927712,0.5615899903323659,0.5844549609003238,0.3785745845531862
1961,0.5178202952865766,0.6188228254041205,0.6295911960193846,0.26425036421415815,0.36421949816743626,0.4160751257165027
1962,0.5836337630089099,0.6054871076383769,0.7139021295309629,0.556431297039694,0.5367365365859037,0.7344484589339613
1963,0.4868779504598112,0.5200893843018908,0.6488331162904464,0.44899202374515423,0.3717427458921168,0.33529122083738444
1964,0.5041291435319404,0.8086287349834447,0.4833953522267892,0.3972018447276101,0.37114509143990515,0.3420564853914913
1965,0.6274857676667431,0.6823707095124111,0.6403846224114239,0.5072256034599847,0.6709019850779235,0.5758239334187768
1966,0.5324728821348685,0.7009219972589622,0.6132831113069657,0.2544317951580606,0.4007107699935585,0.21090606911939022
1967,0.5903798485656154,0.7891470520333308,0.6617262290408263,0.5437501797299723,0.5644618290148677,0.42110561867495844
1968,0.6682301165122466,0.6603369150485799,0.6079155343677425,0.614874894418839,0.4247447567945402,0.6404424002613918
1969,0.5835931735012075,0.7777636639699312,0.5072244047741413,0.422918153263409,0.531711974250605,0.38716133705897343
1970,0.6092349669760706,0.5246064812324959,0.6640850845624428,0.37227836984835366,0.4946876362490535,0.41804625200888973
1971,0.5555233218805206,0.5908596574943592,0.5755740650391862,0.5764638025176569,0.47270145179716627,0.417324128254753
1972,0.4845155493414614,0.5427152253207479,0.47792757632236915,0.5675381511746441,0.5006197018483038,0.5249443259308813
1973,0.4760746589306413,0.7259519826986833,0.7462593235606045,0.38981651702965914,0.3955234724405803,0.47838204211656726
1974,0.5766638287152062,0.7288039868432633,0.6014412570158381,0.7026222444481012,0.39847166572845727,0.5014243137123522
1975,0.6168845882255531,0.7490471402219498,0.6910524587987785,0.32646232950358733,0.4529001242618764,0.5508581539062964
1976,0.5419769544723817,0.7883869977649266,0.5772488060290869,0.5039675147227325,0.6439576673406002,0.6339472373239269
1977,0.6370609715558095,0.7685305690817343,0.5674446159676477,0.5375880928073711,0.587968377051561,0.4681777476871082
1978,0.49267507012067113,0.7506055463509742,0.5214155337144034,0.6565364688640646,0.35019982724472665,0.6082469281884882
1979,0.3784362101352649,0.6918393814298137,0.5025105697967931,0.6087123211726267,0.6503048638672406,0.37105174373033223
1980,0.4377262227514709,0.5238273466108456,0.4372916446855514,0.25267211026920566,0.3525081051371689,0.4139583480341018
1981,0.46711072479112714,0.6725440766286948,0.7282707165127023,0.42135457048743097,0.36193481515669995,0.4656578175804924
1982,0.5713642284309955,0.6307360993578682,0.7033190925497518,0.5042917432549204,0.6536596267080637,0.585699389238723
1983,0.5477681916460568,0.5961496329003537,0.5810687820896968,0.4646171837980044,0.42760233919176227,0.5009613525679557
1984,0.5777144757574036,0.5726479061517085,0.5651608068127909,0.5922930277419394,0.3019584954822405,0.6175877651225176
1985,0.6049905367480426,0.6710690215880599,0.6852962956218811,0.5575065836549361,0.5106155822583646,0.511098830333264
1986,0.7008525110121209,0.7413628557056496,0.5681077728199759,0.6324669668969661,0.607560230084073,0.5044617363900282
1987,0.2945719447049959,0.6112753368389404,0.5225404992506893,0.37849507838915314,0.4050720928985064,0.27224706515949915
1988,0.4450296771944713,0.5340011849866966,0.5744690340779737,0.5165312970972735,0.426753985528483,0.3836567974193961
1989,0.3880455497186638,0.6817321902467265,0.4629569106902065,0.46490925517373793,0.3195390782710081,0.40657434924996344
1990,0.5415493892819708,0.6305729890383992,0.4772078191251709,0.39786852272831275,0.45069772542434444,0.5445024112950814
1991,0.5989917456815462,0.7165847952233662,0.6222797940544896,0.46555318318497785,0.6234356095965959,0.5024581882610533
1992,0.607948653980995,0.56922264832796,0.5794146085533436,0.5572553060351956,0.4629769582021822,0.5472424145490481
1993,0.4424444148069792,0.649850497151713,0.5661603711762367,0.4997793646110683,0.44503518138173104,0.39447232168174706
1994,0.661163252406634,0.6493351575623258,0.6375032359706938,0.4258747571767353,0.6535183148993652,0.5327792276925163
1995,0.40193253398875545,0.7034973535430504,0.5443593410994615,0.5928037769526439,0.5153204109391991,0.4054181061952628
1996,0.5130291530756691,0.6651313902429776,0.509157514019509,0.5094464938910901,0.2780689748304609,0.5328042542639224
1997,0.5033121933316035,0.8376988399828708,0.7105648299874213,0.6236848089151288,0.5973369877044558,0.27445533908210024
1998,0.6211686038312658,0.6128855558296978,0.8086899261187289,0.6034015253322713,0.5225924063305281,0.42268626637433304
1999,0.5378767206119931,0.6060428512691368,0.6273547557082026,0.5862899681878112,0.5563360476082323,0.6417924321642491
2000,0.2687823559357765,0.7722364552512214,0.5721111169493802,0.3844186785239208,0.4878235986702431,0.43302528417044284
