Run,APR1400,EPR1750,AP1000,BWRX300,RollsRoyceSMR,NuScaleVOYGR6
1,0.00819875012572613,0.004388386528747071,0.005914691790162921,0.0058296157223048815,0.013332574621640322,0.004233526862851881
2,0.009442753022977686,0.021824454202021,0.01953327706477556,0.003571329859353784,0.013391807271561121,0.006300892709206438
3,0.011076384907751395,0.009576752223571737,0.007624880647191121,0.0026425116335702776,0.011369567773673268,0.003901254118240435
4,0.028071666071652894,0.01298650230607473,0.04195757145285429,0.0028326318021761705,0.010558304562063428,0.002443798081571616
5,0.004482057252187389,0.0032139594368476103,0.010956053959517334,0.007081746300467525,0.00196575798111171,0.002111400184728298
6,0.008513953861843653,0.0035147800091282237,0.005624401369350931,0.00278762799554665,0.004540752087451027,0.008085508666022818
7,0.011097201106871967,0.005239409925503222,0.004864109345694616,0.0028289399911752824,0.017642653012892678,0.012841358443069176
8,0.003317579830227029,0.0048058088033273326,0.007731792814731715,0.002134418323249302,0.008968163396417747,0.004065702028983054
9,0.0032778753500618918,0.008451659052784978,0.008303652046717507,0.007248301310673349,0.007534690474720016,0.002191973411935101
10,0.008408548319501111,0.01519529865505894,0.00404832207529474,0.003933139535700678,0.007876480971352542,0.002856517087341387
11,0.004658126741328641,0.020360000853966418,0.022989757296303516,0.004887224919878886,0.006105574746680588,0.0033036739878984467
12,0.01644070282780906,0.28809285341955304,0.008698185730994215,0.002023922060726489,0.005187876306080235,0.007646885067477218
13,0.006928615717557697,0.03157430733662128,0.003256597209735164,0.004273887017523903,0.0113611578136321,0.0031709549040681933
14,0.01948996601619819,0.003304393800647037,0.04167050044560272,0.0017957691788723345,0.005822183574658795,0.0031807519437274394
15,0.0019537936396744103,0.008999306666058866,0.15477317842841673,0.0033729549631872258,0.006826107907871419,0.002853055275095463
16,0.013008247091163763,0.003157524001229442,0.555117310652368,0.0026594944833469173,0.006010558055171951,0.003983232847109077
17,0.024467166785040382,0.006678796949259687,0.009543075503331768,0.00357501241198125,0.009741590451394578,0.0030071209494913183
18,0.0114825997867666,0.12819989412800914,0.7408408561578311,0.003952128256005432,0.005234133782744268,0.002375341338813716
19,0.003407268142915907,0.22266015882014084,0.0032249028718709864,0.0026724927217074233,0.004981321267906487,0.0021497104816820016
20,0.020692065740209268,0.009716742764742473,0.007598590090543161,0.009556540344377196,0.013782343330806513,0.005530843480391519
21,0.004698853705205753,0.004451473816414429,0.01003404689522505,0.002348404298545225,0.010276719870268538,0.010486124215888515
22,0.0034395045868915192,0.012205313539709182,0.013908399221321846,0.010847054768187479,0.010627147628630847,0.0026382820484139504
23,0.009732803038169053,0.0027377535170114444,0.1927773256461132,0.0045412407253461,0.004522398279392239,0.005044411334657702
24,0.006671622335349031,0.005033874510865164,0.020491723513626263,0.007052577851183251,0.008899690249831277,0.00476824084910147
25,0.0054068957131600155,0.003272202758103464,0.015762709078887726,0.01105509396283169,0.010091950252343102,0.004111406973334183
26,0.0035596595905201555,0.003958163394990793,0.0047285781320190335,0.0031672502231167997,0.005527499176870171,0.0019679151424909307
27,0.011459484682714632,0.006362139590780419,0.01124407458627491,0.004390402288381144,0.0028761130610612503,0.0037872292570491997
28,0.0050335329537298116,0.040272847133357194,0.038677314623380116,0.0031117313771253383,0.005457876304140921,0.004805893805812895
29,0.004096447799041196,0.003634463891200108,0.005920822403231299,0.002371431254528436,0.02237296860447551,0.0048831428301777426
30,0.006041220901560584,0.005227694170947554,0.007771307612404911,0.0028838096979235672,0.005348427047880094,0.0024682824036395897
31,0.008991577525533333,0.0038842360922091714,0.07949903292428073,0.008397912308490692,0.0029994743724323387,0.002689919162579391
32,0.031077628756888114,0.01721132462782639,0.4448531394895472,0.00578399093463973,0.0218954950928785,0.002137940103486061
33,0.006591424241183384,0.013515336931997898,0.6151807080265341,0.005594915434095224,0.005036611092310284,0.003881081436732719
34,0.004529253778790286,0.007665732342330447,0.22730305630554934,0.0039183907965547335,0.0043047303666656055,0.010373717336671825
35,0.010030414379576623,0.003957655250453523,0.004664399464050403,0.0040285577623184726,0.007603762443771167,0.004452182457952272
36,0.0049695843124889305,0.01384951449750317,0.062003326625235326,0.002987402751416906,0.00789488087513725,0.006025102616958027
37,0.0066558975980417386,0.00324224321439632,0.005495457852253492,0.002664060054725132,0.022958455294149985,0.007008196097352998
38,0.015053497306682682,0.040829376036974466,0.008930092883151575,0.0028796532611515325,0.003310873289779275,0.0026544511755258802
39,0.004293570672888684,0.009983904503220875,0.009659362756268254,0.0034593325431069213,0.00586449420131293,0.002898829148161522
40,0.01016072766915329,0.007645867285339901,0.008924193419970796,0.029617687955816,0.007020478762327076,0.008570019887742043
41,0.0174990275339765,0.008135151531338893,0.03629566207727993,0.0032832516234042636,0.004718415500471991,0.005164901409121419
42,0.01177599874989956,0.05567578453127114,0.010421788403468347,0.006823545095111566,0.0042655123073315985,0.004266342272076189
43,0.0025071539507849723,0.025413020778815895,0.6383899905462503,0.009678592182268415,0.005450200471605991,0.0028652746326770957
44,0.009956201448157611,0.002566375226153615,0.00275488993553729,0.0021290706447034662,0.010151388302100474,0.004449125568708045
45,0.005470961219918684,0.05398028250667991,0.0711621018623546,0.005007034405771675,0.006566620495103084,0.002782799765894469
46,0.010475542230845767,0.04127599704445326,0.10912907335575062,0.004385870276154224,0.003377128619580438,0.0027235301969558657
47,0.0034751123294573644,0.016388707560794823,0.016030026498962124,0.02644685953125386,0.004464225919749419,0.0029223999547845834
48,0.0023596046163579572,0.03474214465661035,0.018915629875500804,0.011048659378939948,0.006952787133794351,0.002601544641517252
49,0.003671855881376552,0.022515131270084362,0.02170139453211519,0.028225287828152534,0.00973847299397273,0.004267754003016833
50,0.004030655864498845,0.01676384705417616,0.005409102727383752,0.005820398522117827,0.014427476969466661,0.0033036842500842826
51,0.002470871457315811,0.008249565843192903,0.004183837574157048,0.005447329764103731,0.008342483482670044,0.0038268189911539385
52,0.007576700613685399,0.004875535312940439,0.005430831342981834,0.004917327794661936,0.005316997403772711,0.0023518651532263768
53,0.006518007977356956,0.014929498603024373,0.427172650910703,0.004131648862041249,0.1407573046478919,0.005266975848010123
54,0.04459985730069424,0.014633051869682164,0.09167454489683145,0.006250045529146265,0.004429776015023459,0.0029972684022788296
55,0.007485463929394797,0.06717718452416994,0.005038665188534202,0.004588341620728222,0.0033566710374969013,0.0024005299720627933
56,0.0026177021082365386,0.003923638231609135,0.01098933642171343,0.0042675247971972275,0.004724423603723308,0.003909215739916045
57,0.007307369350505696,0.01205722972771614,0.054093332455178396,0.003100218425397378,0.007216117427372886,0.0031059956827131485
58,0.006806443753553542,0.004056363228781066,0.32380012301395583,0.006678197221829131,0.027582604914610183,0.009471475792323445
59,0.007308565375392995,0.007928010481542562,0.008802270857740886,0.0023308209777901513,0.003886855208377513,0.004404643854966354
60,0.006682312617140672,0.01997921286386538,0.003544061067762242,0.005337485042583005,0.0029094178133739325,0.0030623392469580424
61,0.004151796252811958,0.004853065504391281,0.523885473844127,0.0075089454390480075,0.0031131515560984565,0.0026399961678753407
62,0.007437746828870512,0.019796873872985583,0.43704948599182686,0.013659147354968442,0.004852059772934001,0.0029362247303249354
63,0.003934587892854163,0.013910388836582542,0.005253663503304417,0.0031805748881195096,0.024672437447731416,0.004059654033833002
64,0.01570662402906741,0.012328611607649387,0.009252625525835641,0.0037603510771911275,0.004826660570039057,0.005504817405538636
65,0.0022896586466114198,0.0057448159851627364,0.042631633947347966,0.011114691786878496,0.007565106711700864,0.003305756541612823
66,0.006549277772915964,0.0030347707330533624,0.03873701438239849,0.007447224377080677,0.0039271839023115075,0.002958044755594127
67,0.009901735122784678,0.006018750303683898,0.006358385518794673,0.0027302592810955584,0.0018891140288001132,0.001473421983862718
68,0.008763493981082462,0.007557156930687374,0.00774841228187108,0.008246991838154695,0.0025087126776405,0.002743286651936346
69,0.00581378389820646,0.01781401732322061,0.005464532128432955,0.006246724820700499,0.009964651045738125,0.003059763691674891
70,0.0037936051130025824,0.002113059670723058,0.008354407686700503,0.00535334091219314,0.0024401858393537706,0.006155834105470815
71,0.0025879735856955645,0.018268481180006277,0.3970716732700778,0.0036662938910685798,0.009928511247296178,0.002817878368760546
72,0.005555749576572785,0.011952435020063039,0.11035842666602916,0.03100959831740137,0.0027060504227891936,0.002323860930198129
73,0.0062015574858424235,0.006380386772529839,0.004139456056307322,0.008184906324941659,0.011147538406233302,0.0061370730112915
74,0.018762419710183022,0.00789487462306008,0.006714219767173075,0.0034720935344223188,0.004822726173897736,0.004689690398749005
75,0.014789627209379746,0.0028449037461289535,0.004415780818930608,0.0026684322288562266,0.005392419961537969,0.003062610838927137
76,0.005776440421738179,0.02613466971355579,0.004848256808508969,0.0035424383190469145,0.022805516399466923,0.004977716718757085
77,0.0026208350811058544,0.018121649466513217,0.3119469780131019,0.006199692800698815,0.004624015474845205,0.0031045331496946235
78,0.04819135124477258,0.009322770842939235,0.012096909484388317,0.008437766610639493,0.0031429548742707885,0.0035226427942480357
79,0.006741620969224913,0.21191832579914716,0.005082820688489892,0.009421316794244725,0.00196856246127136,0.0025710791425694614
80,0.004643295696678229,0.008185869335650313,0.011048805694627432,0.0037011522245160365,0.012040667418335598,0.002997316400328226
81,0.0034753526807017898,0.004754039736654669,0.044369659447148255,0.002120473360739511,0.01163827050434331,0.008003111145807523
82,0.00885240201050216,0.03362385423182396,0.024318659483759462,0.003377060954239879,0.0061878519351704665,0.008522372883213
83,0.004748090358617547,0.009459351613751337,0.005808900086013151,0.005119896052091299,0.0026354473820214015,0.0030863008849642696
84,0.00478032253514672,0.011272109722317425,0.3172175228039028,0.0034048131159380964,0.004222607462574705,0.0017841112818661824
85,0.005208624134677735,0.005355782689604077,0.01513325263466417,0.009799334144927075,0.017587253097402635,0.0029596221640042185
86,0.012964935692514888,0.013645619670027462,0.3749809667930231,0.0023779599624083074,0.011132253832311407,0.004042473657788246
87,0.01244942261269574,0.0036023241012558462,0.33110945658218155,0.022450550938475162,0.009385506075807383,0.012813348558264777
88,0.009531690759543045,0.5136119519859251,0.04000062789862486,0.003053130448382756,0.005662455025852713,0.0025568921564194354
89,0.011407245632867614,0.05796366142533045,0.0097238707644877,0.00535509599404362,0.009165006683257102,0.0036864868179137845
90,0.006802362547755632,0.019370232378596385,0.5404819560136506,0.004602044925943837,0.003799522538812399,0.004145087531754246
91,0.0033473919839021107,0.0029868307497757465,0.002959313357293398,0.005184083065016542,0.00760159262470544,0.002732950758975521
92,0.005201918095791808,0.018674336206071677,0.38536486767940115,0.008608018768378868,0.0034255949239704766,0.002981250742486642
93,0.004093122982751489,0.008656186534406009,0.011522128213899075,0.004132976903019929,0.005658450682461611,0.013553148483612897
94,0.007772370241013159,0.02028184202742458,0.02401111605006367,0.0036096047165310044,0.007498865760391222,0.017284339241712274
95,0.0024888990348833104,0.00811277168923208,0.010968859297017127,0.006236865310753776,0.008619440974929699,0.002206219366005963
96,0.004247520135785155,0.05679224398584249,0.012988750711484327,0.0022790263557888593,0.3240674315202367,0.004387646074663745
97,0.010912159021319359,0.011161961459942457,0.007564633739102835,0.0036104774638819346,0.00950025416654422,0.00565833700197138
98,0.03487680202615214,0.007355843505068542,0.009367595490634407,0.0018961880441504615,0.00824837703282406,0.003926088823164838
99,0.004484387731758345,0.003877474171843199,0.04116649006502086,0.0023129142382061424,0.006502937102103744,0.0030968060984936812
100,0.004584990559446496,0.0030997979758796068,0.004935583646934361,0.0027500378584564516,0.021741045493057432,0.0035089685529133535
101,0.009373029623410105,0.008976887507315975,0.5006276850578704,0.001957940576705516,0.011412461959352907,0.006490191990206454
102,0.009879007975673343,0.02825628451548718,0.007597733663111524,0.0034990691492473146,0.012918875575125536,0.005223187440156985
103,0.004250471485200482,0.0053036677471045126,0.005278782620944678,0.0032572631045120243,0.002405556805675711,0.004171689224515484
104,0.017373555058116448,0.005616876108840603,0.005063267841270341,0.009127687182384143,0.03285133582691453,0.004600906082267533
105,0.006178600095605609,0.007127801725384748,0.019442683289623463,0.0044208358261747065,0.014224614901357483,0.009851053988862511
106,0.020894913933806054,0.010741441347727828,0.45309766577904326,0.00875080987681346,0.007349036245377804,0.002086214962436965
107,0.008044455237361171,0.006618764474359045,0.005959349186621511,0.003270672776676613,0.02303911390676566,0.004730301612920934
108,0.003791733753057228,0.043210968285196584,0.55919372865834,0.0048313253438770935,0.0035001859138521444,0.0028843762107970427
109,0.0028488295751639974,0.003119596625570083,0.003825900097789062,0.009221451202920004,0.005933404853705218,0.005870458601799498
110,0.004864339353119236,0.008552962094650696,0.014406320387603828,0.0035707929474450982,0.0049326784253790135,0.002712500067053584
111,0.004056485646773154,0.004720172818592228,0.03391946172569373,0.002846192086881053,0.007029832243413332,0.00505476241708401
112,0.0053270422281726255,0.020434042594886757,0.2547067283519363,0.011467326568117643,0.0020935537571275696,0.001818088964085056
113,0.005779671575436154,0.003122133936063378,0.0040124196694710235,0.002335678204132657,0.003642337705306977,0.0037698706667020727
114,0.006534697448513598,0.007415876517049978,0.014166375850082616,0.00789753536116081,0.007208604971815262,0.006011879371679743
115,0.00712877002988773,0.01068533374982829,0.20744756060890499,0.007059233131735238,0.0026967231472195263,0.0022642378847050723
116,0.010864890558050568,0.03400264677672489,0.009862820421878374,0.008056220135191394,0.004028391167826721,0.006927376544864553
117,0.004532179899367757,0.004503285037504363,0.009060460122445229,0.01288796807024491,0.005000091219286083,0.003243938262620438
118,0.006037137774372225,0.02589519126328045,0.009299330941895525,0.003941081576519904,0.006019059614885653,0.007628353592580817
119,0.019880079936672738,0.026201304119123258,0.04249695250104632,0.002841841274769142,0.0104055583768405,0.016070834587236543
120,0.05307910556881682,0.0028345587632505496,0.43295597506474875,0.0029419341325090703,0.005295867331588718,0.003050056393362634
121,0.013687213149949827,0.025010389408146372,0.0058167816727558675,0.006430371998122426,0.003693600736150437,0.0023880291433768753
122,0.002785989897417211,0.011446242541629237,0.019387286098658533,0.0022817813704348717,0.004779315646097241,0.002906335412588221
123,0.0030233947386323554,0.00943497853296872,0.03583287487383853,0.0016630258935147505,0.007311262863408154,0.005766073421530505
124,0.032628676950564955,0.003502723522184651,0.11063660500963267,0.003959464623718293,0.0034950818944432614,0.0019201494659256246
125,0.006298824111170587,0.01707618262446724,0.014623566748102727,0.011227551736156402,0.004777187303866575,0.003373190943308101
126,0.0035840422000366773,0.007709404977393422,0.014327407892044033,0.005774269186440537,0.009255793606309178,0.013955100207784414
127,0.004645493608790449,0.005397825126928556,0.47253023619814705,0.010628798618258686,0.00229844528055584,0.005900745572856046
128,0.004643092084104161,0.004838949799612422,0.3301227734143902,0.011655018826890226,0.003255964773588281,0.0027608207472265903
129,0.006933582478408854,0.025720708213169154,0.050299833604748025,0.004983884314892846,0.014578335814584906,0.00566901756653586
130,0.012125826563505953,0.041978019165617754,0.057886167250690845,0.002313400306468962,0.05054425419948413,0.0038454156930845273
131,0.004412024137055684,0.003458004269438702,0.006801352263314402,0.005721910260283622,0.006647420810951929,0.004719348594171696
132,0.004962852129647137,0.007034833548952821,0.036048247671578035,0.005624922957901575,0.005718601983646672,0.003140753682631814
133,0.005626452960862419,0.008564320859311619,0.13732000718120077,0.005239937692861275,0.004369739627638632,0.00376630308759899
134,0.0031601280744921177,0.008583066555636967,0.5467707889839867,0.01923531970824635,0.009620971554073526,0.0064563521485924225
135,0.00374229905631346,0.7189563400324329,0.24450014452082233,0.004077184834383823,0.002710106310901643,0.004346603373102737
136,0.006479879727432626,0.340979911923803,0.03567238432266602,0.011095617856313524,0.009156113874654667,0.005252387761387862
137,0.009800352817474944,0.04095074365578379,0.014932066658769038,0.01549974637242932,0.003682835365863909,0.0021312688921475012
138,0.005179319533611852,0.00299320266662371,0.01662055554836411,0.0028959662623950374,0.01145025839325988,0.005273273536187462
139,0.005898912862381425,0.042407279803496144,0.020148500519978206,0.004731957455375643,0.03686488525664255,0.007060457586618095
140,0.011769110450022815,0.01039708776653717,0.41625529683627777,0.002028382258061382,0.017663449446899612,0.00393343550134566
141,0.003508432367261057,0.0045252872535428154,0.00343241296353095,0.003466250769272141,0.005965022763066043,0.002149613867831728
142,0.01004406886142578,0.00696298342977161,0.01438952545402017,0.005829075650514663,0.003712451522498372,0.0020145496928465506
143,0.008377691955141308,0.004288816787536851,0.31473018974496453,0.005659823822736573,0.03727821675305316,0.0024198685703529068
144,0.03344575917722969,0.011368514162460253,0.0037605714907202386,0.002187049180926596,0.009942657546622503,0.005051823878088028
145,0.01310532148383953,0.010416733132606376,0.006652003953503571,0.002297768326906696,0.02716787187314936,0.005509641335253615
146,0.003847375480012466,0.009395094646059676,0.009348630910503041,0.007254044508047746,0.007008982927889028,0.0031515369041196645
147,0.020134701497481193,0.005239847009883187,0.0037133442361433695,0.003164255691895134,0.004068380064577947,0.003607065185325833
148,0.009614828881148268,0.008590839316325781,0.008689280022147635,0.00460439275901741,0.0035872860923502037,0.0030424721549366335
149,0.004197224723234227,0.0033920527125484616,0.02317241885453235,0.004635888802119704,0.017081841885056705,0.010120517422757165
150,0.023793173349408944,0.007350572465786379,0.016917831920988467,0.0025799169272691783,0.0071808094348292046,0.011076911161661353
151,0.003848629236950471,0.003428694153642234,0.003903765126042447,0.0035287781591434027,0.0023377841099737878,0.002328508828615972
152,0.006954064292086034,0.020478364130760488,0.10557304720569678,0.0031961828517484067,0.003400955374684923,0.002805345162628713
153,0.01114934758202646,0.007193963872448243,0.018964458921122116,0.002865724134972696,0.03189225806763913,0.007159557036533723
154,0.0020178732093948477,0.008709677471690049,0.27129227568768727,0.0045282652650290274,0.012011993696073526,0.0019578634792842818
155,0.006079319309779344,0.01870846225667269,0.017098331685134978,0.002097362773690508,0.010643033878241316,0.006259300619560246
156,0.008508637547486653,0.005681242061304808,0.027558983728277992,0.0020175585687218904,0.009095175558189969,0.00359992008968739
157,0.007603844819069768,0.019215000920575674,0.009214240688894365,0.0041145592955998825,0.005158779536794463,0.004420875200490893
158,0.006295890439876488,0.004442209023313639,0.00859942382323367,0.002439428855515566,0.006602955657385404,0.0040764341948327145
159,0.012133073789786182,0.013340169986317835,0.5369982005691569,0.003254951053608006,0.002071379171280282,0.005785950588346762
160,0.003933404440072897,0.00832351233634714,0.02617481608565833,0.00504022164330532,0.013473613125220774,0.0026663310601253132
161,0.007545023323740532,0.011824805778382524,0.0063568176364450415,0.0033903442600507505,0.004357991293217811,0.0017726078761260082
162,0.007002580859025537,0.008122148645778619,0.5041509410648265,0.0020142854069428607,0.008728865244420157,0.0061563079983183834
163,0.007995056266442797,0.040115656667682804,0.024259119394124867,0.004193985489296167,0.00833283127138676,0.0026494618025990906
164,0.0033919148920246033,0.004583324513375178,0.3523536507073242,0.0026578617719075805,0.004314367065589376,0.005204547571540156
165,0.020625647248076362,0.003838652193339805,0.00667916706723873,0.006466101316675811,0.005311488806103326,0.014563810714161808
166,0.004080913305463366,0.00665930038438886,0.007040538457207268,0.003959485490997005,0.006045931659999459,0.002236650907248808
167,0.00828618877968619,0.004679384969198324,0.008553877200277511,0.006376686203063951,0.0033983018242057495,0.0049268612346836035
168,0.0033856478380728866,0.009143288128384022,0.012095684652206283,0.0027619780928549442,0.007622378050148851,0.0043106103133856485
169,0.0035830044121691962,0.00639733556692117,0.007725881522641191,0.003930948913274864,0.020120711886796743,0.0034864312698906037
170,0.01712959262008261,0.006944369687216104,0.03299793919240251,0.021817156472661962,0.0075567265008597345,0.003757149550000782
171,0.008648273531864413,0.00457456020394671,0.00794568498683933,0.00516831754728444,0.003519297781309576,0.0032836775082365557
172,0.003245926728673945,0.0039842132514940716,0.3710055537243478,0.010546997596655694,0.00368848609737486,0.002240655698963232
173,0.0031396660156158955,0.00673012767801808,0.008931963264370164,0.007580493193694557,0.008830637074137811,0.003743797983594092
174,0.003941392464475744,0.007584296443326204,0.018511828217769328,0.006171509279592901,0.006694600940355483,0.006203256114394503
175,0.012487959021673687,0.005158090956199931,0.011396942779053565,0.009301369744708708,0.004150192763562914,0.01447581038662138
176,0.010094350926050885,0.0036292293972153646,0.017662623871687294,0.004604541693491488,0.04711953361869955,0.001646297707324454
177,0.00494515956271368,0.0028993376428886482,0.3821553316668493,0.003955174452187973,0.003333278200438136,0.0017702654107522532
178,0.009553589187069023,0.13796456274992616,0.1282629794767782,0.004938394486982903,0.012101696778116447,0.0038766217260027417
179,0.0076654098440877725,0.0649859587280387,0.012254750045148938,0.010061706822924859,0.002369089328675267,0.0021760110670930696
180,0.03363006112098062,0.01215035665886004,0.19503693541084044,0.005833684676346515,0.003958826544020724,0.004383466175735152
181,0.002622174978789739,0.2396577016762074,0.003910372841015447,0.002120131069311331,0.0031010264605818533,0.0030102667241399417
182,0.011624483202986672,0.01905278176792103,0.014773011175783267,0.017150094535972313,0.002506517721117762,0.0017995312258070825
183,0.00276668835263426,0.007125732980305436,0.007920971623987158,0.017623432419231883,0.007859435732945928,0.006165702236916368
184,0.01606609347429214,0.03998563947025379,0.013804445732907032,0.003875021206857743,0.006498044676528072,0.004487202103489898
185,0.00646858281456887,0.02252090079544402,0.011459638963622993,0.005585415383999294,0.005562559909159091,0.00243997010072182
186,0.006167190967639193,0.008675083845300392,0.009327263744858498,0.0032316227646875142,0.00324866304707404,0.007645342857117324
187,0.0039424017267024715,0.4550435170385028,0.004381667164401303,0.01653925348215402,0.0021155982744182397,0.002754225857394389
188,0.002851990050362594,0.04256515909554558,0.01036084475179199,0.003448783159179207,0.0074414921365413625,0.0029477761810560387
189,0.005334024340657704,0.00865532736105479,0.01337571170389145,0.007459570890885862,0.0032976409900960886,0.002051118417744122
190,0.005597536410097284,0.004141070664972732,0.07110169536617265,0.0035565126308206656,0.0054230744294794415,0.004744448673545337
191,0.0028674774082247207,0.006214504782061906,0.004164402006755271,0.005264925411057681,0.0063478183663559845,0.004935280644373757
192,0.007366231266609768,0.007499981013495838,0.02437092679052804,0.0021221516957964323,0.009256456980321678,0.002890926061042917
193,0.003243328984825324,0.004140440603199212,0.01234273131252162,0.003047436516081254,0.0031166809210587073,0.0026553976031537755
194,0.011772754331411022,0.030787784089993605,0.008080153188629684,0.005752908614667637,0.008545881236193247,0.0038546395263869384
195,0.005635943086566416,0.008044301317212264,0.0021312919432561433,0.018613323998261697,0.005202346449866738,0.003341837301386317
196,0.021275479042769847,0.08624404074384553,0.004834308877455952,0.002717163378830929,0.0025005292327566846,0.0017487582507264311
197,0.0023919191757059595,0.005112374177550182,0.20986387786850783,0.024821729532854084,0.005380108339040765,0.004440608431250157
198,0.012925670557324603,0.04825210476228168,0.013930412478124056,0.0033278124873168226,0.017257134888962418,0.004445582101595754
199,0.005529467601310836,0.003078707539802727,0.004680398511655443,0.0032703818504285567,0.010844082921589025,0.006932861091977693
200,0.0035952989578257794,0.003999745352032198,0.01028884011375908,0.005353628422002025,0.006172293858991205,0.004548714815942277
201,0.007177989114557897,0.008480441880717015,0.03735963964194659,0.0020871463325126158,0.007668135775565707,0.004470050758273953
202,0.004280222600118216,0.004565616572015473,0.4180523407230005,0.017366958210567635,0.002622085473004592,0.00400431966010042
203,0.011830617217864894,0.03505465893063513,0.27266366568366285,0.0014613118411922013,0.004145889641609886,0.0031989104307379407
204,0.004303382123627997,0.0042826435866492535,0.00710255617563693,0.004167347934804456,0.05379442274832653,0.007327433592825498
205,0.00484377724762018,0.002893189035791471,0.017936606337062948,0.00768450770325265,0.002891818349979555,0.001909217147565929
206,0.003446334075786614,0.013156273029214639,0.006597348745803852,0.00411639761994496,0.005513273295174056,0.005030012788529074
207,0.0070641246710026005,0.005815743892600374,0.05218217601025516,0.002192539973960921,0.002907609188863531,0.0033050347174241527
208,0.00459778923904784,0.005710773880461621,0.3101353563212017,0.01606490361702843,0.012461541999469247,0.003134053725357301
209,0.004412371417073731,0.005054893402662023,0.1290077135335903,0.0039342835369028835,0.008945926966951744,0.009434401007548318
210,0.002907361393184537,0.009116113727309595,0.01709084039254932,0.004180533969353563,0.004195260976118835,0.003528614454278095
211,0.010171978622520159,0.020298907598510378,0.019538732654743724,0.006394820724125488,0.003513143795656802,0.003071845798852294
212,0.005049116268511465,0.003816238522735337,0.0047961303766349194,0.002413356989244775,0.04480492574138682,0.0040097330731537284
213,0.010353622193646432,0.0076720926945800395,0.00728067306248462,0.01343141002681209,0.0077493436538962355,0.005908835332637715
214,0.008985694794195039,0.011303024754079224,0.3490059114496896,0.008604181168130495,0.008543726012213045,0.002987725709922832
215,0.0028134556271446863,0.0023916954714393412,0.012385849515967018,0.010442576332709695,0.006858637371135714,0.0032341135681009017
216,0.006018823454888451,0.012443899575779054,0.003067269988476221,0.004261911398709308,0.007094200981736757,0.0030851472314503752
217,0.011623516811044657,0.00886439855282846,0.014596652186191812,0.0027470391532400935,0.005004662372029827,0.0033382731845642446
218,0.0035771915351369907,0.01689046816982411,0.009389231677811792,0.0062652874703914285,0.004184674138597581,0.008250725701122896
219,0.02139085352131479,0.5704287111368437,0.054128233489854675,0.006393388534972038,0.00403827435622979,0.0050918962526495005
220,0.015490887957315598,0.01026916413077024,0.04033299947517791,0.008343694884884607,0.004516182297826595,0.004741144245580967
221,0.0040674876703313545,0.003071374759278575,0.006892765162876032,0.0033039605304651114,0.005797237063047908,0.003567215485032254
222,0.005515753895702328,0.016005472282861,0.5079057213905287,0.006419168446214022,0.0018694353760793248,0.003914205502901031
223,0.004782295320927232,0.006305098537071957,0.01029414393896535,0.002736206129639195,0.005131061864280766,0.0027570836715834863
224,0.005291759244332071,0.007856084306775663,0.4310062308827827,0.014342290937466789,0.008273730496869374,0.0022850402571989057
225,0.005147614934307764,0.004782414565780625,0.004428196153943035,0.0029750959797844364,0.009251914806850744,0.006824425888435424
226,0.004754376127849609,0.008876506182620286,0.3160305776975345,0.0026455765207255093,0.006211837111479139,0.005960668844223779
227,0.004464710111815225,0.005468757146198994,0.015430488909642113,0.005407806792497389,0.004039512167496829,0.002906221132015761
228,0.00815597797161349,0.012450088457632022,0.6058907456457985,0.016720869202516114,0.00895749990153668,0.006400101649119082
229,0.006986075642034629,0.00783164396556305,0.5440814785672586,0.0020208452925316502,0.018675528245781184,0.004462707044184438
230,0.005957190024906469,0.01683370704543686,0.41258111733782654,0.0069646927702708495,0.0136950598597656,0.004464807386160686
231,0.0037376616212265643,0.002732541801866471,0.004639701313872748,0.011552628769158335,0.004097573227019925,0.0032962578826745362
232,0.017579393725679026,0.0025842077654387886,0.03347289622706654,0.001486908234568877,0.012194976193664043,0.007507812861970854
233,0.014692326558576647,0.03171570502313227,0.5302796577791596,0.001637665102236009,0.027295435561174145,0.007410450784096805
234,0.014078246076807343,0.0064075189227023295,0.03260652298985761,0.0034054431428861246,0.0034976879191223986,0.0027300358558346068
235,0.012455236617601017,0.01339765013707308,0.03284753079759236,0.006698745808347156,0.006132825846330201,0.005353343584562398
236,0.01913850469069745,0.005551492278136709,0.11539485134631144,0.004450333965445428,0.00275870676222267,0.005203666148314355
237,0.003946813089982247,0.01987955484284233,0.01634659877095761,0.005268831082696704,0.008337987699959555,0.003835751259881241
238,0.009392649735885876,0.005165414434102032,0.39732405175834984,0.0018767430230097486,0.0039911718454160505,0.0036514036892863187
239,0.006602462003943534,0.00398098430048286,0.059312849656275556,0.007008839340447954,0.0032991195856576297,0.005161304669578015
240,0.006272714355434172,0.004546434768041642,0.48250584524116497,0.00542478759996359,0.00784803616328117,0.0029914601982229164
241,0.005328505236929429,0.03429757311472191,0.6611943822862782,0.002366842987497554,0.006242759500520964,0.002121257859721322
242,0.004081018045359729,0.13037747774853367,0.47408389762385056,0.01794593503310616,0.0048505384628888,0.0022383473437381706
243,0.002786194075513726,0.0023290619796721827,0.038005011193551395,0.01662729728551101,0.005061185699112468,0.007232409919006216
244,0.003217603492011774,0.03693876744540136,0.011115910154607167,0.0015864179813762742,0.0035214466603325422,0.002944782905696076
245,0.0022747859934720465,0.008165418970466956,0.0259200447798474,0.001736868695893723,0.008857385191620906,0.005648292673389178
246,0.00340951181982454,0.005987294513776833,0.00465960145068461,0.0023558509594628417,0.004045587200911079,0.003925690817346594
247,0.004907110145154206,0.0031542889692406785,0.007265121000641435,0.007252889203322741,0.0062374832688360604,0.0034963643102350647
248,0.0050719630582740415,0.007228742563739703,0.14192258932035826,0.004799910260631761,0.007020801357273224,0.005813220444870561
249,0.005421812660995535,0.5592531753703563,0.004566084884344995,0.007914351373750614,0.006907793331397305,0.004253732922567947
250,0.010827166981534943,0.03617112776905945,0.12067279503188633,0.027511196734891927,0.010552777972497068,0.0020575740134765852
251,0.0062735875275397235,0.0028892341367691013,0.006490619803267076,0.0063958912453066855,0.00301505224000392,0.002000327059522707
252,0.006309223101986836,0.0050452484095302695,0.003141670115187839,0.004103600746712883,0.007387284168162156,0.0028194670772317193
253,0.009904523131611033,0.005299030585423277,0.039218650987261745,0.009923914353127193,0.015603364640800456,0.005652424831456801
254,0.004939043054867457,0.005702209150774865,0.006699387339815872,0.00513194523138411,0.004294261834527023,0.004498675142837696
255,0.006852192299423601,0.003920796697954231,0.16526088818625823,0.003321766423259775,0.007379481881341229,0.00268292346874715
256,0.00569061239113096,0.005419200082332371,0.010397756620314889,0.0030548757269863117,0.010091557567101141,0.006716113609757134
257,0.004129423925921514,0.004970065784300455,0.003821054829403006,0.004487523898415347,0.004357737883386377,0.0035849240121725843
258,0.0076397506957897356,0.025346623501988203,0.01749434185445392,0.0027793180796524598,0.017291746136680736,0.008255988562451928
259,0.014314972494566777,0.0020401542867730426,0.40175953496482353,0.005583708187121234,0.00627710048803974,0.007724049877136506
260,0.00607575191362355,0.008244848245571788,0.013967242436763233,0.0021676083795354635,0.009217725166546986,0.0037591112932161834
261,0.013648518914232194,0.023485237673897926,0.5276979042761246,0.003150337122343743,0.0035406872533289887,0.0018966562123024881
262,0.01905654581560844,0.03465079356570234,0.00948476164601394,0.0074501733069277385,0.007940720622410018,0.003586551823581833
263,0.00344916475179428,0.5130392719009932,0.008613807679105977,0.0040936588394392655,0.004987786573399587,0.002974315041015652
264,0.011754050232148929,0.0056868344705916715,0.018596135651461204,0.0067662930252234054,0.012413174149958616,0.003609305286100477
265,0.019577983658062247,0.00667424924732434,0.011893979028816433,0.001614326308525304,0.004940274385558211,0.01144878536251481
266,0.005395399290363003,0.005509383577461881,0.44139952769823815,0.0028338545988358514,0.004490477865301244,0.0028055983813874796
267,0.006076043362933551,0.0048471460395784925,0.004923736400100313,0.007296714132355169,0.003908673604679852,0.003310201351698856
268,0.0054531339633035105,0.007740800136645256,0.006619933403992167,0.0021168281904378155,0.018092768643499603,0.015536506212127982
269,0.003944535510996417,0.04464442800067627,0.009588936210798732,0.002754689631322646,0.006712279884097297,0.003653416876020182
270,0.15936414801724086,0.5470925932616132,0.0039047620809078204,0.0027801164768702655,0.0064479700557151754,0.006085799503436458
271,0.0022671470706926095,0.020384087284726952,0.020557782989984875,0.0038547407367054694,0.009734340716435929,0.0018472578768007088
272,0.007173395706621629,0.04277843022035422,0.0091501510875171,0.004710410865135695,0.0024111806198907713,0.002239093403828921
273,0.003395305210027224,0.04084444143980914,0.013748745265479726,0.0041725084602913486,0.0023769785779197,0.0028678096723956767
274,0.004688610991638014,0.007602665485320439,0.0032510428069733458,0.004171047137543289,0.0025587643167245475,0.0034968140654982284
275,0.0023182452369700296,0.011240896572735441,0.01362820765180593,0.007691739668091444,0.00366658455670064,0.0033988226315456614
276,0.005147107908986129,0.006615810415566752,0.004606848274323611,0.014239755841631107,0.0057719819880486835,0.00456833568072168
277,0.004290423458737624,0.002637404772237283,0.03413737748273947,0.0064489561635607566,0.011394766912481242,0.0035098753538101097
278,0.005545087850996624,0.007378458370658503,0.3805376854686173,0.0029959914746344844,0.012660840416018662,0.005334071284171873
279,0.003847199947861138,0.011889275973590331,0.017120916510562457,0.0026112130978144387,0.005569434646586444,0.0019525043030001522
280,0.007062934645679339,0.010960776949536094,0.03119203449548082,0.016908974581324066,0.01380039762064263,0.0061084200868663134
281,0.006032814492764541,0.003881161991308423,0.007071299917061278,0.0023582710257036557,0.007568306695512276,0.002783708068591551
282,0.0028916256303520237,0.4942699361165549,0.0047668027317387,0.002315126978670737,0.011494166728334816,0.005690554068635328
283,0.009680491843124766,0.009302796440833762,0.34604255282278906,0.0036304078654614672,0.002686778314567283,0.0035708879062450547
284,0.00282593697591064,0.4116378201312083,0.05621478808446228,0.004939209905305056,0.005761408216138279,0.0030200115944238625
285,0.0034471128960006365,0.004293927505235673,0.5289029685367894,0.0029957875701099408,0.006093161426475684,0.003588030468007525
286,0.0029643715391873015,0.002880744937925434,0.22874423312230496,0.003646625866904971,0.0056543824662973015,0.006464380234683981
287,0.006366078098695017,0.03713850539239317,0.029907097278339734,0.0027373977014845414,0.004956412989275003,0.0023929969241043227
288,0.011125500730515223,0.0040620867104501695,0.5242922460552233,0.0028025641679345023,0.003642745729370905,0.00646634367240326
289,0.009775982223749842,0.013022312264018449,0.0043093562585051854,0.0026561164602736283,0.003507266124246034,0.0025950147773408268
290,0.003052766615754779,0.3513987495201556,0.002897464790002929,0.006084246207640508,0.0021914456531878885,0.0016202120502883694
291,0.008748708230434745,0.005983176976927227,0.41609835067838796,0.0032031242285320174,0.009059822642914014,0.002741329759898673
292,0.012687202346602327,0.00557683115642098,0.011107061512912401,0.0018612310563991498,0.005678461298632556,0.003505436624894732
293,0.002785911035571553,0.011022368177439847,0.009917978246549582,0.008771301839147386,0.006212139941931914,0.0023543123534160437
294,0.006356883084215029,0.012420215062578796,0.04421175318163485,0.0029164623125934384,0.003933103647038659,0.0037528507193015765
295,0.0024632058021038217,0.006873642061689608,0.013201942547094793,0.016976267736851524,0.003565394765026323,0.0048455254458569155
296,0.00764781556934548,0.004045747261518811,0.026652679372553154,0.006393789288646689,0.028068075842067417,0.00545231668782795
297,0.007232671264701087,0.027425387177633404,0.29881524160194023,0.0018254778745878059,0.007742452032662747,0.0053624563645191334
298,0.0024753972702072293,0.01528975239766375,0.01056834147261793,0.0025109273005697813,0.006375804807271624,0.006466412804468244
299,0.01117249458493464,0.03976902375428092,0.010428131466989093,0.00346143888867501,0.008879259101332242,0.006539690254741778
300,0.009882971392154154,0.04300094340383602,0.5243794620289762,0.00474038549908439,0.0019293117227390027,0.0015943627907752647
301,0.0027590381237109804,0.004182827665008415,0.013728881315057319,0.004155357512436982,0.00590193624749881,0.0034871053885261374
302,0.014113277366431797,0.013010810949037627,0.029625618556588518,0.003169394738172239,0.0023745540617131846,0.0025479384044499354
303,0.005408212338116387,0.014344592115086771,0.010397497317761639,0.010471309636534682,0.004666784848607246,0.005562645517844075
304,0.004435907083738019,0.008991543532433663,0.045459288840925295,0.00581110591088511,0.006482336077746222,0.0016450630993414394
305,0.0026325128121191246,0.004950785840620585,0.5319297003262046,0.005465739514990698,0.0027270092198598897,0.008602122070897267
306,0.0042421753385974235,0.008149521029417513,0.6178897856887424,0.0025024241030305364,0.0027201421609257684,0.0024217861027708175
307,0.0034551103517128,0.017459062841638767,0.011346728137388268,0.009680790334970435,0.0040833294893185355,0.0038548713272030938
308,0.008116351161508245,0.007435399987201383,0.00693254798279284,0.005612854433942784,0.002081564178242505,0.0018588806940315844
309,0.009494905008791542,0.47758929324816884,0.349841865131704,0.0033915808237977942,0.010839389869779363,0.005126240312008744
310,0.007760120114185727,0.009576048965349596,0.40456218263214244,0.009457450730120697,0.006283316129440089,0.0053700508241870505
311,0.004349195731240114,0.015699136112628086,0.008787252687792789,0.005010069500662532,0.00602270233170518,0.002310655995299381
312,0.005310393960251541,0.0027069045727771738,0.010730760023307454,0.0065867747366508515,0.004628660762879623,0.003442062212467647
313,0.0037940384845537604,0.010780159171885313,0.006563326719518475,0.005281844704822025,0.003812858660950146,0.0017747674286289151
314,0.0022482009120834328,0.5643693213756318,0.0323288499361123,0.004043254881960937,0.0034934383146260715,0.001884959940486308
315,0.0029335458224936874,0.008778737537976955,0.008032920300028227,0.006565357913685381,0.004176481790210652,0.011098044492103085
316,0.00316499086539142,0.009260563859317087,0.008835965380332347,0.005034988947136211,0.0036298811517816425,0.0022845245734871753
317,0.004382760648155523,0.0029369689710893707,0.46679129109033507,0.003351260306583378,0.028770352234044668,0.007254854403567398
318,0.006268153987260337,0.006070417078739569,0.009444337535169267,0.009710576058246134,0.005075315371174595,0.003980446897313359
319,0.010147401014450108,0.006529345559483372,0.455704610429541,0.002719949522133817,0.003807251802016524,0.00231802390184212
320,0.03785454955667444,0.04777370249056564,0.014915189011790396,0.0033303250790395877,0.0048185558574789815,0.0023644742224074897
321,0.005956699069407369,0.006024857767854488,0.004595841226831093,0.0024371376120219234,0.011860049352182206,0.0037627640262823964
322,0.021201528055364842,0.6538337326150487,0.010771647435878294,0.0033035213686860424,0.004153931770409781,0.004973737518801222
323,0.007586983842511192,0.00915520814489857,0.0871716497978765,0.006100436992445959,0.011276028774659651,0.005737540213283374
324,0.009018404927148175,0.00482139497835783,0.014917912937848271,0.015812733050838395,0.03255167675512671,0.003943196782894927
325,0.003806506292038329,0.006212887410586089,0.5356231417492266,0.005805770867812521,0.005726839907654392,0.005302845570348018
326,0.01888634973147343,0.002813518396430782,0.5011837026625743,0.003856983467238176,0.061884915133285645,0.0018804559771423686
327,0.005023834041593703,0.0045806906820442484,0.004935966078350353,0.02428915846232465,0.0038107497978800055,0.011120443436482946
328,0.007055178743662708,0.0025175434557340704,0.04596685822599042,0.0033626322743571637,0.011765828980888564,0.004249276235891594
329,0.02974290839835466,0.012147672975643039,0.01565464595570661,0.0063936261414258636,0.007253294558206636,0.008506516381019215
330,0.00287101495324254,0.0044182799476544694,0.012165520225972401,0.0035686425548760964,0.004425479680704676,0.0020717657820361903
331,0.008167968963532331,0.009243374795212094,0.026279003745207554,0.006505005050923378,0.0030653555570662747,0.0025083100346688352
332,0.005289520337541703,0.007364090203763163,0.011615342074459946,0.003403195411685692,0.005455776907415805,0.004059336162048938
333,0.08937248341866216,0.003808486857792387,0.004439028930437514,0.0047886508412329915,0.005650837985448759,0.008810763861217603
334,0.013560035903029644,0.008004337635389156,0.04144234206392855,0.0020169154363352056,0.00873573777942634,0.004371050597787346
335,0.00311072300708161,0.42900168304126907,0.009965372946281807,0.004151349425213126,0.00788794752440797,0.0059791289363080955
336,0.006907417571440436,0.005982223486069758,0.012878802873804851,0.02061502725163173,0.002934605533618794,0.0032098651407161125
337,0.0035292149450834383,0.00814537577215451,0.10465465733775796,0.00464546797182037,0.007655120686329401,0.002554730284064607
338,0.005611652162689681,0.013562069325480158,0.008729535259341835,0.005064738485895175,0.006220716095638236,0.0037422426853541218
339,0.004490827179800217,0.0034567664017014356,0.005750463262662713,0.006643281047897759,0.002815119346602052,0.015854954313681568
340,0.007469930383075846,0.1018367003818558,0.013033602353444768,0.002372376811646585,0.0038931255336676685,0.003559513085042078
341,0.007462975339495256,0.003617041110719817,0.012477623335640214,0.0030286104555635514,0.007719269360113434,0.004138720606254218
342,0.0044071446054953795,0.12105677460741755,0.04036240637288487,0.00610300817949155,0.0033172048398761303,0.00199523723630734
343,0.008772689736893508,0.010104504524683033,0.014223390016447736,0.003349891273971293,0.009408933957136534,0.003425089281576742
344,0.005125179951139214,0.008066445885215578,0.009640750939569169,0.005280792952156806,0.0042288658663388766,0.0057335695303803134
345,0.0015436197868304758,0.005100589108200998,0.005802175009117135,0.007678427513534501,0.0017475686523199317,0.0019524634630384715
346,0.003081655881721415,0.006899846414618682,0.04290002399251541,0.0072369193702713904,0.008459343407112623,0.0017986909413946184
347,0.0044684195407634995,0.004955652976689956,0.005258166385388719,0.002796029914107123,0.03172433978449536,0.005441914372699108
348,0.006350652451219949,0.0026459563143332756,0.027533329552730256,0.012585162255623547,0.005997246175481791,0.0034618002331819257
349,0.007974648517210805,0.00704240978639326,0.008312128539428431,0.0017909493139342605,0.00735401875235997,0.011894243861113526
350,0.003643815715400948,0.004504270063367828,0.01025865574837838,0.005049274940624822,0.0035613736889116895,0.0025399431546856135
351,0.011252024017193196,0.011281250934934012,0.045807084282354596,0.005030640782862866,0.008867445746347305,0.0036199828416655254
352,0.008454527977024631,0.0037846185055430215,0.0030869004872614305,0.002868028193603833,0.0044955443445677335,0.004846868014207182
353,0.011594174694269075,0.008298898790185237,0.5918106410313528,0.0066195865978924484,0.005635613756297013,0.002196517446517164
354,0.005834268092816764,0.01020830113656842,0.13735603797689183,0.0021925263652775467,0.003803122539308307,0.002428740686110017
355,0.0026616754182525633,0.009462247807337808,0.03503936217278428,0.0018188508255107128,0.024849812235744752,0.005183640921709515
356,0.00854298884702403,0.006385485392064835,0.040807344343143315,0.002741500905788032,0.01708877554424241,0.0038576036237742573
357,0.004320739789472164,0.005974925784526528,0.025770999333695487,0.006973236084566373,0.006279568271597881,0.004077995468766351
358,0.009018787849149527,0.004389485697480175,0.005424043178078695,0.005323667341808238,0.004234681351092629,0.006760901037955205
359,0.005239335390981095,0.005049096779936406,0.41721941483611774,0.008109769932350124,0.005562451579564418,0.003084526012105778
360,0.00939237215462049,0.012456717145416808,0.2906652263746328,0.010600230061206741,0.00720141531674061,0.0032575272934243157
361,0.003553529445592081,0.0024646266836800945,0.37400654963125,0.004833682133440752,0.01872013195655206,0.002289879640792901
362,0.004050923793208118,0.0158648594256379,0.013906051339354717,0.006897475836647586,0.0035712114074094364,0.0025640657758424345
363,0.0044161127501656265,0.009398591379952935,0.04567573414082644,0.0025843827553250222,0.004414343130609704,0.00432672797055916
364,0.005192622072131153,0.003384621996131898,0.004458600252806654,0.005245805260312285,0.002093483393887487,0.0024876048121471126
365,0.003809882177899092,0.007187386116286631,0.20638092713848555,0.004933808033942507,0.009215370796101918,0.0030754263495012227
366,0.005327263154108167,0.003643105531521611,0.01407264160261431,0.0026721155416705973,0.011581252256788875,0.002536230284080073
367,0.04711275516625029,0.006883772193339266,0.46694642159367045,0.00493084804657465,0.006656193716210779,0.0018211260873259366
368,0.0023526414069914856,0.02035851123331468,0.10948377942513833,0.006054851108757683,0.002007707170819575,0.002209369436940041
369,0.009945578977358293,0.009336910563997863,0.014902438247483055,0.015441490862682013,0.004890182566926216,0.006000245265632533
370,0.0025607879462020643,0.0038863881677957965,0.004689754095183877,0.00781519483141854,0.00495558939584336,0.005095002794711986
371,0.0046530063311713355,0.0024060916949654415,0.003203761321384528,0.003020749013540372,0.004338580174713298,0.0045906018825894734
372,0.00836974369615635,0.05432801411835355,0.016556849604312605,0.00165194383604934,0.0056777163007071035,0.0064000417131905634
373,0.005367147256554121,0.035822038955901254,0.006372774521576848,0.003276727974658792,0.005007491947470596,0.004940323328137708
374,0.014007422555311622,0.005957356325940446,0.3333760821653354,0.003927613893764143,0.0026189905715099764,0.0034407231721083594
375,0.0038585791828561625,0.008845759468855456,0.008844060321382088,0.001508309245594023,0.007968033677868346,0.002834755992279591
376,0.0026278784288505984,0.006685494953671824,0.04864294789472007,0.002703482247672608,0.0027804569190698135,0.017571706691028175
377,0.0027901293797682244,0.012080766333554177,0.1581688267288487,0.0095354468922754,0.003700421668058941,0.003722209649016775
378,0.003035664719554718,0.005316713549338827,0.005710390789196743,0.0026653044999457214,0.012472654852698817,0.002923894969072524
379,0.007490240026134672,0.03381556517975542,0.009260445121083264,0.008227059077677562,0.006422584176399923,0.005095207375012276
380,0.0026489433087821916,0.04178935714474356,0.020119946953446044,0.002188265983413825,0.00813516624253198,0.003654640401732093
381,0.034626804306664184,0.007452022239528334,0.4363183459813547,0.0036571966706852163,0.006799955839546999,0.005351774316643421
382,0.005854260957754181,0.04570140016237054,0.004931506887407207,0.0033318875046705857,0.008639450887811543,0.005903790705073255
383,0.0037630309582993107,0.04161388962934404,0.4401595744320902,0.0076379060921457805,0.01230948544348787,0.005140401501254947
384,0.0027849066960773184,0.0025760835622386444,0.008764534479449797,0.0049336525816471915,0.004538929670478266,0.003912487775404377
385,0.0064135177504483845,0.007054193614267391,0.4542699403120655,0.007698415681120427,0.00774410454913648,0.002252774652670195
386,0.005080568703900742,0.022386089333743017,0.008698761976701126,0.00254930129571746,0.03052852484708984,0.00597961214216907
387,0.005428362563552423,0.005566686868123256,0.003314591172225045,0.004115008561518255,0.003511029556836578,0.0029978683281441368
388,0.015681331344368568,0.5149330237390296,0.0023311879101019506,0.007857040356173425,0.0034114335234470866,0.0034605983226822226
389,0.006142929431921245,0.002286492218903934,0.007107164892001944,0.004703126138019077,0.018396657399818734,0.00445863093632736
390,0.008763776471830895,0.04713498336393787,0.4179740883107123,0.005728457024666048,0.006513023529168709,0.0043283387508417735
391,0.0059508399625016715,0.009815893445878066,0.007896616645527921,0.0022719365115850257,0.008075561721859475,0.005686340969485808
392,0.01680496628495016,0.026257631319399455,0.0072163695704658,0.006595517323664717,0.006990931341385053,0.010719082949799803
393,0.004099513864569377,0.06131062940925739,0.005039799199451008,0.003114030833524981,0.00468627495380274,0.0017821852473791416
394,0.011832914994074604,0.05641899705470371,0.005628794773530794,0.02376552426238947,0.003228431231531994,0.0048964597023489365
395,0.012544163461800702,0.036432730965818116,0.011890447636096839,0.008094253641436558,0.006844536876808332,0.0037950797216773765
396,0.0053582111371670346,0.009950985858897081,0.015455994152156833,0.003949090397027146,0.004673153095047405,0.0034159794155010034
397,0.008456504739488509,0.020122344413417054,0.4074046579010254,0.006212593890965913,0.006556888783018097,0.005082698331997112
398,0.01844870667027774,0.0037553698385334425,0.04391671669681585,0.002099041293267651,0.014434394447244911,0.013443257001867931
399,0.009240615975569674,0.012506932452239371,0.3704614297551523,0.009481351100976702,0.004446274522470352,0.005990720811181471
400,0.007255442651788435,0.18910501292066004,0.48103069675095916,0.007798172657570582,0.028633512140238383,0.003948799749659714
401,0.008353229638930157,0.18122351433749012,0.02235038912779815,0.002623896313725067,0.005119243902673976,0.007255878515889055
402,0.023445491552247903,0.025923724129132773,0.09553673047569172,0.002754299397832266,0.0029341534876496152,0.003573034572799783
403,0.007072600460412249,0.011715183863215552,0.18486930341365843,0.006721190331486977,0.007642179920744875,0.006326145348087548
404,0.004494831090246599,0.01082003764519687,0.03527707387728871,0.002995367263528546,0.0028889408248759297,0.0021904883332351703
405,0.06340743467287689,0.021116121133382095,0.009397797830138995,0.005953475019275103,0.0035268704937792042,0.002732911966977649
406,0.0029319863977066577,0.003378900776692935,0.04330402924594914,0.007155432904797936,0.0030740722170195986,0.020390333976655132
407,0.007812802683347015,0.024309355048851445,0.009482530395590907,0.004789317452047362,0.006125597242294061,0.004714766654035598
408,0.008522393734299803,0.004968645823199447,0.11612184099677979,0.0034470614774680624,0.002245900500753521,0.004980419638580652
409,0.011821258895354828,0.006693429682271471,0.005751655183352676,0.0026305908511856935,0.012505123381144073,0.004749899192601413
410,0.005162330780165207,0.0030907778919671103,0.03185797906990316,0.0067221655409559974,0.012726694899007376,0.0017392135347411388
411,0.022733582893259642,0.026232591589321813,0.0070406758250791904,0.004336884330815483,0.004463602081793432,0.007168477812931053
412,0.0040458506825832,0.0035664612182599044,0.008913895390145551,0.004656836651158667,0.008963649740283318,0.0027619012847007983
413,0.004868979082431722,0.0030924663946075,0.014798108726008686,0.004202593328058264,0.008180777644516586,0.007766627501687441
414,0.002476590516394045,0.008870088596043029,0.004494684832560307,0.004130942618781472,0.0031059770184145873,0.0036975353795029573
415,0.009769741023261938,0.006947434938630765,0.02416507588150244,0.00233776459086799,0.006416306705980517,0.0027654145598941878
416,0.006489614686585692,0.011716732903658518,0.013407329400521324,0.006094914709653042,0.0067870928707123605,0.007088834330176701
417,0.008793667915709595,0.009758828828622444,0.0037085316561772086,0.0025510256374932,0.013362956922160987,0.008289088887996317
418,0.0024950801494027807,0.008343296592464957,0.024305705474681343,0.005709474892898368,0.005448141258874339,0.002718290865597248
419,0.005205121806629333,0.011803925783799414,0.021127029999403028,0.007853392661850438,0.030855199198527826,0.007099039779111472
420,0.0018416025822782219,0.1741207029297728,0.5973795290679972,0.0037792244748818763,0.0021617919940725896,0.0019252617185418278
421,0.004641341172028654,0.011260894575431767,0.021054682855749733,0.011347148165846432,0.007121393064423838,0.0018154540399741416
422,0.03711984007539191,0.004697119303809505,0.015460880150815497,0.004622575541352645,0.024043672552949542,0.005867599950241546
423,0.0035862610256615656,0.02415264807675364,0.03893417730071152,0.0035308259870414516,0.005915326283909813,0.005997994746143263
424,0.004091259830527624,0.010246174995596354,0.004059347620424009,0.006215896415943827,0.008019983362087023,0.0029930223121942007
425,0.008213121562106605,0.00819996364672542,0.007594713305071678,0.0022829604186356454,0.006306723469383766,0.0064512234793129815
426,0.018549341729347323,0.0024529777788292956,0.013037538185684615,0.004442783247805363,0.0032066137513745217,0.006447485231126872
427,0.010753544202854473,0.0023378799189712387,0.0031255930994977827,0.004358059260172203,0.004729373675676658,0.004356622933968245
428,0.12261081646116469,0.008308603995603441,0.009396021431991933,0.009874767941536744,0.006539415462719772,0.003862113226976653
429,0.007209234795644987,0.009770133839299946,0.11500071346188996,0.0034746120487769254,0.005379221976364467,0.01653179924817816
430,0.001992617517995839,0.0026063446983077498,0.009815522279171983,0.006317223961818365,0.006857464521964279,0.005297707392406268
431,0.025150798528770512,0.012218545395648017,0.393294834530604,0.007758482101656261,0.0018900749642563083,0.0017703825874203745
432,0.009977974730448667,0.02355676091536348,0.586945500908604,0.00788762426182425,0.00374174796944411,0.004259717499703936
433,0.006419165442365587,0.041871640478138294,0.007537916575913045,0.008719867722686165,0.004409385654516335,0.005078658670235432
434,0.005375737544529969,0.006325257711022204,0.00610492926140536,0.0031782694855260595,0.004879526143190972,0.004754466567009064
435,0.007819413931328225,0.0030104205041351887,0.40554420794453894,0.0046376740448430265,0.002417618490785045,0.002360725271231391
436,0.036622258947448735,0.012449009521152972,0.003067514796409914,0.005738592189034061,0.0041618430308164875,0.005159338876660661
437,0.014956529687620214,0.002170523700605316,0.004754001785956654,0.004374848290654677,0.00314341850386033,0.015142089008882888
438,0.007373582669657476,0.0032598326603686238,0.04049756663109978,0.011852168300968618,0.02234700834415516,0.002572149756975566
439,0.009706261522136028,0.009481967074792609,0.008873036287999556,0.010246001011701538,0.01163032632507144,0.0033555374028053104
440,0.0029408007847918556,0.003096842040231509,0.003929759983249225,0.003007890258497763,0.0027811107902989277,0.0035940403412908976
441,0.008142292841433005,0.22807382422323602,0.015343705005436732,0.010290435198489815,0.011711715818185992,0.005036521039477743
442,0.011896162243223814,0.00399928516955807,0.017559105445970717,0.0074624733772594995,0.06132067203716006,0.013487975277388662
443,0.015230803981663736,0.00317324728861412,0.03322718705628456,0.0031275892659538597,0.005484819694986463,0.005431562157658355
444,0.0035453642164620077,0.012486923557051454,0.006441261832466816,0.00702961129024513,0.005880589178152587,0.006710129149780461
445,0.0029444486683954606,0.013711932947960937,0.011204655070862341,0.005750031124669536,0.004195328320244946,0.0016953408981458273
446,0.0026100861792689918,0.003699132296986541,0.01814893380212267,0.003859821409300285,0.004064522678173209,0.003127882911749106
447,0.0025711385950014155,0.004177542056552017,0.007377684673596981,0.009537589138448455,0.006788361376236133,0.002668129990003147
448,0.004100384263000726,0.003433945361572698,0.019890513108976715,0.015576831155543022,0.007950915802069958,0.004629647088620882
449,0.011800203698032755,0.004941334544182298,0.009509988752794405,0.0030052272634155377,0.2836811251809857,0.0026345858576168803
450,0.00793946253053379,0.012915345442272798,0.010496920332381802,0.00503270270527537,0.0049751788769011596,0.00467876662872898
451,0.005088656040743168,0.006176835246713213,0.0235678701862319,0.0033060518020651534,0.004723713408049856,0.0042693590547059485
452,0.005423282508210683,0.00959390531706637,0.004766082039982258,0.007172009504237752,0.004489527789881056,0.0029342523995033827
453,0.004728224219634373,0.18735890114442094,0.017245312688782797,0.006922087603772569,0.0026813519715786663,0.0018270195118772182
454,0.01732071137642124,0.00769424611756792,0.005531407525366347,0.002154064839473495,0.012553770447121087,0.0036537112743851457
455,0.009317325945981947,0.0022715284405492807,0.3732345615137019,0.043812682380464124,0.005599561547245906,0.0062862437828887134
456,0.0076594997280872166,0.00635677870153112,0.012624782771293284,0.002849646037371308,0.0035427281801122335,0.0031163915377894714
457,0.0025883444511993654,0.018531859230901816,0.0035213191691543778,0.005314583006542545,0.0036409770218994793,0.0017135906471222675
458,0.004364104645545029,0.006959884221656043,0.0070279799193184965,0.0051206588881882046,0.0035870692340485718,0.0025836916324883407
459,0.003638712068643157,0.013789857427981543,0.0034254329637183768,0.005948240385526394,0.006311252897380906,0.0026940614505491793
460,0.006173189795217983,0.0031438988937819313,0.32914357902327096,0.009181307916175208,0.014598066048529007,0.006097246946890238
461,0.010778889448260973,0.009521692003200771,0.4904188558474081,0.0029353775579586067,0.0055404554638736675,0.002888924139378905
462,0.0068337390177284985,0.004662876285445656,0.008271122154223988,0.011229755028766672,0.2547482128096848,0.0018456759323881094
463,0.002927722664546911,0.005114296573746918,0.36719428776407576,0.008145752373805461,0.006984351490888884,0.002274824119891738
464,0.005662803854909797,0.4227892637424832,0.009451702090414146,0.009087017724326737,0.0031178077085573398,0.0022485191986377708
465,0.0033599371055526082,0.009484586133604573,0.2614996587644128,0.004834309117498064,0.011861678361489164,0.004294945050308373
466,0.0026581722026388314,0.009814280073224754,0.4453342092065548,0.019545110441285277,0.015712219437654464,0.0040153674733891176
467,0.0038392064097376864,0.003328344572175494,0.03186278777189936,0.008255394118999417,0.005992601518147908,0.0025697922219329156
468,0.008687098370227334,0.005993137047849627,0.006341854626870973,0.005622395423662994,0.00180148709877691,0.0016952436093060758
469,0.0026770804848293456,0.009600516982792254,0.015635559409925115,0.007396700411084765,0.014104951783087776,0.0021623761494672868
470,0.006731739821638726,0.01570305235381808,0.01157935079881085,0.00591634905065874,0.001787482749859061,0.007046993188606525
471,0.0046179947282276035,0.008070939179521088,0.00873095495680304,0.010347121325423645,0.0044081377062531926,0.003972163264100237
472,0.0047552855249911406,0.004211177867917123,0.005525347297170254,0.006979181282776574,0.0036807948570597633,0.0021200646210661677
473,0.032380763990807235,0.06740348470384441,0.499043444569642,0.005678377421968447,0.006672360903425253,0.0025291084357218635
474,0.0026916963902974774,0.013804078971298248,0.598416136710759,0.0036445556815394163,0.01567235001134375,0.002875522971814334
475,0.005314873784311929,0.008141144772835451,0.00571736790122899,0.005346225920631786,0.005577366098213442,0.0103633815997017
476,0.010567183752323283,0.0038968837478263233,0.10004349113795764,0.007383676117931665,0.0063952660638519265,0.005535023189826866
477,0.005141250895366576,0.04566465584104698,0.011142891421693151,0.002474968292568472,0.00666408124703607,0.004955413581917094
478,0.010642593697667804,0.006851833805897224,0.07459015559046754,0.00627774719964556,0.004593775628205204,0.0029577497398565996
479,0.006356335135630416,0.006119458254701093,0.48099354254578847,0.019813356774777097,0.006898297733658761,0.0018804177250077733
480,0.0024621821601271392,0.004310321710993627,0.02780013255236996,0.009130082022937743,0.002976647737346717,0.003764021301115755
481,0.027852736614116243,0.008554671164332516,0.010275687871445349,0.003100827281905858,0.024784061328588805,0.003945297042819947
482,0.00952920776758339,0.014023748509921698,0.011251822809371604,0.003122170390556182,0.003828465068787701,0.0019345340267968468
483,0.0035546054814568854,0.014634639535344286,0.01564563174182281,0.006963497710643544,0.00422365995767142,0.0038189093622449013
484,0.005025261983907643,0.0023715766704285306,0.0029223428566630713,0.02208951309935092,0.002596916373992439,0.0020194224153661225
485,0.004016445709375834,0.004787569984331335,0.005266260714386973,0.004239975804645407,0.004682971423510078,0.0017811541080320103
486,0.004575583510793977,0.011579565204509642,0.010009156517434389,0.007658362758113727,0.005964988695789327,0.00294264512357421
487,0.003119803604507506,0.0036261839827018195,0.03160682174229391,0.004106134927750469,0.003415608875873733,0.004414900991924471
488,0.007267525474727318,0.02884165578430963,0.009145991310424819,0.0022597607800805817,0.0025980809708332753,0.002575422332664483
489,0.010621277471565797,0.014073361473415194,0.046105953548195334,0.008145364505610965,0.005291326759498695,0.0060888490000765485
490,0.0027963087135940774,0.3637465176741394,0.005081995389971258,0.0031902516055341192,0.0043091894234902565,0.0037395177801356257
491,0.00841966670972727,0.06280700787253472,0.003607629500705453,0.0027992846295580597,0.006739827756136143,0.015007445131374473
492,0.0025819903778246077,0.005521040757267782,0.005345465418630308,0.02092906144479533,0.004002692520002483,0.003579533677025003
493,0.0033557863852252297,0.004114848504167202,0.025174735285974664,0.0037400240736689596,0.01466322347031609,0.0030292235660073566
494,0.008925205722312757,0.07171304599497366,0.5131705568553426,0.010030227856076974,0.016760006649576283,0.005580361832973161
495,0.024238899433301757,0.010068988864816334,0.013798632847574866,0.0018972373023881833,0.012948142882994588,0.0037454374451772634
496,0.013185122970038389,0.006656897524715646,0.03345143710317383,0.007748587053436798,0.0030397179140781005,0.006491140494229507
497,0.02036142321496581,0.0038322913152086086,0.0039208678673820175,0.0031100481638775567,0.005933219978242213,0.002911978351966274
498,0.01016238051889057,0.012172290909518628,0.0048394704744242475,0.0031391043001940382,0.007744744365281447,0.0025633122043870285
499,0.0077763781817155875,0.005682358261933568,0.004494721201148867,0.0015253180604811237,0.003994338788574386,0.003064667576499403
500,0.013513500091854166,0.00961211186129831,0.0032899792306749164,0.002807509675641533,0.009820224063018993,0.0030597136016610456
501,0.008439635366739045,0.011921128875086066,0.032354013685957896,0.013457658126191294,0.021280926113572594,0.008205642549440523
502,0.008325504732594852,0.022753225173163836,0.0032186883394431294,0.006572813849728707,0.002856744598074861,0.002819977148355042
503,0.0023855525646227617,0.009999218716648517,0.10144342406244025,0.023684860580304008,0.003342077376945384,0.0023860512131320365
504,0.0053601665617101476,0.009164476040073428,0.37819524242051017,0.0020003822426030407,0.0047149227083685494,0.0037188673009181236
505,0.001942783874097822,0.008022722091712214,0.02504059444834937,0.005395284655277925,0.00466978149696301,0.0032744733834054853
506,0.007819535032770619,0.010478154165495066,0.006146675142602096,0.009795397456174953,0.007704573166386008,0.0038269497630605896
507,0.007741314755942503,0.0028281865203810624,0.029391584739394603,0.003290706204773269,0.01387509475796224,0.00866652449776503
508,0.011631591672588553,0.01520659553481729,0.014663927762746755,0.005999568207890288,0.007184203706852519,0.00534771159760854
509,0.003340694119188886,0.008803249521258796,0.005179955851764593,0.02017453917808449,0.0031404461323494945,0.003085020104547967
510,0.007947028464810242,0.012840856171413874,0.018445853896782393,0.0020805636017346787,0.03342930087776843,0.003743748722823781
511,0.002175855622620706,0.0030434095438205823,0.004456039241467955,0.006333303023742527,0.0056442819396319245,0.005868983718072222
512,0.006367851076851107,0.004065859440198725,0.0034984919087241878,0.014751691266988212,0.004964164055098793,0.0027997280477084765
513,0.005194115366247795,0.007158381633924599,0.007207754937556993,0.01773609889370998,0.0031028113748319108,0.0021427858175225357
514,0.004727676267395724,0.07316880913974183,0.5108614073036699,0.0023912981998595027,0.016470505051627324,0.006647214892887174
515,0.019916040378648144,0.004925147541887084,0.07590123764061611,0.0032043017983797873,0.014101276837275755,0.0028070555860845343
516,0.005075188546256881,0.006450224161447374,0.013972916959378051,0.005688270489157586,0.004026714307058004,0.003563300537765446
517,0.00293556684382587,0.007027767653560449,0.010085221665935694,0.004294359886290879,0.003908417194455018,0.0039506924709333405
518,0.00881700538471084,0.29917948591311133,0.0036568789554761783,0.004734077521501604,0.0026974331363036484,0.007102679215682891
519,0.005955235180916281,0.004823831405503439,0.004195999073604284,0.018106853026444675,0.004920542677410798,0.002080172824503402
520,0.004653900512821303,0.027814130878083532,0.007572520199085156,0.0038389294001140157,0.00561467985642984,0.002693322036765645
521,0.00668932204188019,0.003792381750533268,0.20714252221358864,0.010371433808919283,0.009524050254037169,0.005314511816505757
522,0.020859558971048055,0.008225810748485838,0.02012659448053259,0.003091616951836843,0.0032738639045438124,0.004303932958832509
523,0.019591670369632108,0.01040819417987115,0.005480570975777925,0.003342603725583091,0.005473368115010471,0.03234932371189479
524,0.004219104060303756,0.009054850373835585,0.01747665103946931,0.0024292449315397487,0.006973496303732607,0.0073498865513816885
525,0.019097498884864332,0.008555562506488189,0.032343020889979986,0.007716594015175905,0.00719027785495202,0.004958592477223802
526,0.0049439528825876355,0.008174911344551086,0.02521757035604037,0.004995640055739535,0.00417846304144228,0.002397784603185992
527,0.0044043398967155865,0.028888584227853988,0.025282028130492108,0.002213577137540621,0.015342060027658564,0.006782919367588235
528,0.0043569245610580445,0.005956120147441726,0.3082718093298737,0.002102083961267952,0.02659360834358231,0.005804478241746851
529,0.12211131667208888,0.010054719529990527,0.015749501265818384,0.0036415105112521965,0.0030891954206091173,0.004993474941027209
530,0.00960006651296379,0.4749143745323759,0.01302360741578614,0.0030669013154920703,0.016298876143917826,0.0059612234624881084
531,0.0038710440969326925,0.003745625163179423,0.017913794595392784,0.0038364757114476614,0.0043797814979668415,0.005773873280618279
532,0.006784813073739241,0.012297401424337176,0.0031994328856698043,0.005223404529156844,0.002445417165405271,0.0037227200394093596
533,0.008082256647367014,0.005982225163814366,0.02328378935924235,0.004478227188059616,0.013971382468590234,0.004864073882993803
534,0.028643515012921617,0.0074791671333516024,0.46115856965415747,0.0030590323305234738,0.005158298508136511,0.005404564931445629
535,0.0048376074712073915,0.02300415761866029,0.034394319752364295,0.0020715293897744934,0.012434916920181572,0.007032237183947908
536,0.008838722547549999,0.007269276910648733,0.3571838051418669,0.0044215691997760535,0.002344649948770619,0.005036229318897635
537,0.003702549451971369,0.007413216560165394,0.011019857493796985,0.013259323595355137,0.008521530779618897,0.0024376865483052615
538,0.005708363438024625,0.0029302754521237768,0.0037678632499697396,0.010167651788249746,0.004454210534626817,0.00387164434689118
539,0.0033293781244591297,0.004925415800332607,0.042072864868809096,0.002486318271074902,0.005684964721981126,0.004939470685665346
540,0.002170092502297143,0.008453961151233787,0.10806854941054207,0.024167358780053657,0.005965034936830694,0.001980808408421311
541,0.013700482717962884,0.018117326633968762,0.003981661019410773,0.0026487726371430577,0.004404236103818926,0.015221141329578258
542,0.0021571671361062454,0.003239528713834682,0.013149943853874932,0.0033689206817790096,0.005679963541466238,0.001990228280505616
543,0.007423428752428317,0.11713712176705633,0.005835195304391771,0.013978878093800358,0.003749828252645947,0.004497632638179172
544,0.007930937188556518,0.011092171381254297,0.010975152664561663,0.006042753152692746,0.006364368815434609,0.002796055456218043
545,0.005784880754230521,0.009273215652035026,0.009953229320387846,0.011947919737832139,0.0086661201427999,0.006104761879163657
546,0.004044592640343646,0.6576335452544421,0.004139587885816679,0.003864404330888705,0.004614514733630452,0.0023502850240035428
547,0.0042745578803635225,0.003110848164002284,0.01331119776727455,0.023767717898863658,0.0037941511671806005,0.002193174407861553
548,0.021856931368250673,0.029461387660845505,0.01042850107250168,0.0032615483728076398,0.006381835632756233,0.003384506064004116
549,0.009065169719669195,0.010417816800589643,0.30031882649754044,0.011071856094005255,0.00459758085012475,0.005797121958352701
550,0.00419037492539178,0.007033344397562767,0.47659442930280127,0.0025686613510289597,0.005514902907051653,0.007247950893891836
551,0.0020889248543134423,0.002955286502420589,0.010309685589377634,0.0062967047912845546,0.008206980544548511,0.0062755294798043345
552,0.010998693329396538,0.0058718496203667885,0.0034531488481515274,0.017344165486561265,0.006717150836587125,0.002288657217608356
553,0.003793518282113271,0.006314048880360982,0.5025439406561715,0.010720392877403137,0.007108953468144756,0.004515709573777241
554,0.04067764714698024,0.01425794057935693,0.0391651755296863,0.00575324407778668,0.009831148012988795,0.0017806068109587684
555,0.0041595225607903,0.005491296264899544,0.006139321825343398,0.0024674679735591882,0.013468926067812009,0.0037328703504651097
556,0.002479724266070584,0.0054195287031012715,0.004104828395249659,0.026807323382885856,0.0025398157605809697,0.00255935288770283
557,0.004287583692741214,0.05976400783460772,0.013949436715266066,0.005712394196086522,0.002158016238738486,0.0028119519105736374
558,0.0031579851893523783,0.006399814508189381,0.006490841864915448,0.00737762967509602,0.00595084414354245,0.007362605349745297
559,0.0040514993544551285,0.004041018484195059,0.007494484818150397,0.005970797361649912,0.0023574161086677495,0.0030425268344750236
560,0.0071451583177868025,0.024027612096640085,0.007841018101548424,0.0024012042599123986,0.006863507072541748,0.0023177875136449716
561,0.004128797999447361,0.19071907740300115,0.5279446033821875,0.004197886313518758,0.004484670808746171,0.0036108105514524673
562,0.008416849287995536,0.014355834833595807,0.009520732965598739,0.006406653132783236,0.0104329212948215,0.006636031361121019
563,0.015627802813628043,0.0551580939735099,0.49886934329879773,0.0025977606138184537,0.0042000848343243646,0.003354646610677286
564,0.005673894279506783,0.0027787064063082103,0.005790780092043254,0.009713440683084742,0.007811426548289663,0.0017541915726148893
565,0.012606871500303598,0.011876983924067682,0.41354561932197365,0.007166564593072351,0.0163441400649896,0.0018813510902907379
566,0.014291243151623723,0.0050573502533591995,0.052083255969443805,0.0031474780726087658,0.00648831783454106,0.002715819350726414
567,0.006258930804190189,0.03789130334326036,0.010905714297617993,0.003215107626246602,0.005467190874190537,0.005425670506137982
568,0.009653475402934745,0.007507443086223834,0.5163190075418925,0.0034100312220286416,0.008565980098153805,0.004902513522702307
569,0.0036597142810422564,0.004511643694478085,0.02362090119471998,0.002716053490795912,0.002559752168498561,0.003869816783891922
570,0.0028107444149230326,0.007070437583484481,0.005480864228630869,0.0023964598961503897,0.005214163925830441,0.0026153565837567605
571,0.005031084354588513,0.03427131591290618,0.010768046965849177,0.008031277711862296,0.008243918629040467,0.002782997744809102
572,0.005413500275542245,0.008699287139468725,0.09106537948343263,0.002384116567829767,0.016222170728863537,0.00590417298321336
573,0.01232129596217667,0.008921514279440065,0.011229082402160777,0.010173691322752613,0.022771703082165796,0.0033101986776796224
574,0.01646952674299978,0.02433885659155733,0.361882555521574,0.004994503461948956,0.00364918158542131,0.003228089606334872
575,0.0036504238058739603,0.005518808682092484,0.3061974369109978,0.011743369807020005,0.005327701738392399,0.0040546371725891555
576,0.005221528697020531,0.009147300296641325,0.005729096878208581,0.0036225652978134617,0.0029504443053268554,0.005346798467909823
577,0.009695518130445552,0.003854616547250476,0.005092712121148411,0.002728665719930118,0.005895875556377993,0.004474247000193883
578,0.01838819009410367,0.00642242752350578,0.008773085073686383,0.0075493660989919475,0.005039134977195273,0.0020523050722300973
579,0.0053958350269562635,0.011848802163924867,0.020035874578285255,0.0055423332024985995,0.003060097702761554,0.002377685241886097
580,0.007839608923635805,0.0023624966201490024,0.006096621243138395,0.0020763002967785884,0.008153807874655056,0.005006243973500063
581,0.003856058050367077,0.0031183834719271494,0.01529072690666746,0.02711798397536615,0.1775468838240982,0.007887816770549162
582,0.006333152243356376,0.008512137163609813,0.006869424419511008,0.0057544242938562815,0.004441639318580918,0.007872523453581816
583,0.07139110464304062,0.007441985409098696,0.010237408421865043,0.03929410229579371,0.009318198838075059,0.004346500751999391
584,0.009271863181019344,0.005125032737577312,0.32564848131529,0.008470023075882521,0.0050811808190156516,0.0020600038129195467
585,0.005682988329401779,0.020638469392133416,0.3801250982931006,0.0023147799662200617,0.005807658893316653,0.0036306766741432965
586,0.004540782900610054,0.008594854258201176,0.045639811497538575,0.008043658451536916,0.003571214023437676,0.0036561670268956434
587,0.004004794607527127,0.10630584694262092,0.3936498960378178,0.0019745038668582886,0.01585934577196679,0.009643477659676963
588,0.006221284904562042,0.0652159566067913,0.22569296745519551,0.006668013968363786,0.003849097074181691,0.0018793186650048945
589,0.008904898019883084,0.006135278121030632,0.37944259310006223,0.003785303638720914,0.02402949129839504,0.012536130743467695
590,0.00975856612986731,0.010722658093919202,0.03385737506303109,0.0032597558673723567,0.013434263189154447,0.003019787939524021
591,0.003673416162023208,0.00757544797747726,0.008919273460369892,0.004511875771114246,0.008622482770206275,0.0036939870028766322
592,0.011906566387100128,0.0025855917869172284,0.20219693227410906,0.007474857866610886,0.003977679546074875,0.0058381161556414155
593,0.0054685282080040865,0.00429125627396348,0.005543561869625,0.002302797123670009,0.004388871120486458,0.008971173260920362
594,0.0029257513761442103,0.3873654590867622,0.003954340067974755,0.003447733293383717,0.005024851287845958,0.009664705990673894
595,0.004274503088736343,0.004729444304647204,0.008392114939994744,0.007419655682928431,0.010936924904273929,0.002349767690705418
596,0.003294990128447032,0.008244748010885235,0.01315233261519614,0.015509567154801516,0.010018878478023309,0.008829855972832644
597,0.005945051557619429,0.014677400693594666,0.01015968245049939,0.002204028367487284,0.007277360028441753,0.0047714850590408866
598,0.007113957626800936,0.005555364744666155,0.018377788028456143,0.002635099436048814,0.013189932729330178,0.006717894434720003
599,0.006255173500531005,0.015973508700207566,0.2290102413747082,0.0022393696626152393,0.0061999269077273106,0.006791461039028223
600,0.004388270349533307,0.010418025912513475,0.00898780037311865,0.006312903023564256,0.016691167513385556,0.004195357511117262
601,0.017268501687834018,0.010495830683650186,0.0378244818268402,0.0022038618710300936,0.006624502686247249,0.02444317674505457
602,0.021942266287163184,0.016907376406708967,0.004261454409168458,0.005347302162070908,0.005181257754672719,0.011944179335372033
603,0.0036834193809657267,0.47989775309535054,0.006232156688475652,0.00565050982845394,0.0053374888160901395,0.006821317768545714
604,0.008372514581661144,0.0075597994881521175,0.012658834267109509,0.018295786997095973,0.012320369997645138,0.0039368161390949605
605,0.005773513652657943,0.003908349262426816,0.4650143133760155,0.003249241679517217,0.024229629865085957,0.012237023009041463
606,0.003779515617975192,0.0052733943096123295,0.006903695359836419,0.005454572171171095,0.00610319882242386,0.0021236992193495617
607,0.005647846229019046,0.007225914556604496,0.047046366949274054,0.005438854724029335,0.009655052900407553,0.002185314161436512
608,0.003864409487400062,0.0066144952979623264,0.00487659913756228,0.0037590464794615397,0.0026164240168594292,0.0022226545255707333
609,0.0020123855715035812,0.0060028180595111105,0.28016795313436477,0.0068441028021294995,0.005909814032584902,0.0029729836237367734
610,0.006260187998945794,0.008644220017008191,0.0061564476072112325,0.003776754966277096,0.004157786779467014,0.002478757110477522
611,0.011429797065652333,0.01435843988487067,0.010438781666511602,0.009085670410086606,0.004961362601818585,0.0028938029373514226
612,0.004689214213117654,0.004694035591005815,0.010353801748796231,0.0024262026490476504,0.005257680911495652,0.005001980512389812
613,0.009550612000562876,0.006424049587315366,0.40296167970026003,0.007939157396452153,0.004576609248276798,0.00910112359308745
614,0.0071118376192465735,0.003451422171121848,0.012201751307600055,0.0034455039672006325,0.015600127501246817,0.0017864189978599467
615,0.0319001449856639,0.012812196011502441,0.008654009243152525,0.0023038659000639955,0.003653267606833155,0.004525602068900676
616,0.0027570966874143153,0.009373920108849045,0.27411516145528764,0.003608955187376146,0.005082778753847586,0.013458468874519194
617,0.005478998030631294,0.012486778907802266,0.5247045389029703,0.00231056815786917,0.004448495624018738,0.006209818263755022
618,0.0206345058361963,0.007045433243671242,0.006616710361036875,0.003790548687512023,0.005734774265737854,0.0038201855926207136
619,0.009819143651170772,0.003943238645951467,0.040164252309874825,0.0020416085989013034,0.006022633836752655,0.005874131563802454
620,0.005275013814795279,0.011252387247724281,0.02172609916892384,0.006778999281781173,0.020555595492463937,0.003991719188819832
621,0.006077252872208542,0.012729529472927064,0.42537355169576374,0.017228657238759906,0.00819795393971858,0.0030707575648873196
622,0.002037824974977045,0.0428589312505968,0.09151306256967574,0.0023075976600059208,0.002542595360160988,0.002340518482579084
623,0.019751623351067563,0.3384692047883256,0.054251794814080434,0.003081081665865381,0.005298235370236107,0.003587553004658357
624,0.003579356953032209,0.006314606375008771,0.0052928370720642555,0.005518316206801792,0.005310978562133932,0.0019345898482508938
625,0.006474070357928154,0.013639846985014411,0.03453859847175652,0.005000096034610796,0.003915729214392078,0.0026538713101394674
626,0.004694965169346407,0.005481534976521099,0.010092854190756452,0.005170650039688052,0.020365953182498144,0.005866655589745774
627,0.006986321251984083,0.011562391301489177,0.46009768443466864,0.003618175970935876,0.008175601196620261,0.0024879467912934236
628,0.005709273789624963,0.004446555499896984,0.009309450591794678,0.0031423100124715994,0.0021196737206185244,0.003611882884941915
629,0.0034034246585229015,0.0038432323750985063,0.4696540965451479,0.003251306852303771,0.007886109079965448,0.004209141883160006
630,0.005108720378320912,0.0076600942415807425,0.007332076132162455,0.004001549058154009,0.005168558809624769,0.006921685264311264
631,0.007012001166440392,0.007117037720999603,0.03952884434430106,0.002783761239735149,0.0033585631702787552,0.006099081139232651
632,0.003756468849893852,0.4511802620482874,0.024129798883754112,0.01607358637907643,0.02341005051084822,0.0019254849761959317
633,0.008838809341066883,0.00317955795220841,0.015556945791400503,0.0043735576727137,0.0016235372251377006,0.0054125148333242995
634,0.004490411517511307,0.008731732906021923,0.016694374177271112,0.003918983120046487,0.0047549500868234494,0.0030010341656632965
635,0.005602097985682126,0.02888838878090883,0.0031714476680091194,0.009057156041523273,0.0027836533814997763,0.0024282291096675624
636,0.006259899221248643,0.010170064971371778,0.010597636672118804,0.0024201712492386337,0.006075377683724687,0.005478137776706376
637,0.005330531494025486,0.03518829101279288,0.0030664630261736606,0.002982495450319694,0.00403523545232255,0.002628773018446652
638,0.00485109796672466,0.004901756009113048,0.4264890858448508,0.0016972519979218577,0.0032674687138881833,0.002560270330982659
639,0.0033169348652549785,0.004775855931655852,0.016610379806383843,0.0038207828370022848,0.00448834424167157,0.0034924947461244414
640,0.008313373785527586,0.009767518066757963,0.00989083876074386,0.0045230684679421155,0.007668995697258077,0.004571508138583784
641,0.004756307010495571,0.005755035150219696,0.04841302607830392,0.003117566651038343,0.014895721923326855,0.0060038967310533445
642,0.005158659600427249,0.0028454731701472403,0.007232649158936426,0.003566406075440697,0.010912938260796496,0.0019244724584710922
643,0.017845643223051422,0.2797424039455477,0.3743442148781087,0.0023113351491831835,0.006852671133037576,0.0019113290210039937
644,0.016820995574164038,0.007008990579004669,0.009126639806207992,0.021162101731233496,0.016199405249444306,0.0030776481630620184
645,0.025201437295398223,0.017846610073649922,0.014734816122908174,0.0022473025441857955,0.0032695434859882464,0.005357479903194165
646,0.013644558339976956,0.05215855060785832,0.010828315107964831,0.037265567687453795,0.00636584714897284,0.0029212498960931106
647,0.00559666816112134,0.005649149159767472,0.007870039677890652,0.008886567853865017,0.0038029779961315604,0.0028100744622297294
648,0.01030893473441561,0.01080179917375513,0.020411500084732307,0.005910102801379268,0.010080208827376766,0.007542174144750096
649,0.007799472256650384,0.007440950532824826,0.01389734231642994,0.004388638677512652,0.007597168172460884,0.014898506752819108
650,0.005065250927538847,0.005679493567632702,0.005910142365840123,0.0034237958759928337,0.00396394437010963,0.003134097248941645
651,0.006151347594574759,0.008499858965873798,0.006268078421052476,0.003958321160736542,0.003953919624421704,0.00609463027502417
652,0.0036053744619121892,0.013167894953601371,0.01890854691060373,0.002586149319205902,0.005015707800800668,0.0017531625716527082
653,0.00419861727436272,0.009759605528932808,0.006440056222191942,0.006488480578340573,0.004886254140208577,0.0017904836915691468
654,0.0074469870877631955,0.0071988841432842916,0.02507017772080552,0.004266109945151227,0.023069027258741718,0.007758019454080637
655,0.03564928862036614,0.12047896861185943,0.38773266044176147,0.019791019386500765,0.003421359325041165,0.003559095918910792
656,0.005684385301523204,0.0034758450776302043,0.02869423129412566,0.007629446253624841,0.00916463600954601,0.0037544904456570153
657,0.0034131132850588396,0.004945802945553801,0.005429223950957581,0.026235447150116133,0.005422810536577393,0.002964256001800621
658,0.004350522065083526,0.010966200478361755,0.006241660996713699,0.014133741269691462,0.0163750906110876,0.006164879211279101
659,0.0045090581148812285,0.011746556681608076,0.0038987001394768894,0.00731254159753258,0.002694043789738726,0.004560313851632769
660,0.006638217338989997,0.006534198744094981,0.012729063574785825,0.0021933324029189336,0.009178834459691188,0.005409595534452875
661,0.005258035221716705,0.007067589946990773,0.48876439118601595,0.007949789120202624,0.0033470368113623665,0.003237351008478223
662,0.003686104319760298,0.002836268638218904,0.5227029751517454,0.0033217842868730617,0.002395476437140288,0.002365631594222131
663,0.002539059850368,0.01430603126432067,0.004825810956226591,0.006777466673817642,0.0033307984900902477,0.01091931942276014
664,0.02634047826843298,0.1390918854664535,0.0050463936439505905,0.001712333451648358,0.002678727915767735,0.001392122115309787
665,0.0027446156713232216,0.014970278409750922,0.03368211043152467,0.014851575796588214,0.004795154968735252,0.004291325952591627
666,0.00278017279323729,0.0016764646112913493,0.00598458333481557,0.0026347242355624803,0.007730667563177271,0.011761574801558757
667,0.004010003170267925,0.0031864917743349426,0.01595534913126835,0.005516119996459429,0.004910764923079236,0.002561742998815212
668,0.004800451809010904,0.00433959883792269,0.012120576817521208,0.008481413590501766,0.0038941515448352552,0.003919794303451383
669,0.0020191945608908743,0.0035026179701215386,0.010748029013932809,0.0055032071566003,0.007015120583938147,0.008646381740938226
670,0.012708251027086703,0.005387748771725326,0.010801090107192306,0.0032317139706668782,0.0075238948128142575,0.004949977558834841
671,0.0032560683557914397,0.002438020031366302,0.0028391004775322063,0.003640980913464881,0.0037393427437025857,0.003022127526242799
672,0.00361241664581343,0.03337561001595809,0.007525443498235741,0.005806139678051963,0.03545391887537709,0.003747533210707773
673,0.008879922012005334,0.004547362223495809,0.07727237296372981,0.002894041525329983,0.006479153810032322,0.018082967016203443
674,0.017701767858403522,0.0042906469456375435,0.010116913641294899,0.005942374893639388,0.007660052950801837,0.0034464945148808762
675,0.005407114743060879,0.005771400261925031,0.04868171983527143,0.0023745648686486413,0.011468526550165295,0.0035146466779678036
676,0.010105076342783103,0.005916367257398427,0.012712153958206858,0.002613146158043076,0.003023205162569743,0.0020039515487231888
677,0.002245892202565615,0.004072082771953106,0.006046038738028276,0.003143515410333212,0.009273899242827401,0.0027331278988462957
678,0.0064747659188403505,0.014508132649844421,0.5632693119392161,0.004267513713436899,0.006149971346840463,0.002545874698473042
679,0.008704615914085834,0.11522078589885545,0.01026877120099971,0.01403667945176074,0.005509419906344813,0.003256716153510589
680,0.007318501152756253,0.004825305417763641,0.007544283549282081,0.0067971238991645115,0.008416705234628674,0.00563941222910239
681,0.002508374467314428,0.002999467001977692,0.37188813426815354,0.003157138029333809,0.003780910507466304,0.002723430970023947
682,0.008101043361665183,0.14993387571790484,0.11670395276632782,0.009372162950279303,0.010664932550520633,0.003821742735974208
683,0.006462517072920201,0.38442909221615207,0.043643493424921236,0.0030652946142143605,0.005393604609248322,0.0036383703818561033
684,0.0018937282650144495,0.004781346728458623,0.42707056511992375,0.005107059858896082,0.003818816228196886,0.001976866636943917
685,0.0265191243625499,0.021837621450880845,0.0038138259175128425,0.004256715356091242,0.013494326839660434,0.002697712087124432
686,0.0054575798237998475,0.011475323699420404,0.01025213951003554,0.003433706031961337,0.021673274889358336,0.005382189793843454
687,0.006794641498535369,0.011583232877370384,0.01158101210894056,0.018726347690806697,0.005254897344002337,0.004049038494259767
688,0.009847522215935845,0.040243898687673786,0.402935670793151,0.0029959124512997483,0.006212814684615775,0.0023997134459106803
689,0.013560096803972025,0.003635260398755809,0.0034603553525594643,0.005943687801042424,0.015447210523139498,0.004304260896378021
690,0.005626249429502141,0.010087474614608462,0.4579590695824952,0.004770147039619728,0.0067129589468510505,0.004640199900977047
691,0.008081588091667914,0.003998320613238867,0.46348938049493205,0.011237807374208054,0.005146106194244089,0.0037518100516233275
692,0.027270119895685667,0.009442064793548043,0.013754086065846122,0.0030611477471311353,0.006530926073446442,0.007445437310180525
693,0.0028880929791893764,0.38964064213417304,0.004492314774510868,0.005195138544188513,0.004476375743175919,0.002980593378152299
694,0.003376284105321052,0.017174924258174396,0.023086385699096372,0.004290180417843398,0.004332215587952518,0.003157417246403833
695,0.002557157331646249,0.002551909844277616,0.008004404988788483,0.004497678084917514,0.0061327541002804955,0.002258380584220427
696,0.009183868435633367,0.011633514816990504,0.009070547824263985,0.018078850799138232,0.008693265298932901,0.004161071075255354
697,0.004914837555673572,0.01174052377179667,0.34157138140920607,0.009558580139141156,0.01135499104642181,0.0027089347682060978
698,0.0026080858010185805,0.004568094896872112,0.004320848916477974,0.007626085132175749,0.008791534276093901,0.0038416157031086104
699,0.01304594786157112,0.004426763119159948,0.011752051736943029,0.007835924604229244,0.010333746192947645,0.001678262360734735
700,0.00449453572641666,0.00823575032666014,0.005336814207483938,0.0030164705449743,0.008849986070911708,0.00320733767711987
701,0.02151535059820549,0.007409962755638498,0.014074451319992683,0.006198237650471272,0.0038481567192188448,0.0031372476423778915
702,0.005662899439814891,0.005834313900758802,0.1641989227362084,0.0029272978705171073,0.002262288181815054,0.001937043124609492
703,0.003942084853004959,0.02699566917222539,0.07334364510175871,0.004363247428145543,0.003400356809605909,0.003532648117137984
704,0.005529481727950391,0.010244780539388374,0.00413689188039226,0.002691730053622364,0.003298387358408331,0.0041366654307769595
705,0.043634600237549316,0.5364832179028947,0.4821060173570097,0.014041138899280894,0.027518319687794154,0.005248128018866171
706,0.0037566759558093836,0.01681141149408735,0.006248345506786117,0.004082853173330938,0.013374449373022712,0.006117169641916963
707,0.019991479421907512,0.006044085833674598,0.004208247554445868,0.0032669528192946712,0.005970940405203667,0.0019844701941651977
708,0.020954448724922983,0.009270562380755853,0.01175199898892655,0.0028030998548665732,0.005712265807907319,0.002408680672633409
709,0.01062145251835595,0.00694495586026746,0.2849369831521929,0.0030645649146151628,0.04788256649190905,0.011658630926527037
710,0.003463846338787435,0.004319301783389153,0.03882387422395864,0.0033574728757282723,0.014195002897809634,0.002263728624155608
711,0.030644455677900116,0.005678765689087589,0.5609166789007562,0.008741838197797521,0.11353623614480805,0.004977886488518271
712,0.00441701272134264,0.006166871356918726,0.01729540308949746,0.0029510297413934267,0.005433987727366734,0.0022801782763427728
713,0.0046805223971484065,0.008656966884671108,0.008203290101757242,0.008543911463561267,0.004537279190231682,0.0028907333422015743
714,0.0045298427273809,0.005660392983107009,0.006668175347061798,0.0018053179127700354,0.006710068208934064,0.0034790252641007696
715,0.0027222932880968435,0.49469952262533845,0.028246000750048048,0.005484270498111111,0.0026846544688329758,0.0018050473298374514
716,0.007163486827329465,0.017294312230851594,0.01772253139039277,0.005875484206241757,0.004576302338545448,0.005402667709074504
717,0.023870930321028553,0.00802575087882769,0.04698181063464434,0.010288622884088378,0.010404472351818041,0.005812717510652469
718,0.009542532325961429,0.007814808011300568,0.03591326934907675,0.0029051889474814557,0.006449765314535056,0.00264581692267808
719,0.0049393152946731154,0.004972863034837731,0.008774254542962963,0.005576331216435161,0.005739359550700621,0.004058151482852052
720,0.0073368168986330555,0.0039711118234495085,0.5890889552647629,0.0029066964831589346,0.00382115842664989,0.0020404667513551807
721,0.005867286681901946,0.003809936632805264,0.48437298905794235,0.017890590004861186,0.01149694196166032,0.007834124581777823
722,0.018777279818779653,0.014395157127096667,0.007262603777635329,0.0027582089414075004,0.0048908759229151656,0.0028986179622408586
723,0.005255109498658018,0.043196303148151004,0.015458044705231065,0.0036356136148792927,0.004217072070543439,0.002223642933327902
724,0.006927330876264207,0.005554970447614099,0.007514699067398172,0.002744743338302676,0.007781071957748334,0.0027085903414003675
725,0.002994504115740701,0.0034974217486300153,0.0334738407160917,0.005204324899631189,0.002285898522367257,0.0019790954088608932
726,0.0022205083797605146,0.005664885741368405,0.014172160367147515,0.007796401074000363,0.003740818704851345,0.0015199797450483913
727,0.0044785121094543775,0.004953845192671398,0.461308991089491,0.0018429221742051226,0.015825167913691766,0.0028085985412832273
728,0.0032164150565617824,0.00435336783845527,0.6107932587531019,0.0039120567487738065,0.004144988203152876,0.003605010790457079
729,0.00546505675318169,0.25128544583826323,0.006204423465684931,0.0054449526414810075,0.002803909940251711,0.004261817231038498
730,0.003650243083522101,0.011976167715443433,0.013313264427988468,0.0023149997598282137,0.004805754018710882,0.004970633016130164
731,0.003716612671758964,0.00417396897454727,0.013831185168889025,0.007017172314992835,0.007360200081677573,0.005730880090227832
732,0.023420348891075134,0.008349027197467133,0.003860742917678211,0.002542492520199922,0.006342621679837616,0.0024020498012722836
733,0.0023000713506779267,0.007129699812977909,0.1674698312402597,0.01768715778767463,0.003366708014125943,0.004441188115622164
734,0.002235672632947305,0.003123508761652952,0.005538445015179322,0.017007517012084826,0.005093411251154044,0.0051929004425418
735,0.004946904857585692,0.0029573765162791994,0.02972106727950234,0.011338699152092098,0.005721846559216543,0.0020025036650778583
736,0.002895719882867373,0.21406058815674184,0.0029867721910252797,0.004432874850286349,0.0018039142410634253,0.001536620983051336
737,0.018735899822055757,0.011718251888557988,0.013580402276795831,0.003651907396876507,0.0050896209541822675,0.004151990555808637
738,0.011742041321958692,0.02052449895575909,0.007879070868458148,0.0029768011526659574,0.01348770995278635,0.0059862025892977655
739,0.002535560468328523,0.006074998455507485,0.07957685766011138,0.008702891494452273,0.004757209593136835,0.007194450320889073
740,0.006027827333832485,0.01271829464317739,0.014177794227894907,0.01700988445306105,0.0021529565146342663,0.0017339011725460347
741,0.010487272122879325,0.009243265044325983,0.020713813932763076,0.007493151984285516,0.00708327438291478,0.002438318460278712
742,0.003511603241746679,0.0028291523537165067,0.006427289127052765,0.004499637268178503,0.0065495470644489915,0.010054199220688537
743,0.00911349443180887,0.005236825723599059,0.0038670393815678624,0.002745688720865295,0.007480374335260655,0.0021915907436582294
744,0.005321731658951358,0.46820740336350425,0.004263952104406726,0.004242749417584317,0.002511177505656347,0.013895130874573948
745,0.00880155801326248,0.004274350068966866,0.004112650073044945,0.014091095006416006,0.004479284314541356,0.0017742799874894979
746,0.01058566570218944,0.004701579619959042,0.0519824601817936,0.00454399162229664,0.008146059789170771,0.0027309068926711128
747,0.0063340731943774264,0.007859613828383216,0.4454607281059768,0.004947295645548456,0.00508594525527557,0.002831374747454953
748,0.002932968662969302,0.005341217770926072,0.003348582511841355,0.007010006851977497,0.009225273125328557,0.003637031661566304
749,0.003926577728972411,0.00534517122864355,0.32733422302945886,0.003057830485219657,0.003226300622868905,0.0028120364421063875
750,0.0039480207730104,0.007242555063641047,0.006462652761950294,0.0037513426906923275,0.002791894626425862,0.001394941034495278
751,0.020814653638130044,0.02919678522846389,0.003384608069680012,0.0054385217749459555,0.005502151170861936,0.004623907604530409
752,0.006773745368626176,0.01585502983626773,0.17656646798042594,0.0033946336333391994,0.0022314216367011305,0.0026200749083663257
753,0.0058702533856714555,0.014343911501912264,0.08578764281236252,0.009947083899066948,0.02205033274694938,0.0027282102800935655
754,0.006439752123716702,0.0068478353845257195,0.33324670136970863,0.003655137051287104,0.006232642848777286,0.0027937131958184975
755,0.002530073329067359,0.004988423842131539,0.003233386038698079,0.0024510894088927144,0.009077551707143694,0.0037222643120864217
756,0.005128590468393951,0.005059063393922985,0.024081376970249507,0.0052421595422149775,0.0045776332234436085,0.0036613230236731014
757,0.021314799421322073,0.014974896821098543,0.011331312754137896,0.003845640663345177,0.003723394637471859,0.0031601401312617615
758,0.0032568433398208595,0.0058709760019446,0.008020197104965668,0.008407144089049596,0.009322821868386736,0.003406398843038957
759,0.009867165062345777,0.0063932202876774225,0.04335258225707888,0.0038885515652565244,0.0029790524528798806,0.0019667502464625402
760,0.016073695367355704,0.005675787044058754,0.4509111455480358,0.0049838285132405204,0.012973683594936471,0.005096473467737603
761,0.007301498775108996,0.04407081922088791,0.03865268409408073,0.0019171953177956535,0.00841336640833631,0.006058086582672086
762,0.004389131861689874,0.004792602788275884,0.006025512060604555,0.002506728685341879,0.006459628157362615,0.003585734693172359
763,0.0020249284318722737,0.0041353701590386704,0.018344670981347424,0.006616849137871679,0.004875520702868225,0.0027974385512675734
764,0.004025904250200875,0.00709084029160936,0.0029177899282867574,0.002725451480653376,0.011312191726756241,0.0039021444803951522
765,0.017450239749784317,0.025076044360017046,0.16968709464490334,0.0023834507522237937,0.005359361051054342,0.004953484943589859
766,0.0039242976619785035,0.004385739277777719,0.007827777407629374,0.005711238478937573,0.010524937769862793,0.0038407094988884075
767,0.004561370276404389,0.006571890470362644,0.04154144158643913,0.004092183190544661,0.010436345381952728,0.006321346841629675
768,0.012227186660523666,0.003244609016718827,0.005294930388362632,0.0030750395403631894,0.004046112876201406,0.003715860848630957
769,0.005571769037175399,0.007023301100899018,0.012588515559463671,0.0034566644666691885,0.003939604232176636,0.004682681339110343
770,0.0024862483153037383,0.014590414494452957,0.0067691094859786815,0.005437174643455813,0.003012298533930942,0.0028901642201260595
771,0.0029363652776331593,0.006815670462629812,0.006239148986592291,0.01968613291999939,0.01135386578682645,0.003482150290932428
772,0.013695826321378246,0.017197437493744392,0.381878729377615,0.004940489625086948,0.006230899309821031,0.004110777919120505
773,0.012918317343936218,0.0049795191987964315,0.008317191448891762,0.007353744107670532,0.004277011589203075,0.0015893492279907006
774,0.0033705396841141595,0.012469980309078851,0.01757074405884587,0.0035727853069915517,0.00807171754294787,0.002883543429941018
775,0.018890020922887114,0.05594683438559933,0.009220589139362436,0.0027465519538790477,0.008435845133267433,0.007524815980134216
776,0.00891920226784017,0.009110648115891566,0.005892066030810946,0.0049674887703966015,0.01166670203706427,0.0069367389061127886
777,0.005092323366287823,0.00710184975424722,0.00894221815951783,0.002537278747421156,0.00805619982389082,0.017518094973166014
778,0.0037654999351465217,0.009608099324239243,0.007308242065445392,0.006846114281210437,0.005535497747568225,0.0066128779387924575
779,0.04735503388418793,0.05765716922516635,0.00370292901663526,0.009861200469379753,0.0040932772556260735,0.0043244486960124975
780,0.005579948162675534,0.0026308558092593367,0.5821299378289417,0.002517453625631446,0.028030147316512617,0.014051718827248896
781,0.002865248341558972,0.00548883159564528,0.005449096474488386,0.006811617110473518,0.005850679790952222,0.004250933022678594
782,0.007185369405926192,0.22670382721851648,0.023695652962595612,0.004488677403689124,0.007314426251939021,0.0035864300336344115
783,0.00676221410656546,0.0044191600808796755,0.02752089553652181,0.004969532957104316,0.0078109242007149025,0.0029199523799781006
784,0.0034781205007874075,0.04261966528836818,0.005709482491874101,0.003403920584430802,0.009216592389783753,0.005808325677755354
785,0.010848356364838474,0.005631694083461547,0.011828391804196633,0.003142003849709588,0.006720856699128201,0.003416955113921308
786,0.006843068134441892,0.0027343032805210777,0.0035811860555874753,0.0074524230957455275,0.0047602481847236686,0.0031697822146336757
787,0.015383436071782343,0.009935361017139864,0.009047242561663645,0.005040089473031136,0.004730607546452889,0.006431582572349696
788,0.009489328836964196,0.019132933082088934,0.004157835812378544,0.002343352242222004,0.01401265739216508,0.007383732385828746
789,0.006172073641884029,0.006653195607238193,0.020742889104851583,0.005300196899037861,0.0021154084366946557,0.002110969524515205
790,0.026910680828052345,0.011026514465826332,0.011532173911122606,0.004519643902151232,0.005066170687904833,0.003132781212981113
791,0.010875641208363984,0.006735400887732185,0.008668977709574067,0.0027008546348943284,0.003415392748335714,0.0030071019412000366
792,0.0051411084123955285,0.00992470455216741,0.016977829749600444,0.005897837523037197,0.007834141443862706,0.00385597653375333
793,0.007895337907641714,0.003857688090885639,0.007035107275173674,0.0018124435572739901,0.0062031210528421836,0.003632202043585797
794,0.008812568720173039,0.014186148377071169,0.014297544589954855,0.005476907983553495,0.0025565741794043666,0.002380863205852625
795,0.0033429338311578537,0.006912356972593619,0.010664142175806215,0.0026711423192469445,0.004146094092912272,0.005741168371693659
796,0.013662675530475957,0.003510898802384427,0.005021947451423173,0.004763813473999963,0.027275968501630818,0.01242333742738924
797,0.0050933973382742215,0.007820158367837005,0.027481943358869866,0.003925266596052286,0.0019459243402246346,0.0028867333518615957
798,0.004923817618296924,0.003981029176193255,0.005846822350955424,0.004050347849127206,0.0030728147784298203,0.0028298750152621595
799,0.010129185599684476,0.02118987580220091,0.010450224597130428,0.0025415458246969215,0.01188355131978049,0.0026655611676404
800,0.006719421418307296,0.019416588714722686,0.04128919294721723,0.003815549955947198,0.007856136791449173,0.0031521862735804833
801,0.004531783857568889,0.0023639162965694454,0.005976306344909386,0.007667888993109541,0.006568268512385686,0.0065538215792377815
802,0.00462913955807039,0.03807206721070472,0.005149076172162548,0.009356743036814188,0.004716003481226409,0.0025933541693112464
803,0.010395269282163166,0.004444629187669894,0.12399095883186122,0.0022960574687432614,0.02048695219883128,0.0048755622112846364
804,0.005388270485692976,0.003934138544341269,0.006813623525103206,0.006030566162389624,0.003916087919886197,0.0019767447057289014
805,0.00143317428751958,0.4097525665800231,0.001577964654567493,0.014263108399825562,0.005106703284730887,0.004508157139545629
806,0.0034782612125734145,0.01048128019629446,0.0031033182898588282,0.006502431058166995,0.004867412373511139,0.007315884022830773
807,0.004233645730990653,0.02462954590099252,0.007851003977096555,0.0033667339075194205,0.006797035078310598,0.002185362407872967
808,0.006798754915957374,0.02356623713540476,0.019720416084116364,0.003932058488131717,0.010406261015819363,0.006703242299189796
809,0.010201911366463668,0.011707006951242039,0.013109860962687351,0.0036881943285160122,0.005773499109713437,0.0149329383632119
810,0.006699572593637625,0.007109725285076145,0.019349377095213536,0.004785721985853561,0.006138293986029215,0.0022793587477551334
811,0.007476779627524711,0.05918973794988221,0.6045765304056205,0.002628740865763889,0.003379701263532996,0.002382338095030038
812,0.010456971149857698,0.0026086349362215776,0.004142617109251683,0.0030765951225529093,0.0030818705195392463,0.0046179888187164635
813,0.0025107244191234102,0.0030306261987951416,0.3355435428193273,0.0073204326561076725,0.0025173870021180135,0.0030025952459286228
814,0.005068689591115383,0.009200423800090422,0.011978444215104238,0.0041603375302805565,0.0031120093067314044,0.0017549782573090108
815,0.002787262586491673,0.028313917836014953,0.019775029963671524,0.006499969754343367,0.0025214003531985546,0.0036836863897546797
816,0.006485054025616795,0.005651113220484587,0.10729521034405595,0.012251974831476867,0.01748505195202556,0.0036051044009234225
817,0.01426292690413421,0.004474386116638171,0.011587160243712853,0.0022805803071480643,0.009683780099440082,0.0046229064092270225
818,0.050498000421641945,0.0065678291285993645,0.45549758455361783,0.0039888513852387834,0.002078359323886038,0.0028826480714341913
819,0.00692108946001642,0.00318579160712418,0.04196846633592758,0.005654265301052221,0.007757657326122234,0.004641838556892468
820,0.008234863145508522,0.024631028794872806,0.007533510352401213,0.002292519503103892,0.009102084003932974,0.001768844791602418
821,0.008499060770324786,0.01661053607299045,0.3504792687422766,0.0023620255816717167,0.006499458840064239,0.004174435618177156
822,0.004500648982047233,0.00543179931861252,0.006999951150425325,0.002690534452146019,0.005104717747130725,0.002919017217094508
823,0.02521942801623306,0.0051970288447631486,0.008499580742912023,0.002132734615846266,0.007544407773936749,0.00684592966451754
824,0.0027372306877587343,0.020548523266347204,0.051646225731158985,0.014106731071573288,0.017643587508031244,0.002976994407630085
825,0.03664401935083142,0.00676384610193696,0.05688059003300327,0.004275234998905608,0.0019919803127468098,0.001925502652227315
826,0.0032339894695186,0.0033645250464246026,0.0041791045609961466,0.04437879075624853,0.00586358264712692,0.0029101251189708115
827,0.004460273489791357,0.0035522457135841834,0.009255923107145932,0.029010902469401422,0.004971051063002198,0.0016905886833494417
828,0.0029507537327210158,0.0063215747678762955,0.023963170153520758,0.016297295416366143,0.0070665949615894294,0.002159108810553521
829,0.00718290345395156,0.0031794477655964714,0.003560185012251951,0.013506590910033691,0.005338950536748349,0.004715579826431085
830,0.014407622967022585,0.00899554923255285,0.03626960523564503,0.0014437843266879103,0.003445048142219434,0.009133070908752493
831,0.009934689632852246,0.009278592935482756,0.03142596403535064,0.0030887723688513965,0.003453453715661338,0.0020833729456450098
832,0.010822417724128178,0.021824695368485726,0.05509573380252938,0.002101117970572164,0.005373489015311055,0.023882262571232056
833,0.002766620408538652,0.006881987870416364,0.009137949206906047,0.003281452798617285,0.0016494543153490562,0.0028897325214551
834,0.00347001606355211,0.0039385321757788565,0.15420451396255758,0.0027490086369789135,0.007161963241617983,0.0018116610693946322
835,0.006954325192145375,0.0070475222252373146,0.02536671299161081,0.008387843344123463,0.0027618088311087007,0.004681948250154531
836,0.00495520008150424,0.08215826209875798,0.7293992710395076,0.011744959864537906,0.002404747672628287,0.002931145213417071
837,0.014255272374390279,0.566206933698065,0.00514622288527165,0.003365893558418545,0.010000305469215974,0.003254106616617241
838,0.004936251201782411,0.006377160570498675,0.007471201535826061,0.002060398615953862,0.014230928419374298,0.005237137930529821
839,0.004443831020930913,0.004453963867790381,0.004395300959750298,0.013031103615272184,0.005498485351862145,0.005578879872744158
840,0.008223789885007443,0.004997153565707888,0.005844224515640145,0.005532038292849555,0.0037521679951143345,0.004854935983255944
841,0.002243438295386713,0.005374841954452371,0.42718774897480766,0.0377738673536539,0.008283207923806407,0.003886925136230077
842,0.005836116183660807,0.004744066718747964,0.39289308475413603,0.0050446940123139595,0.008698187281250077,0.00416036724173079
843,0.006061845587907516,0.008791000768112869,0.022567331470489973,0.00628407194425136,0.017684290063896383,0.0048212972651535966
844,0.011098605387766332,0.007561030870471533,0.013232645212554588,0.0033815411798178716,0.004537756397200241,0.003430843855536096
845,0.005928507869589657,0.018581503639545943,0.046368300298226056,0.003519857653585378,0.0034766002679429064,0.0029086834460221307
846,0.007443854063037698,0.004112172720951244,0.005876438592875138,0.007972537229442916,0.005393744419985272,0.00250296229308414
847,0.0036286434145115184,0.0023928063215497633,0.008844712443791541,0.002756771138536749,0.007936564687175126,0.006264907028395189
848,0.0038351633013914803,0.0027710570137163023,0.01826971758559053,0.008933731746423278,0.0029903570579388537,0.0035549966179001004
849,0.002282556249291244,0.002342561026080329,0.00253633767590025,0.011945647012439867,0.021160025025085672,0.002508480809593098
850,0.018351366836739113,0.03340435459437672,0.032787772319760364,0.002988610277048161,0.0034362612822404835,0.0027994941629227387
851,0.01735907187099213,0.002888843477468403,0.09601807497831649,0.004092691818494197,0.001884410868724987,0.005901609690415319
852,0.01068908947489665,0.01699402116471125,0.010112026735741634,0.005931982009920603,0.004073734194897359,0.0032845001869411567
853,0.0045293093323126934,0.004781362056634088,0.013559880372053159,0.0023002559930021707,0.2217271838264074,0.004994748533272808
854,0.04998146329352822,0.0037965585882687135,0.007172228445974999,0.0022011894107983984,0.003835217975497998,0.0032262645352006507
855,0.0024230866082800835,0.004474282066349921,0.008149433669500165,0.0037476358278065738,0.012075451250150937,0.0019410583977751766
856,0.02905867340313324,0.069253669908225,0.016702084906918702,0.00398583047338317,0.003531010604687423,0.011178552340449774
857,0.031115774930721384,0.011443367621253258,0.004269973002403426,0.00315058555858002,0.006448299008230227,0.003966653978404839
858,0.0024933810609119927,0.005050143466764046,0.0038673102274672873,0.012552362809803179,0.0028886618034391106,0.001797828391570167
859,0.005004749088011746,0.007917598295440469,0.0037796785143897177,0.008183524912837888,0.002577826852498054,0.004367445595078937
860,0.0034449514950133527,0.010966865397034146,0.012466127249330819,0.0068356739721388525,0.005142944033566529,0.010900124836865954
861,0.007337329829698287,0.01574040746076361,0.011138872051527035,0.01161632473762886,0.01887633668851942,0.008451965349971788
862,0.004381118295643281,0.009888700477766839,0.005877456515343327,0.006573348431682702,0.008939654014772003,0.0035048002731546232
863,0.0040939001787456105,0.04776576275921045,0.06165197529226795,0.0075688677556227995,0.0034900523545773497,0.0026026157322123398
864,0.006423653797448123,0.004585447745493461,0.0034314094703126502,0.008241980580275686,0.006455485438006348,0.004012304677582034
865,0.004285018586311064,0.004465592941443755,0.008085277359947941,0.0026069304326492835,0.2138111022868008,0.010178478791060637
866,0.011977656042572025,0.004550614431677294,0.11285206316623497,0.004439153129656726,0.007252573593871713,0.0035964714945641648
867,0.02289279652021676,0.01046334010083468,0.02020518912831211,0.013873768515535309,0.0026296670062797393,0.0021498815619982246
868,0.0028135334845885837,0.029816241855645024,0.0036658618210651025,0.003155493825416569,0.004274482622708027,0.004741056873389751
869,0.006338447261019229,0.00655772556108797,0.007003472904371729,0.0110855710767365,0.004375525120889499,0.007844987921081856
870,0.0029068281338179404,0.004420619025012651,0.005719453952818876,0.005799136986665001,0.01953936966357989,0.006051652491960903
871,0.00213267285039327,0.008786979268949927,0.009994059280588443,0.004408907668614246,0.007466471104047695,0.0042925961765085995
872,0.006589132847166059,0.04230803388371812,0.04824187884077073,0.005286127505653207,0.0034343899173164103,0.0033429013413766523
873,0.021860148608715366,0.0046610045593547065,0.003443250927911395,0.007397250085072403,0.0034394448809371937,0.0013604349836265175
874,0.004297746000873881,0.008318200388487578,0.02834097559417318,0.0046836379924868575,0.006591897636067802,0.003805341113313198
875,0.004956126301743339,0.010264266791073931,0.01020323549470796,0.002378729368131558,0.004984436940548193,0.005100513636748375
876,0.005159766559343985,0.007022557790793824,0.008364522909854857,0.005369111527621136,0.006690283423110528,0.0025794613654109688
877,0.003932607968727896,0.0032096920107507823,0.009265212352681513,0.004948469754207657,0.007745956130768551,0.004744047909151932
878,0.009428513893332775,0.07430955056203124,0.0047849235418198814,0.008670898633813387,0.010605091768795757,0.0055378629316248955
879,0.006098590005964166,0.004170009517802344,0.22505620319471514,0.003459937809591092,0.012031472431003654,0.0075026868073243555
880,0.013716978287170929,0.006260039943309562,0.03962120424186958,0.018098217366567075,0.031531999762735914,0.00830816103286696
881,0.01093294129771374,0.005598646303665102,0.2407051125421085,0.0031581212665353032,0.016784885776366405,0.00785001039959723
882,0.0034136463535096363,0.008192341664533831,0.005368103527664568,0.0037547916898579593,0.005163466267608961,0.002823312611033158
883,0.007728707456034374,0.004544958458757382,0.010756990496823401,0.017308786647583972,0.004300086052431552,0.00363654931113374
884,0.002091139218331896,0.006928388426603481,0.0027400631572775413,0.007830063795241822,0.05206048859240566,0.002238781232265642
885,0.007121152296796215,0.008343106346091889,0.017126304998715206,0.0017852885608163574,0.04710051311747939,0.00697105862487793
886,0.004833861294207467,0.010589198013549085,0.3651181773052446,0.002848138303331325,0.012328438375058417,0.002821291641035285
887,0.006271823242864522,0.0059376599623715345,0.2388403369265622,0.02766290103908434,0.008105124532655385,0.0019312722987127127
888,0.004106564032363086,0.0064817766102046905,0.0065774868040827964,0.007054211299565516,0.002899568635550575,0.002230456483107277
889,0.015564573091210145,0.00458713587933867,0.009809475101825992,0.0053354423457726745,0.006835819884211342,0.0041389917569876295
890,0.005902130554891114,0.015608207123404622,0.0877210324349246,0.004475968298953751,0.0074996649463394665,0.004615903443817052
891,0.011483498229481186,0.006691681935157108,0.02346642594832208,0.00629837501559795,0.011550901735765597,0.003126412742643581
892,0.0039515679400800655,0.012311037014487507,0.009524302770553677,0.0049787543174806435,0.004972364765494213,0.0031490793911112735
893,0.0034009079059986757,0.0069639267164155185,0.043048081522317476,0.0034663638709778867,0.009544276802594197,0.002398411741110436
894,0.003156764744221306,0.005744390484456866,0.013410460415704093,0.004607845255257817,0.0166287189130392,0.0039530132054742435
895,0.0053958553221107935,0.019298486369871366,0.009115824957329557,0.003511357999785694,0.003912433870778183,0.003077044793013947
896,0.0027353136791437795,0.003287720669465967,0.004486983259841953,0.01736149322649073,0.004511031205045355,0.00232394487303236
897,0.004763938014992845,0.004292335051449679,0.010441394091624515,0.0038283982672067314,0.006294404559584897,0.0034656436534619608
898,0.005431492089281662,0.005024523390276632,0.38947578108694964,0.003129173000544288,0.015192664408402588,0.0035690881087786126
899,0.01589268563518817,0.009416818154328314,0.0054594125700767005,0.0066389804115933905,0.009062281544701406,0.0031120210596119868
900,0.0026792838019799006,0.0023291526644341433,0.008029209412157342,0.0030266709268005477,0.0036254202474443765,0.004343778638171303
901,0.0030942723258561753,0.008848263891859609,0.37646180458304257,0.007200103545734893,0.0034105022921924306,0.0027897532746767686
902,0.012762001004966689,0.009970130222589985,0.510558264285178,0.0022086762671492247,0.004437592348782395,0.003878254112826694
903,0.007951767668468527,0.004385813603884585,0.005923406143510194,0.0048596351743218184,0.011505334788909388,0.013078936088182565
904,0.03709672123982303,0.0048053855943636,0.011230872218683585,0.0032098446478741743,0.004335227391751852,0.0028869016968772615
905,0.008840263736639297,0.014947824493381385,0.05509796476119758,0.016640973951146856,0.0039282677232792065,0.004065640341147413
906,0.003964730896391213,0.0030980537431812183,0.015109886753570752,0.0049109575500347925,0.0030104667579668224,0.0017267474175771255
907,0.002817432938537334,0.01597620253776276,0.010632744534794184,0.004427136200172602,0.005260696119931642,0.002030913158777462
908,0.005145988042142741,0.0066883359286685285,0.030415095027366664,0.005236544650439564,0.00559862923577693,0.0019326101511116455
909,0.005080114262052691,0.003238783972436868,0.011563879119279055,0.004147871323091311,0.004523927649171492,0.008018085025688883
910,0.009883075870843114,0.00533239577337326,0.010934554878181239,0.011517147087720857,0.00797229885715734,0.002319232225151465
911,0.0026688604924314514,0.01121429661420131,0.008080329283744131,0.0029033216762090618,0.010925202704288175,0.009562636808269508
912,0.0027404691925387065,0.012462183243337744,0.009390095931294893,0.007686121909623919,0.3467671881390133,0.008435002295594555
913,0.02832570366687791,0.026901279342728655,0.05122464156837343,0.009394688858234666,0.007051988199542637,0.0031999371499666133
914,0.013449669467060034,0.003251005237880519,0.007839018699107072,0.0034623135772274887,0.0054470050650583975,0.00504697044220303
915,0.004112045202409153,0.0025821202243904206,0.005676384978667295,0.002377946490729055,0.012566221287326592,0.007693202836604415
916,0.009706780405427563,0.008849067568606792,0.01197007668280826,0.002707159346904415,0.00721669796935267,0.001678685663991402
917,0.005358219520934525,0.006509009049318635,0.014451906434686456,0.004704160106928749,0.003611066980125889,0.0035398547767142665
918,0.008089355968686056,0.009168360939660301,0.004027369124306662,0.010268379609007953,0.015920055815187576,0.003414341930685415
919,0.007398518769536444,0.005902678148814652,0.2229403376099593,0.004335499892942077,0.0019495252299745814,0.003134940737262788
920,0.004391314357746217,0.003317438821660365,0.2028513251308563,0.0015099317270335997,0.0038402319370994054,0.0026535948386075727
921,0.009061695112169588,0.004185827025540646,0.0057867279146780175,0.0018639391961884316,0.014869587481405896,0.006038059517000698
922,0.02595285142524074,0.002447306900968263,0.011282903481135158,0.004809552851412957,0.3536465173133967,0.006077473769304113
923,0.009132770398595754,0.005225722824107764,0.27280243822341604,0.0034957182288619317,0.0037079954720564386,0.015179811945531922
924,0.017391024359983586,0.026044877886565718,0.004400390140445253,0.003068493088771599,0.005793130011163735,0.004530700581502217
925,0.0023462715133835198,0.0028779364790637403,0.0035129408848298843,0.02712797089048371,0.002971802967520848,0.0026929181976655947
926,0.006713720436760972,0.015270850676924104,0.015561746796439187,0.01749617384607619,0.010900371649195106,0.0016130108510803345
927,0.007898058747335589,0.020294099325947754,0.01962342934213674,0.003211881371012238,0.004932913846092226,0.002953553015025472
928,0.005831499092879327,0.008041813529248452,0.010548420304754393,0.0096724527767919,0.002184631254315791,0.0028988312314450564
929,0.0045680913996272434,0.002898266934296246,0.026308862626356875,0.008155449152008888,0.004477244098251671,0.00477139415456105
930,0.008275134625494927,0.009456850965010513,0.008553109885999952,0.01278117884159674,0.0033014247980455184,0.001814488331963094
931,0.008885371441312151,0.06855845579525907,0.009378467489878091,0.003014747213788397,0.005305988098075541,0.005863306196761842
932,0.0035705060155557787,0.011524635191437654,0.007051280669320558,0.003066691025670373,0.0035991699898369448,0.004822325579484429
933,0.005154221450468868,0.0031242355956415425,0.03345573718963991,0.011211464202238506,0.004970397190027319,0.006826039238297377
934,0.0347829827856897,0.003208252129593848,0.4465262687156618,0.0014216574730222245,0.0038017290632219934,0.003215541146708085
935,0.007875653755033293,0.004818102919591406,0.04304531867391659,0.004299842939041543,0.0070073573273332105,0.0033270362881159116
936,0.00355618970026989,0.0038682967939733214,0.03950201405402285,0.0062490794803234965,0.006360744552062029,0.002656740226605812
937,0.005433816041223736,0.006431484131812669,0.0062868570635872005,0.010133653106696882,0.011601540360758065,0.009351566491414266
938,0.007001920329342251,0.004467031859659971,0.03154993731063529,0.005219851864814921,0.014178454950751028,0.0035108648219817156
939,0.0022333332109350738,0.0048686515681659786,0.20850289429422758,0.00720874699667077,0.0053675091322313555,0.0031516941305233773
940,0.0037472306278427663,0.009976668020546493,0.016732369016417153,0.0038894305813685585,0.003922381694202364,0.002824964532020419
941,0.0047343924022311525,0.004178214766633272,0.005078781588298945,0.002709379945025822,0.004536984911891769,0.0029209111552517997
942,0.002926910832345352,0.014024686419635564,0.1618302244738501,0.005594267242928849,0.011556899396084896,0.006759427367472733
943,0.00865688931133215,0.005103458287686885,0.006398154647934364,0.004335248798771282,0.009024005601403892,0.007958459489814086
944,0.004270149897381741,0.0031687525398709946,0.008031213018956837,0.005091399516870704,0.003737182820495475,0.004318711003098883
945,0.0021408675749019068,0.0021540234021625204,0.17616547356101975,0.002861121473994852,0.007329217551964717,0.005256746670501631
946,0.007441653906256305,0.4011378806584639,0.3590403932676671,0.0024038057008382136,0.011893924988507096,0.0034459204120147434
947,0.00489312947644504,0.002911993527477465,0.020024279467850337,0.002762111548319381,0.006437795655724784,0.0025466347607485318
948,0.0026584163470969205,0.00547304802698378,0.5518533437435422,0.007577210513104261,0.0028152976019911406,0.006080297470577171
949,0.00458384110701318,0.008082150194475186,0.01318071666633531,0.004207392324977983,0.0033642247137271163,0.0037659507881560718
950,0.002203031542295439,0.02546384749450454,0.15260296440172033,0.0038422610060992873,0.002586538741693624,0.0019085028803316848
951,0.06398823918393481,0.009247384918348476,0.030086815225796936,0.006240921000683826,0.0017308065635456289,0.0016813146995597553
952,0.03851203355313188,0.0032550020347405263,0.013716989358084446,0.0057503685800651076,0.005700624031636397,0.0030805058909628767
953,0.0032522812604044386,0.004162720503684855,0.41213875533986183,0.0029177910664590794,0.017963539571540076,0.003413688024084556
954,0.007341471804072579,0.00989891343430913,0.015078606118079464,0.009521984591145113,0.0017478835841685846,0.003781700232156207
955,0.013030739877407325,0.024036127824396,0.0103647547929586,0.0032114060336971956,0.00814349107130254,0.003357377058659316
956,0.022932039421340897,0.01639750429488798,0.011263577327317026,0.013740477516600536,0.007931358959554633,0.003323454430463285
957,0.0051322648817738676,0.019141349097024172,0.005097225334299662,0.0014774298157513484,0.03746305417162171,0.006849426039784361
958,0.0027765364312975567,0.003170217559885977,0.022547978361315196,0.009924706417440693,0.0037479460546179506,0.002801372477516962
959,0.006730858258833482,0.010553129298702715,0.00706156569985869,0.003305454528525116,0.0041353261929770535,0.0014218684543088082
960,0.016187011838300625,0.006251569142275696,0.0139148625281286,0.0028069506508842847,0.01639618593828733,0.0038531079112381727
961,0.005895507495362679,0.004927579152404585,0.01490846904016815,0.01162549746826048,0.00687064185390819,0.005198383247489579
962,0.007131026834476342,0.008492247554940574,0.12836241295113637,0.004286380691252235,0.004263415114533928,0.0024195996918275793
963,0.004819467616645287,0.004988177927141417,0.010871960424244723,0.004163302255271188,0.011102587273829201,0.002389890625706434
964,0.009468089025494788,0.011569068782749778,0.010745583641749011,0.0023040055588926037,0.004598470043401355,0.01054283929668575
965,0.0070131243454431376,0.011574927166100389,0.02478616125649373,0.0065606266829936095,0.006411481849307586,0.0034938323222233722
966,0.008364726682585748,0.008068765445876404,0.44821385794774615,0.002129376123760959,0.0039851776214996715,0.009042105275189855
967,0.015302473190657041,0.0033631350591232898,0.02569869453189864,0.004153477709407519,0.0335680564732234,0.005238678060695288
968,0.0031436576067991025,0.003510042335556557,0.004733517171589583,0.002625037571605888,0.004173263188547997,0.0030803295374346386
969,0.006733963621298379,0.002718999063961959,0.05198835790665626,0.0029251322628467127,0.046049417877672555,0.0029344255801001633
970,0.002672529341200543,0.003197432625795488,0.010708503371395952,0.0039531612633149395,0.0037590683358348347,0.005750198527152551
971,0.005227537169432812,0.014970923425367775,0.4581928911646014,0.00543079593148846,0.012172384447734162,0.0026873023175435053
972,0.0025780305586307678,0.011480367182563034,0.005340759670422742,0.0066152272036056736,0.004355041523006778,0.0018176448460999308
973,0.002052291136726945,0.012644724182627685,0.002557465520090952,0.0025132162643776833,0.002966527982782009,0.0026952453510837226
974,0.006912392524209129,0.004444589184371986,0.009124691560713815,0.006118993005264447,0.003129678866245049,0.0028607951634323507
975,0.013565547930009738,0.006992776775229875,0.01408868927153765,0.0031779734742780953,0.02241905468267137,0.005283523588852579
976,0.002616365414880232,0.003892327881283935,0.005003258785636614,0.013749634697151143,0.0035316312763494988,0.007500890545411912
977,0.010563411617491998,0.03235566114039403,0.00317171276511738,0.003954682297212339,0.009438228138530907,0.003892038810807581
978,0.002947670294835923,0.006752151635054606,0.38435465872342695,0.005203087309455152,0.005429539540490354,0.002430006689984742
979,0.013556220910607375,0.006939789461195577,0.0028488721762167015,0.0020972815540773898,0.005604450182505349,0.004119561364262839
980,0.042195658174908446,0.007864661574360932,0.0074142177852432,0.0034183653361527988,0.0041985413362289805,0.002835426895296637
981,0.0030349898694216997,0.014591192888379213,0.009664280011464133,0.012389873629947205,0.004900481946961761,0.0019503068983585488
982,0.005348804877419691,0.03472525413333416,0.006917487743896412,0.005107920907499121,0.0048979207171224596,0.004796183576445636
983,0.0039078779394939155,0.0033206692452069793,0.42680257574868324,0.0019572690548892062,0.021239750182665034,0.006021561282947508
984,0.00525452757585074,0.0028340105878297845,0.20839326125517715,0.002282492157807554,0.005664983249938114,0.011559921192556413
985,0.005649494089361225,0.007477466939742829,0.06448504716016577,0.006674110633303237,0.0063106864816814545,0.0019156056087099944
986,0.008481110708610967,0.0032007042241822005,0.009969000654812859,0.002928263979504734,0.009649747671617649,0.001693506313415235
987,0.005624639840883795,0.06436508043838428,0.12682731499153735,0.001611811225328541,0.008318974561813625,0.009146851958601075
988,0.0035951388869831322,0.009728697194646585,0.020152360296818054,0.005580648178182298,0.0035994057845766835,0.004260273725562152
989,0.007594039496217097,0.0029625358271326164,0.6217691118448558,0.0026771621934049508,0.0032893128859921928,0.006969276846260849
990,0.006636648765145715,0.01702122301809649,0.01562829001831888,0.0020465703873967446,0.04973072267650921,0.011705528108458083
991,0.003600398316504433,0.00799245507557038,0.025158250536495803,0.0015588026146312447,0.004419304073798092,0.002328145120616522
992,0.004849693983960802,0.01721475759445702,0.02113994188645789,0.0015526748233393108,0.00956877659270916,0.008301816604842121
993,0.008666877587681714,0.009136191213095333,0.009012743036483278,0.010910876281746614,0.002963489850741379,0.0030198576902011717
994,0.021025120531439154,0.0028689693214118254,0.2576491616978197,0.004834564620460771,0.010612360518073079,0.002669118536715989
995,0.0038005630576113023,0.02266616290631912,0.01338315183100449,0.011223847599657041,0.007270612662164825,0.0018751560882258643
996,0.005301848758749626,0.010918816497306794,0.02970951999522362,0.004342936554577982,0.0062358535379934184,0.008100889018465646
997,0.00468439358789331,0.0043145989027305945,0.006474710395443549,0.007184115063263334,0.008014770241344492,0.01476926938503255
998,0.02730777337412117,0.0033130470144203034,0.5764982964762341,0.00292500153656504,0.004113665483608041,0.00235022020970982
999,0.007770939241024402,0.006782439592484535,0.014054841609324983,0.0024476442399931357,0.026117980924873493,0.005975078708433816
1000,0.006045187056449203,0.002830401952050261,0.006726164089055381,0.0022149152949947977,0.007754715256740409,0.0018718102776252832
1001,0.002493159533012325,0.005616626310418832,0.019035751426714608,0.010965147941722408,0.002608313326565767,0.005133126960466402
1002,0.008964718697473992,0.036653816467117475,0.03843179289192324,0.003319044417826522,0.006612538475548423,0.0027405475101138633
1003,0.0019116005073053833,0.0043138844358450315,0.017797923591916596,0.0028984272001757443,0.003287900024665151,0.002434556286561105
1004,0.003838014025309355,0.022533840051294808,0.014837500479405453,0.00655463808299357,0.003786260914251002,0.0036462235433082067
1005,0.0048477153416451495,0.005704094659984416,0.012412933693236115,0.003390404244456096,0.007533815651077627,0.007564290888979517
1006,0.004527049389047026,0.014017053401586745,0.03579090709884037,0.006465044410898946,0.010756379096369196,0.002007000857302055
1007,0.006580514004478673,0.012001726549622293,0.04594309417970802,0.004140226240604645,0.02113709358738051,0.006304085455978966
1008,0.004086291081915405,0.01234116180377377,0.04193329666299654,0.0048090058149781656,0.0035572597277448983,0.002329171544425177
1009,0.01297777525545939,0.0029069447043336563,0.42678938341245426,0.001968618610714193,0.004608063753168134,0.011834005511524718
1010,0.008913510852210392,0.009677447817266486,0.007750145577254257,0.0017976583623454754,0.008425285050704863,0.0037451388804393545
1011,0.011811563893624488,0.0030249578016816893,0.04292250424205651,0.007088804092494712,0.011951009541664519,0.005461567164400448
1012,0.002430073362006068,0.003450241259275379,0.24288545778349216,0.0038445829317119208,0.007775173044538644,0.002351826027678109
1013,0.0037446740316657823,0.037319071272022754,0.35600680427377884,0.004616559856866414,0.0026123585099452028,0.003918177577547645
1014,0.004006420527524795,0.0027608041320004158,0.008349579286647264,0.0020006912924766585,0.006848280998224776,0.0032475030149208516
1015,0.0038112938565891086,0.005181063814282533,0.007086394792003098,0.008828880011617518,0.006267039086203756,0.006490587175802124
1016,0.010866458358042673,0.005783960827455325,0.005827881006221308,0.0038992522299324257,0.008297831416907169,0.003431377434214665
1017,0.005508795394206052,0.12403866167589396,0.0066937211172987164,0.0022486556235086297,0.0028147729917231265,0.004869313436254534
1018,0.0023939424047078974,0.009327804626195337,0.015118786347285671,0.010012415215001314,0.28932500908822734,0.0055151514863198735
1019,0.006959533181849695,0.005988686647053203,0.40973052842278707,0.0027296289757987357,0.0042500957328128605,0.0029920956696076273
1020,0.004444888895682523,0.007801431340618654,0.021566669967698068,0.007023598765069295,0.007017281582103906,0.0028728952059535115
1021,0.004377061390793068,0.005688097719864952,0.10418555503937726,0.012729108162442045,0.0033381294149268706,0.006070089953833437
1022,0.005775469275459373,0.008286795883190003,0.013090575330533918,0.005537106599889876,0.0051950266594795085,0.007940783977446169
1023,0.12225646038862376,0.005525520645714687,0.0066500267737555135,0.002288850878276895,0.0022145107175803045,0.0020575006983592067
1024,0.005239815827107188,0.005487694649015362,0.03962127251397887,0.008088922167121183,0.005780314064185671,0.002279737755150753
1025,0.003963260704431993,0.35447849673017046,0.006914118700292913,0.0056810191556836325,0.005343417101811915,0.0018112421262056297
1026,0.0049494622894810094,0.3374586566603568,0.06392471767110659,0.004402427140273669,0.003306748348248043,0.0020200201392534503
1027,0.003965539934479119,0.003910922435016482,0.016203767876612034,0.006683119024255818,0.005796034679852601,0.0037949469186012628
1028,0.006274628836698349,0.013815806145963104,0.3060796000002296,0.005314952104487587,0.024898927173896124,0.010999159222633717
1029,0.0060003052511778295,0.2977550871309647,0.008909700627449899,0.006867621547030174,0.003337258008122645,0.0029148940296664224
1030,0.006180808058894637,0.01279049931209234,0.04219057099334195,0.0028640675701127657,0.0025028406492099186,0.002767579039259441
1031,0.003294427878754626,0.011256349903987353,0.03482184749183364,0.005365557510812949,0.006600003789558435,0.004886180527276135
1032,0.004916445260597775,0.0073642381387607975,0.028211845670075543,0.004614426433468221,0.003183258746204643,0.0024683438104960626
1033,0.0045287539511430245,0.0062351186668223885,0.23435925753658676,0.00593736752154597,0.015107603283745346,0.01123443907597572
1034,0.0056400903285575045,0.009313749699131565,0.012695554467111772,0.009189988064209887,0.004591127622258026,0.008619165790115702
1035,0.008105705288166046,0.007168559925063935,0.033778835160896366,0.005909846887332302,0.004922493541411838,0.0030207546786226776
1036,0.005143701975632396,0.00898305532638447,0.037331304123681415,0.0030729786296136825,0.003639965013786756,0.001740875818089396
1037,0.0027805713595496274,0.003935301301327641,0.014529594292612177,0.006392039820510801,0.006765297233517933,0.0024954699885291814
1038,0.012237804482572006,0.0863081836400058,0.030056451232884633,0.0041555315130158855,0.0036033055783222653,0.002067584729321029
1039,0.003134315843089359,0.006036243951859112,0.006848157080594356,0.004470472733635365,0.0036922473632199143,0.009473646373818593
1040,0.004157168970805095,0.006714862999729962,0.007008519358162741,0.008728948601573023,0.02548662512012393,0.002788422871484054
1041,0.008849720490834257,0.046120276576582804,0.006790884821657832,0.008729863102544921,0.006428824485001219,0.007327734071968922
1042,0.004793115883684174,0.013116582836455296,0.47666101066753025,0.0019143067107558634,0.007109969161300832,0.00917572772219786
1043,0.004112164061218856,0.006597445078135162,0.295797778645425,0.006485684625683438,0.0038291523098335717,0.006810491161966403
1044,0.0029820394325563745,0.010518251697757856,0.0031862173419519666,0.005686143866368456,0.35952814195312427,0.003307695855948358
1045,0.0038159308539480793,0.003511627436908085,0.03593244459404172,0.007947335166087094,0.004734340176941759,0.002744970970430833
1046,0.003631942202717008,0.006251625385923911,0.3021616104936956,0.00479883261563192,0.01367485370803913,0.002666333548511029
1047,0.005764604732286868,0.008372630558295976,0.043830399324118245,0.02681269362597011,0.0028812571026371947,0.0034686984655407918
1048,0.0035540212346100684,0.4740788073556643,0.011628251465474016,0.010475845406222385,0.0026873030435051446,0.002357118622075233
1049,0.01989535006708186,0.03795393193481282,0.005642040536155225,0.011602013450651642,0.006466292237864948,0.0016860578364146124
1050,0.01744144233553978,0.0072968902142327,0.009670302831637305,0.005305004312858548,0.002754689444536246,0.006995008011957594
1051,0.01087468435186897,0.09860524089919197,0.5774541471590839,0.008875675579188285,0.008410005713431189,0.002266062382557656
1052,0.004324699275234563,0.06340463849100055,0.0053083793665292395,0.0024535377790509696,0.036295056861668326,0.0020169463975272576
1053,0.007620235659412028,0.0036178536274018105,0.010443539402796345,0.011521030206544053,0.006749340317415438,0.0030939217546801954
1054,0.004460235947254753,0.01406827129642821,0.007624913061367829,0.0032675356100814023,0.007190971574647761,0.003443424060744007
1055,0.004804336893368968,0.010644006619391485,0.4066954316443981,0.003489348052352574,0.00733747756162746,0.0026607304891311796
1056,0.0026561680957279342,0.004832103626214401,0.02568875121739602,0.006922487312941867,0.003959736404240208,0.0023704784966340786
1057,0.014954681451483914,0.011967868055245023,0.009574688123419245,0.0021240831847051107,0.010224332242245178,0.011502640226399756
1058,0.007135615485501159,0.0060201791997832295,0.009553424171059368,0.002770696708706109,0.0023612756624120435,0.011108418119561505
1059,0.003077214363354521,0.004033552811324008,0.01018988454997161,0.003941389596071429,0.007788443837135984,0.00921267035876097
1060,0.007778135632609221,0.00450406797386997,0.0035873424548410592,0.007671615833834187,0.006251406344978036,0.0027078371424677657
1061,0.010296849018264572,0.0388597968238467,0.010333729350763363,0.01805168271656013,0.004502285245801323,0.0070463437961297525
1062,0.0026894130280686527,0.0035898969986264085,0.28315807463596393,0.004376645085348075,0.008030909865936539,0.005123072990729334
1063,0.01204256468446271,0.010231948112130804,0.41140103827257934,0.0029485446805444133,0.027543110027409293,0.0031015924012109653
1064,0.0034172198925249515,0.047436621426887565,0.00458033555076136,0.0022420397198602603,0.003361709501279318,0.006746230674875226
1065,0.010271436268262284,0.008386003337344308,0.043411081172540444,0.00927472216688153,0.0024860140117533565,0.004121470019358702
1066,0.026515874572106444,0.012740151232658599,0.016363347516204853,0.0021268013792270805,0.005282269209613772,0.004184405079053848
1067,0.006949736763650406,0.008699364279066662,0.05984246744236196,0.0025747347580421676,0.016196691419212254,0.005428578105047048
1068,0.002526198613839737,0.3132467115836237,0.009457564229093602,0.003123383115103532,0.006072824891153777,0.0030488265687947393
1069,0.014603122956180015,0.01819405307276117,0.01821805367074292,0.005682893542819986,0.014106711893156754,0.003428813043996888
1070,0.00730969968333029,0.011173867832023657,0.01166849328075528,0.012273813100681446,0.008576959430763425,0.003963288438774679
1071,0.003474641243164604,0.007186703371560182,0.08494112271049403,0.0025187286560978154,0.0061703214109332825,0.0030243090656891934
1072,0.0046544152020471016,0.01024334961551679,0.004257025368132048,0.006323813453974598,0.006459040191997655,0.0051869744457050514
1073,0.07215316579817044,0.006892036872965446,0.006479900459469433,0.004255525501638302,0.0020104899788120746,0.0015653541721485907
1074,0.006764618679329303,0.022109168921562727,0.6030607221154796,0.0021543174816573765,0.014203006501388105,0.005454669087570046
1075,0.00328519717310878,0.0034888154086717077,0.008460015575627765,0.0026088373032917764,0.008012770079758851,0.003385938144291732
1076,0.005402662655252281,0.04394079350760273,0.034812083226371734,0.007941237645492927,0.002978676834949627,0.003399347980663785
1077,0.010247262035915685,0.042493909806402004,0.013130163704537737,0.0031480095576962882,0.0025915672707963826,0.0023562965694879723
1078,0.004784058399952684,0.00794706702193286,0.005807815974243857,0.0026854734957958834,0.006504553461249475,0.009826015685889507
1079,0.005198195662585036,0.00574291512945384,0.015026227243665199,0.005237779698353796,0.005071512334058608,0.0020168086086132775
1080,0.007229235741019968,0.003453586233924388,0.3093741136521989,0.004894905913903491,0.0026985490533946717,0.002935523034461982
1081,0.014267195313627237,0.0025567658150818548,0.3639462362141328,0.005511557144323843,0.006309584339797668,0.0018466041522085847
1082,0.0033133340180923343,0.003904090305741567,0.2108491926740926,0.01017416461155649,0.003686300603908321,0.0043705041555344715
1083,0.0069350921021936775,0.009874011285878306,0.01062565561956418,0.006305916758328404,0.007148293239334918,0.0018905598003625896
1084,0.00230895591281713,0.008081346256914366,0.006270882490812884,0.004567421442257707,0.006290299667866433,0.003081778486103403
1085,0.002953620273500594,0.01025585261526091,0.04330783549218566,0.02730603435747379,0.2604446337748087,0.0022256337729195763
1086,0.009210298154547976,0.00925178072677554,0.30808960174375083,0.0021412791166607616,0.007644928195479224,0.006497466570457435
1087,0.0024431445804006515,0.007609571706899977,0.010761674710407678,0.005861367775025838,0.005529321774956197,0.01992804352190045
1088,0.003038953009035806,0.7650387513217463,0.005857956015725676,0.022552066914200024,0.005428438024455237,0.007546206264250627
1089,0.031172963973599928,0.014589721170999749,0.011179800908214063,0.0020881542981230675,0.007997971513308933,0.002747966990791761
1090,0.01972076167209337,0.011579218652956951,0.033574982634494155,0.00299139965762282,0.004412970976436651,0.0027023570458631265
1091,0.0053944939657871276,0.011123410123048398,0.007810727826442874,0.004326090360553932,0.002995952971818065,0.004690053773366657
1092,0.004328101017852524,0.013320917802000634,0.08930618661449952,0.002666418980077771,0.022782701912568544,0.002085844429978223
1093,0.0029314049899031953,0.17172076190105737,0.003326522382429124,0.004857152164837181,0.004895055083022865,0.00417213357450942
1094,0.011101599488906249,0.0031453916019746047,0.0024852758570937713,0.004038410314944592,0.004342373624170516,0.005178002692482475
1095,0.003449000903179312,0.008272983138740544,0.039946437462858815,0.0016445571538771504,0.007132676649882827,0.0038954728664402282
1096,0.005936195717320395,0.02161826878263179,0.014443450872984223,0.007729003653688872,0.004732185608092805,0.001839588252038814
1097,0.018981318055271014,0.006038044689840377,0.007911548653699224,0.008581141371002705,0.014243999608319662,0.002676679034390333
1098,0.0025330828032201825,0.00779650113243055,0.009986513697528836,0.003636658408001377,0.007473358256069161,0.0035988840588406885
1099,0.015390066319986791,0.05518868543325723,0.003339431668286728,0.002469028497472823,0.00789712481958219,0.00443999424215654
1100,0.004484358841332504,0.007471913166888449,0.03493324700980836,0.0024888342944911304,0.004436696442668248,0.005944316050011747
1101,0.030427957970272885,0.01552510643781123,0.03005668152140182,0.005313748788138801,0.002392063111517688,0.0016185874586557537
1102,0.007790830962110483,0.015790215896363976,0.015417510794652287,0.0038181634224990616,0.004719100827953852,0.003737554974596597
1103,0.00803609030288274,0.015939435426709402,0.022365439616404498,0.0020804423648449195,0.00863809533598014,0.004102398690369682
1104,0.008176700950833166,0.2906045829180723,0.0282278634859573,0.012977657523473095,0.004893241001738634,0.005558691768967949
1105,0.0036328278645773376,0.008517641933860095,0.0037077112988298873,0.016180204268202932,0.003022845317107546,0.0030006763278350376
1106,0.004854949734912803,0.009539380217983038,0.006441112528364785,0.005752111031157971,0.0040684918976306795,0.003005609970764731
1107,0.0039722821718757,0.009115254244969829,0.03253239262783028,0.00292417250922591,0.005206476220616858,0.003503753895884883
1108,0.004219222881516779,0.0027918735229065135,0.010947694738590382,0.004448831734137757,0.007483597359436662,0.0058847644837872965
1109,0.008686851294200097,0.007497787789376241,0.5938784482551677,0.008036850652107894,0.00996598316627169,0.0020768166279767734
1110,0.0046093346552421284,0.0038292625857320574,0.0051681971471782655,0.00711808532195027,0.010448325023969739,0.003292673053922881
1111,0.005156935498514108,0.009207074365234621,0.3413801209309638,0.002068335874459704,0.016061787866072354,0.00499354624176184
1112,0.0032243088979020747,0.005424956907760734,0.0034641752350469926,0.009388221185098836,0.006647598659942075,0.0016951579846186799
1113,0.014203974077236213,0.019809006150708727,0.008018965552506467,0.003028865190907123,0.012954598457529427,0.010577918386299463
1114,0.004209844690005628,0.018740668674917946,0.3945296007607701,0.0022018244034182244,0.0076631491936832285,0.005007872350484688
1115,0.002263844832072698,0.0060679331553595,0.051599162599259785,0.01528780425871797,0.006914593567824202,0.012336334963231192
1116,0.0025376012520169854,0.015293757000017236,0.4965019518714913,0.004484141406795771,0.2834149702900205,0.005263207815924038
1117,0.04331336281717957,0.012100494348298548,0.006925303721072697,0.0031067322987330583,0.0037494767220229873,0.0020894925589025164
1118,0.004173287018951099,0.009950841684447969,0.009915448285628911,0.0032588402035822264,0.006413356498784712,0.006823747590544853
1119,0.0028735253095280404,0.014736397808278722,0.6485303254535559,0.002784781715756675,0.0033864227222374587,0.0027844390009249876
1120,0.007826804527636698,0.022033006828301643,0.005859425053797809,0.0036023278766369703,0.004077220456325981,0.0038473544330905928
1121,0.006609363397955245,0.008710730126614746,0.08775359362384282,0.005651409238965082,0.0059005959131035336,0.001971031812894713
1122,0.005037706019675046,0.0044918286044613185,0.4036741607782756,0.0028551467523768945,0.003815101339663794,0.0028736102029076264
1123,0.004811065454305335,0.00795845292998403,0.4290295984254007,0.0032319859558280696,0.059908054171468765,0.004304346815220879
1124,0.013156192252075158,0.009860497368026837,0.011303668835543422,0.0051824251342816804,0.011006704588573429,0.0023736009555020395
1125,0.005576757684580022,0.014894078769128618,0.650860742930516,0.009545963547983996,0.003917722942474588,0.007293192834444406
1126,0.0067945143967446595,0.04492604216763782,0.00908535853898186,0.00437994105812359,0.0027309723840057147,0.00551950395413177
1127,0.004917161223724754,0.01108720936598857,0.014771226458141233,0.004548933021257991,0.009884217831651557,0.0045037017939680716
1128,0.006627014356397596,0.027333463179311412,0.045390906043067246,0.0021411249864314932,0.02148854319328254,0.0034881745655148903
1129,0.004827020502573679,0.003638322576277924,0.005948756268336602,0.015691406662819388,0.004556922862955802,0.005820252734244851
1130,0.0037821096311245715,0.006826135189389131,0.00858085727854843,0.003730791188001676,0.045312929936081214,0.0026958742292127096
1131,0.011238878026701258,0.005892467448473573,0.012366118740511375,0.004652905046059245,0.003016940629074378,0.005606902785191547
1132,0.03691385002323579,0.5927106577650749,0.5460739154580924,0.0032867332600834444,0.008807630055486503,0.0036653023499808686
1133,0.002152764333708499,0.47404843934872354,0.016625047879781623,0.007196835268600109,0.006430912836922555,0.003217800642085761
1134,0.008187429079728522,0.010415457417734095,0.01017612390993952,0.0022611134315197287,0.013787113803931288,0.002571733628662002
1135,0.009869558413195211,0.00788375414960951,0.46263192345829607,0.0033865397543109696,0.0037512236006992153,0.0028825774027935874
1136,0.004885343670364744,0.005776612822819232,0.4511684270924905,0.0030090712939852614,0.010562519702940748,0.0033791299088356858
1137,0.009013882427929656,0.005181789117958552,0.006991355546615179,0.0048596458346302175,0.003547978483806146,0.0031583079114933547
1138,0.003199387252572993,0.003014208496479142,0.012600667866539145,0.008170641598453241,0.03980056512022138,0.008883775444840116
1139,0.010642839097148271,0.012158992765783,0.007108393793432338,0.0025749348997634257,0.009903604296556375,0.002435715761520751
1140,0.004902762043013689,0.02586734791448694,0.4088189856991539,0.005942337935668486,0.003273475214512006,0.004793927095262964
1141,0.0034680092866568066,0.005260043809921617,0.0074506798385105336,0.0033714298388657915,0.0046583101341825806,0.002339805238837378
1142,0.014830675085997821,0.003405311816919049,0.017887106742312718,0.002861106210076682,0.004184244357858792,0.0022676077182737548
1143,0.012514432223324039,0.00793452139481199,0.526188650533687,0.006042454486096646,0.018421613296572242,0.004794084658611363
1144,0.005849973071959193,0.007258800596027556,0.002939588623116889,0.013061047149620506,0.008719996937401456,0.005478803833635
1145,0.007547157186060908,0.01640002368304904,0.5635294213758009,0.007678838488340179,0.0037098183359675473,0.0027177030892204987
1146,0.00246194121446954,0.003777995834092327,0.01104834879725954,0.00866778369423662,0.004866152203379399,0.004947523407843587
1147,0.04430009198156208,0.013630661303949803,0.03443956759282254,0.003149283302999894,0.011628802494982694,0.004472168415312367
1148,0.007313622080042189,0.0026969247046736648,0.0029857135824149683,0.004968880485482027,0.009369292018462741,0.008477949208755638
1149,0.0030818613996978876,0.004220290038929094,0.006135303082940085,0.00455211319162192,0.011269094710664769,0.00686936287438989
1150,0.0030720219243577417,0.005434976270611651,0.006746022648093999,0.010067216724420024,0.013078093651795313,0.002894433336944874
1151,0.03565586067395006,0.010338927125891278,0.012366114374418563,0.004651868674855159,0.006710280411597172,0.005245706814247924
1152,0.0037055481012502394,0.016509051150239665,0.0033335176543875635,0.019471868654816683,0.30611185517160505,0.00328148336051572
1153,0.003994318306172203,0.013369894612656833,0.0036367016737044963,0.005288653727006082,0.003933904708626529,0.003071158523353538
1154,0.007444165683390608,0.004140773134221437,0.014062861023280741,0.0026868229936857385,0.004462004198533231,0.0016688176681340253
1155,0.008462216764250527,0.5974900837727017,0.13902003151351158,0.00734603263571654,0.002322476640463588,0.0026713986529654445
1156,0.006607653858667248,0.010354752774031481,0.0037857809006834214,0.006860135331376085,0.004113420231761199,0.003569027051912292
1157,0.004812338442931902,0.005235873384608872,0.33980402476203747,0.002716362558894006,0.004431489112701514,0.003569516881364963
1158,0.002055702601889438,0.01569001904292469,0.2873777937891435,0.007180016311992331,0.007675879653794853,0.0037967065065997764
1159,0.004241311981664759,0.018108453768903656,0.002022828778783976,0.004061544027622436,0.002747202867396373,0.0025072610963724038
1160,0.002839415851743451,0.004104094815028778,0.00451025904688763,0.003009247928851086,0.009824607023173957,0.006135647132962008
1161,0.004154837284855085,0.03187185696708405,0.007580014778344089,0.0049811411936514375,0.007989886745022079,0.004609110582036471
1162,0.0043728767796365,0.0028356273987396896,0.004207721129486457,0.0056748012029758585,0.006172967748098101,0.004333001617709035
1163,0.006036680575860278,0.01185966227801449,0.3510728993019908,0.02401600151399186,0.004557359507995352,0.010906925909278603
1164,0.0063176851417299585,0.004644758536000138,0.5062327917160554,0.006334219282959878,0.007262521585723989,0.0023700618651116387
1165,0.002616729762035194,0.006385449814384967,0.005159114900911682,0.0018465598206114547,0.003056343837390669,0.004789622463664199
1166,0.006860313195291485,0.0038384881489024,0.03744114368097434,0.0025028392840126096,0.004711334290810854,0.004287280875577522
1167,0.00584810499430481,0.007239644210835389,0.150361064924637,0.001963931682623364,0.007663050407666331,0.008340440206051123
1168,0.0063281496249271724,0.0026669090489306983,0.0062613781772261285,0.0037568152902891228,0.012608969925098563,0.002135357297354634
1169,0.01730960730525492,0.002972636778861899,0.0039543755386525796,0.008694245025078722,0.005038084460475742,0.0018993198730091426
1170,0.010879255330614249,0.011268860409061011,0.6049035064855889,0.0022746069872715104,0.003016017283054609,0.0022564564159045127
1171,0.00923643967921561,0.48369675357189623,0.21200050894786876,0.004435324851823278,0.004496838953374189,0.0024132819015849506
1172,0.0052659134183741735,0.005009781222534857,0.011181432146140983,0.004056624944999605,0.006757875428518709,0.0052405291210685665
1173,0.008498299959675347,0.06211449362833765,0.0037444310213183753,0.006093051409894234,0.009465989222106098,0.004050266541514338
1174,0.006629843818726265,0.00689733128307103,0.027901700728135685,0.011145120260596907,0.0020602864130880643,0.003481281645749908
1175,0.019689161047753773,0.014768853316126172,0.12823117060980216,0.011190796265881585,0.0026301875976848005,0.003492361919511801
1176,0.0062253491708352,0.0036237922292352933,0.00600436838980973,0.003794752962305435,0.02293279442881344,0.01172356293041903
1177,0.002701150623662969,0.013438690181889952,0.46066770502288606,0.00652348450828334,0.011244329897634488,0.009547027079181591
1178,0.007314684671347509,0.007715583527167092,0.04025624762887964,0.00997385607320036,0.003193737506539521,0.0015823953164202796
1179,0.006512134023174485,0.0037597859875239236,0.004162901119465674,0.0027295084018785294,0.006875674370735407,0.003484074005131993
1180,0.039558002668666443,0.01108484315727683,0.43121695440557783,0.042544483854964794,0.006707191852304776,0.006123616544275838
1181,0.003802105792133056,0.21551570407646203,0.4150187550607278,0.0053156235262350115,0.007184270439814416,0.0016093371876326251
1182,0.005114998475725698,0.005306723580178056,0.005900247980490342,0.005963901286730668,0.0030482265775503593,0.005292454997571082
1183,0.0054162748645178995,0.006017044425982171,0.016478090827724782,0.006134150519690858,0.00484049388164586,0.003951683608718735
1184,0.017165314841732345,0.005909591100128203,0.10149428724444348,0.0026554716352640115,0.027680671480100213,0.0043504199805313535
1185,0.006908531863315475,0.007432210455379171,0.5699491746363511,0.005294962762912426,0.006476759099831569,0.0024125316996971157
1186,0.006297591237477914,0.01284451732306196,0.00839476189125303,0.004593946952823051,0.0069333106421147475,0.002789273980022151
1187,0.009162935090542104,0.032322671658426554,0.016485693775387625,0.008889561638871715,0.005581382491452995,0.00582348418564711
1188,0.008194314115971837,0.006665623570742951,0.04350951593962078,0.002877911022383288,0.005589637621741116,0.003826766196032308
1189,0.014718921724968234,0.026803635543250885,0.46588681499481827,0.005224399653964887,0.0073850567052716155,0.0032257165491253216
1190,0.003001221609042089,0.0037322574340109458,0.03896226225427217,0.006893042222280722,0.007618402563477552,0.0045443767216482465
1191,0.004403343899225718,0.02436293158662389,0.40929587466655426,0.0072937844182350406,0.005112522620992429,0.004736220760645111
1192,0.020220362078923478,0.009871322543088595,0.013887585621030233,0.0036345230667094277,0.0031428339924797024,0.0032512753045443876
1193,0.006802620345621527,0.015143809504840637,0.005056256229395345,0.0018827879686465628,0.004092177946080248,0.014694728110596545
1194,0.011341706445230986,0.01926521511535671,0.014960539983867881,0.003564772042037213,0.007443019914084318,0.005496231871447482
1195,0.03580272523867346,0.010763230434573813,0.014469069657005276,0.00915985631664307,0.006538458459323928,0.005251005802528937
1196,0.007323643766428009,0.019795157854746923,0.0026445926660878657,0.007998986760426732,0.007597333174311021,0.002132001730212219
1197,0.0036596331916473406,0.008157015261887009,0.003480385463947158,0.01034387952962326,0.0052191607730266865,0.002228352689340994
1198,0.0027875414270698185,0.007362536540676435,0.00819042632555838,0.0028569148734565336,0.0031074873982599597,0.0018721889780469847
1199,0.011091071475290884,0.0121619636398895,0.011095994795236696,0.002317376970485271,0.006527206752854918,0.0037115174004050165
1200,0.0031839786895351717,0.010228296850694145,0.010244270380581228,0.03576899307280455,0.0039792348104005235,0.0032497413743750804
1201,0.004561490112701783,0.0367044786372551,0.03254697310434398,0.006075297570520127,0.011496854210751946,0.0036937467509598914
1202,0.004025633491489968,0.015289960865545271,0.00778112933404282,0.007284325793717142,0.0040935446344460905,0.004534262157484591
1203,0.006155760320616276,0.005035217565246984,0.008643432362448458,0.003389996563812792,0.006124589504690066,0.002966701779984436
1204,0.0038443232446969196,0.14611877319446495,0.5161761684563302,0.005791826996977991,0.004113011030484367,0.0023330382454083507
1205,0.006056164041895123,0.048395208187073394,0.00782456997873273,0.01298362980791262,0.009477726703081234,0.004811786563152324
1206,0.0076927334476215746,0.009916083328939737,0.008862537744060664,0.0016075743461662218,0.00423717970531695,0.0019108516852522183
1207,0.0053218848800035716,0.004433586396869154,0.038009110024494246,0.003335360542010866,0.009822341492977038,0.019590731828952317
1208,0.010086995236616625,0.01423251483696073,0.26513011171469536,0.0034815318137313704,0.00392297587155395,0.0022417059788223392
1209,0.0036328556452054264,0.008723476630796811,0.007523923227323533,0.004680674717372447,0.011289235184815926,0.004001193771898612
1210,0.00407877893878461,0.0063328387972919585,0.0045070964127196045,0.004125897955787235,0.003040415234322565,0.00362567495567462
1211,0.005354900632383897,0.0026324915828387883,0.11096985229157481,0.005538434517788692,0.0041269016946446245,0.002933853879756253
1212,0.005399142122330261,0.06949410445718528,0.0028229613136578147,0.004349735317123266,0.005473820216037825,0.0039479034573623945
1213,0.003432445684085454,0.00429161060359011,0.4380643247528112,0.0055776511381381766,0.005416591589248635,0.004406969449818973
1214,0.010863769054384418,0.013420161571951682,0.013111673434956608,0.00217080717437301,0.004208796543046489,0.00525925050280713
1215,0.0043368550215266664,0.0045470051556045134,0.00787624136706731,0.005725323855931933,0.010003605649610899,0.011318342861074455
1216,0.010935010194021568,0.003649589952343918,0.40414967982307026,0.002500114303027246,0.007104929126332382,0.004354265132375125
1217,0.021025502951552092,0.003572177432344803,0.016541134578407526,0.003132315672658592,0.02796736812561352,0.007664738289636436
1218,0.015500935531217674,0.003280972908371172,0.2528647697421501,0.0030835566207023097,0.007117821767663684,0.003133958687710368
1219,0.007024850352882669,0.0025167905542475555,0.05821816695086257,0.0025965631614548014,0.003949941810601268,0.001634141709387202
1220,0.018097751558243263,0.008681225914972127,0.18619085292087895,0.0030513776010745513,0.02343103472095681,0.0025885543329626994
1221,0.10740556601838425,0.06298748004321172,0.03283713259952211,0.005739176521196067,0.011747445779184571,0.0017120455855716003
1222,0.0031628167744422063,0.04249508061336389,0.4920825228305313,0.003271752217021555,0.0035643617952516534,0.006023036252032403
1223,0.003479876959635012,0.06408709326256533,0.0042276397275286546,0.0027619012321030696,0.009763474826265125,0.0017434118791528005
1224,0.003108761968113425,0.03554752817676184,0.012263795364173397,0.0075997078617647046,0.01049690075145872,0.003289601773823322
1225,0.016938985354934773,0.00510441102983031,0.010821601545731531,0.028185374340088772,0.006979756877404094,0.005230469896372087
1226,0.004802879244068429,0.011726142725519124,0.42653314702004275,0.0033377067613898567,0.007039400272445232,0.0016008043782120022
1227,0.007997018481183199,0.013642207581705854,0.02827621614653086,0.0043206705377051395,0.005160902080237934,0.002998847939803918
1228,0.02802352318082005,0.12154463060585416,0.5078497191731941,0.003696866266904343,0.0044432663188659,0.0037685366695891227
1229,0.006039817990883548,0.004955114236337341,0.004944112617359409,0.0018689858830544962,0.0053168687612208726,0.004689691468471068
1230,0.00233966034129148,0.011389659314295631,0.004092641286506845,0.004073313087632045,0.0032941625785086336,0.0018596642566181315
1231,0.07327102453877088,0.02867873469652407,0.4516370075700755,0.007765250471625531,0.004708383594248837,0.007919785105240074
1232,0.004114469227843391,0.007658253346658196,0.30574458713513564,0.004175929838722844,0.006733511533634221,0.003706565827289018
1233,0.029938636173886025,0.003576611744721166,0.007029258269372113,0.020509284050375106,0.002269108818901177,0.002283046787053294
1234,0.0041402011272570005,0.004962524614171211,0.006488659106951372,0.008392751457759615,0.00403792195135483,0.0019480644706929573
1235,0.008909289834094237,0.011886115508208188,0.011545586177053993,0.010164940313173037,0.0018963822122650886,0.002096919358900593
1236,0.005538922257162265,0.017252226782564203,0.03445826359496344,0.009198295712091962,0.016715196452664605,0.005478645850206362
1237,0.006322138934935333,0.03417123459807597,0.010262349563080444,0.0023780982165448918,0.003001478193678591,0.0026193257431656397
1238,0.0034908919250974876,0.005527035957393818,0.0034114887081100557,0.002418704336968035,0.047134239603787584,0.0032325433225772167
1239,0.0031822748691425623,0.0033628227570048574,0.003115701644020817,0.006849945082060378,0.005557335563372393,0.0019246281298539807
1240,0.005282888796830276,0.019030614815701136,0.020833676379753453,0.0024196113007488936,0.005085373636309355,0.005237940217495203
1241,0.004548810541446115,0.005348246933567016,0.005276897518898292,0.0023784715834611423,0.01927571831758225,0.007923664305731588
1242,0.005530734345687126,0.006522190111352811,0.009513861391233419,0.004168852998503028,0.003922067507441282,0.0022903238469357172
1243,0.005220323813587092,0.002865980039180694,0.002652313693060753,0.0033969635068928005,0.0028049021160342193,0.0018422125095206316
1244,0.002879559158069543,0.004447886562611738,0.02926547807014787,0.0025151375682690063,0.008793914565210075,0.0016696430790634762
1245,0.007484672482079227,0.0033582630597089624,0.005500886264261312,0.0018076507296315909,0.037757719580680235,0.006134143437054576
1246,0.003315746096551566,0.0023579328416840645,0.020326431024023664,0.005626491624817766,0.0060927199904723325,0.0036602720866843507
1247,0.018541423208180457,0.008874320735910223,0.004726443445717641,0.004787483969615178,0.009255938910100446,0.004772231145045328
1248,0.002030253095335464,0.006191961740696657,0.20221126357659708,0.008334951425494156,0.002885541457747402,0.0033336555345059213
1249,0.016474961352565504,0.009958234915549589,0.4908715744517615,0.004189611476467827,0.0029963269205746435,0.002127583796754334
1250,0.009658744071882778,0.003733329282542611,0.003510616060581695,0.002612558233293036,0.003727281396446735,0.0026342505794068466
1251,0.003164953230527868,0.014534372458483286,0.00515503482568762,0.0031345650361132324,0.010659628942376055,0.014858682957611667
1252,0.005511683989980413,0.3600177039861072,0.006127667296059276,0.005680695001491947,0.003681754685200335,0.0021966477917279266
1253,0.0031160246623414506,0.018716667073181988,0.010049160271193305,0.003865551684319538,0.004365604502526501,0.0014773317652475102
1254,0.00294377448879482,0.010515923424837365,0.019275412036385445,0.0024165585707337945,0.006933339084529354,0.007324503582443395
1255,0.011607080511991996,0.003915641625514147,0.4741153716722248,0.006304147273839619,0.012297876884206181,0.004970246998827313
1256,0.003699532521640859,0.040197126278462544,0.009293685439560424,0.0030191802166514054,0.0033666215786975016,0.003175913017434245
1257,0.021872679445486286,0.006403984751898063,0.4937470956778976,0.01660792766515936,0.0026977306968640428,0.002843820738007338
1258,0.004766334283230846,0.0025389972648326904,0.00530077633526616,0.008181200318260654,0.003764463378055237,0.005290133075249666
1259,0.005629312471919547,0.008730764727173136,0.4134422330906103,0.006029282883180333,0.008173315003981005,0.0025380494353623283
1260,0.0036379353429446194,0.009065343930424291,0.01836463125817752,0.003217752366297822,0.003571511151884739,0.0023575638243639374
1261,0.0032899677323778194,0.005848084833919992,0.007301507129787066,0.017176425811068305,0.011454929199087884,0.002692648446701971
1262,0.002156252851007031,0.002732378828824522,0.046748125423015575,0.004265902196122095,0.006412165601321947,0.002797213931963038
1263,0.0072607042792774395,0.6674001966485711,0.29928939820413303,0.0044425706393043446,0.004781886412601625,0.0027361131103622507
1264,0.007342160092633851,0.007789468190497678,0.03879660549489766,0.022993598177470216,0.004492156746908397,0.007034684279795241
1265,0.024304962128026464,0.009158404132767601,0.014929653803424417,0.0028691499684462417,0.05024925695062769,0.0025921066282951497
1266,0.012101420360044595,0.007217317991206902,0.02079322507820544,0.0016739385232186444,0.014085844510222776,0.011429065969878478
1267,0.004073730571116644,0.010759343195352747,0.010808127032822757,0.0020504128139452113,0.004307423302672906,0.0029450150806737633
1268,0.0038975139476345555,0.00808827180676764,0.0063824317886114566,0.006936657632223767,0.004235551251531271,0.0022734959929431643
1269,0.008063093311558477,0.010336099498535463,0.005600466190162259,0.0026608131403126796,0.007666402070595976,0.004035889583014841
1270,0.004971533340981071,0.03545861348081058,0.011888333814568814,0.0029108047546675293,0.032712318953473485,0.002401951478914949
1271,0.0033610958619482534,0.009389548379660387,0.013193245548630193,0.00679529502725713,0.011125534633155956,0.0031030151409314984
1272,0.007626702804081706,0.014759456122584258,0.005409390070666663,0.005539768342009665,0.0028566088704963443,0.002872989434666752
1273,0.0061498407950606624,0.004799938057408602,0.4551199376936942,0.005924708607713323,0.008764940960414509,0.00330796368653721
1274,0.12042681878196612,0.002746846857039465,0.01452962000479959,0.009863704403383565,0.0029306909575158766,0.004747657445543957
1275,0.0060578265236431094,0.015597920525288673,0.014171536519021179,0.0063232381015307215,0.009156156381752371,0.005184986746279863
1276,0.005708538228542933,0.007487518623648781,0.01766069512590569,0.019257029316329964,0.0024122201508285134,0.004330903898507144
1277,0.02082049098854034,0.004050911391885681,0.008496478221964386,0.011681863647498313,0.0029739274091813424,0.008127512916953865
1278,0.003869558406526267,0.005383196282892296,0.5263799830131738,0.002385849569531544,0.004599659298237218,0.006698426469729768
1279,0.0032529091578118543,0.007349675816473705,0.0516321455495364,0.006740465495280863,0.008780601540840248,0.006787017585806642
1280,0.06674605033956478,0.025127987750342036,0.00659285587383366,0.0024082158190016946,0.002511172107808909,0.003546288981809641
1281,0.004127239880740593,0.005178787997405446,0.0051708488579704165,0.0027777973433862854,0.02572982444806948,0.007057774299645485
1282,0.027682412268798567,0.024853806656305575,0.03547918394556752,0.002715413452179286,0.013193599282873707,0.001684280951621927
1283,0.004646546725669723,0.011465839238075638,0.011299559899657722,0.0023133136658831993,0.022567522023850452,0.014523927496318425
1284,0.0053623627041921,0.0029344896879213486,0.004437997456598344,0.0022307415693995094,0.007580574657693959,0.00859278426466297
1285,0.0021689481239507194,0.006120223186907908,0.004154723028312202,0.0022782475152729044,0.005090218359831134,0.0033737382279240297
1286,0.00748054786384413,0.0048245706998931515,0.008511248408911015,0.0021863879632971943,0.008914499984575464,0.006932027049844564
1287,0.004931014952843618,0.20297845688618354,0.5481409295189512,0.002200409682694941,0.008538847912614016,0.0020229894658055545
1288,0.046687263187784864,0.007448653692426675,0.02241929794930643,0.010119208306577122,0.004380940682812867,0.0028019905786479038
1289,0.0025247151216392363,0.010710490971445549,0.005417448964481436,0.013747424216943468,0.005175472857206197,0.001657471970207904
1290,0.06722444063700832,0.015095341269936283,0.0670224118638976,0.002422638160238593,0.01062751990544736,0.002241433887790887
1291,0.0028731871998858498,0.0036629883600583306,0.005536192301541427,0.005592204853312966,0.002735092502790665,0.0031192187620093233
1292,0.0057038395404079905,0.013633818280831515,0.05146146541460878,0.0020336537430500853,0.03850112741114553,0.00906094178440438
1293,0.004053796185657314,0.014631236787186738,0.009765548705791693,0.007484485819644767,0.004520402606442087,0.002347044966710252
1294,0.005369503486989495,0.049090152905580726,0.00835004420550354,0.003978825642351283,0.004695096825647708,0.0031024880204703485
1295,0.004365136950660539,0.06410355734512936,0.00718357280282722,0.01089883225678731,0.0021470664098975864,0.0017884166899521448
1296,0.006506162990767347,0.010090645016816186,0.044340216283250425,0.003933324565646362,0.00632808120333751,0.0038899488660692036
1297,0.010615819087146601,0.01328205544011196,0.020916704412254173,0.00650370647348431,0.003705174362087369,0.00389836200281293
1298,0.0049221430152016285,0.027680603988549927,0.008839435857729458,0.005910124993858672,0.004962021856455579,0.0026056259987216734
1299,0.010204523498751545,0.0035510297199803594,0.019610401730099022,0.005118456345396942,0.003621614816311376,0.0029966761809465045
1300,0.004792963944686759,0.03542671736368198,0.004936794466615033,0.0057592168898021705,0.00553270809552569,0.0033928035440891425
1301,0.009774677302781734,0.05279648815582687,0.01409756803851827,0.014061409784141613,0.00768443068393172,0.004636868549249672
1302,0.0039051168312176105,0.0030471208791169255,0.12384780035829947,0.009185462922334787,0.014553433232669583,0.0030095713569340374
1303,0.006245372730035215,0.02848803279332276,0.49094855286641176,0.01576747740184509,0.003731047010085508,0.004260861531974946
1304,0.003107464380332438,0.00399108955479187,0.018178759789193744,0.002750649792971143,0.004667524573637809,0.00204557611505479
1305,0.005953987496766084,0.015267342535272718,0.06707867563256774,0.004074093777631077,0.00834316240820889,0.003041784106170635
1306,0.01042990833740053,0.011678710082684974,0.003387421204510948,0.01631846099557584,0.0034508241639993747,0.001780035046096935
1307,0.003821636706006097,0.014565862649428043,0.5372833350901752,0.008353270245670003,0.006050618149820438,0.0026024777202099682
1308,0.0020329891514149394,0.2922903834536391,0.003996998244720349,0.005692222354222915,0.005982182792731361,0.0030271616588920104
1309,0.0033557999126034243,0.010773007487612275,0.06397807313156559,0.008587358795436132,0.0028359676403410324,0.0038156800718995463
1310,0.0068957270772172655,0.03858666546739212,0.4360171567475379,0.015149190899058463,0.0018899288079007757,0.0023717371016742147
1311,0.0047991804760913635,0.02028827781133346,0.2765235664859393,0.004755811295460342,0.0059014293308437965,0.0020030295140076424
1312,0.0030282497635410314,0.019967386653089086,0.012877941768728382,0.003745202758342868,0.005329924587397024,0.004176289831870989
1313,0.006234713683431848,0.00852728937713656,0.4069923679734214,0.002736528641656571,0.007467033679436691,0.0031958147608465394
1314,0.005284066797014025,0.005935100587818681,0.002581991898550573,0.0038645931979991543,0.009240109597735208,0.003428218292869285
1315,0.003774365436477102,0.0031519214715376408,0.005919370753630873,0.002470368639989687,0.009757220132112387,0.0072065268307999345
1316,0.012217585543410578,0.00982519975386467,0.019766255754942695,0.0025133632838236306,0.020456062881713817,0.0029222419534083283
1317,0.01794106859612668,0.00262881747591615,0.00783824941041347,0.022623973119033074,0.2689686423426869,0.008438656462767655
1318,0.013583872023805831,0.0069719272280467865,0.011832869267708754,0.0034482040024008355,0.02294615799952286,0.00776189638664084
1319,0.005439378398685461,0.002612212664433148,0.21373269736135841,0.006026794258975541,0.004257938798790335,0.00265647260473791
1320,0.005278136256433216,0.030287942402068342,0.012287654255869335,0.004828806329836858,0.0030089507325384594,0.0024535824073976444
1321,0.007067886461231806,0.018803826677874808,0.11336052653387248,0.014738011009501447,0.00800328395577499,0.003229491282580878
1322,0.0024717142945176918,0.0033675150898179883,0.04718984404934734,0.003415990466511955,0.0210901878733809,0.0029487219167667698
1323,0.010925965697573084,0.14067761410196944,0.38362354380830904,0.004784027589867301,0.006051118666338492,0.005302978613304677
1324,0.006265146831598086,0.005862608166995332,0.008638244377043537,0.0027084363353209835,0.021413705389910415,0.006873376135610051
1325,0.002805957498284172,0.009010103669135086,0.0057169931182330085,0.005675702573035196,0.00438766682963191,0.008732712880980674
1326,0.002629384496813101,0.306804273537815,0.00711502412885875,0.004528116745046707,0.009698848632113198,0.0024682406904131854
1327,0.004301463130286287,0.0039022239036894677,0.036370854716168154,0.0023719818401508287,0.005310238488095933,0.007544922321606851
1328,0.002896619715025511,0.008754318336143239,0.010221343776121626,0.011826143959972647,0.004836932809313244,0.005391872653086782
1329,0.00898547404543613,0.007097874897720888,0.3340738619812554,0.025745460868158695,0.0054220971456732875,0.0020644446054374392
1330,0.004668910075762732,0.014478327156567404,0.014445864107440708,0.015225200350728812,0.0037722368967833897,0.002357846849135324
1331,0.004748142054238517,0.005657322672599158,0.012425939087377848,0.004476066299427443,0.010249734448227892,0.0034360416565120734
1332,0.005819350733571964,0.038855811407577656,0.48471698501698146,0.002853512289525328,0.004467041954561478,0.003954026561995606
1333,0.04414431272579607,0.036482190690740435,0.01326665466039791,0.003993968963788375,0.02073528796291513,0.0062295356963338
1334,0.00971405535363092,0.005113236593835907,0.007275997404439435,0.012394437452960714,0.025905988683734497,0.0028717777168452427
1335,0.0028403185587083306,0.018595899002670384,0.3387396113098893,0.0023915992729209986,0.009055706594472598,0.0027891056155653514
1336,0.005629273041479561,0.013910067174559044,0.014640888488771929,0.00450503364581537,0.004863712051413236,0.007510127557843665
1337,0.002457660702590856,0.005200869885788348,0.02814395839264123,0.00331358150007874,0.006606029768304075,0.0038340945700591714
1338,0.010780951049501233,0.0055632207634962235,0.029063399095075874,0.001740289076679889,0.006885153129593967,0.0043134487926512685
1339,0.0030057157230389316,0.004434821609761361,0.03665462895816689,0.009574868305191693,0.0032860996882278968,0.001695133718890279
1340,0.0060396054454912446,0.0025487524551094255,0.06393518589583039,0.005423312016943475,0.0030127086712972845,0.0035474968144519827
1341,0.014422046168899756,0.006468123399217466,0.01525505432619312,0.011066816429991144,0.009232500914595642,0.0041467279819979224
1342,0.0045199003509333,0.0054579736102888495,0.003727795849220345,0.0023906341492969416,0.009923268110850921,0.004697010525834009
1343,0.008597560150391257,0.004427613960451405,0.31140449908611895,0.0018628894492388336,0.018946582432254423,0.004045286467364989
1344,0.0028789555838649016,0.008068616930068086,0.0043429019835192545,0.0033326877883818086,0.0058117086875114285,0.002538880446110569
1345,0.00965283899252938,0.004488811819513715,0.0339821671535392,0.004126465264724231,0.002611260662115029,0.003772489121932727
1346,0.013902300504139325,0.007770732969766238,0.007557061338422446,0.0024409620992440445,0.004706801332267458,0.008538930073599103
1347,0.0063143116736321045,0.01975221866284727,0.021678265236787626,0.00301400181173951,0.007236037669384939,0.006478237176866545
1348,0.005513754892968324,0.008039112848775561,0.008932808502458086,0.0030817844809345432,0.005124493692065653,0.002497002298274786
1349,0.0037345883728097462,0.011261161269109162,0.008679820510815214,0.0032099798112609147,0.0067867321255027984,0.005825553000374873
1350,0.016028717170997447,0.03522451690771919,0.011353664531858437,0.008089847033545927,0.005982764736900611,0.0034244677660008552
1351,0.017396193834019275,0.022574724548217514,0.012268296415828928,0.005981740066580357,0.006010753075985732,0.009362186308809741
1352,0.01931889746993257,0.005959076375180756,0.3543152308448879,0.003614910462016533,0.0026223691300178717,0.0032757908941183746
1353,0.0075228494338459035,0.01844477507425417,0.045035528656596546,0.004115458015901666,0.006456570143504347,0.007220328818874489
1354,0.011847435037944559,0.004743958760833696,0.407573871434499,0.0023786920546848903,0.002565670045132442,0.0063735516610063225
1355,0.003398642209858136,0.0034078099364825724,0.010024193464904626,0.002250619849810337,0.008933577866209637,0.0022178055175221985
1356,0.012632947374051039,0.015329930952009813,0.012140878719255855,0.02004815745871566,0.004051419807827699,0.002610104214970545
1357,0.02552916737050247,0.005827407366753377,0.013225645000476093,0.003072189901763943,0.011032644733721439,0.007883415994644552
1358,0.0058021670082398,0.0077483025801619865,0.16209616276554134,0.0027208727771575463,0.009649784562367054,0.00281210508901557
1359,0.009626831623168249,0.004951626196689308,0.007230104996027413,0.012543839964057049,0.012582090770958867,0.0046783229879559605
1360,0.044572107223292294,0.015994471898747965,0.0065346717673842245,0.01706794905867322,0.003669910468263594,0.04932196520747129
1361,0.002495845461925095,0.002325489324327094,0.013561066614564863,0.004238073454151243,0.005560431860880848,0.0030054227027756864
1362,0.004405326753103311,0.0024950046424130723,0.01650065415105206,0.002231145618920643,0.005599582106719313,0.0016152765915319184
1363,0.0032434226747282613,0.014722602184446152,0.00774244233857867,0.004708739019511073,0.03523274324736699,0.015151622526500498
1364,0.0030342244573403174,0.018280084478110997,0.008104329426874354,0.00620717890832856,0.004093762507352499,0.0035185927728115193
1365,0.0037972075361394483,0.004277612152403823,0.4978650528449229,0.0041088459239810955,0.002165559653858718,0.004237434245610332
1366,0.028504729202773405,0.016358834699622196,0.005981486676829776,0.0025750703162568498,0.0030568410680898734,0.0026598349232317994
1367,0.0032915702088875012,0.008759582763767777,0.005520629678448505,0.008701078185227366,0.03439108327424731,0.006146534072948913
1368,0.0030304501392666204,0.010461414445642818,0.010603824221357189,0.005942408358079162,0.0032607573257321947,0.00228676432175355
1369,0.0033435221712479193,0.003679441394532991,0.38022829390896284,0.002535404255363308,0.003976645767657006,0.0035198349662380903
1370,0.007232645635778291,0.004496680682509892,0.01704110070006062,0.00306618562895119,0.004068230806562785,0.005804285843216043
1371,0.005119325080168306,0.00464672905443408,0.00952819535430271,0.0051342439812079406,0.003727079918785863,0.005461475470967462
1372,0.003862481555032246,0.004056045209715604,0.05320841526467932,0.002810565709638954,0.004346754930084573,0.008333184396549417
1373,0.004896102480724552,0.009647145455206313,0.0056283510238275165,0.0041495295213848545,0.009795525258789893,0.005874944193671284
1374,0.0037208520606173013,0.005325892474307798,0.008607491496717551,0.005402197364170634,0.012135236639683042,0.004271318082409545
1375,0.006289106299234185,0.006486660780559231,0.01931381927327144,0.010463545103048038,0.010782724291231538,0.006042111857868343
1376,0.0042069719744114355,0.019804184772799185,0.0031378542491684973,0.0035275236630345325,0.004977215601694453,0.003782322069079944
1377,0.007809894904484343,0.010868958054631797,0.010981111920152437,0.005092092575483876,0.004174806474315872,0.0030490329149650084
1378,0.005479850203771413,0.0031994992236968646,0.012110315318319803,0.008986933834302947,0.009197358639228749,0.0018032990067395355
1379,0.002625346444214582,0.006613113089872218,0.007674684203760389,0.003000361068728298,0.010824122544800634,0.0023881214240715726
1380,0.0037991525396414883,0.018196951964530035,0.03822673768296397,0.00408040216102227,0.13025385331451136,0.003133286954554942
1381,0.012714737768946582,0.007571571182946473,0.35731220692630294,0.004580128472757941,0.003498182974948045,0.004232863628579434
1382,0.0034375338426426857,0.004586464511310704,0.016597009624415765,0.020717238642409132,0.008296341513789461,0.001827047823710092
1383,0.008633164302081381,0.012131742413586064,0.01246591249385867,0.004874826794358241,0.008586458337857423,0.002579004884082238
1384,0.004158220035052942,0.006319896964959471,0.024039010636034364,0.007222841181558866,0.010013582038726399,0.002298971052303011
1385,0.013931854209800159,0.01655956708987341,0.009129708076507034,0.003237382722986728,0.010997335507328052,0.0018481387919484452
1386,0.010562036572470119,0.006562734865630759,0.008639802390505697,0.004442828408385695,0.009792311800634234,0.002954591668077429
1387,0.0022588067245775346,0.0042773086956394875,0.007510867455447203,0.004504203333411763,0.003266475703717503,0.0023066441754904235
1388,0.006368465000203611,0.17075022713692353,0.09698546992206535,0.0034205319735839505,0.027594996811138202,0.0025720619063803393
1389,0.003980486763676098,0.6143615366652863,0.004770085062635596,0.004769173878578319,0.011757106042388533,0.004923946830420278
1390,0.003960445916782571,0.44494549847066517,0.003812937257599359,0.0077493796080762576,0.0027735186107485975,0.0026648948774237917
1391,0.00645949676073483,0.05216617236295067,0.14081388689353222,0.002303097519046231,0.010607540106777728,0.003935738071113387
1392,0.0036376541457224573,0.012334335058892644,0.004468044476353438,0.0065324781123805905,0.028159541537965477,0.006808903464201328
1393,0.0030133409000370074,0.019173632704955305,0.24529993139524559,0.0056361409730590305,0.004395737065923142,0.0037906297580802715
1394,0.0044296602828813505,0.012202046037827754,0.010241925980875565,0.00605627595309424,0.0030720915484241584,0.002047510572107983
1395,0.002519457781647392,0.009560489327542346,0.3993349895164651,0.004059832758557126,0.005991423800115814,0.003347828695516953
1396,0.006382189806443627,0.007685096082406354,0.5027641416416575,0.006628376716738377,0.007822713539069227,0.003936756482431624
1397,0.008177555749289373,0.017131208907823277,0.020484947772434373,0.0019935855682275683,0.011304430907795367,0.011817170341207786
1398,0.0061666629086731695,0.028871545991831327,0.04578651539887006,0.0045094785807753045,0.004949735741696087,0.002934792910693618
1399,0.0027798458215188226,0.007504630587521862,0.3553629481404002,0.01675690474457427,0.005431412763733134,0.0016501262981051933
1400,0.006547710830906225,0.022086539579382985,0.0035300812026972743,0.003958696485821099,0.003484347493374142,0.0016418876505221067
1401,0.006693584072560092,0.0021195043079506944,0.008311983781265696,0.008031388720016183,0.005944992612857211,0.003087333781988856
1402,0.0024694351203929385,0.012619806512989409,0.5896072677010588,0.020319558471042647,0.0023129046590381857,0.002751538585007089
1403,0.005799597681284413,0.016750047231266246,0.38427744643776035,0.008137064169550314,0.009911991228263075,0.007071956554813504
1404,0.005939719298767811,0.14584678144315463,0.12494353460422085,0.025067492375717707,0.002378888944634283,0.0017373084738878505
1405,0.007920749196438079,0.00428831587888634,0.0053479606933876335,0.003120335638031274,0.0034126798046045514,0.0022355099816311853
1406,0.004695702816333538,0.01026762766420377,0.293327220162491,0.021301157486734064,0.009885905097043552,0.004937585031227441
1407,0.006814023135416828,0.005581787136614593,0.06596184186497572,0.00805350022701731,0.020334315888290808,0.0035621901274360337
1408,0.003756287867841111,0.011956260095213665,0.44953156740516054,0.0073409585067017655,0.008354720183852173,0.004246238088263974
1409,0.0037746214827954756,0.015533033974952962,0.00648689756260453,0.004847582219670834,0.011064855852754378,0.010259036449488706
1410,0.0046723771624176584,0.03351051111224742,0.39132939773874376,0.0018677958710426065,0.028860502381673793,0.004516869626302185
1411,0.006959606049129689,0.006517463356259527,0.04546649993691887,0.0020993592861731207,0.049099001394821935,0.004263855911264791
1412,0.002674981539457766,0.0035862111067475,0.014755533517911859,0.0023605527598891604,0.0044922197723769085,0.004429452494516363
1413,0.012049256336846819,0.43683972198490123,0.007697755396334018,0.0018406294441029954,0.00878147789871044,0.004230631028793639
1414,0.0017871618288551835,0.0034689467809758423,0.008805690599261595,0.0025817301803395805,0.0057376340593172925,0.0021962921676568353
1415,0.0023993603377632936,0.0027590581941053433,0.014692126487523584,0.008163728925815981,0.01042563187725939,0.003245539449716262
1416,0.006751663850563098,0.005169071965416236,0.4014643416065846,0.0029505510333446496,0.005450731104379694,0.004561669328397318
1417,0.009540418327576254,0.013159631125670325,0.005063823469394764,0.006502588672423172,0.005102718649454257,0.0044232393655763225
1418,0.023810828365866087,0.004111875020143651,0.09970414287578108,0.0022988094928623228,0.005493552642491812,0.020530034537674918
1419,0.005267483453910907,0.006909302720699621,0.005461708122088792,0.001799484085032493,0.022159430496139384,0.01038014330638744
1420,0.014814443658383233,0.02289697104446944,0.03211028847027392,0.006997979504220743,0.003320058623887931,0.003979515211518913
1421,0.004642474074983373,0.007117308087110905,0.016746276293491066,0.012004799200186277,0.005944507701680831,0.0057715783234168665
1422,0.0052173872463961955,0.00557899953760535,0.004916808475636986,0.0039949538601259695,0.004415689301848035,0.008423792792252298
1423,0.01861210856970266,0.004062270078992756,0.06921213911266724,0.009673808739518692,0.009944318512725758,0.0037548898945166174
1424,0.025478658583118846,0.005290600161748851,0.04586559698419586,0.002244041203542504,0.00972427464789494,0.0030651884077931933
1425,0.006352207893122435,0.0038717540323268307,0.040111988435429576,0.0025072705245054276,0.004065630691243234,0.004010799261385583
1426,0.007359751751565142,0.0040948373494658795,0.3692264690481178,0.004428330524608954,0.003991931371207432,0.0019530820157829163
1427,0.008170948935739043,0.012927499849956937,0.21361192566551007,0.003739224595462836,0.004543624037603536,0.0029980788611483253
1428,0.0045759750319081674,0.038956758668298154,0.47483985781562993,0.0034708214083284984,0.003840688266660094,0.0017641578272328087
1429,0.017957196134844214,0.0043355066063894086,0.02050776719062957,0.008157722394370487,0.01591330270751231,0.005878178095471808
1430,0.013400670890380061,0.005838917728584677,0.0045044114792581955,0.0020539520296063937,0.004448982216849083,0.0025360214742957575
1431,0.0026005170767349436,0.04562393342478406,0.17762777239431546,0.008429009423804642,0.0032249562487067676,0.002491676853129901
1432,0.005547749409171108,0.05214051508982271,0.006896865976125703,0.0033876775378807096,0.014483687341685307,0.00825411971833109
1433,0.004389644387473259,0.006850019838376156,0.3441280973372482,0.005579235293078373,0.0683183360956966,0.004442041179976023
1434,0.015838510157217923,0.0036211699575936624,0.004896698160002202,0.002242370021477629,0.006023070304351281,0.0029298940830967983
1435,0.0031169677611542577,0.19761306887407398,0.005749608792659269,0.00849748481666739,0.003020432539625862,0.003952411621408627
1436,0.016644068664989842,0.00315238551910774,0.036423028791412675,0.001574878106100584,0.005635554197261054,0.0037293445318641646
1437,0.0070644943832646155,0.025848356995654465,0.010957529066048228,0.0029298688975903458,0.011944950300139043,0.005343192151076893
1438,0.014214890325062783,0.0030654208016470163,0.09249408040949814,0.006223862924848392,0.002052111877523227,0.0032154141840504673
1439,0.013884326108535497,0.004762519883225634,0.04359483780767086,0.005678323087779022,0.008123240276784759,0.012398776156962717
1440,0.006164106462724663,0.011220729075617665,0.011192754715409571,0.008725255948150122,0.0021114308108256415,0.01799817002250597
1441,0.005081754953262443,0.02987612541586869,0.43043761191486035,0.006249343390899683,0.005219763816523103,0.003571518888940939
1442,0.009071319624520362,0.006100729886636968,0.012530582895948175,0.009479052008263534,0.008982085488205895,0.006464785879107764
1443,0.004429288855460731,0.004077305191265182,0.009625834202023899,0.002993125290018365,0.0035566473618193935,0.0025805476002391087
1444,0.008499922808420437,0.008619938659972758,0.0065830014365906245,0.005634395991567583,0.0031839249315543613,0.002103135368410987
1445,0.0031767396389170716,0.01073825528790786,0.0028154119654973126,0.005678366944223242,0.005200024199323287,0.005215489966025811
1446,0.004036916633191053,0.007373510697629543,0.49432412236950457,0.004737010077317745,0.0036810722575849842,0.004071377067834364
1447,0.0031502358463413615,0.005287505088185741,0.02334224620955632,0.005103709151785984,0.0036054455777249947,0.012562513733312979
1448,0.004896864981649077,0.006205804332570643,0.0177047863927587,0.0022873291125987145,0.0052826337733890266,0.025347677208248973
1449,0.007237667966121633,0.009030435354308027,0.023946659476016853,0.008502136738506014,0.004802228390026252,0.006801470450623893
1450,0.004287254260682394,0.005148270342262749,0.5130701146720006,0.01932762549359499,0.026201521102360494,0.009242448417140522
1451,0.02512980656862176,0.025209478372319655,0.057995347109519854,0.009509302307884068,0.003888356133912462,0.0018725241040482826
1452,0.009709339640472587,0.009254744446399378,0.005191172529634702,0.004046196142288797,0.004802187015297055,0.005061420689919338
1453,0.0072424562851910925,0.012644458323654706,0.012731387501209706,0.011959197818250352,0.0026490041755449483,0.002496034171108155
1454,0.006563681030913768,0.00906041853089597,0.004797735765649037,0.002398874808371354,0.004661949059545572,0.004199148117170872
1455,0.020133879089648223,0.002402427018212686,0.0042732744217240624,0.016982108212019058,0.007520167391945165,0.0024524011749267743
1456,0.011592288865084172,0.005745852758287267,0.010137546230060189,0.005069938737539352,0.009241311004026753,0.00606792218230987
1457,0.007793777409436143,0.5178642134854728,0.009955264985822377,0.005044406720604014,0.0051928889086257585,0.002000653463110836
1458,0.005434483238914549,0.00250353205378494,0.007438736032985397,0.0038899804054358823,0.004880997175973963,0.005927504812202183
1459,0.010684570921383313,0.013281182667880026,0.019445399856373655,0.00603215824299724,0.006498088178792792,0.004940375828282585
1460,0.0032670008891249815,0.07425475487733088,0.009975700192490628,0.005485052871163248,0.0137648920948112,0.00227805610734197
1461,0.03735331455272571,0.009789701003290283,0.0031275149915607195,0.002488828025705787,0.009684859465674966,0.00492519675408094
1462,0.0035474714408928417,0.016819698126086937,0.013860219884701905,0.0035999256232939468,0.017586610403103536,0.0025908696547640043
1463,0.006091774246488136,0.06310699302983185,0.01021621057319666,0.0020623620659975515,0.007770400021914208,0.002164812413709034
1464,0.012575712242537885,0.0041876128260090045,0.004092685231519598,0.0030074210902185637,0.0027285343383243207,0.004044931516973969
1465,0.009838706528684604,0.028456607853673713,0.011865797518640076,0.0024119352812235198,0.0032493369590637566,0.0024776005225912072
1466,0.013292275204352248,0.029606686905887296,0.01076207079974891,0.005336093165324645,0.009252075577719891,0.010579117417491946
1467,0.004481944433318988,0.009009500959232418,0.006953719893112362,0.01247087245502656,0.0035218857087261197,0.0032841158978752748
1468,0.023026561403228778,0.002940360230848586,0.03745605935610851,0.009341905423029056,0.013138079139578554,0.007694791501469376
1469,0.004906737741901517,0.044452235197814764,0.026803950074485654,0.004791248575381967,0.007392585075916049,0.0021840391577893567
1470,0.0027852213434303172,0.38827491632801336,0.02952554133533759,0.008616245875641878,0.005612616207488449,0.013677648282816727
1471,0.0033594094693824876,0.0026725555437671724,0.26538408582579104,0.00527194124354671,0.005250575636680693,0.005330624498341223
1472,0.005576978523531031,0.00434286484759705,0.009040918269073155,0.002059841922180924,0.009250644692139279,0.014740296185385481
1473,0.0036853034576068353,0.008225056239831042,0.00814711495786504,0.007316604642189225,0.0037552809641723302,0.0021570682577456302
1474,0.004614584524067722,0.003522233789765011,0.002930174438546701,0.010278502866806467,0.003421121123854118,0.006416096575500813
1475,0.00802363799561329,0.006857577234105886,0.36856093463276457,0.0024728576565560215,0.00876363554573059,0.005365416222875055
1476,0.0017279762360614252,0.019405751744771344,0.3870927219606055,0.002600483424075018,0.0031813000847917606,0.0031921127545950384
1477,0.003831139234226454,0.0035690245772487515,0.3980019872662704,0.005899562610828665,0.007941565587990957,0.00923662442794075
1478,0.013889645621393137,0.002462403300959634,0.003782975802606634,0.0035718501354272546,0.004529217772773019,0.003218056902306807
1479,0.00804114249542803,0.04647384531384696,0.2562655789636729,0.0029266605513086357,0.0033048806340532652,0.0034611367495029333
1480,0.009372766280727198,0.00499915793609077,0.026137478733973943,0.0016392975396951064,0.029139202282143593,0.010027431780497094
1481,0.0052731065636565,0.003668275592899291,0.03323254755172285,0.0020485637168773155,0.007714097674732996,0.0039253862328847465
1482,0.002381238106276591,0.008092822742881298,0.5452174935473038,0.0024812852131657487,0.0030371622332549158,0.0028008993583320363
1483,0.004537885836459184,0.010391345053428992,0.02059938620621678,0.004152232353967573,0.005654469705383375,0.0043440616411978515
1484,0.003982410519048306,0.030539614696144312,0.029999785455228092,0.003399857387499095,0.01843509624101247,0.005131096610406947
1485,0.003066565081824457,0.005004087748330385,0.009289127190323421,0.002332325162109091,0.008245194077288886,0.011626553703225843
1486,0.017386007361274318,0.0451914207243576,0.16531497079902502,0.006900830709912301,0.02164051578410007,0.005733085806142159
1487,0.0035564856341659375,0.018203055175712902,0.028868904056923533,0.002585266526910325,0.00898939507801037,0.006606920397640198
1488,0.0071822314131752074,0.006183661352599444,0.043493368905135,0.004338124248874945,0.0028847141939479554,0.0025321897686717684
1489,0.01204680298209757,0.4027068102589245,0.048236629835247236,0.003740654554592774,0.010077298804084915,0.003095734345310024
1490,0.006531967348209135,0.00926859409053256,0.08088248840000305,0.003493006676628265,0.006531186008644492,0.005181818531981388
1491,0.017171835178530888,0.003405373697541138,0.021509661695512685,0.005005735141776831,0.003212432591230089,0.0015630563316752092
1492,0.006530378429399557,0.005425565835549981,0.0045021431483064185,0.0064267248016914,0.0025980992109277683,0.003132147236926811
1493,0.007483063737106668,0.006751306947186264,0.00720368409045453,0.0027988113801265782,0.006646948494865501,0.008117983786291095
1494,0.005705318046999031,0.4713352287567846,0.006759205492779441,0.002196370305244848,0.003874005134156801,0.009277658720227873
1495,0.0072512917533961475,0.012275706459231019,0.008949538120046414,0.00180709027908011,0.00383041368132689,0.002093417889504755
1496,0.06785831838819296,0.0041118337472362656,0.006444373783198113,0.006296361273099988,0.003305524908474463,0.0029320106478356663
1497,0.002933444857198613,0.06698468576195163,0.48660761771258343,0.0034348846236925993,0.005136460422354544,0.010352949539870695
1498,0.0031923139893167453,0.007696953812586975,0.04683007731229829,0.007190988204537161,0.004495386152177035,0.00657475668158217
1499,0.0032867767023624034,0.012523896412275045,0.003105825647870608,0.0028140321037901997,0.0037684433202717616,0.002525871676400692
1500,0.004458129367969759,0.02896005420851187,0.008671478781935752,0.0026229084589957825,0.004725112309165004,0.004791698456787965
1501,0.004010171628611512,0.0045415054601791365,0.06683790676639821,0.00466617159905151,0.006857159167617194,0.008537708091042347
1502,0.007512359936583635,0.43491446893469254,0.034191832000546145,0.002879536858401764,0.007869228522987055,0.010346624228483372
1503,0.0030640326353122554,0.008992569806599635,0.00561045386723349,0.002535035741660864,0.003924451696054943,0.004679199499692272
1504,0.003131140936829171,0.008039392217496607,0.32476086122709424,0.009971758638899717,0.024905140855893893,0.004045058910862418
1505,0.0055294187796637445,0.004809991877768765,0.009464848117741585,0.0017142256718106273,0.005695634303604705,0.005643401416227434
1506,0.004485548488672298,0.005470391583538294,0.01601559509153826,0.002831766644809287,0.004693239953589419,0.0021789575647982104
1507,0.0047918823448120235,0.21716993086672784,0.029797039450137074,0.012339910356626925,0.029334832870809784,0.005349835205612823
1508,0.004658033214049132,0.008527143766036102,0.005844965573872807,0.008323609156792379,0.007077602728745306,0.002474643243301482
1509,0.005427748500996207,0.0068540947687997745,0.17138626135617607,0.003637117543704149,0.004153990955277035,0.004320939127841962
1510,0.007701963983418276,0.014781361587293464,0.01569286552945284,0.006291566319286912,0.00486452020291932,0.0035815926991184088
1511,0.010526868968410638,0.08355875471165314,0.40498435432786517,0.0066401006160432445,0.021088989327107587,0.0031502911159181383
1512,0.0033021037717687342,0.03334144161428151,0.0027258861501953183,0.004146570865586849,0.003882394470140586,0.0028876916761655085
1513,0.010744886721357332,0.024316139781745842,0.014162100661018662,0.0026274401535192927,0.0037580937628429348,0.0024362735754291783
1514,0.006241297719509601,0.00841415569700015,0.002429940408992095,0.0031299807220027545,0.0018303192279343734,0.002853322703187599
1515,0.003438779977038191,0.003399588956124232,0.2856321120542163,0.012553250426534518,0.006227937571032883,0.002465236688751386
1516,0.0027892841379986945,0.004480922812463624,0.011509717023837285,0.0038132282828034674,0.00391988753961662,0.0020675167610294636
1517,0.003738159614466498,0.0023716806312093167,0.007315270411173454,0.004070227308399968,0.0028008433808107145,0.0064920896747337475
1518,0.0030224504573907194,0.04567368786602918,0.012470821337269079,0.008528746654922321,0.0017510250809464065,0.0016316500336271032
1519,0.014554815647673924,0.006867328826710798,0.02318410237280987,0.002423879556498415,0.004038422293226628,0.003837299448168313
1520,0.005636582364063203,0.0074802634138322905,0.0063077351688673395,0.0048766200438919325,0.007683638217137973,0.0058845425602081685
1521,0.011000692419102821,0.011305571614396246,0.0329894079214966,0.010990008074231776,0.008348523717877337,0.0024383597165459807
1522,0.024381888005361726,0.008408930225203124,0.00417400526075498,0.0022308536077991267,0.006176673866842793,0.0057151277314796255
1523,0.003337100282136486,0.011835216783407865,0.009886548400348489,0.002598612482591404,0.0036486278423583348,0.002460546292974637
1524,0.005485915483709505,0.009528694268093746,0.003159988095923972,0.004429539230722085,0.0022540226058026486,0.005797401327878609
1525,0.009835926409167915,0.013218957994113911,0.12077736105910507,0.0015255357553228487,0.006050074583472172,0.0015178913090541943
1526,0.007529108165935769,0.010701002736593444,0.1423979984959263,0.0029887796825290277,0.0050784688939397365,0.002785423072407027
1527,0.05356414583605044,0.020678625336472543,0.3280941772900621,0.006317752203909578,0.0027332053350082805,0.0027651674665045626
1528,0.00481300900553354,0.014684163272560053,0.3671140836070942,0.003124439760505177,0.007746861122246531,0.0026436714801502384
1529,0.008473356277700765,0.01403898524330088,0.00920741990804283,0.0040494980590977635,0.003354285493911079,0.0031519200151247356
1530,0.005280665883922929,0.03822092856876535,0.3798838390429926,0.00411123112244492,0.019061050570577477,0.003194980440370832
1531,0.02445571635463494,0.014164014318435971,0.005793053689082502,0.0022916426555176735,0.013138515412543269,0.003858085768784804
1532,0.002976576425017603,0.006538350633499238,0.013163904362125712,0.0033235338681849216,0.010685239649874731,0.002745207630369059
1533,0.009180484662328198,0.004148170291089448,0.013172087127881394,0.002541242274144579,0.0030459511214523233,0.005292907775397598
1534,0.004335067824039225,0.00663716126835714,0.026456878647923968,0.0035958212734578778,0.00830816494876884,0.001937222745027781
1535,0.010095978134228174,0.006203998644987263,0.006057680221427659,0.010201488496339853,0.009086039034948588,0.005144520011414406
1536,0.00310376617059954,0.007685785575856057,0.04173473554511938,0.00242609812224695,0.009908376547805681,0.0035450771454206037
1537,0.005494302336897095,0.009781104834046019,0.008460326034823686,0.005065210647943274,0.00822946353872909,0.007077265835169643
1538,0.0034353690147827997,0.27550318334293755,0.04724503835371505,0.01674158888794409,0.010021737464355604,0.002288680366592017
1539,0.020134286356504896,0.014208236975937863,0.03218705353348981,0.009732389609320661,0.0028168098940281223,0.0017062707770602466
1540,0.005662569468169041,0.005750104625282472,0.007357687725470908,0.004263326794877545,0.004196793756434618,0.0024671013284140553
1541,0.004079865105587469,0.004719360770007763,0.009033122346712628,0.004061537042806975,0.01652735392560445,0.002901723436591178
1542,0.003116146175269258,0.026446819726394153,0.004549676479996055,0.0038214375795766193,0.005093486672824935,0.0028611825235343264
1543,0.007600216571361528,0.005190941217787834,0.04566969177818913,0.0023538523555478716,0.015144392605615505,0.009078687930011275
1544,0.0022179909721381447,0.031112978312190825,0.004824538876347247,0.0028278127115788088,0.0037726471416918133,0.0024996749333317057
1545,0.00779241839255915,0.0019091890809488175,0.15889894620466014,0.010757911104623248,0.006852443715318234,0.0019138334354238421
1546,0.002151685168921686,0.011903417712218077,0.01363067145588713,0.0066191662435151535,0.002563633396759807,0.002431608613772122
1547,0.014425246828572363,0.04174514196132265,0.017365732820029806,0.003878357417536716,0.0024705934650839107,0.002338917298946034
1548,0.004830857133386825,0.007876118589180463,0.011094314808557887,0.0036695622726983495,0.005391035404149706,0.0030428709108328887
1549,0.011392122113548557,0.02818791008278774,0.04303732941600916,0.002051066611822346,0.003364940377552294,0.004863951975979495
1550,0.004638898017661905,0.454026715139316,0.0029651588977066376,0.0028991371604964625,0.004599875121208203,0.005974501454743762
1551,0.010762266077465756,0.06374645208656743,0.013336009194890884,0.0046516933357318106,0.015193370898658574,0.0026568985842428342
1552,0.007788519745255846,0.0035869804109194487,0.015010816349119355,0.005190819515977867,0.004378217239597182,0.004831552763591827
1553,0.01619909923657614,0.013121042989643906,0.006114784015477189,0.014646638523172717,0.003447921265408824,0.0035137970931621776
1554,0.027882882410374347,0.048783030369630706,0.18712018760478305,0.003645436047984038,0.0036183092146045144,0.005990459252642172
1555,0.004346150377487696,0.006235806908179546,0.0064775154335218535,0.004694685578875217,0.004600502890525238,0.0029650257188747666
1556,0.006368399133932668,0.006532299724295108,0.0060672645741788045,0.0038037162102739063,0.007374359737542402,0.010406786234455071
1557,0.013572583628290849,0.007599992524111258,0.010528786627732087,0.0027902312609009187,0.0081448006267811,0.0047172408143342495
1558,0.0180728754152704,0.00457564839177436,0.045045208460826124,0.0026813242652954095,0.00467660968806734,0.004584356760797153
1559,0.005225981930223555,0.013646041751220674,0.2365712948129404,0.0019360233117242465,0.0019836287178237977,0.002717014611497989
1560,0.011186796246171842,0.00689510364874241,0.340699835460767,0.001569818512036205,0.0045948444262917405,0.006545938919854825
1561,0.003533882350353266,0.04268728296663296,0.00932029809334283,0.0015667899175170936,0.011701124407567872,0.0065625192960485626
1562,0.009071262949413175,0.024475558018882314,0.03382294055819422,0.0013134113172684348,0.005870679909132375,0.009742824963310715
1563,0.0034624461364007614,0.0066567442002657155,0.0049812096064614005,0.03249807271402889,0.003021103247572774,0.0017706572527725348
1564,0.002242787640839828,0.009291133655166312,0.024391738837937372,0.003210873186594419,0.008732778916834927,0.0093901117200478
1565,0.003129605105205351,0.04725008142647365,0.5292492948121258,0.006050336754862215,0.004386168813614059,0.0023566525368049194
1566,0.05089348200382371,0.003953805733237572,0.003292933149261033,0.0027469944708848637,0.00696100556352677,0.003575892909884002
1567,0.006159878813330872,0.02163677620382975,0.07147325700625776,0.012558076945207998,0.0028731855976884104,0.0017163525777448264
1568,0.004847757185648482,0.01659779942050898,0.016142386547667992,0.007004105477826488,0.00510572384493877,0.002017987293956215
1569,0.0037821866963465714,0.012232967076198933,0.33480963633613264,0.007425928809439262,0.009120174113144091,0.0071303566875705665
1570,0.01949587533142462,0.008849759132484964,0.052835846820680606,0.004187735341721931,0.006847070707063515,0.006461067623092168
1571,0.002334250085146351,0.005246777043479132,0.466102567981345,0.008641324388530889,0.011719532298399967,0.005241922144972079
1572,0.01802822423291325,0.22908833019813624,0.0038092885445277667,0.007459829583865529,0.02193544781119641,0.0030717773000834615
1573,0.004033882180908404,0.03905363295394312,0.008875105589002017,0.002580235529940123,0.016008977995915722,0.002145722379622953
1574,0.005148783899492293,0.0031798619994677264,0.41864668353757345,0.023676517190015362,0.0028455700028319547,0.004773082852212345
1575,0.0025420250644763295,0.016947343939915066,0.0035117213857681112,0.005913117931157172,0.010536539510561443,0.0032256875534908565
1576,0.0076792643220053814,0.13976852839020246,0.14514235694864344,0.006268152302363206,0.004189312118638359,0.004584822840438463
1577,0.002429895530491429,0.0036997153583911563,0.04251378222145393,0.004211050935494056,0.002748241115810108,0.003973841380541343
1578,0.005548937704366574,0.01012020008758249,0.35391629952442505,0.005912201542343337,0.0021425599981690756,0.006123338448347532
1579,0.011533954764854677,0.03889327627751038,0.3599789298195482,0.0024070157523377106,0.0066859315829088505,0.0034607403016163763
1580,0.013149371022078755,0.009353193055746882,0.009348301069741225,0.002932178177458365,0.008038406338046925,0.004113377643178852
1581,0.02472332701617331,0.005967055928519466,0.4794001380574184,0.007976556879385997,0.006533114326634795,0.00426496793126033
1582,0.006894919729670433,0.011137795453316697,0.4437341509163284,0.007031191375740116,0.008014919620250268,0.0036179773121457945
1583,0.0058876425713142895,0.013636483791629577,0.29847457492901797,0.006244153530073046,0.007919289637146948,0.008799127114858122
1584,0.0034062475335840084,0.004186966935156175,0.008127674266370791,0.008768313737362216,0.007064981025837733,0.0029125177261039538
1585,0.004057613704449176,0.055788988046114166,0.012729919769661856,0.0025344353133491585,0.009725711642116816,0.0032938616916779084
1586,0.0035768403190049977,0.007119952465977759,0.03833412384551822,0.00696027547446188,0.015404979042595992,0.00484475924096362
1587,0.004278387947584834,0.010775524177003852,0.012280581880835025,0.003608472542614835,0.0022364527240003613,0.0021172217207305016
1588,0.005783987746320806,0.016888451740308973,0.0791829693438486,0.008893180561634718,0.00462613116215065,0.003302005329027514
1589,0.0031913598529734054,0.00561955136044128,0.40509328340946965,0.004196290957236728,0.005103991647485684,0.003421912454938323
1590,0.0044743583707544205,0.010172833026681405,0.0363702806636958,0.0017796197769248975,0.00712486651196524,0.003893851435204313
1591,0.011324220489241168,0.010629962205607824,0.060933016630761075,0.009909199425801596,0.007137517009264336,0.0028426321942312256
1592,0.0028026736581676847,0.058324187278060324,0.018892113775940633,0.0031404778988947863,0.006071042512688685,0.0033288420654142238
1593,0.004298732173315625,0.013715758251525363,0.0757219423235167,0.01408195892457698,0.003506350672815467,0.006965372541093292
1594,0.009750701115220133,0.02233619289177571,0.042264572467492593,0.002560703839653747,0.003251921701745398,0.008396115093418317
1595,0.006298597526747601,0.017755052540853425,0.0072670594635798075,0.0038516164744036648,0.0062786032778614645,0.006279820587291916
1596,0.002961347259026767,0.0038007957113917632,0.09138346858208425,0.002156811671653324,0.008495467762266305,0.0028930706340827166
1597,0.004070403834958235,0.002923420710597632,0.005585315461120521,0.0034438922060867345,0.2736276617591864,0.001752076340802227
1598,0.00838285208515959,0.019551869352683292,0.41923730997787845,0.00723342891005991,0.006003232357558611,0.004677727017593146
1599,0.005455047572564774,0.004368819788867139,0.20959935724087758,0.0032781575046250283,0.006044422639829106,0.005412940913395143
1600,0.0043056035604409895,0.015069898687792044,0.14533565215575672,0.004663416937724134,0.0056352669422208975,0.002630756545817242
1601,0.005204941361164272,0.0039058955686372106,0.006687806409691457,0.0029346358868106636,0.005366364980518026,0.008141316485814249
1602,0.0034123639758558556,0.15104199409547536,0.006547452333489887,0.0028462089300085864,0.005310517964727589,0.003886768173783715
1603,0.0035065624266758617,0.007875520672212867,0.037547017321092224,0.004952395144519802,0.010223959301988947,0.004272302115038225
1604,0.004198169665462981,0.004581888107205525,0.0045642383219416235,0.0037645937156897645,0.0051069075788215505,0.010154651472436176
1605,0.007772570862203634,0.003556218097533087,0.4284297867660122,0.007404471752865211,0.004563841482002498,0.003377418471955973
1606,0.004810225768230823,0.020740844632488577,0.01574477213105009,0.002638390904846586,0.0031743549722612137,0.002971438737246574
1607,0.0030127894484063534,0.010461616283086441,0.04187200879457222,0.0025568474384008266,0.00894896897673802,0.0036143532471172497
1608,0.008030485081930622,0.0033505786220423394,0.004632034801981291,0.0067022065694277815,0.0075308789621810835,0.011862713060908662
1609,0.0032437415828179246,0.0063539464154014355,0.13154094231322247,0.0035059122287030725,0.004214264352500846,0.002224179290576581
1610,0.005917216458078349,0.0041865443194899115,0.01890482406139302,0.004916393196065719,0.031002505096620114,0.0022588794677890346
1611,0.005030780975201266,0.007343245486904343,0.017256228788263068,0.002560122405248845,0.006892646178052111,0.005116067769676282
1612,0.004804685228994211,0.0057150968800010644,0.19073999839659686,0.004849020104531318,0.006186036606181139,0.003694453069258704
1613,0.009803586476969548,0.007513024287331248,0.015201288363032353,0.003953475485359525,0.003522488834357189,0.004336296758349634
1614,0.008227533059180286,0.006776674301235229,0.019967014171994587,0.002395188462160196,0.01688721206939642,0.0028150792061653524
1615,0.00808989193510845,0.0034448901990636873,0.04599382452867714,0.007036610684217883,0.00634851171377956,0.0028053132277874545
1616,0.013312092025753364,0.0020870245772768477,0.01134618965876006,0.005301251936507418,0.007873724058360409,0.008722752626454272
1617,0.030477751673665773,0.6001257549952486,0.005734409499805705,0.003148538637823275,0.005683925016350336,0.0074972183653355794
1618,0.003865398498291473,0.019345602670086014,0.01569490457177668,0.0034135119267238354,0.005502053105023408,0.03329778845836976
1619,0.011389443349330714,0.003392075871051352,0.0054411039090121035,0.0035944868096776175,0.004577456217993817,0.005000899395410882
1620,0.0059117044669904,0.009939482674303704,0.3627981376766283,0.0067365145147540596,0.0038124682714647915,0.0026375228884016537
1621,0.0030645391867656154,0.004714665227126956,0.2167178006045913,0.0070915720206249306,0.007639201792786209,0.004085620824728999
1622,0.007588402595893202,0.007335656288660739,0.010290975172291826,0.006972752656696008,0.004177387581709707,0.002818738543080383
1623,0.005151404717072891,0.0075605970118393555,0.004750390518480775,0.003088133427055418,0.006312101234587423,0.005279562411212796
1624,0.005659910827359668,0.007093907990147012,0.008483929502309433,0.003367596255457613,0.003495163623430063,0.0031878905257743716
1625,0.04991023211927032,0.011157646656009216,0.0040336464255252905,0.0023272831979080397,0.008348288009419115,0.004141210017273421
1626,0.005536269270150031,0.00795098691272312,0.3322088468196902,0.016599696377546855,0.007114935934305616,0.0025456337532094864
1627,0.0034973788586456864,0.005267982319013037,0.010025810932556988,0.0031980837419066693,0.005623033789865367,0.0030619160999118466
1628,0.004810229678968738,0.02084504305001777,0.020879940663007863,0.004030323392335116,0.004376549344084633,0.002109026051150463
1629,0.005485910262193233,0.008003087394158734,0.21489231756673852,0.00596706260143956,0.0031306192115952217,0.0019850457866102096
1630,0.002947851476790823,0.012548833476961285,0.007613059633930037,0.0034170755459941612,0.004409864801534182,0.002488984322519012
1631,0.0076962169415239895,0.009472428672717257,0.44441807203690187,0.005685010855198831,0.00442821993424828,0.0036085191812231664
1632,0.003150839324833363,0.03047679802196487,0.01293370659646585,0.017290892573960166,0.005214466870719636,0.004740045326636391
1633,0.022904044743900925,0.004651939076274071,0.37539814731188426,0.003683500091287507,0.011730270676488914,0.004274986036536951
1634,0.009776204550384585,0.010327433920908556,0.006146499019687388,0.0022302450927775804,0.0029103607026326043,0.002281929374654061
1635,0.005640675780283811,0.021483022856250544,0.006896017138850701,0.0064904700940984165,0.005282620848894857,0.0016633499768080645
1636,0.004452596115928867,0.006144477099541169,0.26996199334352033,0.015765540982650577,0.005595654384541715,0.002878258439559767
1637,0.003150513693705381,0.004961439360455839,0.008058674986059867,0.004398930894906589,0.4472369814125404,0.001980422054662381
1638,0.008863030321763627,0.012297744104338544,0.010538398981341074,0.012318476458667299,0.005209543232095528,0.0019140327950163145
1639,0.003662020321097714,0.6030117717602493,0.015919860704637644,0.005282412812464084,0.008840285759745388,0.0021559606843631492
1640,0.0030930828137075528,0.008109635346987687,0.0112970183707223,0.014197788048995222,0.009368004327518067,0.004749757601973371
1641,0.006446236828752648,0.007928924607002289,0.5739958134896987,0.004411077642206253,0.04107492530813989,0.0035191938936642037
1642,0.017155029986070495,0.00738440120688145,0.007279723246106204,0.0035640478910871245,0.0031654326920264268,0.004764304668287375
1643,0.004110777934606586,0.002985192944827168,0.014995779223527258,0.003912287891737988,0.004140764457259942,0.0016825771730400103
1644,0.003902229480963697,0.056206783416939445,0.031566210414502895,0.0019063912236669215,0.006237252474277475,0.004576937315815118
1645,0.004747236706382727,0.00780484162647624,0.006119194789250564,0.0033161052064453007,0.004632149698292956,0.009287692163995477
1646,0.008678688382554383,0.011075910131030887,0.29589745308484583,0.003548350237637783,0.0028614941336660097,0.0034141978006671757
1647,0.004246162392376934,0.014330728955376766,0.004129529344272086,0.008547846004778975,0.020162835901819283,0.006938885192929905
1648,0.004472269126157483,0.0030248930344712204,0.0026433288363341893,0.006719456348903407,0.004949479340222775,0.004594280594020708
1649,0.004307604896002807,0.004708459071405697,0.007799384345455186,0.016835171859435723,0.005977993159468405,0.003183627027048805
1650,0.008919094509637791,0.011689562341211312,0.21867234632696572,0.0038350757817936813,0.004788657803228067,0.006440341715747494
1651,0.014608036802303237,0.009005126302682702,0.033683685814354165,0.004668535551299431,0.009307555125449254,0.00406025930882572
1652,0.018113552053445198,0.6090083534354047,0.01697638766168693,0.0019466182314895086,0.008013945494046508,0.005273151382620602
1653,0.007047464778889913,0.38828657335012773,0.013489677923486211,0.002399514627663564,0.009737725510243008,0.013343619019020887
1654,0.004440081251815549,0.014809192114813314,0.01106012492616621,0.0026458380226504997,0.009974109078993614,0.0035291903414767347
1655,0.0079041598739601,0.003985172508269517,0.09555474159499146,0.0029182546376356677,0.020352229601461106,0.005667906044658264
1656,0.006778708530941549,0.005742502303150602,0.011852711085977803,0.0022272296383007016,0.007367566899815494,0.004650411956357154
1657,0.023425188480532225,0.0034751115348947213,0.0130919410154052,0.0043589787638089305,0.006468613020704306,0.003458947220836156
1658,0.003294882291461482,0.003839577972533272,0.00804801143477639,0.022007142827192967,0.003417886351514748,0.0030716710530335864
1659,0.0022004760660579805,0.01175007110056063,0.37365543528848577,0.005068102758928791,0.004645916374539969,0.004260044623323145
1660,0.006945800096843028,0.1374782344178933,0.14225928370207425,0.0033631096589619904,0.0023798692827033483,0.001574268073442815
1661,0.0024374764248298103,0.011086841449298277,0.009829004256132187,0.002724739200369672,0.0034126714014234296,0.010655295886168807
1662,0.00851073184411967,0.01764530417452639,0.008973431162705938,0.024872169588335206,0.008660654360898726,0.006555921751932071
1663,0.0038833268482325197,0.008991498230098132,0.012239509359515255,0.0024320593483270806,0.008706292702603192,0.005529341990224161
1664,0.001836673253183746,0.014243585978798722,0.494879100497864,0.018263952373768214,0.010053797277428167,0.0035900855899885903
1665,0.0042068515086879695,0.0057611101490557814,0.004521096300195707,0.008249199239670714,0.0033733145874399162,0.002210085836707632
1666,0.004046173614358425,0.009714191155170703,0.027570573561285974,0.003532763176973379,0.027706022538411135,0.004393659249121622
1667,0.008453642305565737,0.0052583607534490845,0.007887869164461369,0.002472956495891087,0.003477690463107998,0.0018471814844670917
1668,0.027280697615212228,0.011860477318521053,0.005977028776979693,0.009079664934183704,0.005396136717933281,0.0031305139242297944
1669,0.009565542446104518,0.005754385073504465,0.01003150630703591,0.007639142547301747,0.004222340887087615,0.004475975523758299
1670,0.002766751101618461,0.06561607243072723,0.002953701676080707,0.010807874254649463,0.005769432121520194,0.002758947711733485
1671,0.06354083532028033,0.0054693087117652864,0.00576978987262088,0.0035881374748486074,0.0038349683469542533,0.0044783762708347705
1672,0.0033890521232923703,0.003264973785696916,0.35809853246529344,0.002988463769142083,0.01098720555178596,0.002927376868284784
1673,0.002421714325618149,0.004421556453189481,0.058910461070604624,0.003788651982548127,0.003167203968376194,0.004421157311275697
1674,0.005115444494095148,0.008585501561360422,0.006740381233964834,0.0027884889527548347,0.0035956569804985153,0.0035613936674038166
1675,0.006437551089743684,0.00787956161957329,0.44232673147733526,0.019149313062398702,0.0025831163501824884,0.002018338965693382
1676,0.003928331473403949,0.00530230890422885,0.005570271465643362,0.005255315760664763,0.00464203268417372,0.0027826401040353128
1677,0.0027703434613010913,0.019716135809534397,0.012495240160561433,0.03688091484686358,0.007391576532105103,0.0027607506265084274
1678,0.014443074494488183,0.01485827290251716,0.013500348105975182,0.010192033907881539,0.008164093725450608,0.0026015131993177834
1679,0.004804380240163182,0.45535673075916294,0.2760411675277871,0.005501808618572906,0.011846529371096731,0.002595722839241886
1680,0.0026795314648218713,0.015615338480297574,0.003829123477528779,0.019990953889821958,0.008217194944045316,0.0023982648655539703
1681,0.007677996425617714,0.010831661483823328,0.007025117826862846,0.006285731712443543,0.004327407419349551,0.006192665030151386
1682,0.0023233244630683015,0.006118898693418337,0.012970587552615676,0.008536246140036122,0.005681143851894534,0.012571038189407037
1683,0.00900544124620405,0.004306424849204911,0.003171388023890043,0.008020251429374474,0.0069790862216580415,0.003986763084082929
1684,0.0036229267905381712,0.004520934195653639,0.26019160088573745,0.002045052853808217,0.009759813041557501,0.005834191482677014
1685,0.003569960971782195,0.010522313532894758,0.02333389087387619,0.004626107769249366,0.024056537953894386,0.006009765533928905
1686,0.004267706905315461,0.017535342949456474,0.020194268693034936,0.008251809104109931,0.012588884944679551,0.0028693187095743633
1687,0.005340794280166052,0.007023264361030501,0.0075036949430766844,0.0019435214068620381,0.005706225286506006,0.00805009607401001
1688,0.03174847115066889,0.005350220513184595,0.018074686579406765,0.007594193651317415,0.004093265575141117,0.0030499655039918057
1689,0.025992326915293795,0.058708937323938205,0.04220434402197704,0.006059395032312898,0.04678789498087898,0.01811674514193234
1690,0.003784146625420968,0.004308653293410169,0.004380653411170871,0.002973332658054537,0.016730785106089687,0.005489816711989067
1691,0.0030668663261118434,0.004121291167983878,0.006762838306110523,0.0059268919317042685,0.022649149808651788,0.0033135771505208578
1692,0.005234264758804404,0.006605494105064933,0.005899597148200268,0.004425904359079074,0.004987468145236351,0.0035325650779280695
1693,0.02438185928808725,0.002842700110726224,0.0028053237054977533,0.0024324204883757958,0.004421101895912595,0.0033874461698405896
1694,0.008242725099309853,0.003514609582811676,0.010805397611075988,0.002060938907149079,0.007549048217948845,0.007429600484967449
1695,0.003243399442111858,0.004701535463664738,0.004763564732601901,0.008947475321978463,0.006474115698817308,0.014535131411678896
1696,0.0026813837832116772,0.06285939182588303,0.23442947279063225,0.0036672482941468,0.004323382927183845,0.004952271323399437
1697,0.003781075309884944,0.005760787172552083,0.009885880632109927,0.008547794755483716,0.0033279546453204773,0.0024744616344009574
1698,0.0025215673372030044,0.003689973683720159,0.37670298819468995,0.01330135951209481,0.0026791405480937,0.002911893939009608
1699,0.006345667268358295,0.005142416802290022,0.009455846614485008,0.0037818918652830266,0.008219331005725394,0.004300038231657487
1700,0.005323246849623284,0.037589786691376414,0.005714143235610463,0.00670046954991332,0.005718156876219027,0.0036152530059265025
1701,0.008429464947715013,0.010234101052695257,0.003738521352633843,0.0052131754665018445,0.0051037283169259465,0.006470233180356146
1702,0.004016886613600441,0.007584255942806311,0.0028671176011574005,0.003874183373282833,0.007721945933338422,0.003301018447685615
1703,0.0131701893751293,0.00898982808035331,0.01573185196816081,0.001841850892884576,0.008823329988128006,0.0031190969830044418
1704,0.00397778451585448,0.05691770602328937,0.002369313394211399,0.005237270456908608,0.0020489743450466326,0.005025470830452763
1705,0.007623761690898921,0.00592990023370981,0.12105417381965607,0.0295971557329908,0.00229120294220089,0.003181247484166044
1706,0.00996471519255656,0.003258502519058129,0.4726851694013205,0.0028308277807190998,0.04229968433184642,0.004985693639345019
1707,0.005788837855123232,0.003299198510602512,0.005318167769760577,0.01502346538609958,0.010013328835404999,0.0021855688925883367
1708,0.00370118157506757,0.011882365073832021,0.012079941026887512,0.002084887102145507,0.00798982446792307,0.0041237935127799935
1709,0.008106517456251001,0.33388979879732483,0.3320631207279682,0.019080895465416373,0.004607322594402195,0.0026844165768882765
1710,0.005287904157298389,0.00473215414676801,0.008365505122758113,0.0026162244258849145,0.003622567742128636,0.003078982972205945
1711,0.006531143728835509,0.006114390086455702,0.013806415963966524,0.001809899072877117,0.0038762449470297177,0.00431655944639762
1712,0.005785671144488666,0.00791587395097576,0.007933242368848254,0.005681376407941912,0.003542715831533685,0.0018521046996632117
1713,0.0036722080126520714,0.010189620955394931,0.02903016326218022,0.0028473119316890015,0.011201023638202993,0.002907775299922563
1714,0.02269640167199244,0.010976649286532582,0.005833072234924182,0.002459939162045445,0.004760957152544448,0.003847453551694053
1715,0.0031022119417763202,0.00677613499117214,0.0057394355092504935,0.0032201965978935756,0.020592064721143378,0.003958288213852942
1716,0.004772675930524679,0.009283451428184392,0.003942205186743319,0.0061269440051765715,0.004133088286381181,0.0028181461033281226
1717,0.005816973432900638,0.0024816227020304704,0.008435474336373943,0.0032242683272260667,0.0073701898713448575,0.010255966195847194
1718,0.009061897846141444,0.012378807900924826,0.025637391277098208,0.001846809447543043,0.008563137513048632,0.003967292191629435
1719,0.004245178601445477,0.0025388885669659213,0.015545554126542169,0.0068218004297361965,0.004999624020035104,0.001974501149395391
1720,0.008722411252250754,0.0028272605312445603,0.01198477221078521,0.0027341681868771023,0.021517234130517166,0.0034393212736001672
1721,0.003115988709656868,0.013455990900745531,0.005250189150138941,0.016016951565003313,0.009859463367960647,0.0035335300583702774
1722,0.01062415092537268,0.008397083605450845,0.009379835640037639,0.002834553687388434,0.00645580232729187,0.0051876943303310954
1723,0.008419661479992116,0.0061490649970401805,0.007575448037746659,0.002944309752248288,0.0058422626865226165,0.003414000174439616
1724,0.006760605519631712,0.007936185975712308,0.4386334289651329,0.004520650294323033,0.29658541101712965,0.003222543289633901
1725,0.018632393727997937,0.009914557940070953,0.0075113504258490634,0.006496743098275188,0.007991059637602644,0.0028158694783869706
1726,0.004916101655885809,0.00991759384478916,0.0068425592670656975,0.01959435671231498,0.003967967868852483,0.004515241317224067
1727,0.010389970037657027,0.025877274585909885,0.01477188061978028,0.002644872428647491,0.005326026792373542,0.002316666573845734
1728,0.00858978350752082,0.009353824728575863,0.011014651047894519,0.002332520089051941,0.01871437943217924,0.007299949599189668
1729,0.00826541654968347,0.003465411093844362,0.0068725318878921525,0.004317868157105436,0.005857289838890012,0.0024690167979425186
1730,0.038928784838094296,0.002520896506609746,0.018351066620671683,0.00619009049038871,0.004625483722988876,0.0025996174287582076
1731,0.06844292561396924,0.0030842947783543302,0.033961677193959754,0.00451916139805909,0.007931187646706523,0.009892152268017642
1732,0.00484297252168038,0.022777527028305666,0.005655482304710343,0.003559371536438586,0.002267530313675605,0.005883040260835571
1733,0.009415237047134966,0.0031918820315060673,0.4205998834694527,0.004000394850421684,0.006126085976046304,0.0017392613143378537
1734,0.005131803695108622,0.007385376144598581,0.011777483832283407,0.00280550792426418,0.009765530971427088,0.004431870983253327
1735,0.0042598812250264255,0.03951326237101516,0.29899771124016356,0.0021608958395577314,0.007768164779834796,0.009347641538044824
1736,0.009044919132565155,0.01742767693583991,0.003261723503697327,0.002489670827041081,0.007054816224781,0.005288784911654898
1737,0.005379122801038531,0.014389928631307402,0.014452407040940545,0.006259968025291606,0.004403432134673438,0.002731794771997368
1738,0.01152787370085759,0.004676999266974168,0.004683670572770354,0.01054257532100009,0.0036207712540141826,0.00424378062509659
1739,0.0030196890787870627,0.013899271209626885,0.0034834098234570385,0.0022192171474065296,0.003922554279746457,0.007381070554474166
1740,0.005219743335905248,0.03771403833212217,0.01841925138637512,0.005774977777818175,0.011685148011529872,0.0030178665497389017
1741,0.003835917730792612,0.009353497958266085,0.00552295094544728,0.00950064848528745,0.0036552578120797427,0.003088056087931471
1742,0.017928116882100158,0.032176523996005846,0.7002007437813421,0.0027111031470785376,0.0027995236421402476,0.0021588803020276513
1743,0.003442371327333142,0.005038983980099313,0.005038982572695142,0.013556038844012071,0.0062031550274878906,0.005518840263525161
1744,0.02199825606188036,0.005062435706194386,0.5277260344682597,0.011439610114306166,0.002323882755169884,0.001891967111347188
1745,0.0353523633394825,0.10055929581496569,0.003740227456559918,0.002669167683160009,0.003998596197590503,0.0025636195128203427
1746,0.0027237427250563265,0.004737912862913935,0.00395626360142643,0.002560459497354525,0.0037210960099047902,0.0020668921830980396
1747,0.004662946611105049,0.006127603911514369,0.017402777789818462,0.002299273160754553,0.010758860903189008,0.0038043718423359392
1748,0.03741951756768399,0.04261501044268972,0.24257598436475195,0.006433131223501989,0.013150740827652904,0.005316679049471255
1749,0.003849967702279086,0.00612953599122407,0.4475303255126838,0.012956065884378764,0.004187933498237789,0.0022208492668132356
1750,0.0046405575150627945,0.27378957813189564,0.007746980823879569,0.0030998782732945865,0.004860882854214656,0.0025102174092009816
1751,0.005753679153786609,0.36796665254652267,0.03602411042970873,0.003280048044655804,0.004343662926820083,0.0021056484201463464
1752,0.003990056109760632,0.02537138752321074,0.4159939602311155,0.007336750400564974,0.003072522608860525,0.005878313496143039
1753,0.009031758359646976,0.003580274780742058,0.0053197499002512316,0.0018059031285852965,0.004866791981791103,0.008816669972424458
1754,0.005383754240679725,0.0027799185687336367,0.3662621000334708,0.01044816897484258,0.010726770624782557,0.0024163913657492984
1755,0.004384599025850226,0.015357659811423823,0.021659041148341066,0.011169041864226134,0.01075722010328873,0.005946686018051213
1756,0.0021098142023177873,0.004912561255381069,0.3839739712070752,0.003002311537459762,0.002322394495712571,0.0021563132598124914
1757,0.0028208281762991845,0.007327649794749494,0.4813922123949263,0.008118025245104073,0.007133207942855712,0.003803346138307863
1758,0.0044332051892533465,0.03589747987768767,0.017323471502443226,0.0077303508423977605,0.00580414230612158,0.002434882248425735
1759,0.00207847409027703,0.08185387606172079,0.009206529218527042,0.006153812976300369,0.0022894250883574185,0.0021134648286051366
1760,0.026507226559317212,0.0062277736838979286,0.004492890790427774,0.0034230605267452302,0.005839297283540714,0.0032147987926253513
1761,0.010002801131102832,0.004829055040556131,0.5991976660431221,0.005917004169185365,0.0025928422906188937,0.002312034969464753
1762,0.004499661256375172,0.0035143517053978033,0.008850126724932022,0.0038995286224770003,0.003296234640222649,0.0029798145486085144
1763,0.003315134963833543,0.0028800895926265543,0.007488993394434728,0.002866476571905711,0.006768590364815302,0.012435627105526738
1764,0.008968770340753721,0.020895181827294513,0.04707445169753295,0.007291228919429302,0.008345339398728205,0.004094276416220658
1765,0.006796089610341803,0.01004164729455042,0.0339173357718208,0.012682916666739442,0.014654667197310555,0.0034787838084357507
1766,0.009293894505671332,0.009253203669809437,0.007783329710785978,0.008591774088307441,0.0047017404311413425,0.006595337643891794
1767,0.008929635310254072,0.00370603869633373,0.008364777163231033,0.004772319002763672,0.024938409389911802,0.0022042394694317103
1768,0.014432464181506776,0.008050692259525226,0.0036602677466596525,0.012198559004649027,0.003650395438441345,0.002597880786223614
1769,0.0030381872807342305,0.3951029319007832,0.007157067036780449,0.002145062276510244,0.006878697852613751,0.004174766227934742
1770,0.017258005995874202,0.004563630657222324,0.004600246689419234,0.002258912782042977,0.004663886054032124,0.004553409131449208
1771,0.005783625086895987,0.004481334934908634,0.007911361261535152,0.005695204875261886,0.013866920245690443,0.005032574259005326
1772,0.014653607199701046,0.02914685603176791,0.008037878809173291,0.004401575110968197,0.007345705719158317,0.01021690090548337
1773,0.010203188723865341,0.006694088132308419,0.010055401175434572,0.0021068264103331633,0.006367401595694305,0.006978550127291981
1774,0.0034363280360991894,0.02648355610511636,0.016203613959157277,0.009070301619294905,0.008468223306964385,0.0027635946771279647
1775,0.00511649661225672,0.427763600179741,0.1911401343392197,0.0017250185567201808,0.0057688311317014036,0.003157646642266341
1776,0.004260703289978482,0.00680149307967997,0.02435962861029863,0.002911773379123878,0.004630512922239696,0.003523198347390127
1777,0.0038678350802128264,0.019966017184685478,0.07271009138433869,0.00439164805008501,0.0031064884807870965,0.0022046458119669454
1778,0.0036569045798329775,0.0026912698906291217,0.006619359011715975,0.0036366353913083174,0.01639382355576613,0.002566596156847552
1779,0.004136581269173152,0.003923163891408486,0.0040432857973674505,0.0025223025342108406,0.009334821373584653,0.010251104079465747
1780,0.0049160646341903326,0.017254667006416206,0.00691940610996682,0.008965286859922102,0.005932102547065025,0.013057734161606318
1781,0.0017280770403459895,0.0025255333536547413,0.06995852398912968,0.0019092998256773344,0.0022672573061693862,0.00889781028843775
1782,0.005593849897236027,0.0031133474310677902,0.017325628080970344,0.0037430430038361395,0.003784739291898662,0.005737453813231904
1783,0.008116815961166923,0.03885975602223826,0.004351035787906162,0.007368015024916121,0.00433389118367865,0.0018580597198679632
1784,0.005355806899298733,0.00959344711007891,0.013446602616284845,0.004351520760496169,0.004620734381645357,0.002918665069722698
1785,0.0048430067013699295,0.011383132324420269,0.013980584594145716,0.005545964292774174,0.006229995744585032,0.002354769209251196
1786,0.0032269903584241995,0.019979824201625192,0.0037340519907509986,0.0019098807661975098,0.006380923722765818,0.006720952495402846
1787,0.006790965990815689,0.002803282119303084,0.007088407210911842,0.0124063706430119,0.012703897120436401,0.010589982547819824
1788,0.006523586477778262,0.004426761164988761,0.0076670677203381325,0.008932122960680206,0.010024985076351339,0.0027584885265816753
1789,0.003939505421666265,0.010986040304102296,0.0030800788467118473,0.0027230306309721244,0.01572425746079759,0.007996731657033691
1790,0.010321636997080955,0.005280233209982077,0.2790656968915121,0.002399907947656531,0.009634334117999934,0.015607303105812147
1791,0.003642398087582602,0.007833750817697833,0.24143516214010075,0.002190992380396905,0.02576161672181896,0.009676926339634934
1792,0.003634751267303385,0.010627985550252761,0.016652437828057056,0.0026804963876851874,0.016851366710331512,0.005972643720538929
1793,0.00609901929728612,0.0031775466529347356,0.17969694314905235,0.005381483151504615,0.005503419061299455,0.002531300056429927
1794,0.0023614030726967637,0.028248361969822094,0.0081727637727125,0.002504384271619041,0.012132789132159682,0.005983358177524214
1795,0.012729106844845326,0.004872993160448909,0.3999259213287405,0.002675813318482363,0.017201078743705165,0.01575550378168257
1796,0.01203140851306206,0.007278016312971138,0.08159102547098164,0.004952155346331631,0.004833411556289276,0.0024103061985391427
1797,0.0030341728483918944,0.013411247587247486,0.01449924063773657,0.002544167417258102,0.005599981295332467,0.007864023516918511
1798,0.007498455417462235,0.005365456229948781,0.018342765893356535,0.0018955273670276725,0.017896788391992248,0.005667912671977703
1799,0.004549939772759896,0.004991857422684811,0.005746869645296018,0.0019950203490765868,0.004815856015332582,0.006332850684303877
1800,0.02180562527044148,0.007163704431308758,0.008581867099559042,0.011020594057077674,0.008681544718009311,0.004585006025520123
1801,0.014073464239024797,0.002750088937872183,0.010637498007759622,0.013279246217069328,0.0018954833273760797,0.003077783204844788
1802,0.005705767495676965,0.048338355266316545,0.537841092031233,0.005937434309624388,0.005567465341001782,0.004786256843321912
1803,0.013789991236399993,0.005048877771560325,0.015565955734970528,0.0036625140344291713,0.0061519648479191535,0.017936342252802783
1804,0.010190150230824542,0.039599937789478304,0.010249933306394591,0.004822327207603967,0.0028349259295742646,0.0023533244275776204
1805,0.005230231969691081,0.003049355302741128,0.03985739777696017,0.0038012781852817847,0.0030248525610963427,0.002491774087917562
1806,0.0042183440745138375,0.007795817678897246,0.03927755100910645,0.008483302044626408,0.006494699098573938,0.004359233035611366
1807,0.0057401943612194785,0.009762323803088838,0.009729210829680547,0.006103414353899538,0.005479066558965547,0.0025081672339153857
1808,0.004540197436367497,0.0030439344862018066,0.005616229330198228,0.005026480463421956,0.005511574278581343,0.0019881657814470833
1809,0.0031042621673558453,0.012489722249207469,0.28665052921460954,0.0027030333489706723,0.004491689499467031,0.006559094443498703
1810,0.022620052733182742,0.004530069940951578,0.11794313987804346,0.002648326133854508,0.020465231526524928,0.003085272165449525
1811,0.007115732743133577,0.00577095542125082,0.003190028390526059,0.0022865381542325753,0.0024711961076742863,0.0028781214211238116
1812,0.0032909096755295163,0.0040752184035442165,0.09154431481685116,0.004958019085332507,0.0023049823525086058,0.0022460005368878633
1813,0.009125637042532091,0.009904654849142987,0.03593941552723701,0.00441243477940852,0.011147020686101537,0.007215297135253006
1814,0.049631284777207296,0.004036703791405615,0.024663495254370997,0.0024925835155271635,0.0156045762346156,0.002305297478549142
1815,0.00902811831779399,0.0049794296420623465,0.016791435287165004,0.006801031909422473,0.008311773595121705,0.009205130985884833
1816,0.007629165391632017,0.0042723243319166574,0.013329002926273597,0.00301717324793361,0.004564728264521464,0.003165916098391394
1817,0.006237876342561196,0.01377788055171926,0.013687737589957255,0.010191831918565068,0.0020360976690996873,0.002171800587181785
1818,0.0040827069097679625,0.006060162502361941,0.004589772179886985,0.0021016834871990875,0.013118426433498158,0.003862873800004845
1819,0.011776392868447188,0.004505799456357682,0.01257515783711561,0.0027005034961364326,0.011942819832388901,0.002905023682408816
1820,0.007315148704867688,0.009834719523404785,0.005279349255518955,0.004215508914967722,0.009528488765210587,0.0034524934331505957
1821,0.004063045962449815,0.029146568905119904,0.04703790074954452,0.009396502025075262,0.003611592777213392,0.003195906365448352
1822,0.0037576923415587635,0.3144479354495598,0.004709621630175248,0.010768752738586462,0.29580140447723585,0.001957896745530182
1823,0.0027680609933109757,0.0030874660695687363,0.007979294274047694,0.012631745594360562,0.005591632436016318,0.005239125528781018
1824,0.002690643838119916,0.01069934515886811,0.004077623158287398,0.011492077313135615,0.009459822722991508,0.010585975618023862
1825,0.002957753030723558,0.003939193835306541,0.05004563480756569,0.0032825930852014083,0.005388211489098151,0.005803782770347342
1826,0.006979871363549965,0.013405981578860185,0.07494834637544007,0.010833739375679182,0.0040954664006264685,0.0018589493423706673
1827,0.002895835299368485,0.009910605897704743,0.020790658790856908,0.006030058588327624,0.00695769449763348,0.002284718372634394
1828,0.009834010558226436,0.0031238451629183096,0.011537336605884359,0.009844481390964985,0.01105057368983477,0.004333154009352477
1829,0.004476052429383654,0.01827344169851414,0.021930827193227753,0.003794967422647629,0.005537862714172598,0.002464268809753327
1830,0.003779860615705751,0.006526637562948397,0.02258615109155911,0.002028112721691009,0.004321272238254114,0.007029456771380215
1831,0.009230646898559064,0.0064849969343243885,0.004702063023879029,0.004402535489992036,0.006344558802911755,0.004446726514949967
1832,0.009461376734681167,0.009184823002086697,0.00910588070227339,0.022371089265990008,0.015288068409111054,0.0052011441630022475
1833,0.004705248085937354,0.004605706450948568,0.023434339209650466,0.006818411067505439,0.007403474960399554,0.0030295722231066737
1834,0.004835958533410168,0.01338409303936846,0.0425896943162836,0.0020445686772395623,0.018392792142506584,0.005130536424823048
1835,0.008712761080383529,0.009743394754235078,0.5794224902634051,0.0026448590945854617,0.008992740741150116,0.008003722541609118
1836,0.0029209203847016447,0.23771914790630053,0.00580639897618739,0.01076345833037572,0.003085464376409134,0.0020971638681522315
1837,0.004452217749276983,0.005197836440868231,0.009121063324170708,0.004144971999112771,0.003091814765178203,0.002371095222482741
1838,0.003028943881016169,0.004087950708548925,0.005370817700542007,0.00334895448461861,0.0054018249840665725,0.002105107281926838
1839,0.009038674092031171,0.003572307069150511,0.24967190553418453,0.004418391965956079,0.003458849523907031,0.0020235861270271726
1840,0.004733204006154368,0.007302463502572234,0.43006142700903016,0.0038846885436742773,0.005367150703923079,0.004553077415109556
1841,0.00443624202374658,0.004208654931034463,0.014385602676006998,0.010511025833071062,0.01684794848661267,0.0066631685804091545
1842,0.02525034043105156,0.004218530591851407,0.30504596585169574,0.008954698436077867,0.00552356959105874,0.009708434839604426
1843,0.005464475783791877,0.008910061991919526,0.01678061182234524,0.003950186102257634,0.00478507757464387,0.001858976140324079
1844,0.010132542489585308,0.020330531003197056,0.006622790057387458,0.0026886975462678256,0.30901644003628176,0.016511806195918542
1845,0.014713096832174376,0.005021981232316503,0.04495104156150564,0.005743402408769545,0.00392340434817482,0.0018933550685913214
1846,0.011574036693604874,0.4222046185836312,0.006148363794708623,0.007619159628947238,0.38111327210713863,0.004037660813624376
1847,0.010951127989014353,0.006153427099453102,0.005452187261159653,0.002591694921430568,0.0038464537300721678,0.0031044674868538134
1848,0.005709784860581633,0.011863606895021748,0.009725650800775457,0.00941113696473142,0.006540318934048078,0.002829317096351982
1849,0.004991997251648675,0.005140303243388805,0.0032754485944205807,0.0024717129083400833,0.0051093404360463114,0.002882102533931601
1850,0.006178332232564903,0.006368012299784451,0.2964485522903249,0.002401651026160541,0.004397783741207806,0.0019379916528219727
1851,0.004548500439769332,0.005577141113738297,0.005470994308901476,0.004734911861557331,0.005379074973774533,0.004224317639115193
1852,0.00987582549294174,0.012457065626960173,0.013963686986755009,0.009654944161596858,0.008602907571510872,0.0022054902185015633
1853,0.008127436428832293,0.019779916804667615,0.3952190435134793,0.004962757806785238,0.003994877440989853,0.009205612228055694
1854,0.005027318118001871,0.007865281266669199,0.14354461254432407,0.00629586410226802,0.009479095205379219,0.0036691622112073378
1855,0.002595777727514557,0.011636703872993431,0.0037629165160006756,0.0056133971394911044,0.0037014849077330663,0.002982874569070384
1856,0.003782968787806572,0.007848808038285521,0.005219818571887263,0.008281466944358728,0.0039193109930629275,0.002740613952593812
1857,0.003914686019422153,0.5207002754255118,0.006267943815466882,0.0045925629542341185,0.005980731201219386,0.0018784274962504724
1858,0.010942403946774646,0.08288004275656088,0.05139744576289917,0.003804502879058629,0.002666697762842587,0.0017321833289378151
1859,0.003064884252065183,0.03050058443798457,0.016457817455201546,0.006855106513796007,0.0037053583646735303,0.0024539144543133102
1860,0.006222398318508933,0.014862292845896177,0.008123762441936177,0.008481862725619392,0.010484035579073988,0.002382867279301025
1861,0.004488633335723648,0.004205870215365624,0.05555566847328599,0.004483868657994799,0.008883167399743378,0.0035718884651890458
1862,0.007630742323043366,0.0509141815625085,0.37041591661042045,0.006578283223724919,0.0030532437294890735,0.0025301617835313908
1863,0.007099335147211916,0.0287579130972612,0.009352348144233667,0.00782512548785975,0.006938548464001378,0.004532166529004572
1864,0.004487699789061314,0.008098572478283082,0.04293867666368554,0.0028460522944911207,0.011750800713833632,0.0044272738341254005
1865,0.001958968781599575,0.01071268723580088,0.018434177968999866,0.005726132223177367,0.005806779619725974,0.004321624267640152
1866,0.028467513252805013,0.0037346412641808837,0.29124080113044726,0.0017916184704328192,0.00964969563709608,0.00352418720075626
1867,0.009561055265370119,0.014579435179658859,0.007853277769944413,0.016135515725978256,0.0051082200578714074,0.005174509779320618
1868,0.010584668404846448,0.0027133560506969598,0.3556090785456083,0.005828944443548592,0.004676182277980544,0.004041418948720582
1869,0.03419994085582192,0.0164916442094524,0.004601377042066935,0.005379592982950203,0.005819966457243824,0.0021857159711295994
1870,0.004868908971195351,0.0040285701062831025,0.4625828455673898,0.0034085989484929267,0.0168902124757188,0.002237960982158998
1871,0.004832678722281028,0.00854035552675789,0.5039974117349657,0.0030855849701044123,0.004255523791271265,0.004487109973418164
1872,0.0038023853286281474,0.004156841617221747,0.006661390339329071,0.011815695651530343,0.004587116203629315,0.0033023598086522805
1873,0.0027659808929212694,0.011010552441017259,0.49372587521219896,0.0038029655008071997,0.002762666080751427,0.001976720999212217
1874,0.008094790794919562,0.012883767136030323,0.014367512254661945,0.010088759595815964,0.01454749741598773,0.002526389874301326
1875,0.004863546547237676,0.021530920745969878,0.05272050564593292,0.013422606406698408,0.003758732883820163,0.0026538935071479036
1876,0.003667650741253953,0.006574342955172957,0.18312991652082866,0.0072458050363871885,0.02538152885983388,0.006117736815440571
1877,0.013815896576495875,0.008515007801694681,0.011699700020778647,0.0032340431164736964,0.006401854485639211,0.0030829672962550737
1878,0.04478654018838758,0.01684259248247335,0.014744095738713246,0.0056152214825504155,0.005710436079045055,0.006375170956309066
1879,0.008548912769848958,0.005937085119564808,0.4874548723757606,0.007416074774389103,0.007994908647479693,0.005680794834267322
1880,0.007992378432883899,0.00938715121786361,0.39372325332639113,0.006017391766929652,0.004683335194591181,0.003229025286922755
1881,0.002450177931838965,0.004482581718518853,0.006666334616319535,0.016817263974714204,0.008493286586997474,0.008873219946631641
1882,0.00356665511912471,0.021330238609568654,0.45847624155742916,0.0028148860583784054,0.004082646559412769,0.00741021132649412
1883,0.006651753137586328,0.018937099696764503,0.0076981635878865355,0.0019593457017873057,0.003456549114298801,0.002017116395001546
1884,0.005313469845546664,0.005682631269801453,0.002912063150039411,0.013224857864820258,0.006445598227317401,0.0021872030833643445
1885,0.041676461152481394,0.012132291800740979,0.07379848520837741,0.006029620808174714,0.017287784591317953,0.004271195179710795
1886,0.016009818021438568,0.0034018939136275287,0.003752060743988659,0.06742227141514551,0.010499026012790867,0.0020793769483456216
1887,0.003311879494268712,0.03914976029172226,0.020855483368503833,0.0038398158798286074,0.010991651754716369,0.002608892095408409
1888,0.005086818031052205,0.01500124711022676,0.4208079850555014,0.0126250708609199,0.004834401440414466,0.0027436041581706248
1889,0.013535661649998802,0.21365613006333345,0.28719218823761744,0.009077417461038725,0.002712654246871086,0.0032475124782470324
1890,0.002216381244248117,0.004127297968770945,0.01354269764441417,0.008665278905472671,0.0027731689344853766,0.0033737033566411338
1891,0.0020336895508932884,0.003335272488505318,0.3422022855903945,0.006041293131426449,0.00617803860451018,0.003658274266511594
1892,0.002591866837012399,0.004388370042628296,0.007275755196026245,0.0034453994366076303,0.0036394689838668832,0.0030244622142427814
1893,0.005531181141572389,0.00914281994318406,0.005623030781021394,0.002572087638320446,0.005252660207006635,0.0024127391177644155
1894,0.008194404132357056,0.012000050904284233,0.016698384011966154,0.001817429454020065,0.007432994314888194,0.007336379137885924
1895,0.0031981656463215082,0.010070934706599281,0.005806148977176842,0.005179720431518717,0.005919326835297169,0.0026759126017166465
1896,0.0057101358168886425,0.0034084705961629253,0.0173350578911359,0.0041548047017746295,0.004246666231546762,0.0020078383361067788
1897,0.010758874987168838,0.07267938137323467,0.47396290225461185,0.0022271387207986122,0.013169851469160542,0.0037235689833187797
1898,0.008860812184223374,0.03362504283845643,0.07779937153174618,0.0038634920326154924,0.03186250038242408,0.004427994028732509
1899,0.026150941686575103,0.003659975915829345,0.47233565321129034,0.0025646158001599124,0.009666548588885228,0.0022028788742936845
1900,0.016195392719733918,0.0028624862009248523,0.0030246431505158095,0.006030273332295923,0.00657720756462866,0.0026404992733206406
1901,0.009736004885398738,0.013310540814476217,0.010436270347759959,0.002581911460723433,0.01614746928166896,0.004995519863910648
1902,0.004872134465379253,0.0043417708356053315,0.012093967487401578,0.003361963662076231,0.010437895379369101,0.0024386749394512694
1903,0.0052442180224949566,0.006295460699069377,0.01412381949210658,0.007629011062897676,0.002101542110223222,0.001630112344964054
1904,0.0022859767874414405,0.0033850711153981714,0.00412693510797915,0.0016962008572010934,0.003343249811973577,0.0029743871928490095
1905,0.00888689303716785,0.003142235656834111,0.034903736367972255,0.003196872193683484,0.005109511608803221,0.003399099888039968
1906,0.008871413158848426,0.006853524510092902,0.014298091377623601,0.0025178359660719555,0.002977835466904069,0.002588357685754077
1907,0.005950773637635019,0.0047943841340337455,0.47168489349243486,0.002795370546425129,0.030310266209520945,0.0020099196421063783
1908,0.002220427108673556,0.009848565678219822,0.009869282627346774,0.004780712211929079,0.020515644926753084,0.00297284547953084
1909,0.0036097979165781967,0.002779698310734137,0.01727739607410808,0.032290942493374955,0.006758146705520827,0.0030358777639565983
1910,0.0265933614837724,0.005141147165328759,0.03410364899039827,0.0027404104976184785,0.009516808656076552,0.0026329665554727295
1911,0.015560250100364537,0.005748452783295454,0.004904416759168522,0.003065994085500416,0.009916777532801254,0.006611260546175198
1912,0.004969015736128657,0.003232637958339782,0.43167624347166483,0.002924673460627569,0.004087811434753193,0.018054936066469185
1913,0.0026302317301625106,0.002951391863457023,0.0016799692896895349,0.002528110257491673,0.0017078971217444892,0.0030926397194236
1914,0.0056656737296097185,0.0023144506767664255,0.004395106289770267,0.01617865842331285,0.020159588855386344,0.0074715053495121005
1915,0.006074392238083648,0.02584106685606001,0.05189526953695543,0.003969943440002559,0.004741698391653516,0.003111346028487224
1916,0.0025271763874785873,0.007094196396372297,0.00972387055021971,0.0026077610862491377,0.004296728970899701,0.007142593993705055
1917,0.00640723585859213,0.007202100491608344,0.004199881293536464,0.005886005641989866,0.022114414586385682,0.0024511671542587024
1918,0.007296463725199708,0.006890546183101726,0.004990885435328167,0.02325022911619052,0.0045919369264850775,0.003673191800247655
1919,0.005198041716586538,0.0025586743289294903,0.004053763236390499,0.010581416184834254,0.004373559514123982,0.004439720461721532
1920,0.0022820600735054893,0.00246137425590347,0.024473099543323044,0.007976395830131976,0.0016734556851719339,0.0022319854111114657
1921,0.018385619344360535,0.023693254009014477,0.5019058901666247,0.00710481942897452,0.0037778676690626988,0.002273686808323991
1922,0.011611515579943516,0.008028630412799397,0.03532321832967778,0.0029017747025584916,0.003992820546490464,0.0022508052506405546
1923,0.008386251868953533,0.012164218349768672,0.00458089160229533,0.005220659181238022,0.00496055624128864,0.003934741848698581
1924,0.006064107715024737,0.00992223959716805,0.011898332229673073,0.004290437117795064,0.01074470352525292,0.0018495208492272236
1925,0.00781726530980653,0.009795813566739206,0.5393812278349134,0.004417659999743245,0.0037926257598231913,0.002671965889846531
1926,0.005739346044303685,0.010452785259530526,0.015824570998376686,0.004856190397810262,0.0033988667191932327,0.0018010570613431144
1927,0.00313572753756431,0.002971441338075455,0.018294069832920732,0.003984518823935081,0.014443706636191662,0.0029791385422186403
1928,0.0027139476662986673,0.6185220694041873,0.02964944367399992,0.0058772079289173985,0.0043982479352116894,0.002484151792596947
1929,0.005701956159787611,0.04299435734247828,0.008019967300918718,0.019904281145270576,0.004007448434081926,0.005056862967613308
1930,0.0033338793614670643,0.034443041718702654,0.009358553161154493,0.006560197114777536,0.005159281679439567,0.002998519848986699
1931,0.005583037848091921,0.005562101445729871,0.014691917816057712,0.0038879832918623743,0.007875756432631385,0.0038981618189204573
1932,0.010419841363501318,0.018393417323129255,0.003155358128446745,0.008378226167080094,0.004752385381518,0.01062527278080312
1933,0.0040814038824703285,0.006449065634593747,0.37147196251672626,0.007793734340776265,0.002196168776987788,0.0018064835803735847
1934,0.010872281926290051,0.0035458587377910403,0.021182815783638467,0.002945864408845578,0.012620880501123278,0.00770609668239771
1935,0.009706458075459331,0.019090510716658047,0.402673524234687,0.0034964189866233584,0.0026974311663629314,0.0032336557035955575
1936,0.010536520700547784,0.00850064931688218,0.3186145651816522,0.003100479841884299,0.010023308959768025,0.0035099652256215643
1937,0.003772918797915582,0.012168563822059743,0.4564731002665304,0.0036011106301943267,0.00791615087239657,0.0023724798487688315
1938,0.002734097461454956,0.006744465922865433,0.4311977399180262,0.004949970456403743,0.00300077845184503,0.0022963594541398815
1939,0.006990332313739197,0.2937586193157664,0.34053865763210445,0.004928425484041694,0.020777839200561254,0.00897637448072338
1940,0.007643168029892398,0.019073439022054647,0.010662005814370554,0.010192144381849061,0.007672192982548164,0.003903742000199636
1941,0.002371380801304729,0.012930074085996392,0.004505085315525429,0.0030740143011865023,0.017850994606468044,0.002255311900893394
1942,0.019246483816406965,0.006084212652479959,0.007758123385457265,0.002556048884395852,0.00621457016841202,0.003272944435287042
1943,0.004032243609590394,0.004680828157293652,0.008015998409476638,0.003436375684485659,0.006526134543901204,0.010287129436695202
1944,0.017006241049409395,0.004668633641162451,0.3767109746309335,0.004575438314355768,0.017719789242142094,0.014278787861975463
1945,0.00741369785359733,0.01087248257513853,0.014630663692875138,0.0029936799061864405,0.004637196422421432,0.005792661611530561
1946,0.00696544393581712,0.011878472001818121,0.03920696271663181,0.004673605961707228,0.005596797407514362,0.0018084902563390442
1947,0.008986571079030961,0.013764050572758577,0.007975537740383247,0.020223070281323485,0.002057974534311623,0.005658905532662802
1948,0.002714919309755629,0.009477732762412254,0.004751507003346545,0.016309771040469857,0.006681418782894407,0.00433125718816371
1949,0.012627518539023184,0.0142081921117769,0.016583757823952845,0.00918997434797011,0.003940739521928005,0.0027879709262847684
1950,0.00938420363772091,0.004095442254654765,0.4401791703040776,0.0027989237673774476,0.022131625057497335,0.0062689158088869695
1951,0.006172574579136135,0.005629791370050115,0.0901283373711367,0.00642952873325371,0.038795221958774044,0.008754080878086148
1952,0.0022647141257499783,0.013496948528570009,0.014694160074726199,0.002629808800879558,0.002359234318785077,0.0020215840822543733
1953,0.008149194241948805,0.00449515830725021,0.015858189501931522,0.001853094436109762,0.007853196197537552,0.00492963472753245
1954,0.04281584549237408,0.00947253337985067,0.00689482945245042,0.006144995100799507,0.004893509287792274,0.03802374596144309
1955,0.005017684868541067,0.00903787854671647,0.008705743131121376,0.013581291458960181,0.0026916136835978027,0.0038792578569945097
1956,0.003016230142093934,0.006821393806325313,0.05029235180352107,0.0026116420857721892,0.0024412926923902977,0.005740453511046992
1957,0.0058767544272548084,0.05087173009498157,0.014736781504724948,0.0021711993358743335,0.030210861810034732,0.004932330008106857
1958,0.005961003812533718,0.015345215125384656,0.030426294876256327,0.005763772400435524,0.004325433261474295,0.004951836554280861
1959,0.04470836646186324,0.024403741300939367,0.006328798199762856,0.0018165031402365783,0.003219976377412164,0.0040691527782590825
1960,0.0037618516044789115,0.010860872544475979,0.009344265648195562,0.003963594834509046,0.01636560116753351,0.0036273850741618107
1961,0.0030561224568661405,0.045115744835930574,0.031052978743142105,0.004340177712607953,0.005614524579887104,0.0022331342698191886
1962,0.0031872791858492578,0.4918089520499121,0.016773761922529412,0.005103186108904285,0.005093250886364602,0.0020530672967806972
1963,0.004971584984258875,0.0057309528768116295,0.11263898426521798,0.003229908753816513,0.008203889600109942,0.002485303875453984
1964,0.026495376488807704,0.005255801903304935,0.1590262113487777,0.003152496071016417,0.0036296403445488126,0.003291190846956169
1965,0.0029322982158398597,0.0029184799577903465,0.07157118755268019,0.019838963781290093,0.006102772551959362,0.00560855672718217
1966,0.003649929718913109,0.0072428375047554755,0.01631321465255619,0.023275909515751134,0.011168615360167514,0.002469424847077578
1967,0.021289992891711743,0.022952354250962585,0.47224060348395674,0.009089789883243679,0.01898101631397292,0.008323275843408457
1968,0.003328320503999417,0.01032970303116896,0.010381333111636987,0.003670455485302087,0.005268000989837524,0.00630056615200467
1969,0.00759137232410356,0.0035160741469007634,0.004269844890465743,0.015565028173769358,0.003092389291393853,0.002668204360341139
1970,0.0027177557999091607,0.004153612477999415,0.009803572583294345,0.003935020195493384,0.00473609752504745,0.003352438231361496
1971,0.002566838910759613,0.002783246279388767,0.12980552788942296,0.006443121374875714,0.0016455519478496153,0.002899373034328027
1972,0.0024526903369616274,0.004565105810654662,0.18055765025653125,0.007343969009634796,0.0026404177045980617,0.0013209165219440686
1973,0.01948592188100332,0.0254493165804376,0.010023966760691814,0.01943737099302248,0.003514094194124232,0.0017975858417170858
1974,0.018415384517465765,0.008134965762764611,0.04271005497710279,0.002007857917975559,0.016717462720222877,0.01022929995120546
1975,0.02702770309921912,0.04919322444637062,0.13421503341294247,0.009738968943350345,0.002754125264138687,0.002643543691715533
1976,0.005175619123385548,0.018208840534053184,0.0057154117190648035,0.011909715470672539,0.003066982947299073,0.001859858300748162
1977,0.0066303064920614765,0.05958233092684077,0.00676180850397919,0.0030182628853253047,0.007290805592774706,0.00654362812472903
1978,0.0051041033433855704,0.005177338569395268,0.00710315877690254,0.005434495210793777,0.0035336875578294235,0.00327039898542577
1979,0.003826274146582759,0.004785398787028579,0.029255625441936016,0.0017964195839896234,0.010797582516578749,0.004021031526941687
1980,0.0023350749168305138,0.005941018983747692,0.00907141401639304,0.006648602750689067,0.006361916575962408,0.003837952317046446
1981,0.007726176541525571,0.009969714678214454,0.03574723392507425,0.006210491937844827,0.006360781785096144,0.006410162725932959
1982,0.004910052356872432,0.004773075171550532,0.004774839903885483,0.002587222657044676,0.011287816512835077,0.005877183456525789
1983,0.003097582159647894,0.0081837199142159,0.029245632863443505,0.004947551971426866,0.0029867670058246233,0.0019964154688179043
1984,0.0020163258629271887,0.003123300324648065,0.284879286309454,0.018192871483377948,0.014433338244187244,0.0017987007415086454
1985,0.004267709763728599,0.007970036021196792,0.009571413243533992,0.006381745104082951,0.0031265087623279153,0.00348819219639524
1986,0.0025733040313855554,0.007083268579501467,0.01971670959659476,0.003996266027497239,0.007146491387704954,0.002777804826119638
1987,0.004190242951443468,0.0243082866082864,0.0089366774154703,0.0022500079507458202,0.003734404821996825,0.004943546466416845
1988,0.005949011363459405,0.004320579554845698,0.025059031001223205,0.009009781665984273,0.016272242386205386,0.005836430193587975
1989,0.00766499116648898,0.0038457326639364216,0.5805983895245695,0.004625148955899501,0.01406023730470536,0.00601629422902744
1990,0.01019140876817187,0.004305134703921698,0.043547517282552475,0.0029705637394133516,0.00804278755736217,0.008077928677737914
1991,0.004296401151327132,0.024129712353836305,0.37022818045448247,0.005427895281027716,0.0023739954953433283,0.0015454163977603103
1992,0.006260925742419541,0.005012337698353325,0.007975684643335283,0.004868685227317046,0.004166737530309966,0.001776806534665274
1993,0.006328589166041924,0.012039997947312255,0.012252780448979617,0.0028363924660992123,0.03726805432041586,0.00438016916922796
1994,0.006748492865262131,0.007449716515256333,0.4875882251672026,0.010743603469886807,0.005388444078109067,0.0022432917058528745
1995,0.002163318572996647,0.006087701397154648,0.4870499814890106,0.010317281954867884,0.0031090398136548202,0.0026530488317159182
1996,0.010011319080511142,0.5571009809585656,0.012877185271707035,0.02620041474604367,0.01480409087420365,0.004401929342791309
1997,0.0027057108064663642,0.12011012044961596,0.4213477364337063,0.002703824304345869,0.020504722674788402,0.005811377988328808
1998,0.003633135380423426,0.007502303380711274,0.5330316755391744,0.0097996338510122,0.021529063800242672,0.0038840364400252224
1999,0.006336385221195363,0.011531760435445211,0.002332480929644126,0.001426940008087943,0.004910650845325493,0.004752616137772623
2000,0.021312751436829324,0.010602361740210129,0.009423541728657552,0.0015567257330603324,0.002701545593721125,0.0063231944003953
