Run,APR1400,EPR1750,AP1000,BWRX300,RollsRoyceSMR,NuScaleVOYGR6
1,0.0740375321353982,0.15496790083273054,0.3228696275278532,0.09454025068358743,0.1195910871506371,0.05561678270191416
2,0.17012739641121968,0.36521225466623314,0.34277127897414716,0.09844352931237299,0.1857137473198755,0.031166018171182388
3,0.2492814312750264,0.42554616208749824,0.459758969192977,0.04180307741111734,0.24099822866620127,0.034088127417298074
4,0.0980539868750473,0.4413019886960754,0.43429087061320804,0.09787026588956935,0.45238128351044127,0.022120687752690372
5,0.022533065288913176,0.2596617712397022,0.1898897448800574,0.11853277938455707,0.10875878453598302,0.06657182692401055
6,0.17977630766258393,0.15132126621005565,0.48529383914307733,0.16887672333984358,0.1970345306692653,0.03597499473433762
7,0.23716609570735464,0.3140394304560421,0.5914355616061331,0.02341258981943364,0.2877211233012137,0.12015794406407491
8,0.3378628102746851,0.17317863995647345,0.5216434638090472,0.13514195778655816,0.18867074908028264,0.01288790125541262
9,0.16198439727273725,0.6645417053376024,0.46375241446971616,0.20263364307027604,0.17663241451817752,0.08877045328428121
10,0.2070638028474995,0.6228809161326717,0.38528299077083206,0.2491076190296007,0.1238574531138012,0.10934932360167936
11,0.04811221705449663,0.16572045260068666,0.35435829419059955,0.24911657665493792,0.07602046504307143,0.08722988154292763
12,0.10522431231926288,0.6665415609144313,0.15075742277591156,0.1964104145666443,0.2517548856825594,0.0820628127800516
13,0.24107042355095748,0.06555375098588657,0.06842883877657706,0.08497909313871463,0.4179703698205812,0.015373695293558582
14,0.1339813484039331,0.28368522392666135,0.5500694989309675,0.07390651970277397,0.1184497994008098,0.1802572143338005
15,0.15906375052586588,0.28435776087619896,0.3333611830685146,0.11708224005830699,0.05405458152098287,0.021135243115583763
16,0.20274005589170724,0.31024079755855366,0.22683710563864476,0.24116846126009245,0.08146387158671003,0.13319804614653874
17,0.3505420438388549,0.02019891494363706,0.6172085104109221,0.03272135659390182,0.08522648710768863,0.1654477703576335
18,0.06712339362321709,0.3731345397587698,0.3586511120449305,0.22450613718129575,0.10912364556661681,0.05171571439558191
19,0.14494614672813377,0.16231684405618813,0.5262305147007101,0.14286456356413918,0.372630880793535,0.19202234590043352
20,0.15119971650974479,0.3161826034587232,0.22112918870901044,0.05415372977306151,0.2718620002866371,0.2730064940035774
21,0.0962099757575308,0.28051364603127976,0.3514125026567563,0.1006793490437669,0.2761330979590927,0.049588013777005696
22,0.1847167046412172,0.44264120836814397,0.40744360169794713,0.23013470554542914,0.12734035776172267,0.04113907902836235
23,0.16518411007551848,0.5331171649510207,0.30741090452268155,0.17100014582412726,0.2383469906579601,0.03875283056644575
24,0.28869951587020687,0.2858863375332354,0.5618034377514991,0.03894634594597759,0.11414421310131871,0.031145463422019067
25,0.05701162222300167,0.14013530500344654,0.5164619057838102,0.1560206070978135,0.08117163476647896,0.11809488173101818
26,0.03948224820939124,0.40263821815801165,0.3381672224079545,0.1865395300427342,0.32261260337768116,0.018995248246318375
27,0.22535142838440786,0.2209726126841333,0.596194941646686,0.07830260251833152,0.051345351095134655,0.08847100221639005
28,0.5627642602143568,0.304710530894389,0.4140154578088409,0.16017951683485887,0.18899080232730828,0.14346416630567038
29,0.028419408543588487,0.09695921903385557,0.4451471411491411,0.17300779731736346,0.05024478575525539,0.048360920003730754
30,0.25578218630502225,0.30687085945423637,0.44867956192383474,0.27329273434860235,0.09752773538177974,0.1167116716275289
31,0.09193067736459286,0.4603435016972442,0.18432950474242635,0.18751411781447055,0.15044274891177545,0.09629285093999417
32,0.3652223649808312,0.13610442171258244,0.3614524743846115,0.03711281913675121,0.23577057134062807,0.08201738467517468
33,0.052628008457634996,0.6213922678247931,0.39806699005148527,0.3984807930691943,0.18223871592955168,0.027914636392376634
34,0.0580831007988868,0.3769830008193797,0.3262244102086335,0.2123743070761972,0.2245866340314126,0.10123071333716459
35,0.12618734612180108,0.3475124730320368,0.34393734825479944,0.2339425675744911,0.21147388458907046,0.2196708646757559
36,0.14816355632721417,0.15681706352936328,0.15019740509580892,0.22270972685408197,0.34514920495138407,0.02975848412621645
37,0.6003977406781048,0.377838135594528,0.2870921115630762,0.029126092746837244,0.12507727019690323,0.07260736433616652
38,0.17734093155846803,0.26531186095086473,0.07531863774655075,0.03847606081045299,0.0988989055752146,0.13776173021451352
39,0.30851878547181405,0.34727758573702805,0.5440756010372203,0.17380659760108663,0.21202748880351519,0.01744516731294435
40,0.17317973848016216,0.5475276993442082,0.3714907764533727,0.14730714507803072,0.11268465412078599,0.048588704485238145
41,0.0596662320221136,0.4296576668019908,0.09579534290566162,0.2412079194952382,0.19038903063736018,0.09167083068180806
42,0.14318639170728412,0.30627948162563384,0.2833723493616775,0.05080156991751606,0.32749656541012406,0.041875804836306776
43,0.3975409579984949,0.2933787140920467,0.5394420367935467,0.20822419134451045,0.22614287078658885,0.034824723956627716
44,0.1691313024380727,0.33386823943023863,0.37866625900733175,0.12393557799980483,0.10347507660442982,0.1493643720162867
45,0.3396115024824299,0.10211860781160192,0.4115423205462902,0.09188266687580418,0.2283453370065056,0.020388396246076197
46,0.36534454638732106,0.21159441736465742,0.5140258337628352,0.08595364625206321,0.1115571236289802,0.04546948187097242
47,0.24072824257213946,0.5614960722649708,0.5103656319504611,0.08125921480099639,0.12681261123005172,0.04995566357673066
48,0.16671547912920437,0.24485431590250073,0.333634336334984,0.06969360344110496,0.15963565705821664,0.07733825843767679
49,0.2493691615411505,0.10636310408805108,0.7138748451419286,0.0467119957091689,0.05647718102812202,0.042078821710166546
50,0.056294373774602224,0.46622965985607095,0.19214238915293116,0.08288158951718926,0.047369649496835815,0.04903075650937246
51,0.07236308701272644,0.5898161623575412,0.4684108853027458,0.3423365904748709,0.16988376030328778,0.026984580600306337
52,0.1257529999084496,0.1371451791684598,0.31484405304174473,0.22016441495725325,0.12900562965700368,0.056394047628598606
53,0.08287763177942926,0.49600194397722813,0.6420775703808258,0.19273831174000366,0.2129319153378046,0.11407488990020125
54,0.2103520495249912,0.13591960714970333,0.3517677586745756,0.1260051313750141,0.06896094316615768,0.09426735085273329
55,0.33875567811873997,0.13293878982377805,0.14787244036794017,0.02493101557062028,0.13918184791845883,0.12580333422928136
56,0.2935739825563712,0.2015791493661553,0.3289178326894911,0.15588934873367802,0.182376891811499,0.2538735519615476
57,0.05605932649764233,0.2454028189390096,0.25598801615218564,0.21908140389155908,0.29282798453484893,0.016214952991036265
58,0.12689345327929433,0.06781373521838359,0.27606348398742214,0.3454316247558548,0.11384821402723057,0.22575945521425533
59,0.36071952883902725,0.4311728513841569,0.5771396021625337,0.25910837788848073,0.2546163347401249,0.2165168814631486
60,0.2974587802688359,0.46987579956809494,0.6094536198717524,0.06807036580544654,0.17863585242118524,0.07222315193602566
61,0.18844205062627933,0.3574138698418943,0.5145748649040878,0.08287932629017378,0.20776952813776597,0.12084246737078794
62,0.06310023506295549,0.349290086717538,0.27212923949378426,0.03876263218559554,0.2676741578360646,0.0791696198763856
63,0.14085950986499862,0.11499810355576498,0.1352732658064735,0.11118828591196403,0.2418350829598115,0.09640729260269462
64,0.13190265251384264,0.06365296688079265,0.26772381652795635,0.12735568649524895,0.08965780215979477,0.07994342405582047
65,0.2862275923403969,0.13410649949272388,0.33867798881798744,0.2349868135149983,0.17775364074677324,0.05390596971278288
66,0.31395892214122395,0.35612072350208285,0.3764815076501333,0.38754136085215235,0.1491551100205968,0.03956947218368295
67,0.21800995524184333,0.35388645134159835,0.448867312629392,0.2315002786790692,0.24804226785202838,0.08639930947921005
68,0.11463224210311168,0.06793894419756506,0.4245412340161157,0.0345028453543402,0.18202598772266554,0.07727339003343933
69,0.14945112607579703,0.24182545586114243,0.49836007311194624,0.23048066014924648,0.1266413948877621,0.1869777895972791
70,0.09047559057899313,0.24666796524970194,0.4779234804593092,0.043535235014238005,0.12748314907166466,0.058362609552345686
71,0.06639061206181548,0.063804734144211,0.19988902728986369,0.08698676877633231,0.1188628968326075,0.08383602566504372
72,0.29706210172549147,0.2244592593720788,0.22806196738946638,0.07482507275084534,0.06173690095049721,0.01882357964820585
73,0.29052531056438297,0.6183628427316,0.5546363505772114,0.1496647271551914,0.031511060951929716,0.07558583336338184
74,0.18514349987702397,0.42207476111196507,0.465126153619069,0.0854079856484273,0.1611936835727637,0.05510979774136344
75,0.17478142044258074,0.3563296764981204,0.4610059185919187,0.025779830068085024,0.06448260638442269,0.15038461079682966
76,0.1314955957766039,0.5499532139008572,0.08486546931509172,0.021557645266773045,0.08902881558562419,0.3247238586205586
77,0.2520577847238116,0.4641744756247992,0.3047349622919776,0.2309238381074851,0.08072562840640603,0.0602147438271891
78,0.1220213542107702,0.4051566246596498,0.2571041231582721,0.12075113016707477,0.026682781181080088,0.0797810926052554
79,0.2289526578313482,0.13990166046876953,0.15301069143675147,0.4274265377822969,0.308678108158181,0.014907793842682412
80,0.15412334963457375,0.3162648392935735,0.5412958990040149,0.1513129358846197,0.10070478234897351,0.1356686816411473
81,0.23590465273294978,0.35556510432885613,0.37282334410544016,0.1745087498760754,0.04393789479954708,0.08881158354303766
82,0.058034845675120954,0.6355634965919659,0.6565851117433815,0.09012751338994858,0.10294575934024769,0.028065387429234125
83,0.426553684286993,0.14632778489575723,0.4498539377676242,0.4567010555903794,0.04354052268054685,0.11234884503638617
84,0.15935705570706182,0.11553814222734411,0.550869011901383,0.3116517417740889,0.1008190095685239,0.03581646949410378
85,0.06140021259209019,0.4522678487746581,0.44202126171213546,0.19589082249428258,0.1605253232240954,0.2533562407997361
86,0.1267889507161423,0.23716743700760737,0.2649692238107727,0.06257453330430232,0.15928769091347664,0.10667618190187594
87,0.1266149629358916,0.16494906224908587,0.1704369032780834,0.3089347763033186,0.4632735458171679,0.06273250409935865
88,0.20919315459883825,0.5911731974099745,0.15977804136420165,0.0413709271143826,0.17987458035494022,0.13192055586158727
89,0.15471233709717377,0.3050516920082634,0.29553593573749054,0.11750124853693848,0.05275683259729109,0.06495863727652947
90,0.04969938729691716,0.4045599602306675,0.2568962068430003,0.022508242828093956,0.08088803207340522,0.07416031129421304
91,0.17454646508153193,0.4291344671503986,0.44411328891683854,0.07233426461046027,0.194106586300297,0.036092075365429396
92,0.21583842244523968,0.8271704401246381,0.06330215488639478,0.006010330718707495,0.30925181418381037,0.16936108182046233
93,0.09275482264832886,0.6782004046717045,0.13249522996798827,0.11223686994467658,0.12293561586949521,0.01889078508655088
94,0.027938102164981004,0.4653367559932239,0.15163148483527564,0.10069037511771527,0.049172448771948304,0.008029200481553284
95,0.2495106708801803,0.3262910439597482,0.21942407771832648,0.19495741260347269,0.219624462593035,0.22531966940740888
96,0.05645987617167813,0.3756505128359718,0.5898040667204759,0.08276889943176031,0.055663803070707604,0.07718135997724024
97,0.3576620477613091,0.04708041922755991,0.5674768015898919,0.10518014937885074,0.43777712926342677,0.1810428163023852
98,0.202496157179099,0.5078325959023908,0.6230870757203344,0.08606208809006104,0.16043438247489109,0.015790590837098162
99,0.11378806086352115,0.48528886715477665,0.256586114456122,0.2789171899339474,0.15105017687378844,0.05018641018259859
100,0.27983021590216833,0.6616051624698539,0.4133510885478783,0.2875842890488735,0.17193158724415974,0.11584325354043004
101,0.2599873339180156,0.6479242855552754,0.37360207792454897,0.45368581352652754,0.061505266911426146,0.010685299195265308
102,0.3144299424226645,0.11578142986070822,0.36865449094651764,0.02853697120069122,0.05624075964764382,0.10651381442357206
103,0.150430604940674,0.3146639654022886,0.48388858987099703,0.07303180722070839,0.10032532057680608,0.08220866448510768
104,0.20225960415828523,0.15924570772390445,0.2536817351723499,0.06508875326616657,0.054080006435556965,0.11831237091930555
105,0.22864542755522335,0.7307913307941835,0.19078605611016608,0.2855464466732274,0.16671514731435985,0.07653557278054128
106,0.06734998427866559,0.11405555928303678,0.2866995218479827,0.3121971665988149,0.3723863320719037,0.11742641394558835
107,0.19300691794342406,0.2556023360919795,0.44099774604476694,0.10119239213585554,0.20150271978999998,0.2418302804509382
108,0.36825082539634046,0.2994699002796653,0.1872550937177397,0.0767305554422462,0.1671808039302494,0.07807689216259994
109,0.22416814382304115,0.22103826124371428,0.1723738468707601,0.2178067478165194,0.04750163296837486,0.07871862509152654
110,0.12875183985104302,0.18442141608395166,0.4638545760041907,0.2217721775963203,0.3656814953333409,0.13542829757386693
111,0.10764263314126893,0.3844221965768645,0.5979656071861813,0.1044100298119929,0.04440646050741976,0.06182731113649647
112,0.39532904895354115,0.464678443969732,0.14448217958271112,0.3483085890172577,0.17600608851842264,0.08171671914263991
113,0.1288423624465552,0.11673624591403801,0.3795004918251832,0.1775462342996322,0.10007653881561833,0.05055964103462802
114,0.10021211006399441,0.11706484352159956,0.15652686392011525,0.17563935343923948,0.04452636755004025,0.046571128106992134
115,0.20219932067487126,0.32215867514035834,0.18141029424281394,0.21644707747134118,0.12861377534693985,0.05008671911728608
116,0.20910986652646724,0.2966125350052775,0.2600261598899215,0.02842766217030991,0.073584122995002,0.04705250086942981
117,0.2885338029679489,0.2097676032591998,0.17408402052503133,0.22747269466031853,0.14394402608254622,0.02717218674379002
118,0.24720407516534687,0.135633262862033,0.4723801019734034,0.17455163460861195,0.0326901970330675,0.06183711148364475
119,0.17333057583619435,0.20589448560342757,0.16348559806578927,0.07752250756748821,0.05290918722421431,0.06151534582193711
120,0.42947627814196043,0.49301939732950795,0.30760517975938584,0.2844304808039523,0.2504360821671377,0.05871784453135117
121,0.50584758553732,0.1135300784547302,0.2661134552713008,0.13654760501256288,0.07485661032167308,0.2880908726142822
122,0.06715795298645383,0.3085824195818692,0.21596324345020382,0.05224382948061041,0.06290689440057243,0.012402464556569114
123,0.21476706435577866,0.570950988202849,0.1660963798817601,0.06649020770892114,0.17995433194603272,0.06863556524516842
124,0.06127227464195445,0.44876569895994656,0.3393479363928169,0.2747434677578545,0.18439442634849157,0.05332998393810648
125,0.15683598129868645,0.2890389664758828,0.460966116567879,0.2093650289830981,0.3024216010992328,0.14800926724116772
126,0.14690039245664416,0.42801084104361925,0.5095828530027445,0.3827105635844136,0.09877050350256589,0.09104821140946227
127,0.18273907786388038,0.21803129400784024,0.2186459883630157,0.031133562644579477,0.18373181623019427,0.02909801811426309
128,0.3634533478311182,0.4622249268474297,0.5092955666294028,0.13008606306861129,0.29956787735132195,0.14906360369497668
129,0.21650502069289743,0.6425982081430777,0.26327556910402766,0.21235532040291083,0.050953158731202375,0.015688937722419114
130,0.10847721629341839,0.19316475812633854,0.2950077831463946,0.3510195239494566,0.07868279910360561,0.06858592233996529
131,0.28635850150113595,0.6326191903571166,0.548893528153381,0.013208613750727632,0.06645590662466935,0.04332438804836792
132,0.17008733801178602,0.2752021252934506,0.4740788435196206,0.295025769092224,0.0887234299358416,0.12946255583765798
133,0.160204579686817,0.2874535623318727,0.5095652394642037,0.3194596835656861,0.31464670597160777,0.09361323596772057
134,0.08001239134856802,0.3661752142513746,0.27400685987615125,0.07981124159082768,0.1898889765634825,0.10478852809815188
135,0.1028275551695024,0.10614236350895004,0.28468106581046776,0.2866367342335977,0.14426123437989793,0.01917840399743528
136,0.11090874543547727,0.5245033539878653,0.42260064952782805,0.07616839303256367,0.18921145758594782,0.19426649507134197
137,0.1591116386134817,0.07966135814643341,0.18247592304093896,0.09071386387312952,0.1159338490476943,0.027747562167792308
138,0.10888626230169944,0.3390036211306321,0.2856773425869964,0.2605501828082249,0.07949128132737081,0.07652124542792192
139,0.3275458219500582,0.12481595696853687,0.4582503425645236,0.04330961657683008,0.054668965512562846,0.40445850252081583
140,0.42810193961577114,0.12388598051877643,0.2894508534899604,0.2196617338124846,0.19812708875493193,0.21334099057918857
141,0.14714789019492977,0.3927242219855779,0.7050089927657651,0.08510296451605612,0.039157688160102185,0.015146079185134591
142,0.10146922644931919,0.42781055513012034,0.46938387086746575,0.07753428824705766,0.15094074048585904,0.06891565499225734
143,0.19590014333728997,0.10613398956359352,0.1578458147907141,0.08212066220416936,0.1521289436594813,0.21424611741548272
144,0.4269054352722676,0.05915849532722047,0.34977088600735057,0.08083707494673849,0.08190513924367869,0.06250260419983308
145,0.3816223102562183,0.3390674891322151,0.11619450403170459,0.11113673550142589,0.1717661783035841,0.06815707927192526
146,0.2653668433044446,0.4721055012542202,0.5489933113732205,0.06554185963763591,0.0532235894115122,0.01985240901603759
147,0.15051977983007592,0.3097613978839244,0.3798693296602227,0.025069569936660274,0.10665973369460181,0.06046154757193879
148,0.19384950005967758,0.16459082037810116,0.3161991069032155,0.28092585569132184,0.18348658708785515,0.038693818610782964
149,0.04889793970824998,0.21038616202025107,0.6148246925198729,0.07541566140517775,0.03195154111614077,0.025907736140927614
150,0.31680188242789253,0.7313065428244461,0.5815067595432629,0.04989184780671346,0.07775157701577841,0.012450231005462387
151,0.1427199198421658,0.05082631720049908,0.4118320662135098,0.23637833205215683,0.14874425112111614,0.06347494324304268
152,0.17394511698066634,0.2780132341589131,0.07589352481995994,0.0756662961099776,0.36651721887106314,0.03084596589556021
153,0.10535692502004067,0.16429243473551727,0.5603251774523251,0.254093781067214,0.04687863313907853,0.015075001198079141
154,0.1947957041664717,0.5590375539939293,0.4256641469728481,0.38051619665640185,0.11053671364100807,0.13026251567076755
155,0.13708357494317044,0.1516944036448792,0.3617852848308889,0.14236416894208218,0.171098570858618,0.06088691512309111
156,0.0895239046471561,0.2712732736247399,0.5484972681156929,0.2691085427045366,0.16259826160150223,0.05767819248484914
157,0.1306416476822941,0.11180817505084698,0.4345182409082916,0.14838241656132892,0.17257714822975972,0.07137384405011411
158,0.1671052334801173,0.2995554279588114,0.3189140950942401,0.13705652709621674,0.28447955394864066,0.020474024526970096
159,0.09742617226651662,0.1678754885438534,0.09410139257040603,0.16930929462621755,0.2675929648694428,0.16233707855320662
160,0.2693315474754906,0.3092581419445836,0.24244060141769014,0.06204443067986601,0.11495207154730024,0.061746102092301705
161,0.23812109312246457,0.10094994945437201,0.17239509706381856,0.15977461345937344,0.08318525965220504,0.16429699812691237
162,0.17269397043707746,0.40738422126041207,0.5672816726130034,0.3043771617034474,0.1949328247292809,0.04296665456798633
163,0.28284202571508665,0.3463620749810279,0.4501978380261618,0.27869899151140276,0.20659449195883156,0.3902128806595567
164,0.031495549791368996,0.22918095761939514,0.5766922287917463,0.1258287364195126,0.07656899964802452,0.11996372640302172
165,0.18847897331373012,0.36535438318081614,0.4075075352027235,0.09027880928027614,0.0895127624705801,0.03970099278401353
166,0.12052302569197931,0.08362038913831543,0.4769134010021009,0.4071456277022218,0.09352966252187374,0.16760706760270083
167,0.1194767945434572,0.16373010491275983,0.09014252447708646,0.07245372162203827,0.1407785732178514,0.15391384320458448
168,0.38622429087491505,0.10898878078352303,0.12159657384165744,0.1373203736250453,0.05423865838496263,0.0718422695686821
169,0.5517480780242402,0.6099929751698543,0.37376545927932336,0.33360613846937254,0.3598263218231806,0.10362912807467634
170,0.041888003306001426,0.20209701227862367,0.18432647409894118,0.1032633844803557,0.4481202973924712,0.0964918553688653
171,0.06687850711344742,0.12068836599751143,0.2482256784502568,0.11477785509214776,0.10717940459417244,0.045900446891507296
172,0.35561444820524224,0.6773405991438458,0.5165502006054885,0.22351170384745103,0.04229968653504791,0.03291569954474185
173,0.05338431275982834,0.14589761955064093,0.10954377128591745,0.07851637869607661,0.037401698097302566,0.02875037216432523
174,0.20869516804626206,0.3423747212069136,0.28131042812626866,0.35151243498096346,0.12713428318675557,0.08264003997818743
175,0.06185454709481257,0.2656622601422944,0.353877582504804,0.348048544585831,0.23163324827351925,0.03200558581468911
176,0.3081634685507362,0.32418990310815066,0.6522174193461787,0.10329016166064964,0.10983818296685285,0.0351457377257218
177,0.2992374158176925,0.11137419812838012,0.3906720357789279,0.13985488124535728,0.10271027186803834,0.07432152043453595
178,0.09605262386799075,0.2954221599824589,0.6535239215561074,0.073307250444486,0.061806530636107096,0.04012835071788199
179,0.21416266053888777,0.419803751542693,0.34981654886452623,0.09692148793120553,0.02857111529133145,0.2385888379229322
180,0.4604882925551431,0.5598605678976246,0.5718113832215194,0.28184157134149607,0.039547493934007874,0.07618122758086485
181,0.09926133350305336,0.4918393759286544,0.5244869869256903,0.17474841420431336,0.034304624280633376,0.07076338117170884
182,0.2612612150834679,0.6113892482435233,0.3661042206944469,0.0797925569324675,0.342202088342513,0.14124775109684792
183,0.37659064111284685,0.23060519892910328,0.4148486020550794,0.059510423856459604,0.07643114239402203,0.054681704257578664
184,0.10776328817448401,0.2971192101990082,0.23849475338183002,0.14062058303520825,0.3144755780787003,0.03760284577413063
185,0.13749816888660055,0.35563628251646107,0.4134409347544176,0.1377616422754393,0.11934167201290878,0.06357051896687355
186,0.15597079032811767,0.3163841898521099,0.3290497313812368,0.1258629830391757,0.3637049195085379,0.02082136399562875
187,0.22374439023058243,0.5975142078000772,0.3495499989952111,0.03942889883506089,0.05103515950652376,0.3251056447534021
188,0.11899338287366279,0.3156796278155554,0.6505034851096564,0.10736067134686433,0.016165800012978345,0.008897419974384055
189,0.11471830578545261,0.6867888500810931,0.3960361885202935,0.10846763660454171,0.18747232211029055,0.2451524094737192
190,0.1054365544987491,0.26114648731008105,0.549700203896594,0.12854521050010223,0.05464580906276582,0.07736909453822026
191,0.20258561685989374,0.10137088581706406,0.1042989067528508,0.2764643296931711,0.23492707083221265,0.16898548757215745
192,0.11703540634011358,0.14170663399426967,0.390135886832036,0.2114316285233624,0.2798470739890443,0.11002555600090715
193,0.38700549632487585,0.246372053756507,0.24986556562164938,0.24464541652011923,0.2958475594297837,0.023610219309957305
194,0.3286920370445195,0.3845108006330782,0.43690984333264066,0.10878833498675144,0.1987554759673296,0.28328638513694127
195,0.46211855483958164,0.4761031151039055,0.6302425130292808,0.19593704498817,0.12923853475567268,0.08644221682277488
196,0.29902027308778273,0.15724914541023974,0.40123058241129805,0.187424590984837,0.16422103713362401,0.03819137450553621
197,0.1040826733526124,0.1768886712761975,0.09237190502221608,0.32561322951360366,0.007033574881844899,0.08730288707028154
198,0.11156287456855529,0.3653771584076937,0.15821431780665463,0.2541501077768029,0.18743087494497784,0.0641960780105935
199,0.3293847338403736,0.17259400287742593,0.1306884483192089,0.06640613653773633,0.09139868758799614,0.12836409273868005
200,0.19519343683749185,0.3831636130372335,0.5759616245320935,0.26176643903731295,0.04213036622767746,0.009219840452873558
201,0.1876029829112044,0.6005712705286704,0.4307170734494965,0.3222496451158395,0.04557120123989841,0.017133825562201385
202,0.2677351890535181,0.10332941367114425,0.10695047974159555,0.05844240316967084,0.08513183120318989,0.16484219983593193
203,0.3113907789684684,0.19396963842219472,0.4869533514954896,0.07067255277384303,0.04521907126470984,0.01753619687113279
204,0.08434408238405951,0.21059415052001165,0.15626815159546772,0.242544546577066,0.4694305836155594,0.205270947846428
205,0.19368130024026292,0.5891598097987731,0.33118229137784966,0.1468560711555834,0.08062567909567454,0.017950151179488387
206,0.12310914029640396,0.34292289942314663,0.3452996216104623,0.008146753003095131,0.0632715884732322,0.14606119841907367
207,0.0686295000664719,0.5275512818338032,0.45345448940095967,0.022531483853869032,0.05289250517157378,0.10704258973227236
208,0.10687162797147755,0.3868827124547267,0.3696096699804573,0.10410472226888957,0.19229243453565137,0.06627047094462352
209,0.12445867584126805,0.3683220852821386,0.3248197228268539,0.19868717642559322,0.2149849166794708,0.03806178518192875
210,0.09751697718440026,0.5400005862383886,0.6505705979649378,0.12637261525837157,0.18631459190673524,0.045798865600809834
211,0.2023278054947154,0.5244084141744543,0.18303791561470892,0.20539251174040596,0.38767974120670656,0.032647257446139506
212,0.46405613764581694,0.34127876273602553,0.4931392000853691,0.24383550955369962,0.26228814791962957,0.05003841391337391
213,0.29716153400962975,0.15421117085818814,0.2231854469263344,0.05349312553427683,0.16840244434686485,0.03080165106831475
214,0.39021971292829755,0.10161817764571564,0.6279959945750323,0.34942644032548503,0.12843496683273617,0.2364298826865554
215,0.0741431814977683,0.17125480051515282,0.6728343855100543,0.17672749253451647,0.1379630975668226,0.01036535145230734
216,0.251099528130285,0.07433702102770123,0.21882014590869775,0.19406255121130025,0.1413145485800139,0.18194443501949392
217,0.019569683236618146,0.7165953369274703,0.21033125181481202,0.3702694162635789,0.11872926454291723,0.06317292340165466
218,0.1847961476460789,0.1766323230952169,0.4884657391145987,0.0921294736172285,0.10733965889319406,0.02472175506063609
219,0.40157031184435066,0.17473473868428502,0.46029209219437406,0.1996373899595605,0.33951258828922004,0.07614490866331922
220,0.33141509224257026,0.37372112380405426,0.32177812270138373,0.20765413849436665,0.30447787952974414,0.24462800288459233
221,0.4645165076633155,0.5944240733264818,0.08219189235004204,0.25413355517258546,0.3420161492051995,0.14376397533840773
222,0.2880888464907002,0.4841720840734729,0.3747589468604574,0.02887701478460726,0.03789333110056762,0.01959160177943351
223,0.31206147785856286,0.42793117715606305,0.4391189692233703,0.25604922743127473,0.2714560012261469,0.04461411708084453
224,0.13111127033510717,0.1653866058126259,0.35370761172589177,0.13769335088918624,0.22498646585592944,0.054866595111216485
225,0.24256635748839483,0.15717120572406829,0.2860986517134275,0.12622858821372124,0.03299899432735649,0.10249870909365259
226,0.04849960336556552,0.21819788407473137,0.3527959370386526,0.20351996480713766,0.4108368564521166,0.06606819156783675
227,0.08183164798193908,0.14903630446751168,0.1679314468484,0.09222567274084634,0.009837137416201314,0.048873749073936136
228,0.25866444309307823,0.48899993856395835,0.18047346904806016,0.07424528429572255,0.07044896271712475,0.010836711787832692
229,0.1234284244972769,0.2996665894573418,0.21758958551167226,0.08859312356615635,0.1970948866752966,0.08709583283984945
230,0.18130678905326497,0.19804468818515905,0.398590400992747,0.06546165182587346,0.0697465841636127,0.047247402299010616
231,0.1805224264361203,0.47141580342606626,0.09767127502346135,0.17348196975958352,0.05388684721801576,0.04719493736089842
232,0.17198463854689647,0.11217186757568001,0.43057655722043126,0.038546263992633965,0.1067189307975075,0.1885257837386412
233,0.07004280049083042,0.2517647042901452,0.26842452988733406,0.2644196773908024,0.031753953382917734,0.12828424810508995
234,0.11328561840322285,0.13951021292244317,0.43856583226151846,0.32233566310435285,0.15441474783256343,0.08307882195859237
235,0.1549985108858277,0.1869915324309126,0.2354947343163517,0.13165494025346108,0.05828297767262918,0.08956271360805106
236,0.2761803847680842,0.1948841565772506,0.4880169241200221,0.10681539538316595,0.06235031412090345,0.15780376119548406
237,0.1721216340892007,0.23333064650876564,0.2375991747948218,0.07640285428426934,0.06445883543378232,0.196201985585397
238,0.18806536897530543,0.49334707243456094,0.35598466372161386,0.015257956331360874,0.06096248460795264,0.03855466910229312
239,0.2007685766184234,0.3553011060280238,0.37629134765929895,0.14785252505302576,0.1947853497570688,0.3362330679751853
240,0.2046721626488017,0.36158630518829327,0.5134380903025028,0.06298786832205508,0.22393788573700882,0.31507418417867783
241,0.16037982939660383,0.31008566245061214,0.42988682108206006,0.04451958404544311,0.10195525296319097,0.024399279100945238
242,0.22328630569036956,0.19544228446508222,0.40971202832837,0.12054741618363866,0.29671964412584073,0.11121154308408795
243,0.22493737454897092,0.2966096945111514,0.27219021274521205,0.07669374428195104,0.16365454224811193,0.07306536458231934
244,0.13339212828845337,0.7326125183335722,0.2887204899893237,0.12085888078639023,0.1887191080460663,0.17649421160991527
245,0.14660704719381223,0.2367487863614531,0.6963451878343359,0.18070588051371897,0.04452804467822371,0.3053192717079523
246,0.15749786987206865,0.3943588018137635,0.4784991703772689,0.0163214403660496,0.1697360381216864,0.0176082616995418
247,0.1708017791331059,0.5169524506831563,0.5937046637276754,0.13405829181667675,0.044668743183050606,0.20012737953938173
248,0.16917694045730514,0.08346398037543998,0.11782871882771809,0.1215580748542849,0.2780920176985351,0.14174985407660945
249,0.07668131043694364,0.1607283187877262,0.28903364740757415,0.16309577368256162,0.146437786051335,0.03729278437178566
250,0.0720539200420968,0.701854012689316,0.5523973113322405,0.08381990639619454,0.08297310191385045,0.017715245938334376
251,0.34878680171717835,0.5862794051567286,0.35094022264679026,0.22673436758343887,0.09250308491356402,0.15813595551649592
252,0.29014195546894683,0.29329777743764346,0.5797109095563174,0.24566238624526157,0.12054266311761323,0.09277497534260566
253,0.2829879784899556,0.3622038090921524,0.33244438980286256,0.09003297446759594,0.45371316218528523,0.12393873743666901
254,0.26980907617487204,0.3368654609116032,0.3031769155356981,0.3046701688458849,0.27193455702586306,0.10607799956313059
255,0.22548271216815796,0.4503352240945513,0.4279024163493029,0.20073535587559518,0.21344655451847097,0.08139781997680753
256,0.1998752696524666,0.4533525268408328,0.13575441613777434,0.2776686649269639,0.04809879564021455,0.05971868552130643
257,0.27439539494744714,0.4344928339885305,0.3942610946335616,0.1352643801556251,0.3107208717034072,0.06431109301937232
258,0.2536220325577439,0.17494006796531153,0.33044106367178816,0.11224739575050108,0.057015074833167166,0.08443969302284832
259,0.038297615240905886,0.37983288016624017,0.3697395569891045,0.4070699837026563,0.12400888529712131,0.05279802552259746
260,0.39947767230394976,0.08440859995096008,0.3629465628052091,0.17810955737356907,0.250267661383014,0.15869726417568403
261,0.21008291831506856,0.2403417839260243,0.5627303006026424,0.22789230852160935,0.1312583733450518,0.014271560522648085
262,0.3057074720399764,0.24253103783355842,0.33965801275229285,0.13088319252939695,0.1986746480822894,0.043877760314408855
263,0.2512380997750198,0.39747889355783783,0.29048662764130156,0.18086752365189387,0.14309474171604103,0.09363057608556506
264,0.04012803627594447,0.12302068458296461,0.5471148749345575,0.10249708266047894,0.03232415160051392,0.21669389385647003
265,0.09418329518725665,0.09394441622149714,0.4146355370062135,0.13908404300204683,0.12210772870234066,0.09988348253515561
266,0.26294932205566385,0.28420054413120405,0.44092214308096556,0.277377980853551,0.04820214837422215,0.03484263657336377
267,0.13285557523175226,0.1437500463960507,0.47759723776145574,0.2065919623097301,0.11734891999685614,0.15342608883799216
268,0.1356254785004338,0.2625487909740014,0.07309022626524225,0.1896505395266488,0.07961031905109961,0.037242895104834785
269,0.5765539340739952,0.24492305680265408,0.626489776327271,0.08291998413074836,0.06960020813580325,0.054529852968997934
270,0.25419455484563164,0.13593771576505892,0.13782371018564982,0.10663114687071772,0.10082330437243128,0.034933859093162656
271,0.4292645553860737,0.1852930204937107,0.3109807722324765,0.3539596251257373,0.5202029673822475,0.14488531444842134
272,0.18992243357998667,0.6407724518311883,0.6091022327068669,0.05401783091879541,0.189577689575102,0.08768300326690355
273,0.3291455680591738,0.4293015106475858,0.4300522625233613,0.04231814768922104,0.0871281688891746,0.11544370478301037
274,0.25341477213443186,0.14017955063376128,0.5071182365322714,0.12500021740061104,0.016281516650616442,0.027409277580454538
275,0.05870485899366889,0.23891439761856273,0.22273919138776918,0.06786015522910972,0.07215728678487586,0.04563133524481946
276,0.2861282433564052,0.10013069622898368,0.5528328347514461,0.10865438030267532,0.29118670225533344,0.06042933159068848
277,0.20378595736552063,0.21913445543148188,0.36828416215033627,0.23037741134007128,0.19206248149305039,0.03609657504608755
278,0.07586066641694551,0.09455236071545373,0.1599280631520825,0.11742480764087755,0.20650753799239013,0.06147972386530515
279,0.025923188245383224,0.46723364607239254,0.1384772778266495,0.07020563822790711,0.09283416595504226,0.27662007844152287
280,0.2843734285819138,0.5432603850595779,0.3371405051943812,0.07555975229195505,0.14381069836524674,0.07614917708411244
281,0.5836829629448231,0.3259480791307878,0.6163591625760352,0.16317365534433328,0.09544173493433654,0.11969658631277676
282,0.32406235364149466,0.10918394695498236,0.45220450387876515,0.06324203285136375,0.16012012745651427,0.1326211905083024
283,0.22971545114880287,0.40875002943059263,0.690368796895387,0.10561454274424407,0.07328467954325522,0.061613252297583215
284,0.21403142639128075,0.34096942927705,0.1528847166850109,0.11421752490667289,0.09027566058933356,0.015439150552191722
285,0.06806436279341846,0.24259710734290527,0.21031233063601476,0.06348418464437136,0.2826658321851567,0.19356420975621239
286,0.11498434643852602,0.528177488682919,0.4683955431330175,0.24532435347928236,0.16862665366921004,0.06896466463488102
287,0.29586739644598764,0.15569464337335867,0.5383889996518811,0.1359132500920735,0.22331671454246743,0.17033461558196536
288,0.21197161415569454,0.32293134777912924,0.2402898664339908,0.2935851092438275,0.5059073781908531,0.18431217589992716
289,0.13179985816241055,0.17534056214680696,0.20452969638569385,0.31867117092933794,0.16877189054085667,0.18987059308975057
290,0.09694767076872512,0.6590601581306494,0.3880281592816231,0.029580714645283047,0.15065389142210273,0.018233236151563244
291,0.15967349713646367,0.2847603039530724,0.41254220109665907,0.05846580720674535,0.24460507246319457,0.026486092399258872
292,0.07995132791758605,0.1542495403666296,0.29602990855466127,0.3633056275013453,0.1033497617343193,0.1817271938378015
293,0.3059829219713198,0.7575279573729813,0.463478160559951,0.11255750399363523,0.05163155821159509,0.08270894391736014
294,0.37473172686005446,0.24206626915906768,0.40443813486659347,0.06333674074332805,0.0968156803582073,0.20939186122036532
295,0.03348405987117254,0.10061999088369115,0.18628735435030677,0.04352817578674695,0.07471111472597868,0.024679818276018638
296,0.1491804617832164,0.4515854859564584,0.5124767762256517,0.07863375838469903,0.20760088494328097,0.17454613130181812
297,0.07701708392297564,0.480745966502849,0.22108904847676608,0.30007241360121645,0.2077912149528838,0.2530910901975037
298,0.1034223395079933,0.4130547423175113,0.5179092865424323,0.21422865112361347,0.07472782959091646,0.05957258437853101
299,0.1936809739289662,0.5828548972277519,0.14770535881392274,0.3814641532106359,0.29769893961588717,0.15314656120036493
300,0.0731159364656083,0.32038333397069896,0.6796204126450874,0.10689113231235668,0.2132195328812327,0.03511619725077476
301,0.23331142242251895,0.3279385276571814,0.39164332692041454,0.04596533068691515,0.05784542838156483,0.07006304489147581
302,0.06651171552100982,0.22339418184454884,0.14598289675435902,0.3574667284337064,0.344246402582123,0.042853483322011644
303,0.3345213023471883,0.5250998733270548,0.43455201631836804,0.015339525811978701,0.3113327237215631,0.008754486250897066
304,0.09159916471627985,0.44739459833381745,0.4404066796894159,0.1522956093015184,0.1699461605077669,0.26934119200719264
305,0.08905818249404722,0.5458853255833633,0.3027395413608035,0.35952129765956686,0.16591897092179964,0.2053949009200328
306,0.25952417095729086,0.465893854193874,0.27819678333724596,0.2660454436871509,0.04259118287114229,0.15503316652109742
307,0.07492743229584188,0.38381886585401725,0.306474408536333,0.3208114949451863,0.14860866230391506,0.04863056075738326
308,0.2189414118443926,0.22875230500995591,0.030369130686168738,0.04428798619129458,0.38762779429891353,0.19423449044363855
309,0.04672966456454736,0.12152680990216284,0.2882203821564354,0.045255733858911,0.11109663730663852,0.013325600102502099
310,0.3075306847115484,0.7264694425002362,0.40533050408490695,0.0842864655847903,0.16473891350146247,0.4000628706095363
311,0.13903326788947726,0.612700875729424,0.35437100813987993,0.1505310345903096,0.1741125645304475,0.19118473226523774
312,0.198476901637067,0.5345069399385226,0.6074332470296603,0.17425931111910026,0.18184698445148872,0.09346990899717567
313,0.190212332677733,0.2515169257799605,0.1732452300845676,0.37742844288301863,0.12976447453221693,0.06988760933382858
314,0.2149815461628055,0.24329793230639332,0.051140086888827055,0.10394061237336599,0.100748230944201,0.0539620008179039
315,0.16089797817051218,0.48091596874873466,0.3726600371768673,0.1064474664085112,0.2541755808860375,0.26639184193550103
316,0.025387137797877934,0.5869486339664974,0.058274092848493664,0.14627306703998325,0.1891999464182009,0.331481828179792
317,0.33520257496511674,0.5614942428701603,0.09698872777194782,0.24735784758015386,0.04041556683046426,0.1493460634473718
318,0.04768296640920754,0.5546665898834093,0.3980188910578357,0.16322835272784592,0.044721507106401305,0.19345429346598572
319,0.16641082145600086,0.5160285302595483,0.23099037889014098,0.20960226991294004,0.03728607821418123,0.06428145841039784
320,0.09349698441755325,0.13206734391072372,0.15851192196593364,0.031008364310389582,0.21032111710264578,0.026260015393983965
321,0.2823086646366022,0.46908594466574555,0.49007122859579194,0.21385176598246233,0.13220316457757694,0.036390257263205564
322,0.14584145590795003,0.10351818966282782,0.5247617828654632,0.15148612008547616,0.18637619329117408,0.03773849036427104
323,0.04722472473456286,0.032283232280470225,0.2089038282956279,0.18397827088737626,0.2717563404866358,0.10194565627820172
324,0.2946402765115044,0.5209810384970807,0.27159863353525443,0.37009916340363924,0.18847911924285607,0.24349714984769913
325,0.1312011498907955,0.27029264953427734,0.3813679710611339,0.2807219679965489,0.1721192763661786,0.02316125864935109
326,0.12980557219126368,0.4280010954762341,0.17827537945419,0.22926621764290578,0.3537602515988689,0.12346269518429594
327,0.15749468395189853,0.07303605485940627,0.16881382786996263,0.34083235365218145,0.1674807551769419,0.06956788292824477
328,0.1307790194069275,0.45670756442441574,0.14087796810679112,0.08455773527882823,0.11082379969875131,0.06391768569864258
329,0.08166911570258406,0.485053581270907,0.2664022219748246,0.08138863788447066,0.21748503705089733,0.14771731914122682
330,0.049596984654065666,0.5532173480681567,0.2686845375100533,0.04921179258972187,0.16573004851086806,0.031355238573876204
331,0.20085955845045245,0.4425434399407535,0.2321208544401614,0.240703000287419,0.10655382917925428,0.1142164756308949
332,0.3539158586588575,0.3431463716352086,0.24476619607284245,0.3168642816168753,0.2120246565437837,0.19547095779768248
333,0.18697642730936792,0.201563656835409,0.3896113627951753,0.10615156669911402,0.4407748068344488,0.09803391512334765
334,0.39445468607412804,0.20855447266189642,0.20341306739736195,0.26067227157339207,0.27586966242330857,0.1251990549732532
335,0.34326932397308585,0.10851746941111134,0.09172733530605487,0.10386701184395578,0.07614004800836098,0.2510740872654218
336,0.1508347031087093,0.2588542878112157,0.36429728179847276,0.03799770588825356,0.09586141379978642,0.2554140073091758
337,0.04083264343733388,0.13184636226340607,0.35115680727464516,0.12428622879643524,0.0625718661763616,0.3206284781879042
338,0.3389170028358023,0.197279537174243,0.3868059763886221,0.3093180373255156,0.17751121469661515,0.1724896426705641
339,0.06395060585404666,0.22332346379756612,0.2743332653936745,0.030802305958917402,0.07125381734355597,0.021054846151192626
340,0.4462782715287913,0.7084886421373998,0.40613589354949,0.04511630624227329,0.29113541273574245,0.036674867383219685
341,0.2980950147717607,0.3476560652023471,0.5651933560003051,0.024790160815227426,0.14869609786258492,0.048910668552372465
342,0.18285969498463925,0.6832929708930079,0.5956057758495387,0.39324074144876686,0.05370494402961292,0.07695791319808863
343,0.21063835949501528,0.24366257231336544,0.2831453607521994,0.056852658998268794,0.22477874445565146,0.14876175541397554
344,0.08263402662809774,0.092766449181715,0.1436311261449927,0.11971705854674658,0.2987671327084249,0.032433488084766586
345,0.38309773255627255,0.09753822527705054,0.5051851489902055,0.13326027845208901,0.15598617955204075,0.16247659880244625
346,0.0676174623778699,0.13887292703241116,0.20444251814447068,0.13487836402821618,0.0414405623646645,0.14944384912598618
347,0.1967580262033365,0.14919382593841918,0.5082045619372877,0.03393269123899035,0.08500396110630569,0.14129087240539356
348,0.06460224589648368,0.6719649558150387,0.1293721283552075,0.0623972910404217,0.32146241211981125,0.12766848353016583
349,0.17497172421574356,0.7728862369134347,0.44298655266346754,0.17504027237807185,0.1003787372224845,0.2520378993082004
350,0.26021028158854487,0.13063397176010286,0.36963312489447203,0.29962603850517,0.04401126341002346,0.03218661699454539
351,0.4909341401447897,0.21118337847224583,0.3683550828187276,0.31597289955708036,0.2878073638512373,0.045710074814079016
352,0.23408388540531483,0.29017556790968163,0.22534368843498773,0.32734423357532405,0.1919448656534806,0.08251137822599
353,0.164757119377634,0.0687731446988625,0.1996959651306311,0.06330528383124959,0.16922934110223017,0.10100220145036591
354,0.09450857865442892,0.5875102372664863,0.5130638230275576,0.2251740120678217,0.3126208194782523,0.0808099707083429
355,0.08599287954937031,0.4488385189743881,0.13295092666349248,0.14721658526564746,0.2520571818669801,0.1542825737274182
356,0.09570063307373501,0.2546087180568945,0.5096403731479809,0.23312981935449845,0.17657996997606795,0.10319546348149262
357,0.13017592087640448,0.2379705422234629,0.33684444987867324,0.11946884665778117,0.06738032899279665,0.05481689975431808
358,0.26870126850992243,0.5625676996677142,0.40644411502053285,0.041437978166355686,0.18755762889584995,0.05007614221514142
359,0.35146371779627916,0.16384300682257752,0.5431012545278215,0.3023043827213846,0.18871102829619973,0.09804078119300583
360,0.1067623517549263,0.4290044943751608,0.4084007751531868,0.3198081490828887,0.19981453220033912,0.0767271150546653
361,0.0488117350745135,0.4573579657532023,0.4143484925854145,0.09274466888859728,0.11095274655737178,0.027207162171436497
362,0.04437357173577143,0.13928602655267025,0.08178784227184466,0.13210797918781297,0.10186839285366361,0.11938479713286383
363,0.18092975306789474,0.5934963733094639,0.19952880314454774,0.18438003217160617,0.1897988674491012,0.05068521569795534
364,0.3868367375484532,0.13752162451088107,0.2018120788434342,0.21035180329817485,0.15095479541398368,0.04737297468915046
365,0.12826425286534596,0.2462865058149798,0.35358524648303946,0.2909293688689752,0.15008262909354672,0.06465075434493861
366,0.13005465215969175,0.3207656765898987,0.3853779999252658,0.016648114464453488,0.165500229960491,0.01369519005190116
367,0.24882200406451327,0.21188325475128572,0.2567403870926951,0.01761334535263814,0.14474874323036188,0.3838194021299544
368,0.4238269103482856,0.17908949579024908,0.573637029991514,0.20557508651275383,0.1487112922993405,0.06701794537475814
369,0.06733854012113312,0.11274973931588214,0.14396341261776593,0.07004017705469842,0.17235481191464738,0.19831719928970148
370,0.35551514675884016,0.3627935433890457,0.10248270523786052,0.07727061893186832,0.06483119679056924,0.15424018748907636
371,0.19333189352741756,0.41134089599461,0.4038865805945951,0.2016606882582441,0.05689293605439023,0.05135531607653485
372,0.09920165813690199,0.32494119014897205,0.5760016495811884,0.043197955022626064,0.15710459080057035,0.13622335814168246
373,0.4046844828464878,0.2033142874153396,0.4772066987302176,0.1975584830339177,0.013895366064948803,0.34704231195928464
374,0.09633429289565931,0.21813811213582882,0.24216679214832196,0.19299526994823404,0.16384744254268546,0.030172919206290647
375,0.10642817525670199,0.6598337740665342,0.27415925563045995,0.07475447155359059,0.06415770293898668,0.026650866202913782
376,0.16784670340927388,0.7963763629021512,0.18506491900408742,0.3465869010405073,0.06701462623834434,0.05069106414119268
377,0.3694288606566517,0.33326056060549775,0.3393661948224352,0.0571932782004137,0.19952739230921096,0.2698691883501823
378,0.18510084453829717,0.47840381537395604,0.25107995563048907,0.034432552614518275,0.13450876420187782,0.01861480429679841
379,0.09982517281291256,0.09582468463742037,0.44778371014779084,0.1431673154937324,0.14345144009923347,0.016568387548994208
380,0.018290231856476897,0.05839993206329262,0.02854659252905465,0.01872306474770959,0.014938427221759807,0.16638940393369414
381,0.3312119859187863,0.49863223991642924,0.12394058157622648,0.14409270912843491,0.18093908337253609,0.2151601560879111
382,0.3904216256933712,0.33981479643772483,0.31412392571601994,0.056047584515636246,0.14668711108649113,0.1482962208047632
383,0.06678317190038499,0.2712590722822789,0.41577082469569554,0.1993493295898659,0.16951042496495117,0.03999537814648925
384,0.20509640958828335,0.1603193907905907,0.5406521251240142,0.07721156317484877,0.16346539292804632,0.03491961332325313
385,0.05754094525345975,0.49059950812988856,0.545849595554505,0.030375386894908523,0.05293990916827796,0.1462867636856971
386,0.11584312844596113,0.10500515060996116,0.46480054238345214,0.372504228844786,0.06545503864995462,0.1399414133757753
387,0.15622799352820685,0.09937084915166353,0.258160126429302,0.3747660846978651,0.10620332405432172,0.13639038353459568
388,0.1374844424117208,0.4702201601721594,0.43187650058100746,0.09617436110012913,0.240125633984929,0.26956809138558346
389,0.3341194496070165,0.27683425956677765,0.2549914321690883,0.21523663685149896,0.20828462305861756,0.019876440073234764
390,0.04910612567544784,0.07486906598246147,0.18113688887491525,0.049515577122267423,0.30735773194901383,0.16472474603755635
391,0.46903951249838477,0.7162469255619727,0.31557722363491547,0.22774503905224483,0.23630700676891908,0.32440467901472736
392,0.09398782697099049,0.4059698100591923,0.5034117031933264,0.21111044321377914,0.06752583678125329,0.1345078063430584
393,0.12923730965378524,0.28471592288741343,0.3433484119292352,0.08032696525365286,0.07753810603366511,0.21923428975726555
394,0.3037751598929582,0.3814925534252157,0.3557446873127724,0.08229151164436561,0.15056530253064024,0.2842806550166827
395,0.2539397299091558,0.15645140449982994,0.15750073170307852,0.048244835633783456,0.07436375162905869,0.16282899814845037
396,0.21381570867930916,0.31104167337158106,0.38310890989577345,0.11839845172384894,0.15601855551597957,0.09498013527456811
397,0.2376696287272879,0.4949711830249232,0.509161238298175,0.24660244873114778,0.11402461268210314,0.0449908282512094
398,0.05132861622318351,0.14989154934957022,0.20038496842388887,0.1823701146052815,0.4207753381928523,0.11264367795607542
399,0.3670496036778354,0.49579978591234397,0.4996359353709881,0.15780163476732179,0.15970195892033748,0.059878602862347176
400,0.16326220703032118,0.4241652708621272,0.24811191850378508,0.1462201867970093,0.13887841527380468,0.1379006791223467
401,0.2093741131580615,0.38234435646673487,0.2617903456891957,0.03903809470393309,0.05334488552754459,0.2942369169998924
402,0.1983944655477176,0.15420590888434432,0.14239168644698427,0.1865664279912034,0.12963903189264303,0.03824098691780341
403,0.2708801438640204,0.37636505982441293,0.39871555922398627,0.04186681011294847,0.11407666799463266,0.021621580927599162
404,0.08883212211218657,0.1411158260674033,0.5768571226150963,0.20020344414693733,0.2122328403382497,0.12513562685040933
405,0.29145624833296035,0.24385774290609924,0.3711906549541442,0.01672535586665461,0.08023136398777979,0.13313237762944205
406,0.23689010232093435,0.7740808615490133,0.6308257725189227,0.016113413344423542,0.14380739356326872,0.1462151088122062
407,0.4093112070114467,0.45562721728195843,0.55840162776418,0.10812801652812354,0.304116610306011,0.03242559178656033
408,0.08652237936825094,0.44486414700508775,0.07100207686531669,0.1257833356925865,0.15958891560949026,0.01107392962591643
409,0.1728613520995097,0.5528441979301094,0.4228481616309559,0.19008350958045048,0.05744636381308916,0.07809098990566507
410,0.27579505537559984,0.12957860726313292,0.2352619528416475,0.07912246666059564,0.5161112117257342,0.30089547413639556
411,0.3688745975725601,0.5173365302817639,0.27576886813013535,0.07595295101231968,0.14895158718677073,0.017946986806148
412,0.19781104063308447,0.048716949829684275,0.48982361001161656,0.03852934776205373,0.29021556222093164,0.06926526858134678
413,0.0714446039339783,0.14476844779378645,0.5612784224305217,0.03346752775579648,0.10304329274370988,0.0714493072831161
414,0.10827094183162066,0.07917319998683474,0.11763497721946532,0.2938738544671431,0.41913213165193686,0.08043186235812881
415,0.23795067038125378,0.15181978466922746,0.429861725452796,0.08522182335158049,0.1145430072408675,0.21458944380365283
416,0.06292025831075361,0.21489723625467733,0.12195286847601557,0.19308269173061252,0.347752393697234,0.1285120382044154
417,0.5237199538187635,0.22760321567785777,0.25201214115443143,0.2960157734927541,0.052878780397345185,0.14198649162133659
418,0.07066805637765922,0.40693115861507095,0.2891329799407536,0.15165631319388065,0.21235304773435937,0.04546233544087945
419,0.1354832072928778,0.4840800888055658,0.38897579183280184,0.0341428336715587,0.13860170075322764,0.053238297062696734
420,0.12842059260942013,0.27668896488972433,0.25306764866542497,0.1284591702533783,0.15301628128484404,0.10438033079787834
421,0.14886498710564483,0.39526099330002123,0.03752084542632901,0.05747034955575673,0.3490396461418447,0.08554791805186411
422,0.39418778099285995,0.22649228250422734,0.30479111197527514,0.25238805140341775,0.10842459612634077,0.22424958719313537
423,0.19499548638339917,0.08722499295406393,0.2686241598123705,0.15395341487391137,0.0970627509809696,0.24126293358956094
424,0.09779582731595934,0.1260035124915273,0.11807517336447584,0.057687686177856495,0.039032087277234805,0.09609689399656558
425,0.18411164119315673,0.2074014105231655,0.4040520365666842,0.3086627168147312,0.13755219064027985,0.1266867910896495
426,0.11286902970695323,0.4384798478124827,0.43179011552848706,0.11005076749342627,0.20803965030745455,0.05433375114336477
427,0.20862423412512945,0.17509461529128614,0.36643420195120924,0.07980444077973316,0.16397638911065818,0.07952507699037929
428,0.1777724729755695,0.45547691226259757,0.5726813889734816,0.20222440565876956,0.3012531212939084,0.041796815256829684
429,0.4502536125468183,0.2277724630398806,0.5590473000205264,0.18999859681936448,0.26853531129231,0.23230773424372933
430,0.2581465604958624,0.4402982317015308,0.24785073180098147,0.04167344127236444,0.1346397872683616,0.03308484656677127
431,0.328428311857114,0.3534320488015658,0.3949612218700745,0.12480258933414584,0.04324626482815678,0.01989740017023092
432,0.03358277594877078,0.18385949251660846,0.49935217504810403,0.26436499798509044,0.0855930150587844,0.11730759192042453
433,0.21764531007041646,0.22167373735009635,0.2837729717867892,0.0884768766626683,0.2262970525147294,0.07546437341235612
434,0.029336324204629834,0.07862679613238975,0.44650208011929243,0.14496122027441338,0.11229603807840899,0.027992563404145854
435,0.16928542770821958,0.303133634685901,0.27218003890811776,0.21865262688356013,0.3291977941375595,0.140990975788049
436,0.48053821721799994,0.1933917933484551,0.13331952423279717,0.19601986803721502,0.1401454692206827,0.01909950279112636
437,0.14695531955229826,0.09422380742158773,0.23416332332493697,0.02886366990037278,0.20780698769675118,0.15839530381547953
438,0.2182926499220075,0.28717030243527114,0.5306727733742272,0.3217942695457138,0.24692332073868883,0.054638228825615295
439,0.3309424113927198,0.49549743264247453,0.39065752721992314,0.16415631653848567,0.12876876453790692,0.016076376483156445
440,0.06677787820032001,0.3296572477762176,0.143338300527118,0.33595778521099867,0.3375389853497158,0.09637102189944863
441,0.17263937251167236,0.1846136673873537,0.28433793810575575,0.09311270630110562,0.086553726188812,0.10724730465476516
442,0.05389861866715164,0.2612572363773895,0.33033204938809035,0.07019668858326038,0.06453430471953939,0.05666470330980318
443,0.18880661290759682,0.20126325308116075,0.33571795149430533,0.19063706656233348,0.28132071015844273,0.18235868367260702
444,0.04929129974949861,0.3194942509697929,0.3902163540217239,0.13561821998782478,0.07758483639706423,0.07049767336895262
445,0.13536460851847643,0.5617975925816858,0.0983515814940252,0.10213618451911323,0.1424969768844424,0.0318515159239127
446,0.09454120566476293,0.08134794584381495,0.14185451339236785,0.1446874699404869,0.04881832003338822,0.2641750937242238
447,0.1905432778395749,0.14940040654784684,0.2505009262711549,0.10658070494243542,0.367070968861142,0.017046187999178144
448,0.16894240677178,0.05939673332527432,0.13847174021183983,0.3077172688096871,0.06351262758866777,0.0465352254843587
449,0.14539365404680496,0.4340407306583283,0.4142464728429882,0.15536607734687752,0.03922502001503555,0.01265834480955314
450,0.07073666770303863,0.4818591103521557,0.1581403236156655,0.07609925771367036,0.11383148918468536,0.17395594031127323
451,0.23005332184465369,0.3369910097308906,0.21077502114896798,0.17928681649478426,0.3496283398180303,0.17153856071305812
452,0.2488219799588373,0.2517761057049911,0.4437870295329488,0.03926936363131825,0.1604886257347904,0.031213537873060547
453,0.1928406883071296,0.10722015504669113,0.31175355784987857,0.09825106094834557,0.24160579465863188,0.18395785732400421
454,0.2492289941822426,0.18066092164692746,0.18367301956221846,0.027176013514683104,0.2584561732189341,0.12831112161523522
455,0.14792652097381212,0.2802551475823327,0.2181656175570861,0.2274035466231972,0.10078815937582543,0.07046275039084234
456,0.08817359815306984,0.6952517169794704,0.3617831028117096,0.2963455690099935,0.30605384089229476,0.07748005810668732
457,0.17652458367693113,0.4393330612535893,0.49371163603530954,0.04920713648991279,0.13445268554485373,0.01814419292164013
458,0.1263429876707495,0.2786540057222954,0.04908928971491684,0.0637978460183951,0.18773318783947096,0.07351976286752826
459,0.17602014906465133,0.17301769244020337,0.23825830664639794,0.0686952498510445,0.11033339791645452,0.04418470755920549
460,0.11965724012555114,0.10972378387908142,0.23755995868507884,0.17607205074339696,0.08632503520414783,0.10063383684744148
461,0.2722375346488176,0.6417487992486506,0.1545232024950249,0.10346404346474324,0.37682927749581796,0.14310272836499666
462,0.08485267618010897,0.0811732350672033,0.6283694197650656,0.0735895119526737,0.19386586201581504,0.0987502406267677
463,0.046926143841180816,0.3136126904451699,0.579537373497256,0.2192692661399954,0.11221088268459684,0.08770193699374271
464,0.08733140707139686,0.1584301642585206,0.5391425559540001,0.04771006007431344,0.07460781193215642,0.028045451052342418
465,0.542353339972426,0.35437768561067307,0.26265665186568743,0.11084356362796106,0.01217162323676972,0.1184141928225997
466,0.22776345561553837,0.19187382330513655,0.12386378740535875,0.0662619543374877,0.14378993894345468,0.020954305924694622
467,0.21089492474748117,0.06620264473342975,0.6225913525566851,0.25079636933994526,0.5262517269131918,0.21049851831462935
468,0.11360353398041366,0.3204926204431885,0.13191706445681847,0.18103246943834717,0.07989790656547861,0.11358703637476984
469,0.1259764587389175,0.29636391229414283,0.3233520396167188,0.10487019974832243,0.10026457680461752,0.1232666892765325
470,0.18355887428757636,0.6665725563100527,0.3329755798296216,0.2182045036760359,0.027572816018365094,0.07653122624309716
471,0.30219770336597485,0.12719830037071186,0.31674931112657967,0.1481550060393858,0.04132277775714413,0.1443191781120706
472,0.4084139698338383,0.2595949262287732,0.46637713835858485,0.13317609642362838,0.10041443808396926,0.3498696616804665
473,0.11774943786221119,0.2024467194260709,0.19478419647312908,0.2287763219462601,0.12280912906866288,0.1212715147782321
474,0.24974749865946855,0.404169285815425,0.2134734482162912,0.13793456506955068,0.15215531998699303,0.18154908934582795
475,0.13837201391417014,0.1601674441901875,0.23297634519324514,0.10874574811871177,0.0568583329322496,0.04668435140203855
476,0.3907200758488122,0.7064299687897662,0.4449594640777309,0.2656333715552209,0.41110298732940687,0.20968069637229145
477,0.3148885791957567,0.677102099477106,0.5444855877621982,0.15639178881220445,0.1947181171019397,0.1744919637627048
478,0.17397067783831144,0.46999055305273185,0.10967463815629239,0.19068305798089843,0.20983261111044468,0.10343165361328376
479,0.21942697717314158,0.4440249429684419,0.3528275511058508,0.19012367890811402,0.06978480288544761,0.011019543389881002
480,0.5889612256260945,0.5893293644171854,0.23395415247378618,0.3128841518328946,0.19053212672051312,0.10847140592590511
481,0.032031159016254425,0.40163376807965934,0.678048538283868,0.06564256936809125,0.03477744827089776,0.220477254750784
482,0.1567558774215861,0.4165597766865999,0.12468120293041093,0.15089262089860672,0.47512488308183976,0.03847365638771154
483,0.21712660870807843,0.49101994305785307,0.26568271463880794,0.16495126255449716,0.16741773804066643,0.076631998864417
484,0.11527290080450163,0.22356568908216884,0.08912215048241844,0.11126392806881566,0.17940097008952005,0.07165596968229071
485,0.26810880119054,0.3447890108443223,0.5038798796226458,0.21069717514014208,0.03181639698586709,0.06364022671025214
486,0.1325812280080101,0.10665753191669278,0.199882773971689,0.31154735866665395,0.1087618147649094,0.18352923458978718
487,0.32043117608578664,0.2764679339234775,0.32330213941358793,0.2142067431045402,0.2230631395798256,0.15656596890348057
488,0.2174648733329449,0.345464364944507,0.25773281876339477,0.14263210306254023,0.2674653088675016,0.05788373507773504
489,0.11294537541628541,0.0983298778067583,0.287107630300464,0.2599129701324624,0.0785983233597816,0.17139375751900324
490,0.1658080852165891,0.11971083294275783,0.44593474366373637,0.10096603786841948,0.07688573873474211,0.20507941098353563
491,0.20352968633248553,0.2825070752377569,0.43984849619067945,0.037292498046655416,0.07493112510809684,0.026023399801503887
492,0.06608147194424527,0.2943854455085519,0.5858586970548452,0.03578305768807838,0.06683585631453672,0.0889292427053043
493,0.13258508081649717,0.4561347674457755,0.33628814726189316,0.026290906793290336,0.08756114401235356,0.06413456448223907
494,0.33923911896861597,0.26848574596917746,0.5998527384871696,0.0567488286437165,0.09327635817107814,0.009692133606129052
495,0.044147746934656465,0.27077458088024325,0.18850759139666096,0.1875290303168999,0.10892418865414662,0.09289975691793825
496,0.05410785034792355,0.19866630409589117,0.4028686861814986,0.07203761723946114,0.13800782946402637,0.028751492510991756
497,0.11208606405619191,0.36724494861456614,0.23935939990194058,0.03328582928194339,0.1387818097630263,0.1373430340657647
498,0.3250716359788446,0.33691462993950894,0.393182332575777,0.14332328757678783,0.14942971022443027,0.11949918047703706
499,0.12269341756749833,0.20047029309216943,0.21610968932760694,0.07154035294989958,0.44868200970143823,0.4220081494614998
500,0.2323133770336876,0.2926364196664844,0.46231471265383184,0.08666837205401712,0.20946156028011073,0.19681782290438524
501,0.21064427427446272,0.31570904974957864,0.5724822915990099,0.373857567413253,0.12259030161792714,0.07473215086611573
502,0.14704872352637155,0.8320485514644361,0.3859264310824153,0.1640640863087837,0.1017907781117846,0.09129182601975398
503,0.27568198483812656,0.1369303333283874,0.0924971692083933,0.1723807338218801,0.051695171095570425,0.1898786752823445
504,0.39465400787615046,0.19404632897632587,0.40450362098700193,0.33145909854072947,0.08122852508671038,0.07748927676478808
505,0.20104504829946715,0.5661524077319042,0.41048198920719386,0.03121262652163036,0.22922523774852588,0.09510812663961493
506,0.19758232893131292,0.3062050338289409,0.3448640723102917,0.1510020063529819,0.39931326852889426,0.24644848903182756
507,0.14230466779269557,0.05694510392701827,0.10839053300425373,0.050905704288038936,0.2529873430870392,0.13897758027289842
508,0.20450102085017632,0.2031513563851193,0.3273800523441532,0.02672309408683549,0.03735271948647853,0.053203465394587826
509,0.10587906949854728,0.3473965351471505,0.46330741324883257,0.17155372685433612,0.29445110116747425,0.021415241414134506
510,0.224619761387931,0.2263059775571718,0.11181616299743433,0.08907340252581712,0.12111884764448058,0.017672429460613877
511,0.12447088177730764,0.4171718810605846,0.19905183886917402,0.3413811363256998,0.22352901998546032,0.01289980281336001
512,0.23845550113853414,0.340666467356296,0.16751047296042712,0.17776406569628633,0.11743356356263653,0.05664765111255474
513,0.4053259134432706,0.10205710176166469,0.36044506393407627,0.0472644910146419,0.27812225599462653,0.366111279449981
514,0.23894919654088734,0.518984657106515,0.15103700697737044,0.260217685495016,0.2682499295889931,0.14334073777919498
515,0.19829831829119332,0.31391843105031286,0.30423797459299445,0.15407660352472036,0.1266467002327428,0.020543411821764463
516,0.18090757961842094,0.17080093568730065,0.3280986530114101,0.061674503106802434,0.14330470088289143,0.12258933057217473
517,0.23259290060571858,0.3750511305345993,0.5300823358187922,0.11695718422206046,0.11304241545672238,0.14714848454061727
518,0.1862592627362264,0.172679526028443,0.4932628115952015,0.12506624351713588,0.06183296047954459,0.1703896034227237
519,0.06582096759301971,0.43480433178305655,0.205169210956789,0.16687828070060123,0.16969907944809207,0.03450329321261713
520,0.12803891637184456,0.37628398949253355,0.5070205305605413,0.08747961550927924,0.06942289495827711,0.025828815964776958
521,0.13116589113242158,0.16534863364236868,0.27584631893255146,0.21543451823608017,0.2211498939415427,0.14620987530866122
522,0.05770785794252936,0.48809192705415216,0.4939024524379763,0.1308163846355478,0.18572198809677262,0.13578274543780003
523,0.3000505945367418,0.06597577941169841,0.34811589813872973,0.014766998469085782,0.4545746002337039,0.13711266118747362
524,0.11089387188329494,0.4248682727032476,0.2199871040088711,0.11120597018436285,0.08779179622430633,0.06403693219513999
525,0.06301374130254789,0.2721408720110743,0.45085924863362753,0.10656695327837272,0.12572146485913602,0.03237894440982391
526,0.3670427172524887,0.11226037116851477,0.6909914251039827,0.049112186930593625,0.2908835693639428,0.03088630237778905
527,0.1668278221591043,0.19273718492283762,0.6380830542389809,0.08435985226759543,0.135944915398901,0.08082862774889298
528,0.23979014955448083,0.0713222276690889,0.1407028444133153,0.2511650628759498,0.3300284045642493,0.09551938107925435
529,0.09085763717045486,0.3258516630099651,0.3769153557621469,0.3731501750922739,0.12259981335988786,0.09341635219215842
530,0.2258084504235437,0.46447808101255,0.5341586875081715,0.025123066814232584,0.17917064680189462,0.029460958606565155
531,0.21497840718346994,0.4348365409312114,0.4982284924928195,0.045328048465419796,0.26236659731359596,0.07766905512834299
532,0.2929942211910582,0.4973701934528671,0.42148795751612683,0.05002925751680541,0.06374013952047838,0.030846040634834062
533,0.3902164542383123,0.15275322172271028,0.29141562548575856,0.11644392485810504,0.21193601296186435,0.08939295343109994
534,0.2189577195336631,0.35739175306957016,0.45476624502060686,0.2130127050561251,0.1505093668748313,0.19579080807433077
535,0.16572135251635287,0.729235985810189,0.30753678736420353,0.09834758956692591,0.1177836450209712,0.027477420764187587
536,0.3397746551450813,0.6884370627524331,0.30843260269489436,0.25580126404665926,0.12181741320462508,0.09293687166110078
537,0.13356702168412343,0.2812963009455369,0.21918917576334337,0.06974941051016688,0.1713533698529841,0.05296891536165238
538,0.26559595385076035,0.34874908198312715,0.30194272456811655,0.08086547919055566,0.3644499616008663,0.012193731301729644
539,0.15048785344971036,0.3631785656110838,0.2855759042266469,0.2060590350723998,0.3377661554842284,0.08041100026172705
540,0.22249151382156976,0.33421990546833114,0.5015839711817465,0.031693444428629716,0.0148077025842678,0.045405584083916796
541,0.3487467037587707,0.2690736774460249,0.1656345906287002,0.1199630694905913,0.1972844273509509,0.04400379228224904
542,0.11332096859181023,0.2607856870996541,0.22573901622789858,0.3308438817731285,0.14599656041510248,0.06712381876424514
543,0.0792492465153386,0.23052738119439142,0.5036966969276958,0.1932780703182259,0.12155757235127064,0.08388959228075978
544,0.15298226609251384,0.062222433332004445,0.09134924280799317,0.3008694812502692,0.1915884206514404,0.10940724200597977
545,0.13399474044768467,0.607861208898686,0.4198755356425605,0.05082004527670474,0.11247642489899934,0.13078527565263431
546,0.050028780965276534,0.10596665411394321,0.10191682745323336,0.07674723753343678,0.05530896400482496,0.06106029807668821
547,0.4468508866760628,0.07782195442937548,0.46957984196464847,0.18787030745831895,0.2275530285033918,0.22460513109895525
548,0.15320172156377931,0.42586719116945315,0.334150247800847,0.0545799925642298,0.23899999928626112,0.01587530703914332
549,0.2732962720322743,0.39051761912979954,0.3898671993802632,0.11380402698335146,0.17634827725174054,0.09043700912543268
550,0.08648814183675396,0.21094547771671646,0.2028839501164452,0.1742100533209642,0.2705261870345711,0.03902576497941641
551,0.17666213926753296,0.17916920953548973,0.24042723983591582,0.04808277979660818,0.2795868888926821,0.12629087122934085
552,0.18338746471307177,0.21406925740116228,0.5725593494935279,0.10598772512015667,0.4258948046148462,0.03773391504239913
553,0.10500729658307247,0.5250157457983744,0.4815611966488971,0.08616813393150305,0.07869516363584271,0.047804013651531675
554,0.30713451671239717,0.3534918909266536,0.27684287052461265,0.021520866814697896,0.03778465095104953,0.24542833453929253
555,0.040785163041624425,0.32030809706938185,0.17304682003972088,0.0795749673659094,0.3074211232586496,0.03838213748379984
556,0.12319323825425375,0.29400182770665345,0.16937102689881664,0.05379458722514648,0.09541809887282388,0.058646384253866514
557,0.16868270769087726,0.5970581614187669,0.37721165966165837,0.2464502782036808,0.3125892842110326,0.1470224167052498
558,0.14086782887533297,0.37275070980397496,0.1359622768027884,0.10708700647484375,0.22055684830026875,0.06826670445901059
559,0.1880512964357742,0.26848066885403077,0.4290053027248094,0.2717557495136572,0.2489004460395087,0.09700644370296639
560,0.18981056157851708,0.1926050710765601,0.20443218641738278,0.3029672191721414,0.3698724495831565,0.14554819229853705
561,0.10749713391211745,0.1363748773254098,0.5023685896356451,0.13968718393781873,0.06770401820823031,0.051226393893513585
562,0.04694145609020262,0.2890501433574119,0.37000338289935203,0.15970584834284623,0.12520550005382558,0.18821113672357304
563,0.05048141206780664,0.55191739424386,0.3838799386030859,0.10940473874156402,0.09303000447073041,0.036414558026673094
564,0.2379070125404314,0.3459446484649813,0.32007453972503735,0.3433729053318566,0.20601498403777888,0.16647827211806823
565,0.2933964964429432,0.0478165751241258,0.40401067531636814,0.1201941097469546,0.1330188635037273,0.1623687748591646
566,0.4538424814969959,0.20026795039931355,0.451243422673921,0.31782150996510306,0.16292712379376378,0.16250930150111453
567,0.2934137181143482,0.0855130144744599,0.2004435475285588,0.1619878829683043,0.06394403321908165,0.06797177986173364
568,0.3323479831820704,0.17936582279762026,0.4424927396946341,0.08558516378086632,0.12563811110603088,0.05441975287146358
569,0.271617379011163,0.06246128069059937,0.36898029685428174,0.26507906695793787,0.3482664522653457,0.15360522317685488
570,0.3681353415764621,0.21846324488609165,0.45040479593793364,0.17826144906263017,0.20297061659519747,0.06617050572719614
571,0.2684594401848302,0.19469235378482144,0.32155216255436436,0.08653052237947392,0.08175437117989938,0.28040986523071587
572,0.363762993842709,0.623179790402063,0.2601314666943018,0.2333255113080786,0.10353518988610956,0.20478579555974114
573,0.3499028345825716,0.4410900952610113,0.3162114110992196,0.33440725215938244,0.38289287018552076,0.039353612636226484
574,0.3255013226836847,0.13673041234869204,0.20222801002350654,0.3549526869242296,0.14444731705169667,0.04701629175295855
575,0.38531598296381026,0.19595606743717575,0.0778493287768332,0.2120619482662413,0.3905051011826946,0.21786921598024894
576,0.25806488289458185,0.3279702051102211,0.46124798584279025,0.008733611838339688,0.1480583151572966,0.0486573129956751
577,0.1434877848841836,0.17649295597183196,0.2059805386822005,0.11137610636942297,0.06912987103354357,0.11849599106674341
578,0.20039134122592345,0.2603101367702824,0.1996358439375786,0.20466384708108343,0.35934435776684087,0.0337573794824997
579,0.1703886569084301,0.05614882703514327,0.4266218770274411,0.31997376970567787,0.14022589217545686,0.03880449914953019
580,0.3850724122523149,0.3389437406060112,0.5753963777151045,0.028176004245645293,0.12360777161171307,0.1170662171173149
581,0.10530254604459156,0.31423888584791654,0.2921846844737396,0.07988435245739177,0.07037691019387762,0.04937159703492687
582,0.06489944925014472,0.4300241806120974,0.3686352420227636,0.18787078862281612,0.021854347263173042,0.013864778595323377
583,0.5686775378674548,0.14995058056002328,0.5999726278491263,0.23523546786402294,0.008666711865237505,0.003258441568621317
584,0.2413640580691031,0.21354172017455808,0.5000652572327411,0.12233185535957318,0.32446546729959275,0.180505528422517
585,0.05434155523817077,0.10224183056398921,0.2905244846376949,0.17398369689912205,0.11194035739994057,0.04094515595438169
586,0.36488203328751595,0.1696554124896225,0.3545883255618435,0.38444003590024095,0.17363516955371874,0.33785600993116516
587,0.10758690593757704,0.15915889532335672,0.10008347293720792,0.029506414494240903,0.2627276161604033,0.07373241195316246
588,0.1314659696894075,0.34025313308044847,0.3817384591702902,0.0925664650550226,0.18146275252288177,0.07539975445580031
589,0.2863237237656234,0.5204266227590197,0.6282179511844579,0.10262674785636737,0.10279090959807845,0.03693439107974103
590,0.22174529808754387,0.5067489242700124,0.3541485433671359,0.0804061972390601,0.09962546962852553,0.06288791321631676
591,0.18192755011091444,0.20973444867632438,0.30915446624987786,0.28999920955378683,0.13676161481841645,0.05216573228253048
592,0.16779706554509027,0.30140258032530964,0.3378814394322606,0.16643327943179642,0.04236970804352294,0.04133934020670277
593,0.48311246621780796,0.7578154833283232,0.5161745217640124,0.2559876410749461,0.021874825369902418,0.03360203012743772
594,0.3720062617005302,0.6351971621586927,0.5178469864055557,0.11654776982609079,0.03778418295024666,0.08553605540981475
595,0.2923811208949753,0.6914800075915025,0.6781071640285846,0.09781091572065959,0.03444715443331709,0.20588005364578238
596,0.24116126914920485,0.240250847213678,0.13386621263866028,0.02970813365647949,0.12650521721621977,0.3391723934433057
597,0.1346554968390178,0.10208001540882222,0.4167062302578135,0.2896194322786548,0.08142302885801646,0.14584414634532458
598,0.2592432902591558,0.6536907675015607,0.5339213578356045,0.13541024319614234,0.029153733553167725,0.17389324926669508
599,0.25090113147054416,0.10815336185292433,0.13870410605783573,0.36229827172652507,0.23071287648689112,0.10363386371243093
600,0.20887195648767576,0.29320878933507233,0.38831699458966773,0.04839971696729485,0.40404069130614223,0.1094514821061877
601,0.11845191400206215,0.37532725877974793,0.36074977042169937,0.06268960649915131,0.06656690979817476,0.061051489671716364
602,0.2868215800012318,0.7813627300529925,0.4290037686632223,0.3916973221360504,0.017993510038043777,0.03755127519004889
603,0.22881686008577687,0.4419738742102266,0.35775136134228636,0.0835235111496831,0.23922095894257597,0.024571521528881566
604,0.4981856774155987,0.40219661100380444,0.3756388482139673,0.15942430126599555,0.16266861225279183,0.24171118833749547
605,0.13368360987167885,0.23465368993450963,0.1148625610460424,0.07662401599641237,0.11975362455727417,0.02678601665242726
606,0.24633730477149288,0.4828600116519321,0.2257648933103267,0.08924598706124279,0.1572723600853333,0.05464393986464114
607,0.23445873588648286,0.3728974422832404,0.59618138682882,0.2343745405994116,0.16921487024087706,0.1446298847020126
608,0.051757100018060775,0.591601102803795,0.36669876166156096,0.2555493002003389,0.03130439309761065,0.06846196154904742
609,0.09672901172672421,0.18610599696788546,0.35128213928705737,0.40317165781174746,0.14106951660803413,0.0994206106449252
610,0.07339800365388936,0.15871523386213757,0.1472334097038222,0.06188627281143835,0.16925151643731526,0.05265894573784042
611,0.10527324754444796,0.43773867149417434,0.2749237506306163,0.17813024076810594,0.08795618842888416,0.05122016891155406
612,0.0833336530582891,0.2217140936773469,0.5360266015864437,0.06728750335387373,0.2558270559324281,0.02911931769585884
613,0.09707982354281659,0.35350874645113284,0.30366580436523255,0.12933170254788737,0.1294802469296019,0.11046159816865814
614,0.30766179853146225,0.151874409283722,0.37641403773384213,0.07392958952942882,0.08838782118598823,0.1243761163232496
615,0.48619456481872214,0.8346598914973771,0.6182219661064609,0.12416005581548256,0.2338960396349364,0.01119497634913557
616,0.1345217096344014,0.46285480221569564,0.4777786082310008,0.17385414898829032,0.0687878922255989,0.04242141444243437
617,0.1150220586955466,0.26026365741822366,0.49469154581701374,0.08617376087866296,0.17777439059313124,0.025183223600723337
618,0.40262531473080215,0.06328514305765319,0.29846339697613194,0.04654578026050589,0.1529929680717092,0.17128403070745027
619,0.16532854498564978,0.2199699208691557,0.47510166546525406,0.11091047626787504,0.11670408494897884,0.14372090387812034
620,0.09057456408305226,0.3898211822279442,0.4100886093742442,0.0744774648586357,0.09972098523136011,0.06694329813995621
621,0.3233826309414746,0.10644217658935842,0.37106808657786294,0.27146961457630464,0.2330667414980169,0.3210040158545957
622,0.06810726284735283,0.3563951240125177,0.47653896564551257,0.3080891715468775,0.176472312151585,0.09687922402512496
623,0.11698417789168969,0.46823844570048034,0.28769680307159684,0.0364019547792167,0.2492327546304567,0.0769455456699571
624,0.3122228470098359,0.5172925373377851,0.5538547129906737,0.1934578242345976,0.3834855407051785,0.2404915630959824
625,0.017666432583588926,0.1897922710336335,0.3650693314232277,0.39056312564341344,0.12680926181898527,0.12808238474960518
626,0.42566639348576224,0.5129581468060693,0.3658631972616574,0.13557938105551628,0.2318594776364469,0.03016775061829122
627,0.15208541584488566,0.8155996508922593,0.6300120605168174,0.041190984779067984,0.05352987491489298,0.014171949715971952
628,0.22510716506741985,0.12409651567661524,0.3013343698288208,0.11677968926620455,0.12848151258664195,0.10277170761449139
629,0.15873641137643052,0.490867983818222,0.3738823119476643,0.3097324596841871,0.4791386326336161,0.036284321761644485
630,0.10069226089044664,0.28761345428357743,0.23436060677286535,0.016932210023512997,0.06148183170451671,0.12307906797312346
631,0.14499806259099543,0.23009297038710366,0.2709011045536024,0.1374834974790558,0.15969167035373463,0.06033793295135968
632,0.4181514294432944,0.1884648856517781,0.4389174457695794,0.19915983023857137,0.3348594053186545,0.14489149222199302
633,0.09340922183599006,0.3028234424724429,0.4866671185608569,0.35070400271362745,0.08827715022529453,0.2315224109298723
634,0.1474131728019349,0.24372904572759038,0.46500398241781415,0.14937324875068778,0.0939340745193413,0.10689552824531506
635,0.034700806067417204,0.14642407208939703,0.3346292661947644,0.16788204560430403,0.024238309888376414,0.02221825014211117
636,0.3694110286975006,0.21324288915953174,0.3590866650287758,0.21360683082732082,0.08446382898173739,0.012763003089714925
637,0.06869175511003324,0.17960533881807683,0.3355871419837342,0.11271629678516407,0.21282164756859978,0.09888433264123371
638,0.2172824764759965,0.34895408583924686,0.4635587249758445,0.24138390759563916,0.30686894668490766,0.04642880998384601
639,0.23098610082555296,0.4476082462045243,0.11875810812101574,0.0413981398160944,0.14796858262866816,0.13312197338450746
640,0.3726433854563956,0.27855976674503546,0.4912536763074097,0.02571727579260971,0.0722682875479416,0.2569798349013019
641,0.14807337598110484,0.48862702630744853,0.6016764804970779,0.09513255530858293,0.0646611606279795,0.1005198461985577
642,0.06960358664868221,0.34409513320591845,0.6210314802997239,0.05081789454857667,0.25370694535312177,0.16546293994685854
643,0.12040681325562547,0.5680223403195925,0.23323099328233435,0.07512651296200054,0.033341877693435745,0.11158636098143784
644,0.14984938796587463,0.4493362867278685,0.5404558354686806,0.04314784274183391,0.2954114504710351,0.2467029237440934
645,0.1451829981631046,0.6269820882859766,0.48654109567023035,0.1905467294442739,0.21106382590883432,0.08780465436317271
646,0.23081029294151473,0.45300485900213994,0.0567417404908279,0.19993129947299876,0.08463907101839878,0.03562493803999146
647,0.020969868905269157,0.7001341711345448,0.18497445075869365,0.16111298707762978,0.07879404502630218,0.13650216918156322
648,0.02512689327632987,0.08451237482879594,0.4531647189119638,0.2524640586944209,0.24682075617621985,0.1534902399974329
649,0.05243735985986695,0.5448973129753442,0.31608003664308837,0.14094833138953786,0.06299313549081655,0.13366851989760728
650,0.14698245064084556,0.25532758772582653,0.3283412340831832,0.11528286473986858,0.21953512075931195,0.032804763466225684
651,0.22635626455060956,0.36970025452092214,0.44745519991411214,0.1464225385821489,0.3375203949124342,0.026379138649719386
652,0.1800655831275067,0.18118762641473657,0.3043599801782996,0.08065194443053067,0.2325817060007255,0.07228140805987787
653,0.13571584990272648,0.11955356258321016,0.5193822330251338,0.03506162340468866,0.3544879267127888,0.03183358316447006
654,0.2608994502059775,0.4045406738701966,0.5729019574104236,0.08462759394478934,0.10944656309264839,0.08813014664288038
655,0.04216859235889711,0.16875220212479908,0.07903378198798254,0.228514248842841,0.120602931906726,0.13179711522983215
656,0.06612926388124879,0.1400869532245624,0.3122697425803545,0.16249193464986994,0.3959561683184621,0.08080515336135898
657,0.04490855042739756,0.34293269849096936,0.4518310800657665,0.31301790417922054,0.1702080449058933,0.018624395372053754
658,0.0632014526834289,0.7380036495782912,0.27979266816533954,0.29447484633411397,0.20677179108084143,0.07263018080402478
659,0.34370083333434936,0.21531078798707862,0.2721517457265336,0.08281654467349553,0.12815582884103582,0.05861450665568019
660,0.3039509121259949,0.5536799209052844,0.40962550480970433,0.06083765690101009,0.22795263549039124,0.022753993107054643
661,0.23604649617204537,0.47875309887768563,0.3146818324877114,0.015125783974591581,0.1670376865777444,0.03892965456653658
662,0.12744167241394516,0.6895546968810785,0.64977621262568,0.054727862873086904,0.06967310720198257,0.21415734949919032
663,0.45833136967886035,0.27854816251255515,0.38318261062187203,0.24611147165654462,0.22127869972387748,0.38057360955520975
664,0.2787323350819325,0.4579479547737633,0.20903113680418453,0.1674696923890565,0.339784714612574,0.027492189665511185
665,0.32786499940044517,0.1019181978001746,0.36362187633391935,0.36045267646058965,0.03858243364047504,0.03376617488922088
666,0.05652141854470041,0.38272802839185105,0.14625880779099232,0.16428836322882895,0.06717896862762168,0.05365632667385495
667,0.2646137130043028,0.5552151308553309,0.05358020239536282,0.044755763834216554,0.2996904942813912,0.020194567413921956
668,0.06445572231976582,0.19287985832355733,0.20577821409514596,0.12799459543400132,0.07877213975221446,0.1261443831805644
669,0.20715548951812887,0.21056335742232854,0.3470916980742066,0.28146865025868645,0.3290490799977003,0.18702528289367593
670,0.12543733720562128,0.28101370992986535,0.5969455323029489,0.1242551479378171,0.22523562695616545,0.15328283696534373
671,0.1529600889177849,0.6860113595115682,0.3593197043272475,0.10059207879232397,0.18574083304546143,0.04172370425826123
672,0.2575101257752956,0.4707192307612993,0.5355831993729779,0.042769614008130986,0.2355677839581618,0.09893461079235528
673,0.0612065417473517,0.2554368317142914,0.1751273644904105,0.12725222868539945,0.1282041969726503,0.0632382946065611
674,0.39544385994082687,0.21561694395070422,0.3232075058423659,0.2505856379689333,0.37797586446724407,0.12619774581916218
675,0.15551154929079977,0.40968664345627004,0.456956912317907,0.31092397561012053,0.10304243583749235,0.29207751839714735
676,0.14094202767090774,0.2580047819768898,0.11938182329984791,0.19303452361171566,0.13002103160130812,0.11095520998174499
677,0.258324902218381,0.5242511705118197,0.33719751279709154,0.21549224340160453,0.12566808827500295,0.09332579483472878
678,0.20127148188929184,0.4408437910612095,0.41172440574477764,0.07034040220484031,0.2816893090489752,0.04475412472010067
679,0.040530881898541836,0.052717049243274146,0.4847360398004296,0.30880450479599736,0.39674610431537005,0.006630954561057516
680,0.07539524733429341,0.3995726038979363,0.45817459014586914,0.08436086102853145,0.13111868585734873,0.13319628161715352
681,0.10760088319770496,0.32657625456284767,0.5065923542312941,0.03373657198147726,0.0906208505573365,0.033217002011844826
682,0.07593602252310808,0.34389121804068595,0.20500627414442915,0.29477320793340905,0.19557404162038983,0.05841614792251008
683,0.1336032747370745,0.36933416382393613,0.26289985790271864,0.27717768277405,0.16707066954381952,0.15606698662891424
684,0.13191730443281352,0.5268018386679089,0.5065853536321084,0.196274808816285,0.06616301018452175,0.011025830343548633
685,0.15664100007355436,0.5914325039216137,0.356244507759606,0.1488215429914445,0.10519642100095077,0.08451031395346816
686,0.153642408967445,0.45502898909609973,0.49274128820582114,0.10755426336999892,0.46734741710769223,0.023103168838679144
687,0.14429254540382094,0.0811968515086571,0.6368563121940088,0.11626377142615785,0.09787501129749065,0.13275890682715305
688,0.3267154415868461,0.12168288465238876,0.09681201801360399,0.42570719493350395,0.08673155320580454,0.2163633733718489
689,0.18145846025795326,0.47358947035157994,0.5367369413707371,0.27036117037828794,0.12368415729469968,0.15035233730843856
690,0.03204474901244419,0.05777693036454846,0.045987518699270105,0.2775150564062845,0.099755362919819,0.17766135771052285
691,0.04486302436298336,0.07872668856440515,0.4471821460254057,0.03726481428420912,0.13099406697055224,0.11985283681696203
692,0.14482387753391657,0.32431308221345806,0.3574457626154392,0.27081746475199703,0.21213961399537745,0.1344967158272372
693,0.2699681199392191,0.4762516353368418,0.5273880348911779,0.02145089921265159,0.2377106344525002,0.07884134472600005
694,0.042931225292913676,0.4772515940198501,0.4285530075152794,0.0706593226589889,0.04684878905025552,0.043812401819299476
695,0.1020902395506756,0.38252334283508493,0.5064387372988842,0.22434064072400156,0.15205012572226026,0.03667227655913731
696,0.20240848503227238,0.6303578204945129,0.1396424665527318,0.43917808592971364,0.1949680294449232,0.19313622337910477
697,0.07787687833383933,0.5563962415930886,0.6100698441373233,0.07480884567261605,0.05836251574215519,0.19488247885661147
698,0.39666781775085347,0.28273568311541286,0.2590520235582693,0.4054874250470112,0.47487781955429353,0.1158562344482289
699,0.2464839531132629,0.24905478467983627,0.3746967796931387,0.20117009878709408,0.1433231973413942,0.02617790034465926
700,0.19367734284192487,0.2171363647152918,0.44592177962250223,0.09574485562725384,0.3495725483984062,0.06683167927343919
701,0.06903544535749867,0.3762947343581195,0.2612091637356156,0.23703432586122294,0.08913564466182393,0.01770618277842089
702,0.45587950589940296,0.476574864763211,0.3278410901590464,0.11047498058987716,0.12676932361944873,0.10357370234541002
703,0.19874166407944427,0.0690419676858566,0.13408852377817995,0.10113528439158372,0.06199061727386476,0.06693862170443554
704,0.3603973942803148,0.1762507243322593,0.3244191244875777,0.3606154748068512,0.25951748786139206,0.21050333489000198
705,0.22007533789823902,0.05656609905044822,0.22471470457331683,0.04709448391973038,0.5236004929473018,0.06898891789405728
706,0.1932053560341302,0.4193711756273877,0.5767640642875607,0.26550961652356825,0.11697068475223603,0.03605285596517492
707,0.1986253668643485,0.367957537361142,0.5066235659004792,0.04702414160557805,0.07338989007946871,0.12208721126884481
708,0.10408089994024146,0.5453269333125937,0.34753562784036257,0.4769817168614778,0.2568931965870435,0.028361100554025832
709,0.10876330275188327,0.3821036552373044,0.5272747488986705,0.28822130671289387,0.045514609668713964,0.028521061511439984
710,0.22465386603520196,0.4680762641638927,0.45292916108357606,0.1166373045122674,0.1322568640939175,0.04970757103536678
711,0.2632232605235362,0.6696531235841184,0.0915911664991219,0.1525451515887809,0.20377331757698494,0.05887380498312392
712,0.17179674803155237,0.3072932775384658,0.5433019237055611,0.14774686941375328,0.10807898469162287,0.16923403916367816
713,0.2810013950702268,0.11466573102502423,0.4031541584047107,0.16611618341576898,0.336284958816692,0.07693622943596382
714,0.16318040637902426,0.18134005479789345,0.27795594339445034,0.07909506992295239,0.06786656717604737,0.19118300885483996
715,0.3489424451128516,0.6863966559267342,0.5876175661749408,0.3089457260479999,0.14340224460700066,0.0181827034992209
716,0.243611343970345,0.33932512683433635,0.3071113217276779,0.1635822474307786,0.23131882650885763,0.25189205285528393
717,0.17066052716313043,0.18939262618619981,0.6197297853703333,0.06478424477489392,0.2414290966540521,0.07246184931378806
718,0.2183443998933596,0.5583475235616608,0.1498105638126814,0.11403830680639643,0.06761231878485316,0.05511549077373052
719,0.11726374805479553,0.4568766292009177,0.28372466538966407,0.039995835589376555,0.129980637624164,0.03432347469113898
720,0.1543616667878799,0.15279472448173903,0.5835409584186172,0.10872496812381188,0.0881749580283758,0.05729113947574501
721,0.1406494388554591,0.22233225907044807,0.43828078148716587,0.29853786006355226,0.05737963404232188,0.16250962695485513
722,0.10184933086713718,0.1722702485512388,0.19390842586781726,0.1246714108637185,0.1952366704579909,0.15401393894056314
723,0.31469730874157886,0.31818550111202315,0.12345405833330463,0.16384511197469334,0.30798187288787127,0.0956628940291397
724,0.08554672516597711,0.28514985459569075,0.3616653292732603,0.07323989326578173,0.04606945558166904,0.024128840192381814
725,0.11592747153649746,0.2084850277380897,0.44055243157363366,0.06520194932274646,0.11031887088569191,0.2045453081668757
726,0.48999025935441404,0.3137316326810391,0.4694234825445562,0.09097307292283265,0.17569817409105487,0.15055499898736022
727,0.16691249510793968,0.18323552615359703,0.5465493077942014,0.25440146316815854,0.1534655940453687,0.0387472021018104
728,0.18527607947685504,0.7711346837821024,0.5496733948400383,0.0909827358494636,0.0829772184185205,0.3236889137564961
729,0.007117256016123263,0.6266538485931651,0.09226864038690374,0.017666159677977633,0.34411403960821024,0.07580316829658577
730,0.20101850820715367,0.1781639542908975,0.18534623147065885,0.12528384740656148,0.12726146454550863,0.15104230539966226
731,0.21383827618009998,0.09046284912392334,0.10731254566125065,0.15446034741235293,0.19428512162151285,0.09223873330272954
732,0.0594567900954963,0.14366918034065396,0.3580636119172947,0.17221261253059691,0.08051354525056734,0.07165845238324557
733,0.04854233030636267,0.3436882724633981,0.31942983292145144,0.14511518855499522,0.1634661451166685,0.21444779874534245
734,0.56102978384494,0.551303023431367,0.2797240969427207,0.25504137999872917,0.26359256232131856,0.03713480157880362
735,0.08993459850126043,0.2420930088432007,0.18674854468821372,0.023365984881608255,0.35220377079397525,0.03903266024983881
736,0.38480706245269414,0.6491842750844435,0.3630214950897098,0.2500809103633733,0.07680340661252598,0.11525655349229547
737,0.23841129700175132,0.5305416445524748,0.3119235783258656,0.27807556098814085,0.08243361943925556,0.040406663342441425
738,0.1284237545312032,0.23375226262257895,0.4567472424129142,0.16947586971205877,0.07916766061615167,0.025948159871522266
739,0.27972972705311816,0.5562287941218939,0.13995273736153394,0.3183550093985458,0.21249383178045586,0.05455984161355817
740,0.3349194470548601,0.619012758835546,0.5961042104804848,0.1322446446340466,0.4414378144294481,0.15603942253834807
741,0.2667397046150719,0.0834473541096652,0.25474474069125513,0.11638214028767636,0.37998534179934573,0.05940249203207419
742,0.08714157551234697,0.29308282227848936,0.1663028773763898,0.06658013970738344,0.5038487415036912,0.03324889457945645
743,0.16295723962892497,0.524809389379283,0.4349702776196544,0.022248197822713353,0.21169193895291907,0.012429648191460928
744,0.11643506898711962,0.3162187653318141,0.4031879774788784,0.2041702243735392,0.14955774113939188,0.12153993305418562
745,0.1566128381440918,0.3359823267184006,0.09373016660837546,0.3136598663831971,0.18683302378659147,0.06369561089782598
746,0.10459747649139473,0.17603362889341134,0.307589264073401,0.21256521520718458,0.16812861406420626,0.03336401171941249
747,0.0705090448847476,0.287006110519706,0.3830569081146547,0.1332202921079036,0.049898087278806534,0.02336118476293254
748,0.12858660809173586,0.12477875227299629,0.25877691291476196,0.13635736646425572,0.13598005049041673,0.0800208383296074
749,0.34379781467418064,0.20854718172829403,0.728756388464368,0.1525744599726914,0.09450013721184963,0.11239053087582035
750,0.07011592083110584,0.3396340142021723,0.24677726315819626,0.30065675522334956,0.08090663726576496,0.08071887501072199
751,0.14272883145666287,0.2539780871867497,0.4727363449711125,0.02565394964933064,0.2281269853475794,0.16676925678479448
752,0.11245387650449322,0.14312028790208473,0.3376218145549027,0.09184644762331859,0.19308674241358598,0.1576086516410276
753,0.31445956163562594,0.38170879896721505,0.286106546308926,0.13141472979699725,0.24575934123731116,0.21216243088725767
754,0.1903009220570436,0.3052693418121095,0.24701450024579658,0.06517079253545656,0.07167575483020258,0.2655587731970719
755,0.3993768295511941,0.07955671555147406,0.3081249099190937,0.1775554653541303,0.1375764103922602,0.06235837562142107
756,0.19120751238528924,0.19924720996627868,0.5795491344369893,0.042795535564656775,0.14507379928950906,0.0674485371883922
757,0.160475771101352,0.03574963740620955,0.33420506427339375,0.08657094717037726,0.04707876751840782,0.025589185140212908
758,0.19011039150724063,0.11090557244191347,0.5434861963067295,0.12013658257371966,0.2722458859421065,0.012929632245049748
759,0.40637593750656686,0.0979039773774519,0.4494650874736387,0.24487414066806804,0.3605899017813977,0.19827543028379305
760,0.1905398080788656,0.5619714853579673,0.08362351654929373,0.16160875719623233,0.2662173658910106,0.04418942418485554
761,0.227194476598954,0.3280720949127888,0.5085721544557575,0.07293210940247503,0.025352012568635163,0.18212409839485996
762,0.2134204339092389,0.3789096497137463,0.38764916745317585,0.23702574062958323,0.0554698768281467,0.024376509203290382
763,0.11749256347935617,0.39159365562394255,0.23278536865300745,0.18891540560221057,0.37657691340954774,0.08825852785950707
764,0.14232347295894143,0.4710939376129501,0.4550539214262722,0.07716027897465111,0.18991371805683552,0.11267906548101779
765,0.22003030272431792,0.2500576424426792,0.42000105963140894,0.3153127521011425,0.20374055694974755,0.29795275802983845
766,0.21813048744205588,0.21337904202130223,0.11465602733599743,0.18620543153361974,0.25712421773517485,0.12857150380513196
767,0.24302189674255759,0.32323478946794054,0.39883672193765546,0.06146946238523672,0.06976515990738591,0.08289125434467257
768,0.05736217253039618,0.21381569288759547,0.5888404019562686,0.19071148671234994,0.25951005994251547,0.09997645377442098
769,0.07936817377431936,0.3118225581500373,0.39145586022261203,0.4320307971484428,0.20655481707613602,0.12662799365391517
770,0.26855644536485096,0.5843962240180679,0.2674546459997349,0.3108959355802307,0.1531512844400713,0.17281740366569465
771,0.12161457052022975,0.10676444554604889,0.356010615267021,0.1798344164516082,0.32878787523186864,0.07360282229360424
772,0.5562996534577879,0.3597939629681887,0.5539162879929158,0.058516354849403554,0.2620782069185278,0.049794822317461934
773,0.13387418839626353,0.3710672401370571,0.6153577027292256,0.23666633592558364,0.4971558053246538,0.05047119005715325
774,0.14647364443350322,0.2705182577736229,0.490629633977216,0.15728377347305084,0.06790474743287869,0.19960206180688841
775,0.5153619279808237,0.2559194116262816,0.4801430034516628,0.13615043320209136,0.5039062268755216,0.32103265616801774
776,0.17127871679939863,0.3654056329257434,0.4549845061768631,0.09241854013187197,0.16841652625409534,0.028406768237416533
777,0.2054040434653568,0.48145591741236765,0.6840074152877064,0.16353100598797907,0.12793557341352102,0.039370371702541436
778,0.08686589696149827,0.6280433790130988,0.3055775007668686,0.13564620689180074,0.1667573572116669,0.026256644359437663
779,0.18905680456868176,0.18974059470690544,0.22087292456171304,0.05163951138069083,0.3888654692996906,0.11657891982382737
780,0.14007988320552117,0.26495504777090745,0.19799420988099975,0.12424432010599473,0.3488829439620704,0.07072676860370829
781,0.05818943450834367,0.29017878661058105,0.28088205920726406,0.47829538594750215,0.10135212560131092,0.06165518233945074
782,0.07085816580944655,0.16176674610631375,0.10826117713328523,0.09794913372003762,0.2727402008803383,0.22492535050198448
783,0.05506487112453997,0.6684577699894891,0.5669744827699182,0.22106688896568805,0.045145130409303146,0.09513974270601881
784,0.17470789142618004,0.31942106202041676,0.4836341581678872,0.05475959846243801,0.28596336807397066,0.2151904581936767
785,0.015597085745433512,0.1879278064021806,0.3674944919309508,0.09278205883842153,0.03153065661642985,0.04312469096431796
786,0.21304415022487805,0.14904892509793968,0.3877483281000637,0.04642999817995505,0.13996638636314215,0.06089458135433374
787,0.39955557756270776,0.6037118011604035,0.3913088705145693,0.13364354457362004,0.19651775067379976,0.19145480448124239
788,0.07624686981106944,0.3324642692437879,0.3863603528033778,0.16832199745113022,0.21857202203921264,0.03328939537685982
789,0.21787756073604056,0.24360026195275591,0.6326409137083784,0.022001689305963832,0.17236637401813482,0.11859383571380003
790,0.20149183046097868,0.2624399763312786,0.5050564778765871,0.11175220343276078,0.220637689279699,0.1867510228000953
791,0.2037093081654421,0.48920343753196144,0.4432461554767522,0.12553983319968406,0.1747522449487482,0.08067546762538698
792,0.19620758534629795,0.3094765055375178,0.5139799792904076,0.2029775517402533,0.05343556578680739,0.015466677875443471
793,0.3247969056520425,0.43012636677135263,0.3356125848322231,0.10339322077302873,0.30988136865291216,0.006198460149499009
794,0.16676242002623495,0.296954239901222,0.5148390556732537,0.04115211758136332,0.08729019328106484,0.16316691879216222
795,0.19383736571871793,0.3886376724168223,0.43296832039425687,0.24889271101381424,0.12620188053348472,0.11443461078412075
796,0.03184842064439539,0.3205170062349873,0.31207057511696956,0.08804987242539523,0.1850305781692484,0.10391501459446109
797,0.2568565904389589,0.29073507924893177,0.3932963623114324,0.31692297853579415,0.3651806783043658,0.048996205748243996
798,0.23276004281633822,0.5307217642200786,0.0876437164046014,0.025710232035277482,0.2958911286593788,0.31020605230615317
799,0.15122572684295257,0.11645222270254782,0.20757496577647847,0.1795422370849528,0.09688612575463679,0.12762205553716865
800,0.23686374907435018,0.3017133046177275,0.33549047432744533,0.15188966873436527,0.0661840587441413,0.38498490767675375
801,0.2718267362058437,0.7518188752593825,0.22964857393700658,0.2460849814715314,0.5892234701703585,0.028010912131974368
802,0.31333453082497403,0.6430827688388437,0.6182914078589417,0.02071591459275526,0.17272431095572474,0.07528552259074321
803,0.254531629116363,0.25741140681411634,0.5820776234413082,0.03333853528099833,0.07102578379549015,0.10424767297014369
804,0.13268157851722537,0.33433330970687,0.1152749922666519,0.17210675551800667,0.12014465497039484,0.008197586582245696
805,0.23227154410387693,0.18130550191478398,0.21326259395903716,0.2464703980931049,0.05335885713429776,0.048410562929994155
806,0.3551700018822254,0.11306239172705573,0.07022360419859944,0.23544708346976997,0.3108686371014147,0.03250077957030104
807,0.12181381587110142,0.1632293993988625,0.542099663287816,0.14546207589463409,0.18703158820883137,0.20220102996869482
808,0.08019224741793686,0.5150164788245376,0.3151740555543431,0.02677598343683273,0.2328092323750117,0.14295494987876176
809,0.3345871119704901,0.3846199966331458,0.6030140330366174,0.09745146260750719,0.12175463220445389,0.16486456083698287
810,0.1419492619549105,0.3095971329607573,0.3931261563968235,0.13486968344838593,0.08870970452682825,0.15068158672050747
811,0.4962795651299822,0.37042398495319284,0.5809385009406427,0.058814108692965716,0.29769926378689165,0.13869840751464974
812,0.13358584107052723,0.06055579796528363,0.05452179486031135,0.15148638175379756,0.387629280376684,0.11353075526156722
813,0.16503455342008844,0.43719497582016187,0.396192844564119,0.16112516678143135,0.23531846926424038,0.042762900606775116
814,0.054449072289622286,0.15302001192400091,0.35968358686165164,0.046635545020084136,0.17525320812121434,0.0330529694404081
815,0.09986646350231895,0.33068142117395216,0.497221442777545,0.018007862003963607,0.21481722430554115,0.07893017425362843
816,0.17874181216269927,0.48297908828780917,0.5573795494093784,0.08938637035258547,0.036589890202251195,0.03619287000480519
817,0.10794429818859104,0.5040404389917016,0.5045165093503872,0.18348566471027855,0.04132150663677917,0.22159193254574425
818,0.20876280183553816,0.2859669635165418,0.3343862796366578,0.22880774945851495,0.062152315576490806,0.11993062645044243
819,0.2847518817067495,0.40231682634481775,0.31383763654774094,0.1873916613035882,0.0908404993299745,0.17192870482548536
820,0.12158721083946787,0.2842467556105181,0.2677476042337114,0.23513691814419593,0.21630144933632045,0.06580921187058694
821,0.30405604722784996,0.3755115765593038,0.11019367446414176,0.2112350751997609,0.19565686965034557,0.024951222187026858
822,0.22491355863363258,0.26897856254195757,0.34732617246963027,0.2370722415550962,0.28340989393424526,0.10298378753139545
823,0.10020776803312574,0.1015474874609989,0.25913793920819456,0.12011946641019466,0.2743696858071838,0.1507570206115902
824,0.23324446969447893,0.7769318538955277,0.4232977374316409,0.15014154421001133,0.026788075573033365,0.009932101368320565
825,0.20568633317604698,0.6152153684311646,0.4654004815706573,0.0951705195440268,0.03770041867023541,0.2693449897898507
826,0.27613453589449,0.23360469843465131,0.1428992756088403,0.06267354354078644,0.34402440388620736,0.04172670333025331
827,0.14409250204202886,0.2797668351803978,0.46927434421170783,0.18419277701868153,0.11388553432425282,0.13331099021484588
828,0.060592097955203594,0.4492965952847639,0.41182266758677855,0.24796663481419817,0.07189538600366975,0.1337004042167647
829,0.40705875186210955,0.20076256080319893,0.27313005799742507,0.17124364421708646,0.15195302330560886,0.33007742653984967
830,0.2044966078275801,0.23122267759049467,0.16953332786997063,0.30186919799730844,0.3686815033019902,0.09267650220954568
831,0.3376949417990739,0.07916703623355956,0.3856372199503406,0.3529342433502779,0.1291293859078423,0.055307148999347654
832,0.22099305580487444,0.2425616397149582,0.4290164475430929,0.33068653315760027,0.07019840635760173,0.04137455208706916
833,0.23983353417375078,0.13817822175219754,0.141274498171176,0.04243756339661748,0.12799338220714107,0.02691720024069856
834,0.24898583663553123,0.3209761228672761,0.3935759382830809,0.07936278218333807,0.05181552997174258,0.08710579542554349
835,0.253119330544563,0.12797769638723913,0.22951572782603763,0.36224426854702163,0.14331528010399855,0.04602492207392952
836,0.08031674211045788,0.20351558979087592,0.37212446143125516,0.44369950989693596,0.20857597204992542,0.1809568568883333
837,0.0671724623351568,0.059819124327182095,0.1153074754781792,0.3775765598530843,0.2288672306061803,0.18381281517597672
838,0.22202455342343905,0.09909182725805357,0.3665979208056272,0.09364756053032187,0.11590379173901759,0.11676822825715397
839,0.13045625006142006,0.17582576389665314,0.6135983868592576,0.14761646098746198,0.5519244072699284,0.08055692789654839
840,0.04640090000489691,0.32613708866515095,0.3218736314648584,0.10503875514412715,0.06034740937061206,0.04393814602471291
841,0.18425207663444435,0.528710962913083,0.5333379622706587,0.45329029028087575,0.21311464628441293,0.20928035851712232
842,0.13676464495563723,0.08537188869339661,0.31616680067935055,0.09090856868925908,0.21754081818191084,0.09379509092428354
843,0.32949658377125096,0.2244712892348583,0.22731907461693962,0.1983346137811416,0.16632654574592098,0.026192540717451588
844,0.15714326584961977,0.3134037389644467,0.055795168313550976,0.32043444141439076,0.3273556966956043,0.09585231230576684
845,0.054440121718690525,0.21066111048876932,0.5268786725420176,0.11100772459779853,0.055574439252519724,0.09091082704906225
846,0.08231366303737041,0.2351070853971884,0.18901621717494185,0.03646234615550338,0.0749943859407461,0.07851037054009752
847,0.055520286642034115,0.6218521589913517,0.378971786221279,0.1277300759793827,0.11904541652878461,0.1494524114732663
848,0.13059280283284444,0.1327976531207691,0.27008333295284737,0.03276349543310306,0.25786178977303903,0.07830614832115806
849,0.2428057959772989,0.364135111453246,0.3519462137025237,0.35171189913824413,0.1756767651089116,0.04241596253590916
850,0.12183642097544231,0.11317051111663681,0.06576624516481988,0.05921320709083521,0.30185515406772306,0.09725014388625344
851,0.18295329685788067,0.27186481785510125,0.43757756878153087,0.17392791696616605,0.3134413714047179,0.07352255694957423
852,0.12436826616382289,0.2073153739169057,0.3223312362583092,0.08817438808442087,0.22268596851876177,0.13104271486653607
853,0.2542315233665295,0.4728177702558151,0.5688296000009638,0.024044353728159114,0.3499805283930928,0.22910423521996787
854,0.34308694989823146,0.5059768120953425,0.5357623234950812,0.04025064383036733,0.027035249619801572,0.04559217012627023
855,0.20092816702377628,0.46765861346641807,0.42658243224382797,0.08520896993339738,0.3074576156697567,0.10894450241226718
856,0.13731666951648044,0.07572515500771011,0.12082913368231278,0.2836409464357674,0.09921214648873458,0.11014955710352241
857,0.11986533587577561,0.5055716372752445,0.46398560971630015,0.09772931940676681,0.2187627986319183,0.01371421589625954
858,0.1670989530986645,0.17372642801755417,0.1749227458656929,0.21581018695988108,0.27114524088252956,0.06512995149915142
859,0.2767741608837692,0.48362996821847176,0.27245466787182776,0.20171305255752645,0.19329413661016315,0.03206434460632808
860,0.06392706440032257,0.12645971208049117,0.4399458413901485,0.026222266909264307,0.2907552295334744,0.17386249500893014
861,0.25203370125444713,0.1864497017077667,0.547546083236523,0.050236568329367966,0.16071501765899712,0.0875210980958308
862,0.1603168556294779,0.10668781782353119,0.23132196571867789,0.18296009242923705,0.3862015758280139,0.2527465452856599
863,0.18079720644364372,0.40151228448966547,0.2288636704870916,0.41900821597883764,0.27667668701937354,0.25444157501333425
864,0.1638022373756789,0.3489691916487951,0.6036736457355399,0.30589459964156773,0.10458995796416919,0.04276884143605323
865,0.3111304104785041,0.2349992174107081,0.525982904091332,0.3480017363611862,0.5684915540947374,0.11769219666098554
866,0.12159352737136978,0.42701287126193993,0.5021641963130591,0.13449878545339275,0.021317250209149773,0.059214953402703635
867,0.23376346627184277,0.4731370753890495,0.13758294334801627,0.14118440058238627,0.05334842732929229,0.11283874904114469
868,0.14652970367779752,0.1071742062073407,0.4420489211243117,0.2705934921877075,0.09823215874678061,0.0462863438759778
869,0.13799111430695293,0.41645641334575073,0.6004082067019839,0.24104480317811755,0.3304799786995224,0.013146158965351465
870,0.165985586334015,0.6106145208542142,0.5427700724715654,0.1700732172852179,0.14831739932913698,0.16595239700788716
871,0.04405137093605545,0.09714419740504583,0.24967532667561818,0.1843315420479565,0.13385498261498366,0.08902873782474542
872,0.2483723273284777,0.32252791131080366,0.34439100659553873,0.10827561664512406,0.2682968875549297,0.0923336178028483
873,0.08131475162612586,0.3439077413272599,0.7020466291013308,0.0677886194184247,0.0380795208390845,0.06888414371112878
874,0.08246426862169798,0.24450207728831377,0.13446361983127858,0.24712518087765029,0.22738946573119456,0.03092958466969055
875,0.4421305098719424,0.03440942960653375,0.6387517002111904,0.011674252245902081,0.20001823616617218,0.08762801409902443
876,0.3716797737428952,0.201503685292766,0.5620181064091215,0.41898281299448775,0.05562477815716967,0.03917429022448816
877,0.11513764884958186,0.23466902095357758,0.06591033411265927,0.3436082951352932,0.16991771685425872,0.05257964581766503
878,0.4274531096979969,0.3167958736859939,0.37321878117714424,0.04545488251757891,0.17992499015555122,0.1250943039974498
879,0.07287123743738505,0.3268335864255564,0.14688052684313874,0.03649018811269992,0.29682304169934554,0.04704738320623799
880,0.19032463255900292,0.5625091184987528,0.491402151971096,0.05110134198964654,0.2584912904466584,0.09216731373728548
881,0.2604081838531974,0.09235246032817843,0.13755291967169284,0.1765369506990595,0.18595145626546616,0.04321208564173971
882,0.45731206763223875,0.7791667528750024,0.622372507045198,0.09056869794369062,0.013262164461128411,0.09726050766601516
883,0.4754748265777633,0.32486474706999685,0.3560449269212879,0.10293049731228546,0.3047907601762357,0.08321791876350694
884,0.42158218809726183,0.2590438026774437,0.560951477083384,0.1834853500349248,0.2582268027280422,0.01673568085098405
885,0.08339100198312258,0.033982354961036014,0.3005719264926652,0.16578473523860035,0.04321137791270016,0.022971075514640726
886,0.6271334862783638,0.2063129401104063,0.4974927952910359,0.47453026365073037,0.09569866012243464,0.10501393572725459
887,0.13267276315948007,0.18106221181828833,0.1974975770703108,0.35773897959147605,0.16004969765546223,0.07886064664891951
888,0.14621764691746444,0.27222694009132903,0.08710316353531063,0.1222394561585345,0.05706720126118377,0.05146654016378716
889,0.07918898958245356,0.3113311214933914,0.1862083419699074,0.041534546562998306,0.17879352195141132,0.05818559869021689
890,0.1894355003429793,0.49910865559331546,0.52719422642655,0.5338580925757282,0.1900010928254796,0.0965833028076893
891,0.12408039346940909,0.08259560532769188,0.12881852458678497,0.05694164023002918,0.13558661936481597,0.12328212978399467
892,0.33506377628744394,0.2709578799855123,0.5186571675716556,0.15228235842957893,0.24521375629939035,0.24216314676070735
893,0.09077674885317727,0.2182276198820266,0.3030682442992898,0.3411197411306717,0.43663677476858215,0.054498926425206096
894,0.3156329850418578,0.09453856688559117,0.24474082667634964,0.156928905245094,0.17839158787447373,0.16507921448919768
895,0.48110752308194105,0.10113704178424839,0.45358120697788445,0.18131973518977335,0.1754208676109272,0.11948681298668273
896,0.13822818744702878,0.4072225104034073,0.5574254252550123,0.16855190910861617,0.03600580135388234,0.10049010947432721
897,0.07160917398105686,0.18246761894431698,0.2872943074128277,0.08885537136172722,0.10991523199366564,0.08503939869573368
898,0.1502834683512164,0.21999946050535274,0.7221050154355153,0.23788287821620868,0.1679194118317814,0.17980908412640134
899,0.21857705144124537,0.08439855486049021,0.13648070265734363,0.025900521184603537,0.23536389521798343,0.08128492819651627
900,0.12905667929639772,0.593529666985717,0.28971125512601337,0.23765724382142375,0.4104341790097326,0.05348158443802917
901,0.08835270217740719,0.7067696516136796,0.448827481466806,0.19670220454310133,0.17153118325194017,0.01148876842115934
902,0.33013590013523497,0.45458303331298316,0.4980725160616868,0.23261777068862943,0.3082172301057842,0.02136279169509975
903,0.05724362138942228,0.10465272926908369,0.1281751528491394,0.10261456938945772,0.26891551622576537,0.15299694236685496
904,0.09071197616888982,0.10521922594546758,0.3358257388734452,0.16755824476757977,0.18190790643062,0.1426155647016753
905,0.0797216192109107,0.26594002972786945,0.4757978912450045,0.040067392014771816,0.08285481700303077,0.01683433539816259
906,0.15283644087365428,0.594622159648937,0.36241779335900404,0.02289315504949807,0.021566047070513652,0.0769447379834176
907,0.3915842467574319,0.6776141050789437,0.18138497457995673,0.3440126135753652,0.09136352150031937,0.07922636545075448
908,0.28727477088822306,0.1539770641083846,0.2822274116922097,0.15104964333021406,0.5246885268074333,0.07554163156875973
909,0.34614773790034087,0.062486947541865394,0.383273948933477,0.13195977575666853,0.059621366003966926,0.06693451200369133
910,0.22006908491561394,0.523412735923637,0.4013210048610321,0.09932944010778173,0.17227039085243648,0.1503223361707485
911,0.08578143330501624,0.09833756050664282,0.3018237818504332,0.03490472028793121,0.07540532281097762,0.21144643203903565
912,0.20040786062772845,0.42211991719876,0.2845984662773386,0.2677255672872295,0.01865100500326502,0.03148512310154778
913,0.4284454958163348,0.37257546302722744,0.3717284192759196,0.4083968891965325,0.19683908150205118,0.17089532011702505
914,0.3234725442565266,0.4162165388560865,0.6592922739727592,0.18157110862461798,0.028769168886946132,0.34596940509336577
915,0.20308526053248457,0.44367418127337743,0.2546488632531146,0.04637062863243427,0.04529243159477697,0.08953680767222903
916,0.26633283351539105,0.10120856698746462,0.07283622039883526,0.09209557391979269,0.26624598755852474,0.08209198526610612
917,0.2592885251195618,0.39446170385847557,0.3747151918807478,0.24470782509462136,0.11922922067211295,0.045460013050393246
918,0.243255820168899,0.6032036921719258,0.1707907545310149,0.08957981124446282,0.17875617036704766,0.1953581807088683
919,0.20111308208214457,0.35920391410350216,0.479034101792458,0.08502414496584339,0.3578193213748227,0.04237923097211211
920,0.15963171796308662,0.20787581874909034,0.34468244097021955,0.018170817447140254,0.10824186228164659,0.1478764743298151
921,0.07265173948261254,0.26886631875683864,0.45333509036538894,0.3632318027369315,0.2034854399757001,0.09724419546100968
922,0.16270738117409353,0.5031723127015005,0.25359738696080175,0.1244788217854933,0.36163575773686796,0.02389398077407064
923,0.167404185574577,0.8274787364165471,0.7923861100008807,0.3452782230328235,0.03481077980591307,0.12142134504218441
924,0.1267188361030737,0.4900608071404764,0.4957902207476908,0.03666001470320385,0.11789719407202925,0.05790139531183493
925,0.1197074012138426,0.38146337682905523,0.5665284462040285,0.40939729428460997,0.18029200247155805,0.07878057617838935
926,0.1006808532411311,0.4234734676798224,0.4555385790369812,0.11389030625280266,0.04753434910312691,0.22211461467563426
927,0.07106310897234448,0.44214389028925744,0.43776480788491984,0.2802539545280585,0.188999713028956,0.03556172672721757
928,0.2934758053969535,0.01775146971982822,0.02647670943159854,0.029266777263556403,0.0671162015212491,0.08451453882994114
929,0.5006373703943584,0.2168953914534764,0.31622208896335313,0.2677451159874276,0.08805850362187975,0.15365643805156345
930,0.18016651226397087,0.051419254251868295,0.23185070816325712,0.10291889443207503,0.19634652995081092,0.11465658643831211
931,0.21930835058519546,0.24579259473105483,0.5638030470727428,0.17550774842988384,0.39145226635783165,0.25590607277858496
932,0.42042799825598043,0.38702831610952454,0.3626411411663125,0.187992061575081,0.13424269620830892,0.1735414432655303
933,0.24970121025058264,0.7152935238623473,0.7416283781681191,0.11179239719132672,0.12311250749976359,0.14443846174173303
934,0.11057191666275519,0.7322262815440029,0.39696319338605396,0.17749002851653622,0.09931680051120682,0.01161433930015103
935,0.12244252832752908,0.29914026544022504,0.6364383393015852,0.1840916882857167,0.3549176990056804,0.4841123035362882
936,0.07675322146065905,0.29126963960661495,0.3163335692520433,0.14576453634794156,0.2036208184351835,0.03438388986603849
937,0.20197753324203477,0.5258907519912573,0.48041731510017743,0.299918932803343,0.26246413809743957,0.06710648484251845
938,0.14822400040456732,0.3364820082194491,0.2509978929565717,0.18930344360769172,0.5395797794946464,0.17415498104047286
939,0.13675328191978361,0.1558559729362719,0.401731511812012,0.09345996694741984,0.1510286892122967,0.08729474562915772
940,0.17287399054721456,0.4119200292806345,0.46545086645902395,0.13887788965733774,0.2676625589993156,0.08612370798500626
941,0.10451060319730977,0.19786504404222147,0.31476493451906024,0.038953289760304724,0.1289057773260144,0.02428269775187518
942,0.11022544285123768,0.08241384307189098,0.21249703121653749,0.49135851042901313,0.2785527733856045,0.1992907921508019
943,0.01513472251703178,0.7106723711086848,0.36602706496467746,0.12998548166370308,0.1331576023736671,0.156210259660477
944,0.07985584226613966,0.13389594705284372,0.5757980876928361,0.0845353287599014,0.24686767604037388,0.12678354596156213
945,0.07120124432199021,0.3849789282514435,0.2098865928995125,0.18700444453256884,0.17631735718498812,0.34778433023838606
946,0.27052559095404494,0.14444682814599166,0.28721974119132276,0.2592339090818628,0.02422224736585096,0.13354560324077536
947,0.06165857416969962,0.7226376379686617,0.400026696269947,0.3708131948046172,0.17988688650205292,0.08784212646825702
948,0.5669987802226104,0.23586048495790365,0.20039567050594775,0.13469366032622246,0.12308587423585937,0.28370977697356553
949,0.4126524794402374,0.6408648713085386,0.35778730823921706,0.19997972535372835,0.1044103091738846,0.18132813412197707
950,0.17555623671847662,0.19209172447164138,0.560257563078241,0.3056080703545186,0.14346002477645062,0.07538933727713737
951,0.10082467306999471,0.6913209173686357,0.38453337569858,0.11504612170984166,0.2280713151246353,0.14164010170744182
952,0.2840322686735987,0.4660214063352784,0.31820158414726873,0.0910158752076218,0.016775475738600356,0.019575958575438486
953,0.061332724539681055,0.1535347843907118,0.40549490835556057,0.11514423879695936,0.11210294711408074,0.053717623717620906
954,0.26176973345644217,0.35380578031387655,0.4335921817642187,0.05021870404422471,0.08427070680487066,0.049777833057878494
955,0.22318342360407914,0.200736235572624,0.31348295567556855,0.14724934374247187,0.03883584773658827,0.05250212028669451
956,0.06382105210503533,0.6215935628699919,0.44068493577145557,0.22480103635948004,0.027247220038694092,0.04275128208558534
957,0.2502597918137541,0.13039468280365454,0.44993302367539534,0.1726080477028161,0.1632650002393496,0.047759619127183815
958,0.15948240872547662,0.2840222808309572,0.43865687532200837,0.11849621535216122,0.05128919121477661,0.04269305485809828
959,0.23990808726658205,0.26402046396398215,0.4607668157736683,0.08574883398885069,0.3623257533082156,0.08029810294970978
960,0.09054627892674867,0.145931932323619,0.37692946596147336,0.09997226209728807,0.19782096284097989,0.247337482988776
961,0.33319257841954275,0.504134463173423,0.15622980652401297,0.22973383289753307,0.08411630826221092,0.26395570651249245
962,0.08743661123713058,0.16208193045262698,0.40187666931273425,0.03808458456588546,0.165432109115452,0.04113542882764242
963,0.19076865639432697,0.13613853330194667,0.45159450087667335,0.09788063458711597,0.4309325717299195,0.04413737439670511
964,0.5123905627881814,0.2477501553987396,0.41634275913910307,0.11428111345348989,0.1240558413848859,0.270419651308527
965,0.38391346584174074,0.7513903725318916,0.2772573326560202,0.08185586192856158,0.10588961050842376,0.31261118597970367
966,0.24448688594411017,0.4527397043580983,0.5970148485489944,0.2586613355419575,0.14948962812512373,0.042272629827961754
967,0.23493727258539232,0.17774450252901983,0.46847409948361807,0.14461841726190738,0.1732604440746827,0.10451625745060387
968,0.09379299761089056,0.16200055416881648,0.327563866320363,0.01621449085011223,0.06509433167965592,0.029926910183188094
969,0.16113812977251143,0.2866870791506441,0.27021803395305355,0.049824964410721546,0.11385358321007191,0.16962300451100668
970,0.49129144816853965,0.32533249151437305,0.5194561779241195,0.329446692767136,0.1881482737116493,0.09170659609465182
971,0.20069854576560214,0.46273561174826344,0.5016774408564815,0.22627721993269279,0.02797400249916187,0.024231508412247783
972,0.2500188684556699,0.16758480017085797,0.5539080554727553,0.4035272014518688,0.15379818218511984,0.155682360219395
973,0.023206031030618038,0.7170125429867736,0.45219085895392536,0.2744569611096353,0.17413358855219338,0.055151716581889436
974,0.1898857994876532,0.1697540583643317,0.11672297307852027,0.06663761271345513,0.03541701809047502,0.009992861373140082
975,0.48286682568538236,0.23621426354102623,0.49627487164439965,0.23887656912942898,0.13069013483425,0.062184786648052257
976,0.13167069760672037,0.6784367221356576,0.5271710533307791,0.30438192054293445,0.12045905663711919,0.0894674230682691
977,0.054388801746127306,0.2934012182029379,0.34320577147942705,0.2019131928240934,0.04570092105580211,0.03711474290767808
978,0.27196616949680963,0.41093318030185094,0.23769326703502858,0.2918624739607575,0.22572295119407298,0.10162086714586352
979,0.11135509136370403,0.04338809635543298,0.2111558686420748,0.2694746021807957,0.10781917096388968,0.051877212696334406
980,0.1698472828373035,0.4282994069388745,0.41406880927201695,0.1566982845626306,0.033557898516797996,0.022131161931612908
981,0.1121195721999751,0.06601635753571548,0.43463071665807484,0.13887245783670094,0.06965410537739641,0.10810809004463792
982,0.0943165925541066,0.3003415377285048,0.5158082111621101,0.2723729690230852,0.2658535843054964,0.05305639315981913
983,0.321104040500013,0.19037749406673593,0.4383803973781014,0.1391183577100401,0.23700088940592087,0.014490085896823771
984,0.30580989094375455,0.12348144556537473,0.19966544214305046,0.07944891755576282,0.10120339150231641,0.035823697188725856
985,0.4277611971369671,0.3703683865333384,0.20224181938886196,0.12832379578876305,0.012556847150071989,0.08318023778715354
986,0.13755594147949776,0.257665795368028,0.3316364861908369,0.10974187363550054,0.16857476572482283,0.23357769377921356
987,0.2441564311178975,0.5113212599343819,0.4104571680414283,0.0433193050328784,0.14731377932000397,0.02375893550139122
988,0.3337167657259433,0.38830267532755425,0.5775385064823438,0.28583535419209927,0.21460117689786093,0.0608025110910205
989,0.058732022851821615,0.14830783042531376,0.26317519297589503,0.21021873829714716,0.01635674277825413,0.02941116020775515
990,0.153090786632322,0.5071345286050009,0.46285690111153005,0.29156105477420013,0.06916980596662702,0.04774461415813247
991,0.18654560857708066,0.2299289903491541,0.48939774354049986,0.03622412268948919,0.07916428437910902,0.06164672092403225
992,0.131031802081076,0.5953835400360455,0.1511409579091416,0.22649299609284282,0.12993137327497975,0.030755925382266014
993,0.10888377080413289,0.32871582674124666,0.4010338696606481,0.1773578104534885,0.1017026230686948,0.21805228392119777
994,0.226359316063141,0.19169969946189513,0.4384900535673518,0.24936924988722084,0.11799770603824382,0.36320213876216206
995,0.22978878609240513,0.16603022433278133,0.13797532770590548,0.1449389980179439,0.10453000775118085,0.05160338841644034
996,0.24708369404623307,0.05827593168251323,0.31652290004835126,0.07052326281400284,0.10060017766699433,0.038965295931489806
997,0.22466181715805167,0.2808731023116226,0.5963359822322924,0.021061736240564424,0.1342343701682702,0.09732661851551727
998,0.05110956608155282,0.5686656047431633,0.43455412818710676,0.0970506868851906,0.13267207464866634,0.11459533787312401
999,0.20842919816273797,0.6684523988467486,0.3299254430901766,0.33398961856214077,0.16274783339831903,0.04214096011756811
1000,0.09247544884170235,0.08690820898187007,0.5395602820641145,0.12650376180871808,0.33725118233103063,0.30936190777591854
1001,0.09033794349957017,0.4638142782051698,0.31150421773248077,0.10229511895481248,0.09704454734605944,0.13654473504522835
1002,0.07254980581467028,0.16683542468791798,0.3064749401377015,0.34527772000117385,0.08829864168851326,0.2844903454752717
1003,0.1838291529010475,0.4904077561584665,0.10380562012237003,0.07282354034639255,0.2592178932788136,0.17325760676405247
1004,0.1631683698153135,0.1988343725146449,0.28914278203450694,0.24224718413524374,0.11984765812127736,0.10938740041031654
1005,0.11740753444673896,0.25255339968014523,0.5393333118457427,0.16259130960611376,0.1461175048983453,0.09602211952308526
1006,0.3940239793068042,0.5809854029415606,0.3711336071073769,0.01917544975765011,0.012927167360689664,0.015357921238344216
1007,0.08861153953295484,0.24817748291964217,0.6440923431460185,0.1487860080583051,0.03909661837418974,0.056702302060904264
1008,0.382790901416007,0.296834490088812,0.4784666046146293,0.3273667981476855,0.021592792323353753,0.3285077646100725
1009,0.19562234310331184,0.4970322196069012,0.27902699234775374,0.00920711051349642,0.0819114236049298,0.13827271623706336
1010,0.3362261246967892,0.5606746802414907,0.13647746466694058,0.2546851052909708,0.18300802774355823,0.09313877912047837
1011,0.1707096274195634,0.3036692953888992,0.2766513263608179,0.06257336837528796,0.29048480062915394,0.06310485850550428
1012,0.14461114796366378,0.22192974243994842,0.18105763682036655,0.16186871965649263,0.13479960461833584,0.07636206801874564
1013,0.1601510435435875,0.09959785071107169,0.4597310760623656,0.11550482534643329,0.3893766186788641,0.10036419041175522
1014,0.039112993480578416,0.013999306468003908,0.21329030619252015,0.05204753451368816,0.11093231771770036,0.18012615522556788
1015,0.16150238500127512,0.37736258388378147,0.2340904930887089,0.03977120488008568,0.22116893212843708,0.10413311643589465
1016,0.13737949666743596,0.41772694647874703,0.48752908633115505,0.08237143967381069,0.12732932699235477,0.11789102923785283
1017,0.09642224646245637,0.41825344518695856,0.4251605362595969,0.10504025781364666,0.12757628402961405,0.12738471262993672
1018,0.2315579554939265,0.13905317186372237,0.31433021139314987,0.35388352177616134,0.1372216513831236,0.1366962103338337
1019,0.09222843579796973,0.38068290385345865,0.29967877270253707,0.19882092517031277,0.09844546088969634,0.19541803723034293
1020,0.23928234625396186,0.44638073198788075,0.5467262061393746,0.13394589132697507,0.1678493996455582,0.17022554675463272
1021,0.17148030579994988,0.30641899881337736,0.2508305229432064,0.07464251802867401,0.12021172200682284,0.04080754944096539
1022,0.13142473868354845,0.5618497726641363,0.36321629329699534,0.2807496962079108,0.40357964173559674,0.03219690137105033
1023,0.08815197164618131,0.16023303852619428,0.3542047462480614,0.0627472742861211,0.11887149586580577,0.18581284044946905
1024,0.2737479187258794,0.1674261255828724,0.5747187657902028,0.1838371659197834,0.5093439500256881,0.05566622182078639
1025,0.22822750636260133,0.5290742079228656,0.5208819067530631,0.2796142025179192,0.28170284414339575,0.013059062812403715
1026,0.12210665083152943,0.28731804241238873,0.48814984648300347,0.2609169098363683,0.16306366858540763,0.03906442538823845
1027,0.242913576259447,0.054842012763392844,0.22615702623975129,0.17927951174806275,0.18692324902950236,0.033619730637299707
1028,0.16064539446706888,0.29572789634610946,0.1475315285409367,0.12299005927259694,0.5674463768314035,0.09549295835754402
1029,0.1043024968303796,0.21062361102570554,0.36232785472291773,0.20310652908424992,0.39246708317970447,0.055235048301716105
1030,0.10056813089043791,0.11483376734525208,0.16595032945503121,0.04354637194066381,0.023706515231617327,0.05462123337458052
1031,0.09496435609335077,0.22562726074223186,0.2741878383336733,0.22797981168653217,0.34537518062539363,0.05187282929444552
1032,0.17530967406841635,0.3789579096062961,0.4995633145829437,0.06180504066123679,0.09303960981177287,0.06306509911879442
1033,0.21919571764124057,0.13203989267820815,0.19364529799380026,0.19502395768578693,0.23287859425438,0.06518357461752643
1034,0.20036943445763294,0.34878659958461267,0.4566784647439909,0.22486371825374554,0.3065146547123943,0.03126887172547391
1035,0.23652788179934955,0.26217412490373515,0.34556552219626646,0.13066737543290358,0.1306627968298716,0.054647053151517036
1036,0.178584490894008,0.6661251095071883,0.28684359684882005,0.11015934954447372,0.036164308784460725,0.02792862601623479
1037,0.024645129166591104,0.3387857156040482,0.4757545959396906,0.32396281152812534,0.15648647721492362,0.03945879472552941
1038,0.136216347597413,0.3694172895941715,0.3832462327600935,0.12464491524860663,0.2829491700217483,0.14397462627488028
1039,0.27341944000154067,0.5900461236254542,0.5394583160581032,0.0410932015201729,0.21047089557430412,0.1348155219856497
1040,0.13102578362796008,0.07750261224085361,0.14658893598882822,0.23826017800865876,0.10991106741702626,0.22677789153912323
1041,0.22015414558568225,0.14891292115729837,0.1961446406914098,0.0306410356465581,0.21752042481345474,0.07798325934300399
1042,0.19489318226527103,0.08488819489849854,0.5835517181517901,0.21138965632583315,0.1774939623127168,0.03295670226744587
1043,0.15958026267741143,0.15810204170877984,0.25474042602933783,0.2644523296438866,0.028999858211891074,0.04666916819192528
1044,0.27193179949896784,0.1575094572758696,0.37351188406401103,0.17344555474059623,0.05452099017922491,0.03891789070185252
1045,0.018534169163160728,0.3562415518836061,0.43578484940551826,0.10553142362589947,0.0718318192729159,0.0658244710245454
1046,0.32926507750265654,0.531010060084789,0.24914355838361205,0.09328075089193485,0.1363264481830566,0.061475436536204395
1047,0.21128461045954552,0.16503468029371837,0.41023631484991774,0.13803929134386234,0.15154425133595936,0.19137428468313253
1048,0.18109030095602158,0.6310246420274257,0.41253628946409016,0.10508836640959034,0.1740917149719356,0.0733262450240764
1049,0.34976845886357816,0.48878360916379726,0.5692650065456553,0.03030335395865497,0.057850579277258965,0.037055633508717864
1050,0.059212912708485915,0.4121290222303561,0.5744224290586174,0.07789011467694226,0.46711001518149214,0.07844908680926069
1051,0.31187992421268945,0.08534381868406306,0.13710418881552947,0.18399573372578898,0.08502924398576527,0.19040742718392578
1052,0.27502184656420336,0.42004873242647783,0.28260783468177203,0.12146083163752945,0.19556267791066237,0.024219019822508507
1053,0.3992566839049311,0.5611141933819445,0.6531851875530119,0.12741801626706345,0.02824409108182753,0.027156179342367855
1054,0.49349929350331706,0.2021214787461606,0.6312729496654982,0.10420828284990129,0.08298464491964386,0.12346499232831096
1055,0.3222672670001739,0.2705582135308048,0.3129403746176004,0.02211844885910877,0.04894104585638554,0.016966397435337396
1056,0.23375594991664883,0.527219025561306,0.31405873783155186,0.12204618988671259,0.034385774007897885,0.06217900025404207
1057,0.054787282313763626,0.29282427959154833,0.4871813148059172,0.13475631467645224,0.14656018215498565,0.06714286102168622
1058,0.08245698485399316,0.5508742029673109,0.4814985233867661,0.013101535338960189,0.0541009107652058,0.17052527154432215
1059,0.35656253718390046,0.1141304548507424,0.5571366005927256,0.29095824873484555,0.38410718399244387,0.08901527943613669
1060,0.04443931891124311,0.11564211999046094,0.17543776967786257,0.10476482982755292,0.1835607894844109,0.030088202064710974
1061,0.06596834623497949,0.27334762232857757,0.462032022783619,0.14880300670444419,0.11220941755274812,0.10425197832372356
1062,0.17758534687244418,0.5168608884960173,0.7132600779331598,0.021280520456872818,0.23537353110302298,0.11195106952508405
1063,0.16900480177959637,0.5613652436867494,0.6221441923205597,0.1026044447503083,0.21153727769650185,0.04724909654574714
1064,0.2768714996252804,0.09500532155923708,0.19189079718287266,0.16898312967479348,0.28513574551188164,0.04778162595909082
1065,0.11485674535963107,0.19592237994990985,0.18051458664377007,0.01041590361962738,0.07441727535786641,0.03636853897480427
1066,0.0690530289997185,0.19779877634132834,0.22764457797163953,0.11370492429388558,0.11143811784746922,0.08751501389409397
1067,0.40065488832027396,0.2404133774158164,0.40462130069528357,0.19894678212046524,0.16984274379731534,0.0676925921980255
1068,0.11622538018554954,0.07926295298757194,0.5926801434771362,0.045479400795324934,0.5848505555777781,0.021725316168672716
1069,0.3853184543993788,0.13382115813167444,0.3744826526427181,0.1638721669414105,0.22392512685353513,0.040859757219036376
1070,0.3552657241474191,0.31942649618739166,0.30939750239365027,0.09399429405833098,0.3540339776757943,0.10250339457350509
1071,0.14820852419003494,0.4514084430290701,0.3607496221097026,0.0380675342975925,0.08272014493442553,0.09290072059103707
1072,0.388883509161887,0.3600661552788185,0.6720572635224752,0.18292104468250694,0.02610311141022425,0.04018319688553026
1073,0.2208699065722326,0.5602044425891243,0.4668753079468351,0.4587183293924952,0.2852271542732955,0.2550783058406982
1074,0.18223477978251645,0.36995140543943345,0.4954479129696746,0.04477814607466434,0.4494845358375503,0.11536034647671296
1075,0.49255819959384345,0.2771135445095643,0.6947741443105274,0.16751355960563502,0.09394122251443343,0.10897912825248254
1076,0.09513504265194349,0.17836175173517368,0.40786073992966276,0.20403025642234368,0.13648079619184666,0.08715664364676667
1077,0.10783474452568498,0.16398669660141604,0.44809731810584,0.35511493296748514,0.1620506555957269,0.05984729310420882
1078,0.062028007796835725,0.03819240912921765,0.24740717118182354,0.1804152313081851,0.04421568719841451,0.12082303823470268
1079,0.22312662563837918,0.3556716975405384,0.07092709842266849,0.3836548151442057,0.3038885082041525,0.18951444102053192
1080,0.44357660391505455,0.15767208155305817,0.27886183206795156,0.28978167204980565,0.09134368405869896,0.22629888754130534
1081,0.07388489718218803,0.29781656182787036,0.14686564555176085,0.43936957731090287,0.2059259819472357,0.014537416083046602
1082,0.09665255837973397,0.4630071532684924,0.2719899782915349,0.17321889768293838,0.333244355039635,0.07267293557773676
1083,0.1705550894270179,0.498980967375595,0.4025351213039503,0.05260350716078135,0.2502195275211791,0.05577695983671156
1084,0.10307817697436836,0.10422206568499787,0.2625739140313974,0.049227779277986695,0.12643923824371392,0.04249769123849129
1085,0.11749894001855647,0.25232610185952575,0.2560255022201663,0.07936920802857483,0.1285204301854137,0.015228815316302506
1086,0.12142187972202813,0.3602672021213844,0.27132423232010616,0.027926410916668677,0.10906834586091298,0.11762466264825587
1087,0.15936043458439442,0.30343036982745786,0.17109538758763754,0.1785937306981326,0.14828864413664997,0.10728834957105766
1088,0.18646481967623527,0.53382202668506,0.7201107761133962,0.01461569326256661,0.06470655032642958,0.030876572665296552
1089,0.1741849684652122,0.06802701213347617,0.5402247433238586,0.09875095081445916,0.08471690084844613,0.1654114085937108
1090,0.27451398917339,0.1774134599410403,0.3240635835025103,0.18310472778572268,0.1819565750389511,0.12065277130462701
1091,0.4184309796577988,0.15673786719425367,0.28657909253385017,0.41110537406562175,0.09326630777781574,0.20345280038015223
1092,0.30861041086212965,0.1711018162067017,0.4856299517130193,0.0988139375419548,0.31162411744357416,0.040137944185745976
1093,0.05230404663747201,0.1241290303729266,0.3080036461849174,0.07719405939441865,0.10030924736592445,0.3408077488700435
1094,0.3122620396936103,0.6737650290913777,0.7030595908861045,0.17542608612206612,0.5520760423163035,0.007978849545544111
1095,0.35221924700779156,0.375432826746834,0.6825288039244621,0.030743986191799993,0.0589501973702151,0.033389698553118595
1096,0.07312050717358977,0.10386861765866341,0.4687705043075478,0.1898651975345003,0.1625026215598839,0.1194083184915599
1097,0.07018922302336957,0.6985069408187641,0.2932763437877153,0.11778110073687086,0.28088232985839306,0.0068551362944461874
1098,0.3492761228903188,0.06968497769562917,0.2827951971793478,0.10518855581816687,0.38031146311358255,0.06018917767396121
1099,0.5161207579856223,0.4140847749684723,0.29369708014395546,0.37487202787285395,0.20673122176494668,0.17937214802599363
1100,0.2507729769292235,0.4034317452324967,0.4074451700630127,0.24685260414134533,0.10659536030903026,0.017748838216493156
1101,0.20217119329308814,0.02554019240908243,0.17960063265601217,0.048662177379202504,0.19566176783551453,0.029123324286240225
1102,0.11562116169563828,0.5995172528598557,0.6873434217392193,0.2705210770943537,0.12117140812531363,0.016832877105799622
1103,0.3769646785116655,0.5461572210630333,0.543827124026297,0.08276776578097016,0.12146895393406859,0.04788711826136532
1104,0.29374421197828376,0.11915323222734603,0.445135486185785,0.26577575260401176,0.2827499845434866,0.2273814869893786
1105,0.10201610606659904,0.10022753696699678,0.08090378947421456,0.13169909558105183,0.0906151311746215,0.03556122659775363
1106,0.20143249670941366,0.04860993830582846,0.4976184994149155,0.3624178866762565,0.05470218962113078,0.035611458382489115
1107,0.10497875165896087,0.5200160380511215,0.1434582450497153,0.2734967263610519,0.2994325387219111,0.09544287157077723
1108,0.13605934521607813,0.23005099061953901,0.42676987354110846,0.3499626465357985,0.4886676253609508,0.07446652008636168
1109,0.19979313704558072,0.6739568555813937,0.630014007040879,0.17408413858070576,0.05442164026231611,0.04099817063965671
1110,0.376481703523625,0.5636369359892666,0.2465044555483392,0.15771062595597218,0.25803818832979125,0.33917842994684627
1111,0.17434906012532422,0.536935629951533,0.2668879986751541,0.20882997111741775,0.37241526495151256,0.11040401706733213
1112,0.04700760408002222,0.1342925285640715,0.4073573353553125,0.015776655537127742,0.11688107673301393,0.049380603886154825
1113,0.34229962667270636,0.12055736901371589,0.29636197564904104,0.14198820897814568,0.18255906484766027,0.15479061918848616
1114,0.0642162132604157,0.3039253893942398,0.22401987988388045,0.15630582444485283,0.20655795651897504,0.2079717346818652
1115,0.11536928983454867,0.27156528545351993,0.19269433076480333,0.1324062586008112,0.03553315103546814,0.07025587611378813
1116,0.15429262582432962,0.33231479253963636,0.2851490934044777,0.34939123531689026,0.24223204594356887,0.022859838442092398
1117,0.13131267758680196,0.2971734196645334,0.616906984171604,0.22586522469093834,0.11291335523095498,0.06068455608231489
1118,0.311215279856349,0.5653317440996195,0.4247334445736219,0.1714896717523217,0.11511097850790482,0.10205797949972419
1119,0.13398849766914825,0.4682669456059681,0.3494826158357719,0.09417554470396156,0.054368823145306173,0.12715407338942075
1120,0.17307952335066215,0.2396333385400357,0.27178463565264055,0.0350723434900534,0.1362537515008189,0.016144720067438365
1121,0.23665767265713852,0.4469275248378505,0.2135235892203434,0.0843331413923685,0.05566660970813653,0.014513884069180987
1122,0.1928725771586505,0.5323110240174601,0.3916580775258244,0.09433956280401823,0.204748181294708,0.018938281865474957
1123,0.052316354106889854,0.1096010085780957,0.5311173558988507,0.040466661564736606,0.09364980400130679,0.12006189576558211
1124,0.11722842930802022,0.14941480726889447,0.05938881426637673,0.07876651096365886,0.11763587278950106,0.04122579805298766
1125,0.10636127799111963,0.2236424453893171,0.2797262565158576,0.11742775796864435,0.11211313716047806,0.1671571886521157
1126,0.1373957768901452,0.1361521682363819,0.3120481413010481,0.13099084839966127,0.16836757275876324,0.059379464043597806
1127,0.3402523756734212,0.5576400249211919,0.5790742012604445,0.08097931500018243,0.09181758354479216,0.022106015489356926
1128,0.3081070094437143,0.21952023190211636,0.5724634414409495,0.02784724171884665,0.15727613299449486,0.043586484451921086
1129,0.25337687867275854,0.09911774596792278,0.2981805141784548,0.1134823480396106,0.11492629931556246,0.053315108507212355
1130,0.10099009143548163,0.4196674066512915,0.18741603835689546,0.1046732443464667,0.05574414882041862,0.06964079545848012
1131,0.26048779958985907,0.1890715983472277,0.2692129148256527,0.3338056860975618,0.08185075838323559,0.12038040861408819
1132,0.1256990355010259,0.3258358651862891,0.4201083817535992,0.20779946123107162,0.14969408201284076,0.036844028391393065
1133,0.16797505727992187,0.10546610161970518,0.21396547012989142,0.042279343533936045,0.2033565354593974,0.08263842872672594
1134,0.08230858851184507,0.3641761042031237,0.37170013052775625,0.1423735196438781,0.24754860689565503,0.05543651295107363
1135,0.33607060714983955,0.24657969548412229,0.11443575007387387,0.28277869270016814,0.1028890932429446,0.09713264864532749
1136,0.06400024153560697,0.29749470310612913,0.34573001763326644,0.20893883852736958,0.14163148749886406,0.0567970081545118
1137,0.14401091219194592,0.13427527116971896,0.15168641839223868,0.07381153812779333,0.16168898395753165,0.024192232595273488
1138,0.13207838188450696,0.14548918551652373,0.4347838952521466,0.051701673439778016,0.04489797682835897,0.09146540828420918
1139,0.24772504387512528,0.13572325935067323,0.482752010357096,0.3150022943142196,0.1919511341265761,0.14547971086955278
1140,0.02225874777253096,0.25856866188800925,0.22170852972735508,0.2492812180491748,0.039910099127846946,0.04623295581097219
1141,0.3408913183964834,0.5480223556390479,0.4851676422260082,0.2538632514583972,0.32853871499737214,0.10958770396882848
1142,0.28898145821435073,0.2517725392624543,0.46355903955099703,0.23030728276370246,0.1476987003366056,0.10788217547134431
1143,0.30482297811995757,0.06355170046533276,0.2193313045322593,0.23503030462198296,0.40211212077621306,0.09313598409746494
1144,0.1425402817862088,0.7719541763369966,0.4530985378958675,0.10982774814641312,0.035325574626754015,0.04059759151705063
1145,0.12892555352494822,0.10557171688064965,0.6310248267251588,0.06090318557172991,0.03376946023524113,0.13591038378024056
1146,0.24600264764867324,0.08408053342922818,0.49093845415763443,0.238886732876856,0.17126599264035458,0.08821165611972555
1147,0.20371728717883006,0.14635565702643016,0.22495307922330235,0.1187087183403757,0.17951703112341322,0.028655862611040434
1148,0.21748333693679706,0.25342384214911573,0.28701969102682484,0.0596644349254771,0.14524792967425712,0.04818755685063189
1149,0.19698532681245862,0.3933716764615023,0.3459894091502898,0.07751368486117044,0.19248008697292462,0.04010589811502925
1150,0.21943576807872217,0.2203492752888782,0.45125696529907877,0.06350517080634216,0.2359568588723054,0.1227406558812254
1151,0.17574775599148548,0.2756651622057503,0.33432080274575476,0.25765972386860636,0.2367565205749347,0.07965167580389265
1152,0.13339347513490088,0.30258484312625505,0.5923680770793822,0.14200937446715614,0.19388131333823988,0.08560757680265707
1153,0.19477710446371527,0.053324044907794195,0.17262468934926278,0.13015675796392637,0.07822230422199959,0.055585272393503526
1154,0.29480312399992603,0.5380439508099707,0.38783895997855555,0.01294854660164141,0.21850158894825156,0.07219414233782273
1155,0.07988974835270922,0.16323002294350603,0.16980680709348822,0.0647590447227109,0.2457695278541628,0.04785262438291542
1156,0.20904849548298662,0.2245303081013663,0.3151801386067965,0.20232150489523457,0.1812839970891441,0.13313569676416886
1157,0.04937760835295189,0.174366373189273,0.48429435928831316,0.055052385103491384,0.1015219553473425,0.052421402896864686
1158,0.307823023826538,0.3374566965785714,0.24005009530756102,0.21413802866014722,0.49737546854993914,0.07964711384328925
1159,0.08739625174075669,0.20356953843334966,0.1732643388420538,0.05747311548540143,0.11696950620764429,0.02175633816732499
1160,0.32641751232533855,0.26903734790949113,0.5951219473720076,0.12598943475878754,0.24613259007860347,0.09616214922178537
1161,0.2514240772923716,0.5823530799282511,0.5486977037521055,0.03465858633111736,0.32566656187341797,0.0361284726069785
1162,0.2080578851068655,0.10750567560415387,0.34555850596939147,0.029862503542787036,0.27070213585660613,0.0208081871832765
1163,0.39486514306331694,0.14400472604403644,0.5184842505137648,0.06938725297228714,0.4058861273312745,0.39027743918256963
1164,0.045817674182768525,0.20331982944191673,0.21121467388062554,0.4171394203491096,0.3505427784099135,0.06996784301176888
1165,0.059379073308778424,0.1272110579687698,0.5442047356621231,0.08092729442202677,0.21247549186101788,0.052889532592511446
1166,0.07214775724500491,0.34950419869590393,0.3142628267092179,0.11636763442497149,0.0595590300638235,0.12229789473296568
1167,0.1611430028293294,0.24390376157323057,0.5711032143650615,0.229694107618247,0.3309170163384848,0.052332997396667406
1168,0.32929992441812006,0.2720831233633508,0.32066595432105166,0.2538171466920822,0.3003848846571259,0.023489274912005968
1169,0.14507529256370727,0.4648311787795648,0.5662218470722937,0.05003870975379896,0.2064439663386187,0.11325633692955468
1170,0.11786534460635112,0.7083129485268189,0.41058450946907726,0.19129068042543065,0.2925046532861245,0.013763994027403222
1171,0.05857093383553018,0.09797713201796751,0.4519480335892175,0.18667072343611657,0.21291371736662654,0.200736738800729
1172,0.26771709809426236,0.3443836898078032,0.0328232290912877,0.045642826784120724,0.20984615659859748,0.01724629511029676
1173,0.10775020741533481,0.4910889705948369,0.32853155416070606,0.014748696572927824,0.16781318621618588,0.03905220388404678
1174,0.07171238459730919,0.2796983777057859,0.2590980350105394,0.14946495197784346,0.049799727739355135,0.3622130077797213
1175,0.1950253448475772,0.16675342517370606,0.4559294406247963,0.14422694441369138,0.14658854752868064,0.18770192587777257
1176,0.4782077480077443,0.15934308322366075,0.1499226163100378,0.13999963148726313,0.32524922053841065,0.4507617481824889
1177,0.19097199495744113,0.2449586653700983,0.23761019117497975,0.09290094198310665,0.25166894079121704,0.07253058124635006
1178,0.35205922845514354,0.10097895136588639,0.15949450760189188,0.18535918382247094,0.07077513296944891,0.032967802222699905
1179,0.44320902925032063,0.332503481465558,0.47206197348812917,0.07315692458101465,0.19274908425203505,0.051357547403403495
1180,0.0369549865400049,0.4771324164876236,0.2220749044941514,0.15034878133013685,0.27275743754932236,0.05792931912184055
1181,0.13882928750121346,0.0704616806784361,0.4249804506537407,0.014575404242863875,0.30115605730896594,0.19887602068382568
1182,0.11193556035886805,0.44099207327043144,0.11591035897989818,0.11279126914510888,0.07601558611273165,0.01234327954588743
1183,0.05666523830029281,0.3609472075261448,0.18789942400683815,0.05899513428866748,0.5663772742330233,0.04047565895519221
1184,0.0847861628160489,0.32586198459509985,0.31788814698194456,0.3059048497788427,0.2519123875713208,0.04081195836639624
1185,0.12272986098716047,0.14395158623179152,0.5923545864798543,0.1516968665158583,0.19581322792890565,0.33040830547196187
1186,0.21272324295069794,0.5267064585663402,0.3805405156332617,0.06453154274555171,0.06944111482924062,0.044744489289618
1187,0.2942839790649358,0.3061183516197568,0.5000669700618935,0.34510733047087144,0.060218286401352836,0.3663951458330934
1188,0.1889017772356589,0.24925972377846836,0.1363164852581841,0.3158674838242136,0.13369926188040518,0.10256163987929756
1189,0.03105996592499204,0.3799243106689258,0.2901710643606886,0.1612793034095423,0.08799615739009087,0.12803205420004216
1190,0.33410717985357136,0.43760506563681045,0.37591020571488076,0.26115236198815495,0.3063007544204108,0.13494219920348396
1191,0.09937044359695005,0.25080051301138345,0.4259189028303333,0.06854725274361423,0.11666801285750597,0.03686322924958753
1192,0.13523562396233504,0.41730173021062184,0.24235540593089477,0.22495419328021418,0.1433161252498825,0.23161096738612585
1193,0.2777519373724742,0.36259326938533837,0.5188589248848956,0.4259278605645286,0.2743893991650489,0.11067688991024303
1194,0.1373321587612998,0.31543693752754637,0.17725147556591106,0.10229221727011541,0.03774344057091941,0.075778170952788
1195,0.24455819537648177,0.17994679521127974,0.46309986526571023,0.09059717795151123,0.19094133786660575,0.030457786896551348
1196,0.06045413246079255,0.4188406908676696,0.13466627232831838,0.0227445687454454,0.21151683972083457,0.27791686187330294
1197,0.18051863506861165,0.4020093821018652,0.3069251460094942,0.22303134002975594,0.06373152948966745,0.15571711858690862
1198,0.11819690503802946,0.12863014831909853,0.3144446254466553,0.0873177098977377,0.20441179875294851,0.03315334151951319
1199,0.245579495102006,0.49679776883647253,0.31057011700534076,0.36469109516551995,0.3196248543573344,0.06932891856057743
1200,0.18225354244006856,0.12244303396586326,0.43954217622782066,0.14120793346161786,0.23870097031768686,0.0708599269808945
1201,0.08811998002127955,0.11969381815729013,0.5663664114948841,0.19117859023233313,0.09230351101703012,0.1007894855696306
1202,0.06686687068575306,0.5973468874727109,0.598327317382495,0.0385550701454897,0.05944424070544548,0.04831019090134151
1203,0.07758737375012195,0.1703297914182605,0.37564360262183183,0.09375483502230901,0.19391695996318029,0.06401984067642076
1204,0.16891526492474135,0.2352819800661097,0.4185063911396676,0.13795514843693582,0.11497700016147386,0.03785760458722131
1205,0.2963986062688615,0.25280436881851404,0.12353489409534635,0.02343258826366436,0.1637313345172668,0.0639315158863862
1206,0.3178321749393602,0.1877270267427144,0.5523478107997407,0.05683316856494214,0.020251056988754394,0.05859920629641147
1207,0.28184227017434965,0.5040095111577151,0.12570632863166514,0.20917859168798325,0.16746550095322585,0.07709427158184506
1208,0.046302524913357825,0.6620670576338369,0.6808438163728151,0.04771209934624077,0.024911217833132996,0.1453541610014713
1209,0.16320163433598714,0.10139860872859925,0.48961117400949716,0.04685600004093472,0.35725909289899443,0.06879316212188671
1210,0.15373166633193866,0.16305472764161535,0.472470889920179,0.2031417272163337,0.14480759617099193,0.03901183963515039
1211,0.14749777791387464,0.4566256789584061,0.44004336945068506,0.15370622426159422,0.04924315603695893,0.023109597026617124
1212,0.2283251353742407,0.5257206066753605,0.6762957116391887,0.030239945229427887,0.05563219702211608,0.014717980938571212
1213,0.11680163189816783,0.37312423819933743,0.37095415164936957,0.1225512163928447,0.1262048715116243,0.14202757327727492
1214,0.35410404313062516,0.49879185338112814,0.4824997564599252,0.02043021168883952,0.2942195912931709,0.15438189098013763
1215,0.1582517253388141,0.4239036003335597,0.4012801704040064,0.24008575499874296,0.14319322257752917,0.24051568750420038
1216,0.2874936633495976,0.09487830491864407,0.6819489262134052,0.24905042380357872,0.20451510803274758,0.38089254052184507
1217,0.2787152525476456,0.17308774309844788,0.3125598385721582,0.1456104989628289,0.3801706222164939,0.42073147347914663
1218,0.08229727946652023,0.2444816584199215,0.16302479387857088,0.1970966081936922,0.11415059586650889,0.01587406773573267
1219,0.08777375056504252,0.5123147412973682,0.4683608885874496,0.11011752341942489,0.23121640801014748,0.12427360137479844
1220,0.315416212195212,0.8015889407694822,0.38502506179238155,0.18493699409032088,0.05640985326925103,0.03713606519183493
1221,0.193858660654534,0.32046178815662574,0.4145497701084614,0.10114510414253355,0.28073629942132944,0.14524725553832907
1222,0.16645625399986255,0.22093855552701905,0.2800573129665909,0.102766491614775,0.04514636442880855,0.029416584011985776
1223,0.09951060185884958,0.5882960647048255,0.3232419094593213,0.08528413975514233,0.08161763061800278,0.1643569060474674
1224,0.07537397999972788,0.14554295688254448,0.272461925029819,0.14762246620326033,0.12434839236219052,0.07073913428779945
1225,0.2908936235797178,0.6170543019697562,0.20354612523082222,0.033918722796095306,0.36501846820094536,0.05356342067462612
1226,0.11124705085367778,0.23377189662096975,0.36084188702934006,0.15141354414999667,0.11533903140783942,0.10154587585376064
1227,0.27887857025683144,0.14484965242440043,0.49397162572720915,0.09379844450766854,0.1848289608558239,0.05386907486390826
1228,0.16243945342856517,0.08347656678992019,0.46076014771964374,0.09847230589979443,0.2886676063192378,0.02942443264477604
1229,0.11250258965687712,0.03058129477441961,0.29333149184390056,0.35252259002003256,0.1192670916203065,0.3773555094840938
1230,0.17491953397073132,0.24652730471676285,0.4575102045921012,0.24695910896325485,0.17649284882018945,0.09450980837306656
1231,0.16284977835973274,0.26835287496379173,0.6968789231748213,0.15027777420999822,0.028491175057110543,0.038369659538854774
1232,0.25763907774721373,0.11673628749494867,0.3790448492976546,0.06279057787050343,0.11198744386052888,0.05344436515715412
1233,0.18730574291793126,0.2621566972384495,0.3532218537741102,0.058836096508068404,0.09977566185221537,0.061690350527517944
1234,0.06029880578646073,0.4255618870540231,0.17923798809372063,0.13365676756376357,0.03478676529622785,0.129909591095285
1235,0.10124471147204936,0.1569395099365216,0.5044990588922351,0.05387250276461629,0.23637277617734995,0.11399410422613092
1236,0.20273502940577884,0.4974541536213633,0.20820571352100073,0.11230981763888992,0.1144307672618363,0.03435749105869624
1237,0.059377602493633205,0.4013930930121969,0.3291205872167523,0.17701271430401802,0.04290741300963711,0.012674111780282736
1238,0.13063701478313383,0.31033261496736714,0.6309666057178397,0.4009446778669104,0.40633824220555403,0.037845680790261745
1239,0.4747811918365678,0.6123602413270127,0.599038459875288,0.1597122318490216,0.24384886989411408,0.11657267397234171
1240,0.29442278919529746,0.6814360763293784,0.4514875160160493,0.053619458020382885,0.04323982030520537,0.008141059160932097
1241,0.17405848416446731,0.4392028786126487,0.4347803037993229,0.39933373853665327,0.42122548870656823,0.13764367474354883
1242,0.037427188375842343,0.19769543829616124,0.12883587973544944,0.23517333187817596,0.08765650766815289,0.025048352347431024
1243,0.11707393226747058,0.18672310999964062,0.6106251720088044,0.04017784668765207,0.27783789834297107,0.053283290298803666
1244,0.08631782471601666,0.42719047976300933,0.2772733078856072,0.06543773865344892,0.03350258356718574,0.25565994976798284
1245,0.27494095618255376,0.060685715959601684,0.1620118883768174,0.372814217195058,0.15598153664499423,0.05173888115499501
1246,0.22092271911848782,0.7717003897888861,0.21761818368182356,0.45698645089690415,0.10525230177576529,0.14137418431920074
1247,0.1978241473346625,0.3743572818550658,0.5023739103812156,0.08000191207655143,0.13071638738450533,0.12169845141539032
1248,0.15206495354319793,0.1729237539515052,0.4806116839927441,0.06566875368028681,0.0718251848922769,0.09724002571418623
1249,0.33301003097914983,0.15860547057889002,0.11074765606522853,0.14963193764614488,0.09524474502931643,0.01595609295391741
1250,0.2804443056595415,0.576059269594357,0.20640806014225316,0.2516129203234151,0.26921092170795974,0.04512081762012085
1251,0.26873087404954726,0.5059906249995646,0.07113016986344588,0.024672706759391802,0.2914874297119759,0.0829568698424604
1252,0.06830183605555312,0.3148428080603295,0.36774091070515696,0.11259660104917162,0.10543182389710487,0.3090174103004445
1253,0.17072094481193612,0.5176072826222835,0.3563155105859177,0.10023354382866326,0.4310429044691102,0.23270986206462338
1254,0.160587970885625,0.5497464226899254,0.10957695671309668,0.02794977396411588,0.08250924360115015,0.18816210908285447
1255,0.2973999960442563,0.2318370168366558,0.13854440924958142,0.14854935802640493,0.20249302081468318,0.1559521890506716
1256,0.024969020929284484,0.13137395841069888,0.20922131543636582,0.09029543385623766,0.2833534207819856,0.20471292160162582
1257,0.23167020409615713,0.7250974931642109,0.1935048758125418,0.1390252188234187,0.2342244399443966,0.24930962677173066
1258,0.2396366050467636,0.2753828824288117,0.1605213434082352,0.11921748531466117,0.242664846794028,0.05906991411610515
1259,0.11811569239579381,0.4707262630893484,0.35259934000622783,0.15219701342277164,0.031803788268355906,0.04310733333557673
1260,0.2728098528082536,0.4359626404510152,0.5039216154199481,0.10507694665626711,0.23578720078449233,0.1773712035033054
1261,0.2718252363023137,0.2960226506295503,0.3368789491176769,0.2758001095192622,0.3875455914411533,0.1769821128768564
1262,0.17657032118694627,0.13730593425335483,0.5225996865146274,0.11654190295423078,0.08751914500312696,0.04329199946717541
1263,0.2327764652545584,0.40425998917021,0.1263698863745894,0.16516522215639654,0.13174502867584534,0.07563912604806439
1264,0.027637730696590056,0.04367356453095675,0.0689891194440541,0.5466546046000794,0.19192340700932406,0.07824148786365191
1265,0.2609123359758301,0.2549774257818455,0.28786809552717985,0.16948339097486706,0.041099023429243146,0.05345753829391801
1266,0.2607756438994606,0.22416107842291969,0.20399845688249804,0.20029116879966524,0.2412991189258962,0.03939584698814859
1267,0.1637166800107029,0.4012992639541076,0.41468727930172444,0.13495919667755157,0.17923332234673256,0.034862825380704766
1268,0.04206858407933235,0.34787136924245016,0.4641425674481991,0.09067781401812108,0.13832235405453128,0.12322496377310978
1269,0.1550934303937432,0.47036529048815173,0.06985366936960519,0.027816892479156453,0.18930250321008288,0.08542288463268798
1270,0.3367267426836176,0.23269333045857934,0.5079832665960727,0.047781720541693766,0.2566441122601918,0.09840363292111094
1271,0.20962913106104075,0.7276695126446893,0.33069381831700895,0.10743954738226205,0.38423595192005494,0.1049355469210213
1272,0.09262014160880812,0.5660131865374349,0.41572506470331894,0.14112588144404883,0.29218536196627387,0.08365825711917782
1273,0.31202248250120573,0.3787335129516375,0.4858773225543386,0.06408750802948165,0.05190828989180542,0.051197322538945524
1274,0.42210722498320813,0.16277185655320617,0.5654487099396884,0.39670517033381064,0.1824049374708166,0.18416194830820978
1275,0.14306475952013248,0.22793566279721708,0.21017213876854487,0.1789863425684883,0.16499829842097133,0.1317617034643285
1276,0.2446814160227054,0.7104030009075711,0.3641482704123774,0.19151370925034786,0.038451175040347924,0.05223916945568949
1277,0.20494055970834849,0.18874450720891467,0.3030285010226463,0.06106438213701949,0.205154434802151,0.17602961365203829
1278,0.3383662679973946,0.27142052440209724,0.42755924969498876,0.16432410152680071,0.060730996667163965,0.28207484231753144
1279,0.11612200064144287,0.2669633530468647,0.32066582146170713,0.1836998879082492,0.0968355060973709,0.26441086054874524
1280,0.22479838577252517,0.27659886284087526,0.3665427792520063,0.05215602261129096,0.10608278321063215,0.0914688297283075
1281,0.07338192250648475,0.14233905008771988,0.0804136962110478,0.10441999934083859,0.042218812075848336,0.06654526192763353
1282,0.21253248009294456,0.4500628067330467,0.6815415628403684,0.10077737151638992,0.4258201554860093,0.03907956215706547
1283,0.062245111392641904,0.29364041125450885,0.5371529718565091,0.052203386703186284,0.13196744274743616,0.3105478847605493
1284,0.30434612519831916,0.2980300295482509,0.140248416139623,0.1377238889572869,0.49785631846342876,0.07159334549167205
1285,0.38321689453281366,0.6515568807475134,0.36601367555412,0.05374379360237488,0.06206439652013735,0.03172462137720014
1286,0.08689587633930301,0.05331767617271286,0.41241476196666876,0.4849107595852087,0.24114885113094484,0.04850188626067563
1287,0.15952375714071027,0.0999550741683914,0.23599550214644846,0.13306244302065928,0.21004601024225686,0.1177799203793735
1288,0.01484587554377699,0.4360660390170172,0.38738220416438834,0.23791274141130847,0.39143771855298265,0.14931116384722898
1289,0.045538237954313054,0.15301486895047148,0.12196868480950684,0.12570135209370817,0.03379212306447343,0.061098416150345454
1290,0.24865924084024732,0.19065606496390336,0.4558207458108061,0.11079327214641661,0.21354388403607844,0.23245628820859388
1291,0.13038030443252066,0.2736631948717173,0.41801107177887303,0.019389704490567202,0.28290327224660144,0.08927274994769899
1292,0.23361857721061716,0.46121283872768,0.4932484314668579,0.12193160408640233,0.2377931966617044,0.02148596099626023
1293,0.31127635635800144,0.21152619360375197,0.4226116084392882,0.1572864245342412,0.1393615708079806,0.09746136091863965
1294,0.13213303709299498,0.11362551952130379,0.16086675817877213,0.10104812528755572,0.11614053066243459,0.21859566646204823
1295,0.12075774782968435,0.3303250384118824,0.0897214869956288,0.13012429245880133,0.3446617058579245,0.07249555967385894
1296,0.1563660150862578,0.34780926466575673,0.28934203753578924,0.18733455964006782,0.12268780037094688,0.055105719915745636
1297,0.14265834955367068,0.23980444767664713,0.2464559993723353,0.04527752583868949,0.29736106527842876,0.04109824211010406
1298,0.16764082246999185,0.3775336712972608,0.3107217646402056,0.07213720875960988,0.2766164027903414,0.18913875776016853
1299,0.03451881812725242,0.283037439842732,0.4234135907793464,0.31372647876445947,0.14586305685746956,0.0657251926506094
1300,0.03461994660668888,0.20093412616988715,0.4171786818265673,0.27861768027305495,0.06935821643933278,0.05491172220434812
1301,0.09465434100253535,0.5239777736138594,0.35542399476683195,0.11165027373793339,0.4337847354208158,0.09769898353384103
1302,0.024519856647200508,0.7024569076395566,0.2891685692330268,0.3980059275194443,0.22091461234111717,0.06295654289797423
1303,0.08263202377468883,0.334565968476398,0.4097017126156439,0.2098817227471695,0.06892176541149565,0.05808678690521445
1304,0.09414839875069829,0.5473433441689032,0.42174349512020193,0.035838187879949565,0.23870216241401554,0.09062598226554233
1305,0.339354925572278,0.151904262957622,0.13032257066020245,0.1494297943958509,0.029431679812732054,0.07416846223663319
1306,0.05686451895473219,0.4104087140060758,0.3594824520006001,0.3383644252007948,0.08998370663645633,0.08816211486064188
1307,0.03067974436360467,0.1655796442028171,0.1871686089601249,0.2854050715664921,0.4965474865190893,0.1289179520368635
1308,0.10346615093024253,0.40458020097437253,0.48837801898922995,0.11699265906105379,0.3722864551014295,0.03241058220492472
1309,0.13584196794772155,0.20197463137798574,0.3915535523541681,0.05441387445725715,0.10371497252252639,0.10748307948714965
1310,0.2416793148894969,0.3846924167577506,0.34373003241987005,0.1092487880878123,0.1721395046479686,0.044878859734039205
1311,0.3615363874666754,0.1468715688692296,0.135193939510671,0.24833312902645183,0.18038592496774777,0.16143813716924663
1312,0.1183883805781695,0.5334924837684217,0.36708679273606587,0.0689911620068289,0.0871268848313905,0.09925092118053035
1313,0.44166838564149397,0.13205195464759314,0.4822948887256716,0.093425432312793,0.16536898154042828,0.3979946741572499
1314,0.1257318472611454,0.09799175246835574,0.39588443822827873,0.11180217934668302,0.12777972480235428,0.19546854407583264
1315,0.3414798621620543,0.10258128448169654,0.4668838864532753,0.1077722272474145,0.11418340502167265,0.10594501935979196
1316,0.20264785894595205,0.42454708566279203,0.28749327500850713,0.017073245825336338,0.29334854828026846,0.10340265297342238
1317,0.02911856243554119,0.16532237075081785,0.3499902287682773,0.05281350021737035,0.14700824691582087,0.15783087493823444
1318,0.16377054860643023,0.6686388887531216,0.5630679846565736,0.01326196967677237,0.06495996888627152,0.23318109028532924
1319,0.22318897820336278,0.1824877181452856,0.3383937221334273,0.22729451836185244,0.13241089647577056,0.055699393693335264
1320,0.254040562877084,0.24080612679237737,0.2513378912879147,0.05308914266823746,0.07364961507476013,0.018970519500146443
1321,0.23123466978210863,0.3075414973356819,0.41654399981609014,0.10889899857242537,0.0489542693849393,0.05700584701563805
1322,0.12919571661061824,0.2020210791130978,0.2146635582981629,0.08811917328212619,0.17676589599952297,0.1601596714568167
1323,0.05425445872800725,0.332293963176721,0.36700045644700563,0.1744794039146008,0.06207286356220563,0.08063922191381118
1324,0.1224414694077358,0.06376280941991588,0.43891651628835815,0.1349329384163933,0.191863198015027,0.042612399546472314
1325,0.10467570143172994,0.16890530729173536,0.46983590279084736,0.03505187297287177,0.050514572849471764,0.054114147225795925
1326,0.10516420943735395,0.1640161987090222,0.26364026818791486,0.1129069402353865,0.06466619520641495,0.16575100806790358
1327,0.31460061610862305,0.5764641591908354,0.4190908755289532,0.28409152138389243,0.0546792479491726,0.08319048302768112
1328,0.30096641499745164,0.19081365235922554,0.5425443379273863,0.27901764202912294,0.05994640811218883,0.3714441149724465
1329,0.11482655161330216,0.290981490770628,0.2692998906293215,0.10167132715067123,0.5913812865040502,0.08687768248100172
1330,0.31771834465645166,0.2509596698368708,0.26134080921336683,0.12548312928132827,0.16066415108142446,0.1653028652596726
1331,0.29588360903135663,0.6640641378221935,0.4866091946063607,0.19359306961790518,0.018253915987804674,0.00793690619657908
1332,0.0918199414319931,0.41964519190198984,0.26615733010082065,0.03468554949712203,0.12890174998976825,0.10793629727763845
1333,0.16338042071256545,0.24920651467381397,0.3348647325025678,0.18156276149956288,0.10457872962297768,0.0641106054826507
1334,0.055465335060609196,0.0941685492362443,0.15457042189165687,0.08354516745341503,0.13887810819450286,0.22757577412594768
1335,0.2436856603670127,0.3377758098472889,0.48571906490958694,0.09457818311760455,0.12404262915479657,0.02597482193471286
1336,0.3332717112398589,0.6892710958764748,0.6781078271456435,0.12636649224128466,0.12453557779646798,0.07857005017990033
1337,0.09440436378979146,0.6903988517875667,0.08248126175581756,0.1354224536598381,0.12815352821997492,0.09966206055074092
1338,0.12317365270673633,0.6827624581921112,0.15820815214332287,0.08941790244215128,0.18029678063587432,0.021070036926421346
1339,0.11522119463711815,0.4640575166186381,0.25234769871018997,0.19829949577290795,0.044075140398914754,0.06130546572163514
1340,0.07254299593105884,0.1727773263699369,0.4156467694478135,0.39680501039069177,0.18656417988024562,0.06475669781988667
1341,0.3846932766729096,0.48442285150437514,0.3418113224483323,0.376683121852835,0.309495261875627,0.06223205945959664
1342,0.09269586100080646,0.24142143710007907,0.19929584585681195,0.37748668435724525,0.11483535395129407,0.1817433404051047
1343,0.2878563084753099,0.24678733547049436,0.45420552484967663,0.10334837659784446,0.13540482332728238,0.16293088663914068
1344,0.31633404151824707,0.413974923274548,0.4110453573846671,0.15525597119700232,0.1573314412796973,0.3431018795977804
1345,0.19128350573338396,0.2714432281713445,0.24780081134850923,0.05847536191907825,0.17636893697281264,0.20265590583230186
1346,0.25820524648424675,0.12659486765321004,0.37109831029697493,0.2358706421801055,0.17991819427725184,0.06762693734098427
1347,0.16858901288600023,0.1976717256148346,0.6243207606176441,0.03639936924172092,0.05320514392869373,0.10001675158153585
1348,0.4365270200523651,0.19480851069478058,0.573209946004048,0.10768697112288951,0.2158736697568936,0.187189837154994
1349,0.2295226731577241,0.2810378539359129,0.2108483510105903,0.10963853534296314,0.0780848477604021,0.04565168576752359
1350,0.19719415989929667,0.43070132977174214,0.34802447412985743,0.1904291232518637,0.14065046127115333,0.17037828677293662
1351,0.2100099420710364,0.5213805846409404,0.49117537152600027,0.23500852864387994,0.19500154776908793,0.14715731836331408
1352,0.07693672812848751,0.07361363688371786,0.25500673765264414,0.021014875344108723,0.5333559148394572,0.07380094575740016
1353,0.2341977174064326,0.4291240888449807,0.4030597050233802,0.32313881209196804,0.2626410445571974,0.3307885619925673
1354,0.12888824076333324,0.07984307714057068,0.4272113622263467,0.17886788843160478,0.13355846649772155,0.12963882448772662
1355,0.12030234288783109,0.07551426555155936,0.31818596313568326,0.36214476999400447,0.18703642768949943,0.06304450142293848
1356,0.19385125861006106,0.19280742284223548,0.5599772569922273,0.08100797625884744,0.13320661604077497,0.17204607672005637
1357,0.07573136181631346,0.11516776116728002,0.35734230056303995,0.10278191648630822,0.1446494177287138,0.10232883963260458
1358,0.025035971553173175,0.537283583290185,0.36978398593217726,0.03958244204357764,0.06616828353756629,0.055319282305996004
1359,0.0958563721525238,0.39713955062356215,0.43671093290316904,0.24133794128825345,0.353412893135923,0.018344204350866797
1360,0.16605000728011357,0.6467669446888636,0.4569621878267197,0.13945313586841954,0.03722725622415566,0.02500633251222834
1361,0.2816920815644621,0.1070418326332996,0.13378432427315315,0.3956128832985257,0.3644825390889685,0.07329146687455006
1362,0.07609492012309894,0.532315553688666,0.3394257578925352,0.236025082649499,0.014692214111356183,0.07834872821593003
1363,0.23433468495596566,0.22722337749906746,0.07795869028211588,0.2811726464371381,0.1443533008813208,0.3568502802480098
1364,0.39943854520124894,0.20423313251498976,0.2703966712729498,0.31267532549063776,0.11197296080735167,0.047292146188749225
1365,0.329258843003619,0.3489154285414083,0.10594734895416692,0.33356998145191635,0.09751420125073752,0.08553274561197749
1366,0.2236841139319718,0.3152798361884647,0.45764761522923614,0.10089177279108877,0.16294166055205037,0.13550398076460998
1367,0.11650070305924831,0.1555233767291915,0.14651391205513628,0.13124874380977516,0.24731779807238935,0.02683778162468056
1368,0.41343231721037776,0.3100057036508465,0.23657159473916242,0.3015323267374801,0.19693168366643216,0.08364873532848183
1369,0.0907295588327168,0.2653223585146621,0.36339146342919404,0.17144773888555573,0.046624852931021414,0.1328516866243059
1370,0.10631309040150735,0.6373058246876006,0.3307036633126263,0.09093551997129729,0.06809451136889713,0.20790407543669762
1371,0.1221266304547427,0.5038503511420895,0.7828427107330503,0.25599415373638934,0.07636777857772775,0.2062127768554958
1372,0.0338178834788203,0.1998431191093167,0.12968312935824067,0.0930969707649593,0.31456371852803616,0.17090734570416868
1373,0.12157170286553738,0.48070883094893174,0.4419156819897458,0.1093626082947071,0.27283908238164595,0.037706801241224865
1374,0.3701360046790126,0.778995099389362,0.37379886554647274,0.1810719455612713,0.050852876265649126,0.42107487383273223
1375,0.047276577713475265,0.05809285898848548,0.5025634146790575,0.18683655103205715,0.07673009932328223,0.06730578161652925
1376,0.04035553374221209,0.26411120234395846,0.5475952825490753,0.06337853902114013,0.17995775355588503,0.08020383367208707
1377,0.32980918161364714,0.45631586113050426,0.409193447811749,0.19794262541308538,0.1328930033357086,0.02237851334642877
1378,0.2659822296687863,0.16226519906440706,0.43778554750317766,0.18101750285535181,0.21183983647002938,0.0810835890157622
1379,0.23297904710390932,0.3087381856333913,0.26757682849854064,0.0922724742378335,0.09207184106391779,0.14679131214251237
1380,0.09825090652872928,0.20005468334512896,0.38546316876120856,0.31151336300130206,0.16510977845386682,0.036264032500545634
1381,0.15682798782825713,0.38597287116959156,0.2034102865279882,0.060501893144136135,0.12826063799134957,0.2583329322847865
1382,0.1939246907265474,0.13962516084911408,0.4007528090723876,0.07396190593786474,0.35146712737848174,0.3149608841427481
1383,0.08489901881085085,0.15546983695180902,0.34596175055183187,0.030419105574996035,0.20659705418391142,0.10467312809264638
1384,0.04363813827390624,0.11563671755951478,0.3633779053698667,0.3161417923839974,0.2720562840003793,0.06546112315626884
1385,0.037071256402587884,0.6530420966965238,0.572612102915898,0.12246015656699696,0.071356244348668,0.2867452611054509
1386,0.3104156457952015,0.412473399185038,0.40054036743202187,0.041077149647029694,0.05544772399828287,0.07482975864904155
1387,0.2210038164421705,0.06360222640883495,0.3083713205436083,0.054450414039983595,0.33482765008219884,0.08091841924578752
1388,0.3033372639818683,0.48730389876364466,0.7089043885985267,0.05667647840466668,0.285118796834114,0.20171304810278692
1389,0.07500583672000966,0.5566905644160163,0.2835013551698155,0.20298646340080426,0.15662844270919712,0.10063364609848172
1390,0.05825834082337399,0.4393649978681593,0.20947316743775513,0.19062563426166831,0.26759496568303137,0.07297633809800648
1391,0.08777734706380366,0.3207868872141899,0.4772762891274267,0.15304517202346557,0.025340060702249267,0.06790565669334407
1392,0.2500317596234279,0.3883855048415299,0.09210362604030335,0.431669847673964,0.2596464706541597,0.18573228233179714
1393,0.10884204051183255,0.14191350627485896,0.04040909086823295,0.00574891400345272,0.12255431003778969,0.014690348307712353
1394,0.1277787945817411,0.3566378816045989,0.46170301860390467,0.08378563168668061,0.15053733641230108,0.08901254787687662
1395,0.3120567579789057,0.6495077450995334,0.25528409825729104,0.3666960670384744,0.10064883537699514,0.04428119594762702
1396,0.3286618457754678,0.3156731423889722,0.3357774756489513,0.17304756663603416,0.14867516275437215,0.13559909785811053
1397,0.31768829618200284,0.381453605713384,0.1743522405894626,0.08371148785270745,0.12741736752455424,0.10288786152326766
1398,0.15191098137259965,0.24645266855297104,0.25710390566721547,0.07655201124578755,0.13083854144654922,0.17261545036817483
1399,0.26857359159582006,0.14316704081797688,0.43569866119496714,0.12403734173279966,0.11377352334909,0.06001980513935657
1400,0.027551021724921264,0.40617703627518636,0.1483731879285027,0.3213635382727481,0.03873743671479929,0.08962155529354679
1401,0.2513160570664991,0.3645940091461906,0.7332833355741077,0.1017162014191433,0.20888822694245424,0.2074646323595709
1402,0.29968395156013056,0.5215432054536232,0.15419261126129555,0.0956989767575947,0.10580156983837714,0.1094819675630883
1403,0.15975266808780392,0.23880193347383014,0.5540319145063316,0.19980850721741028,0.3370204946100939,0.10419951873667681
1404,0.08008784689454948,0.2702683725576707,0.316262061367332,0.1424431175761085,0.43015925989264575,0.09590135054366952
1405,0.292407711001256,0.13840327001805344,0.4779852013181257,0.1370734035982368,0.23809034329327797,0.0628546719918262
1406,0.05444344125568656,0.5715677525557885,0.1268550364203166,0.17978546059539077,0.11551079643591979,0.02710791703693837
1407,0.135057337522793,0.06433345182280904,0.49672991872093153,0.12664607880045003,0.043564131985216074,0.191424993882525
1408,0.12072352560594599,0.1250782763556147,0.43133784287512034,0.08202819964657104,0.20023464496397883,0.12546275937872908
1409,0.09319440617769964,0.6283195402679889,0.4055289972725746,0.2616526144760897,0.16595184508424235,0.039005928550228726
1410,0.04084638725387887,0.051660634454791826,0.1095137440995182,0.14845504797156145,0.15833187916259853,0.25960329513551866
1411,0.17354130962453246,0.45174301768957154,0.5270540945831701,0.192195985737494,0.007697258616660782,0.005721912905813633
1412,0.13955434011574208,0.7518521999040829,0.25487561210279713,0.09761502331619613,0.28014669441467344,0.09213818488105084
1413,0.4305652769785175,0.4484510179456264,0.2159497540286071,0.15011861443824306,0.06918512552482392,0.22751073467906155
1414,0.19162446070012226,0.48418515639438503,0.4077604351432355,0.15101068105808274,0.05529358895165091,0.27548507513887266
1415,0.12491840874675003,0.31384545484623405,0.3204709240138149,0.10779095020706397,0.2631488912788367,0.017596346209001763
1416,0.13850848065669152,0.37712677355442475,0.3184815277605922,0.2520198639021874,0.15276004175252028,0.0988773271746631
1417,0.4705940725798158,0.0993822815412741,0.31646016911356856,0.03951727946433676,0.010583570874204355,0.03283079837582987
1418,0.1400502697456,0.13351435204862835,0.206298236427746,0.02722726785196007,0.06542346948583413,0.16520883539094355
1419,0.11097306839271197,0.31534803032409914,0.6901988392874383,0.3558452435523331,0.1910517721306618,0.05637902250400821
1420,0.07974878334441805,0.5035980298764231,0.39655928702393217,0.13031093161368512,0.05485311705946124,0.060803182511382996
1421,0.03124125995910035,0.6072695614506841,0.3858215427989177,0.28519113219407083,0.0956569844521973,0.08491364197420945
1422,0.12073681054651589,0.29539187522187427,0.28295502492325486,0.14279876559050347,0.1090293505596704,0.018097781584304747
1423,0.06840612742821696,0.09118073126470633,0.3214167874357317,0.1386387202593644,0.047854044396737724,0.07276304864961178
1424,0.11867475864829193,0.3441500536637887,0.5684778923158438,0.07463812996004274,0.031594713884930785,0.00546865566018846
1425,0.18989261132502994,0.4388097435576452,0.3035547916638308,0.1488139273508395,0.0628318136426261,0.006711474444151204
1426,0.1747061587429808,0.32392270971017095,0.2130892829254696,0.1866566539845455,0.027817319762040837,0.07301457978299955
1427,0.09558582147033037,0.5231519104004987,0.408537862668556,0.24218702203094117,0.1288566814733693,0.044499454775569325
1428,0.409128986678895,0.18638724182044214,0.21709919980644946,0.14348310423909583,0.11135242649538188,0.10528937519766768
1429,0.3511522586541572,0.40972506982595946,0.33165430164179444,0.09046506404558347,0.10542692554233006,0.04508160718698535
1430,0.15732185016443884,0.21729438007435842,0.15898383471858243,0.11673749673238411,0.18122867163865997,0.09820411704382168
1431,0.28000444959102805,0.08042485495890019,0.08192872226335661,0.023606531528881862,0.060185628525587766,0.1306855295000349
1432,0.0573395636357789,0.24114058559557106,0.22778477298552652,0.11542356817552353,0.16522251454572093,0.02809808027148955
1433,0.15253819165984142,0.5435095720378197,0.553785898828519,0.09819827380922799,0.1279668855161848,0.024080727450592015
1434,0.23941045864192967,0.16423213039662377,0.10101618364364606,0.21756461305406705,0.14390438058223612,0.02280063814132331
1435,0.05384431077348695,0.29237624467372136,0.6348768023584564,0.11150528825619295,0.36730517104752025,0.061346616159130715
1436,0.20099452912547078,0.3506657034868309,0.2613505028926232,0.05566033379899889,0.10426810352336324,0.13929586997766677
1437,0.31939872779001516,0.17276913688531484,0.4436097221993753,0.25053640037388436,0.3115663130352976,0.1463881241231677
1438,0.1296303987701809,0.03390521421901816,0.23249759515143253,0.15808308093198842,0.12354228618965413,0.08256001746672455
1439,0.14965880156565886,0.6647545021201704,0.3753062303405065,0.2659784693403804,0.08477669802260332,0.17016354432142577
1440,0.11807660246944193,0.5368680422354797,0.22349033516693298,0.08864218335212237,0.044104809210691966,0.0535652858320005
1441,0.40164800353748364,0.10078923293066548,0.2989596332733308,0.056988801681434824,0.28383927841323764,0.03898131053316746
1442,0.26878472094123085,0.1652233407268778,0.5152410780441421,0.1787875218438504,0.08567045966911564,0.07794792062942281
1443,0.140892760422818,0.2932258007065732,0.1392057710779022,0.11616564231811728,0.09818886426125929,0.02274347124244741
1444,0.4016232543877552,0.25679802859807627,0.4674144899778847,0.29082429389951225,0.06592664481461676,0.10995469386289801
1445,0.41577272033443247,0.09434526762425845,0.3103249800303032,0.19739810290709858,0.2637833396712909,0.19244523359323865
1446,0.03597534741421954,0.05885388994918197,0.14315309802636023,0.10578503101565179,0.17973639262687316,0.08305499052020107
1447,0.22590270772090176,0.4877389047311304,0.11073358804157239,0.031250912941307676,0.08816729109907458,0.08814036812965141
1448,0.43155276823273425,0.8039697712372912,0.17912345848465905,0.13793541153948932,0.2779688121397022,0.17188319272743505
1449,0.0746943890682646,0.4698974721964885,0.1918242808769989,0.4415039583384578,0.10355952153853595,0.03345241495077583
1450,0.39130779819174577,0.32820240420920455,0.42097894598941205,0.2475115210898765,0.3544413473345487,0.08323670780884575
1451,0.16217488016117695,0.18218163085829453,0.45308637931890056,0.37401837505656377,0.12370818299868125,0.14576718133455704
1452,0.2234822399350596,0.5753485418538068,0.5415092818034276,0.04154577131097439,0.17003902567806034,0.11513878039253729
1453,0.43923627386699887,0.6866320223416882,0.5562038118805915,0.2528738034267804,0.03811411654192765,0.11480680117407456
1454,0.07282092953085789,0.08802364389319764,0.4000989032396024,0.19423683305353434,0.10506316874919555,0.06976691089031554
1455,0.059839044881756225,0.14276891324473528,0.18862724262463315,0.0618415543672932,0.38552002940261154,0.13208997076674517
1456,0.29939204108516093,0.3216882486034472,0.642356252352864,0.253521616655636,0.21169481782368232,0.11381980628710131
1457,0.11895016480208961,0.19935286531942278,0.2699505453640087,0.05957343635027568,0.05329390207043842,0.03712028426261051
1458,0.190082812865347,0.2494230543456977,0.1194909945856844,0.21147008153922267,0.18518616998612303,0.027148562422116312
1459,0.04238175060670432,0.4329589390861509,0.5522156894591398,0.4770618049478318,0.05338650335073268,0.07025803943466914
1460,0.07526629412816714,0.24018400372124135,0.13584658950800005,0.33849797756194555,0.19246137927049706,0.1919108285010789
1461,0.05376300974240581,0.25598125397192223,0.521175738170537,0.047384711080084636,0.13773469956711598,0.09230046722695578
1462,0.0750417997928657,0.27644771937466023,0.23806469135222846,0.08825454793108319,0.11413824769186479,0.011126889618355779
1463,0.07537509145621304,0.36768723639026435,0.1478978578494355,0.23712932431184416,0.12339700222212777,0.019169335643549314
1464,0.025351340492488026,0.20869644804984547,0.21645385817803778,0.08506923743517908,0.1085361671786105,0.04449617297001779
1465,0.0241075436481296,0.3789370657459186,0.5584496669980882,0.31689453389815986,0.23490324717667418,0.26188853054795885
1466,0.33616964574740504,0.12319477400388176,0.09331032495431249,0.13590540916525354,0.27411183222700697,0.023722504096786896
1467,0.07867667719318092,0.3187072119630849,0.379064327844106,0.09964691930857435,0.138356172353923,0.15399152407939318
1468,0.10275944868727886,0.720414105761958,0.19466262354277758,0.07265990035598487,0.251277039854991,0.036002158899309446
1469,0.13573342526865065,0.12793712296905876,0.2786087959444065,0.17494260995783892,0.10732749749313619,0.011165124884269847
1470,0.030936088298517073,0.49656662567447407,0.3165472351943304,0.28971085525114737,0.16708005481620256,0.06799797984319089
1471,0.020108134804737818,0.43095728073360234,0.18259622268026823,0.3425672965739825,0.04286723442989617,0.008686018959535972
1472,0.10696446051618838,0.11524836819279875,0.1827024086606418,0.08870540086290195,0.3238907730025553,0.08030284945185358
1473,0.21957323738081957,0.4730668787996204,0.3845149057121562,0.22976416105072864,0.05532860459424306,0.10819112900259019
1474,0.2664475202035503,0.27045390364740934,0.43007867496833446,0.33044455222016855,0.09223856533180139,0.39762715112417624
1475,0.26915223289077717,0.09537410732253665,0.16194006652978718,0.10141849530240978,0.10090874165801761,0.07775686348317579
1476,0.046579483068709474,0.23030931718627817,0.13605975292713712,0.14852848560022003,0.19200585269266385,0.018572233391977857
1477,0.37459173076744406,0.5336337158407141,0.44740083088787785,0.08875970510218255,0.16057600192262267,0.1612134921544423
1478,0.14197376965972613,0.497217485443269,0.244226412304874,0.19433902010426415,0.14796307404035283,0.15836751936686103
1479,0.25354796109884203,0.04477763906748318,0.3925876509290781,0.11956619498163189,0.5152684287732721,0.1593175583576135
1480,0.15250879226455216,0.2205806348364811,0.30823438560151156,0.06506989259539488,0.04993330987953302,0.030650910208842926
1481,0.1306530290629489,0.2875397323939453,0.3438311975961839,0.05491491365602189,0.07019366225878342,0.0851544912534378
1482,0.13605326819810037,0.10795306334009123,0.07921227100554874,0.18447481548858433,0.29721231590253844,0.08439531906406872
1483,0.44916813649793064,0.17625358003159614,0.28011533784317194,0.2452592386631453,0.18042248608949477,0.1590797457033477
1484,0.19031027976010978,0.19523176226247035,0.41523079320269374,0.2378563037284054,0.09143750261376093,0.06715440120714534
1485,0.06708147261451099,0.1730164611889639,0.45241101348745216,0.11223211168143434,0.12480689265836706,0.03921827958457371
1486,0.18009519465677357,0.11476876662100416,0.4640703499990469,0.040831907645325606,0.25143132748507374,0.06791884049162862
1487,0.2582959650001513,0.2812192767709264,0.5071726735863946,0.04770015802587037,0.21208175571223684,0.16224453372533343
1488,0.282499870829006,0.23621700611750726,0.37381332690259067,0.2006890872552392,0.21046433698617154,0.19864503729423644
1489,0.17356409291365632,0.569184480226704,0.3865753137058439,0.15944405278906984,0.14952703046637053,0.08004233671935573
1490,0.15704977861970737,0.17450272037935732,0.42741814703810177,0.3244372731751045,0.11672174595325445,0.07481478438260843
1491,0.2643473032369001,0.5083042626360448,0.29997880532761045,0.12225426074454912,0.027220788642299248,0.07954786211467647
1492,0.14509252371384015,0.07898931478991955,0.6127612641017415,0.18070098996536876,0.36526885572387024,0.1480553537206591
1493,0.1671760294988212,0.31148444814792825,0.6168414162276551,0.13106247399629345,0.15483918090640908,0.09195338605862911
1494,0.09354607556353467,0.2713740140959639,0.2695447855033434,0.14035633510250267,0.17175570424344436,0.12334730887610648
1495,0.37063127392558975,0.34114542171072093,0.6482685135173267,0.08712980984549117,0.370832670199316,0.18986833098325417
1496,0.14328857218456936,0.47475428149435117,0.5590095229414076,0.09595171684160973,0.0962344889704812,0.13457834327835613
1497,0.44306811961320997,0.6141565552063097,0.5270907141010062,0.18044771814368113,0.1820772891128117,0.30636572920761623
1498,0.08627343665009345,0.2975793770801082,0.33719897266716387,0.22321496734200905,0.2615226559696218,0.046627643717711095
1499,0.14704848332484483,0.29872590415900857,0.599619016797624,0.15033170250603556,0.08631193507660066,0.09947986709318464
1500,0.15003357453158428,0.27056774867137395,0.2545251320010722,0.22748715405144426,0.15074359349452715,0.07423934139421107
1501,0.19572820533464072,0.3064556343702023,0.19467828517874058,0.10366626179895398,0.07033957570289921,0.14506391484791772
1502,0.23995876499738036,0.44951209245944757,0.48609621556276217,0.1327770811938664,0.03314026613493223,0.174853521660063
1503,0.07876686222857071,0.31034794646114977,0.5202026110485505,0.34313763866566194,0.13648307796080236,0.09122797585469852
1504,0.35714595547694034,0.1527401902245112,0.25102185198540766,0.08569792916805628,0.19939940493614136,0.12221126472968949
1505,0.03793283308061067,0.08678467188587388,0.34155783973263876,0.12721602173688537,0.5035964301325843,0.014934550385992949
1506,0.14511740105083545,0.4148988211503316,0.5807584055531316,0.08366747791750623,0.03077543442912691,0.03292959191096812
1507,0.33515288809706184,0.24782493914814602,0.31857911242134807,0.07657022618634561,0.056175635447469334,0.29030258408092346
1508,0.06315497109296037,0.27177452533481566,0.4791318867634196,0.11795285531118352,0.12193384055261747,0.0664154818963124
1509,0.21274338126522427,0.38070078096801613,0.45898479620384225,0.1803887972271363,0.12577759873864908,0.12468944123217926
1510,0.07339847578025929,0.12086430768302939,0.533561037711507,0.051670899504073046,0.27643119532412536,0.08868448372019905
1511,0.1548718096799467,0.4705664135398586,0.49977596322922885,0.10775071441304902,0.1732084238095835,0.00610538258586488
1512,0.1381618519376358,0.10011640102810655,0.5896811805491645,0.03406592667453814,0.14588425560149335,0.021046284899119787
1513,0.07436351110009315,0.6391748657692146,0.11588232884348824,0.02841069582012416,0.13673337879101233,0.1046697644106163
1514,0.20291773187192919,0.45749422802344464,0.4723025051801695,0.12398639990257465,0.04876581333505795,0.0210208512321437
1515,0.21104297369161046,0.5845435591131712,0.3548941174053537,0.0486009436441187,0.04810340037847878,0.05933489227207616
1516,0.10948303857624261,0.26928916708581985,0.40924601863368837,0.033167987043702114,0.14627204172770364,0.0759394653515026
1517,0.09972486978738182,0.270475552056564,0.2601201899609912,0.021431864551828588,0.050305156885413135,0.04232494836748231
1518,0.1708245953265572,0.15977589076725332,0.36515455024028054,0.4504870905664777,0.07969022418819627,0.06978662243717626
1519,0.25763376696529794,0.2974169223468122,0.38621798550641184,0.16672092079079182,0.3867815769676634,0.01886416072812555
1520,0.14439307386485048,0.19816888027087745,0.32660228124261664,0.2414408460011331,0.21013230747589567,0.1051252667920162
1521,0.07527981090168841,0.4336867568876195,0.42006350048143304,0.03907068693930239,0.2376380054912167,0.07628093885510348
1522,0.33487623923944504,0.3483513782028792,0.4228141011211671,0.39112223125354145,0.06303704539393971,0.2541550701070678
1523,0.3086453365828305,0.29151024745166493,0.6262066405079327,0.23755717433479914,0.13540862409013038,0.08044078350484002
1524,0.11434227630657771,0.648120211851553,0.4017168548832952,0.345298160187014,0.29735493832478177,0.32032383826840355
1525,0.3232710416017733,0.1680994186667533,0.34388405488933127,0.41858908303447334,0.22648953962278406,0.03461346207974802
1526,0.1354423387959295,0.6894944557682458,0.21070151006170226,0.1942028672299942,0.11833767702902574,0.04180316225720713
1527,0.343567842496011,0.5005747159046378,0.5792375805173132,0.23143837279707985,0.21618665030107986,0.20818248385117255
1528,0.17631629090065276,0.15668210025910317,0.3444355746106676,0.12326071504950187,0.15079927230231913,0.03212615147569201
1529,0.126297744993493,0.4354864756692953,0.3922357975039896,0.0473553546427904,0.0647024982533978,0.42268717146392976
1530,0.13921729449846493,0.12751688378133214,0.15159419026292148,0.3132071413830032,0.2961798508159365,0.04055616595923445
1531,0.3186015565511062,0.364072280983627,0.4773818783266251,0.10464466611769624,0.13192971748065024,0.054625693808564836
1532,0.09021045853881562,0.3323010802798823,0.3984269990140585,0.09312247443273616,0.35220110954908906,0.04230860572634705
1533,0.08939191000782432,0.6083430480192292,0.395924180718797,0.2442742737540363,0.13980007158427968,0.2349960212920869
1534,0.19591771133420371,0.08381529902615627,0.1406864415377748,0.11503408777299283,0.19854135246388135,0.024210427337110173
1535,0.4072455685781361,0.5098108044070816,0.21371644890440433,0.14575439685028704,0.10641688386786181,0.02064311750859306
1536,0.023831476546207705,0.2694385215116725,0.2774351076081612,0.13772943395119766,0.2899936725613209,0.04273191863697273
1537,0.1974509789174549,0.04149077937840347,0.053031812461218686,0.10284977723266742,0.012862947218601335,0.26066175686249526
1538,0.03978641127688553,0.2399913437952214,0.42980424585370747,0.20955614245440746,0.1356880176974507,0.03365479329031391
1539,0.24774833446285646,0.24622761311569605,0.3798101051101254,0.13521644620721854,0.07030965683045518,0.13860165636446836
1540,0.17417635190065245,0.23251524601490559,0.537540233316924,0.06129581850276137,0.1158780692170671,0.08381389808089493
1541,0.15180810275096718,0.18062466803293495,0.29643931846977567,0.2226227943230271,0.11909413378596624,0.1687885701777391
1542,0.2550450391783959,0.2138151078960865,0.3663665550197385,0.030120480334028112,0.044370697089106334,0.03312136353674135
1543,0.3090760017619076,0.10852831013850225,0.6063908088947144,0.10829575938346825,0.2650736604722619,0.16967262669496472
1544,0.0990542478420672,0.31834087531757466,0.6319347644844026,0.262732804587887,0.10181050444631462,0.21172230071506074
1545,0.32518333591271115,0.26980628371324006,0.26157983029773574,0.04651203832522123,0.11556647180277292,0.053219254538809026
1546,0.07967584463594084,0.31608266662128554,0.2573186692499459,0.0746043450754995,0.08538547775354186,0.3770466571583861
1547,0.06083295533150302,0.3474871035660783,0.44371059127731943,0.07025955181024622,0.38616210451070243,0.06485083807857145
1548,0.12266280853739603,0.11870773008163671,0.3574984349382958,0.3784439378739055,0.24377784070853292,0.26287510930528246
1549,0.10040192453118285,0.08915229950049222,0.3577913642097952,0.057392427413943625,0.1102478478175763,0.11412463414479238
1550,0.47719117616769485,0.14541236065893481,0.3347659916218581,0.2306782625045942,0.11660845370895626,0.07838851588222245
1551,0.0860613913957353,0.2447900457393507,0.30066531244792255,0.050722752152453254,0.16005558148184917,0.23398418916504082
1552,0.04169962487439463,0.5318956844257574,0.46960720319025373,0.33502215636041327,0.12082094463448206,0.06142264651324289
1553,0.1026735580718505,0.6241806308399821,0.35256563366088783,0.26494510017832923,0.5315448169262891,0.12318688557558222
1554,0.12984731136507094,0.48672676651231644,0.612679152825934,0.07795824033010111,0.09798006365802937,0.07773120822756777
1555,0.22096431624793256,0.2190341712286916,0.24446773165602909,0.20756503495114334,0.15821474229210172,0.05974309037461469
1556,0.3270770744015616,0.24858847084355373,0.49230229990155205,0.14226208058566342,0.21037734000133862,0.05243696605217674
1557,0.20812320524895397,0.27832189969521776,0.16308305666350711,0.23205679989731126,0.18815136013026004,0.06918745483931034
1558,0.1323030870007537,0.10077210022993606,0.38798955926941503,0.15405732427797975,0.19077902836892563,0.13609990511088826
1559,0.2630381170026691,0.15376105500702753,0.19789623097057266,0.2538763688866416,0.07255981785324161,0.056366269631511
1560,0.27229534623512225,0.1419103831279614,0.13160064896909857,0.052698375790376825,0.3140047416377239,0.05467582686824916
1561,0.14231848233277544,0.593686909957954,0.5761879945504834,0.09866174376592023,0.07975535891357288,0.03580668606722947
1562,0.11923521145205189,0.21071686014149107,0.2960844975905712,0.25606675270590773,0.12997586756720156,0.1086634025792693
1563,0.047006646270747056,0.41207283462297867,0.3857055263203208,0.13958629723721405,0.48477741449896755,0.10595303624603213
1564,0.3076145509811002,0.11291785246850193,0.1485859621826792,0.019441911709449398,0.09249212043590135,0.04122417330010118
1565,0.10112956735056639,0.5351664003305098,0.5678132286802345,0.284384652218263,0.2467916455945387,0.08414979068979005
1566,0.04840380924534339,0.3506015397401364,0.4525244591983954,0.3124283821792946,0.14039353436736726,0.1314309477866134
1567,0.5882948860199055,0.49445600012799695,0.27278849129192667,0.22313335309789958,0.35657726586655286,0.2517146736322329
1568,0.17270887849411587,0.21988016526667975,0.10041822550629885,0.1741486503612802,0.11627613526490319,0.13535801316492138
1569,0.2796419572109853,0.41268642711442044,0.2106591239455319,0.024878788718765872,0.3887604146020312,0.13814739080981517
1570,0.05447955331987143,0.1876097757368935,0.23658314930431582,0.2557223956472329,0.17562351620841754,0.02178350432550523
1571,0.12547162946506277,0.18539949558437557,0.3504236928608424,0.3359292133844993,0.047896302379501245,0.035749778782212235
1572,0.027496287328638364,0.26193982755817924,0.5820126648756899,0.034138372731364594,0.06656892164735373,0.10958297183766673
1573,0.10411671694481836,0.33641502582872596,0.35800264822740013,0.09563627172945108,0.1635471495340316,0.12686233733432792
1574,0.15737151917999942,0.15764859034658615,0.5500247333315413,0.06771164501745093,0.1779945002158887,0.019648888589043283
1575,0.2439527452051326,0.28082630451905516,0.3027247735831516,0.1207804057389043,0.40707892016586694,0.2009170229960456
1576,0.10959592707402209,0.4866210142057373,0.5670771013872263,0.1815693899646533,0.03619193415896999,0.038212972578075724
1577,0.32819671233185954,0.6603277048341379,0.4768869459482783,0.20407849344582427,0.01976668152388806,0.01951278675667157
1578,0.3659322594230104,0.19147177945710317,0.5309987773683171,0.23213136437883927,0.09557925959262682,0.26784974474443135
1579,0.07347338439375443,0.3120870451820148,0.3144541271042093,0.03638408988195095,0.1172286720822946,0.028465455712922402
1580,0.15614115071451443,0.29616545804755867,0.12698248018976757,0.09761695569510206,0.03179382137501738,0.09693433911411245
1581,0.08531682861368052,0.3102181767794104,0.23082172735758397,0.03163609585383066,0.03817335940786963,0.01834425640586519
1582,0.22411050096556587,0.08037375685790209,0.6047598451549682,0.38126939042740904,0.38733110720693376,0.09520941748009558
1583,0.22499323331617296,0.2394587687164449,0.25944166668644714,0.1044767519751357,0.022259933592094966,0.21670993868937427
1584,0.2673738697707737,0.747296154534709,0.4198675695263028,0.2628025990051215,0.07786111130500693,0.030748187198386488
1585,0.03799203326823492,0.12776386490083683,0.2326404278917863,0.1134875656917902,0.15009890014490762,0.10097942874829362
1586,0.24598135552922681,0.10021518829659339,0.2565569665099862,0.49372276783636626,0.10064098785223584,0.0807170257751219
1587,0.4790006289122958,0.0571577379821945,0.3943589664125318,0.15127421123486887,0.15167002244361488,0.05858892042947481
1588,0.07597443229672689,0.1189523134395976,0.3182693593236141,0.10126144241916274,0.5200626937252376,0.19119379727710398
1589,0.24938048090920692,0.4768504743784891,0.22053677790169998,0.08363691305869665,0.1436115693325542,0.11195357121812732
1590,0.4514149727038402,0.2702982311516537,0.15663469683293052,0.24131961674883293,0.1697391402852711,0.13278069206607562
1591,0.09479102497784804,0.2042348835199793,0.501541760350704,0.16944827626456957,0.3657560141920453,0.01934355900184812
1592,0.266511652581335,0.3191576387850665,0.14916036630233687,0.23110169866331695,0.15093489096487062,0.24656480963520894
1593,0.1711420677997469,0.2948020522520927,0.4375271002514827,0.028947458692453708,0.22013705150383633,0.06881336622909659
1594,0.11910058828513852,0.5849863652918198,0.5572897403512692,0.17448594428546865,0.0827665759479965,0.059618772544965275
1595,0.3370396590315489,0.16784084598282015,0.40840192557455,0.16293333789465467,0.19768217048759143,0.1009829719296519
1596,0.020803937952307217,0.21230301659342216,0.5405053186425067,0.0681304432273233,0.056584283864636105,0.07803378270088224
1597,0.2906718835061549,0.14493610174359076,0.40033748412530945,0.08390670204689131,0.10008766161465443,0.05628293749431528
1598,0.03989102257042894,0.061849398716310934,0.22717177601871028,0.14963888052615265,0.20053993327935352,0.05783893594568738
1599,0.4544041470019934,0.26625869317626855,0.24210313167102618,0.09335521591171442,0.24201204250628694,0.14042877066091974
1600,0.13023029292432942,0.18347500595143423,0.30686788307058727,0.07976030272797624,0.11824973757428008,0.11592847352429592
1601,0.20581414772203296,0.4542196446675511,0.5519580255775428,0.07301337997529704,0.08087143987222277,0.06666068183152311
1602,0.12608945186550707,0.24700650125419807,0.05192728372395481,0.2429253663831664,0.12355039771735256,0.07092325021024987
1603,0.5171841907606854,0.2721888146716643,0.6813346572939054,0.14580168515545608,0.034848435692769464,0.04508236880025889
1604,0.14297613184440924,0.33438357315018563,0.6229798466661606,0.043931034046211306,0.1421557929506655,0.29384776642727156
1605,0.03874682573584332,0.37953172785829564,0.14943439166480682,0.12235429110139193,0.32618369569781713,0.06287125903721373
1606,0.08235652720976065,0.10452112387690966,0.1638303318737154,0.03696057644178476,0.022448613571424244,0.01028048668207493
1607,0.07923274847996685,0.0986676663779398,0.2399881261171345,0.19157510674329045,0.0850474000832219,0.023598305760648152
1608,0.3202653578368717,0.14777384192493906,0.6129015049727359,0.22291555823455345,0.034229149051522474,0.026568389484679836
1609,0.2778163701046846,0.3477328393132007,0.26511685307002314,0.025245769151684982,0.09194999774107207,0.1109829475127151
1610,0.08895051032552044,0.13852048069100178,0.10780719138932543,0.3700554654131492,0.2596342272330854,0.10581597244392468
1611,0.07664608043304692,0.47497269135404546,0.646173665916211,0.25371867668080883,0.3094674309791498,0.04103007342599625
1612,0.12117656665355342,0.21874748226943547,0.2702612069420493,0.0503043731346465,0.09979186957654405,0.15787509750071996
1613,0.1994383430189124,0.6767341880797736,0.34650367692668704,0.1219011471598408,0.14962532075019744,0.046465877118093336
1614,0.12222386616849994,0.2449408425769659,0.18886999763361184,0.03400083679956015,0.14260265034830394,0.020776884495777467
1615,0.17667396496889834,0.6336776913547357,0.6115821896756058,0.18812478475117653,0.12944823490359206,0.21088157025068538
1616,0.2144877248047913,0.3579987923757848,0.4180634552869867,0.3736797936696481,0.1303564503826461,0.1789785279399599
1617,0.05944537266994637,0.10026511529563839,0.1047542328746526,0.1000553130379477,0.04874900322902322,0.053923198974194876
1618,0.12126319159390313,0.32513029783839464,0.3648950459592686,0.106346160393109,0.06914230532499259,0.08755944630269656
1619,0.15753125228344558,0.4653261274500094,0.3339783632809967,0.18069241890797902,0.16642928363826548,0.01788745459398987
1620,0.08316034428357898,0.4372626897872179,0.1387658131063922,0.07463315640559992,0.2527001137526876,0.06399526035271258
1621,0.3447252933058485,0.16606272562973493,0.4007158426681854,0.17759026105612952,0.1161822636399746,0.18079033018317206
1622,0.2145879280582794,0.04451832585558198,0.21370073778654064,0.4097990425991323,0.1759319775205331,0.018966246848701268
1623,0.333152887287703,0.12880773981139942,0.418219997006336,0.3189215339036404,0.4129788364860376,0.08671705085658175
1624,0.15159647768614254,0.5658464996317972,0.6184796398432776,0.08249826759426059,0.10046992660352616,0.025652993195431992
1625,0.05443832948750573,0.3510709698888593,0.17750387627213443,0.17789912523084278,0.4048992743687177,0.007436134916738506
1626,0.24270017316028694,0.650259413203169,0.23856439082329195,0.12925832518727107,0.12080289987765958,0.014354293778203095
1627,0.4079640952123951,0.4397609000564531,0.23733929472993157,0.1883604382231173,0.13107015506501687,0.18705469263954852
1628,0.10636844871404465,0.5396577007372895,0.371864410672655,0.11247313245374937,0.18147981758911477,0.03227241256394616
1629,0.12330955085873507,0.12906436102789176,0.44418505326898566,0.19314021010410937,0.07017934220604928,0.07561943668821845
1630,0.2433609183278583,0.3636620522217549,0.23072240816489972,0.09294546532029557,0.2671415827413436,0.11357147975593888
1631,0.13017326314662803,0.49104410419366223,0.3191862749540002,0.07025996690312575,0.22847151084407563,0.04292725842059893
1632,0.27026104228685427,0.4030375541308585,0.4597054706077404,0.13152188922244612,0.05802552412283492,0.04437373548314232
1633,0.11686160916656159,0.515392940967552,0.5887870096321204,0.1450072201989999,0.041581294009850056,0.028226623216038627
1634,0.11037015276679171,0.3382929727248134,0.11430020324289153,0.09087484804374121,0.04428297143603761,0.09274271197899117
1635,0.3789709910712144,0.2610284732210505,0.5069942102967182,0.054567836515851356,0.1528444636129023,0.14412441735283418
1636,0.14191806261342096,0.1702260463541315,0.24335944225864112,0.014496617756663482,0.18774593361895936,0.1567806795451139
1637,0.3013347094951395,0.3134252492719453,0.2041537845404595,0.0801367794843289,0.21849653740481104,0.08702244882921496
1638,0.11204356976865423,0.17721056398261353,0.13272103775323932,0.050891631457615716,0.03026777545033762,0.2064624048557426
1639,0.0879281184550221,0.13373937092635801,0.344668861057928,0.10024245314811123,0.1381613462294176,0.06437635553965901
1640,0.2713802498278943,0.45569778756660695,0.3245735346297883,0.2783247224557505,0.13432505132509392,0.0342202595352417
1641,0.08160503099054099,0.7290833217165975,0.28481437080536054,0.4531288345500818,0.3094709803862581,0.04600592301772329
1642,0.47785792384852394,0.22375753497818976,0.1397010276405804,0.30203728558010545,0.0882669287064389,0.40714350746088374
1643,0.18736958725981334,0.15176985133579837,0.3922872198660444,0.029415388378321698,0.39903473533599343,0.1864258829389086
1644,0.08893569301422147,0.3724483186802411,0.3689081475557528,0.14001492382614694,0.26342909168249745,0.015464725659527457
1645,0.19595676382781815,0.2765490499857475,0.40767256755120557,0.21725951805008323,0.174033973826737,0.10427933240773704
1646,0.12046846380268081,0.4568333845817458,0.36840182890736045,0.14686156110225812,0.1543533539682973,0.08862558585526432
1647,0.08812124562871278,0.28192940746463685,0.45039799519874724,0.13345838115249092,0.18545895814146637,0.010121305517081482
1648,0.37242221151149857,0.12493538939691362,0.14967457185078298,0.019528440755716334,0.3196444052893943,0.14105790052331635
1649,0.3151469124529113,0.2049599354151505,0.2199985263310209,0.06935073801385001,0.042528431373933744,0.04296248643150388
1650,0.4902186499146759,0.5039963915287172,0.564618411005792,0.26364037700069193,0.04558426196679603,0.06002515482575178
1651,0.11380078925866528,0.0555408055580913,0.230739873286447,0.29626153116422116,0.448927331198673,0.020095289628647046
1652,0.057983347042170445,0.48784363058880065,0.5038235000766655,0.11814907711051607,0.1566590513151966,0.053012721467515615
1653,0.14515680484521098,0.3427559635850124,0.4074662691482865,0.176376095815612,0.05688304458461112,0.1437421970080244
1654,0.08881425783984262,0.11598827595891154,0.2909421908183694,0.10774552137581431,0.2628584971822983,0.050077334940786526
1655,0.1934734065864247,0.18158216731267893,0.42169689614226974,0.30572621512142717,0.16229490092597687,0.057726709556867165
1656,0.38992426113532225,0.1094744835380693,0.45200803566975745,0.42440323357878296,0.3008822944438873,0.04614302365912509
1657,0.2861061255598737,0.5528459216248072,0.30917623254682514,0.06050002793439548,0.06731501885222563,0.02454370090608825
1658,0.18531509137873872,0.3065980517066891,0.26140150477101876,0.016551395761808925,0.2118426786806502,0.03969182083012587
1659,0.2584287455160968,0.35741881656036106,0.4077984907823755,0.048535034625425647,0.08329501616516011,0.035764488981292766
1660,0.34223212451924917,0.4149837322476096,0.1705057935227297,0.16911375634637704,0.1749244775700715,0.026190060163459983
1661,0.020288227489623736,0.5032058742829804,0.5025227142461438,0.021185957783893213,0.13235111017276677,0.037626712812195345
1662,0.0680933841034316,0.7743460125667256,0.7230984794773478,0.3414014383031562,0.07373342370218547,0.05420292950003832
1663,0.047837780553682416,0.23857931663738147,0.6643340037852126,0.2821199906686873,0.2807287072264626,0.026233685475207772
1664,0.09527416919144227,0.08183774269222943,0.24480121625989634,0.07875698059775678,0.07651614769324559,0.12578969222364791
1665,0.34736453378305604,0.13564765906380036,0.17362343767265628,0.38693483988981464,0.22528011663368538,0.12254244302814474
1666,0.05641825161669503,0.14736111818674102,0.40736240082949116,0.13384068893665182,0.4621263387954224,0.08131218136700243
1667,0.2505374574234045,0.11226920022274253,0.5091595498533815,0.14714332815166808,0.14171632030843528,0.19527748922275703
1668,0.09226211238461857,0.16748741436506304,0.40542557096573006,0.056674884600830734,0.26751026901787595,0.03198180415822793
1669,0.0885553639512262,0.2966102344789743,0.42234381724442704,0.05141577494622509,0.2866927536376377,0.06436466227764685
1670,0.14475179198493227,0.33994854265271274,0.32391926359003803,0.21084642154730981,0.10679011329596676,0.06787837756583266
1671,0.2614278241258773,0.46962632332443693,0.12525629811607655,0.19356468737757127,0.4020391740713153,0.06271941219860115
1672,0.2049596236791227,0.1337030561339572,0.1691414883886288,0.33669394414534864,0.15487939988356714,0.020925625957907205
1673,0.049543095003926764,0.23004467380884883,0.3649767855219835,0.06144485824704707,0.1558316386738015,0.08801080621390224
1674,0.3131027393144049,0.32338434594656756,0.10700750108340829,0.30814042078832804,0.13479198177298085,0.02366341687286279
1675,0.11713556366985137,0.6554194097195736,0.48933459320232947,0.27740025349528996,0.03063122769133985,0.3021682990770958
1676,0.08839187406932127,0.16170615697796104,0.11498408899419724,0.04430602793249844,0.10012685399961099,0.34226793017193186
1677,0.031667404563787624,0.6553091039319849,0.6792940159027387,0.2141371511788738,0.13331278896262705,0.28252955506609534
1678,0.25334030548806374,0.5284931659432828,0.718821319837931,0.056019809847788836,0.18889224500006627,0.03599006358182732
1679,0.2780538157944053,0.22844237135935272,0.4894568194039044,0.3055149587762942,0.1515475007476335,0.03323822684392611
1680,0.16359856566326134,0.15793529654644273,0.22495586164255446,0.22671658301161685,0.20621773325052037,0.04967759040791254
1681,0.43910787891428144,0.6147998307382572,0.39332072613838653,0.161480105982528,0.1351574089565023,0.14124984713355812
1682,0.044548467026111746,0.07711177250476525,0.2958673854589828,0.19115279410990874,0.4083822623290951,0.07949603069546707
1683,0.1993161234888446,0.3595942528529959,0.5470989680788639,0.3323729878090394,0.06571601597192568,0.09088029139624794
1684,0.28245725980053366,0.28666876661693924,0.2598619899085484,0.3677534287798852,0.29781891124888477,0.03561906403456737
1685,0.06543469337641622,0.18531602083589707,0.3051283961807426,0.03989254355765088,0.16465295628992144,0.06735988495421748
1686,0.12304908031016065,0.19699353044744877,0.18961733637883801,0.05932767854745353,0.19685425222138728,0.05822931282859675
1687,0.14938047867359946,0.25158723720847054,0.474054468324318,0.07345905248357168,0.25474161237891346,0.1883320783750885
1688,0.18290696547780963,0.3049403267995022,0.3573589656648513,0.3507139388072895,0.18217149335779467,0.07191000193400046
1689,0.2500519949249071,0.4234802091925012,0.38331191447662294,0.09974032161665154,0.26202421939884746,0.09470768585117227
1690,0.23855566714175344,0.26160204903204276,0.3341339862234822,0.23990384351170024,0.16268591110549696,0.15346318901377098
1691,0.10003486363790347,0.2082309530184607,0.5310265547180554,0.10213381847312075,0.14270659483210923,0.0345315544575198
1692,0.5074247863797413,0.5893651010242947,0.21829173552368344,0.1926574536021476,0.2569866346910019,0.12082273497007026
1693,0.1308022318285371,0.6051555728033182,0.41709316785071693,0.05615403614743435,0.3879971196361965,0.11147451719155445
1694,0.1032597551562366,0.5518286228527339,0.0656977178361598,0.177902605321213,0.08625789893588222,0.023767147222162947
1695,0.3295833707376344,0.2910650185906268,0.49353885324592084,0.0501003867179054,0.24610185513438215,0.23268570174225262
1696,0.1583500779508543,0.21838406691994802,0.6033382055590749,0.21518903909480752,0.08810242309999199,0.1672216471921293
1697,0.21982191743971222,0.25979070610870514,0.1899617712016784,0.12613696582813713,0.015152950361303846,0.3249902701819021
1698,0.11025576061074623,0.5134786975836806,0.5053806780273592,0.03214099112815493,0.1553549340483324,0.03936362674400017
1699,0.323275895591951,0.1696253147331012,0.6157365453269826,0.2237939623449011,0.1958050452730845,0.05394013744498317
1700,0.2393622914583665,0.5441440668029721,0.3087076142256335,0.1739383660683865,0.17466131498212384,0.2014472062097606
1701,0.272918676316075,0.25303429992301907,0.4504364113988629,0.31359556856534027,0.04439393034042077,0.029567643013188257
1702,0.1826408079306675,0.3740581680447706,0.44055989656177624,0.08809562565920542,0.09490449967013148,0.0341527860390567
1703,0.12221406618930111,0.13461044930392743,0.5601073626801021,0.11826350049417772,0.11171337058452076,0.12531514463176793
1704,0.044035589065516995,0.4579608254054574,0.49808948642391665,0.1838902602741969,0.23491434915033158,0.051134131151396464
1705,0.37217429903601873,0.5919579131325364,0.28573147178942976,0.20959855718720005,0.37053712525362553,0.022652734434838326
1706,0.2561318007419571,0.6081184255671059,0.27136445353304706,0.15268473539666177,0.20183719227159383,0.04855391204768976
1707,0.2900757434491647,0.45135487181612727,0.34562650951633145,0.2897478039005776,0.35592611512097877,0.13257169039738897
1708,0.056199367162399934,0.06997810578156045,0.06476055613000717,0.07445459500310786,0.23209485594919574,0.047688636624998254
1709,0.30262281456041135,0.10242977767033212,0.40516656354843045,0.28187221725642175,0.12005625822933769,0.037373813561796976
1710,0.0431279494115305,0.24893643275712926,0.23232624942583743,0.05401223888585312,0.460592623232457,0.11615093405693211
1711,0.11488802503125373,0.23759623824017023,0.3311177479334854,0.2185439950223579,0.1977235328342334,0.032758217321507896
1712,0.10562035408681146,0.27153010163315283,0.3500625770431704,0.10589837142269505,0.046619134563727405,0.020679722813327906
1713,0.13983561983529838,0.31196222288194597,0.4249725610248601,0.0715136460210913,0.3326951989827296,0.06345521708882873
1714,0.3339595608826573,0.5282807931784239,0.4835913049620287,0.18690599926948012,0.21020042019869611,0.015537425894515847
1715,0.33850563256443406,0.09889876015368329,0.37817707569753223,0.3394040203492027,0.31641891267491035,0.15077765138655283
1716,0.15939646180791234,0.288197546152618,0.2138449406322922,0.3597521561148493,0.07140235127239407,0.06406176416607633
1717,0.3421460286527431,0.09143043293561365,0.5745565491301622,0.12356626625118397,0.0784167220649478,0.45537656744629884
1718,0.37722266514219466,0.3647416415360075,0.5903229991595182,0.028408308334077648,0.14476826782224236,0.39498818969758603
1719,0.16484823059371057,0.25081732887975444,0.40557119577517436,0.1409426715248558,0.16673416865182336,0.05705168832682948
1720,0.17697884371678385,0.2237855530469325,0.420477394510108,0.27179410436938073,0.11770806749539893,0.13722643217401442
1721,0.11421620335194502,0.4516405020245151,0.26807779672074883,0.11244261379662908,0.1256430371423425,0.09598964432964174
1722,0.304934470646908,0.7071274927903526,0.43236522327918087,0.11238293535220227,0.044377225626558,0.019399688760973307
1723,0.1658265647330274,0.512465679450022,0.4203932359304035,0.2772319405014126,0.16118183004452133,0.0290845513846908
1724,0.33291313665567424,0.41835315317771327,0.1434717425160395,0.17870738212167606,0.17700676169168458,0.07507620316681383
1725,0.18816730957130248,0.44443750195882387,0.47884575279281544,0.11159956057450193,0.2324154904231692,0.06609434046430485
1726,0.34518921171499534,0.3280403293249691,0.18317958906336787,0.07909116362629073,0.38391414711079586,0.04456319371296899
1727,0.05119392045396546,0.36191710286617446,0.2484953623464622,0.05196641980789953,0.17223475010649364,0.026518128194989245
1728,0.33534800025928474,0.27538582476464596,0.40677329266602774,0.24310981269767984,0.1961290227378125,0.0612624120737059
1729,0.011314134547685975,0.39213019785055814,0.26702714566705865,0.09550768672778899,0.0947494460193724,0.03950967191885624
1730,0.3689788980605995,0.37539157334483697,0.4723145945945902,0.06198994023140949,0.11628348376216262,0.14455298769528038
1731,0.4687170974233086,0.08538746770828118,0.3645762964181978,0.02867800583455447,0.0885286327954897,0.03557150822225087
1732,0.2705530618927699,0.7142258168094902,0.44818289765589503,0.39945671126094906,0.054394775034354165,0.03870083940998051
1733,0.12037904232530625,0.6778241444087278,0.6507231091136934,0.0350997936691862,0.10084234681849294,0.07128278827245617
1734,0.5259704912811466,0.1037762039844376,0.26767951332056183,0.35556531808468855,0.28279874506302266,0.07384986952352754
1735,0.3029380226579746,0.2478674839895227,0.3911852122341899,0.3074305300291592,0.11045936591580616,0.02487936897062789
1736,0.050199119236189596,0.2665950862294279,0.36441896180419286,0.11892819990604431,0.1908760592662104,0.17433869666551005
1737,0.3677902950187184,0.1589141492996795,0.1875645431966799,0.13413785139176193,0.2887940910685045,0.01981320881671575
1738,0.183406550183046,0.4101959595886022,0.11988405328627963,0.1952704304558469,0.21285939498179307,0.12199930674916055
1739,0.10432477738867514,0.501114190113399,0.14309851570151538,0.06324642346972514,0.17285961361872304,0.21373836626225604
1740,0.15178955820280426,0.19917077337288688,0.30452004219886863,0.20251939915627803,0.0588273352887971,0.07914904968400227
1741,0.19804058565661153,0.10466599207283912,0.5098276639457032,0.16144629288692752,0.1367072348994584,0.0680227734300396
1742,0.19369166212953456,0.37658135042612084,0.43687868156731285,0.018292760023884618,0.1286734693041842,0.02645348018443002
1743,0.07053800702305178,0.20508983535168504,0.13370647631591703,0.11070420722485505,0.07800835236215878,0.050041791033057795
1744,0.17401085851439815,0.3334731267107528,0.4511946760096482,0.03919128712017753,0.060662042005867146,0.1388176124036443
1745,0.06070431580732094,0.17104795471674805,0.3010867478786089,0.10756327875832611,0.18215201825728186,0.06658975581356781
1746,0.2381237452759514,0.17039915533914574,0.44481327473619336,0.04481164148314604,0.03885489563915347,0.1088701457396858
1747,0.3715036916389875,0.5912071262010556,0.22618502943166263,0.19284726205556602,0.1472336774497576,0.10676953475201881
1748,0.14491263009644267,0.8293826936671194,0.6623852898078907,0.043954776875225865,0.009118368353954819,0.04150542467500161
1749,0.10129256228395783,0.22952819000380206,0.22189200002772905,0.17582487394769905,0.07611066182598925,0.06104109410891533
1750,0.05862463537797666,0.4437827984179058,0.32788577901344085,0.2343521003624398,0.07184285268918089,0.1400383448315269
1751,0.19689144663244842,0.6072560023499272,0.4167233847001182,0.11494084528426571,0.16633049462331784,0.10507697764238415
1752,0.13216562485888828,0.15259476139357314,0.08928922391193211,0.20865360953363793,0.1098761140384577,0.044362746686555724
1753,0.06991636971952081,0.2681748827159088,0.20616895218060885,0.179269454455158,0.2548664491351366,0.0348539172529716
1754,0.08819024407599337,0.3536199456904508,0.5422814520215872,0.10807879713217369,0.15885699449121937,0.17929366938303803
1755,0.1494383751969695,0.347832333120787,0.309608868989696,0.19909543637535246,0.15082974322075376,0.0379672503911864
1756,0.21206390195187458,0.19669150435473431,0.4716084247250103,0.14136368624450188,0.08271759039565872,0.05037428476388474
1757,0.11044959426778955,0.1562089281274907,0.5733405001857036,0.31383173658817903,0.013946368619167043,0.02764766512336265
1758,0.24952478138175194,0.6040380785164424,0.4678351397554849,0.38511869053557785,0.12560521177355602,0.14194087512995285
1759,0.08865475750192502,0.1113904969905686,0.1660655725955556,0.06752522322110914,0.1270800745471788,0.045480093572429624
1760,0.1602665071732917,0.25340452616036374,0.42620562785960253,0.2041618767123689,0.1777293018158987,0.07286384809120397
1761,0.16172163259889646,0.43109022631436206,0.3979488946508983,0.10690317921157357,0.03619946407338157,0.02568131364037706
1762,0.21740274453509775,0.2170711103615642,0.40412902042549936,0.041609829473079736,0.0477079170764485,0.07775342612456765
1763,0.054778928692555774,0.48271322836564906,0.7110679340491266,0.08262545838755785,0.16376879546528744,0.05488244377883613
1764,0.26529198212973415,0.1580660598470242,0.5821410696961924,0.1313376675934066,0.1782943882044191,0.07908272256792341
1765,0.4211814533139722,0.261400419925129,0.7294824670405975,0.413107811232665,0.244822490558132,0.008383505894960236
1766,0.40796413177587804,0.2362518107282675,0.28477851171406987,0.20148875545609968,0.2556779152985419,0.05263982994357829
1767,0.10230527749870949,0.4245032650465408,0.06761105496668912,0.21643734970724843,0.30414972175326876,0.20592446325488314
1768,0.10253126158634981,0.24661231179461005,0.4475435900651624,0.1332752947273155,0.2293670641151517,0.2491989464875937
1769,0.07865325452527906,0.4765263271606199,0.12145685915575516,0.15474246948867323,0.19851833855512652,0.04312397376813205
1770,0.2386055716363536,0.20812435264464307,0.38826913429004345,0.18617362075339236,0.28751393962758565,0.18525115293261304
1771,0.12047536672547451,0.6057679407291809,0.17405822000870408,0.16878745378371485,0.15161114840390644,0.14322419948875592
1772,0.08401561671581956,0.17922501614950484,0.2392634079640843,0.13246895205999556,0.09319692742768092,0.010896785300213976
1773,0.1267213635037406,0.29718646864841536,0.2779659809922802,0.09098479049700776,0.3068786864057,0.21485486242293722
1774,0.18787531746368516,0.12595617836853962,0.34303341456391134,0.05777972352665015,0.42876176101577274,0.08162285704524037
1775,0.360652130310421,0.1123445682551668,0.38135344709201935,0.22754964038467862,0.07315314348079607,0.037664226031266575
1776,0.24953956397554444,0.23068587136495328,0.5155640734154986,0.13598355062335213,0.28506332506580023,0.11948186653859122
1777,0.19966354546574394,0.05490955748184873,0.2712153872858172,0.4859220228754168,0.1978524796995891,0.23568845942555658
1778,0.0778201443786028,0.3207377878832653,0.44957949505094413,0.06530763564354058,0.16988613777343123,0.08285266097681379
1779,0.10534126757466954,0.2097113752767408,0.6397054698846488,0.09032280407058654,0.020400954181690027,0.05397246816371598
1780,0.11657621884154219,0.040983096808781004,0.27200874179155315,0.2621612770597152,0.14424131802998374,0.126377983586042
1781,0.10147213096902732,0.739751100007214,0.692977494397341,0.0737349507418283,0.1513860498655497,0.136248821432597
1782,0.13568537316747015,0.1050116547436852,0.4703252780325063,0.07700856403037618,0.16666954970892436,0.04470802733016797
1783,0.0819073956092744,0.3329249512219081,0.4124803439590749,0.1667817479408557,0.21034735139366365,0.11085117317480986
1784,0.10395135294219461,0.4427290487450416,0.4395223584412829,0.029573201436629587,0.34525730029933516,0.02912965268107638
1785,0.22774594455105146,0.49865180992791724,0.26917441829657685,0.03262937491506382,0.27769615193276964,0.11392679183333977
1786,0.2805321482048479,0.17711460815698143,0.41685963981678226,0.23168345469425575,0.12962370334638976,0.1768585482073042
1787,0.2324864234890554,0.4175326067012336,0.35981004627891994,0.39798613163559854,0.21594897122492326,0.03247674771470286
1788,0.09442727893181921,0.5359704668787537,0.1366750930313627,0.18363161682377926,0.06141698524410545,0.09115597502160293
1789,0.081256904370995,0.3064274533464738,0.2420179019492272,0.06290961454351285,0.38460884468686607,0.0538902531274312
1790,0.06700035351476229,0.43234107936891636,0.4915630515473894,0.03558093879981834,0.08725690685818217,0.06556750113218049
1791,0.22247715929786713,0.5883210335424002,0.4421116434609055,0.10826218367779662,0.03062797340546836,0.10433899662925146
1792,0.4937889711978727,0.27196999667691807,0.6273998053491252,0.34858184545951554,0.11586972125949938,0.1933547520252433
1793,0.10812512052682115,0.40023789265563753,0.3326078837262613,0.23262411065309163,0.08738579210715067,0.035558097486520716
1794,0.13672245821523546,0.3548363955656882,0.23718085561069302,0.08207285211619612,0.1713779039131546,0.13605923241337678
1795,0.40849347919890994,0.7981745510126249,0.6092629921429219,0.25473755351281874,0.016136496441584935,0.08394767516745873
1796,0.0935101378156314,0.31891929090652615,0.22433446969240367,0.037805448520071415,0.36164444239024246,0.06575537950666377
1797,0.06336980845593392,0.1844779822899841,0.11387082415943535,0.06229968590898827,0.06255102934642252,0.12566809990256267
1798,0.16055129203433716,0.1478145701330628,0.253908146127619,0.08135106694095623,0.07958991358641525,0.17577259597217512
1799,0.19183950235993638,0.7703814997965359,0.23546434431756783,0.13653710942103858,0.035155071138460885,0.039771422629397486
1800,0.09898798570786532,0.5279295471102616,0.2513467655344116,0.1827350246561652,0.11957150282774982,0.08942384383141386
1801,0.21633347647761134,0.34651684988510234,0.39768756060291566,0.15603750298827068,0.11280049405018165,0.09249608530209279
1802,0.3303489185018723,0.37983217827576055,0.5590750373086916,0.1663881125735745,0.1436695786504215,0.10036768317817886
1803,0.4540848098124295,0.6637619760970042,0.352139877056379,0.07991955375729676,0.12796131363818794,0.0532562319165142
1804,0.2423091306358325,0.1447250498015025,0.31359883008257966,0.013345187138605647,0.262688664031248,0.07608796973185958
1805,0.19287868409067438,0.14091586311390886,0.46087967646406575,0.15488194107040157,0.41168930823380107,0.13835163693455768
1806,0.1343606088794859,0.17905370534237827,0.3348839376379635,0.038214538992377055,0.14422025777703104,0.05772131597882087
1807,0.18105065981786012,0.5738698644196095,0.3599126487665264,0.19101158958477527,0.14684233354898193,0.04812406809312432
1808,0.2944345649417167,0.3353445470523529,0.3241143621942158,0.24938230664150113,0.16829209429421085,0.0413260338879506
1809,0.2918545965748741,0.5210934300700836,0.7105757577627483,0.18898285923212746,0.24605232021881063,0.23712652829696693
1810,0.08384847814359095,0.08995735140274017,0.16323068347912037,0.3018872280400096,0.2641272475643473,0.08367471090590554
1811,0.1992695950883337,0.1468230552510402,0.09435376489352405,0.1113199097424311,0.17951406422555488,0.1347965991473887
1812,0.366814978721156,0.38429307173611654,0.1609605360746672,0.3256993304042789,0.17063650817895698,0.013266361085192099
1813,0.09575655931858325,0.24431355592670503,0.43727624586712677,0.24855818434046056,0.3830304078098596,0.020967597835273435
1814,0.07887812313572543,0.20879779901305323,0.16807795946804535,0.275981481406246,0.12640240683676604,0.09481623026196809
1815,0.20097701590802186,0.11807345809033752,0.13603659865470874,0.37803698061326824,0.10690118576084409,0.3578466863590087
1816,0.11928450374021005,0.24099425258061793,0.1649162327014323,0.05117100665679876,0.2289844960071986,0.04236779733022181
1817,0.3689553098919284,0.2779053202086737,0.33753971497510743,0.09139275823058048,0.18569869903964512,0.15043430674261932
1818,0.07625723431530688,0.42110048851452425,0.47202459943588926,0.13934093742454384,0.12721842665910746,0.04483836328030335
1819,0.11835180853138812,0.2877394445989038,0.5113942812429673,0.07026675079821892,0.10716418769781699,0.04122610678862431
1820,0.18308894188303138,0.4072227841924711,0.34411663653427044,0.08063166022124614,0.06509064568736987,0.06550903293180353
1821,0.26376257452514185,0.3951296657369431,0.39286156786694976,0.04901834071393488,0.2919599673119673,0.18499767032793019
1822,0.38082182663698455,0.31620482300037706,0.5973404915662621,0.49352822390178624,0.1797263226227044,0.14443335419098835
1823,0.05029757461215023,0.22075713328094768,0.4303212812066112,0.16801401828693124,0.06426799755011799,0.1100249678948564
1824,0.285241115586231,0.5515452684586232,0.14802724902998807,0.31781290850957883,0.128635050826938,0.08572922736017843
1825,0.18325696769461441,0.35266600363915684,0.4966300801846799,0.13875857383470794,0.1848123120708075,0.15265543778891236
1826,0.07059008958873651,0.32331071039526565,0.2086166078707897,0.12522827201583242,0.20909760598661206,0.17934042505416498
1827,0.10357030247341868,0.33073887816840664,0.6145293821268579,0.058039282599641695,0.4351383192441662,0.08856966694929384
1828,0.052164321244180765,0.7052562539761557,0.2747926859784488,0.02520171765253983,0.157568608096262,0.025408409802088243
1829,0.09986602506824231,0.28707100814594294,0.41075010898472586,0.031950720257935564,0.03687495328418006,0.1261530692358747
1830,0.10220551316618665,0.5886157694167442,0.1352798215444796,0.06766669296460837,0.13655030157460135,0.1389621294213398
1831,0.13736832929409937,0.2859825233061793,0.08024540798060646,0.24986439470747776,0.24431421131748765,0.12488881730641717
1832,0.14141750294637526,0.47185048736004054,0.28247674791872396,0.07984251262360248,0.15580155953901442,0.009232545149697416
1833,0.27502689635253436,0.48928698989874914,0.4938439608525956,0.3412913199930765,0.2318185367582648,0.09777159491288996
1834,0.13098074521824268,0.09327588666687707,0.5270478934610353,0.16447779705594587,0.07382927441092291,0.15490053919724892
1835,0.3150601129531429,0.2811471151973959,0.6541032651207471,0.0725363139426828,0.021745104363588622,0.40788016192168036
1836,0.09162490897398448,0.24819414522819583,0.24061818058155157,0.10817845827834592,0.28885509580415675,0.054943579802626
1837,0.0928770890776455,0.18484606596306166,0.4231318963231365,0.17969114017943846,0.3878920114117774,0.041175190306901796
1838,0.13669002285304274,0.5997442182249572,0.23606529761746195,0.152346854339805,0.20934987311150424,0.02850094636260889
1839,0.40973333757625635,0.5050348024831932,0.5509881118650717,0.15228359567610433,0.15630311913643402,0.12229740538155422
1840,0.044641630336138834,0.26957326801130777,0.32808851147024864,0.12978227581314655,0.1364684421485981,0.01941047906941667
1841,0.16682519153786274,0.1235708340913553,0.14796772949818832,0.03133010939883262,0.13825575175969793,0.015654918865565505
1842,0.14427905561529683,0.11954603408146008,0.4776668913808885,0.27356320580651683,0.22498663582760323,0.17541280482500105
1843,0.2464089916802383,0.535356649750321,0.41916538553090776,0.172097465096014,0.17756326503346845,0.10414030243635011
1844,0.3720868611953942,0.22264091766879993,0.18131339495573096,0.4842096035479026,0.6658223559300526,0.12280668432403641
1845,0.06680460912182802,0.17525040233242006,0.29550205532820945,0.20084270265221216,0.16489281760118082,0.03317476762458504
1846,0.06591649183501473,0.3433838348624597,0.5410832012914161,0.05493151050220278,0.06490295747123825,0.026041760061147275
1847,0.3106796053564946,0.22801739289448542,0.3269740705964525,0.10303342150252438,0.047572204035288265,0.041141877934803346
1848,0.0515919629502352,0.5952855747625523,0.24238366452908844,0.17616084808310126,0.12234539105288371,0.049004319947733334
1849,0.07887233479005677,0.09993187444460386,0.429805233274213,0.20388276803556604,0.07003940026085413,0.3046198244144528
1850,0.18825073159113262,0.27885870889621966,0.48808334335410614,0.10075332719358597,0.11400784084935879,0.10194393796045763
1851,0.320306083180364,0.3418664303777682,0.27232861548975246,0.05406185543791545,0.05105788585995574,0.2748252418259123
1852,0.2260712565062485,0.6613673066216209,0.21065682346806563,0.21082407794523023,0.23590845901568416,0.08881097851709724
1853,0.18270347892762545,0.13122487452611897,0.11546844987007181,0.09777597007777095,0.04907819570822552,0.07306379614130241
1854,0.12368943796695499,0.3819620084875235,0.2753035846910234,0.033831585918358074,0.30862431499654536,0.15328854284978835
1855,0.2158309234819007,0.5339855897827478,0.7201642381852239,0.13205803355216178,0.27258318254229646,0.06892266356749971
1856,0.15728381772350508,0.1538075338990511,0.38141169580975487,0.08040867051195133,0.07987979144481512,0.026153017413586045
1857,0.18145650841396146,0.25869835141359565,0.41059095321583045,0.053872211768894104,0.3688943757740709,0.02617286098855646
1858,0.20373112292051732,0.2522326516143852,0.27658724509946153,0.4234819978179186,0.2985884506081332,0.10067867385524683
1859,0.40641757658768946,0.13172878467819057,0.4151281605289803,0.2181113851826917,0.0622156752806916,0.13562823661389947
1860,0.09587036485334507,0.29414773270761874,0.4709337101689643,0.1762891789193661,0.1873539980215072,0.08909232800922828
1861,0.28553893122785046,0.2401136715861166,0.4626460297448556,0.17196830898278706,0.1229180324250991,0.07862806076874608
1862,0.08840882885652597,0.06871319485490335,0.214481353924702,0.08694569038743775,0.17873063853538798,0.09054022535014847
1863,0.13912784207244422,0.4027878281064709,0.4188344942570962,0.09784393349706423,0.28645817526884965,0.33235152475975693
1864,0.36980755105819046,0.1523127220933521,0.4764857467194704,0.06669546941675727,0.13334524040749973,0.2067449123391493
1865,0.14085573573172608,0.303961989607847,0.4949553442693762,0.07761003773970442,0.13627134045719153,0.1517233965421784
1866,0.1812200664408888,0.5208422730942128,0.5638194035651315,0.13010130409158843,0.029921499065795124,0.08989428643740172
1867,0.17271429288914955,0.11534837269481298,0.27797398576220717,0.25006731825430184,0.17239711029967586,0.061457524373840715
1868,0.12709105031753282,0.16902636992375342,0.36944698022221,0.2565661746597532,0.16287021262075532,0.0872519850346056
1869,0.1390409784843393,0.6964500076172859,0.15727939762787616,0.05472085229253932,0.15054635801083777,0.03938260416985848
1870,0.1105663910664941,0.21859348814166774,0.1775093219926845,0.09022905511541211,0.5009432262995156,0.05125529753551387
1871,0.13088566205103302,0.6585815166150104,0.4934610440528533,0.1924375130393273,0.05539216319676764,0.034579953757971904
1872,0.14503333255980705,0.1745259363526846,0.28426824027259684,0.22758459541929707,0.1468400401767765,0.07268221790992326
1873,0.4220546801171121,0.18369037293478516,0.18690881076221683,0.16122454004310366,0.12428695017436722,0.25399229505290016
1874,0.18661917991025986,0.3052053237076333,0.2539761981637413,0.04344490399309541,0.029384060703232823,0.10134571411855647
1875,0.2690484480384634,0.3357913244982383,0.3884332243187301,0.23305266443147077,0.08915594602621219,0.2389897025491125
1876,0.09812198590162687,0.07437379970288308,0.3274093867829411,0.20135210211244614,0.15514014913663018,0.028556647783803218
1877,0.05009630811329643,0.1284347043033853,0.3233419278942175,0.13942514580109436,0.17951544946352893,0.011029265202169672
1878,0.25416035246875596,0.24730452679420828,0.2194136820775378,0.25646836966790526,0.21912519898693117,0.2592550131174892
1879,0.06873334236925441,0.2812791921232724,0.2274571080567783,0.4362647520812212,0.2294638988850689,0.07437082504677338
1880,0.15191606334170965,0.1366343054592613,0.09761188797376921,0.09714402524372552,0.09807655536951476,0.02209765792098574
1881,0.12162551717295765,0.09149254472684822,0.5135265072207956,0.020062942235425704,0.16700424510518497,0.010067801865432742
1882,0.14330537418400646,0.4095143789958648,0.6154746275959105,0.4488875931192686,0.08734158099843924,0.10121395805807018
1883,0.02096767956196045,0.2829150446824399,0.38105296332570804,0.1915579889641752,0.025104425581184236,0.0898445362266189
1884,0.2632599903299018,0.3637778885547764,0.30306938916768206,0.14614995582113666,0.1629331940129764,0.11015370863964087
1885,0.15778430959014728,0.23812282864578843,0.20473753954014365,0.17357553321934865,0.24009172735286058,0.2019708616467635
1886,0.07938939264629842,0.10742916812232771,0.07658970300941315,0.2057420590392894,0.3258580666774514,0.06392256835129718
1887,0.4420853752807908,0.2684550859318043,0.2244277329145356,0.1159290463810669,0.2778692361391443,0.06871700410695165
1888,0.3995077043938586,0.19041691305852634,0.36438919355929156,0.22359152662521736,0.18843262286223184,0.11755034165721066
1889,0.08836914470475152,0.5454385548885569,0.28404628157643697,0.20209264209882674,0.07252531440748532,0.040581250524814906
1890,0.11306519673954771,0.14513295257042488,0.18922959727489125,0.20132282579239283,0.31420487134159225,0.043788361413944946
1891,0.17573901581987172,0.6690941057325474,0.278601556953099,0.28166662627224487,0.17220549191288725,0.2719100002473474
1892,0.15896261306671425,0.6093276509842259,0.2598918768558557,0.055214282933173944,0.34757216541855973,0.18518391382566643
1893,0.05148711258107336,0.3311088671375529,0.634548077497915,0.17177958388081863,0.04695815491844765,0.25447061252594605
1894,0.016519382376704413,0.2128489106481617,0.25112762461262744,0.237687932484955,0.07179878841900075,0.0072488940716578226
1895,0.30132306311430235,0.1714450943384964,0.6310636719159841,0.14353664519339024,0.22016302313335773,0.07992813673888396
1896,0.13554096158458057,0.02373980308899073,0.3677308368159034,0.11572689251515482,0.06577076987775167,0.19823674202411232
1897,0.24217582232260257,0.552329877429275,0.5653471752827336,0.05449761605027839,0.23121197501790444,0.20502575016923882
1898,0.08866944533117167,0.3463093805478782,0.4181559256449712,0.24923431095050086,0.07676849467840194,0.044296454471954114
1899,0.13086526502097484,0.1386887957407633,0.18686481482590012,0.1557532298153781,0.3043959591613302,0.06017609651535819
1900,0.18804154799239503,0.21963909212155877,0.20623067657817382,0.03813318286192251,0.09469370730893735,0.33413650571441716
1901,0.29619671308827594,0.16989652475436276,0.4943309998934133,0.04340864270494294,0.08273460125853675,0.015417217850876951
1902,0.15160825551008425,0.2649350839710179,0.24449258585929376,0.03488794317725297,0.1383942102645242,0.2372933964334993
1903,0.37504730695880567,0.16554522982640643,0.6195362068733978,0.19027042519856469,0.4701126201484347,0.18302345695629915
1904,0.15681636267983984,0.5691938758824956,0.4908762087946505,0.058721635575574624,0.19606530976354852,0.078832074057595
1905,0.09290561477005928,0.3232010689205114,0.4413836479083377,0.1265642401478619,0.22741500462301062,0.06334472074163133
1906,0.08610953741503191,0.3937155984969607,0.6331297903057025,0.24244453813294106,0.12973543474771537,0.0370769631747068
1907,0.22704375512237965,0.27208081025164044,0.2468527182918573,0.08208618576159626,0.32318073781061485,0.0489293323780014
1908,0.07447526700165501,0.33334285590274104,0.32088497079658984,0.01795660206965267,0.13731005535967455,0.21649884921810195
1909,0.14768576682124288,0.2073748666349695,0.2334083301546306,0.15609839757192162,0.20853101289106546,0.10659761862591814
1910,0.279137365714285,0.5065437995839912,0.19141776236891195,0.38828053511908367,0.3103089269270498,0.03412492401132191
1911,0.1409871149804185,0.5997089129553761,0.4011449716893593,0.08677284391916919,0.06626830156774276,0.10383369403220893
1912,0.20789805863406036,0.04599651894678632,0.3984697016319237,0.17183692139981604,0.32706369767504945,0.04282962163132495
1913,0.09940168599447541,0.14611189827043203,0.28934432455493525,0.2987781405525247,0.15698974744510785,0.1081955447069579
1914,0.5965603894233554,0.31468690439372454,0.2679294381921943,0.10027311140840947,0.0892532750738318,0.040893765518805775
1915,0.11892374376923036,0.186226320876508,0.17444015553126735,0.09660514165003424,0.23346664934610264,0.23692765692094714
1916,0.2493872386295977,0.49615501005820617,0.6156669175717886,0.06273535571422946,0.4541090132204306,0.19527339007720498
1917,0.052427899800284665,0.114313583122296,0.5235150239838754,0.32422439814291537,0.07039076117424034,0.12394187433588068
1918,0.006871187230523287,0.3515139346957631,0.14012378089201222,0.14893347891480052,0.13165025787728968,0.05111963997646224
1919,0.5345801602222717,0.3612089905306986,0.33217743427528623,0.10274106195729385,0.19010620557725602,0.0219756908398238
1920,0.4334155654954273,0.23203662510072467,0.1817343651583294,0.3257490714103845,0.14252840774722472,0.2555945538255279
1921,0.2739804352959275,0.08278602632096858,0.5131635824783116,0.02473510693799215,0.20798630753933728,0.12072262705635013
1922,0.09184019927284828,0.27999143808139276,0.3449893457928037,0.1096083343918385,0.23328418153342886,0.06473932543963677
1923,0.15914754961799937,0.28592675743634244,0.535500351348445,0.23094272641320746,0.05035566443536126,0.04357955046492571
1924,0.06004103878339773,0.3819463769575667,0.2361056362276321,0.0553118732481735,0.051604828815200066,0.1054002400031565
1925,0.059317984312111424,0.6540751159044644,0.2901685819529033,0.27918853495280493,0.28371928917957334,0.04656960734120043
1926,0.17506419675046206,0.6242063536191931,0.30651411605851525,0.1730806083021865,0.033672889170498106,0.05374156285090455
1927,0.20639647060487598,0.28430928297486785,0.3580673503552297,0.2503272337094417,0.2622249547853331,0.1150771804897799
1928,0.3491507084451827,0.4489822576702421,0.303013288763333,0.06466026977774635,0.26570958698075925,0.07996310868007096
1929,0.09356912342307848,0.20487417997533336,0.17511251721859802,0.1764146548285819,0.15016961466874254,0.20532555400041555
1930,0.17289132837896035,0.1856432341206106,0.49049280633411324,0.03300593064446231,0.03947033111310428,0.13612892626453696
1931,0.06414182030926875,0.4899017697228546,0.1281807466294309,0.09187749233508923,0.2075735044537857,0.10043085564741397
1932,0.10312939414334218,0.21334253641122486,0.15083672056155892,0.1357447273766211,0.09642826316199682,0.2554418751486007
1933,0.20457066498235932,0.2949140297247312,0.5775485877189885,0.181702666750081,0.1478373541074412,0.04943780358894904
1934,0.034525843628407625,0.16623090735284113,0.46129508798885305,0.2857639938935712,0.40591798548773717,0.06994000071430069
1935,0.2846660298174291,0.6000919781451886,0.10240336978703583,0.0375114181614466,0.084267370671237,0.30357580460769784
1936,0.31890436344148493,0.12737103697034516,0.4602568731008009,0.10760011217037653,0.33889751392018314,0.049190813191106506
1937,0.29313067998429215,0.09180432640826454,0.0750668279567866,0.29429517438533176,0.25755384440834717,0.15648320242853295
1938,0.24135273014809824,0.2446334784395243,0.6508225761454225,0.039892499914254746,0.13221975978239534,0.08820829042785246
1939,0.0839699265426863,0.22463709899153783,0.2470901602493821,0.083888043894463,0.3391885326241299,0.24403719392334822
1940,0.3511047970732112,0.258477140008548,0.29554237285811585,0.08255086463251406,0.34444018998523174,0.053846297921504443
1941,0.13136709270796446,0.19533776785739915,0.5025328817845202,0.09725970504574089,0.20406367931869443,0.01072797589554533
1942,0.48315977208571786,0.1879258441569049,0.23715926542006108,0.14502507842950307,0.04148244050471338,0.036090378923541055
1943,0.26858966738488577,0.41290817156481324,0.5813414273517387,0.09254740817445259,0.09633256463024714,0.057792326698822324
1944,0.04933371892416154,0.2901205033735182,0.44641169457625146,0.18123058622069732,0.24829943185473582,0.02167988006242216
1945,0.1216943899654629,0.2636964100892927,0.5917386002221633,0.12734746591969803,0.03357329018614438,0.030265032870988997
1946,0.11417841690142295,0.22389121123654507,0.16838133466686692,0.11723201260230731,0.1269558958937042,0.19229057768588517
1947,0.23587442591054478,0.5500285522641213,0.5203960963235327,0.21318465877365994,0.04166567692134279,0.08210889029075807
1948,0.1958534282456737,0.32264755001199535,0.38982070694424276,0.16247889430952456,0.04601213596013278,0.13478775181783248
1949,0.1657556444181426,0.6391008059742852,0.4317954690915674,0.028498724808109596,0.1695494269500968,0.23385701470894812
1950,0.24730554814366187,0.10671123699689085,0.3335308002352989,0.07669770728710944,0.029788896242507152,0.11054738610919526
1951,0.17700596782518604,0.6834737896911952,0.4616198204038047,0.05410539972210222,0.15601158881392913,0.07051662126282304
1952,0.16256749355230507,0.19957783841444887,0.5666124409578215,0.14470116717257844,0.21503448942950826,0.04003322635909242
1953,0.17629819503384198,0.32728958661946184,0.6607554086430864,0.08019686715793722,0.0976684771776071,0.15865572275679593
1954,0.2515551922164662,0.10665532075653986,0.4218112504597499,0.16639664491859463,0.1241369370020213,0.0415745574901623
1955,0.328638305706395,0.17434395247893575,0.3531897439364446,0.2074822476385917,0.1339584606601171,0.03012222693892227
1956,0.19913555590759596,0.2688389824602562,0.15027813548793761,0.1821495189625495,0.23518127992702725,0.07203660466121971
1957,0.1802247366619043,0.11559856484479805,0.2864271532153269,0.2266435565312919,0.060923472180502834,0.13232667097942308
1958,0.04453418083972943,0.336959166216974,0.3691655593682315,0.5031498270886869,0.11088497097565829,0.20009645500947218
1959,0.4143692138559745,0.3444853082465874,0.4106165741122569,0.5234552709910688,0.11540463142171198,0.2710436590340217
1960,0.439438399762443,0.37990748595377594,0.2153929590589369,0.13737113013599694,0.3049125661489082,0.07430612250597624
1961,0.07974362418296671,0.3245623595924324,0.35287058934995347,0.05129086320247475,0.1964245302576484,0.019974619088084088
1962,0.16953708032422016,0.3900664595368389,0.7390174462768958,0.07711977465463923,0.026056061260856495,0.37114820656142833
1963,0.09164995995230298,0.4204742623638955,0.44482310541976416,0.2019021892744709,0.04934085393033914,0.16510348079750237
1964,0.29872157881519584,0.27694429203715054,0.3051799896791571,0.26642283685544105,0.2062407934837882,0.039856850742803845
1965,0.07997992855447661,0.40696537014614365,0.3824386683763763,0.10658493965327435,0.23745268240181244,0.2544698403538318
1966,0.2600836124399242,0.42642969554983207,0.11864321570249778,0.10146151971593435,0.061541841031642515,0.2095301305935791
1967,0.0977712923379449,0.09312735466976589,0.6136691616810565,0.2474736206371138,0.17680232402294058,0.07335351452497414
1968,0.11001692610975077,0.3824982023063406,0.5518510747287263,0.025225925384030953,0.25476064720277963,0.04618588315977952
1969,0.4371400158822187,0.47147948280261104,0.15569097459224676,0.19541328299603636,0.27428781701534205,0.07973939901035981
1970,0.25795295551550945,0.2015105613201431,0.16734675251416092,0.05369762015997175,0.14838403209076514,0.0710750311052523
1971,0.16439041671645466,0.13567013349664306,0.2356814117400124,0.32882726900734077,0.20838432208964616,0.06081509059320558
1972,0.12842333317568547,0.20976243779197573,0.12899314787714983,0.10736942413869269,0.09252081187454833,0.0387603425734724
1973,0.26867756743993987,0.13608639712675696,0.36658976037176216,0.27807377030779135,0.1807891811819658,0.1780298915987416
1974,0.2767323072743431,0.1473924481580294,0.07979817148196047,0.4059976165127897,0.10579571781747611,0.04397398446065701
1975,0.12647097619660433,0.2586964752332763,0.5762310268714085,0.12868896859630055,0.2870654249825085,0.04578676107710685
1976,0.08993277655020523,0.18474984888018708,0.5937633529202334,0.32834674021479715,0.5192809591159809,0.2150635153279795
1977,0.10548990463840367,0.48970075741678126,0.5709075418050735,0.11591148624878346,0.3408645440833378,0.23511217861716652
1978,0.07611471681740042,0.27285565539018797,0.34008404331221176,0.17208047611287286,0.12752214373171875,0.143421838708726
1979,0.41045754596029005,0.658206359576783,0.5649270390795585,0.23322833918113156,0.10265930517398543,0.052568888712089555
1980,0.1362417960331771,0.20298047197561364,0.15053285201649316,0.1370292352307591,0.07468572490433022,0.049608369598166224
1981,0.13640730234387624,0.7684617384442545,0.22390034904419448,0.06835568139953817,0.13235745209558664,0.03319986148619498
1982,0.10515973322643409,0.18327014127788663,0.5171435731597795,0.05452253812965015,0.27978025625593306,0.16146774853479123
1983,0.12654433811582688,0.03449675555619941,0.263007642724209,0.19135095462607854,0.253694103463525,0.08448131836553074
1984,0.13839064986179986,0.19823275773080448,0.38279149212637165,0.11923998741924337,0.14289099035133998,0.03305673433381124
1985,0.10144260816448226,0.20374986996277017,0.1625459821287988,0.130124984439312,0.17096833982375964,0.05871206787806052
1986,0.21598200153103675,0.5887713525094977,0.13594059011571238,0.3266036114095481,0.12965636918968992,0.06859749047328799
1987,0.4096351898809397,0.10802352262261589,0.20980922445002365,0.12292980376321301,0.19105011067550612,0.03143189469558162
1988,0.1388533081940346,0.31750549311129556,0.3040316676978246,0.24007709484902634,0.06605498769594403,0.06895601084446222
1989,0.20751160790522316,0.2833056002230476,0.3085285529946605,0.07172066361566716,0.19500980392027545,0.30968246912145125
1990,0.08628466187721824,0.419651736259655,0.5510166535944794,0.2303928914346512,0.24457440591001064,0.058298680749902035
1991,0.08795294053200531,0.36008411328062045,0.1186667417791335,0.3254663654518849,0.3052182758043778,0.1655362456496939
1992,0.13978088805546768,0.16644049892287768,0.15149205659266998,0.21583683211318477,0.33808132149798836,0.026775389858887593
1993,0.20797218194557934,0.302506622155859,0.5082111061226584,0.29016880984932897,0.12355288051451163,0.1230037603756418
1994,0.187958414689437,0.6283568079661513,0.25460201557791207,0.057124184436871166,0.36580561450278376,0.18679000444097377
1995,0.2898410771430955,0.4334865313869683,0.19129757906211614,0.04835045162188681,0.12871628144574454,0.039842142571099186
1996,0.09204874322786752,0.22446525648839033,0.4795402125150043,0.354773413226686,0.148770042665179,0.00654434283099226
1997,0.09568782300261404,0.18158020019182383,0.2684659336286785,0.11393893640151054,0.08249659065982776,0.05310256947233496
1998,0.21486275623259968,0.11083228686002415,0.5362750316653213,0.1417990082506316,0.1928703135708625,0.20280758577832964
1999,0.08800714825428053,0.6590627041179651,0.4314935597182185,0.07949369380161325,0.0846613363298066,0.10447887090911666
2000,0.2340528498926417,0.0479235409858688,0.378624333235028,0.12715953981486874,0.011130510684994628,0.0514742221370592
