Run,APR1400,EPR1750,AP1000,BWRX300,RollsRoyceSMR,NuScaleVOYGR6
1,0.09049391721802795,0.6549392925637733,0.4649775866745572,0.2275554979469822,0.03958165602744001,0.031298002070226406
2,0.3173282454370057,0.3017253662325041,0.4268310168454231,0.11024206450347675,0.11810375873165581,0.04984969623113573
3,0.20464411298112992,0.3588513513455462,0.5063132642627283,0.011352340273005043,0.09277775688847659,0.06331896152129485
4,0.22259437661119294,0.5710860953248544,0.5558569900198604,0.07461093036714252,0.04308378138272454,0.010582606591790089
5,0.04665117921239099,0.4431451689181259,0.5497575479263237,0.05567328220984446,0.046050541297642855,0.25162203978553155
6,0.3026724386538557,0.6727973411497048,0.6039304473637243,0.0547745710301013,0.174877715251181,0.14180659424671888
7,0.11479425003509447,0.4358436562415554,0.15003945519107786,0.20247360798832573,0.2828832691725349,0.03694802847637508
8,0.444038992455404,0.3781807604552855,0.5989496515890081,0.028995470138840337,0.32964841949130513,0.12042525334752681
9,0.20139621977234343,0.5274459750483161,0.32159822167376856,0.08131327122398312,0.1919550183689614,0.08500258796186018
10,0.24721035412934633,0.22743770692667234,0.43734568224798265,0.24977621703836428,0.25898856044163837,0.324338240406936
11,0.0953710457697355,0.21964854978708687,0.1251047838900529,0.05607498080236956,0.0695480688087209,0.14923930671635352
12,0.38704665262289967,0.10280406836870896,0.38259290975664156,0.16237550833588105,0.3167820180025839,0.020991052425530357
13,0.0779998021601775,0.15666511176161493,0.2281220009206296,0.07208796390335001,0.21952085210795907,0.09710420424682088
14,0.5871490702562131,0.12247523396111598,0.3252847764525061,0.043127065962041716,0.33000997940606913,0.24057461274174324
15,0.07231455972333083,0.2503720924671151,0.6175404871192721,0.08599287102890206,0.05120521463138241,0.01875517731723478
16,0.32987753334300063,0.36256812959883317,0.2882583335232696,0.11020129095874844,0.13503914878812984,0.012078563339475129
17,0.2501817262811309,0.6206961251967562,0.4966705022381909,0.08795351838264447,0.3756749452985135,0.1718371738367846
18,0.3007429087219897,0.203847931388053,0.6931330588002189,0.0362426937729051,0.058391789559296824,0.006018535547888931
19,0.1812660000836584,0.3242642085199407,0.17079448023980237,0.10559946949044494,0.21885202914677446,0.029850387124220844
20,0.17218835157438253,0.3929230324328812,0.3455448034215176,0.11044984393202648,0.10951070417603723,0.07626832872816056
21,0.1897843692898948,0.5454547834943071,0.5023678387817324,0.07369516329199827,0.31388005343894826,0.13556210728499782
22,0.34538267964834574,0.45016961169380854,0.3386168888927926,0.05184072117970639,0.146889294403576,0.2096595629533158
23,0.33423681686224344,0.2642927936433808,0.558705516248021,0.21244979219462223,0.04579226293242329,0.05856767137256303
24,0.16637765876721614,0.08088680996600409,0.36877023594791525,0.1171735533326557,0.2451027566673959,0.0468381774383786
25,0.08634711896272562,0.1833276763224558,0.2075138186327331,0.2840846942710672,0.1484176767290771,0.043885627050006884
26,0.11899289688640333,0.13513531345889035,0.15655308429497194,0.19151412874840562,0.11128542233095429,0.010794372035245027
27,0.13768182159910725,0.5527610777934773,0.4896994916601736,0.05537337411664227,0.22166360469453633,0.24327014458023027
28,0.07677331259883334,0.13477249644835262,0.11663884293486668,0.1309755184463732,0.09462299861006912,0.03957377034929523
29,0.1047501258124562,0.18641736889493077,0.3804051781329876,0.04649630029483908,0.13310362810885099,0.1138152891034197
30,0.1550659819019961,0.376055020547295,0.1417297653991687,0.1060330460640626,0.19978208055360908,0.04282770918739814
31,0.1552537929372612,0.36418161831142143,0.4269109491595846,0.09277933132392226,0.1429012895583914,0.04767378943480885
32,0.14292034560946115,0.3002142326605064,0.2710212852814888,0.024894463220994215,0.022608718665624063,0.044925757913969314
33,0.3917174741651217,0.40766937198526804,0.25911948296134996,0.014174778446024388,0.3255659308477702,0.11081161722848987
34,0.12481429330673985,0.4688807304561296,0.23680506039780447,0.13234183022069607,0.3547603106138776,0.29270445475940454
35,0.03744672568202935,0.21016113114200924,0.33263537482569594,0.1908251249450787,0.07001597195704755,0.1481556874641027
36,0.19949320437902363,0.3402364781528852,0.513666520110064,0.11908840310010506,0.33627982051112815,0.13567528877737736
37,0.1828449545520308,0.22057756132707837,0.4482876622158194,0.12361892729327136,0.13552616376394203,0.04111493520890689
38,0.04063346340332286,0.4223454796665607,0.5773900834215667,0.17369182507401199,0.021670493044601315,0.02951056606244129
39,0.0886643890011058,0.046301682132809954,0.34429565043592936,0.2749579064276757,0.0828975750842318,0.020369278339378745
40,0.21807468931707585,0.6737972326368592,0.5259959228945751,0.10910452346251849,0.1510953118985037,0.07123808855187125
41,0.16654960137006403,0.4032777662600196,0.46684879230603166,0.02463321258782426,0.1477771424992948,0.04588692336152337
42,0.3498950699280402,0.24776729923620075,0.5262217183113109,0.040698096416093406,0.2864547470582202,0.19513118047691486
43,0.07707142026387723,0.8267199478566201,0.3349147050293487,0.12469900552151465,0.025819449172470362,0.19358830845744587
44,0.1831908178620901,0.05656134602119698,0.6028647466863813,0.19516163069572767,0.13177989821652655,0.03032099497716693
45,0.22681549051574923,0.09156165921507088,0.25646658509776954,0.18407287990975432,0.15464917303430076,0.05386762519643077
46,0.07891935817746955,0.5435266031140585,0.41651561068065723,0.043620672078018286,0.3761060901861719,0.08845469528421236
47,0.14490531376117652,0.10265082215369593,0.41138272190440667,0.08036531144583256,0.1621020483880121,0.06656917475328576
48,0.30689840651037914,0.6128908788759219,0.4419375177469613,0.03498680509998673,0.19530782042390524,0.10222955772552016
49,0.08455426214437624,0.12950993892755194,0.4374708227386674,0.0642468984258817,0.14139970641904226,0.22037557187877724
50,0.12213328281599016,0.19637974707562222,0.34969157168007,0.14034986151349535,0.26508207900682396,0.12433557113602453
51,0.2841085517126008,0.25315958884820294,0.24630176184889443,0.06437216507219476,0.1923931268881513,0.06793362313618696
52,0.0967076446418625,0.16853681654173838,0.1352750342937304,0.060184754752917805,0.2851647948134519,0.05188311671786003
53,0.19019701323724744,0.38621631480524476,0.34617162977157573,0.039611847517832706,0.21802997418915673,0.0657524684981429
54,0.17646349425016197,0.26706641644761964,0.4787297976772744,0.052023768068219824,0.17792416216565066,0.07261337573076379
55,0.22296911462828947,0.1254999161430741,0.2832067462428904,0.07384476604894133,0.22317641948683756,0.18314605813805485
56,0.41590707287205464,0.7899149583364349,0.5725146109101777,0.10028928825975361,0.06106274783467621,0.1213647829362209
57,0.1640541337991046,0.25365085304931023,0.5974968022219904,0.14476572658757647,0.035445150445481355,0.06022266119677947
58,0.15189840625417197,0.14842115119440988,0.28119637328377817,0.10512775214204628,0.19557464777783617,0.1005781004198973
59,0.29182629514829433,0.3122586457648357,0.2812100260980766,0.1157895138458702,0.01806226434096524,0.09637453623476108
60,0.12923706053873982,0.41831239739468956,0.6227857724679958,0.06823732097233683,0.34224082052258636,0.049106053608330556
61,0.1823564074931453,0.2629515313063575,0.3790127695147304,0.1612948354849839,0.10724486852850651,0.03703751113898508
62,0.3557709687052865,0.18463659092235188,0.28618859897269905,0.02046971255225032,0.19766613148409148,0.16249684119310237
63,0.04507253821155123,0.5942190383011524,0.34154676853529237,0.1782535899300003,0.08111544640064017,0.03704957841357673
64,0.12631790193474415,0.6088048392154435,0.2966774810048062,0.0515817840479901,0.1120237954263691,0.07426290032062327
65,0.2840380643460018,0.21991404066367665,0.5072053343501361,0.09744143010872391,0.13760865600235236,0.17673582845533387
66,0.1211096048130175,0.29759238575697566,0.40488041552238996,0.11478957663731432,0.13495750456989605,0.07918414825723827
67,0.24952739208850996,0.13731872130709508,0.5476555223205064,0.15359509782606146,0.21206925337464005,0.14168923625984137
68,0.11734797259063012,0.060588138563156514,0.25484848612622035,0.12328734988516676,0.19473870010798813,0.025494745199613658
69,0.2320535614412833,0.6535225998719034,0.49956267751472266,0.05425333546596578,0.1202460893761085,0.09880988132223305
70,0.2261462855401953,0.17577758791504822,0.5087306247237614,0.08684476181738698,0.15695913170175102,0.04195315325731703
71,0.48079261121209116,0.20509823518847,0.4432682657196228,0.26865713519629136,0.010134655078461244,0.17546755284538348
72,0.42850261024088143,0.13675589731836527,0.486662704840485,0.15161325192183214,0.056930899518245405,0.11343883205803815
73,0.2699705833055144,0.7510089545110885,0.6123947738833628,0.053114663928725915,0.013399599683825333,0.1147829049889052
74,0.2641125389322862,0.10775571943691833,0.35850382188011387,0.1049689382987143,0.14135125267208962,0.09771208956083953
75,0.18680482450231248,0.037042598439679275,0.20396754670019207,0.07874558325725828,0.1509500469014888,0.026912308819113172
76,0.058928681623910927,0.6339434546080537,0.6039106287786191,0.06379707354390586,0.17026361897142184,0.13793925465035023
77,0.1008501452424989,0.044768159933484576,0.5779419855920469,0.05690382153743711,0.2775005766332887,0.025865580798122144
78,0.18124155337299488,0.10832530203407827,0.1985335602745877,0.05736082986750931,0.12175467699693616,0.04014686442190003
79,0.5145780647254391,0.6644208691089799,0.18548607106146453,0.023352475163773076,0.1706447145136966,0.061737109365084274
80,0.37899030955986024,0.4819573361264666,0.5302034295487599,0.18880474859677326,0.2786913367279753,0.12957581367672602
81,0.11127323171920252,0.5875548018711167,0.3279497497365506,0.07411655760555054,0.1221268102936966,0.0189767714480929
82,0.22523405654102027,0.14943991694301942,0.36841761174000176,0.07762653057844683,0.1934639244640104,0.07298436072705236
83,0.2238384769602683,0.2594822622768182,0.3378313146793671,0.1134728605011817,0.03361388816769523,0.06796533901130954
84,0.354904314921082,0.2870846909430691,0.3627975391581639,0.04741252255034847,0.2280491121702449,0.1709820490582037
85,0.18895820768533367,0.1781333558371262,0.1779331533416292,0.11641662382678106,0.05643189381874252,0.03652816536598235
86,0.10479891697121083,0.30239347339838557,0.6555965153775178,0.05254080399503408,0.13236256132557903,0.10709030468686968
87,0.15144886935926782,0.3016576005277634,0.231645769770149,0.1483006566572529,0.06940086794342597,0.25378456940148664
88,0.13698164271726138,0.47357485226719603,0.4113344379541913,0.03383351071619252,0.2762050782300677,0.2045691010833546
89,0.27035767086679413,0.18872492903027951,0.16656067206743194,0.03521359887572049,0.2055652688266071,0.04232749689779044
90,0.24388459983907868,0.1098224512679699,0.11191804352932375,0.055646150190159754,0.08568985413874533,0.15796718725519038
91,0.18649252035209254,0.0867804380167056,0.44601140345619356,0.05540297197124055,0.10186676916449018,0.09291622651497182
92,0.18746771630695788,0.19514419983631484,0.35786348868246753,0.09511609889755272,0.1529358354530885,0.10624437651444577
93,0.47545809402815215,0.04867057930972329,0.2240054958674852,0.05206042358703779,0.24894833371938022,0.06292034090851371
94,0.14844069056344458,0.12230371596970713,0.5332790669475752,0.0871153918933886,0.11201623232001291,0.0530049485491707
95,0.26288626606772364,0.054762988623250915,0.2766066996419083,0.0606556813062847,0.09689485596411539,0.12338958950356742
96,0.12606693143830763,0.16724521109326518,0.5759651772658841,0.04998434213287734,0.1598752713273345,0.17113130762363532
97,0.16540516653085754,0.09912300513496163,0.10182535663796756,0.05650387221632802,0.10997941138499243,0.09791109577401115
98,0.10049161016751294,0.2257716705453419,0.09200948117808717,0.2088419894055476,0.1499374546957088,0.02180837282201271
99,0.032964463797899496,0.10615776874091268,0.3199044511375586,0.12141058447957787,0.09397314786863285,0.05469371690846578
100,0.07487405892868107,0.45885895553264266,0.31231371906391303,0.12220557333904455,0.12002649076536959,0.0400239149583553
101,0.2938915969073528,0.2764970395529165,0.2701164664514773,0.023791279757786683,0.0892496381484414,0.18832798747635196
102,0.09191545367001176,0.18513019961730698,0.10626162003285539,0.0640023994677135,0.20424416959430017,0.05150802373898324
103,0.0842043082245512,0.4963386084314475,0.49754952102030725,0.1469779833919808,0.2566921067123698,0.080279168148939
104,0.25375548582070084,0.3514547955579296,0.40755797832361834,0.046971860834165595,0.11273208808595708,0.016660494525218048
105,0.060383199008121724,0.22486993176122833,0.20728999616032598,0.2338727033357048,0.10449402020391822,0.11478395786906778
106,0.0756263592903494,0.1886387620750625,0.08513464153489231,0.15400688842253651,0.1944962487141402,0.024141646607112013
107,0.14622254287376987,0.3204382669053774,0.36176156755633176,0.08919665244950731,0.4306487774109877,0.12207475610558878
108,0.09510922468224349,0.23429572927274817,0.24060163714357033,0.21864139774963584,0.0785860154199385,0.041224216395217735
109,0.1251774815719393,0.2167409862392865,0.480781068488833,0.04634942208412066,0.033101982436168416,0.2239848234160483
110,0.28977574671331774,0.6861157264812955,0.10546575946575662,0.07140626314460106,0.039435711247671756,0.1352081458430291
111,0.09251882715904117,0.2893531872170178,0.7651628539045486,0.27946224335206665,0.07386819586302674,0.03899312770812113
112,0.3908468795848759,0.42494396569706405,0.11721069508116187,0.020010663477031652,0.11422734250493703,0.06583031242540065
113,0.19360604016449795,0.1643604371444828,0.3976670055916103,0.06110548421438037,0.11459039790755646,0.05346426180306201
114,0.17071582910407265,0.395413964186085,0.31194793938306525,0.5135822247642106,0.39354328121096216,0.05945240799579348
115,0.15119136509998174,0.34281395675434434,0.6520521894488461,0.37319351496683745,0.02575125207036065,0.004948385800459961
116,0.06255605697970425,0.4029410160325429,0.3631307284925374,0.10259591518911215,0.2298809997949058,0.03109549116657012
117,0.09865247584888182,0.22687395501285193,0.12054479975179584,0.1549947360956361,0.2305682757228863,0.16759995902035993
118,0.2972164263941483,0.4898173669916652,0.4062422500459776,0.05514419286144812,0.17193564468384606,0.0633248939598209
119,0.17480997327453637,0.14561175797047754,0.2649910098174391,0.1117220208087278,0.2789456532669873,0.054344219346185406
120,0.2333142371573719,0.4099736814160879,0.45606983660569783,0.026071733711090256,0.12829798030354644,0.10798754487986253
121,0.15347373807965814,0.5257241395797354,0.5091909596054331,0.10270845806201175,0.22857761129125145,0.1250789945023109
122,0.10531286797635332,0.11127237145344013,0.6176143985317107,0.1781294593711426,0.23060323343358707,0.22620008555181975
123,0.08861482241421696,0.4726410908383654,0.4029515981871163,0.22755904099904453,0.3212708649377209,0.1195958935043478
124,0.0994156446113043,0.22957981536956384,0.24300087315018726,0.11565855449836757,0.08078482626987593,0.03615448145042455
125,0.33644509699176767,0.5746067458434262,0.6146117895578248,0.2658456542561857,0.02644292073221417,0.017330996811419305
126,0.36161824852630875,0.25599064640473573,0.2658901668839059,0.18913507165013071,0.19625455692797766,0.02165606182603673
127,0.085240756796948,0.2408323889801986,0.27822298764548853,0.2523853415623434,0.0764390220015092,0.04132044487224255
128,0.286330641399579,0.43800824149046175,0.4670335790796537,0.191654808395554,0.41979273221365604,0.06695416866890386
129,0.33614829330864626,0.3683388124358344,0.4735664717513556,0.0901532507808383,0.3121969461126552,0.13995041765105107
130,0.11870617048206886,0.09629717295392576,0.5060407808723193,0.08195681427742271,0.10305899269896457,0.07472205200999905
131,0.4149256934306823,0.17010824477311842,0.6292383269962694,0.05225250266413788,0.3079890554336595,0.17072777783386767
132,0.4720908643476694,0.16622113200355726,0.31491361444835925,0.03305579074781779,0.09767928136304256,0.03781456455097027
133,0.3531209980407728,0.32185903289532836,0.542261465107851,0.04994169934468786,0.16830474073991247,0.18844787349442085
134,0.08423989184125438,0.3757602356875002,0.2734621517081921,0.15501699114535505,0.12935128332099263,0.027864054191907434
135,0.03840816449968474,0.3861928029040247,0.5895448950937895,0.10707583252299521,0.10894912717349256,0.02154063596275341
136,0.20197589990419812,0.12841087063868722,0.5938880524210864,0.0220823075617109,0.3573823790823468,0.17534745573486454
137,0.11279706344319476,0.17064217815469285,0.5699275252119856,0.15313000370524973,0.16230399686831667,0.09462357093452539
138,0.4411267809465018,0.17317667551375104,0.5490651686375667,0.09929295628448777,0.1304029976433636,0.12272550458830779
139,0.08645282508273602,0.16060210143866976,0.5548665907951418,0.11867200141024836,0.2347345921696433,0.027710843254698775
140,0.2288911236587506,0.2880408434528959,0.3844569776391782,0.02549663602118334,0.15559383707140614,0.07747436381051521
141,0.2784744695082689,0.2028657334940156,0.534555168193471,0.028351223194377658,0.17460443143463145,0.13736605100184907
142,0.3226112309211028,0.6579877111376674,0.4460557319089504,0.04143744023026435,0.19969351951206593,0.13824912230561506
143,0.10185508259988316,0.10766260708197563,0.4446537987130253,0.1356388731794478,0.10982450657893966,0.026090364904039338
144,0.19157553236115024,0.12799369417192463,0.10886721270337879,0.08478054658972072,0.15584704435565602,0.060166399468285565
145,0.1628431096767122,0.3164273091949353,0.1677858232264278,0.040216352776073334,0.08334254235544077,0.027134795342824244
146,0.0906738184997704,0.7282281600163741,0.4108918502376455,0.4218817630060921,0.01003421434413626,0.03474435977002427
147,0.0636840517874874,0.10718062810410126,0.4930459083923125,0.055441721106854705,0.2818785725687919,0.06311673601307052
148,0.14510140073571026,0.5012400368761444,0.5750856409478907,0.1845297427381543,0.09059241430383622,0.033605377556000175
149,0.10261583142417925,0.4490862547225307,0.2361252566529692,0.07333519888649145,0.13927333709777773,0.03339026886758819
150,0.1507378715769832,0.3740372168459732,0.15328900140269006,0.1422670258057952,0.1834016764884218,0.03507134740750674
151,0.04022813629796236,0.15582040729966642,0.6091916433307826,0.1441824656440283,0.21200261341000995,0.2602543030866757
152,0.19749155586050926,0.49622100635248395,0.13169527780106569,0.050407991606303326,0.12261287145337695,0.0696689121106365
153,0.09883330734072496,0.3101975224636469,0.2408534857593386,0.020141057225086453,0.1252254978651798,0.04667580820468211
154,0.21853895947535554,0.21676575958364966,0.4356911419143328,0.01581781137287566,0.07363616066613712,0.03600782155196339
155,0.14690512442975012,0.2607871947074662,0.5215609918768755,0.12763771067626656,0.12714587766504196,0.08945226131966372
156,0.09507266289555157,0.5150599274819483,0.3917263799121357,0.06288347845584105,0.1484935207923215,0.1064700534358726
157,0.274273576631301,0.7023676956210609,0.1255692864270451,0.06150780211314668,0.06347313869285712,0.022731003136413627
158,0.4224790835924614,0.3449268210273676,0.646638450701226,0.04005970711336359,0.09485760129631168,0.1888832763808394
159,0.2789870291290554,0.3005521859240076,0.27141553684348635,0.0840864550193709,0.1214537284603688,0.2459500897815609
160,0.05832974272229531,0.18219348980281633,0.5450244239205781,0.07027556424581945,0.04113299672828841,0.16029051888161372
161,0.4064815424619706,0.6846699524585163,0.6005899250421961,0.13126107104954085,0.07250419890012233,0.02175856709102841
162,0.41593394735104805,0.5000440439212107,0.5046705767237999,0.12160280001090348,0.028540008176934344,0.03551240950249437
163,0.07143522082314152,0.19162341189812518,0.32894936220077475,0.15517057046227156,0.05740609361986636,0.15776164612099264
164,0.06818563020950634,0.1341088195392382,0.6540584025567927,0.041586190877195985,0.03839149692134837,0.12742023994862142
165,0.2420153156271786,0.17257110673277373,0.5702737242343905,0.057677659792969946,0.10779544667522016,0.10001334751411155
166,0.084949391478653,0.19110731131372297,0.20528226847582043,0.11034799350275547,0.14946828755633454,0.08723840113541403
167,0.16819988735561872,0.2880242601108676,0.30898218562769775,0.1672054627236725,0.23512568021334634,0.07833880298327975
168,0.15157194820474768,0.179827866156986,0.09592425690210322,0.0626481433683476,0.07385335803606423,0.032610626322476376
169,0.24840817292976003,0.0992710063655756,0.32476974279742366,0.1651633571186446,0.23574996203101287,0.10535644535327962
170,0.3433335880817689,0.16536246739200686,0.17122316209872127,0.09964962493539113,0.13618367335134726,0.12509295581370367
171,0.2658887838800256,0.20449204530868784,0.6153855344221435,0.12914891202912235,0.3543305815410519,0.13347711492065684
172,0.2237779255410459,0.6035022114199979,0.5003365927910663,0.08024100769801776,0.017458529644902052,0.04951282328525653
173,0.08806665286695155,0.41881301842146845,0.4615715205642808,0.07485807097408592,0.2302472804611429,0.09887935040308742
174,0.3410519931648866,0.08096193031223803,0.4371108142431397,0.049647342718177244,0.2680236215478392,0.14151272835411857
175,0.1436042017368931,0.4737273042520481,0.1092283334790193,0.018031312340778285,0.06401230325178535,0.33699331835700597
176,0.16611128623255023,0.41904198101720497,0.39931006174807443,0.11149277733723825,0.07421507869199309,0.0659724190117894
177,0.09484279604244089,0.110370667734611,0.45432681505737477,0.054700263364131335,0.20832373387832606,0.022278594341335955
178,0.12414108045236737,0.26596595865952,0.3451496656151892,0.0984426270610489,0.10447571407759725,0.02842617142891435
179,0.14097619422295793,0.16123037404562876,0.3776980513086516,0.0594083680333034,0.2144042055257756,0.07395703783706016
180,0.05051682096381577,0.3263674118998972,0.2880044335212128,0.07416415286705857,0.2274793480348913,0.10767292018364981
181,0.12200597604976679,0.2604787537019336,0.2072944466578644,0.209340206749712,0.24692194314205612,0.03871984309081646
182,0.31565792733645776,0.5645750518449216,0.5616261551520977,0.11802673509880489,0.11218725088661512,0.20691844568854534
183,0.37548942876884056,0.7468303006041862,0.4912723092053272,0.028691402327967217,0.23330744549802046,0.06283544181470954
184,0.21306751795667314,0.29701657146812876,0.4018574008212493,0.14065051739877663,0.258911397051378,0.16104777203215812
185,0.09639647589944243,0.3162622292851975,0.4048583839824237,0.18196387898264094,0.3471801951456913,0.056762051557996226
186,0.12318367377807182,0.34721142543031497,0.16619126005519463,0.05421999151590589,0.19502393884216815,0.11679649236838083
187,0.24984507783724277,0.11257295173532661,0.4791161435324716,0.026501085018261313,0.03723105181384574,0.29502432997748995
188,0.2209164909720948,0.16517765523208675,0.451559772883658,0.17607749270933126,0.29023628842188265,0.07028085769726326
189,0.31643169927515674,0.3755591276391552,0.5746155330605118,0.050846315072062956,0.13367688655030874,0.11065949584371625
190,0.13342234704163466,0.2864801136498689,0.17621215357020775,0.13394296252149657,0.07171765741438506,0.016574346821354044
191,0.24282538250597888,0.5356244514580851,0.41517388193403787,0.014959614038880308,0.13477910664356005,0.10809682906607791
192,0.2103762177387026,0.8243136142100274,0.16249574666865804,0.09101493019595137,0.21948547016388978,0.022833991288961533
193,0.13177793110014763,0.1401822987692056,0.5121727186811329,0.053960217763122056,0.14792763061333003,0.07101842025396832
194,0.37970170625443084,0.0798999315312332,0.3909452431763408,0.11413347417279487,0.2480644064982945,0.17467432904292526
195,0.13284112622212318,0.07116387480874717,0.5338936996517442,0.05976773967438056,0.324524296181855,0.34342855710967674
196,0.20410464819339547,0.20004159922148382,0.32371126574383763,0.01921131156580781,0.28275704361482523,0.1376502652524239
197,0.06818125023468764,0.16391796732586386,0.3406811540134114,0.1364386278230922,0.18590318548355783,0.1858631788918456
198,0.3167607875770937,0.36023550905823065,0.5009129841632293,0.08776857750250407,0.03828520952760893,0.030586140202141003
199,0.2486311813468258,0.5420713368747395,0.3723347924345911,0.04822733071228896,0.029943488044373412,0.028073324607979042
200,0.24689160225861648,0.1335766317878526,0.6139659771223053,0.19500163770877255,0.04112192486001305,0.02117950097934162
201,0.13505055611164773,0.4548300593727095,0.36730612089611564,0.09816627301002831,0.5606631515368383,0.018445733056268763
202,0.19088473953403903,0.17429784487843064,0.4376605395971914,0.0694462333283037,0.10051468954350211,0.007624526403423145
203,0.19315501317122402,0.38777102969647376,0.41593596459159127,0.10658984281883511,0.17361919338910398,0.10077975825156288
204,0.12428925843998767,0.5595029936782745,0.45485057783997157,0.11165241969695715,0.19321023672953244,0.33443036367609513
205,0.1297025290450357,0.2966160623197442,0.5722450175642769,0.16975348462286577,0.29796947199592033,0.2532013184077977
206,0.14261524349819682,0.491564478892498,0.4272095063760757,0.11237080351077837,0.12510093770341063,0.1334750107992706
207,0.3257458107662643,0.1294079916917785,0.49147258287405976,0.037916769216702256,0.0990170686598226,0.15989274854514676
208,0.33547812753757067,0.42986914207198584,0.40946942727074753,0.02450127533103096,0.11771917801647068,0.13143126352301543
209,0.12714701472338447,0.5770812222710584,0.4046282249036666,0.03448239096155012,0.26458076883017145,0.12853793596942362
210,0.11523399337701769,0.44677133775674094,0.40179192799303826,0.0977096239633915,0.11194604676293181,0.08837421632854486
211,0.060496793393089186,0.3015125359342446,0.4564440913660065,0.11124164269007734,0.06435235872684927,0.014347160208694787
212,0.22213368763601088,0.34762765514468524,0.5354168659905473,0.15788642072586148,0.12000575804829254,0.10438148594836842
213,0.31590255163740505,0.7271750206384332,0.4075801383055629,0.09458576783255276,0.01355132218881992,0.09225810855149899
214,0.19981322674655141,0.3892688460994353,0.5314552934005323,0.10578076906879358,0.07523940588474004,0.06645621302650163
215,0.2943481132591928,0.13138018519405903,0.46074844974726514,0.0647465694142866,0.09135018049628706,0.0795455684718557
216,0.2691438643628943,0.10326082078262283,0.482107984975495,0.13670609335109124,0.3057896437762068,0.11304586631083498
217,0.28551353009851577,0.45533396752151506,0.5730602764900202,0.08001532432966105,0.16692167624654325,0.11669083859313092
218,0.2784651962350039,0.17940631715956024,0.21853848209561008,0.10093398957696843,0.10152286016503212,0.14275347153531862
219,0.0503210525929107,0.10332770307757419,0.07445004202376745,0.13403905544846997,0.1354550139768099,0.12311836559751514
220,0.28461953576866633,0.5494329684631473,0.6212784757061711,0.2052825701957182,0.05239529375287869,0.020368207937643292
221,0.08480684550046509,0.39483363730700144,0.566429345408569,0.04462656193135217,0.11002480406007169,0.3591474761689476
222,0.03863491777999451,0.5155423690865726,0.19236813067923597,0.078180667613396,0.23609708771323412,0.1365598329138947
223,0.11271300674456228,0.6153265288380239,0.6791981846192772,0.08438557119101425,0.5577804556363992,0.030001811634858804
224,0.1866518378558543,0.1652688855967086,0.5231503901677073,0.06181757279698786,0.10717966262932584,0.12654008612567771
225,0.14834290570941325,0.3601361373251604,0.5854888098113897,0.13643099761030528,0.11285063016070282,0.0764636286910607
226,0.19104572550181118,0.6951874052461715,0.15446383565401106,0.036125035182329034,0.18182340527325372,0.13762073603265998
227,0.04046926445998027,0.48769259464727555,0.18568992600202774,0.09133189680380846,0.11429252886888765,0.0836502067087209
228,0.07057172637336392,0.3837048228394757,0.22899310036998344,0.05169252249655527,0.03526437706634803,0.0268694342215502
229,0.2715183151764568,0.66390565305452,0.4489913557452365,0.04048142356169471,0.13728734015858987,0.18648106642082704
230,0.337531114369195,0.6169847675173863,0.5895219231604957,0.04305968029889579,0.1575427221819511,0.11547843402240318
231,0.11605318187154723,0.1620767053923252,0.4769061559744744,0.06430252799459246,0.1801563267095706,0.13884135604617237
232,0.19483197013285586,0.4281034124347348,0.15116838489174134,0.05682252371751166,0.28327209849206725,0.19376848190593982
233,0.23729605541841287,0.07388564135373109,0.34866037732593713,0.09368063335041532,0.17471545912581848,0.07252449428824538
234,0.13465871720544478,0.551651589177555,0.4720220029680022,0.08368973460570746,0.1179641567426321,0.1461329869211822
235,0.2922777730200909,0.3347987426419608,0.1156708145229322,0.059560363396055804,0.2684795150264669,0.01455081064105737
236,0.14392067476175782,0.2503265127496573,0.5746770328021307,0.038747212057193704,0.3398428853172275,0.08323875540111
237,0.05211949691616891,0.1952716304778802,0.44336649535282335,0.16183877398608418,0.08681474693685648,0.12354755807334414
238,0.2895057260274578,0.4267091367142606,0.6768484160737007,0.14453027787686168,0.15907676885073266,0.06686871243518484
239,0.2982651983340914,0.15788328487512562,0.5345101633812003,0.12028032407644107,0.16893439148066494,0.09715559164103194
240,0.026563350710484924,0.20667548391076415,0.21146439435224734,0.1644272705477178,0.061325989744506926,0.07388642735709554
241,0.05830945921311761,0.16483175435774416,0.36401483097861026,0.09713916123766722,0.18868437506100166,0.025571644118507177
242,0.43057867565366664,0.09067184012189637,0.7782254296346235,0.1030435602361692,0.08438286212153889,0.07232397643663077
243,0.31946512817530776,0.2822115292927813,0.3519819230977628,0.040605207159515405,0.2925335364278951,0.02948354504082638
244,0.3360320124943017,0.4237144666136248,0.18656649747587042,0.08676692090096728,0.15284679675335322,0.14335473173414612
245,0.15192629200747107,0.1311457258861194,0.3250507692782849,0.15466155469243273,0.3697296299996489,0.07144050198046997
246,0.06850174727939307,0.12539686489906768,0.5063008427110897,0.05490179965144971,0.08933470627934531,0.1888430714416241
247,0.0792835048698119,0.3205001315109024,0.26266653395571243,0.14250254203746976,0.10047665549776696,0.033067464750066236
248,0.11763907898628113,0.45941734186130706,0.22680366231829854,0.06525436655360191,0.02424720698717151,0.015909315416735247
249,0.028518878847582512,0.5137524587516927,0.31684551238365083,0.29255488040444183,0.16928049190440142,0.1291962341077666
250,0.13485223741740232,0.4325282448873211,0.4033286087285785,0.10295848479415681,0.2502990428114921,0.07519685770749043
251,0.2136550933528409,0.34970072607217406,0.3269777269449551,0.10463050694427431,0.09647330685741409,0.1432220247557279
252,0.1293211278312997,0.17599849346710006,0.45647732266621466,0.07349516820570809,0.15768218750739618,0.05812972871951308
253,0.3425445513862754,0.16510249810415423,0.23440450413495412,0.02082789055054823,0.0748814806137921,0.1054129055297326
254,0.10198466860212503,0.13326210695489088,0.4419830849518066,0.23804436321514483,0.23524883662548646,0.028809565199849767
255,0.1280777235118934,0.11745520687044345,0.45063533127626865,0.05056788013914624,0.1473496118653869,0.15862523996350478
256,0.17554011673921857,0.18495351434583007,0.3147245156886469,0.08577973050915168,0.14900168799675703,0.14837862287068568
257,0.18718136866194787,0.12124146630122618,0.4243959214703843,0.12311738732429857,0.21461145441519314,0.04085014739893037
258,0.3531147599654311,0.4082092371508764,0.6161872141916855,0.06307400343131832,0.356289699629495,0.04651945362654486
259,0.06312800580067363,0.3269550384437007,0.20283030423735068,0.16171232346363362,0.06773494519033531,0.06220713250687013
260,0.1043552141639695,0.2017306388070016,0.37305591740388505,0.19591037121381932,0.10183324120026771,0.03859376630623329
261,0.056268666704857556,0.24707371290450914,0.5069622273347447,0.06800144921189516,0.40497580347128614,0.16891062875027743
262,0.22655491955082982,0.6183172920979929,0.23896575999687475,0.16000340509157565,0.22272291556936794,0.015649921183224672
263,0.4307203424816666,0.20048126857910595,0.08691475166529601,0.03804384350971424,0.2679619573592892,0.09776658137933081
264,0.06938218320403114,0.11197458986677324,0.48540079502192457,0.05887881820651283,0.10902729507179881,0.07408464932057206
265,0.14675111824446374,0.7075620246650243,0.20276243977960529,0.13491270446163395,0.18432206518808947,0.07836404811642622
266,0.42992303154859796,0.4549604020088914,0.6992354634713035,0.04199264731103922,0.36756443729919036,0.05167534564559507
267,0.15581082556674836,0.2831670277940986,0.09724018544295851,0.18676782066011458,0.11344425655799441,0.2587206114247087
268,0.4450223375342256,0.17988496561000106,0.3486608119181668,0.09836799393048613,0.32624599558506456,0.028810610029578788
269,0.12019705506978952,0.4174480756909518,0.30744781746968824,0.20705305058981263,0.08649776958298237,0.07971228057263374
270,0.29840101927352314,0.02156546450965481,0.36954940960897076,0.08915261477832231,0.16911267711480327,0.14142996253472187
271,0.04479060646271064,0.37462554646484253,0.05586546539125394,0.09089316050133985,0.22823915816175452,0.14395490382372003
272,0.18366085918398709,0.7261449760239038,0.4093948702398519,0.044310951115121164,0.27444632240117306,0.04510935993228741
273,0.1604417890427926,0.1740405658738601,0.5308276670735109,0.09714891237600204,0.1367222194208898,0.022806848291088748
274,0.30306730898249035,0.4178022055669224,0.5892251968159989,0.018695397331773535,0.3528476852698003,0.04020209700784463
275,0.03919821541693172,0.22733740935970517,0.45491714985999804,0.26194028260965757,0.08650910516425082,0.07305101011848598
276,0.15934592074273488,0.5259475893838275,0.30717947610005175,0.041330396443303864,0.21984289307576776,0.011293252297383958
277,0.3193938253046672,0.4455794698680655,0.2396796249338911,0.038151213222289516,0.3470637352444167,0.10888891802434812
278,0.08353673321195584,0.048386967648627224,0.7314595130361888,0.050328522978605544,0.12582932847772904,0.3018943584865767
279,0.31292670248623744,0.18071585674692367,0.5563637117228143,0.06215697673193302,0.30934865657913013,0.22763466194546972
280,0.22286949129017647,0.7475803648562275,0.33198897736414246,0.06279187719389391,0.19159293668779884,0.01380885293411601
281,0.12972369478542028,0.24580026927162962,0.47651772272523507,0.1190682477110823,0.049714950465035254,0.03846040514407068
282,0.11419874564316723,0.4321003931745253,0.4364890854243171,0.19525487519958787,0.30373669987357815,0.11358437248585869
283,0.21641349720912176,0.08053668750872073,0.39255104314523137,0.217186442343004,0.14402249078963045,0.1200304929315266
284,0.18034787492519977,0.41574994815450717,0.3554983713340312,0.08955160693267383,0.2899152511805978,0.0679837672107212
285,0.04058755406040683,0.6209056965416518,0.6185602561214119,0.2812972866678203,0.1118531247012612,0.010650908765602863
286,0.19737679681868484,0.7055059677573475,0.6889617340475674,0.04316989430919162,0.042149682311855764,0.008965660357526698
287,0.22427926568775278,0.5367673877831075,0.44599110316943685,0.024278541043981458,0.10162308060413473,0.09884863496458303
288,0.11224513542374505,0.10324828376734763,0.15825991413230514,0.15502934530058782,0.18227974763763158,0.05245444356793761
289,0.18633901797231017,0.17131824557995068,0.16535920503418086,0.13029472527075098,0.07631692250296437,0.07312114809264647
290,0.2121869248862261,0.45337478392384983,0.17582007227678514,0.021064718922566224,0.06352258812474565,0.04072616057699755
291,0.24956488363888185,0.10321338328962426,0.2046690935705481,0.025285502126844415,0.06944437512947788,0.031352760102878914
292,0.1944577969832425,0.5561119410376295,0.3650025851016095,0.1859598514396903,0.2914539109959906,0.2054493369806541
293,0.21367135232435816,0.46879600071398375,0.525649448592686,0.06927922369176592,0.1250835969558194,0.10642917318659587
294,0.3020345021001803,0.07562654593546851,0.5542339305718291,0.057323888397948136,0.047686131169884585,0.2050657432640516
295,0.09067575975864132,0.4548050667220464,0.5225334127927588,0.16352162558220065,0.02861546263403438,0.008580859435612478
296,0.13003707157002786,0.19751425149058266,0.24095436424709266,0.05822804730172737,0.25351798658536395,0.15003298761872555
297,0.12068668681148237,0.03997678317447914,0.5673407698372196,0.5572400885806563,0.26335755337854727,0.02442198804739343
298,0.1271876569015918,0.21649766988632427,0.46500304150553173,0.09746372530985978,0.06291906483383437,0.01128518652166125
299,0.06746712812483426,0.43757801333162694,0.23748898783106828,0.06968033590925234,0.1801452353296481,0.02272872579312044
300,0.0971410605807325,0.5560456466668249,0.5372343997472132,0.03595459722502232,0.11581024251119369,0.05935418063048565
301,0.223042581732191,0.13733143198759484,0.312759621622963,0.14884495362489938,0.22975060690049928,0.1094716616265155
302,0.16112979452676032,0.06089498101246405,0.3828147768852294,0.16027483380891672,0.3729186146078457,0.04977613741254112
303,0.07555792189603108,0.6186240899280943,0.3768659200696387,0.282753352466646,0.07509477365005743,0.09844753914542186
304,0.16214477629513857,0.6057294672506446,0.4681313831306671,0.12462336844763704,0.21881428478987983,0.05280440500295452
305,0.2680003011012281,0.4562338811322469,0.4651756373820696,0.028498511913263663,0.027032249865846417,0.01549679656144424
306,0.09820468241577114,0.13510566534527593,0.051548308902449366,0.25361361753738954,0.09670507691826463,0.18208872953927988
307,0.1016950475320534,0.560370291310806,0.5793088947090851,0.08340420775019829,0.2124505528015195,0.04793223993416028
308,0.05200054839144269,0.5629936092810294,0.238958046102543,0.11488329202599808,0.057541751259889085,0.06144165599125752
309,0.35823673950385815,0.47861622362303285,0.5934272695151632,0.14875384877297582,0.017644011415056223,0.007207330874131355
310,0.24763155550391935,0.2002530883780604,0.07880800928008039,0.10512455741985248,0.19281796371981855,0.21914018140791464
311,0.14232760808475936,0.41399613713605793,0.42122689392640994,0.0704362770247416,0.3218048175853691,0.08597489051886516
312,0.4557680238822701,0.5775158360318462,0.7180062167524383,0.16249955520660198,0.049419562932952826,0.003741657531215426
313,0.22471792076696426,0.24017907586337683,0.27605594645867015,0.18506827870240655,0.24731787472605332,0.013905209837015391
314,0.15850697976078973,0.2865426760622173,0.5091544784794195,0.11086636158926766,0.037847144964240784,0.07002431387590662
315,0.19525761115438997,0.4928361291115715,0.3617943817263702,0.060644634007863615,0.2254314737751983,0.1013764169765624
316,0.1761809114550509,0.26282459049028983,0.28626323670207504,0.049652943683011534,0.0925697349607138,0.0799265752531063
317,0.12936980628434386,0.2711091492629483,0.4289627569630499,0.010578395597087488,0.12478533425909262,0.05949559541997889
318,0.27007163199192724,0.467056971013462,0.12632141339795153,0.066335757981514,0.24116215467922772,0.07293794944327425
319,0.3698829470166867,0.15312547863696574,0.17273257689316227,0.030480770722663468,0.22998832354268015,0.05066692973902918
320,0.26702646796552726,0.42121051477711524,0.35860754466245737,0.07686043895541178,0.04359750879613282,0.17294325033901542
321,0.1646291917482711,0.31456662830478416,0.5487002415149621,0.1030339239349362,0.15816584578544635,0.154035359539351
322,0.10086318866309205,0.6422726390780232,0.41067038103952597,0.06087382952532132,0.1488449719046744,0.0646658925629157
323,0.07247570119482093,0.576137432025848,0.5536968456261224,0.08330238675380779,0.15179948401795865,0.12192307682715957
324,0.2505345052067423,0.17965374044240157,0.5945348615819596,0.12881796728983208,0.1851381012046158,0.21770195537652032
325,0.16931789514979168,0.598084089176523,0.24169505004127895,0.04229420880268921,0.1282760397412731,0.08739522312780973
326,0.30280017449916025,0.32240164369628393,0.30830678409937134,0.06365703600578627,0.11101364552448599,0.007284803299219558
327,0.011318522858080736,0.11813992010178499,0.7071759067010959,0.2661569759002998,0.281799197306568,0.19020665235844159
328,0.20531199536345923,0.3100463394070937,0.16042456208892925,0.07197332990670112,0.1717003977801444,0.08707075789364933
329,0.04330248963921568,0.2136845748654488,0.5366983686477521,0.07959693111498045,0.018586687663968104,0.010646867289759098
330,0.10017325911017476,0.08389094863517851,0.2180603473897882,0.05634782265146233,0.15418090322768566,0.28499362801300787
331,0.11531188745699134,0.46075261823002256,0.31605391162094926,0.1640121999756458,0.18809632629877834,0.2704276524864671
332,0.16574361195403114,0.10262703849951503,0.5288396104342801,0.07070568991170063,0.24631407870568933,0.1317253937042223
333,0.46133988059414044,0.34010693538744524,0.4286394146180826,0.10432894184634832,0.25963503013754063,0.08844842423870722
334,0.12529249428308575,0.3506989751258149,0.17979309613458427,0.04801194526327244,0.08487258453732671,0.18838253496078275
335,0.1334728701413165,0.6771282372759371,0.5317811725156802,0.07625508621462154,0.06946942940904594,0.022778936500160808
336,0.06275013375442516,0.17600097949830987,0.2523547412369681,0.2280001979924969,0.043599943835753815,0.02119960682497165
337,0.21806935012167958,0.2529739893011317,0.371397727351213,0.043058315758922924,0.11526422619153434,0.16300929050052576
338,0.14311185967936307,0.3474425994377844,0.5197601059512694,0.10621784311109304,0.14185786191535818,0.07777609667504705
339,0.02166457944270097,0.2483676378540517,0.1563956560676057,0.25186851586433895,0.2763464851550448,0.024343381264099954
340,0.2651527902540351,0.5029712910190387,0.5209092200329315,0.05168375403059652,0.04271587045990114,0.022900632783947435
341,0.14759700348704724,0.12072623561350501,0.18445207873297334,0.14056156050416022,0.23066389672073173,0.09897943042285624
342,0.05352276814112877,0.7233587387156863,0.5114701183180631,0.12368264597532976,0.15624621117646093,0.02962124052452228
343,0.11529434354556732,0.18721299677103503,0.5651952502271536,0.17239745650673327,0.2295501685953341,0.10771958028144829
344,0.2824906672539368,0.6776197927549173,0.6601777984692521,0.0431834218541985,0.05403624336165655,0.037621662327616885
345,0.339467149388395,0.07005959124320842,0.43577349241450164,0.15742412902079053,0.04721314372713353,0.011561385875667086
346,0.03353940240029749,0.3967471029079705,0.12723545431696778,0.15450190407977227,0.07078476252890249,0.031372990364837296
347,0.10696668698035693,0.06513914394879608,0.3788697280550711,0.1415478117374506,0.14056193274985557,0.18409734874940858
348,0.19614827576102742,0.2683656007330195,0.5071848226430139,0.2030755579224593,0.02168272569794912,0.01200339783616351
349,0.059184348843669105,0.3523914253889897,0.3532178543673977,0.20486726024607654,0.07442789968096021,0.12833751528026716
350,0.14349127302349424,0.518882811004309,0.5294332319569254,0.14051502890228867,0.12584070531554734,0.032159795190738444
351,0.1287820890039652,0.28998042264312657,0.5456946266338589,0.025881886445442807,0.1516060551326034,0.017521566751941685
352,0.21222975707198877,0.3519477108280097,0.5197520507213976,0.057778840442133356,0.06163551909945812,0.12981275197082628
353,0.0436979205649374,0.6942332892822392,0.49244919387527786,0.2696098242399972,0.11013219511129349,0.03024637626416644
354,0.3115128007803616,0.33991823259382997,0.40333587796287457,0.22767594809442565,0.062054467299367165,0.0625539818348805
355,0.1510461414597829,0.7002440751546841,0.40230533898843934,0.0480178653704977,0.05149271076373702,0.15237199445743896
356,0.07861465837178513,0.11385874931277924,0.4531498606804459,0.2321365957802722,0.08270746206340628,0.02753955788649081
357,0.03273059030210176,0.32854395124915364,0.5118822055183185,0.11876765910826151,0.22376404797414481,0.015359752531961965
358,0.10711687244022698,0.1888346713990539,0.20414039187995783,0.17055304257553502,0.18206069229124416,0.023837172987321152
359,0.082144410123811,0.3965558503882028,0.1507366192900325,0.15707275217897465,0.1334345018238845,0.022250359756643866
360,0.16388965476831702,0.34648184876130084,0.39874190856818714,0.12449478103440355,0.07028291923818938,0.026500649287671325
361,0.16008580837726866,0.22256773221460674,0.41714572940495787,0.1999285622940874,0.17758393165258274,0.007771335698769112
362,0.22529012700490725,0.3617128680411859,0.5412082188014675,0.050981947916575863,0.32743659969808847,0.06946288523776144
363,0.3562385658497305,0.05642563952046388,0.4715124215463727,0.29099213206685975,0.0815855745009319,0.2377980340764822
364,0.2870402852362196,0.13134421157008483,0.45264311619642816,0.05260615952889393,0.04647546039205493,0.07445786211538394
365,0.11727056529506436,0.5113171588732471,0.5989094813122235,0.05001346181199184,0.1467883985617395,0.10535859380738016
366,0.08906718493439807,0.25479549018498193,0.5169172152955002,0.1573122268307954,0.09250909198986153,0.07556910336242695
367,0.47417833137659027,0.32159875229979085,0.1231663558849264,0.1129408989161512,0.1482185117165626,0.06026152850074073
368,0.2451844764817422,0.3093425734599039,0.4915793928047869,0.008710080194054693,0.20399580280766144,0.0759894753792753
369,0.16200048940708198,0.6575952151572451,0.32241884493060985,0.0292456581329434,0.3134327440586485,0.12006368225152757
370,0.15854288258973795,0.7635117265032901,0.4510920132038845,0.05572376724568772,0.09226600353800217,0.10117897978997135
371,0.25788177203418355,0.1257203137637188,0.5447874963525526,0.1511811466712693,0.15980605437530876,0.18522776746917088
372,0.2850503864773165,0.42357163596811365,0.6428006862625129,0.20312149307743577,0.12793026346615358,0.16062253187005598
373,0.20005846739544222,0.5320032201647625,0.41430565422450233,0.05175834569932345,0.2512008476367066,0.013448685465534006
374,0.2239372195188093,0.4359357080072259,0.3399446871580844,0.3410206612168332,0.059783017421403815,0.015519719352976141
375,0.22288437672492728,0.5571816801601702,0.18052653719116638,0.029487063286057536,0.24963975120096654,0.029259202376127346
376,0.15940925856088642,0.39550107162864506,0.5370556264199372,0.25179683725532315,0.29505232222160344,0.27490023927411134
377,0.04858491648410324,0.18657934673714563,0.5444122315799016,0.19182767680575336,0.22851453559422613,0.044649847658863054
378,0.18208895143209153,0.24229521193873846,0.32181964546229364,0.10345425643393824,0.10460395131385486,0.03257069112602721
379,0.21231447547264884,0.5657283067072274,0.525045135618793,0.01691308398050893,0.17665889558271342,0.2011813748314342
380,0.32796918379309736,0.37149871894780956,0.6963407107007641,0.05603531984655759,0.11143262784000996,0.3411286898279234
381,0.06781312486993386,0.6136281778964023,0.2539384897372523,0.2505142383840144,0.16336129023038043,0.032256697842094284
382,0.04851747364356096,0.2311697363444021,0.4547250489774183,0.06441114287518732,0.24282154532638647,0.06486132123539355
383,0.34054123417157434,0.21980993786610975,0.3175686341390735,0.19931498666024075,0.19245337538921392,0.17647133614442717
384,0.2450575936683551,0.26151967420397254,0.306169675281126,0.10160823179904294,0.1688936398331799,0.058955604930832385
385,0.11391835355503081,0.33063660248997667,0.6830944576634782,0.1886376393856964,0.3612977168846512,0.2739034251854981
386,0.04192331160591709,0.09894821996055475,0.36768861573336564,0.154826764500986,0.025919868864081982,0.04348657625477276
387,0.07456805245563725,0.6127786881131154,0.42847081081764615,0.04310144433464873,0.4042552430090919,0.024928115756673367
388,0.07495583056047413,0.035350086445692014,0.31154967395969735,0.08896591079647183,0.06098991068853817,0.0710482134796471
389,0.24543369702462312,0.5162429643168538,0.6698189684505409,0.11709864297414962,0.0519640610735729,0.04355405084146532
390,0.45342604564448,0.2590654857486246,0.2896412484047417,0.04638856630009789,0.11302508043236445,0.0835891379895073
391,0.06194535877019435,0.07167698397878064,0.18581463372375734,0.03590352460148526,0.12200883161995087,0.14006257180443543
392,0.42983569190946797,0.15366701195753366,0.07837182505886724,0.040013383021411594,0.09202116934471462,0.04971119718613308
393,0.12269424159407068,0.20643500077933347,0.24142851046663405,0.11571011076439461,0.0988734219517325,0.03890611489716268
394,0.06705812957863982,0.48901982798681737,0.435601265911997,0.056535098258789995,0.2281096332313596,0.3019394345849188
395,0.31786360632257576,0.5906308010035672,0.3820805207576622,0.019716149351738266,0.10873382716885287,0.08384496953595844
396,0.3390701003312472,0.3364967579553724,0.22124643012949055,0.17884863189202577,0.17785849683675883,0.20042242394448936
397,0.12134254456645908,0.21336399254829566,0.2547401056674806,0.13600796262517703,0.07234488784297975,0.09418893277131639
398,0.017699324060990028,0.06227168268516902,0.43118446013230327,0.011857430091120313,0.025762690238930786,0.2591611894523783
399,0.30252320460408855,0.5009203338536558,0.45056482405262843,0.026649064161525092,0.041070154317770294,0.05989462183300937
400,0.04997242631554262,0.3042842763323576,0.12387655986112088,0.19179381242180824,0.06852965410021311,0.045148887905015485
401,0.1462941971080789,0.5896590247941731,0.35985675385345545,0.09047275359536766,0.07697681394028984,0.010757089366163614
402,0.16215021521796782,0.6426928638936528,0.6185966506850993,0.03274781395468603,0.1408337198593639,0.19642827379339384
403,0.11900117622992824,0.09577580282577111,0.4518338743800757,0.0658356711827657,0.165386246150813,0.2096862845558597
404,0.3506711631081582,0.28736870287985533,0.500761790247334,0.06985125039748251,0.3611209974589772,0.108899291696349
405,0.04651839564964438,0.2816614726777781,0.6314619172031652,0.19240925133711118,0.047954357007522194,0.03533845791139454
406,0.11284418931013881,0.07594711445774137,0.25299022796680487,0.0387065988348679,0.30919348055883894,0.0688273015590224
407,0.13656446626388355,0.23876647367195478,0.2833851173849471,0.08241755046241038,0.23334440990701416,0.13910733071723055
408,0.3907571716763472,0.32842045974322803,0.5090136739540972,0.03278096644177584,0.1841030090663472,0.13955608369312977
409,0.12155191082315726,0.2914895459391445,0.5154281916641245,0.16089091024528518,0.20851124116162192,0.020899036032267813
410,0.5450888096043522,0.3282433892708135,0.561248531711247,0.03513614720983575,0.1409972986955131,0.1035467826355129
411,0.11703942028239152,0.3179233601159842,0.606990808035058,0.12737379530652548,0.11342797995670238,0.059270308172141774
412,0.08708523014749255,0.2575711312034914,0.3011611921627607,0.2718128107366217,0.2321302678655502,0.29190907550258827
413,0.19851474079263814,0.1502451590750699,0.5433705117483125,0.05153840358671881,0.20759097372541405,0.07990216965725375
414,0.2626658951218169,0.4795627377357454,0.49914312170196223,0.034829687161917984,0.3100919254098498,0.08973637840125816
415,0.23988302693454608,0.22890531758977425,0.507446657466068,0.04295063369622589,0.3145038485327979,0.1493057062374798
416,0.10319978344155901,0.6434350422056166,0.21596037468669957,0.01669211000777218,0.12968153695132517,0.10715284081989344
417,0.1472697741137355,0.35195738731626525,0.5162486498900939,0.08756657535483493,0.1395074164470424,0.10167455906975854
418,0.05961939887629478,0.17234912454489953,0.15920770910144919,0.16759685296869473,0.1665774422594646,0.09373188183153748
419,0.2201714888980808,0.23847502603985266,0.27679332514945887,0.15753323615000883,0.3193921246855188,0.2291111777882863
420,0.4792634542678047,0.35317164705942095,0.45982866016942037,0.04982356037005428,0.06042969467166353,0.2001898061382942
421,0.2768929379415064,0.3011820286183824,0.2805918822225205,0.12705910708353543,0.07779407781662129,0.08510599929013549
422,0.03924320983408248,0.21960040686993984,0.33570654915429643,0.07178972746280815,0.17508227769253581,0.07885580720490865
423,0.12025629839632591,0.5970280868218565,0.5045440769142916,0.10670958705457005,0.1972990592958321,0.0885180372527321
424,0.0806428333332691,0.5470734193538935,0.6688308953702061,0.07215197694973112,0.2068562475765259,0.04012903737109396
425,0.45451489142269,0.6604311117951723,0.6751466318310172,0.12771365528225678,0.09380925207288511,0.13931647944010345
426,0.1393761884568077,0.6718778598718175,0.4263486333578495,0.12048732008463198,0.12192342927685304,0.03511603701581898
427,0.18973591085352837,0.17274027422599603,0.4237200595299244,0.0364319191443127,0.18960435977977227,0.06549571415768338
428,0.17904538342426435,0.4064847240154399,0.45083385147703975,0.02463286506097316,0.23236278702134258,0.020974738156865586
429,0.07136722170994249,0.6001765530427692,0.20540371017244338,0.18846122424128156,0.05590108491805996,0.010884517144449369
430,0.311645687994637,0.22744954740277015,0.505392835608362,0.14963535409905462,0.27549755270206194,0.26262779539857617
431,0.09961197643577381,0.3782514779295012,0.4722668189897817,0.14970067411477775,0.09375219608418672,0.022258956827078354
432,0.28062252426254547,0.5186829982722078,0.060460744822455344,0.23186928880180435,0.18373442295691828,0.059833251237674745
433,0.1057859711197115,0.3116003565739584,0.25161168116950144,0.1369160683175993,0.047230039603338846,0.03135649924665709
434,0.20830927576445663,0.342647644361684,0.21309636503368168,0.07097194535446412,0.21931305689131947,0.13244040507205235
435,0.36098533307170205,0.37769548515750356,0.6205996056114685,0.1935857548925167,0.15938168090379637,0.03367725251754223
436,0.06064941550340762,0.32611609466345787,0.13005700245743573,0.1909974998094966,0.14376898674273,0.11031921551751421
437,0.14354361259457604,0.12423013990441611,0.38953567585928306,0.08614638906007992,0.1262910765415124,0.011324216576654122
438,0.36677171295306993,0.23435791297941996,0.333270858017225,0.1352201385876475,0.21284600687471117,0.1437885085849689
439,0.19890014348749124,0.47521900593132893,0.44523010315156525,0.06908431536474223,0.2748817327346486,0.08290534622006336
440,0.15239515352673938,0.42125655729758565,0.34084738607350545,0.1247018734021932,0.09279927209640688,0.06256946110414205
441,0.1757727271575766,0.14361130197173083,0.201570726550634,0.04718288787931194,0.03563812268868993,0.05265932234211532
442,0.05246237090741248,0.06974850142389408,0.4256935264260589,0.06990086727964684,0.0485870497151806,0.21238071417407176
443,0.2780305920925105,0.48342306967647025,0.3730770878147492,0.040791805380887884,0.2144911140146563,0.03823934783073764
444,0.22910292360468032,0.09141198308573302,0.23335718857685503,0.16222709463391755,0.24974321569851465,0.016347979587743644
445,0.44164108711103234,0.2244211105455896,0.5543754027940598,0.045968344234677064,0.2319271348882212,0.20881011304362274
446,0.2163279187651107,0.4072744896507986,0.3301178588020721,0.11902347891039629,0.035990020892965685,0.07399547533706478
447,0.015560519715479483,0.44549314131895706,0.34227778575048534,0.2359700336782833,0.02594855146096932,0.04529885254357457
448,0.08640228157452086,0.7250483358526615,0.2724411439073598,0.06032336008707778,0.24494453389845633,0.0663491022839359
449,0.11776256925605842,0.21558127204481156,0.2680159163437327,0.038447244978496664,0.07445097142948891,0.21137193040083
450,0.25038206402083063,0.23764614180114355,0.16303279981261903,0.05501414348999577,0.20993701412766866,0.07682489948466456
451,0.05453646582442949,0.2807298121293134,0.13385948554221966,0.023766851234606028,0.1275034585592657,0.020900623337920657
452,0.1804050507236266,0.43450589469166845,0.1414289426968942,0.10412049774438346,0.03895314219856263,0.02448057409973495
453,0.08868563162622205,0.36659381274062675,0.2895106627418704,0.14554526428167797,0.05884869968309784,0.026808630210080963
454,0.28767562178811124,0.3457520372279029,0.024361458077837458,0.012365854343163042,0.49651061853482714,0.021237149847319645
455,0.2548743586906656,0.48599636678790153,0.3844107858271478,0.020824873485938426,0.46470130769415496,0.02141805518250603
456,0.3097054709731544,0.5509735157173387,0.3395567393029764,0.10990324182139671,0.2906856302848763,0.06620969842582147
457,0.35072257005833607,0.6436730676092015,0.6123664433262958,0.22662057548073986,0.01906987500771722,0.03270574308686009
458,0.22893986779580403,0.7791838125564386,0.6116799040987129,0.057082162088769206,0.047196533478454324,0.09789396565543063
459,0.48037876575279675,0.26387815196995096,0.22255272785607985,0.07162913496684303,0.35841006326166214,0.2265509204792719
460,0.2020924184485808,0.179713886653294,0.22458899290347661,0.07909464346648072,0.14676357381919822,0.2241445183700188
461,0.10879953003149002,0.29166518393902807,0.18386205912584044,0.1939115928260476,0.24083780112303463,0.0783054947066601
462,0.5371725524107429,0.3412502575588875,0.5849107000346232,0.050834526501079474,0.10754831317380191,0.04713012034218665
463,0.2507785933343642,0.510543503062915,0.39435388694644663,0.2343815867713147,0.40831988821209814,0.17525032486535513
464,0.32223663249585976,0.34774344589156736,0.4114653613065502,0.04049671298771476,0.2495170898175427,0.08726666236540881
465,0.3635460342104637,0.6452931132537031,0.6063383394468376,0.07192210507020032,0.20782921662459405,0.1235442025977753
466,0.10044307585648994,0.3711611714227723,0.1387449203699659,0.061879403281708385,0.12228606692267852,0.02198327845639349
467,0.25616220741528467,0.1307625465397208,0.48924070989632623,0.0932345748515451,0.28007454513330293,0.26726024693402534
468,0.1455099978740255,0.4406250397260576,0.6401265900210434,0.03768123560242073,0.07726084226952734,0.10114389143080409
469,0.3210863707866923,0.24852742859282362,0.5387713196766735,0.08945695599963989,0.18621352152123152,0.10969645851891487
470,0.2224983486337773,0.21004828606995662,0.49297899531189127,0.1737127792564913,0.0722754421085037,0.08378256794559528
471,0.0500686774496004,0.6848404238878355,0.5742321205187817,0.0933177108199219,0.09938014721244676,0.053582734754128655
472,0.1236811833831994,0.3607596519343303,0.34645624801094144,0.02053613509725489,0.2191215152380084,0.07587853875149128
473,0.14664565016303335,0.7772074488512044,0.2670642098049326,0.0937444885609474,0.04408642255943072,0.05521433067235182
474,0.15882497983211077,0.10108814664570356,0.30848311127833067,0.10172108797471711,0.3079586403733045,0.08104239739581787
475,0.2194613901490743,0.1534255341519367,0.3544825329924466,0.056656116595177275,0.48499512328219463,0.11359606395620192
476,0.16431726214571046,0.5037235146155199,0.3395324554093755,0.20107400651891805,0.15204794578515654,0.08875743116166185
477,0.3669871380442579,0.26785018490960616,0.42815476305500666,0.07271931742860965,0.08872941406218715,0.017732796859993648
478,0.10278117010298365,0.13329632602060595,0.5071174184141275,0.08897715418108611,0.16933397872517533,0.053413001283270464
479,0.2391301063187694,0.3364276066957948,0.5488663125652417,0.14283312200634063,0.29208205964917316,0.010138261676058066
480,0.31921113048766125,0.386832915770078,0.40462689981340405,0.17495096345925534,0.1751791954403547,0.14796663607474886
481,0.20018891125578073,0.43021257595803136,0.7339650154597536,0.22415404933022456,0.14695346029043843,0.06655419510017889
482,0.39874332914699967,0.5210256294116161,0.6065537880187882,0.04710752358513594,0.14209773333650277,0.027277245440788085
483,0.10280176247569246,0.5741294954335786,0.6731371797863893,0.18030441956740437,0.13821395956959787,0.1949608060218749
484,0.05642555052000892,0.09530238826010973,0.6211722647026614,0.2253604889147263,0.20581628862768203,0.019020981890376914
485,0.11334999030186686,0.4258384803252885,0.24274650561308367,0.039345528702127854,0.0316349082100103,0.09982096978099862
486,0.16881557193270286,0.16811431091173362,0.41170767457277196,0.07281893787683409,0.17991828730665832,0.15322503430564702
487,0.22915879806034647,0.47113431483143864,0.6098879640199437,0.1739815913001056,0.12038779962342581,0.19180065942446675
488,0.07268567729833715,0.39699703189624275,0.55400264611943,0.04657061637913071,0.06407937493927433,0.042800526629841976
489,0.16944698205164332,0.5762751689482295,0.38716976898937927,0.023591684929690156,0.23827373366332055,0.0842954841951316
490,0.1916454101485105,0.12177693312344785,0.22081845284182894,0.026980459795357882,0.06880773629993478,0.0351869689181776
491,0.07046168070871223,0.5983002471486225,0.3590565213644299,0.037823926455752145,0.036136651490907695,0.20591514863514998
492,0.07830650723202011,0.26994084996834156,0.5340425509213734,0.2477351633728303,0.04394480304864643,0.06545862939753473
493,0.18556111900344924,0.25952919604296165,0.41514919685254503,0.15435906819208928,0.15337863623533513,0.04431097231579382
494,0.31761712300488854,0.26929316402638526,0.6619912608805766,0.02391915803464245,0.10259482386524772,0.13218688414804786
495,0.20140279741083064,0.15012627201302986,0.290517266929474,0.18019579290568943,0.06882713763107948,0.012229196566288895
496,0.3049219286248741,0.4213327434371976,0.47567537574820573,0.029514416711924854,0.2811977640358438,0.05027134947712563
497,0.09565336962516935,0.49565249141968676,0.3772206708242011,0.08527352817895728,0.06005150890708399,0.02416402116082693
498,0.1842717300571957,0.4653720814422027,0.4870120183940106,0.02137570284627995,0.20332129748676497,0.060572090171369566
499,0.37941569034764877,0.11635024060963638,0.501165252059479,0.018486263140808926,0.05844080262253377,0.16098443998279277
500,0.11187570339331479,0.19382424381872143,0.5647393017247986,0.09466603147147457,0.19214964547452132,0.21432717278944258
501,0.16955095740513068,0.14139021346811745,0.12603645416633996,0.07199195153486843,0.2477957122294364,0.2581625975757037
502,0.3616830585985621,0.7457835888800529,0.5398457950424609,0.014477979474635659,0.13290568818412055,0.046224469733771124
503,0.3495034242796952,0.4071651350552064,0.5740805528352463,0.04371014271885005,0.20405411994111647,0.15666633173415834
504,0.13278570629268077,0.1141857213550784,0.3471541004084345,0.15278269556148666,0.14393277946915783,0.09041972174166765
505,0.33062603725058287,0.4158059018518888,0.5366916084838257,0.02089893583039603,0.19675159729838929,0.1290730081873171
506,0.14852457902183455,0.052888465710113276,0.41837996054679666,0.0334413231809107,0.2204352006972386,0.19804250480752666
507,0.36224180887510293,0.48111756220046215,0.199489010542612,0.04510390628337808,0.07825692283414527,0.10525867026032497
508,0.0906740221982736,0.7606964962768983,0.26271506534402883,0.2791860645328879,0.16412730636866382,0.13522585611479324
509,0.10776615738934338,0.1942893073489194,0.4311547053508982,0.11505846330022956,0.07614650881756257,0.04162135901555776
510,0.3519113824241631,0.4359389974914758,0.5599547965542842,0.027170920963463262,0.13820047554983855,0.05235249443701517
511,0.49263507848476273,0.19820579269301947,0.48451980506300313,0.028607390710547066,0.034217151915777164,0.1773547795943076
512,0.22272296940213615,0.19786562083800677,0.44259757714470177,0.14510732303822518,0.14849618587776475,0.04253399261709295
513,0.2383803341063648,0.6321337861781611,0.5764577218443333,0.09535167432327632,0.18173921676379798,0.18892520180409725
514,0.21085965846411675,0.4879922364258646,0.5718739472859626,0.06468115562181478,0.11495967920386131,0.059819354883105774
515,0.20527083068334387,0.12139158719749152,0.631297820238373,0.07214808017310437,0.3444467078500968,0.051922188116552595
516,0.12615841969075717,0.08881958804581287,0.47212389084840295,0.16760291002914365,0.09997998789469148,0.13911503148722953
517,0.4497623466334065,0.27158975428165144,0.22116585124781538,0.0930195933930203,0.14584528745960024,0.12927742768074013
518,0.2398756284700733,0.06024188229413894,0.3811264185195332,0.033259253143810695,0.2591777587435736,0.16691948141977564
519,0.14974562927050333,0.40404974076817757,0.482033386306292,0.08398367659532674,0.280451237699403,0.03388456806212109
520,0.32382376492780734,0.3082085629192288,0.6217386631431043,0.04461315950314759,0.1756697181084105,0.06322710771563296
521,0.14690386438325884,0.13214042097577558,0.14506395315927925,0.06225399120269155,0.15143968219325457,0.13307801045918757
522,0.09841459663229256,0.13327056669549223,0.3388850239789532,0.0903868382936369,0.4401556985700877,0.14834988916027284
523,0.45533923541240084,0.28404344161516554,0.6407403710956417,0.06827297483989593,0.08389991279128699,0.06216820217672674
524,0.13146088561135563,0.4831139763793303,0.22771309972809475,0.15314615851799043,0.0879647372132953,0.07184199685508239
525,0.04768181445711858,0.14306984625081925,0.27855393333780554,0.013429983891225197,0.1404091321623862,0.07218496266898396
526,0.6256961017775701,0.23415368234817502,0.40885958771331227,0.02449222572772432,0.15607656753581903,0.15544930562604165
527,0.44280931910060894,0.697981765663725,0.5978122668753977,0.04964825800041791,0.14377744090805353,0.07108387131703997
528,0.04458224996992554,0.24067190577553238,0.306637428025773,0.13893909219352274,0.12785897239976854,0.07167449556894225
529,0.15322017609870553,0.22790005449531786,0.4484226567503852,0.07775387182054432,0.18906080397974645,0.07022225339622966
530,0.09068108595523794,0.20455436167504853,0.6160415468147293,0.07599741019115049,0.13568565694796023,0.13673514172133436
531,0.14124220559073963,0.547642191289596,0.40374060116873994,0.0537511574976094,0.1401634440607623,0.36511802516094094
532,0.07111520270505883,0.7359332820334754,0.5564823890576633,0.16944494353448658,0.017999305479636168,0.006551519016871546
533,0.22448183474559824,0.7287205293384302,0.5216720760550407,0.06288365095637902,0.2637214897403235,0.10667665192503259
534,0.05923341615151578,0.4938970862445367,0.14086031278582267,0.1169167863378308,0.03720648838342605,0.10926830078167464
535,0.2865755498190082,0.09758850881764913,0.2927458705851069,0.16132711979671086,0.11041637741094887,0.13924028293125215
536,0.27758428530023155,0.20295848860100377,0.14740843737244036,0.10785521934799022,0.21983765619793422,0.14915732888431082
537,0.33622319153871316,0.38797193164345734,0.6398597936917029,0.06666841145192996,0.01714263761796428,0.07634687477599493
538,0.2034914710955032,0.131045735199607,0.3697037980502455,0.04247095004300818,0.05930049563551827,0.10521068127195589
539,0.2502288769681477,0.47359156222661675,0.28274974371792716,0.22450032735686803,0.29899797473718454,0.09440459802387992
540,0.18213158681680203,0.663701112347083,0.52138288427841,0.06731582054754705,0.19503473664231755,0.30493127332153663
541,0.051811948867907305,0.174950884294828,0.3987277428219976,0.09219921894556819,0.07111223815545763,0.017407079678612755
542,0.3250105400465941,0.41963916021794434,0.5278080132521388,0.06651981856910602,0.3933238514581668,0.07162095047678398
543,0.10481352848812454,0.09761090384878665,0.33499178887680475,0.1773901929850875,0.17226410453299,0.07543512185855931
544,0.1345548002522121,0.5463244721811306,0.0925841368415514,0.11970697946319513,0.11053364735348252,0.04449940355776643
545,0.24888100656191864,0.12100398277821071,0.5878684833835828,0.15352047096091742,0.13663753664164668,0.1250101158272775
546,0.1937648191356954,0.3716630638196823,0.3159707931225268,0.24450961691356493,0.15166894555929905,0.050302180137729816
547,0.2645216340588364,0.36096220780647764,0.5679171543351961,0.03996719022331234,0.17964271951019425,0.09733329577207658
548,0.04986278060788843,0.14442108853450378,0.5338994129970465,0.22836593706909178,0.09701980866139824,0.1000835029701849
549,0.05796033591240217,0.122615935594773,0.07725399858435186,0.03797223635910559,0.32539670449866864,0.07058945588300107
550,0.09442830389457227,0.36284501966870086,0.3877173009564917,0.06241631379560231,0.18912826245723494,0.1123629328371723
551,0.03453345956634405,0.2562819753279526,0.353124405097158,0.04678794238611383,0.051688804468026886,0.007543323842908887
552,0.26645733584040693,0.1865466282795224,0.2864997172012649,0.039471059379020304,0.07595958763439813,0.034725550161012704
553,0.10438202303257392,0.4697803035704139,0.09058583573514079,0.023466134787682336,0.3511010065300505,0.13303900731811566
554,0.1386759373286705,0.11154052518575092,0.5346286691402257,0.03233941360639864,0.13236432265200188,0.09457958190742453
555,0.03636616181654222,0.1404838194650196,0.2404048117345351,0.24194439077582278,0.23132274577680065,0.0501652271977049
556,0.29470490713081876,0.19893650834535342,0.4784961757222062,0.1619865826458646,0.17524760961894545,0.09342398246625809
557,0.061607306381188005,0.21987865057015313,0.3902924785200089,0.2696783125272191,0.152032355187874,0.06697496970740924
558,0.3352036636840577,0.11682582857003487,0.37436958012026345,0.07002168005944621,0.06245082026133745,0.09843015055441362
559,0.5360489296101931,0.609802586898755,0.18506841698831705,0.05177722394498608,0.09483859332912599,0.03672722353483905
560,0.15051825729269616,0.44276161635273126,0.3496893071878985,0.06450963007476271,0.34102528846409946,0.09017981325577044
561,0.1996590123295742,0.16626567881414892,0.6010581057220555,0.18722666652894637,0.04800324039131229,0.04693083754747708
562,0.10527476585288864,0.46034139381754435,0.30541486856648314,0.07833672018568005,0.35056407195225353,0.1984494298813909
563,0.48160688034745447,0.16860904825865008,0.4664648449564785,0.07384699620796902,0.16575823432435144,0.10344439207968643
564,0.14965639017499194,0.11745693878576968,0.53720175794361,0.11122130363404216,0.1227323959621123,0.08778901235690093
565,0.1335576741320336,0.365486769154854,0.40506896084218996,0.061295709056308705,0.19132664312288425,0.20471078103228102
566,0.5423182901864461,0.12961293083091877,0.5230333079104031,0.1507093070218198,0.0960772892190995,0.14444727473159252
567,0.2928875940511774,0.34201330935554247,0.5456450996949966,0.2983205727004446,0.36542619805943766,0.06971047286905588
568,0.39348673363785946,0.7157710033158874,0.18586750091991147,0.048326944725476974,0.24788082098431868,0.3717421060234422
569,0.07670442288598876,0.38301925206588106,0.27520943960141253,0.06681772033332437,0.14312073733165423,0.03446695720014863
570,0.16623726279879233,0.3186707689509451,0.1409589827621322,0.11473205691534889,0.16177888768883553,0.08023057702557425
571,0.2374942805567794,0.5649668230406786,0.5772297094196313,0.051122415763539875,0.1500537522186647,0.2172591135900481
572,0.28779550702500006,0.262074510145047,0.5354154326555443,0.021595526913002483,0.29281435139663214,0.03347275781161384
573,0.12043615142728498,0.5311911571449962,0.6806897531293472,0.07635504253897335,0.17240686510048964,0.04982277968285376
574,0.21881913438558775,0.04960345054761445,0.49896556939388814,0.1284883364763185,0.07062485671223571,0.022292905296741067
575,0.1692453368695667,0.28829453115790343,0.5560237809530543,0.05764628106058828,0.3459242029272252,0.1749131882740418
576,0.1945499235177534,0.3815395061297336,0.3332973540085451,0.07369784695869698,0.16932990374844215,0.073961616130356
577,0.5204788925798188,0.3301180376427378,0.4603465182733515,0.027615122506862703,0.15515431549200256,0.22789617382096855
578,0.19631337955360184,0.2971545846338764,0.30868597816963933,0.036727255063245375,0.23103434727662628,0.10208907450456627
579,0.23810614660056748,0.3184292554891615,0.4910564841512327,0.035246673527006965,0.08734133052016556,0.06599063357744035
580,0.24174653271364893,0.4455006773719354,0.5481928515424538,0.024282338349202074,0.12928859172361928,0.10034503875841329
581,0.21843583692468949,0.31995352259016924,0.3136979632545996,0.11551367771159984,0.045440545285013616,0.08648329280608633
582,0.07432038854637765,0.4038172989650041,0.5984862439965773,0.1330165981343848,0.118684170035981,0.06799840118568769
583,0.03692385782024757,0.8297827758969585,0.6958924260402847,0.1985498403730736,0.3944806236171451,0.03908163247941078
584,0.1380861931093417,0.09603581228183274,0.5822714249982324,0.06463671557532379,0.06665731606648341,0.435768909196068
585,0.07956244034137977,0.11334455974893325,0.25769616066921247,0.22279950990897932,0.04562711305330773,0.06336025272521154
586,0.5286802590345869,0.711903932076951,0.21821724127179304,0.059375472404844074,0.19150875519099508,0.18962585376074031
587,0.11626172281031574,0.10601410334018689,0.7097625217242675,0.0693893891052292,0.07544027253057681,0.3452866746204651
588,0.44869296480815624,0.10467345277997908,0.6618488051749557,0.182918520158454,0.47637932653297577,0.01640468281661578
589,0.04852903087550207,0.5268387268301545,0.397769215610051,0.08161861231666187,0.19221891318368137,0.1098427572358617
590,0.49299288914733613,0.3060293862527147,0.1407654461902845,0.041344663723754456,0.22981537110982286,0.12531975900085043
591,0.10281868679288497,0.13657283539113088,0.40956334953989526,0.06451086471797131,0.11151281879342691,0.11789296348116039
592,0.100987691221089,0.6214915944612801,0.17282368388853223,0.033126056546990544,0.17708190389125447,0.05583998236750375
593,0.29128331068148366,0.6334933607035417,0.48041869469382464,0.010388154506218038,0.04966681308114556,0.0485102365801364
594,0.4082651198973737,0.1315128289246789,0.13659088249932075,0.05595333853436029,0.29034740619871835,0.32597861105658105
595,0.22901850376785562,0.23651581827148346,0.3687757642174411,0.23079145793915148,0.12062266908658376,0.03403258239684608
596,0.08290209050159414,0.08628892159734723,0.4763052885690606,0.15566538420835244,0.1583065177357383,0.05099986188283374
597,0.05341928817488315,0.7028939894918342,0.2701439030235447,0.3072493363512004,0.07235956664975605,0.007995571564065754
598,0.09293459874568381,0.07396467357479385,0.5490748160774981,0.21754782903445294,0.26274509563974247,0.029643523261747472
599,0.048820001523207035,0.2806251852513083,0.5614855846233315,0.022596364090717424,0.10442430657422629,0.15480075399250315
600,0.10532827311625448,0.08711782416693897,0.42591645419063506,0.04961814267570646,0.0654749355054628,0.06286354483380915
601,0.40548853592715906,0.31132182533651637,0.4817486627368515,0.1567511332352307,0.1327510035637661,0.3385206897346592
602,0.12539979438990378,0.22886650407186587,0.5262395681697344,0.17731258107507963,0.26066319565066315,0.1899809735783535
603,0.3823860234437082,0.1002203940048244,0.5206427527727507,0.08088497015635271,0.06586488749448645,0.2953330068996452
604,0.35249301964808416,0.492238911103191,0.6356646995495587,0.18087432985939692,0.1328936474557237,0.09731433985167147
605,0.14754907108639123,0.20654526289629954,0.5619653521159339,0.12350858474453207,0.04862505201075841,0.028336428162006586
606,0.10864546709143755,0.4214731792740644,0.661846646815608,0.03400652823814731,0.07544848761590488,0.07043682435752352
607,0.20467256375615228,0.6411754601428833,0.2723765638403194,0.04745193695955567,0.18346754578583865,0.17491632808720337
608,0.20076184221965443,0.117959787417258,0.15837143922789743,0.20181426912657155,0.04050652675253296,0.1609098912445646
609,0.4484849866020512,0.4174778113921987,0.30092757178003254,0.12090929097297942,0.08849009869694752,0.08738840503416152
610,0.3305008487144375,0.4453488564691851,0.24828047230582706,0.15346274933197798,0.11209857528109246,0.09174641652463227
611,0.12560012220187405,0.4032467194600946,0.25306660129639885,0.0873763360061288,0.1595014170435884,0.08321588693551113
612,0.11375492468654638,0.16109746114172607,0.3328398984270956,0.05960490831879229,0.15343321620391717,0.17647859449421185
613,0.20019531374977473,0.7006423175008946,0.6470390954595497,0.019965881414011677,0.18742018284653353,0.11013434263364921
614,0.12514714297128296,0.40275376544776015,0.44219930900183657,0.06698678235034085,0.1293420920187482,0.05967830394756963
615,0.12488054113664145,0.237855599451458,0.5209324851348955,0.048102917192662104,0.4304722332831648,0.16087216977477556
616,0.07291861664341195,0.6264934573152077,0.6384311111787478,0.17101139865268664,0.2580387562815685,0.07245920975123507
617,0.24876942555268686,0.10861533788990856,0.4977514473755436,0.04307880798930364,0.28313398636996007,0.01664107700926543
618,0.39793935206787123,0.3478833359440724,0.676935199211785,0.12012219753387865,0.031634995135058464,0.2186500739227609
619,0.36405319940462044,0.08216723710721055,0.734840169524077,0.05187644136363206,0.275527792428108,0.1443764248285996
620,0.08604474990297037,0.39269626715878686,0.4075848554257455,0.07111780017409332,0.24113839582840751,0.1030723365467609
621,0.283081144198449,0.39692952844816104,0.49594734639150306,0.1151026782083648,0.10193040587395634,0.05780909604500088
622,0.252062805410742,0.6337170897485462,0.541273352650748,0.0640598670161861,0.12158670256087586,0.046405448878287875
623,0.17960038209256196,0.5374100364095853,0.4986129786672336,0.05464424911023913,0.19327343804052724,0.06186163979660812
624,0.5352359507703707,0.380106668275472,0.13222330758947493,0.1670033118987029,0.2855733844893721,0.03580750494215847
625,0.2576702730222387,0.5326468466727569,0.3586193679706908,0.312482966096052,0.21135614670498035,0.0739402605475636
626,0.09072936964926744,0.2613351297565163,0.09190578138653771,0.23321377408471505,0.13490406340251718,0.02186994662307587
627,0.35768138145932843,0.6547046200652152,0.37976494683464057,0.05730790666525842,0.17388951368728653,0.04055375733048706
628,0.28868224609659604,0.5135582806623211,0.5512154631777794,0.037632212568643346,0.2550924770071777,0.09536231489905068
629,0.21640148912458076,0.3299947758487729,0.19091370666452007,0.197145871372949,0.11487709966179178,0.10065799373395108
630,0.44973542788808735,0.2249270398424548,0.30756525435641435,0.0475028078136601,0.05208809292976347,0.031075146261959716
631,0.3186026598101347,0.41580455759562845,0.5457174073726638,0.07949865577508547,0.0859231666921066,0.12204865560600427
632,0.08495985069111225,0.2919447864818578,0.4798398370381539,0.09799958804249051,0.07690050579345407,0.046757183083024824
633,0.14764253720097595,0.07285350593565824,0.5569669267675242,0.17278616850507658,0.08714449402320822,0.04221863531094295
634,0.05192741492597664,0.42824879581291525,0.5849583201306079,0.2010700154329002,0.06627523760001977,0.058293411356099535
635,0.1896234939029462,0.38174639015826833,0.5226244170302999,0.10935517101917859,0.35058528873402517,0.12159055117906663
636,0.17974167107940664,0.13120492051657265,0.47788344224668794,0.278202776868777,0.178642001583698,0.051476592992069095
637,0.15653652068570245,0.4812654922581074,0.533711799558766,0.18058238614839525,0.09010159661692826,0.12867864638050866
638,0.29569736067296604,0.1396914686181981,0.33229522246620957,0.0669046909794487,0.17219896942462895,0.15873612835559175
639,0.023675431798001908,0.61365025795952,0.5646597105958994,0.13444213206208872,0.09443198059757892,0.02738450575765549
640,0.12045754373807145,0.17908257784870282,0.49206592541223,0.0267756249251188,0.1702056122604256,0.34502885468234773
641,0.11416608562984974,0.12516872428555814,0.2877871782900795,0.024098364445145595,0.13862838805768188,0.2117958854490449
642,0.12428813020880453,0.2638861964885202,0.21924972872509407,0.16753884578208303,0.2108998564532302,0.10969363655679637
643,0.11605369630818933,0.3143112305070559,0.2544030101187694,0.05200483694605959,0.0833427002977295,0.07045201445896113
644,0.23429356335871016,0.4356796058712038,0.4138975351687314,0.07654467710048214,0.16887593236214962,0.04092072197620023
645,0.15215431617907726,0.49524399284993614,0.3012455620171416,0.19323790621616663,0.37653204268068596,0.04925399482715055
646,0.12135760039213894,0.6748536558412127,0.24217554178008832,0.07265758588944103,0.06236170711286314,0.024569351513000465
647,0.08441484708916518,0.27233238411034016,0.30865971324209,0.12471168676152318,0.1639605388833134,0.03995157647246941
648,0.16281713828706906,0.43538349240906515,0.473074384329187,0.13689472739286884,0.023446785543512632,0.02191185515325695
649,0.32032024520608865,0.12560786095277843,0.2903745123236177,0.049294144122045545,0.3947272011198717,0.11019135755010978
650,0.2100009056824918,0.154707338289512,0.45229675082156423,0.05277303672855039,0.3398377450336657,0.13699369573709813
651,0.08832608914116696,0.3230253105889935,0.15914810923257117,0.12634560366031158,0.445130201179875,0.07200599276333748
652,0.28437968615634845,0.10296998696166532,0.34090138620438876,0.047080917095820296,0.15490736774640262,0.1341799295637905
653,0.2166781928205002,0.166780579204021,0.49754889325100904,0.12052242505826709,0.0785283119887404,0.14971452035667163
654,0.39704888102384084,0.4160865478460645,0.6889151916962332,0.037256839374455536,0.27405842967403826,0.17519929227513184
655,0.37097411091086663,0.31206771709332,0.5523684610028369,0.060334488949202854,0.27892652177393695,0.24509580040071133
656,0.2517392586985979,0.1672913728323961,0.16319109266375068,0.07723435999982287,0.1882072369203708,0.14942272501775275
657,0.3531329984541062,0.12712039651957766,0.4830977860769978,0.04734303786954104,0.32762990587124147,0.19607704984088628
658,0.10458112247950052,0.37420916279497013,0.46596281467642753,0.06856905781654463,0.3042148721240292,0.02400197874841231
659,0.33089773721076143,0.3680637318586929,0.4171129216880395,0.009476405431198778,0.19423172073055717,0.03545713199430884
660,0.026597812756049357,0.07009767791071018,0.13480782326519858,0.1449555343043867,0.16263482580864533,0.028232794404484823
661,0.15055463304291947,0.15792170439467465,0.5482403862437145,0.03141477121852383,0.24791919144247382,0.034640585466528664
662,0.12498595553745949,0.1499508695277948,0.3483030737588508,0.03806036004634117,0.3480399062085303,0.16897511585695646
663,0.15066230845447579,0.567070579975883,0.5270901637932488,0.21736244001228924,0.033322799871212075,0.26610825744381056
664,0.3690951559300261,0.25059976583649257,0.23510762212696137,0.17297200645278746,0.12459784505249985,0.05786216740009553
665,0.43576521449199423,0.3671653867254053,0.5586363542478219,0.05062745252646401,0.07258095262488992,0.25338344931908185
666,0.20875453333687924,0.4119727260448014,0.5376010339343086,0.14741175753573874,0.15685522997360682,0.06530899683937631
667,0.15082552924118345,0.21780004235890843,0.23567182557568228,0.0537127317013664,0.09510056978653653,0.15779645178364515
668,0.1365203971294452,0.369835808634861,0.3078718657316948,0.04652257634940208,0.32709420629987845,0.12498874025973603
669,0.06833751124494387,0.5559221362448193,0.24044539858605077,0.05559851481706939,0.20586319080898124,0.09300248791615072
670,0.23853446606557183,0.36465998196236393,0.3434976981553918,0.04444785945631344,0.10165277506477276,0.08770291768276017
671,0.3576995560747369,0.44640112468295756,0.32992377785999827,0.04184972594390674,0.1315679415428021,0.18669003833534498
672,0.46975608400549523,0.561977871452287,0.2530079886302666,0.02637208259917622,0.14127835297724292,0.04769096111460185
673,0.10821350306302892,0.37486598432005547,0.25695444942911494,0.03535314499408689,0.12636784999255737,0.11378967317770217
674,0.056614487298747886,0.3306418547996664,0.09821364452144028,0.2576474622567585,0.29241313097146304,0.019465289108080593
675,0.12269393048225485,0.2953898115323673,0.44957457564947445,0.13671823139783074,0.055176505192465274,0.07037944510795838
676,0.1146350345870911,0.5549203308481778,0.5782687392923517,0.10255086503964349,0.11179159562976383,0.03744965639947624
677,0.08597576861154348,0.4001286826470636,0.6418061417159008,0.039899881722421565,0.06132282030624284,0.0797138788688298
678,0.2703435275534256,0.3242662558809139,0.4714976724426556,0.0893527696157904,0.09231655184377428,0.23178624075597395
679,0.3060416128635736,0.7586569894004296,0.6985569882650483,0.028185702389759235,0.12294611941847904,0.04740098888556528
680,0.36597002960118485,0.5856481184863616,0.5395801102788729,0.11703901971094267,0.034426780684872114,0.012612347716999305
681,0.5827757149527741,0.7251681255038344,0.35454007405808363,0.05257570759265874,0.09787632434928048,0.015261519660954376
682,0.1893291305166012,0.3331242471608701,0.4126434876098631,0.07009447894089992,0.05050691395130268,0.10810845245997425
683,0.1803390544244063,0.21405170605511947,0.475949203841959,0.01287966199336196,0.1086857446004539,0.022899499692065107
684,0.10898347415098265,0.16964628212313404,0.517562655089648,0.11186628920499453,0.2579395169534416,0.037609476108229505
685,0.26718474316805396,0.7279105459784239,0.6402974850281243,0.19271124272567877,0.06681954236538461,0.012013310984879035
686,0.2493960067682222,0.3140251920609257,0.5963808684160877,0.07799712434236875,0.03316527910971602,0.06162100340719466
687,0.05905733065739391,0.3717273193040472,0.6979850635503201,0.18022774022841534,0.058466929340301704,0.05584324717962917
688,0.07241182984042434,0.20408410891715392,0.462716934157472,0.1270361037635827,0.15722379328989952,0.03635017070727965
689,0.03426184498274247,0.38634231216314996,0.5133138142396905,0.09260636455582617,0.2584803908548773,0.13524574188887206
690,0.16004436133102073,0.040619432556333705,0.15226412358680924,0.17930977717965557,0.06784547944767326,0.09772985697972067
691,0.1809670639406698,0.28060059576212754,0.45011174852032276,0.06000134266752219,0.047887511381575064,0.1360718149677124
692,0.16414387861897492,0.5172691863005713,0.379577690631678,0.021421110130092662,0.11773089600901722,0.047288695716951365
693,0.17160038070454006,0.1224369810953213,0.6138119353635801,0.1914434918199106,0.027765565715288796,0.03316988846487532
694,0.12366021066870987,0.6731946324225939,0.5059469004364304,0.11535830475032656,0.09463906375617268,0.05882973598051564
695,0.04921868892499336,0.3802291278237669,0.2744988924984516,0.23427575172121223,0.2340981640436025,0.079140069146498
696,0.19676131634732213,0.1263571055493595,0.483700628140627,0.29036203294461327,0.04676637988654878,0.005597829593645733
697,0.08104756078363771,0.32322016434430034,0.41727061688663425,0.19512953422838075,0.4274048199652856,0.2320518252376026
698,0.16026167748989487,0.6530706720556236,0.5427440997898348,0.09031353113426716,0.10336521607609613,0.061347630017901306
699,0.2288845633969956,0.6191124729474363,0.4161504027729597,0.11038221846583332,0.1520218242461244,0.06634527439511327
700,0.1062416037679317,0.3592469560003509,0.5648839479943065,0.0727032051771325,0.08512027443266248,0.043793367201018556
701,0.27911241390377806,0.4620191307465526,0.3841818234961499,0.14267796163754692,0.22364669380414276,0.08227099375061295
702,0.1597209593126115,0.459527988603568,0.5314019175657058,0.04152172974853435,0.16914715584292075,0.0846557652675915
703,0.12179594861526527,0.22706956937512554,0.4591184469054895,0.03983684888640485,0.27540969141148086,0.23434958315950877
704,0.14208058963527267,0.15729564727504164,0.5184657904641541,0.12802414312906504,0.28744991822014976,0.05791219843047317
705,0.07380905567434767,0.4185262463908473,0.13518225182420965,0.1125897847195768,0.3053729388541593,0.06608330779289363
706,0.11146364425821739,0.17062077252599542,0.16060749033385952,0.018554528946614784,0.07670065149525039,0.14091277471525687
707,0.11994189390792723,0.29046172220360345,0.524799567255186,0.039739363073586824,0.2097509425388865,0.011409548572940461
708,0.26072001797784905,0.4779890572999404,0.44255029983226435,0.05687634013623298,0.16704912815012016,0.10750340496587842
709,0.3810484888237607,0.7793806592116004,0.3784552834486182,0.09107459813701343,0.24587940076320194,0.10359716482208607
710,0.0304893467754863,0.11167180242600835,0.3432799486291776,0.07449005762037944,0.06658074844051319,0.026603581847003968
711,0.013087059079086971,0.26332807915888506,0.25269282446342317,0.15587937858857798,0.04431800311814349,0.011790052889716997
712,0.11688635544838692,0.375840173045194,0.5664963892548238,0.03281088551091472,0.3261074580145633,0.12374050410027511
713,0.05266678437100811,0.4525047046611343,0.12491338920975593,0.14028759767329882,0.07061664993492431,0.026447595287180853
714,0.28602211379499,0.521747703243994,0.39210359779908105,0.12808139128901325,0.010118837767692231,0.027936492797995253
715,0.24967931080181077,0.20380498996635818,0.573344924598799,0.2173904444901853,0.1121817535450913,0.11630003786792817
716,0.052023237568793367,0.16840424978530896,0.5032771966931503,0.2768764175482532,0.2343453316771192,0.06520401137310272
717,0.19203005111456325,0.3717617856732862,0.37478502302520367,0.026028639587177282,0.0918977652443322,0.08002014740702898
718,0.11576677879862171,0.5111469718238935,0.40299200506178257,0.11120378765667678,0.06484921093963719,0.09477308973934623
719,0.16852335027732157,0.32009998650002913,0.1702866744452257,0.09660787017869703,0.32060012088988193,0.05997559177273784
720,0.14260236052618142,0.5617616702477883,0.7700612644969421,0.06325054118181114,0.16187596749387806,0.07907069675931366
721,0.0677913719890758,0.22858015218431954,0.4616261730251176,0.06128729909354686,0.052234521801606225,0.027128645536212727
722,0.12875800896232242,0.5881938877144972,0.6510398320694272,0.3592734930981831,0.14429326082221278,0.07185838633121691
723,0.20442379826167725,0.7544734010375134,0.17313385137316173,0.09258478376292324,0.029757533014178293,0.2164494213733225
724,0.29319021091454683,0.20844939294087453,0.5340287044616796,0.05647969009234301,0.024740400741829757,0.014860461078304412
725,0.08489004348471715,0.21501757716373884,0.508110264009526,0.05446442743944492,0.13003780371639076,0.04545546061620855
726,0.21844931920881458,0.24062570978032985,0.10629182933597624,0.07168216489366173,0.083115628951495,0.04707962408680567
727,0.23325610853620396,0.5087572888249525,0.3453452777835213,0.09693054203397994,0.2141301060142829,0.13310459272319786
728,0.3769601264141172,0.4447117667745417,0.4807847459967642,0.020029208989033532,0.06135080838893202,0.03591554149009626
729,0.1273271291507441,0.5395616658625536,0.18737183702994953,0.1598126850317121,0.11524650421417902,0.1534094318988294
730,0.0224923710895282,0.3699850618309262,0.5159560787325732,0.18616971912744468,0.07909331786127158,0.12766629782437142
731,0.1487818309924151,0.27804987553712235,0.3531773356733887,0.05145598095213248,0.30500519657549463,0.0979752348829689
732,0.16464148485065813,0.3689971867128953,0.19838058706864356,0.022560758713738926,0.15279352589873804,0.06762777141473217
733,0.24946720430777894,0.3756411907396981,0.23168015446422652,0.04926213729655609,0.07579885971717353,0.018072623322777138
734,0.0758172466799428,0.19218451543313608,0.5249418378444058,0.18398646230924653,0.07364396365337082,0.026473988322649678
735,0.15318108427134272,0.47750841770256286,0.07863276082637523,0.13612969329057842,0.1670601323845872,0.02474379817346664
736,0.3854974673267858,0.07041538168981619,0.27087565227440547,0.09822484878094517,0.1763512098566134,0.053927510758234806
737,0.1785544240579507,0.11294046171381691,0.35418612209648487,0.20509394133871456,0.17531393926451025,0.052292043642026366
738,0.45186691594146156,0.26723153028072144,0.4396431836777339,0.06438213961167553,0.2145121306918151,0.1351243176896896
739,0.03150116414611339,0.5321843717996734,0.6833651422768446,0.1157226207376638,0.030639209690620093,0.03154592818309889
740,0.14170800323538948,0.2739710436322342,0.6481331741678451,0.04394656151731341,0.10268642598979635,0.27516572821402285
741,0.2122732524557083,0.29593112940251953,0.5122988601212428,0.020838835939212184,0.0390857340310608,0.05022890721844872
742,0.31971816300971784,0.6921335019635954,0.5518021585723878,0.018152359699680726,0.19194437543401374,0.046950953032913925
743,0.2730123714993691,0.4911424052706839,0.6539637390901651,0.26211680361993667,0.21427860687797157,0.1744295195191981
744,0.26784404217494157,0.16383823093936892,0.47890943548822934,0.10150562368355022,0.21418466076675172,0.0874598870360167
745,0.38732527710804143,0.6442544424499831,0.2653057698135302,0.1094673689406079,0.045357002551431366,0.019134056790813456
746,0.27041770578650726,0.21401122180245347,0.42549103746984307,0.05133567584846636,0.11295071008971563,0.0739237561666785
747,0.3362101118931335,0.2910406653363176,0.4206098636788002,0.1506466808543998,0.30092549826285003,0.019496169682662344
748,0.06814773962161068,0.5435957962263654,0.45873134781057595,0.06259755848138653,0.14735346590052276,0.04911806424592823
749,0.32375516539279797,0.19772666811166267,0.6969139735574726,0.06369423548503855,0.049720636338188386,0.04956044688637971
750,0.13721055796078058,0.3533115190290278,0.5931153779495345,0.1164743429185488,0.2084286738690901,0.05545883572186644
751,0.14266608829305194,0.35256656616533016,0.5474300749909884,0.028550638587079766,0.09472322069296563,0.07874127760610582
752,0.02197896022365872,0.31961492692588483,0.38180755598572774,0.14225315592831422,0.06171220035213294,0.04536846838531515
753,0.33332580847136384,0.807424446929771,0.4835280297708876,0.04170182740888222,0.2301626964650093,0.2170108635191588
754,0.31978418059090097,0.2239869288468478,0.5344131338493116,0.03573602165574898,0.32659739056604226,0.20018653773075815
755,0.19519355758615545,0.12215203805376335,0.38478731469264976,0.18864742023931583,0.040316084076668326,0.06885447209965156
756,0.38234562894662805,0.4878910736083244,0.5452571998372558,0.05338744416774864,0.0962019450294006,0.1414727447172484
757,0.0639154582312814,0.1427826098531658,0.12473802274817399,0.18166963175497544,0.09628391140727197,0.047282458472534136
758,0.26493095286785134,0.35744720374739636,0.3450454971835967,0.04928715568700094,0.06300431677209138,0.043970534251475055
759,0.14440677158415988,0.6498392479836597,0.36454757790314546,0.19633125243485358,0.026242594904375763,0.038957682138235264
760,0.08175158877424003,0.10662318668793563,0.15788935144595045,0.029366031199023084,0.18694914136281343,0.22216993605268417
761,0.05869138008796038,0.39837589736496787,0.36730092171766043,0.18796932493876822,0.053250778790658995,0.022431713883578324
762,0.3448097831716675,0.241547820943446,0.2050905584404011,0.04688949782115889,0.23208357602036842,0.07074677435219802
763,0.18766823592529538,0.31525609385946346,0.4171508529066069,0.04375136618097491,0.23449158487580235,0.16568472739720957
764,0.4985147262437843,0.21574262523098273,0.1988817716711677,0.014934197700110707,0.17605820047589144,0.23301309732807196
765,0.15650302768158927,0.45755360313722143,0.1791783472341864,0.16007172541162215,0.12331272505771539,0.25090401204934754
766,0.15263521133717428,0.06321108159661491,0.2823276258893531,0.05383334793724624,0.11198254602526818,0.08007149045438418
767,0.35528276077505233,0.24798970492823924,0.2549095243457654,0.05811135260090294,0.4423675170949949,0.28920453241970934
768,0.37298176936530186,0.15129522512491236,0.4673350103067925,0.08426212381071675,0.16718952954847063,0.16834122161094112
769,0.2700729355434967,0.35405135917598296,0.2227781673715159,0.07117769751830892,0.14829923517159038,0.09109676968306658
770,0.07274155466293326,0.26480439945847845,0.46865207550763144,0.07792276405106721,0.1384226172335723,0.08287869310502931
771,0.49496620866427327,0.3301395809343401,0.25102554250630515,0.0493814026086813,0.06861951089776193,0.06207121214229182
772,0.3871297862524121,0.41048279364752466,0.2991635798368526,0.2513285627805733,0.0771076687861657,0.0490413318680632
773,0.14444420154456425,0.32602037999761563,0.3347343221536474,0.13498897458777184,0.07147336505028608,0.2317864947255182
774,0.02865552225788295,0.09183826824488671,0.22669421593865527,0.08896091954429237,0.18004006447123339,0.012282605677547173
775,0.4483571225941423,0.1481130290881233,0.36867252290122454,0.06456868761287399,0.10361759267670526,0.027157903901565805
776,0.1984954115055638,0.4034191553065174,0.3647290039303448,0.06074159073995283,0.11266988049171957,0.1317355830968087
777,0.1690612815204014,0.3374677087733842,0.3412206765379076,0.05417855472767963,0.1645630695347717,0.19172002641045344
778,0.30242915538495196,0.12819801718592005,0.2037592677118703,0.03658443744620119,0.20910539767587433,0.04942671421539528
779,0.3613289051292304,0.28789223616234816,0.18656552886084962,0.01953734273814831,0.050963782423093136,0.04394471426281503
780,0.12344940477122571,0.3523705573472672,0.3735707990773683,0.0798352696249353,0.19922078371698987,0.05540345860873378
781,0.17809107107703678,0.05723982391409217,0.4352115220168718,0.07438801690095248,0.25256657006634475,0.20312918700443153
782,0.2162906882776255,0.2875111605508253,0.35850330274505654,0.17160415187819625,0.050996123918893334,0.03583993478273484
783,0.039637181583022686,0.14850456848516055,0.5074704338966153,0.2602262219529119,0.2979667157243865,0.14828706607819273
784,0.1872776019234818,0.6547689898340887,0.5581755871339971,0.035919980785946895,0.15623271241789974,0.13374830665960774
785,0.10996096181390398,0.09538192969063657,0.5955869041738977,0.07199953356082917,0.2268724254449423,0.021865670123402046
786,0.0977277099337381,0.49397377039286555,0.4845104327452439,0.31007078856194636,0.1998104782259848,0.01124153485399051
787,0.023188906672623837,0.49901387109783196,0.10423162307779504,0.3123033240584539,0.11400660872745967,0.04114048927053704
788,0.1031930498096953,0.35004804658504196,0.5557127063402348,0.03825702354100424,0.018324084208437574,0.058741932606514904
789,0.1819723822592091,0.4800103767916661,0.6117769835272475,0.26711235546567685,0.13252944909386294,0.04615221064709247
790,0.05490585373805742,0.19680301230872654,0.08282388697148065,0.06923130697046753,0.1852528528042576,0.03821796479948167
791,0.3127920674812962,0.7064470228309909,0.6042846620910068,0.1955804100418202,0.20264394567312363,0.10003227033230015
792,0.17469787137415468,0.6377703315428049,0.4804731805081069,0.05950196982090528,0.2485771715532924,0.09777630006235637
793,0.3516279005479291,0.4327869853775012,0.12619237281968257,0.050820694895045065,0.05486504073124882,0.2229396204406628
794,0.25655445847810515,0.21871235445455428,0.39103992410105376,0.019074066037179,0.18026536581443395,0.06854593734586009
795,0.08517805988283232,0.2616982724747141,0.2778173273588235,0.24328942030435294,0.11375058800475923,0.11510332205533105
796,0.2173911100007942,0.17194485748848648,0.4447273576579752,0.15073809295595064,0.1487590969778598,0.06720784929373425
797,0.5291393664134353,0.16371754223505786,0.13560956155324214,0.09134167476882678,0.11331641161554722,0.14696052285162434
798,0.2083655902745767,0.49732585053843975,0.32024833259644553,0.13008213119385026,0.1091521491339199,0.050802189159711894
799,0.16019593803516055,0.5003256405161972,0.5807701915555677,0.031891072609920586,0.10465568249779814,0.06160903698053899
800,0.30862045853151504,0.36273541385109404,0.5035626295706466,0.1625379825478649,0.20168375807874708,0.10439107447750963
801,0.303507575664388,0.6276548235498312,0.34725057031994255,0.14655022084151537,0.11988702322840061,0.00864363057895607
802,0.15886157316682661,0.4735035976299706,0.24006971685277215,0.11070326704617543,0.16507391070030336,0.0732273148633703
803,0.14251530828178707,0.3766885359859408,0.64482939479724,0.1924200656762931,0.009774834274663764,0.019675326316667175
804,0.19097960844497675,0.44759070722583266,0.27585474904500257,0.11081926566732928,0.08996421015806245,0.023609182163522657
805,0.3700849476753041,0.17014751020709634,0.18159934258841232,0.0924731077787531,0.3922721959636406,0.06849487224383871
806,0.10348060724915495,0.6013825145657571,0.3738328327613661,0.19104873804427183,0.13588535968847956,0.09925633114990699
807,0.22826884274595124,0.10746270940473009,0.15376230333216148,0.04028344532874663,0.19713309591518838,0.03666328298376839
808,0.5898414612890225,0.06189628313916455,0.29483021053114494,0.03598656213500908,0.10130378230750982,0.0855408632641142
809,0.47245578918383574,0.22557680012538334,0.556100836205112,0.061843923142378424,0.10838389953898551,0.040603205017281686
810,0.24228806975244604,0.16921056572579204,0.4016927531638637,0.01275099779870973,0.21031834497519306,0.06952286270735535
811,0.15624618543569754,0.6166465360984574,0.3390508391422798,0.061248944719402135,0.09688157919668307,0.029943659911279646
812,0.23747424735524944,0.14919758423251328,0.5324985070890752,0.04908428222273919,0.1054488924214183,0.05330448761364937
813,0.16010703535702736,0.40041944804876084,0.5093626081107809,0.09718422518230636,0.25571971385844616,0.09969737054324761
814,0.2797238304519199,0.17082034946236022,0.24825591981434125,0.13591995977737664,0.06147695370265377,0.07133091781541451
815,0.18877549191010856,0.39529810595117915,0.36381449048608366,0.3083234414200894,0.1288672146051071,0.04889660452535108
816,0.1630604643690775,0.35704369112637213,0.47806185417081437,0.16999081925055087,0.07174530263403411,0.03223887985372608
817,0.054377413534602265,0.20633822959956583,0.32241933725509314,0.1662461178273442,0.0348629425138346,0.19461680552460575
818,0.08615792002217498,0.260593642597175,0.6272628364489214,0.08889505138010545,0.27905809859448827,0.18186011684454753
819,0.09094613091557097,0.4322455969598317,0.4776546838426786,0.02076561226457544,0.3977646980670399,0.11632515741199634
820,0.3757101229178601,0.20051070240663754,0.34755875471181397,0.04661173723020995,0.16973040829842614,0.2908734159495304
821,0.19284756127433564,0.4880023912640461,0.40115788286619747,0.19066590233474476,0.0720591857232973,0.04936667962848502
822,0.18808627251602478,0.17991456571167933,0.3964928166886539,0.09027687798036503,0.4046990884906347,0.10753503910246884
823,0.13059466603095748,0.17759430599013504,0.553074267491401,0.044670127084339935,0.2956585398875413,0.1991289615894966
824,0.34744859250423893,0.5242235945759053,0.27697277038881113,0.03551838579321113,0.25199042473175975,0.1841193320480777
825,0.2870948964818666,0.42245842793677446,0.40548622004549795,0.24792309543061072,0.13259020959562615,0.014480377168384675
826,0.13193116932232626,0.11145564044232927,0.4570344125454242,0.0955833734034876,0.13343449611955327,0.15667964688545447
827,0.23728023721471334,0.3229651139116088,0.6222026323551337,0.03697954788824641,0.09067197446821434,0.12561471874591082
828,0.11053868375328313,0.40668147021531154,0.2406342039796916,0.12288504537995641,0.08375483409539124,0.03769117074574875
829,0.3035584860351518,0.5562209383590017,0.3692515560574106,0.059893337181624325,0.42798675854497603,0.16947206550409105
830,0.18980346108027937,0.2850692063335528,0.2115102413726906,0.20554907325602498,0.07639885842779671,0.10520469217129517
831,0.05420366439466241,0.15502119880839707,0.1955532538620576,0.012129487900569325,0.21454810174137787,0.036811704641801404
832,0.1279765535982765,0.21375474094695027,0.5834318923926455,0.04483695818145254,0.2761390734796076,0.10370655085401527
833,0.4919732241737671,0.19078177535804824,0.5917511167900359,0.043599613925805004,0.04407916431435722,0.026919315436306126
834,0.048167440507099715,0.22195442032734666,0.21665959224061615,0.20417027786474293,0.10116837963774925,0.019154404729869203
835,0.3083033086411107,0.07358247051707022,0.5595364910696904,0.17886179351303866,0.054418094296527136,0.07349717295010662
836,0.2925181167111561,0.42430207377065576,0.5978791367835175,0.12277877059699055,0.04226916625089268,0.15091442275321498
837,0.19498757236273592,0.2822505386306582,0.29533479291753234,0.09948140418786106,0.15803311198903836,0.0947539333204181
838,0.2553051308351568,0.14445362107097579,0.27886812891329893,0.03856871558292547,0.0602536314319237,0.17132378226829237
839,0.060006986067847407,0.5132174022379303,0.4324262878495223,0.07692377925277089,0.08329119253340814,0.04572230678546046
840,0.17878052027541536,0.42240970938978484,0.19177266156197437,0.17728774128193675,0.3277489523716764,0.04575173751799579
841,0.05171815978117982,0.1899738501047868,0.27409268461409925,0.05684239121839435,0.20056345366331196,0.05304785841873467
842,0.17813919351025637,0.5379485148986849,0.3383716633857103,0.08743540382953795,0.3189154510617005,0.1697287106019565
843,0.36967186130990287,0.34571141562814617,0.3325970885818568,0.03749792549379904,0.12498477482005974,0.08370901835086374
844,0.2768474637486731,0.72724215433356,0.5380829149279195,0.11431183696064093,0.2442117283184231,0.07079055309653406
845,0.3543769801076789,0.6138015344688564,0.3439740419789998,0.09503194540578837,0.10056245701131007,0.08188196744903459
846,0.2901138514633391,0.2860645617246979,0.4319462745708331,0.11578067244049903,0.09166616811404481,0.11809481123436728
847,0.3659095690469343,0.1958810857076221,0.24608666675321833,0.0720258139411981,0.1549387542814499,0.11110734028218999
848,0.25387175039681936,0.23173107125480918,0.4620836024497843,0.10395333798100545,0.09061373255439457,0.13084010510394464
849,0.2698461254420548,0.7105022500569381,0.31859999014416557,0.04015164455335861,0.11386838184091065,0.11512431076509827
850,0.16612568920739465,0.3189847702206182,0.3106433318635266,0.21066618133924409,0.07526698059009376,0.053090645801400174
851,0.2893080237922123,0.26159157886680945,0.43559387796864674,0.08487473462404269,0.1607165765412135,0.18939713197388838
852,0.1262624626060646,0.14500127210518227,0.37479924667258396,0.09083381227056957,0.13198321984421196,0.17341123125882882
853,0.33614479292423594,0.21637693572925104,0.08564728823039926,0.036685348138182486,0.1528902663920885,0.2794863125083332
854,0.0863248756108102,0.3759664922996918,0.24648116136915182,0.08174435831463053,0.08844528266614296,0.11360837990269824
855,0.2604019858325273,0.17699444837426284,0.1882239970664782,0.11748160285121403,0.2502282669547038,0.10173296057046508
856,0.18641903249372388,0.2858177102953897,0.4970340414003112,0.04921089676595465,0.15781528641053502,0.14985385005619736
857,0.2605527865385178,0.4055128779112722,0.516249443362909,0.019624909671244094,0.1690391722075016,0.11720115618635044
858,0.27335913590944755,0.20749162270799995,0.5014312603527314,0.12915711811185235,0.25488124034746695,0.13308344707663528
859,0.13120245404944894,0.4823273937683475,0.16409117490478356,0.19554080602551963,0.025281375827316478,0.2010050885616862
860,0.029726048921307587,0.5152719059739609,0.402194212932988,0.2249623096592095,0.13250032453392654,0.020496622229266088
861,0.5216652049622816,0.7859277155718978,0.511447837651648,0.11833156745665327,0.09625834893979786,0.12569853807788267
862,0.11670436736477875,0.20818098148161657,0.24034637724479066,0.2503142065678931,0.17358204887659742,0.07065773462779262
863,0.3883753245587465,0.7031022520751105,0.6066709574518349,0.022195655566515385,0.13137494747490916,0.1997402424707283
864,0.1056447843296517,0.34337267068541494,0.5616778224383528,0.173610665306344,0.2487412608484363,0.012135083407225673
865,0.05161346239470646,0.5473424131562858,0.1502142377210709,0.09676405954904005,0.12595940822287807,0.05087520782417446
866,0.08112226140721752,0.14635457822397585,0.10367574880171146,0.28418890728837487,0.2916339210678212,0.12544382159646408
867,0.32254648577148914,0.4858439235684825,0.6037634432291221,0.08773559582377909,0.049352186293388486,0.13484584204215525
868,0.05368510580259383,0.6085075170840879,0.5033495380498273,0.07516790306305614,0.09836153533535984,0.05013854873564858
869,0.44646416060086214,0.3722196857536604,0.19594127161610914,0.058540736980814176,0.25744649482382037,0.05717542063038467
870,0.1682782514618127,0.5321243697687023,0.22279176359785394,0.06139019419591396,0.11152057406640324,0.03855493993382818
871,0.08271234523299838,0.6012776798269366,0.5157398371136559,0.06341897226066581,0.02037595162286067,0.04500993832874235
872,0.07738274554356422,0.34468738612314187,0.22395311594334583,0.13599741856743797,0.2752139398547736,0.1425000434545662
873,0.3283876042655581,0.2507923072174049,0.1361270094563607,0.06719028970280552,0.18958973420011563,0.037042439187859835
874,0.08429061139572726,0.5315773095388114,0.3000497260279459,0.08849767178556264,0.08665349062620674,0.05348306091359334
875,0.037765529641160166,0.5797093539133866,0.29921296050547547,0.105657861451685,0.28752209743592516,0.03414361790346024
876,0.19193152336882752,0.23710626418661024,0.27652929313345975,0.12132213204295739,0.22159313300780586,0.176129548754712
877,0.3617346781731013,0.23747962281044296,0.14458947678847284,0.06124133140087021,0.22700582877786465,0.07673109868954887
878,0.25888075481952433,0.08629480427759,0.45401539172259747,0.05114855408107577,0.2600182814935779,0.1619724721512771
879,0.28593163153570705,0.5694621027129506,0.7413557430370739,0.04814153506889697,0.29313390110348686,0.07534984794785028
880,0.20588367358456372,0.13812715082029395,0.42303532392521875,0.24516988164656417,0.05778159752897192,0.03767880908995018
881,0.2847237178258837,0.5464384340989641,0.5353438355925985,0.0787775102120221,0.40660533388679587,0.06517658200288685
882,0.13017754879660604,0.2937691332725547,0.14960077559999999,0.06908727149291492,0.3981786223697902,0.04515042806998225
883,0.12442784242868771,0.32801572442092974,0.448061398376169,0.15212229443125241,0.21852484399858654,0.028250667535311396
884,0.05850551650522267,0.08659775999958655,0.32281842840282843,0.1516194958344999,0.07135265327908509,0.026922665435925794
885,0.31997966342649525,0.24586651757968322,0.3534067582656034,0.14886428228098436,0.18799815019120172,0.19206875522844896
886,0.1335140043790983,0.13445444033014406,0.37288331016035675,0.2397315853975472,0.09129527833623957,0.04976182016251427
887,0.49117621771632647,0.49348268274941826,0.5684581417861697,0.02068797762398789,0.1248090393008464,0.2265050419668257
888,0.04792079834005236,0.2848377034350318,0.1489197821389519,0.035900396425607675,0.07711394109014084,0.34175683566989723
889,0.14596953125686854,0.17673687045128067,0.3408025252459215,0.1971863837293149,0.2130829557817287,0.03456173633272369
890,0.2679389338361189,0.26569273382198144,0.489174242132792,0.0795542519316083,0.19310857893100988,0.034008262001803825
891,0.08214048954315822,0.2680933039624183,0.5893010395644083,0.07926079383217746,0.22218196955765815,0.14245145767465928
892,0.12898527183933126,0.392833370464602,0.6703017951943883,0.08482607110398165,0.17784539791161283,0.01611869494674096
893,0.2627499228655134,0.27518668251877476,0.5433502577076853,0.07780487324823039,0.13097489573518487,0.02967553501593981
894,0.3635130753657115,0.3698103871978187,0.2556130040115939,0.07262497380461683,0.13083066000321958,0.11164615249732375
895,0.37823760282260604,0.4462197680921114,0.26143225216393323,0.026841247828311234,0.3160003382478844,0.20752946366656982
896,0.16748066819369312,0.18099012072005963,0.29686456639208125,0.09473273906382827,0.10203016254632825,0.09211920344478454
897,0.3774298497194364,0.17398680958066437,0.31897016601003647,0.2813526102176208,0.04108628835732095,0.022533786193337763
898,0.012073864414627263,0.30037097142144725,0.7411563785278353,0.01182230448970669,0.020233503181004062,0.01555226804761341
899,0.09664789567904135,0.47248807700571716,0.3548476551980279,0.012112170071014852,0.17541245277473458,0.09325978103182127
900,0.15331110210336896,0.3201005089762328,0.5569969754259751,0.17736944693809553,0.06394164024205608,0.013189667201673652
901,0.33872345104516594,0.09809283314214774,0.35347814159628926,0.05280079374291931,0.5287790977938015,0.08372243382778555
902,0.18655290160935867,0.5812708511402764,0.42402292224667115,0.16404572510836038,0.12869247987533336,0.2281446994693379
903,0.20140190120713816,0.13907237629649896,0.7012404783638136,0.043961493772179706,0.3147829566800371,0.05365339658705821
904,0.07338459542051468,0.4683322444059046,0.4918414403222204,0.2011313826245783,0.17377340061783753,0.04601648793507253
905,0.1996777933860031,0.39728505338213665,0.4668046166579913,0.10554710671280428,0.1639963516936823,0.03783872138835886
906,0.2497324187920669,0.5357690042177683,0.28395918717154545,0.21834937886883457,0.11963846978279671,0.01559659622880962
907,0.07098618661290945,0.20435121312820176,0.20625090682238226,0.18928306743026907,0.15226586670152262,0.05153926928830871
908,0.22575392302398622,0.3018255979783507,0.3650886146777614,0.22418833056074874,0.22379356245083878,0.10406176606005693
909,0.20120231933656316,0.5752789889945191,0.37500968984146693,0.10835503410869168,0.20835828758947228,0.13810885016717714
910,0.0751321261075875,0.5915320828610277,0.48403975326054444,0.0537338288517932,0.12597179802186004,0.1711108495614603
911,0.17078850908881885,0.41694151286715275,0.4403103192094423,0.14589658137785452,0.13007321130456465,0.059064920779409454
912,0.07261323955037233,0.19872753061710535,0.43316434009728055,0.08394013512962402,0.06750230955444747,0.05169844361216437
913,0.3260140433778464,0.1824216434213809,0.08993039882046912,0.1477076115864321,0.07774791340353102,0.14447135713338566
914,0.12258220554843433,0.4640699425281251,0.3175874577491038,0.05899166252738085,0.1487574364440821,0.40004453936523304
915,0.19386975752773264,0.11686640278402204,0.4135383517705622,0.14841903022272027,0.1896340911150548,0.08153250347758363
916,0.16047706313398485,0.43774046073145617,0.18172052689105772,0.04821056335865428,0.10658937595880703,0.09857184033687597
917,0.1210599844580477,0.5446961176628328,0.27105588892439675,0.10997757529416774,0.15835028474031596,0.04793819282921324
918,0.2481854894088961,0.18685858536446998,0.3402784852141346,0.1977092636639218,0.046062256681545004,0.044999780765720435
919,0.0581866107354053,0.11501730563058654,0.5316144929911429,0.04461901853707202,0.20379998352630843,0.35240815013910975
920,0.13161820844590236,0.11576678158978947,0.4545014908930649,0.08069652193271634,0.20849880240568944,0.17610806290595007
921,0.06475281513128875,0.29395702388548234,0.5004015669358783,0.08555458820334162,0.056478555046591924,0.03357463149576866
922,0.21445987614707715,0.4560189206770784,0.5528691430518105,0.21755824836569884,0.398031730020485,0.10623550548325869
923,0.050486534855011075,0.3252903566351164,0.06837249616740572,0.06747740994138879,0.05909318675062451,0.06242588322871174
924,0.1886480013387564,0.5696874038893025,0.3164592690998671,0.033396603305600785,0.04208034630726951,0.16260448705010938
925,0.19780503731634053,0.2384016293669591,0.09783618522805453,0.13796596204580389,0.18872313169501065,0.0386814798886132
926,0.19114296835066483,0.16515217313211908,0.268461509105871,0.10787635157818218,0.12158432178228999,0.10037343117139551
927,0.2749483905235928,0.4558058681563236,0.4611794966504412,0.09725265309318058,0.07608345024460382,0.04667362391550224
928,0.1931595531404774,0.16762753125875668,0.30907713966414246,0.05551490597875513,0.21005810587928525,0.11085299390944557
929,0.11797676208589646,0.2666270084607385,0.26044171695147356,0.0891991922243342,0.12386712504360876,0.058315027692822735
930,0.168530208232708,0.3788411882954084,0.4185408453521403,0.041218881019949985,0.038900667767552244,0.06208540502070301
931,0.2007962507604737,0.4568842300741674,0.29159962543639656,0.08120933179242258,0.2753433341508751,0.12866099697300007
932,0.048480629177318324,0.2983948983357436,0.5780987452493687,0.07391501687891693,0.1800347347075739,0.030955315431312656
933,0.03665403249611969,0.27301378705169616,0.5531385613495576,0.2733843242733703,0.07291362182770555,0.028531494048255255
934,0.5341613284917608,0.11763313684631442,0.3961534181995365,0.05670668334864169,0.21236231827451874,0.14666425678273867
935,0.16558715696007853,0.33271486907795056,0.2302324650047909,0.13355683360661452,0.3490763698009675,0.0864546717822028
936,0.2522953097374859,0.09432619815149679,0.5214362578577018,0.3843075971347984,0.061104714889358286,0.09342339481381216
937,0.37025847321828026,0.3210102876448162,0.562523314628319,0.045516925202574054,0.0813553431874516,0.024950160790685426
938,0.052390083563180444,0.6470778631862156,0.3870017846674378,0.05495723941366553,0.24079736118381603,0.05646832916927511
939,0.23360809445195038,0.23083132880401963,0.36332046452956457,0.037260336932872076,0.3469817646994501,0.12701385186299585
940,0.15188539516359054,0.13374193182956567,0.7400034433016454,0.09274265136994406,0.1834791606941787,0.19617659883077693
941,0.23972540886790217,0.2505185873734937,0.3429985736619927,0.08711614195900089,0.042269364616526056,0.2919965386152686
942,0.29496344341712133,0.25810372295787265,0.1691316203805068,0.09312585049683804,0.2066125827819269,0.035401707504287866
943,0.02890855925714586,0.2384164806070524,0.5079354656556837,0.09394219802371961,0.13371826900152572,0.04435225766023653
944,0.18137454925674681,0.4524592955054123,0.5751026315018987,0.1495033520404043,0.07866362524102534,0.05506913296944965
945,0.06145674414588311,0.1415638152354404,0.45421290214772997,0.3066713899015293,0.10410164866726508,0.05133926539622217
946,0.3995592289229719,0.19747875753653715,0.5430339304105792,0.037385465094811894,0.12416536601732256,0.09346805426497433
947,0.2707908011342414,0.2791594411555701,0.390187344079046,0.06799056369887316,0.1531537252975199,0.08009836872211028
948,0.11547064938509095,0.42147312808314247,0.6262879963995024,0.08606016271911625,0.2722000448790709,0.08493325878473845
949,0.19422524598835214,0.3032309155745534,0.15637246136799676,0.07567441459381867,0.12454913660452423,0.02454817482192176
950,0.17940989156646434,0.2783275286662772,0.49310139058967445,0.06444520888824094,0.18916789977765067,0.17641715436959426
951,0.4089537986777016,0.7201581919550999,0.6505524178136685,0.3149183925015415,0.5108959542186888,0.13948760391307294
952,0.08554063201904726,0.12531489539113705,0.3717392187269247,0.20907542001934726,0.14844790908487526,0.050829011421575726
953,0.20130358061726034,0.1500903404854448,0.2263305330616839,0.06626839556349916,0.3629367735914583,0.1465114752186162
954,0.07781436152697398,0.28379928219095785,0.09878886858804094,0.15982864869409882,0.18911182872931318,0.09426222493977228
955,0.29463189450154925,0.1745576623531438,0.44880298231535093,0.034689234082701755,0.19975064433804307,0.2060094295024151
956,0.07361511792991404,0.12183602231500819,0.06173452655344506,0.07771391739325949,0.08474896385190932,0.03643410026694303
957,0.07731582352863145,0.49556317161703695,0.16849190276117146,0.07612463116441803,0.29019354540360187,0.11622539186533652
958,0.14296010207539328,0.3835991588531889,0.3883901119617466,0.06893457904832873,0.17468308254180318,0.15811696122501748
959,0.14027925428354088,0.1715037530855329,0.1669368385689005,0.18850550820820408,0.08465841889447118,0.24421065019132282
960,0.11951367470492662,0.22552881913745382,0.05277080313590905,0.1378171981355961,0.22736057378598565,0.0795421746615098
961,0.2295658432865904,0.18034305786770896,0.4479669319451797,0.1536346054227103,0.09035952877460061,0.1853157412187562
962,0.11251456626781758,0.25799026136741876,0.4777670860045034,0.15278434727776238,0.11141047746342522,0.13956395346279493
963,0.32919139031971023,0.21658370360112117,0.35856217183973,0.15676156045794287,0.09338923083048628,0.09347384159863976
964,0.10718774970385758,0.062475781949498495,0.2887780703817246,0.02198471967319323,0.0862429565640837,0.058814302573118336
965,0.3683119374722716,0.7240337644192639,0.12531516562153686,0.12821329592085512,0.2671442057667659,0.16263073328358665
966,0.15130057686621437,0.21229583945346375,0.4116569755742341,0.23823288382050872,0.14575418531895662,0.026666047083539684
967,0.1250407053180263,0.3367673779874268,0.3404979859440566,0.1512783570052281,0.07958432087011588,0.19452846810937688
968,0.37917643985812627,0.6791238763437338,0.3988788026187946,0.028211098557780513,0.11509855883395577,0.09890640089088491
969,0.12198158017714256,0.5451399506749318,0.2797850211521738,0.09274477897080988,0.2814031110262541,0.03735241173523831
970,0.33520715159777736,0.08087435276297625,0.5187416602478518,0.1352416926563021,0.4274750214258706,0.06263286406736386
971,0.12262497426244373,0.22496594802873052,0.43717805597972925,0.1056288630316722,0.03205872701598883,0.03486097373754907
972,0.2139832364361842,0.2854641579914196,0.6287244483732972,0.18795359434095243,0.05211251448303029,0.017858297796104226
973,0.25303567608908795,0.1726392349776959,0.12817679587737593,0.03672411415999986,0.12009382355865612,0.12654052841895894
974,0.2572756341903839,0.3340190556564517,0.46294414225255287,0.19795147592885254,0.11368897625897936,0.23863454246060942
975,0.13347800583028016,0.6153114149283199,0.4739976823518571,0.07996347369252593,0.46149883311912926,0.20204376783165337
976,0.10305829527284555,0.301085610844677,0.4360797285267203,0.11952216394207288,0.16237276844778717,0.07649308632033279
977,0.02135754071926355,0.36694644053651204,0.48406151797762237,0.0896808413693562,0.2579528856568722,0.13420782939469103
978,0.17102710085267855,0.09457170918134249,0.2001581939128042,0.11414503051469314,0.10430154877136655,0.10902833346908093
979,0.3808129930432137,0.4067690224222683,0.5693531271137129,0.19463705642276155,0.07781868532056677,0.038884735723833254
980,0.0760785148858666,0.4583891571535456,0.49903668706170184,0.24813980094555405,0.11047510531856602,0.04608001651937755
981,0.1537370682400116,0.1550950610377276,0.18543122198557485,0.07532255708346244,0.023362533237409156,0.06600082636503381
982,0.04578995731464385,0.23747583145780007,0.5333948447588979,0.05836909537644217,0.18780898134898355,0.06341982944959315
983,0.27815672704345573,0.2936146726170096,0.515180376989636,0.049494594230728446,0.1104115976885261,0.09522249263043112
984,0.18427371142599192,0.35691094431350434,0.0957969957401583,0.051836738744458,0.11368137579730801,0.043223837328547815
985,0.3076362064122707,0.3060855842699316,0.4694475165849859,0.11065350533422393,0.17875789433220857,0.15491438114159362
986,0.1252684452140867,0.2970012920949255,0.5048053061971197,0.04141419725704334,0.11292331321683458,0.04864543814893393
987,0.07997703403003736,0.16972727093150666,0.21915335610227424,0.132619954736912,0.2291949645632864,0.12364010515374986
988,0.30667786451178525,0.475073060220922,0.5365208368863262,0.09381412886743369,0.1909396581909528,0.06384970228446536
989,0.41433603672241953,0.29890909557725615,0.2585167541998699,0.2203215961151607,0.1404330443208676,0.042912591533118584
990,0.1637194563447519,0.11071433656102564,0.29881176725746667,0.3074031874775503,0.09527913067016007,0.021537981547152286
991,0.25681351422036014,0.22851459789593312,0.414484337938457,0.22890511294336893,0.10492477016713245,0.034128351366961504
992,0.21304563089433942,0.3494773329132168,0.09477186274742785,0.044546424160736064,0.0911888949673085,0.033704424963783786
993,0.06486081875862394,0.3981256625758406,0.6179631120861584,0.2394110014743844,0.010270000791136817,0.08825298467753932
994,0.29608460086589544,0.3324840249306796,0.6594066982842188,0.03413776271613848,0.13913457443259233,0.08531256114120511
995,0.3088629085772899,0.15990816100478872,0.5112851598547136,0.03604619553822454,0.08572355919673051,0.036944023499694105
996,0.273436251693687,0.1653312176207673,0.5285536276528593,0.1166537944063887,0.27848713751146426,0.2212306031073193
997,0.40054466233943925,0.8063535364499448,0.7114795135287717,0.20186922391305623,0.07411776233817342,0.0343937745697326
998,0.04044511371607744,0.18427650240973784,0.5248023651076258,0.22199308776890908,0.1430961101085266,0.021583986990333884
999,0.23377844766704461,0.6067562305482614,0.13837850657399942,0.07398078203867242,0.21467639589074436,0.041972296827772225
1000,0.42727040225551577,0.26206496313120065,0.5071546570082665,0.0852694607471646,0.45129648497322283,0.0989124989526033
1001,0.19795047386666198,0.14357089199956274,0.4208473511321364,0.06854846819009695,0.03153446192627276,0.03463213198481449
1002,0.15340973919802767,0.4838203833173085,0.507257418105364,0.107874698307425,0.27837981738211365,0.05310615952243287
1003,0.4054589689409785,0.18080274204784622,0.4408712195766714,0.1958916501274494,0.06879731205823379,0.032689433650275906
1004,0.16136189133609533,0.7387398210315196,0.1970932150990486,0.036911237026187343,0.10659652498624923,0.36254736890474365
1005,0.1998016146429275,0.4507258167590008,0.49934598458109225,0.04404129785350684,0.1045305252130193,0.032688998982052214
1006,0.10046310049356084,0.47431001705836945,0.4066641946371642,0.1122555533446371,0.11579051234351487,0.04758697714248479
1007,0.2008119131699348,0.2324400482069932,0.3018628033455734,0.07093116706627968,0.0687600963401747,0.0603228905296676
1008,0.31213977981279106,0.5240011451687673,0.12490507673386354,0.115266536468746,0.04222761409937412,0.05239893227732422
1009,0.15591804542893556,0.1810124027598227,0.5327230085917891,0.14012162606101622,0.22379262745892117,0.06056466121873643
1010,0.15980836149868238,0.33036847695857274,0.3354513726021907,0.014447452723101589,0.17920769643857745,0.1595725662898525
1011,0.1871046613682565,0.22864636322393966,0.12912938627809142,0.27178881722136344,0.17289033527506195,0.03032070137558189
1012,0.31056115885942515,0.5805089742284948,0.10040235862098874,0.008293268550446063,0.17111157652325396,0.22163716537495687
1013,0.25952545990933584,0.5431456040944277,0.36205821023424545,0.07843389599891536,0.23076529495723294,0.0439819809497149
1014,0.1715830505818344,0.31606956098684774,0.37048961143305903,0.1322944919973772,0.0984787537345561,0.03421716045902983
1015,0.2191039301964593,0.40266869242221404,0.4106614162861211,0.310362613448017,0.02362757205774813,0.016248767082402527
1016,0.3967310114593852,0.06411920311818602,0.2315243593999734,0.11340031188550016,0.16303325460017104,0.07108947992930191
1017,0.5011437965172555,0.5007699281782397,0.08292591995249034,0.038308581853851546,0.25686104270404686,0.159168799046151
1018,0.18088188147413264,0.340836310232369,0.4445715956031269,0.08350707330553095,0.10485017116288269,0.10619860508116809
1019,0.4549255884877185,0.3342846558846863,0.20754873984547684,0.12229466068114421,0.18554358789366676,0.12633958761768774
1020,0.18330884176502604,0.3681962890644998,0.5294655576939459,0.02171164582723264,0.254050060668281,0.09172759401040584
1021,0.15902042825262094,0.42570204172791365,0.4253891665763951,0.010251409996754739,0.11396941824271566,0.12909602499874648
1022,0.11132148772104077,0.2748396888876284,0.5038159459108398,0.13496791835650465,0.028793042512932805,0.40780163109770534
1023,0.14807519265585445,0.3051331444116419,0.1788537517079385,0.17679491332217945,0.2538039108143862,0.02077317362775553
1024,0.13835297249696604,0.22816346535207638,0.5783944851750455,0.13259079972856713,0.09333677836037195,0.042099315166290834
1025,0.1731699031973038,0.22718597931905743,0.325755094075256,0.10184443342506067,0.053955399704986855,0.056160452011858465
1026,0.32851038238048014,0.22578970897798334,0.7108723701716126,0.0965635105752477,0.05970207710265053,0.06938407918690428
1027,0.1326100018943278,0.44839742250741704,0.29781874571080885,0.06898667751741558,0.2011680833118325,0.036680697219006526
1028,0.0791754437358305,0.28669602607913747,0.21578467820684025,0.12021903171814176,0.06426504256496449,0.025200089407074973
1029,0.0714261897622274,0.08786973482306353,0.28112432452667324,0.14607830013547748,0.26145493762020655,0.3544427389203797
1030,0.24604916188953602,0.4444500780674683,0.4723946785628618,0.16518619726229086,0.18460585384920053,0.030647252802598196
1031,0.09622985216097242,0.11408426778203018,0.32140266960582903,0.21110854079943478,0.16987415566952965,0.1675113166145721
1032,0.23531184645652317,0.07884796858749882,0.43689290234160244,0.07355043058746304,0.3229155942338321,0.19547481890204646
1033,0.08762819187682169,0.3323126882375244,0.38125202294300553,0.18607963632049698,0.15190980714339192,0.22052168247453044
1034,0.30419964366628094,0.18951024142827105,0.25305347534773415,0.05991192072764919,0.18261966119527778,0.04266017566175017
1035,0.043624218603609245,0.13610389932223405,0.1351678772009322,0.12719961454241477,0.12092328322238145,0.06779067458566222
1036,0.3438622805393517,0.40999731949486257,0.5074584048107714,0.040145988195061426,0.28644395218219765,0.11169876591306946
1037,0.057965985609860805,0.266835600394278,0.09621509266833421,0.03100211923138128,0.07489628728217386,0.0593016324125125
1038,0.41757147198820704,0.49150815425415667,0.48453162009856676,0.08045156796125931,0.48712787880555003,0.2123334883492695
1039,0.1712999073358867,0.20322107501778106,0.1520370702735662,0.034489757301961285,0.0524933847374045,0.206819104173591
1040,0.09814618916400555,0.36567706797285066,0.5174278455963499,0.2022131258721531,0.17216205327344858,0.019702005490437224
1041,0.1450499010534828,0.6380489625692064,0.33353823506470737,0.08687799764508855,0.03402420239429861,0.01801347983942737
1042,0.19583906608678014,0.6418990933602781,0.30245389546413654,0.007963158125883966,0.2879481745588705,0.1365230910992181
1043,0.12227410573797827,0.4788749806102834,0.17359030808963719,0.01652277264080919,0.1655905672318076,0.05104699048080147
1044,0.48465045708286336,0.43910982545673505,0.31844268863103464,0.13601668364036698,0.08895707773650902,0.12008035000450386
1045,0.2007898760650945,0.2298949886880431,0.39251485989252355,0.1763341028829296,0.19621830761539463,0.08135141103335244
1046,0.23851403219128947,0.13101574253661388,0.15805944741709485,0.09430740948159236,0.1392296547856764,0.1513414001977315
1047,0.48963441590051315,0.3091301033065972,0.45750123087012373,0.06963368860586633,0.12420894195914596,0.1706697798388966
1048,0.019779948520045713,0.49199338777655166,0.15206088183958671,0.025547920369637853,0.10629798444239506,0.16085017452355138
1049,0.3561310567728869,0.37030504476080567,0.09930245539764632,0.06987205659012174,0.06916279593447881,0.04607066744451615
1050,0.1389350492038696,0.14329397198642588,0.3984095089131465,0.07429379762355492,0.28058480212951376,0.16619287503582486
1051,0.15280682793971823,0.29542993642063253,0.4908029642754135,0.09015176848127116,0.344038208916934,0.026032623828511157
1052,0.3237420998291586,0.08481551856510686,0.55859413320163,0.05327280087998136,0.09923807675333221,0.154464416833361
1053,0.1625598496084924,0.06355997265012697,0.07136791041772866,0.14896508381269863,0.15305963289065166,0.023575846454763693
1054,0.0577995471700688,0.3583892728193888,0.4897146436423594,0.09010859672006914,0.19422693408554126,0.10178032688432148
1055,0.14900323855515263,0.3690399482136183,0.4347383765185863,0.12152440548933317,0.27057274851095975,0.08112660322952218
1056,0.31026116424092365,0.14746398408547842,0.3761081162167393,0.05089716469793589,0.1711059926547127,0.05492724130110682
1057,0.23104620095997241,0.48746430076665703,0.3654553199710805,0.01536987607702262,0.14826614894550774,0.05418583371520029
1058,0.25124887092342385,0.5280177531824695,0.49177482767777775,0.17568815636893909,0.08667979625976965,0.10792527984467193
1059,0.047058112735180964,0.3664388845106243,0.2150892282194186,0.18136992222703793,0.09944814314142762,0.033173193830100034
1060,0.2876540593932988,0.49363523607993354,0.45938051030534044,0.17734306882306447,0.13931241435221264,0.13433388144144293
1061,0.10819706193934352,0.5855970359131979,0.15815546057654853,0.039380361596556446,0.04544051557852287,0.12599893110030644
1062,0.47704295122126406,0.12642589556223655,0.14037711235812825,0.09661914625097404,0.12927321237636005,0.11015309870039701
1063,0.09563961677477105,0.5684546996074619,0.6165683672705989,0.06206483811545361,0.19139035313556815,0.2177083783916009
1064,0.11213027190546652,0.28528592189310703,0.22563272122258682,0.11458739753164737,0.11498816557254499,0.0803763990961346
1065,0.2773075480538504,0.21675532933996905,0.423907918822027,0.05693227681949775,0.2490502314307318,0.10150563227711532
1066,0.15639664820845392,0.17888226670310428,0.49232940337113823,0.09693652991254378,0.07471988797794732,0.07680696909140856
1067,0.28770840431326045,0.07707237413229243,0.514299095412119,0.01725735395526553,0.11934543579044797,0.024030887830288925
1068,0.22773720371285094,0.5804912317278966,0.17861741590547592,0.0568571370765146,0.06900765135488283,0.1680443958363435
1069,0.351351916537527,0.7401770748685993,0.578160598169639,0.09217983042542366,0.2317338925717391,0.06620538805058439
1070,0.3579264415762344,0.21051394049704586,0.3249571139503791,0.14060158031337586,0.08590719474681952,0.12091152236087019
1071,0.10276818246276492,0.0883082711169986,0.21322327348418976,0.03551303811741293,0.1707369499254902,0.12912721641919855
1072,0.16092263071460636,0.3657771182854131,0.34586845170327857,0.10018159123512255,0.12593689376150377,0.019981381887224994
1073,0.42862220530250467,0.48501334735005497,0.09194513311960525,0.024075829788211718,0.20008715881351216,0.11544196622714405
1074,0.07494065114819677,0.48987159516302364,0.5508577578443172,0.1646371868546949,0.25776135236472364,0.07432591405508276
1075,0.25859043347766003,0.11938533139526131,0.26021913591996115,0.1371227796749308,0.05253250682062786,0.2998387070145352
1076,0.06405224851520612,0.22255593212955638,0.09835350324360627,0.17935395561195674,0.0838224584006137,0.1096800450382136
1077,0.14745861702697804,0.09070114511777685,0.23112156396917985,0.14322280914995222,0.26341400395809106,0.03744433203059086
1078,0.1826525752003561,0.277892259996469,0.6658453725637221,0.15551165199656122,0.13251917997943927,0.0857686626428868
1079,0.1345914113396402,0.44367531590987597,0.4827449841851116,0.02603205230987091,0.23072817590907665,0.1623345115587198
1080,0.10110303824429022,0.3926044054606121,0.41132720470224343,0.13850398695319535,0.12223030862554628,0.09915993988436105
1081,0.04758917299234668,0.33284798637852286,0.5491538897895755,0.08277005914288119,0.16483344005648498,0.13153127044106733
1082,0.19046639192578968,0.513119094088051,0.28708805246299207,0.17324734138533954,0.09320533788440846,0.041488380958633074
1083,0.3036341322337124,0.20407013507741065,0.3088648857877055,0.09032816634539884,0.09602038270697429,0.19122788138786098
1084,0.06229616802123471,0.5068002428467171,0.54608729053209,0.16836410908053343,0.25389132317915264,0.05964224108371458
1085,0.4070507314350731,0.11307658935158436,0.641729177070639,0.03434164846257241,0.08966156913526838,0.06849966167501767
1086,0.04474284270054656,0.10831866452779645,0.2845022549045115,0.1239697586549583,0.22816050593555473,0.15751219972181205
1087,0.17619476405949105,0.3110187124915997,0.21870785708514673,0.253193784953054,0.255046832364078,0.043892579658170006
1088,0.056588543318163535,0.3592352136132058,0.12641400908044922,0.11834911615589803,0.11260553270766646,0.048053600276059844
1089,0.07956746344808059,0.2625279718409871,0.49813411622545317,0.036001705288155536,0.18838657383036603,0.22862494946119813
1090,0.14402235589923942,0.39293034727771675,0.3459634736268796,0.14226367569572126,0.18178894663029554,0.2826101204285013
1091,0.4484844748574431,0.2937339926387147,0.46025627425194227,0.028306930439328394,0.17203175516633273,0.042295742424043374
1092,0.10876386844933317,0.18385722983784863,0.5550248333832984,0.07347229132376074,0.18419484099306965,0.060985500989360286
1093,0.0990664044807943,0.1760675547440774,0.38956350705711057,0.15295462041353794,0.10978227817031212,0.03559840090061701
1094,0.2064191503583694,0.15640432934393936,0.12138135475427286,0.06388990676155018,0.2973036879323788,0.1558468365642303
1095,0.18507055139028625,0.3802482936727535,0.4423209280556966,0.20833254714545257,0.0895793340196221,0.03617706187809017
1096,0.07786685526907411,0.3388622119191988,0.3961145791725358,0.10145630020484321,0.2498994926979519,0.052445240950460666
1097,0.17517665326459333,0.15521932815274755,0.22887129465211617,0.20085843985476823,0.12318353134439254,0.029505168024717043
1098,0.40503264363482755,0.6171717545556057,0.4937975470893961,0.09517990709761619,0.20553890359915925,0.10827273757166213
1099,0.255807163881346,0.4568691123952021,0.5112604829126977,0.03155366910926273,0.2708927714490587,0.06083895794119141
1100,0.09463318327702451,0.1643190672934571,0.5194783965291051,0.045413855984467545,0.218111537479979,0.15754153887814254
1101,0.30985854595146245,0.377400667675438,0.15237056073789662,0.07717448002266375,0.1245615800666582,0.23948898613427497
1102,0.4524219303073825,0.3020723340746751,0.4691514301790705,0.04596456622929405,0.19333175463862162,0.1361144563677074
1103,0.10676973800975587,0.2813485559134583,0.7739851422879206,0.18941222571539762,0.27488337678901664,0.02940120339255474
1104,0.5205793246560273,0.3493800215847474,0.49767366685544573,0.047669354760401475,0.09194800759221655,0.16973008828334507
1105,0.19682600896408806,0.5282966162335355,0.3011817028931598,0.031459621943147366,0.33121324080535475,0.20002257032264628
1106,0.2575847989331014,0.2742227345854409,0.11688958699916159,0.0924808380720676,0.24799046486821144,0.11289683517312998
1107,0.07359380548668687,0.3092727640887793,0.2920809735898584,0.04566261169207062,0.08831626499738415,0.06394139113532896
1108,0.07774686479189748,0.2258143038769417,0.6103258463869403,0.10264113908248367,0.19667916475371625,0.05601736902910178
1109,0.3709781068080611,0.6998634353390903,0.6474450709715519,0.04166767729790619,0.1276997369256625,0.19435183954014498
1110,0.2744179729672846,0.0573314013737841,0.38130311065550865,0.12864485746679974,0.22721283374115714,0.09262897024948293
1111,0.09268035481549881,0.5981085219891566,0.3861258738714118,0.020181492460990928,0.11289141875796438,0.22346876044069103
1112,0.2599314487918605,0.224556677185966,0.20693523420659235,0.1372510944448024,0.3182123790926425,0.11591299688667886
1113,0.2304759033957742,0.2156702232271464,0.1247410077465442,0.12684803620964025,0.21623131807352614,0.06152402720657455
1114,0.030349312445851085,0.1697156927511246,0.5894969057310557,0.08434224907222773,0.11197947478984249,0.06540724381588649
1115,0.18677751406220125,0.3872570598623927,0.3452395591514018,0.06068886067481624,0.05210281853077112,0.15437071916038997
1116,0.08279795334734917,0.19535973957858954,0.6139642095262027,0.1668241699560946,0.23418559622782417,0.2868464905420168
1117,0.20680466323081204,0.3673661004182475,0.104869841915099,0.15136563962502975,0.13536798640429296,0.02562242425036928
1118,0.11114602150835066,0.5657947074093642,0.6212869224190122,0.05824561029037429,0.14669103976415804,0.06222399731707201
1119,0.05079073430479541,0.11962448211404324,0.5063180392632031,0.1755137410087991,0.23479274326114247,0.05395211466922004
1120,0.02687698425727944,0.4077266889338117,0.5995243982671156,0.11138480404489091,0.06785012720752485,0.04292436230291522
1121,0.11220229400065164,0.4183452596023837,0.3974991337016338,0.2135440774671685,0.026794600619375542,0.1284203582636793
1122,0.25962358888869025,0.2002284784833011,0.43333443807740996,0.07445864020041945,0.3503894905248522,0.19426632546996286
1123,0.09766121552700188,0.31727102915255007,0.3869028060306417,0.1751994234323703,0.05976615414051917,0.0703397886255608
1124,0.3447568821949365,0.16124608498591858,0.5284199680897593,0.09614185299658384,0.22605401331716765,0.3161639254724646
1125,0.05049032238712291,0.10324452263056785,0.13940946824467892,0.1562013014266257,0.07093439858940352,0.052207272049639944
1126,0.14592920293547412,0.1469332111161316,0.5297390704134047,0.39805558925333917,0.2403218127332482,0.12260999721289093
1127,0.3332518652035762,0.2806993906231134,0.25299426088083454,0.1752125265051161,0.10057542816601896,0.04535076694641485
1128,0.20770279245419476,0.5279426269647409,0.15987251162815536,0.14782075578363885,0.1023403010233268,0.030867686551961305
1129,0.13555178130338041,0.23830182458814844,0.17378495307869263,0.0505117199526938,0.07086431787684459,0.18768152762776238
1130,0.2768963885436349,0.46649241999354285,0.6504370611437146,0.11139440966244352,0.04040908621719495,0.01312622433388477
1131,0.27848734034977224,0.23488213206578754,0.5140626735421342,0.02755920187261531,0.3379421078910085,0.1502538727570712
1132,0.23398097227047923,0.6566381542633267,0.5494746482770739,0.10570411441412937,0.0530031112677407,0.04556103344997309
1133,0.16596385240240602,0.13504307565143092,0.43742813692050037,0.08206167048858502,0.09813164705403093,0.028351782614798135
1134,0.052706255847920824,0.03701764938151031,0.34401333080256424,0.1679617707094587,0.1691203042773205,0.03249978752104295
1135,0.2474717579591639,0.42590104184082805,0.0879982435087343,0.06324011556323555,0.35028793382049994,0.21779686158859823
1136,0.3191840026923774,0.629740580542724,0.5673519020594048,0.06848654352124925,0.07486856753548789,0.06814040192779125
1137,0.0438902657210312,0.49660620086104645,0.641369561645813,0.05595298373662257,0.09754789946786085,0.0652273364196105
1138,0.3008508655685391,0.8159668567532808,0.5335383767626245,0.01886655190768372,0.14856182823072228,0.06787139450531234
1139,0.06396036808634709,0.37165363559856324,0.25139000133741335,0.035370451663635206,0.0638534234704116,0.08342347698091214
1140,0.11796298503117604,0.1755599683677336,0.2947334910063009,0.13532464738001967,0.3048885096572542,0.09933774339595364
1141,0.12697092322347348,0.24296942884097011,0.6231822316668952,0.023897241231620778,0.11460477789280633,0.19009828623320132
1142,0.15014987799171048,0.08147107590561459,0.23162376232271828,0.04099074553320318,0.250838564984787,0.09076843488475109
1143,0.12388637662499119,0.0868680056730062,0.24456801680604906,0.05857055717334116,0.22307236902053804,0.14861043751688172
1144,0.13968586245013037,0.3990768558477009,0.6776651060985276,0.029462659238732303,0.1048176819930241,0.11493805388648935
1145,0.4166224741556627,0.5543689079593741,0.4444586941100972,0.03411195597029705,0.2702767281767894,0.03838527876219685
1146,0.04788783222222975,0.6313559030601824,0.6029349620124405,0.07290647835974173,0.09110263502585059,0.04733036505476429
1147,0.14821153445967925,0.3201989422455083,0.5795999227794987,0.04905556906787013,0.212485118649713,0.1252290422560914
1148,0.04335730932708629,0.5465492924879476,0.514400335494281,0.06117044559450034,0.03854233164053221,0.2934507990478437
1149,0.3087796502911212,0.3454579399593271,0.6461134574504298,0.01836581606950265,0.02667261677968296,0.08368197499472796
1150,0.16775838880409172,0.03604052879028064,0.09291145300914251,0.04408634981668607,0.15122560643753857,0.029354090292775258
1151,0.36416524937205225,0.2948043913121696,0.43974689501991177,0.05912039299281998,0.2165003940763908,0.16269950707773184
1152,0.183974218041462,0.5851863024874912,0.3831118281187653,0.09675435291332721,0.17585679144311425,0.09891573492723975
1153,0.23467531042029133,0.6583363038196595,0.5392497469460587,0.065455344642689,0.10690431617143256,0.077555661909915
1154,0.14808441575937456,0.4291141414717999,0.6222569506246134,0.33347150030799017,0.045443012024956195,0.016424894540035262
1155,0.4933608784866935,0.4428980181576652,0.32332362718535074,0.17181092307247023,0.07601793597614336,0.022774424133650956
1156,0.2845189887251707,0.031123072800777658,0.4405218208160443,0.18281547027639078,0.4362438309820922,0.057514613556225766
1157,0.12713148578883546,0.3267901229606837,0.6101107166264376,0.16371682091559206,0.2651275648897341,0.058674292372090195
1158,0.4906449029711247,0.6239531965839923,0.6870017070852815,0.1422604978135499,0.04339055997350835,0.06935354607499218
1159,0.13660467193463852,0.22638200592999788,0.2568291155935416,0.1157894573225613,0.017558167468834568,0.052581903870860376
1160,0.06919764152483161,0.1583114857925575,0.45833028837072515,0.23434771271815472,0.25692498524936996,0.03310799499442753
1161,0.14099928012093602,0.3504623422686635,0.16812080095618154,0.09552341360828429,0.1408487288508636,0.12774828682149555
1162,0.029663302267882104,0.4404804483565729,0.3282376870032291,0.08005570248051525,0.19641620693986642,0.026147105216716385
1163,0.07666589319528937,0.1868613463166109,0.396938499347693,0.0583592910839658,0.40970498715982506,0.1379076605687193
1164,0.035963090322657716,0.4055480754009245,0.6904299043774108,0.11012239569785966,0.22112607321241723,0.1287490876001719
1165,0.19259818021099018,0.4920107155882599,0.6619904563093966,0.2150340502146786,0.14714858083928142,0.014342706064756246
1166,0.19634647972850516,0.5777502914409491,0.5083473895179806,0.12985504575111917,0.028584156449571685,0.053680467020586174
1167,0.245984196063274,0.13748063655209256,0.5239002237144531,0.026668853866944734,0.2715274756758272,0.26856106275957786
1168,0.09852656273872731,0.3051556430980302,0.6549925935342858,0.03290338472972166,0.14912437885243224,0.031120935207064864
1169,0.057670638784192325,0.16932545321402218,0.2264336266021066,0.13169361887047687,0.17141593288261667,0.015409052978506381
1170,0.3138904030857371,0.24542304005586546,0.5402419889312692,0.08894867953807278,0.10951097745850161,0.08181176540184593
1171,0.2652776500519314,0.39613519384979035,0.569372506415685,0.0473090298838879,0.07755903386622076,0.1923456070733791
1172,0.115721397821441,0.27044822411406,0.5911348474568343,0.33378777577772095,0.11080002577151134,0.0384518636701468
1173,0.45843559880354745,0.34950744694364866,0.5834330116996782,0.1780067145793335,0.4770736344232054,0.024767205863530452
1174,0.16372482184320736,0.6427153075732026,0.3367985173869391,0.05665454856138973,0.2823296215282176,0.047545647719329155
1175,0.2643728831795184,0.31132746531209804,0.3413311637441283,0.11493731468050564,0.09072102494188082,0.0934252656857273
1176,0.09133344144719119,0.21827904400125853,0.48799774964503606,0.05260761829663571,0.27615684842458843,0.06653305026016192
1177,0.2768634275242556,0.2926454674551047,0.6722312429796525,0.13549202356767492,0.07255727370966432,0.17643973250499867
1178,0.4353319200429624,0.06777477956799045,0.6579958440738835,0.05739404336080796,0.06364779094351326,0.08853165010289701
1179,0.5450737547954493,0.13133296080667897,0.16267270743559825,0.12439735002824732,0.07062734056511132,0.08194980126147819
1180,0.1859139571311421,0.5336337246494397,0.4607648184361424,0.07195934235491962,0.06989808521828997,0.09546103899712467
1181,0.40502156252790245,0.3312762187701451,0.1400208800376533,0.060934025041765094,0.14285575358612107,0.09335554022696108
1182,0.13562214614712192,0.3325702199354194,0.10113741828624298,0.013447369187090113,0.15351171577550696,0.14801768781070415
1183,0.13003930803876151,0.23823301011443151,0.2381167872065331,0.04855223027267517,0.07412685922390648,0.06549041035493013
1184,0.2012003306080702,0.4987787856553732,0.3742943984036057,0.06392585191103618,0.1411259499648894,0.006585096277644006
1185,0.5458757120830916,0.6444003789473846,0.49626326290290096,0.01564327653703713,0.15480122782347952,0.03714708556653112
1186,0.124603062730348,0.07829007330043003,0.4042742469210294,0.19039680405925194,0.1524923465489976,0.10704888515812436
1187,0.07421365136136238,0.0858400576905162,0.4758607885515821,0.02021060938532673,0.095459295692908,0.1575112479714659
1188,0.16638106923688245,0.31515718468527554,0.6711987412940779,0.08224145156956839,0.15563205880462283,0.09767952870029843
1189,0.037055975812770044,0.14409484028268002,0.31913419988265646,0.17978131925459792,0.10727948344553005,0.010555722785815746
1190,0.2360497670229156,0.5934050369664764,0.6129128971635853,0.03949868911619567,0.293282128603265,0.07433680373261126
1191,0.1552064840706836,0.4008370674695736,0.6162230080016634,0.1019759090931821,0.39858701021403414,0.28568352471127106
1192,0.18908976330327307,0.31882470794966594,0.1269861069208909,0.055032257969703374,0.14311546204043143,0.10742046419671053
1193,0.05486121976988211,0.14204251539394236,0.2894929654749133,0.07892767207469752,0.19345743852793199,0.13582070057552953
1194,0.11355074805081351,0.1794599753466845,0.463335524642352,0.03311851441995399,0.3868224422711287,0.08602202789878605
1195,0.18548936997876653,0.06185153725759522,0.2970071744419394,0.11203890711347579,0.3017610451378621,0.20900003867007264
1196,0.07333010435006651,0.7795177086079266,0.316226833793522,0.1298222541232585,0.04914669361049329,0.02980331706293123
1197,0.20058865386040844,0.24019547129812138,0.4685742544757948,0.030984421308780787,0.23833717782345465,0.03539300757896392
1198,0.5055089122436222,0.5547067377594753,0.26461354177819596,0.043410158715974735,0.16117485611762747,0.18707971204137447
1199,0.3960890358443228,0.46089955944306976,0.5314074445868222,0.06479378026146529,0.1754251954411686,0.14393400457376285
1200,0.15823470232381107,0.08410529257464064,0.3430591489611379,0.03456872757805796,0.10431371115276465,0.1578421242259325
1201,0.1701061992803199,0.148974176263477,0.5436314584352793,0.055871842686546665,0.06399087473636507,0.08467221253880375
1202,0.34446867810417664,0.4216432291200199,0.5810728613405006,0.10155718005467695,0.09100111807691608,0.10405012800524253
1203,0.2633377247126955,0.6396676770786419,0.3538120071980466,0.03249865590208614,0.051313730995841085,0.008994081549969014
1204,0.32464350920668716,0.3936055660139279,0.5793371106136941,0.05738310411054749,0.2044153512536116,0.2805790168849858
1205,0.06201730796115712,0.09658766372185654,0.37894290513621975,0.2154802065084778,0.32324900411739665,0.03817525593711104
1206,0.3822756413290238,0.6472955125841938,0.42113871883261483,0.041302121428608035,0.23170679882066184,0.05372849493428805
1207,0.09198876116756835,0.2885199282050897,0.19580977614960954,0.12780574252019009,0.12685160593678946,0.14426823406862296
1208,0.12839348800257555,0.40788388501222583,0.6606516511795006,0.06752871751683337,0.21515634249700671,0.030972315967724026
1209,0.4451670184294163,0.45885074542566523,0.20521454256305255,0.15064827801062747,0.06904545108946185,0.2156849466206881
1210,0.07761033338200499,0.1378241660388855,0.20166253468922987,0.1386805491349491,0.09727869345086755,0.032396841460072566
1211,0.33392894052581523,0.5738677476342109,0.2593621468759129,0.010964500172467148,0.23183805345139313,0.050739676358981134
1212,0.13237511030782878,0.05030657006051383,0.26097126408901306,0.03656283825354969,0.2946644259049342,0.1047498804552452
1213,0.3755140376047644,0.6481020801222456,0.29784082040688165,0.15521797234812104,0.18150491974225275,0.17453723014033976
1214,0.36651960961682384,0.1456258399705905,0.6276602880446396,0.03191900153201136,0.3531918949402229,0.2507384487160001
1215,0.41475390644540044,0.18772869368568393,0.33476794546730554,0.02511366226452726,0.1331199162438673,0.11430094692670945
1216,0.28295024404776,0.11219402938489749,0.47629894914554227,0.29216808395271354,0.09267156731248563,0.0578652733277181
1217,0.05171888464922866,0.16401108084640978,0.34725448660864716,0.15521395910406005,0.21592384172626086,0.10326905815529713
1218,0.046519352805841095,0.1151925917799047,0.4965015348371881,0.04657614320635222,0.19924544935547608,0.17692816811408493
1219,0.04215146118742647,0.22037741998594804,0.22753078658768824,0.21473983334819724,0.2073931244772375,0.20667690964856916
1220,0.11711568191533082,0.15218510577642852,0.33278149723021344,0.05095630899036089,0.15734687712041923,0.06839908043483287
1221,0.17709839606598235,0.20104569961215105,0.4594071902844952,0.27676870048532515,0.044704573714829984,0.1406530193583392
1222,0.1701167050624636,0.14559292061062215,0.533823840416629,0.05622727859357654,0.10654308233300602,0.1297340202304669
1223,0.08982929949494947,0.5720880639218282,0.43630634729090534,0.11242333290344479,0.14509850662097185,0.08202750375161078
1224,0.18308680411136072,0.24298194307754856,0.3349675527593311,0.07422338459395246,0.1842497648067566,0.28386574738228715
1225,0.21126009302265553,0.40458271783853694,0.5119979154554956,0.07193339813933451,0.08342152844966357,0.040873389696895565
1226,0.5832826361857747,0.049327127835533835,0.5291947288570796,0.19041668267628623,0.6482175770926274,0.059710667101139064
1227,0.19698628664002327,0.22727559899085023,0.4616613094505103,0.06627119287753137,0.1638654552186909,0.0594428646188893
1228,0.13256574853882477,0.3361571763066143,0.6563421039462707,0.05567349887035149,0.38276633311857644,0.07146278587022739
1229,0.37680416722626175,0.5011256791063904,0.4266920944415433,0.06552482992789328,0.19041423673564628,0.12475111334540413
1230,0.3104293755931464,0.1090393686805691,0.3349767299745937,0.09878145849604361,0.1133410087799947,0.2134296468114687
1231,0.23529977692016996,0.3185708413415261,0.29002145652507466,0.018645671083469113,0.10980875029097782,0.14067120067130073
1232,0.12112545317306875,0.16122165868939728,0.4250844817928328,0.15284961414272183,0.15801243645049776,0.08740799306292318
1233,0.11672557765138784,0.4648234761463775,0.3948438679419466,0.0903724327105212,0.1899513877494325,0.05656555160539264
1234,0.15407140828621144,0.16630148548228074,0.440962521707602,0.08233399921156408,0.07558808385172415,0.11356036713145141
1235,0.2766440961719359,0.16391095910758097,0.6870807652367343,0.17105663665562174,0.09020861164066114,0.1532440737994515
1236,0.15061026473201677,0.10056378203557123,0.3720285920417219,0.14257520976991991,0.1490648088963296,0.08282741351693555
1237,0.1155251452773908,0.6188864435148865,0.3881374565042354,0.04480941983176227,0.12476857632424554,0.11214608560542776
1238,0.083313485304504,0.543348338877983,0.44284946470574993,0.32307865045570383,0.29355273213806937,0.10224796507160519
1239,0.11866604209967123,0.18134017425662646,0.5093722920546206,0.048779796550082986,0.056667494145782364,0.1253068802618648
1240,0.09426938058850223,0.2969148596606392,0.1447729880835754,0.11930977909246201,0.12064164547737533,0.08675716517366573
1241,0.031157647868452463,0.31064597953111717,0.49102781714667226,0.18928451565665133,0.017572693197726755,0.007859792281574718
1242,0.025790570335661893,0.48871969941068794,0.3885994127832558,0.06094840378444408,0.17047747081155168,0.11783689773814851
1243,0.07166303782334153,0.06616974690389395,0.19780534719773876,0.31653444217107685,0.3402159015809175,0.02529819825273504
1244,0.09069359690290271,0.322730981815802,0.25608240794247206,0.1566909658321251,0.1955654370598165,0.07627039785560624
1245,0.16553738501636114,0.4037730745177956,0.5425836438358626,0.04876442192859055,0.11517237793516585,0.11328711930174115
1246,0.09014252261483284,0.16034849524028516,0.552871734091595,0.16829128242758926,0.1939836332498231,0.06374875634872547
1247,0.31474443040723243,0.1441789528018697,0.4993342683439871,0.17091904987902523,0.12317703794201548,0.05408715443561515
1248,0.15320640984026906,0.23685195748506638,0.38092779827622497,0.3650593161672624,0.1302396805473013,0.030520402052878596
1249,0.1079352655137758,0.08768686175392312,0.27860186349132976,0.19237493566746366,0.3432204101984418,0.13485904967252915
1250,0.19819874579150515,0.14541927953232875,0.4135138860785258,0.06172636394514888,0.38853221480617506,0.23628756371339674
1251,0.17561204380523218,0.60527085505153,0.5802687532031012,0.06477566392243445,0.12618077874796207,0.05397756919807745
1252,0.26040109797551303,0.3229718610109464,0.5241718553367276,0.14061540266402817,0.05582802426609761,0.1992478819262615
1253,0.22837635683070115,0.3787519002588511,0.5966345457022316,0.06572575213007739,0.07161507173839719,0.21667622467361658
1254,0.35904167594882075,0.25682819431766624,0.5908989911009549,0.023054959985334668,0.27675574407723574,0.15836124708672525
1255,0.13934769887598408,0.10704952655493474,0.3946151940444925,0.036704116345471646,0.24572593244139718,0.1672910317764432
1256,0.09815062963723843,0.11932933925685288,0.2736888792413126,0.19208526215396163,0.2415640100783068,0.015901962477978086
1257,0.20219741498257818,0.5340276576960684,0.5500474658180285,0.0899020142583144,0.06804285310635744,0.03866969389845965
1258,0.04447346714009716,0.1616829254683308,0.29572242774223134,0.04989092425252287,0.20860719629413463,0.1188934175610698
1259,0.06307205099011443,0.3421402639596816,0.1568862029548438,0.040611687829307214,0.14851454954527651,0.058682194513040783
1260,0.5554711919634975,0.20863915910036868,0.46998562828546575,0.02354192054331423,0.0365617638628903,0.11322557778690216
1261,0.0817926932782583,0.20507644523353719,0.32203161508743383,0.08623507810228818,0.1149022698433772,0.010616658241116867
1262,0.05777572165540223,0.2164820537247777,0.29808505523650786,0.06189389793959788,0.23650366672489914,0.053065004541229574
1263,0.1136791604131419,0.13740996471102568,0.25437764809266233,0.06840199465336239,0.11571796372292198,0.08227894066155139
1264,0.1310693961974694,0.06772950600418476,0.212580905566765,0.05463810592092898,0.18625032270694444,0.10511979548524633
1265,0.2067357304611398,0.227394820810115,0.34012986693391756,0.10628456615250768,0.10620919481993871,0.1746352315314164
1266,0.1992151739437489,0.18507030779055414,0.15742944177948326,0.1404864108757562,0.029893712742419188,0.04732335765581999
1267,0.09603823796584475,0.11781148444215943,0.25572348843227466,0.1932340300925389,0.3592796717383105,0.24220370212777878
1268,0.4290602411416097,0.5469257323298485,0.3949276466705623,0.06089278756316926,0.1064990263579215,0.1685271723288495
1269,0.33620656336830107,0.5174417815575844,0.48288415723230327,0.05400938290608765,0.17407867614392203,0.035584012708536165
1270,0.2692860140361438,0.30036381013877367,0.18108092690267452,0.16183904683890685,0.06716351666075343,0.035152064498234825
1271,0.0973759629392166,0.08990660725296976,0.12761377786868394,0.05053995747378488,0.22070145388622198,0.07191586815401892
1272,0.125057611047914,0.1928380921684694,0.33007169229986527,0.11169876199695741,0.21027446843513997,0.09627844585161605
1273,0.19233441972172427,0.1968585163088226,0.702418465507612,0.07144970101897519,0.07519271532613274,0.25852897052636936
1274,0.14975204858084679,0.03381206857199217,0.7255499978739958,0.25490254279255825,0.015237631370003928,0.10459701313693794
1275,0.4483118940714245,0.6566528150754627,0.4667514495133587,0.02434765670529199,0.20129497487770875,0.0075601004636268706
1276,0.30579870228834244,0.12027352594893251,0.6171906430298182,0.07337494460563591,0.09199706167478419,0.040667264818320344
1277,0.06990178837301762,0.2314181706891101,0.4085524084607876,0.19412626538079775,0.18531822220742364,0.17364048402370746
1278,0.12986009062490453,0.3960487534861253,0.3941977345806086,0.07953329746930334,0.08958812127104542,0.12522834136497374
1279,0.3518147300216412,0.15595973897582296,0.505006699832924,0.023966202129572994,0.12622589829342187,0.18470776627061197
1280,0.32366206603979336,0.15753479661901715,0.43705006976484345,0.018396757059525315,0.17919882389339356,0.03838774985913881
1281,0.20205588633101945,0.23520121374627467,0.2262182118588289,0.06851613846557496,0.131260177777382,0.13530255553139606
1282,0.36096417365482425,0.33950412756038534,0.6397525230356408,0.03320374762485665,0.14390760231598992,0.26106297542208123
1283,0.40905203147660857,0.5182069059155873,0.5447709329308527,0.26093895873884393,0.01782747689555653,0.02820235043624211
1284,0.25307691932718807,0.2099310311429189,0.26356648858793313,0.04413662306703321,0.18704336658241472,0.0837106867621803
1285,0.17306564181502399,0.1628939639867141,0.47749114737186243,0.04536115053918803,0.3271525139473093,0.11475461852135549
1286,0.25812813289861986,0.39619376623464314,0.44223691577138186,0.045322290675222865,0.1046489137343695,0.0569718619076081
1287,0.17609455860778117,0.6755991215104611,0.28538839217637435,0.11419592541921768,0.05359186180719777,0.060536109181037884
1288,0.1768431539548757,0.30542714227452383,0.36077700473015,0.1327773086728069,0.10431419367765586,0.0432912610077545
1289,0.3256948003283091,0.5815210444604505,0.44371802961133133,0.10818094862558504,0.19019910893899647,0.08701485189365167
1290,0.2378346099766926,0.6508537677486194,0.13814395302204993,0.142004391966208,0.109611107381516,0.15461288235990875
1291,0.057922019922224455,0.6731352646784324,0.6361949905595853,0.047282780591318636,0.1428160880117004,0.09162878323558124
1292,0.01861407882725621,0.6258459118257969,0.23848794400617684,0.3739140471667191,0.03038561637455091,0.2170130975115578
1293,0.3677136775361407,0.09585462967056033,0.15748307650432222,0.05341734030432777,0.17301647997437594,0.041950455927660515
1294,0.28646203377228735,0.1926298066744511,0.08806898043740781,0.054125531022993376,0.47960459013117385,0.2839712660859577
1295,0.5128688166683318,0.6273998883821749,0.6645945553118301,0.06795970530801175,0.05604859271112916,0.09475892437029593
1296,0.21806774865230863,0.3500603044998825,0.4225435184616122,0.07983685600647117,0.029834452700338503,0.06397514848042962
1297,0.35370608994473174,0.08130570220830285,0.317307254470482,0.06946572492293185,0.16845944375250518,0.14428834497984755
1298,0.2590164470230066,0.6827904399496398,0.42662535142350494,0.06562509103842319,0.17320451644576418,0.19116542280847038
1299,0.04192237496057129,0.38619883352153594,0.7096151633536744,0.017481417743886445,0.10682463259485876,0.015274585094644997
1300,0.46398068239475276,0.20477104843582647,0.6072648464967032,0.07026714036399846,0.16246702408647848,0.048736235980376366
1301,0.09983154840546848,0.49177010095992024,0.53425160574452,0.12899927664138439,0.21696759708146535,0.07079860094041246
1302,0.2390569794517247,0.33040922298280373,0.33495112472753386,0.03811708093780773,0.22876319717069346,0.06621350273441866
1303,0.23376201291529375,0.2750741586863641,0.7065209688746924,0.13247869765061304,0.021866617890544456,0.011879340779404779
1304,0.0501276134730182,0.20815482815916825,0.4603009932405659,0.1467054278364032,0.09634618319963249,0.047586211279715164
1305,0.08356052931877621,0.5057919405252642,0.2321330536231624,0.3282968240041745,0.1261212334850559,0.019413743468235628
1306,0.16027042592799906,0.5385891115353945,0.5028332727221725,0.12562685243372207,0.023054937213722527,0.3111971209642125
1307,0.2741218963834375,0.43172676789836495,0.3830144480515255,0.06048945813306386,0.08861697546739171,0.06395746246688863
1308,0.3724773120954699,0.1469684167056941,0.5698244641716222,0.09385416741310922,0.057358230404346976,0.1699750814592422
1309,0.13446296294891433,0.3186914927888339,0.19092237448065494,0.21242575564364669,0.2842433014111376,0.17256504342026974
1310,0.27627312810489524,0.22457858441917408,0.3435423118106548,0.23865258389872118,0.1326024072538434,0.052193280749283054
1311,0.43176539082500676,0.1596251119444951,0.44724901765069425,0.0793485091758717,0.31072933962386423,0.1749657264762971
1312,0.21869430352265348,0.4685271141000905,0.405148972693214,0.10840755351016457,0.08204653606919195,0.09300283527573996
1313,0.08706393078430552,0.25850532710544427,0.38241290741812567,0.08312829774968208,0.26339348270931967,0.09348918442360116
1314,0.25726315871436906,0.1978355503429661,0.4508049451125197,0.0463287940370511,0.1884981296425475,0.037517385650977016
1315,0.09705584106507142,0.4991109596851927,0.37891759976996087,0.14794059074049637,0.2529711694210946,0.09956327793069734
1316,0.3697068438648328,0.4106182621404262,0.3092312992000741,0.18146127953111343,0.2120837935628173,0.1143940171745768
1317,0.24833479893663168,0.186326768007479,0.37908273476796084,0.299518264015471,0.09173845038262524,0.09612152727271885
1318,0.4121811377762977,0.3835089288653183,0.2829274032836245,0.039859495263073356,0.12505656104858814,0.04421758549128164
1319,0.17788137233859977,0.25776093227314284,0.10200772831328121,0.052205781754223836,0.07275191288429249,0.03310183987423104
1320,0.17394123485554733,0.5797058490640414,0.3528663198931937,0.1357505051956249,0.27731785103385354,0.18382731743146918
1321,0.37375552059503725,0.13891894157861884,0.6497023336360024,0.16130887346700068,0.056347372052160734,0.04308096688008691
1322,0.38412768064812525,0.5063146275659341,0.5015278006072215,0.11469868267004087,0.017213668286270026,0.09922295438592914
1323,0.09483169033448395,0.6777132094654743,0.21631755780219963,0.11525682751009866,0.1768726475288338,0.15280312197827842
1324,0.31349264937756005,0.18451952726149728,0.5341064555238977,0.1125365687473923,0.2095757254981605,0.016258572052317236
1325,0.13899483226724463,0.06211570860808989,0.41044483053911085,0.15516329331267065,0.12294979734128925,0.06327952423116968
1326,0.14748508625584378,0.31079016946311533,0.42931087198089085,0.023844308778317738,0.14762070448585154,0.21690439678573878
1327,0.07235648834741448,0.30961895628716707,0.5672737720529868,0.09388834250503292,0.1014352161148874,0.0784227063500652
1328,0.32071297350624134,0.48761650896922737,0.4418512716602281,0.06531943324715933,0.06158851082289403,0.048850248062510516
1329,0.05338844004402706,0.20158079739823756,0.39849482956780147,0.13848120026607813,0.06210988737419128,0.06806973699143021
1330,0.10732354468467928,0.1366982385355442,0.44891609822087286,0.15560169859820128,0.07154591087431811,0.018806828709027563
1331,0.0754361615869431,0.5341670122413976,0.6096752420519035,0.180949686542692,0.11909746181139406,0.20898068995511496
1332,0.3429944280423959,0.38670295849851627,0.28290686800786186,0.02852116156633261,0.18967687585087772,0.08588045604852759
1333,0.2006242069314491,0.5838407713102404,0.44652359768088673,0.033749693481625695,0.12627161580030313,0.11916205379028043
1334,0.25683036165101,0.42687857744221736,0.1478708369915186,0.04796146072672113,0.17253818071904392,0.09975629931962042
1335,0.3908525504778899,0.3036591030591155,0.48908952643531817,0.12219432735474257,0.2470213282706692,0.2267384721408595
1336,0.021097280941019463,0.3948186031777189,0.19777999387530779,0.09678076442992843,0.19034674610603808,0.03602391411013268
1337,0.22150205497564654,0.11008918764140804,0.32101172399669087,0.0652735724910954,0.14648769105250717,0.008377456523606164
1338,0.1834659866230318,0.34007444339155757,0.5010053732307564,0.11847742594079824,0.3503833792877603,0.017814683041933385
1339,0.13113234654218092,0.11064600590886206,0.15761667794330989,0.08393917365899393,0.3786012211616971,0.16021457908972972
1340,0.30336616752380136,0.6184422900348182,0.4496569754993533,0.09377458526422593,0.35846654919686494,0.031114989949563538
1341,0.28287812891720754,0.09772816823447489,0.5839734904156222,0.07373899343978074,0.11037997312390602,0.07362340886113129
1342,0.21527037920733602,0.5612284883627318,0.5739820479893765,0.03396653415345129,0.20021471807690008,0.14188700490754058
1343,0.14687637889097047,0.18450312294980797,0.5473353445082052,0.01934028735114879,0.1011344656336125,0.11134699583120115
1344,0.2163252293254858,0.3164571446064775,0.45642827039178924,0.026099727733441432,0.14129886553051652,0.11388829444895958
1345,0.1448038496743678,0.2926832909976261,0.41793895926470787,0.07232907476961127,0.23830550740815817,0.023664551501182064
1346,0.041004986877117955,0.5278728560883664,0.5508541261663324,0.21950546207535282,0.02610218084337904,0.021013490796365324
1347,0.059226398189062786,0.5670082848614345,0.6311675018287063,0.26294915781798467,0.055225613080071775,0.04700500914491069
1348,0.16593232325730523,0.21131282687319677,0.5404007639420852,0.052977275123361874,0.1376446646168039,0.0672691912014194
1349,0.13707606923393076,0.06997698631306395,0.5272659902081664,0.06879228214041894,0.10357625413841384,0.10310841840226473
1350,0.5751782802623892,0.1872629235462624,0.6964467487372,0.13604808639072807,0.19689442724620498,0.07332990105394362
1351,0.29987320089283925,0.4942001406797807,0.33679439757188917,0.025076466889198422,0.24508929867691312,0.06644644893683972
1352,0.3047895349274576,0.38656275030390197,0.7488536937928308,0.06626420490974629,0.4521071175445314,0.3538189593436357
1353,0.31261164825343757,0.5928981696331208,0.2637615012067818,0.13760981245348924,0.1527872785445542,0.10238501997134984
1354,0.023076605296468763,0.41185547478051826,0.3581419260212153,0.2115804021506499,0.048389435381502914,0.01644588592138763
1355,0.14316260474731474,0.28699619808059446,0.586842406760572,0.11750363738591177,0.24696299716780504,0.12280399461732104
1356,0.1703349463744942,0.2967504576599969,0.5998754643323699,0.04585444032617841,0.16203248245259674,0.158319128947556
1357,0.13334766036658413,0.49130117600311085,0.503060992108757,0.4426312191818209,0.04814446754057655,0.12981800438569205
1358,0.17279669862009223,0.45698513952456415,0.6087488778106642,0.05778081266522972,0.15793197031256373,0.05903918484521515
1359,0.25546875130111796,0.17970722680855022,0.6121758668011121,0.1572367000451647,0.06684185918288427,0.038158195808292855
1360,0.045423194103395764,0.336729773010535,0.4200687792057795,0.16494173621925898,0.14391880807342422,0.05661239234899713
1361,0.04758770353559581,0.3742194832922255,0.1661336003316492,0.15500460935427693,0.26376630618604474,0.21263450317601934
1362,0.30184476593521054,0.5637222741956657,0.5059839054700395,0.037139978035662255,0.16936843281296743,0.28491231907667836
1363,0.06290716381454492,0.4882136987850912,0.5940581396090169,0.12439192618755676,0.12254693719203281,0.020966413117126766
1364,0.5742412258055746,0.3456628190366391,0.5434626726904322,0.14331127919671954,0.2715802388525264,0.40322296322815815
1365,0.13793852978184887,0.39307225977838983,0.15425601825994117,0.14406043393431991,0.12398334247544605,0.06571071925630678
1366,0.11811758559152125,0.43270559622895455,0.6732168921256391,0.038031730775568144,0.06242515513197697,0.24885112800673415
1367,0.19406682015976498,0.1570511320881476,0.18547611888982377,0.045607354373484274,0.3258227567560306,0.04780661852165474
1368,0.40539974837155845,0.05776967207361291,0.09210700302096506,0.06308686906608277,0.2642353928672367,0.09057967167355759
1369,0.25947994107678307,0.7034305400069512,0.4482056096628557,0.14525719210692303,0.16067248405087423,0.07833115976750094
1370,0.047476948153346084,0.1752979542372313,0.5163418866287027,0.18164620123614317,0.05505964494265248,0.15895379270923493
1371,0.16904955484998094,0.3937490445154359,0.3917736910280212,0.009852239235544184,0.09786104439507673,0.11667438834972499
1372,0.12300277471960568,0.169670356553364,0.5537622670971406,0.1272146175690132,0.1273785870861826,0.05533224132514316
1373,0.1075726910622803,0.20103590433865423,0.7181492794036709,0.08595593480169422,0.17097347095926643,0.07779126435767163
1374,0.20360144840783803,0.22165201866239317,0.2954914696387812,0.2688076056789248,0.17685071014015485,0.01697503924259325
1375,0.27025902013402814,0.42085363461794895,0.22667936565031296,0.023329318191473738,0.19960020074831247,0.0695533562734811
1376,0.2004839106270466,0.14334906205768166,0.5002008414037591,0.0645886905354876,0.2735999589323723,0.11423445965996668
1377,0.3303367760733992,0.1913275249410535,0.41199516455969637,0.06574400656364737,0.22949943943462664,0.11039211908085945
1378,0.2541305367071296,0.2357814482450412,0.3340803275779806,0.017358143755088037,0.2735203023244804,0.07681423831695443
1379,0.2883036827497963,0.2444337896101985,0.29924126095564096,0.051295319146888105,0.17578091757145617,0.10665964806184497
1380,0.3206347152622169,0.11794802457918417,0.21055974928568685,0.16535622408882245,0.04853964140127239,0.16890969445209478
1381,0.0752442624249123,0.5127242311915153,0.48908298931334965,0.026301573381107085,0.142683900123636,0.07046199062211417
1382,0.2722226512387152,0.4393758630428794,0.5989020064014584,0.14673228228104326,0.26018452546840937,0.03420568250950178
1383,0.19437030680981088,0.325602069599574,0.31564363799318396,0.2953607752583114,0.19503101923973176,0.08836474246149931
1384,0.3892112218344309,0.12015392927080695,0.2788982346558617,0.041656556959542214,0.1657871491338428,0.3357347389901987
1385,0.1597336427756055,0.755283818490111,0.5363734499953232,0.06025411224028721,0.028848598167475224,0.03154638401671036
1386,0.17755051776171699,0.19040666182848515,0.18427370621853012,0.03271153005916139,0.0947194146582909,0.1078979830929327
1387,0.06429060785046337,0.6480761978791375,0.4877760569967433,0.044549772167710444,0.4109168435636287,0.005632768457574791
1388,0.13140225356190413,0.13393798240372082,0.34738057886848506,0.17306457165716005,0.21015877589770324,0.08901068177225079
1389,0.1463696381532513,0.10058358348638452,0.36164560079730884,0.12848008832338195,0.04593959550802118,0.031992479839311846
1390,0.05285551195168924,0.22567196941653123,0.3424325336336958,0.0458500914323524,0.3375135281341367,0.044694619892189195
1391,0.23984289983921822,0.16875239713568937,0.3263315099665437,0.16785247438929668,0.24261531480729379,0.23448054901467413
1392,0.26179339924249806,0.07525522161090832,0.7230648137043363,0.08787377882988721,0.3521417782367171,0.046336506613662426
1393,0.15522614649725694,0.3021703526321253,0.24400602443471542,0.1359424392439519,0.30433467171178175,0.021313562192124397
1394,0.3013971095320479,0.2909681487478356,0.5977411574881407,0.07445189076466022,0.33865106581628895,0.09973888587593349
1395,0.2487533733597832,0.11856493531108754,0.3197102200816623,0.0464801639574736,0.03492178668063665,0.06392216516906947
1396,0.11247620263035034,0.37582392621302063,0.548993716659519,0.096301404147462,0.25690348667670065,0.09375510576487482
1397,0.4766337261582847,0.22672625171948976,0.6118855176868578,0.056452966447349644,0.04109319722942879,0.12173642047565743
1398,0.23885474362750822,0.4324320400802813,0.5995622720213997,0.13944216609828014,0.18658826854343835,0.03223495251334135
1399,0.3100897342322909,0.4820440137350784,0.5363592269918819,0.04810670545016928,0.02837235026162951,0.024728513759017252
1400,0.15254489297752713,0.2820163729972069,0.45203620858131255,0.2770577231780289,0.2624088301228188,0.03667435069338184
1401,0.08252916815825874,0.08010776570991884,0.42083660040191967,0.13352830085710068,0.14467612330978266,0.06885006572974602
1402,0.15624634888366118,0.3356963312058816,0.35080111386001506,0.1742801013449232,0.09619026881234645,0.0935539952005596
1403,0.3899877225197298,0.1611140527898569,0.49002775181990643,0.051239600157898496,0.22329392079388466,0.05053117446656454
1404,0.3438391027323789,0.34457179304205726,0.4010704179253483,0.1094447489300971,0.17925460952618383,0.07407335779094659
1405,0.05599220909570402,0.28941583786346875,0.5831729150136233,0.14653007570735035,0.07088149688610723,0.047928723389436566
1406,0.18341505144745796,0.4127660867039591,0.17719271412349277,0.28631467955697193,0.1564353764060646,0.016868779462686955
1407,0.18529597755900415,0.2816068657358313,0.11145961376756273,0.09956968082320479,0.28378234263924473,0.03314919297966999
1408,0.4872998409854405,0.10489013775944325,0.4852654711316274,0.06185850080296238,0.19313339113609213,0.1349863969162119
1409,0.18152526082741188,0.2982056929473579,0.3181846909043307,0.037531365902294965,0.07439480988152461,0.1882619216473973
1410,0.17634045259760195,0.14299968336324725,0.10146953723495997,0.05509467708651038,0.06841091202449336,0.040062067662894794
1411,0.0412332911033929,0.7686603356167179,0.21905583965860154,0.1467085379070595,0.07312040032306202,0.12064699658925958
1412,0.3236561011428779,0.5261342659514818,0.23082835225137627,0.2597688217377335,0.0793888253864932,0.0441535842504615
1413,0.2929783131415711,0.39430348085456085,0.6296529923976933,0.04732130875739064,0.05195311308131558,0.059055210768015794
1414,0.3442057797548586,0.6319224627851129,0.533418743806145,0.18486480426899543,0.0678713145669974,0.04133178596390574
1415,0.5518508856694648,0.1334679975303962,0.2812894112182705,0.05235984637182378,0.46917687673900305,0.09080447103049645
1416,0.1299065402883164,0.06702089063315703,0.16199123831880383,0.0848663167181324,0.16575949174449828,0.046345844088593886
1417,0.28657073736516364,0.5530834415181645,0.5496245898548386,0.060398017886469396,0.17672439204120113,0.2582543338829393
1418,0.27414886018012874,0.39314486895924994,0.3264337579955626,0.06927312495118475,0.12630664683155346,0.14724947032545066
1419,0.47433929663461094,0.3705695061695309,0.24838824179343577,0.01798906546004797,0.07311653462472086,0.06608344657943634
1420,0.0678983345210344,0.48582900817583147,0.5435490116553762,0.018910972455381946,0.21303900020219288,0.43432598439136866
1421,0.21435053834969253,0.3701083306461326,0.4455730677248708,0.10278690742182157,0.07948725413458291,0.05239500995280469
1422,0.3105181991770229,0.12634223826710414,0.4542308876857197,0.07200934036278961,0.3933603949909296,0.05173845498785543
1423,0.1789621904584725,0.3022205900960477,0.46222209432016764,0.0705901015146527,0.06065569436316531,0.18453838636378492
1424,0.40488544891811296,0.711305906535997,0.529943575291257,0.011198759650604889,0.14489723094390597,0.13641190209548754
1425,0.044383891679942576,0.47141164298322347,0.365407558322361,0.02019402787296338,0.2187196570713542,0.03162424261949926
1426,0.060226907913147366,0.050228525007904694,0.3430804625260706,0.03522296371767398,0.08848722799304819,0.08332925551708205
1427,0.2212308391675196,0.4704548078165384,0.5542435036195913,0.07522518195671288,0.1122191586292072,0.18747631336108772
1428,0.48847060184062485,0.3900534457822923,0.47333411065144415,0.07711920264831944,0.04210444007299656,0.04042933929766433
1429,0.39744631736153696,0.061791360213086,0.3980336305628134,0.1262105109036808,0.17961260229847864,0.038579863141963884
1430,0.2632715563597782,0.7688333858470017,0.4799096931827833,0.026797290480556374,0.1763698937688821,0.15424725384067486
1431,0.08203054323328583,0.11360574280770908,0.10175838565412372,0.16273730128543004,0.31171568043627185,0.15957394606334244
1432,0.10683699558684574,0.17981829581600153,0.27483171269973505,0.041672241910835905,0.1552439714927447,0.07006714195990066
1433,0.022820162429218555,0.5230030270783613,0.3894591636954451,0.07449577997226751,0.2499518055805564,0.07955923990620448
1434,0.17492112520351707,0.4082107955063594,0.519495236353217,0.15279912354394762,0.26010302616278946,0.23587397219953765
1435,0.14542387646464294,0.042324624606576974,0.18745852418496226,0.07484987306849822,0.2251142773944392,0.08564809410400394
1436,0.20634016480208583,0.13592766755469102,0.5446761759776523,0.06878804423017426,0.30026076060666124,0.1646547568404269
1437,0.23665313803862906,0.4514902073736588,0.22140348995874057,0.11986955756283406,0.2364577503848613,0.03884724178410015
1438,0.2132052797625547,0.04097906160123473,0.3359537127107768,0.19342059766265327,0.10302495671632433,0.1713972796125841
1439,0.11176724282655275,0.5612916285878784,0.4633080562981757,0.06917866085525366,0.1712958338477424,0.06220849013716975
1440,0.11121900834702876,0.1917435643446209,0.6633033738541715,0.031560374737449125,0.3514545188787857,0.03253317674438336
1441,0.2850414424759213,0.20430031684606312,0.34093906663545986,0.06340583097688277,0.12933285080410595,0.13412317659283116
1442,0.18440061103014818,0.4307062981215983,0.5051940089407401,0.09134369077327732,0.24052843334021404,0.14249240019117898
1443,0.06953252419396164,0.39997475637853036,0.2682251790553869,0.08384414360353096,0.046433735453636875,0.05840037764297004
1444,0.39337620695226316,0.8773923784403104,0.19370466170668696,0.1080354673330111,0.07488297674664472,0.10273574980589953
1445,0.06514664527371314,0.20902105382268038,0.5252992151443893,0.041231586669383626,0.22080031429415303,0.24917536979003113
1446,0.3062279289303007,0.19005484414132723,0.2948235710831051,0.2209776426217903,0.04147337248192485,0.014910488415318718
1447,0.08073913817796254,0.44677724771390487,0.39993589870310414,0.21287423945601297,0.09189149392403309,0.03537208617769042
1448,0.25494528575071,0.03428457948432819,0.33181685962372476,0.10247633943857015,0.253771429562573,0.10940423931678774
1449,0.04414525781319339,0.5199755047074305,0.6251900593172152,0.0830722276779359,0.11094362622324935,0.1394870008440237
1450,0.34041399391319344,0.21389003441916393,0.6337062248510182,0.29196396529523255,0.08698005767276017,0.033103876518768637
1451,0.05904643078447891,0.0757039404999017,0.5709039177181782,0.2840014896976268,0.1548687455757891,0.08565449175669756
1452,0.32093839533601465,0.10767410015130131,0.38984069701353014,0.06342071693154595,0.13119738780291085,0.1467191684014032
1453,0.11929062213908728,0.14814866216327657,0.45063897780783385,0.12130378494382629,0.17225030779666867,0.13536053020016683
1454,0.1721344354732415,0.33316094129188695,0.16168673133441724,0.06870430757412603,0.10056970022015496,0.252400890277074
1455,0.5298040463274534,0.5267207918971204,0.6857028866280561,0.3294010470179456,0.17720072047887522,0.03293538923880509
1456,0.056881331425702515,0.33343775734316133,0.38397333104097053,0.07836735400213415,0.02453534350626512,0.02749357998096123
1457,0.20587497411473668,0.3852505424425294,0.42212534621993686,0.28613471338379287,0.014773257549674972,0.07749177394617433
1458,0.18390032697699968,0.3003767417951931,0.4825117280062859,0.04857705819877929,0.23047737355738013,0.06993283113412543
1459,0.08808964454546649,0.2589472520006629,0.1730506050426775,0.0718823968807965,0.30800979306176324,0.22986163684268793
1460,0.23001270082539044,0.14314036520224274,0.36591235658431015,0.09558219089418628,0.14641481001393392,0.22944625564698243
1461,0.36824325323724544,0.4458795585894084,0.25482029988254035,0.032670947747778595,0.15056221228244307,0.07853700823643914
1462,0.12062064255951961,0.09030715906942763,0.38500803075242185,0.14278931755108362,0.3354814263415567,0.08263992790781391
1463,0.15703273331931794,0.37477602432073226,0.6440299796143357,0.08337135307811099,0.08520223910729983,0.027483673883113124
1464,0.09460025155990501,0.5753532737933553,0.5888777991662866,0.12610563087774726,0.15116104612310627,0.028822715757673773
1465,0.3748452996921111,0.445072989300342,0.2909636559980755,0.0932102695887432,0.18611167275973192,0.08253109425351667
1466,0.195743773649245,0.6195204294974195,0.7088742539345794,0.04958637524395012,0.3488021584249522,0.2242823353665704
1467,0.2693749077847933,0.18093037928343572,0.14389684511491138,0.09366299222433919,0.09715221485064181,0.14032385212229231
1468,0.1571801308599097,0.04532908043453446,0.5613740940053519,0.09879063005130953,0.17115979770675618,0.09200326691874709
1469,0.15709401004266652,0.1844143566066491,0.29830160373704245,0.06595910737186281,0.07355096369302543,0.1665068683215371
1470,0.174472914218607,0.7612165627300821,0.1787570594854489,0.24295576614515077,0.2529085576349137,0.043358988073365384
1471,0.1071737979326705,0.7465135183872159,0.33969551281647714,0.039937905856104274,0.30230655200165346,0.05173773045987005
1472,0.10900304185372325,0.08934302237636964,0.16627348842389905,0.05672356906578582,0.283396517443311,0.1360610131539493
1473,0.15193757582596865,0.2882257239206158,0.3674419752216913,0.18166558784824127,0.16516033862856327,0.14779227955484117
1474,0.3058914571867535,0.17248947475208298,0.17653079295280868,0.17349799089574386,0.16925304030609878,0.1859754741025213
1475,0.2395291794215464,0.19655411414771434,0.15700517765787578,0.044908113483866384,0.14462563591426647,0.01912174513032161
1476,0.5761013554961872,0.17726481974373917,0.5571358972548753,0.056905608730780224,0.3082270217663488,0.3346507029594885
1477,0.22829901085247142,0.40762845598931213,0.476139690451601,0.06156488277421965,0.030719841403532944,0.25748424949706755
1478,0.2558123462584205,0.34225444812371597,0.5723243188514193,0.10625661364496583,0.06675373807953984,0.026386266646141802
1479,0.12304277833498473,0.5751801079275125,0.3658678072965773,0.07594850649704057,0.059538126094084494,0.097741910210154
1480,0.1529038142490531,0.6462527073245032,0.38194314086975584,0.10416649899297174,0.15231023605932528,0.17313920051632953
1481,0.14619601667532722,0.3340223997926146,0.4853243253527205,0.058290922084045564,0.18434938290332956,0.03102721056188284
1482,0.1438434141918774,0.09320680586921917,0.3449407284278118,0.0766697925103172,0.054787642620363945,0.09383407314362884
1483,0.17733867284656502,0.27389027028185875,0.3470719005633956,0.039456802609084254,0.4592096279976792,0.11175471505181661
1484,0.09085368594727043,0.7587133412355458,0.6200534231919903,0.03826612351385876,0.10196931748304836,0.017975026835930927
1485,0.2868616115335887,0.3695942659429973,0.12403633018618564,0.1316281377432273,0.091337417641194,0.14592749395865362
1486,0.10265919560887182,0.18937099206858268,0.36687641685380135,0.08483972992564745,0.1288417927940071,0.1926453538784861
1487,0.20330211949833507,0.1689309464958833,0.3097192964075828,0.15076861004162892,0.07199532852005038,0.09594016978948525
1488,0.31318910823218477,0.39433283794629254,0.2542072171393212,0.11288293897354174,0.02708840946336039,0.014852645963592368
1489,0.11243158430133655,0.5634653378709623,0.3367842001483612,0.1625876930732678,0.04847661642034191,0.11239789915436658
1490,0.2881763107903638,0.10705429544960476,0.2370042611265059,0.08746952110866744,0.06689521249179142,0.07468731533453624
1491,0.3025331743921792,0.05170696130521041,0.6172047217374974,0.08696046050274589,0.3707242565310768,0.11784684861302071
1492,0.17791491256875958,0.4178270345107891,0.5673973919994931,0.06292612929165588,0.1242277715768923,0.1691450763640723
1493,0.1765201600983101,0.15210895675023062,0.49671335890845525,0.1967838209942894,0.2554305884421191,0.1959865292940917
1494,0.31407293279627446,0.6522749467019539,0.6232695377650551,0.08933892169335593,0.25047657935909223,0.10009254010926921
1495,0.10398028613014886,0.44786051555241924,0.3539566814393116,0.04660663863230118,0.08885205076296515,0.05574378653417465
1496,0.315770437750891,0.15911390827918617,0.38373784352216583,0.0640064687689949,0.12319617096997253,0.09287601550021715
1497,0.2343979257425886,0.4886212034844215,0.44456927272754093,0.03754413936918809,0.2021258129628151,0.20450346056266686
1498,0.4664235756879895,0.37859637476491603,0.5810879366053225,0.12686847105490942,0.03613080514676402,0.07965036906190243
1499,0.23432130481143504,0.15811348865552294,0.4944032296460556,0.025367325840278367,0.144754512663936,0.0730232016331225
1500,0.2938660731163763,0.5553856812016629,0.17318985532375658,0.015092925869112366,0.10359603667543986,0.10069581597254308
1501,0.022423106594564573,0.3565921124497895,0.4172522754093456,0.06736554324615557,0.11714243516984048,0.11281692566063582
1502,0.3505709796040384,0.27506017628834306,0.381575681914276,0.04019844196029898,0.05455678805627186,0.05900280430231201
1503,0.27213061229786123,0.43639310807159937,0.5530205685599667,0.1397643221827358,0.08572689585797272,0.07091236620360258
1504,0.03433004613509173,0.5304258768328124,0.46747745016169895,0.1425627122305952,0.059526905980914153,0.1495214678038632
1505,0.12142626644886031,0.6892227529625459,0.30076618791576726,0.08773380544251526,0.16020353160859302,0.08563537760434571
1506,0.3039481872157187,0.6935166355952752,0.3677620136326979,0.05870156334464559,0.18235216422335898,0.17982266202561295
1507,0.0628708699755395,0.288356576361157,0.3368118175770877,0.04386841555567455,0.2237580860169247,0.09578891610511682
1508,0.16627036177278823,0.102532130443381,0.2054474973837801,0.02188269752326335,0.14746076253147158,0.045184420230200334
1509,0.31572656092587964,0.20961585986780185,0.20296639824478077,0.022625016504743793,0.14796516367582954,0.0757070630509222
1510,0.1544843817071132,0.5181187806991128,0.22084397794066618,0.08420942532253592,0.26987850659928597,0.04057631082152109
1511,0.2288867714734278,0.21616620882584492,0.4699390450402608,0.05178237769902827,0.05232516699086489,0.12620181151511992
1512,0.132392401963178,0.40404744702990597,0.08066895988185235,0.16166005991662596,0.2481559204322822,0.4048015344713954
1513,0.18744373482779395,0.40482763157688323,0.4187203283086365,0.05285968842041744,0.30770615596627016,0.11690021036997958
1514,0.05191326898224388,0.4302070135770299,0.4843257961071972,0.037335632459507634,0.06922503200520558,0.020328648293640558
1515,0.08104871635673598,0.7475151367459204,0.5326414767836534,0.1908161394085541,0.02241480295021088,0.014375154643037803
1516,0.173595072823943,0.06331051183413182,0.30136933243642217,0.15908027298603727,0.19414695155424647,0.03132233905866955
1517,0.14356988902995896,0.4738167895429918,0.17276469480218912,0.11237658584723624,0.22968027656073692,0.06722550851246939
1518,0.15126068141324872,0.4530259754299522,0.43266919999328196,0.10453209935030192,0.21470596766568853,0.13343641435696058
1519,0.32408884690306017,0.48286235418385787,0.580167103038796,0.12839389876316465,0.036542996943809324,0.13513940810616712
1520,0.33233003088233926,0.2705646302782669,0.7092765247630858,0.28061865141011905,0.2569253798650677,0.18036021042313413
1521,0.11049995766593981,0.45049852915339755,0.0808248658280905,0.05660885886629764,0.16562815789823507,0.08919084778883442
1522,0.03772742424357559,0.16654584938824699,0.44238303086383696,0.1454879904833381,0.11533504447541232,0.12988497324522602
1523,0.0641581256961778,0.3725810135492505,0.3869609938050889,0.018720028973380227,0.07822424986010698,0.18746237209954508
1524,0.07324649880425455,0.05960465281393277,0.4276406350116603,0.03339938061408344,0.07085195502998805,0.17070240900655181
1525,0.3439220023224223,0.4495131155233056,0.5660761895951807,0.17215494505488585,0.3833146034287918,0.17236249175978244
1526,0.04468261946773581,0.21758352903430941,0.16117823641309478,0.2016419812392034,0.14761787042044658,0.0920486000308365
1527,0.3162138533162619,0.797090643050626,0.48443399383123686,0.023439230667242968,0.0785691865394151,0.07113985809858683
1528,0.11799160159559188,0.5586908203899964,0.3840359482510162,0.13674049874426134,0.12556145044995978,0.04289658578112686
1529,0.2112391106147792,0.5156489158775924,0.40482339074248286,0.040638282314921025,0.16512581069237658,0.06816186354378811
1530,0.22897281655977164,0.30746723567240886,0.3890365436006558,0.07698331005089981,0.13233169974348938,0.0979811445677308
1531,0.21575879207263804,0.4289611551478693,0.39640555655637333,0.1566552128974672,0.2120186031539621,0.006865180902198011
1532,0.1530783075041718,0.6288390535486899,0.42900042789960574,0.1622482795242453,0.15661406165139996,0.06606667970129555
1533,0.07288489418897635,0.4338544445105028,0.5472211268413563,0.08846432462583369,0.02746555889836655,0.018800786345743906
1534,0.14673933231538697,0.2592849974876033,0.13903306228646353,0.14088193819303746,0.3501037885620784,0.09992374580934661
1535,0.21745288569461546,0.12010751144159319,0.4053548874103931,0.06753333826138634,0.06162658714221875,0.07275182470907927
1536,0.12986258848357368,0.4553540078759387,0.3642787950137623,0.07703813394970185,0.13343955204314417,0.07858362231655938
1537,0.07447041284203008,0.39938623431157877,0.36379079063283865,0.18300683816213434,0.07408937473019939,0.08505818375702949
1538,0.36312335210276664,0.5178312721195123,0.6038802670064705,0.12243086001279249,0.06087510665698296,0.29263748672572626
1539,0.25333810091050996,0.2819935887035487,0.15318550031023082,0.14827352738840943,0.1801872835639265,0.032253766407225375
1540,0.4934485999600762,0.2268993982200983,0.22059762390783993,0.16407653844123554,0.08887613412982052,0.16009652295234716
1541,0.29750304527493054,0.18024205393362638,0.1751350222109108,0.038199315209749375,0.09490741979158034,0.012191694485027563
1542,0.2956621177985871,0.5982511704633868,0.41717258955052083,0.054424623381110204,0.2511540792836999,0.1741938199092689
1543,0.14918412051404237,0.06369054763549155,0.36469744714213226,0.1972764165913292,0.10399331986556815,0.03886683656255876
1544,0.04315830157940857,0.39640926357082906,0.35508618569005346,0.11088656503035586,0.12063592474392196,0.03458724378739283
1545,0.3105087187036224,0.33386962524410674,0.14684101263868699,0.052858037942710365,0.20223504894875122,0.23391443437073609
1546,0.26628620141130155,0.4553334169191295,0.5689971131032597,0.04288624375123521,0.3384824208192921,0.14640333824853133
1547,0.23147713190103159,0.15866042834622238,0.2095444836810801,0.12327626877937982,0.119697680003915,0.061375053546625126
1548,0.09471846798710547,0.3047664644251206,0.5212799833397705,0.02642291826886913,0.10248126791632373,0.12151818512005484
1549,0.11261703474492746,0.09040422877784808,0.6787196923430832,0.053606764608215486,0.11029552176541654,0.15395967587611015
1550,0.08194595269706652,0.5992389735307159,0.4784413722545463,0.1104112521269916,0.049552606821073854,0.06126869123635011
1551,0.08669276919076502,0.533737552882128,0.22385738381069828,0.05244223585921572,0.19629113158052328,0.21413294644098543
1552,0.4392178428476219,0.10474915946389532,0.33403570553391276,0.037774683493879566,0.5422926980749382,0.05626581425233593
1553,0.15276665998779096,0.44062034418122253,0.27953690835093303,0.20368123073605088,0.19070853456920603,0.07118974319749823
1554,0.013394960550147442,0.10762319044278992,0.09432416732176387,0.13183508154943244,0.08771664530934116,0.00816472462931156
1555,0.2445993623498052,0.2806717662106247,0.25332745624666503,0.05448847216639979,0.2085340618381362,0.09485634462648092
1556,0.18048057295569933,0.11461707788274934,0.16196107316307423,0.23676151665907202,0.07322949452193003,0.08482829078915365
1557,0.2466759560027164,0.45763154987142124,0.5119162314824781,0.062381267681192176,0.22957000980719597,0.05359785181927202
1558,0.10153360904870404,0.1625554879064206,0.4713521355053705,0.07956281558035264,0.20002679614006444,0.17782722890434743
1559,0.23204465148185632,0.14638180260943423,0.3581967282077765,0.0858485306910802,0.15932359550846367,0.0710514666783897
1560,0.6385843990041074,0.37693095838193064,0.49138961041882306,0.030489868772417127,0.09276155590196161,0.17755244803187537
1561,0.1558774116757296,0.5688568255054431,0.5620578245925305,0.03252778593435102,0.058140480419137074,0.15819003735927725
1562,0.06729709165580536,0.40379177539586947,0.17464601506905142,0.15490581862604247,0.11012791754055477,0.016848261706205864
1563,0.12812535775125433,0.16890113523996056,0.314737651294133,0.2020994316397212,0.05252907365654585,0.11649229585116085
1564,0.14023249572221094,0.3701635375901922,0.3491959156752099,0.1494113033758372,0.10049430115025738,0.37540569849248034
1565,0.013613364788958656,0.03906633736242542,0.2149734024423197,0.03920782793910042,0.09047632479601678,0.015212758577566602
1566,0.07975858691189214,0.38625653371314816,0.4969431020277808,0.0307402491251788,0.1158711544878483,0.11776998649075089
1567,0.26285963921901795,0.4035236533079245,0.2910671391073578,0.09898048682295518,0.2349686387894629,0.014944261005387009
1568,0.23497195688042505,0.37502713402548116,0.46272818759208856,0.0796028139825711,0.13247336912073043,0.08691087567754545
1569,0.16536398208963446,0.11221139360672396,0.10092996070926366,0.15393486241447296,0.15431247442112053,0.1485731733230043
1570,0.27490127761493155,0.6775303750817081,0.43638269926456114,0.0939614759105713,0.08438051629108313,0.05902801528431711
1571,0.17022107097588662,0.2862263261857787,0.36778247881686194,0.08518202295628262,0.07522414557782028,0.029301437854653088
1572,0.18560409076769202,0.6754486984813737,0.4190232491848609,0.24323386270542915,0.16344913957360518,0.013561595371344354
1573,0.21287737851995844,0.18563473720988405,0.3284662666759781,0.3040982336980258,0.06203973483374455,0.0315040119445809
1574,0.12158533248334379,0.1057564996358382,0.479119296619336,0.05320143584549027,0.08137469849313557,0.013425599044131976
1575,0.35039024371160793,0.19101449280474073,0.48678795999422514,0.1050700062336568,0.2266921424335609,0.09520273624556473
1576,0.2320477519896005,0.0765308879842217,0.4629609255850144,0.1694465550962406,0.22648283713763526,0.13099711211758475
1577,0.2920680875126573,0.5474819849523629,0.580380163910699,0.09418015723035787,0.21195357170713125,0.2735631453161088
1578,0.1383164164516395,0.047628029444707315,0.060421830857549416,0.02005484272534778,0.11487357741844069,0.03662342303368843
1579,0.07937968351430565,0.1776803671356113,0.6603732983801064,0.05415240694621491,0.07388309710729042,0.07715984657818792
1580,0.05929686717350062,0.40855750945039,0.500690481890928,0.05042773218617441,0.13810405598855408,0.09269202275479742
1581,0.14041210133260343,0.4061854622201003,0.3555950510607355,0.020888727099081534,0.24477573689826007,0.14958966902547022
1582,0.0916800632879547,0.17981028990809578,0.6790015324112562,0.11709490620414209,0.09660385601073984,0.07684733554409967
1583,0.22515316863688173,0.19088180965423085,0.46088028411250925,0.07668265226663562,0.16199165356306888,0.10984198359494073
1584,0.28985233668702565,0.6068300659121562,0.5689145850662519,0.08829987537654156,0.07676383780111941,0.06926439527334796
1585,0.3208176895508629,0.08915436096499522,0.13326432411595474,0.15918761866028314,0.106913814506857,0.02179359597709248
1586,0.1730107874817552,0.13632845578759298,0.31010021827352957,0.028063025173462236,0.443969652684483,0.16835971414099904
1587,0.035003034161448954,0.3330028844064543,0.3096234117319516,0.0917336683372771,0.2328623794416795,0.031695957243646655
1588,0.5133131479194075,0.0901670286486842,0.5178220932289841,0.1445644512155235,0.1836366102881507,0.20691246194860713
1589,0.09418462659576672,0.20890235436851304,0.3998210888106438,0.09349490685056157,0.14086885108149863,0.02006581697915604
1590,0.1817337967812479,0.4354673938657236,0.21398165047678525,0.05302533925974923,0.12848177982789338,0.17526734280048203
1591,0.1788097139349677,0.2878491517657446,0.6739494541025528,0.13198249784207244,0.10245110931857183,0.08718054987632878
1592,0.2705801576332676,0.12940458412970302,0.557134980098526,0.12443267725317346,0.29981658335805794,0.27317679890716784
1593,0.07528660706071309,0.3946364172236802,0.5917363163327706,0.0698991867236027,0.20441645717963736,0.22233488906139753
1594,0.4058118878375758,0.21530166317606222,0.1404938909697123,0.0889062212353018,0.19417932651404915,0.1819335611376503
1595,0.22245360243595513,0.33393318954940426,0.4707116741753252,0.06089666872460213,0.023106114449861645,0.048018308944456106
1596,0.12836655538998146,0.660233593573219,0.2421358718958302,0.03205979366543496,0.33613415631270727,0.05333859541355441
1597,0.19101021086292042,0.10060749030153551,0.49779001711214826,0.21442182973596527,0.04302204888270521,0.09673746921835785
1598,0.04475826034669344,0.2958537544540975,0.25903035079179565,0.09311381383349508,0.08891345472746923,0.09898368182341202
1599,0.3706604553543091,0.5698012293009922,0.30289730737862264,0.017250764795923308,0.08796893351170611,0.3801979408848431
1600,0.1359675748395697,0.38804516168880615,0.3875984712865409,0.19143521796269952,0.098701015772233,0.05915464923100739
1601,0.4120033160480491,0.2804242283081078,0.44595029132632,0.04072513216657001,0.01647987973926203,0.011530486460982738
1602,0.23563501402018788,0.10232433703420123,0.3663823615502068,0.06697793140801724,0.10974105524476534,0.08156272844321162
1603,0.09683893023586794,0.35474994676117627,0.3910892897355671,0.18293604697317756,0.1309750540748038,0.14937210968835438
1604,0.15954150546074522,0.2956915590459837,0.4190946915713386,0.009986771694477193,0.31424457132326894,0.16032680131020197
1605,0.11325859257545312,0.27087659335623093,0.5852337474935515,0.09767677480202058,0.09246998997167731,0.10237107563771145
1606,0.201640974293595,0.33060828545906934,0.48960910906418004,0.03642777489923558,0.05014364376225241,0.09492741960717194
1607,0.08923114301391613,0.09739062395549215,0.2617070805139786,0.0975701570998762,0.13623510567776265,0.05682909358350405
1608,0.07109260060256059,0.3407206817135652,0.55739752701797,0.1270068394981088,0.35560403133359375,0.07817611274928703
1609,0.2224106184112565,0.047634211664712545,0.488090548394477,0.19528519541931552,0.028392937140312838,0.10199771413133922
1610,0.18268000077841756,0.14559069504103378,0.3324466831798069,0.04906243263422038,0.16167334367504904,0.17294540234166395
1611,0.30296390098422554,0.28932780871252683,0.5267171460594706,0.010659777082465113,0.1816330316707351,0.11812265548086122
1612,0.30746272413097964,0.33518751860325763,0.4206122460670975,0.164355706730834,0.23632274350639149,0.023710148922766478
1613,0.09782585291908823,0.45951501580593745,0.39921011643975723,0.07117963052773114,0.27809034497963686,0.1001684178692259
1614,0.0880167754690936,0.11720517331545924,0.21785231034283578,0.07136704699071918,0.23747010073292943,0.11232356010928611
1615,0.04879461199734293,0.3174861579948647,0.3352966161797225,0.0392298622983399,0.10702813139203651,0.2642980636775504
1616,0.2920223452425132,0.3354088007786407,0.5324043725196803,0.21755176685934746,0.09638267969052293,0.015045423590197012
1617,0.17613859681010471,0.28687832439440997,0.46356543604278205,0.04205339994363661,0.212780774908878,0.28155371145426705
1618,0.12083111708218092,0.7142319902992345,0.5687858458108889,0.1332471227860096,0.21639902046695197,0.12136229355635021
1619,0.17603840365567267,0.5959399754854486,0.3905409761599399,0.1914630916868734,0.22479402378181687,0.013444197740945138
1620,0.08498631195001491,0.28794139253858286,0.4667575525894986,0.1223290277240927,0.10978119670938255,0.09516353654341357
1621,0.1650446024238019,0.3485695478964505,0.3006649401617337,0.055605098531408374,0.07056843836510626,0.14324758053296535
1622,0.17381092381034963,0.3169534642767121,0.31868969196124913,0.13412131217930814,0.16419521660722564,0.03174577575799431
1623,0.06458607992534907,0.6250709589135354,0.28740021081558853,0.023038806871239804,0.17152064504362097,0.07237298396655688
1624,0.15471036798498386,0.10280898587426182,0.2195821584493824,0.06349896949604486,0.1778458529276133,0.01682441058864053
1625,0.3859925055388369,0.35015512329093584,0.4398525622729498,0.024421962344337703,0.1812520954909636,0.1403759655192826
1626,0.18154726083899297,0.38426733667822277,0.5190395783651194,0.06898121650240906,0.15754253614196614,0.13568818619763456
1627,0.05133821489287577,0.5062939910754611,0.49276243822575244,0.05288923328358984,0.03192794055480203,0.09758564106506327
1628,0.038822336020150554,0.42070476570795345,0.30914542590580835,0.302821304882422,0.023446894406019592,0.11740630791148299
1629,0.3433771486286018,0.5396505103842633,0.48432139063677077,0.030247670128271554,0.25863862590655745,0.02208599170591204
1630,0.3863163305136906,0.39046664681930315,0.4673432725066673,0.09181596130597044,0.1621723766622155,0.08379152268199999
1631,0.04829398565562083,0.22240591512713784,0.21926469678114782,0.051534214834379734,0.11822685539157832,0.08834491038885448
1632,0.128634225923244,0.1457196836206554,0.23158684571802102,0.06614027785401476,0.0821722221912116,0.1096721272264894
1633,0.19151873474547712,0.5505891140906582,0.39584969660931574,0.015265694237947108,0.10160510863937298,0.1549490878671224
1634,0.09416617108215325,0.3771523586940449,0.16680778143505978,0.049234797474721516,0.0293914644839836,0.027153459491413005
1635,0.25246792079660146,0.5328060598974492,0.25442604528831314,0.11397742504318353,0.16133625041495228,0.07022150774119951
1636,0.1508762595903494,0.5420698292815654,0.2998436682495453,0.33446602096354605,0.011108040912855397,0.15930683168661505
1637,0.2460343020042593,0.42308197468195613,0.35293613912459526,0.023758852229956152,0.2311663815041208,0.060898470852094426
1638,0.05223666920029661,0.12912636341701486,0.21151953726604475,0.04897690605804319,0.19057299440967684,0.06259571013485146
1639,0.3133486189030092,0.4832353718048473,0.2101962383679506,0.017249001601395045,0.320184582349157,0.20537749353499463
1640,0.3471733343581934,0.39573779272557774,0.1760671038473374,0.02397999570404451,0.13094758865317785,0.3628192044810387
1641,0.32705506164528464,0.13727461420728762,0.40226036123886244,0.050027287975469584,0.07135861361703934,0.07255846444710333
1642,0.03736201086438909,0.343808691248169,0.3126750023183952,0.26229387671318,0.14074571538680744,0.07911077397947687
1643,0.1969137370486331,0.3918454861343974,0.5326779026026746,0.025803018346074406,0.19009169568248274,0.09275561537345922
1644,0.15014529111525407,0.23128053006902416,0.37373933847624996,0.14741343968389695,0.06223463126800886,0.1805877385738308
1645,0.4149989908870467,0.3582444236522497,0.5616179141124538,0.05843862401871752,0.21534146231274198,0.16249692372043772
1646,0.08363484716118035,0.4464707918582721,0.47750058788908134,0.1149139160327257,0.04292807525163859,0.03161607204865676
1647,0.2485839123759318,0.5443890122086582,0.46314505530841477,0.07760197916946074,0.0873446719079991,0.02775250160945107
1648,0.1459881582304626,0.42998503304675495,0.5458420801704205,0.045952572969467566,0.2006980213624754,0.11356644690963658
1649,0.2213647235005252,0.08516548426475948,0.07890336416758759,0.037328973259128886,0.03741153320573964,0.12121446416407279
1650,0.06744071827100917,0.2749489271144611,0.4659494616560712,0.14031222181053207,0.08905846083707035,0.12385546746740163
1651,0.20205703229282085,0.15894192592264314,0.3091186471170195,0.03847392686556901,0.0422181955940179,0.021052379251486633
1652,0.36344962094603844,0.24345601754705168,0.5623533754729968,0.0635308170874308,0.17850631140920473,0.20133478171168234
1653,0.09642171015099474,0.14914159596501475,0.38812883303816553,0.044278112885978584,0.3155821202509698,0.16506229948934442
1654,0.16505408774143335,0.20278314637651712,0.5005277603662341,0.024078802951873833,0.3757988178791519,0.12596749685763464
1655,0.16808250129972183,0.4303729734339292,0.33775355872394053,0.01978462672711398,0.21944112440893457,0.05523837515350671
1656,0.3506762860181962,0.575889640340354,0.34430409889857977,0.03215773211046466,0.24476107122784893,0.08941947117927206
1657,0.039780704194031444,0.1877519514254182,0.3919540978137907,0.1799031153993727,0.23686568882087866,0.040996252440822965
1658,0.14230973773430458,0.39933793282866076,0.29499313163181634,0.1370209533996071,0.11174615491763866,0.06253760537268117
1659,0.04405458687040372,0.2131142909629427,0.24347756199310885,0.26110692243177996,0.0783530538285039,0.01226819493871337
1660,0.29948635910138216,0.3371790853593448,0.2769868428223801,0.08054902295789658,0.18070297450530998,0.025318000287433823
1661,0.2327115388525399,0.4349477572577721,0.453473271462205,0.05891528735443428,0.4515998372247167,0.057888908707769395
1662,0.0870253198823931,0.3517168368627771,0.3158614517076321,0.051521182871764395,0.273901426600532,0.1807932054252107
1663,0.1328274790817338,0.49546682766000566,0.17095593139711546,0.023635578166773332,0.07811254616844937,0.020641169886831675
1664,0.3179870711516892,0.38348762998513913,0.40460339897020053,0.0582558713540119,0.11595746283203327,0.10538233323316017
1665,0.05534995030292229,0.3877557871536845,0.4706997220010131,0.05052613622833264,0.09637875292634823,0.08724828254393893
1666,0.49416470944455937,0.7135194420109866,0.4962234355142271,0.05495099664566642,0.08047577041678744,0.20013584304849405
1667,0.22374338171647565,0.5256632685492312,0.3448089067596811,0.10065579321827016,0.19502569229112285,0.020850626822869485
1668,0.08509436488115615,0.07043248386429214,0.1654281324345863,0.1363242848933321,0.06354494866191093,0.026281052469668047
1669,0.16557702803989832,0.5398761991856527,0.46310125258787194,0.06411827335324674,0.053187677222563956,0.03708055449886046
1670,0.4482065554800644,0.5117970975136382,0.5160606549371236,0.13424676759073076,0.04401649971868875,0.0789474192493406
1671,0.36800270508164185,0.0953641149744722,0.2621471203646397,0.06808853336675555,0.09441101193497055,0.08269082616124618
1672,0.23048019016990942,0.5464864858100109,0.4187348713548924,0.25338784562567496,0.13498098120420174,0.11662289764260239
1673,0.04875688423470563,0.15045003053614112,0.12495396108934285,0.08740415752706959,0.23770122714443942,0.021296037280071765
1674,0.3799339981055579,0.4341808410858135,0.2637621011612692,0.013763996504855162,0.09242866987754728,0.06140617391901933
1675,0.02721989461901013,0.42144647695980686,0.48823725206259905,0.2249582964994343,0.06420921171673027,0.045613579491919666
1676,0.2225097044906465,0.6623914196436658,0.6088894078821991,0.10758254787799129,0.15914826513452343,0.027802850378177008
1677,0.2191170136632247,0.544050065994237,0.3240616176992192,0.033743602104359414,0.17116442190116368,0.06313230731269737
1678,0.42819476813597956,0.13779123416853173,0.5798327798420607,0.08181404017469175,0.20729046542552476,0.07720825275684554
1679,0.14465664335230277,0.6083373726088628,0.6936175652775299,0.04474873198592863,0.013944416044172393,0.03349643410383126
1680,0.17047126035542204,0.6152633139128039,0.43037563856504124,0.12619410731479722,0.15826497219823396,0.038274475781538475
1681,0.17018154625137064,0.43008250793699615,0.6190309411810213,0.055019928681194506,0.12652085785142966,0.0831231513094362
1682,0.028396991883241383,0.46079748727442804,0.45831090479189446,0.10667359699459776,0.13615563090831567,0.0976074389480733
1683,0.06504477987168468,0.20532481992897994,0.4087124519244059,0.10979324981925474,0.20044309985358771,0.027465547105679045
1684,0.28083775891472434,0.5037319601356849,0.43203505436509,0.12237468135377882,0.1438241048945367,0.017843141656897783
1685,0.11727756303044463,0.43239696726405225,0.44469548783523943,0.05209149080908197,0.08469025709154678,0.02311477567278798
1686,0.10619793050157782,0.13829179557811486,0.36375399467947284,0.0999461778159593,0.2592504415529568,0.06604219415853751
1687,0.27950914866517507,0.2706139486126577,0.4770312197676828,0.027139201777923165,0.23809767833688816,0.056860086779808715
1688,0.18743143162110704,0.11853278512819673,0.2523591725371306,0.03782898543028449,0.09053579377178037,0.059220799653732746
1689,0.20755877018367425,0.14620727604187078,0.5037934563531911,0.030495770325096993,0.14275430566427758,0.0967241006380681
1690,0.028693850117754945,0.4945786539255049,0.41804509762201075,0.047056379388034,0.06672628975120959,0.06225497880908799
1691,0.28953579749661396,0.2083235753596322,0.5736399395175729,0.06883442141422655,0.21486637557243926,0.03194916440203592
1692,0.3746792109881236,0.1501439545438211,0.48418379178722737,0.0837137862161865,0.309090008690481,0.18031094369502118
1693,0.11044992554786845,0.4991891042590812,0.5052694197188335,0.12098819014675408,0.255140818095485,0.023527951352384675
1694,0.12410050235707559,0.33387687594518667,0.46493507155835206,0.0777425122025637,0.21171666744397752,0.08315574413401634
1695,0.1884122450733647,0.34801094793926435,0.34420568660681106,0.08519550479513802,0.2072670023665415,0.05119796216227189
1696,0.0487635689451888,0.25270867894375515,0.11140714074986315,0.09869906621105827,0.15244316210718445,0.08094483278291645
1697,0.2566466537010188,0.14916128101021978,0.24060024107312802,0.14747274261319027,0.12785460398703333,0.14787160530863133
1698,0.18805143789700707,0.1074317715011345,0.5704420352214151,0.041770304801934006,0.07735807946106307,0.22797397766214078
1699,0.12711181753438489,0.12175532551529879,0.37429487533677513,0.19027741296744607,0.18372893651427732,0.07452680708065942
1700,0.1909252503720878,0.7889923462997175,0.2986886044824939,0.21348644855964483,0.10668571525520353,0.016690241900968027
1701,0.061420810778525896,0.4820199744735075,0.34865775296299956,0.3351265473899064,0.06316778413909196,0.3669209806291745
1702,0.19474185600514607,0.49262981550059337,0.38221839298963617,0.03375313917666127,0.21410645970753983,0.21429647368944443
1703,0.05043023013803447,0.7188682020162126,0.45571153975789186,0.11713961141251544,0.12179196127811848,0.13401760802404697
1704,0.1492266412786864,0.639812678908185,0.5817210851170599,0.11195198645517677,0.05462069097130687,0.0543152799697689
1705,0.2609772240253134,0.6388235080047774,0.17638630585302234,0.13143420487156632,0.186264203410135,0.058481264141964105
1706,0.2637932260890896,0.24959468459898707,0.4390744633117071,0.019902117642910732,0.1557791498825414,0.03846162403081105
1707,0.18422853907578246,0.6461029775290534,0.5109251057980945,0.16861994107260533,0.04265028210565796,0.015235187952982792
1708,0.109838593699696,0.09107780980163498,0.17851427419401292,0.20185764832668346,0.09720905446823394,0.14297454435008158
1709,0.31169188956550775,0.16686317828611644,0.24080423275205415,0.09846558539294592,0.28359810466322616,0.1358183229637032
1710,0.27523299194483797,0.7183386007539986,0.49917511604212456,0.04103942408731375,0.08177393600061643,0.14767498084048228
1711,0.17203474171219504,0.18745880358048145,0.18580988973363002,0.013641636442815781,0.31186284723712643,0.05094845645940716
1712,0.1459132835293762,0.5706025215367777,0.404849982471699,0.1633827685508522,0.20891902688440894,0.19904085157010024
1713,0.17184282737304724,0.27859607485187354,0.4676416513706674,0.1132040983086688,0.09008500981734872,0.06942398694616475
1714,0.1823552323394944,0.4097438039743414,0.31880670463405614,0.1429922362631204,0.15244440412936633,0.03646232526312264
1715,0.44280839969246716,0.1325574852333819,0.6145489652765318,0.06864732347907415,0.14956742019976088,0.20589310396732433
1716,0.15365855750757096,0.6199447250262689,0.47917268770622506,0.1092375812314082,0.16779305355199256,0.19286215331306522
1717,0.2663665562316328,0.12895297753870516,0.3168491017476658,0.09859246618295067,0.07585756121461863,0.03275192184612965
1718,0.3187968136324973,0.1355623552608069,0.409323586173281,0.025923614512039908,0.06366483837157855,0.06862407222063371
1719,0.3519292480970474,0.4682601349857375,0.293206821371539,0.05820059866864814,0.11929956605284132,0.11004445080813179
1720,0.12276209150244598,0.5664825385220372,0.6108526825538687,0.03587513629828469,0.09776082618798657,0.06606178642057445
1721,0.4278329743837703,0.5270983453058501,0.2649838384741216,0.08644849327861549,0.11221087742889972,0.012860933450178288
1722,0.05493267867748986,0.4194515449672305,0.24197678950324095,0.08606893946459532,0.24378786588077067,0.179143594273808
1723,0.055711753239061385,0.33693420593167245,0.530914417198142,0.2131060500499067,0.12059911897654411,0.026383895836230322
1724,0.28491306873855043,0.5945588546376811,0.5019117498564428,0.2938841482716377,0.1923679381798604,0.05754254350143811
1725,0.15277557698358002,0.19777138500447883,0.514617319139047,0.28614709306625036,0.11271177136936507,0.08721475669904102
1726,0.0972702083185305,0.12765562349865758,0.20577827617926123,0.1598870353122914,0.23684814219278205,0.08412675458601335
1727,0.1411315289256184,0.12485819559384963,0.5303491204513869,0.043735446513630774,0.12550321104738288,0.30547659799081206
1728,0.44636215561077197,0.38197361003672126,0.7819018945228237,0.17580698949137347,0.15443349256919578,0.172606806864328
1729,0.08008399514396848,0.6576357534738524,0.18824350843042795,0.134069654467369,0.0592970584095357,0.1658351470686681
1730,0.17582025263453788,0.2043809361904828,0.47350790947645166,0.148343198952352,0.05225013496964872,0.05582832913840895
1731,0.12990955118649,0.06888062047846516,0.1458041869092836,0.06451085872477366,0.24812188275604083,0.03096560346075223
1732,0.26443809320866735,0.49054780551309946,0.11223300282606828,0.18730153810669106,0.04554838778441664,0.027373786507702398
1733,0.3546604916802102,0.1893111400031545,0.4450235100249199,0.04887598952349681,0.08101660566639572,0.20079144687448933
1734,0.04129205045741358,0.33438541595358673,0.22331898743475204,0.20837145321480882,0.04603689531908321,0.11786619623230694
1735,0.18978621785723468,0.20570839914935807,0.26430792257886637,0.23928756162888332,0.11196188759323765,0.020897863952168107
1736,0.3789614008188609,0.16694501029879413,0.394333491364374,0.05595521045628313,0.184064066222487,0.04642220427688536
1737,0.24366081248630198,0.5522969523280687,0.3852488993525418,0.07681322854422969,0.07590640311410753,0.18935842238719888
1738,0.12238059941180866,0.2310579214879121,0.5251105420076976,0.08632286997917836,0.10610963633284183,0.1087210440093922
1739,0.48816338441976,0.3528681569706536,0.6065039476787697,0.02325018984506069,0.332066778506915,0.08667631954675441
1740,0.171405489633561,0.37987778694628016,0.4124292116737791,0.1631564188714134,0.18593982327214267,0.09395243129090358
1741,0.26438802822794416,0.3788882151332699,0.6003456705459658,0.03819985089395313,0.22081255033341762,0.2538229406839937
1742,0.4366390510092862,0.42307032148749907,0.33763999740487505,0.05818682994913217,0.042909829498274224,0.027987945449528737
1743,0.20520317450088432,0.08237335853690098,0.5467583819335339,0.13830542422394967,0.11002386491159538,0.10275729020623907
1744,0.23287632131546337,0.5687441095406617,0.5714093968501277,0.17893634144562764,0.04619840884135596,0.2974439798444763
1745,0.12094884753451798,0.4276047909572242,0.5190404504406518,0.028472920076079204,0.06802050534639086,0.0862302723075343
1746,0.1082135015052515,0.16796334626157797,0.477239485523348,0.1298644208759544,0.10249871790174939,0.05518750051762424
1747,0.09303325601288716,0.34843686207682034,0.5122894947236785,0.05576204634722895,0.11610442499884947,0.022131797097045266
1748,0.23949223383984267,0.5926892191797181,0.18586834512441983,0.0677642095609974,0.33597089579659745,0.12214185656697571
1749,0.44717273752214304,0.19039110434080617,0.5546139764186169,0.07427122766893882,0.21802439003100343,0.1447509703951664
1750,0.23966307463109726,0.31815298771399175,0.5464464444770573,0.07100018485060001,0.15054446369446267,0.11006563658356909
1751,0.13849093972113163,0.11122110790604346,0.12737244983345605,0.06799881515563537,0.13477121094475009,0.054253709005880384
1752,0.2711876707128523,0.3421374156334752,0.38936995498256816,0.022641823959533146,0.29120270304806006,0.09230636102750117
1753,0.45895955580486003,0.09236123157267778,0.6206566470815325,0.131052443452094,0.04646251440440959,0.05570948454411949
1754,0.07606552998741081,0.11874518865226487,0.5648800303968005,0.04150782978720285,0.036416819783708,0.038715080085658576
1755,0.0731736043995888,0.5196921222685676,0.23723099479423912,0.130862220856811,0.05434153891980678,0.1265349943766155
1756,0.2033610884497416,0.3302208220971467,0.5391878708021367,0.040234048005010674,0.20803661801432682,0.10087322171682848
1757,0.2317370126509736,0.1830910510253867,0.4771591329729414,0.16364356826574172,0.22709899736421063,0.09479073765948426
1758,0.16860716710996587,0.473048357394793,0.3172814669516724,0.024965847360227205,0.11191787312507051,0.15640181178451062
1759,0.25806011051828626,0.3627509909992585,0.3946346552682575,0.09870641653260653,0.0858505055339903,0.19723981878301894
1760,0.28451893409898693,0.2306974828236284,0.25130991313404016,0.12919218752079784,0.012900392855842156,0.027135465958925006
1761,0.18606374315858276,0.49871813143035215,0.3703001447168122,0.2656018768077967,0.08477101231488145,0.26028036833792606
1762,0.2754536036284752,0.0951564993431664,0.5162901191545827,0.030039046749027038,0.23618813061288804,0.13446977336018456
1763,0.07150968053785466,0.12263663745045375,0.2897585375919774,0.08213983748407405,0.0923963277871239,0.0753992369753593
1764,0.02339807358482225,0.1451533914513668,0.5057778860613682,0.16414355492720745,0.1760396872536742,0.07591854315446459
1765,0.087158706497775,0.12035077764924264,0.2790692372262357,0.07271390629430749,0.12156434171148016,0.026208197777789877
1766,0.3578527004861639,0.345663001818411,0.6198876216138672,0.08712009264110916,0.06576320263177875,0.05463237235824778
1767,0.1861463699112709,0.5165014502005568,0.5752351226092384,0.0552229190086651,0.18780727933647737,0.09564715019065065
1768,0.06631560532544532,0.4324385526159833,0.2596267198593998,0.23901700421827898,0.2009329358498735,0.15846736731418254
1769,0.11598606111745906,0.4413115538662506,0.5421483539349343,0.09528949096079377,0.08524821114093331,0.19209109621574558
1770,0.2879356237973223,0.6690961868685104,0.35120727265121254,0.18026382654048856,0.05027122014580766,0.10462892608415514
1771,0.12879072097271696,0.05599008897069577,0.5438518644168852,0.10164354826514156,0.1846722314671505,0.035073627805336446
1772,0.39600355136814597,0.29075366074392645,0.24600327479423,0.12017620554402614,0.09267169874120326,0.10395116009403313
1773,0.2924825291184029,0.6569338058447184,0.3448596059826479,0.13515424365900633,0.11591008871264427,0.16397416565968612
1774,0.4066020233971658,0.21636009594791436,0.5152580267246649,0.07913623792836726,0.17049466642241268,0.08493512400891928
1775,0.2052640825564394,0.5643488465016498,0.5799709159972188,0.07988305180266912,0.09079373754429323,0.01480935149540293
1776,0.0563698150401609,0.3380817459593776,0.06581224640250165,0.05766928684382177,0.16060989554627764,0.0727042367226429
1777,0.4239333840179852,0.0903189749680862,0.16882396197384889,0.06958952190042048,0.3942176794365231,0.05817711531929223
1778,0.1112069831829447,0.1456322711052991,0.22272665457181168,0.10344942784261249,0.16564284221300357,0.05289227886418991
1779,0.10407686575016026,0.2203205601326929,0.164974452525085,0.05448474480177861,0.3731776878320352,0.1978521654639027
1780,0.153458740685559,0.26038702385846246,0.41140809089711383,0.014230623637507064,0.3318491040469873,0.06699779017124442
1781,0.5583275188999682,0.29637651633975026,0.5527942897962679,0.07477844230450814,0.2427308566850272,0.042942501372351984
1782,0.06413535394927312,0.47346263449472964,0.1431110601285175,0.013053532476647606,0.05474328302782422,0.15287535238378708
1783,0.476475749299401,0.3461487617605302,0.43133272713473203,0.037707990556115456,0.15318998094110875,0.0764648394046944
1784,0.18120749879905382,0.3239531188660447,0.5672566726339092,0.07049640049715991,0.04621955300370876,0.018053249975490192
1785,0.041924714982711386,0.5847629718488182,0.3107742892836467,0.20824715971796232,0.03548651810544629,0.025996544645805232
1786,0.2172601164115513,0.12209552711494326,0.528958889165392,0.07275169814157668,0.04484251122651945,0.029328445613184068
1787,0.2875586478799665,0.07779809920775264,0.40121516533761326,0.06856592496142848,0.18408204351879823,0.1219417067742867
1788,0.2815271098464913,0.09918519647096444,0.3252457080966626,0.03394605411458556,0.20651772003861776,0.0800531006567625
1789,0.15652595444309933,0.35615859108452036,0.11914705140967931,0.12612792261574718,0.37229220028129706,0.37098004473128904
1790,0.2978420818782685,0.7593846165670546,0.4801643750489207,0.13335902767753294,0.020058346433608352,0.19323557928284257
1791,0.5275712349698926,0.259140674452536,0.7568279848403252,0.15405950266141155,0.5401159246329594,0.2054554919104339
1792,0.310127594383298,0.24399125956352335,0.43760989196366834,0.1736689374864489,0.0747085718702493,0.12131257899261047
1793,0.3159518945167949,0.375343939017199,0.5272219031526324,0.03416620435708254,0.274582891255632,0.04668614987394386
1794,0.3814167350508371,0.4083260000853523,0.1378232658302427,0.06802685991893218,0.06864286688984618,0.04403121111725582
1795,0.16907437226496427,0.2245092943514771,0.3234886669251511,0.11747234824184623,0.17000136575657152,0.05995290204513514
1796,0.3548226428648244,0.38625027828942265,0.36149839105461345,0.12059966781034993,0.07519382795597525,0.0941885840524835
1797,0.23972866143610894,0.5908244788122071,0.7524747113366944,0.1297506230529284,0.222199000019588,0.019725202103590505
1798,0.4150829062861283,0.03728040558318066,0.3144108071766901,0.11895347106862991,0.36744029559348457,0.02306509896260232
1799,0.17729717518467916,0.23817348122326668,0.3700373285162322,0.18936896479368978,0.1376093188232334,0.06344850581043396
1800,0.02719740443177928,0.14638664217137598,0.4585481646731135,0.14324754834248765,0.07489668952752362,0.07254735615339174
1801,0.17409789733684433,0.15497286196845442,0.10013293424010113,0.01272454213241137,0.10580069863716166,0.027442356108357473
1802,0.2513998423216057,0.25158538612319997,0.3383139963986179,0.06796027801569994,0.04100913661916946,0.07864438218782047
1803,0.08962556863032962,0.16904387323583112,0.31620221907906637,0.07532182538279604,0.19827695111195417,0.11546283509395507
1804,0.4387813128564664,0.13005095310902523,0.17291271209512807,0.21248370299458502,0.24769666600110574,0.005037017252225739
1805,0.21265710554169293,0.22921890641080067,0.07322980032328531,0.26199302920739376,0.23042568416908785,0.04113093971390667
1806,0.36817859685178017,0.10007247172172182,0.09264283147289755,0.035799833392699515,0.21967068172883936,0.10983656514860189
1807,0.46194172046568804,0.17818693932141322,0.437755180919983,0.021639887376932957,0.23948472570751875,0.24871342342181146
1808,0.2729986675600303,0.37807833161664506,0.38773775415452055,0.018378392468393897,0.17647916504697989,0.06687761008800569
1809,0.13183392896005963,0.20285896569584513,0.5147377756250698,0.04473007705231995,0.23541327855005384,0.07091765524926646
1810,0.22654532543540945,0.18218680229377632,0.4480473647199265,0.14500153916930608,0.45556033196815343,0.09479193695957984
1811,0.1283964826300327,0.35378139568602235,0.24157685227150405,0.08586022570911576,0.1050628505221933,0.11732244633860596
1812,0.09097232495134594,0.2804271969676794,0.13675127982337054,0.098778920009673,0.07777519966551107,0.05710458200441627
1813,0.21559898266374422,0.1626207580287896,0.4939683043695271,0.03503756728288919,0.18431850661983745,0.051149542568888595
1814,0.18650029856671266,0.32555163614733235,0.2765526294593528,0.13147132461032393,0.32025725980619574,0.074957275839869
1815,0.18207619942745645,0.510430606441873,0.5979500744871615,0.05242007572740925,0.37442221364347134,0.31563767842992707
1816,0.16470609926853735,0.57591647908175,0.6453548220739551,0.20443393518821407,0.22763464933829286,0.3508704974633066
1817,0.20409963105842016,0.542052555100554,0.5099460598968407,0.13635621022783176,0.047902544194623635,0.017071282805063516
1818,0.13473929910452073,0.619057461635741,0.5619364826099839,0.04384700292754493,0.17219743686237232,0.32243479487847293
1819,0.05317132476121719,0.2303835037065111,0.1599510711923394,0.22018297003066237,0.11740042656662626,0.060774454644624436
1820,0.07284965646528181,0.5872873837219156,0.47061650716704634,0.05946855828127931,0.29269425041100156,0.15292126987718463
1821,0.07515326808281789,0.09841542552529675,0.3430763891568312,0.15869606445920534,0.20276442751250845,0.07961184727612562
1822,0.43979129502248826,0.3978953667344195,0.5189287333255197,0.060800110719426405,0.14247154756462715,0.1730952264866488
1823,0.29077468013855645,0.22515235895208946,0.4909711807174803,0.06549348952464251,0.11079804865423225,0.08962934393193335
1824,0.021003711674303382,0.10145109580844397,0.43107472788748924,0.4482706460089656,0.05089625582221946,0.03665920651005291
1825,0.28611417517588883,0.4407535522685929,0.08409170189795499,0.09124761726927023,0.12678903932448457,0.06771947001203965
1826,0.13145390900982679,0.1139249610956444,0.42673924380897454,0.09050398246817275,0.12695659192000391,0.05808198781176346
1827,0.23423253393654714,0.4692863508376576,0.2085413335454485,0.14259100178987555,0.04192183035370215,0.047631997993940925
1828,0.30922708241822533,0.32082049644567445,0.48406690442663813,0.14265128534824617,0.2945986277571017,0.11540537958447217
1829,0.10491599746864998,0.4157027688270283,0.1861022563157104,0.03643591693320927,0.23014226435795623,0.07341909144535491
1830,0.390868435811525,0.2360434907364983,0.3611012030081729,0.05063482411708254,0.1818794763991414,0.22639083811643615
1831,0.1790292622740944,0.2836251292239365,0.42764445688217534,0.10481312044682935,0.10347226709528871,0.14017833186989645
1832,0.4795989607718839,0.43809213914594763,0.5235590990690832,0.05721663288977872,0.24316094001928565,0.05484044284862986
1833,0.13889057455732748,0.2979830918049434,0.41187507898809694,0.10490741336795463,0.2174508646127441,0.11467646916979764
1834,0.217737233811333,0.27317287712553917,0.5454178195072533,0.200940943970764,0.19099386259030202,0.09056744396678937
1835,0.18556691255557678,0.3559627219443454,0.5362303854926838,0.07773416402692628,0.11029561208441292,0.12317740440452232
1836,0.44579534725944275,0.07557370005311197,0.5380774705560977,0.12109816953938544,0.18372179831359978,0.21824688156434222
1837,0.21304391529063618,0.2666169555495755,0.4330489398544856,0.06933171736299167,0.1788607612312298,0.0675523439383659
1838,0.32999226022308015,0.5183746631730272,0.5878040505884531,0.04784414652232823,0.3014629451380894,0.12391789621597636
1839,0.454602855186636,0.2508244475463203,0.23000615319771073,0.030848302147676355,0.3701078720309044,0.056888919112979525
1840,0.12559361099274813,0.29891194156567136,0.45967111290102497,0.10282153593669545,0.02864476900670462,0.027014600743607894
1841,0.15830241474654594,0.26710216430334244,0.4203387220886432,0.0820370207250002,0.1277875170880075,0.11001726678421021
1842,0.12932904339164897,0.15529179859262596,0.18441117294957773,0.041557753443986226,0.11600324695849765,0.263010125653176
1843,0.2844015719451827,0.7060767722414205,0.41645267414407866,0.06235310518880044,0.25790427866538096,0.12975444979885759
1844,0.287328753409084,0.5468832325652899,0.37382718051498487,0.09588144163635876,0.18368460852777832,0.08523911680702248
1845,0.1097588667737616,0.6032335524464265,0.2841121486411346,0.051494041842355606,0.0650980880919558,0.05234497483012711
1846,0.1343533321713096,0.6100459116622603,0.24637216790929597,0.04219632172247666,0.2477708102768771,0.12314766924582965
1847,0.2385087533817089,0.37609819837818004,0.5223330269527318,0.12202814822913735,0.20342614789447672,0.05364834390874404
1848,0.1665329771234987,0.2788441401857486,0.4894811645138457,0.04171329647915497,0.07246315723362261,0.01223063925679539
1849,0.5741651907323914,0.22689585169436743,0.4175030597290009,0.11848010021873956,0.21310272362161115,0.1358602449285009
1850,0.03772458443802941,0.5579682787026077,0.2801838908180661,0.09317334657188621,0.2392954256370564,0.06055270571549383
1851,0.16963552553242447,0.4418737662821089,0.48350830808721107,0.011082256698493035,0.2503296659077655,0.12091350984252963
1852,0.20900961922826872,0.6999326633670948,0.46618751742392533,0.03066227389900145,0.1957868621871471,0.03342251787053376
1853,0.09468630571142425,0.3891863155891801,0.2737155772559339,0.27047278467722774,0.28214390101504494,0.0963784498477722
1854,0.29479630673253954,0.1961410962517926,0.2629209891197711,0.1580906534722871,0.13368051006607656,0.23389535963737504
1855,0.08113498478225742,0.44771455708596275,0.5137284483696407,0.2342268483970155,0.2963072603067671,0.07667505866813709
1856,0.23110202163933538,0.3646899968780065,0.1334765053054648,0.26673344447547304,0.029520303019727627,0.018075160014884396
1857,0.32324011882252945,0.18743982945631962,0.5515907519359466,0.12398788708694661,0.29584023828468536,0.11062733204689969
1858,0.31550523592912855,0.31641640920534464,0.3861130355526833,0.0663405504894721,0.2248869114676173,0.106986587779518
1859,0.21711454358276583,0.11593865400322834,0.5328971367359371,0.06334312762634182,0.14465579273950735,0.01186395859715784
1860,0.09542870970545857,0.21121491134288392,0.435216710609868,0.03888431881451691,0.11227630847528966,0.08903621630502058
1861,0.11259149709855017,0.5701238019983633,0.23329174984355155,0.03312960217598202,0.14569559847092095,0.15174045753849058
1862,0.16908954349778718,0.13322835416573867,0.19075413466878904,0.02013915168102595,0.2725376563513412,0.06821561923648353
1863,0.38498318651949454,0.08424630634994701,0.4880039347164393,0.07238484798325072,0.0678257780883141,0.04220415533936149
1864,0.06558894936126103,0.29831913486949435,0.20103833841939042,0.048265219271839355,0.09413680869347743,0.11258811411939612
1865,0.20046597198392152,0.1719792589930532,0.29668586092471677,0.09039031463427517,0.20514884617250764,0.11369339317157612
1866,0.24350716376459916,0.17085453984865923,0.12281835537648492,0.028062016303010476,0.22477077536693746,0.19523410169380434
1867,0.0489746536738901,0.6079527026321605,0.15115661700543714,0.2889761053443487,0.09338398363268519,0.1360183358521818
1868,0.2281594397533477,0.6726777973923084,0.5421463221211156,0.05899218915360002,0.11906247423588488,0.12762774125850007
1869,0.22845096529722952,0.3982513362850511,0.45709692309439043,0.2786131387666641,0.08133926752361297,0.13890170811547461
1870,0.23913920069314304,0.2510754224237087,0.49505246280678206,0.13243325224634112,0.028435168394467553,0.02000771270448738
1871,0.1148105928655806,0.6133726111457773,0.12360790567801871,0.35109757767778643,0.06496095219733243,0.01658003684628822
1872,0.05232950921867381,0.09243580720316967,0.5708123270815652,0.16868229832425408,0.07223452099974448,0.03915749989483326
1873,0.14149741496149038,0.44733287852147174,0.21260028024617086,0.049826851686178834,0.10747192429965381,0.07918965039263896
1874,0.1371086153263904,0.16935710939141088,0.4630396559816487,0.10247602315412555,0.292683005827201,0.13568564387070675
1875,0.39103181322136693,0.25054000509833335,0.4634258834404075,0.020437833035465012,0.18118856461578217,0.13269875096572117
1876,0.2569394964351551,0.5629383398368973,0.12564694707076424,0.03131169178728493,0.1472074208254185,0.1101375763402872
1877,0.09866740316704309,0.3376531005747078,0.33552508805597053,0.07699380661969644,0.11508638022463485,0.07617891540192906
1878,0.2806598507500911,0.7396528705381112,0.29121019810065896,0.14012232953671855,0.16679805395449349,0.24301466594650706
1879,0.19080785847592227,0.07459400496646681,0.2712169630094212,0.23558874793022339,0.13094566557841392,0.040434616153385575
1880,0.2640344797163663,0.4090725280415505,0.5203924588070576,0.019398489679484376,0.18462370621094898,0.10791676594807544
1881,0.2012712026358274,0.5754769313209969,0.513693988165793,0.05242461297659993,0.28634557621181406,0.1094884105573192
1882,0.2078850507870544,0.10886681314441203,0.13367742839516658,0.11206430255656213,0.12010467859399583,0.08571961311812103
1883,0.45065880938733816,0.277077287650817,0.3931907800008669,0.2196418091990282,0.05505421256981078,0.036494361151704055
1884,0.13049805017294452,0.20371672212081757,0.5314191750191761,0.06507078614056977,0.1727543976421086,0.09649818215297702
1885,0.24368224870134866,0.1819621327564516,0.1584029437682651,0.07094640806418984,0.03604648310566689,0.14918550897351723
1886,0.2122957058318332,0.08263414623721402,0.31776030883283096,0.10015025310883566,0.15626950764727698,0.09302546113537319
1887,0.04758915803535751,0.33722507498112686,0.4469402697963414,0.07888064272440298,0.08598804924959069,0.09190633867488612
1888,0.389380927424527,0.06961462839144546,0.23363915241890681,0.07857448499581628,0.11604236132342285,0.09045234614346193
1889,0.45636825555893545,0.16642218046325358,0.3888122468718972,0.030227747014777425,0.25897521462235273,0.24323513754887507
1890,0.20377786504703424,0.410392522185881,0.569100801083681,0.11782228538258421,0.06687825242140205,0.019693376258593565
1891,0.10302100659357123,0.5894645015145753,0.6785772103472414,0.125034660892103,0.047161872496740156,0.030450858326089597
1892,0.15673357311806788,0.11804322865008207,0.665430391549823,0.21826165411821713,0.027792713598457534,0.02295788920507845
1893,0.06492770442932992,0.16395996417912023,0.3582206181233974,0.0850105769971417,0.14352514499249888,0.020061646565351806
1894,0.11361784850539364,0.5295327536581699,0.3665885176235484,0.1960893906613098,0.11473803459736596,0.07591663270406221
1895,0.11496701648202241,0.29370724567659473,0.530723902903595,0.01207564016382712,0.3263313381074464,0.12571958536029074
1896,0.09842431417121317,0.09846432070803497,0.43373636976528,0.04072456102282366,0.3283586169340545,0.03820534215975834
1897,0.16162203173823825,0.37161524718644745,0.18575883902413307,0.20225698201577358,0.17754475950518916,0.015287889813103042
1898,0.27046943747189306,0.13894849122914665,0.46547867188146524,0.09757409981767914,0.2893083331252126,0.025539478589742495
1899,0.23547561375259526,0.5727454304911515,0.4049548956129536,0.2339456207715968,0.10832811156903621,0.0988624748142095
1900,0.22735292234658278,0.15357947899198401,0.15589883971814694,0.04159235267331407,0.07339613140801635,0.06367610836564826
1901,0.15725302744646635,0.4195354263075434,0.5490437101297376,0.07878900425430067,0.13362686931193232,0.0704126755768193
1902,0.24848308820908713,0.2733535309471791,0.32635239504768226,0.018731271466682846,0.13340681478161825,0.03110680164134847
1903,0.3485181685761252,0.4811621925123739,0.12935723574667182,0.05000614111594639,0.12602263721102083,0.23235301328706692
1904,0.06056591928239402,0.25865301406903546,0.21594964342570996,0.03542904734785663,0.14963447011440292,0.06428758900667994
1905,0.3742811330377944,0.36568298220154755,0.3306614846157773,0.09361190139864975,0.20912391939651345,0.03680979804476342
1906,0.033031749259002235,0.5216318858757149,0.20933852049748344,0.07045548307675743,0.07940125466039336,0.02420163130113012
1907,0.12835125465010386,0.5699401041824875,0.6427663466914865,0.05980095452005731,0.07608887428130555,0.1464448873237718
1908,0.23238260982491768,0.2722202046594034,0.5451103861320159,0.03852357853306115,0.22715295822443662,0.2946646145477976
1909,0.5613176425467646,0.3169552103015661,0.2687813027363148,0.1269094349715694,0.10812378761517655,0.08017704313197577
1910,0.21105974863753077,0.142254116534012,0.5039311801982935,0.12310687788478422,0.145462482230649,0.21270825422492945
1911,0.14927750502346626,0.4184165203126409,0.44582490835299093,0.1266679303673828,0.20830392813321802,0.2232989630911422
1912,0.25974479579535825,0.29235165031383553,0.5880310867821463,0.07807113232454416,0.32178303440701717,0.21197634599530873
1913,0.16957005974435826,0.416801751022501,0.5835853228028378,0.03517962976920797,0.20887640652422113,0.18924738790353485
1914,0.07053244866649325,0.18962279123401843,0.2220987137105522,0.1759637800884729,0.16476338383317835,0.0885005026760425
1915,0.043204487298975955,0.06979985541896098,0.14182515048709243,0.24395104257322567,0.2193027825465488,0.1771038649045365
1916,0.22846124482676813,0.15649123865655462,0.4750022906161744,0.015885351224292216,0.07153079848172986,0.05277172423366932
1917,0.3316368998601056,0.11737682358290197,0.6231308397983141,0.044596258164674066,0.08652378239706432,0.24353359612899506
1918,0.15425669990083507,0.1891209408103269,0.48450328124643904,0.16414839191157055,0.34636834626163576,0.060837209212436266
1919,0.17362704972546486,0.366138416429423,0.215709992765558,0.1050068907756463,0.25496711041395037,0.06803991768426897
1920,0.5244938985293794,0.3450952255073025,0.3574890220409272,0.07781253277063606,0.1736404611688583,0.146713500065796
1921,0.05188980860604149,0.09124595840248778,0.47091821721372745,0.21666014710390813,0.2372097503162944,0.03977149700954769
1922,0.2874896185879513,0.15982428682186436,0.6422249032877381,0.07154807239345333,0.23254489296569347,0.21450051200998485
1923,0.42121957308187313,0.315821117704662,0.30472231109573295,0.04465277399654927,0.10183127928239112,0.3045003980149897
1924,0.0798757828908322,0.2432138770700549,0.4189984019158739,0.10767970236337075,0.17830035161804106,0.11622483597247289
1925,0.022763970328454917,0.2240534553356561,0.38940606209804346,0.10729031760810147,0.1929060954925332,0.04040437100032624
1926,0.34560182895531405,0.02984189614807191,0.39884373786542376,0.31925342256484385,0.1810233752044994,0.0896587591973245
1927,0.09621470054759827,0.4083756235881973,0.1813878610489867,0.2418701134343175,0.21672336274205845,0.05793759914282502
1928,0.23248645756074607,0.41898274739993596,0.16063148492070886,0.13059229935208636,0.2832840552340545,0.13872163327576428
1929,0.04026864124124726,0.2861803822127727,0.27362064506448064,0.13151356390285784,0.13843606726982235,0.05555099319513876
1930,0.2642997438606584,0.3466749395899129,0.3602494118017962,0.14469584922521106,0.3121275787726516,0.11006646849807021
1931,0.31962037727033776,0.09426972182745237,0.5612371029780328,0.1149632603301763,0.22004804412476278,0.14278599823161564
1932,0.08976631404415243,0.3222744737954199,0.328524464394053,0.22801544666766163,0.07964862237911573,0.196661175695148
1933,0.15013492860636565,0.09316550682468132,0.43983579403716916,0.05534073847209997,0.4467640015514077,0.22082086060471787
1934,0.38167028604377856,0.6677113605223365,0.4882148117764346,0.06990861202683339,0.22410533048777131,0.22569260678290917
1935,0.04783308463067543,0.3427005781025332,0.5628161127076263,0.04920547182117497,0.1781819444785942,0.0462187870021211
1936,0.24692513776557506,0.6431015477594691,0.4991363672389469,0.04614788781882849,0.24070772363976714,0.12699327610639358
1937,0.27471981837170095,0.18437686325429842,0.4150538460426122,0.038058764027975873,0.230642269593393,0.06984902147655349
1938,0.02515380346945843,0.17188836091287976,0.10052931126975576,0.09064347464644934,0.00917982305985964,0.1297598406822785
1939,0.0808726280734578,0.22427311357918425,0.22460950142625677,0.27873755543457174,0.25157633177185407,0.043016493722049
1940,0.12804102998983002,0.2170456172044913,0.5998028119983871,0.09543159012340358,0.13937215099616865,0.057522204022807645
1941,0.13249244514043357,0.1671517263316475,0.6108143099572465,0.07709032123981352,0.17916195589759584,0.23557308469684557
1942,0.03883056181007734,0.130011087899638,0.36150111956891917,0.0696043116210866,0.15036951971849197,0.08864054636139186
1943,0.0828315837013934,0.5546841389137733,0.43885833237920374,0.13469502954313714,0.1489934810112297,0.06157291881292893
1944,0.2700545225333089,0.2983714873714711,0.6273109799415301,0.051769935490402465,0.1155411217619058,0.1422468000951501
1945,0.4352430858704728,0.6818021304876006,0.5134206209989888,0.015881166643685867,0.18741497931570295,0.19921748230014338
1946,0.21226064836209002,0.6248315403584158,0.4900021611980785,0.08885897123672218,0.12751974588552556,0.05440221167377043
1947,0.223661566774575,0.5637632920646184,0.12164993610392281,0.23693665531154617,0.21965983421861865,0.14298384594512017
1948,0.3080421839257153,0.25618186413589566,0.2807775862248194,0.10060674001088235,0.035763154350350594,0.04344625948851753
1949,0.17963361979243975,0.5442278642725342,0.34897164616165705,0.0633596313244108,0.04946027828550127,0.03091659437526612
1950,0.19339145532037313,0.15190033907801523,0.2019223958787424,0.02502769595094417,0.24927955511182073,0.08603238330563313
1951,0.23255100958948707,0.4953015121195346,0.5650800373766106,0.020291807437057795,0.16823708709902416,0.08571059551886467
1952,0.1390626668295824,0.4226289048094678,0.34019758761499036,0.0584031476161462,0.2536099449302059,0.16362945298459852
1953,0.3340525556287979,0.18471906598441773,0.14394976700132397,0.13706590899917773,0.11037233760993971,0.04516073720091402
1954,0.1108498814714484,0.39875752534711373,0.4123137963641424,0.1858133002654522,0.1988206961961086,0.058692782690489664
1955,0.14966045976323722,0.5300682166122455,0.6274277327007134,0.25089090779472123,0.19086361710644575,0.05372254211645432
1956,0.2417674176507597,0.4528610193377129,0.4469575910339665,0.022925538581516643,0.22617503087180407,0.10005440358123543
1957,0.20899752742076086,0.4776625593271821,0.41600907193059894,0.29010087100938303,0.10714174850457757,0.0825351519435897
1958,0.2730207714968898,0.1972483630913416,0.3450573616428781,0.25833334900688193,0.10448749461983295,0.032634416983833035
1959,0.1317572801656613,0.27924378204676864,0.44245300480574157,0.07658969441593846,0.11831490824729693,0.13066369511239648
1960,0.12795378904601712,0.30010754654158245,0.31668394466861866,0.038702306300669405,0.2256619299369294,0.08859067452093598
1961,0.28808466325544624,0.1339513064495956,0.2518879592351557,0.11733330698036894,0.16682203745071275,0.04233442355716715
1962,0.20418289543417714,0.08506187446809571,0.3199823311583908,0.06788517658325605,0.11675277567891017,0.06008110083966714
1963,0.04263350724595798,0.3558309553467268,0.35096764878119247,0.07122872980975782,0.11644419574857569,0.07961471914730325
1964,0.34207611251638415,0.16747493259293145,0.6257057043833236,0.10121784881137198,0.25723951676042234,0.2501969740597886
1965,0.3635852785888762,0.5134381146046301,0.17135600929840752,0.10816746495044813,0.4643005041390681,0.04190824310388262
1966,0.05131675354670435,0.24781478013199493,0.20218345244636798,0.136500713116115,0.09900918181089487,0.10808521584952228
1967,0.13592295347375877,0.05930928400200929,0.5208786208492762,0.06719761504013816,0.33933773527400074,0.012216750188582868
1968,0.2503472528943978,0.4009254948464963,0.3299504005808801,0.20808865680802177,0.05932743774604043,0.1214858241418536
1969,0.22398678041822107,0.5340006504601116,0.3371531688736532,0.11515488838631173,0.05713263207207577,0.03204664913826028
1970,0.24521298547557144,0.5709065921211597,0.4154813262526004,0.05259184493714189,0.06044914354456485,0.07420956847645306
1971,0.07010550314917968,0.1852574261313749,0.4626814466666036,0.0806133150379343,0.162009205742852,0.06715829092380937
1972,0.2465835538313627,0.316534350718427,0.11864080647608506,0.11068450416652048,0.06546843007434694,0.06572455760638757
1973,0.13001489537372318,0.09309172516621406,0.3923009260408745,0.24981496430958783,0.29158170122439075,0.06985290379480996
1974,0.26656607429575047,0.316407815492892,0.5619043186412709,0.26201175872650917,0.11881938799476567,0.06616451165882414
1975,0.09884415746394844,0.26841498991998153,0.27327706092819254,0.07763665178216952,0.14768887466112152,0.03503236254482394
1976,0.12490790391970295,0.6413280834862644,0.4370861955684843,0.1417651741736845,0.2079377757774755,0.1457189351907999
1977,0.150248746112098,0.44506842498199906,0.5688315533566053,0.036602395835354774,0.0828892196544503,0.07941843891204449
1978,0.3160208382054561,0.30973022804316996,0.5679960863781772,0.15445979028921186,0.1698472859949566,0.10411649508870455
1979,0.24600351841072055,0.7705928624564521,0.42651250888027814,0.08105369486535227,0.2903144292115498,0.24057822497897177
1980,0.24507127041569157,0.5811471489215525,0.23758536049459927,0.20204844300244293,0.19650688784564094,0.1241943617949084
1981,0.08548784087686177,0.1938996186523695,0.3932861211495733,0.0829450192902135,0.134020329704705,0.06709650593847569
1982,0.24855573701512615,0.22612004627685744,0.4777012529187483,0.04688181470544133,0.25384178594371065,0.07228797703404594
1983,0.5404782845605658,0.1724310821146392,0.4218172543720608,0.05049680259331872,0.3104853694208566,0.3051882583030281
1984,0.07018815999127252,0.6572802567575958,0.6812398589024994,0.19447238333598052,0.10374814578882263,0.005478918561931108
1985,0.19211477668017962,0.3391751664022487,0.505654620564799,0.06579335906118684,0.23066003836775337,0.1477766366548861
1986,0.14870416389130292,0.3308027333235422,0.26210763054525726,0.11520316776275338,0.07700245552956936,0.0910212345959608
1987,0.2023910375082422,0.3447877054032724,0.41907698215404976,0.12076605231768843,0.20189425838996355,0.021198436725957868
1988,0.31537386336065976,0.3600720096325581,0.47263721715362544,0.056538790906803894,0.2030629796503208,0.12322349819652319
1989,0.15045162765207384,0.10091453163809229,0.21274158491191758,0.04918196038568475,0.12067574523816023,0.08478084554508052
1990,0.2758092720668137,0.4106572213671739,0.45588204151902867,0.05663447485074089,0.21829612884192573,0.14377301348152421
1991,0.06274617753610248,0.7220684198480004,0.31838683835751824,0.1264863993127421,0.06649195832183236,0.07309067750120189
1992,0.13570995650869724,0.5172045851068342,0.40763465001075705,0.17012507408695526,0.17221398544384278,0.06681005047635666
1993,0.2504983607310747,0.6440861110474358,0.6628731514670417,0.2408781948247684,0.057775376752595406,0.06871192529082762
1994,0.051144623471721225,0.05712212331494745,0.558785000446386,0.092150288087039,0.161781519757534,0.11864530817931225
1995,0.3788484682097383,0.1342512872179201,0.1484711185221122,0.22048677965568517,0.4338055907730946,0.07208851389644359
1996,0.17951713603414204,0.4127936666478898,0.47949326369976364,0.0398191075113578,0.11155440799354524,0.11797276617843971
1997,0.0574751730189044,0.4019506163885447,0.4722157975324785,0.2459765621321471,0.14984605251069777,0.09537316511395319
1998,0.44627983477450833,0.32461979027824955,0.6026406328312364,0.08400073737854813,0.1176377122306753,0.04139647806933522
1999,0.251646255746969,0.4313004272343961,0.38152156041264823,0.0492618703832792,0.27020406563446225,0.09431228774799746
2000,0.14821224227940472,0.5063476261065007,0.15545830345637715,0.2553645781914928,0.04727391394140186,0.01885966112851614
