Run,APR1400,EPR1750,AP1000,BWRX300,RollsRoyceSMR,NuScaleVOYGR6
1,0.4566635352720578,0.6390426585279345,0.6425603864677286,0.45820816602160164,0.45453217611981206,0.48333370833948375
2,0.4674563703188524,0.7979383022009875,0.6830721984423207,0.5435291969873535,0.5074252119608088,0.24307620905197852
3,0.5813693763671569,0.6042863400318342,0.7036158617430497,0.5920278794247271,0.5184929327207753,0.32415860564440424
4,0.4223350311508422,0.5558848326329191,0.5283451347479271,0.4141426891006242,0.5154814164362722,0.3264516070326219
5,0.5375279224199467,0.5819955738857349,0.510753316647123,0.4846238371005121,0.5768893082523897,0.3411025515972261
6,0.6096492225106014,0.6926070673165707,0.48760298785088946,0.42729766251482926,0.32689032139608876,0.2614457994129809
7,0.5938439747686513,0.6990571891561722,0.5856696677625148,0.4174890646884731,0.5972291245735439,0.08558287007594577
8,0.6685831446527354,0.7347656396056077,0.6417249580216334,0.49892200924522023,0.2678275550352155,0.5211872470101796
9,0.5567351172114873,0.7139588483075809,0.5168030173077411,0.5052516495273022,0.4820227520750054,0.3841706962623385
10,0.6371066791583846,0.7129277696891656,0.5619024444832421,0.3387562688108845,0.32376578234524794,0.3481699061287556
11,0.5699452196680316,0.6682118242710767,0.620060351419523,0.27175182822080396,0.4500907432104942,0.2753833158377524
12,0.6017945665634257,0.6261529355618012,0.7387456190933757,0.5600389377819609,0.42344943670922347,0.26658725143674167
13,0.6546848259460742,0.41452972849985104,0.6332052086711865,0.545534982758836,0.38066381538181293,0.3042627780644113
14,0.37189752448404223,0.6558425559534732,0.5973663129419211,0.5060129290499377,0.5956634927195946,0.2597460366224361
15,0.38403800713315966,0.6073106744250851,0.6828322622435364,0.36250595522923024,0.32448186368107684,0.30328800571606007
16,0.5936485060806956,0.7179537597936211,0.6954145260292661,0.5824057606487056,0.3954250554821327,0.2949390914714207
17,0.5843944213039425,0.6055517728051533,0.6804647884692147,0.7404378230174837,0.42812656155638595,0.22647944547821416
18,0.5414118834215671,0.7863243028390503,0.7138373475523859,0.4508747007059819,0.4220721604933874,0.3806109400646438
19,0.3643560018685189,0.7553274118331186,0.509827411670181,0.5631027312913469,0.5830136192181565,0.28330416081493187
20,0.6415829185118364,0.6275872561111137,0.581434680797341,0.5886674271644222,0.6761288411259119,0.3864570753094885
21,0.5537276385252561,0.6926004286117078,0.5592869076104064,0.5464993719826143,0.4363745101226169,0.46923517566695416
22,0.36528913048318745,0.7183182216191154,0.6293395976887795,0.5444604905224181,0.40774821246678045,0.25740096261165957
23,0.645437250659812,0.6975101056633406,0.49689669226535566,0.49639885496327035,0.48396487115440884,0.23469589526167203
24,0.573774787557247,0.5689548926350111,0.6148660309027905,0.5194566949932298,0.6167907406892534,0.43793854807525195
25,0.183902632191728,0.7990983636164402,0.512057368775595,0.12357332716206423,0.40272618139462757,0.2793447637246956
26,0.4733948836868921,0.5383093243589685,0.6110289547352045,0.6036894487324995,0.5291572359115914,0.38394901401788206
27,0.5658901720096768,0.6054468389604705,0.5523301866357466,0.5259091416578925,0.4940427514299305,0.43940156126900476
28,0.7161868964932764,0.6521249932858793,0.5679246271189872,0.5858752192495733,0.46241637270842206,0.12399717117985676
29,0.3601303658458861,0.625446069972681,0.656240488128896,0.4885670252354176,0.5495432643024096,0.5613133928002477
30,0.4099086194980465,0.6871968904700813,0.6417300192746401,0.36057797177999884,0.5005642732396088,0.31132325623068213
31,0.6736820779319147,0.7018126316217361,0.593351704104875,0.6031477798676323,0.5402375512427045,0.23737131078544688
32,0.6148972769774975,0.8052503026741985,0.5895495476656061,0.3877121452653524,0.5376188806121579,0.3158548187830959
33,0.5055457300059771,0.6416037247461568,0.6621819026072634,0.6682341219949394,0.4012582187746697,0.3066868064848078
34,0.5398136013332497,0.8165344758014125,0.5744395999301074,0.22548204651751147,0.3649072234316981,0.10431363249856024
35,0.36800699922834823,0.7299208579650246,0.5113319869917267,0.50502732536291,0.5124925317075324,0.2901373835997176
36,0.5234860085128623,0.6750267750405927,0.541858258529144,0.4020095067213215,0.27485277242830336,0.40348472878294755
37,0.573796852210301,0.6670497065033267,0.6698108783840131,0.5362512512139884,0.5150017500196181,0.20980790660492432
38,0.3441022934269775,0.6248671738213433,0.6487675585993875,0.44272900655539954,0.3727893107275798,0.5070773129718416
39,0.5036695674337837,0.5672720654510718,0.5023046841073473,0.5545814077755014,0.5192018640676448,0.26716199552691905
40,0.5624737307429337,0.7897140081249248,0.6273535577290312,0.5445150958705919,0.48593648188638533,0.23136634951467336
41,0.5538436906133082,0.5556609355818719,0.5121971933157708,0.5291139684494948,0.40495349814490444,0.313565024243474
42,0.6926234669099187,0.6803395750084658,0.38621191402981697,0.713388497458152,0.7458706077184591,0.5218204910698682
43,0.5477238600854067,0.74765051605834,0.6395900857680004,0.41425896105738547,0.45296144332438076,0.27597636659319563
44,0.628582485518476,0.6841025394191849,0.5641786758636982,0.46942991482298685,0.41139132022554414,0.391488636911417
45,0.48559955461425175,0.7137919792497066,0.6909443548961769,0.3246905244075858,0.6017739489134175,0.6830758093904076
46,0.5018323822490143,0.6530970716415709,0.47386138731788224,0.43068099156571704,0.29052681354949433,0.2561177886729275
47,0.4949855526003755,0.5597534939280681,0.5454593067099059,0.48821828648135496,0.6284556175365957,0.36716778734617656
48,0.3395441479144901,0.6947087076378498,0.4976196690591884,0.5568095490760939,0.5884200193149368,0.3124369199613019
49,0.572575454427625,0.6712326460708519,0.6582879047083037,0.5140152317502263,0.5122297166183768,0.3502391777856059
50,0.6242115759586528,0.8496547092586688,0.5969727179303077,0.6623621113614967,0.646464553979364,0.45590519151173425
51,0.6028337297886609,0.6467157526793755,0.5177365012925049,0.5614798988630111,0.5351135687113863,0.32771223371763203
52,0.47017739467027453,0.647574809169638,0.5965713018779253,0.5888356386634442,0.4617569575989448,0.4017807279470313
53,0.3850882980798973,0.7020197582765383,0.6825426459718054,0.28171170979038096,0.4882847640121799,0.2063548412965936
54,0.6649157314801311,0.7522453819379196,0.6032372757203917,0.5049277886034891,0.5197208099801788,0.14289406272163974
55,0.5512653471391676,0.6042238093877902,0.5733630243347938,0.5969236590942024,0.642547195498769,0.21765951908947997
56,0.5996723485052874,0.6661913446464329,0.5138475575598365,0.4840227744896644,0.40959674937748225,0.3318302776520749
57,0.5595945519157831,0.7897943771765736,0.7217480061508177,0.5356073000135679,0.6240680411402394,0.2715437054799859
58,0.25765003110972956,0.6798202905523768,0.7486307883519105,0.2161478582225604,0.3975093834509486,0.2746230374252675
59,0.39047984477750725,0.4461118831104565,0.6983010259406387,0.4965044062466263,0.5953421275475712,0.47700242194091697
60,0.5559471943127996,0.6161576818254221,0.5204015850939081,0.35983785481679686,0.29051327158887086,0.364659730914465
61,0.48666848554701064,0.5972290638859507,0.5297621388245557,0.5168420842151161,0.4937928154244593,0.22648719219415836
62,0.6021269730383318,0.469597851032731,0.7140276579533547,0.21133426923299428,0.39287248496854443,0.45244862900609334
63,0.4807840124940211,0.6240329082826869,0.5416419212905171,0.4610676383038224,0.3478707784234408,0.43706588020577075
64,0.49641614979323717,0.7654265212145759,0.758380794155776,0.5370108830369849,0.3820928926317234,0.1893333711550061
65,0.5659903847671447,0.7028056548859841,0.5418992492853946,0.42119055649392884,0.43610877838803536,0.33735136132988397
66,0.4393235157170847,0.5360235825408177,0.6380511311252551,0.5592232063086746,0.47352795239540907,0.31771468660980606
67,0.4295201162627221,0.7716861665737689,0.606329261750487,0.6183715949389887,0.4253250057714688,0.4038596513483842
68,0.6153798885772135,0.6797070637558215,0.5032017261872467,0.6292197188531239,0.5187978846308002,0.2386254952687403
69,0.6630964000448999,0.5339726162740641,0.7889606590110092,0.4527249037170993,0.49012468236053475,0.3377039836681876
70,0.5410300896923669,0.6929790171798156,0.5975587346346718,0.34299684961896193,0.24373253862436953,0.33363261145425416
71,0.5239543765756798,0.8463373533682207,0.7153265795828125,0.36855036424203913,0.38210820785564037,0.32038000128080135
72,0.37419382157605946,0.7662529865526052,0.5922824396579274,0.342798772746948,0.43715051841642694,0.25712977504434337
73,0.5740190910636814,0.767118057157826,0.6374183021871527,0.3303392287110115,0.46645246299093496,0.5450050424076948
74,0.4798212633035841,0.8343231137507782,0.33531581885979644,0.42563789602394053,0.45994788314562457,0.18984193689924375
75,0.6092559568499984,0.6817951092996644,0.6441789673151416,0.5450218703611733,0.6666973952122693,0.26065033445306923
76,0.5512719118768202,0.5379791168224246,0.5374378395404428,0.34837788590444235,0.4739726316433652,0.40113928473810256
77,0.6137148470085869,0.731975121110612,0.497764821430964,0.3936682974026429,0.4276106752913559,0.45653574719995993
78,0.7907853112450325,0.5482901672723108,0.5974224724630575,0.4613855616010228,0.45567366848049934,0.2676086351475292
79,0.49240839184922786,0.5756914969156239,0.5654868830350813,0.38270541276130354,0.32117188118624734,0.4823573087948101
80,0.5256704555463123,0.598685694157529,0.6560106203726264,0.466476008316997,0.39693552746882094,0.21170230601518492
81,0.5151771306454707,0.5026830941694884,0.6688213759330661,0.5035578437380551,0.4265332569824222,0.3396762816262458
82,0.37749115787705423,0.6674696451291772,0.545420936873045,0.49219254302705145,0.41870050315240637,0.42716619303474934
83,0.4542060966097755,0.5935489993592491,0.43351931534053956,0.4456223351947013,0.4380265047188219,0.44209720850084894
84,0.41790926902972186,0.615000407065246,0.5365646254942613,0.5211436798349216,0.41915352603688677,0.343485867205411
85,0.6206201606251676,0.593061216627679,0.6541941645546493,0.4881551442745455,0.5634178942530988,0.291366440028371
86,0.7977796110943377,0.8688509458424585,0.7114182517840567,0.5763388523780049,0.5726775714620901,0.14610687609184672
87,0.6047465269394635,0.7144916304023489,0.6408424697863117,0.5121111351876196,0.41908702010093707,0.21593852810470093
88,0.5741391684884026,0.6562216464575085,0.5577820366943269,0.41807952235086726,0.43212134078837616,0.3646576040264191
89,0.544262993408949,0.7342036193747028,0.5252674348274952,0.3890524195757279,0.4991065185340356,0.35923794654530666
90,0.7305172902521214,0.7591483901624194,0.5137541636437404,0.4161077917628248,0.3380995188181553,0.24261061041834053
91,0.6013539667210999,0.5550211845613142,0.7121672024161557,0.5180192195407376,0.531106136524882,0.2745837154345251
92,0.6655246941032543,0.6696045007811503,0.6547031037166549,0.3677153378691226,0.45415275584743,0.455011948403741
93,0.5976022909814376,0.6608866590084348,0.4541962427627048,0.37501237350955535,0.4275420807529112,0.30048145157601663
94,0.613135854444268,0.7459478240058315,0.6208873296136885,0.6750546515096577,0.49733335189754746,0.19771781470349314
95,0.5951984166868176,0.8005973980105406,0.6864351277146321,0.31273849097011386,0.3353319934312398,0.33456978903120904
96,0.635757143960293,0.6604424786682737,0.590154530006829,0.667220268392848,0.5278681082859953,0.2852145648229858
97,0.5466863902543816,0.6917833724188799,0.7379675281419878,0.5403528343102325,0.4951756374055,0.24455062480498654
98,0.28400718323686225,0.5191930161180442,0.6422689180679044,0.23481797057474807,0.3606489816783446,0.17750391316563086
99,0.5749610895213194,0.5546941978606441,0.5810298598502435,0.5282582903015695,0.4114118713460887,0.49304590959562755
100,0.46995631597277476,0.6505708662062057,0.57299552456724,0.47739018792174215,0.4105050599125395,0.24359045131529275
101,0.4940414627313739,0.6601776282398657,0.4743530224416423,0.48769052358189713,0.441657288712962,0.23286749904210796
102,0.2933239070519862,0.6899525387583652,0.6821373756209701,0.4456291313343642,0.46729263876730565,0.4656538798068598
103,0.31449699706195344,0.6671257613848072,0.7580509943526892,0.4788374020442607,0.4268938432238931,0.31234742551419165
104,0.4058646452260707,0.6428509712431806,0.5872829320818826,0.5382346696901,0.45424378198267784,0.24333250698411105
105,0.6413911906074802,0.7125287679598823,0.575992838922919,0.38249089718329377,0.3836251093051164,0.43839174998298464
106,0.370768166701768,0.7017410228767821,0.5820327537390557,0.5911968440325062,0.49931038049614196,0.35952762686669343
107,0.5467530019648495,0.76947050602598,0.7803642620394277,0.4504808094698449,0.487720513325342,0.39285987189275334
108,0.5709744954875846,0.6335244308109291,0.6175091600081307,0.4648487487216449,0.45427399851875716,0.3028351341450396
109,0.3462737892238256,0.6619807705106288,0.8483200870010165,0.482629516747604,0.544337632327492,0.4655455238638327
110,0.6088146072998264,0.7609171638035744,0.5671733169259137,0.43001676243912995,0.41307266904374595,0.30220272573999013
111,0.5591327817517746,0.5837572782647393,0.5717466625546745,0.6598652385734723,0.4932143619597626,0.25685197479926625
112,0.5382217301649023,0.7007927737045263,0.5300784967214996,0.49210243322301955,0.37147472868455045,0.1601463504125666
113,0.3858849749496024,0.5678829106382957,0.4694871969786344,0.5340309089341633,0.6280199876847905,0.2610960364848961
114,0.46609315221818765,0.6621771059044966,0.6669197892945662,0.40708894212849067,0.4232994517094558,0.15465111953936556
115,0.6049651704842104,0.6306897270433981,0.603513162275597,0.6299906930395405,0.48111752755704523,0.33555637731900095
116,0.47108083780281695,0.7164969739244472,0.5142206969617713,0.6475091689649639,0.43606321694815237,0.35313295074852136
117,0.6666096288991201,0.7160575317861195,0.6810335131787422,0.3434011743637567,0.4025334191607614,0.33702931111451373
118,0.49420255539459385,0.4326659678605006,0.6251381940828755,0.3449792451305436,0.3936261723792906,0.5610148053197522
119,0.39852385178121635,0.427356042796099,0.4039698759858742,0.24982871395137884,0.33668837135663066,0.3728988033170679
120,0.5433235184445457,0.5526277217126175,0.48544177261073906,0.550519727812718,0.33572779449069323,0.3521463551226254
121,0.5995977515092109,0.7928222339785774,0.6550895809671075,0.4252675756425551,0.5830328816076586,0.22528390899842843
122,0.46973258346464725,0.5614571202219891,0.455003081227043,0.37913454890970916,0.3273812837080472,0.32643658557268335
123,0.596279352695541,0.758514137905439,0.5046218302334421,0.467971691241321,0.4406775603770083,0.27625863867189226
124,0.5996868897341691,0.7778263478046956,0.7240108704417663,0.587149688177571,0.40904625936913486,0.25430841121084097
125,0.4594926793460688,0.7462668581310786,0.5274456332975118,0.45112872530855525,0.46485064935645226,0.21249561558728064
126,0.6730990539178865,0.6894876630933774,0.5420207092997723,0.5664060241148389,0.583807503977301,0.12204623763980055
127,0.6274137701592798,0.7121288909653295,0.5768873825073326,0.44674419851211533,0.5370574414384005,0.4202515210121478
128,0.5782086125330396,0.7431162141480354,0.5866534879628609,0.47314915937453816,0.39351748783387097,0.23690595740019346
129,0.5040783241607439,0.6736437189253279,0.6890139993485032,0.4579269030436248,0.4282415476966386,0.27806329399117563
130,0.46069359019253814,0.783987584547943,0.5452121855677872,0.34243653769195287,0.3076137960056993,0.3350254881729213
131,0.33610495452638894,0.7233639439870377,0.5200716707615505,0.5500607644890976,0.5153142736734191,0.45230398487303136
132,0.6696114146897211,0.8258322358247083,0.5325656978565096,0.28286579949076435,0.26876020762103203,0.21426848355081618
133,0.545526707546639,0.7475349410363594,0.4530318080937876,0.4415729753468191,0.3644790264728021,0.14017599711077433
134,0.5591545454672724,0.6449854321618608,0.4437064458687175,0.41525994354283013,0.4395849802826727,0.2951526298992595
135,0.6248669448671023,0.6931472391241087,0.5945287795450709,0.692586921619587,0.5509412652392992,0.21646569900732546
136,0.5544736487208956,0.6297075496614352,0.6212183087069757,0.3818765032877466,0.5624337603868378,0.397021443861136
137,0.6138529595966215,0.7369932970354132,0.5580459936244293,0.32037006474937696,0.32483894800317037,0.25838835504677393
138,0.5766154720306153,0.5878661538575609,0.664974901436266,0.580001771409438,0.4790185880402059,0.21022043657630096
139,0.6879078372456233,0.7535754781726551,0.6902550820837567,0.46172588468608583,0.410677571817043,0.23425640371076006
140,0.5673857332968932,0.652531694133403,0.5656172216275015,0.4383403556121087,0.5960352644275919,0.4098792360072656
141,0.5694613641270015,0.7385821953449199,0.7080654680751188,0.539847865575384,0.5051384640349184,0.40089352996250766
142,0.6210102731682773,0.4597983850656737,0.5694403945309283,0.4816739145083587,0.4730855180941332,0.34715826923735316
143,0.43713832245621287,0.6486268051447858,0.5022552278833712,0.32665514963091613,0.4647222598649109,0.29719328176616067
144,0.7206997617458927,0.6574193990570186,0.628267843134196,0.5406569235547085,0.5223484087865496,0.2474264942907382
145,0.6926444867536196,0.7202033077900265,0.6196575006775583,0.3043482903302752,0.3603791331414944,0.22300680082660856
146,0.7154085071079348,0.7560367090182774,0.5941389204372686,0.4278959225604964,0.4224806769000439,0.43454348484686334
147,0.6936034863026046,0.8394536757419857,0.5576654065157368,0.528232294556158,0.5348330045477006,0.3958243109196281
148,0.4083735042367364,0.7477326814151508,0.6304738532687117,0.42028108348917315,0.4053911692951732,0.36006381098491874
149,0.5724580184547103,0.7095946053834638,0.6207079517134182,0.5043795537950113,0.555625465916829,0.08250886366452416
150,0.6493817676636915,0.5931986603958004,0.6144793628123204,0.5868823342747628,0.5099211524781322,0.3693506893154428
151,0.5767662764126288,0.6903767553017695,0.594813140988425,0.647864116444165,0.5047947324436005,0.468387845101948
152,0.5133272622295892,0.7941596742754817,0.6573916206543787,0.5920816622221682,0.4983400793787215,0.3979574049408243
153,0.6604204400814387,0.6295528264266774,0.6891221114093304,0.6119594655067625,0.5292155435494074,0.09158858955574999
154,0.42137825389759764,0.708524759590941,0.5963699048564787,0.42222343359406284,0.36590830768329025,0.22496288897711342
155,0.5145295938795957,0.6088168277762601,0.5930886047665906,0.6440959412177589,0.5272710881283764,0.5001029141955989
156,0.5712433656053555,0.7438232756181359,0.4659080814421503,0.5160555746484649,0.3288617288997979,0.4467068409796905
157,0.5638300661992401,0.7518193786832298,0.6490326581413851,0.6050527710317699,0.4766389482267365,0.32375631533554106
158,0.3892004356149983,0.6709092718814674,0.7205793037061038,0.42609256260537276,0.5214258689271062,0.36539927603903233
159,0.38776335524719246,0.7465264717478981,0.6657574742133628,0.48460573269149865,0.45345916072600706,0.2944284424710103
160,0.5675572775868988,0.7448153019949826,0.5001812967073124,0.5094204740363871,0.384841882632071,0.41033165928076626
161,0.4513653407649047,0.6709524501911668,0.6419197495409931,0.5854993915811496,0.6023751668321313,0.2929656411425909
162,0.39367793866562717,0.7150657078178257,0.5858071774548749,0.4738913158925441,0.5578573861471866,0.21680996664615682
163,0.4420364391478969,0.5396646705548858,0.4988396732447905,0.488307122503596,0.5611921231640729,0.3011547267207855
164,0.39153741962216915,0.6188476341814663,0.45876502378818784,0.3821836883476705,0.6590962804833101,0.25337942352799053
165,0.5686294697684087,0.6197903442018557,0.5987397234084749,0.5790572701676078,0.4041377195407837,0.3432831229423402
166,0.6236388196650107,0.5384835289882941,0.7533697938618332,0.6672050232504698,0.4853643875540161,0.20379119022939346
167,0.4256636613842999,0.6591788289509349,0.6099753412378074,0.5025501786110409,0.584079883903749,0.5448987117952989
168,0.5052197936875961,0.7314283682861469,0.7240780212017999,0.34328332654173294,0.2519859280448856,0.3774300642163792
169,0.6003111794357334,0.6946606999392887,0.6335058112684085,0.46608866687094486,0.4402922513816011,0.32209378100614816
170,0.44654547635965386,0.7719951977138446,0.8146781823865763,0.5012697872894971,0.3169689428327079,0.4096242843715955
171,0.714910646896038,0.730814714061536,0.5904089200228105,0.4931931411609748,0.4805831285842541,0.35875930312159826
172,0.45951142718156973,0.7020966268268101,0.5110061985065162,0.38608698546661163,0.4063482757282596,0.3385935398796296
173,0.2937159673572898,0.5604800894897272,0.737980172312704,0.4415919815334809,0.3571611706193499,0.5275175871098119
174,0.5076854868854099,0.5984006853637485,0.5577125534944842,0.4181171738417948,0.3976649542181093,0.4545091409901346
175,0.6704487439146157,0.7876201715175204,0.5008360022271285,0.3344726762838171,0.316849584006733,0.28893245302973436
176,0.5348864970516309,0.6096683220675067,0.4831758536804104,0.4255198695382962,0.31243787431015113,0.24981316807620155
177,0.56701426679841,0.7449635431319284,0.5142076885773557,0.4232810831121265,0.5048402601820463,0.44545766997281583
178,0.7204471497749537,0.7340386649232715,0.6198156432326618,0.44577212162356183,0.2828237109018398,0.30333912412641933
179,0.41159559782929656,0.8373993069844868,0.49486437614242906,0.39387306295978874,0.4578391809351932,0.3102286879766768
180,0.545058219794403,0.5986065351165677,0.6486260777779744,0.3603061565665553,0.37532251370074843,0.3104884478488112
181,0.5655366389621257,0.5399740545648998,0.628521596609335,0.48540535546217206,0.3270188555851109,0.32640537187382995
182,0.4838348803950518,0.6698996288106442,0.5024036415005496,0.4425911203431677,0.44077495363961394,0.229460153886342
183,0.2837937305928277,0.5515702621984222,0.7048248334442282,0.3852167094911164,0.3841622655557933,0.41324455431113855
184,0.3345139966032692,0.6815164814384932,0.43021928953630495,0.45539176343401816,0.45118312624996065,0.5373314849267478
185,0.50683802936246,0.8472235210778961,0.7296225633249207,0.5690214871192428,0.28532561146411817,0.47924800388280214
186,0.6103744102727144,0.6738243778676224,0.5680237193391721,0.5214842664614125,0.6540649929339497,0.18808936361079912
187,0.4771384619259403,0.6385889220197579,0.7375844766945311,0.45837549283235224,0.4609409627154146,0.2906878729291456
188,0.571737972423004,0.6073068555580434,0.7073411282450026,0.516216906023952,0.5473949317386323,0.5181677372870546
189,0.3743037554155598,0.6526873028572111,0.7325901138932196,0.40892799036923994,0.4247528630518291,0.3338453629551674
190,0.665908688648931,0.7402173768620298,0.8000177496521131,0.5666564929586964,0.5081640403996611,0.5782118617952905
191,0.4584574927655984,0.7450906253099601,0.543529241851763,0.510248773722182,0.5473990978473106,0.5465013183160939
192,0.4415641914750493,0.6473614202886935,0.4460676872158147,0.4628350292903768,0.5966649231042502,0.35573414104620127
193,0.34832185435517576,0.5293776660917118,0.6638012634285558,0.5522032056650863,0.34534608287163615,0.1840702530808071
194,0.45455366860549795,0.5877792731810249,0.5844094090103189,0.5242947788245226,0.4181110889373715,0.33024894351794876
195,0.6087509651463656,0.6154459434881384,0.5733499176390765,0.6383435572137216,0.6512490224019578,0.40186023953276373
196,0.4329352113701151,0.6525032786286938,0.5347278364203463,0.2755134412102747,0.40666347315493123,0.31918356532821923
197,0.7304004220720033,0.5891841596199121,0.6946276723943059,0.4387748867126376,0.5017996540463949,0.1664744232682962
198,0.4650307551642776,0.6694197006351253,0.6963696540798845,0.3844690124048705,0.4410639223921177,0.35702126349759866
199,0.6052864885524617,0.62670900869886,0.6495921099540926,0.5952137261292875,0.5473392880876381,0.14127912633692344
200,0.6180209794633688,0.75688926711208,0.5541571087140281,0.6300081305050179,0.4715810054473794,0.33808870839667926
201,0.7287171793768604,0.8853008720592832,0.8256329639604636,0.4806227472425143,0.44796546631336637,0.4104635761430276
202,0.35221725178356406,0.647909103685207,0.4799543774599848,0.5836224859445682,0.5698454222596541,0.42387186951461703
203,0.4991280975212712,0.5868579599176413,0.5789489212710667,0.46324588891890583,0.5763419464596145,0.3894585876706925
204,0.3986747948406919,0.6961818019518351,0.619355230369834,0.39572946091323286,0.4373142161921948,0.2632270976524603
205,0.509334215987793,0.7907505520173306,0.6229840732343445,0.6147122586508087,0.5162700408525316,0.31777420495435477
206,0.501406705211491,0.6695213755896099,0.5064872487145834,0.5261597940193038,0.6357441994418876,0.3982050260802036
207,0.5148098022081039,0.6202106094674406,0.626889066777525,0.3937363571450752,0.4212561384566017,0.5009481378652979
208,0.5126845999679486,0.6887158861034549,0.5648344849686805,0.41416843112510093,0.5750440322716692,0.31094903813964625
209,0.6834324424053093,0.8687044124449006,0.6608610726403854,0.4344476868668322,0.32852247104721,0.564216816899257
210,0.412199072124176,0.6387240498259926,0.49549060700541314,0.513552767214023,0.3282034105890068,0.352207967331136
211,0.48592051560388105,0.7966513186006932,0.4837054127981202,0.36779845161178615,0.44589862587801976,0.5624671293124031
212,0.5077764342157436,0.4755605351242331,0.48941325555353576,0.5482934574292868,0.5862620427213432,0.34370014457479925
213,0.42082526002210235,0.7065487716984674,0.5230056456267144,0.585331208369045,0.4217222789087149,0.32856811027286376
214,0.49458863874716175,0.7695985486075276,0.46206187683507977,0.4712540724452513,0.32890411416212695,0.3752356918124901
215,0.5048330294308029,0.6454023683487297,0.6256847938451628,0.512632129121857,0.6579277460739188,0.3405784022714505
216,0.4912150745854906,0.6942189430311574,0.6216059603416348,0.48161675571724283,0.3985750631507042,0.40289816446250976
217,0.6834232594124432,0.6196655295225032,0.6445599536417167,0.7123508678339596,0.6095986511452968,0.20596301948761164
218,0.5975418099547599,0.7311226362616845,0.6743017404794449,0.36111754664534584,0.3482826425415865,0.19628914453424387
219,0.5993543356840165,0.8750249519948858,0.6085273953308928,0.4693733085476033,0.4579658508710199,0.1372965756611652
220,0.4744101329553422,0.5198754305396097,0.5952874750110198,0.3637909836474339,0.22478522918094115,0.6239741183357479
221,0.5048510243546912,0.6286630856943621,0.5294419580491367,0.4831379510178135,0.47048249900067984,0.4413670529260376
222,0.6066105188992275,0.634589292247413,0.536087596075479,0.36061674287134043,0.40073767124596454,0.27737178981465815
223,0.5229897012270446,0.6868090277711031,0.5387991339786151,0.3163020018164166,0.5207647903742108,0.24924042824765663
224,0.4172780576277089,0.5352546610882439,0.40086185905316346,0.40549288627445945,0.362341317632331,0.30558579934687025
225,0.5406650009397961,0.7686767019508502,0.6393232914212371,0.42262612413692685,0.4123749438986071,0.2944567909510554
226,0.46437866333114913,0.5466908890645652,0.4779631115805642,0.43169007612374294,0.41383373461838163,0.4706640719243782
227,0.6887447757456148,0.5571624697205962,0.5678955600634777,0.4649103884666965,0.4397561491053677,0.2698463343834053
228,0.3761446267333954,0.5859597258862419,0.5441055629689217,0.6066646228982121,0.5342108134561746,0.30317608947918157
229,0.4686042552562925,0.6664445737470452,0.6993348636119645,0.4786488697668996,0.439228801341382,0.41062345349859597
230,0.525893024797655,0.7420887682943472,0.6866433701889241,0.4961787516814201,0.2862393861729508,0.4290061337596538
231,0.3128877785674881,0.8121343402725664,0.7733393125732019,0.4834516126335759,0.5232866742155502,0.41008932750958305
232,0.5350725271585985,0.5477722917221329,0.4879365467323719,0.4653482218727059,0.4279650087151651,0.2654012732757805
233,0.4229399279979621,0.5069780381847563,0.5867194250920359,0.4885219620053358,0.530983786970714,0.38703850222231545
234,0.5983351770929854,0.7738369414304654,0.743931400914437,0.4613812570920922,0.548257700073657,0.18039011479632938
235,0.37440874648510347,0.6260134847794798,0.6622674982159698,0.39998173284171085,0.415024506366906,0.3329132989731144
236,0.46332100415919436,0.638862027083685,0.5147567111374282,0.5106749936000041,0.4897641732080411,0.2336014655766002
237,0.6512204770080089,0.6794773725908617,0.6976042938314914,0.642640234939274,0.45596471238818875,0.28520089575564894
238,0.545936618001378,0.646134182766175,0.6865046680769824,0.3345187488226577,0.44659514108219667,0.3664619387069592
239,0.492768115791294,0.6866741100618758,0.5326447511443918,0.4809546727020918,0.3141477384225853,0.3025179500860597
240,0.6082372223170023,0.6068513435130191,0.5425363321714248,0.5912651371198279,0.45170768275683887,0.2732030903278572
241,0.6931272887154939,0.8300725477684227,0.677558413186844,0.5118174695424957,0.43873885555252173,0.1065566999379241
242,0.27861241428740735,0.5198423171927886,0.5585990256675222,0.39715654617628343,0.1714455936151827,0.411966439714931
243,0.4221785094103873,0.7623634677715914,0.5281098053725001,0.5796519710328009,0.5721428035217778,0.19259850094289882
244,0.5815560385646292,0.6845155623831609,0.5068628328983286,0.505320191030922,0.4580091750359349,0.4317879214419903
245,0.47448037575645013,0.5336003173181927,0.7873889340760627,0.41758376012260223,0.3290902120749378,0.512113857921971
246,0.5914858317443308,0.6725793682935313,0.675192125349305,0.5303444520141392,0.5618466117908028,0.3949485589510612
247,0.6779541833262658,0.60755615347724,0.637512914551946,0.5958860988520169,0.5539891802399458,0.22496760168956087
248,0.6609031357536579,0.7746055812592235,0.45742860029878524,0.5050014763946882,0.5384591473398725,0.2971631983226897
249,0.4423251397722152,0.48166106134260783,0.5859134069039605,0.31587671517207205,0.4933718341474188,0.349882975459611
250,0.7182198639913294,0.6380986933721104,0.5628594398981116,0.5532415041096584,0.5708304381643954,0.247020095767677
251,0.5378988499344415,0.5312791211313853,0.5637200425334975,0.47374968230516074,0.5583546138842301,0.4385689583864171
252,0.5006441525775878,0.6350145793300744,0.47704007225992756,0.4516764453267236,0.47519217805674485,0.21166337416915926
253,0.5593507074583612,0.4953829183688324,0.5974611853751601,0.6176845254773201,0.4740025175022333,0.2691027664043777
254,0.532240398010338,0.8111077535413753,0.5687257555230463,0.28741659792056423,0.3704819869423805,0.3305284111776839
255,0.6544511988225562,0.734347883946619,0.660592652698127,0.6679707289023988,0.6016190407246492,0.3003540193766969
256,0.5048671103215867,0.5648991612492972,0.5884606226030558,0.44892436708409295,0.544825811389823,0.2501817395284216
257,0.605756102977032,0.6639379879318358,0.7016860207339092,0.5480080680737257,0.41646352115481067,0.23995885283671806
258,0.5517984399998538,0.569975971329154,0.5899167611655346,0.5397065245773357,0.4302094194646874,0.3165007721183395
259,0.664229817529667,0.5784493976796591,0.7851785318906145,0.5293557495486497,0.37276870933220435,0.18290764480301916
260,0.5660260353459966,0.756093925014294,0.6384754947793132,0.5381443922007794,0.49111173060265684,0.23714484216707596
261,0.601438259488769,0.676321971848791,0.559071500216499,0.5014076857555347,0.4256463935021097,0.316523466394853
262,0.6810150263056015,0.45045231333621244,0.6182341095055537,0.5362552005609399,0.34720484136645896,0.35509201159259945
263,0.4569106236862683,0.7959853968661452,0.6691914947877701,0.4082473371498276,0.27782289575810737,0.2682565360234954
264,0.34245952300943366,0.7372024023407936,0.6078784570194986,0.44489652566005256,0.42293057726395633,0.40203442167776365
265,0.5217690312866301,0.6098046381432329,0.5819504232911367,0.5059830849058043,0.44972668984593295,0.19576187670393116
266,0.4103570083250643,0.5856415417888373,0.5641907657615949,0.49509917356018407,0.39312064235904254,0.33358314816146056
267,0.30107780902022024,0.6109472215086759,0.5005762266049019,0.48388520201730095,0.4667841088406967,0.2035244550879957
268,0.4938775188191077,0.5772560502362444,0.5548003687591043,0.5296795249785586,0.4182355916939666,0.39745770377136047
269,0.4902913759977701,0.5694180649203929,0.5666704478174099,0.5400059474408679,0.47297198859223577,0.42847480391740767
270,0.3698918592697907,0.7233006180004671,0.6227698820349722,0.40122751172762905,0.36087663967615546,0.26706314745762866
271,0.4094878874194825,0.6133005535191627,0.6552221308577865,0.36848502787709947,0.43852000553123077,0.30114017192937625
272,0.5289683881070922,0.7064070439501028,0.5633436197305781,0.5126112632211024,0.7535533361215154,0.24514411686565238
273,0.39418425493346415,0.5925962153398062,0.4867214043483349,0.5317023303228166,0.4669272734721378,0.2728568271649985
274,0.5810023456815929,0.5655105553664774,0.5158566503013862,0.3571331185717655,0.28066045169495596,0.382878641477838
275,0.6039540343815575,0.6525918255526117,0.5815703329311349,0.4489480828655087,0.42123700442539835,0.3549689500426757
276,0.5049022544494076,0.745271977796038,0.531612307025866,0.31246759634839627,0.3686387775904636,0.39024797610640455
277,0.5373579026591949,0.6176074398886654,0.5337751309421243,0.5852302529419509,0.3902571403692461,0.17026817392325785
278,0.589256688694743,0.6386260118367149,0.5487369158099914,0.4092417743383541,0.6243961030591367,0.2639650048668556
279,0.6453892701568613,0.7029847876801033,0.5059765318774424,0.435752884560748,0.3853780853355699,0.38295974669884497
280,0.6358799391905542,0.5749249009685355,0.7517953633274168,0.5912162161177307,0.5434996226732997,0.13443633111361136
281,0.521304500009497,0.6255594666263575,0.5823869314040993,0.5657771725558611,0.47479789025579033,0.40662519318198015
282,0.5863470476758358,0.6492165241917089,0.4419643193359022,0.5809901603898947,0.42178037386234557,0.36091697541337314
283,0.5204243958341933,0.7763763128365401,0.47560413678503133,0.4209714914764019,0.36664255565442644,0.4274710423771449
284,0.6882906893703087,0.6858347213867799,0.7033978629558123,0.6026208664520409,0.6059776369664682,0.3148699925536998
285,0.4387328684711796,0.8720436536346609,0.511081832713449,0.32430994688730497,0.26555143829509875,0.22144952263675474
286,0.5869026277790883,0.687933310513589,0.6156997033754125,0.6520016470149762,0.4896015655459899,0.3637496986632578
287,0.6077137891145238,0.6496535739443248,0.4354197200794389,0.5034688873017095,0.4441019962326473,0.12869305005583828
288,0.6555581852910862,0.6738680820500504,0.6289986395724363,0.5997035201356806,0.4176048985464797,0.34952048278314457
289,0.46127522495203194,0.6540056814655406,0.546371312508296,0.3868066106259458,0.4840946028756601,0.34226339966133323
290,0.3424581320821954,0.6499135562358128,0.5813378415242463,0.36504118860530516,0.26466899768433577,0.15422067892607808
291,0.6298661163565255,0.6727043640368346,0.4843920936693982,0.32156999052490404,0.3617146590396778,0.3629228768708868
292,0.6937605536121034,0.677763310661195,0.6387797498397877,0.5077217502726493,0.4636519478352131,0.2132924799776306
293,0.4120580847563943,0.710418189482888,0.5421797163539497,0.528680025933657,0.42494882497432585,0.376506403566887
294,0.5150180485380093,0.6510839684582218,0.6173746728774457,0.5131588517908059,0.6051023753392086,0.3800413336474612
295,0.3954120262104714,0.6801741472469478,0.7733460231441002,0.4689834929807265,0.3956548292707921,0.5033042430454193
296,0.5234900113848261,0.5298468664785609,0.5598465039358141,0.41687778484901306,0.44653543098736,0.42633747504176467
297,0.5830709303942195,0.6446501989036008,0.4523193974891215,0.590829738563943,0.4556525385407839,0.36164870061503107
298,0.5119916593127433,0.5978632353875472,0.6053730829635183,0.551295318684413,0.5334862598300882,0.39485607099692693
299,0.5845441107431295,0.5896426834886822,0.5025000650028041,0.47685288103448303,0.6335402295560608,0.3266943962209179
300,0.5069278779899613,0.5332180723925793,0.4283947134137041,0.29841622373622245,0.43602788761765554,0.24247668929328967
301,0.5632130818432748,0.574671410823688,0.5139054017897872,0.4415949404413062,0.5484020616351214,0.40046637914743066
302,0.4008046189051333,0.7010798222354107,0.5525386987094777,0.5608443541921536,0.2437368299352189,0.3311620389558797
303,0.3132733767995988,0.3899483678582817,0.4000786993273373,0.5218262546410272,0.5149972960554561,0.5825667973308224
304,0.4633114193139962,0.7967452542557126,0.6474776961482345,0.47111229378066904,0.3895147681172846,0.5590104250172133
305,0.6365708794784258,0.7958354457375307,0.5586743463965549,0.35661628401508555,0.46526431592855394,0.2109972464691047
306,0.6026956346711475,0.5913667333150928,0.3715481554109994,0.5769338540433802,0.37053527091926575,0.23931616036803466
307,0.6080467498236638,0.7826476977789139,0.618963547004832,0.44076102446812016,0.3322811890606189,0.40860182601001793
308,0.5220043573478592,0.577219711347075,0.5381942762677598,0.5760350618974217,0.5219561518139887,0.3149342952241996
309,0.5270259426936044,0.523079612109256,0.7295316034675672,0.49692992891004684,0.449545689234567,0.2425603668521153
310,0.4546507761241272,0.6793214248656152,0.4168973205487605,0.4615969449804741,0.48187077398125316,0.39812854814347576
311,0.4691912268113478,0.6555838306146103,0.4870491031625145,0.253705191497358,0.2721005515277469,0.26687909237050284
312,0.5044292229995145,0.5708588996418147,0.6644720421759865,0.5004206265971333,0.4317091370981549,0.44864851481104706
313,0.5460766727000114,0.7809809338937264,0.6462949046690121,0.5946926191634322,0.47095490426236275,0.289373682260085
314,0.4647125855038844,0.6514335544236295,0.5434647637283255,0.5648059322401957,0.5786829332305445,0.29338768804867704
315,0.5028819026016486,0.6807419964530791,0.4884777670721341,0.5146749578702384,0.47301403767355654,0.22922282274527245
316,0.5141526031624656,0.6200126779154729,0.40954046010205897,0.37251582647757175,0.29656857749783827,0.45122459978245644
317,0.431803622237001,0.5868060169875169,0.7178375321042382,0.37258304049411145,0.4511677039679194,0.4488549048701118
318,0.569084741650088,0.6855854501965685,0.5352104169772326,0.5170687962225424,0.5471084084914924,0.3420059289549896
319,0.7057803302842751,0.5793077337648991,0.48969266031130704,0.3410533139494104,0.32106906849734973,0.09540045413695694
320,0.5446357783716537,0.5729722175145948,0.5629725868038773,0.507146591064223,0.5529213175043322,0.3989392882742847
321,0.48845327285859796,0.5685652753708986,0.6201363616419954,0.488896866213043,0.4368530943526862,0.2557452278983076
322,0.4908395954276992,0.6487311541110191,0.7168578827123645,0.4459807963968093,0.4537198752534649,0.4332287807670331
323,0.5157533312460433,0.6089530246548012,0.5505880831030107,0.6754423168631959,0.5104998683293958,0.15235671126087363
324,0.5605755690883634,0.596725537704006,0.5967356274371838,0.5446292327154548,0.556381869636074,0.15545051448384822
325,0.48203199423242726,0.6171623835956734,0.5197331723043728,0.4297258376620552,0.38137910034777134,0.2912291132083461
326,0.41747013530571253,0.3978444881313975,0.6856531872516667,0.5435361666053873,0.509745063103588,0.44150784620209427
327,0.5431195871576312,0.5951661626868755,0.6897477246883266,0.41383216755151175,0.3578920368612707,0.27036971206472266
328,0.629372797972615,0.6782691198555861,0.6823020987885532,0.5949027767932364,0.3963774838711608,0.4515675179888212
329,0.5043797158190756,0.69240100438801,0.4026264462548614,0.3232750603016388,0.43840891399738136,0.30802565396257037
330,0.6259555066525092,0.620035421802181,0.445973350641688,0.3930270974527672,0.5260659740726387,0.20524009108211794
331,0.4757198007975622,0.47294471212907685,0.5359288386747901,0.47769681264245273,0.4426031408931051,0.4153095259471059
332,0.5491726764477118,0.7457764646375438,0.6300085633460422,0.3108207745755191,0.5160901158213056,0.41422941317781203
333,0.4456689104919072,0.4823318030766357,0.5788580129048873,0.5583166246844778,0.3696959606333318,0.2726835800518305
334,0.6653647186028683,0.611304601202766,0.5827941737868356,0.266528331310488,0.3485753334438514,0.23454376444407293
335,0.6616518000392704,0.6677317203381762,0.5415573525970238,0.360266853341803,0.4050756001632447,0.23112384285009213
336,0.47370072039351374,0.6709681523071784,0.5567451544407248,0.445641097189104,0.43918656377642684,0.26169670630905123
337,0.4497821067997719,0.6402574356858407,0.44306979336820956,0.47951392793984815,0.470298735505008,0.3362676983357928
338,0.3989662937685356,0.7054333002245853,0.6256694903563002,0.4521342279674885,0.2685383689922405,0.30399492189382743
339,0.62844618000364,0.5347771398992713,0.6333947673133445,0.49213416855916936,0.27154824638278274,0.38104014645192985
340,0.28370982608006523,0.46427843936308216,0.7324739099229773,0.4122362356973863,0.5392063110724383,0.4667179038314701
341,0.3388719715082143,0.8559451287701608,0.6007193184479845,0.28772175147435347,0.1807150355130409,0.1826432069305253
342,0.6310846219929845,0.6308243936699284,0.5655259156227639,0.6268582686303865,0.6120069665117797,0.3721019784937393
343,0.6982162139195862,0.6456577801687029,0.5823607154437498,0.5630717871319422,0.5201270091133544,0.1617424415697911
344,0.4497994823349239,0.7326363847740343,0.5351635565316427,0.39862837494627235,0.4924247745446588,0.2966003589543442
345,0.5329646222619511,0.6478882678484605,0.4621450747930091,0.5772812430982591,0.3707338749245084,0.3907785610380831
346,0.48727564416573754,0.6515460251728087,0.5539736074690406,0.6044002364422226,0.6016381226824772,0.40490517075515375
347,0.47683337172618245,0.5494858519380555,0.42023242429722313,0.2324744861881454,0.27421379616175223,0.21166981929771442
348,0.6338502595223725,0.6838468020727363,0.573804625468679,0.48477654356808225,0.3860292492987165,0.30002295745532215
349,0.6714659596060603,0.5409079066440599,0.6751221116005105,0.5055833588594765,0.39657393147875664,0.3548883219728259
350,0.5562587553235526,0.48753363675069805,0.6463587994694253,0.6071171259383025,0.5849320736571478,0.29933633801394255
351,0.35182288961324776,0.5156385415287483,0.5111433377553938,0.5543517652081996,0.32780285362018957,0.5463104222148055
352,0.35642682152073896,0.5452907613168468,0.5143165796997006,0.4914350634570626,0.1901433656411273,0.5056279675821597
353,0.6460709561890602,0.843281613060057,0.713267207829195,0.3922746335743459,0.4091657419483717,0.43697780410819764
354,0.5883618584363363,0.38427114357173536,0.6120282148677727,0.6051525038839464,0.5442470675960295,0.3516262214206015
355,0.661040220087287,0.6939167597247816,0.7409278011840663,0.6232308473173744,0.5128962934326868,0.34633779739772386
356,0.4106993245250371,0.5712194024375671,0.6615934380386759,0.6560165080041274,0.3777015589875651,0.27012799507875107
357,0.47895735329766875,0.5754690365619655,0.4386402343237375,0.4364837776337018,0.2849371471680668,0.2874214835370761
358,0.4494797630355973,0.5981862046748969,0.5483064673606549,0.47404000834353605,0.36910784796391916,0.2668659062898737
359,0.6094839153586794,0.7980647953619223,0.6644234763131194,0.45149471940935276,0.5498515914003572,0.16063647051359026
360,0.6046634587202866,0.5227998075928755,0.5648002002590861,0.3854751928218923,0.5043461913381805,0.16780374573354448
361,0.5018949012699374,0.8660601809523313,0.5754034841089772,0.5175446762050123,0.5152309470804078,0.3061835504366683
362,0.6280648276435947,0.6084576789344355,0.5238961212001639,0.5589954318185637,0.508700425486753,0.286884353683107
363,0.5124524684457598,0.6552607924805167,0.5455001702599884,0.5543431144100226,0.5353697846644431,0.20163971433196112
364,0.7150871614112153,0.603404599350108,0.5633842710275411,0.49977778610717233,0.5258028360286084,0.1401241666062451
365,0.40702046541080317,0.7466228439092191,0.6309021982430693,0.41084387187085414,0.2863840697799403,0.11864861951266767
366,0.6623149539840105,0.6034953675074091,0.5700547148965781,0.33834114417663047,0.3102725441022497,0.0976804149840261
367,0.6112992411296686,0.7795270974801382,0.6484851222729223,0.4532842039759124,0.3515897788326625,0.17280310244596547
368,0.47536032475468115,0.8570292682321871,0.4227970240652823,0.5446140400925289,0.6662710509567696,0.4751754572195567
369,0.32780900570184857,0.7029185893813458,0.519461037028552,0.36518523350792303,0.5926437659917742,0.33134036557110247
370,0.5040373291249521,0.5952499980349593,0.5121177017108731,0.5564428006505107,0.4780560922870879,0.06497322774921666
371,0.6283714767216177,0.662077385595491,0.5220364863308474,0.5775927012358285,0.5591215401241821,0.4027512127464475
372,0.5659528213956044,0.6824041824706442,0.5758522106148659,0.5417957251801422,0.5986619174890689,0.29662265180193914
373,0.6557016296449746,0.632008979997599,0.6157805397784413,0.3727799935455666,0.4496685994094281,0.22049353511703493
374,0.6148343031912655,0.7860385854887662,0.5392708744312891,0.621040976008901,0.5417751426590943,0.22580765226747732
375,0.5190982985568857,0.6527239127816058,0.4609281141044856,0.45065355971536136,0.5925017520863938,0.2633520592123874
376,0.43854075323483294,0.6127104825844958,0.40246307701435347,0.5738017599534897,0.41729338671740673,0.2163275201206263
377,0.4847311652274249,0.8057085965097279,0.6489675064722824,0.5656116331250725,0.5257222698694748,0.44087829995063255
378,0.5067548832893238,0.6336176162530555,0.6222656575234617,0.5776238374299876,0.5576990865409205,0.25823950729375844
379,0.47803630202845,0.7275318193332514,0.5119011723320229,0.3756512259995962,0.31149190649965963,0.4901749925269044
380,0.4852069063060977,0.7179075379358862,0.6245490562318003,0.6031972554693883,0.4279471879324182,0.2454624614699248
381,0.6227854918074294,0.7434480827508874,0.648439331971811,0.5259771561389919,0.38153540837552885,0.3404828869392001
382,0.5770802960749488,0.6646622040764435,0.5556138538434338,0.5734758507821017,0.5003289031989985,0.17763303044020684
383,0.5024190592130351,0.7512473129153882,0.7269360684896701,0.3998609178392917,0.34595674583804814,0.34182763320987486
384,0.41219528872809835,0.7088936022339055,0.4081931033168777,0.5740695985890818,0.5268582323759355,0.4655147881833508
385,0.6081671574537765,0.5867620697613982,0.5816908077815524,0.5755622053327127,0.5016979720900725,0.3794218067794849
386,0.5396121474056234,0.7429860600428475,0.46747954605379616,0.44833896372075593,0.4341697765615641,0.26870672881508906
387,0.42922564069192193,0.5410903875923395,0.6125598153896726,0.5724368467725268,0.4293856604837618,0.162325706789951
388,0.4547257443131724,0.5281849898075811,0.5529392849743678,0.6846032999957545,0.4168339899079963,0.33049209266431057
389,0.4687482622565102,0.6222559615086505,0.5044025328553118,0.48185576509009764,0.5747454584938406,0.3762513016808214
390,0.5236040251879669,0.7160468793219346,0.6568448864003297,0.5078934903348635,0.4731086837594415,0.363515330606468
391,0.743137893871583,0.687422236679966,0.7984367716930584,0.5078213318792585,0.5023994542157546,0.2730103846530516
392,0.5081255575733561,0.5448766169225118,0.6105088631670184,0.587704522207266,0.40538320288237334,0.33838463566867183
393,0.5410745253678751,0.6697798106482261,0.6727177610976715,0.5310416699299738,0.5780548964173433,0.22551205218825343
394,0.5832963696515974,0.6425213243753345,0.4807427025456894,0.41979339219375766,0.4557066053645065,0.2478634823025802
395,0.5800172990777652,0.6471409632810371,0.6933914836131143,0.42875974562358665,0.5087955364412348,0.4402577296670568
396,0.6157442489288933,0.734518509063006,0.57883143319138,0.4358068621793606,0.3683109414526951,0.26717882028077417
397,0.7206779798828734,0.7385465096219793,0.6108192358105179,0.5126358279220398,0.5727800593095989,0.22266574739395442
398,0.3499988106414597,0.6989236020043751,0.6316086241432767,0.33443389381985944,0.5603255076103176,0.3535413502827472
399,0.515700474619923,0.6980724316879475,0.7224096483513126,0.3823371106071678,0.3264222557917386,0.33209974338057635
400,0.6157252988386666,0.508154889831433,0.5448028372870567,0.6030109939594311,0.4948135966543668,0.38138782332833715
401,0.6333167175938407,0.5451805016731266,0.6806166641507855,0.5724679665298551,0.5097171855487822,0.3130659776078515
402,0.6809323951611611,0.7391971167900193,0.6344848271900638,0.48849327003624954,0.519508249547928,0.3353927853574475
403,0.47979800561185354,0.793438285471041,0.8256474252185887,0.5392658736497552,0.43501884344419395,0.5452067936789048
404,0.6074808588514713,0.6797019037305666,0.622205309741321,0.517736129340357,0.5609224884478228,0.26710147988136645
405,0.5588897934247566,0.6782277110886357,0.5551238191374721,0.471487886622605,0.36573025649907326,0.3008098242395161
406,0.7322586521130762,0.6059302553659792,0.7668408962747246,0.4568686243672182,0.4527035198858684,0.281850285213783
407,0.2491816425367042,0.4602072173251415,0.7706898528230381,0.6360494961223002,0.3228309818918803,0.5781511363269365
408,0.38000805116378716,0.6332014183932291,0.5406152859581939,0.40228812382309026,0.333872283438396,0.26799870460886793
409,0.43582785141943675,0.7520540957806966,0.7034684367876349,0.5925696226534399,0.3769729655998794,0.40590750325199015
410,0.35872368525902265,0.5942916354802295,0.49653065859200846,0.5541286972165022,0.5805240397501654,0.2573720730431723
411,0.5724460828750174,0.7428943562171105,0.5957732422561524,0.5193213435463802,0.5255336263190378,0.3365596841942324
412,0.375727889513944,0.6539245306670654,0.5683917448555953,0.6453320147565775,0.41840539202417315,0.44832830596645623
413,0.6357198315653191,0.7871617983302258,0.6380808494317854,0.5322226879897143,0.5619497799001003,0.29068139887116506
414,0.6720640611365658,0.6829934078770098,0.5472090162197101,0.4321089393699229,0.45726632300508396,0.3457443014699048
415,0.6527451912147006,0.7622045886657067,0.5707824670966216,0.48268032422079943,0.45377205898566236,0.17723954656285607
416,0.34470757867170726,0.6220929613628959,0.5839592841241198,0.5588251781088491,0.4549855061887411,0.25795391509605387
417,0.647408773641316,0.537674909473531,0.4498578172604951,0.45813048906354037,0.37442481751049456,0.23437359302796185
418,0.4780519323940612,0.6264135827970227,0.6283500289758716,0.6368747465736532,0.4369877863827063,0.33769715787212584
419,0.5232347057604475,0.666408437087943,0.6336452901885747,0.5810334723492112,0.35141621771010223,0.15456820312926062
420,0.658663459258657,0.7128864419869922,0.5521288981590066,0.5108828965560773,0.3800884131592015,0.25135986314422076
421,0.44104494231924724,0.6646316934368702,0.5725986571880161,0.6583688343865205,0.40909761790814075,0.36897242695846283
422,0.45520939307791725,0.8756570189370652,0.43791667783353444,0.5242754769344793,0.3238550682602038,0.3800438119581116
423,0.5502650134453736,0.6341825544344183,0.509547306666084,0.4190397998180448,0.5429407368504189,0.45332498663208487
424,0.6933380681517315,0.7794628290411459,0.6657305664881836,0.4871330976906384,0.5248859921281014,0.18053667599649365
425,0.68475858790759,0.6672091361104313,0.5729362576102661,0.55792784967409,0.5451823985847037,0.42783262599852295
426,0.3296121730251949,0.5127987416657949,0.45799898657357424,0.44736624472261044,0.45923459457563015,0.38381657623323806
427,0.5758929443589565,0.6195225748203503,0.5372183105025019,0.6308778384832985,0.4306745746008568,0.3380575552894603
428,0.4121450935499052,0.744622583692553,0.7206533434308544,0.5141423218792258,0.45856369023419485,0.5479042183023523
429,0.6672231534543888,0.6915305188468296,0.6642758908877645,0.5155623912868975,0.547832331163626,0.24610860767609868
430,0.5895172901761028,0.4457595157451445,0.6707217971141984,0.619746336692758,0.5061724603704211,0.3050854926306467
431,0.5187280405065021,0.6677976340063001,0.6232645860580859,0.4901608626905109,0.6129283639845649,0.39966636834075475
432,0.336055240121885,0.5836292811483255,0.7747923441166719,0.4478273081523839,0.4668774492936152,0.4886181465638781
433,0.6044449983420428,0.6746745759342369,0.6079481512933677,0.4299613140905816,0.35011805110856237,0.2630134926605328
434,0.5154731811424044,0.7215271900972293,0.6344063240409182,0.5595744302008172,0.5719625987027495,0.29191438809535186
435,0.5831426410272524,0.673045751441247,0.6384544523224456,0.4262885436663126,0.37890846552557417,0.18060336902090607
436,0.5939470845025505,0.7109819330298596,0.7233700748896409,0.7197272703884888,0.4786001483771217,0.3159519370956705
437,0.5779723404178769,0.568734674921724,0.5021828179282751,0.6188542325361451,0.4953877374598959,0.05636031843567422
438,0.6145381819223584,0.6641197144037877,0.5566655024854107,0.399278719673761,0.39893791439057524,0.3493412497983634
439,0.7011974602620938,0.7386624091474492,0.5868075268621996,0.382280260906836,0.4498365362180629,0.19632842678788584
440,0.5644096583186519,0.7661331753171844,0.710419778959568,0.545164667521757,0.590394860854437,0.24064742146605791
441,0.47892459498759266,0.5587112528121454,0.6318404594837447,0.2939337939010678,0.4352575988378252,0.4448658141969009
442,0.49022641880391,0.6246995176961478,0.6345319563719248,0.5774648837576898,0.4396833668238245,0.25117552271214943
443,0.6524031881232764,0.6939260315695638,0.579249902435909,0.5175291452457462,0.47851385365490373,0.19016193200061654
444,0.5191156351886896,0.7034274963464883,0.7279575546090307,0.6409948007614766,0.48238331643072896,0.3161200569909548
445,0.6429950613388767,0.6498723468427828,0.6176763756466651,0.5240195353091992,0.5942187532925117,0.12034059507058036
446,0.37837791423039124,0.688149557078944,0.48478575054034634,0.4755632058906261,0.4458026660795159,0.3607296436030469
447,0.6047830076125891,0.8056030390269561,0.5659381978955245,0.5646700826031393,0.6056752778201978,0.35068156465894945
448,0.48344792465163683,0.6538588312239797,0.5364024155307631,0.32258648797308986,0.2951235546628718,0.2460649299570485
449,0.32307893324305087,0.4628933626440952,0.5891113307195155,0.35191869747121696,0.5181754944015461,0.3392126082637182
450,0.4035492419852563,0.5074012772593193,0.7762123823176265,0.3011911683387674,0.357026491197696,0.2833041950742491
451,0.5928039178835387,0.517056872866431,0.6727244747646045,0.38306113364896005,0.38623292170486057,0.44310478823703503
452,0.5520091182188623,0.6873703916441952,0.6074660490228785,0.3337417131201726,0.38577961897663354,0.3467623601505965
453,0.5797294365505953,0.6353705548458798,0.5365789621713297,0.491898582265209,0.4254173296601199,0.3970508062377886
454,0.5562813177864924,0.7706898023088105,0.6543934197727245,0.5042898538155969,0.33750731999534406,0.327631912945342
455,0.6668056768084589,0.5993619496668714,0.5703511214906104,0.6263512342975588,0.48987070710913777,0.23624737053296738
456,0.5434266888484841,0.7778611589945396,0.6388010646279617,0.6179519781799832,0.3509361767176383,0.4015604116151633
457,0.7215105401766481,0.7182498804236501,0.6247159088399393,0.47940830302142456,0.5238260858059769,0.33157091315681864
458,0.520046869749872,0.586830979960801,0.6242764829979511,0.6057442791346541,0.4169336081844338,0.41074184072057346
459,0.6633729070728411,0.48502071988569134,0.5942961524555663,0.561926875200905,0.5020003124800754,0.15311161702036258
460,0.597293949281482,0.7345331949782556,0.5998478558749462,0.5228460224064951,0.5157403531350434,0.22804050727101738
461,0.6626687253009428,0.652848827404269,0.6775340701718878,0.6498854012551178,0.5716230784843546,0.1804482136468892
462,0.612666324954138,0.6379005144828769,0.6721319436899151,0.5781175670005287,0.4216474718248225,0.2683096256584541
463,0.6548839277003325,0.7007082440750918,0.5844117338566408,0.5619692848077595,0.43330251980356765,0.49173662558001857
464,0.43299583510566675,0.5860940630559158,0.6907267988352329,0.6023918689859727,0.6680138352909538,0.18137276554522486
465,0.5373977984711208,0.6271412328412967,0.532659678103964,0.6513361082131173,0.6349829851810397,0.376334016159958
466,0.5440941186845192,0.7877412550537558,0.6069838757872603,0.5614069874741937,0.5383442660126507,0.5766578162120294
467,0.3600034955146893,0.5493590276229084,0.6749638472198163,0.4079100924315551,0.24971407854763789,0.26392319203892395
468,0.6892425627639367,0.676779156461401,0.6061190371792858,0.4266415817884558,0.5140061963284821,0.12589169333536362
469,0.4258372951735866,0.5983888478938224,0.49720997117061344,0.5073691332919936,0.41938380724215446,0.28162253527735526
470,0.5385804902519383,0.6258434637157612,0.7364153544145509,0.4796976873074674,0.4221888753226193,0.2805516214495537
471,0.6643768435138077,0.7273801455869686,0.3991529097545144,0.2121944050155958,0.3043515287563654,0.48751988967277
472,0.5145261881200509,0.6560186569718728,0.7198418392578075,0.310877654176659,0.19709260898660247,0.487127806845684
473,0.5953702965874302,0.8085016875935022,0.7119456311698673,0.2518760994636434,0.28410395850068093,0.32772817140657723
474,0.5398887653058885,0.5461583526695822,0.583340843384396,0.3456662470087028,0.43605486975038693,0.2822874816573483
475,0.39895506186171165,0.3855173265943604,0.5241349864100083,0.5515861647008578,0.5200823361526089,0.15941455653246658
476,0.5877608535778547,0.7870964672963799,0.6472654925606612,0.5522226227755986,0.45799553318315184,0.47232568172474365
477,0.5361070841486428,0.5216770766099106,0.7245675588680277,0.44884907342013824,0.5158192276108311,0.434718188365459
478,0.40368552954482184,0.662792272076229,0.5894938839618078,0.4675757808611414,0.3708264555453355,0.3508971141219631
479,0.613274720759519,0.7584143030274254,0.6393703159105569,0.4592617362915011,0.430131933353318,0.2068901026880388
480,0.41785863760754305,0.5946441395069226,0.5946094831221016,0.5475199637875038,0.33752225395358915,0.3188890286114686
481,0.69267807153184,0.8130234487868468,0.6194010714535633,0.3097793099260735,0.473356811098623,0.23952280949163346
482,0.6313773566270672,0.5990512836972786,0.5736840184777704,0.5601657494349477,0.43598922794367284,0.4456428506715519
483,0.6083849063746161,0.7916969560836379,0.6707826734582303,0.6754034717545189,0.4577378390431442,0.31545155803636715
484,0.35182903598916787,0.6689981761202184,0.5738488754709818,0.46691394409002474,0.37758713363985885,0.19397069697217337
485,0.43906660795524244,0.5324962855603386,0.4014200613334288,0.4493726466398384,0.5029511292313811,0.3642948041366417
486,0.4032698672411041,0.8100696657811126,0.5556674429879866,0.5873941339227485,0.43223858624168093,0.5402671164603832
487,0.3821232695912703,0.6246931647582689,0.6358566067292889,0.5292314769554358,0.4809994128888919,0.2436207816526291
488,0.5039588321234965,0.6771562734798239,0.5334309392947303,0.5595601722360617,0.42528805286528754,0.33794141389986826
489,0.5599840598898772,0.6703769963438273,0.5415719358864206,0.5293429167882032,0.481084536588811,0.214073964502528
490,0.6043128996621447,0.6508787240964722,0.6215258595737494,0.6505129354449537,0.5517873409035098,0.17169043673163484
491,0.6299834880945275,0.7248746780979043,0.6371220353187733,0.37668950729198225,0.31418900185613796,0.24528197640945115
492,0.2881503715052826,0.6774054656037728,0.5811946276173559,0.5116318872877279,0.46841167752969287,0.148680669216585
493,0.5090208554340961,0.5691032477228589,0.6139633064441645,0.7399916642606081,0.5397534533996806,0.3707291471115317
494,0.5230557792162275,0.5943750611333873,0.3644923437175295,0.48131588114598156,0.5882650108224575,0.39724367948106615
495,0.5098693976481223,0.6993400171349138,0.6970584116065066,0.3102002381014364,0.34632000467798996,0.42990063830967395
496,0.45709262720221283,0.47265326144760067,0.49953881942211603,0.5594355747019043,0.3205201535447445,0.5739260962217207
497,0.48481555303314006,0.6484394702533892,0.6805217413378069,0.5626454014780506,0.5281764258040297,0.265069797367179
498,0.42984116726654703,0.7282459487441153,0.6469358516189924,0.6635045315818778,0.5545337587660011,0.27898899518200915
499,0.5945340053093345,0.7148769964352494,0.5317323932182688,0.3843766953305474,0.37772454362081187,0.3100143844864168
500,0.5028590717847842,0.6811656770816121,0.5468909765388796,0.47836435117352877,0.35103372343875044,0.22249732703092093
501,0.44903096729146513,0.712754516080009,0.5564447285658156,0.5018518042583067,0.38255614675323957,0.48204861260836657
502,0.7636002964811296,0.6391180706799638,0.5817663831692479,0.5437499207538535,0.5325415005617115,0.19620485895575712
503,0.5100667742082649,0.7373893663628478,0.6572624943626766,0.570451677566362,0.4609592636560698,0.3390169142072027
504,0.62812190317346,0.6659097694187199,0.7286319658589167,0.6183206243990579,0.620991882762429,0.29174216259596014
505,0.5407705327783935,0.6118427495071522,0.5095337366463828,0.3974360501456979,0.42788793248258034,0.23261812356456366
506,0.4758944140550126,0.7341084136036473,0.7464472966648127,0.37963156407372467,0.28636556673648644,0.2612630621381482
507,0.39571922837478385,0.7786564440585074,0.633816031125927,0.64488087258171,0.3093469556456131,0.4989242897033504
508,0.4659602128767323,0.7297438527789114,0.685961922895212,0.604436638488251,0.4705285329026305,0.30080193526028576
509,0.39455861533506653,0.5988547468225622,0.6796587519780716,0.32442570859139064,0.47509518708539683,0.4833915489047107
510,0.19771082495219292,0.6793762809194315,0.653663772034281,0.4285711776198564,0.381392435058008,0.3342745801739695
511,0.6793120871511726,0.7578899324941316,0.5490452050336295,0.3541008259261831,0.47218939251099384,0.28212178616948136
512,0.4891855512902619,0.711593878689369,0.5515083040278067,0.5056545726619607,0.42769476815977675,0.20456065675654173
513,0.45009745872797835,0.68596453310126,0.6745926463193869,0.34046759543793775,0.20684187146992333,0.2856335223454094
514,0.5922094654722033,0.6647121783618071,0.6769075383900592,0.6069617849875514,0.40960276834639464,0.04268233769442033
515,0.5921839017229259,0.6418176168764044,0.5321936944990012,0.45145928038576155,0.44391471254164205,0.34714616335642223
516,0.7290565806152581,0.63544250498377,0.6494128157691361,0.5537345516029561,0.5109994636754099,0.08230645771677192
517,0.3763423665282082,0.5493350592702024,0.4834364833266692,0.4605970673727672,0.5624010321839453,0.34513751759859906
518,0.5322073316638257,0.6128218717229444,0.4828603464806977,0.5390888532157972,0.5127677912250276,0.45595751976280013
519,0.4571563380326762,0.7210956365829262,0.5949635219874807,0.5137575063139619,0.4541474540070737,0.29600572514770057
520,0.4194571278580178,0.7808030802440541,0.5557688244006557,0.38857286247781997,0.5354558206053008,0.22822820110995923
521,0.4955449419413784,0.6729851508986622,0.5785809566057404,0.5008957430541032,0.4635868543099195,0.48045370889454353
522,0.5692694347137268,0.5966037977224357,0.5579254476635814,0.47773795906324884,0.49118071482052533,0.23067020228976995
523,0.6633723693827054,0.6634509570695153,0.655781008108573,0.5074630701248746,0.47213867214260413,0.4494093157108845
524,0.6418442095301142,0.7060527311914563,0.520749570092763,0.42061220506038793,0.29472555118532384,0.2420237869987139
525,0.45180004588423184,0.5938566859826183,0.6854056240082711,0.5640296083469554,0.3211639386939308,0.23761676682798022
526,0.5356366105388858,0.7085455375974841,0.5939155940021422,0.3370739171142644,0.4083769677972585,0.39517906748430476
527,0.6443442836502755,0.7925458338400996,0.6785297013703283,0.28138639055263814,0.2640828323997588,0.25728505061851525
528,0.5574045475788354,0.5644781326130827,0.44301957689399274,0.5530076643899637,0.46121581456734373,0.2719143964803044
529,0.5762375018415415,0.678841058726564,0.6753352754575203,0.6571262037417657,0.5406226095502555,0.4515266257750141
530,0.4297471347571303,0.6277806952949514,0.5473558104451081,0.4249398109006139,0.5615351886012315,0.5439917239509562
531,0.5570601307330916,0.7235135362122234,0.5662924572189808,0.6100951709809436,0.48479935025686166,0.18595588995345258
532,0.46739553354684704,0.7709276361601304,0.6943712340115343,0.45677825141440587,0.3619412541663262,0.2235532250212845
533,0.4638712590405988,0.6803936594627764,0.6656090552395549,0.5626157742225844,0.4161986617425002,0.14775018437950246
534,0.6717706281111009,0.7077594844076552,0.5889555310960792,0.386240706953933,0.24376239408767048,0.30537169542442877
535,0.4513274228765507,0.7672865849685553,0.6666953956088891,0.6063783711029367,0.6033286887863106,0.26699408169643196
536,0.6233211310637145,0.7900010946192336,0.7791881129961159,0.6064799740392316,0.5954209310495285,0.28899524548175864
537,0.4823666065511219,0.5143152186399721,0.47317052138735577,0.5439854882997934,0.38897437398212953,0.19921529825003426
538,0.5240126839858397,0.4948997246858429,0.6197877220884703,0.4691376956563198,0.43275294861784586,0.09981707174313599
539,0.4878918784772873,0.5826347967681782,0.5416775059738709,0.41007833427392504,0.2903569298358026,0.36515984963715886
540,0.42455015665094126,0.7772459090904394,0.6070586145069814,0.39516655431482217,0.26553814214719484,0.22081260164222968
541,0.6121774506383125,0.7587287851072235,0.579252906876838,0.4763336735959003,0.44035592008028795,0.18977587517638286
542,0.6272803690307174,0.5939993593057753,0.6113064070613868,0.6195894776895774,0.5864139508436217,0.2339631027847207
543,0.34859716862692014,0.6419500393483116,0.811167150965139,0.30244124429492286,0.439427004734929,0.4902583029820128
544,0.7262840073027254,0.6923410683559085,0.633441412775553,0.5182274376864919,0.5576730011406612,0.1595554858305523
545,0.6563145550369642,0.5969279698642246,0.5691040967164407,0.5054782388088311,0.3753148037392228,0.11116307678124751
546,0.5536410344670124,0.6159719666295846,0.5069115184878794,0.5372403577807017,0.3962203254692515,0.3096015325545628
547,0.6895857121611202,0.674328543717321,0.47562029665615585,0.41325814640163455,0.5117776125466864,0.24544678975316472
548,0.5513493266272457,0.5723337295258102,0.5238122700115029,0.41975926958272075,0.3456730655796555,0.1946534844747404
549,0.7124912975327696,0.7586684276778112,0.4984122332874214,0.5263455853009466,0.5253326876360886,0.23589025205224565
550,0.6313131905032321,0.7183460236734335,0.5618326615360569,0.46089492414934535,0.2962087283174402,0.09157385628521816
551,0.5857005892735375,0.6569937516250598,0.4926075462788502,0.5425841625975023,0.4922884048037618,0.29066744059467375
552,0.4972268925851439,0.7923429115869887,0.577778254450442,0.5496480778686077,0.4649630174665361,0.38244714320060436
553,0.5668599003252855,0.7020306465037293,0.6957369916944535,0.3741654932233858,0.27347183984345663,0.3009571336557648
554,0.5236523547892701,0.728594818303637,0.4565344476762753,0.4632639467519319,0.5364112373281433,0.3475769066567793
555,0.41922068393333783,0.6740490771558505,0.5853577959750977,0.6133832039767165,0.5736125640841406,0.4821525984435535
556,0.5976288085471856,0.6335401152530481,0.5989947495307981,0.5953947669860115,0.44822171986341475,0.24006978646530833
557,0.5542845036300971,0.7158297555901036,0.7759241968802931,0.5610946790391895,0.3989427132072986,0.173842802798529
558,0.5110280368276091,0.6122105721110157,0.593920165680309,0.36338578266307164,0.3071640914192984,0.36602700662460574
559,0.5270065037656763,0.595766344409881,0.5367791930373551,0.4809651134464204,0.4674330447651349,0.24893950204557042
560,0.46763458031479355,0.5262785179231444,0.760033418794105,0.5424258996811442,0.416900752007966,0.4390732089246238
561,0.6885246208013489,0.6670313274541573,0.49864481521668413,0.5790922528272316,0.4966108393914926,0.2706371438299264
562,0.6248508988893426,0.888290227452337,0.6180532289754972,0.38504339562210976,0.18501658458741807,0.2682389633433569
563,0.3448964739539455,0.7156677845786049,0.48535658277795507,0.5134676764879579,0.4047070036420607,0.29489218459930316
564,0.5245831276547375,0.5598934082887891,0.6210183341598025,0.3977480734820191,0.38709934964399634,0.362632248555225
565,0.4803909163288783,0.7442301400717904,0.4923392906101099,0.5226127882346256,0.690516939427975,0.41157386992652467
566,0.5900883695946689,0.5735356427375177,0.6233537506068643,0.6365156249890167,0.5720542318247671,0.29661992934223663
567,0.6367469651499703,0.673139107720146,0.5716765788343147,0.4316044845689935,0.6018714596514196,0.17351690976740758
568,0.4089408696856096,0.494822838739602,0.4930561585523975,0.42825389758458987,0.2963982545500466,0.45586013747176785
569,0.47110361485339813,0.5005782874365206,0.47792112572663775,0.5329996159481455,0.36595764748334525,0.5116485742095784
570,0.42352648789466246,0.7641028488345328,0.5351116080751946,0.5920086988631137,0.511014781342354,0.4467139521184833
571,0.5510696067425924,0.66773789237135,0.5736208162277318,0.4712822576174574,0.4837228466270237,0.33361023763150643
572,0.5356104269787056,0.5518917343408105,0.46106483934761217,0.5178693522125255,0.4628272094527514,0.32364610014676376
573,0.42746263064215667,0.5394443048890883,0.4711090192807491,0.44881118062552083,0.5023811424520118,0.30657507198975154
574,0.5906836751101392,0.7283082154236874,0.4933415831904343,0.2329192451386144,0.5457871929021628,0.23974689725503598
575,0.46189522986399284,0.6485084590301433,0.6035889331033679,0.3875441881437147,0.46846535412876605,0.42030913422909033
576,0.6517034914508868,0.7528564321848414,0.49617717352593455,0.3111497698229902,0.49212807298679134,0.3145693476936647
577,0.39337554559802745,0.5764862768170167,0.6781999410978325,0.6057200235540879,0.5592759497098301,0.4525485419417049
578,0.3001939294208808,0.7796648357360704,0.6918835637347953,0.35775746482692034,0.2696189178779019,0.27711872687003025
579,0.5583484558136196,0.6111439544144416,0.5563079125556252,0.5565893813327265,0.5943772894133611,0.1831913410051151
580,0.7012833696803841,0.5157374211435802,0.5816776850427536,0.5194412967631057,0.5404613917154218,0.3237002284567009
581,0.627403606339545,0.667030269036216,0.7652654928644691,0.6375462267603531,0.6653716593495723,0.23271008692193765
582,0.6090676906467267,0.8629509232206456,0.6198169189369672,0.5021021592109217,0.42970528333928787,0.3882389644391386
583,0.6215376006147888,0.5034091718834712,0.4636697089867029,0.5760850734288043,0.4743502662943774,0.23413621568394144
584,0.6420947720601659,0.7225442690100462,0.577040174910359,0.5060957205035829,0.44383704593644446,0.3115499472352157
585,0.6344604849924212,0.633586765500013,0.5535636752157098,0.34507311688307696,0.28381502484394605,0.33225827247671946
586,0.6281659344430022,0.6596029780977251,0.5763844209972888,0.5094733470816704,0.43865709587345647,0.21414730081822247
587,0.6090861775353201,0.6250458752862589,0.512685473989493,0.496267375746014,0.5713853024362329,0.4406138761325884
588,0.6464647632654227,0.6137098724900624,0.5124746802244793,0.451045285018612,0.4074071046962536,0.2075650567425303
589,0.5570362156022486,0.7264212847394306,0.5296288548570778,0.37143159006733983,0.6099965554218227,0.25094283621961
590,0.5755416432321558,0.6843675579237609,0.5873764024265618,0.4187407140705628,0.424482537393329,0.21922628467518956
591,0.4381899928157907,0.7544694268496314,0.677504295970629,0.45589308270436735,0.5411325304442278,0.3003957620148611
592,0.5881265269915263,0.713439354453337,0.6230897321516948,0.5640885404046723,0.5312519210169547,0.18942577828300183
593,0.6836544138356495,0.6622406097728873,0.663127232800916,0.5098412731199372,0.33549335627886145,0.3645143014242712
594,0.5415853582760698,0.8320282626129437,0.6739247606519776,0.5835652807462762,0.5511055248238083,0.08687014724881022
595,0.4976187638740646,0.548752926954924,0.5948674186595797,0.5129117072890268,0.4190765040783565,0.29820193742400575
596,0.5356079258074775,0.6717516434537061,0.4980872385455954,0.3270218754175818,0.5159967110865965,0.532708977562992
597,0.4167563395946985,0.5578765796477679,0.5767741489076424,0.5255200637167102,0.5669647558384465,0.3790536555719672
598,0.6683014790665174,0.755072079100711,0.571050766009172,0.44344378124513695,0.43043369676693666,0.27091634500115896
599,0.5509201276012425,0.6271723008587234,0.6169730710671589,0.2884345923854782,0.41906006113526806,0.13876167256733757
600,0.32725544886968355,0.5757247427577095,0.49840141524537485,0.48740851909266447,0.48081463467183394,0.41618864260758315
601,0.41854366939990806,0.5660887209485431,0.7064896990593421,0.1828303431103697,0.5337419580772021,0.1664706199269143
602,0.5382332840362741,0.5835648852277837,0.5168639003413188,0.4788222680179826,0.5409224737303209,0.33937382665331906
603,0.6265287154510841,0.4724079434188184,0.46457756744416584,0.5856965564531129,0.5712982281538738,0.14542257303536538
604,0.7008814189980735,0.7289941291294307,0.5186820980832478,0.42542695105280626,0.4267215078413479,0.2672220840276468
605,0.5303809816256532,0.6687647716195739,0.5612812881898027,0.599868144982024,0.5810053764914925,0.3394726351664261
606,0.6451755311393612,0.6586697310723038,0.4863788979101091,0.4883012052288354,0.483822793272534,0.3061420833395816
607,0.565054818055709,0.6290530054535537,0.599737674127442,0.5064788175329249,0.35197740506595665,0.21675426919509413
608,0.6664844518508298,0.6546787826699753,0.5954664844709707,0.582380390169282,0.5750763738184114,0.21039492606041846
609,0.5865963938901002,0.5349917264872568,0.6266215123447239,0.5189330224849859,0.6243848282182216,0.2611653049080162
610,0.5188034149054443,0.6254483941367148,0.609129902630925,0.5505631646505434,0.5887282249857995,0.33334029168193124
611,0.5578897877145479,0.6416686491381511,0.5601888228890443,0.6343431411145931,0.5682521249146549,0.2858123542470167
612,0.6147023198071987,0.6200485411605278,0.544052440399296,0.4653486662015282,0.4662624873884429,0.3593700576121742
613,0.5520610843672268,0.5919580366378161,0.5824468152955476,0.5900708955927065,0.5456084810580322,0.1727834444031774
614,0.38315424523579433,0.6722915526387434,0.45610939738171585,0.6520063689535159,0.49841751574264326,0.3953490096462699
615,0.6062459812228462,0.7170073144408247,0.690915729396282,0.4402729132350969,0.578968472190625,0.2334214847185003
616,0.6451853043162732,0.779019609418231,0.7050763908145317,0.6238307623518194,0.5421404988024798,0.19930356974606883
617,0.5107563615852518,0.5738391900046924,0.6718584357316515,0.4218165954999509,0.3780793856515551,0.3676557472536565
618,0.5185326373968427,0.546878325838086,0.5801885436610159,0.6818452233587594,0.6068347357930859,0.3086057670523152
619,0.5691543537326458,0.6632096024911767,0.4428095483823981,0.4206694851733015,0.3975994233285284,0.33419117095884543
620,0.639708709340273,0.5735347337308204,0.5390180138607953,0.5511936146184828,0.5905298915600149,0.2586191433945785
621,0.3748529408361768,0.7097656611375275,0.7735045984044567,0.3572755043737965,0.5047361472627971,0.24217085637624866
622,0.5192727972206229,0.7111813720763014,0.4534417833243327,0.4965696000232328,0.6541767449962591,0.3330100723180685
623,0.594641743768918,0.7496362239659022,0.5367584980639346,0.3436895126181192,0.5246146099346718,0.3817071498227189
624,0.511814876731588,0.6727619212757465,0.4331971499748078,0.46701466170249206,0.4524576467160329,0.3547877706137312
625,0.5674643239096892,0.7210650037073248,0.7067633484902799,0.4883036308755205,0.5378060679164285,0.3121951874466714
626,0.4940931073592266,0.7333371630474138,0.6403485476006762,0.35976431487852323,0.4040011727987672,0.27848099867932186
627,0.3910565307893124,0.696583093534309,0.6055171015065083,0.41438997115858656,0.36684466639582625,0.3409676904011938
628,0.5842451962466916,0.7447018121053498,0.5542891521727495,0.5485161886592421,0.4521491653058165,0.12118726703659943
629,0.5782639888160876,0.6479341190920669,0.619913555196829,0.6057225985648126,0.43032343097965087,0.3829991985358533
630,0.5177105979268808,0.7511966467682801,0.45145861540050697,0.4776301700779946,0.4691367891518045,0.31106970310689186
631,0.39426555178033,0.7500341104235212,0.5267417549372041,0.3975078021540856,0.5068351603571088,0.26740000303247524
632,0.5210350694573379,0.7769620960494167,0.71886745724964,0.2769746272725828,0.24221633798939374,0.4040352552894866
633,0.5169629988599707,0.7344574561877132,0.5731188352008927,0.4267838911201026,0.46184524452001546,0.5129338020738587
634,0.46543775688695427,0.5206083954549926,0.6978819041438564,0.5580684146890702,0.5360522383366448,0.4044767555694819
635,0.437416819891905,0.7364693607904396,0.48317206281668784,0.5117306625956627,0.43263345314933416,0.25515520990190765
636,0.46311625218703484,0.48966828084044595,0.47621430641802037,0.43971948259074684,0.42422101570779075,0.3648972414191083
637,0.5209185801862173,0.6228555338211216,0.556927907763464,0.5100335537336601,0.3291932366290056,0.313955213745756
638,0.6036759527182515,0.5863004640453677,0.7287839535450872,0.5823260690980062,0.570360421834794,0.2686594316399128
639,0.3256419200444325,0.5330150902324172,0.6988553717641983,0.5650987891793138,0.21255872197782685,0.2506038496940656
640,0.6053166640625256,0.6047276767798425,0.5634813795099025,0.5718495524515718,0.4395673201003993,0.2426960265222574
641,0.521187735706608,0.6821715420136998,0.5138910929935748,0.6297655076025909,0.40836855717412174,0.40951953663427554
642,0.7180534678204588,0.6857333537970468,0.6570303598093497,0.6906001219544943,0.589149980292645,0.31761553456454145
643,0.5804838294344945,0.748458146871955,0.6739980142114965,0.6417036341455354,0.688518951367538,0.2682376207335221
644,0.6507603964986484,0.5523659329030679,0.6013511871363718,0.61648627637134,0.5132223127393633,0.190793759587908
645,0.49169524036924633,0.7193819005616702,0.608255725002637,0.5069599949278614,0.5155730220848357,0.34625517280556006
646,0.44405985286895866,0.6693976638527394,0.5800178300915887,0.6154870692109645,0.49630177000900993,0.3093692802306896
647,0.6413118482541844,0.7779349549829113,0.6244156489576294,0.5517449696713411,0.5590943349754081,0.1292488805064266
648,0.4732469290154349,0.6548101513994674,0.6444805792890249,0.5180175318963752,0.43656964161987777,0.44552871810059463
649,0.5735705104724166,0.7540283376972491,0.5317502792985337,0.40618788107875153,0.34323048432372116,0.4399752252287474
650,0.49071702417982166,0.7702392730294744,0.4424088150785054,0.25428794484749967,0.3219189604089448,0.49036820702086903
651,0.6355908745359174,0.6981204624779214,0.6367035000028507,0.5909948386226053,0.5209614709694458,0.3123327924118429
652,0.5036989287040649,0.6631862476954422,0.4682363976514508,0.5301353365394978,0.593089340633549,0.3074141643849122
653,0.5530818646006723,0.723892973769814,0.7268441637684784,0.3949225687457841,0.43602151418862034,0.20101571842926932
654,0.6715083403456926,0.7008016589114603,0.6752457125678208,0.5850989448830215,0.4065915275924064,0.39140940834787674
655,0.615568674737078,0.6326176147414891,0.5135061867492593,0.5589920003689153,0.5616947744546237,0.3102844570409212
656,0.3829188719992934,0.642243207273571,0.6473738714716659,0.3677041595047259,0.4531862987315588,0.23437298217865105
657,0.5056754087734685,0.6511950837074431,0.5234985498090614,0.47085146053800875,0.4464542125328652,0.3441912283913505
658,0.31052281430976464,0.6618951253144787,0.6007004585359788,0.4571877415853666,0.5910052072122284,0.5433707119448647
659,0.5424586880853524,0.7270932667766244,0.3561339694107601,0.5173839351632197,0.4529041765053802,0.47126698423892033
660,0.6322785880171077,0.5221950773603101,0.618072660092952,0.5283658560469792,0.46059357792967354,0.2836131764261508
661,0.4548950835799659,0.6023839045630061,0.46870529384164356,0.39386426931152163,0.4100950908379552,0.4584579540418655
662,0.6451047627561272,0.6540073147592864,0.5216087451603161,0.34223507404003517,0.44384709400293143,0.21052164017668756
663,0.5592514012070803,0.697868842893983,0.6038732882385134,0.6545895672434227,0.5417784282322493,0.3075641145843955
664,0.31924577452160935,0.618323773327207,0.5933037994107419,0.4274900407622128,0.3775504234843182,0.50038735356524
665,0.5760633771281363,0.6595134406802092,0.5050590150328448,0.47037526194725987,0.4714594968312158,0.428484508667183
666,0.5649168614577893,0.5043021684781539,0.4900777888347239,0.4530802291177248,0.43427909155864597,0.3450584316366164
667,0.45629407033656394,0.7623146468592652,0.6137550111573504,0.5894495228528762,0.39437869959331084,0.4047173288818048
668,0.38480304016335476,0.5336889198598775,0.626442083074032,0.5729487202248212,0.5374273464325667,0.33013206082819313
669,0.42511686215323985,0.6570828952810887,0.4253308839906276,0.3241029847186748,0.5035533869020871,0.27146487172113576
670,0.6293953334241226,0.7556258441581991,0.6475511831085183,0.7043191233988043,0.6504180370142748,0.2515077878443768
671,0.5302038922771989,0.6444674614438578,0.5267849656029846,0.43623998459005753,0.5418265093178027,0.33043569575537834
672,0.4738690935660482,0.6125399751557747,0.5002452898819283,0.4193851605941697,0.5038932273096052,0.3972227602320424
673,0.2827030187448408,0.6735302914660357,0.6166917597579661,0.44272512162337774,0.4872667062129624,0.36251585957270893
674,0.5227017162713298,0.47026049463080044,0.6040520979209606,0.6238181145760391,0.6279957012642229,0.443930899400157
675,0.6443793626107932,0.670232452011376,0.5838888400022276,0.4430997524940959,0.44515102794615685,0.2703109890241547
676,0.4019383296672192,0.5454431805911937,0.5417135922680134,0.635460050169679,0.6005109532338556,0.42599864059026604
677,0.5798082257122322,0.5233682895244124,0.5372729505723056,0.49500219625091174,0.4462496180126606,0.40526850938147574
678,0.5345158677005833,0.7177503459718559,0.5200471120435881,0.4240189386158083,0.4582827649899887,0.25589356467756585
679,0.48986656586056426,0.7124655797042596,0.4578458003507346,0.5156708544805171,0.5360533068738029,0.306105522756812
680,0.5659921329406942,0.7875243219069166,0.6590656272214199,0.4380706536826247,0.4909901249325332,0.5686132313498785
681,0.6580989969412698,0.6723479798370597,0.7533027338298911,0.2563381693137029,0.5943024812370293,0.5092876942872734
682,0.5539456060167756,0.5910955798523604,0.6789694572571817,0.5732406602266868,0.6261707774434032,0.18335312932314674
683,0.6137930774116147,0.6341527182659111,0.7078121702327562,0.6002952466508538,0.530267864374627,0.3320764244918183
684,0.4876579063568933,0.5264546641342335,0.536506304405537,0.4598197483291589,0.4935885943104463,0.43687825046647766
685,0.4889392868895985,0.7074979345381416,0.4799694680563585,0.5078870486139736,0.5286885501587809,0.4149100002418033
686,0.7795409760467563,0.7579338867086979,0.5997839865343757,0.5577761110278564,0.5036710232597952,0.20596740901656566
687,0.5072499627062876,0.7120565348253283,0.7128619504555557,0.497703531092775,0.44282137153555023,0.33641643446964076
688,0.6103762029374756,0.6269580509754465,0.522331800787862,0.2738546561650905,0.2907453151690829,0.36826504793149106
689,0.7053529892614675,0.7288051232919431,0.6673434111357086,0.5954552616573627,0.48880524818484994,0.324888522167857
690,0.598586514887723,0.7920211393050165,0.6236790486925369,0.4534229182881491,0.4114815364366484,0.34600413059764523
691,0.6365523074416963,0.7820408369703776,0.6362486114693207,0.44521048878420877,0.4349124157989901,0.3210775589592982
692,0.5585501580057396,0.7272727299207478,0.5789237496914581,0.5440023364087611,0.5349249957616048,0.5210517785875702
693,0.5475958179552998,0.6597384772916212,0.5403840834373269,0.5880206755380544,0.5596874261211053,0.3682206562699647
694,0.4001240748181337,0.5125505212061019,0.692355870523212,0.4429304999837,0.4058859131580844,0.36976386089962493
695,0.539583079514975,0.6027981256939939,0.6798923615723106,0.41597342265380777,0.4353540499237671,0.20889962978836918
696,0.5638808448761956,0.6003946377480917,0.5489686504070671,0.5211321059824477,0.4223477441231781,0.28853832426116394
697,0.6199437342535487,0.6259937601615548,0.6410331021924384,0.6324848467680574,0.5163343552968237,0.3030467026575065
698,0.5128849998031422,0.6563390590457003,0.4700476241441224,0.5545135482886889,0.5049132440247018,0.3760527362207444
699,0.3987093025623602,0.5816443743763745,0.7000843561434531,0.32855590028538234,0.5246076719007756,0.2768375381429237
700,0.5451879086023614,0.6190756092822645,0.41097250630655013,0.5557359330445821,0.3633286247472136,0.6559941893166235
701,0.7192873034646993,0.8318780978644553,0.7212910053831881,0.703826204349258,0.6505455582788748,0.17111223670576492
702,0.5637940187528825,0.6903986529842472,0.5804345083760191,0.5583802968758387,0.5635147771018953,0.3057771817728244
703,0.42431345472324744,0.7679561079442345,0.5195474061099672,0.46011685484606474,0.47045886444273954,0.5476156645073276
704,0.4932738106031127,0.5770815728520308,0.6046241152206782,0.5595109025900832,0.5215705524428423,0.374074883380169
705,0.42650958922914106,0.6884590262152053,0.4352098197800602,0.5863526016602605,0.4682207390990364,0.1346776198676938
706,0.46621758438671046,0.5858106906660352,0.6628202127103003,0.6142216306893155,0.4899696905266639,0.1990791083683521
707,0.5942488661872457,0.6804034404147044,0.49115207950729745,0.5130909578932406,0.40609992865432304,0.3447344256537953
708,0.5302685339340295,0.5299070834066967,0.5539741875890581,0.4982736409866908,0.2511005126931244,0.4729893565366416
709,0.5523765002172831,0.5548598961949757,0.5882874863751409,0.43904078484968306,0.6140482088394831,0.37290475080208985
710,0.3966817602612486,0.6736291803889489,0.6114778833182034,0.5811166703596268,0.5656699883021283,0.38782045837961665
711,0.6596189806828887,0.6693715745549236,0.6490138325105005,0.4430588724666935,0.6638646293681858,0.3142404497447339
712,0.5189499103063695,0.8560759105128719,0.7021452260254823,0.5864846328829295,0.4324557043934355,0.6316034196866334
713,0.5923990617862411,0.7070780168141158,0.5702849647597726,0.5554684156832685,0.4503228161184619,0.3203654985608653
714,0.6077779160468176,0.7484865826177434,0.6280321567953706,0.4806062583828377,0.5965299136381123,0.47706592740199305
715,0.5643099708670339,0.5524100647463664,0.5303875596381554,0.48390545279790526,0.46966381398279733,0.28770948093100085
716,0.5237940484479542,0.6021381053462611,0.690576232699226,0.6388003157330175,0.4133148661846165,0.3610234260128129
717,0.534331176488591,0.6499500040766109,0.7267579058999418,0.6092040521274091,0.5622033213451743,0.18518328946263732
718,0.30425196405169935,0.7050861009754098,0.6172577373298602,0.5211655951509032,0.4455618074527927,0.29206323431551096
719,0.5559716824742774,0.6754478982653213,0.4983916522332163,0.6953472390301816,0.4617159567711931,0.3391149769886063
720,0.39636614204132475,0.6138190025304568,0.4568400321965534,0.5054553055334539,0.4823079004061803,0.3505721875355088
721,0.6179363430371249,0.6237270629464599,0.6401138639579863,0.5793498693638159,0.4966819033603892,0.3950561881697601
722,0.4994178335043399,0.7458824426137967,0.7291030533437363,0.46388155306032075,0.4624500296443845,0.3000392313840707
723,0.5001953938575469,0.565005080757692,0.6203211721323424,0.4594273642896907,0.5235906850804639,0.23742438125623738
724,0.40358852149868074,0.7305186847034072,0.6956307052812133,0.5080236004312041,0.5145414525597813,0.2997330575860109
725,0.4550834126311205,0.625653133323567,0.6359509148132566,0.6224700193290119,0.46302211928583026,0.12809741014111878
726,0.4168389499397439,0.591605359330456,0.5164124895740974,0.5839917258010696,0.38564373085676984,0.42622919834545026
727,0.6208162203919086,0.7893390516532668,0.6022302366672586,0.44829595175595977,0.46508505508089254,0.2297742525758582
728,0.448109031724936,0.6599523444880434,0.5840703401493098,0.5907491597001739,0.5690237460666921,0.4633485012099702
729,0.5580132676726441,0.6033955937732529,0.713691030217044,0.5495088772267521,0.4960694502643924,0.5757497486493651
730,0.6233377795514821,0.7067275436660472,0.6400336602991737,0.5136887996589024,0.487605333295749,0.5314916954493629
731,0.6323047823891468,0.5903940676944835,0.5807853204501031,0.5953798909195651,0.42103055996352556,0.28539718213836324
732,0.5983869437418703,0.7058086854814829,0.664627269427255,0.46714490668049247,0.41745793874624504,0.22432150272864798
733,0.5504304015457385,0.7364518841244285,0.5008817303472503,0.40619018497143616,0.32505119388377657,0.4959141729268424
734,0.5025008015821716,0.6572155674408902,0.6009829982213825,0.5543784871310415,0.5160695591776099,0.274884312242901
735,0.5405781272925341,0.6176279325032398,0.5961223710678635,0.4683519695016325,0.4096341995581303,0.3768371924144103
736,0.60701461125675,0.7132355781295702,0.6686103392387237,0.6014514756457501,0.5367310234149067,0.4329917540824163
737,0.6143336441212165,0.6795178058408733,0.7069723050325804,0.5577133028804617,0.4995598315886276,0.26749463334008744
738,0.5272515612138654,0.7369453974794467,0.6255987735425311,0.37783916006699786,0.4480936740764324,0.31695069457933805
739,0.6247767555035437,0.6906431836052306,0.4841569074299543,0.42729740119517245,0.4415532212984282,0.2588712223168799
740,0.43679478176214925,0.5658383251374596,0.5880518252464356,0.5211528780309777,0.5636264591896664,0.4450464309116566
741,0.6051490019208537,0.5499257263854911,0.5460978774863825,0.4386576701728579,0.44236678418721054,0.4167773291327289
742,0.5546333171334987,0.7034708816322885,0.5483528000645295,0.5767032189195487,0.39677069225799066,0.12179430523813276
743,0.3479142662220787,0.7620782900543932,0.471716670220347,0.5071872747907976,0.6050866535347182,0.298946469454639
744,0.5851626662285305,0.5087497011288195,0.5427884304163819,0.5363483457557727,0.32339601699760495,0.17433886279970684
745,0.6360942768652441,0.6508027011848356,0.5962121656800844,0.5621261270581382,0.48395575279719105,0.3186642180418267
746,0.5003700295817409,0.7394155992725404,0.5768903445518532,0.5726759842146105,0.5889686330720427,0.29817526050741666
747,0.25375296890653304,0.4696743218622941,0.6367331753228241,0.4131268381179022,0.47838938104871825,0.25924254200070634
748,0.5141640808523954,0.6319894740294971,0.4998743686012783,0.6841788457020903,0.49027040475338546,0.4157944161541685
749,0.3585080590125548,0.5795926119216095,0.4842447791050557,0.3612199095329177,0.43149872752339435,0.610597853644918
750,0.7355447046191022,0.7505378680591938,0.6674977624656733,0.3989548150214098,0.3788487838692392,0.16265490956528472
751,0.414261808844055,0.6927582837619,0.6940444326138633,0.3774204569797488,0.619317373743417,0.3503329528998084
752,0.5874469317259916,0.6706513636066718,0.6600501794155844,0.6099900946235952,0.4604694260847408,0.1790549047858986
753,0.6507168589503692,0.6756253795572107,0.668165357783234,0.4821997279254718,0.49958627897586505,0.4127186513550489
754,0.3510502978405847,0.4281681221991086,0.37737681934859046,0.5183182957148528,0.3041639901671026,0.5803085380302407
755,0.5366140240268074,0.6853943393439513,0.7343734072119483,0.4938777673797295,0.5585105971253922,0.3988814759619838
756,0.39910590610799457,0.5490279960741039,0.6254076147492355,0.5800037300975848,0.47820055910730636,0.13745556769790584
757,0.4286732853243563,0.7332560878055596,0.5911043065786062,0.5632043595307016,0.5574773301758371,0.3375842993363052
758,0.6447669878971845,0.7317328979628143,0.623694378262248,0.674293030925845,0.5403301920548386,0.4744797177630048
759,0.4606827912723771,0.5858581863600795,0.5240173225528826,0.495951923341573,0.4986354951142276,0.40381793012012185
760,0.5065945789252843,0.6736058791147357,0.41663732886909843,0.5627031097014635,0.6639858706917301,0.16477713667178415
761,0.604502593389187,0.7071224346017985,0.6261963381712581,0.5805243564529117,0.5323534018760069,0.36773804964757456
762,0.6678519674732845,0.5347549986304406,0.6405054958744751,0.44609398614406287,0.49107507569630016,0.35200943474040547
763,0.5725960467883419,0.7506649322775751,0.6790203752240628,0.5307968576471436,0.583912176072525,0.238024056070009
764,0.6292765061811844,0.692561132014161,0.48173619308408755,0.407923721110382,0.44105082456387634,0.328574827186251
765,0.4502956712465908,0.6446584710223299,0.679462491064235,0.46850545992701365,0.45033165073940573,0.16861121534370443
766,0.4880209815310966,0.7335478079447145,0.6471781848545742,0.42520922053729715,0.6171701709553412,0.26766816358233997
767,0.6704884283869407,0.8199819898727925,0.6320455296266959,0.45572491137619126,0.3766220424804123,0.3677089551513825
768,0.6202097751117047,0.653550364676897,0.5946505696561626,0.5256840321929652,0.5111019874696927,0.07401672747919058
769,0.6604857331135562,0.6512676533864179,0.6008890783742186,0.5908522737071777,0.41779549093699825,0.191177468190589
770,0.5904912867283599,0.5795003643775543,0.5118245116919152,0.45992106953736167,0.3369316557762588,0.20249570793135657
771,0.3913657141835417,0.7976802502493002,0.6332528500465985,0.33263483666779303,0.31908997647239323,0.3380035660377865
772,0.5012279354593392,0.7702822560387449,0.5829984565391344,0.3805177446023513,0.38919636977830824,0.21379540451611273
773,0.4210977208010922,0.7518017723778232,0.6005775000953643,0.4977458933846185,0.29670086367983917,0.43064254854165046
774,0.48921911065109247,0.6576217782200757,0.517396442276789,0.4627073141554573,0.39682198957454373,0.26060111379927287
775,0.502903150082021,0.6296701294100232,0.551010950620386,0.6062309552768567,0.367311219150994,0.3707830003236149
776,0.5991861802989972,0.7010263302054889,0.5409462796429377,0.5079767674103095,0.4841853577733117,0.24608381294123
777,0.6382690531347124,0.6490664303161153,0.4658922375507113,0.44995297689845215,0.4671110919238785,0.42211524729499755
778,0.4849631448488417,0.721639492434698,0.6470066543734495,0.5711879928584842,0.44766090606731745,0.20073175560383277
779,0.6210050770195303,0.7549398384601176,0.6556880046134503,0.5216434487884982,0.4566550863782146,0.20735630775293934
780,0.5189953021515331,0.7998110447308923,0.5364622876616066,0.5939883210741754,0.5403067768768566,0.25541344709237157
781,0.6613264542257626,0.6953849871111424,0.52149111592924,0.31984443362353787,0.3617277599963708,0.19705262829380168
782,0.555169324748057,0.7714611992706771,0.6390083745025508,0.5501532351078583,0.4173815952285161,0.17050402030340256
783,0.5637246535695115,0.5915235893644376,0.5378930061213386,0.5778390460878646,0.4667055426500919,0.34745825362582533
784,0.3463036578421754,0.7267682362114746,0.7214264323103421,0.21488456170981418,0.5107827158846592,0.3410686969021986
785,0.33995037580844734,0.646578420757705,0.6971351583165949,0.6446174203787335,0.43410995582534867,0.3953128519090864
786,0.6014383981627854,0.8163570503053522,0.8280695747126322,0.3876795784683107,0.4525180688502176,0.16836204163517798
787,0.5389485156508611,0.6465305607965829,0.4944481895636787,0.38641132552345026,0.5129475163717334,0.32116305790317445
788,0.40390263133400095,0.5809441511631817,0.5046755802288718,0.5213422783368321,0.30883388931447975,0.24392977714930814
789,0.6333095200543954,0.7034242700416199,0.49354387921803783,0.3796798009042914,0.36565393949714514,0.13432685683568646
790,0.6156715943634572,0.5680794805800468,0.4743760367518987,0.49588150629904726,0.5205960386898857,0.40447418718463635
791,0.5761589309266385,0.5509835263169756,0.6697191058327249,0.5919734754567154,0.4925903988332501,0.3235860224747137
792,0.451128401814016,0.697001977780661,0.5493146812643347,0.6303425470167076,0.4931897228716082,0.3631729443271504
793,0.5401664787230175,0.6824011485225322,0.5954147121302129,0.44400787264163855,0.5109359541607352,0.3577735424492907
794,0.6237195899747541,0.6663538081891495,0.688003942835394,0.5370240010900689,0.27328377573649953,0.5111571959031826
795,0.495201239225526,0.6533270369398633,0.5614194525163358,0.4873658526760523,0.4914565441669051,0.34611399449683933
796,0.4741236800710189,0.8010312748827949,0.4372292202541562,0.442022017748451,0.3834259237501305,0.312044340997219
797,0.5663529593645353,0.7620338680573078,0.4843783141467824,0.5558413521041744,0.5112414993034515,0.42048703763919804
798,0.4955424873688913,0.6665337794351375,0.593040001785392,0.4957892124110938,0.4794389632102063,0.4197532134766364
799,0.5600215570465847,0.5706521165842916,0.48866599894591456,0.43053728033647254,0.36300476402274195,0.13029220605048017
800,0.5353957498915509,0.6536064990143535,0.6527564270143908,0.44626596421855225,0.432430072269497,0.24321019880802014
801,0.6141451265225366,0.6034367607276819,0.5363810100923585,0.6609422447783699,0.5516594485667419,0.25312888898516017
802,0.5242259610548421,0.654728851963546,0.5940452211698899,0.47352657769990525,0.4393808086109603,0.3439879279165243
803,0.5001826950289412,0.6718475035528885,0.5497753668115305,0.3889676004792031,0.47717799755996243,0.3549531761235807
804,0.5593176756530499,0.657995022032027,0.6708102566050667,0.5378724906585228,0.44171489432055355,0.3064596120238783
805,0.3616859947845676,0.4819037474428836,0.38730614977998423,0.4709106923285869,0.27708981106841096,0.41813155395285573
806,0.499359672682823,0.6215370971565612,0.555204951161675,0.35917784715968293,0.3617947949919335,0.19224173756676394
807,0.41383777683093553,0.6049925349680209,0.5375997915139641,0.5188505367295257,0.4736170197328209,0.398455605447609
808,0.7063421173401396,0.7972390384955842,0.6461373704240322,0.45765741218437495,0.5293394914216093,0.4154972346545173
809,0.6631434507537692,0.6764094012614715,0.6373486997850062,0.44474952414334545,0.4693605160015951,0.348236379777468
810,0.4700198287284004,0.5903104599824156,0.43286544862017173,0.5290995187644432,0.30356586530964946,0.29745045007143134
811,0.5425706401479892,0.5062208493719337,0.7130988028326083,0.4811027324825672,0.32269981817104026,0.4749596799865834
812,0.6697763503336136,0.6440951718977854,0.6221626274622907,0.4561042212372728,0.6287804900784449,0.11573774763667566
813,0.6915694458164071,0.7173939963535556,0.6021642401722094,0.372573756194621,0.42745832618052765,0.3016257344284142
814,0.5082593098261923,0.7140405826282915,0.6089289825707448,0.49649497978044715,0.5301507548692077,0.24094622357482667
815,0.5613109703763374,0.7357896387205798,0.798873802217683,0.5898747359669088,0.5023924063454296,0.3092782129015507
816,0.578751055088556,0.6814267174687967,0.6393266851911087,0.49027344088543584,0.49113137848266053,0.1994840217258096
817,0.4070480537656835,0.6655260961558135,0.49264875643630335,0.48551469686644577,0.4387803051499823,0.3190660796082231
818,0.5419598646529828,0.6923858002714219,0.6554077507071754,0.6618297379221099,0.548152859658618,0.2601477291723518
819,0.7306836952101442,0.4954372768050806,0.5606885320045446,0.40986417250532853,0.4272441501370612,0.31120299631492077
820,0.28057763602652314,0.8234745890360013,0.6518723156129215,0.21863520653129273,0.23226381347504604,0.48148294097197986
821,0.42393590271122017,0.5231199803451716,0.6076990935613616,0.5093995146047864,0.5333128029722127,0.3618048402709162
822,0.5576155782382359,0.6820817629385175,0.6760744485271285,0.3741057546151846,0.4384416839056445,0.27674765980075405
823,0.46814668377287466,0.7415740476857474,0.6688318095822863,0.33377945776093093,0.5736061323359648,0.501581895988584
824,0.5363520684915062,0.6836689734211211,0.5005866996454197,0.48367386610455215,0.5674154387968725,0.27394481804515436
825,0.5866480044932206,0.7145071969795742,0.5648506727384018,0.4514846405910019,0.4773407966664904,0.29232155844699736
826,0.5362522212118602,0.7112978447860864,0.49768789365370736,0.541802495231161,0.5064012808325998,0.1937763274631655
827,0.47549272329533704,0.6980536996975673,0.507201908452447,0.5354484072037158,0.4612364178136834,0.41731574948302597
828,0.6545545838381879,0.599724098132133,0.6236786342645332,0.3751820631284837,0.35860560749693693,0.26743736061507406
829,0.44909612744666355,0.6172856451166853,0.4847295525875149,0.5851620124248076,0.5937710705252095,0.3764310966402208
830,0.5867266706394635,0.5064729119297419,0.5626058491881889,0.46686577467901935,0.5656335985286779,0.43366330506643413
831,0.5893562165977355,0.6430672167138554,0.5580260730313213,0.47830562309892477,0.3580792532957134,0.3263928849508371
832,0.39313370922676905,0.7657693881075506,0.5565122480443306,0.42986500590647747,0.4391631365785415,0.31138137656014436
833,0.5616279766602305,0.7617606836125472,0.5589535261321138,0.34040020489765277,0.42600293898856006,0.24152381896227337
834,0.5182215060052102,0.7233313905499339,0.5659503364075082,0.6998462494283217,0.610992151013744,0.33072298543605766
835,0.4667522553091429,0.4945276570436226,0.43889609389973266,0.4368083489973037,0.3217481547926832,0.21954108210967885
836,0.5428537605745117,0.7118208905608637,0.6433641200082646,0.6924693494910167,0.5314988702698735,0.2295037116542417
837,0.3871425500956247,0.7911224590784771,0.7637503040899393,0.3515487935600511,0.3090825744779858,0.37536419650004593
838,0.6125859521836909,0.6351461181205523,0.7086893963176588,0.6211862273567821,0.3680783500497313,0.19710363514279255
839,0.4193721106625142,0.5020269831606935,0.3602239446114299,0.42229523110966083,0.3872620924226845,0.23840272322498404
840,0.6821211477334409,0.6667841455769099,0.5716504284115775,0.2923455295251513,0.3214949411262902,0.1495993461831481
841,0.37128838730290253,0.6962057583883503,0.562137980031497,0.6053385636009634,0.45537455662744547,0.27366699059944966
842,0.7258826800743354,0.711343310746731,0.6082998518436393,0.6123789297007095,0.5225090495351689,0.30211698341764576
843,0.5493801640080651,0.5149817391216502,0.5929359133546134,0.3237954308374853,0.44583085242365855,0.31190285670156664
844,0.5939846466917165,0.7276271324804019,0.6210265384500437,0.6141209577179433,0.5569329697341714,0.18502898364125192
845,0.5309410159805212,0.675062129832726,0.6220401819848931,0.5715991877222903,0.40627865511272315,0.2943736226134175
846,0.505379196182329,0.6711001140553486,0.48781201742822733,0.27625444169949387,0.3606848962307529,0.3063794937428687
847,0.618361757381822,0.7034352761616458,0.5469864270076488,0.6707293451578744,0.5012282836178835,0.1830017820719468
848,0.36921479909097055,0.5911110242730269,0.5428777970500114,0.49402234090398733,0.4114341041295365,0.1964889575647556
849,0.6223522911152923,0.7039006054895821,0.603323656729326,0.48639600337850264,0.3979507152914922,0.356808753045986
850,0.5280824421439493,0.6471976018171769,0.5723393490228572,0.577872443411824,0.45832213316032255,0.45556649468858335
851,0.5627817002045862,0.5752723124775432,0.5645792045479056,0.450791826961109,0.5773286907588052,0.24256132394038527
852,0.6664845436827584,0.7645216750483542,0.536094891365433,0.32360397515269573,0.548140848383237,0.27590903240336195
853,0.6602469170592292,0.7657391931713481,0.657942882262288,0.446093240518442,0.4542407682863827,0.3743436540867025
854,0.335501639940687,0.6356613560176658,0.5839364282927428,0.31976291341580965,0.36153330184394605,0.3506812970568774
855,0.762426314004674,0.7305468190933078,0.5474280921656094,0.5205091288995517,0.46250893147193933,0.23060952646889396
856,0.4697989616655128,0.4645490001582126,0.6259378601916664,0.436768073904297,0.2507643908821733,0.33111006215997
857,0.5144904253248407,0.510465375413113,0.4339535871850033,0.40475695562013897,0.48439668061621877,0.4692907525530976
858,0.5544098388314476,0.701293892707362,0.5078843500303588,0.3866299495991798,0.40576965863945325,0.4438606271581717
859,0.5241578206046095,0.7107918337308331,0.6242670293231373,0.6282997384415213,0.5103959305480489,0.27736525319247224
860,0.447861077739832,0.5577298329074566,0.4465219360747318,0.29601039647075783,0.40645273694405193,0.24897833524973972
861,0.4122652823422385,0.5455923471914262,0.6689680986780128,0.5108923617822759,0.5731990938883141,0.3946244602506063
862,0.35583006776948045,0.7865282560412451,0.5126666502800933,0.5391517649085102,0.5145541042170294,0.3553011154076219
863,0.6232237165861081,0.7413785355255973,0.652290244686842,0.6573685622065178,0.5885928945167651,0.3494076393814317
864,0.5268148023033673,0.6183930969444743,0.6192643870318518,0.5349864161487867,0.5971364348579425,0.15004880705767265
865,0.544616285819463,0.5933988181976577,0.6521056025849398,0.4395992864020903,0.5111091242916652,0.06788203042419301
866,0.6244888778552443,0.5677703429578175,0.5776603876332406,0.5202278361944832,0.4794783294086267,0.44618791937460806
867,0.5139546085845967,0.5155197333710214,0.5639565089445392,0.4847719215722085,0.3242526630283731,0.34503433176041565
868,0.608003721086065,0.6738859179420905,0.4871587632374059,0.5162207048484883,0.5495686359774085,0.5124513593133903
869,0.3791631250471505,0.7704664730184781,0.4972269587346615,0.5049043313770218,0.45979113037421526,0.3529863848727982
870,0.5479351352714075,0.6670769775553996,0.48802998412090354,0.506736153420193,0.3398961255193459,0.3792837248510573
871,0.6344307365180596,0.6263582291836064,0.7096246910822798,0.4308596530259934,0.6784707167231714,0.5116566693410399
872,0.5947815055381254,0.741367669345403,0.5500729573346345,0.3863873225828757,0.39125670047610794,0.2624830092449708
873,0.5612724328928996,0.7644176462653447,0.5160449055432682,0.5156359299248136,0.5088109383699194,0.20398490357281243
874,0.5799586055936612,0.6021958049376424,0.5740272331285363,0.4594784864742721,0.37203650383500064,0.4590104823501867
875,0.49068898802034777,0.5347163085312572,0.5067986401751635,0.3647728560598917,0.3407748125180139,0.3228127300523418
876,0.6629410671617587,0.5942138679192375,0.47951093576246534,0.4598793839885911,0.6869711551825108,0.38014411672800547
877,0.4632119999833522,0.7018455433852454,0.6162452876523961,0.4902610827536097,0.6086923407934111,0.27918094102892976
878,0.5509439127086759,0.6510154968728304,0.45963266940946174,0.36578012972578455,0.32309842848939724,0.2993054060939024
879,0.6088015824002597,0.6638208765997409,0.6860970593293113,0.4941726432706287,0.47927679683735946,0.3226006780541829
880,0.6896488811839866,0.7930259243215263,0.6505999905100486,0.3960225764104706,0.418676831410029,0.2595521497006507
881,0.4927521712013162,0.6139749701633506,0.5530586030713771,0.5177889546234331,0.38372511535506115,0.47421292000997517
882,0.3961112942915026,0.5427748578361095,0.6501826599017547,0.5304746930390648,0.44110753899323113,0.3523204647184269
883,0.5841170957626098,0.6684675946316904,0.5696204102526,0.5542766160532833,0.5229898987941769,0.33665847194608367
884,0.5131494293368742,0.5620251149182484,0.5533158152749195,0.44368512331344284,0.3107669018165045,0.3862319999061949
885,0.6569672224328106,0.5724963206847,0.5804162784244248,0.5121862763154756,0.5657641943727482,0.2280667925983279
886,0.6621548001846081,0.6810296521979898,0.5607417687736351,0.5001010367012038,0.45200510093212176,0.2923614682670337
887,0.554437132071697,0.6748176510163436,0.5613557779181781,0.4773500812241449,0.5676529333812955,0.25892488953484694
888,0.39024969863951203,0.8351462312968743,0.7073281052202145,0.4872215720748336,0.42811682900747255,0.42977091307895243
889,0.5212547161328531,0.7394322426504619,0.6996567565658451,0.5987741511970257,0.3153009441369796,0.3265463693874583
890,0.6924761736734437,0.7371146422507678,0.7593917726767297,0.2696578765208162,0.6957879870913243,0.2095530590099828
891,0.6931273446872118,0.6716825853770263,0.6407181826567806,0.5350805391591305,0.6494622905965043,0.2801851786850511
892,0.4038687535290197,0.6479623104915759,0.4490952069163998,0.5015668537855102,0.48776609843367896,0.1561656685156464
893,0.5849183622975691,0.5935735297063651,0.4637349471537356,0.6057983480923226,0.5556648495408872,0.30099281002336437
894,0.48025637983523506,0.846326164877899,0.5816848207336656,0.6417231429320034,0.3722386748621432,0.42401725436797216
895,0.45288898024540414,0.7206242520457136,0.6007565162626736,0.4998878109153344,0.5214792546343701,0.17326248286359705
896,0.24453202273331873,0.5597409823381034,0.59244205994302,0.3313445236902868,0.3890780391657985,0.3903479732531185
897,0.6245901698264833,0.754470975319584,0.5307183055570461,0.4904619250992315,0.5354794476953444,0.27624158019539913
898,0.45841956204159623,0.5952494515098783,0.4826116669459304,0.5924887616113605,0.5045298024392572,0.4394650373117186
899,0.5153126150009172,0.7747030455784296,0.5836082201091309,0.3980315487684285,0.43891473250924523,0.18796336527128607
900,0.4801866197551037,0.7813025987716506,0.4116599342608126,0.38481260808881823,0.4065614309563314,0.24822065458256873
901,0.6749775293197021,0.7525835608839302,0.6876718169071057,0.5135331741353794,0.312282106881037,0.13032381516643737
902,0.5056632734368248,0.6844627988198364,0.43857177071940157,0.3359976686507182,0.46817665205263936,0.37060069537603335
903,0.5616351987421918,0.8242475730122242,0.6238738934161772,0.49389407319530715,0.42550252057315985,0.19347462834601586
904,0.5926722299685839,0.6102372742499337,0.5956358833516358,0.32296440380366664,0.4631325299755681,0.2914136244733758
905,0.3799544556035564,0.4929728401241297,0.575516674052441,0.3459040831326786,0.5073036285841065,0.18975783691532447
906,0.4310131338032945,0.7758864103305587,0.6649744837006187,0.5218717405951587,0.36754651286888107,0.27692911598808234
907,0.31500454717775905,0.6503959029105314,0.6777729969096561,0.22841499719166175,0.43021067126559,0.374765631655673
908,0.5491096103881172,0.7564023580704353,0.6812260422562484,0.3612737843418928,0.47349941145130514,0.37236288411164964
909,0.6564265885600499,0.6623040269175515,0.6564311042697821,0.483349466957418,0.5037882888260278,0.1108222766656131
910,0.7053709266174956,0.6879273398392138,0.7626340909822887,0.7372660311643137,0.6679643001344227,0.6309912658808984
911,0.6923895020718112,0.6170433927745504,0.6605508546596475,0.6314521686849098,0.5854321873566616,0.14532620628594986
912,0.5261096106741924,0.7831686793689654,0.6347271585991965,0.4728899560280043,0.5463988976260397,0.2992697912017812
913,0.41209979904779037,0.6573453148748637,0.46886915483417363,0.5512022724380767,0.5214228119685317,0.31755175807041147
914,0.6368890517218616,0.6753219621547384,0.6952963897796892,0.38897921568928506,0.6526595896132122,0.3312283035566112
915,0.6991116367790055,0.5454065648976598,0.5008580727320189,0.4120784219897384,0.3624691797450683,0.2842057977711178
916,0.5483529982180015,0.7202306460001788,0.6973490485982535,0.6232203706710834,0.5076563181187828,0.15339305799341324
917,0.3663456059787749,0.5723226662118279,0.6476349126620137,0.4599783351737559,0.42469768977064887,0.2347121962418713
918,0.582979019935059,0.6434558227235434,0.5110697856996078,0.6420804068939269,0.5557318238459213,0.2527338098610098
919,0.45166188343390534,0.7163627943424107,0.6430025899287445,0.4113730520369667,0.4346564944837724,0.3451835685247791
920,0.6423961938076435,0.7915386512975626,0.7224106823686293,0.5341672786760159,0.39159977662382495,0.3375288149498943
921,0.5505214280073192,0.6645121437925092,0.595680768798817,0.4964861160633551,0.5116985569291139,0.46560436830458307
922,0.38578077234516284,0.7048434242382875,0.6640850090210375,0.24744692458978898,0.34177644257190953,0.3503340050263536
923,0.6402182339934854,0.6872424369754391,0.6348448397356644,0.4525494431425722,0.3616973557196993,0.3911311681455588
924,0.4836542746055825,0.6621671946850306,0.5860516671144115,0.3317383141710408,0.3279513056949856,0.41204542464671073
925,0.5002184600988202,0.5569291921217309,0.6592854938622723,0.41623869533666574,0.499635910263038,0.31640389001765284
926,0.28574089161909255,0.5062581563100519,0.6849002268674924,0.40487836516757897,0.44240725660771857,0.533829761698414
927,0.672092631621827,0.5984071899587217,0.499583686363513,0.40697454407275724,0.5046917229421399,0.24916848575273678
928,0.6321590311985338,0.5774053619189948,0.5694063820568962,0.428617709204156,0.5001173669147219,0.4222690637448422
929,0.4555724933084097,0.6457012570484857,0.7072922907225457,0.632704780889749,0.33777316722547424,0.45472904665502284
930,0.47447807362760475,0.5861704734099975,0.5945264525717562,0.47962129558642186,0.5154209849064255,0.3409832228013079
931,0.5714902029610692,0.6223072367597686,0.6426436080855658,0.32107589283434534,0.59628665887976,0.22558769263421385
932,0.5344013209386034,0.676784880191593,0.7192510342444954,0.5770622487798979,0.4791776991191259,0.546009723117372
933,0.5042573804443713,0.6535571707275318,0.5624132306212396,0.4164409625488617,0.4298402911198972,0.25074765334140325
934,0.5527740756081972,0.6297676208062393,0.5685493238398746,0.5176897382146131,0.3750495681178832,0.4134773269806181
935,0.49834774427951484,0.6461107650811098,0.502056876711573,0.6091514076100071,0.50402898413334,0.31796048901786506
936,0.3388315336953106,0.5580229178272685,0.6506303179362055,0.35787931761458147,0.43591752832457464,0.36409760023054716
937,0.49908062827894195,0.7691980194226306,0.7166331917578527,0.48012344366966075,0.2677688330668845,0.4288659852767476
938,0.6080763515912027,0.7637082198061158,0.4784176780571393,0.45245932033745906,0.3372564511669538,0.2896038954310442
939,0.7065377677918578,0.609249882272326,0.7106192062998795,0.5979841386212857,0.6096164117838921,0.11989416370634196
940,0.6758716795734835,0.6028288406162032,0.6652984534623102,0.5740976385407558,0.5768967678435816,0.18685682024182318
941,0.5460618175968468,0.756430665590424,0.6289081327057514,0.43023031951399543,0.34159378820065156,0.28805586876984723
942,0.7127752025028062,0.5157263297657426,0.6788850129846222,0.49804376279641854,0.4616301692820976,0.17956111601776614
943,0.5208208312735779,0.8110935446562009,0.6771479943191482,0.4487335813502959,0.39160414603752597,0.2064174241873864
944,0.5371505092017282,0.7655683731830811,0.627023710102225,0.49193729603136716,0.47838915444943686,0.30785411342280805
945,0.3498763366870853,0.7378435692646905,0.5941564857495648,0.42242486337495566,0.3055885524908916,0.38714911630430887
946,0.6570543355604542,0.5027719760593453,0.505877237281504,0.5581396965548747,0.4536257051443828,0.5309173722175284
947,0.46113714979136755,0.5639372595639841,0.5563162764930312,0.5610911591331071,0.36185999864439844,0.31404830065718
948,0.39432362804807697,0.7712558936035923,0.5737708581221983,0.5212496369768036,0.4973027300778858,0.29753539881174196
949,0.6150465202613394,0.6851844126360527,0.5255771831131831,0.3522567776669303,0.38828094569184957,0.3559104308631963
950,0.5060941804139051,0.6938502789083949,0.5980186961171933,0.46005978841748774,0.46194992744624785,0.4688264567409257
951,0.4915635996336026,0.6185985882972306,0.9022476603393977,0.32893728653783894,0.4452982600193817,0.24596638095097
952,0.5723349729767262,0.6547056122119357,0.5493481205813948,0.4562252602639027,0.5069091510620317,0.23081202479713314
953,0.6022397007541845,0.4320860422734387,0.5837776424548955,0.2797922581379456,0.5363955283528362,0.29281555511483914
954,0.6565335234790414,0.7361484735489937,0.5769194811119714,0.30869969633851146,0.4235967008929328,0.21706459185961027
955,0.5131414400609935,0.7008478430277822,0.6160063597720551,0.5276329703228322,0.5408982752394602,0.3311541167569795
956,0.4617485848060519,0.7823271869570826,0.487497253025502,0.4016798242241976,0.2965928135803238,0.48315407470069455
957,0.3312889642412802,0.7827217310835649,0.6927747738934047,0.38051796891649975,0.36809718357359067,0.19991039100383823
958,0.6698708040636308,0.5942368856680705,0.6341133815611208,0.31681429905163316,0.5756207007613972,0.25053796167437514
959,0.6188905231072211,0.616621247809929,0.5319141122818594,0.36511475925305104,0.46686663074256757,0.20656948280586904
960,0.5899121908125142,0.6990566072037169,0.7458056055417478,0.5030876051828629,0.5061690350272643,0.1437461980077608
961,0.6757059314504464,0.6984743322527568,0.6096810197413582,0.41642635287835195,0.36637952346767044,0.31428262889763137
962,0.5102559981700142,0.6672836684100842,0.7208762889985036,0.41311106092461103,0.32517248279467464,0.41985369185312515
963,0.4388522723832666,0.6296702088134951,0.6110070800121749,0.5398041052224389,0.4824503870176592,0.4573335328461084
964,0.6100263689221699,0.6204672328591537,0.45351810253317054,0.2969671602154276,0.38931483796351374,0.47918805436655554
965,0.48360314543723393,0.7621446738224743,0.6016900194909068,0.6090268413461346,0.3105160355888677,0.3176005924630493
966,0.387327538527174,0.6413548860127634,0.503239964266918,0.4021107241524766,0.40755829776838176,0.4051065660756891
967,0.629811943310807,0.7030634689047713,0.5099635526255053,0.37641323458809245,0.3715457326515088,0.26952273219046285
968,0.44465525581197035,0.7032469229473748,0.6418628362760542,0.418287328148582,0.2626514559310862,0.2448688861402581
969,0.6861083379450053,0.7006976028094194,0.6650974966449145,0.6166118085008928,0.4613343972792729,0.12260916044679676
970,0.6101103541936069,0.635085533909233,0.6142471959608273,0.638757396382603,0.40147258541459774,0.11619583830743793
971,0.5199649229374028,0.6815242549301764,0.4753139566784593,0.4420587206720704,0.43002788334013337,0.2917211902909925
972,0.25618501470971083,0.7531426883967798,0.6844686310059389,0.5677140299783704,0.28765098735737527,0.2217309544828925
973,0.6089156014273249,0.6755767928887403,0.5396163807394248,0.4070645322900407,0.4650838517092916,0.3651931494281898
974,0.568745073694596,0.7065532265373697,0.5601620287870064,0.6176717173839903,0.5069656680484171,0.2904268133906766
975,0.7064089791528287,0.747759824128261,0.6312792349719266,0.591747830015937,0.5218319337698327,0.22426476627472244
976,0.5136281045814038,0.5198131835892866,0.5566119178280502,0.46084656214399333,0.5195141693630424,0.41599535739030213
977,0.6756850822971304,0.6657852101072613,0.6046093023707932,0.29343120676322443,0.28980653107109583,0.125812020356101
978,0.3645620378651616,0.6333500832231612,0.448752319905395,0.5228606954850936,0.4324121967521777,0.4526119032991513
979,0.48829339155303814,0.4599041162477172,0.6682226264952531,0.5963886036670596,0.5500331397218987,0.21978311891386781
980,0.2796827874555807,0.7654991373912337,0.5892182122784734,0.37698845878490517,0.21264928722874385,0.22556929792683575
981,0.6938161742105097,0.6594977074286189,0.5975190453414835,0.6567917691565579,0.574605239572159,0.25304450824853275
982,0.5641423973338635,0.610809024934296,0.6384056223553694,0.6567361602348023,0.5730435397333415,0.212486019157884
983,0.4954005949502714,0.69699458229978,0.573476255010102,0.5875130774051827,0.39136884614968154,0.283765365831597
984,0.5793147531606939,0.732955466180511,0.49126918844534057,0.49650457443642787,0.5571311111959171,0.3066809855266528
985,0.6120766070928441,0.5807081837160327,0.5529990628723538,0.4544000580735514,0.44623931633559577,0.3148495667242221
986,0.5952863081974281,0.5170026088810801,0.5895499609023918,0.39945736631123024,0.4491534294398399,0.3263826841433119
987,0.4150544321397117,0.7026204233838623,0.436442846233509,0.5647664205042209,0.5300211332455391,0.31903164768773096
988,0.7069326566492065,0.7054969413595965,0.5653615951066383,0.310366221236347,0.3785514737456221,0.26681577242641474
989,0.5257206681125676,0.6806912501606096,0.599455764536486,0.5383029147211157,0.4620774658093279,0.17331270892206163
990,0.44794075729203786,0.7773704473335553,0.5485027649242341,0.32144085272953815,0.2918352946390899,0.3026123994246278
991,0.36473600981734255,0.6696846145736336,0.7200242356319483,0.2660148990201221,0.46357665139196125,0.28581025709557184
992,0.6575429654651865,0.7532952047770741,0.5628973456321397,0.40632253361921156,0.31783960063001115,0.23643148505793232
993,0.7003830133085512,0.7803855247086157,0.5441468109265922,0.410680070692368,0.5208630576268984,0.275153676985092
994,0.6858937119522471,0.7157652018646263,0.54233887682317,0.5461823221573583,0.558413068376183,0.3891151324348935
995,0.4905182354254087,0.5950225620056482,0.5283915816665951,0.5737292585786522,0.6099128862595263,0.31353058399462835
996,0.5923537235486189,0.6309820344634351,0.5408163871293583,0.3890662290412353,0.41395666668703485,0.2566748437637234
997,0.479303603870754,0.7218824619029505,0.6378920484153843,0.4651203065867706,0.3457538023810782,0.28867767947590584
998,0.48242376687296984,0.5764810721090422,0.628219520090963,0.46542754954534915,0.49772200047101733,0.4843926558527116
999,0.6867482521798406,0.719180642432607,0.6627240896038048,0.43749206203328417,0.49081788445960667,0.16342316879058455
1000,0.5583408803508487,0.8122899931479505,0.47475309618301126,0.5335031978266055,0.5019714935202577,0.32770332572137545
1001,0.4915432700701718,0.7068390991163028,0.7511434895146795,0.47330435803263854,0.32607838774628606,0.24912012978796153
1002,0.48552488546127454,0.7268668919324146,0.6424693880370796,0.44564224488751136,0.45194673052668055,0.532462382164674
1003,0.552300638820181,0.6488693295557229,0.6327292072759696,0.4085788753748075,0.45483435152219986,0.2063311466625503
1004,0.5646353321291592,0.6677444181621073,0.5384417949707153,0.5549601753786975,0.47039305661902253,0.2863583440800214
1005,0.6633850622227623,0.5797480986274359,0.5668693583982173,0.5880680112598613,0.4783789140883417,0.30029864855676225
1006,0.2734952069686298,0.4032248346963184,0.5894678800740266,0.24847316289959,0.488606735317129,0.4001387193388671
1007,0.5836578537563605,0.7206513394147753,0.5593336634222342,0.46058703187486705,0.4048141659119175,0.38173569590981293
1008,0.6155920883549768,0.8175513879554238,0.5684851113367384,0.40166383697632774,0.3333226670638997,0.20189289893729584
1009,0.5900865034537679,0.5627099029115107,0.5862783561924033,0.41541936496804555,0.43912872120528995,0.31159409018508527
1010,0.6059225724782272,0.6347088635977851,0.6167863151879942,0.5313282922726195,0.6376279117128532,0.32275152380312633
1011,0.4775383581225653,0.6433066152162381,0.5693572027389945,0.4056368759878366,0.4671339914324137,0.4462862830909964
1012,0.5764869642883814,0.6737995862003763,0.6623285960065107,0.3233725846628159,0.47048146368466237,0.3530414368616557
1013,0.6116608406947742,0.810030567877617,0.765875651980136,0.41863235225225137,0.2051537124707128,0.6225627425851176
1014,0.6680837525856752,0.7239904458189714,0.49362742371670476,0.5157887400923313,0.4712655482445828,0.34124378328699123
1015,0.559844655285431,0.7595436333966966,0.5418293347254484,0.565347351667489,0.597577428460463,0.11219841290999535
1016,0.4468987269829972,0.6552143185561716,0.530725881491166,0.39085564925645533,0.4376863076612467,0.32109001958381034
1017,0.6701784688214926,0.7741732379215788,0.6151329272569332,0.5107208139464563,0.48501694569944037,0.3445734924529208
1018,0.5839776075101905,0.6919754742203961,0.5484757469341327,0.36863211376896177,0.5056392152744499,0.3452004315838361
1019,0.5543089228916868,0.6469304957016357,0.6548299485883232,0.5588138319444492,0.549630779298865,0.24624603123709563
1020,0.685926989175642,0.6761387499596464,0.728511270393305,0.5711899482351248,0.5680361751607276,0.2816786116614403
1021,0.6589261064127441,0.7180689320145522,0.6899750941754053,0.5025691319582837,0.6741154676828252,0.27858891051439805
1022,0.4547154732331551,0.7172893249418224,0.5617048570135647,0.6554409156365228,0.4254489811839137,0.3835532475161666
1023,0.48251278379199586,0.5676511122365099,0.5697888726100686,0.5470494901728323,0.4232732927642296,0.3928750679518257
1024,0.48339827179864464,0.5635770820092015,0.544200826931764,0.3268256208636152,0.5499994202826477,0.2569312912132537
1025,0.4694943385351291,0.6140271365627139,0.5853089636881554,0.5314623043032997,0.5690777969466686,0.22814163745776403
1026,0.4331108310535093,0.6218587978183082,0.5392385444503743,0.6223144322646715,0.3888372867142416,0.4616368855633315
1027,0.2848034357909952,0.6057819431703739,0.5475312523248884,0.4783407894732222,0.30051575995591545,0.4935322629713827
1028,0.4654979993626407,0.6420662424816754,0.5553496412132144,0.22847217490772,0.363346408815516,0.41685457145153043
1029,0.5453158117330835,0.6456525664688045,0.6042563912416179,0.5123286908084991,0.610765028882621,0.24143263209569543
1030,0.6843982364976511,0.6684611206556468,0.6288966013962101,0.4721542773931712,0.4222273896987872,0.21015314151051262
1031,0.2958652331159428,0.6644519039610337,0.620571969883145,0.49732458793052153,0.26017399732287494,0.38741086502635147
1032,0.3936843680956752,0.46717697866966834,0.4248727794557065,0.561259476507122,0.32329764221902824,0.5146254966310351
1033,0.3546573118201302,0.8400869338633529,0.49131804201061874,0.5274104180092276,0.4796611890612089,0.2264189585887213
1034,0.6377040617843195,0.668743156087121,0.484729218415362,0.4396894778890297,0.38863953641174936,0.28549172169343673
1035,0.5878754881853717,0.4968949260435333,0.5858707837111048,0.49196321976737595,0.4328746611583105,0.5385665458897689
1036,0.6491070029027106,0.6829385057039918,0.7019062829574009,0.47501045911283635,0.5649791131010106,0.35932000742278514
1037,0.4893377136011525,0.7178621467070054,0.49910776079170655,0.2755809920560288,0.28594766840454167,0.2576742303463573
1038,0.5307806209734115,0.7992377710023806,0.6366226026113363,0.5514347582210625,0.45810521479219896,0.26517926664484903
1039,0.42181579259859575,0.6157635208587364,0.5011146545822547,0.4459694096932582,0.35708573538077254,0.3469586030459215
1040,0.48857937663079914,0.7630022143221894,0.6291205103565469,0.49942741284514486,0.18903265398688263,0.29137792213546193
1041,0.6274094167826534,0.48709184750341794,0.5192226456356385,0.7205952297205717,0.42866834866281756,0.3071079896384972
1042,0.5327449263820455,0.6002740009240424,0.5020103842597411,0.573363596839161,0.5740791373491996,0.29507253301024683
1043,0.49431740735295016,0.6153952586039003,0.5840263633097531,0.5379712584163737,0.6679431687591566,0.30060995518403216
1044,0.5012155494700314,0.6256785093775471,0.5027011462662927,0.43927585724679014,0.5492488703423501,0.28370051981909356
1045,0.4578313302458625,0.626000095496834,0.4164463838069805,0.5872310567636275,0.4785805620971705,0.313254146065852
1046,0.6258161191976848,0.6294470914419766,0.55998106402415,0.4788392120896858,0.4960499910125763,0.12884784643835834
1047,0.5720724607941041,0.7890324904525468,0.5807979550653525,0.4688393191517576,0.5316503367933765,0.36148398123181835
1048,0.6282605520236918,0.7041138877584984,0.5578008744787452,0.3809972844974474,0.3483262430422901,0.2319808592491137
1049,0.3485646247232216,0.5410296318424422,0.585295382272916,0.366452686110713,0.47505903359442203,0.38488890098852974
1050,0.5242133214813656,0.5375198955309415,0.5412687971090419,0.43555241026957814,0.4742042347723616,0.2559889580788734
1051,0.33443181650792564,0.6141200829159082,0.7058454367795454,0.37900899526961623,0.2622737283192299,0.30496248048902497
1052,0.25416308021109435,0.706119515669054,0.5339311287801628,0.42278648483849995,0.5700971391799711,0.12707386888082695
1053,0.33484795456598077,0.649757552980492,0.5685597189479985,0.3846523839790348,0.4674827676654739,0.34466597948065614
1054,0.5299299518196137,0.5329685617207756,0.4935353873868941,0.5278979275800969,0.4544585489152997,0.4502691180164204
1055,0.6362943174346204,0.6505086751886798,0.5525008267367805,0.5065646142650031,0.4334187377693016,0.21166413705079243
1056,0.53709124783173,0.8049367860735123,0.6580035494219507,0.5381472148638579,0.4358316357297134,0.25001757776216693
1057,0.5859878067836023,0.6098930093213655,0.5509629395400414,0.6143375670425751,0.4495550099598272,0.22300402587737447
1058,0.5147314410461749,0.6007641313448805,0.5193949230991809,0.5091983138688769,0.5054840829194535,0.4107152963079645
1059,0.4914860088116655,0.7770306991996422,0.6528557129333947,0.5162115921992653,0.49899312439381915,0.2418659416798612
1060,0.48945900570135037,0.8152090095573428,0.577088285593515,0.42285110521733327,0.3699492467841907,0.12187571366769198
1061,0.6293709493305529,0.6800018680107538,0.5332942897890905,0.48855810131310534,0.3796600332667664,0.36885915675777
1062,0.5642857756501255,0.6292229962314257,0.5529707484027685,0.616901140075013,0.6672990827221619,0.30015567399452403
1063,0.5682472373915455,0.5191200553623717,0.5267804310337494,0.6016096224907967,0.5219832296637857,0.24725746252798078
1064,0.5206386519152978,0.6994581070632655,0.6190707900194458,0.5399618737577357,0.41070256958631346,0.3465311284997832
1065,0.7011222877188302,0.5660706624061521,0.5343292544439353,0.5753393727235367,0.541287791304674,0.31997901938756784
1066,0.6205484716287653,0.6684661438362355,0.5146318765226819,0.42652359929283185,0.35083991702409756,0.3464988159854422
1067,0.4968495702811932,0.8025307315789028,0.5708549075652132,0.614327873025712,0.40738579220756177,0.3703207387384052
1068,0.6209726082971941,0.5708844761830597,0.5687939922004702,0.6714622885770855,0.5398718115419544,0.04417515233269846
1069,0.5365629727737762,0.6447378259017658,0.588491975535337,0.530890777662666,0.39519526188800985,0.25385171316159955
1070,0.44693239296234943,0.7944211973789534,0.8108486830669046,0.5015243100898543,0.3662297958833791,0.31980391158426313
1071,0.6857562280506376,0.7772441954227969,0.5687346423834423,0.5066572795274757,0.5180655688946291,0.46198177476171154
1072,0.41557492672773055,0.7085289925809336,0.4969300898657184,0.5432037524780498,0.5589816272576256,0.2604379948078248
1073,0.5329746710792506,0.5652492415868314,0.610617627941388,0.45680189243722474,0.41316523842327896,0.28551128480707116
1074,0.5875078404499803,0.6766491114935782,0.41612455575159574,0.43178226680440485,0.39553260674249213,0.4032347899708552
1075,0.7014549111953683,0.7201609001189758,0.6929455147074254,0.5302404116501989,0.38377261872237584,0.14628710702910544
1076,0.4994080247800553,0.5948187936077652,0.5430117959147838,0.5131172874468926,0.41238879820762675,0.2468412985794823
1077,0.44058277447476957,0.7075969935015971,0.621202514033422,0.507212058551328,0.4147791953408922,0.41721817110609644
1078,0.5585020076135593,0.7043736601587977,0.542741601477083,0.4086227906843115,0.5831281911931652,0.1437861213561369
1079,0.5609533051952931,0.6766292941347704,0.542052189576769,0.4047985332950689,0.44293099426393195,0.3321403549766602
1080,0.5784234652646691,0.5325063336262347,0.6649570739351376,0.6155356953239489,0.5009679204221973,0.17740650823431348
1081,0.3151378239958763,0.6782701377396206,0.7063410624509604,0.47621254717388983,0.4747139876017269,0.2430131031813252
1082,0.6220453143808161,0.7552270868233052,0.47171674999136126,0.46712447074718133,0.6247238769886829,0.44920782840472806
1083,0.32618124317309616,0.46573322605956025,0.5419222574648335,0.3340835954175061,0.3870932225799673,0.5496050830976602
1084,0.5688408265857385,0.8098120374456323,0.5934810598545924,0.5829785597810034,0.42256354156913223,0.46948080393042335
1085,0.6466776060969306,0.7392252643953057,0.6203106002904608,0.6230368272478041,0.5484352064851094,0.16101079584117164
1086,0.5490920814486725,0.7888168948905281,0.5862286631568847,0.5401293551941487,0.4888150908110047,0.20185631795380518
1087,0.3751377891871597,0.677571980555379,0.4716245132516137,0.3102878196431495,0.44586098306752975,0.4955980434908235
1088,0.578530500887164,0.7097173383549583,0.5880262710103142,0.4119332548017978,0.41813426781286306,0.1380943567695681
1089,0.5414825976891815,0.7952676140572491,0.7206580138303867,0.47938252996623015,0.41246874028079566,0.2862503716643457
1090,0.3736934291851089,0.5484614922955545,0.5575185162283163,0.5175996318614199,0.4730751474648047,0.3295464620335515
1091,0.6936433203424286,0.5785190634834098,0.47060127098801563,0.5483978954678389,0.5522026119937209,0.35534857957361976
1092,0.6301190769383871,0.6723952760465298,0.6835885944033866,0.46742102557592896,0.7712183509414996,0.3408817395673838
1093,0.6087019005766678,0.6233751212114665,0.4161086627271359,0.5820870838875335,0.47771701474425005,0.11994703388912176
1094,0.4621083353050082,0.6966174699691566,0.515906660795377,0.5697090518052992,0.4601200657922571,0.24980504273040113
1095,0.6688896490172819,0.48291779340215324,0.5559729801177276,0.48456157320583826,0.3903099572433707,0.4004351908742856
1096,0.5596144963729692,0.65773643012431,0.5452862706039858,0.42642472868198733,0.42759066406169405,0.29481994082062724
1097,0.5759630709692611,0.7967749336291897,0.6969609635292731,0.5755070650192017,0.5944922991441753,0.3917945035722616
1098,0.509769073868006,0.7087752348561535,0.4866798496075433,0.44866372697035484,0.3522623561857589,0.4680376288849454
1099,0.5723393155013147,0.6097540823819952,0.5309421624136353,0.46775165224862897,0.3369024535617723,0.3661802462034622
1100,0.5016113897504079,0.7124274414846291,0.6750049097986901,0.46894908952653264,0.36455106110460345,0.10323499187169718
1101,0.4376929397831903,0.6807751067176104,0.4993028200073533,0.6538244498949919,0.5699863074117821,0.2854872942820856
1102,0.6080965919994596,0.7938912390478491,0.5216370010779475,0.5106789870445585,0.46867499772171695,0.3991739683522751
1103,0.4533758939666515,0.6588432853176709,0.5827415809357438,0.38305279805570314,0.5567916494288585,0.21590508482335516
1104,0.6096569918101207,0.5296339375026923,0.5634564221341101,0.6078533245759545,0.5301147876918018,0.20866835421632782
1105,0.5953882474874633,0.6009855951598778,0.5481713678443584,0.5213507036742207,0.4113787276054386,0.15914106798586597
1106,0.6010402842367019,0.5907436848604863,0.7750009391398809,0.6192196646703801,0.4395919602901121,0.33882069079352467
1107,0.5558089865266475,0.6434816057843217,0.6190085107194498,0.4628017996518136,0.482699969094774,0.338389323381623
1108,0.5629754429103156,0.8368723696865886,0.4326168692748333,0.39032271399894625,0.3070263331113111,0.41984763701620875
1109,0.48814170777085975,0.5567950155505381,0.6708802204662552,0.6395269414583405,0.5021261859741358,0.18124279318154435
1110,0.45302971930960206,0.6752236672398195,0.7239542260632118,0.6785455229844638,0.4263589962343365,0.322816281522216
1111,0.5377263903594951,0.7728229803948882,0.45847791994592224,0.5058969978366726,0.4368812302176819,0.2901564959101389
1112,0.4563104558761618,0.8056993861817526,0.5704615140343492,0.3237272533246229,0.24390093103625937,0.13955039391282817
1113,0.5128612966846494,0.7424652421812203,0.5981535490422127,0.5979873238751356,0.5086154155265656,0.49648569990403885
1114,0.5186930272979929,0.7371804367418737,0.5417575155804956,0.4430569704779582,0.5045649073576893,0.37644422117822696
1115,0.7010255040343011,0.7361185502146882,0.5612211336199512,0.33332782647272086,0.3104098297741085,0.28293892990493247
1116,0.544507671078491,0.5444564137889691,0.4845046809861897,0.4050232433707703,0.4723466439334709,0.35943687303200167
1117,0.5645358958247491,0.7997716979873858,0.45585486392063795,0.2663552584696865,0.3383937921406519,0.2774341997359836
1118,0.5307458966323604,0.6380710080549419,0.8020410478046818,0.6616854809648213,0.36222997873688545,0.23238556086542378
1119,0.7560158313490435,0.7091612001699791,0.6094391876837211,0.3346810102095731,0.4039553471743173,0.2169520710889911
1120,0.49688389657397125,0.7428209134067677,0.5536074246609288,0.4579196240566369,0.42547841682031284,0.47884988572894627
1121,0.486294775524436,0.6847262374766919,0.45830210632898083,0.5442748867478424,0.426875818436134,0.42421187473633587
1122,0.507145576839884,0.8356187281270925,0.6631682480337439,0.31504739097291834,0.47562932372988936,0.27902646347583376
1123,0.6353274224276668,0.6137975713995572,0.5728048927662408,0.3677417360342172,0.5260280929488074,0.22517515318997738
1124,0.3900066011642102,0.6831348680704913,0.5639797683583828,0.578597296400662,0.5534256043419028,0.28147161519906344
1125,0.7542082824701135,0.6518639693711534,0.5983648337874389,0.47445688735195396,0.5197348258203197,0.33574998871952166
1126,0.4082826910906923,0.6204142664934466,0.6310761019221207,0.5115819574774855,0.5204577523454907,0.32488236134948956
1127,0.5535096229730387,0.5325863964913419,0.6825202925590801,0.5716692371015935,0.49201333231711764,0.33672629366057777
1128,0.6775050612746335,0.6798406965097991,0.5746419861058611,0.38662098609562634,0.2634576075201316,0.1613664216627488
1129,0.621349242948277,0.67592016161839,0.6333957614088515,0.5822270968152792,0.45355999905697053,0.21515448097537193
1130,0.5610926952226026,0.6350582955165397,0.5014572226560244,0.6360714399021041,0.5130666669265453,0.2564701539416892
1131,0.37245363377280416,0.5829377856933108,0.5335282914190491,0.5082492347904025,0.48907702149446836,0.31220596681328283
1132,0.36445618004642377,0.7514203180493568,0.7297289979336984,0.3235621102958971,0.3141755506409458,0.3607781053194894
1133,0.3352943129054512,0.5349598083560976,0.46716953391098265,0.5370370026028473,0.5676284508621955,0.18990921237729416
1134,0.5873224922550703,0.7913081751512866,0.5462908868497895,0.6079862878849461,0.5420226459677224,0.5766211790554588
1135,0.5446630382654233,0.8298415913532495,0.7168808958889155,0.37623871612350973,0.4072415463014756,0.21779439329910857
1136,0.6223503976012061,0.7790917392079801,0.43352236646246606,0.531438335312627,0.40781835529919724,0.29428256052273527
1137,0.4154558140479593,0.5237654703156424,0.48005324450559655,0.43566862623715696,0.46158775783547434,0.289500325725299
1138,0.402110621539092,0.5945574129314652,0.6517825808346543,0.3167452410210531,0.41620112260565023,0.3653177379227329
1139,0.6147227194855347,0.7244559897537093,0.609850636545644,0.45052899616413306,0.6379910409525601,0.28169368189701194
1140,0.6415048088689218,0.7415718634029497,0.5638176030151554,0.6033277192025378,0.5902137242546978,0.16184237512795266
1141,0.582931198685052,0.7284843969666093,0.5172213623769836,0.5540839426333747,0.275763447064317,0.11930959508979373
1142,0.4301944975259671,0.8032842391980696,0.7687367529657273,0.6479567483942226,0.572914653637186,0.27385712481391244
1143,0.5520018952433061,0.6579149218777545,0.45101803916715744,0.4985394466135948,0.5510981632886057,0.4185991769565077
1144,0.6043637482290632,0.7001245565672239,0.6702066010247341,0.48575508749636415,0.6006723104154663,0.40777673101201317
1145,0.6400011288623866,0.7281054138096535,0.7781060443751352,0.7412458439954837,0.5585352351817311,0.16732009734402914
1146,0.5534760520384249,0.6142514456695083,0.49509784988116506,0.5008467713601987,0.38849453144388124,0.31474294766717925
1147,0.48961144432422565,0.6106502215971269,0.6458127541733912,0.5326412781560879,0.3802779458456933,0.3408514579317111
1148,0.563787152571552,0.7538568508379656,0.6070723817422109,0.620760845811307,0.6305705652854163,0.42137706617424175
1149,0.6713236386239787,0.4952149568486917,0.6852554280735423,0.5619468140321259,0.5447700197909118,0.46779326921642017
1150,0.5257870421712771,0.6962725640409962,0.6989208421618507,0.34269711560961286,0.3475639631939445,0.36121918604369235
1151,0.4974851256441645,0.5874247614127923,0.4941622569327302,0.5214279818740024,0.529406105070969,0.3079619852831733
1152,0.5895895475350773,0.5922934974552906,0.7231781069477223,0.3927117975915121,0.4518579932839569,0.2730057609761582
1153,0.49741629526061937,0.652620467260996,0.592743894785251,0.3833413232924127,0.44878627487173484,0.3257274742584819
1154,0.6099359063200651,0.6490168770125719,0.5493050490128454,0.5249970414662579,0.6098577044421236,0.22574744529810395
1155,0.6296442895615479,0.6709723554914119,0.6917724015059432,0.5956369411718235,0.47298589194246393,0.29273283388424975
1156,0.4676939253503824,0.5332495628262717,0.46792308788538045,0.27479055210419223,0.345551466261228,0.41946057005561915
1157,0.41197325124149864,0.47058375274964653,0.5712769533784298,0.5809840822144784,0.43071814548028153,0.21134467075909888
1158,0.726304278603206,0.7247446517562435,0.48779752183710096,0.5722422817910424,0.43342033334231816,0.17898381118342765
1159,0.5384285878042824,0.8373945152773953,0.38529439403910476,0.4532560546733554,0.17531574610023756,0.3993335207781329
1160,0.45322702319721125,0.6593675094619522,0.45027361272487976,0.46073375019565826,0.25938039152812764,0.43686387081758454
1161,0.7210636328403727,0.5525654984288044,0.6792436580692514,0.4556733585526795,0.41721358737292485,0.29618861189634715
1162,0.6828349032925961,0.7515158955104856,0.5661050911185906,0.4078701613262058,0.3568844773841871,0.2593092844320675
1163,0.4874673662019484,0.6279710046491738,0.5031149776065822,0.46608744362962073,0.3814492076839842,0.2842282042921311
1164,0.3513191977616597,0.49959049602126193,0.6138483822137429,0.5047772860987239,0.5162105546106648,0.17034170290694692
1165,0.6747368895756347,0.7406208792887266,0.5843075005981136,0.45268635531628026,0.4363101829785459,0.20014564016927155
1166,0.544140562104293,0.8516495242139663,0.5636287032946221,0.4452882959819182,0.6460842778229463,0.24030915493157162
1167,0.5543693509679972,0.7756026920327103,0.6833386844979582,0.38932351746839344,0.47545178389865506,0.36587593229324744
1168,0.6020463388850111,0.7622077705703733,0.6576731564917562,0.624872425805405,0.5878846484824986,0.32832528990707893
1169,0.4580371069528585,0.7163137310454595,0.6948833709820997,0.5851679388575428,0.468530304693435,0.483591762106919
1170,0.5405512375025617,0.6471995665154505,0.5813920218672308,0.5639021620634738,0.47091026277083137,0.4124250640034231
1171,0.2966334134826164,0.807592929729241,0.6256709610371335,0.5765725304446023,0.42075467917595205,0.14565317017443452
1172,0.4477648044580414,0.7183174991102486,0.6689731384502768,0.4910378573336473,0.40378769884281696,0.12553127578105092
1173,0.6237037013672687,0.6594663014065256,0.6870007930599258,0.6591116969406132,0.5676230032184755,0.10535194610692174
1174,0.36752559985533634,0.7424443161894072,0.6723770366135168,0.42110167089939105,0.4726265368818773,0.30107226185169356
1175,0.6439737985423987,0.7919309302630665,0.7019495938036633,0.5291500048044918,0.6168150241686698,0.38484832208880687
1176,0.5169765240162776,0.5405910172518775,0.5282824830282846,0.5769343657724197,0.3860045384668635,0.29880331138214383
1177,0.5312572980996035,0.5344325842092564,0.5680027485237189,0.3395919010327725,0.5264710288761404,0.3847530803175907
1178,0.4973784302938189,0.7971886588779613,0.49052381781253024,0.4127502268183481,0.4890007752665436,0.36045443814497535
1179,0.6530503543765472,0.717030003422574,0.5603319582953824,0.48041747521322903,0.5471479756536788,0.29785156686085873
1180,0.6047255665919566,0.8079549334678535,0.5600762740698555,0.5102639207654579,0.5950708584023652,0.39898591713497933
1181,0.568790339659692,0.6858005041592249,0.5528182498189984,0.4613160803116318,0.5566035335780197,0.40701034513664164
1182,0.5001555607762741,0.6713664369609921,0.646888579262466,0.571117507884394,0.4717141240628397,0.28515232530806844
1183,0.6068306255301623,0.719193906825629,0.48816534310244253,0.5300560508320551,0.28423893406712686,0.2596615755406318
1184,0.6084418942645345,0.6001444104868907,0.5224679416658251,0.45132827982056845,0.3620366451666772,0.32025970839062423
1185,0.5912969778500811,0.6274584694776192,0.7124521713059716,0.6337532211014157,0.48842770355423254,0.060374592216853776
1186,0.642201912984107,0.5462941212064719,0.5149527510282169,0.60249171485572,0.5467405541250416,0.31426922027591464
1187,0.5668717345648537,0.49949123805711876,0.4674396792589879,0.5175486066032178,0.28409304405405167,0.21451685410292745
1188,0.5044192693291386,0.6709026313794737,0.5137051235543008,0.4187990440409742,0.5209680393849991,0.33320508322354647
1189,0.5205271413774538,0.5785137090976149,0.5426876211747067,0.4963563559593554,0.45875938363850577,0.4353583484801936
1190,0.5771658654442108,0.7339773703841532,0.5065210858825087,0.36238916666428705,0.42777007474179873,0.36231738543428077
1191,0.4883547196723956,0.5691186994044779,0.6160628417616012,0.37820666850105406,0.6281578265603216,0.2968153918598223
1192,0.4243371625214291,0.5293014566493397,0.41846573551173744,0.506664093930684,0.6412325072051837,0.5045422094876311
1193,0.5987991279364789,0.7491165755418656,0.6118163073893141,0.342547507785379,0.5775495163665674,0.37818189670831476
1194,0.35935042558019253,0.7750840710703937,0.6292326774662711,0.48688748700251927,0.3670024410256357,0.33227197547339393
1195,0.42871549913189844,0.5322625679878681,0.4489672626522255,0.35966913405913925,0.4658149887851008,0.40844123982540276
1196,0.5271748961557141,0.7275607730541215,0.721597632296783,0.6301733933533584,0.4700713051660239,0.3995222811812955
1197,0.4429610594216787,0.561455814479599,0.5483288780625735,0.44017176902720634,0.4625768925612382,0.3780369106991951
1198,0.4546919031763728,0.7403359203845381,0.7606054189567542,0.25460844987028947,0.3036204272975588,0.3332439518279578
1199,0.6217939481094786,0.8442355527027978,0.4633420387126696,0.4976555784549175,0.30586426475646605,0.43676194675581287
1200,0.5595704551418655,0.5222190061718631,0.5243721532260021,0.6412296087216807,0.5254941477437871,0.36626119210922015
1201,0.4525975181380918,0.6019512029691234,0.5638042344114712,0.5246991088881525,0.49749360350383787,0.29791969945742663
1202,0.480065596878118,0.7430450319828309,0.7538260473657434,0.5945714337605618,0.4653631363589995,0.2106467623310747
1203,0.43584191944830347,0.6327516487572391,0.47563137561895746,0.44697247601029266,0.5858958176367364,0.2991627816074367
1204,0.5943912409125499,0.6632452919420301,0.6478734833894311,0.5528656418993649,0.4601926488115671,0.2221293574460491
1205,0.5198000184949094,0.5009675252120456,0.7353500313507175,0.5382501896703256,0.4270555640272414,0.37470254752244414
1206,0.4745455958428053,0.688348504024816,0.4914684817609915,0.4320261461142606,0.5706270284998425,0.1718314523513719
1207,0.5190753640626502,0.6715094879018192,0.609430985249469,0.5462183437260509,0.5243373591255086,0.18537795783692945
1208,0.49876098770992877,0.7962772558306951,0.5631268023233137,0.37219417845861263,0.5320228780873958,0.45565664675637363
1209,0.419705269830543,0.6499227363964487,0.5845353955132664,0.3958566515794939,0.24386459159446874,0.3759776330155564
1210,0.35074636708187346,0.5293911160109694,0.5814731030126017,0.39232428143123277,0.40302721445249184,0.2505734151431743
1211,0.5376232266535637,0.7503631275638055,0.6212280356260685,0.45291849961991165,0.3664920357135315,0.28875475837292675
1212,0.5139251287654816,0.7552490917120518,0.65784981127086,0.43330112691681355,0.5443732745503069,0.31163350288683234
1213,0.5153777934458529,0.6411382503644484,0.4859293322152086,0.3751457588619075,0.4443339679772522,0.16818086722056563
1214,0.5799363658788587,0.6720672537107579,0.6857450101629551,0.5104662663705957,0.46524469297916937,0.2394052739103954
1215,0.445859739443713,0.6655570877144555,0.5946900985220178,0.6301809925371862,0.3774418606755355,0.32270385478911345
1216,0.5927048203884681,0.6047889492408749,0.669763056715385,0.5043278344347195,0.3728819703764675,0.4401184140405658
1217,0.5101578370944222,0.603406405920878,0.5178016785327739,0.35837768584800606,0.33170874978477854,0.4094575006200049
1218,0.3656964001567089,0.7526769123305068,0.5406644259485733,0.4715287994749635,0.4289463455784752,0.3533181925929507
1219,0.4591704071417697,0.5887972294278525,0.5464260464342463,0.48039999758907515,0.49919427970587493,0.36148147449605256
1220,0.6198490676439574,0.6813443343080614,0.618121114357098,0.5296469121674469,0.4138444458846378,0.20015266520271885
1221,0.5713010827860925,0.7352831339862609,0.5728862762684415,0.5623101861398202,0.4338007155011112,0.3516292352229789
1222,0.5723539522868891,0.6657495262429004,0.6792239622024019,0.6394718602054617,0.47968169762289575,0.3100054761802504
1223,0.38942868595178176,0.6249636727997507,0.6137883220939708,0.6510084519893928,0.4750258558531202,0.3125163471079021
1224,0.5908569618433598,0.7466972643265263,0.5843718506243539,0.529041364087147,0.35790736445170224,0.3920648984534671
1225,0.739372997300144,0.5377915092587618,0.5139634055590669,0.5327769518374457,0.406112287408049,0.18502659271070257
1226,0.5400592354023845,0.7385327760091931,0.5261870908124424,0.6050081252764867,0.5204400262047499,0.3218588222396977
1227,0.3827398981823414,0.7429252107664546,0.45706027724765586,0.5768174175836673,0.4607390359766021,0.3572050129546722
1228,0.5105191487492824,0.8197971339583058,0.5775221327589704,0.5272466826944822,0.29070562458444743,0.40933517705417644
1229,0.6110041436192798,0.736431760597797,0.5383750578260392,0.5884344663210543,0.5688744913083251,0.2572514752545308
1230,0.5673208084978087,0.5827839870830168,0.6325080392948961,0.5906810452963231,0.4862361028028939,0.1773574292712926
1231,0.3313757979790497,0.6410549292392049,0.5538829541997795,0.34976120153906193,0.262886949826687,0.24457158316737612
1232,0.5818690459761905,0.6082025018715576,0.6104161855007979,0.37795775912555657,0.5644459800712878,0.28358103678174296
1233,0.5664741243375495,0.5213129825823931,0.5536419873871243,0.5931311351620308,0.6271410631392458,0.267399434589036
1234,0.3975696863188882,0.6735273245996919,0.5929167262297029,0.49303406136257133,0.45413578698197843,0.24635634533416725
1235,0.6202984564730534,0.5853419329897767,0.4668403434632314,0.5207742644869388,0.3244222945871631,0.429810052793235
1236,0.4661851461314939,0.5999751802724662,0.5316086829077931,0.5008396818831836,0.5045359208964955,0.3109254396339549
1237,0.6243706689775413,0.543253026749665,0.542536776777322,0.5846040610612954,0.5273596354811687,0.43258288988591825
1238,0.41545110273352354,0.6207899140061867,0.4196493815339854,0.47065533070616483,0.32565919068153376,0.451164885638313
1239,0.3970015261605837,0.8030616296920192,0.7442799460122902,0.3945383493768755,0.301236553808113,0.2505558993069536
1240,0.6401112580113623,0.5798802804694665,0.4578335632525698,0.7230194800034973,0.3223082036187045,0.4656742627602477
1241,0.448660450857811,0.7089689965685001,0.5694319552214377,0.4520620378388331,0.46177442068891816,0.41230405589480945
1242,0.6045973221029805,0.7130034207234196,0.5920494243372458,0.5585038349541365,0.37169565579955033,0.12884815277120065
1243,0.32675250907706327,0.8222463572297065,0.7679247813184067,0.4250551680120653,0.3695619887797701,0.3717600112225088
1244,0.5980572363635301,0.7802469399023948,0.5876311703014819,0.6709403861638904,0.5907503969333971,0.2330621624736486
1245,0.6246012408038735,0.7666855777227528,0.5995088608915214,0.48320562536604605,0.36737209622391426,0.3513810187333664
1246,0.4083524119629677,0.33361835983419136,0.621238634873266,0.6710073926200066,0.6210909331283777,0.6482542455576676
1247,0.6347849718335481,0.7330505529280511,0.6205611015189679,0.37674346955230004,0.40409483149805514,0.24174634389473065
1248,0.491748290397237,0.4868673824998731,0.6490148716108023,0.5323291727425808,0.4558682835537783,0.1746367529887246
1249,0.44842295000232174,0.6864700052353228,0.5934744998845541,0.36935976279615146,0.4239778320815307,0.2951297765733773
1250,0.5379961905254934,0.6923011326243355,0.6098097718393691,0.5106067747712576,0.5333050763110764,0.26159834801105203
1251,0.4037607100610362,0.8125507670778822,0.5792628960791766,0.5088227037297324,0.4909545307728449,0.34120913891124405
1252,0.4929865028969306,0.7240025149193589,0.5013573625883577,0.4954806889114793,0.4389608740177849,0.2690677258395873
1253,0.603492077940076,0.6770865368951381,0.6158839308635878,0.5033148558287268,0.6082642258473917,0.24715805973514277
1254,0.5761975021771233,0.5932734948050117,0.5497040748573334,0.5361436270902702,0.5152383296519247,0.3227133931003877
1255,0.6135645504569079,0.4924468685035149,0.5661898426283922,0.3051134596300389,0.5819650662720955,0.4244323549004616
1256,0.4776733945878725,0.6674197402927273,0.5554067384941949,0.38045344073083615,0.5184885463008813,0.20739822694661453
1257,0.5623757633966406,0.831184818350043,0.6189559208003005,0.5144525493505983,0.4319887275903592,0.3701893735891489
1258,0.5485902924857446,0.6729895155887918,0.6781879808643909,0.6271419850534145,0.42481124021436795,0.4074898301208753
1259,0.49223628948812204,0.6164898254983898,0.4701724822907038,0.38293721023155025,0.5006418262988522,0.24684724911821265
1260,0.49989260707835526,0.7401555848013274,0.4369676680899353,0.441757478633618,0.6534122425995873,0.22777750361410873
1261,0.6782062597125599,0.7198176479822427,0.5248544912799582,0.39857116711920876,0.2579394365384783,0.17135806715417615
1262,0.3751755168583558,0.5430922897804654,0.6652981032928372,0.46660895593641377,0.38827974764187734,0.27217471336544685
1263,0.4069057215629772,0.6432036005970475,0.36487224154879944,0.6059348553922475,0.5494690159105543,0.39449753974644863
1264,0.5548865415875852,0.7121516621837862,0.5789422365669434,0.6458081432536792,0.5353280274726256,0.41663392599628885
1265,0.6143771250990234,0.5413132339508158,0.6855383939800361,0.4828008825081417,0.28125987038448413,0.14374026701271075
1266,0.5920834584967666,0.8064748856621551,0.6541229459749385,0.5522365623989304,0.5371992729069868,0.21288510529328963
1267,0.808993258488492,0.578832357913853,0.6749484272690874,0.474019163158781,0.6043423148761913,0.24006032546469022
1268,0.6144917639070311,0.6450351792397375,0.5849788832497983,0.44119128555786424,0.3722416393751541,0.32745974931565847
1269,0.6327486521623252,0.7864179271575572,0.6189740335021607,0.5183030224424195,0.3571792468651407,0.3687862638929833
1270,0.5384305762671915,0.7244739881352622,0.6293353559808613,0.7069890222414849,0.6068507673875652,0.10227102728845709
1271,0.6371224753686238,0.6243631658182687,0.4586361981273919,0.5270211854313456,0.5096224578469446,0.34207433534332105
1272,0.6024612797709581,0.7572945327669276,0.658108580387802,0.43488274976670693,0.5016424870755015,0.30576230774178015
1273,0.6039492522180446,0.6396225213070509,0.6178671255080375,0.5908025760794428,0.4285927382225233,0.2941943183627811
1274,0.6783322382042782,0.6857316907687547,0.6629162647144384,0.5060377930191563,0.42393117908454125,0.2552083766738132
1275,0.6937905672561056,0.6406007296577796,0.528615141702426,0.49442828333643346,0.6107889798715525,0.35721760487536713
1276,0.6489507588201114,0.7783273823972955,0.5638357200929341,0.5825933835899608,0.4567123860704456,0.36412907868461447
1277,0.5548159245047898,0.7256450860112574,0.5117356995410458,0.4545857009768524,0.4594899536909864,0.3138124043476823
1278,0.5163448286967922,0.648645521297175,0.7077883575992775,0.6094410955848059,0.5923012419351369,0.200738907675332
1279,0.5508508374375819,0.7025649818808849,0.5074246265672971,0.37872994435234125,0.5026379134314947,0.2726031046556487
1280,0.3108997812594697,0.6449445921936273,0.6615460896990027,0.4950521288394867,0.5573341046160125,0.45845011597334107
1281,0.4556865520983122,0.5720704436047817,0.5690247125692518,0.5924071323413566,0.3122408439927552,0.5049843091384653
1282,0.5214182441549617,0.7681020151408936,0.6400116543059382,0.4178955555344946,0.24204839152282592,0.2665201527745605
1283,0.6007409808821857,0.5804992661856998,0.6425473297705309,0.2989782074880882,0.3709883808136358,0.3619234381527261
1284,0.43879761205355766,0.5525463789963899,0.5088816369695827,0.5152169683563104,0.4929998737011651,0.3643255226033542
1285,0.6779070459011213,0.5673216860175484,0.5422158821207994,0.5416268573822153,0.5819240852945069,0.5007834140032358
1286,0.501041176654203,0.5272028348949083,0.6428928695420547,0.5186992844346039,0.5966238254732499,0.20435237658992494
1287,0.27399509819810636,0.6044844304982284,0.6190813974752236,0.32466558114426763,0.4058672131341001,0.31200935744593083
1288,0.5300309087223672,0.5798180349534777,0.4925953403650157,0.4476671616479011,0.4322572413328216,0.5076247849450978
1289,0.4529204382530425,0.6125999155152273,0.4823854587822625,0.3247573365402917,0.4569612799743735,0.4360063832741027
1290,0.6131170481230986,0.6150253962451883,0.592754998035678,0.34779547024761237,0.276958384315422,0.23928861430533677
1291,0.4780085490264079,0.6128484059533718,0.43387333887751783,0.42014214889583335,0.3465910994244984,0.499912867714415
1292,0.6643317748878798,0.7211331583252094,0.5785030160264225,0.5299624102827245,0.5229935353608417,0.33459805193306547
1293,0.45317809871208714,0.5917142760759884,0.546567775480228,0.40068969892624284,0.5640931779883609,0.4355700072809464
1294,0.5006623395435629,0.6267335731927122,0.5930500781839864,0.474140808235526,0.384819874498031,0.3320474107006028
1295,0.5667272672813796,0.6870718064947674,0.6803372071171171,0.6508939944454043,0.5257490444501683,0.40800733811355644
1296,0.5067031621579325,0.7491727670581838,0.7213482512738205,0.48292727579842104,0.4062280661751831,0.3839031842979899
1297,0.37839162325022735,0.6372903895810609,0.49909941585649026,0.4169732379865563,0.42812338712935954,0.4201614679588404
1298,0.637648671413213,0.610559888791876,0.6311668300417564,0.5788000985425703,0.5089358734901045,0.38630198939114835
1299,0.569272717249726,0.6351189313764685,0.7352699722407928,0.62713191958843,0.4235158599339438,0.24123275157317242
1300,0.44113520643569154,0.6262772364046789,0.6719149792755834,0.5198940593586411,0.6135567935458753,0.3640149570832886
1301,0.447409467826365,0.6102963875349704,0.5481122727844756,0.4758542831751785,0.5410413374565077,0.23553104543416864
1302,0.6385838106413071,0.730659663598713,0.632874294699584,0.40503733785701407,0.4937619340453641,0.3052239107671996
1303,0.4022537878939277,0.6696010423242095,0.5895443681048018,0.41590823441455244,0.44697154215022283,0.3325192810589927
1304,0.42293018523024006,0.6211300002070291,0.6083253284267822,0.5649035192776397,0.4669395653223375,0.3338164959154012
1305,0.49918672746313647,0.6825426870922563,0.4816966378478445,0.5488805991511555,0.4766667520989067,0.1568480241034294
1306,0.5740240236329682,0.7654214843949577,0.5276703015175627,0.41282503544959054,0.39048794512585017,0.27106657961785685
1307,0.4793838100905444,0.5970561813628767,0.5533184192098421,0.45355967716155443,0.5236372763165749,0.284001057588955
1308,0.5659527178740235,0.7668283703498076,0.725731212862487,0.5175196934460492,0.633034500823248,0.6038993066187569
1309,0.5905320723443342,0.7149048844385654,0.6341263081978186,0.40003515619411983,0.33801044497475596,0.2654972715234274
1310,0.5384815780800776,0.7047776277598619,0.6114820971316735,0.5005048263228038,0.5253379534695682,0.41882519669163143
1311,0.6533558972432512,0.7249182820590473,0.6094821401686192,0.5317515838563663,0.5846279593626887,0.4288151222411758
1312,0.695286608605988,0.7732074106224684,0.6108443515331603,0.4647985729392746,0.4255421933403048,0.2379170310462713
1313,0.6536060808798837,0.6736170379112727,0.5350679027968896,0.4960803832407049,0.4664473609215024,0.3430384975258457
1314,0.48252172860887654,0.6099849770257573,0.6046398773136827,0.4919983656936348,0.3189004472812279,0.335405273865378
1315,0.46522725209265664,0.7300712019550729,0.514734562724279,0.3012735489232233,0.2775358060796461,0.17633757131100358
1316,0.5714380317431563,0.6119699673103339,0.5627706518387969,0.45124321767298126,0.49022025109633416,0.2761616105205488
1317,0.5228586117549623,0.8401649368079812,0.7099905472594078,0.5012712357946519,0.47588483478031274,0.2541805001100081
1318,0.4286889795909521,0.6078848222378318,0.5616868395575255,0.5356820929258022,0.41669065061045457,0.2769128992707449
1319,0.5569665645276336,0.7081609711473887,0.6432833552820371,0.4990206726541595,0.4027279102882518,0.2730518227947247
1320,0.3419998449128886,0.6012084149204611,0.6921347744869523,0.39523428827843077,0.23567234965415795,0.1944159144202635
1321,0.7379345369370782,0.7303158423510093,0.5890252733857688,0.5740855846983157,0.5932407732676778,0.4147443774986562
1322,0.5826833903004369,0.5663695250668498,0.5701433153371924,0.4419256684871083,0.45086272941658617,0.3831269697747534
1323,0.4765067597625989,0.6349124629519266,0.5380810934550427,0.5391161245471239,0.4946481769175205,0.3579474762009936
1324,0.4748022540509056,0.61281091733013,0.7430103104444742,0.4550208978353179,0.20633585016405476,0.2472325269347748
1325,0.6198147409046114,0.684569934708849,0.5755783970833608,0.7234006611079106,0.4577424297781075,0.1421872108151051
1326,0.2621252598202285,0.7720979006935166,0.6798141208603734,0.48524169706487497,0.32458123935666006,0.11492317018209915
1327,0.6289458540745003,0.6041951599829102,0.713601100425682,0.6414923233958443,0.4633032403697724,0.20663971048492857
1328,0.4398566639181572,0.72265820394436,0.5210245980478522,0.5165347568281035,0.48480179883180036,0.38469577806558486
1329,0.5401097080777394,0.5524821148414883,0.7142875326734172,0.489178773572242,0.3386032092296575,0.46826205250215497
1330,0.5426178514051566,0.7481788650499571,0.4314082178011917,0.3906266462009828,0.41390644454190373,0.24596205677031407
1331,0.6193548052562325,0.7844753081518673,0.6051343951911294,0.5623704158848369,0.38845645163226245,0.2661583461849305
1332,0.6059318950926466,0.7355498631222918,0.5164779262283163,0.47976078914215536,0.3762913970748004,0.21322494359524236
1333,0.5741501417879212,0.5377090757947296,0.590440444761532,0.334910168345039,0.30357921675265737,0.3613310949416614
1334,0.46772635144042607,0.5902818240901401,0.4994356276802085,0.513650017712336,0.40420770584865373,0.3911332774999664
1335,0.5835177485741196,0.6586034333823477,0.6453157258648234,0.5303234967557455,0.6059078536900655,0.18648994080875844
1336,0.5368984649663375,0.6772923239897407,0.508468139390151,0.3800133253728817,0.44489758188726586,0.32697181907115846
1337,0.5002132101814766,0.631765489840587,0.5185034431347925,0.3637916362537701,0.4721080053451217,0.2703339353512757
1338,0.6432556994883123,0.6682614380737473,0.5981369926947699,0.6221556361705445,0.4729901315435924,0.26137763122592034
1339,0.49769320995332383,0.7966967140102783,0.4870652616894182,0.5773036591104723,0.3726555491791572,0.20944350079470522
1340,0.5170090900661375,0.7195680738216562,0.53027963242645,0.5050983751353382,0.5393065120818801,0.3329406968371572
1341,0.564461917674228,0.5390759183690411,0.460975688498982,0.48096849934983965,0.4997282032250263,0.30470259213151907
1342,0.5479753564468636,0.6314171512092279,0.4973756777151114,0.47629809881718455,0.3055070971325756,0.4394761117127875
1343,0.564530986359286,0.6706371387331697,0.6357274294259215,0.49526960384811336,0.506736499522831,0.3994351044530497
1344,0.47043842715093825,0.478424497091836,0.7690779615876039,0.49034376609200775,0.4185496473354319,0.2640685035528205
1345,0.5816822237007827,0.7818591923162536,0.6405900942460687,0.49232235133064794,0.4298183476179832,0.41530026425548155
1346,0.39900445803270096,0.7418347515929686,0.5262853646723614,0.4845617296449842,0.5822013492003376,0.27688905654067786
1347,0.6195801549453644,0.591839109229538,0.6143667836599196,0.49380568617133475,0.38460986812042486,0.25993342355843785
1348,0.48438947981809066,0.8002703291965821,0.3938728140314272,0.5483138168049433,0.38708242111742225,0.3001961080256359
1349,0.6264755002353238,0.7732969578019078,0.603015650580383,0.5089801029877714,0.5187606326970668,0.5415665136833773
1350,0.6433357278547979,0.7127475111729035,0.6253278229575232,0.41812541793021274,0.41993276815070607,0.1574868815746791
1351,0.39635978119764714,0.5857738315617714,0.5842151660516226,0.626295680444757,0.3462925097199046,0.28898907506957333
1352,0.6691271439301498,0.6244701420447912,0.5496198486425132,0.5372676237576042,0.5075108913620229,0.21882419216337695
1353,0.6744396425160926,0.5190620516390791,0.6537629770252762,0.32434532256569365,0.15409995186669354,0.4171472925597674
1354,0.5819959366134612,0.6579778409104009,0.55582243547248,0.5248802439779205,0.3298244938082663,0.32157305544866105
1355,0.6044381527683137,0.6890354421744076,0.5750381281256756,0.4874749019130283,0.459265758404096,0.31621644091885154
1356,0.5203522107379862,0.7495506766458031,0.5844878954717572,0.4433444130361565,0.30601094286526986,0.4692564903888147
1357,0.5180080968162996,0.6531352111420226,0.5570982610533901,0.4676019410870213,0.5001261443210302,0.37879130309023673
1358,0.41094068039547527,0.5639581108073214,0.7031060382103813,0.6843332580540095,0.5951780363404368,0.427190324690886
1359,0.38844518503859354,0.5665160562951032,0.45610633590919164,0.31845652923141576,0.42230212556903113,0.469724866392232
1360,0.4705662340612775,0.6778098180515478,0.5517562186113893,0.5760247961141058,0.6338002990361498,0.26058033859931495
1361,0.5592071635558504,0.6481998563265723,0.6844158504205365,0.42628640787607547,0.36623656150778566,0.3741063058015011
1362,0.48653543527911425,0.7095422140245348,0.6613151153666956,0.4704973891156741,0.4098019805957994,0.29414272799723845
1363,0.5412585293696067,0.7099494055612287,0.47193259390507797,0.35566838000029427,0.46553360901007024,0.31184204902762314
1364,0.7298657781469211,0.7179904444750594,0.562254313977798,0.47587572884756424,0.44253974667744017,0.32753727048215964
1365,0.4450595199748489,0.6549594258336697,0.6716790194935619,0.631042979754913,0.4800316270947454,0.37333323479886454
1366,0.5932719841686818,0.6160369758727653,0.7045885401929693,0.5526436525217608,0.4653714941891859,0.44420365585740773
1367,0.48460324455896514,0.6459371015586908,0.5498691146001597,0.67997675839768,0.5769915642802999,0.1794312598534814
1368,0.45412939251111967,0.5727112334759938,0.6099240935671387,0.6387982595667792,0.5082242679283557,0.33975961747106603
1369,0.4183175686806851,0.6220509086522914,0.5849917913712226,0.4285968110994368,0.48250038311238613,0.23861659639956934
1370,0.45550411698773274,0.5729712647758107,0.4818817635230021,0.41241956740794256,0.3567680684115348,0.36823478089687456
1371,0.5601825926479653,0.5792512266443753,0.6009744913661768,0.44138262032373626,0.424178491505495,0.3998116278549173
1372,0.6325826011605317,0.4914080302690355,0.593890543305066,0.4826903251426814,0.36803795591271093,0.33667438029296215
1373,0.5885772754104888,0.791603732693789,0.6786009082995805,0.6072313425759125,0.49938191115333797,0.41942925741640613
1374,0.6063600008614027,0.6046604335553765,0.7099761425256581,0.49817494904382653,0.5709829671522874,0.1139915884240596
1375,0.3669516836467921,0.7004230856802054,0.6375673677468753,0.5292687448625911,0.4100233711751727,0.4822607042865815
1376,0.6207249247379133,0.8170917822018837,0.48327851687919626,0.5945864056759472,0.6642667839928035,0.2579616744460203
1377,0.3975986903101878,0.5622823793951691,0.45767129958252334,0.5763059285817702,0.4753588486133014,0.44727506232013964
1378,0.5351193494261303,0.6228261320762429,0.5375586442165692,0.36282339762372057,0.47765441638237477,0.350179785400824
1379,0.44900001926478245,0.6578682620650389,0.5368702821451552,0.3913866516341009,0.5555289929256665,0.33834525966774165
1380,0.41428935632733127,0.7134793663655031,0.6532161679989328,0.48486861240939233,0.32957200049549074,0.17298597234267954
1381,0.5032311725104441,0.7329301093067176,0.5987186166224859,0.45253662956478274,0.48713413352566665,0.40179874533186233
1382,0.4801670868646848,0.6714387565754574,0.6565173574410881,0.4319040545939951,0.32935150288923815,0.2678748575759815
1383,0.6236492483363755,0.4544537171236692,0.5038212401082985,0.38905648784860186,0.3388523398329499,0.4880274900209437
1384,0.3059573094495994,0.6626736806579197,0.5505493756891852,0.41444590982535345,0.33980524172741905,0.20524813061227073
1385,0.554672953438349,0.7643182318454691,0.5727464070489483,0.3701668476071255,0.4401847727974513,0.23075951289275953
1386,0.40999250478716565,0.6302578180699981,0.5043552754436836,0.44879174006610956,0.6177960189823456,0.10539419115437126
1387,0.5375474746094371,0.5236819143892386,0.5675026640262625,0.5832634924948169,0.5307039528011219,0.38662017592117326
1388,0.430670406890031,0.7810457751731261,0.6144350333208579,0.34661679451023664,0.47904413867171386,0.2537242672732263
1389,0.5739021464968971,0.840573196747068,0.626355436992874,0.5699770323342798,0.5813580918564837,0.31095607373077844
1390,0.4061551203986802,0.6999560869183641,0.44039945207153214,0.49274046456847065,0.4787233040457641,0.17242832625617904
1391,0.6512657421725224,0.596036616940932,0.7023529910590288,0.6144547829793002,0.45714385455416434,0.27896727205502575
1392,0.6504230649311442,0.5731065808106304,0.6310324565542784,0.6106080115418056,0.5951704048555189,0.1345994042995535
1393,0.6007830759819369,0.6096663585649634,0.6863710851421022,0.5366570942132981,0.545306675316425,0.15896064457757356
1394,0.504709352843578,0.5140049345602214,0.4888920201218906,0.4650578601565839,0.5876507446718631,0.386113823745338
1395,0.6378204155807279,0.6159763858885382,0.7295346666628462,0.45055831074331143,0.5418447052137855,0.15471171845281687
1396,0.38035086575908067,0.4756343061517485,0.5198597701352091,0.4336602796756312,0.2910687035322844,0.3679422381658905
1397,0.6957207923739432,0.7966565956363452,0.7441982464721587,0.5843428066200151,0.26213964397748973,0.3254286674150024
1398,0.4270772916461392,0.7326164649303424,0.6735308012577221,0.4213897963533797,0.32021385174111233,0.2298335961815223
1399,0.4670041176418686,0.578329814935399,0.45570369884062023,0.43388199963605273,0.5081766922851847,0.165954250908394
1400,0.25062525176597256,0.658257812284356,0.5201435549716722,0.34487775302617496,0.3668670725271173,0.2695134149488338
1401,0.46191365672768653,0.6386149616929345,0.5703566278609555,0.4340979355556772,0.46792621769318815,0.3421572021315666
1402,0.6096041970286931,0.6136666011815006,0.5419624810052487,0.3784343379352587,0.44048867993964363,0.15615341379056075
1403,0.49548759019546545,0.690255093364263,0.4956659588819457,0.5396689758472325,0.4845723859605414,0.3074307709189425
1404,0.41642858300975694,0.5760130542817937,0.5535848971179085,0.35602409656672307,0.5663010494545329,0.18716848067341427
1405,0.4306505730178103,0.6088690366496595,0.41000826442942157,0.43515238663406197,0.4959698443603564,0.23921824466391328
1406,0.3809745719952963,0.7744556739946938,0.6195096464169879,0.3633782610894045,0.3616144880521866,0.37154898838735106
1407,0.4461608212972167,0.6018314369648803,0.5417138720041957,0.5905606782470414,0.5665140336377682,0.6362134463878403
1408,0.529522362626536,0.7628063060910927,0.6885547926340281,0.430960455902324,0.44720862989516963,0.3259992434596614
1409,0.5944280979327248,0.6833796615071002,0.5872525625438011,0.46951860036974413,0.409011469246592,0.371054849364254
1410,0.518041005069462,0.687999762491512,0.8645491394337792,0.504025998630076,0.5831003016495293,0.44832260978970234
1411,0.42295441981002185,0.6266728813955967,0.5808315817969639,0.42659591641305505,0.4661733742410456,0.4092212881493332
1412,0.525274324649219,0.6803068355065938,0.5495901327265195,0.35202677228826096,0.23844588182653426,0.23312674952476406
1413,0.6040770499910106,0.7278163247131243,0.6657776042350535,0.553920931489928,0.6371146924457656,0.26994870420842326
1414,0.5644924391624525,0.574836511112068,0.5052693198111572,0.29963277880841704,0.4214349648476491,0.1471747816406988
1415,0.4712264894702145,0.7423078615303687,0.558689523841228,0.4752357376718708,0.46370335679024927,0.585812412958335
1416,0.5648931964774406,0.6756522816117205,0.6246591497202157,0.498750554518953,0.48045912514951505,0.15705149574306973
1417,0.37451529810910433,0.7483961885486963,0.6440128862721713,0.47124644099471635,0.2887967502292188,0.14229468606129925
1418,0.6096379941269036,0.6232689782363332,0.6991674850267022,0.6065110234846138,0.5059107510038255,0.47607988097678333
1419,0.5741016538641941,0.7120708763892403,0.5464091450354873,0.33784088747431434,0.5357857917344181,0.4874158374124254
1420,0.6719219897297515,0.6216821118747561,0.49227637484642955,0.4114093393902091,0.4258888889604064,0.12719900413350235
1421,0.5140334375530063,0.6561166916476628,0.4653424897757455,0.6140328799441443,0.5195437953497053,0.3377927795317361
1422,0.6068684092410233,0.5382605115111304,0.6498295623110651,0.44705367903754484,0.39316161339616806,0.3071659198251352
1423,0.628021955097415,0.7403292037482224,0.5175468344596038,0.4469681994862846,0.41373543516047456,0.27432535480183284
1424,0.5120504212192906,0.5156846856465741,0.6026766560237362,0.46892861115160345,0.6562298124675886,0.41931236339841765
1425,0.6220503065585784,0.6759263724981641,0.6963342557124543,0.6717768011170888,0.4735157670517416,0.331503817210641
1426,0.44842323651138605,0.8631899379538952,0.505326648287809,0.43586031178520107,0.3775149438129283,0.2975776583241865
1427,0.4533859718897971,0.5437332618454302,0.41867745885926244,0.5589525999076139,0.5286831449805088,0.5604385293435659
1428,0.6498906816347971,0.6786703126427895,0.6241798452068928,0.6694142279050384,0.6854830661330936,0.33251747049561475
1429,0.4844670563847587,0.543890711116519,0.37168675287631314,0.4992099085788825,0.5245910825986502,0.21520834185453852
1430,0.46477961844132826,0.6539598339390676,0.5936908594533394,0.5540384968223696,0.4378191030704879,0.3827464474897915
1431,0.4294017963921941,0.710879637407294,0.6145305712352562,0.5391621808524454,0.5144941111901777,0.27118700194983003
1432,0.4541723951494328,0.5900014376838091,0.4625591975909805,0.38129393036528203,0.3920008830366065,0.39647876730660975
1433,0.6018070560810863,0.7269688378424389,0.4664061511795888,0.568025743375954,0.5124806983566962,0.3719221033563551
1434,0.45829930959404075,0.7122239310160262,0.6397137881716184,0.24207142861334788,0.33909046871086096,0.3012120217657319
1435,0.7569692465929959,0.7064843858255325,0.656263312747697,0.5510744784912274,0.5005961958594457,0.28921491492682366
1436,0.4458283769166558,0.7512908656025374,0.4812644625789506,0.45268087436096255,0.4477348764908884,0.32651104838493217
1437,0.49638504844308473,0.6996958468093151,0.6954850058809986,0.2570929340967118,0.2717339720562808,0.296714104825761
1438,0.42262702030915855,0.5854856394268563,0.5230294423616982,0.44129749020346576,0.48530160290177615,0.5374538239559925
1439,0.654479728076551,0.818586074652563,0.6114778077815921,0.4816182730153603,0.6398067725370298,0.5066640154617116
1440,0.6481651597290573,0.745458535584037,0.5460650297712968,0.5819745742064528,0.5356572149072022,0.1697292411106771
1441,0.3842197927638438,0.6892306930898708,0.5480745195539224,0.48305809104144426,0.45938740540736794,0.21943077827240914
1442,0.47189733002877976,0.8432420757982773,0.6735185809873122,0.6085867886691005,0.6056847381762377,0.5001486241490242
1443,0.5245913075069852,0.6437171868577786,0.6667181481229927,0.6407110806277079,0.4723230024048103,0.25787802424813067
1444,0.565769272657895,0.7347641940804284,0.5405184912589442,0.5027654721214962,0.49368927728157375,0.2657913897716584
1445,0.4192110907246691,0.6150694881168585,0.6224390129441391,0.45212947464457964,0.40365844327335665,0.2832873203236569
1446,0.313849556614487,0.747484488162879,0.5491747398993545,0.3811842343678307,0.4610261429483304,0.372444506851256
1447,0.5533042718424575,0.5066556502821551,0.6486555244971092,0.34541154759749665,0.5478786737101278,0.4897446728804308
1448,0.5019408142165378,0.6227381020844949,0.5644537335752717,0.6044590713654079,0.48517712885166053,0.42783856888835564
1449,0.46170256109233043,0.6176182857946272,0.613411255537675,0.47476430479218923,0.613978732392934,0.2332603006021766
1450,0.4810044946472625,0.6963247368143304,0.5491061544402001,0.6062869025627656,0.5314784220544416,0.3150636717924505
1451,0.3482456491387235,0.6790303861662198,0.5453034769715357,0.4780555054129044,0.5352554157551498,0.3292767957879237
1452,0.5997870324034015,0.6592876536512707,0.6754120998681801,0.7033530175882947,0.5874994107615801,0.12184010899147184
1453,0.655870356350482,0.711637315012871,0.5866157629531784,0.5322057873368324,0.4518744850068781,0.377180522934239
1454,0.6584408414880064,0.5913721340148606,0.711643849393567,0.4484927429696578,0.485311564500717,0.20793215787042205
1455,0.452189575848998,0.41286997041545487,0.5483093102001716,0.6505492362495996,0.5115863923658204,0.24704234771339437
1456,0.5833323740862236,0.6445349956640586,0.6098959564611298,0.4202575733064925,0.39122419751998616,0.25044452778490706
1457,0.5570761846195817,0.672918835596387,0.5525284857453273,0.3534243702721665,0.25495245863102406,0.3635974450963188
1458,0.6050369793318205,0.620720970022419,0.5235467232724744,0.5502395036400534,0.38660069247585027,0.20991832813297953
1459,0.46440050017009804,0.6414252365856834,0.5872367534881793,0.4698923437676608,0.37658635162080145,0.3479630213603038
1460,0.692581621786916,0.7882824672933022,0.6884885532964188,0.5658586253217656,0.44562284987917317,0.34070934870601877
1461,0.6318730327974913,0.669278914978715,0.5642500112341442,0.5551051357158545,0.4197262681239089,0.19315394197316715
1462,0.5597861389757337,0.7097808610594857,0.5453070569541619,0.3150546119447266,0.33184091570538676,0.1439840485543221
1463,0.5274621787019619,0.6279387243674913,0.6014654162465852,0.4902921449500866,0.4859132484093498,0.400025488925059
1464,0.4324119650720728,0.6453088227326674,0.6169004532658879,0.5658134754505478,0.49513163283766476,0.24817392016408954
1465,0.5197922650800869,0.6658953504607763,0.49265818112263965,0.33292947123992944,0.43922694559794145,0.41798149164716464
1466,0.3214105409155154,0.6904431687321944,0.6811760330222782,0.36004130727724215,0.40586493845030924,0.42968789152610143
1467,0.5305679606949094,0.5252106698466176,0.4872075894267501,0.49971986651694505,0.514484604614257,0.3177779309730651
1468,0.32172406351826127,0.7023680397311052,0.5772557895946965,0.42035024050028,0.39012955880200695,0.4295587028118391
1469,0.6495000285148991,0.7186128230869182,0.6758540840759122,0.5241427776752329,0.5924019365408305,0.23354037497208602
1470,0.5354313697324287,0.56496745506521,0.46280601908254043,0.6355904890520052,0.4257078824616151,0.37521469159681853
1471,0.5114487180917836,0.6481375551699468,0.6148391733570377,0.4934863706629805,0.5099054257648132,0.47421140338154716
1472,0.5769630372540698,0.6503268244794356,0.5891571255445516,0.5253495565432709,0.37173011650373966,0.28084318996544616
1473,0.48864579863892876,0.6632595429753109,0.6618716477737058,0.5503901776421982,0.4956270893211404,0.23825942710607956
1474,0.5611542101453196,0.7069277737736573,0.7468505129416894,0.5280761120937547,0.5581556200147678,0.2917570458155137
1475,0.6527031636630312,0.736569598760969,0.5201254792079221,0.4759868596441638,0.3994335795645419,0.21061983688168545
1476,0.6222658360806103,0.650777908940592,0.624256539528375,0.5701450252890549,0.5339785826110078,0.28177170678979535
1477,0.5619364299486532,0.5587144025065494,0.617882941391738,0.4430534159310524,0.30618524859149054,0.2717844624156904
1478,0.7170312385613953,0.6805769999896647,0.7210756650076316,0.5774083187757444,0.49551337099564724,0.2502525252450104
1479,0.6738150708965999,0.6158876760945168,0.5985675955153148,0.45503998502439313,0.425561997895167,0.2361795407816292
1480,0.7634834585980554,0.6624895789975135,0.5255892165660522,0.5713217681585592,0.5229790765497806,0.2597357904772575
1481,0.47113811899508495,0.7102812944096313,0.4785020964383571,0.5055287281496523,0.4284816908827507,0.4580712243179949
1482,0.5846901582464589,0.7352884513874969,0.6481176547233459,0.5708216023049972,0.5817221702934245,0.17316755057423605
1483,0.4555954132308806,0.57382342800301,0.4289354311745171,0.49901453485418057,0.4683048084344421,0.3476779200416279
1484,0.6560948684197789,0.7131306559042841,0.6314512917672404,0.31598738539393345,0.3410064690876376,0.24733034922189737
1485,0.42656412805865185,0.5763156382817902,0.5517745817186693,0.524964095110137,0.5338903800522563,0.34046108528824226
1486,0.5024077751888192,0.5573686706116413,0.6881590700929932,0.3780482058689985,0.5803179417859929,0.5590545158555906
1487,0.46985756637187176,0.6668259817503224,0.49722545052822054,0.4641294146654868,0.5909546073805323,0.361728203732833
1488,0.46691707061548227,0.7536488407276749,0.45528782799568235,0.6109798619067031,0.43885846801841655,0.46588338586853595
1489,0.2873722285538946,0.7562229262350004,0.47230084609281314,0.7559895266147993,0.6915073578328754,0.5329788085126892
1490,0.3862428068101871,0.6197194674016931,0.5414018398470667,0.6783272998577049,0.5722620634536106,0.3230556408055723
1491,0.6652734157713757,0.6591705045368623,0.7064704024035077,0.3102319587399094,0.48984869355794214,0.1580125572987114
1492,0.714312069820041,0.685628156400649,0.5685699591095181,0.6105617728263224,0.5381786623029783,0.18152541990249094
1493,0.34299217317558783,0.5534358243307322,0.46993225270412253,0.712307072445079,0.35161048147241825,0.3167757581521336
1494,0.38316145301306553,0.6449733226464178,0.4245814679595109,0.45596511969239,0.5730912486637166,0.20185730625253132
1495,0.4983504271423514,0.6566494842629516,0.5413853204427961,0.3506362324290374,0.5010512748760125,0.3791270367805812
1496,0.6176125296128259,0.7615486346604691,0.5331195260365124,0.5191345133750207,0.44065075206563686,0.38237957848959314
1497,0.44417471376935114,0.49749560596384385,0.41316699609936625,0.4224400477083057,0.5969431592857701,0.40791293224580594
1498,0.6289504451989256,0.6997744508467972,0.5970992627502334,0.5111514535496736,0.4144803971490343,0.36238612139370896
1499,0.30785162760472795,0.6680829305086342,0.6295584805834106,0.48370010435420074,0.44114410983782454,0.4781596490777668
1500,0.562630893781584,0.7320216351723138,0.6054099325048757,0.5821302160751398,0.5155348473040499,0.19232224995946262
1501,0.5222617333201647,0.8273553728113335,0.46631149036018366,0.2717592943835533,0.31296320577723413,0.3372323687522445
1502,0.3441480801299881,0.6097510194094367,0.7195296813824751,0.5638816018492243,0.45735347967254103,0.5110386430247802
1503,0.32868532187690785,0.5689253026063564,0.38450066782785,0.43380177013808774,0.39025705256886734,0.4688278140920246
1504,0.4462880585317627,0.5748496886237716,0.702428233473738,0.46523726818604794,0.5272490198540482,0.4473425063694702
1505,0.5570116220599752,0.7654382936745261,0.6343254285733567,0.5997595485607217,0.6099432270060379,0.4855329988564819
1506,0.4833711076548018,0.7084973569321956,0.3624314753243514,0.38194372870916937,0.5484171347586286,0.4607670605814344
1507,0.4934120152979021,0.6381493012871234,0.695162252528645,0.29903428823886463,0.301564873704588,0.36822542246180157
1508,0.4630658476937242,0.712678266376827,0.624133798579338,0.38310556591309175,0.3556806356630181,0.21719730521798025
1509,0.46452232159229356,0.7535765250450465,0.5635735959475149,0.5228396116284558,0.41878889771901984,0.25617804059126165
1510,0.47457845937277116,0.7698361985835585,0.6323238906216443,0.36064464967878745,0.3754347467075496,0.22347815039248456
1511,0.6055516424304054,0.7162092859138668,0.6244649069305465,0.4134299843135895,0.4133333605292624,0.30082045172151006
1512,0.3589725335559564,0.53602253188063,0.5609912518724756,0.3476399846496341,0.3517299402127414,0.394605055956686
1513,0.6663291197366664,0.5213899176701791,0.5479825446548736,0.42371598018798656,0.5386957855895788,0.4621518258272528
1514,0.4907375064710653,0.8388237993772788,0.5558932610351992,0.6447895547755517,0.4538968896951459,0.48031305862399404
1515,0.5290388887079123,0.5727168744455867,0.6859111423054731,0.45933437241954916,0.2858522096562894,0.19962360088573275
1516,0.5009426383091486,0.7070572833136778,0.6018101739667431,0.491884702749005,0.47584131559587095,0.22093508236440762
1517,0.49171519397324187,0.6962980831003706,0.4773163359526265,0.5091178954565764,0.3681769477175323,0.4804739510063891
1518,0.6484829415509887,0.483650082394254,0.5614978295983929,0.5355722375408688,0.5421675901184367,0.10724746277724784
1519,0.39952810132617955,0.5693949295654548,0.4687737325267157,0.5648269643959407,0.5810141308799437,0.15636291088565596
1520,0.17208947586838538,0.8691595545842643,0.8165883049008688,0.24341537102849542,0.29651991939073175,0.36206646381792634
1521,0.538109382361686,0.8611600115880838,0.6672186828645549,0.5308343682397861,0.4187869008771836,0.44714255071285347
1522,0.6505465815014965,0.6741096350493984,0.6143135848374123,0.6966721341065718,0.36014622880742125,0.2515546192783972
1523,0.42352390553762564,0.47588908034775534,0.5667289972001259,0.5286623002100228,0.5469498010363681,0.354916482190599
1524,0.6191695892597828,0.538230856721903,0.5226337498741099,0.4393713947201543,0.5059774051455602,0.4308522294148567
1525,0.42902249843814433,0.6610829445425365,0.5936527765677088,0.38449880160967265,0.29472677177878404,0.23872868445381554
1526,0.6126176165568162,0.7145826273562415,0.6016583150630868,0.625556972360617,0.5195923267177651,0.3184960847118821
1527,0.44210026062721575,0.6331026953848924,0.4310301764426956,0.44735901226918395,0.43061955714670375,0.24745058004791728
1528,0.6400836841234918,0.817846444782429,0.6877567006633577,0.49996524483243493,0.46119349601776605,0.14151740573137267
1529,0.5142643789252208,0.5550777358472506,0.5674356359590192,0.30887064864232183,0.2823605567279042,0.2626862474929728
1530,0.5931926400988518,0.7346299623209817,0.5860667762756796,0.6099411917607973,0.6356880965536071,0.269952537856371
1531,0.5446473566076233,0.7368531634837702,0.6904926934769414,0.5277292030623916,0.34267355414864054,0.27954772285676827
1532,0.5292856705694009,0.7660058346768467,0.5747809804441899,0.5333701923284231,0.36936788556292466,0.3262086266177602
1533,0.553592318687932,0.6774756361652345,0.6728043355975952,0.5124950186846174,0.334146187993626,0.34647451069636065
1534,0.42404525241677626,0.8344983157415341,0.5408955657936036,0.6144438947168825,0.37449184985636624,0.3285061152908453
1535,0.39384089641218967,0.6452856977248463,0.6974058935550472,0.38621261764773207,0.34579050949436496,0.2801142401351717
1536,0.4364652756148705,0.6103020966082914,0.49651441817676867,0.44291541623760766,0.3819618473169494,0.28548797289070466
1537,0.5644803060162855,0.620875327974551,0.6358957700338306,0.5996857874304955,0.5771416862215903,0.22087552433441118
1538,0.4387921347563678,0.5047788791627055,0.61324808787894,0.5155563099990923,0.42546703027111815,0.39552928521107655
1539,0.6733473238032697,0.7105232316970291,0.7732408012031803,0.657826908716697,0.5345028163949286,0.2607753421886395
1540,0.4333707753005415,0.7040615569220549,0.5457408662446154,0.24898725559346171,0.2200251475528037,0.22291043829689575
1541,0.6503483852679669,0.5845182919052896,0.611555045346033,0.49125142710532427,0.40467315965625456,0.25052284984701295
1542,0.38558085911311285,0.5736915068168655,0.5229674294537717,0.44104064015968764,0.5668668192315571,0.4249859970066468
1543,0.4930076888931152,0.6199238702941622,0.6347037572759475,0.5177940304156904,0.5344568333149786,0.3569951593442528
1544,0.6364592303206047,0.7390081132176287,0.5450476222154537,0.44518870172129804,0.4416809767623918,0.3113457585208557
1545,0.41152971823353685,0.7337554371441322,0.5750085904118869,0.3042963459727867,0.5554481355271238,0.36111950112824887
1546,0.556454023316214,0.6334016411732618,0.6069185952762336,0.48437060834909307,0.5073093836479403,0.31855169440585696
1547,0.5528566158657865,0.6375485905929451,0.5008166880825238,0.4167333334041918,0.488366910897261,0.27117039937018617
1548,0.5325633438153299,0.5588771232825904,0.7442207727402259,0.5627426197507718,0.5222509114361922,0.21897516435339556
1549,0.4685563148900226,0.6366384123315673,0.5627987862804048,0.5982638885514155,0.5200852368977608,0.25596233947080077
1550,0.4082571116834872,0.6449062096813317,0.4643323677235865,0.567345455028972,0.47716062464306486,0.3078812708116348
1551,0.6563536467918079,0.638080228153933,0.7614263089033327,0.6059049724761639,0.46914672373122485,0.35714623897680314
1552,0.5634330051558534,0.6684003651897951,0.5980339634280426,0.45905948097740484,0.552338614900251,0.2434955337731697
1553,0.3239147699016417,0.6805695746812395,0.6134717928922148,0.4478320702144431,0.2674413319725996,0.2494928816465872
1554,0.5223497021673231,0.6427621658367664,0.5460749516015738,0.47353434551006524,0.5490388475745301,0.30604795654394296
1555,0.39362925870147986,0.7485390180769823,0.7427895888856163,0.2414648507327921,0.4636280350447594,0.3307442475635972
1556,0.4750848666678413,0.5273835656326991,0.4572425805754672,0.32158976116498367,0.5305469633511675,0.3836850914461257
1557,0.6507190426932339,0.7041070808142821,0.5750652876157416,0.3624949935415247,0.45559503008889424,0.24482082639092864
1558,0.39814614267084436,0.7126547793997711,0.5661465743055727,0.5734557037802033,0.47004236857646475,0.1756637913627142
1559,0.4181278697716759,0.5291785569483672,0.7074730911648949,0.44757262442272305,0.5235108631618555,0.3634391646510161
1560,0.39551730837713306,0.42713538657355354,0.43429500120789283,0.3880814953887734,0.39085693416691153,0.37226684268085897
1561,0.6067865177946515,0.7957079675997063,0.6210525332956943,0.44211248849774515,0.3521140809048037,0.32993076011722444
1562,0.4498651038995033,0.8254890818218404,0.7715310048432189,0.6245127715621593,0.4546139543823584,0.2381558922158937
1563,0.5149145505824633,0.5562781760038987,0.5251023059159606,0.3736485037953849,0.460350920922116,0.27158980906217944
1564,0.6358715652045708,0.5178329262560672,0.6588431870752917,0.43699507073552846,0.5482156182708005,0.5385694470997487
1565,0.5234810353596971,0.56692370310204,0.6170347849539612,0.6920038288415725,0.4741710619572034,0.4072676250654613
1566,0.514260098000577,0.7703763243019843,0.6857531855884073,0.3879946483000604,0.35746547940587314,0.18083295622250956
1567,0.6961087327237168,0.6773744834937429,0.531594632927394,0.39329612637818373,0.299520842680474,0.3437761285926634
1568,0.6037418342631172,0.7709947012929009,0.713276979879084,0.5104550460695283,0.5292735696526459,0.3420893472028477
1569,0.37991191499198906,0.8143365467854838,0.7103282454269847,0.5175788690735219,0.4945708057613854,0.4550944449693094
1570,0.60597937556086,0.6466874129431041,0.570254745769623,0.4993880411947912,0.484733680331417,0.37082849073720114
1571,0.42375854732783236,0.6304545447643407,0.4547029797930008,0.42612321755542565,0.45369279037099225,0.2103292936334447
1572,0.5464650128702987,0.6446515564657189,0.5115610370052,0.43265005734386,0.5396062820505556,0.3564363242678261
1573,0.4179432656550298,0.6278978594369142,0.6470317551548052,0.6507257005834913,0.6069100682640671,0.3313513833412823
1574,0.5463252799264076,0.7898283961382162,0.6033500904291798,0.7258411392951857,0.5647373573354866,0.1555046358344227
1575,0.5114699798939337,0.7023027951039792,0.6745491082156088,0.39930199950423684,0.3895053037231955,0.23299201045691229
1576,0.5320039583860618,0.580128361757626,0.627812276611972,0.7268601292351536,0.5353226914710266,0.1725391492433169
1577,0.4510049579344701,0.7348780377417687,0.536571736472151,0.54154896977953,0.5860732851107024,0.5556006484849723
1578,0.5426679877777468,0.713117910011178,0.5077516974652361,0.6166491575934445,0.4528798358633547,0.34303532301393475
1579,0.4959244210865893,0.634612230470824,0.5679769463193783,0.6263248709895196,0.4536431377859662,0.4602224881122355
1580,0.6629381554437719,0.7852167202499161,0.5919668947053401,0.3552056544094803,0.4436899391608091,0.17976624459950938
1581,0.5327017597932813,0.5274092600385175,0.5068480431192677,0.5465586708035525,0.6110653513749389,0.3239288785895531
1582,0.3250608484047402,0.6181464698922714,0.7838490290044288,0.48122019160397783,0.3933370365535712,0.25578350469659294
1583,0.5894821829686985,0.6563907400942777,0.5379997023317074,0.46587377187381707,0.463048834268313,0.37517774594283015
1584,0.36803582998384077,0.7882195706828418,0.720871630739641,0.31532093950389567,0.3959052382600468,0.4220738160531283
1585,0.6679706012426454,0.7227630251493474,0.5784522402309674,0.39768799582488557,0.4161648410826237,0.34002967073180773
1586,0.7279624997452607,0.8623059711054905,0.817019259593899,0.6406973267536298,0.535806230700321,0.11057972317091287
1587,0.39955634480601154,0.6109577880798011,0.6255145819074805,0.351879785283696,0.545146810800138,0.4974268607779678
1588,0.49565994110555567,0.6210149214705327,0.536881626079606,0.5002875456017166,0.4843352019583677,0.3071992742295042
1589,0.5242362913261477,0.7152961337308298,0.5815910215464922,0.5207221101124556,0.5215679331964658,0.3653361790959434
1590,0.5396798417200546,0.7787535073888242,0.6282533591105881,0.6685271525117794,0.47386305555486713,0.32900595575582575
1591,0.6409178204659135,0.7480928404470389,0.6178770532836728,0.5547024188197561,0.48427162658889256,0.2089808830734336
1592,0.6132931246589761,0.6316681580243602,0.5408755234615015,0.45681675433124735,0.4907913627079943,0.4106140297129099
1593,0.6021046611300488,0.6662098431323078,0.4996526830110397,0.494887959826226,0.45259601763008006,0.2879166563207282
1594,0.6103067571884386,0.7986852122807991,0.6194547564708807,0.39492762441114504,0.3952962834376596,0.2739798691993747
1595,0.5164001314279143,0.7221940423988527,0.5201138351860095,0.47115468182389036,0.5392640943335008,0.2994803285217022
1596,0.7045977004971993,0.7595517422347702,0.5135626635906652,0.35775404364549485,0.3204158577679806,0.29568173721107843
1597,0.4320824583202079,0.7293448670040282,0.5258512517744495,0.41562372661413405,0.523385289142936,0.37799468433709293
1598,0.46734279357825487,0.715187755206758,0.5296323058129857,0.44541202103309996,0.4957481910176874,0.4162753149794855
1599,0.6761810451568347,0.48172779816789096,0.5209882508032753,0.6432570875040551,0.5015062272099822,0.15367700269145124
1600,0.32768487348326897,0.6878580132292363,0.5162595515102669,0.48498569605805963,0.38041830420436307,0.3963034992197502
1601,0.4814055043546368,0.772842156605839,0.8178518838837744,0.4459127188337343,0.4559500700236447,0.5194382582349092
1602,0.45081791219608475,0.6785273950475174,0.6056358612363517,0.3314518697798408,0.3164026594427586,0.2088379752260471
1603,0.5719261893336168,0.561291581743547,0.5467244123850774,0.5171107724252543,0.5464129716300484,0.28986189618934355
1604,0.5660243357792818,0.6054805306620471,0.6740887646745861,0.6497226437141174,0.4918341588748164,0.4857669298229017
1605,0.4657300257088441,0.6700786958489907,0.5236714700799073,0.51240151732119,0.5232095547175026,0.2602752683657882
1606,0.3502514630833244,0.6574338617281849,0.46498417857396385,0.4046323702544128,0.6479473297617131,0.5096013918067339
1607,0.367056352808936,0.5558039584566207,0.6136116373977496,0.3524258659707737,0.4989633773833189,0.2364932748952164
1608,0.45864760005243593,0.6869019117787086,0.5841630203360845,0.4729013444500074,0.44994540717095494,0.3611766084912319
1609,0.3970203728672075,0.6968387388722804,0.5294460596796525,0.5369126916963719,0.4562213031356181,0.32609533349685105
1610,0.6329754328840462,0.6565270981746087,0.5166265776193506,0.39435539294788463,0.2824942029777746,0.28216962116234645
1611,0.4679120575580916,0.5737393843043059,0.5021470646364762,0.6289547666327079,0.49075029885118615,0.29777511853240124
1612,0.4028307048466642,0.6429021070026788,0.4810726847541334,0.40288041611058145,0.5984385671782098,0.319342048701561
1613,0.505625622899661,0.7364222884224921,0.4958638619441504,0.48225887923471605,0.39093096236622565,0.3646855009020068
1614,0.6851575279281896,0.6330846714346224,0.6035142642453912,0.538742771916042,0.6741107529965019,0.2769529890408479
1615,0.47883557155053313,0.6696345675240825,0.5287157204228163,0.5570809580840701,0.49902194648430376,0.2855373996269215
1616,0.6384309220642327,0.7111960331579104,0.6804093244714847,0.5338939077234088,0.4794499960665837,0.4468674185919581
1617,0.43839349371531516,0.5691499756055897,0.5060239611041064,0.40615228523143776,0.4936537633830634,0.3300167692380256
1618,0.4381787546777352,0.6898763485019749,0.5604029009872091,0.591076395027832,0.5114907007203189,0.36262356829727455
1619,0.6232278741970525,0.5887293568852274,0.5988144588403491,0.4271132058322702,0.49409395980454873,0.20724745375953
1620,0.41456858757165055,0.597584368568079,0.5880348440092972,0.5519507452976676,0.4625995933370687,0.2991118036076256
1621,0.6633910059493702,0.7640402316296409,0.6703425464750139,0.5958008853104437,0.6238639644832634,0.3805875709850161
1622,0.48081394912653186,0.5901578506782721,0.5138881511474006,0.4594911721990051,0.4424559403949111,0.4770307057184859
1623,0.6557464165710738,0.6975851031763848,0.5803122037323407,0.3651749765835118,0.4623792552119814,0.34865915929611047
1624,0.5980003510992388,0.7982349762642982,0.751130366596442,0.5595467015354101,0.4137771735209156,0.3973230103417924
1625,0.5359706776660348,0.7581860432048628,0.5880331031742387,0.4652856818946854,0.40032402934812716,0.28896076014354816
1626,0.4319497946829499,0.47689647190503137,0.6289839192779781,0.44005070960227755,0.3940751146556107,0.1409506204401717
1627,0.41443076321296135,0.5399948165032541,0.4646031046278551,0.3655150426584384,0.41916814881607806,0.3666170398909
1628,0.4184338482641204,0.44826414937631925,0.630446711633332,0.440367780739701,0.5090796421700842,0.32372489383910497
1629,0.6498866022091169,0.6950219465401435,0.5792421242471334,0.34963574170852335,0.40616446852403365,0.19436039542499395
1630,0.594587010162081,0.6295653323021257,0.766698885631671,0.49954187234407577,0.44870511132461616,0.2564973593800207
1631,0.5815896020692264,0.6195176396836956,0.7029534504439933,0.452718483732004,0.42721052704160856,0.27550346421918165
1632,0.514820818340073,0.5719240573068848,0.5729134308503202,0.5664244588062359,0.3854663904694563,0.3219591910378136
1633,0.4615258454703759,0.6157821699070692,0.6226033445274847,0.34392605835339013,0.25936594233181054,0.2086728455242157
1634,0.5677097238359693,0.6872216688413985,0.6268058964029323,0.4320001107612177,0.510811027190938,0.40748954550763594
1635,0.4050131911446985,0.598907848249733,0.6700007326719613,0.445640454663345,0.345955717980342,0.2520912487476421
1636,0.7102542524910861,0.7516855594976499,0.6131139792667435,0.5820458785113539,0.5763973964809465,0.28980128243319225
1637,0.5301839705086525,0.8106711386092482,0.6710487459954976,0.45258962653985657,0.6192639512172864,0.5765202291750414
1638,0.512559471154368,0.6896111001214162,0.5355805025169427,0.413584205702088,0.49004253857831953,0.3994755614800537
1639,0.5333699697246741,0.6729060567560422,0.4630371887709094,0.5314269143012924,0.4742430258317215,0.3101206551263812
1640,0.6242358652612348,0.7417796047690325,0.7042108175092442,0.47585081614595864,0.5581050118007744,0.2911663390385091
1641,0.47980030141482527,0.8080271132482891,0.6634328567721922,0.3633763228421862,0.2728166808172482,0.3345437201494411
1642,0.5323895210886407,0.6998625340194337,0.6598766904845988,0.523172195688996,0.3485441587611401,0.3863484299701168
1643,0.5884352185471673,0.7267980142266154,0.5526016270732523,0.46367712060785427,0.47803994916931186,0.18339194512692877
1644,0.5010463339309609,0.8293071116017475,0.5732010331462853,0.5296367750111034,0.588106007782938,0.4381024827352322
1645,0.731138865311922,0.7335762605371907,0.5171952406171423,0.5228381874136808,0.5427406132038888,0.40768274689524053
1646,0.5392585613698977,0.6835189606905324,0.539816614597875,0.49442574833028186,0.6183009321997034,0.22770296575778687
1647,0.6704200639519688,0.6486553981725537,0.5949376023937587,0.5978105757231529,0.4695778143137907,0.10560197621250536
1648,0.4704515222793941,0.6472806197637992,0.6803375722167728,0.5271121993568562,0.46098850080951365,0.35340378545954704
1649,0.6401694658993767,0.6813752723393637,0.6790568936807536,0.44177913948319303,0.38939310929040394,0.4497351470401069
1650,0.5646623195402954,0.5991809637475439,0.5626062617795983,0.48561080316590344,0.6220757659236306,0.44411599631180976
1651,0.5306873821497272,0.6642945501410017,0.7018810532619411,0.4113031143094693,0.43501295513524374,0.2953903614027343
1652,0.43535407561982925,0.4873414674358557,0.5891574728139493,0.6954864157688639,0.4226885155691777,0.4141296499100604
1653,0.5318353957609404,0.5273974893271668,0.5518480838669331,0.4519372845335815,0.35391913730347907,0.4408174893510965
1654,0.45336783051010826,0.6242429676832248,0.7262780198506317,0.3050211679637186,0.4730768621015518,0.2880359383996459
1655,0.6857835127986974,0.5785662151676938,0.7036299684396109,0.6463414939748777,0.5109064499827181,0.38126467288530885
1656,0.5548701031494331,0.8251772811863338,0.6857581544235446,0.40560754140087046,0.2436969393139531,0.260768768078018
1657,0.45847059422783104,0.791369763294073,0.5497375983103978,0.48965677518922773,0.576560677835981,0.34820819865211283
1658,0.5343182949727853,0.6683246329759749,0.6037958327491116,0.5009525352633294,0.49264598598711495,0.2737838443172642
1659,0.52243865504908,0.5907934731492066,0.5365932789754657,0.6799692525292621,0.6387435594520819,0.24166677769307948
1660,0.38963399075383476,0.6855145718127315,0.5226053096370509,0.560995100032905,0.4108681095719358,0.3961277424817926
1661,0.635444241682921,0.6826728352946981,0.6567186342710095,0.5499625715632402,0.4697103920787446,0.4578376912750512
1662,0.43526574573744037,0.7918105533427311,0.6843903245098452,0.3807409651228276,0.4535504191582055,0.4049988661225233
1663,0.6494906756528411,0.5833403516898792,0.6448389402104895,0.5632429255006803,0.4741311567585714,0.1378303472476971
1664,0.5265786004827675,0.7062778153103416,0.6620079159975284,0.6004199590040534,0.46223489742787843,0.4433457916805685
1665,0.6370408038738552,0.6171808411599642,0.7873359333329553,0.2893509249602445,0.6103371295596121,0.4752342565096298
1666,0.5707015637081175,0.7277409747766214,0.7119602346479972,0.4958539333645708,0.5436965020016975,0.3041593787101253
1667,0.3155252514681326,0.5323370230105084,0.5967798889733968,0.409606945883176,0.49682274678613436,0.3480278106175357
1668,0.35567646837357647,0.7839445844809141,0.587170265961472,0.35513795065340703,0.4854942334910858,0.3662182306866523
1669,0.47910878424494224,0.7021023417369519,0.6196904852071383,0.6177198188279283,0.47390069191569323,0.3362494558907726
1670,0.5301992911320651,0.5045714589701987,0.518322695915446,0.49345455100726154,0.4758233604657905,0.24225443025718485
1671,0.3926269028951985,0.8007362909349027,0.6468180191972489,0.40044077285599966,0.48403016284925143,0.44823441195001423
1672,0.4864906892991911,0.5163353373357923,0.4234324874741044,0.6037438141178779,0.529625521104615,0.40832470703212165
1673,0.440841879395422,0.4837880836944866,0.6475803097818947,0.5057855561585325,0.4171496134196958,0.2636964912236295
1674,0.5921071080070858,0.628203550995648,0.4928883459004863,0.4408661106948059,0.4247432540190539,0.2734989223031866
1675,0.5094482562984496,0.6111915293098658,0.6142466787395522,0.5763403681570757,0.5014467582919904,0.5275118713268659
1676,0.5468225090665809,0.788153077051618,0.546994726929731,0.4538727653445714,0.5793283389381879,0.24283273473669717
1677,0.3334707435688237,0.7330083325724485,0.4185221807874801,0.5906930515008888,0.5402915539677963,0.4405128595708001
1678,0.65395119895058,0.6246588920669883,0.5437531201642092,0.5259524042362722,0.6751834307854814,0.30339002578528407
1679,0.4907119416478809,0.6500392953060333,0.5278003178443934,0.6884534663128056,0.5705389675046595,0.27424982769378575
1680,0.44799864504624565,0.7174145249654406,0.483752398140489,0.5853292927200787,0.5068241017465058,0.24498601432901007
1681,0.5456428733981807,0.5780902689352608,0.47433347196324854,0.6093096953288333,0.4274602421802393,0.29632043801541214
1682,0.6234454367007979,0.6215161775087266,0.5662724668493921,0.5991986509553723,0.44870219068753375,0.15732017301254744
1683,0.49815582853833523,0.8052459321927268,0.550701069753284,0.5400486192383764,0.4737343144788195,0.38399357867205053
1684,0.5759430531531534,0.5678493066141064,0.5760678064378024,0.6357460622769014,0.5937233750187255,0.15392854472028905
1685,0.5547982936668783,0.6933501755793021,0.5771906328338348,0.5770758387224879,0.5370447592593018,0.38889873514708123
1686,0.5569884167195244,0.6887926586354819,0.5936134957739457,0.24671697916142782,0.3513826021098073,0.2900864240461063
1687,0.4538860767195397,0.7452160698067547,0.6079049984187217,0.5507019260135794,0.4373545132561313,0.25497427019273927
1688,0.4959630269228041,0.6627684797987993,0.7324501627956556,0.3191151195395393,0.48873111931205093,0.2782547147223084
1689,0.6292842629514608,0.6516995363713716,0.5613736666168546,0.48594888234463746,0.5985748631643616,0.09204025511544621
1690,0.6318482866196358,0.6611648242780159,0.6221019189709278,0.6691705004597974,0.4974803964155614,0.23066596344033719
1691,0.6179686260965964,0.6446047157967386,0.5293499570133223,0.3426290254453417,0.25696749047598916,0.17762938671135453
1692,0.6351033271256857,0.7712488298565607,0.6496007256354945,0.527771463148303,0.5653055449854324,0.3676582181296781
1693,0.5734723444375803,0.560237129197339,0.5031852477707676,0.533531118405207,0.49888155337241463,0.33714881918710127
1694,0.5571225451341922,0.6981156166001833,0.5966268604260079,0.5573200877213627,0.5342643826908289,0.2156994565357305
1695,0.39624437355727654,0.5080369579998744,0.552463295259425,0.47253288625091155,0.4225085371214567,0.34505811992939744
1696,0.3091562183128822,0.4200434063515103,0.6095422448003627,0.5428082229370854,0.20079567064297088,0.4613738750733934
1697,0.5259669705726996,0.7795030935025371,0.5296168522299366,0.3050864256741904,0.24647230156428004,0.23106039110643253
1698,0.33018306867766156,0.6789438256968376,0.3233271194177373,0.6029865964371192,0.49266357725524806,0.17862468800241707
1699,0.6523305627146896,0.7747248145719253,0.6083888297776844,0.5497921629547405,0.44493829480165437,0.24276615421920159
1700,0.5443574745736447,0.5957219832796176,0.529940482401865,0.43495777554548587,0.4798449483030989,0.34231749723601523
1701,0.4601606801436096,0.6735723465803429,0.7945049843780055,0.6975233777447178,0.5054658158117855,0.25208323454553433
1702,0.5800801583344879,0.6150813123958541,0.4027727518395149,0.4718011450747558,0.3889418052953392,0.39238567931458646
1703,0.2866349542826691,0.40661439653520276,0.47360675233840127,0.5069484293269377,0.4048221953432984,0.6358791177929803
1704,0.5194435928138758,0.5744225980648741,0.7002648090037272,0.5352688476327021,0.5311541033707097,0.2699070903422099
1705,0.6102459925624638,0.7040163289470099,0.6281650941008641,0.6039256161935918,0.5356729539377104,0.07830019610411748
1706,0.5389138759403096,0.6180942782634229,0.42869466567171616,0.6396336002439601,0.29317362443444606,0.37844804281101385
1707,0.4096093097642826,0.5463609334608315,0.6013125778316739,0.4680943497818042,0.4434777807281528,0.5138083244345948
1708,0.579657492043431,0.719800515928491,0.5556557717093853,0.27165458766342326,0.4024849636677454,0.4046206734161558
1709,0.5941927689969652,0.7147484992620945,0.4655090108504375,0.2773808447118816,0.22247207652690226,0.3061143507872339
1710,0.541369510721012,0.8605887228286538,0.6936302928012239,0.3772946761365941,0.3645861099365338,0.595897436471882
1711,0.4803966161748991,0.5893199146214989,0.6008961948496057,0.538959375730822,0.5786523796949018,0.20644904428880775
1712,0.49857322120384023,0.8313035802839901,0.7028856415990974,0.44120045277574804,0.623164055995404,0.42765158896430855
1713,0.5531251310427472,0.5241101610962687,0.6778601452030902,0.34432858044287395,0.40914061801933216,0.2627690108380695
1714,0.5097045027599827,0.6384312759189092,0.5561189757805454,0.5159367658798263,0.5026932848263909,0.3644630910442841
1715,0.5495966236155222,0.8024711319044339,0.45083491443165036,0.34907694775371767,0.49486782594468304,0.11477791305444925
1716,0.5460311870243777,0.6058031517118426,0.4861519882955775,0.38436026078040103,0.35383755563675096,0.4465021926601225
1717,0.771445364959033,0.6798802958471676,0.5740303625573413,0.4741020953446573,0.3308222704433817,0.4201501771480178
1718,0.5092742931613649,0.7294029779981407,0.5666602558460992,0.43229798485749216,0.5032854156238852,0.40674311202992236
1719,0.6122116522690427,0.5976706549108942,0.5273127414863441,0.318879529441486,0.3089036541966991,0.21295603290988588
1720,0.486807900763247,0.6825647704681131,0.5226932980678954,0.5807746567227822,0.42673470494854887,0.34918490031291394
1721,0.6430848695635065,0.7247632669837658,0.5788194075079235,0.4553538190321222,0.5440209057942503,0.17233037765219628
1722,0.47255436951647073,0.6945932510210279,0.5661538295749918,0.4497940644338751,0.39467498519267225,0.3095117289713645
1723,0.6579172532027735,0.7920481543319032,0.6461465351062821,0.39076859782441037,0.5302166358238217,0.3017841829437345
1724,0.6839196289447332,0.6924749975249758,0.6268592048340985,0.6943675963669742,0.5759386762960664,0.21578373444444762
1725,0.5438645257565295,0.7369947217952127,0.5420794455399397,0.28101652722630555,0.5991906911909063,0.2642018946967616
1726,0.6773106709864924,0.7491984814352117,0.6713046098415942,0.5470050711254826,0.5125790791694375,0.31041557642184503
1727,0.6242819206301451,0.805590911823902,0.5530076149293194,0.4475307629608717,0.38101693582880874,0.36130170966149605
1728,0.5678898221212123,0.6840617366256547,0.5305680397482264,0.4025709647493228,0.39988828847759705,0.2963500541848018
1729,0.5844054115527991,0.782262065567133,0.5728645321520953,0.5070215443109548,0.5387848590104322,0.19211047579650653
1730,0.5569088048336506,0.8038257341331747,0.49049952712288086,0.5700192865760352,0.4293724523401299,0.5271502544836716
1731,0.3824595152311766,0.5716805106831149,0.5002385818365785,0.5339893165182115,0.561323546492634,0.337676399129968
1732,0.6689728340876028,0.6748105333574984,0.6921612630739565,0.5259174911591898,0.4577962555374121,0.2699731126157193
1733,0.5590249441067409,0.606842868470319,0.736990495823515,0.4722563102381359,0.5906545563205864,0.13290479574068792
1734,0.5575823371618066,0.6115746018921598,0.6189502158684788,0.45403570537782906,0.3764653283007636,0.19549161858226705
1735,0.5701354471674462,0.7626646867339235,0.6170040015006587,0.6793369324322135,0.6891278940888709,0.29144798756790574
1736,0.6307237549781625,0.5726335291453116,0.5849607083766839,0.4816035212911549,0.351145988096745,0.49327700598179225
1737,0.48820212060713697,0.47835599184284355,0.5449058661483952,0.46473135624996487,0.4671817737579851,0.3776414611868895
1738,0.4047029176594622,0.662970447988678,0.7388039026021863,0.4545750255964752,0.3580068601793133,0.18707037429233533
1739,0.4896568366425277,0.48013832231800524,0.4979575272434667,0.45527187869055713,0.5045524153076734,0.4479779851131606
1740,0.474687018983626,0.6964673823729121,0.45621440372379835,0.4913099752593354,0.5349239194097624,0.3131887116278449
1741,0.5420554061530154,0.8313306840395371,0.6780430457139416,0.5452768825780917,0.3440904333709609,0.28625591966500036
1742,0.6556031483366795,0.678136564641515,0.5893031259530753,0.5586632386750113,0.4288664132602794,0.12677063238333544
1743,0.35238683418822303,0.5897087883165025,0.5388485777000148,0.5729599049896049,0.5135748279550953,0.35101787221814695
1744,0.5381860872846267,0.7252134586230279,0.5448999715051046,0.4220429139646111,0.5633395356399925,0.3172883557253914
1745,0.8054055685530889,0.8063362973844731,0.4791243222567541,0.6769643102813129,0.43739110342110393,0.5701254318904143
1746,0.632588833263418,0.7009834443499533,0.6374997010100496,0.4394796325222312,0.40665028800449227,0.17135593918964453
1747,0.6152159194132887,0.6943090781284396,0.6363756001071109,0.3924444017653271,0.42318331231776884,0.26617821045790707
1748,0.5287391232371783,0.46543920015121576,0.44016880098642597,0.4993751422458212,0.4461224536409315,0.21469557222286598
1749,0.36302066533344074,0.6301246799422934,0.4872534468207222,0.5086517314847397,0.449527836375458,0.387877830555323
1750,0.630993026579363,0.6825164395006033,0.5372829767901826,0.48060892637394714,0.5364288657696105,0.31541329113877004
1751,0.5800416983767953,0.589861333984477,0.642512495169246,0.5672216111384853,0.4423573641264167,0.33407044496355526
1752,0.2964863038558181,0.7286585061356925,0.7152063188349781,0.30248514836841894,0.5009355000955655,0.3493277461312735
1753,0.48129466525410586,0.5512653416659029,0.5229632736531558,0.5588561984027342,0.3418185537937043,0.28353204159545026
1754,0.5953347770262098,0.7569812442114594,0.5936292580204205,0.7082331496954454,0.5323761026544072,0.2752584253242678
1755,0.5795836802671608,0.8003050597954011,0.6544059424089037,0.5750798857783487,0.5581025612892508,0.3051778669741736
1756,0.6210468903655876,0.7048227954328702,0.6366267816215426,0.37290221804454377,0.35518026149512005,0.30824507977411647
1757,0.45890899807595936,0.6790260978524248,0.6827609706124328,0.2820336170132752,0.3277844107820335,0.2856658838969333
1758,0.5064561951933619,0.7098014315792399,0.48517847937398817,0.4857276459447121,0.4912993464749471,0.22171288738440262
1759,0.6742930053278822,0.8260220923720444,0.49608996681567785,0.36657336707302624,0.3778494514852029,0.2581272179218888
1760,0.4734385095863324,0.7079524976828755,0.49228110013986387,0.5038235488230225,0.4176931136213365,0.3260770396986536
1761,0.5170283849486534,0.5808249040752057,0.6859168876312114,0.5524343463588237,0.4840110315106153,0.11632582197831824
1762,0.4828426261463386,0.772630155256875,0.6324490815611051,0.4692858969367621,0.4199799102192605,0.19883477001891908
1763,0.6552191388557652,0.7637791739381631,0.642851450704765,0.3412414395034024,0.3478969653771817,0.3018615828469144
1764,0.47056021198702813,0.5603830236572079,0.672055301600091,0.49800514181025113,0.4523814876649704,0.24505849681498224
1765,0.5052573655370917,0.6656208953999763,0.5791819936392368,0.5450724228397631,0.6594505356960343,0.17795346373673696
1766,0.6413680582505257,0.7589859769662767,0.6558298323541085,0.5489628830036654,0.638458155509194,0.21039687863931886
1767,0.5982964005555721,0.7638718072381803,0.55772766004995,0.4178308593263149,0.2599687972475018,0.48374696184139593
1768,0.5142499196507316,0.7046417595735885,0.5682146278968165,0.5494112012936309,0.5418201612244606,0.407428379125365
1769,0.19589582633065905,0.5540630600196198,0.6795078480359154,0.21893962363680963,0.18221841142117115,0.31890546294104477
1770,0.6481767715466057,0.7841255401031862,0.7123294958478236,0.5625159015051554,0.3641396270130244,0.2289344871686444
1771,0.5449227122348125,0.7676627755605646,0.47805004969742493,0.5965438123922975,0.621882648132199,0.230168957934631
1772,0.5652955252038399,0.6283153866022915,0.5931514551586344,0.5230600681591672,0.47977153303691966,0.2386952076500207
1773,0.6253422931548029,0.7401363088703693,0.5676626357893209,0.7221328945929534,0.6121537857628855,0.10374203854234693
1774,0.4972345477856729,0.6684258703548149,0.5364718772144911,0.6827962590675049,0.48409240532865483,0.17020847373541736
1775,0.6581864026863593,0.793591064734965,0.590555208996286,0.4069985699360792,0.46281286906136976,0.13673914310030297
1776,0.44558902437273284,0.6568803989099179,0.6271737477635984,0.4514493287903926,0.4196615182751497,0.3659467638836316
1777,0.432496274438093,0.7420528662684996,0.5184810697163201,0.46406473699417605,0.4530247833437197,0.21296989548469
1778,0.49325428415013733,0.681993510079952,0.6380371394514357,0.6741777320942348,0.6934482131819415,0.38678563808925226
1779,0.5423504239740762,0.6368604328591415,0.6963804684989923,0.5464545713243656,0.4193826527724245,0.5361348851811437
1780,0.5992817235133708,0.6758754573315979,0.6624096415776901,0.5647572489946314,0.31119247049548643,0.3863629500566905
1781,0.5815995813339968,0.5561149241746957,0.502604123457872,0.47478656993510654,0.4061006944169108,0.2459072445064955
1782,0.49616931607676396,0.8368436679629112,0.4723260234975369,0.2812287406668025,0.453631168043659,0.2574157285424508
1783,0.6355954560495598,0.7321147264022653,0.5627245321130918,0.7162478641379242,0.43421260117398996,0.28681944931023473
1784,0.3803921200736305,0.5591212491074847,0.6222659896061944,0.39716150018326873,0.5719564828966863,0.3803151413640778
1785,0.5427521967175344,0.5762002163247651,0.43950873913407085,0.4515028932173503,0.4806977757455385,0.3714379076364573
1786,0.4448433817068023,0.8592174187447751,0.7614690458498574,0.6031540801050366,0.5075511410955814,0.10768764268785141
1787,0.5575583264323941,0.4717051394054178,0.41847653944148644,0.5246890929125408,0.46663891069672303,0.3549093787187823
1788,0.3090116305523814,0.6461647415202356,0.617540621101957,0.4280836581717724,0.2994249916005242,0.27429417190584343
1789,0.733770639841078,0.7732470481857112,0.6695340893765757,0.2859689789884234,0.6658519976380721,0.10149926054722415
1790,0.4431218297304216,0.6520499656582067,0.48230855861492394,0.513881329110267,0.4187376718453742,0.22831476216819171
1791,0.506441333645281,0.7030641080072549,0.49302206632690887,0.48277196193917804,0.3682507611887387,0.4077177996925813
1792,0.49872599584038674,0.6720172025547323,0.5099747406988386,0.5396799525701335,0.5682577761190399,0.17888170520895091
1793,0.5692939649573352,0.6505991600805578,0.5430660973312018,0.4554661799962813,0.3813007299643823,0.36794862681358637
1794,0.36413765112064767,0.665001530956567,0.7119476567226354,0.3076545170343606,0.5637419156084338,0.4154745622370847
1795,0.6326262913692886,0.6322384135609735,0.5595577405073815,0.4009057137960039,0.47154770356665787,0.30575899067425877
1796,0.5556385599058538,0.6575503922980651,0.6454761749008792,0.3318172169838013,0.26313447864540873,0.4657039001922516
1797,0.5646643474002722,0.6758430331728417,0.5390140585247287,0.5591521271699311,0.47196823545190963,0.2994296216600689
1798,0.591515571493215,0.6210111286361701,0.5610028716153239,0.36997869130492744,0.24729620875594727,0.2599576297028518
1799,0.5266949554500614,0.6597788846406757,0.5348579080066354,0.44326058277221014,0.5144925441372348,0.173336979416672
1800,0.4662268247434761,0.5550379154553953,0.5498128338844313,0.5721530399601431,0.5443772875403872,0.3621252951424503
1801,0.3756332827762292,0.6941470815187456,0.6541585849539804,0.5205366048574502,0.4869762631889311,0.3091927373378874
1802,0.3107526888135184,0.7047163902056774,0.7558796412626295,0.365004712736937,0.4520390807579606,0.39062536232078615
1803,0.42599964565663634,0.7120761477307336,0.5541781031891315,0.5677058243742856,0.6056353036582297,0.30726425630576804
1804,0.4136992179448356,0.6430101822397116,0.5386087755449607,0.6529395609819814,0.5246172063426111,0.33294060826474486
1805,0.49339164485100284,0.709153291448191,0.43086541780779125,0.48706606547174,0.5447517701976134,0.39249459331392683
1806,0.4755716305778072,0.5899704426774397,0.40923590170204127,0.5645762994432233,0.4779097948104951,0.40140160005745124
1807,0.5951588280587413,0.6589703532843992,0.6176676100086635,0.5872299323753386,0.592392471284845,0.31261335013427494
1808,0.17352573302887478,0.6937414875146136,0.6454263190079119,0.482761986336849,0.3551876584538094,0.2355489132290061
1809,0.5927229608775494,0.7164244372752747,0.5891979498411596,0.38653771769130574,0.4241534601472844,0.20454796650298143
1810,0.4056513894124088,0.6367765729331712,0.3640143540481088,0.25387281130636724,0.2161456847692454,0.3974652791726833
1811,0.5917964350231191,0.8089599252160479,0.6036849170627048,0.45972570343278196,0.3643719984201166,0.21224739080581775
1812,0.4722339196670057,0.7970557350688193,0.7661089364246988,0.48777592754761373,0.4306053426555939,0.2005740632791107
1813,0.5420002289378013,0.5993191833652227,0.4104000065747265,0.49959510909384525,0.43206199835558606,0.4932177463492946
1814,0.5907897021668672,0.7588882492486853,0.5288268457109249,0.30310932681996094,0.39543296158495117,0.18725461676010965
1815,0.5264835262016532,0.5600742270640406,0.5474203434820826,0.5517493188846216,0.616644131543015,0.1620316310527053
1816,0.5598765622499083,0.6704916031012994,0.6369399329811712,0.470807257635753,0.44696198930833136,0.34688840887240535
1817,0.5051729798318336,0.7150178854409708,0.6054938692277125,0.6130902251545316,0.5411842852800683,0.29494590020358835
1818,0.4190447099353227,0.6166861484899584,0.6084527647650256,0.43464842304645673,0.3838914844666377,0.45854385469377
1819,0.5129379418416021,0.516118281656595,0.5756779018944295,0.45687030388970945,0.41292509966800467,0.24093999372406458
1820,0.5195199176108877,0.6713907053889961,0.5062220560712949,0.5782248788699352,0.5009497526716236,0.3492198514073429
1821,0.509535702384274,0.6585373633934928,0.45688192116564097,0.5036146244929227,0.4145302935966223,0.3952826883682591
1822,0.5334167118380181,0.6846669522033286,0.6048412451975171,0.41482422061111224,0.5059778565078912,0.47245769921298053
1823,0.5993550316769516,0.6586184977057866,0.6438596639309563,0.28496645729590253,0.19441182789112285,0.16539551124178928
1824,0.6162894963521245,0.6763069449892037,0.5676386683516449,0.41513906191198724,0.5135306583767829,0.2677961098141887
1825,0.6062272984128311,0.7065453381282953,0.529399730108252,0.3937294306596135,0.39980874709193814,0.24217822921439636
1826,0.33151844559063864,0.6165371377411705,0.5150149583399352,0.6115687509795427,0.3483210550515435,0.2725740356801777
1827,0.4892538344981377,0.7898602423632837,0.5848873127328088,0.5196774265793876,0.4719213467483058,0.26698199306237036
1828,0.5428823707845982,0.8172957728489914,0.6558715926421321,0.5478918002714587,0.5136467610820005,0.33616360651063937
1829,0.384086228360114,0.49178683437203785,0.6122847499626837,0.2716741649652936,0.2944565510319579,0.35955307539527515
1830,0.38473424762770897,0.6389044780905575,0.6263608206909238,0.37577550852077973,0.2826702870068798,0.22694949462674718
1831,0.4374693521120619,0.6788342256572059,0.46086309267192876,0.5726636767952075,0.46330811282064416,0.3044518776316418
1832,0.4044408307564512,0.5621885945224487,0.7380528054610277,0.49121780387098657,0.4108007998723456,0.35544190547027676
1833,0.4526576865810882,0.637710616805412,0.6625909166700912,0.4195933205134018,0.5102988436318356,0.39093876677582057
1834,0.3770242894986651,0.703179701989319,0.7031228775892974,0.38449788007197194,0.46055122918142544,0.3126095794194515
1835,0.6420709955688335,0.5511740601846215,0.47342147336759544,0.5637548410931141,0.444772759386419,0.17605233388699526
1836,0.6205578274693796,0.8507176593539378,0.5868758529850192,0.5057476965337996,0.37221725558838714,0.14238168352587693
1837,0.5115724225327039,0.5952862397023128,0.5327001603887869,0.6558806971893123,0.3723818638240167,0.1745265890603895
1838,0.4020338260869878,0.6650475092039883,0.5771477329333969,0.6332402422897871,0.4863646476624553,0.252811257701082
1839,0.3588812732384608,0.8214991920732607,0.6076736559857053,0.44489525605736413,0.29265419533468384,0.12417203177351141
1840,0.5819642583660388,0.8044289016588236,0.6523895442351553,0.5497261898855637,0.5929151477848029,0.38877422189725064
1841,0.6634165223610766,0.612046574824816,0.6629478775982515,0.40313131722312234,0.4015215572622952,0.26200023355335633
1842,0.3357648000300768,0.8245682033343564,0.7452348186111053,0.430961698721752,0.3259817507314632,0.2859892245837912
1843,0.5872776781932645,0.798407555323902,0.5346223226821329,0.4865286582601889,0.34050430926563685,0.25940378193295416
1844,0.5772263454192079,0.5686888506501089,0.4696327381346876,0.5086280922246215,0.44593147344324097,0.3432146610368631
1845,0.6112297522194425,0.5743690335187709,0.6288042790973684,0.45087661202663804,0.5619171270727522,0.2449472372866544
1846,0.5472307944493022,0.7529195048678067,0.5997634888136624,0.30131173492905855,0.30085824250823623,0.2658478695354427
1847,0.678390628485926,0.657475420799106,0.5592853356781123,0.4592187041351213,0.5490807496322676,0.25224058176650205
1848,0.5425727763428885,0.6900910084300274,0.686386799009474,0.3462871389312947,0.2999290582236263,0.3522740852498687
1849,0.5057276067224616,0.5437878222944079,0.8231813607756572,0.6463145201124718,0.4157684723639455,0.25828455121491384
1850,0.4353022782495926,0.6481870820626733,0.522186426926063,0.484390687021236,0.3384209327795022,0.2929836419369059
1851,0.610464929273145,0.5831875765395022,0.6866647375571353,0.39077639671257175,0.595622413664857,0.11297362285224742
1852,0.568892049873624,0.6537670324526781,0.5692503998334427,0.30050457921993545,0.34746425930954894,0.398556289708834
1853,0.6484603360940872,0.5996082998309821,0.5444399940522338,0.2995410531611403,0.35689058074647895,0.18131798587617537
1854,0.33350720227007624,0.5738996187332985,0.6817387664877144,0.41906197036315584,0.3190713221469195,0.19679576058267098
1855,0.4282732400783903,0.6846510918365938,0.5807135911755021,0.6709131836429952,0.5198333119345234,0.21951744410036453
1856,0.4848394454169858,0.7698386061377887,0.5806424140538803,0.6135894375320041,0.456574734761326,0.16885569990444388
1857,0.5912710175267042,0.6229956249621742,0.5972101932819904,0.44735759636563194,0.5089298474627875,0.19195597175592494
1858,0.6216985055573743,0.5929778182561197,0.589590324603837,0.6025371045787662,0.4274090725666,0.23506060938449855
1859,0.6077753110298124,0.8127837568835352,0.6092452798203934,0.523699234607145,0.5289534410068291,0.3854405069588506
1860,0.5616970485146404,0.7176025984041611,0.46417257964185404,0.5984766600437313,0.4594496884166008,0.4149589146547966
1861,0.5223128103570519,0.5087999553050783,0.5436508919112545,0.5483666501765769,0.6562733317222657,0.38725838993309625
1862,0.45005133614349035,0.5250536549052264,0.632166364059021,0.36035991878317863,0.46786805134369985,0.3534084517791035
1863,0.6251368400921793,0.6048610889809182,0.6445519287261492,0.4090947042389309,0.4094479437820406,0.08477023786711249
1864,0.4088679163845679,0.616400711915873,0.5983062452141292,0.4535807404996427,0.43449635905912265,0.3016442806008147
1865,0.5243204322283124,0.5350398962782776,0.34799219693457456,0.5119273269193612,0.37998443712408553,0.4158273606107631
1866,0.7017340722525395,0.7895385348910734,0.6177139142057398,0.5509642008517915,0.5518461978345759,0.4042896080065962
1867,0.3704505430997286,0.6963302622889359,0.5081559673612512,0.37534339544844875,0.2696243353399195,0.45755308977278003
1868,0.3695016805411847,0.6303204550132832,0.6492004253011353,0.36637525725952186,0.4036009056722818,0.3513050118465686
1869,0.32828544858796915,0.7383998143395527,0.5803448150587959,0.26556208513001234,0.42636063759603093,0.2978752662031788
1870,0.6052865598844847,0.5703998181868006,0.6962047893891526,0.5532598629161563,0.592814717592303,0.3877507329972939
1871,0.6013910711917407,0.7066352725316705,0.6525097319953526,0.7524907351505012,0.5722091252438888,0.40396085919371916
1872,0.4216778612936286,0.8077329443706673,0.6400640881822991,0.45485401547895027,0.2945801362343722,0.3914038820723542
1873,0.514477907800047,0.5822965403564221,0.49386515801101594,0.49755186900992426,0.3618035877606145,0.42437395013426604
1874,0.48322596636311427,0.47520657350561285,0.49144431244182485,0.4659790263027157,0.4440779875196299,0.3283146508660936
1875,0.5054037380447752,0.5889262216187161,0.5056257843883527,0.5440751383083064,0.5094788723207688,0.3149374864552093
1876,0.49402985287817847,0.6946812725539262,0.5779250005245107,0.428420428260347,0.38919784468930585,0.16184814473401626
1877,0.3322678702059973,0.70303618402513,0.5654255936947294,0.40931201862644456,0.38063747840712636,0.3239653119097903
1878,0.5025245739442958,0.747155335906039,0.43003138963131954,0.620492103657193,0.4804388905739162,0.47394213143311587
1879,0.6697090854776584,0.5564943959654682,0.5798478587893202,0.5262438259593396,0.4523261397720004,0.25802830549862465
1880,0.4381098582326096,0.6196315846956078,0.5901114588642704,0.5433491795925351,0.4734561158403752,0.3245216159116668
1881,0.6974903414329122,0.7364506157693838,0.5688140131425109,0.6098739114794902,0.6168173057770362,0.2318025432136967
1882,0.5187698496621029,0.5079702816947655,0.4954101136616623,0.5016835767300186,0.4294639984203136,0.1778345986549026
1883,0.6503094178930249,0.5402279904752219,0.4898008081528806,0.4465972457580421,0.41589893143306367,0.40350740510531097
1884,0.6541993315235288,0.5777635669817022,0.6607527783855259,0.524224464914966,0.5220171305113981,0.30988070929772615
1885,0.4603886190297998,0.6399435977785504,0.5714152724088437,0.40748480192593384,0.5594112341921486,0.44890812007633313
1886,0.49491293238606215,0.6693001115053079,0.7140772957662576,0.31612124791396146,0.4572305651271286,0.4234043078816774
1887,0.5940293366972124,0.7545072837522648,0.5085751844331411,0.5215362390754786,0.47455011772956607,0.4085028409362467
1888,0.480201741890395,0.7061418720165784,0.5362035435964594,0.5619576159603371,0.4986515821832141,0.1698292556770889
1889,0.5512391971146315,0.7469097990567497,0.8123845512758956,0.3850170027103499,0.21264973442034574,0.19504460425074163
1890,0.6152226157643661,0.6352678102001867,0.5247597926811641,0.4840389885551721,0.5503163934700596,0.43063391462082995
1891,0.5190992084009121,0.46428279103025893,0.6250577528092726,0.5395217778449294,0.499633137029902,0.13181430089644694
1892,0.49216718374449064,0.7012861547479575,0.510982194598641,0.6062930905334163,0.546856580788211,0.20260730916663386
1893,0.6450612369643997,0.6509213671449426,0.5639151797104238,0.30821574734382806,0.45799677102556213,0.4658537282039707
1894,0.45145248686757655,0.5546141396979931,0.5692124668423347,0.665447489636862,0.46923813061244124,0.48092181300987913
1895,0.6198686646974961,0.6942924577841185,0.44731649936207624,0.37376940011166826,0.44729992100876464,0.16631947822645438
1896,0.43686013076304875,0.570919639773301,0.49657430016119525,0.5021468906964773,0.4592893929639265,0.33954532828974343
1897,0.5964397782300648,0.6995346413663547,0.5578758617449529,0.5681423175990705,0.47503209782816724,0.30730969647489753
1898,0.6982532773808637,0.7667231268689918,0.5948382949702883,0.4197487468112265,0.44168787191405107,0.3221293594820203
1899,0.5556505930127839,0.6901139082489868,0.548360492236017,0.37068250744649156,0.3471570039320746,0.3772312176376636
1900,0.39208117747942706,0.6407094723208062,0.4251970138034982,0.5284664338133963,0.39619153530698564,0.4346513359933921
1901,0.38951774398509464,0.7326214075456002,0.5251654208703609,0.4824093750711863,0.5812916306199097,0.44262026211822414
1902,0.5902630134602784,0.6351068171590223,0.6789693228565067,0.6405086821288641,0.419797397411381,0.1992588700609451
1903,0.703907882808986,0.6174776730479622,0.5867879596383018,0.45201381047047323,0.5444196546109683,0.31307424140035545
1904,0.5614439234261317,0.6294122636026759,0.6577158608691933,0.5062932463171871,0.517464441825415,0.3205096770087919
1905,0.37097933383516524,0.5646903157146875,0.5828984381466199,0.6275918882801742,0.43385087657873866,0.2781162468582511
1906,0.47688593097513293,0.5522624942690354,0.5302855954655631,0.662342400052096,0.37160858221123727,0.3151902052754921
1907,0.5974650656961993,0.8205386385139648,0.777829761729319,0.37980129258732176,0.4211872681760772,0.22088839310695377
1908,0.3489737933010878,0.6129064635481113,0.7824631527590012,0.4090461876089984,0.5490552270949437,0.3378259299204988
1909,0.5062791792953305,0.5823641235123705,0.6015363968835719,0.4962735033733834,0.5297854223856223,0.23246833614411927
1910,0.5964274457930765,0.7631504880328381,0.6389084971058154,0.44564319243802186,0.4928406026263594,0.25589106726864497
1911,0.5529083921993327,0.6402587641904101,0.5189564878993725,0.5518702845473268,0.5169744121924478,0.3511999045353077
1912,0.384898641182002,0.6461930034521606,0.5356303819832946,0.46089821191865515,0.6020737858816219,0.30305947296749497
1913,0.4508656502271021,0.5255831624631209,0.4241182047024378,0.44030525393477765,0.5033744951095942,0.3620536465828326
1914,0.40556229977589753,0.6985460843410399,0.6161054982348391,0.4451542327502563,0.5252407787457896,0.25858151858858597
1915,0.5517302919035871,0.8161670335463478,0.4926994102933083,0.44574807824303486,0.23769124403948577,0.2507228097964356
1916,0.46236560835670454,0.42509004254097404,0.5642882553341177,0.3555007848383559,0.29584631714868576,0.2356856583783804
1917,0.5679480829449627,0.6888473195253264,0.6125902871691374,0.5011671816266076,0.6071110438478183,0.6534379757238897
1918,0.5399130848138758,0.5460574533250261,0.5837853619801513,0.4905207182894097,0.5895324761649159,0.39207440322490605
1919,0.4411739012197756,0.6521403642268132,0.6158934231862245,0.4688756291435942,0.402509459535989,0.35604485345026576
1920,0.6318391335194334,0.569195677211259,0.604790102007571,0.5006451356374914,0.5003756082504751,0.3652825275812912
1921,0.5228757116160428,0.5921166623289845,0.6396827916834859,0.5088118775390001,0.4532605175038791,0.3707497312788106
1922,0.5535133374665979,0.5517823860854001,0.5916686096512151,0.45053128384984487,0.5171185339809795,0.3049294527818447
1923,0.6433079054071854,0.7121653798070775,0.5905090108681046,0.341223335700111,0.44234959916948735,0.4241376023689323
1924,0.4177041737975192,0.7831628511109239,0.4906799499147086,0.4323774621453171,0.44232925657657174,0.32302942719304123
1925,0.3699556368216917,0.7271668560629307,0.7893814853700913,0.3422684586583549,0.30394159187444997,0.29191342673961984
1926,0.6179393203947012,0.80267853622109,0.6343547282134622,0.44262903354092753,0.40110366699832006,0.37600841385048717
1927,0.5405969590257402,0.6846938764147127,0.5286926713861331,0.6566255428055808,0.5108609727266874,0.4093671607740887
1928,0.4294766998662341,0.716861714194718,0.6012113314941026,0.43441203819735397,0.3450624442054563,0.2856826296044259
1929,0.4355680876108534,0.7927787197260663,0.6677739463208162,0.5859504047841805,0.5136633343907208,0.32464030307419856
1930,0.5369070095598233,0.8004276899836029,0.6313501747319766,0.3661145712983628,0.33947699556815664,0.3290108904994266
1931,0.668096229481363,0.6042181163548146,0.6616752116823177,0.5436553588806663,0.5578647540830189,0.2807028778464022
1932,0.416184184055773,0.713540513495197,0.4716262531322216,0.6934266072070258,0.36343700510212795,0.27653581175417935
1933,0.692851414268208,0.7562767325828601,0.578845811944003,0.4917056396275955,0.4753956551382697,0.37987729639554074
1934,0.6246908442634965,0.6589842203288677,0.5366063965620544,0.5418459838057107,0.4954005971496429,0.25093055774678524
1935,0.49767896474065276,0.585708579551125,0.5769727716661448,0.461100447787908,0.5892984117593812,0.3865734458614917
1936,0.5748199888369542,0.7213626749825467,0.6617916082785609,0.504272809313424,0.5683784014907683,0.10319510150552687
1937,0.5810908343435721,0.6402044585037677,0.6597788985283612,0.6213779170052101,0.4828282762943506,0.12140936097857291
1938,0.5972441243636548,0.8450170495696202,0.6705673106728611,0.4607298419115756,0.3395061245237888,0.3086200694266801
1939,0.5185920552142613,0.6463343641454825,0.4326883090220014,0.6423760366892122,0.5006153742799309,0.4229318982972355
1940,0.4971511314012041,0.5789965157919335,0.5966555323187295,0.4445770028395919,0.590818034641671,0.4821857883634993
1941,0.6268085697089492,0.5715054862816977,0.6815100101108631,0.23500461052293437,0.31652287819979913,0.27581967736882196
1942,0.40061220937280795,0.6824849733381491,0.5809652905921416,0.20318265098244156,0.22313604865037093,0.5593747582450853
1943,0.5484619908030837,0.7114305094241937,0.5711771788336909,0.4915307684057237,0.3862332372132268,0.3827033548798375
1944,0.7200651001848657,0.7324731932106395,0.6336607543103246,0.6733362570480085,0.4976616730348876,0.2586616625679867
1945,0.5235611769292423,0.6777657433547948,0.6627385461093888,0.4172405581951088,0.4483228399611908,0.3794452218415535
1946,0.6422863196157359,0.5978606405013865,0.6254325354409055,0.5999638504164947,0.5286201758794311,0.29824064033931413
1947,0.5725329884369835,0.7334722930890564,0.6871982013498809,0.5726304284233972,0.37735355794422365,0.33768469495325365
1948,0.5946402709261861,0.5150929129047191,0.49286254622287,0.5942858923824837,0.5233290937167563,0.41520060053084124
1949,0.4950543142313451,0.5968918348881723,0.5908104329557102,0.41416401691407567,0.32293062430784053,0.2969136965348318
1950,0.44793484939164707,0.6129080077834875,0.644988167864951,0.5131857127291912,0.5667621133622567,0.23701492593454157
1951,0.5385370223740443,0.5768640205506707,0.5728296274700909,0.4470225804027769,0.5794615684480966,0.5108861661102967
1952,0.4841889430132102,0.5858557696017226,0.644083842969546,0.472236595020678,0.4554776392275055,0.43355222344983113
1953,0.4262289593392334,0.5863035547318005,0.5747369173891899,0.4864052280593439,0.5603019759980864,0.43517080797911983
1954,0.4612053738049904,0.7356967848609075,0.7815495596836729,0.5941672368250089,0.28970831673886127,0.3922199037796263
1955,0.5486157592985028,0.5818463026970855,0.6367417876821955,0.5573851711276713,0.44485257927103194,0.25317975601364107
1956,0.3761484733921264,0.5132780594401908,0.6840696858704602,0.24276296658292837,0.4641081691689602,0.5764584239161721
1957,0.5743974885974689,0.7317052242339152,0.5962623195293129,0.5073677790516194,0.40396199528259824,0.23624028930184632
1958,0.6882808937571231,0.8350285548778086,0.7408917307012,0.4924088056144414,0.4177439613239683,0.3284595772458286
1959,0.463875776118901,0.7684293016100564,0.5070843838555062,0.5019475783978201,0.4950525190475149,0.3672415892956229
1960,0.36462258457366287,0.5008832164961037,0.4838768550867394,0.4933125754300969,0.42104999717913855,0.2895704437293992
1961,0.4785957054171765,0.6494347880528347,0.6134188561981135,0.6738597341108263,0.5042542200785932,0.33385033311981466
1962,0.5985714038318792,0.7748059074840976,0.742245656204557,0.41229921405941683,0.3615916676227106,0.44395748383833483
1963,0.537683868408154,0.7110783179888754,0.7288860263937155,0.5068829448691966,0.5647545463526072,0.206549744507527
1964,0.6319073513042027,0.6159351602959209,0.4743240450089121,0.3960347739731012,0.3980699345763636,0.29733723793118716
1965,0.7192633746752173,0.7893265882176933,0.5705666742243343,0.641718767973697,0.5094298259811875,0.19981470899291995
1966,0.6634361834386843,0.5090513391007665,0.6398121824449124,0.550495036854493,0.4726451502947579,0.413252751849904
1967,0.6690593214954318,0.8138870381046848,0.586059929415611,0.2801992717189743,0.3698090369640008,0.22561093089881668
1968,0.448552613638511,0.5214156919727314,0.8058447387962353,0.5273580238804463,0.502514069295672,0.30414616465573674
1969,0.4027867468903186,0.6468011878397599,0.5917456760258062,0.39391610414583694,0.39321214660131715,0.28954420303370987
1970,0.5783413025100168,0.741725917269786,0.6917827189734221,0.6069796084322999,0.6361233762195224,0.225903115978426
1971,0.6329206727243938,0.7060431385273112,0.5964688436114745,0.49230410146146425,0.39987057879889826,0.19168803816352956
1972,0.6259352665117948,0.6582378582843432,0.5501861830573812,0.37665942349683135,0.4128844448499049,0.20105051391375725
1973,0.5936750465658684,0.7374118374317964,0.45137728922098463,0.5454088861591608,0.5601095740730264,0.37073892933284813
1974,0.6174291513635332,0.7517678877658326,0.5420246454707175,0.39722220785144086,0.294658616289441,0.16143360390610795
1975,0.6098867532532399,0.5636632560444587,0.5012055847609854,0.4234600076612062,0.4310142382411579,0.2933933000120766
1976,0.671898452849396,0.704092949901501,0.5993642867626463,0.4498772724999126,0.4607941453229233,0.3521820472419642
1977,0.3914326911705511,0.6605620559969647,0.5307531000054931,0.48153303700492023,0.3871113118122935,0.3313247783633222
1978,0.3462623956830201,0.6118858175625432,0.49221212016463906,0.5443348371269197,0.33253293855450544,0.40907511358952503
1979,0.6713174533436309,0.7450850351800987,0.4928327497851005,0.36496593230557595,0.3864871535752038,0.13287394434123495
1980,0.6095111024022594,0.8078216596947585,0.5316819047835656,0.33963542643359995,0.4110853898567319,0.20932851214721374
1981,0.5803575801116929,0.6577715404247984,0.5500289915993426,0.45850215560928365,0.49102723446335966,0.21459095501907563
1982,0.7768061799940348,0.7878809314699926,0.5402131649854842,0.5806450984747602,0.4663171270587432,0.4956531892218035
1983,0.5511323035333696,0.7506280237050046,0.5204894300549641,0.41785578028902587,0.3508753474151898,0.3052832277534072
1984,0.5587762908074684,0.5652899669443814,0.7275560514483577,0.5820400439091648,0.5537143368854579,0.10068151234552884
1985,0.3929416603019214,0.686971747584006,0.6787025413581619,0.36389717696275464,0.47091078032714795,0.2574971715472723
1986,0.540714256755731,0.6922656444044256,0.8094651236285804,0.5316217625077606,0.4145044116256745,0.22205011773966377
1987,0.6252250251692277,0.6506614000621921,0.5693739233966778,0.5239085997708873,0.40485738480312966,0.36627788413055323
1988,0.37630756813675337,0.5507239311136624,0.7003712208202455,0.5358602528146901,0.5039685264561033,0.330344699293791
1989,0.41552396494943944,0.5709412743223992,0.5991045097911841,0.38427550058982995,0.3113536643408956,0.4647294702159107
1990,0.4528229346626452,0.5940290704781986,0.5146304549346827,0.4086014013035633,0.5335401275004381,0.3645882119033238
1991,0.5991829631580384,0.5840719400445166,0.4390004758262262,0.3908791971007658,0.4065399791603363,0.30880359256270534
1992,0.6892017882455196,0.5739103309902618,0.5735397427972605,0.5733487194878035,0.47538730847524713,0.40440894717281
1993,0.6485236750445695,0.7552471967773128,0.6196572504091816,0.49999163583950423,0.4844555507898289,0.09865337283507056
1994,0.5052492056033793,0.5643862847461101,0.6854964768389189,0.5538518161609626,0.5614495220210206,0.2200732726554293
1995,0.5776729893333411,0.4138555662017381,0.6912087270731447,0.5308591135417501,0.6328000988535163,0.6487806553123496
1996,0.3233976532597481,0.5932915784297809,0.5858874067166063,0.6474920343716829,0.44497846260579166,0.27635153514417904
1997,0.3726309707700884,0.6585346843383812,0.5533493318541408,0.4719507994271645,0.454457331437726,0.3536183077925955
1998,0.4954126344761736,0.6713252787226507,0.5991692338335032,0.5898954831935282,0.6023359212885375,0.10683785223843273
1999,0.36556626427231864,0.777656033349463,0.6593868993373666,0.3243420918800924,0.4454631312780178,0.3851772217329284
2000,0.3869609822659372,0.7516374250140427,0.6736028938919578,0.4069874898452148,0.42146537110652255,0.2879328960579082
