Datetime (UTC),Country,Zone name,Zone id,Carbon intensity gCO₂eq/kWh (direct),Carbon intensity gCO₂eq/kWh (Life cycle),Carbon-free energy percentage (CFE%),Renewable energy percentage (RE%),Data source,Data estimated,Data estimation method
2024-01-01 00:00:00,Italy,North Italy,IT-NO,227.19,299.68,50.72,35.25,entsoe.eu,false,
2024-01-01 01:00:00,Italy,North Italy,IT-NO,233.59,307.7,49.2,34.6,entsoe.eu,false,
2024-01-01 02:00:00,Italy,North Italy,IT-NO,232.51,306.73,49.4,34.44,entsoe.eu,false,
2024-01-01 03:00:00,Italy,North Italy,IT-NO,227.11,300.37,50.49,35.34,entsoe.eu,false,
2024-01-01 04:00:00,Italy,North Italy,IT-NO,224.54,296.98,51.08,36.56,entsoe.eu,false,
2024-01-01 05:00:00,Italy,North Italy,IT-NO,227.91,300.83,50.26,36.26,entsoe.eu,false,
2024-01-01 06:00:00,Italy,North Italy,IT-NO,226.72,298.27,50.7,38.51,entsoe.eu,false,
2024-01-01 07:00:00,Italy,North Italy,IT-NO,213.24,281.69,53.64,41.77,entsoe.eu,false,
2024-01-01 08:00:00,Italy,North Italy,IT-NO,206.63,273.99,54.9,45.16,entsoe.eu,false,
2024-01-01 09:00:00,Italy,North Italy,IT-NO,191.08,255.65,58.48,47.77,entsoe.eu,false,
2024-01-01 10:00:00,Italy,North Italy,IT-NO,188.14,252.67,59.11,48.16,entsoe.eu,false,
2024-01-01 11:00:00,Italy,North Italy,IT-NO,197.97,263.24,57.04,46.18,entsoe.eu,false,
2024-01-01 12:00:00,Italy,North Italy,IT-NO,206.44,273.67,54.81,43.01,entsoe.eu,false,
2024-01-01 13:00:00,Italy,North Italy,IT-NO,203.91,269.98,55.09,39.67,entsoe.eu,false,
2024-01-01 14:00:00,Italy,North Italy,IT-NO,218.62,284.86,52.2,35.97,entsoe.eu,false,
2024-01-01 15:00:00,Italy,North Italy,IT-NO,228.59,294.52,50.35,35.83,entsoe.eu,false,
2024-01-01 16:00:00,Italy,North Italy,IT-NO,218.73,273.23,55.22,43.45,entsoe.eu,false,
2024-01-01 17:00:00,Italy,North Italy,IT-NO,215.94,266.32,56.91,46.32,entsoe.eu,false,
2024-01-01 18:00:00,Italy,North Italy,IT-NO,216.46,270.0,55.85,44.53,entsoe.eu,false,
2024-01-01 19:00:00,Italy,North Italy,IT-NO,219.46,277.01,54.19,42.48,entsoe.eu,false,
2024-01-01 20:00:00,Italy,North Italy,IT-NO,225.74,287.47,52.2,39.75,entsoe.eu,false,
2024-01-01 21:00:00,Italy,North Italy,IT-NO,239.77,312.06,47.16,33.66,entsoe.eu,false,
2024-01-01 22:00:00,Italy,North Italy,IT-NO,243.79,318.97,46.1,32.57,entsoe.eu,false,
2024-01-01 23:00:00,Italy,North Italy,IT-NO,223.37,294.38,50.91,33.67,entsoe.eu,false,
2024-01-02 00:00:00,Italy,North Italy,IT-NO,212.43,280.84,53.41,34.65,entsoe.eu,false,
2024-01-02 01:00:00,Italy,North Italy,IT-NO,212.16,280.41,53.68,33.87,entsoe.eu,false,
2024-01-02 02:00:00,Italy,North Italy,IT-NO,215.75,285.07,52.68,33.07,entsoe.eu,false,
2024-01-02 03:00:00,Italy,North Italy,IT-NO,215.51,285.03,52.44,32.97,entsoe.eu,false,
2024-01-02 04:00:00,Italy,North Italy,IT-NO,231.15,304.63,48.43,31.99,entsoe.eu,false,
2024-01-02 05:00:00,Italy,North Italy,IT-NO,248.77,324.88,44.58,30.16,entsoe.eu,false,
2024-01-02 06:00:00,Italy,North Italy,IT-NO,246.04,316.19,46.39,33.78,entsoe.eu,false,
2024-01-02 07:00:00,Italy,North Italy,IT-NO,237.22,302.93,48.81,36.98,entsoe.eu,false,
2024-01-02 08:00:00,Italy,North Italy,IT-NO,242.66,310.41,47.49,36.73,entsoe.eu,false,
2024-01-02 09:00:00,Italy,North Italy,IT-NO,248.52,322.77,44.74,34.47,entsoe.eu,false,
2024-01-02 10:00:00,Italy,North Italy,IT-NO,253.6,328.31,44.02,33.45,entsoe.eu,false,
2024-01-02 11:00:00,Italy,North Italy,IT-NO,251.1,324.92,44.98,33.98,entsoe.eu,false,
2024-01-02 12:00:00,Italy,North Italy,IT-NO,247.92,321.39,45.52,33.7,entsoe.eu,false,
2024-01-02 13:00:00,Italy,North Italy,IT-NO,256.64,333.33,42.95,31.59,entsoe.eu,false,
2024-01-02 14:00:00,Italy,North Italy,IT-NO,258.91,331.99,43.57,32.21,entsoe.eu,false,
2024-01-02 15:00:00,Italy,North Italy,IT-NO,246.44,310.74,48.17,37.01,entsoe.eu,false,
2024-01-02 16:00:00,Italy,North Italy,IT-NO,232.21,290.82,51.76,41.64,entsoe.eu,false,
2024-01-02 17:00:00,Italy,North Italy,IT-NO,234.39,294.74,50.91,40.44,entsoe.eu,false,
2024-01-02 18:00:00,Italy,North Italy,IT-NO,235.75,297.63,50.31,39.11,entsoe.eu,false,
2024-01-02 19:00:00,Italy,North Italy,IT-NO,240.02,310.94,46.97,35.25,entsoe.eu,false,
2024-01-02 20:00:00,Italy,North Italy,IT-NO,240.86,312.47,47.34,34.33,entsoe.eu,false,
2024-01-02 21:00:00,Italy,North Italy,IT-NO,217.05,286.32,52.71,37.54,entsoe.eu,false,
2024-01-02 22:00:00,Italy,North Italy,IT-NO,210.47,278.31,54.44,37.58,entsoe.eu,false,
2024-01-02 23:00:00,Italy,North Italy,IT-NO,200.08,265.87,56.54,37.27,entsoe.eu,false,
2024-01-03 00:00:00,Italy,North Italy,IT-NO,185.61,248.14,60.45,39.47,entsoe.eu,false,
2024-01-03 01:00:00,Italy,North Italy,IT-NO,190.21,253.91,60.04,41.53,entsoe.eu,false,
2024-01-03 02:00:00,Italy,North Italy,IT-NO,181.9,243.48,62.3,44.43,entsoe.eu,false,
2024-01-03 03:00:00,Italy,North Italy,IT-NO,181.77,243.41,61.98,43.93,entsoe.eu,false,
2024-01-03 04:00:00,Italy,North Italy,IT-NO,184.52,246.96,60.55,41.55,entsoe.eu,false,
2024-01-03 05:00:00,Italy,North Italy,IT-NO,198.45,260.12,57.89,39.93,entsoe.eu,false,
2024-01-03 06:00:00,Italy,North Italy,IT-NO,227.25,295.48,50.73,36.16,entsoe.eu,false,
2024-01-03 07:00:00,Italy,North Italy,IT-NO,228.36,293.5,50.98,39.9,entsoe.eu,false,
2024-01-03 08:00:00,Italy,North Italy,IT-NO,222.05,288.15,51.94,40.21,entsoe.eu,false,
2024-01-03 09:00:00,Italy,North Italy,IT-NO,213.41,280.23,53.31,40.9,entsoe.eu,false,
2024-01-03 10:00:00,Italy,North Italy,IT-NO,200.19,264.98,55.91,43.06,entsoe.eu,false,
2024-01-03 11:00:00,Italy,North Italy,IT-NO,181.59,243.13,59.9,46.47,entsoe.eu,false,
2024-01-03 12:00:00,Italy,North Italy,IT-NO,167.19,226.13,62.99,47.46,entsoe.eu,false,
2024-01-03 13:00:00,Italy,North Italy,IT-NO,191.02,254.6,57.45,41.21,entsoe.eu,false,
2024-01-03 14:00:00,Italy,North Italy,IT-NO,215.92,279.89,53.3,36.99,entsoe.eu,false,
2024-01-03 15:00:00,Italy,North Italy,IT-NO,212.4,271.98,55.09,40.17,entsoe.eu,false,
2024-01-03 16:00:00,Italy,North Italy,IT-NO,210.52,264.49,57.07,45.08,entsoe.eu,false,
2024-01-03 17:00:00,Italy,North Italy,IT-NO,212.63,269.06,55.98,43.36,entsoe.eu,false,
2024-01-03 18:00:00,Italy,North Italy,IT-NO,219.48,277.2,54.59,42.28,entsoe.eu,false,
2024-01-03 19:00:00,Italy,North Italy,IT-NO,225.36,289.6,51.71,37.13,entsoe.eu,false,
2024-01-03 20:00:00,Italy,North Italy,IT-NO,226.85,292.4,51.42,35.35,entsoe.eu,false,
2024-01-03 21:00:00,Italy,North Italy,IT-NO,202.79,266.41,56.55,38.66,entsoe.eu,false,
2024-01-03 22:00:00,Italy,North Italy,IT-NO,178.37,237.26,62.55,41.49,entsoe.eu,false,
2024-01-03 23:00:00,Italy,North Italy,IT-NO,176.98,236.93,62.31,41.16,entsoe.eu,false,
2024-01-04 00:00:00,Italy,North Italy,IT-NO,181.05,242.27,61.73,41.99,entsoe.eu,false,
2024-01-04 01:00:00,Italy,North Italy,IT-NO,184.69,246.58,61.32,42.88,entsoe.eu,false,
2024-01-04 02:00:00,Italy,North Italy,IT-NO,184.03,245.62,61.54,42.76,entsoe.eu,false,
2024-01-04 03:00:00,Italy,North Italy,IT-NO,184.55,245.98,61.41,42.9,entsoe.eu,false,
2024-01-04 04:00:00,Italy,North Italy,IT-NO,190.34,252.12,60.1,40.62,entsoe.eu,false,
2024-01-04 05:00:00,Italy,North Italy,IT-NO,209.46,272.06,56.13,38.88,entsoe.eu,false,
2024-01-04 06:00:00,Italy,North Italy,IT-NO,216.1,275.06,55.33,40.15,entsoe.eu,false,
2024-01-04 07:00:00,Italy,North Italy,IT-NO,204.77,260.24,58.09,43.26,entsoe.eu,false,
2024-01-04 08:00:00,Italy,North Italy,IT-NO,205.0,258.35,58.83,45.44,entsoe.eu,false,
2024-01-04 09:00:00,Italy,North Italy,IT-NO,185.85,246.48,60.1,46.98,entsoe.eu,false,
2024-01-04 10:00:00,Italy,North Italy,IT-NO,167.74,225.77,64.22,51.72,entsoe.eu,false,
2024-01-04 11:00:00,Italy,North Italy,IT-NO,164.43,221.07,65.29,53.27,entsoe.eu,false,
2024-01-04 12:00:00,Italy,North Italy,IT-NO,182.59,242.16,61.18,50.78,entsoe.eu,false,
2024-01-04 13:00:00,Italy,North Italy,IT-NO,199.49,261.24,57.68,45.26,entsoe.eu,false,
2024-01-04 14:00:00,Italy,North Italy,IT-NO,218.13,282.03,53.28,38.32,entsoe.eu,false,
2024-01-04 15:00:00,Italy,North Italy,IT-NO,221.2,281.78,53.3,39.51,entsoe.eu,false,
2024-01-04 16:00:00,Italy,North Italy,IT-NO,211.93,266.66,56.37,43.27,entsoe.eu,false,
2024-01-04 17:00:00,Italy,North Italy,IT-NO,210.34,262.2,57.66,46.38,entsoe.eu,false,
2024-01-04 18:00:00,Italy,North Italy,IT-NO,213.21,265.08,57.15,46.32,entsoe.eu,false,
2024-01-04 19:00:00,Italy,North Italy,IT-NO,218.25,275.7,54.67,42.09,entsoe.eu,false,
2024-01-04 20:00:00,Italy,North Italy,IT-NO,226.26,290.35,51.79,37.65,entsoe.eu,false,
2024-01-04 21:00:00,Italy,North Italy,IT-NO,217.48,285.6,52.0,35.27,entsoe.eu,false,
2024-01-04 22:00:00,Italy,North Italy,IT-NO,214.07,282.02,52.69,34.38,entsoe.eu,false,
2024-01-04 23:00:00,Italy,North Italy,IT-NO,187.04,248.98,58.88,36.45,entsoe.eu,false,
2024-01-05 00:00:00,Italy,North Italy,IT-NO,188.14,250.96,58.82,36.13,entsoe.eu,false,
2024-01-05 01:00:00,Italy,North Italy,IT-NO,180.93,241.53,61.01,36.6,entsoe.eu,false,
2024-01-05 02:00:00,Italy,North Italy,IT-NO,186.84,248.96,59.48,36.04,entsoe.eu,false,
2024-01-05 03:00:00,Italy,North Italy,IT-NO,183.92,244.93,60.25,36.37,entsoe.eu,false,
2024-01-05 04:00:00,Italy,North Italy,IT-NO,183.04,242.99,60.86,36.55,entsoe.eu,false,
2024-01-05 05:00:00,Italy,North Italy,IT-NO,197.76,258.03,57.93,37.19,entsoe.eu,false,
2024-01-05 06:00:00,Italy,North Italy,IT-NO,195.04,254.02,58.09,41.2,entsoe.eu,false,
2024-01-05 07:00:00,Italy,North Italy,IT-NO,194.2,246.92,60.05,45.23,entsoe.eu,false,
2024-01-05 08:00:00,Italy,North Italy,IT-NO,193.72,242.11,61.54,47.77,entsoe.eu,false,
2024-01-05 09:00:00,Italy,North Italy,IT-NO,189.29,243.91,60.48,45.97,entsoe.eu,false,
2024-01-05 10:00:00,Italy,North Italy,IT-NO,180.76,237.53,60.89,46.71,entsoe.eu,false,
2024-01-05 11:00:00,Italy,North Italy,IT-NO,177.12,234.26,60.95,45.4,entsoe.eu,false,
2024-01-05 12:00:00,Italy,North Italy,IT-NO,181.99,241.43,59.39,42.94,entsoe.eu,false,
2024-01-05 13:00:00,Italy,North Italy,IT-NO,183.57,238.75,60.64,44.52,entsoe.eu,false,
2024-01-05 14:00:00,Italy,North Italy,IT-NO,191.13,245.33,59.56,43.97,entsoe.eu,false,
2024-01-05 15:00:00,Italy,North Italy,IT-NO,196.26,249.74,58.83,44.01,entsoe.eu,false,
2024-01-05 16:00:00,Italy,North Italy,IT-NO,190.76,237.32,61.77,48.15,entsoe.eu,false,
2024-01-05 17:00:00,Italy,North Italy,IT-NO,193.7,241.98,60.92,47.42,entsoe.eu,false,
2024-01-05 18:00:00,Italy,North Italy,IT-NO,191.24,242.1,60.43,45.41,entsoe.eu,false,
2024-01-05 19:00:00,Italy,North Italy,IT-NO,196.92,256.21,57.07,40.58,entsoe.eu,false,
2024-01-05 20:00:00,Italy,North Italy,IT-NO,202.3,263.84,55.73,37.77,entsoe.eu,false,
2024-01-05 21:00:00,Italy,North Italy,IT-NO,194.45,255.97,57.72,38.52,entsoe.eu,false,
2024-01-05 22:00:00,Italy,North Italy,IT-NO,205.51,270.31,55.76,36.02,entsoe.eu,false,
2024-01-05 23:00:00,Italy,North Italy,IT-NO,230.13,299.06,51.33,34.42,entsoe.eu,false,
2024-01-06 00:00:00,Italy,North Italy,IT-NO,223.98,292.89,52.54,34.82,entsoe.eu,false,
2024-01-06 01:00:00,Italy,North Italy,IT-NO,225.41,295.12,51.94,35.1,entsoe.eu,false,
2024-01-06 02:00:00,Italy,North Italy,IT-NO,215.61,283.25,53.98,36.11,entsoe.eu,false,
2024-01-06 03:00:00,Italy,North Italy,IT-NO,208.81,274.31,55.97,36.74,entsoe.eu,false,
2024-01-06 04:00:00,Italy,North Italy,IT-NO,218.14,284.33,54.88,35.09,entsoe.eu,false,
2024-01-06 05:00:00,Italy,North Italy,IT-NO,227.06,295.33,52.1,33.52,entsoe.eu,false,
2024-01-06 06:00:00,Italy,North Italy,IT-NO,224.19,290.53,53.22,36.36,entsoe.eu,false,
2024-01-06 07:00:00,Italy,North Italy,IT-NO,202.81,264.13,57.87,39.18,entsoe.eu,false,
2024-01-06 08:00:00,Italy,North Italy,IT-NO,196.81,256.7,58.9,41.51,entsoe.eu,false,
2024-01-06 09:00:00,Italy,North Italy,IT-NO,212.3,273.12,55.97,39.51,entsoe.eu,false,
2024-01-06 10:00:00,Italy,North Italy,IT-NO,212.66,272.82,56.21,40.2,entsoe.eu,false,
2024-01-06 11:00:00,Italy,North Italy,IT-NO,218.51,279.24,55.1,40.2,entsoe.eu,false,
2024-01-06 12:00:00,Italy,North Italy,IT-NO,217.58,278.85,55.15,39.56,entsoe.eu,false,
2024-01-06 13:00:00,Italy,North Italy,IT-NO,214.99,276.15,55.67,39.03,entsoe.eu,false,
2024-01-06 14:00:00,Italy,North Italy,IT-NO,221.11,282.49,54.8,39.12,entsoe.eu,false,
2024-01-06 15:00:00,Italy,North Italy,IT-NO,215.51,275.4,55.97,39.58,entsoe.eu,false,
2024-01-06 16:00:00,Italy,North Italy,IT-NO,205.39,261.31,58.32,44.38,entsoe.eu,false,
2024-01-06 17:00:00,Italy,North Italy,IT-NO,192.58,243.37,61.64,48.73,entsoe.eu,false,
2024-01-06 18:00:00,Italy,North Italy,IT-NO,188.43,238.95,62.2,49.4,entsoe.eu,false,
2024-01-06 19:00:00,Italy,North Italy,IT-NO,195.82,244.45,61.95,48.44,entsoe.eu,false,
2024-01-06 20:00:00,Italy,North Italy,IT-NO,196.86,250.91,60.62,45.21,entsoe.eu,false,
2024-01-06 21:00:00,Italy,North Italy,IT-NO,198.88,257.35,59.4,42.18,entsoe.eu,false,
2024-01-06 22:00:00,Italy,North Italy,IT-NO,198.37,259.12,59.07,41.29,entsoe.eu,false,
2024-01-06 23:00:00,Italy,North Italy,IT-NO,202.5,266.88,57.35,41.32,entsoe.eu,false,
2024-01-07 00:00:00,Italy,North Italy,IT-NO,194.59,257.61,58.81,41.5,entsoe.eu,false,
2024-01-07 01:00:00,Italy,North Italy,IT-NO,207.06,273.85,55.88,39.33,entsoe.eu,false,
2024-01-07 02:00:00,Italy,North Italy,IT-NO,207.21,273.79,56.14,39.33,entsoe.eu,false,
2024-01-07 03:00:00,Italy,North Italy,IT-NO,206.49,272.69,56.45,37.97,entsoe.eu,false,
2024-01-07 04:00:00,Italy,North Italy,IT-NO,206.47,272.64,56.33,37.5,entsoe.eu,false,
2024-01-07 05:00:00,Italy,North Italy,IT-NO,201.59,265.77,57.63,38.53,entsoe.eu,false,
2024-01-07 06:00:00,Italy,North Italy,IT-NO,192.7,252.23,59.9,41.55,entsoe.eu,false,
2024-01-07 07:00:00,Italy,North Italy,IT-NO,183.86,242.03,61.38,43.7,entsoe.eu,false,
2024-01-07 08:00:00,Italy,North Italy,IT-NO,174.64,231.11,63.38,45.23,entsoe.eu,false,
2024-01-07 09:00:00,Italy,North Italy,IT-NO,167.5,223.03,64.9,46.19,entsoe.eu,false,
2024-01-07 10:00:00,Italy,North Italy,IT-NO,170.89,227.18,64.14,46.13,entsoe.eu,false,
2024-01-07 11:00:00,Italy,North Italy,IT-NO,177.7,233.16,63.3,45.67,entsoe.eu,false,
2024-01-07 12:00:00,Italy,North Italy,IT-NO,173.88,226.74,65.2,45.36,entsoe.eu,false,
2024-01-07 13:00:00,Italy,North Italy,IT-NO,173.53,228.81,65.02,45.36,entsoe.eu,false,
2024-01-07 14:00:00,Italy,North Italy,IT-NO,171.96,225.27,65.96,45.78,entsoe.eu,false,
2024-01-07 15:00:00,Italy,North Italy,IT-NO,172.2,225.12,65.61,44.63,entsoe.eu,false,
2024-01-07 16:00:00,Italy,North Italy,IT-NO,186.35,240.74,62.25,46.47,entsoe.eu,false,
2024-01-07 17:00:00,Italy,North Italy,IT-NO,186.05,239.87,62.43,47.78,entsoe.eu,false,
2024-01-07 18:00:00,Italy,North Italy,IT-NO,187.58,240.77,62.12,48.37,entsoe.eu,false,
2024-01-07 19:00:00,Italy,North Italy,IT-NO,194.5,247.86,61.26,47.22,entsoe.eu,false,
2024-01-07 20:00:00,Italy,North Italy,IT-NO,205.93,262.89,58.97,45.77,entsoe.eu,false,
2024-01-07 21:00:00,Italy,North Italy,IT-NO,215.52,277.73,56.56,42.19,entsoe.eu,false,
2024-01-07 22:00:00,Italy,North Italy,IT-NO,209.84,269.78,58.08,42.09,entsoe.eu,false,
2024-01-07 23:00:00,Italy,North Italy,IT-NO,193.76,256.35,59.86,42.07,entsoe.eu,false,
2024-01-08 00:00:00,Italy,North Italy,IT-NO,201.86,267.43,57.54,39.24,entsoe.eu,false,
2024-01-08 01:00:00,Italy,North Italy,IT-NO,216.98,286.15,54.22,37.6,entsoe.eu,false,
2024-01-08 02:00:00,Italy,North Italy,IT-NO,224.0,295.29,51.99,36.36,entsoe.eu,false,
2024-01-08 03:00:00,Italy,North Italy,IT-NO,221.35,292.28,52.11,36.55,entsoe.eu,false,
2024-01-08 04:00:00,Italy,North Italy,IT-NO,222.16,292.45,52.28,36.31,entsoe.eu,false,
2024-01-08 05:00:00,Italy,North Italy,IT-NO,204.2,267.01,57.35,38.77,entsoe.eu,false,
2024-01-08 06:00:00,Italy,North Italy,IT-NO,215.25,278.37,54.64,39.82,entsoe.eu,false,
2024-01-08 07:00:00,Italy,North Italy,IT-NO,207.97,259.06,58.81,45.26,entsoe.eu,false,
2024-01-08 08:00:00,Italy,North Italy,IT-NO,206.21,258.24,58.93,45.1,entsoe.eu,false,
2024-01-08 09:00:00,Italy,North Italy,IT-NO,212.73,267.49,57.27,44.03,entsoe.eu,false,
2024-01-08 10:00:00,Italy,North Italy,IT-NO,219.15,275.7,55.91,43.44,entsoe.eu,false,
2024-01-08 11:00:00,Italy,North Italy,IT-NO,230.16,290.01,53.47,42.62,entsoe.eu,false,
2024-01-08 12:00:00,Italy,North Italy,IT-NO,234.12,298.01,51.73,39.34,entsoe.eu,false,
2024-01-08 13:00:00,Italy,North Italy,IT-NO,231.28,294.51,52.1,38.71,entsoe.eu,false,
2024-01-08 14:00:00,Italy,North Italy,IT-NO,229.53,290.22,52.72,38.9,entsoe.eu,false,
2024-01-08 15:00:00,Italy,North Italy,IT-NO,221.53,276.73,55.42,41.3,entsoe.eu,false,
2024-01-08 16:00:00,Italy,North Italy,IT-NO,228.71,282.24,54.91,44.42,entsoe.eu,false,
2024-01-08 17:00:00,Italy,North Italy,IT-NO,240.66,297.92,51.94,44.02,entsoe.eu,false,
2024-01-08 18:00:00,Italy,North Italy,IT-NO,248.65,309.74,49.95,41.62,entsoe.eu,false,
2024-01-08 19:00:00,Italy,North Italy,IT-NO,251.93,319.46,48.02,38.37,entsoe.eu,false,
2024-01-08 20:00:00,Italy,North Italy,IT-NO,251.98,322.09,47.62,35.93,entsoe.eu,false,
2024-01-08 21:00:00,Italy,North Italy,IT-NO,237.87,305.98,51.06,37.0,entsoe.eu,false,
2024-01-08 22:00:00,Italy,North Italy,IT-NO,233.36,303.19,51.68,37.12,entsoe.eu,false,
2024-01-08 23:00:00,Italy,North Italy,IT-NO,229.56,300.0,52.18,39.04,entsoe.eu,false,
2024-01-09 00:00:00,Italy,North Italy,IT-NO,234.88,307.31,50.77,38.75,entsoe.eu,false,
2024-01-09 01:00:00,Italy,North Italy,IT-NO,245.07,321.31,47.61,39.24,entsoe.eu,false,
2024-01-09 02:00:00,Italy,North Italy,IT-NO,254.91,333.53,45.34,38.23,entsoe.eu,false,
2024-01-09 03:00:00,Italy,North Italy,IT-NO,249.89,326.45,46.91,37.19,entsoe.eu,false,
2024-01-09 04:00:00,Italy,North Italy,IT-NO,270.65,351.92,41.86,34.05,entsoe.eu,false,
2024-01-09 05:00:00,Italy,North Italy,IT-NO,273.15,354.03,40.86,31.73,entsoe.eu,false,
2024-01-09 06:00:00,Italy,North Italy,IT-NO,281.57,360.63,38.69,33.47,entsoe.eu,false,
2024-01-09 07:00:00,Italy,North Italy,IT-NO,266.36,336.3,43.74,38.69,entsoe.eu,false,
2024-01-09 08:00:00,Italy,North Italy,IT-NO,252.91,324.31,45.59,39.2,entsoe.eu,false,
2024-01-09 09:00:00,Italy,North Italy,IT-NO,254.51,329.58,45.01,37.78,entsoe.eu,false,
2024-01-09 10:00:00,Italy,North Italy,IT-NO,251.66,327.24,45.78,38.36,entsoe.eu,false,
2024-01-09 11:00:00,Italy,North Italy,IT-NO,257.17,334.89,44.5,37.4,entsoe.eu,false,
2024-01-09 12:00:00,Italy,North Italy,IT-NO,268.49,347.09,42.43,35.08,entsoe.eu,false,
2024-01-09 13:00:00,Italy,North Italy,IT-NO,277.15,358.23,39.5,31.86,entsoe.eu,false,
2024-01-09 14:00:00,Italy,North Italy,IT-NO,276.02,354.81,39.47,32.14,entsoe.eu,false,
2024-01-09 15:00:00,Italy,North Italy,IT-NO,272.93,348.51,40.55,33.76,entsoe.eu,false,
2024-01-09 16:00:00,Italy,North Italy,IT-NO,291.43,354.93,41.43,38.32,entsoe.eu,false,
2024-01-09 17:00:00,Italy,North Italy,IT-NO,284.62,348.51,42.49,39.41,entsoe.eu,false,
2024-01-09 18:00:00,Italy,North Italy,IT-NO,281.54,351.51,41.15,37.49,entsoe.eu,false,
2024-01-09 19:00:00,Italy,North Italy,IT-NO,289.25,366.88,37.7,33.29,entsoe.eu,false,
2024-01-09 20:00:00,Italy,North Italy,IT-NO,277.44,356.72,40.27,31.28,entsoe.eu,false,
2024-01-09 21:00:00,Italy,North Italy,IT-NO,265.42,341.67,44.08,32.46,entsoe.eu,false,
2024-01-09 22:00:00,Italy,North Italy,IT-NO,266.23,343.74,43.72,31.83,entsoe.eu,false,
2024-01-09 23:00:00,Italy,North Italy,IT-NO,270.09,350.5,41.76,29.48,entsoe.eu,false,
2024-01-10 00:00:00,Italy,North Italy,IT-NO,272.26,354.07,40.75,27.98,entsoe.eu,false,
2024-01-10 01:00:00,Italy,North Italy,IT-NO,266.17,346.11,42.55,28.97,entsoe.eu,false,
2024-01-10 02:00:00,Italy,North Italy,IT-NO,260.38,339.16,43.76,29.21,entsoe.eu,false,
2024-01-10 03:00:00,Italy,North Italy,IT-NO,261.36,340.21,43.47,28.6,entsoe.eu,false,
2024-01-10 04:00:00,Italy,North Italy,IT-NO,279.06,362.53,38.69,26.15,entsoe.eu,false,
2024-01-10 05:00:00,Italy,North Italy,IT-NO,278.17,360.75,38.2,29.04,entsoe.eu,false,
2024-01-10 06:00:00,Italy,North Italy,IT-NO,305.85,388.32,33.33,28.07,entsoe.eu,false,
2024-01-10 07:00:00,Italy,North Italy,IT-NO,295.22,368.27,37.5,33.85,entsoe.eu,false,
2024-01-10 08:00:00,Italy,North Italy,IT-NO,294.09,360.95,39.84,37.14,entsoe.eu,false,
2024-01-10 09:00:00,Italy,North Italy,IT-NO,294.76,368.96,37.68,35.41,entsoe.eu,false,
2024-01-10 10:00:00,Italy,North Italy,IT-NO,292.35,373.82,35.95,33.15,entsoe.eu,false,
2024-01-10 11:00:00,Italy,North Italy,IT-NO,294.2,380.76,34.62,30.33,entsoe.eu,false,
2024-01-10 12:00:00,Italy,North Italy,IT-NO,290.95,377.06,34.89,30.36,entsoe.eu,false,
2024-01-10 13:00:00,Italy,North Italy,IT-NO,294.33,375.87,35.34,31.18,entsoe.eu,false,
2024-01-10 14:00:00,Italy,North Italy,IT-NO,288.85,367.36,36.92,32.13,entsoe.eu,false,
2024-01-10 15:00:00,Italy,North Italy,IT-NO,291.09,362.45,38.67,34.16,entsoe.eu,false,
2024-01-10 16:00:00,Italy,North Italy,IT-NO,293.88,364.04,38.63,34.99,entsoe.eu,false,
2024-01-10 17:00:00,Italy,North Italy,IT-NO,293.72,364.35,38.59,35.08,entsoe.eu,false,
2024-01-10 18:00:00,Italy,North Italy,IT-NO,295.41,369.29,37.24,33.74,entsoe.eu,false,
2024-01-10 19:00:00,Italy,North Italy,IT-NO,303.07,382.92,34.36,29.9,entsoe.eu,false,
2024-01-10 20:00:00,Italy,North Italy,IT-NO,269.31,343.0,42.43,33.84,entsoe.eu,false,
2024-01-10 21:00:00,Italy,North Italy,IT-NO,256.28,334.56,43.38,31.84,entsoe.eu,false,
2024-01-10 22:00:00,Italy,North Italy,IT-NO,265.74,345.67,42.1,30.05,entsoe.eu,false,
2024-01-10 23:00:00,Italy,North Italy,IT-NO,248.33,323.59,46.28,29.9,entsoe.eu,false,
2024-01-11 00:00:00,Italy,North Italy,IT-NO,241.7,316.07,47.34,29.87,entsoe.eu,false,
2024-01-11 01:00:00,Italy,North Italy,IT-NO,243.52,317.92,47.47,29.91,entsoe.eu,false,
2024-01-11 02:00:00,Italy,North Italy,IT-NO,240.16,313.97,48.07,29.4,entsoe.eu,false,
2024-01-11 03:00:00,Italy,North Italy,IT-NO,240.49,314.31,48.08,29.05,entsoe.eu,false,
2024-01-11 04:00:00,Italy,North Italy,IT-NO,257.59,334.98,44.13,27.92,entsoe.eu,false,
2024-01-11 05:00:00,Italy,North Italy,IT-NO,273.98,354.87,39.38,27.55,entsoe.eu,false,
2024-01-11 06:00:00,Italy,North Italy,IT-NO,298.55,378.09,34.81,29.18,entsoe.eu,false,
2024-01-11 07:00:00,Italy,North Italy,IT-NO,286.62,359.59,38.67,33.62,entsoe.eu,false,
2024-01-11 08:00:00,Italy,North Italy,IT-NO,277.47,348.17,41.05,35.96,entsoe.eu,false,
2024-01-11 09:00:00,Italy,North Italy,IT-NO,268.9,348.85,40.01,33.57,entsoe.eu,false,
2024-01-11 10:00:00,Italy,North Italy,IT-NO,262.48,341.18,42.1,34.95,entsoe.eu,false,
2024-01-11 11:00:00,Italy,North Italy,IT-NO,260.55,340.04,42.55,34.95,entsoe.eu,false,
2024-01-11 12:00:00,Italy,North Italy,IT-NO,256.82,336.47,42.75,34.6,entsoe.eu,false,
2024-01-11 13:00:00,Italy,North Italy,IT-NO,257.07,336.19,42.3,33.84,entsoe.eu,false,
2024-01-11 14:00:00,Italy,North Italy,IT-NO,269.98,348.53,39.83,31.72,entsoe.eu,false,
2024-01-11 15:00:00,Italy,North Italy,IT-NO,270.09,345.02,40.85,32.96,entsoe.eu,false,
2024-01-11 16:00:00,Italy,North Italy,IT-NO,274.29,348.08,40.66,33.76,entsoe.eu,false,
2024-01-11 17:00:00,Italy,North Italy,IT-NO,282.26,356.35,39.21,33.89,entsoe.eu,false,
2024-01-11 18:00:00,Italy,North Italy,IT-NO,283.16,358.6,38.73,33.34,entsoe.eu,false,
2024-01-11 19:00:00,Italy,North Italy,IT-NO,292.06,372.29,35.96,30.26,entsoe.eu,false,
2024-01-11 20:00:00,Italy,North Italy,IT-NO,256.93,329.15,44.61,34.58,entsoe.eu,false,
2024-01-11 21:00:00,Italy,North Italy,IT-NO,249.4,323.85,45.86,32.09,entsoe.eu,false,
2024-01-11 22:00:00,Italy,North Italy,IT-NO,246.23,319.44,47.66,33.17,entsoe.eu,false,
2024-01-11 23:00:00,Italy,North Italy,IT-NO,244.08,315.83,48.52,33.48,entsoe.eu,false,
2024-01-12 00:00:00,Italy,North Italy,IT-NO,252.14,327.17,46.04,31.1,entsoe.eu,false,
2024-01-12 01:00:00,Italy,North Italy,IT-NO,249.06,324.49,46.89,30.87,entsoe.eu,false,
2024-01-12 02:00:00,Italy,North Italy,IT-NO,236.07,308.32,49.96,32.41,entsoe.eu,false,
2024-01-12 03:00:00,Italy,North Italy,IT-NO,238.09,310.89,49.65,32.54,entsoe.eu,false,
2024-01-12 04:00:00,Italy,North Italy,IT-NO,252.99,329.03,46.08,31.13,entsoe.eu,false,
2024-01-12 05:00:00,Italy,North Italy,IT-NO,254.7,327.54,45.78,33.69,entsoe.eu,false,
2024-01-12 06:00:00,Italy,North Italy,IT-NO,244.78,305.19,50.21,41.27,entsoe.eu,false,
2024-01-12 07:00:00,Italy,North Italy,IT-NO,240.38,301.32,50.58,42.29,entsoe.eu,false,
2024-01-12 08:00:00,Italy,North Italy,IT-NO,238.67,302.01,50.32,42.49,entsoe.eu,false,
2024-01-12 09:00:00,Italy,North Italy,IT-NO,242.27,310.74,48.48,42.32,entsoe.eu,false,
2024-01-12 10:00:00,Italy,North Italy,IT-NO,242.21,314.36,47.51,41.93,entsoe.eu,false,
2024-01-12 11:00:00,Italy,North Italy,IT-NO,243.24,317.64,47.06,40.75,entsoe.eu,false,
2024-01-12 12:00:00,Italy,North Italy,IT-NO,243.23,318.31,46.83,39.66,entsoe.eu,false,
2024-01-12 13:00:00,Italy,North Italy,IT-NO,253.61,329.12,44.81,36.55,entsoe.eu,false,
2024-01-12 14:00:00,Italy,North Italy,IT-NO,258.3,332.83,43.84,35.02,entsoe.eu,false,
2024-01-12 15:00:00,Italy,North Italy,IT-NO,242.4,310.51,48.03,36.88,entsoe.eu,false,
2024-01-12 16:00:00,Italy,North Italy,IT-NO,238.46,300.26,50.51,40.81,entsoe.eu,false,
2024-01-12 17:00:00,Italy,North Italy,IT-NO,237.87,300.98,50.34,42.16,entsoe.eu,false,
2024-01-12 18:00:00,Italy,North Italy,IT-NO,241.26,305.73,49.38,41.2,entsoe.eu,false,
2024-01-12 19:00:00,Italy,North Italy,IT-NO,248.27,318.28,47.22,37.08,entsoe.eu,false,
2024-01-12 20:00:00,Italy,North Italy,IT-NO,259.04,329.31,46.34,34.95,entsoe.eu,false,
2024-01-12 21:00:00,Italy,North Italy,IT-NO,250.17,318.85,49.22,36.17,entsoe.eu,false,
2024-01-12 22:00:00,Italy,North Italy,IT-NO,262.98,338.9,45.49,33.49,entsoe.eu,false,
2024-01-12 23:00:00,Italy,North Italy,IT-NO,247.1,319.53,49.29,34.27,entsoe.eu,false,
2024-01-13 00:00:00,Italy,North Italy,IT-NO,235.86,306.4,51.84,34.69,entsoe.eu,false,
2024-01-13 01:00:00,Italy,North Italy,IT-NO,238.99,310.77,51.25,34.75,entsoe.eu,false,
2024-01-13 02:00:00,Italy,North Italy,IT-NO,241.85,315.05,50.24,34.07,entsoe.eu,false,
2024-01-13 03:00:00,Italy,North Italy,IT-NO,239.23,312.36,50.41,32.68,entsoe.eu,false,
2024-01-13 04:00:00,Italy,North Italy,IT-NO,242.18,315.44,49.76,32.84,entsoe.eu,false,
2024-01-13 05:00:00,Italy,North Italy,IT-NO,238.67,310.17,50.58,34.41,entsoe.eu,false,
2024-01-13 06:00:00,Italy,North Italy,IT-NO,229.18,294.74,53.45,39.89,entsoe.eu,false,
2024-01-13 07:00:00,Italy,North Italy,IT-NO,223.22,282.94,55.73,42.71,entsoe.eu,false,
2024-01-13 08:00:00,Italy,North Italy,IT-NO,213.24,275.92,56.38,44.04,entsoe.eu,false,
2024-01-13 09:00:00,Italy,North Italy,IT-NO,206.06,270.1,57.44,45.06,entsoe.eu,false,
2024-01-13 10:00:00,Italy,North Italy,IT-NO,199.13,263.36,58.72,46.61,entsoe.eu,false,
2024-01-13 11:00:00,Italy,North Italy,IT-NO,196.35,261.14,59.15,47.97,entsoe.eu,false,
2024-01-13 12:00:00,Italy,North Italy,IT-NO,201.62,268.28,57.57,45.76,entsoe.eu,false,
2024-01-13 13:00:00,Italy,North Italy,IT-NO,200.17,266.15,57.93,43.99,entsoe.eu,false,
2024-01-13 14:00:00,Italy,North Italy,IT-NO,218.7,286.65,54.21,39.6,entsoe.eu,false,
2024-01-13 15:00:00,Italy,North Italy,IT-NO,230.13,294.81,52.75,39.3,entsoe.eu,false,
2024-01-13 16:00:00,Italy,North Italy,IT-NO,217.26,275.84,56.09,43.73,entsoe.eu,false,
2024-01-13 17:00:00,Italy,North Italy,IT-NO,212.66,265.65,58.44,47.92,entsoe.eu,false,
2024-01-13 18:00:00,Italy,North Italy,IT-NO,218.55,272.97,57.36,47.14,entsoe.eu,false,
2024-01-13 19:00:00,Italy,North Italy,IT-NO,219.69,277.66,56.5,45.98,entsoe.eu,false,
2024-01-13 20:00:00,Italy,North Italy,IT-NO,233.52,299.82,52.62,40.41,entsoe.eu,false,
2024-01-13 21:00:00,Italy,North Italy,IT-NO,238.56,309.35,51.05,37.44,entsoe.eu,false,
2024-01-13 22:00:00,Italy,North Italy,IT-NO,238.14,309.73,51.2,37.03,entsoe.eu,false,
2024-01-13 23:00:00,Italy,North Italy,IT-NO,240.52,311.87,50.76,37.28,entsoe.eu,false,
2024-01-14 00:00:00,Italy,North Italy,IT-NO,259.03,337.08,45.34,33.62,entsoe.eu,false,
2024-01-14 01:00:00,Italy,North Italy,IT-NO,257.13,334.74,46.16,34.7,entsoe.eu,false,
2024-01-14 02:00:00,Italy,North Italy,IT-NO,252.27,328.88,47.07,34.11,entsoe.eu,false,
2024-01-14 03:00:00,Italy,North Italy,IT-NO,257.45,335.77,45.71,33.16,entsoe.eu,false,
2024-01-14 04:00:00,Italy,North Italy,IT-NO,249.31,324.8,48.01,34.87,entsoe.eu,false,
2024-01-14 05:00:00,Italy,North Italy,IT-NO,260.45,336.81,45.72,34.67,entsoe.eu,false,
2024-01-14 06:00:00,Italy,North Italy,IT-NO,253.31,326.1,47.84,37.49,entsoe.eu,false,
2024-01-14 07:00:00,Italy,North Italy,IT-NO,246.64,317.57,49.14,39.56,entsoe.eu,false,
2024-01-14 08:00:00,Italy,North Italy,IT-NO,244.71,315.99,49.31,40.02,entsoe.eu,false,
2024-01-14 09:00:00,Italy,North Italy,IT-NO,238.57,309.57,50.21,40.53,entsoe.eu,false,
2024-01-14 10:00:00,Italy,North Italy,IT-NO,241.9,315.14,48.93,39.5,entsoe.eu,false,
2024-01-14 11:00:00,Italy,North Italy,IT-NO,247.87,323.86,47.46,37.53,entsoe.eu,false,
2024-01-14 12:00:00,Italy,North Italy,IT-NO,241.53,316.4,48.68,37.27,entsoe.eu,false,
2024-01-14 13:00:00,Italy,North Italy,IT-NO,242.17,315.63,49.2,37.24,entsoe.eu,false,
2024-01-14 14:00:00,Italy,North Italy,IT-NO,241.74,312.44,50.13,37.96,entsoe.eu,false,
2024-01-14 15:00:00,Italy,North Italy,IT-NO,220.82,284.23,55.31,39.72,entsoe.eu,false,
2024-01-14 16:00:00,Italy,North Italy,IT-NO,212.8,272.98,56.76,42.82,entsoe.eu,false,
2024-01-14 17:00:00,Italy,North Italy,IT-NO,213.78,270.32,57.73,46.4,entsoe.eu,false,
2024-01-14 18:00:00,Italy,North Italy,IT-NO,217.73,271.87,58.22,47.01,entsoe.eu,false,
2024-01-14 19:00:00,Italy,North Italy,IT-NO,227.04,288.64,55.22,41.51,entsoe.eu,false,
2024-01-14 20:00:00,Italy,North Italy,IT-NO,243.72,310.92,51.27,37.87,entsoe.eu,false,
2024-01-14 21:00:00,Italy,North Italy,IT-NO,243.08,313.18,51.08,35.93,entsoe.eu,false,
2024-01-14 22:00:00,Italy,North Italy,IT-NO,248.42,320.81,49.78,35.12,entsoe.eu,false,
2024-01-14 23:00:00,Italy,North Italy,IT-NO,252.37,325.98,48.69,32.39,entsoe.eu,false,
2024-01-15 00:00:00,Italy,North Italy,IT-NO,248.57,321.56,49.46,32.42,entsoe.eu,false,
2024-01-15 01:00:00,Italy,North Italy,IT-NO,250.68,324.28,49.04,32.61,entsoe.eu,false,
2024-01-15 02:00:00,Italy,North Italy,IT-NO,245.8,318.41,49.74,31.85,entsoe.eu,false,
2024-01-15 03:00:00,Italy,North Italy,IT-NO,247.2,321.17,48.94,30.5,entsoe.eu,false,
2024-01-15 04:00:00,Italy,North Italy,IT-NO,258.84,334.83,46.49,30.49,entsoe.eu,false,
2024-01-15 05:00:00,Italy,North Italy,IT-NO,234.24,302.42,52.04,36.93,entsoe.eu,false,
2024-01-15 06:00:00,Italy,North Italy,IT-NO,245.8,308.13,50.81,38.78,entsoe.eu,false,
2024-01-15 07:00:00,Italy,North Italy,IT-NO,233.96,289.4,54.15,44.06,entsoe.eu,false,
2024-01-15 08:00:00,Italy,North Italy,IT-NO,232.38,284.61,55.33,45.79,entsoe.eu,false,
2024-01-15 09:00:00,Italy,North Italy,IT-NO,231.82,296.26,52.05,42.02,entsoe.eu,false,
2024-01-15 10:00:00,Italy,North Italy,IT-NO,238.2,308.78,49.54,38.57,entsoe.eu,false,
2024-01-15 11:00:00,Italy,North Italy,IT-NO,239.78,311.67,49.33,38.56,entsoe.eu,false,
2024-01-15 12:00:00,Italy,North Italy,IT-NO,229.83,299.84,51.36,39.56,entsoe.eu,false,
2024-01-15 13:00:00,Italy,North Italy,IT-NO,226.06,295.14,51.93,38.7,entsoe.eu,false,
2024-01-15 14:00:00,Italy,North Italy,IT-NO,233.23,302.18,50.24,35.16,entsoe.eu,false,
2024-01-15 15:00:00,Italy,North Italy,IT-NO,233.47,300.27,50.46,34.83,entsoe.eu,false,
2024-01-15 16:00:00,Italy,North Italy,IT-NO,228.96,287.61,53.46,40.56,entsoe.eu,false,
2024-01-15 17:00:00,Italy,North Italy,IT-NO,234.4,293.67,52.47,40.99,entsoe.eu,false,
2024-01-15 18:00:00,Italy,North Italy,IT-NO,243.86,304.43,50.81,39.28,entsoe.eu,false,
2024-01-15 19:00:00,Italy,North Italy,IT-NO,251.45,318.88,47.8,36.16,entsoe.eu,false,
2024-01-15 20:00:00,Italy,North Italy,IT-NO,249.85,319.83,48.08,33.21,entsoe.eu,false,
2024-01-15 21:00:00,Italy,North Italy,IT-NO,249.51,321.7,48.15,32.22,entsoe.eu,false,
2024-01-15 22:00:00,Italy,North Italy,IT-NO,259.27,334.37,46.29,31.17,entsoe.eu,false,
2024-01-15 23:00:00,Italy,North Italy,IT-NO,238.34,309.04,50.8,32.69,entsoe.eu,false,
2024-01-16 00:00:00,Italy,North Italy,IT-NO,246.55,319.97,48.5,31.59,entsoe.eu,false,
2024-01-16 01:00:00,Italy,North Italy,IT-NO,252.53,327.84,46.97,31.65,entsoe.eu,false,
2024-01-16 02:00:00,Italy,North Italy,IT-NO,253.67,329.44,46.37,30.76,entsoe.eu,false,
2024-01-16 03:00:00,Italy,North Italy,IT-NO,254.76,330.69,46.02,29.56,entsoe.eu,false,
2024-01-16 04:00:00,Italy,North Italy,IT-NO,264.58,341.86,43.89,27.36,entsoe.eu,false,
2024-01-16 05:00:00,Italy,North Italy,IT-NO,264.19,340.78,42.9,29.64,entsoe.eu,false,
2024-01-16 06:00:00,Italy,North Italy,IT-NO,277.24,350.85,40.25,31.99,entsoe.eu,false,
2024-01-16 07:00:00,Italy,North Italy,IT-NO,276.26,345.56,41.74,35.85,entsoe.eu,false,
2024-01-16 08:00:00,Italy,North Italy,IT-NO,281.71,349.93,41.43,36.63,entsoe.eu,false,
2024-01-16 09:00:00,Italy,North Italy,IT-NO,285.32,358.67,39.49,33.92,entsoe.eu,false,
2024-01-16 10:00:00,Italy,North Italy,IT-NO,284.23,365.2,37.47,30.16,entsoe.eu,false,
2024-01-16 11:00:00,Italy,North Italy,IT-NO,286.22,370.62,36.06,27.55,entsoe.eu,false,
2024-01-16 12:00:00,Italy,North Italy,IT-NO,275.84,358.34,38.32,27.22,entsoe.eu,false,
2024-01-16 13:00:00,Italy,North Italy,IT-NO,272.68,353.89,39.16,27.34,entsoe.eu,false,
2024-01-16 14:00:00,Italy,North Italy,IT-NO,275.03,355.33,38.52,27.29,entsoe.eu,false,
2024-01-16 15:00:00,Italy,North Italy,IT-NO,271.02,345.46,40.74,30.05,entsoe.eu,false,
2024-01-16 16:00:00,Italy,North Italy,IT-NO,264.54,330.86,44.31,34.22,entsoe.eu,false,
2024-01-16 17:00:00,Italy,North Italy,IT-NO,269.15,337.62,42.97,34.65,entsoe.eu,false,
2024-01-16 18:00:00,Italy,North Italy,IT-NO,275.73,346.47,41.44,32.63,entsoe.eu,false,
2024-01-16 19:00:00,Italy,North Italy,IT-NO,272.81,350.41,40.2,28.62,entsoe.eu,false,
2024-01-16 20:00:00,Italy,North Italy,IT-NO,256.23,328.98,45.36,29.99,entsoe.eu,false,
2024-01-16 21:00:00,Italy,North Italy,IT-NO,250.13,322.77,46.93,30.23,entsoe.eu,false,
2024-01-16 22:00:00,Italy,North Italy,IT-NO,254.32,329.39,45.83,28.17,entsoe.eu,false,
2024-01-16 23:00:00,Italy,North Italy,IT-NO,254.14,329.77,45.46,27.43,entsoe.eu,false,
2024-01-17 00:00:00,Italy,North Italy,IT-NO,252.99,329.0,45.51,26.7,entsoe.eu,false,
2024-01-17 01:00:00,Italy,North Italy,IT-NO,262.28,340.34,43.64,25.18,entsoe.eu,false,
2024-01-17 02:00:00,Italy,North Italy,IT-NO,265.98,345.16,42.48,23.73,entsoe.eu,false,
2024-01-17 03:00:00,Italy,North Italy,IT-NO,265.84,344.84,42.52,23.42,entsoe.eu,false,
2024-01-17 04:00:00,Italy,North Italy,IT-NO,264.66,341.88,43.47,25.41,entsoe.eu,false,
2024-01-17 05:00:00,Italy,North Italy,IT-NO,258.4,333.34,44.24,27.26,entsoe.eu,false,
2024-01-17 06:00:00,Italy,North Italy,IT-NO,273.34,351.02,40.06,27.69,entsoe.eu,false,
2024-01-17 07:00:00,Italy,North Italy,IT-NO,261.68,331.33,44.04,33.26,entsoe.eu,false,
2024-01-17 08:00:00,Italy,North Italy,IT-NO,258.99,329.46,44.26,32.66,entsoe.eu,false,
2024-01-17 09:00:00,Italy,North Italy,IT-NO,258.45,328.74,44.45,32.93,entsoe.eu,false,
2024-01-17 10:00:00,Italy,North Italy,IT-NO,260.25,329.32,44.51,33.75,entsoe.eu,false,
2024-01-17 11:00:00,Italy,North Italy,IT-NO,273.56,346.1,41.38,31.37,entsoe.eu,false,
2024-01-17 12:00:00,Italy,North Italy,IT-NO,275.0,350.41,40.42,30.35,entsoe.eu,false,
2024-01-17 13:00:00,Italy,North Italy,IT-NO,263.67,337.16,42.68,31.92,entsoe.eu,false,
2024-01-17 14:00:00,Italy,North Italy,IT-NO,260.18,329.48,44.52,33.75,entsoe.eu,false,
2024-01-17 15:00:00,Italy,North Italy,IT-NO,261.87,332.28,43.83,33.48,entsoe.eu,false,
2024-01-17 16:00:00,Italy,North Italy,IT-NO,272.4,344.06,41.79,33.24,entsoe.eu,false,
2024-01-17 17:00:00,Italy,North Italy,IT-NO,274.8,348.17,40.81,31.89,entsoe.eu,false,
2024-01-17 18:00:00,Italy,North Italy,IT-NO,257.17,328.68,44.35,32.65,entsoe.eu,false,
2024-01-17 19:00:00,Italy,North Italy,IT-NO,249.95,322.72,45.15,31.29,entsoe.eu,false,
2024-01-17 20:00:00,Italy,North Italy,IT-NO,228.96,296.85,50.71,32.2,entsoe.eu,false,
2024-01-17 21:00:00,Italy,North Italy,IT-NO,217.53,283.69,54.01,32.72,entsoe.eu,false,
2024-01-17 22:00:00,Italy,North Italy,IT-NO,230.33,299.69,51.51,32.65,entsoe.eu,false,
2024-01-17 23:00:00,Italy,North Italy,IT-NO,226.52,295.38,52.18,31.16,entsoe.eu,false,
2024-01-18 00:00:00,Italy,North Italy,IT-NO,221.35,289.31,53.26,32.17,entsoe.eu,false,
2024-01-18 01:00:00,Italy,North Italy,IT-NO,214.7,281.3,54.85,34.57,entsoe.eu,false,
2024-01-18 02:00:00,Italy,North Italy,IT-NO,210.59,276.0,55.87,35.41,entsoe.eu,false,
2024-01-18 03:00:00,Italy,North Italy,IT-NO,210.05,275.34,55.78,33.71,entsoe.eu,false,
2024-01-18 04:00:00,Italy,North Italy,IT-NO,232.73,302.57,50.79,30.26,entsoe.eu,false,
2024-01-18 05:00:00,Italy,North Italy,IT-NO,234.84,305.55,49.09,30.57,entsoe.eu,false,
2024-01-18 06:00:00,Italy,North Italy,IT-NO,242.75,312.11,47.43,34.1,entsoe.eu,false,
2024-01-18 07:00:00,Italy,North Italy,IT-NO,241.26,305.28,49.17,38.55,entsoe.eu,false,
2024-01-18 08:00:00,Italy,North Italy,IT-NO,242.98,311.61,47.47,37.56,entsoe.eu,false,
2024-01-18 09:00:00,Italy,North Italy,IT-NO,243.6,315.38,46.56,37.2,entsoe.eu,false,
2024-01-18 10:00:00,Italy,North Italy,IT-NO,238.45,310.31,47.61,37.94,entsoe.eu,false,
2024-01-18 11:00:00,Italy,North Italy,IT-NO,244.45,318.28,46.42,36.79,entsoe.eu,false,
2024-01-18 12:00:00,Italy,North Italy,IT-NO,236.58,308.64,48.32,37.04,entsoe.eu,false,
2024-01-18 13:00:00,Italy,North Italy,IT-NO,232.99,303.73,49.09,35.56,entsoe.eu,false,
2024-01-18 14:00:00,Italy,North Italy,IT-NO,243.23,315.0,46.88,33.18,entsoe.eu,false,
2024-01-18 15:00:00,Italy,North Italy,IT-NO,240.6,310.27,47.6,34.28,entsoe.eu,false,
2024-01-18 16:00:00,Italy,North Italy,IT-NO,236.47,302.51,49.2,36.1,entsoe.eu,false,
2024-01-18 17:00:00,Italy,North Italy,IT-NO,241.0,307.84,48.34,36.65,entsoe.eu,false,
2024-01-18 18:00:00,Italy,North Italy,IT-NO,231.96,296.35,50.83,38.44,entsoe.eu,false,
2024-01-18 19:00:00,Italy,North Italy,IT-NO,242.07,309.95,48.99,35.54,entsoe.eu,false,
2024-01-18 20:00:00,Italy,North Italy,IT-NO,240.53,309.8,49.22,34.07,entsoe.eu,false,
2024-01-18 21:00:00,Italy,North Italy,IT-NO,243.46,314.98,48.93,33.16,entsoe.eu,false,
2024-01-18 22:00:00,Italy,North Italy,IT-NO,242.95,314.81,49.26,34.63,entsoe.eu,false,
2024-01-18 23:00:00,Italy,North Italy,IT-NO,219.91,285.9,55.42,39.55,entsoe.eu,false,
2024-01-19 00:00:00,Italy,North Italy,IT-NO,221.21,287.84,55.3,39.22,entsoe.eu,false,
2024-01-19 01:00:00,Italy,North Italy,IT-NO,227.42,295.36,53.97,38.48,entsoe.eu,false,
2024-01-19 02:00:00,Italy,North Italy,IT-NO,222.1,288.75,55.02,38.64,entsoe.eu,false,
2024-01-19 03:00:00,Italy,North Italy,IT-NO,219.54,285.92,55.08,38.09,entsoe.eu,false,
2024-01-19 04:00:00,Italy,North Italy,IT-NO,227.68,296.29,52.94,37.17,entsoe.eu,false,
2024-01-19 05:00:00,Italy,North Italy,IT-NO,233.05,301.81,51.64,37.07,entsoe.eu,false,
2024-01-19 06:00:00,Italy,North Italy,IT-NO,236.4,302.14,50.58,38.11,entsoe.eu,false,
2024-01-19 07:00:00,Italy,North Italy,IT-NO,231.82,291.47,52.59,42.27,entsoe.eu,false,
2024-01-19 08:00:00,Italy,North Italy,IT-NO,233.56,293.25,52.63,43.05,entsoe.eu,false,
2024-01-19 09:00:00,Italy,North Italy,IT-NO,233.87,297.58,51.65,40.65,entsoe.eu,false,
2024-01-19 10:00:00,Italy,North Italy,IT-NO,230.49,297.93,51.35,38.8,entsoe.eu,false,
2024-01-19 11:00:00,Italy,North Italy,IT-NO,234.5,305.3,49.86,35.63,entsoe.eu,false,
2024-01-19 12:00:00,Italy,North Italy,IT-NO,236.7,308.09,49.11,34.38,entsoe.eu,false,
2024-01-19 13:00:00,Italy,North Italy,IT-NO,244.06,315.68,47.76,33.21,entsoe.eu,false,
2024-01-19 14:00:00,Italy,North Italy,IT-NO,244.51,314.55,48.04,33.48,entsoe.eu,false,
2024-01-19 15:00:00,Italy,North Italy,IT-NO,238.74,304.2,49.89,36.08,entsoe.eu,false,
2024-01-19 16:00:00,Italy,North Italy,IT-NO,231.91,292.18,52.24,39.91,entsoe.eu,false,
2024-01-19 17:00:00,Italy,North Italy,IT-NO,230.55,294.73,51.31,39.55,entsoe.eu,false,
2024-01-19 18:00:00,Italy,North Italy,IT-NO,230.95,296.43,50.89,38.84,entsoe.eu,false,
2024-01-19 19:00:00,Italy,North Italy,IT-NO,243.28,312.79,48.18,35.35,entsoe.eu,false,
2024-01-19 20:00:00,Italy,North Italy,IT-NO,247.17,318.29,47.45,33.56,entsoe.eu,false,
2024-01-19 21:00:00,Italy,North Italy,IT-NO,241.3,312.34,48.76,33.67,entsoe.eu,false,
2024-01-19 22:00:00,Italy,North Italy,IT-NO,239.13,309.41,50.09,35.1,entsoe.eu,false,
2024-01-19 23:00:00,Italy,North Italy,IT-NO,233.68,303.47,51.63,35.46,entsoe.eu,false,
2024-01-20 00:00:00,Italy,North Italy,IT-NO,209.51,273.4,58.24,41.59,entsoe.eu,false,
2024-01-20 01:00:00,Italy,North Italy,IT-NO,209.81,273.99,58.23,42.35,entsoe.eu,false,
2024-01-20 02:00:00,Italy,North Italy,IT-NO,206.74,270.88,58.47,41.97,entsoe.eu,false,
2024-01-20 03:00:00,Italy,North Italy,IT-NO,210.89,276.09,57.38,40.57,entsoe.eu,false,
2024-01-20 04:00:00,Italy,North Italy,IT-NO,219.3,286.29,55.5,40.16,entsoe.eu,false,
2024-01-20 05:00:00,Italy,North Italy,IT-NO,211.06,274.77,57.89,41.8,entsoe.eu,false,
2024-01-20 06:00:00,Italy,North Italy,IT-NO,213.03,275.22,57.31,42.26,entsoe.eu,false,
2024-01-20 07:00:00,Italy,North Italy,IT-NO,197.87,253.02,61.37,47.84,entsoe.eu,false,
2024-01-20 08:00:00,Italy,North Italy,IT-NO,187.46,243.82,62.39,49.25,entsoe.eu,false,
2024-01-20 09:00:00,Italy,North Italy,IT-NO,180.76,238.68,63.15,49.43,entsoe.eu,false,
2024-01-20 10:00:00,Italy,North Italy,IT-NO,183.42,242.45,62.57,50.11,entsoe.eu,false,
2024-01-20 11:00:00,Italy,North Italy,IT-NO,183.9,244.98,62.32,50.15,entsoe.eu,false,
2024-01-20 12:00:00,Italy,North Italy,IT-NO,178.55,238.2,63.95,51.59,entsoe.eu,false,
2024-01-20 13:00:00,Italy,North Italy,IT-NO,181.15,240.87,63.46,49.06,entsoe.eu,false,
2024-01-20 14:00:00,Italy,North Italy,IT-NO,190.96,251.97,60.91,42.72,entsoe.eu,false,
2024-01-20 15:00:00,Italy,North Italy,IT-NO,201.88,259.59,59.58,39.57,entsoe.eu,false,
2024-01-20 16:00:00,Italy,North Italy,IT-NO,186.44,236.05,63.41,46.18,entsoe.eu,false,
2024-01-20 17:00:00,Italy,North Italy,IT-NO,188.19,237.33,63.29,47.93,entsoe.eu,false,
2024-01-20 18:00:00,Italy,North Italy,IT-NO,194.05,243.18,62.65,48.99,entsoe.eu,false,
2024-01-20 19:00:00,Italy,North Italy,IT-NO,194.13,248.94,61.85,44.79,entsoe.eu,false,
2024-01-20 20:00:00,Italy,North Italy,IT-NO,210.45,272.41,57.72,39.62,entsoe.eu,false,
2024-01-20 21:00:00,Italy,North Italy,IT-NO,216.7,281.34,56.57,38.4,entsoe.eu,false,
2024-01-20 22:00:00,Italy,North Italy,IT-NO,229.3,297.66,53.83,38.35,entsoe.eu,false,
2024-01-20 23:00:00,Italy,North Italy,IT-NO,207.19,270.31,59.14,43.71,entsoe.eu,false,
2024-01-21 00:00:00,Italy,North Italy,IT-NO,198.74,261.87,60.36,43.14,entsoe.eu,false,
2024-01-21 01:00:00,Italy,North Italy,IT-NO,197.44,260.77,60.55,43.15,entsoe.eu,false,
2024-01-21 02:00:00,Italy,North Italy,IT-NO,206.82,272.71,58.07,41.11,entsoe.eu,false,
2024-01-21 03:00:00,Italy,North Italy,IT-NO,205.28,270.51,58.46,40.57,entsoe.eu,false,
2024-01-21 04:00:00,Italy,North Italy,IT-NO,210.38,276.83,57.09,39.65,entsoe.eu,false,
2024-01-21 05:00:00,Italy,North Italy,IT-NO,206.27,271.61,57.74,40.79,entsoe.eu,false,
2024-01-21 06:00:00,Italy,North Italy,IT-NO,194.94,257.0,60.42,43.87,entsoe.eu,false,
2024-01-21 07:00:00,Italy,North Italy,IT-NO,175.92,231.31,65.32,50.24,entsoe.eu,false,
2024-01-21 08:00:00,Italy,North Italy,IT-NO,164.49,219.75,67.58,53.59,entsoe.eu,false,
2024-01-21 09:00:00,Italy,North Italy,IT-NO,160.98,218.0,67.61,55.28,entsoe.eu,false,
2024-01-21 10:00:00,Italy,North Italy,IT-NO,167.95,227.26,65.95,56.06,entsoe.eu,false,
2024-01-21 11:00:00,Italy,North Italy,IT-NO,183.8,246.93,61.95,51.85,entsoe.eu,false,
2024-01-21 12:00:00,Italy,North Italy,IT-NO,179.06,240.77,63.02,53.14,entsoe.eu,false,
2024-01-21 13:00:00,Italy,North Italy,IT-NO,173.85,233.62,64.11,50.27,entsoe.eu,false,
2024-01-21 14:00:00,Italy,North Italy,IT-NO,182.75,242.88,62.34,45.58,entsoe.eu,false,
2024-01-21 15:00:00,Italy,North Italy,IT-NO,185.91,243.35,62.26,40.55,entsoe.eu,false,
2024-01-21 16:00:00,Italy,North Italy,IT-NO,185.66,239.87,62.76,43.29,entsoe.eu,false,
2024-01-21 17:00:00,Italy,North Italy,IT-NO,177.25,227.38,65.47,48.1,entsoe.eu,false,
2024-01-21 18:00:00,Italy,North Italy,IT-NO,174.6,222.39,66.63,50.09,entsoe.eu,false,
2024-01-21 19:00:00,Italy,North Italy,IT-NO,178.06,227.5,65.79,47.92,entsoe.eu,false,
2024-01-21 20:00:00,Italy,North Italy,IT-NO,186.99,241.73,62.9,45.04,entsoe.eu,false,
2024-01-21 21:00:00,Italy,North Italy,IT-NO,194.68,255.09,60.57,41.67,entsoe.eu,false,
2024-01-21 22:00:00,Italy,North Italy,IT-NO,184.21,242.51,63.14,42.37,entsoe.eu,false,
2024-01-21 23:00:00,Italy,North Italy,IT-NO,191.08,251.7,61.72,40.11,entsoe.eu,false,
2024-01-22 00:00:00,Italy,North Italy,IT-NO,193.98,255.53,61.2,39.6,entsoe.eu,false,
2024-01-22 01:00:00,Italy,North Italy,IT-NO,193.32,254.64,61.19,39.02,entsoe.eu,false,
2024-01-22 02:00:00,Italy,North Italy,IT-NO,195.26,257.35,60.29,37.73,entsoe.eu,false,
2024-01-22 03:00:00,Italy,North Italy,IT-NO,205.24,270.06,57.48,36.0,entsoe.eu,false,
2024-01-22 04:00:00,Italy,North Italy,IT-NO,225.18,294.67,52.18,34.12,entsoe.eu,false,
2024-01-22 05:00:00,Italy,North Italy,IT-NO,238.13,303.83,50.44,36.02,entsoe.eu,false,
2024-01-22 06:00:00,Italy,North Italy,IT-NO,241.62,300.99,51.1,39.77,entsoe.eu,false,
2024-01-22 07:00:00,Italy,North Italy,IT-NO,233.71,289.84,53.3,43.09,entsoe.eu,false,
2024-01-22 08:00:00,Italy,North Italy,IT-NO,228.34,289.3,52.83,41.9,entsoe.eu,false,
2024-01-22 09:00:00,Italy,North Italy,IT-NO,220.9,285.34,53.33,41.17,entsoe.eu,false,
2024-01-22 10:00:00,Italy,North Italy,IT-NO,214.63,280.0,54.25,41.09,entsoe.eu,false,
2024-01-22 11:00:00,Italy,North Italy,IT-NO,206.14,271.77,55.79,40.06,entsoe.eu,false,
2024-01-22 12:00:00,Italy,North Italy,IT-NO,211.37,277.75,54.78,39.05,entsoe.eu,false,
2024-01-22 13:00:00,Italy,North Italy,IT-NO,219.84,287.16,52.66,37.64,entsoe.eu,false,
2024-01-22 14:00:00,Italy,North Italy,IT-NO,233.79,302.22,49.28,35.5,entsoe.eu,false,
2024-01-22 15:00:00,Italy,North Italy,IT-NO,240.58,302.73,49.88,37.14,entsoe.eu,false,
2024-01-22 16:00:00,Italy,North Italy,IT-NO,244.07,305.3,49.62,38.23,entsoe.eu,false,
2024-01-22 17:00:00,Italy,North Italy,IT-NO,238.0,299.51,50.7,39.95,entsoe.eu,false,
2024-01-22 18:00:00,Italy,North Italy,IT-NO,241.61,308.4,48.65,37.5,entsoe.eu,false,
2024-01-22 19:00:00,Italy,North Italy,IT-NO,252.72,325.04,45.44,32.66,entsoe.eu,false,
2024-01-22 20:00:00,Italy,North Italy,IT-NO,243.53,313.94,47.91,33.32,entsoe.eu,false,
2024-01-22 21:00:00,Italy,North Italy,IT-NO,230.93,299.83,51.0,34.13,entsoe.eu,false,
2024-01-22 22:00:00,Italy,North Italy,IT-NO,229.02,298.73,51.63,33.74,entsoe.eu,false,
2024-01-22 23:00:00,Italy,North Italy,IT-NO,220.07,286.98,54.67,34.69,entsoe.eu,false,
2024-01-23 00:00:00,Italy,North Italy,IT-NO,224.72,293.13,53.77,34.44,entsoe.eu,false,
2024-01-23 01:00:00,Italy,North Italy,IT-NO,226.41,294.98,53.8,35.16,entsoe.eu,false,
2024-01-23 02:00:00,Italy,North Italy,IT-NO,220.18,287.54,54.73,35.0,entsoe.eu,false,
2024-01-23 03:00:00,Italy,North Italy,IT-NO,219.83,287.01,54.58,33.75,entsoe.eu,false,
2024-01-23 04:00:00,Italy,North Italy,IT-NO,237.78,309.38,49.77,30.82,entsoe.eu,false,
2024-01-23 05:00:00,Italy,North Italy,IT-NO,248.45,319.83,47.1,31.51,entsoe.eu,false,
2024-01-23 06:00:00,Italy,North Italy,IT-NO,252.17,322.95,45.8,34.12,entsoe.eu,false,
2024-01-23 07:00:00,Italy,North Italy,IT-NO,246.56,308.54,49.17,38.19,entsoe.eu,false,
2024-01-23 08:00:00,Italy,North Italy,IT-NO,237.89,307.79,48.2,36.72,entsoe.eu,false,
2024-01-23 09:00:00,Italy,North Italy,IT-NO,236.42,307.68,48.42,35.64,entsoe.eu,false,
2024-01-23 10:00:00,Italy,North Italy,IT-NO,232.56,302.49,50.05,37.0,entsoe.eu,false,
2024-01-23 11:00:00,Italy,North Italy,IT-NO,218.0,285.11,53.68,39.61,entsoe.eu,false,
2024-01-23 12:00:00,Italy,North Italy,IT-NO,220.39,289.74,52.52,37.76,entsoe.eu,false,
2024-01-23 13:00:00,Italy,North Italy,IT-NO,231.18,302.54,49.75,34.71,entsoe.eu,false,
2024-01-23 14:00:00,Italy,North Italy,IT-NO,246.13,318.78,46.46,31.98,entsoe.eu,false,
2024-01-23 15:00:00,Italy,North Italy,IT-NO,246.27,317.42,46.54,32.36,entsoe.eu,false,
2024-01-23 16:00:00,Italy,North Italy,IT-NO,244.52,311.07,48.17,35.27,entsoe.eu,false,
2024-01-23 17:00:00,Italy,North Italy,IT-NO,242.73,307.99,49.03,36.55,entsoe.eu,false,
2024-01-23 18:00:00,Italy,North Italy,IT-NO,250.15,317.44,47.42,34.91,entsoe.eu,false,
2024-01-23 19:00:00,Italy,North Italy,IT-NO,253.36,324.42,45.97,32.57,entsoe.eu,false,
2024-01-23 20:00:00,Italy,North Italy,IT-NO,239.39,309.33,49.25,33.23,entsoe.eu,false,
2024-01-23 21:00:00,Italy,North Italy,IT-NO,231.66,302.24,50.7,33.33,entsoe.eu,false,
2024-01-23 22:00:00,Italy,North Italy,IT-NO,219.36,286.68,54.25,34.54,entsoe.eu,false,
2024-01-23 23:00:00,Italy,North Italy,IT-NO,200.69,264.14,58.46,37.33,entsoe.eu,false,
2024-01-24 00:00:00,Italy,North Italy,IT-NO,199.19,262.39,59.08,37.65,entsoe.eu,false,
2024-01-24 01:00:00,Italy,North Italy,IT-NO,204.65,269.27,57.74,36.74,entsoe.eu,false,
2024-01-24 02:00:00,Italy,North Italy,IT-NO,204.97,269.99,57.35,36.35,entsoe.eu,false,
2024-01-24 03:00:00,Italy,North Italy,IT-NO,204.54,269.31,57.18,35.54,entsoe.eu,false,
2024-01-24 04:00:00,Italy,North Italy,IT-NO,217.28,284.69,54.03,34.03,entsoe.eu,false,
2024-01-24 05:00:00,Italy,North Italy,IT-NO,237.81,304.45,50.33,35.04,entsoe.eu,false,
2024-01-24 06:00:00,Italy,North Italy,IT-NO,238.79,296.23,52.25,39.86,entsoe.eu,false,
2024-01-24 07:00:00,Italy,North Italy,IT-NO,230.97,287.35,53.65,42.3,entsoe.eu,false,
2024-01-24 08:00:00,Italy,North Italy,IT-NO,227.27,286.84,53.62,42.23,entsoe.eu,false,
2024-01-24 09:00:00,Italy,North Italy,IT-NO,222.12,286.88,53.17,40.75,entsoe.eu,false,
2024-01-24 10:00:00,Italy,North Italy,IT-NO,223.11,291.18,52.17,38.3,entsoe.eu,false,
2024-01-24 11:00:00,Italy,North Italy,IT-NO,220.0,289.45,52.47,38.44,entsoe.eu,false,
2024-01-24 12:00:00,Italy,North Italy,IT-NO,220.81,290.24,52.34,37.09,entsoe.eu,false,
2024-01-24 13:00:00,Italy,North Italy,IT-NO,226.56,295.18,51.5,36.1,entsoe.eu,false,
2024-01-24 14:00:00,Italy,North Italy,IT-NO,239.53,310.51,48.23,33.1,entsoe.eu,false,
2024-01-24 15:00:00,Italy,North Italy,IT-NO,237.14,305.38,49.08,34.27,entsoe.eu,false,
2024-01-24 16:00:00,Italy,North Italy,IT-NO,236.88,295.15,51.95,38.38,entsoe.eu,false,
2024-01-24 17:00:00,Italy,North Italy,IT-NO,239.03,296.5,51.95,39.63,entsoe.eu,false,
2024-01-24 18:00:00,Italy,North Italy,IT-NO,236.17,298.66,51.0,38.46,entsoe.eu,false,
2024-01-24 19:00:00,Italy,North Italy,IT-NO,246.91,316.38,47.45,32.98,entsoe.eu,false,
2024-01-24 20:00:00,Italy,North Italy,IT-NO,236.99,305.5,49.58,33.47,entsoe.eu,false,
2024-01-24 21:00:00,Italy,North Italy,IT-NO,228.28,296.39,51.63,33.56,entsoe.eu,false,
2024-01-24 22:00:00,Italy,North Italy,IT-NO,218.03,285.16,54.15,33.72,entsoe.eu,false,
2024-01-24 23:00:00,Italy,North Italy,IT-NO,203.54,266.87,58.3,36.27,entsoe.eu,false,
2024-01-25 00:00:00,Italy,North Italy,IT-NO,205.71,269.58,58.21,36.56,entsoe.eu,false,
2024-01-25 01:00:00,Italy,North Italy,IT-NO,218.18,285.54,55.09,34.76,entsoe.eu,false,
2024-01-25 02:00:00,Italy,North Italy,IT-NO,213.63,279.95,55.95,34.64,entsoe.eu,false,
2024-01-25 03:00:00,Italy,North Italy,IT-NO,213.33,279.28,55.77,33.47,entsoe.eu,false,
2024-01-25 04:00:00,Italy,North Italy,IT-NO,220.55,287.72,53.89,31.04,entsoe.eu,false,
2024-01-25 05:00:00,Italy,North Italy,IT-NO,241.2,311.67,48.55,29.6,entsoe.eu,false,
2024-01-25 06:00:00,Italy,North Italy,IT-NO,251.25,319.8,46.53,31.9,entsoe.eu,false,
2024-01-25 07:00:00,Italy,North Italy,IT-NO,239.8,302.07,50.21,37.07,entsoe.eu,false,
2024-01-25 08:00:00,Italy,North Italy,IT-NO,236.16,301.41,49.98,35.86,entsoe.eu,false,
2024-01-25 09:00:00,Italy,North Italy,IT-NO,232.57,301.33,50.04,35.84,entsoe.eu,false,
2024-01-25 10:00:00,Italy,North Italy,IT-NO,225.03,293.32,51.87,37.52,entsoe.eu,false,
2024-01-25 11:00:00,Italy,North Italy,IT-NO,219.54,288.4,52.83,37.46,entsoe.eu,false,
2024-01-25 12:00:00,Italy,North Italy,IT-NO,219.03,287.03,52.97,36.25,entsoe.eu,false,
2024-01-25 13:00:00,Italy,North Italy,IT-NO,229.17,299.19,50.4,34.24,entsoe.eu,false,
2024-01-25 14:00:00,Italy,North Italy,IT-NO,244.54,316.95,46.56,32.1,entsoe.eu,false,
2024-01-25 15:00:00,Italy,North Italy,IT-NO,247.15,315.9,46.89,33.13,entsoe.eu,false,
2024-01-25 16:00:00,Italy,North Italy,IT-NO,239.87,302.52,49.77,37.65,entsoe.eu,false,
2024-01-25 17:00:00,Italy,North Italy,IT-NO,239.76,299.78,50.52,38.72,entsoe.eu,false,
2024-01-25 18:00:00,Italy,North Italy,IT-NO,240.22,302.24,49.91,37.87,entsoe.eu,false,
2024-01-25 19:00:00,Italy,North Italy,IT-NO,243.63,311.33,47.5,33.66,entsoe.eu,false,
2024-01-25 20:00:00,Italy,North Italy,IT-NO,244.75,315.5,46.76,30.59,entsoe.eu,false,
2024-01-25 21:00:00,Italy,North Italy,IT-NO,243.49,315.87,46.95,28.8,entsoe.eu,false,
2024-01-25 22:00:00,Italy,North Italy,IT-NO,242.32,313.48,47.95,28.72,entsoe.eu,false,
2024-01-25 23:00:00,Italy,North Italy,IT-NO,229.34,298.99,50.96,30.21,entsoe.eu,false,
2024-01-26 00:00:00,Italy,North Italy,IT-NO,222.08,290.59,52.57,30.54,entsoe.eu,false,
2024-01-26 01:00:00,Italy,North Italy,IT-NO,218.12,285.8,53.65,31.09,entsoe.eu,false,
2024-01-26 02:00:00,Italy,North Italy,IT-NO,213.54,280.02,54.98,31.58,entsoe.eu,false,
2024-01-26 03:00:00,Italy,North Italy,IT-NO,217.63,285.2,53.89,31.76,entsoe.eu,false,
2024-01-26 04:00:00,Italy,North Italy,IT-NO,226.62,296.04,51.59,31.24,entsoe.eu,false,
2024-01-26 05:00:00,Italy,North Italy,IT-NO,240.11,309.99,48.54,31.4,entsoe.eu,false,
2024-01-26 06:00:00,Italy,North Italy,IT-NO,235.57,296.32,51.39,37.9,entsoe.eu,false,
2024-01-26 07:00:00,Italy,North Italy,IT-NO,235.94,292.67,52.59,41.29,entsoe.eu,false,
2024-01-26 08:00:00,Italy,North Italy,IT-NO,244.56,303.79,50.75,39.67,entsoe.eu,false,
2024-01-26 09:00:00,Italy,North Italy,IT-NO,252.12,318.84,47.33,35.96,entsoe.eu,false,
2024-01-26 10:00:00,Italy,North Italy,IT-NO,249.15,321.76,46.41,34.1,entsoe.eu,false,
2024-01-26 11:00:00,Italy,North Italy,IT-NO,233.98,304.88,49.41,34.01,entsoe.eu,false,
2024-01-26 12:00:00,Italy,North Italy,IT-NO,230.61,300.58,50.27,34.07,entsoe.eu,false,
2024-01-26 13:00:00,Italy,North Italy,IT-NO,243.7,316.18,47.35,31.82,entsoe.eu,false,
2024-01-26 14:00:00,Italy,North Italy,IT-NO,240.14,310.35,48.3,33.09,entsoe.eu,false,
2024-01-26 15:00:00,Italy,North Italy,IT-NO,233.61,297.31,50.97,36.0,entsoe.eu,false,
2024-01-26 16:00:00,Italy,North Italy,IT-NO,232.09,292.93,51.86,38.34,entsoe.eu,false,
2024-01-26 17:00:00,Italy,North Italy,IT-NO,230.07,289.73,52.6,40.21,entsoe.eu,false,
2024-01-26 18:00:00,Italy,North Italy,IT-NO,228.99,289.99,52.54,39.45,entsoe.eu,false,
2024-01-26 19:00:00,Italy,North Italy,IT-NO,234.63,298.92,51.01,36.74,entsoe.eu,false,
2024-01-26 20:00:00,Italy,North Italy,IT-NO,233.75,300.39,50.74,34.85,entsoe.eu,false,
2024-01-26 21:00:00,Italy,North Italy,IT-NO,225.79,292.44,52.47,34.6,entsoe.eu,false,
2024-01-26 22:00:00,Italy,North Italy,IT-NO,225.44,292.8,52.71,34.13,entsoe.eu,false,
2024-01-26 23:00:00,Italy,North Italy,IT-NO,217.86,284.12,54.04,35.21,entsoe.eu,false,
2024-01-27 00:00:00,Italy,North Italy,IT-NO,207.95,273.73,56.1,34.8,entsoe.eu,false,
2024-01-27 01:00:00,Italy,North Italy,IT-NO,201.33,265.72,57.61,35.09,entsoe.eu,false,
2024-01-27 02:00:00,Italy,North Italy,IT-NO,197.93,261.9,57.98,34.33,entsoe.eu,false,
2024-01-27 03:00:00,Italy,North Italy,IT-NO,200.26,264.35,57.56,33.52,entsoe.eu,false,
2024-01-27 04:00:00,Italy,North Italy,IT-NO,206.17,271.43,56.28,32.83,entsoe.eu,false,
2024-01-27 05:00:00,Italy,North Italy,IT-NO,218.94,285.28,53.62,32.93,entsoe.eu,false,
2024-01-27 06:00:00,Italy,North Italy,IT-NO,208.97,271.79,55.86,37.76,entsoe.eu,false,
2024-01-27 07:00:00,Italy,North Italy,IT-NO,203.38,260.79,58.23,41.72,entsoe.eu,false,
2024-01-27 08:00:00,Italy,North Italy,IT-NO,201.69,261.59,57.87,41.94,entsoe.eu,false,
2024-01-27 09:00:00,Italy,North Italy,IT-NO,205.54,269.23,57.01,40.58,entsoe.eu,false,
2024-01-27 10:00:00,Italy,North Italy,IT-NO,181.21,241.95,62.16,44.2,entsoe.eu,false,
2024-01-27 11:00:00,Italy,North Italy,IT-NO,174.73,235.06,63.46,44.87,entsoe.eu,false,
2024-01-27 12:00:00,Italy,North Italy,IT-NO,175.38,236.29,63.09,44.79,entsoe.eu,false,
2024-01-27 13:00:00,Italy,North Italy,IT-NO,170.45,229.6,64.17,43.37,entsoe.eu,false,
2024-01-27 14:00:00,Italy,North Italy,IT-NO,181.72,241.81,61.6,37.22,entsoe.eu,false,
2024-01-27 15:00:00,Italy,North Italy,IT-NO,199.54,261.63,57.26,34.39,entsoe.eu,false,
2024-01-27 16:00:00,Italy,North Italy,IT-NO,193.84,251.92,58.87,39.35,entsoe.eu,false,
2024-01-27 17:00:00,Italy,North Italy,IT-NO,183.31,237.75,61.7,44.41,entsoe.eu,false,
2024-01-27 18:00:00,Italy,North Italy,IT-NO,185.69,240.7,61.14,44.95,entsoe.eu,false,
2024-01-27 19:00:00,Italy,North Italy,IT-NO,196.39,255.31,58.53,40.19,entsoe.eu,false,
2024-01-27 20:00:00,Italy,North Italy,IT-NO,209.16,271.24,56.21,35.55,entsoe.eu,false,
2024-01-27 21:00:00,Italy,North Italy,IT-NO,190.82,251.02,60.16,35.64,entsoe.eu,false,
2024-01-27 22:00:00,Italy,North Italy,IT-NO,200.99,264.31,57.98,33.84,entsoe.eu,false,
2024-01-27 23:00:00,Italy,North Italy,IT-NO,176.22,233.85,63.7,35.66,entsoe.eu,false,
2024-01-28 00:00:00,Italy,North Italy,IT-NO,179.25,238.13,63.37,34.38,entsoe.eu,false,
2024-01-28 01:00:00,Italy,North Italy,IT-NO,186.06,246.74,62.41,36.01,entsoe.eu,false,
2024-01-28 02:00:00,Italy,North Italy,IT-NO,183.32,243.28,62.97,36.34,entsoe.eu,false,
2024-01-28 03:00:00,Italy,North Italy,IT-NO,182.67,242.85,62.7,35.4,entsoe.eu,false,
2024-01-28 04:00:00,Italy,North Italy,IT-NO,189.23,250.7,61.01,34.88,entsoe.eu,false,
2024-01-28 05:00:00,Italy,North Italy,IT-NO,193.52,255.82,59.98,34.79,entsoe.eu,false,
2024-01-28 06:00:00,Italy,North Italy,IT-NO,188.42,249.55,60.82,36.73,entsoe.eu,false,
2024-01-28 07:00:00,Italy,North Italy,IT-NO,184.8,244.45,61.21,39.57,entsoe.eu,false,
2024-01-28 08:00:00,Italy,North Italy,IT-NO,179.45,238.48,62.53,42.77,entsoe.eu,false,
2024-01-28 09:00:00,Italy,North Italy,IT-NO,182.46,244.53,62.1,45.28,entsoe.eu,false,
2024-01-28 10:00:00,Italy,North Italy,IT-NO,174.86,235.43,64.26,48.94,entsoe.eu,false,
2024-01-28 11:00:00,Italy,North Italy,IT-NO,180.71,242.89,62.71,47.26,entsoe.eu,false,
2024-01-28 12:00:00,Italy,North Italy,IT-NO,178.52,240.1,63.29,47.88,entsoe.eu,false,
2024-01-28 13:00:00,Italy,North Italy,IT-NO,176.3,237.81,63.94,49.04,entsoe.eu,false,
2024-01-28 14:00:00,Italy,North Italy,IT-NO,194.61,258.31,59.67,40.97,entsoe.eu,false,
2024-01-28 15:00:00,Italy,North Italy,IT-NO,179.09,236.08,63.15,38.12,entsoe.eu,false,
2024-01-28 16:00:00,Italy,North Italy,IT-NO,181.98,234.58,63.05,41.09,entsoe.eu,false,
2024-01-28 17:00:00,Italy,North Italy,IT-NO,170.93,217.5,66.47,47.27,entsoe.eu,false,
2024-01-28 18:00:00,Italy,North Italy,IT-NO,169.54,214.29,67.16,49.12,entsoe.eu,false,
2024-01-28 19:00:00,Italy,North Italy,IT-NO,170.51,219.12,66.02,46.35,entsoe.eu,false,
2024-01-28 20:00:00,Italy,North Italy,IT-NO,178.45,230.61,64.18,43.45,entsoe.eu,false,
2024-01-28 21:00:00,Italy,North Italy,IT-NO,191.18,247.15,61.41,39.02,entsoe.eu,false,
2024-01-28 22:00:00,Italy,North Italy,IT-NO,184.54,242.28,62.6,36.74,entsoe.eu,false,
2024-01-28 23:00:00,Italy,North Italy,IT-NO,184.19,243.04,62.84,35.61,entsoe.eu,false,
2024-01-29 00:00:00,Italy,North Italy,IT-NO,189.87,250.27,61.82,34.59,entsoe.eu,false,
2024-01-29 01:00:00,Italy,North Italy,IT-NO,196.33,258.53,60.09,33.76,entsoe.eu,false,
2024-01-29 02:00:00,Italy,North Italy,IT-NO,194.34,256.2,60.24,33.12,entsoe.eu,false,
2024-01-29 03:00:00,Italy,North Italy,IT-NO,198.97,262.22,58.62,31.82,entsoe.eu,false,
2024-01-29 04:00:00,Italy,North Italy,IT-NO,209.58,274.76,56.0,30.89,entsoe.eu,false,
2024-01-29 05:00:00,Italy,North Italy,IT-NO,211.28,274.51,55.14,34.4,entsoe.eu,false,
2024-01-29 06:00:00,Italy,North Italy,IT-NO,220.11,277.2,54.98,38.84,entsoe.eu,false,
2024-01-29 07:00:00,Italy,North Italy,IT-NO,213.44,266.56,57.34,41.29,entsoe.eu,false,
2024-01-29 08:00:00,Italy,North Italy,IT-NO,214.64,271.81,56.41,41.76,entsoe.eu,false,
2024-01-29 09:00:00,Italy,North Italy,IT-NO,222.23,289.33,52.81,37.4,entsoe.eu,false,
2024-01-29 10:00:00,Italy,North Italy,IT-NO,220.86,288.35,53.4,37.29,entsoe.eu,false,
2024-01-29 11:00:00,Italy,North Italy,IT-NO,211.4,275.41,56.45,37.81,entsoe.eu,false,
2024-01-29 12:00:00,Italy,North Italy,IT-NO,208.13,272.01,56.91,37.64,entsoe.eu,false,
2024-01-29 13:00:00,Italy,North Italy,IT-NO,210.33,274.96,55.55,37.46,entsoe.eu,false,
2024-01-29 14:00:00,Italy,North Italy,IT-NO,216.25,279.1,54.55,36.57,entsoe.eu,false,
2024-01-29 15:00:00,Italy,North Italy,IT-NO,236.13,298.68,50.82,35.64,entsoe.eu,false,
2024-01-29 16:00:00,Italy,North Italy,IT-NO,247.3,305.76,49.98,38.34,entsoe.eu,false,
2024-01-29 17:00:00,Italy,North Italy,IT-NO,244.53,300.05,51.46,40.86,entsoe.eu,false,
2024-01-29 18:00:00,Italy,North Italy,IT-NO,244.55,300.77,51.3,39.67,entsoe.eu,false,
2024-01-29 19:00:00,Italy,North Italy,IT-NO,238.92,304.31,49.44,34.76,entsoe.eu,false,
2024-01-29 20:00:00,Italy,North Italy,IT-NO,225.66,291.06,52.06,34.6,entsoe.eu,false,
2024-01-29 21:00:00,Italy,North Italy,IT-NO,226.99,294.75,51.59,33.12,entsoe.eu,false,
2024-01-29 22:00:00,Italy,North Italy,IT-NO,231.53,300.09,50.96,32.08,entsoe.eu,false,
2024-01-29 23:00:00,Italy,North Italy,IT-NO,217.31,282.41,55.18,33.31,entsoe.eu,false,
2024-01-30 00:00:00,Italy,North Italy,IT-NO,209.03,272.7,57.0,32.35,entsoe.eu,false,
2024-01-30 01:00:00,Italy,North Italy,IT-NO,214.12,279.36,55.61,30.39,entsoe.eu,false,
2024-01-30 02:00:00,Italy,North Italy,IT-NO,210.87,275.56,56.12,30.39,entsoe.eu,false,
2024-01-30 03:00:00,Italy,North Italy,IT-NO,212.74,278.06,55.49,29.61,entsoe.eu,false,
2024-01-30 04:00:00,Italy,North Italy,IT-NO,225.15,293.32,52.44,29.51,entsoe.eu,false,
2024-01-30 05:00:00,Italy,North Italy,IT-NO,236.88,308.54,48.44,29.76,entsoe.eu,false,
2024-01-30 06:00:00,Italy,North Italy,IT-NO,242.8,308.84,48.71,34.24,entsoe.eu,false,
2024-01-30 07:00:00,Italy,North Italy,IT-NO,232.63,295.91,50.95,37.57,entsoe.eu,false,
2024-01-30 08:00:00,Italy,North Italy,IT-NO,246.21,312.5,48.47,36.97,entsoe.eu,false,
2024-01-30 09:00:00,Italy,North Italy,IT-NO,247.67,320.92,46.61,34.76,entsoe.eu,false,
2024-01-30 10:00:00,Italy,North Italy,IT-NO,237.52,310.05,48.88,35.59,entsoe.eu,false,
2024-01-30 11:00:00,Italy,North Italy,IT-NO,223.71,293.51,52.23,36.51,entsoe.eu,false,
2024-01-30 12:00:00,Italy,North Italy,IT-NO,215.2,283.02,54.17,36.93,entsoe.eu,false,
2024-01-30 13:00:00,Italy,North Italy,IT-NO,213.44,280.84,54.05,36.66,entsoe.eu,false,
2024-01-30 14:00:00,Italy,North Italy,IT-NO,223.24,290.68,51.91,34.87,entsoe.eu,false,
2024-01-30 15:00:00,Italy,North Italy,IT-NO,236.24,302.67,49.4,32.86,entsoe.eu,false,
2024-01-30 16:00:00,Italy,North Italy,IT-NO,236.71,298.15,50.99,36.25,entsoe.eu,false,
2024-01-30 17:00:00,Italy,North Italy,IT-NO,237.39,298.23,51.12,39.24,entsoe.eu,false,
2024-01-30 18:00:00,Italy,North Italy,IT-NO,239.28,300.44,50.8,39.44,entsoe.eu,false,
2024-01-30 19:00:00,Italy,North Italy,IT-NO,242.37,304.94,49.89,37.24,entsoe.eu,false,
2024-01-30 20:00:00,Italy,North Italy,IT-NO,241.32,308.88,49.26,33.61,entsoe.eu,false,
2024-01-30 21:00:00,Italy,North Italy,IT-NO,234.81,304.85,50.08,31.98,entsoe.eu,false,
2024-01-30 22:00:00,Italy,North Italy,IT-NO,247.3,319.51,47.94,29.61,entsoe.eu,false,
2024-01-30 23:00:00,Italy,North Italy,IT-NO,233.94,303.61,51.33,30.86,entsoe.eu,false,
2024-01-31 00:00:00,Italy,North Italy,IT-NO,229.9,298.8,52.41,29.89,entsoe.eu,false,
2024-01-31 01:00:00,Italy,North Italy,IT-NO,231.32,300.64,52.17,28.95,entsoe.eu,false,
2024-01-31 02:00:00,Italy,North Italy,IT-NO,226.93,295.62,52.57,28.07,entsoe.eu,false,
2024-01-31 03:00:00,Italy,North Italy,IT-NO,224.69,292.9,52.79,27.58,entsoe.eu,false,
2024-01-31 04:00:00,Italy,North Italy,IT-NO,231.11,299.07,51.27,29.13,entsoe.eu,false,
2024-01-31 05:00:00,Italy,North Italy,IT-NO,245.47,317.35,46.7,29.36,entsoe.eu,false,
2024-01-31 06:00:00,Italy,North Italy,IT-NO,246.23,313.66,47.59,34.65,entsoe.eu,false,
2024-01-31 07:00:00,Italy,North Italy,IT-NO,248.19,309.64,49.17,38.53,entsoe.eu,false,
2024-01-31 08:00:00,Italy,North Italy,IT-NO,242.98,309.41,48.72,36.51,entsoe.eu,false,
2024-01-31 09:00:00,Italy,North Italy,IT-NO,233.2,303.04,49.73,36.58,entsoe.eu,false,
2024-01-31 10:00:00,Italy,North Italy,IT-NO,223.18,291.64,52.16,37.32,entsoe.eu,false,
2024-01-31 11:00:00,Italy,North Italy,IT-NO,208.67,274.66,55.73,38.6,entsoe.eu,false,
2024-01-31 12:00:00,Italy,North Italy,IT-NO,207.48,273.34,55.8,37.59,entsoe.eu,false,
2024-01-31 13:00:00,Italy,North Italy,IT-NO,221.27,289.25,52.43,35.37,entsoe.eu,false,
2024-01-31 14:00:00,Italy,North Italy,IT-NO,228.7,298.11,50.18,32.84,entsoe.eu,false,
2024-01-31 15:00:00,Italy,North Italy,IT-NO,244.64,316.49,46.36,29.96,entsoe.eu,false,
2024-01-31 16:00:00,Italy,North Italy,IT-NO,242.12,308.74,48.19,33.67,entsoe.eu,false,
2024-01-31 17:00:00,Italy,North Italy,IT-NO,240.65,304.14,49.6,37.15,entsoe.eu,false,
2024-01-31 18:00:00,Italy,North Italy,IT-NO,243.0,308.61,48.77,36.91,entsoe.eu,false,
2024-01-31 19:00:00,Italy,North Italy,IT-NO,258.02,328.39,45.47,34.03,entsoe.eu,false,
2024-01-31 20:00:00,Italy,North Italy,IT-NO,267.11,342.2,43.05,31.1,entsoe.eu,false,
2024-01-31 21:00:00,Italy,North Italy,IT-NO,263.08,337.43,44.61,31.6,entsoe.eu,false,
2024-01-31 22:00:00,Italy,North Italy,IT-NO,257.92,333.78,45.84,32.08,entsoe.eu,false,
2024-01-31 23:00:00,Italy,North Italy,IT-NO,243.76,316.2,49.18,32.6,entsoe.eu,false,
2024-02-01 00:00:00,Italy,North Italy,IT-NO,233.99,304.61,51.42,33.13,entsoe.eu,false,
2024-02-01 01:00:00,Italy,North Italy,IT-NO,227.99,297.33,52.71,32.85,entsoe.eu,false,
2024-02-01 02:00:00,Italy,North Italy,IT-NO,215.51,282.03,55.11,32.67,entsoe.eu,false,
2024-02-01 03:00:00,Italy,North Italy,IT-NO,218.05,285.17,54.17,32.0,entsoe.eu,false,
2024-02-01 04:00:00,Italy,North Italy,IT-NO,226.0,294.33,52.15,31.12,entsoe.eu,false,
2024-02-01 05:00:00,Italy,North Italy,IT-NO,238.55,309.85,48.3,30.76,entsoe.eu,false,
2024-02-01 06:00:00,Italy,North Italy,IT-NO,261.27,331.69,44.57,32.58,entsoe.eu,false,
2024-02-01 07:00:00,Italy,North Italy,IT-NO,254.42,322.28,46.49,35.45,entsoe.eu,false,
2024-02-01 08:00:00,Italy,North Italy,IT-NO,252.6,321.43,46.61,34.83,entsoe.eu,false,
2024-02-01 09:00:00,Italy,North Italy,IT-NO,253.03,324.15,46.22,34.3,entsoe.eu,false,
2024-02-01 10:00:00,Italy,North Italy,IT-NO,253.39,327.75,45.53,33.43,entsoe.eu,false,
2024-02-01 11:00:00,Italy,North Italy,IT-NO,255.18,331.26,44.96,32.92,entsoe.eu,false,
2024-02-01 12:00:00,Italy,North Italy,IT-NO,259.49,335.12,44.64,31.28,entsoe.eu,false,
2024-02-01 13:00:00,Italy,North Italy,IT-NO,263.17,339.73,43.32,30.13,entsoe.eu,false,
2024-02-01 14:00:00,Italy,North Italy,IT-NO,268.74,343.78,42.23,28.76,entsoe.eu,false,
2024-02-01 15:00:00,Italy,North Italy,IT-NO,265.6,339.55,42.55,29.66,entsoe.eu,false,
2024-02-01 16:00:00,Italy,North Italy,IT-NO,260.46,329.98,44.55,32.94,entsoe.eu,false,
2024-02-01 17:00:00,Italy,North Italy,IT-NO,263.99,329.29,45.44,35.87,entsoe.eu,false,
2024-02-01 18:00:00,Italy,North Italy,IT-NO,258.82,324.16,46.1,35.71,entsoe.eu,false,
2024-02-01 19:00:00,Italy,North Italy,IT-NO,266.12,335.72,44.11,33.08,entsoe.eu,false,
2024-02-01 20:00:00,Italy,North Italy,IT-NO,270.3,343.88,42.41,29.71,entsoe.eu,false,
2024-02-01 21:00:00,Italy,North Italy,IT-NO,259.77,335.16,44.06,28.47,entsoe.eu,false,
2024-02-01 22:00:00,Italy,North Italy,IT-NO,257.36,332.71,44.91,28.43,entsoe.eu,false,
2024-02-01 23:00:00,Italy,North Italy,IT-NO,251.01,325.71,45.9,27.23,entsoe.eu,false,
2024-02-02 00:00:00,Italy,North Italy,IT-NO,245.5,319.14,47.26,27.34,entsoe.eu,false,
2024-02-02 01:00:00,Italy,North Italy,IT-NO,245.01,318.79,47.62,27.47,entsoe.eu,false,
2024-02-02 02:00:00,Italy,North Italy,IT-NO,223.83,294.1,52.05,28.91,entsoe.eu,false,
2024-02-02 03:00:00,Italy,North Italy,IT-NO,223.12,292.62,52.74,29.74,entsoe.eu,false,
2024-02-02 04:00:00,Italy,North Italy,IT-NO,237.81,310.4,49.27,28.3,entsoe.eu,false,
2024-02-02 05:00:00,Italy,North Italy,IT-NO,256.33,331.43,44.46,28.85,entsoe.eu,false,
2024-02-02 06:00:00,Italy,North Italy,IT-NO,239.5,307.95,48.63,34.67,entsoe.eu,false,
2024-02-02 07:00:00,Italy,North Italy,IT-NO,236.87,302.33,49.96,38.57,entsoe.eu,false,
2024-02-02 08:00:00,Italy,North Italy,IT-NO,233.73,299.9,50.66,38.85,entsoe.eu,false,
2024-02-02 09:00:00,Italy,North Italy,IT-NO,224.55,293.85,51.6,38.7,entsoe.eu,false,
2024-02-02 10:00:00,Italy,North Italy,IT-NO,209.17,275.68,55.24,41.33,entsoe.eu,false,
2024-02-02 11:00:00,Italy,North Italy,IT-NO,205.76,271.5,56.67,42.32,entsoe.eu,false,
2024-02-02 12:00:00,Italy,North Italy,IT-NO,207.98,273.93,56.18,41.62,entsoe.eu,false,
2024-02-02 13:00:00,Italy,North Italy,IT-NO,218.61,286.98,53.55,39.34,entsoe.eu,false,
2024-02-02 14:00:00,Italy,North Italy,IT-NO,227.85,297.52,51.19,36.73,entsoe.eu,false,
2024-02-02 15:00:00,Italy,North Italy,IT-NO,242.93,314.17,47.67,33.05,entsoe.eu,false,
2024-02-02 16:00:00,Italy,North Italy,IT-NO,244.83,305.55,50.31,37.97,entsoe.eu,false,
2024-02-02 17:00:00,Italy,North Italy,IT-NO,236.65,297.75,51.62,39.31,entsoe.eu,false,
2024-02-02 18:00:00,Italy,North Italy,IT-NO,239.42,302.55,50.78,38.91,entsoe.eu,false,
2024-02-02 19:00:00,Italy,North Italy,IT-NO,250.5,316.71,48.27,36.54,entsoe.eu,false,
2024-02-02 20:00:00,Italy,North Italy,IT-NO,241.84,308.52,50.39,37.08,entsoe.eu,false,
2024-02-02 21:00:00,Italy,North Italy,IT-NO,240.11,308.49,51.14,35.91,entsoe.eu,false,
2024-02-02 22:00:00,Italy,North Italy,IT-NO,242.42,315.58,49.59,34.52,entsoe.eu,false,
2024-02-02 23:00:00,Italy,North Italy,IT-NO,240.95,314.32,49.42,33.84,entsoe.eu,false,
2024-02-03 00:00:00,Italy,North Italy,IT-NO,231.84,303.15,51.85,34.89,entsoe.eu,false,
2024-02-03 01:00:00,Italy,North Italy,IT-NO,222.44,291.56,54.31,36.46,entsoe.eu,false,
2024-02-03 02:00:00,Italy,North Italy,IT-NO,213.43,280.28,56.8,38.33,entsoe.eu,false,
2024-02-03 03:00:00,Italy,North Italy,IT-NO,211.1,277.44,57.17,37.26,entsoe.eu,false,
2024-02-03 04:00:00,Italy,North Italy,IT-NO,225.04,294.61,53.61,35.02,entsoe.eu,false,
2024-02-03 05:00:00,Italy,North Italy,IT-NO,225.68,293.89,53.47,37.89,entsoe.eu,false,
2024-02-03 06:00:00,Italy,North Italy,IT-NO,210.99,272.92,57.05,43.52,entsoe.eu,false,
2024-02-03 07:00:00,Italy,North Italy,IT-NO,196.47,253.95,60.49,47.42,entsoe.eu,false,
2024-02-03 08:00:00,Italy,North Italy,IT-NO,194.07,253.56,60.57,48.03,entsoe.eu,false,
2024-02-03 09:00:00,Italy,North Italy,IT-NO,186.42,248.23,61.37,47.51,entsoe.eu,false,
2024-02-03 10:00:00,Italy,North Italy,IT-NO,173.18,233.61,64.25,50.65,entsoe.eu,false,
2024-02-03 11:00:00,Italy,North Italy,IT-NO,165.95,226.02,65.64,54.26,entsoe.eu,false,
2024-02-03 12:00:00,Italy,North Italy,IT-NO,167.1,228.3,65.02,54.21,entsoe.eu,false,
2024-02-03 13:00:00,Italy,North Italy,IT-NO,166.88,227.93,64.58,50.36,entsoe.eu,false,
2024-02-03 14:00:00,Italy,North Italy,IT-NO,170.09,228.77,64.85,44.71,entsoe.eu,false,
2024-02-03 15:00:00,Italy,North Italy,IT-NO,198.71,261.7,58.39,36.91,entsoe.eu,false,
2024-02-03 16:00:00,Italy,North Italy,IT-NO,202.78,252.71,61.42,43.73,entsoe.eu,false,
2024-02-03 17:00:00,Italy,North Italy,IT-NO,201.46,243.83,63.81,49.38,entsoe.eu,false,
2024-02-03 18:00:00,Italy,North Italy,IT-NO,203.06,246.16,63.55,49.83,entsoe.eu,false,
2024-02-03 19:00:00,Italy,North Italy,IT-NO,211.6,258.15,61.62,47.09,entsoe.eu,false,
2024-02-03 20:00:00,Italy,North Italy,IT-NO,204.56,266.9,58.06,40.54,entsoe.eu,false,
2024-02-03 21:00:00,Italy,North Italy,IT-NO,215.42,282.08,55.89,37.36,entsoe.eu,false,
2024-02-03 22:00:00,Italy,North Italy,IT-NO,217.9,285.87,55.65,37.39,entsoe.eu,false,
2024-02-03 23:00:00,Italy,North Italy,IT-NO,198.25,252.27,63.94,44.66,entsoe.eu,false,
2024-02-04 00:00:00,Italy,North Italy,IT-NO,195.78,254.85,63.44,43.86,entsoe.eu,false,
2024-02-04 01:00:00,Italy,North Italy,IT-NO,206.88,268.75,61.33,43.01,entsoe.eu,false,
2024-02-04 02:00:00,Italy,North Italy,IT-NO,211.8,278.99,59.12,40.97,entsoe.eu,false,
2024-02-04 03:00:00,Italy,North Italy,IT-NO,214.77,282.27,58.24,39.07,entsoe.eu,false,
2024-02-04 04:00:00,Italy,North Italy,IT-NO,212.25,279.28,58.36,39.2,entsoe.eu,false,
2024-02-04 05:00:00,Italy,North Italy,IT-NO,213.19,280.22,57.89,39.35,entsoe.eu,false,
2024-02-04 06:00:00,Italy,North Italy,IT-NO,206.19,271.34,59.5,42.47,entsoe.eu,false,
2024-02-04 07:00:00,Italy,North Italy,IT-NO,196.75,260.53,61.04,47.23,entsoe.eu,false,
2024-02-04 08:00:00,Italy,North Italy,IT-NO,186.89,250.02,62.92,51.62,entsoe.eu,false,
2024-02-04 09:00:00,Italy,North Italy,IT-NO,187.67,252.2,62.18,52.56,entsoe.eu,false,
2024-02-04 10:00:00,Italy,North Italy,IT-NO,175.07,237.59,64.87,57.57,entsoe.eu,false,
2024-02-04 11:00:00,Italy,North Italy,IT-NO,166.84,228.46,66.18,59.48,entsoe.eu,false,
2024-02-04 12:00:00,Italy,North Italy,IT-NO,167.13,229.14,65.94,58.7,entsoe.eu,false,
2024-02-04 13:00:00,Italy,North Italy,IT-NO,175.46,237.86,64.59,53.93,entsoe.eu,false,
2024-02-04 14:00:00,Italy,North Italy,IT-NO,185.51,248.68,62.38,45.99,entsoe.eu,false,
2024-02-04 15:00:00,Italy,North Italy,IT-NO,176.94,234.98,64.85,43.69,entsoe.eu,false,
2024-02-04 16:00:00,Italy,North Italy,IT-NO,184.32,236.0,64.55,47.55,entsoe.eu,false,
2024-02-04 17:00:00,Italy,North Italy,IT-NO,179.5,222.36,67.88,54.06,entsoe.eu,false,
2024-02-04 18:00:00,Italy,North Italy,IT-NO,176.65,220.4,67.86,54.36,entsoe.eu,false,
2024-02-04 19:00:00,Italy,North Italy,IT-NO,183.1,228.86,66.36,51.58,entsoe.eu,false,
2024-02-04 20:00:00,Italy,North Italy,IT-NO,191.31,241.4,64.21,47.88,entsoe.eu,false,
2024-02-04 21:00:00,Italy,North Italy,IT-NO,187.25,247.42,62.64,43.18,entsoe.eu,false,
2024-02-04 22:00:00,Italy,North Italy,IT-NO,187.06,247.9,62.99,42.91,entsoe.eu,false,
2024-02-04 23:00:00,Italy,North Italy,IT-NO,182.22,242.6,63.89,43.67,entsoe.eu,false,
2024-02-05 00:00:00,Italy,North Italy,IT-NO,193.14,254.18,62.41,43.9,entsoe.eu,false,
2024-02-05 01:00:00,Italy,North Italy,IT-NO,193.62,257.19,61.3,42.91,entsoe.eu,false,
2024-02-05 02:00:00,Italy,North Italy,IT-NO,199.88,267.06,58.59,41.97,entsoe.eu,false,
2024-02-05 03:00:00,Italy,North Italy,IT-NO,198.99,263.53,59.56,40.72,entsoe.eu,false,
2024-02-05 04:00:00,Italy,North Italy,IT-NO,202.71,266.82,59.1,40.67,entsoe.eu,false,
2024-02-05 05:00:00,Italy,North Italy,IT-NO,221.08,287.67,54.07,41.46,entsoe.eu,false,
2024-02-05 06:00:00,Italy,North Italy,IT-NO,230.14,278.26,57.37,46.31,entsoe.eu,false,
2024-02-05 07:00:00,Italy,North Italy,IT-NO,224.59,269.91,58.52,47.54,entsoe.eu,false,
2024-02-05 08:00:00,Italy,North Italy,IT-NO,219.73,280.46,54.69,43.18,entsoe.eu,false,
2024-02-05 09:00:00,Italy,North Italy,IT-NO,214.22,278.74,54.74,42.24,entsoe.eu,false,
2024-02-05 10:00:00,Italy,North Italy,IT-NO,201.19,266.43,57.01,45.11,entsoe.eu,false,
2024-02-05 11:00:00,Italy,North Italy,IT-NO,185.22,246.93,61.14,47.74,entsoe.eu,false,
2024-02-05 12:00:00,Italy,North Italy,IT-NO,188.57,251.51,60.08,46.31,entsoe.eu,false,
2024-02-05 13:00:00,Italy,North Italy,IT-NO,202.14,267.82,56.75,43.16,entsoe.eu,false,
2024-02-05 14:00:00,Italy,North Italy,IT-NO,225.95,296.45,50.88,36.99,entsoe.eu,false,
2024-02-05 15:00:00,Italy,North Italy,IT-NO,238.04,310.27,47.8,33.19,entsoe.eu,false,
2024-02-05 16:00:00,Italy,North Italy,IT-NO,242.56,309.45,48.43,35.27,entsoe.eu,false,
2024-02-05 17:00:00,Italy,North Italy,IT-NO,242.13,306.7,49.28,37.82,entsoe.eu,false,
2024-02-05 18:00:00,Italy,North Italy,IT-NO,245.83,313.06,48.06,36.99,entsoe.eu,false,
2024-02-05 19:00:00,Italy,North Italy,IT-NO,247.16,319.85,46.52,33.58,entsoe.eu,false,
2024-02-05 20:00:00,Italy,North Italy,IT-NO,234.2,304.64,49.68,34.31,entsoe.eu,false,
2024-02-05 21:00:00,Italy,North Italy,IT-NO,231.89,302.11,50.64,33.06,entsoe.eu,false,
2024-02-05 22:00:00,Italy,North Italy,IT-NO,221.31,289.21,53.29,34.57,entsoe.eu,false,
2024-02-05 23:00:00,Italy,North Italy,IT-NO,218.5,286.88,53.6,33.94,entsoe.eu,false,
2024-02-06 00:00:00,Italy,North Italy,IT-NO,216.52,284.69,54.45,34.21,entsoe.eu,false,
2024-02-06 01:00:00,Italy,North Italy,IT-NO,212.66,279.78,55.66,35.71,entsoe.eu,false,
2024-02-06 02:00:00,Italy,North Italy,IT-NO,208.17,274.44,56.41,35.49,entsoe.eu,false,
2024-02-06 03:00:00,Italy,North Italy,IT-NO,212.86,280.2,55.23,33.78,entsoe.eu,false,
2024-02-06 04:00:00,Italy,North Italy,IT-NO,228.85,299.39,51.4,31.95,entsoe.eu,false,
2024-02-06 05:00:00,Italy,North Italy,IT-NO,248.71,322.04,46.29,31.97,entsoe.eu,false,
2024-02-06 06:00:00,Italy,North Italy,IT-NO,249.72,317.08,47.52,35.66,entsoe.eu,false,
2024-02-06 07:00:00,Italy,North Italy,IT-NO,243.02,307.79,49.21,37.63,entsoe.eu,false,
2024-02-06 08:00:00,Italy,North Italy,IT-NO,235.57,302.19,50.01,38.61,entsoe.eu,false,
2024-02-06 09:00:00,Italy,North Italy,IT-NO,236.63,303.21,50.23,39.09,entsoe.eu,false,
2024-02-06 10:00:00,Italy,North Italy,IT-NO,234.03,305.14,49.34,38.1,entsoe.eu,false,
2024-02-06 11:00:00,Italy,North Italy,IT-NO,222.04,291.51,52.0,39.64,entsoe.eu,false,
2024-02-06 12:00:00,Italy,North Italy,IT-NO,223.52,293.85,51.4,38.46,entsoe.eu,false,
2024-02-06 13:00:00,Italy,North Italy,IT-NO,224.99,295.29,50.89,37.55,entsoe.eu,false,
2024-02-06 14:00:00,Italy,North Italy,IT-NO,237.13,308.78,48.08,32.48,entsoe.eu,false,
2024-02-06 15:00:00,Italy,North Italy,IT-NO,240.12,311.53,47.34,32.37,entsoe.eu,false,
2024-02-06 16:00:00,Italy,North Italy,IT-NO,241.05,303.63,50.03,36.09,entsoe.eu,false,
2024-02-06 17:00:00,Italy,North Italy,IT-NO,241.79,300.59,51.11,38.82,entsoe.eu,false,
2024-02-06 18:00:00,Italy,North Italy,IT-NO,241.36,305.05,49.66,37.15,entsoe.eu,false,
2024-02-06 19:00:00,Italy,North Italy,IT-NO,243.06,311.43,48.04,34.36,entsoe.eu,false,
2024-02-06 20:00:00,Italy,North Italy,IT-NO,232.98,299.3,50.62,34.97,entsoe.eu,false,
2024-02-06 21:00:00,Italy,North Italy,IT-NO,229.43,297.35,51.41,33.64,entsoe.eu,false,
2024-02-06 22:00:00,Italy,North Italy,IT-NO,230.4,295.54,52.35,34.35,entsoe.eu,false,
2024-02-06 23:00:00,Italy,North Italy,IT-NO,228.68,297.93,51.26,31.66,entsoe.eu,false,
2024-02-07 00:00:00,Italy,North Italy,IT-NO,234.07,306.04,49.85,30.0,entsoe.eu,false,
2024-02-07 01:00:00,Italy,North Italy,IT-NO,234.96,306.72,50.29,30.28,entsoe.eu,false,
2024-02-07 02:00:00,Italy,North Italy,IT-NO,229.19,299.46,51.67,31.42,entsoe.eu,false,
2024-02-07 03:00:00,Italy,North Italy,IT-NO,232.87,303.62,50.96,31.05,entsoe.eu,false,
2024-02-07 04:00:00,Italy,North Italy,IT-NO,242.57,315.55,48.31,30.53,entsoe.eu,false,
2024-02-07 05:00:00,Italy,North Italy,IT-NO,255.48,329.54,45.21,30.08,entsoe.eu,false,
2024-02-07 06:00:00,Italy,North Italy,IT-NO,253.94,319.74,47.31,34.29,entsoe.eu,false,
2024-02-07 07:00:00,Italy,North Italy,IT-NO,253.97,317.77,47.74,36.53,entsoe.eu,false,
2024-02-07 08:00:00,Italy,North Italy,IT-NO,251.15,317.53,47.28,36.15,entsoe.eu,false,
2024-02-07 09:00:00,Italy,North Italy,IT-NO,253.82,318.42,47.61,35.91,entsoe.eu,false,
2024-02-07 10:00:00,Italy,North Italy,IT-NO,254.72,322.35,46.63,34.66,entsoe.eu,false,
2024-02-07 11:00:00,Italy,North Italy,IT-NO,235.91,307.58,48.74,34.4,entsoe.eu,false,
2024-02-07 12:00:00,Italy,North Italy,IT-NO,230.32,301.12,50.11,34.61,entsoe.eu,false,
2024-02-07 13:00:00,Italy,North Italy,IT-NO,240.31,313.22,47.48,32.52,entsoe.eu,false,
2024-02-07 14:00:00,Italy,North Italy,IT-NO,241.97,313.67,47.31,31.84,entsoe.eu,false,
2024-02-07 15:00:00,Italy,North Italy,IT-NO,247.99,315.24,47.5,33.22,entsoe.eu,false,
2024-02-07 16:00:00,Italy,North Italy,IT-NO,253.01,317.95,47.38,34.98,entsoe.eu,false,
2024-02-07 17:00:00,Italy,North Italy,IT-NO,252.64,315.6,48.06,36.73,entsoe.eu,false,
2024-02-07 18:00:00,Italy,North Italy,IT-NO,250.25,311.7,48.84,36.94,entsoe.eu,false,
2024-02-07 19:00:00,Italy,North Italy,IT-NO,249.41,315.75,47.54,33.67,entsoe.eu,false,
2024-02-07 20:00:00,Italy,North Italy,IT-NO,232.11,299.28,50.45,33.11,entsoe.eu,false,
2024-02-07 21:00:00,Italy,North Italy,IT-NO,228.0,296.16,51.18,30.94,entsoe.eu,false,
2024-02-07 22:00:00,Italy,North Italy,IT-NO,236.3,306.56,49.71,29.76,entsoe.eu,false,
2024-02-07 23:00:00,Italy,North Italy,IT-NO,214.11,278.6,55.65,31.24,entsoe.eu,false,
2024-02-08 00:00:00,Italy,North Italy,IT-NO,219.81,286.0,54.86,30.75,entsoe.eu,false,
2024-02-08 01:00:00,Italy,North Italy,IT-NO,220.64,287.37,54.73,30.62,entsoe.eu,false,
2024-02-08 02:00:00,Italy,North Italy,IT-NO,212.47,276.85,56.48,30.43,entsoe.eu,false,
2024-02-08 03:00:00,Italy,North Italy,IT-NO,209.57,273.81,56.63,30.16,entsoe.eu,false,
2024-02-08 04:00:00,Italy,North Italy,IT-NO,226.95,294.67,52.8,27.92,entsoe.eu,false,
2024-02-08 05:00:00,Italy,North Italy,IT-NO,222.66,288.2,52.85,33.05,entsoe.eu,false,
2024-02-08 06:00:00,Italy,North Italy,IT-NO,239.04,303.51,49.74,35.08,entsoe.eu,false,
2024-02-08 07:00:00,Italy,North Italy,IT-NO,236.21,296.84,51.45,37.91,entsoe.eu,false,
2024-02-08 08:00:00,Italy,North Italy,IT-NO,228.33,294.42,51.42,38.11,entsoe.eu,false,
2024-02-08 09:00:00,Italy,North Italy,IT-NO,219.64,286.98,52.83,40.03,entsoe.eu,false,
2024-02-08 10:00:00,Italy,North Italy,IT-NO,215.54,283.21,53.37,39.91,entsoe.eu,false,
2024-02-08 11:00:00,Italy,North Italy,IT-NO,211.17,278.21,54.68,41.04,entsoe.eu,false,
2024-02-08 12:00:00,Italy,North Italy,IT-NO,212.98,280.53,54.02,39.5,entsoe.eu,false,
2024-02-08 13:00:00,Italy,North Italy,IT-NO,212.69,278.43,54.37,38.53,entsoe.eu,false,
2024-02-08 14:00:00,Italy,North Italy,IT-NO,221.14,288.59,52.12,35.16,entsoe.eu,false,
2024-02-08 15:00:00,Italy,North Italy,IT-NO,233.65,301.67,49.59,33.47,entsoe.eu,false,
2024-02-08 16:00:00,Italy,North Italy,IT-NO,229.67,291.22,52.05,37.92,entsoe.eu,false,
2024-02-08 17:00:00,Italy,North Italy,IT-NO,236.32,296.22,51.66,38.78,entsoe.eu,false,
2024-02-08 18:00:00,Italy,North Italy,IT-NO,235.86,296.06,51.51,37.61,entsoe.eu,false,
2024-02-08 19:00:00,Italy,North Italy,IT-NO,236.65,303.64,49.39,34.39,entsoe.eu,false,
2024-02-08 20:00:00,Italy,North Italy,IT-NO,222.86,288.21,52.77,34.38,entsoe.eu,false,
2024-02-08 21:00:00,Italy,North Italy,IT-NO,211.07,275.17,55.8,35.13,entsoe.eu,false,
2024-02-08 22:00:00,Italy,North Italy,IT-NO,222.2,289.46,53.66,31.9,entsoe.eu,false,
2024-02-08 23:00:00,Italy,North Italy,IT-NO,207.65,271.69,57.4,35.13,entsoe.eu,false,
2024-02-09 00:00:00,Italy,North Italy,IT-NO,199.68,261.3,59.94,36.29,entsoe.eu,false,
2024-02-09 01:00:00,Italy,North Italy,IT-NO,201.25,262.89,59.94,36.42,entsoe.eu,false,
2024-02-09 02:00:00,Italy,North Italy,IT-NO,203.53,266.06,59.38,36.24,entsoe.eu,false,
2024-02-09 03:00:00,Italy,North Italy,IT-NO,212.09,276.84,57.18,34.77,entsoe.eu,false,
2024-02-09 04:00:00,Italy,North Italy,IT-NO,217.48,283.46,55.5,33.39,entsoe.eu,false,
2024-02-09 05:00:00,Italy,North Italy,IT-NO,228.72,295.58,51.99,33.35,entsoe.eu,false,
2024-02-09 06:00:00,Italy,North Italy,IT-NO,232.74,298.43,50.95,34.8,entsoe.eu,false,
2024-02-09 07:00:00,Italy,North Italy,IT-NO,231.07,289.92,53.16,38.4,entsoe.eu,false,
2024-02-09 08:00:00,Italy,North Italy,IT-NO,228.27,285.89,54.01,39.84,entsoe.eu,false,
2024-02-09 09:00:00,Italy,North Italy,IT-NO,226.01,285.8,53.82,39.64,entsoe.eu,false,
2024-02-09 10:00:00,Italy,North Italy,IT-NO,228.04,287.11,53.76,39.9,entsoe.eu,false,
2024-02-09 11:00:00,Italy,North Italy,IT-NO,229.46,292.19,52.66,37.66,entsoe.eu,false,
2024-02-09 12:00:00,Italy,North Italy,IT-NO,227.56,291.13,52.63,37.23,entsoe.eu,false,
2024-02-09 13:00:00,Italy,North Italy,IT-NO,225.56,283.44,54.54,39.46,entsoe.eu,false,
2024-02-09 14:00:00,Italy,North Italy,IT-NO,219.16,276.18,55.66,39.9,entsoe.eu,false,
2024-02-09 15:00:00,Italy,North Italy,IT-NO,218.66,274.34,55.83,40.87,entsoe.eu,false,
2024-02-09 16:00:00,Italy,North Italy,IT-NO,220.28,274.75,56.17,41.52,entsoe.eu,false,
2024-02-09 17:00:00,Italy,North Italy,IT-NO,220.52,272.85,56.79,43.5,entsoe.eu,false,
2024-02-09 18:00:00,Italy,North Italy,IT-NO,221.06,275.17,56.09,41.51,entsoe.eu,false,
2024-02-09 19:00:00,Italy,North Italy,IT-NO,225.75,284.19,54.18,37.66,entsoe.eu,false,
2024-02-09 20:00:00,Italy,North Italy,IT-NO,222.49,284.82,54.08,35.19,entsoe.eu,false,
2024-02-09 21:00:00,Italy,North Italy,IT-NO,218.06,280.38,55.59,34.0,entsoe.eu,false,
2024-02-09 22:00:00,Italy,North Italy,IT-NO,221.78,286.85,54.59,33.07,entsoe.eu,false,
2024-02-09 23:00:00,Italy,North Italy,IT-NO,219.31,285.93,54.71,35.02,entsoe.eu,false,
2024-02-10 00:00:00,Italy,North Italy,IT-NO,214.37,280.63,56.14,34.67,entsoe.eu,false,
2024-02-10 01:00:00,Italy,North Italy,IT-NO,212.56,278.35,57.17,36.03,entsoe.eu,false,
2024-02-10 02:00:00,Italy,North Italy,IT-NO,203.66,267.08,59.18,37.97,entsoe.eu,false,
2024-02-10 03:00:00,Italy,North Italy,IT-NO,220.62,288.0,55.53,37.05,entsoe.eu,false,
2024-02-10 04:00:00,Italy,North Italy,IT-NO,223.54,292.09,54.35,36.19,entsoe.eu,false,
2024-02-10 05:00:00,Italy,North Italy,IT-NO,209.85,274.59,57.12,36.26,entsoe.eu,false,
2024-02-10 06:00:00,Italy,North Italy,IT-NO,198.71,256.56,60.43,40.49,entsoe.eu,false,
2024-02-10 07:00:00,Italy,North Italy,IT-NO,193.04,250.41,60.66,41.81,entsoe.eu,false,
2024-02-10 08:00:00,Italy,North Italy,IT-NO,191.39,237.76,64.17,46.5,entsoe.eu,false,
2024-02-10 09:00:00,Italy,North Italy,IT-NO,195.53,238.47,64.44,48.18,entsoe.eu,false,
2024-02-10 10:00:00,Italy,North Italy,IT-NO,200.89,242.3,64.06,49.62,entsoe.eu,false,
2024-02-10 11:00:00,Italy,North Italy,IT-NO,201.9,253.4,60.82,45.55,entsoe.eu,false,
2024-02-10 12:00:00,Italy,North Italy,IT-NO,190.08,252.22,59.48,40.41,entsoe.eu,false,
2024-02-10 13:00:00,Italy,North Italy,IT-NO,194.43,257.67,58.41,37.33,entsoe.eu,false,
2024-02-10 14:00:00,Italy,North Italy,IT-NO,190.26,251.34,59.72,37.6,entsoe.eu,false,
2024-02-10 15:00:00,Italy,North Italy,IT-NO,183.74,241.32,61.89,39.17,entsoe.eu,false,
2024-02-10 16:00:00,Italy,North Italy,IT-NO,187.41,244.44,61.1,40.78,entsoe.eu,false,
2024-02-10 17:00:00,Italy,North Italy,IT-NO,186.09,237.18,63.18,46.51,entsoe.eu,false,
2024-02-10 18:00:00,Italy,North Italy,IT-NO,183.95,233.79,63.82,47.31,entsoe.eu,false,
2024-02-10 19:00:00,Italy,North Italy,IT-NO,190.35,247.74,61.05,42.32,entsoe.eu,false,
2024-02-10 20:00:00,Italy,North Italy,IT-NO,181.27,238.54,63.44,41.33,entsoe.eu,false,
2024-02-10 21:00:00,Italy,North Italy,IT-NO,188.6,247.42,62.68,40.28,entsoe.eu,false,
2024-02-10 22:00:00,Italy,North Italy,IT-NO,206.63,270.21,58.91,40.09,entsoe.eu,false,
2024-02-10 23:00:00,Italy,North Italy,IT-NO,198.62,261.77,60.15,43.44,entsoe.eu,false,
2024-02-11 00:00:00,Italy,North Italy,IT-NO,213.75,280.78,56.99,43.23,entsoe.eu,false,
2024-02-11 01:00:00,Italy,North Italy,IT-NO,223.57,292.54,55.43,44.7,entsoe.eu,false,
2024-02-11 02:00:00,Italy,North Italy,IT-NO,211.01,277.49,58.15,46.4,entsoe.eu,false,
2024-02-11 03:00:00,Italy,North Italy,IT-NO,203.38,267.53,60.17,46.72,entsoe.eu,false,
2024-02-11 04:00:00,Italy,North Italy,IT-NO,198.25,261.5,61.01,45.97,entsoe.eu,false,
2024-02-11 05:00:00,Italy,North Italy,IT-NO,190.37,251.56,62.15,44.13,entsoe.eu,false,
2024-02-11 06:00:00,Italy,North Italy,IT-NO,181.75,241.13,63.91,46.77,entsoe.eu,false,
2024-02-11 07:00:00,Italy,North Italy,IT-NO,176.92,235.88,64.19,47.92,entsoe.eu,false,
2024-02-11 08:00:00,Italy,North Italy,IT-NO,163.33,218.68,67.53,50.33,entsoe.eu,false,
2024-02-11 09:00:00,Italy,North Italy,IT-NO,149.09,202.46,69.78,52.61,entsoe.eu,false,
2024-02-11 10:00:00,Italy,North Italy,IT-NO,149.11,202.43,69.97,52.9,entsoe.eu,false,
2024-02-11 11:00:00,Italy,North Italy,IT-NO,153.84,208.69,68.92,53.64,entsoe.eu,false,
2024-02-11 12:00:00,Italy,North Italy,IT-NO,152.85,208.37,69.11,54.89,entsoe.eu,false,
2024-02-11 13:00:00,Italy,North Italy,IT-NO,155.37,212.08,67.8,52.01,entsoe.eu,false,
2024-02-11 14:00:00,Italy,North Italy,IT-NO,151.29,206.13,69.23,51.61,entsoe.eu,false,
2024-02-11 15:00:00,Italy,North Italy,IT-NO,169.83,227.41,65.25,45.28,entsoe.eu,false,
2024-02-11 16:00:00,Italy,North Italy,IT-NO,165.2,219.98,66.14,44.88,entsoe.eu,false,
2024-02-11 17:00:00,Italy,North Italy,IT-NO,167.08,216.25,67.28,48.35,entsoe.eu,false,
2024-02-11 18:00:00,Italy,North Italy,IT-NO,172.66,221.92,66.25,48.21,entsoe.eu,false,
2024-02-11 19:00:00,Italy,North Italy,IT-NO,174.77,227.83,64.77,45.3,entsoe.eu,false,
2024-02-11 20:00:00,Italy,North Italy,IT-NO,178.59,233.68,63.86,42.52,entsoe.eu,false,
2024-02-11 21:00:00,Italy,North Italy,IT-NO,183.93,241.05,62.95,40.83,entsoe.eu,false,
2024-02-11 22:00:00,Italy,North Italy,IT-NO,196.07,256.42,61.22,42.06,entsoe.eu,false,
2024-02-11 23:00:00,Italy,North Italy,IT-NO,193.86,253.25,62.32,44.56,entsoe.eu,false,
2024-02-12 00:00:00,Italy,North Italy,IT-NO,204.94,267.9,59.0,41.31,entsoe.eu,false,
2024-02-12 01:00:00,Italy,North Italy,IT-NO,209.78,274.27,57.55,38.83,entsoe.eu,false,
2024-02-12 02:00:00,Italy,North Italy,IT-NO,214.46,280.65,55.67,35.67,entsoe.eu,false,
2024-02-12 03:00:00,Italy,North Italy,IT-NO,218.81,286.22,54.18,34.49,entsoe.eu,false,
2024-02-12 04:00:00,Italy,North Italy,IT-NO,217.7,284.02,54.66,34.68,entsoe.eu,false,
2024-02-12 05:00:00,Italy,North Italy,IT-NO,217.71,282.91,53.81,36.18,entsoe.eu,false,
2024-02-12 06:00:00,Italy,North Italy,IT-NO,224.02,287.68,52.7,39.02,entsoe.eu,false,
2024-02-12 07:00:00,Italy,North Italy,IT-NO,225.24,282.75,54.1,41.65,entsoe.eu,false,
2024-02-12 08:00:00,Italy,North Italy,IT-NO,213.53,276.52,54.64,41.67,entsoe.eu,false,
2024-02-12 09:00:00,Italy,North Italy,IT-NO,208.39,272.89,55.32,42.67,entsoe.eu,false,
2024-02-12 10:00:00,Italy,North Italy,IT-NO,212.89,279.56,54.02,39.46,entsoe.eu,false,
2024-02-12 11:00:00,Italy,North Italy,IT-NO,206.86,272.23,55.87,40.94,entsoe.eu,false,
2024-02-12 12:00:00,Italy,North Italy,IT-NO,194.71,256.37,59.24,41.8,entsoe.eu,false,
2024-02-12 13:00:00,Italy,North Italy,IT-NO,206.52,270.26,56.21,39.49,entsoe.eu,false,
2024-02-12 14:00:00,Italy,North Italy,IT-NO,219.88,287.37,52.51,36.25,entsoe.eu,false,
2024-02-12 15:00:00,Italy,North Italy,IT-NO,229.74,296.12,50.84,35.16,entsoe.eu,false,
2024-02-12 16:00:00,Italy,North Italy,IT-NO,239.41,298.56,51.42,37.49,entsoe.eu,false,
2024-02-12 17:00:00,Italy,North Italy,IT-NO,245.55,300.29,51.73,40.11,entsoe.eu,false,
2024-02-12 18:00:00,Italy,North Italy,IT-NO,247.15,299.81,52.13,40.45,entsoe.eu,false,
2024-02-12 19:00:00,Italy,North Italy,IT-NO,236.32,300.26,50.36,35.8,entsoe.eu,false,
2024-02-12 20:00:00,Italy,North Italy,IT-NO,227.75,294.13,51.32,34.12,entsoe.eu,false,
2024-02-12 21:00:00,Italy,North Italy,IT-NO,235.15,304.58,50.23,31.91,entsoe.eu,false,
2024-02-12 22:00:00,Italy,North Italy,IT-NO,229.82,298.08,51.85,32.82,entsoe.eu,false,
2024-02-12 23:00:00,Italy,North Italy,IT-NO,224.79,291.08,53.65,33.5,entsoe.eu,false,
2024-02-13 00:00:00,Italy,North Italy,IT-NO,210.18,274.05,56.76,33.91,entsoe.eu,false,
2024-02-13 01:00:00,Italy,North Italy,IT-NO,200.06,262.4,58.42,34.48,entsoe.eu,false,
2024-02-13 02:00:00,Italy,North Italy,IT-NO,200.7,263.55,58.07,33.39,entsoe.eu,false,
2024-02-13 03:00:00,Italy,North Italy,IT-NO,200.39,263.65,57.69,32.69,entsoe.eu,false,
2024-02-13 04:00:00,Italy,North Italy,IT-NO,218.58,285.41,53.92,31.61,entsoe.eu,false,
2024-02-13 05:00:00,Italy,North Italy,IT-NO,223.81,288.95,52.51,35.13,entsoe.eu,false,
2024-02-13 06:00:00,Italy,North Italy,IT-NO,220.36,283.22,53.42,39.04,entsoe.eu,false,
2024-02-13 07:00:00,Italy,North Italy,IT-NO,220.84,273.48,56.52,44.36,entsoe.eu,false,
2024-02-13 08:00:00,Italy,North Italy,IT-NO,212.74,270.58,56.72,44.74,entsoe.eu,false,
2024-02-13 09:00:00,Italy,North Italy,IT-NO,210.02,274.2,55.95,43.76,entsoe.eu,false,
2024-02-13 10:00:00,Italy,North Italy,IT-NO,203.21,268.2,57.18,43.53,entsoe.eu,false,
2024-02-13 11:00:00,Italy,North Italy,IT-NO,193.51,257.52,59.28,44.2,entsoe.eu,false,
2024-02-13 12:00:00,Italy,North Italy,IT-NO,187.83,250.18,60.8,45.59,entsoe.eu,false,
2024-02-13 13:00:00,Italy,North Italy,IT-NO,206.59,272.86,56.37,40.99,entsoe.eu,false,
2024-02-13 14:00:00,Italy,North Italy,IT-NO,218.84,287.62,53.14,37.28,entsoe.eu,false,
2024-02-13 15:00:00,Italy,North Italy,IT-NO,223.66,290.0,52.22,35.75,entsoe.eu,false,
2024-02-13 16:00:00,Italy,North Italy,IT-NO,225.29,287.99,52.56,37.18,entsoe.eu,false,
2024-02-13 17:00:00,Italy,North Italy,IT-NO,222.01,277.79,55.09,41.08,entsoe.eu,false,
2024-02-13 18:00:00,Italy,North Italy,IT-NO,224.13,282.19,54.04,39.76,entsoe.eu,false,
2024-02-13 19:00:00,Italy,North Italy,IT-NO,235.96,297.4,51.61,36.12,entsoe.eu,false,
2024-02-13 20:00:00,Italy,North Italy,IT-NO,233.83,298.2,51.61,34.97,entsoe.eu,false,
2024-02-13 21:00:00,Italy,North Italy,IT-NO,226.02,294.2,52.14,32.34,entsoe.eu,false,
2024-02-13 22:00:00,Italy,North Italy,IT-NO,227.55,295.89,52.65,31.47,entsoe.eu,false,
2024-02-13 23:00:00,Italy,North Italy,IT-NO,216.8,282.66,55.06,31.64,entsoe.eu,false,
2024-02-14 00:00:00,Italy,North Italy,IT-NO,207.22,271.01,57.08,31.62,entsoe.eu,false,
2024-02-14 01:00:00,Italy,North Italy,IT-NO,205.61,269.91,56.92,30.9,entsoe.eu,false,
2024-02-14 02:00:00,Italy,North Italy,IT-NO,206.14,270.29,56.84,31.53,entsoe.eu,false,
2024-02-14 03:00:00,Italy,North Italy,IT-NO,208.9,274.05,55.83,29.88,entsoe.eu,false,
2024-02-14 04:00:00,Italy,North Italy,IT-NO,215.83,281.48,54.64,29.97,entsoe.eu,false,
2024-02-14 05:00:00,Italy,North Italy,IT-NO,213.25,278.28,54.33,33.64,entsoe.eu,false,
2024-02-14 06:00:00,Italy,North Italy,IT-NO,220.56,281.46,53.97,38.29,entsoe.eu,false,
2024-02-14 07:00:00,Italy,North Italy,IT-NO,213.26,267.4,57.34,43.66,entsoe.eu,false,
2024-02-14 08:00:00,Italy,North Italy,IT-NO,218.67,280.2,54.53,42.37,entsoe.eu,false,
2024-02-14 09:00:00,Italy,North Italy,IT-NO,204.56,268.9,56.3,42.84,entsoe.eu,false,
2024-02-14 10:00:00,Italy,North Italy,IT-NO,201.08,265.18,57.04,43.24,entsoe.eu,false,
2024-02-14 11:00:00,Italy,North Italy,IT-NO,196.83,260.69,58.29,43.51,entsoe.eu,false,
2024-02-14 12:00:00,Italy,North Italy,IT-NO,197.7,262.34,57.8,42.57,entsoe.eu,false,
2024-02-14 13:00:00,Italy,North Italy,IT-NO,201.09,266.39,56.84,40.39,entsoe.eu,false,
2024-02-14 14:00:00,Italy,North Italy,IT-NO,213.94,280.49,54.07,37.14,entsoe.eu,false,
2024-02-14 15:00:00,Italy,North Italy,IT-NO,224.65,291.8,51.77,34.86,entsoe.eu,false,
2024-02-14 16:00:00,Italy,North Italy,IT-NO,245.48,308.38,49.51,34.98,entsoe.eu,false,
2024-02-14 17:00:00,Italy,North Italy,IT-NO,238.97,298.27,51.36,37.47,entsoe.eu,false,
2024-02-14 18:00:00,Italy,North Italy,IT-NO,229.45,287.66,53.29,38.21,entsoe.eu,false,
2024-02-14 19:00:00,Italy,North Italy,IT-NO,228.66,290.43,52.41,34.97,entsoe.eu,false,
2024-02-14 20:00:00,Italy,North Italy,IT-NO,231.37,296.03,51.72,32.96,entsoe.eu,false,
2024-02-14 21:00:00,Italy,North Italy,IT-NO,227.6,294.29,52.2,30.75,entsoe.eu,false,
2024-02-14 22:00:00,Italy,North Italy,IT-NO,229.36,297.69,51.51,29.33,entsoe.eu,false,
2024-02-14 23:00:00,Italy,North Italy,IT-NO,205.11,268.35,56.88,30.08,entsoe.eu,false,
2024-02-15 00:00:00,Italy,North Italy,IT-NO,205.03,268.95,56.68,28.47,entsoe.eu,false,
2024-02-15 01:00:00,Italy,North Italy,IT-NO,203.64,266.94,57.35,28.75,entsoe.eu,false,
2024-02-15 02:00:00,Italy,North Italy,IT-NO,210.59,275.96,55.64,28.48,entsoe.eu,false,
2024-02-15 03:00:00,Italy,North Italy,IT-NO,212.82,278.25,55.26,28.1,entsoe.eu,false,
2024-02-15 04:00:00,Italy,North Italy,IT-NO,235.45,306.61,49.54,25.26,entsoe.eu,false,
2024-02-15 05:00:00,Italy,North Italy,IT-NO,239.48,311.0,47.91,27.07,entsoe.eu,false,
2024-02-15 06:00:00,Italy,North Italy,IT-NO,242.93,312.69,47.19,31.79,entsoe.eu,false,
2024-02-15 07:00:00,Italy,North Italy,IT-NO,237.86,302.14,49.72,36.41,entsoe.eu,false,
2024-02-15 08:00:00,Italy,North Italy,IT-NO,240.93,310.57,47.82,35.51,entsoe.eu,false,
2024-02-15 09:00:00,Italy,North Italy,IT-NO,229.55,301.24,49.54,36.97,entsoe.eu,false,
2024-02-15 10:00:00,Italy,North Italy,IT-NO,215.43,283.88,53.46,40.46,entsoe.eu,false,
2024-02-15 11:00:00,Italy,North Italy,IT-NO,205.45,272.07,56.16,42.0,entsoe.eu,false,
2024-02-15 12:00:00,Italy,North Italy,IT-NO,208.05,274.86,55.64,40.73,entsoe.eu,false,
2024-02-15 13:00:00,Italy,North Italy,IT-NO,220.31,289.71,52.48,37.31,entsoe.eu,false,
2024-02-15 14:00:00,Italy,North Italy,IT-NO,232.1,303.66,49.33,33.35,entsoe.eu,false,
2024-02-15 15:00:00,Italy,North Italy,IT-NO,246.71,319.26,46.08,30.15,entsoe.eu,false,
2024-02-15 16:00:00,Italy,North Italy,IT-NO,245.36,313.49,47.32,32.39,entsoe.eu,false,
2024-02-15 17:00:00,Italy,North Italy,IT-NO,244.77,311.65,47.62,33.83,entsoe.eu,false,
2024-02-15 18:00:00,Italy,North Italy,IT-NO,246.99,314.9,46.67,33.11,entsoe.eu,false,
2024-02-15 19:00:00,Italy,North Italy,IT-NO,249.76,322.55,45.08,29.9,entsoe.eu,false,
2024-02-15 20:00:00,Italy,North Italy,IT-NO,253.13,326.34,44.83,28.14,entsoe.eu,false,
2024-02-15 21:00:00,Italy,North Italy,IT-NO,242.61,314.91,47.2,27.38,entsoe.eu,false,
2024-02-15 22:00:00,Italy,North Italy,IT-NO,237.21,309.58,48.28,26.86,entsoe.eu,false,
2024-02-15 23:00:00,Italy,North Italy,IT-NO,219.35,287.17,52.61,29.11,entsoe.eu,false,
2024-02-16 00:00:00,Italy,North Italy,IT-NO,220.22,288.45,52.8,29.15,entsoe.eu,false,
2024-02-16 01:00:00,Italy,North Italy,IT-NO,212.73,279.58,54.41,29.75,entsoe.eu,false,
2024-02-16 02:00:00,Italy,North Italy,IT-NO,206.81,272.27,55.56,29.19,entsoe.eu,false,
2024-02-16 03:00:00,Italy,North Italy,IT-NO,206.85,271.31,55.98,29.79,entsoe.eu,false,
2024-02-16 04:00:00,Italy,North Italy,IT-NO,216.42,282.89,53.47,29.06,entsoe.eu,false,
2024-02-16 05:00:00,Italy,North Italy,IT-NO,233.07,301.83,49.33,29.9,entsoe.eu,false,
2024-02-16 06:00:00,Italy,North Italy,IT-NO,230.29,296.37,50.36,34.49,entsoe.eu,false,
2024-02-16 07:00:00,Italy,North Italy,IT-NO,230.96,296.07,50.79,37.18,entsoe.eu,false,
2024-02-16 08:00:00,Italy,North Italy,IT-NO,235.38,305.94,48.69,35.61,entsoe.eu,false,
2024-02-16 09:00:00,Italy,North Italy,IT-NO,231.74,303.01,49.6,35.91,entsoe.eu,false,
2024-02-16 10:00:00,Italy,North Italy,IT-NO,226.98,297.68,50.82,36.68,entsoe.eu,false,
2024-02-16 11:00:00,Italy,North Italy,IT-NO,211.57,279.31,54.28,38.11,entsoe.eu,false,
2024-02-16 12:00:00,Italy,North Italy,IT-NO,204.15,270.39,55.82,39.23,entsoe.eu,false,
2024-02-16 13:00:00,Italy,North Italy,IT-NO,215.78,283.96,53.22,36.37,entsoe.eu,false,
2024-02-16 14:00:00,Italy,North Italy,IT-NO,225.77,293.15,51.52,34.66,entsoe.eu,false,
2024-02-16 15:00:00,Italy,North Italy,IT-NO,237.97,308.06,48.15,31.7,entsoe.eu,false,
2024-02-16 16:00:00,Italy,North Italy,IT-NO,235.83,303.13,49.03,34.93,entsoe.eu,false,
2024-02-16 17:00:00,Italy,North Italy,IT-NO,239.96,302.07,50.01,37.38,entsoe.eu,false,
2024-02-16 18:00:00,Italy,North Italy,IT-NO,232.46,297.44,50.27,36.94,entsoe.eu,false,
2024-02-16 19:00:00,Italy,North Italy,IT-NO,236.35,305.86,48.53,33.1,entsoe.eu,false,
2024-02-16 20:00:00,Italy,North Italy,IT-NO,229.34,296.56,50.83,32.36,entsoe.eu,false,
2024-02-16 21:00:00,Italy,North Italy,IT-NO,220.51,285.34,53.8,32.89,entsoe.eu,false,
2024-02-16 22:00:00,Italy,North Italy,IT-NO,217.54,282.07,54.76,32.38,entsoe.eu,false,
2024-02-16 23:00:00,Italy,North Italy,IT-NO,203.11,265.59,57.76,33.83,entsoe.eu,false,
2024-02-17 00:00:00,Italy,North Italy,IT-NO,196.28,257.77,59.18,33.15,entsoe.eu,false,
2024-02-17 01:00:00,Italy,North Italy,IT-NO,190.57,251.55,60.27,32.66,entsoe.eu,false,
2024-02-17 02:00:00,Italy,North Italy,IT-NO,183.71,243.68,61.37,31.55,entsoe.eu,false,
2024-02-17 03:00:00,Italy,North Italy,IT-NO,185.6,245.94,60.97,31.39,entsoe.eu,false,
2024-02-17 04:00:00,Italy,North Italy,IT-NO,193.63,254.67,59.63,31.34,entsoe.eu,false,
2024-02-17 05:00:00,Italy,North Italy,IT-NO,202.33,263.25,58.03,34.14,entsoe.eu,false,
2024-02-17 06:00:00,Italy,North Italy,IT-NO,196.88,254.66,59.41,39.18,entsoe.eu,false,
2024-02-17 07:00:00,Italy,North Italy,IT-NO,186.23,241.25,61.74,42.49,entsoe.eu,false,
2024-02-17 08:00:00,Italy,North Italy,IT-NO,178.06,233.88,63.23,44.14,entsoe.eu,false,
2024-02-17 09:00:00,Italy,North Italy,IT-NO,166.33,222.15,65.97,45.26,entsoe.eu,false,
2024-02-17 10:00:00,Italy,North Italy,IT-NO,162.89,218.94,66.68,45.98,entsoe.eu,false,
2024-02-17 11:00:00,Italy,North Italy,IT-NO,156.32,212.83,67.73,48.47,entsoe.eu,false,
2024-02-17 12:00:00,Italy,North Italy,IT-NO,154.21,210.8,68.01,48.84,entsoe.eu,false,
2024-02-17 13:00:00,Italy,North Italy,IT-NO,155.43,211.1,68.17,46.82,entsoe.eu,false,
2024-02-17 14:00:00,Italy,North Italy,IT-NO,161.32,217.97,66.74,43.46,entsoe.eu,false,
2024-02-17 15:00:00,Italy,North Italy,IT-NO,172.8,231.06,63.71,40.35,entsoe.eu,false,
2024-02-17 16:00:00,Italy,North Italy,IT-NO,189.72,246.65,60.67,42.19,entsoe.eu,false,
2024-02-17 17:00:00,Italy,North Italy,IT-NO,193.08,244.56,61.5,45.48,entsoe.eu,false,
2024-02-17 18:00:00,Italy,North Italy,IT-NO,195.15,243.89,62.1,46.53,entsoe.eu,false,
2024-02-17 19:00:00,Italy,North Italy,IT-NO,200.12,252.0,60.67,43.81,entsoe.eu,false,
2024-02-17 20:00:00,Italy,North Italy,IT-NO,199.75,257.73,59.02,40.4,entsoe.eu,false,
2024-02-17 21:00:00,Italy,North Italy,IT-NO,198.48,257.23,59.48,37.38,entsoe.eu,false,
2024-02-17 22:00:00,Italy,North Italy,IT-NO,201.27,263.77,57.94,35.19,entsoe.eu,false,
2024-02-17 23:00:00,Italy,North Italy,IT-NO,187.7,243.78,61.45,38.52,entsoe.eu,false,
2024-02-18 00:00:00,Italy,North Italy,IT-NO,180.03,235.76,63.02,37.83,entsoe.eu,false,
2024-02-18 01:00:00,Italy,North Italy,IT-NO,170.0,226.98,64.44,36.95,entsoe.eu,false,
2024-02-18 02:00:00,Italy,North Italy,IT-NO,169.68,227.32,64.5,36.51,entsoe.eu,false,
2024-02-18 03:00:00,Italy,North Italy,IT-NO,169.96,227.8,64.53,36.53,entsoe.eu,false,
2024-02-18 04:00:00,Italy,North Italy,IT-NO,177.11,234.27,63.47,37.06,entsoe.eu,false,
2024-02-18 05:00:00,Italy,North Italy,IT-NO,177.54,233.57,63.46,39.28,entsoe.eu,false,
2024-02-18 06:00:00,Italy,North Italy,IT-NO,162.19,216.24,66.6,42.06,entsoe.eu,false,
2024-02-18 07:00:00,Italy,North Italy,IT-NO,157.88,210.89,67.88,44.16,entsoe.eu,false,
2024-02-18 08:00:00,Italy,North Italy,IT-NO,149.12,201.54,69.58,47.94,entsoe.eu,false,
2024-02-18 09:00:00,Italy,North Italy,IT-NO,142.47,194.68,71.25,51.93,entsoe.eu,false,
2024-02-18 10:00:00,Italy,North Italy,IT-NO,135.12,187.51,72.62,54.6,entsoe.eu,false,
2024-02-18 11:00:00,Italy,North Italy,IT-NO,132.01,184.58,72.95,56.77,entsoe.eu,false,
2024-02-18 12:00:00,Italy,North Italy,IT-NO,128.35,181.21,73.44,58.36,entsoe.eu,false,
2024-02-18 13:00:00,Italy,North Italy,IT-NO,144.07,199.28,70.61,52.49,entsoe.eu,false,
2024-02-18 14:00:00,Italy,North Italy,IT-NO,153.41,209.02,68.69,45.94,entsoe.eu,false,
2024-02-18 15:00:00,Italy,North Italy,IT-NO,169.71,226.52,65.06,40.57,entsoe.eu,false,
2024-02-18 16:00:00,Italy,North Italy,IT-NO,186.62,243.96,61.29,39.04,entsoe.eu,false,
2024-02-18 17:00:00,Italy,North Italy,IT-NO,180.9,232.39,63.6,45.03,entsoe.eu,false,
2024-02-18 18:00:00,Italy,North Italy,IT-NO,182.88,232.26,63.63,45.84,entsoe.eu,false,
2024-02-18 19:00:00,Italy,North Italy,IT-NO,181.37,234.44,63.0,44.13,entsoe.eu,false,
2024-02-18 20:00:00,Italy,North Italy,IT-NO,183.16,239.06,62.2,40.71,entsoe.eu,false,
2024-02-18 21:00:00,Italy,North Italy,IT-NO,188.68,247.17,61.29,36.62,entsoe.eu,false,
2024-02-18 22:00:00,Italy,North Italy,IT-NO,175.17,232.63,64.38,37.24,entsoe.eu,false,
2024-02-18 23:00:00,Italy,North Italy,IT-NO,179.11,238.83,62.61,36.25,entsoe.eu,false,
2024-02-19 00:00:00,Italy,North Italy,IT-NO,172.17,230.64,64.58,36.33,entsoe.eu,false,
2024-02-19 01:00:00,Italy,North Italy,IT-NO,171.0,229.1,65.04,35.82,entsoe.eu,false,
2024-02-19 02:00:00,Italy,North Italy,IT-NO,174.35,233.24,63.91,33.99,entsoe.eu,false,
2024-02-19 03:00:00,Italy,North Italy,IT-NO,176.81,235.98,63.01,32.19,entsoe.eu,false,
2024-02-19 04:00:00,Italy,North Italy,IT-NO,198.34,262.39,57.74,30.04,entsoe.eu,false,
2024-02-19 05:00:00,Italy,North Italy,IT-NO,215.41,279.99,54.11,31.38,entsoe.eu,false,
2024-02-19 06:00:00,Italy,North Italy,IT-NO,220.47,282.82,53.52,35.57,entsoe.eu,false,
2024-02-19 07:00:00,Italy,North Italy,IT-NO,215.46,277.32,54.56,38.11,entsoe.eu,false,
2024-02-19 08:00:00,Italy,North Italy,IT-NO,214.69,277.63,54.53,39.4,entsoe.eu,false,
2024-02-19 09:00:00,Italy,North Italy,IT-NO,217.99,282.66,54.06,39.19,entsoe.eu,false,
2024-02-19 10:00:00,Italy,North Italy,IT-NO,202.38,264.97,57.67,42.08,entsoe.eu,false,
2024-02-19 11:00:00,Italy,North Italy,IT-NO,189.06,249.66,60.77,44.08,entsoe.eu,false,
2024-02-19 12:00:00,Italy,North Italy,IT-NO,191.35,252.47,60.29,44.02,entsoe.eu,false,
2024-02-19 13:00:00,Italy,North Italy,IT-NO,214.7,281.69,54.52,38.87,entsoe.eu,false,
2024-02-19 14:00:00,Italy,North Italy,IT-NO,216.2,280.85,54.44,37.9,entsoe.eu,false,
2024-02-19 15:00:00,Italy,North Italy,IT-NO,216.45,282.71,53.52,36.4,entsoe.eu,false,
2024-02-19 16:00:00,Italy,North Italy,IT-NO,220.53,283.2,53.63,39.02,entsoe.eu,false,
2024-02-19 17:00:00,Italy,North Italy,IT-NO,223.6,285.17,53.3,39.31,entsoe.eu,false,
2024-02-19 18:00:00,Italy,North Italy,IT-NO,224.34,285.52,53.44,39.5,entsoe.eu,false,
2024-02-19 19:00:00,Italy,North Italy,IT-NO,221.95,286.18,52.81,36.58,entsoe.eu,false,
2024-02-19 20:00:00,Italy,North Italy,IT-NO,217.61,281.23,53.9,34.88,entsoe.eu,false,
2024-02-19 21:00:00,Italy,North Italy,IT-NO,213.75,276.02,55.85,34.55,entsoe.eu,false,
2024-02-19 22:00:00,Italy,North Italy,IT-NO,217.48,280.94,55.3,33.26,entsoe.eu,false,
2024-02-19 23:00:00,Italy,North Italy,IT-NO,211.51,276.24,55.98,30.68,entsoe.eu,false,
2024-02-20 00:00:00,Italy,North Italy,IT-NO,197.25,259.02,59.45,31.29,entsoe.eu,false,
2024-02-20 01:00:00,Italy,North Italy,IT-NO,195.26,256.75,59.88,30.94,entsoe.eu,false,
2024-02-20 02:00:00,Italy,North Italy,IT-NO,195.86,257.43,59.6,29.84,entsoe.eu,false,
2024-02-20 03:00:00,Italy,North Italy,IT-NO,194.71,256.21,59.33,29.28,entsoe.eu,false,
2024-02-20 04:00:00,Italy,North Italy,IT-NO,211.28,276.36,55.47,28.45,entsoe.eu,false,
2024-02-20 05:00:00,Italy,North Italy,IT-NO,219.19,283.42,53.71,32.46,entsoe.eu,false,
2024-02-20 06:00:00,Italy,North Italy,IT-NO,229.46,288.99,53.43,39.33,entsoe.eu,false,
2024-02-20 07:00:00,Italy,North Italy,IT-NO,224.38,283.6,54.22,41.39,entsoe.eu,false,
2024-02-20 08:00:00,Italy,North Italy,IT-NO,203.45,262.45,57.85,44.69,entsoe.eu,false,
2024-02-20 09:00:00,Italy,North Italy,IT-NO,201.1,263.0,57.83,43.49,entsoe.eu,false,
2024-02-20 10:00:00,Italy,North Italy,IT-NO,193.51,254.49,59.67,43.93,entsoe.eu,false,
2024-02-20 11:00:00,Italy,North Italy,IT-NO,194.31,256.45,59.48,44.17,entsoe.eu,false,
2024-02-20 12:00:00,Italy,North Italy,IT-NO,192.63,254.72,59.68,43.98,entsoe.eu,false,
2024-02-20 13:00:00,Italy,North Italy,IT-NO,203.7,268.65,56.96,41.28,entsoe.eu,false,
2024-02-20 14:00:00,Italy,North Italy,IT-NO,213.62,279.77,54.82,39.72,entsoe.eu,false,
2024-02-20 15:00:00,Italy,North Italy,IT-NO,223.65,289.83,52.6,37.59,entsoe.eu,false,
2024-02-20 16:00:00,Italy,North Italy,IT-NO,235.26,299.17,50.97,36.71,entsoe.eu,false,
2024-02-20 17:00:00,Italy,North Italy,IT-NO,229.28,291.21,52.36,39.27,entsoe.eu,false,
2024-02-20 18:00:00,Italy,North Italy,IT-NO,231.35,294.52,51.76,39.33,entsoe.eu,false,
2024-02-20 19:00:00,Italy,North Italy,IT-NO,238.2,303.26,50.32,36.84,entsoe.eu,false,
2024-02-20 20:00:00,Italy,North Italy,IT-NO,246.11,315.87,48.34,32.87,entsoe.eu,false,
2024-02-20 21:00:00,Italy,North Italy,IT-NO,241.09,310.56,49.9,31.16,entsoe.eu,false,
2024-02-20 22:00:00,Italy,North Italy,IT-NO,241.18,311.38,50.44,31.15,entsoe.eu,false,
2024-02-20 23:00:00,Italy,North Italy,IT-NO,204.26,267.1,58.06,33.07,entsoe.eu,false,
2024-02-21 00:00:00,Italy,North Italy,IT-NO,189.37,249.02,61.48,34.0,entsoe.eu,false,
2024-02-21 01:00:00,Italy,North Italy,IT-NO,187.66,247.0,61.96,34.51,entsoe.eu,false,
2024-02-21 02:00:00,Italy,North Italy,IT-NO,187.95,247.05,62.06,35.01,entsoe.eu,false,
2024-02-21 03:00:00,Italy,North Italy,IT-NO,185.82,244.54,62.01,34.11,entsoe.eu,false,
2024-02-21 04:00:00,Italy,North Italy,IT-NO,204.6,265.3,58.13,32.7,entsoe.eu,false,
2024-02-21 05:00:00,Italy,North Italy,IT-NO,206.03,265.31,57.26,35.54,entsoe.eu,false,
2024-02-21 06:00:00,Italy,North Italy,IT-NO,206.33,260.61,58.32,40.7,entsoe.eu,false,
2024-02-21 07:00:00,Italy,North Italy,IT-NO,200.83,251.64,60.37,45.0,entsoe.eu,false,
2024-02-21 08:00:00,Italy,North Italy,IT-NO,197.42,252.98,59.74,44.12,entsoe.eu,false,
2024-02-21 09:00:00,Italy,North Italy,IT-NO,187.99,247.89,60.6,44.17,entsoe.eu,false,
2024-02-21 10:00:00,Italy,North Italy,IT-NO,182.12,242.01,62.08,46.17,entsoe.eu,false,
2024-02-21 11:00:00,Italy,North Italy,IT-NO,177.23,236.67,63.31,48.13,entsoe.eu,false,
2024-02-21 12:00:00,Italy,North Italy,IT-NO,175.49,234.57,63.45,47.36,entsoe.eu,false,
2024-02-21 13:00:00,Italy,North Italy,IT-NO,189.07,249.06,60.7,43.57,entsoe.eu,false,
2024-02-21 14:00:00,Italy,North Italy,IT-NO,204.9,266.76,56.74,40.16,entsoe.eu,false,
2024-02-21 15:00:00,Italy,North Italy,IT-NO,219.92,283.42,53.46,37.45,entsoe.eu,false,
2024-02-21 16:00:00,Italy,North Italy,IT-NO,212.64,269.33,56.81,42.14,entsoe.eu,false,
2024-02-21 17:00:00,Italy,North Italy,IT-NO,222.2,280.58,54.38,41.71,entsoe.eu,false,
2024-02-21 18:00:00,Italy,North Italy,IT-NO,224.17,282.85,53.98,41.02,entsoe.eu,false,
2024-02-21 19:00:00,Italy,North Italy,IT-NO,233.61,298.59,50.95,36.18,entsoe.eu,false,
2024-02-21 20:00:00,Italy,North Italy,IT-NO,230.76,296.43,51.53,35.16,entsoe.eu,false,
2024-02-21 21:00:00,Italy,North Italy,IT-NO,214.01,275.25,55.8,36.98,entsoe.eu,false,
2024-02-21 22:00:00,Italy,North Italy,IT-NO,214.68,276.81,55.9,37.52,entsoe.eu,false,
2024-02-21 23:00:00,Italy,North Italy,IT-NO,193.87,254.08,60.34,37.14,entsoe.eu,false,
2024-02-22 00:00:00,Italy,North Italy,IT-NO,191.28,250.98,61.21,36.68,entsoe.eu,false,
2024-02-22 01:00:00,Italy,North Italy,IT-NO,193.89,256.24,60.22,35.48,entsoe.eu,false,
2024-02-22 02:00:00,Italy,North Italy,IT-NO,191.18,252.49,60.96,34.58,entsoe.eu,false,
2024-02-22 03:00:00,Italy,North Italy,IT-NO,193.26,254.82,60.14,34.39,entsoe.eu,false,
2024-02-22 04:00:00,Italy,North Italy,IT-NO,209.31,273.07,56.36,33.89,entsoe.eu,false,
2024-02-22 05:00:00,Italy,North Italy,IT-NO,219.27,282.24,54.27,36.05,entsoe.eu,false,
2024-02-22 06:00:00,Italy,North Italy,IT-NO,235.22,300.82,50.66,37.03,entsoe.eu,false,
2024-02-22 07:00:00,Italy,North Italy,IT-NO,237.06,297.57,51.97,40.3,entsoe.eu,false,
2024-02-22 08:00:00,Italy,North Italy,IT-NO,240.28,302.0,51.29,39.6,entsoe.eu,false,
2024-02-22 09:00:00,Italy,North Italy,IT-NO,232.84,301.73,50.41,38.05,entsoe.eu,false,
2024-02-22 10:00:00,Italy,North Italy,IT-NO,225.23,292.88,51.87,38.9,entsoe.eu,false,
2024-02-22 11:00:00,Italy,North Italy,IT-NO,223.1,290.91,52.25,38.32,entsoe.eu,false,
2024-02-22 12:00:00,Italy,North Italy,IT-NO,229.13,298.4,50.95,37.26,entsoe.eu,false,
2024-02-22 13:00:00,Italy,North Italy,IT-NO,230.19,299.29,50.64,36.72,entsoe.eu,false,
2024-02-22 14:00:00,Italy,North Italy,IT-NO,232.8,302.38,50.02,35.62,entsoe.eu,false,
2024-02-22 15:00:00,Italy,North Italy,IT-NO,228.61,295.24,51.39,36.72,entsoe.eu,false,
2024-02-22 16:00:00,Italy,North Italy,IT-NO,233.28,298.98,50.84,36.98,entsoe.eu,false,
2024-02-22 17:00:00,Italy,North Italy,IT-NO,224.22,287.77,52.88,38.61,entsoe.eu,false,
2024-02-22 18:00:00,Italy,North Italy,IT-NO,227.82,292.03,52.37,38.17,entsoe.eu,false,
2024-02-22 19:00:00,Italy,North Italy,IT-NO,223.06,287.46,53.33,37.04,entsoe.eu,false,
2024-02-22 20:00:00,Italy,North Italy,IT-NO,210.57,273.3,56.37,38.68,entsoe.eu,false,
2024-02-22 21:00:00,Italy,North Italy,IT-NO,189.24,247.37,61.32,39.09,entsoe.eu,false,
2024-02-22 22:00:00,Italy,North Italy,IT-NO,205.0,270.29,57.48,38.39,entsoe.eu,false,
2024-02-22 23:00:00,Italy,North Italy,IT-NO,183.57,243.69,62.49,41.51,entsoe.eu,false,
2024-02-23 00:00:00,Italy,North Italy,IT-NO,186.22,247.2,62.35,42.84,entsoe.eu,false,
2024-02-23 01:00:00,Italy,North Italy,IT-NO,189.88,251.72,61.82,43.67,entsoe.eu,false,
2024-02-23 02:00:00,Italy,North Italy,IT-NO,174.52,232.48,64.71,42.52,entsoe.eu,false,
2024-02-23 03:00:00,Italy,North Italy,IT-NO,173.78,231.46,64.58,40.78,entsoe.eu,false,
2024-02-23 04:00:00,Italy,North Italy,IT-NO,188.85,250.73,60.67,39.48,entsoe.eu,false,
2024-02-23 05:00:00,Italy,North Italy,IT-NO,193.21,253.53,59.3,38.4,entsoe.eu,false,
2024-02-23 06:00:00,Italy,North Italy,IT-NO,217.56,279.36,54.46,40.25,entsoe.eu,false,
2024-02-23 07:00:00,Italy,North Italy,IT-NO,212.58,265.99,57.56,45.09,entsoe.eu,false,
2024-02-23 08:00:00,Italy,North Italy,IT-NO,218.03,269.84,57.18,46.05,entsoe.eu,false,
2024-02-23 09:00:00,Italy,North Italy,IT-NO,219.8,276.08,55.53,44.33,entsoe.eu,false,
2024-02-23 10:00:00,Italy,North Italy,IT-NO,214.58,277.34,54.34,43.15,entsoe.eu,false,
2024-02-23 11:00:00,Italy,North Italy,IT-NO,212.39,275.62,54.76,41.91,entsoe.eu,false,
2024-02-23 12:00:00,Italy,North Italy,IT-NO,215.53,281.6,53.42,39.51,entsoe.eu,false,
2024-02-23 13:00:00,Italy,North Italy,IT-NO,222.25,289.02,52.25,38.26,entsoe.eu,false,
2024-02-23 14:00:00,Italy,North Italy,IT-NO,211.35,274.58,54.55,38.62,entsoe.eu,false,
2024-02-23 15:00:00,Italy,North Italy,IT-NO,223.15,286.84,52.47,38.0,entsoe.eu,false,
2024-02-23 16:00:00,Italy,North Italy,IT-NO,222.82,283.08,53.65,40.08,entsoe.eu,false,
2024-02-23 17:00:00,Italy,North Italy,IT-NO,208.52,261.34,58.26,43.85,entsoe.eu,false,
2024-02-23 18:00:00,Italy,North Italy,IT-NO,213.19,270.81,56.32,43.86,entsoe.eu,false,
2024-02-23 19:00:00,Italy,North Italy,IT-NO,215.05,278.19,54.47,41.28,entsoe.eu,false,
2024-02-23 20:00:00,Italy,North Italy,IT-NO,204.45,266.28,57.19,40.8,entsoe.eu,false,
2024-02-23 21:00:00,Italy,North Italy,IT-NO,183.34,240.95,62.39,40.57,entsoe.eu,false,
2024-02-23 22:00:00,Italy,North Italy,IT-NO,193.13,253.1,60.48,40.54,entsoe.eu,false,
2024-02-23 23:00:00,Italy,North Italy,IT-NO,178.88,236.34,63.97,44.76,entsoe.eu,false,
2024-02-24 00:00:00,Italy,North Italy,IT-NO,175.86,232.81,64.99,45.2,entsoe.eu,false,
2024-02-24 01:00:00,Italy,North Italy,IT-NO,183.92,243.42,62.8,43.55,entsoe.eu,false,
2024-02-24 02:00:00,Italy,North Italy,IT-NO,185.29,244.62,62.76,43.33,entsoe.eu,false,
2024-02-24 03:00:00,Italy,North Italy,IT-NO,170.71,226.42,65.86,43.04,entsoe.eu,false,
2024-02-24 04:00:00,Italy,North Italy,IT-NO,167.76,222.41,66.27,42.35,entsoe.eu,false,
2024-02-24 05:00:00,Italy,North Italy,IT-NO,166.05,219.83,66.27,43.22,entsoe.eu,false,
2024-02-24 06:00:00,Italy,North Italy,IT-NO,154.77,203.57,68.77,46.81,entsoe.eu,false,
2024-02-24 07:00:00,Italy,North Italy,IT-NO,150.46,195.37,70.56,53.34,entsoe.eu,false,
2024-02-24 08:00:00,Italy,North Italy,IT-NO,153.27,199.4,70.12,56.57,entsoe.eu,false,
2024-02-24 09:00:00,Italy,North Italy,IT-NO,148.27,197.22,70.47,56.47,entsoe.eu,false,
2024-02-24 10:00:00,Italy,North Italy,IT-NO,144.69,195.81,70.31,55.3,entsoe.eu,false,
2024-02-24 11:00:00,Italy,North Italy,IT-NO,152.09,205.43,68.19,54.76,entsoe.eu,false,
2024-02-24 12:00:00,Italy,North Italy,IT-NO,147.45,199.91,69.45,54.37,entsoe.eu,false,
2024-02-24 13:00:00,Italy,North Italy,IT-NO,143.66,195.04,70.4,51.42,entsoe.eu,false,
2024-02-24 14:00:00,Italy,North Italy,IT-NO,140.7,190.61,71.11,48.25,entsoe.eu,false,
2024-02-24 15:00:00,Italy,North Italy,IT-NO,152.76,203.91,68.38,45.7,entsoe.eu,false,
2024-02-24 16:00:00,Italy,North Italy,IT-NO,163.78,214.66,66.28,45.31,entsoe.eu,false,
2024-02-24 17:00:00,Italy,North Italy,IT-NO,167.69,217.83,65.67,49.46,entsoe.eu,false,
2024-02-24 18:00:00,Italy,North Italy,IT-NO,168.82,217.6,65.94,49.8,entsoe.eu,false,
2024-02-24 19:00:00,Italy,North Italy,IT-NO,167.26,219.0,65.26,47.84,entsoe.eu,false,
2024-02-24 20:00:00,Italy,North Italy,IT-NO,173.76,227.5,64.44,44.55,entsoe.eu,false,
2024-02-24 21:00:00,Italy,North Italy,IT-NO,173.47,228.49,64.85,43.52,entsoe.eu,false,
2024-02-24 22:00:00,Italy,North Italy,IT-NO,175.15,230.97,64.8,43.6,entsoe.eu,false,
2024-02-24 23:00:00,Italy,North Italy,IT-NO,170.61,226.02,65.71,44.45,entsoe.eu,false,
2024-02-25 00:00:00,Italy,North Italy,IT-NO,144.0,193.21,71.66,44.61,entsoe.eu,false,
2024-02-25 01:00:00,Italy,North Italy,IT-NO,171.97,229.23,65.33,43.43,entsoe.eu,false,
2024-02-25 02:00:00,Italy,North Italy,IT-NO,169.53,226.68,65.28,41.64,entsoe.eu,false,
2024-02-25 03:00:00,Italy,North Italy,IT-NO,153.94,206.44,68.76,40.19,entsoe.eu,false,
2024-02-25 04:00:00,Italy,North Italy,IT-NO,165.15,220.52,66.61,42.18,entsoe.eu,false,
2024-02-25 05:00:00,Italy,North Italy,IT-NO,169.28,225.44,65.53,42.39,entsoe.eu,false,
2024-02-25 06:00:00,Italy,North Italy,IT-NO,164.63,219.64,66.24,44.52,entsoe.eu,false,
2024-02-25 07:00:00,Italy,North Italy,IT-NO,153.78,207.13,68.47,49.03,entsoe.eu,false,
2024-02-25 08:00:00,Italy,North Italy,IT-NO,148.66,202.06,70.0,54.37,entsoe.eu,false,
2024-02-25 09:00:00,Italy,North Italy,IT-NO,133.98,185.53,72.93,59.25,entsoe.eu,false,
2024-02-25 10:00:00,Italy,North Italy,IT-NO,131.02,181.84,73.41,61.27,entsoe.eu,false,
2024-02-25 11:00:00,Italy,North Italy,IT-NO,141.83,195.54,70.79,60.42,entsoe.eu,false,
2024-02-25 12:00:00,Italy,North Italy,IT-NO,138.93,194.54,70.61,61.08,entsoe.eu,false,
2024-02-25 13:00:00,Italy,North Italy,IT-NO,137.55,191.86,71.44,58.82,entsoe.eu,false,
2024-02-25 14:00:00,Italy,North Italy,IT-NO,135.04,186.57,72.51,55.24,entsoe.eu,false,
2024-02-25 15:00:00,Italy,North Italy,IT-NO,138.52,189.18,71.11,49.65,entsoe.eu,false,
2024-02-25 16:00:00,Italy,North Italy,IT-NO,168.43,219.92,65.65,46.61,entsoe.eu,false,
2024-02-25 17:00:00,Italy,North Italy,IT-NO,171.22,211.97,68.21,52.77,entsoe.eu,false,
2024-02-25 18:00:00,Italy,North Italy,IT-NO,166.28,202.24,70.23,55.16,entsoe.eu,false,
2024-02-25 19:00:00,Italy,North Italy,IT-NO,171.87,210.48,68.49,51.33,entsoe.eu,false,
2024-02-25 20:00:00,Italy,North Italy,IT-NO,178.84,223.62,65.83,46.41,entsoe.eu,false,
2024-02-25 21:00:00,Italy,North Italy,IT-NO,177.67,229.2,64.62,42.82,entsoe.eu,false,
2024-02-25 22:00:00,Italy,North Italy,IT-NO,172.16,227.78,64.9,40.88,entsoe.eu,false,
2024-02-25 23:00:00,Italy,North Italy,IT-NO,169.25,224.61,66.04,40.48,entsoe.eu,false,
2024-02-26 00:00:00,Italy,North Italy,IT-NO,171.92,228.24,65.52,40.33,entsoe.eu,false,
2024-02-26 01:00:00,Italy,North Italy,IT-NO,175.75,233.05,64.62,39.77,entsoe.eu,false,
2024-02-26 02:00:00,Italy,North Italy,IT-NO,169.39,225.41,65.58,39.64,entsoe.eu,false,
2024-02-26 03:00:00,Italy,North Italy,IT-NO,170.65,227.32,64.95,38.49,entsoe.eu,false,
2024-02-26 04:00:00,Italy,North Italy,IT-NO,187.81,248.1,60.87,35.65,entsoe.eu,false,
2024-02-26 05:00:00,Italy,North Italy,IT-NO,205.77,270.45,55.63,34.75,entsoe.eu,false,
2024-02-26 06:00:00,Italy,North Italy,IT-NO,222.25,289.17,51.84,36.09,entsoe.eu,false,
2024-02-26 07:00:00,Italy,North Italy,IT-NO,227.41,288.25,52.9,39.43,entsoe.eu,false,
2024-02-26 08:00:00,Italy,North Italy,IT-NO,222.96,289.5,51.83,38.0,entsoe.eu,false,
2024-02-26 09:00:00,Italy,North Italy,IT-NO,223.99,293.07,51.09,37.26,entsoe.eu,false,
2024-02-26 10:00:00,Italy,North Italy,IT-NO,230.87,301.73,49.47,36.09,entsoe.eu,false,
2024-02-26 11:00:00,Italy,North Italy,IT-NO,226.63,297.47,50.67,36.02,entsoe.eu,false,
2024-02-26 12:00:00,Italy,North Italy,IT-NO,227.22,297.05,50.87,35.51,entsoe.eu,false,
2024-02-26 13:00:00,Italy,North Italy,IT-NO,233.27,303.41,49.62,34.6,entsoe.eu,false,
2024-02-26 14:00:00,Italy,North Italy,IT-NO,231.5,300.05,50.09,35.48,entsoe.eu,false,
2024-02-26 15:00:00,Italy,North Italy,IT-NO,223.87,289.32,51.85,37.69,entsoe.eu,false,
2024-02-26 16:00:00,Italy,North Italy,IT-NO,221.74,285.69,52.6,38.82,entsoe.eu,false,
2024-02-26 17:00:00,Italy,North Italy,IT-NO,227.08,287.7,52.83,40.63,entsoe.eu,false,
2024-02-26 18:00:00,Italy,North Italy,IT-NO,223.1,285.29,52.93,40.3,entsoe.eu,false,
2024-02-26 19:00:00,Italy,North Italy,IT-NO,225.77,292.49,51.19,36.51,entsoe.eu,false,
2024-02-26 20:00:00,Italy,North Italy,IT-NO,225.24,291.23,52.31,34.99,entsoe.eu,false,
2024-02-26 21:00:00,Italy,North Italy,IT-NO,211.0,273.66,55.92,36.27,entsoe.eu,false,
2024-02-26 22:00:00,Italy,North Italy,IT-NO,209.18,272.64,56.41,35.93,entsoe.eu,false,
2024-02-26 23:00:00,Italy,North Italy,IT-NO,204.88,268.07,56.7,35.31,entsoe.eu,false,
2024-02-27 00:00:00,Italy,North Italy,IT-NO,199.66,261.95,57.81,35.32,entsoe.eu,false,
2024-02-27 01:00:00,Italy,North Italy,IT-NO,194.82,256.01,58.98,35.55,entsoe.eu,false,
2024-02-27 02:00:00,Italy,North Italy,IT-NO,201.67,264.94,57.07,34.38,entsoe.eu,false,
2024-02-27 03:00:00,Italy,North Italy,IT-NO,206.43,271.24,55.55,33.37,entsoe.eu,false,
2024-02-27 04:00:00,Italy,North Italy,IT-NO,216.24,282.66,53.56,32.54,entsoe.eu,false,
2024-02-27 05:00:00,Italy,North Italy,IT-NO,228.25,297.21,50.28,33.19,entsoe.eu,false,
2024-02-27 06:00:00,Italy,North Italy,IT-NO,235.36,302.18,49.66,36.52,entsoe.eu,false,
2024-02-27 07:00:00,Italy,North Italy,IT-NO,230.1,292.22,51.74,39.1,entsoe.eu,false,
2024-02-27 08:00:00,Italy,North Italy,IT-NO,230.11,295.95,50.52,38.28,entsoe.eu,false,
2024-02-27 09:00:00,Italy,North Italy,IT-NO,235.68,303.33,49.19,36.72,entsoe.eu,false,
2024-02-27 10:00:00,Italy,North Italy,IT-NO,225.83,291.5,51.28,37.37,entsoe.eu,false,
2024-02-27 11:00:00,Italy,North Italy,IT-NO,236.39,308.95,47.92,34.14,entsoe.eu,false,
2024-02-27 12:00:00,Italy,North Italy,IT-NO,236.61,309.15,47.82,33.47,entsoe.eu,false,
2024-02-27 13:00:00,Italy,North Italy,IT-NO,238.22,308.02,48.24,34.63,entsoe.eu,false,
2024-02-27 14:00:00,Italy,North Italy,IT-NO,240.18,310.94,47.54,33.5,entsoe.eu,false,
2024-02-27 15:00:00,Italy,North Italy,IT-NO,235.23,303.67,48.88,34.78,entsoe.eu,false,
2024-02-27 16:00:00,Italy,North Italy,IT-NO,245.21,311.69,47.97,35.79,entsoe.eu,false,
2024-02-27 17:00:00,Italy,North Italy,IT-NO,245.68,309.22,48.69,37.88,entsoe.eu,false,
2024-02-27 18:00:00,Italy,North Italy,IT-NO,246.84,311.31,48.14,37.13,entsoe.eu,false,
2024-02-27 19:00:00,Italy,North Italy,IT-NO,238.87,306.7,48.5,34.93,entsoe.eu,false,
2024-02-27 20:00:00,Italy,North Italy,IT-NO,232.47,299.58,49.95,33.06,entsoe.eu,false,
2024-02-27 21:00:00,Italy,North Italy,IT-NO,223.6,289.7,52.01,32.95,entsoe.eu,false,
2024-02-27 22:00:00,Italy,North Italy,IT-NO,231.44,300.51,50.44,31.49,entsoe.eu,false,
2024-02-27 23:00:00,Italy,North Italy,IT-NO,214.3,279.67,54.33,33.01,entsoe.eu,false,
2024-02-28 00:00:00,Italy,North Italy,IT-NO,202.24,264.53,57.47,34.08,entsoe.eu,false,
2024-02-28 01:00:00,Italy,North Italy,IT-NO,198.54,260.67,57.97,33.43,entsoe.eu,false,
2024-02-28 02:00:00,Italy,North Italy,IT-NO,199.34,261.96,57.64,32.96,entsoe.eu,false,
2024-02-28 03:00:00,Italy,North Italy,IT-NO,204.39,268.24,56.22,32.36,entsoe.eu,false,
2024-02-28 04:00:00,Italy,North Italy,IT-NO,224.08,292.23,51.69,30.95,entsoe.eu,false,
2024-02-28 05:00:00,Italy,North Italy,IT-NO,238.3,309.21,48.22,32.02,entsoe.eu,false,
2024-02-28 06:00:00,Italy,North Italy,IT-NO,263.67,337.06,43.12,32.39,entsoe.eu,false,
2024-02-28 07:00:00,Italy,North Italy,IT-NO,251.11,320.45,46.1,35.15,entsoe.eu,false,
2024-02-28 08:00:00,Italy,North Italy,IT-NO,245.86,309.87,48.64,37.9,entsoe.eu,false,
2024-02-28 09:00:00,Italy,North Italy,IT-NO,248.18,315.81,47.28,36.14,entsoe.eu,false,
2024-02-28 10:00:00,Italy,North Italy,IT-NO,253.84,326.29,44.86,33.36,entsoe.eu,false,
2024-02-28 11:00:00,Italy,North Italy,IT-NO,252.16,326.34,44.96,31.98,entsoe.eu,false,
2024-02-28 12:00:00,Italy,North Italy,IT-NO,244.0,317.96,46.19,33.67,entsoe.eu,false,
2024-02-28 13:00:00,Italy,North Italy,IT-NO,247.79,321.41,45.62,33.36,entsoe.eu,false,
2024-02-28 14:00:00,Italy,North Italy,IT-NO,249.96,323.21,45.38,32.81,entsoe.eu,false,
2024-02-28 15:00:00,Italy,North Italy,IT-NO,247.89,319.02,46.42,33.44,entsoe.eu,false,
2024-02-28 16:00:00,Italy,North Italy,IT-NO,251.05,321.69,46.0,33.5,entsoe.eu,false,
2024-02-28 17:00:00,Italy,North Italy,IT-NO,244.26,310.97,48.02,36.56,entsoe.eu,false,
2024-02-28 18:00:00,Italy,North Italy,IT-NO,240.88,307.55,48.42,36.18,entsoe.eu,false,
2024-02-28 19:00:00,Italy,North Italy,IT-NO,243.65,312.19,47.6,34.01,entsoe.eu,false,
2024-02-28 20:00:00,Italy,North Italy,IT-NO,226.47,289.61,52.46,36.29,entsoe.eu,false,
2024-02-28 21:00:00,Italy,North Italy,IT-NO,210.43,274.68,55.35,36.43,entsoe.eu,false,
2024-02-28 22:00:00,Italy,North Italy,IT-NO,208.63,271.94,56.91,36.25,entsoe.eu,false,
2024-02-28 23:00:00,Italy,North Italy,IT-NO,205.96,270.42,56.88,37.81,entsoe.eu,false,
2024-02-29 00:00:00,Italy,North Italy,IT-NO,198.37,260.5,59.38,39.65,entsoe.eu,false,
2024-02-29 01:00:00,Italy,North Italy,IT-NO,198.98,261.2,59.27,39.43,entsoe.eu,false,
2024-02-29 02:00:00,Italy,North Italy,IT-NO,202.73,265.96,58.38,38.82,entsoe.eu,false,
2024-02-29 03:00:00,Italy,North Italy,IT-NO,205.8,269.43,57.7,37.47,entsoe.eu,false,
2024-02-29 04:00:00,Italy,North Italy,IT-NO,225.18,292.83,52.99,34.78,entsoe.eu,false,
2024-02-29 05:00:00,Italy,North Italy,IT-NO,242.02,313.9,47.76,33.45,entsoe.eu,false,
2024-02-29 06:00:00,Italy,North Italy,IT-NO,249.79,319.74,46.71,34.52,entsoe.eu,false,
2024-02-29 07:00:00,Italy,North Italy,IT-NO,244.23,310.34,48.38,37.7,entsoe.eu,false,
2024-02-29 08:00:00,Italy,North Italy,IT-NO,241.34,301.16,50.87,41.16,entsoe.eu,false,
2024-02-29 09:00:00,Italy,North Italy,IT-NO,243.94,309.21,49.05,39.04,entsoe.eu,false,
2024-02-29 10:00:00,Italy,North Italy,IT-NO,241.86,310.97,48.13,37.94,entsoe.eu,false,
2024-02-29 11:00:00,Italy,North Italy,IT-NO,232.48,301.02,49.84,38.42,entsoe.eu,false,
2024-02-29 12:00:00,Italy,North Italy,IT-NO,241.84,313.86,47.25,35.02,entsoe.eu,false,
2024-02-29 13:00:00,Italy,North Italy,IT-NO,246.94,319.77,45.92,34.07,entsoe.eu,false,
2024-02-29 14:00:00,Italy,North Italy,IT-NO,256.95,331.02,43.76,32.45,entsoe.eu,false,
2024-02-29 15:00:00,Italy,North Italy,IT-NO,260.36,335.15,42.68,31.93,entsoe.eu,false,
2024-02-29 16:00:00,Italy,North Italy,IT-NO,261.48,333.89,43.32,32.7,entsoe.eu,false,
2024-02-29 17:00:00,Italy,North Italy,IT-NO,253.04,321.55,45.82,35.85,entsoe.eu,false,
2024-02-29 18:00:00,Italy,North Italy,IT-NO,248.98,312.47,47.97,37.9,entsoe.eu,false,
2024-02-29 19:00:00,Italy,North Italy,IT-NO,251.78,319.55,46.19,34.56,entsoe.eu,false,
2024-02-29 20:00:00,Italy,North Italy,IT-NO,239.82,309.98,47.61,33.23,entsoe.eu,false,
2024-02-29 21:00:00,Italy,North Italy,IT-NO,234.88,302.62,50.04,34.54,entsoe.eu,false,
2024-02-29 22:00:00,Italy,North Italy,IT-NO,224.8,291.76,52.39,36.35,entsoe.eu,false,
2024-02-29 23:00:00,Italy,North Italy,IT-NO,206.7,269.87,56.67,37.38,entsoe.eu,false,
2024-03-01 00:00:00,Italy,North Italy,IT-NO,202.56,265.41,57.34,37.08,entsoe.eu,false,
2024-03-01 01:00:00,Italy,North Italy,IT-NO,186.3,245.53,61.03,38.5,entsoe.eu,false,
2024-03-01 02:00:00,Italy,North Italy,IT-NO,187.13,247.06,60.35,37.84,entsoe.eu,false,
2024-03-01 03:00:00,Italy,North Italy,IT-NO,193.17,254.4,58.88,37.05,entsoe.eu,false,
2024-03-01 04:00:00,Italy,North Italy,IT-NO,211.55,276.83,54.58,35.05,entsoe.eu,false,
2024-03-01 05:00:00,Italy,North Italy,IT-NO,221.95,286.25,52.59,36.07,entsoe.eu,false,
2024-03-01 06:00:00,Italy,North Italy,IT-NO,230.54,297.46,50.02,35.92,entsoe.eu,false,
2024-03-01 07:00:00,Italy,North Italy,IT-NO,228.13,292.66,50.95,38.8,entsoe.eu,false,
2024-03-01 08:00:00,Italy,North Italy,IT-NO,229.35,294.45,50.58,38.59,entsoe.eu,false,
2024-03-01 09:00:00,Italy,North Italy,IT-NO,226.87,292.91,51.0,38.78,entsoe.eu,false,
2024-03-01 10:00:00,Italy,North Italy,IT-NO,224.78,291.35,51.38,38.29,entsoe.eu,false,
2024-03-01 11:00:00,Italy,North Italy,IT-NO,218.3,283.83,52.66,38.51,entsoe.eu,false,
2024-03-01 12:00:00,Italy,North Italy,IT-NO,209.44,274.01,54.44,40.82,entsoe.eu,false,
2024-03-01 13:00:00,Italy,North Italy,IT-NO,218.2,283.82,52.59,39.5,entsoe.eu,false,
2024-03-01 14:00:00,Italy,North Italy,IT-NO,216.99,281.44,53.1,38.97,entsoe.eu,false,
2024-03-01 15:00:00,Italy,North Italy,IT-NO,220.17,283.88,52.8,38.42,entsoe.eu,false,
2024-03-01 16:00:00,Italy,North Italy,IT-NO,220.92,283.7,52.84,39.69,entsoe.eu,false,
2024-03-01 17:00:00,Italy,North Italy,IT-NO,219.07,280.22,53.5,41.3,entsoe.eu,false,
2024-03-01 18:00:00,Italy,North Italy,IT-NO,224.11,285.22,52.58,40.84,entsoe.eu,false,
2024-03-01 19:00:00,Italy,North Italy,IT-NO,225.63,287.38,52.02,38.11,entsoe.eu,false,
2024-03-01 20:00:00,Italy,North Italy,IT-NO,215.51,277.19,53.98,37.94,entsoe.eu,false,
2024-03-01 21:00:00,Italy,North Italy,IT-NO,202.82,262.87,57.05,39.26,entsoe.eu,false,
2024-03-01 22:00:00,Italy,North Italy,IT-NO,205.93,267.14,56.72,39.42,entsoe.eu,false,
2024-03-01 23:00:00,Italy,North Italy,IT-NO,167.13,220.49,65.63,44.93,entsoe.eu,false,
2024-03-02 00:00:00,Italy,North Italy,IT-NO,160.75,213.53,67.15,44.31,entsoe.eu,false,
2024-03-02 01:00:00,Italy,North Italy,IT-NO,150.72,201.8,69.78,45.61,entsoe.eu,false,
2024-03-02 02:00:00,Italy,North Italy,IT-NO,155.68,207.63,68.5,44.66,entsoe.eu,false,
2024-03-02 03:00:00,Italy,North Italy,IT-NO,152.93,204.42,68.84,44.12,entsoe.eu,false,
2024-03-02 04:00:00,Italy,North Italy,IT-NO,159.05,211.23,67.59,44.31,entsoe.eu,false,
2024-03-02 05:00:00,Italy,North Italy,IT-NO,162.69,214.92,66.82,45.69,entsoe.eu,false,
2024-03-02 06:00:00,Italy,North Italy,IT-NO,166.4,210.71,68.39,48.58,entsoe.eu,false,
2024-03-02 07:00:00,Italy,North Italy,IT-NO,162.35,204.56,69.49,50.98,entsoe.eu,false,
2024-03-02 08:00:00,Italy,North Italy,IT-NO,158.5,206.04,68.66,50.93,entsoe.eu,false,
2024-03-02 09:00:00,Italy,North Italy,IT-NO,154.55,206.27,68.34,50.45,entsoe.eu,false,
2024-03-02 10:00:00,Italy,North Italy,IT-NO,153.24,206.95,68.19,50.82,entsoe.eu,false,
2024-03-02 11:00:00,Italy,North Italy,IT-NO,151.06,205.45,68.43,52.56,entsoe.eu,false,
2024-03-02 12:00:00,Italy,North Italy,IT-NO,143.57,197.47,69.87,56.6,entsoe.eu,false,
2024-03-02 13:00:00,Italy,North Italy,IT-NO,144.07,197.1,70.5,56.67,entsoe.eu,false,
2024-03-02 14:00:00,Italy,North Italy,IT-NO,144.4,196.16,70.53,51.16,entsoe.eu,false,
2024-03-02 15:00:00,Italy,North Italy,IT-NO,152.28,204.16,68.39,47.57,entsoe.eu,false,
2024-03-02 16:00:00,Italy,North Italy,IT-NO,147.75,193.11,70.26,51.48,entsoe.eu,false,
2024-03-02 17:00:00,Italy,North Italy,IT-NO,165.27,196.45,71.71,56.59,entsoe.eu,false,
2024-03-02 18:00:00,Italy,North Italy,IT-NO,158.18,192.49,71.91,56.35,entsoe.eu,false,
2024-03-02 19:00:00,Italy,North Italy,IT-NO,168.76,206.84,69.56,52.16,entsoe.eu,false,
2024-03-02 20:00:00,Italy,North Italy,IT-NO,157.03,206.37,68.27,49.08,entsoe.eu,false,
2024-03-02 21:00:00,Italy,North Italy,IT-NO,154.99,206.26,68.55,47.28,entsoe.eu,false,
2024-03-02 22:00:00,Italy,North Italy,IT-NO,167.81,222.32,65.98,46.73,entsoe.eu,false,
2024-03-02 23:00:00,Italy,North Italy,IT-NO,151.17,202.43,69.76,51.72,entsoe.eu,false,
2024-03-03 00:00:00,Italy,North Italy,IT-NO,147.43,197.6,70.92,52.68,entsoe.eu,false,
2024-03-03 01:00:00,Italy,North Italy,IT-NO,146.3,197.36,70.58,52.56,entsoe.eu,false,
2024-03-03 02:00:00,Italy,North Italy,IT-NO,144.18,195.25,70.69,51.65,entsoe.eu,false,
2024-03-03 03:00:00,Italy,North Italy,IT-NO,143.46,193.97,70.95,50.81,entsoe.eu,false,
2024-03-03 04:00:00,Italy,North Italy,IT-NO,140.29,188.46,71.9,51.75,entsoe.eu,false,
2024-03-03 05:00:00,Italy,North Italy,IT-NO,132.99,177.87,74.08,53.29,entsoe.eu,false,
2024-03-03 06:00:00,Italy,North Italy,IT-NO,136.58,181.72,73.25,53.7,entsoe.eu,false,
2024-03-03 07:00:00,Italy,North Italy,IT-NO,138.76,185.87,72.77,55.77,entsoe.eu,false,
2024-03-03 08:00:00,Italy,North Italy,IT-NO,131.61,177.73,74.45,62.04,entsoe.eu,false,
2024-03-03 09:00:00,Italy,North Italy,IT-NO,117.75,165.11,76.39,66.63,entsoe.eu,false,
2024-03-03 10:00:00,Italy,North Italy,IT-NO,121.47,170.89,75.02,64.25,entsoe.eu,false,
2024-03-03 11:00:00,Italy,North Italy,IT-NO,126.66,177.52,73.75,64.53,entsoe.eu,false,
2024-03-03 12:00:00,Italy,North Italy,IT-NO,134.53,186.99,72.1,62.44,entsoe.eu,false,
2024-03-03 13:00:00,Italy,North Italy,IT-NO,137.77,189.77,71.76,59.45,entsoe.eu,false,
2024-03-03 14:00:00,Italy,North Italy,IT-NO,139.59,190.45,72.2,55.72,entsoe.eu,false,
2024-03-03 15:00:00,Italy,North Italy,IT-NO,144.83,194.4,70.62,48.21,entsoe.eu,false,
2024-03-03 16:00:00,Italy,North Italy,IT-NO,143.6,191.53,70.26,47.97,entsoe.eu,false,
2024-03-03 17:00:00,Italy,North Italy,IT-NO,162.77,194.3,72.43,54.86,entsoe.eu,false,
2024-03-03 18:00:00,Italy,North Italy,IT-NO,172.43,204.17,70.81,54.66,entsoe.eu,false,
2024-03-03 19:00:00,Italy,North Italy,IT-NO,168.18,200.6,71.41,53.65,entsoe.eu,false,
2024-03-03 20:00:00,Italy,North Italy,IT-NO,159.6,200.13,70.64,51.32,entsoe.eu,false,
2024-03-03 21:00:00,Italy,North Italy,IT-NO,151.74,201.7,69.35,47.28,entsoe.eu,false,
2024-03-03 22:00:00,Italy,North Italy,IT-NO,171.09,225.18,65.67,44.33,entsoe.eu,false,
2024-03-03 23:00:00,Italy,North Italy,IT-NO,162.65,215.13,67.73,46.59,entsoe.eu,false,
2024-03-04 00:00:00,Italy,North Italy,IT-NO,161.56,214.55,67.78,46.33,entsoe.eu,false,
2024-03-04 01:00:00,Italy,North Italy,IT-NO,177.33,234.58,64.14,44.75,entsoe.eu,false,
2024-03-04 02:00:00,Italy,North Italy,IT-NO,185.17,244.48,61.88,42.7,entsoe.eu,false,
2024-03-04 03:00:00,Italy,North Italy,IT-NO,190.75,251.43,60.18,40.59,entsoe.eu,false,
2024-03-04 04:00:00,Italy,North Italy,IT-NO,187.26,246.78,60.91,40.05,entsoe.eu,false,
2024-03-04 05:00:00,Italy,North Italy,IT-NO,191.68,249.88,59.57,43.2,entsoe.eu,false,
2024-03-04 06:00:00,Italy,North Italy,IT-NO,240.8,304.71,49.68,40.86,entsoe.eu,false,
2024-03-04 07:00:00,Italy,North Italy,IT-NO,226.92,285.55,53.43,44.37,entsoe.eu,false,
2024-03-04 08:00:00,Italy,North Italy,IT-NO,219.57,278.89,54.36,45.35,entsoe.eu,false,
2024-03-04 09:00:00,Italy,North Italy,IT-NO,216.21,278.5,53.97,43.63,entsoe.eu,false,
2024-03-04 10:00:00,Italy,North Italy,IT-NO,212.36,274.4,54.81,43.43,entsoe.eu,false,
2024-03-04 11:00:00,Italy,North Italy,IT-NO,208.53,271.76,55.27,41.54,entsoe.eu,false,
2024-03-04 12:00:00,Italy,North Italy,IT-NO,204.29,268.6,55.88,40.88,entsoe.eu,false,
2024-03-04 13:00:00,Italy,North Italy,IT-NO,213.29,279.82,53.66,39.22,entsoe.eu,false,
2024-03-04 14:00:00,Italy,North Italy,IT-NO,224.35,292.53,51.39,38.47,entsoe.eu,false,
2024-03-04 15:00:00,Italy,North Italy,IT-NO,232.02,299.82,49.97,37.38,entsoe.eu,false,
2024-03-04 16:00:00,Italy,North Italy,IT-NO,233.9,298.4,50.52,38.93,entsoe.eu,false,
2024-03-04 17:00:00,Italy,North Italy,IT-NO,238.42,300.73,50.26,40.29,entsoe.eu,false,
2024-03-04 18:00:00,Italy,North Italy,IT-NO,238.02,297.27,51.38,41.35,entsoe.eu,false,
2024-03-04 19:00:00,Italy,North Italy,IT-NO,239.51,304.89,49.21,37.53,entsoe.eu,false,
2024-03-04 20:00:00,Italy,North Italy,IT-NO,236.09,303.18,49.52,35.71,entsoe.eu,false,
2024-03-04 21:00:00,Italy,North Italy,IT-NO,225.76,292.87,51.97,36.37,entsoe.eu,false,
2024-03-04 22:00:00,Italy,North Italy,IT-NO,230.17,299.75,51.14,35.12,entsoe.eu,false,
2024-03-04 23:00:00,Italy,North Italy,IT-NO,213.03,278.7,54.8,36.58,entsoe.eu,false,
2024-03-05 00:00:00,Italy,North Italy,IT-NO,207.09,271.76,56.16,36.34,entsoe.eu,false,
2024-03-05 01:00:00,Italy,North Italy,IT-NO,204.88,268.95,56.9,36.44,entsoe.eu,false,
2024-03-05 02:00:00,Italy,North Italy,IT-NO,192.64,254.19,59.18,37.14,entsoe.eu,false,
2024-03-05 03:00:00,Italy,North Italy,IT-NO,199.89,263.14,57.38,35.59,entsoe.eu,false,
2024-03-05 04:00:00,Italy,North Italy,IT-NO,214.08,279.25,54.42,35.03,entsoe.eu,false,
2024-03-05 05:00:00,Italy,North Italy,IT-NO,230.86,295.78,51.23,35.91,entsoe.eu,false,
2024-03-05 06:00:00,Italy,North Italy,IT-NO,223.1,283.2,53.48,40.75,entsoe.eu,false,
2024-03-05 07:00:00,Italy,North Italy,IT-NO,213.25,269.01,56.62,44.86,entsoe.eu,false,
2024-03-05 08:00:00,Italy,North Italy,IT-NO,187.69,245.5,60.37,47.05,entsoe.eu,false,
2024-03-05 09:00:00,Italy,North Italy,IT-NO,185.68,245.72,60.33,47.66,entsoe.eu,false,
2024-03-05 10:00:00,Italy,North Italy,IT-NO,178.18,237.74,61.92,48.86,entsoe.eu,false,
2024-03-05 11:00:00,Italy,North Italy,IT-NO,182.21,242.08,61.52,48.23,entsoe.eu,false,
2024-03-05 12:00:00,Italy,North Italy,IT-NO,186.71,248.38,60.13,46.48,entsoe.eu,false,
2024-03-05 13:00:00,Italy,North Italy,IT-NO,199.95,265.17,56.28,42.76,entsoe.eu,false,
2024-03-05 14:00:00,Italy,North Italy,IT-NO,231.22,300.38,49.99,37.96,entsoe.eu,false,
2024-03-05 15:00:00,Italy,North Italy,IT-NO,240.92,308.82,48.44,36.16,entsoe.eu,false,
2024-03-05 16:00:00,Italy,North Italy,IT-NO,237.16,301.44,49.91,37.59,entsoe.eu,false,
2024-03-05 17:00:00,Italy,North Italy,IT-NO,237.86,295.42,51.83,41.4,entsoe.eu,false,
2024-03-05 18:00:00,Italy,North Italy,IT-NO,239.91,298.16,51.38,41.54,entsoe.eu,false,
2024-03-05 19:00:00,Italy,North Italy,IT-NO,235.24,298.63,50.81,39.71,entsoe.eu,false,
2024-03-05 20:00:00,Italy,North Italy,IT-NO,226.03,292.06,51.8,38.1,entsoe.eu,false,
2024-03-05 21:00:00,Italy,North Italy,IT-NO,216.91,281.91,54.41,38.25,entsoe.eu,false,
2024-03-05 22:00:00,Italy,North Italy,IT-NO,220.58,286.64,53.85,36.66,entsoe.eu,false,
2024-03-05 23:00:00,Italy,North Italy,IT-NO,215.17,280.49,54.89,37.89,entsoe.eu,false,
2024-03-06 00:00:00,Italy,North Italy,IT-NO,204.65,268.05,57.29,38.59,entsoe.eu,false,
2024-03-06 01:00:00,Italy,North Italy,IT-NO,193.61,254.11,60.47,40.93,entsoe.eu,false,
2024-03-06 02:00:00,Italy,North Italy,IT-NO,192.99,254.43,59.75,38.41,entsoe.eu,false,
2024-03-06 03:00:00,Italy,North Italy,IT-NO,187.78,247.62,60.97,39.39,entsoe.eu,false,
2024-03-06 04:00:00,Italy,North Italy,IT-NO,205.46,269.5,56.56,37.34,entsoe.eu,false,
2024-03-06 05:00:00,Italy,North Italy,IT-NO,218.38,280.18,54.18,39.29,entsoe.eu,false,
2024-03-06 06:00:00,Italy,North Italy,IT-NO,231.12,284.58,54.99,44.56,entsoe.eu,false,
2024-03-06 07:00:00,Italy,North Italy,IT-NO,216.08,267.85,57.75,48.52,entsoe.eu,false,
2024-03-06 08:00:00,Italy,North Italy,IT-NO,205.74,260.51,58.48,49.01,entsoe.eu,false,
2024-03-06 09:00:00,Italy,North Italy,IT-NO,191.53,248.82,60.05,50.19,entsoe.eu,false,
2024-03-06 10:00:00,Italy,North Italy,IT-NO,187.26,244.57,60.81,51.38,entsoe.eu,false,
2024-03-06 11:00:00,Italy,North Italy,IT-NO,176.25,229.33,64.04,52.87,entsoe.eu,false,
2024-03-06 12:00:00,Italy,North Italy,IT-NO,181.45,238.31,62.0,49.35,entsoe.eu,false,
2024-03-06 13:00:00,Italy,North Italy,IT-NO,199.41,255.17,59.09,46.73,entsoe.eu,false,
2024-03-06 14:00:00,Italy,North Italy,IT-NO,212.8,271.92,55.74,44.36,entsoe.eu,false,
2024-03-06 15:00:00,Italy,North Italy,IT-NO,222.07,287.14,52.18,39.38,entsoe.eu,false,
2024-03-06 16:00:00,Italy,North Italy,IT-NO,240.94,306.63,48.76,37.29,entsoe.eu,false,
2024-03-06 17:00:00,Italy,North Italy,IT-NO,240.08,295.96,52.0,41.81,entsoe.eu,false,
2024-03-06 18:00:00,Italy,North Italy,IT-NO,237.14,290.81,53.21,44.28,entsoe.eu,false,
2024-03-06 19:00:00,Italy,North Italy,IT-NO,237.87,295.7,51.73,41.06,entsoe.eu,false,
2024-03-06 20:00:00,Italy,North Italy,IT-NO,238.74,300.05,50.61,37.66,entsoe.eu,false,
2024-03-06 21:00:00,Italy,North Italy,IT-NO,226.32,291.45,51.91,36.31,entsoe.eu,false,
2024-03-06 22:00:00,Italy,North Italy,IT-NO,226.0,295.17,51.1,34.97,entsoe.eu,false,
2024-03-06 23:00:00,Italy,North Italy,IT-NO,217.06,283.3,54.18,37.23,entsoe.eu,false,
2024-03-07 00:00:00,Italy,North Italy,IT-NO,209.08,272.97,56.62,38.5,entsoe.eu,false,
2024-03-07 01:00:00,Italy,North Italy,IT-NO,203.23,265.87,58.0,39.28,entsoe.eu,false,
2024-03-07 02:00:00,Italy,North Italy,IT-NO,198.5,260.8,58.39,38.76,entsoe.eu,false,
2024-03-07 03:00:00,Italy,North Italy,IT-NO,195.13,256.69,58.8,37.94,entsoe.eu,false,
2024-03-07 04:00:00,Italy,North Italy,IT-NO,207.33,270.71,55.74,37.32,entsoe.eu,false,
2024-03-07 05:00:00,Italy,North Italy,IT-NO,223.6,288.72,51.78,37.85,entsoe.eu,false,
2024-03-07 06:00:00,Italy,North Italy,IT-NO,234.53,298.58,50.44,39.59,entsoe.eu,false,
2024-03-07 07:00:00,Italy,North Italy,IT-NO,223.77,284.8,53.05,43.5,entsoe.eu,false,
2024-03-07 08:00:00,Italy,North Italy,IT-NO,214.08,277.2,54.17,44.04,entsoe.eu,false,
2024-03-07 09:00:00,Italy,North Italy,IT-NO,206.74,271.61,55.32,44.62,entsoe.eu,false,
2024-03-07 10:00:00,Italy,North Italy,IT-NO,201.05,265.3,56.48,45.61,entsoe.eu,false,
2024-03-07 11:00:00,Italy,North Italy,IT-NO,207.87,276.18,53.94,44.48,entsoe.eu,false,
2024-03-07 12:00:00,Italy,North Italy,IT-NO,212.3,281.42,52.95,42.78,entsoe.eu,false,
2024-03-07 13:00:00,Italy,North Italy,IT-NO,224.16,293.67,50.85,41.57,entsoe.eu,false,
2024-03-07 14:00:00,Italy,North Italy,IT-NO,240.24,312.52,47.3,39.19,entsoe.eu,false,
2024-03-07 15:00:00,Italy,North Italy,IT-NO,243.01,312.53,47.64,37.78,entsoe.eu,false,
2024-03-07 16:00:00,Italy,North Italy,IT-NO,243.81,310.85,47.98,37.32,entsoe.eu,false,
2024-03-07 17:00:00,Italy,North Italy,IT-NO,242.04,305.79,48.89,38.51,entsoe.eu,false,
2024-03-07 18:00:00,Italy,North Italy,IT-NO,244.26,305.99,49.16,39.32,entsoe.eu,false,
2024-03-07 19:00:00,Italy,North Italy,IT-NO,247.39,313.25,47.5,36.6,entsoe.eu,false,
2024-03-07 20:00:00,Italy,North Italy,IT-NO,244.48,314.27,47.02,34.17,entsoe.eu,false,
2024-03-07 21:00:00,Italy,North Italy,IT-NO,229.0,297.28,50.17,35.83,entsoe.eu,false,
2024-03-07 22:00:00,Italy,North Italy,IT-NO,222.96,290.6,51.62,36.12,entsoe.eu,false,
2024-03-07 23:00:00,Italy,North Italy,IT-NO,197.74,259.59,57.96,39.21,entsoe.eu,false,
2024-03-08 00:00:00,Italy,North Italy,IT-NO,194.04,255.22,59.0,38.67,entsoe.eu,false,
2024-03-08 01:00:00,Italy,North Italy,IT-NO,194.54,255.97,59.11,38.5,entsoe.eu,false,
2024-03-08 02:00:00,Italy,North Italy,IT-NO,198.64,261.11,58.02,37.81,entsoe.eu,false,
2024-03-08 03:00:00,Italy,North Italy,IT-NO,214.1,280.53,54.16,35.94,entsoe.eu,false,
2024-03-08 04:00:00,Italy,North Italy,IT-NO,213.63,279.44,54.28,37.26,entsoe.eu,false,
2024-03-08 05:00:00,Italy,North Italy,IT-NO,217.56,279.89,54.06,39.73,entsoe.eu,false,
2024-03-08 06:00:00,Italy,North Italy,IT-NO,227.49,284.87,53.93,42.66,entsoe.eu,false,
2024-03-08 07:00:00,Italy,North Italy,IT-NO,216.0,268.35,57.62,48.27,entsoe.eu,false,
2024-03-08 08:00:00,Italy,North Italy,IT-NO,213.34,275.12,55.55,46.2,entsoe.eu,false,
2024-03-08 09:00:00,Italy,North Italy,IT-NO,198.6,261.7,57.62,48.43,entsoe.eu,false,
2024-03-08 10:00:00,Italy,North Italy,IT-NO,198.89,262.38,57.52,48.64,entsoe.eu,false,
2024-03-08 11:00:00,Italy,North Italy,IT-NO,192.75,254.77,58.88,49.51,entsoe.eu,false,
2024-03-08 12:00:00,Italy,North Italy,IT-NO,191.22,253.34,59.09,49.86,entsoe.eu,false,
2024-03-08 13:00:00,Italy,North Italy,IT-NO,201.23,265.11,56.76,47.51,entsoe.eu,false,
2024-03-08 14:00:00,Italy,North Italy,IT-NO,214.73,279.7,54.01,43.42,entsoe.eu,false,
2024-03-08 15:00:00,Italy,North Italy,IT-NO,223.43,287.37,52.53,40.59,entsoe.eu,false,
2024-03-08 16:00:00,Italy,North Italy,IT-NO,229.06,293.07,51.12,38.21,entsoe.eu,false,
2024-03-08 17:00:00,Italy,North Italy,IT-NO,232.4,289.57,52.75,42.22,entsoe.eu,false,
2024-03-08 18:00:00,Italy,North Italy,IT-NO,228.95,285.89,53.48,42.91,entsoe.eu,false,
2024-03-08 19:00:00,Italy,North Italy,IT-NO,237.16,298.85,50.69,39.57,entsoe.eu,false,
2024-03-08 20:00:00,Italy,North Italy,IT-NO,231.65,298.54,50.61,37.46,entsoe.eu,false,
2024-03-08 21:00:00,Italy,North Italy,IT-NO,216.56,281.6,53.81,39.73,entsoe.eu,false,
2024-03-08 22:00:00,Italy,North Italy,IT-NO,207.74,272.71,55.61,40.88,entsoe.eu,false,
2024-03-08 23:00:00,Italy,North Italy,IT-NO,183.69,241.81,61.31,43.45,entsoe.eu,false,
2024-03-09 00:00:00,Italy,North Italy,IT-NO,181.51,238.65,61.85,42.74,entsoe.eu,false,
2024-03-09 01:00:00,Italy,North Italy,IT-NO,182.08,239.27,61.94,42.26,entsoe.eu,false,
2024-03-09 02:00:00,Italy,North Italy,IT-NO,177.41,234.48,62.69,41.8,entsoe.eu,false,
2024-03-09 03:00:00,Italy,North Italy,IT-NO,176.58,233.21,62.91,41.69,entsoe.eu,false,
2024-03-09 04:00:00,Italy,North Italy,IT-NO,180.29,236.66,62.31,41.61,entsoe.eu,false,
2024-03-09 05:00:00,Italy,North Italy,IT-NO,176.42,231.2,63.33,45.35,entsoe.eu,false,
2024-03-09 06:00:00,Italy,North Italy,IT-NO,181.61,232.6,63.62,46.75,entsoe.eu,false,
2024-03-09 07:00:00,Italy,North Italy,IT-NO,182.1,229.52,64.62,52.13,entsoe.eu,false,
2024-03-09 08:00:00,Italy,North Italy,IT-NO,175.8,222.64,66.15,54.88,entsoe.eu,false,
2024-03-09 09:00:00,Italy,North Italy,IT-NO,174.74,221.8,66.5,56.26,entsoe.eu,false,
2024-03-09 10:00:00,Italy,North Italy,IT-NO,172.09,227.29,64.91,54.89,entsoe.eu,false,
2024-03-09 11:00:00,Italy,North Italy,IT-NO,171.77,228.64,64.58,55.89,entsoe.eu,false,
2024-03-09 12:00:00,Italy,North Italy,IT-NO,160.42,214.86,67.51,56.83,entsoe.eu,false,
2024-03-09 13:00:00,Italy,North Italy,IT-NO,160.64,215.41,67.29,54.78,entsoe.eu,false,
2024-03-09 14:00:00,Italy,North Italy,IT-NO,170.17,225.19,65.33,50.17,entsoe.eu,false,
2024-03-09 15:00:00,Italy,North Italy,IT-NO,177.54,232.38,63.39,46.9,entsoe.eu,false,
2024-03-09 16:00:00,Italy,North Italy,IT-NO,198.59,254.04,60.05,45.13,entsoe.eu,false,
2024-03-09 17:00:00,Italy,North Italy,IT-NO,193.44,241.23,62.49,49.86,entsoe.eu,false,
2024-03-09 18:00:00,Italy,North Italy,IT-NO,196.74,241.87,62.91,51.91,entsoe.eu,false,
2024-03-09 19:00:00,Italy,North Italy,IT-NO,194.5,247.37,61.12,47.81,entsoe.eu,false,
2024-03-09 20:00:00,Italy,North Italy,IT-NO,199.37,257.59,58.92,43.9,entsoe.eu,false,
2024-03-09 21:00:00,Italy,North Italy,IT-NO,190.86,249.89,60.65,44.23,entsoe.eu,false,
2024-03-09 22:00:00,Italy,North Italy,IT-NO,190.74,250.84,60.96,44.8,entsoe.eu,false,
2024-03-09 23:00:00,Italy,North Italy,IT-NO,178.74,237.56,62.79,46.34,entsoe.eu,false,
2024-03-10 00:00:00,Italy,North Italy,IT-NO,192.9,254.0,59.71,44.69,entsoe.eu,false,
2024-03-10 01:00:00,Italy,North Italy,IT-NO,207.09,270.21,57.54,45.0,entsoe.eu,false,
2024-03-10 02:00:00,Italy,North Italy,IT-NO,201.07,262.12,59.43,47.49,entsoe.eu,false,
2024-03-10 03:00:00,Italy,North Italy,IT-NO,194.11,255.74,60.5,48.24,entsoe.eu,false,
2024-03-10 04:00:00,Italy,North Italy,IT-NO,190.68,251.18,61.35,47.88,entsoe.eu,false,
2024-03-10 05:00:00,Italy,North Italy,IT-NO,184.76,242.32,63.12,50.52,entsoe.eu,false,
2024-03-10 06:00:00,Italy,North Italy,IT-NO,175.61,231.91,64.52,51.35,entsoe.eu,false,
2024-03-10 07:00:00,Italy,North Italy,IT-NO,167.76,218.18,67.2,52.92,entsoe.eu,false,
2024-03-10 08:00:00,Italy,North Italy,IT-NO,155.05,202.89,70.21,56.01,entsoe.eu,false,
2024-03-10 09:00:00,Italy,North Italy,IT-NO,150.64,201.01,69.91,56.56,entsoe.eu,false,
2024-03-10 10:00:00,Italy,North Italy,IT-NO,154.53,197.38,71.37,57.78,entsoe.eu,false,
2024-03-10 11:00:00,Italy,North Italy,IT-NO,164.32,201.59,71.41,59.18,entsoe.eu,false,
2024-03-10 12:00:00,Italy,North Italy,IT-NO,151.47,191.88,72.44,59.23,entsoe.eu,false,
2024-03-10 13:00:00,Italy,North Italy,IT-NO,140.28,190.3,71.4,56.09,entsoe.eu,false,
2024-03-10 14:00:00,Italy,North Italy,IT-NO,150.37,204.21,68.87,52.67,entsoe.eu,false,
2024-03-10 15:00:00,Italy,North Italy,IT-NO,149.73,202.76,69.27,53.11,entsoe.eu,false,
2024-03-10 16:00:00,Italy,North Italy,IT-NO,168.09,218.72,66.92,49.87,entsoe.eu,false,
2024-03-10 17:00:00,Italy,North Italy,IT-NO,158.68,202.05,70.09,53.96,entsoe.eu,false,
2024-03-10 18:00:00,Italy,North Italy,IT-NO,158.55,194.21,72.44,58.4,entsoe.eu,false,
2024-03-10 19:00:00,Italy,North Italy,IT-NO,157.39,198.49,70.97,55.61,entsoe.eu,false,
2024-03-10 20:00:00,Italy,North Italy,IT-NO,166.43,210.18,68.87,52.68,entsoe.eu,false,
2024-03-10 21:00:00,Italy,North Italy,IT-NO,172.17,221.09,66.74,50.64,entsoe.eu,false,
2024-03-10 22:00:00,Italy,North Italy,IT-NO,184.26,240.21,63.2,47.95,entsoe.eu,false,
2024-03-10 23:00:00,Italy,North Italy,IT-NO,202.0,263.58,58.38,45.11,entsoe.eu,false,
2024-03-11 00:00:00,Italy,North Italy,IT-NO,200.87,261.84,58.82,46.82,entsoe.eu,false,
2024-03-11 01:00:00,Italy,North Italy,IT-NO,205.48,269.63,57.32,45.5,entsoe.eu,false,
2024-03-11 02:00:00,Italy,North Italy,IT-NO,216.99,280.63,55.52,43.43,entsoe.eu,false,
2024-03-11 03:00:00,Italy,North Italy,IT-NO,210.61,275.52,56.19,42.98,entsoe.eu,false,
2024-03-11 04:00:00,Italy,North Italy,IT-NO,210.78,272.39,57.03,41.12,entsoe.eu,false,
2024-03-11 05:00:00,Italy,North Italy,IT-NO,213.29,273.4,55.76,42.44,entsoe.eu,false,
2024-03-11 06:00:00,Italy,North Italy,IT-NO,219.99,279.13,54.98,43.14,entsoe.eu,false,
2024-03-11 07:00:00,Italy,North Italy,IT-NO,216.68,271.2,56.82,46.04,entsoe.eu,false,
2024-03-11 08:00:00,Italy,North Italy,IT-NO,209.35,269.45,56.86,47.61,entsoe.eu,false,
2024-03-11 09:00:00,Italy,North Italy,IT-NO,179.89,237.32,62.83,53.58,entsoe.eu,false,
2024-03-11 10:00:00,Italy,North Italy,IT-NO,169.75,228.25,64.33,54.14,entsoe.eu,false,
2024-03-11 11:00:00,Italy,North Italy,IT-NO,164.07,221.74,65.45,55.2,entsoe.eu,false,
2024-03-11 12:00:00,Italy,North Italy,IT-NO,167.24,225.22,64.39,52.13,entsoe.eu,false,
2024-03-11 13:00:00,Italy,North Italy,IT-NO,177.93,238.19,61.9,49.56,entsoe.eu,false,
2024-03-11 14:00:00,Italy,North Italy,IT-NO,194.92,254.71,58.88,46.75,entsoe.eu,false,
2024-03-11 15:00:00,Italy,North Italy,IT-NO,208.37,270.24,55.76,43.0,entsoe.eu,false,
2024-03-11 16:00:00,Italy,North Italy,IT-NO,235.85,297.96,51.03,40.59,entsoe.eu,false,
2024-03-11 17:00:00,Italy,North Italy,IT-NO,243.2,297.42,52.36,43.46,entsoe.eu,false,
2024-03-11 18:00:00,Italy,North Italy,IT-NO,233.28,288.19,53.77,44.33,entsoe.eu,false,
2024-03-11 19:00:00,Italy,North Italy,IT-NO,228.8,290.51,52.37,40.19,entsoe.eu,false,
2024-03-11 20:00:00,Italy,North Italy,IT-NO,224.37,288.11,52.52,38.6,entsoe.eu,false,
2024-03-11 21:00:00,Italy,North Italy,IT-NO,223.4,289.89,52.25,36.87,entsoe.eu,false,
2024-03-11 22:00:00,Italy,North Italy,IT-NO,212.59,278.75,54.13,36.65,entsoe.eu,false,
2024-03-11 23:00:00,Italy,North Italy,IT-NO,196.51,259.4,57.87,40.73,entsoe.eu,false,
2024-03-12 00:00:00,Italy,North Italy,IT-NO,190.69,251.75,59.89,42.24,entsoe.eu,false,
2024-03-12 01:00:00,Italy,North Italy,IT-NO,192.14,253.65,59.63,41.76,entsoe.eu,false,
2024-03-12 02:00:00,Italy,North Italy,IT-NO,191.08,253.11,59.39,40.8,entsoe.eu,false,
2024-03-12 03:00:00,Italy,North Italy,IT-NO,193.61,256.26,58.67,40.13,entsoe.eu,false,
2024-03-12 04:00:00,Italy,North Italy,IT-NO,206.67,272.27,55.34,37.86,entsoe.eu,false,
2024-03-12 05:00:00,Italy,North Italy,IT-NO,231.53,298.82,50.7,37.15,entsoe.eu,false,
2024-03-12 06:00:00,Italy,North Italy,IT-NO,238.81,304.89,49.21,38.7,entsoe.eu,false,
2024-03-12 07:00:00,Italy,North Italy,IT-NO,239.52,302.43,50.27,42.29,entsoe.eu,false,
2024-03-12 08:00:00,Italy,North Italy,IT-NO,222.93,286.76,53.33,44.43,entsoe.eu,false,
2024-03-12 09:00:00,Italy,North Italy,IT-NO,207.58,273.44,55.24,45.13,entsoe.eu,false,
2024-03-12 10:00:00,Italy,North Italy,IT-NO,199.91,266.12,56.47,46.85,entsoe.eu,false,
2024-03-12 11:00:00,Italy,North Italy,IT-NO,200.21,266.82,56.65,48.14,entsoe.eu,false,
2024-03-12 12:00:00,Italy,North Italy,IT-NO,188.35,252.48,59.45,50.5,entsoe.eu,false,
2024-03-12 13:00:00,Italy,North Italy,IT-NO,187.75,251.39,59.4,48.41,entsoe.eu,false,
2024-03-12 14:00:00,Italy,North Italy,IT-NO,206.5,272.23,55.47,43.82,entsoe.eu,false,
2024-03-12 15:00:00,Italy,North Italy,IT-NO,233.63,305.42,48.58,37.7,entsoe.eu,false,
2024-03-12 16:00:00,Italy,North Italy,IT-NO,261.52,331.41,44.14,36.22,entsoe.eu,false,
2024-03-12 17:00:00,Italy,North Italy,IT-NO,254.52,317.46,47.28,39.66,entsoe.eu,false,
2024-03-12 18:00:00,Italy,North Italy,IT-NO,246.39,305.57,50.0,41.06,entsoe.eu,false,
2024-03-12 19:00:00,Italy,North Italy,IT-NO,246.41,313.09,47.68,36.99,entsoe.eu,false,
2024-03-12 20:00:00,Italy,North Italy,IT-NO,234.71,304.02,48.94,35.85,entsoe.eu,false,
2024-03-12 21:00:00,Italy,North Italy,IT-NO,232.62,300.99,50.11,35.62,entsoe.eu,false,
2024-03-12 22:00:00,Italy,North Italy,IT-NO,223.49,291.5,51.83,35.63,entsoe.eu,false,
2024-03-12 23:00:00,Italy,North Italy,IT-NO,217.66,285.38,52.73,35.09,entsoe.eu,false,
2024-03-13 00:00:00,Italy,North Italy,IT-NO,202.69,267.21,56.07,36.35,entsoe.eu,false,
2024-03-13 01:00:00,Italy,North Italy,IT-NO,195.95,258.76,57.86,37.03,entsoe.eu,false,
2024-03-13 02:00:00,Italy,North Italy,IT-NO,200.09,264.26,56.67,35.88,entsoe.eu,false,
2024-03-13 03:00:00,Italy,North Italy,IT-NO,208.5,274.81,54.53,34.88,entsoe.eu,false,
2024-03-13 04:00:00,Italy,North Italy,IT-NO,217.3,285.3,52.45,34.6,entsoe.eu,false,
2024-03-13 05:00:00,Italy,North Italy,IT-NO,228.41,288.26,52.84,38.5,entsoe.eu,false,
2024-03-13 06:00:00,Italy,North Italy,IT-NO,228.87,279.61,55.61,44.65,entsoe.eu,false,
2024-03-13 07:00:00,Italy,North Italy,IT-NO,230.88,284.46,54.51,44.17,entsoe.eu,false,
2024-03-13 08:00:00,Italy,North Italy,IT-NO,229.59,297.49,50.61,39.5,entsoe.eu,false,
2024-03-13 09:00:00,Italy,North Italy,IT-NO,220.92,288.14,52.31,40.54,entsoe.eu,false,
2024-03-13 10:00:00,Italy,North Italy,IT-NO,209.41,277.99,53.89,42.66,entsoe.eu,false,
2024-03-13 11:00:00,Italy,North Italy,IT-NO,189.86,254.38,58.66,47.47,entsoe.eu,false,
2024-03-13 12:00:00,Italy,North Italy,IT-NO,183.23,245.99,60.31,48.19,entsoe.eu,false,
2024-03-13 13:00:00,Italy,North Italy,IT-NO,182.42,244.59,60.47,47.42,entsoe.eu,false,
2024-03-13 14:00:00,Italy,North Italy,IT-NO,199.03,264.5,56.54,43.37,entsoe.eu,false,
2024-03-13 15:00:00,Italy,North Italy,IT-NO,222.67,289.11,51.95,39.01,entsoe.eu,false,
2024-03-13 16:00:00,Italy,North Italy,IT-NO,243.65,305.42,49.88,38.73,entsoe.eu,false,
2024-03-13 17:00:00,Italy,North Italy,IT-NO,245.84,308.36,49.16,38.37,entsoe.eu,false,
2024-03-13 18:00:00,Italy,North Italy,IT-NO,238.76,299.47,50.9,39.59,entsoe.eu,false,
2024-03-13 19:00:00,Italy,North Italy,IT-NO,240.25,304.01,49.73,38.22,entsoe.eu,false,
2024-03-13 20:00:00,Italy,North Italy,IT-NO,238.61,307.86,48.32,34.64,entsoe.eu,false,
2024-03-13 21:00:00,Italy,North Italy,IT-NO,235.44,307.06,48.24,32.76,entsoe.eu,false,
2024-03-13 22:00:00,Italy,North Italy,IT-NO,225.1,294.86,50.93,34.28,entsoe.eu,false,
2024-03-13 23:00:00,Italy,North Italy,IT-NO,226.97,295.72,50.59,33.82,entsoe.eu,false,
2024-03-14 00:00:00,Italy,North Italy,IT-NO,214.34,279.52,53.97,35.19,entsoe.eu,false,
2024-03-14 01:00:00,Italy,North Italy,IT-NO,215.12,282.19,53.27,34.01,entsoe.eu,false,
2024-03-14 02:00:00,Italy,North Italy,IT-NO,212.18,278.83,53.74,34.12,entsoe.eu,false,
2024-03-14 03:00:00,Italy,North Italy,IT-NO,213.37,280.69,53.36,34.31,entsoe.eu,false,
2024-03-14 04:00:00,Italy,North Italy,IT-NO,217.59,284.35,52.51,35.25,entsoe.eu,false,
2024-03-14 05:00:00,Italy,North Italy,IT-NO,228.34,287.72,52.81,39.59,entsoe.eu,false,
2024-03-14 06:00:00,Italy,North Italy,IT-NO,227.38,285.89,53.47,41.51,entsoe.eu,false,
2024-03-14 07:00:00,Italy,North Italy,IT-NO,219.28,277.58,55.01,43.42,entsoe.eu,false,
2024-03-14 08:00:00,Italy,North Italy,IT-NO,212.29,271.56,56.16,45.31,entsoe.eu,false,
2024-03-14 09:00:00,Italy,North Italy,IT-NO,192.15,253.12,59.35,47.95,entsoe.eu,false,
2024-03-14 10:00:00,Italy,North Italy,IT-NO,169.27,228.62,63.85,51.75,entsoe.eu,false,
2024-03-14 11:00:00,Italy,North Italy,IT-NO,166.12,225.15,64.84,52.73,entsoe.eu,false,
2024-03-14 12:00:00,Italy,North Italy,IT-NO,170.36,230.39,63.79,51.1,entsoe.eu,false,
2024-03-14 13:00:00,Italy,North Italy,IT-NO,183.37,246.06,60.55,47.83,entsoe.eu,false,
2024-03-14 14:00:00,Italy,North Italy,IT-NO,196.7,261.62,57.36,44.07,entsoe.eu,false,
2024-03-14 15:00:00,Italy,North Italy,IT-NO,219.96,288.01,51.97,39.19,entsoe.eu,false,
2024-03-14 16:00:00,Italy,North Italy,IT-NO,243.85,309.6,48.61,37.95,entsoe.eu,false,
2024-03-14 17:00:00,Italy,North Italy,IT-NO,246.18,308.97,49.08,39.14,entsoe.eu,false,
2024-03-14 18:00:00,Italy,North Italy,IT-NO,242.04,302.61,50.52,40.04,entsoe.eu,false,
2024-03-14 19:00:00,Italy,North Italy,IT-NO,241.78,306.0,49.47,37.36,entsoe.eu,false,
2024-03-14 20:00:00,Italy,North Italy,IT-NO,234.62,302.58,49.63,35.09,entsoe.eu,false,
2024-03-14 21:00:00,Italy,North Italy,IT-NO,216.72,283.58,52.95,35.56,entsoe.eu,false,
2024-03-14 22:00:00,Italy,North Italy,IT-NO,207.16,273.72,54.83,36.83,entsoe.eu,false,
2024-03-14 23:00:00,Italy,North Italy,IT-NO,203.92,267.37,56.45,37.94,entsoe.eu,false,
2024-03-15 00:00:00,Italy,North Italy,IT-NO,205.94,269.82,56.23,36.33,entsoe.eu,false,
2024-03-15 01:00:00,Italy,North Italy,IT-NO,202.08,266.63,56.72,36.03,entsoe.eu,false,
2024-03-15 02:00:00,Italy,North Italy,IT-NO,204.41,269.58,56.17,36.27,entsoe.eu,false,
2024-03-15 03:00:00,Italy,North Italy,IT-NO,203.29,268.23,56.49,36.69,entsoe.eu,false,
2024-03-15 04:00:00,Italy,North Italy,IT-NO,204.58,267.74,56.43,38.15,entsoe.eu,false,
2024-03-15 05:00:00,Italy,North Italy,IT-NO,214.22,276.73,54.87,40.21,entsoe.eu,false,
2024-03-15 06:00:00,Italy,North Italy,IT-NO,211.66,273.75,55.09,42.12,entsoe.eu,false,
2024-03-15 07:00:00,Italy,North Italy,IT-NO,202.48,261.18,57.61,45.65,entsoe.eu,false,
2024-03-15 08:00:00,Italy,North Italy,IT-NO,201.27,261.02,57.78,46.52,entsoe.eu,false,
2024-03-15 09:00:00,Italy,North Italy,IT-NO,195.34,257.92,58.36,46.56,entsoe.eu,false,
2024-03-15 10:00:00,Italy,North Italy,IT-NO,191.35,252.1,59.69,48.21,entsoe.eu,false,
2024-03-15 11:00:00,Italy,North Italy,IT-NO,175.68,237.21,62.3,49.84,entsoe.eu,false,
2024-03-15 12:00:00,Italy,North Italy,IT-NO,174.56,235.43,62.67,49.08,entsoe.eu,false,
2024-03-15 13:00:00,Italy,North Italy,IT-NO,191.9,251.7,60.18,46.9,entsoe.eu,false,
2024-03-15 14:00:00,Italy,North Italy,IT-NO,212.69,278.9,54.74,42.85,entsoe.eu,false,
2024-03-15 15:00:00,Italy,North Italy,IT-NO,227.95,293.69,52.35,40.32,entsoe.eu,false,
2024-03-15 16:00:00,Italy,North Italy,IT-NO,226.06,290.99,52.25,39.33,entsoe.eu,false,
2024-03-15 17:00:00,Italy,North Italy,IT-NO,218.25,277.23,54.67,42.43,entsoe.eu,false,
2024-03-15 18:00:00,Italy,North Italy,IT-NO,223.78,278.15,55.21,44.22,entsoe.eu,false,
2024-03-15 19:00:00,Italy,North Italy,IT-NO,218.99,279.73,54.06,41.08,entsoe.eu,false,
2024-03-15 20:00:00,Italy,North Italy,IT-NO,224.78,289.82,52.17,37.0,entsoe.eu,false,
2024-03-15 21:00:00,Italy,North Italy,IT-NO,204.79,265.94,57.17,39.65,entsoe.eu,false,
2024-03-15 22:00:00,Italy,North Italy,IT-NO,201.83,263.6,57.35,39.53,entsoe.eu,false,
2024-03-15 23:00:00,Italy,North Italy,IT-NO,166.07,220.39,65.4,44.31,entsoe.eu,false,
2024-03-16 00:00:00,Italy,North Italy,IT-NO,155.26,207.8,67.79,44.32,entsoe.eu,false,
2024-03-16 01:00:00,Italy,North Italy,IT-NO,146.42,197.17,70.11,45.2,entsoe.eu,false,
2024-03-16 02:00:00,Italy,North Italy,IT-NO,158.71,213.88,66.56,42.77,entsoe.eu,false,
2024-03-16 03:00:00,Italy,North Italy,IT-NO,163.26,219.02,65.23,41.47,entsoe.eu,false,
2024-03-16 04:00:00,Italy,North Italy,IT-NO,146.53,197.6,69.43,44.6,entsoe.eu,false,
2024-03-16 05:00:00,Italy,North Italy,IT-NO,150.16,198.83,69.53,45.88,entsoe.eu,false,
2024-03-16 06:00:00,Italy,North Italy,IT-NO,154.37,200.52,69.56,48.9,entsoe.eu,false,
2024-03-16 07:00:00,Italy,North Italy,IT-NO,140.1,183.34,73.04,54.11,entsoe.eu,false,
2024-03-16 08:00:00,Italy,North Italy,IT-NO,124.36,170.89,75.08,56.68,entsoe.eu,false,
2024-03-16 09:00:00,Italy,North Italy,IT-NO,109.41,154.9,78.19,59.41,entsoe.eu,false,
2024-03-16 10:00:00,Italy,North Italy,IT-NO,95.19,138.96,81.05,64.72,entsoe.eu,false,
2024-03-16 11:00:00,Italy,North Italy,IT-NO,95.17,139.49,80.88,66.6,entsoe.eu,false,
2024-03-16 12:00:00,Italy,North Italy,IT-NO,94.67,139.0,80.84,66.46,entsoe.eu,false,
2024-03-16 13:00:00,Italy,North Italy,IT-NO,101.25,147.26,78.94,63.64,entsoe.eu,false,
2024-03-16 14:00:00,Italy,North Italy,IT-NO,121.78,171.3,74.66,58.28,entsoe.eu,false,
2024-03-16 15:00:00,Italy,North Italy,IT-NO,135.49,186.36,71.76,52.4,entsoe.eu,false,
2024-03-16 16:00:00,Italy,North Italy,IT-NO,154.63,200.75,69.35,50.64,entsoe.eu,false,
2024-03-16 17:00:00,Italy,North Italy,IT-NO,163.54,201.73,69.9,54.53,entsoe.eu,false,
2024-03-16 18:00:00,Italy,North Italy,IT-NO,157.45,189.81,72.6,57.66,entsoe.eu,false,
2024-03-16 19:00:00,Italy,North Italy,IT-NO,157.12,194.34,71.17,55.39,entsoe.eu,false,
2024-03-16 20:00:00,Italy,North Italy,IT-NO,159.7,204.41,68.5,48.72,entsoe.eu,false,
2024-03-16 21:00:00,Italy,North Italy,IT-NO,165.64,216.62,65.87,45.66,entsoe.eu,false,
2024-03-16 22:00:00,Italy,North Italy,IT-NO,167.25,217.28,66.22,46.1,entsoe.eu,false,
2024-03-16 23:00:00,Italy,North Italy,IT-NO,144.8,192.87,70.59,47.24,entsoe.eu,false,
2024-03-17 00:00:00,Italy,North Italy,IT-NO,148.86,199.52,69.28,45.88,entsoe.eu,false,
2024-03-17 01:00:00,Italy,North Italy,IT-NO,159.73,213.06,66.75,45.15,entsoe.eu,false,
2024-03-17 02:00:00,Italy,North Italy,IT-NO,162.62,216.28,66.48,46.17,entsoe.eu,false,
2024-03-17 03:00:00,Italy,North Italy,IT-NO,163.06,218.69,65.77,45.73,entsoe.eu,false,
2024-03-17 04:00:00,Italy,North Italy,IT-NO,159.34,213.37,66.81,45.96,entsoe.eu,false,
2024-03-17 05:00:00,Italy,North Italy,IT-NO,158.68,209.09,67.94,48.32,entsoe.eu,false,
2024-03-17 06:00:00,Italy,North Italy,IT-NO,158.06,210.46,67.56,49.76,entsoe.eu,false,
2024-03-17 07:00:00,Italy,North Italy,IT-NO,150.69,199.91,70.11,55.29,entsoe.eu,false,
2024-03-17 08:00:00,Italy,North Italy,IT-NO,137.77,191.42,71.17,59.81,entsoe.eu,false,
2024-03-17 09:00:00,Italy,North Italy,IT-NO,129.85,182.52,73.14,63.58,entsoe.eu,false,
2024-03-17 10:00:00,Italy,North Italy,IT-NO,121.47,171.92,75.49,65.67,entsoe.eu,false,
2024-03-17 11:00:00,Italy,North Italy,IT-NO,128.7,181.08,73.9,66.63,entsoe.eu,false,
2024-03-17 12:00:00,Italy,North Italy,IT-NO,129.44,181.55,73.77,64.43,entsoe.eu,false,
2024-03-17 13:00:00,Italy,North Italy,IT-NO,137.63,191.2,71.91,58.78,entsoe.eu,false,
2024-03-17 14:00:00,Italy,North Italy,IT-NO,141.18,194.66,71.15,55.25,entsoe.eu,false,
2024-03-17 15:00:00,Italy,North Italy,IT-NO,136.11,182.91,73.28,53.26,entsoe.eu,false,
2024-03-17 16:00:00,Italy,North Italy,IT-NO,157.74,206.82,68.66,51.04,entsoe.eu,false,
2024-03-17 17:00:00,Italy,North Italy,IT-NO,156.77,202.28,69.43,52.73,entsoe.eu,false,
2024-03-17 18:00:00,Italy,North Italy,IT-NO,169.93,208.28,69.26,54.65,entsoe.eu,false,
2024-03-17 19:00:00,Italy,North Italy,IT-NO,165.55,207.7,68.77,51.86,entsoe.eu,false,
2024-03-17 20:00:00,Italy,North Italy,IT-NO,171.69,217.13,66.91,48.57,entsoe.eu,false,
2024-03-17 21:00:00,Italy,North Italy,IT-NO,170.83,221.27,65.77,44.93,entsoe.eu,false,
2024-03-17 22:00:00,Italy,North Italy,IT-NO,166.02,217.8,66.49,43.7,entsoe.eu,false,
2024-03-17 23:00:00,Italy,North Italy,IT-NO,166.65,221.76,65.2,40.87,entsoe.eu,false,
2024-03-18 00:00:00,Italy,North Italy,IT-NO,165.54,220.64,65.51,39.93,entsoe.eu,false,
2024-03-18 01:00:00,Italy,North Italy,IT-NO,160.91,215.36,66.6,40.25,entsoe.eu,false,
2024-03-18 02:00:00,Italy,North Italy,IT-NO,168.41,225.25,64.63,38.59,entsoe.eu,false,
2024-03-18 03:00:00,Italy,North Italy,IT-NO,174.02,232.46,63.02,37.54,entsoe.eu,false,
2024-03-18 04:00:00,Italy,North Italy,IT-NO,184.44,245.1,60.37,37.28,entsoe.eu,false,
2024-03-18 05:00:00,Italy,North Italy,IT-NO,197.02,252.83,59.58,41.42,entsoe.eu,false,
2024-03-18 06:00:00,Italy,North Italy,IT-NO,216.0,273.92,55.97,43.98,entsoe.eu,false,
2024-03-18 07:00:00,Italy,North Italy,IT-NO,219.33,269.08,57.78,47.63,entsoe.eu,false,
2024-03-18 08:00:00,Italy,North Italy,IT-NO,204.5,261.89,57.75,45.31,entsoe.eu,false,
2024-03-18 09:00:00,Italy,North Italy,IT-NO,212.39,274.52,55.15,42.13,entsoe.eu,false,
2024-03-18 10:00:00,Italy,North Italy,IT-NO,199.97,260.74,57.64,43.61,entsoe.eu,false,
2024-03-18 11:00:00,Italy,North Italy,IT-NO,202.88,268.32,55.98,42.21,entsoe.eu,false,
2024-03-18 12:00:00,Italy,North Italy,IT-NO,205.39,270.79,55.47,41.58,entsoe.eu,false,
2024-03-18 13:00:00,Italy,North Italy,IT-NO,216.99,280.8,54.09,41.69,entsoe.eu,false,
2024-03-18 14:00:00,Italy,North Italy,IT-NO,227.04,295.22,50.83,39.67,entsoe.eu,false,
2024-03-18 15:00:00,Italy,North Italy,IT-NO,236.26,304.92,49.05,38.15,entsoe.eu,false,
2024-03-18 16:00:00,Italy,North Italy,IT-NO,247.47,317.69,46.46,37.3,entsoe.eu,false,
2024-03-18 17:00:00,Italy,North Italy,IT-NO,251.4,308.23,49.79,42.29,entsoe.eu,false,
2024-03-18 18:00:00,Italy,North Italy,IT-NO,252.13,306.35,50.59,43.72,entsoe.eu,false,
2024-03-18 19:00:00,Italy,North Italy,IT-NO,234.45,297.95,50.64,39.63,entsoe.eu,false,
2024-03-18 20:00:00,Italy,North Italy,IT-NO,218.02,279.9,54.25,39.37,entsoe.eu,false,
2024-03-18 21:00:00,Italy,North Italy,IT-NO,201.08,251.87,60.66,43.15,entsoe.eu,false,
2024-03-18 22:00:00,Italy,North Italy,IT-NO,207.88,266.27,57.21,39.2,entsoe.eu,false,
2024-03-18 23:00:00,Italy,North Italy,IT-NO,197.09,259.94,58.0,37.71,entsoe.eu,false,
2024-03-19 00:00:00,Italy,North Italy,IT-NO,192.26,254.87,58.82,37.0,entsoe.eu,false,
2024-03-19 01:00:00,Italy,North Italy,IT-NO,190.57,252.86,59.41,37.63,entsoe.eu,false,
2024-03-19 02:00:00,Italy,North Italy,IT-NO,210.36,277.52,54.83,35.81,entsoe.eu,false,
2024-03-19 03:00:00,Italy,North Italy,IT-NO,214.9,282.4,53.98,35.93,entsoe.eu,false,
2024-03-19 04:00:00,Italy,North Italy,IT-NO,210.31,276.32,55.23,38.12,entsoe.eu,false,
2024-03-19 05:00:00,Italy,North Italy,IT-NO,207.23,262.9,58.56,44.45,entsoe.eu,false,
2024-03-19 06:00:00,Italy,North Italy,IT-NO,207.7,263.73,58.09,45.02,entsoe.eu,false,
2024-03-19 07:00:00,Italy,North Italy,IT-NO,198.25,250.55,60.71,47.82,entsoe.eu,false,
2024-03-19 08:00:00,Italy,North Italy,IT-NO,199.56,252.4,60.51,47.63,entsoe.eu,false,
2024-03-19 09:00:00,Italy,North Italy,IT-NO,194.08,249.1,61.2,48.3,entsoe.eu,false,
2024-03-19 10:00:00,Italy,North Italy,IT-NO,185.08,241.3,62.52,50.43,entsoe.eu,false,
2024-03-19 11:00:00,Italy,North Italy,IT-NO,184.25,247.51,60.93,49.69,entsoe.eu,false,
2024-03-19 12:00:00,Italy,North Italy,IT-NO,166.7,226.12,65.09,53.61,entsoe.eu,false,
2024-03-19 13:00:00,Italy,North Italy,IT-NO,171.96,232.46,63.53,51.47,entsoe.eu,false,
2024-03-19 14:00:00,Italy,North Italy,IT-NO,163.6,219.69,66.11,52.38,entsoe.eu,false,
2024-03-19 15:00:00,Italy,North Italy,IT-NO,184.57,242.75,61.5,47.29,entsoe.eu,false,
2024-03-19 16:00:00,Italy,North Italy,IT-NO,213.72,275.46,55.09,43.16,entsoe.eu,false,
2024-03-19 17:00:00,Italy,North Italy,IT-NO,242.58,288.59,54.87,47.35,entsoe.eu,false,
2024-03-19 18:00:00,Italy,North Italy,IT-NO,233.02,277.12,56.84,48.03,entsoe.eu,false,
2024-03-19 19:00:00,Italy,North Italy,IT-NO,224.18,272.01,57.18,47.04,entsoe.eu,false,
2024-03-19 20:00:00,Italy,North Italy,IT-NO,201.26,254.67,59.74,44.16,entsoe.eu,false,
2024-03-19 21:00:00,Italy,North Italy,IT-NO,204.51,265.3,57.12,39.08,entsoe.eu,false,
2024-03-19 22:00:00,Italy,North Italy,IT-NO,204.02,263.45,57.92,40.39,entsoe.eu,false,
2024-03-19 23:00:00,Italy,North Italy,IT-NO,194.03,256.28,58.65,39.3,entsoe.eu,false,
2024-03-20 00:00:00,Italy,North Italy,IT-NO,196.8,260.46,57.96,37.67,entsoe.eu,false,
2024-03-20 01:00:00,Italy,North Italy,IT-NO,200.14,264.18,57.68,36.92,entsoe.eu,false,
2024-03-20 02:00:00,Italy,North Italy,IT-NO,204.94,270.04,56.61,37.01,entsoe.eu,false,
2024-03-20 03:00:00,Italy,North Italy,IT-NO,201.17,264.97,57.52,38.72,entsoe.eu,false,
2024-03-20 04:00:00,Italy,North Italy,IT-NO,208.06,272.99,55.89,39.05,entsoe.eu,false,
2024-03-20 05:00:00,Italy,North Italy,IT-NO,218.94,272.12,57.59,45.67,entsoe.eu,false,
2024-03-20 06:00:00,Italy,North Italy,IT-NO,214.67,267.38,58.09,47.82,entsoe.eu,false,
2024-03-20 07:00:00,Italy,North Italy,IT-NO,186.77,240.84,61.92,51.34,entsoe.eu,false,
2024-03-20 08:00:00,Italy,North Italy,IT-NO,183.96,239.58,62.27,53.21,entsoe.eu,false,
2024-03-20 09:00:00,Italy,North Italy,IT-NO,185.49,244.27,61.39,51.98,entsoe.eu,false,
2024-03-20 10:00:00,Italy,North Italy,IT-NO,170.42,230.34,63.52,53.83,entsoe.eu,false,
2024-03-20 11:00:00,Italy,North Italy,IT-NO,155.57,213.79,66.69,57.1,entsoe.eu,false,
2024-03-20 12:00:00,Italy,North Italy,IT-NO,150.78,208.07,67.81,57.53,entsoe.eu,false,
2024-03-20 13:00:00,Italy,North Italy,IT-NO,172.83,234.37,62.54,51.3,entsoe.eu,false,
2024-03-20 14:00:00,Italy,North Italy,IT-NO,187.02,248.71,60.06,47.04,entsoe.eu,false,
2024-03-20 15:00:00,Italy,North Italy,IT-NO,215.02,281.95,53.15,42.03,entsoe.eu,false,
2024-03-20 16:00:00,Italy,North Italy,IT-NO,264.18,329.2,45.9,38.39,entsoe.eu,false,
2024-03-20 17:00:00,Italy,North Italy,IT-NO,280.61,344.95,42.94,38.49,entsoe.eu,false,
2024-03-20 18:00:00,Italy,North Italy,IT-NO,278.29,341.66,43.51,39.11,entsoe.eu,false,
2024-03-20 19:00:00,Italy,North Italy,IT-NO,262.28,324.97,46.62,39.29,entsoe.eu,false,
2024-03-20 20:00:00,Italy,North Italy,IT-NO,239.54,305.69,49.47,37.63,entsoe.eu,false,
2024-03-20 21:00:00,Italy,North Italy,IT-NO,214.47,278.53,54.36,38.97,entsoe.eu,false,
2024-03-20 22:00:00,Italy,North Italy,IT-NO,210.11,273.54,55.52,39.3,entsoe.eu,false,
2024-03-20 23:00:00,Italy,North Italy,IT-NO,201.94,265.34,56.5,38.9,entsoe.eu,false,
2024-03-21 00:00:00,Italy,North Italy,IT-NO,201.81,266.99,55.95,37.12,entsoe.eu,false,
2024-03-21 01:00:00,Italy,North Italy,IT-NO,202.48,267.27,56.33,36.77,entsoe.eu,false,
2024-03-21 02:00:00,Italy,North Italy,IT-NO,204.42,270.09,55.69,36.56,entsoe.eu,false,
2024-03-21 03:00:00,Italy,North Italy,IT-NO,207.79,274.26,54.88,36.02,entsoe.eu,false,
2024-03-21 04:00:00,Italy,North Italy,IT-NO,210.08,275.29,54.66,37.2,entsoe.eu,false,
2024-03-21 05:00:00,Italy,North Italy,IT-NO,201.58,260.14,57.85,42.58,entsoe.eu,false,
2024-03-21 06:00:00,Italy,North Italy,IT-NO,213.89,266.04,58.05,47.52,entsoe.eu,false,
2024-03-21 07:00:00,Italy,North Italy,IT-NO,198.45,248.53,61.2,51.72,entsoe.eu,false,
2024-03-21 08:00:00,Italy,North Italy,IT-NO,186.31,244.22,60.91,50.37,entsoe.eu,false,
2024-03-21 09:00:00,Italy,North Italy,IT-NO,170.91,228.86,63.99,53.32,entsoe.eu,false,
2024-03-21 10:00:00,Italy,North Italy,IT-NO,155.41,212.24,67.1,55.66,entsoe.eu,false,
2024-03-21 11:00:00,Italy,North Italy,IT-NO,153.97,210.79,67.76,57.52,entsoe.eu,false,
2024-03-21 12:00:00,Italy,North Italy,IT-NO,165.18,224.9,64.78,54.47,entsoe.eu,false,
2024-03-21 13:00:00,Italy,North Italy,IT-NO,186.38,247.61,60.71,50.51,entsoe.eu,false,
2024-03-21 14:00:00,Italy,North Italy,IT-NO,195.18,257.6,58.59,46.92,entsoe.eu,false,
2024-03-21 15:00:00,Italy,North Italy,IT-NO,215.33,279.82,54.54,42.43,entsoe.eu,false,
2024-03-21 16:00:00,Italy,North Italy,IT-NO,223.16,288.52,52.53,40.85,entsoe.eu,false,
2024-03-21 17:00:00,Italy,North Italy,IT-NO,253.94,306.93,50.95,43.26,entsoe.eu,false,
2024-03-21 18:00:00,Italy,North Italy,IT-NO,249.79,303.26,51.62,42.71,entsoe.eu,false,
2024-03-21 19:00:00,Italy,North Italy,IT-NO,233.7,300.4,50.12,38.05,entsoe.eu,false,
2024-03-21 20:00:00,Italy,North Italy,IT-NO,223.44,289.43,52.23,37.73,entsoe.eu,false,
2024-03-21 21:00:00,Italy,North Italy,IT-NO,215.0,279.58,54.34,38.1,entsoe.eu,false,
2024-03-21 22:00:00,Italy,North Italy,IT-NO,211.03,275.82,55.07,38.52,entsoe.eu,false,
2024-03-21 23:00:00,Italy,North Italy,IT-NO,207.35,273.45,55.23,37.94,entsoe.eu,false,
2024-03-22 00:00:00,Italy,North Italy,IT-NO,202.12,267.57,56.62,37.1,entsoe.eu,false,
2024-03-22 01:00:00,Italy,North Italy,IT-NO,198.81,264.04,57.14,37.18,entsoe.eu,false,
2024-03-22 02:00:00,Italy,North Italy,IT-NO,200.4,265.92,56.95,37.41,entsoe.eu,false,
2024-03-22 03:00:00,Italy,North Italy,IT-NO,210.25,277.44,54.85,36.61,entsoe.eu,false,
2024-03-22 04:00:00,Italy,North Italy,IT-NO,218.86,286.44,53.3,38.45,entsoe.eu,false,
2024-03-22 05:00:00,Italy,North Italy,IT-NO,220.64,283.66,54.22,41.33,entsoe.eu,false,
2024-03-22 06:00:00,Italy,North Italy,IT-NO,208.22,267.54,56.97,44.47,entsoe.eu,false,
2024-03-22 07:00:00,Italy,North Italy,IT-NO,200.9,253.08,60.21,48.76,entsoe.eu,false,
2024-03-22 08:00:00,Italy,North Italy,IT-NO,186.77,243.66,61.29,50.86,entsoe.eu,false,
2024-03-22 09:00:00,Italy,North Italy,IT-NO,163.42,218.42,66.05,55.21,entsoe.eu,false,
2024-03-22 10:00:00,Italy,North Italy,IT-NO,160.24,215.45,66.8,56.09,entsoe.eu,false,
2024-03-22 11:00:00,Italy,North Italy,IT-NO,154.95,212.63,66.95,56.29,entsoe.eu,false,
2024-03-22 12:00:00,Italy,North Italy,IT-NO,151.88,209.16,67.43,56.13,entsoe.eu,false,
2024-03-22 13:00:00,Italy,North Italy,IT-NO,161.11,220.28,65.32,53.72,entsoe.eu,false,
2024-03-22 14:00:00,Italy,North Italy,IT-NO,174.37,235.69,62.47,50.21,entsoe.eu,false,
2024-03-22 15:00:00,Italy,North Italy,IT-NO,203.4,265.91,57.22,45.19,entsoe.eu,false,
2024-03-22 16:00:00,Italy,North Italy,IT-NO,218.45,280.7,54.73,43.13,entsoe.eu,false,
2024-03-22 17:00:00,Italy,North Italy,IT-NO,230.07,280.74,56.0,47.25,entsoe.eu,false,
2024-03-22 18:00:00,Italy,North Italy,IT-NO,219.23,265.61,59.02,49.06,entsoe.eu,false,
2024-03-22 19:00:00,Italy,North Italy,IT-NO,212.02,270.43,56.44,43.36,entsoe.eu,false,
2024-03-22 20:00:00,Italy,North Italy,IT-NO,208.99,272.69,55.67,41.23,entsoe.eu,false,
2024-03-22 21:00:00,Italy,North Italy,IT-NO,196.94,259.12,58.15,42.25,entsoe.eu,false,
2024-03-22 22:00:00,Italy,North Italy,IT-NO,200.51,264.65,57.05,41.81,entsoe.eu,false,
2024-03-22 23:00:00,Italy,North Italy,IT-NO,163.38,217.92,65.67,48.53,entsoe.eu,false,
2024-03-23 00:00:00,Italy,North Italy,IT-NO,160.81,216.33,65.88,47.91,entsoe.eu,false,
2024-03-23 01:00:00,Italy,North Italy,IT-NO,163.9,219.88,65.47,47.12,entsoe.eu,false,
2024-03-23 02:00:00,Italy,North Italy,IT-NO,170.85,228.78,63.69,47.13,entsoe.eu,false,
2024-03-23 03:00:00,Italy,North Italy,IT-NO,170.35,226.21,64.27,48.16,entsoe.eu,false,
2024-03-23 04:00:00,Italy,North Italy,IT-NO,171.37,225.79,64.53,48.85,entsoe.eu,false,
2024-03-23 05:00:00,Italy,North Italy,IT-NO,168.44,220.36,65.7,50.93,entsoe.eu,false,
2024-03-23 06:00:00,Italy,North Italy,IT-NO,145.97,193.79,70.65,55.62,entsoe.eu,false,
2024-03-23 07:00:00,Italy,North Italy,IT-NO,118.74,163.67,76.46,61.41,entsoe.eu,false,
2024-03-23 08:00:00,Italy,North Italy,IT-NO,107.9,153.06,78.68,65.41,entsoe.eu,false,
2024-03-23 09:00:00,Italy,North Italy,IT-NO,102.49,149.21,79.29,69.78,entsoe.eu,false,
2024-03-23 10:00:00,Italy,North Italy,IT-NO,111.5,160.97,77.26,70.5,entsoe.eu,false,
2024-03-23 11:00:00,Italy,North Italy,IT-NO,120.79,173.37,75.24,71.48,entsoe.eu,false,
2024-03-23 12:00:00,Italy,North Italy,IT-NO,113.11,164.34,77.04,73.09,entsoe.eu,false,
2024-03-23 13:00:00,Italy,North Italy,IT-NO,108.7,158.88,78.03,73.02,entsoe.eu,false,
2024-03-23 14:00:00,Italy,North Italy,IT-NO,128.33,182.0,73.39,65.64,entsoe.eu,false,
2024-03-23 15:00:00,Italy,North Italy,IT-NO,129.76,182.26,72.93,60.8,entsoe.eu,false,
2024-03-23 16:00:00,Italy,North Italy,IT-NO,147.31,196.33,70.84,56.27,entsoe.eu,false,
2024-03-23 17:00:00,Italy,North Italy,IT-NO,160.17,199.64,71.26,57.84,entsoe.eu,false,
2024-03-23 18:00:00,Italy,North Italy,IT-NO,163.69,191.07,74.01,60.38,entsoe.eu,false,
2024-03-23 19:00:00,Italy,North Italy,IT-NO,158.58,196.11,71.79,55.8,entsoe.eu,false,
2024-03-23 20:00:00,Italy,North Italy,IT-NO,146.13,192.21,71.46,53.3,entsoe.eu,false,
2024-03-23 21:00:00,Italy,North Italy,IT-NO,149.08,201.78,69.63,51.25,entsoe.eu,false,
2024-03-23 22:00:00,Italy,North Italy,IT-NO,157.89,212.75,68.25,52.04,entsoe.eu,false,
2024-03-23 23:00:00,Italy,North Italy,IT-NO,165.91,223.32,66.22,55.55,entsoe.eu,false,
2024-03-24 00:00:00,Italy,North Italy,IT-NO,163.03,220.08,67.48,59.3,entsoe.eu,false,
2024-03-24 01:00:00,Italy,North Italy,IT-NO,170.68,230.78,65.54,57.49,entsoe.eu,false,
2024-03-24 02:00:00,Italy,North Italy,IT-NO,170.7,231.83,65.29,57.28,entsoe.eu,false,
2024-03-24 03:00:00,Italy,North Italy,IT-NO,169.74,230.83,65.11,56.74,entsoe.eu,false,
2024-03-24 04:00:00,Italy,North Italy,IT-NO,168.94,229.29,65.26,56.2,entsoe.eu,false,
2024-03-24 05:00:00,Italy,North Italy,IT-NO,171.83,232.3,64.89,57.12,entsoe.eu,false,
2024-03-24 06:00:00,Italy,North Italy,IT-NO,157.41,216.26,67.83,61.59,entsoe.eu,false,
2024-03-24 07:00:00,Italy,North Italy,IT-NO,131.56,185.78,73.46,69.47,entsoe.eu,false,
2024-03-24 08:00:00,Italy,North Italy,IT-NO,118.28,171.46,75.98,74.77,entsoe.eu,false,
2024-03-24 09:00:00,Italy,North Italy,IT-NO,113.79,166.88,76.49,75.47,entsoe.eu,false,
2024-03-24 10:00:00,Italy,North Italy,IT-NO,108.04,160.25,77.55,76.97,entsoe.eu,false,
2024-03-24 11:00:00,Italy,North Italy,IT-NO,111.11,163.62,77.03,76.03,entsoe.eu,false,
2024-03-24 12:00:00,Italy,North Italy,IT-NO,99.47,149.64,79.73,78.67,entsoe.eu,false,
2024-03-24 13:00:00,Italy,North Italy,IT-NO,115.43,169.35,75.69,74.32,entsoe.eu,false,
2024-03-24 14:00:00,Italy,North Italy,IT-NO,124.15,179.57,74.06,71.83,entsoe.eu,false,
2024-03-24 15:00:00,Italy,North Italy,IT-NO,142.96,200.41,70.13,64.53,entsoe.eu,false,
2024-03-24 16:00:00,Italy,North Italy,IT-NO,154.23,197.57,72.12,64.26,entsoe.eu,false,
2024-03-24 17:00:00,Italy,North Italy,IT-NO,145.59,188.05,73.0,59.32,entsoe.eu,false,
2024-03-24 18:00:00,Italy,North Italy,IT-NO,148.13,189.19,72.36,58.68,entsoe.eu,false,
2024-03-24 19:00:00,Italy,North Italy,IT-NO,155.53,197.07,71.2,56.91,entsoe.eu,false,
2024-03-24 20:00:00,Italy,North Italy,IT-NO,154.79,197.89,70.91,55.44,entsoe.eu,false,
2024-03-24 21:00:00,Italy,North Italy,IT-NO,157.49,200.31,70.77,54.92,entsoe.eu,false,
2024-03-24 22:00:00,Italy,North Italy,IT-NO,154.94,205.15,69.25,51.75,entsoe.eu,false,
2024-03-24 23:00:00,Italy,North Italy,IT-NO,153.77,207.35,68.67,51.34,entsoe.eu,false,
2024-03-25 00:00:00,Italy,North Italy,IT-NO,161.01,217.35,66.82,48.07,entsoe.eu,false,
2024-03-25 01:00:00,Italy,North Italy,IT-NO,162.29,218.43,66.89,48.19,entsoe.eu,false,
2024-03-25 02:00:00,Italy,North Italy,IT-NO,160.84,216.96,67.18,47.97,entsoe.eu,false,
2024-03-25 03:00:00,Italy,North Italy,IT-NO,172.06,231.04,64.22,45.25,entsoe.eu,false,
2024-03-25 04:00:00,Italy,North Italy,IT-NO,178.7,238.43,62.43,46.4,entsoe.eu,false,
2024-03-25 05:00:00,Italy,North Italy,IT-NO,199.2,255.23,60.1,48.67,entsoe.eu,false,
2024-03-25 06:00:00,Italy,North Italy,IT-NO,199.61,253.91,60.41,51.57,entsoe.eu,false,
2024-03-25 07:00:00,Italy,North Italy,IT-NO,182.52,235.66,63.63,55.57,entsoe.eu,false,
2024-03-25 08:00:00,Italy,North Italy,IT-NO,160.07,214.27,67.22,58.04,entsoe.eu,false,
2024-03-25 09:00:00,Italy,North Italy,IT-NO,150.76,205.51,68.76,59.11,entsoe.eu,false,
2024-03-25 10:00:00,Italy,North Italy,IT-NO,150.58,207.53,68.03,58.82,entsoe.eu,false,
2024-03-25 11:00:00,Italy,North Italy,IT-NO,142.72,198.47,69.97,61.01,entsoe.eu,false,
2024-03-25 12:00:00,Italy,North Italy,IT-NO,153.65,211.51,67.24,56.87,entsoe.eu,false,
2024-03-25 13:00:00,Italy,North Italy,IT-NO,179.35,242.66,61.0,50.85,entsoe.eu,false,
2024-03-25 14:00:00,Italy,North Italy,IT-NO,195.82,257.9,58.49,47.75,entsoe.eu,false,
2024-03-25 15:00:00,Italy,North Italy,IT-NO,206.72,268.43,56.14,46.32,entsoe.eu,false,
2024-03-25 16:00:00,Italy,North Italy,IT-NO,242.44,309.66,48.83,41.45,entsoe.eu,false,
2024-03-25 17:00:00,Italy,North Italy,IT-NO,264.35,322.89,47.57,44.18,entsoe.eu,false,
2024-03-25 18:00:00,Italy,North Italy,IT-NO,260.08,312.78,50.07,46.03,entsoe.eu,false,
2024-03-25 19:00:00,Italy,North Italy,IT-NO,247.54,309.02,49.76,42.26,entsoe.eu,false,
2024-03-25 20:00:00,Italy,North Italy,IT-NO,219.33,282.88,54.29,42.29,entsoe.eu,false,
2024-03-25 21:00:00,Italy,North Italy,IT-NO,204.01,267.65,57.09,42.03,entsoe.eu,false,
2024-03-25 22:00:00,Italy,North Italy,IT-NO,205.25,267.9,57.4,42.59,entsoe.eu,false,
2024-03-25 23:00:00,Italy,North Italy,IT-NO,203.72,269.22,56.8,39.55,entsoe.eu,false,
2024-03-26 00:00:00,Italy,North Italy,IT-NO,193.66,257.39,58.86,40.36,entsoe.eu,false,
2024-03-26 01:00:00,Italy,North Italy,IT-NO,192.8,256.65,59.0,40.04,entsoe.eu,false,
2024-03-26 02:00:00,Italy,North Italy,IT-NO,200.1,265.8,57.29,39.38,entsoe.eu,false,
2024-03-26 03:00:00,Italy,North Italy,IT-NO,199.05,264.41,57.58,40.19,entsoe.eu,false,
2024-03-26 04:00:00,Italy,North Italy,IT-NO,214.66,282.98,53.89,37.84,entsoe.eu,false,
2024-03-26 05:00:00,Italy,North Italy,IT-NO,227.54,295.01,51.98,39.04,entsoe.eu,false,
2024-03-26 06:00:00,Italy,North Italy,IT-NO,245.22,313.3,48.55,38.75,entsoe.eu,false,
2024-03-26 07:00:00,Italy,North Italy,IT-NO,241.37,296.8,52.86,44.8,entsoe.eu,false,
2024-03-26 08:00:00,Italy,North Italy,IT-NO,239.4,290.6,54.38,46.57,entsoe.eu,false,
2024-03-26 09:00:00,Italy,North Italy,IT-NO,239.38,290.99,54.3,46.47,entsoe.eu,false,
2024-03-26 10:00:00,Italy,North Italy,IT-NO,246.73,297.05,53.73,46.69,entsoe.eu,false,
2024-03-26 11:00:00,Italy,North Italy,IT-NO,247.08,300.53,52.83,46.08,entsoe.eu,false,
2024-03-26 12:00:00,Italy,North Italy,IT-NO,249.81,307.17,51.33,43.71,entsoe.eu,false,
2024-03-26 13:00:00,Italy,North Italy,IT-NO,242.01,294.89,53.53,44.81,entsoe.eu,false,
2024-03-26 14:00:00,Italy,North Italy,IT-NO,239.31,291.31,54.14,44.69,entsoe.eu,false,
2024-03-26 15:00:00,Italy,North Italy,IT-NO,241.88,294.49,53.24,42.7,entsoe.eu,false,
2024-03-26 16:00:00,Italy,North Italy,IT-NO,248.56,302.12,51.92,42.03,entsoe.eu,false,
2024-03-26 17:00:00,Italy,North Italy,IT-NO,246.5,299.67,52.18,44.77,entsoe.eu,false,
2024-03-26 18:00:00,Italy,North Italy,IT-NO,236.58,295.1,52.17,44.08,entsoe.eu,false,
2024-03-26 19:00:00,Italy,North Italy,IT-NO,238.53,305.27,49.32,38.37,entsoe.eu,false,
2024-03-26 20:00:00,Italy,North Italy,IT-NO,245.02,312.11,48.63,36.3,entsoe.eu,false,
2024-03-26 21:00:00,Italy,North Italy,IT-NO,231.66,299.53,50.71,36.44,entsoe.eu,false,
2024-03-26 22:00:00,Italy,North Italy,IT-NO,212.43,276.66,55.32,39.59,entsoe.eu,false,
2024-03-26 23:00:00,Italy,North Italy,IT-NO,198.59,262.96,57.35,39.37,entsoe.eu,false,
2024-03-27 00:00:00,Italy,North Italy,IT-NO,193.87,257.61,58.29,38.77,entsoe.eu,false,
2024-03-27 01:00:00,Italy,North Italy,IT-NO,185.09,246.56,60.6,39.94,entsoe.eu,false,
2024-03-27 02:00:00,Italy,North Italy,IT-NO,184.96,246.76,60.42,39.89,entsoe.eu,false,
2024-03-27 03:00:00,Italy,North Italy,IT-NO,187.0,249.09,59.94,39.95,entsoe.eu,false,
2024-03-27 04:00:00,Italy,North Italy,IT-NO,197.97,262.72,57.11,38.9,entsoe.eu,false,
2024-03-27 05:00:00,Italy,North Italy,IT-NO,212.78,278.96,54.52,40.27,entsoe.eu,false,
2024-03-27 06:00:00,Italy,North Italy,IT-NO,236.14,292.73,53.42,44.12,entsoe.eu,false,
2024-03-27 07:00:00,Italy,North Italy,IT-NO,223.24,272.16,57.54,49.6,entsoe.eu,false,
2024-03-27 08:00:00,Italy,North Italy,IT-NO,223.51,269.21,58.55,50.92,entsoe.eu,false,
2024-03-27 09:00:00,Italy,North Italy,IT-NO,230.11,276.15,57.54,49.71,entsoe.eu,false,
2024-03-27 10:00:00,Italy,North Italy,IT-NO,236.27,283.52,56.26,48.41,entsoe.eu,false,
2024-03-27 11:00:00,Italy,North Italy,IT-NO,222.39,280.74,54.96,46.02,entsoe.eu,false,
2024-03-27 12:00:00,Italy,North Italy,IT-NO,221.27,286.57,52.9,42.69,entsoe.eu,false,
2024-03-27 13:00:00,Italy,North Italy,IT-NO,218.98,281.97,53.89,43.49,entsoe.eu,false,
2024-03-27 14:00:00,Italy,North Italy,IT-NO,212.83,276.55,54.89,44.24,entsoe.eu,false,
2024-03-27 15:00:00,Italy,North Italy,IT-NO,217.02,281.72,54.06,43.87,entsoe.eu,false,
2024-03-27 16:00:00,Italy,North Italy,IT-NO,232.87,298.16,51.34,42.24,entsoe.eu,false,
2024-03-27 17:00:00,Italy,North Italy,IT-NO,249.07,307.01,50.84,44.98,entsoe.eu,false,
2024-03-27 18:00:00,Italy,North Italy,IT-NO,252.4,311.07,50.07,44.78,entsoe.eu,false,
2024-03-27 19:00:00,Italy,North Italy,IT-NO,234.9,302.94,50.06,40.46,entsoe.eu,false,
2024-03-27 20:00:00,Italy,North Italy,IT-NO,208.91,274.2,55.66,42.8,entsoe.eu,false,
2024-03-27 21:00:00,Italy,North Italy,IT-NO,188.47,249.87,60.41,45.43,entsoe.eu,false,
2024-03-27 22:00:00,Italy,North Italy,IT-NO,189.51,251.97,60.34,45.75,entsoe.eu,false,
2024-03-27 23:00:00,Italy,North Italy,IT-NO,208.35,275.67,56.16,45.71,entsoe.eu,false,
2024-03-28 00:00:00,Italy,North Italy,IT-NO,199.24,264.17,58.43,45.98,entsoe.eu,false,
2024-03-28 01:00:00,Italy,North Italy,IT-NO,199.3,264.42,58.48,45.85,entsoe.eu,false,
2024-03-28 02:00:00,Italy,North Italy,IT-NO,192.94,256.66,59.77,46.4,entsoe.eu,false,
2024-03-28 03:00:00,Italy,North Italy,IT-NO,191.11,254.77,59.47,44.85,entsoe.eu,false,
2024-03-28 04:00:00,Italy,North Italy,IT-NO,199.37,264.94,57.06,41.95,entsoe.eu,false,
2024-03-28 05:00:00,Italy,North Italy,IT-NO,211.26,277.68,54.25,40.84,entsoe.eu,false,
2024-03-28 06:00:00,Italy,North Italy,IT-NO,221.43,284.89,53.37,42.5,entsoe.eu,false,
2024-03-28 07:00:00,Italy,North Italy,IT-NO,213.48,273.35,55.62,45.91,entsoe.eu,false,
2024-03-28 08:00:00,Italy,North Italy,IT-NO,213.8,269.59,56.78,47.64,entsoe.eu,false,
2024-03-28 09:00:00,Italy,North Italy,IT-NO,213.64,265.3,58.34,49.87,entsoe.eu,false,
2024-03-28 10:00:00,Italy,North Italy,IT-NO,208.32,258.95,59.55,51.09,entsoe.eu,false,
2024-03-28 11:00:00,Italy,North Italy,IT-NO,192.38,243.84,62.28,53.04,entsoe.eu,false,
2024-03-28 12:00:00,Italy,North Italy,IT-NO,188.61,249.03,60.22,49.85,entsoe.eu,false,
2024-03-28 13:00:00,Italy,North Italy,IT-NO,199.18,262.95,57.14,46.86,entsoe.eu,false,
2024-03-28 14:00:00,Italy,North Italy,IT-NO,207.48,268.04,56.76,46.02,entsoe.eu,false,
2024-03-28 15:00:00,Italy,North Italy,IT-NO,202.73,266.57,56.5,45.86,entsoe.eu,false,
2024-03-28 16:00:00,Italy,North Italy,IT-NO,221.97,285.79,53.4,42.22,entsoe.eu,false,
2024-03-28 17:00:00,Italy,North Italy,IT-NO,225.65,285.05,53.87,43.61,entsoe.eu,false,
2024-03-28 18:00:00,Italy,North Italy,IT-NO,220.66,275.25,55.86,45.87,entsoe.eu,false,
2024-03-28 19:00:00,Italy,North Italy,IT-NO,225.25,284.38,53.89,42.36,entsoe.eu,false,
2024-03-28 20:00:00,Italy,North Italy,IT-NO,226.26,290.43,52.44,40.1,entsoe.eu,false,
2024-03-28 21:00:00,Italy,North Italy,IT-NO,199.58,263.97,57.04,41.53,entsoe.eu,false,
2024-03-28 22:00:00,Italy,North Italy,IT-NO,203.13,269.56,56.25,41.54,entsoe.eu,false,
2024-03-28 23:00:00,Italy,North Italy,IT-NO,181.86,243.68,61.16,44.71,entsoe.eu,false,
2024-03-29 00:00:00,Italy,North Italy,IT-NO,177.9,239.09,62.22,45.67,entsoe.eu,false,
2024-03-29 01:00:00,Italy,North Italy,IT-NO,178.12,239.82,62.05,46.68,entsoe.eu,false,
2024-03-29 02:00:00,Italy,North Italy,IT-NO,176.3,237.42,62.66,46.77,entsoe.eu,false,
2024-03-29 03:00:00,Italy,North Italy,IT-NO,181.72,243.59,61.21,43.92,entsoe.eu,false,
2024-03-29 04:00:00,Italy,North Italy,IT-NO,187.51,250.05,59.96,42.76,entsoe.eu,false,
2024-03-29 05:00:00,Italy,North Italy,IT-NO,199.64,260.29,58.43,43.99,entsoe.eu,false,
2024-03-29 06:00:00,Italy,North Italy,IT-NO,199.53,256.84,59.16,46.83,entsoe.eu,false,
2024-03-29 07:00:00,Italy,North Italy,IT-NO,198.78,254.02,59.55,48.54,entsoe.eu,false,
2024-03-29 08:00:00,Italy,North Italy,IT-NO,203.3,251.58,61.31,51.69,entsoe.eu,false,
2024-03-29 09:00:00,Italy,North Italy,IT-NO,191.49,242.58,62.66,53.03,entsoe.eu,false,
2024-03-29 10:00:00,Italy,North Italy,IT-NO,179.85,236.45,63.09,53.81,entsoe.eu,false,
2024-03-29 11:00:00,Italy,North Italy,IT-NO,163.88,223.39,64.87,54.69,entsoe.eu,false,
2024-03-29 12:00:00,Italy,North Italy,IT-NO,156.82,214.57,66.53,55.3,entsoe.eu,false,
2024-03-29 13:00:00,Italy,North Italy,IT-NO,170.53,231.31,63.21,51.72,entsoe.eu,false,
2024-03-29 14:00:00,Italy,North Italy,IT-NO,186.41,246.88,60.44,47.14,entsoe.eu,false,
2024-03-29 15:00:00,Italy,North Italy,IT-NO,208.62,269.62,56.36,42.81,entsoe.eu,false,
2024-03-29 16:00:00,Italy,North Italy,IT-NO,214.56,269.66,57.15,45.3,entsoe.eu,false,
2024-03-29 17:00:00,Italy,North Italy,IT-NO,210.28,264.21,57.92,47.47,entsoe.eu,false,
2024-03-29 18:00:00,Italy,North Italy,IT-NO,212.84,265.67,57.69,48.36,entsoe.eu,false,
2024-03-29 19:00:00,Italy,North Italy,IT-NO,203.66,255.8,59.46,47.61,entsoe.eu,false,
2024-03-29 20:00:00,Italy,North Italy,IT-NO,209.6,266.14,57.43,43.73,entsoe.eu,false,
2024-03-29 21:00:00,Italy,North Italy,IT-NO,200.42,262.98,57.33,41.91,entsoe.eu,false,
2024-03-29 22:00:00,Italy,North Italy,IT-NO,200.03,262.41,57.89,43.43,entsoe.eu,false,
2024-03-29 23:00:00,Italy,North Italy,IT-NO,193.54,254.86,59.37,46.83,entsoe.eu,false,
2024-03-30 00:00:00,Italy,North Italy,IT-NO,183.36,240.13,62.59,50.09,entsoe.eu,false,
2024-03-30 01:00:00,Italy,North Italy,IT-NO,182.51,242.19,62.27,50.94,entsoe.eu,false,
2024-03-30 02:00:00,Italy,North Italy,IT-NO,181.16,240.94,62.62,50.66,entsoe.eu,false,
2024-03-30 03:00:00,Italy,North Italy,IT-NO,182.89,243.94,62.02,50.58,entsoe.eu,false,
2024-03-30 04:00:00,Italy,North Italy,IT-NO,191.74,254.43,60.21,50.9,entsoe.eu,false,
2024-03-30 05:00:00,Italy,North Italy,IT-NO,197.69,260.16,59.41,49.57,entsoe.eu,false,
2024-03-30 06:00:00,Italy,North Italy,IT-NO,189.21,249.78,60.85,53.43,entsoe.eu,false,
2024-03-30 07:00:00,Italy,North Italy,IT-NO,190.1,245.95,62.69,57.48,entsoe.eu,false,
2024-03-30 08:00:00,Italy,North Italy,IT-NO,162.05,214.96,68.65,64.46,entsoe.eu,false,
2024-03-30 09:00:00,Italy,North Italy,IT-NO,152.56,209.87,68.97,65.6,entsoe.eu,false,
2024-03-30 10:00:00,Italy,North Italy,IT-NO,143.83,199.95,70.52,68.41,entsoe.eu,false,
2024-03-30 11:00:00,Italy,North Italy,IT-NO,148.67,206.08,69.37,67.29,entsoe.eu,false,
2024-03-30 12:00:00,Italy,North Italy,IT-NO,158.72,218.19,67.09,64.19,entsoe.eu,false,
2024-03-30 13:00:00,Italy,North Italy,IT-NO,164.01,224.61,65.56,61.72,entsoe.eu,false,
2024-03-30 14:00:00,Italy,North Italy,IT-NO,167.25,225.1,65.54,59.16,entsoe.eu,false,
2024-03-30 15:00:00,Italy,North Italy,IT-NO,177.53,234.13,63.86,53.51,entsoe.eu,false,
2024-03-30 16:00:00,Italy,North Italy,IT-NO,215.0,259.44,61.79,53.79,entsoe.eu,false,
2024-03-30 17:00:00,Italy,North Italy,IT-NO,192.61,239.29,63.88,52.75,entsoe.eu,false,
2024-03-30 18:00:00,Italy,North Italy,IT-NO,202.14,248.54,62.07,52.91,entsoe.eu,false,
2024-03-30 19:00:00,Italy,North Italy,IT-NO,190.9,243.79,61.8,50.9,entsoe.eu,false,
2024-03-30 20:00:00,Italy,North Italy,IT-NO,187.49,245.19,60.99,48.9,entsoe.eu,false,
2024-03-30 21:00:00,Italy,North Italy,IT-NO,192.59,251.97,60.47,48.91,entsoe.eu,false,
2024-03-30 22:00:00,Italy,North Italy,IT-NO,202.14,265.57,58.05,48.47,entsoe.eu,false,
2024-03-30 23:00:00,Italy,North Italy,IT-NO,198.82,261.18,58.58,49.16,entsoe.eu,false,
2024-03-31 00:00:00,Italy,North Italy,IT-NO,186.29,247.4,61.11,53.31,entsoe.eu,false,
2024-03-31 01:00:00,Italy,North Italy,IT-NO,196.36,260.22,58.17,52.88,entsoe.eu,false,
2024-03-31 02:00:00,Italy,North Italy,IT-NO,184.46,245.93,61.01,54.62,entsoe.eu,false,
2024-03-31 03:00:00,Italy,North Italy,IT-NO,193.55,258.79,58.41,51.67,entsoe.eu,false,
2024-03-31 04:00:00,Italy,North Italy,IT-NO,208.36,275.37,55.11,49.6,entsoe.eu,false,
2024-03-31 05:00:00,Italy,North Italy,IT-NO,207.03,271.6,55.93,51.92,entsoe.eu,false,
2024-03-31 06:00:00,Italy,North Italy,IT-NO,204.57,269.89,56.14,52.34,entsoe.eu,false,
2024-03-31 07:00:00,Italy,North Italy,IT-NO,205.77,270.82,56.44,54.36,entsoe.eu,false,
2024-03-31 08:00:00,Italy,North Italy,IT-NO,196.15,247.69,62.03,60.23,entsoe.eu,false,
2024-03-31 09:00:00,Italy,North Italy,IT-NO,162.68,210.53,68.61,66.43,entsoe.eu,false,
2024-03-31 10:00:00,Italy,North Italy,IT-NO,143.07,190.92,72.29,69.83,entsoe.eu,false,
2024-03-31 11:00:00,Italy,North Italy,IT-NO,119.76,171.13,75.58,72.92,entsoe.eu,false,
2024-03-31 12:00:00,Italy,North Italy,IT-NO,127.93,181.66,73.28,70.6,entsoe.eu,false,
2024-03-31 13:00:00,Italy,North Italy,IT-NO,132.31,186.94,72.14,69.61,entsoe.eu,false,
2024-03-31 14:00:00,Italy,North Italy,IT-NO,155.18,213.82,67.24,64.64,entsoe.eu,false,
2024-03-31 15:00:00,Italy,North Italy,IT-NO,186.07,240.0,63.17,60.68,entsoe.eu,false,
2024-03-31 16:00:00,Italy,North Italy,IT-NO,232.01,284.85,55.65,53.56,entsoe.eu,false,
2024-03-31 17:00:00,Italy,North Italy,IT-NO,235.4,289.96,54.38,52.59,entsoe.eu,false,
2024-03-31 18:00:00,Italy,North Italy,IT-NO,233.78,287.15,54.51,50.56,entsoe.eu,false,
2024-03-31 19:00:00,Italy,North Italy,IT-NO,232.48,288.52,54.04,49.13,entsoe.eu,false,
2024-03-31 20:00:00,Italy,North Italy,IT-NO,235.31,293.98,53.09,47.86,entsoe.eu,false,
2024-03-31 21:00:00,Italy,North Italy,IT-NO,227.55,296.7,51.0,44.66,entsoe.eu,false,
2024-03-31 22:00:00,Italy,North Italy,IT-NO,215.04,283.22,53.77,47.88,entsoe.eu,false,
2024-03-31 23:00:00,Italy,North Italy,IT-NO,211.15,279.06,54.8,49.79,entsoe.eu,false,
2024-04-01 00:00:00,Italy,North Italy,IT-NO,205.48,272.18,56.45,51.76,entsoe.eu,false,
2024-04-01 01:00:00,Italy,North Italy,IT-NO,210.25,278.03,55.73,51.21,entsoe.eu,false,
2024-04-01 02:00:00,Italy,North Italy,IT-NO,217.35,287.02,54.11,50.51,entsoe.eu,false,
2024-04-01 03:00:00,Italy,North Italy,IT-NO,216.72,286.56,53.87,50.64,entsoe.eu,false,
2024-04-01 04:00:00,Italy,North Italy,IT-NO,231.86,294.15,53.21,50.76,entsoe.eu,false,
2024-04-01 05:00:00,Italy,North Italy,IT-NO,233.94,296.17,53.26,52.4,entsoe.eu,false,
2024-04-01 06:00:00,Italy,North Italy,IT-NO,217.25,268.09,59.55,57.94,entsoe.eu,false,
2024-04-01 07:00:00,Italy,North Italy,IT-NO,197.92,251.33,61.98,60.49,entsoe.eu,false,
2024-04-01 08:00:00,Italy,North Italy,IT-NO,160.95,213.96,68.29,67.33,entsoe.eu,false,
2024-04-01 09:00:00,Italy,North Italy,IT-NO,143.26,192.42,72.58,71.49,entsoe.eu,false,
2024-04-01 10:00:00,Italy,North Italy,IT-NO,145.44,193.28,72.72,71.87,entsoe.eu,false,
2024-04-01 11:00:00,Italy,North Italy,IT-NO,136.89,189.3,72.75,72.22,entsoe.eu,false,
2024-04-01 12:00:00,Italy,North Italy,IT-NO,131.65,181.49,74.15,73.27,entsoe.eu,false,
2024-04-01 13:00:00,Italy,North Italy,IT-NO,142.41,186.45,74.08,73.8,entsoe.eu,false,
2024-04-01 14:00:00,Italy,North Italy,IT-NO,151.3,196.04,72.52,72.15,entsoe.eu,false,
2024-04-01 15:00:00,Italy,North Italy,IT-NO,166.96,210.43,70.22,66.8,entsoe.eu,false,
2024-04-01 16:00:00,Italy,North Italy,IT-NO,184.61,232.81,65.72,61.95,entsoe.eu,false,
2024-04-01 17:00:00,Italy,North Italy,IT-NO,193.37,239.09,64.69,57.37,entsoe.eu,false,
2024-04-01 18:00:00,Italy,North Italy,IT-NO,192.63,237.62,65.02,56.01,entsoe.eu,false,
2024-04-01 19:00:00,Italy,North Italy,IT-NO,165.64,207.65,70.98,59.56,entsoe.eu,false,
2024-04-01 20:00:00,Italy,North Italy,IT-NO,174.75,223.64,67.51,57.96,entsoe.eu,false,
2024-04-01 21:00:00,Italy,North Italy,IT-NO,181.93,239.91,64.36,59.42,entsoe.eu,false,
2024-04-01 22:00:00,Italy,North Italy,IT-NO,192.98,255.57,62.28,58.61,entsoe.eu,false,
2024-04-01 23:00:00,Italy,North Italy,IT-NO,194.82,258.4,61.85,59.07,entsoe.eu,false,
2024-04-02 00:00:00,Italy,North Italy,IT-NO,195.48,259.48,61.72,59.24,entsoe.eu,false,
2024-04-02 01:00:00,Italy,North Italy,IT-NO,197.08,261.62,61.12,57.92,entsoe.eu,false,
2024-04-02 02:00:00,Italy,North Italy,IT-NO,195.94,260.49,60.65,55.77,entsoe.eu,false,
2024-04-02 03:00:00,Italy,North Italy,IT-NO,197.07,260.33,60.13,53.63,entsoe.eu,false,
2024-04-02 04:00:00,Italy,North Italy,IT-NO,186.41,234.92,65.02,53.45,entsoe.eu,false,
2024-04-02 05:00:00,Italy,North Italy,IT-NO,190.21,230.14,66.5,54.41,entsoe.eu,false,
2024-04-02 06:00:00,Italy,North Italy,IT-NO,182.39,217.44,69.39,58.89,entsoe.eu,false,
2024-04-02 07:00:00,Italy,North Italy,IT-NO,172.21,211.88,70.28,62.68,entsoe.eu,false,
2024-04-02 08:00:00,Italy,North Italy,IT-NO,142.51,192.46,72.33,64.85,entsoe.eu,false,
2024-04-02 09:00:00,Italy,North Italy,IT-NO,128.12,178.44,74.72,68.79,entsoe.eu,false,
2024-04-02 10:00:00,Italy,North Italy,IT-NO,118.23,166.78,77.0,71.2,entsoe.eu,false,
2024-04-02 11:00:00,Italy,North Italy,IT-NO,110.59,158.08,78.56,72.94,entsoe.eu,false,
2024-04-02 12:00:00,Italy,North Italy,IT-NO,110.78,158.16,78.54,71.88,entsoe.eu,false,
2024-04-02 13:00:00,Italy,North Italy,IT-NO,113.52,161.07,77.95,70.96,entsoe.eu,false,
2024-04-02 14:00:00,Italy,North Italy,IT-NO,123.92,172.91,75.66,66.83,entsoe.eu,false,
2024-04-02 15:00:00,Italy,North Italy,IT-NO,146.23,199.1,70.87,61.3,entsoe.eu,false,
2024-04-02 16:00:00,Italy,North Italy,IT-NO,186.44,246.05,61.81,53.52,entsoe.eu,false,
2024-04-02 17:00:00,Italy,North Italy,IT-NO,207.43,257.2,60.78,53.47,entsoe.eu,false,
2024-04-02 18:00:00,Italy,North Italy,IT-NO,223.67,264.86,60.96,54.08,entsoe.eu,false,
2024-04-02 19:00:00,Italy,North Italy,IT-NO,215.58,269.06,58.88,51.07,entsoe.eu,false,
2024-04-02 20:00:00,Italy,North Italy,IT-NO,211.04,268.39,58.68,49.0,entsoe.eu,false,
2024-04-02 21:00:00,Italy,North Italy,IT-NO,208.34,267.21,58.64,48.27,entsoe.eu,false,
2024-04-02 22:00:00,Italy,North Italy,IT-NO,191.4,250.29,61.14,49.36,entsoe.eu,false,
2024-04-02 23:00:00,Italy,North Italy,IT-NO,182.91,241.59,62.76,50.19,entsoe.eu,false,
2024-04-03 00:00:00,Italy,North Italy,IT-NO,185.16,244.48,62.35,51.02,entsoe.eu,false,
2024-04-03 01:00:00,Italy,North Italy,IT-NO,182.48,241.69,62.49,50.91,entsoe.eu,false,
2024-04-03 02:00:00,Italy,North Italy,IT-NO,178.18,236.7,63.24,51.04,entsoe.eu,false,
2024-04-03 03:00:00,Italy,North Italy,IT-NO,195.66,258.24,59.19,48.5,entsoe.eu,false,
2024-04-03 04:00:00,Italy,North Italy,IT-NO,232.4,298.56,51.73,44.15,entsoe.eu,false,
2024-04-03 05:00:00,Italy,North Italy,IT-NO,239.14,302.34,51.32,44.98,entsoe.eu,false,
2024-04-03 06:00:00,Italy,North Italy,IT-NO,231.49,292.87,52.87,45.79,entsoe.eu,false,
2024-04-03 07:00:00,Italy,North Italy,IT-NO,223.95,284.97,54.28,46.83,entsoe.eu,false,
2024-04-03 08:00:00,Italy,North Italy,IT-NO,220.61,282.61,54.68,47.46,entsoe.eu,false,
2024-04-03 09:00:00,Italy,North Italy,IT-NO,203.27,262.93,58.55,50.81,entsoe.eu,false,
2024-04-03 10:00:00,Italy,North Italy,IT-NO,176.86,236.75,63.33,55.47,entsoe.eu,false,
2024-04-03 11:00:00,Italy,North Italy,IT-NO,169.53,228.23,64.86,56.51,entsoe.eu,false,
2024-04-03 12:00:00,Italy,North Italy,IT-NO,165.0,223.1,65.67,58.04,entsoe.eu,false,
2024-04-03 13:00:00,Italy,North Italy,IT-NO,166.13,223.98,65.43,57.34,entsoe.eu,false,
2024-04-03 14:00:00,Italy,North Italy,IT-NO,173.55,232.34,63.83,55.62,entsoe.eu,false,
2024-04-03 15:00:00,Italy,North Italy,IT-NO,203.65,262.8,58.78,52.29,entsoe.eu,false,
2024-04-03 16:00:00,Italy,North Italy,IT-NO,231.08,295.73,52.56,47.52,entsoe.eu,false,
2024-04-03 17:00:00,Italy,North Italy,IT-NO,228.34,288.73,53.95,47.01,entsoe.eu,false,
2024-04-03 18:00:00,Italy,North Italy,IT-NO,235.58,298.16,51.91,44.0,entsoe.eu,false,
2024-04-03 19:00:00,Italy,North Italy,IT-NO,233.66,297.26,52.19,43.91,entsoe.eu,false,
2024-04-03 20:00:00,Italy,North Italy,IT-NO,205.83,263.62,58.69,48.32,entsoe.eu,false,
2024-04-03 21:00:00,Italy,North Italy,IT-NO,187.36,244.65,62.02,49.16,entsoe.eu,false,
2024-04-03 22:00:00,Italy,North Italy,IT-NO,169.22,224.21,65.4,50.75,entsoe.eu,false,
2024-04-03 23:00:00,Italy,North Italy,IT-NO,164.06,219.37,66.05,51.36,entsoe.eu,false,
2024-04-04 00:00:00,Italy,North Italy,IT-NO,155.11,207.77,67.98,50.55,entsoe.eu,false,
2024-04-04 01:00:00,Italy,North Italy,IT-NO,156.41,209.44,67.72,50.6,entsoe.eu,false,
2024-04-04 02:00:00,Italy,North Italy,IT-NO,151.19,203.62,68.75,50.84,entsoe.eu,false,
2024-04-04 03:00:00,Italy,North Italy,IT-NO,165.45,219.45,65.47,48.74,entsoe.eu,false,
2024-04-04 04:00:00,Italy,North Italy,IT-NO,192.49,245.83,61.09,47.17,entsoe.eu,false,
2024-04-04 05:00:00,Italy,North Italy,IT-NO,210.34,260.2,59.08,47.61,entsoe.eu,false,
2024-04-04 06:00:00,Italy,North Italy,IT-NO,202.79,248.49,61.66,50.81,entsoe.eu,false,
2024-04-04 07:00:00,Italy,North Italy,IT-NO,196.1,245.45,62.1,52.72,entsoe.eu,false,
2024-04-04 08:00:00,Italy,North Italy,IT-NO,169.75,220.85,66.16,57.01,entsoe.eu,false,
2024-04-04 09:00:00,Italy,North Italy,IT-NO,148.74,200.98,69.47,60.34,entsoe.eu,false,
2024-04-04 10:00:00,Italy,North Italy,IT-NO,129.85,181.47,72.75,64.48,entsoe.eu,false,
2024-04-04 11:00:00,Italy,North Italy,IT-NO,125.61,176.25,73.8,65.97,entsoe.eu,false,
2024-04-04 12:00:00,Italy,North Italy,IT-NO,123.59,173.67,74.29,65.25,entsoe.eu,false,
2024-04-04 13:00:00,Italy,North Italy,IT-NO,127.82,178.31,73.44,64.22,entsoe.eu,false,
2024-04-04 14:00:00,Italy,North Italy,IT-NO,141.8,194.27,70.42,60.52,entsoe.eu,false,
2024-04-04 15:00:00,Italy,North Italy,IT-NO,164.15,217.44,66.36,55.41,entsoe.eu,false,
2024-04-04 16:00:00,Italy,North Italy,IT-NO,183.16,237.51,62.5,50.19,entsoe.eu,false,
2024-04-04 17:00:00,Italy,North Italy,IT-NO,198.42,252.12,59.95,48.19,entsoe.eu,false,
2024-04-04 18:00:00,Italy,North Italy,IT-NO,204.97,253.7,60.29,47.98,entsoe.eu,false,
2024-04-04 19:00:00,Italy,North Italy,IT-NO,208.38,258.17,59.81,47.12,entsoe.eu,false,
2024-04-04 20:00:00,Italy,North Italy,IT-NO,206.3,263.5,57.87,44.66,entsoe.eu,false,
2024-04-04 21:00:00,Italy,North Italy,IT-NO,201.29,259.91,58.2,44.33,entsoe.eu,false,
2024-04-04 22:00:00,Italy,North Italy,IT-NO,174.57,229.91,63.4,47.92,entsoe.eu,false,
2024-04-04 23:00:00,Italy,North Italy,IT-NO,160.5,212.83,66.85,50.44,entsoe.eu,false,
2024-04-05 00:00:00,Italy,North Italy,IT-NO,153.23,205.31,68.5,51.25,entsoe.eu,false,
2024-04-05 01:00:00,Italy,North Italy,IT-NO,153.32,205.65,68.4,50.83,entsoe.eu,false,
2024-04-05 02:00:00,Italy,North Italy,IT-NO,160.27,213.68,67.05,50.73,entsoe.eu,false,
2024-04-05 03:00:00,Italy,North Italy,IT-NO,174.48,229.95,64.0,49.78,entsoe.eu,false,
2024-04-05 04:00:00,Italy,North Italy,IT-NO,193.29,245.02,61.63,49.63,entsoe.eu,false,
2024-04-05 05:00:00,Italy,North Italy,IT-NO,206.61,252.44,61.33,51.7,entsoe.eu,false,
2024-04-05 06:00:00,Italy,North Italy,IT-NO,194.09,242.3,62.66,52.5,entsoe.eu,false,
2024-04-05 07:00:00,Italy,North Italy,IT-NO,185.97,239.12,62.67,52.66,entsoe.eu,false,
2024-04-05 08:00:00,Italy,North Italy,IT-NO,164.59,215.53,67.13,56.85,entsoe.eu,false,
2024-04-05 09:00:00,Italy,North Italy,IT-NO,138.57,187.42,72.0,61.66,entsoe.eu,false,
2024-04-05 10:00:00,Italy,North Italy,IT-NO,116.41,165.51,75.84,66.28,entsoe.eu,false,
2024-04-05 11:00:00,Italy,North Italy,IT-NO,112.7,161.05,76.82,66.28,entsoe.eu,false,
2024-04-05 12:00:00,Italy,North Italy,IT-NO,119.63,169.42,75.26,64.77,entsoe.eu,false,
2024-04-05 13:00:00,Italy,North Italy,IT-NO,119.48,167.69,75.55,64.67,entsoe.eu,false,
2024-04-05 14:00:00,Italy,North Italy,IT-NO,132.99,178.7,73.65,61.97,entsoe.eu,false,
2024-04-05 15:00:00,Italy,North Italy,IT-NO,149.78,195.9,70.64,58.69,entsoe.eu,false,
2024-04-05 16:00:00,Italy,North Italy,IT-NO,170.99,218.82,66.22,54.42,entsoe.eu,false,
2024-04-05 17:00:00,Italy,North Italy,IT-NO,184.28,227.92,65.09,52.98,entsoe.eu,false,
2024-04-05 18:00:00,Italy,North Italy,IT-NO,194.56,230.87,65.72,53.95,entsoe.eu,false,
2024-04-05 19:00:00,Italy,North Italy,IT-NO,187.88,234.96,63.48,50.86,entsoe.eu,false,
2024-04-05 20:00:00,Italy,North Italy,IT-NO,177.69,231.1,63.24,49.33,entsoe.eu,false,
2024-04-05 21:00:00,Italy,North Italy,IT-NO,178.57,235.65,62.16,47.35,entsoe.eu,false,
2024-04-05 22:00:00,Italy,North Italy,IT-NO,172.83,220.07,65.75,51.49,entsoe.eu,false,
2024-04-05 23:00:00,Italy,North Italy,IT-NO,153.63,201.75,68.73,53.56,entsoe.eu,false,
2024-04-06 00:00:00,Italy,North Italy,IT-NO,148.88,190.27,71.88,56.89,entsoe.eu,false,
2024-04-06 01:00:00,Italy,North Italy,IT-NO,147.16,187.45,72.66,58.06,entsoe.eu,false,
2024-04-06 02:00:00,Italy,North Italy,IT-NO,155.23,198.69,70.57,57.17,entsoe.eu,false,
2024-04-06 03:00:00,Italy,North Italy,IT-NO,153.99,198.34,70.34,57.58,entsoe.eu,false,
2024-04-06 04:00:00,Italy,North Italy,IT-NO,159.8,201.64,70.11,58.45,entsoe.eu,false,
2024-04-06 05:00:00,Italy,North Italy,IT-NO,158.43,200.03,70.42,59.09,entsoe.eu,false,
2024-04-06 06:00:00,Italy,North Italy,IT-NO,141.26,177.35,75.25,64.66,entsoe.eu,false,
2024-04-06 07:00:00,Italy,North Italy,IT-NO,135.28,176.82,75.03,66.4,entsoe.eu,false,
2024-04-06 08:00:00,Italy,North Italy,IT-NO,130.73,177.06,74.27,67.52,entsoe.eu,false,
2024-04-06 09:00:00,Italy,North Italy,IT-NO,107.4,156.71,77.2,71.35,entsoe.eu,false,
2024-04-06 10:00:00,Italy,North Italy,IT-NO,108.77,159.44,76.62,74.41,entsoe.eu,false,
2024-04-06 11:00:00,Italy,North Italy,IT-NO,113.5,165.69,75.53,74.86,entsoe.eu,false,
2024-04-06 12:00:00,Italy,North Italy,IT-NO,107.8,158.93,76.68,74.79,entsoe.eu,false,
2024-04-06 13:00:00,Italy,North Italy,IT-NO,102.89,152.71,77.77,74.3,entsoe.eu,false,
2024-04-06 14:00:00,Italy,North Italy,IT-NO,104.1,152.59,77.52,68.83,entsoe.eu,false,
2024-04-06 15:00:00,Italy,North Italy,IT-NO,111.62,159.67,76.04,62.98,entsoe.eu,false,
2024-04-06 16:00:00,Italy,North Italy,IT-NO,124.66,164.63,76.26,61.96,entsoe.eu,false,
2024-04-06 17:00:00,Italy,North Italy,IT-NO,149.66,183.4,73.75,60.32,entsoe.eu,false,
2024-04-06 18:00:00,Italy,North Italy,IT-NO,160.27,184.83,75.01,61.64,entsoe.eu,false,
2024-04-06 19:00:00,Italy,North Italy,IT-NO,149.07,172.9,77.4,62.77,entsoe.eu,false,
2024-04-06 20:00:00,Italy,North Italy,IT-NO,139.41,174.59,75.62,59.74,entsoe.eu,false,
2024-04-06 21:00:00,Italy,North Italy,IT-NO,138.06,179.67,73.82,58.16,entsoe.eu,false,
2024-04-06 22:00:00,Italy,North Italy,IT-NO,136.65,183.31,72.34,56.53,entsoe.eu,false,
2024-04-06 23:00:00,Italy,North Italy,IT-NO,125.97,172.8,74.12,58.11,entsoe.eu,false,
2024-04-07 00:00:00,Italy,North Italy,IT-NO,129.14,178.59,72.97,57.44,entsoe.eu,false,
2024-04-07 01:00:00,Italy,North Italy,IT-NO,128.88,178.41,73.35,58.0,entsoe.eu,false,
2024-04-07 02:00:00,Italy,North Italy,IT-NO,117.47,164.32,76.24,59.9,entsoe.eu,false,
2024-04-07 03:00:00,Italy,North Italy,IT-NO,122.88,171.03,74.89,58.89,entsoe.eu,false,
2024-04-07 04:00:00,Italy,North Italy,IT-NO,127.39,172.17,75.13,60.28,entsoe.eu,false,
2024-04-07 05:00:00,Italy,North Italy,IT-NO,123.99,168.95,75.84,62.54,entsoe.eu,false,
2024-04-07 06:00:00,Italy,North Italy,IT-NO,135.52,181.39,74.15,65.04,entsoe.eu,false,
2024-04-07 07:00:00,Italy,North Italy,IT-NO,135.86,178.62,75.47,72.53,entsoe.eu,false,
2024-04-07 08:00:00,Italy,North Italy,IT-NO,114.75,157.5,78.8,78.07,entsoe.eu,false,
2024-04-07 09:00:00,Italy,North Italy,IT-NO,99.09,147.16,79.62,79.36,entsoe.eu,false,
2024-04-07 10:00:00,Italy,North Italy,IT-NO,86.51,132.05,82.29,82.08,entsoe.eu,false,
2024-04-07 11:00:00,Italy,North Italy,IT-NO,85.26,131.27,82.45,81.97,entsoe.eu,false,
2024-04-07 12:00:00,Italy,North Italy,IT-NO,95.1,143.25,80.23,80.06,entsoe.eu,false,
2024-04-07 13:00:00,Italy,North Italy,IT-NO,100.29,149.07,79.29,79.17,entsoe.eu,false,
2024-04-07 14:00:00,Italy,North Italy,IT-NO,117.46,168.96,75.27,75.13,entsoe.eu,false,
2024-04-07 15:00:00,Italy,North Italy,IT-NO,131.34,176.31,74.47,70.94,entsoe.eu,false,
2024-04-07 16:00:00,Italy,North Italy,IT-NO,154.64,197.14,71.32,65.69,entsoe.eu,false,
2024-04-07 17:00:00,Italy,North Italy,IT-NO,164.52,195.35,73.07,64.62,entsoe.eu,false,
2024-04-07 18:00:00,Italy,North Italy,IT-NO,160.14,188.54,74.16,62.83,entsoe.eu,false,
2024-04-07 19:00:00,Italy,North Italy,IT-NO,155.58,187.07,73.97,61.51,entsoe.eu,false,
2024-04-07 20:00:00,Italy,North Italy,IT-NO,132.01,176.37,73.69,58.16,entsoe.eu,false,
2024-04-07 21:00:00,Italy,North Italy,IT-NO,118.46,160.9,76.33,59.17,entsoe.eu,false,
2024-04-07 22:00:00,Italy,North Italy,IT-NO,143.43,191.47,71.54,53.89,entsoe.eu,false,
2024-04-07 23:00:00,Italy,North Italy,IT-NO,143.9,193.82,71.06,52.95,entsoe.eu,false,
2024-04-08 00:00:00,Italy,North Italy,IT-NO,151.14,201.32,70.03,53.04,entsoe.eu,false,
2024-04-08 01:00:00,Italy,North Italy,IT-NO,153.1,203.28,69.78,53.44,entsoe.eu,false,
2024-04-08 02:00:00,Italy,North Italy,IT-NO,154.32,206.71,68.96,52.8,entsoe.eu,false,
2024-04-08 03:00:00,Italy,North Italy,IT-NO,163.41,214.94,67.57,52.27,entsoe.eu,false,
2024-04-08 04:00:00,Italy,North Italy,IT-NO,166.16,212.94,68.2,54.3,entsoe.eu,false,
2024-04-08 05:00:00,Italy,North Italy,IT-NO,183.65,225.24,66.93,55.62,entsoe.eu,false,
2024-04-08 06:00:00,Italy,North Italy,IT-NO,172.56,217.74,67.47,55.88,entsoe.eu,false,
2024-04-08 07:00:00,Italy,North Italy,IT-NO,157.95,204.25,69.68,58.8,entsoe.eu,false,
2024-04-08 08:00:00,Italy,North Italy,IT-NO,133.5,176.79,74.84,62.63,entsoe.eu,false,
2024-04-08 09:00:00,Italy,North Italy,IT-NO,126.43,173.56,75.08,63.49,entsoe.eu,false,
2024-04-08 10:00:00,Italy,North Italy,IT-NO,130.41,181.42,73.63,64.79,entsoe.eu,false,
2024-04-08 11:00:00,Italy,North Italy,IT-NO,129.14,179.78,73.93,64.7,entsoe.eu,false,
2024-04-08 12:00:00,Italy,North Italy,IT-NO,128.46,178.85,73.95,64.77,entsoe.eu,false,
2024-04-08 13:00:00,Italy,North Italy,IT-NO,132.71,182.94,73.11,63.18,entsoe.eu,false,
2024-04-08 14:00:00,Italy,North Italy,IT-NO,141.76,190.41,71.76,60.67,entsoe.eu,false,
2024-04-08 15:00:00,Italy,North Italy,IT-NO,153.9,200.72,69.99,59.14,entsoe.eu,false,
2024-04-08 16:00:00,Italy,North Italy,IT-NO,177.65,227.83,64.88,54.09,entsoe.eu,false,
2024-04-08 17:00:00,Italy,North Italy,IT-NO,193.6,237.51,63.83,53.79,entsoe.eu,false,
2024-04-08 18:00:00,Italy,North Italy,IT-NO,191.08,234.39,64.42,53.54,entsoe.eu,false,
2024-04-08 19:00:00,Italy,North Italy,IT-NO,189.28,238.22,63.34,52.04,entsoe.eu,false,
2024-04-08 20:00:00,Italy,North Italy,IT-NO,172.23,225.25,64.97,52.22,entsoe.eu,false,
2024-04-08 21:00:00,Italy,North Italy,IT-NO,170.17,222.37,65.69,52.64,entsoe.eu,false,
2024-04-08 22:00:00,Italy,North Italy,IT-NO,154.08,203.64,68.78,53.69,entsoe.eu,false,
2024-04-08 23:00:00,Italy,North Italy,IT-NO,142.81,190.41,71.18,55.35,entsoe.eu,false,
2024-04-09 00:00:00,Italy,North Italy,IT-NO,142.08,189.68,71.39,54.82,entsoe.eu,false,
2024-04-09 01:00:00,Italy,North Italy,IT-NO,136.26,185.39,71.78,54.01,entsoe.eu,false,
2024-04-09 02:00:00,Italy,North Italy,IT-NO,133.61,182.1,72.3,54.03,entsoe.eu,false,
2024-04-09 03:00:00,Italy,North Italy,IT-NO,152.24,200.16,69.55,52.83,entsoe.eu,false,
2024-04-09 04:00:00,Italy,North Italy,IT-NO,173.1,220.54,66.13,53.3,entsoe.eu,false,
2024-04-09 05:00:00,Italy,North Italy,IT-NO,185.74,224.97,66.59,55.72,entsoe.eu,false,
2024-04-09 06:00:00,Italy,North Italy,IT-NO,185.62,224.2,66.92,57.23,entsoe.eu,false,
2024-04-09 07:00:00,Italy,North Italy,IT-NO,182.53,224.88,66.43,56.39,entsoe.eu,false,
2024-04-09 08:00:00,Italy,North Italy,IT-NO,165.11,212.02,67.8,57.61,entsoe.eu,false,
2024-04-09 09:00:00,Italy,North Italy,IT-NO,144.02,191.95,71.13,60.77,entsoe.eu,false,
2024-04-09 10:00:00,Italy,North Italy,IT-NO,130.07,179.98,73.26,62.45,entsoe.eu,false,
2024-04-09 11:00:00,Italy,North Italy,IT-NO,127.17,176.86,73.53,62.49,entsoe.eu,false,
2024-04-09 12:00:00,Italy,North Italy,IT-NO,127.64,177.27,73.27,62.09,entsoe.eu,false,
2024-04-09 13:00:00,Italy,North Italy,IT-NO,130.16,179.64,72.69,60.21,entsoe.eu,false,
2024-04-09 14:00:00,Italy,North Italy,IT-NO,139.88,184.66,72.4,59.83,entsoe.eu,false,
2024-04-09 15:00:00,Italy,North Italy,IT-NO,158.32,205.36,68.78,56.44,entsoe.eu,false,
2024-04-09 16:00:00,Italy,North Italy,IT-NO,176.46,218.49,67.37,55.1,entsoe.eu,false,
2024-04-09 17:00:00,Italy,North Italy,IT-NO,178.14,221.07,66.55,54.4,entsoe.eu,false,
2024-04-09 18:00:00,Italy,North Italy,IT-NO,179.56,221.14,66.76,53.97,entsoe.eu,false,
2024-04-09 19:00:00,Italy,North Italy,IT-NO,178.21,223.22,66.07,52.85,entsoe.eu,false,
2024-04-09 20:00:00,Italy,North Italy,IT-NO,157.08,201.31,70.02,54.9,entsoe.eu,false,
2024-04-09 21:00:00,Italy,North Italy,IT-NO,152.99,201.34,69.49,53.28,entsoe.eu,false,
2024-04-09 22:00:00,Italy,North Italy,IT-NO,135.68,184.48,71.85,53.77,entsoe.eu,false,
2024-04-09 23:00:00,Italy,North Italy,IT-NO,126.9,173.86,73.71,54.64,entsoe.eu,false,
2024-04-10 00:00:00,Italy,North Italy,IT-NO,130.46,178.05,73.23,55.0,entsoe.eu,false,
2024-04-10 01:00:00,Italy,North Italy,IT-NO,137.17,186.37,71.63,54.26,entsoe.eu,false,
2024-04-10 02:00:00,Italy,North Italy,IT-NO,139.35,188.49,71.43,53.87,entsoe.eu,false,
2024-04-10 03:00:00,Italy,North Italy,IT-NO,145.61,195.63,69.92,52.9,entsoe.eu,false,
2024-04-10 04:00:00,Italy,North Italy,IT-NO,167.38,215.97,66.71,52.24,entsoe.eu,false,
2024-04-10 05:00:00,Italy,North Italy,IT-NO,183.47,232.61,63.91,51.68,entsoe.eu,false,
2024-04-10 06:00:00,Italy,North Italy,IT-NO,201.24,243.68,63.17,52.72,entsoe.eu,false,
2024-04-10 07:00:00,Italy,North Italy,IT-NO,194.63,240.59,63.03,52.71,entsoe.eu,false,
2024-04-10 08:00:00,Italy,North Italy,IT-NO,181.08,230.75,63.75,52.81,entsoe.eu,false,
2024-04-10 09:00:00,Italy,North Italy,IT-NO,172.67,223.79,64.6,53.41,entsoe.eu,false,
2024-04-10 10:00:00,Italy,North Italy,IT-NO,157.58,210.16,67.04,54.63,entsoe.eu,false,
2024-04-10 11:00:00,Italy,North Italy,IT-NO,155.15,208.83,66.6,53.86,entsoe.eu,false,
2024-04-10 12:00:00,Italy,North Italy,IT-NO,163.09,216.74,65.38,53.46,entsoe.eu,false,
2024-04-10 13:00:00,Italy,North Italy,IT-NO,175.92,227.58,64.28,52.17,entsoe.eu,false,
2024-04-10 14:00:00,Italy,North Italy,IT-NO,172.93,224.14,64.97,52.87,entsoe.eu,false,
2024-04-10 15:00:00,Italy,North Italy,IT-NO,183.58,235.72,63.19,50.64,entsoe.eu,false,
2024-04-10 16:00:00,Italy,North Italy,IT-NO,201.3,256.68,59.18,47.88,entsoe.eu,false,
2024-04-10 17:00:00,Italy,North Italy,IT-NO,225.66,271.79,57.92,50.48,entsoe.eu,false,
2024-04-10 18:00:00,Italy,North Italy,IT-NO,229.05,277.38,56.67,48.51,entsoe.eu,false,
2024-04-10 19:00:00,Italy,North Italy,IT-NO,216.95,270.32,57.16,47.18,entsoe.eu,false,
2024-04-10 20:00:00,Italy,North Italy,IT-NO,176.55,224.85,65.35,51.65,entsoe.eu,false,
2024-04-10 21:00:00,Italy,North Italy,IT-NO,157.95,208.55,67.37,52.12,entsoe.eu,false,
2024-04-10 22:00:00,Italy,North Italy,IT-NO,152.09,203.29,68.07,52.42,entsoe.eu,false,
2024-04-10 23:00:00,Italy,North Italy,IT-NO,146.29,197.59,68.91,53.01,entsoe.eu,false,
2024-04-11 00:00:00,Italy,North Italy,IT-NO,141.92,192.34,69.95,53.47,entsoe.eu,false,
2024-04-11 01:00:00,Italy,North Italy,IT-NO,140.29,188.89,70.8,54.06,entsoe.eu,false,
2024-04-11 02:00:00,Italy,North Italy,IT-NO,141.0,190.06,70.56,53.33,entsoe.eu,false,
2024-04-11 03:00:00,Italy,North Italy,IT-NO,155.04,206.11,67.74,51.48,entsoe.eu,false,
2024-04-11 04:00:00,Italy,North Italy,IT-NO,178.45,228.68,63.89,50.13,entsoe.eu,false,
2024-04-11 05:00:00,Italy,North Italy,IT-NO,195.14,245.1,61.15,50.43,entsoe.eu,false,
2024-04-11 06:00:00,Italy,North Italy,IT-NO,185.49,232.86,63.78,53.38,entsoe.eu,false,
2024-04-11 07:00:00,Italy,North Italy,IT-NO,168.82,220.37,65.38,54.81,entsoe.eu,false,
2024-04-11 08:00:00,Italy,North Italy,IT-NO,132.91,177.23,73.77,62.33,entsoe.eu,false,
2024-04-11 09:00:00,Italy,North Italy,IT-NO,114.91,161.85,76.04,64.5,entsoe.eu,false,
2024-04-11 10:00:00,Italy,North Italy,IT-NO,110.4,157.84,76.72,67.64,entsoe.eu,false,
2024-04-11 11:00:00,Italy,North Italy,IT-NO,106.73,153.28,77.77,69.21,entsoe.eu,false,
2024-04-11 12:00:00,Italy,North Italy,IT-NO,111.44,158.5,76.76,67.42,entsoe.eu,false,
2024-04-11 13:00:00,Italy,North Italy,IT-NO,115.92,163.01,75.97,65.53,entsoe.eu,false,
2024-04-11 14:00:00,Italy,North Italy,IT-NO,123.82,171.84,74.43,63.19,entsoe.eu,false,
2024-04-11 15:00:00,Italy,North Italy,IT-NO,141.96,193.05,70.45,58.43,entsoe.eu,false,
2024-04-11 16:00:00,Italy,North Italy,IT-NO,170.36,225.69,64.64,52.98,entsoe.eu,false,
2024-04-11 17:00:00,Italy,North Italy,IT-NO,206.26,266.85,56.54,47.53,entsoe.eu,false,
2024-04-11 18:00:00,Italy,North Italy,IT-NO,215.37,269.77,57.04,48.03,entsoe.eu,false,
2024-04-11 19:00:00,Italy,North Italy,IT-NO,202.0,254.87,60.07,49.01,entsoe.eu,false,
2024-04-11 20:00:00,Italy,North Italy,IT-NO,184.93,235.0,63.82,50.32,entsoe.eu,false,
2024-04-11 21:00:00,Italy,North Italy,IT-NO,159.49,208.94,68.03,52.04,entsoe.eu,false,
2024-04-11 22:00:00,Italy,North Italy,IT-NO,151.64,200.94,69.28,51.81,entsoe.eu,false,
2024-04-11 23:00:00,Italy,North Italy,IT-NO,142.25,189.91,71.45,52.64,entsoe.eu,false,
2024-04-12 00:00:00,Italy,North Italy,IT-NO,144.79,194.28,70.56,52.87,entsoe.eu,false,
2024-04-12 01:00:00,Italy,North Italy,IT-NO,143.36,191.99,71.1,54.37,entsoe.eu,false,
2024-04-12 02:00:00,Italy,North Italy,IT-NO,139.39,187.98,71.87,53.84,entsoe.eu,false,
2024-04-12 03:00:00,Italy,North Italy,IT-NO,143.91,191.74,71.37,52.87,entsoe.eu,false,
2024-04-12 04:00:00,Italy,North Italy,IT-NO,162.95,204.23,69.75,54.4,entsoe.eu,false,
2024-04-12 05:00:00,Italy,North Italy,IT-NO,169.23,201.25,71.48,58.6,entsoe.eu,false,
2024-04-12 06:00:00,Italy,North Italy,IT-NO,168.02,194.58,73.51,62.15,entsoe.eu,false,
2024-04-12 07:00:00,Italy,North Italy,IT-NO,135.79,167.75,77.42,65.41,entsoe.eu,false,
2024-04-12 08:00:00,Italy,North Italy,IT-NO,106.39,146.6,79.68,67.32,entsoe.eu,false,
2024-04-12 09:00:00,Italy,North Italy,IT-NO,89.94,131.88,82.08,71.57,entsoe.eu,false,
2024-04-12 10:00:00,Italy,North Italy,IT-NO,84.53,126.48,83.06,76.24,entsoe.eu,false,
2024-04-12 11:00:00,Italy,North Italy,IT-NO,86.05,128.99,82.71,77.18,entsoe.eu,false,
2024-04-12 12:00:00,Italy,North Italy,IT-NO,88.87,132.14,82.04,76.13,entsoe.eu,false,
2024-04-12 13:00:00,Italy,North Italy,IT-NO,89.75,132.39,81.92,74.41,entsoe.eu,false,
2024-04-12 14:00:00,Italy,North Italy,IT-NO,99.86,143.57,79.44,66.33,entsoe.eu,false,
2024-04-12 15:00:00,Italy,North Italy,IT-NO,122.32,167.66,74.88,60.3,entsoe.eu,false,
2024-04-12 16:00:00,Italy,North Italy,IT-NO,162.49,202.36,69.84,56.38,entsoe.eu,false,
2024-04-12 17:00:00,Italy,North Italy,IT-NO,178.65,220.31,66.38,52.98,entsoe.eu,false,
2024-04-12 18:00:00,Italy,North Italy,IT-NO,185.95,230.84,64.23,50.7,entsoe.eu,false,
2024-04-12 19:00:00,Italy,North Italy,IT-NO,183.02,231.05,63.81,48.76,entsoe.eu,false,
2024-04-12 20:00:00,Italy,North Italy,IT-NO,162.11,207.17,68.26,50.89,entsoe.eu,false,
2024-04-12 21:00:00,Italy,North Italy,IT-NO,143.28,186.73,71.64,53.08,entsoe.eu,false,
2024-04-12 22:00:00,Italy,North Italy,IT-NO,121.35,159.05,76.94,56.22,entsoe.eu,false,
2024-04-12 23:00:00,Italy,North Italy,IT-NO,122.3,160.28,76.86,56.72,entsoe.eu,false,
2024-04-13 00:00:00,Italy,North Italy,IT-NO,117.6,159.8,76.44,55.78,entsoe.eu,false,
2024-04-13 01:00:00,Italy,North Italy,IT-NO,117.48,160.46,76.2,55.95,entsoe.eu,false,
2024-04-13 02:00:00,Italy,North Italy,IT-NO,117.2,160.3,76.21,56.0,entsoe.eu,false,
2024-04-13 03:00:00,Italy,North Italy,IT-NO,117.3,159.2,76.38,57.16,entsoe.eu,false,
2024-04-13 04:00:00,Italy,North Italy,IT-NO,118.45,154.16,77.97,59.23,entsoe.eu,false,
2024-04-13 05:00:00,Italy,North Italy,IT-NO,131.85,162.82,77.39,60.91,entsoe.eu,false,
2024-04-13 06:00:00,Italy,North Italy,IT-NO,132.82,163.15,77.63,65.17,entsoe.eu,false,
2024-04-13 07:00:00,Italy,North Italy,IT-NO,123.47,151.89,80.04,73.03,entsoe.eu,false,
2024-04-13 08:00:00,Italy,North Italy,IT-NO,104.5,144.45,80.22,78.7,entsoe.eu,false,
2024-04-13 09:00:00,Italy,North Italy,IT-NO,87.7,131.9,81.55,81.15,entsoe.eu,false,
2024-04-13 10:00:00,Italy,North Italy,IT-NO,81.52,125.15,82.99,82.17,entsoe.eu,false,
2024-04-13 11:00:00,Italy,North Italy,IT-NO,71.16,113.21,85.0,84.02,entsoe.eu,false,
2024-04-13 12:00:00,Italy,North Italy,IT-NO,82.42,127.18,82.14,80.95,entsoe.eu,false,
2024-04-13 13:00:00,Italy,North Italy,IT-NO,86.47,131.58,81.11,80.31,entsoe.eu,false,
2024-04-13 14:00:00,Italy,North Italy,IT-NO,88.95,133.47,80.51,76.8,entsoe.eu,false,
2024-04-13 15:00:00,Italy,North Italy,IT-NO,99.35,144.06,78.49,69.2,entsoe.eu,false,
2024-04-13 16:00:00,Italy,North Italy,IT-NO,135.86,162.86,77.86,66.61,entsoe.eu,false,
2024-04-13 17:00:00,Italy,North Italy,IT-NO,145.23,167.41,77.67,64.15,entsoe.eu,false,
2024-04-13 18:00:00,Italy,North Italy,IT-NO,146.82,169.04,77.16,62.34,entsoe.eu,false,
2024-04-13 19:00:00,Italy,North Italy,IT-NO,136.54,159.61,78.82,63.0,entsoe.eu,false,
2024-04-13 20:00:00,Italy,North Italy,IT-NO,121.15,158.23,77.21,59.81,entsoe.eu,false,
2024-04-13 21:00:00,Italy,North Italy,IT-NO,124.76,163.04,76.44,60.59,entsoe.eu,false,
2024-04-13 22:00:00,Italy,North Italy,IT-NO,114.11,153.37,78.06,62.94,entsoe.eu,false,
2024-04-13 23:00:00,Italy,North Italy,IT-NO,104.32,142.78,79.93,65.41,entsoe.eu,false,
2024-04-14 00:00:00,Italy,North Italy,IT-NO,111.41,151.55,78.38,63.61,entsoe.eu,false,
2024-04-14 01:00:00,Italy,North Italy,IT-NO,106.04,144.98,79.39,63.93,entsoe.eu,false,
2024-04-14 02:00:00,Italy,North Italy,IT-NO,101.8,140.11,79.97,62.96,entsoe.eu,false,
2024-04-14 03:00:00,Italy,North Italy,IT-NO,98.67,134.28,81.22,63.17,entsoe.eu,false,
2024-04-14 04:00:00,Italy,North Italy,IT-NO,108.28,141.72,80.28,65.67,entsoe.eu,false,
2024-04-14 05:00:00,Italy,North Italy,IT-NO,115.04,149.09,79.12,67.84,entsoe.eu,false,
2024-04-14 06:00:00,Italy,North Italy,IT-NO,110.98,144.38,80.19,74.73,entsoe.eu,false,
2024-04-14 07:00:00,Italy,North Italy,IT-NO,110.0,143.47,80.84,80.48,entsoe.eu,false,
2024-04-14 08:00:00,Italy,North Italy,IT-NO,81.44,122.18,83.57,83.25,entsoe.eu,false,
2024-04-14 09:00:00,Italy,North Italy,IT-NO,68.56,107.64,86.31,85.62,entsoe.eu,false,
2024-04-14 10:00:00,Italy,North Italy,IT-NO,65.95,104.86,86.68,85.57,entsoe.eu,false,
2024-04-14 11:00:00,Italy,North Italy,IT-NO,60.53,98.53,87.97,86.7,entsoe.eu,false,
2024-04-14 12:00:00,Italy,North Italy,IT-NO,69.79,109.67,85.62,84.3,entsoe.eu,false,
2024-04-14 13:00:00,Italy,North Italy,IT-NO,72.25,112.31,85.13,84.48,entsoe.eu,false,
2024-04-14 14:00:00,Italy,North Italy,IT-NO,77.53,118.42,83.31,82.37,entsoe.eu,false,
2024-04-14 15:00:00,Italy,North Italy,IT-NO,128.89,156.22,79.23,79.21,entsoe.eu,false,
2024-04-14 16:00:00,Italy,North Italy,IT-NO,184.1,208.85,70.52,69.9,entsoe.eu,false,
2024-04-14 17:00:00,Italy,North Italy,IT-NO,195.67,224.92,66.94,63.71,entsoe.eu,false,
2024-04-14 18:00:00,Italy,North Italy,IT-NO,182.39,211.73,68.71,61.23,entsoe.eu,false,
2024-04-14 19:00:00,Italy,North Italy,IT-NO,157.48,199.77,69.04,58.08,entsoe.eu,false,
2024-04-14 20:00:00,Italy,North Italy,IT-NO,133.82,172.64,74.25,59.78,entsoe.eu,false,
2024-04-14 21:00:00,Italy,North Italy,IT-NO,111.31,145.36,79.26,62.27,entsoe.eu,false,
2024-04-14 22:00:00,Italy,North Italy,IT-NO,128.76,167.93,75.84,58.43,entsoe.eu,false,
2024-04-14 23:00:00,Italy,North Italy,IT-NO,132.06,172.94,74.49,57.32,Electricity Maps Estimation,true,ESTIMATED_TIME_SLICER_AVERAGE
2024-04-15 00:00:00,Italy,North Italy,IT-NO,144.0,192.58,70.75,55.08,Electricity Maps Estimation,true,ESTIMATED_TIME_SLICER_AVERAGE
2024-04-15 01:00:00,Italy,North Italy,IT-NO,135.61,182.39,72.53,56.07,Electricity Maps Estimation,true,ESTIMATED_TIME_SLICER_AVERAGE
2024-04-15 02:00:00,Italy,North Italy,IT-NO,131.8,177.22,73.61,56.86,Electricity Maps Estimation,true,ESTIMATED_TIME_SLICER_AVERAGE
2024-04-15 03:00:00,Italy,North Italy,IT-NO,136.32,182.77,72.54,56.65,Electricity Maps Estimation,true,ESTIMATED_TIME_SLICER_AVERAGE
2024-04-15 04:00:00,Italy,North Italy,IT-NO,143.63,187.12,71.67,57.35,Electricity Maps Estimation,true,ESTIMATED_TIME_SLICER_AVERAGE
2024-04-15 05:00:00,Italy,North Italy,IT-NO,151.26,191.73,71.09,58.58,Electricity Maps Estimation,true,ESTIMATED_TIME_SLICER_AVERAGE
2024-04-15 06:00:00,Italy,North Italy,IT-NO,141.88,178.18,74.16,61.41,Electricity Maps Estimation,true,ESTIMATED_TIME_SLICER_AVERAGE
2024-04-15 07:00:00,Italy,North Italy,IT-NO,122.86,161.0,76.84,64.16,Electricity Maps Estimation,true,ESTIMATED_TIME_SLICER_AVERAGE
2024-04-15 08:00:00,Italy,North Italy,IT-NO,122.01,160.68,76.78,65.29,entsoe.eu,false,
2024-04-15 09:00:00,Italy,North Italy,IT-NO,114.73,152.93,78.34,67.58,entsoe.eu,false,
2024-04-15 10:00:00,Italy,North Italy,IT-NO,116.46,157.79,76.92,68.16,entsoe.eu,false,
2024-04-15 11:00:00,Italy,North Italy,IT-NO,127.23,165.87,75.68,66.76,entsoe.eu,false,
2024-04-15 12:00:00,Italy,North Italy,IT-NO,130.84,166.4,75.96,67.05,entsoe.eu,false,
2024-04-15 13:00:00,Italy,North Italy,IT-NO,125.09,163.29,75.94,65.7,entsoe.eu,false,
2024-04-15 14:00:00,Italy,North Italy,IT-NO,126.08,165.89,75.53,64.53,entsoe.eu,false,
2024-04-15 15:00:00,Italy,North Italy,IT-NO,127.62,166.78,75.95,63.72,entsoe.eu,false,
2024-04-15 16:00:00,Italy,North Italy,IT-NO,142.98,180.76,73.95,62.21,entsoe.eu,false,
2024-04-15 17:00:00,Italy,North Italy,IT-NO,161.38,201.58,70.01,58.54,entsoe.eu,false,
2024-04-15 18:00:00,Italy,North Italy,IT-NO,169.26,209.85,68.58,57.41,entsoe.eu,false,
2024-04-15 19:00:00,Italy,North Italy,IT-NO,161.78,206.73,68.36,56.06,entsoe.eu,false,
2024-04-15 20:00:00,Italy,North Italy,IT-NO,142.75,183.2,72.9,58.27,entsoe.eu,false,
2024-04-15 21:00:00,Italy,North Italy,IT-NO,132.9,173.72,74.55,59.18,entsoe.eu,false,
2024-04-15 22:00:00,Italy,North Italy,IT-NO,114.8,151.29,78.1,62.21,entsoe.eu,false,
2024-04-15 23:00:00,Italy,North Italy,IT-NO,105.29,145.8,78.42,62.24,entsoe.eu,false,
2024-04-16 00:00:00,Italy,North Italy,IT-NO,102.9,144.04,78.6,62.0,entsoe.eu,false,
2024-04-16 01:00:00,Italy,North Italy,IT-NO,106.07,147.97,77.84,59.93,entsoe.eu,false,
2024-04-16 02:00:00,Italy,North Italy,IT-NO,109.3,151.8,77.3,60.86,entsoe.eu,false,
2024-04-16 03:00:00,Italy,North Italy,IT-NO,121.51,159.7,76.95,61.86,entsoe.eu,false,
2024-04-16 04:00:00,Italy,North Italy,IT-NO,135.37,169.27,75.75,61.54,entsoe.eu,false,
2024-04-16 05:00:00,Italy,North Italy,IT-NO,155.87,186.8,73.49,60.89,entsoe.eu,false,
2024-04-16 06:00:00,Italy,North Italy,IT-NO,156.75,184.84,74.17,63.48,entsoe.eu,false,
2024-04-16 07:00:00,Italy,North Italy,IT-NO,137.65,171.94,75.67,65.07,entsoe.eu,false,
2024-04-16 08:00:00,Italy,North Italy,IT-NO,127.7,161.46,77.55,67.14,entsoe.eu,false,
2024-04-16 09:00:00,Italy,North Italy,IT-NO,112.89,148.73,79.42,70.44,entsoe.eu,false,
2024-04-16 10:00:00,Italy,North Italy,IT-NO,102.1,145.88,78.91,70.4,entsoe.eu,false,
2024-04-16 11:00:00,Italy,North Italy,IT-NO,94.78,137.21,80.47,71.72,entsoe.eu,false,
2024-04-16 12:00:00,Italy,North Italy,IT-NO,96.78,139.2,79.93,70.07,entsoe.eu,false,
2024-04-16 13:00:00,Italy,North Italy,IT-NO,100.04,142.67,79.25,68.61,entsoe.eu,false,
2024-04-16 14:00:00,Italy,North Italy,IT-NO,101.66,139.85,80.73,69.03,entsoe.eu,false,
2024-04-16 15:00:00,Italy,North Italy,IT-NO,124.61,161.77,77.46,65.14,entsoe.eu,false,
2024-04-16 16:00:00,Italy,North Italy,IT-NO,149.3,186.86,73.12,61.22,entsoe.eu,false,
2024-04-16 17:00:00,Italy,North Italy,IT-NO,174.48,208.47,70.01,59.22,entsoe.eu,false,
2024-04-16 18:00:00,Italy,North Italy,IT-NO,177.76,213.02,69.04,58.35,entsoe.eu,false,
2024-04-16 19:00:00,Italy,North Italy,IT-NO,164.81,202.68,70.19,57.83,entsoe.eu,false,
2024-04-16 20:00:00,Italy,North Italy,IT-NO,127.08,166.52,75.23,59.65,entsoe.eu,false,
2024-04-16 21:00:00,Italy,North Italy,IT-NO,139.38,181.09,73.27,58.58,entsoe.eu,false,
2024-04-16 22:00:00,Italy,North Italy,IT-NO,128.46,167.34,75.53,60.5,entsoe.eu,false,
2024-04-16 23:00:00,Italy,North Italy,IT-NO,134.43,176.26,73.84,59.74,entsoe.eu,false,
2024-04-17 00:00:00,Italy,North Italy,IT-NO,137.35,184.06,72.26,59.23,entsoe.eu,false,
2024-04-17 01:00:00,Italy,North Italy,IT-NO,131.36,177.17,73.35,59.75,entsoe.eu,false,
2024-04-17 02:00:00,Italy,North Italy,IT-NO,134.03,178.31,73.42,59.17,entsoe.eu,false,
2024-04-17 03:00:00,Italy,North Italy,IT-NO,134.39,176.84,73.85,58.5,entsoe.eu,false,
2024-04-17 04:00:00,Italy,North Italy,IT-NO,157.96,203.11,68.92,55.55,entsoe.eu,false,
2024-04-17 05:00:00,Italy,North Italy,IT-NO,165.66,210.08,67.99,56.08,entsoe.eu,false,
2024-04-17 06:00:00,Italy,North Italy,IT-NO,164.7,206.65,68.86,58.14,entsoe.eu,false,
2024-04-17 07:00:00,Italy,North Italy,IT-NO,152.76,197.49,70.1,60.23,entsoe.eu,false,
2024-04-17 08:00:00,Italy,North Italy,IT-NO,133.13,176.87,74.02,64.75,entsoe.eu,false,
2024-04-17 09:00:00,Italy,North Italy,IT-NO,136.82,181.31,73.64,65.75,entsoe.eu,false,
2024-04-17 10:00:00,Italy,North Italy,IT-NO,127.33,173.76,74.69,67.69,entsoe.eu,false,
2024-04-17 11:00:00,Italy,North Italy,IT-NO,126.13,175.04,73.95,67.17,entsoe.eu,false,
2024-04-17 12:00:00,Italy,North Italy,IT-NO,130.82,174.49,74.61,66.96,entsoe.eu,false,
2024-04-17 13:00:00,Italy,North Italy,IT-NO,134.82,179.19,73.75,65.67,entsoe.eu,false,
2024-04-17 14:00:00,Italy,North Italy,IT-NO,144.33,188.85,72.07,62.7,entsoe.eu,false,
2024-04-17 15:00:00,Italy,North Italy,IT-NO,157.22,203.75,69.1,58.91,entsoe.eu,false,
2024-04-17 16:00:00,Italy,North Italy,IT-NO,171.03,219.3,65.91,54.87,entsoe.eu,false,
2024-04-17 17:00:00,Italy,North Italy,IT-NO,200.77,244.3,62.58,53.29,entsoe.eu,false,
2024-04-17 18:00:00,Italy,North Italy,IT-NO,212.8,259.42,59.6,51.05,entsoe.eu,false,
2024-04-17 19:00:00,Italy,North Italy,IT-NO,211.45,262.33,58.64,49.38,entsoe.eu,false,
2024-04-17 20:00:00,Italy,North Italy,IT-NO,176.63,224.16,65.51,52.85,entsoe.eu,false,
2024-04-17 21:00:00,Italy,North Italy,IT-NO,157.57,200.05,70.5,56.46,entsoe.eu,false,
2024-04-17 22:00:00,Italy,North Italy,IT-NO,151.68,193.07,72.03,56.66,entsoe.eu,false,
2024-04-17 23:00:00,Italy,North Italy,IT-NO,143.55,190.42,71.53,54.94,entsoe.eu,false,
2024-04-18 00:00:00,Italy,North Italy,IT-NO,145.57,193.66,70.69,53.85,entsoe.eu,false,
2024-04-18 01:00:00,Italy,North Italy,IT-NO,146.07,194.65,70.33,54.59,entsoe.eu,false,
2024-04-18 02:00:00,Italy,North Italy,IT-NO,151.41,201.09,69.14,53.47,entsoe.eu,false,
2024-04-18 03:00:00,Italy,North Italy,IT-NO,155.74,205.46,68.43,53.49,entsoe.eu,false,
2024-04-18 04:00:00,Italy,North Italy,IT-NO,184.14,233.38,63.59,52.26,entsoe.eu,false,
2024-04-18 05:00:00,Italy,North Italy,IT-NO,208.35,258.23,59.39,51.14,entsoe.eu,false,
2024-04-18 06:00:00,Italy,North Italy,IT-NO,196.27,247.71,60.95,53.17,entsoe.eu,false,
2024-04-18 07:00:00,Italy,North Italy,IT-NO,162.5,213.53,66.77,56.61,entsoe.eu,false,
2024-04-18 08:00:00,Italy,North Italy,IT-NO,146.44,191.26,71.48,60.34,entsoe.eu,false,
2024-04-18 09:00:00,Italy,North Italy,IT-NO,142.82,187.65,71.94,60.86,entsoe.eu,false,
2024-04-18 10:00:00,Italy,North Italy,IT-NO,155.87,203.5,69.13,58.49,entsoe.eu,false,
2024-04-18 11:00:00,Italy,North Italy,IT-NO,161.11,210.89,67.77,57.71,entsoe.eu,false,
2024-04-18 12:00:00,Italy,North Italy,IT-NO,152.36,200.93,69.26,58.61,entsoe.eu,false,
2024-04-18 13:00:00,Italy,North Italy,IT-NO,168.5,220.44,65.3,55.17,entsoe.eu,false,
2024-04-18 14:00:00,Italy,North Italy,IT-NO,182.67,236.88,62.19,52.33,entsoe.eu,false,
2024-04-18 15:00:00,Italy,North Italy,IT-NO,182.83,235.55,62.55,52.75,entsoe.eu,false,
2024-04-18 16:00:00,Italy,North Italy,IT-NO,189.83,243.13,60.99,49.5,entsoe.eu,false,
2024-04-18 17:00:00,Italy,North Italy,IT-NO,194.95,248.6,59.64,48.5,entsoe.eu,false,
2024-04-18 18:00:00,Italy,North Italy,IT-NO,205.27,261.28,57.1,46.48,entsoe.eu,false,
2024-04-18 19:00:00,Italy,North Italy,IT-NO,211.62,266.08,56.88,46.88,entsoe.eu,false,
2024-04-18 20:00:00,Italy,North Italy,IT-NO,204.8,259.44,57.93,47.47,entsoe.eu,false,
2024-04-18 21:00:00,Italy,North Italy,IT-NO,185.66,236.53,62.13,49.77,entsoe.eu,false,
2024-04-18 22:00:00,Italy,North Italy,IT-NO,140.53,182.67,72.02,53.77,entsoe.eu,false,
2024-04-18 23:00:00,Italy,North Italy,IT-NO,128.3,168.68,74.65,54.28,entsoe.eu,false,
2024-04-19 00:00:00,Italy,North Italy,IT-NO,122.42,161.84,75.93,56.01,entsoe.eu,false,
2024-04-19 01:00:00,Italy,North Italy,IT-NO,118.92,156.72,77.23,56.76,entsoe.eu,false,
2024-04-19 02:00:00,Italy,North Italy,IT-NO,124.41,162.1,76.64,55.66,entsoe.eu,false,
2024-04-19 03:00:00,Italy,North Italy,IT-NO,133.12,171.84,74.91,55.53,entsoe.eu,false,
2024-04-19 04:00:00,Italy,North Italy,IT-NO,147.02,188.61,71.05,55.42,entsoe.eu,false,
2024-04-19 05:00:00,Italy,North Italy,IT-NO,161.36,193.23,71.97,58.6,entsoe.eu,false,
2024-04-19 06:00:00,Italy,North Italy,IT-NO,158.06,188.38,73.42,61.69,entsoe.eu,false,
2024-04-19 07:00:00,Italy,North Italy,IT-NO,145.25,179.6,74.45,64.04,entsoe.eu,false,
2024-04-19 08:00:00,Italy,North Italy,IT-NO,119.09,159.92,76.82,66.07,entsoe.eu,false,
2024-04-19 09:00:00,Italy,North Italy,IT-NO,115.37,157.47,77.4,68.74,entsoe.eu,false,
2024-04-19 10:00:00,Italy,North Italy,IT-NO,112.71,160.23,76.11,70.26,entsoe.eu,false,
2024-04-19 11:00:00,Italy,North Italy,IT-NO,113.28,161.12,76.21,70.42,entsoe.eu,false,
2024-04-19 12:00:00,Italy,North Italy,IT-NO,112.78,160.38,76.42,70.31,entsoe.eu,false,
2024-04-19 13:00:00,Italy,North Italy,IT-NO,108.56,154.69,77.64,69.45,entsoe.eu,false,
2024-04-19 14:00:00,Italy,North Italy,IT-NO,109.53,154.49,77.77,67.26,entsoe.eu,false,
2024-04-19 15:00:00,Italy,North Italy,IT-NO,110.26,155.71,76.82,63.29,entsoe.eu,false,
2024-04-19 16:00:00,Italy,North Italy,IT-NO,117.88,163.0,75.06,59.6,entsoe.eu,false,
2024-04-19 17:00:00,Italy,North Italy,IT-NO,159.37,193.08,71.44,58.0,entsoe.eu,false,
2024-04-19 18:00:00,Italy,North Italy,IT-NO,170.12,199.48,70.95,57.63,entsoe.eu,false,
2024-04-19 19:00:00,Italy,North Italy,IT-NO,170.47,202.39,70.61,56.81,entsoe.eu,false,
2024-04-19 20:00:00,Italy,North Italy,IT-NO,160.38,197.44,70.73,55.87,entsoe.eu,false,
2024-04-19 21:00:00,Italy,North Italy,IT-NO,149.83,188.64,72.02,56.21,entsoe.eu,false,
2024-04-19 22:00:00,Italy,North Italy,IT-NO,123.98,158.76,77.54,60.67,entsoe.eu,false,
2024-04-19 23:00:00,Italy,North Italy,IT-NO,123.17,158.54,77.65,60.74,entsoe.eu,false,
2024-04-20 00:00:00,Italy,North Italy,IT-NO,122.88,158.98,77.73,60.78,entsoe.eu,false,
2024-04-20 01:00:00,Italy,North Italy,IT-NO,130.51,168.64,75.96,59.62,entsoe.eu,false,
2024-04-20 02:00:00,Italy,North Italy,IT-NO,133.27,171.67,75.54,59.94,entsoe.eu,false,
2024-04-20 03:00:00,Italy,North Italy,IT-NO,137.16,174.31,75.49,61.37,entsoe.eu,false,
2024-04-20 04:00:00,Italy,North Italy,IT-NO,131.09,166.84,76.46,63.94,entsoe.eu,false,
2024-04-20 05:00:00,Italy,North Italy,IT-NO,146.75,184.84,73.13,65.17,entsoe.eu,false,
2024-04-20 06:00:00,Italy,North Italy,IT-NO,153.25,189.68,72.85,68.92,entsoe.eu,false,
2024-04-20 07:00:00,Italy,North Italy,IT-NO,144.67,174.48,76.12,73.86,entsoe.eu,false,
2024-04-20 08:00:00,Italy,North Italy,IT-NO,117.91,157.36,77.65,75.5,entsoe.eu,false,
2024-04-20 09:00:00,Italy,North Italy,IT-NO,110.8,158.24,76.52,73.47,entsoe.eu,false,
2024-04-20 10:00:00,Italy,North Italy,IT-NO,105.1,152.42,77.41,74.3,entsoe.eu,false,
2024-04-20 11:00:00,Italy,North Italy,IT-NO,96.62,142.33,79.23,75.93,entsoe.eu,false,
2024-04-20 12:00:00,Italy,North Italy,IT-NO,99.14,145.25,78.57,74.95,entsoe.eu,false,
2024-04-20 13:00:00,Italy,North Italy,IT-NO,109.55,151.91,77.64,73.83,entsoe.eu,false,
2024-04-20 14:00:00,Italy,North Italy,IT-NO,122.99,160.63,76.46,73.0,entsoe.eu,false,
2024-04-20 15:00:00,Italy,North Italy,IT-NO,147.84,187.49,71.79,68.32,entsoe.eu,false,
2024-04-20 16:00:00,Italy,North Italy,IT-NO,164.16,198.57,70.77,65.2,entsoe.eu,false,
2024-04-20 17:00:00,Italy,North Italy,IT-NO,165.8,192.79,72.59,64.11,entsoe.eu,false,
2024-04-20 18:00:00,Italy,North Italy,IT-NO,169.09,191.65,73.54,63.86,entsoe.eu,false,
2024-04-20 19:00:00,Italy,North Italy,IT-NO,158.69,192.01,72.28,60.63,entsoe.eu,false,
2024-04-20 20:00:00,Italy,North Italy,IT-NO,163.28,200.89,70.52,59.26,entsoe.eu,false,
2024-04-20 21:00:00,Italy,North Italy,IT-NO,161.48,202.21,69.84,58.28,entsoe.eu,false,
2024-04-20 22:00:00,Italy,North Italy,IT-NO,173.75,220.65,65.96,58.12,entsoe.eu,false,
2024-04-20 23:00:00,Italy,North Italy,IT-NO,170.19,217.57,66.45,58.34,entsoe.eu,false,
2024-04-21 00:00:00,Italy,North Italy,IT-NO,170.34,217.27,66.47,58.37,entsoe.eu,false,
2024-04-21 01:00:00,Italy,North Italy,IT-NO,172.74,220.42,65.85,58.35,entsoe.eu,false,
2024-04-21 02:00:00,Italy,North Italy,IT-NO,168.7,215.38,66.67,59.29,entsoe.eu,false,
2024-04-21 03:00:00,Italy,North Italy,IT-NO,164.17,209.79,67.72,60.33,entsoe.eu,false,
2024-04-21 04:00:00,Italy,North Italy,IT-NO,157.31,199.38,69.79,63.35,entsoe.eu,false,
2024-04-21 05:00:00,Italy,North Italy,IT-NO,156.52,197.73,70.53,66.51,entsoe.eu,false,
2024-04-21 06:00:00,Italy,North Italy,IT-NO,130.49,173.99,74.98,74.44,entsoe.eu,false,
2024-04-21 07:00:00,Italy,North Italy,IT-NO,101.37,146.46,79.66,79.08,entsoe.eu,false,
2024-04-21 08:00:00,Italy,North Italy,IT-NO,97.55,143.73,79.88,79.32,entsoe.eu,false,
2024-04-21 09:00:00,Italy,North Italy,IT-NO,90.65,136.22,80.93,80.8,entsoe.eu,false,
2024-04-21 10:00:00,Italy,North Italy,IT-NO,89.73,135.36,80.99,80.86,entsoe.eu,false,
2024-04-21 11:00:00,Italy,North Italy,IT-NO,84.02,129.24,81.84,81.61,entsoe.eu,false,
2024-04-21 12:00:00,Italy,North Italy,IT-NO,92.94,139.92,80.2,79.15,entsoe.eu,false,
2024-04-21 13:00:00,Italy,North Italy,IT-NO,100.23,147.88,78.64,77.63,entsoe.eu,false,
2024-04-21 14:00:00,Italy,North Italy,IT-NO,100.6,146.89,78.21,76.41,entsoe.eu,false,
2024-04-21 15:00:00,Italy,North Italy,IT-NO,135.8,188.39,70.17,68.14,entsoe.eu,false,
2024-04-21 16:00:00,Italy,North Italy,IT-NO,150.45,199.55,68.34,63.1,entsoe.eu,false,
2024-04-21 17:00:00,Italy,North Italy,IT-NO,177.15,207.37,70.21,62.58,entsoe.eu,false,
2024-04-21 18:00:00,Italy,North Italy,IT-NO,170.99,200.63,71.21,61.14,entsoe.eu,false,
2024-04-21 19:00:00,Italy,North Italy,IT-NO,172.58,203.44,70.84,59.42,entsoe.eu,false,
2024-04-21 20:00:00,Italy,North Italy,IT-NO,164.33,205.68,69.09,56.17,entsoe.eu,false,
2024-04-21 21:00:00,Italy,North Italy,IT-NO,150.8,193.03,71.22,56.52,entsoe.eu,false,
2024-04-21 22:00:00,Italy,North Italy,IT-NO,150.07,191.07,72.5,57.43,entsoe.eu,false,
2024-04-21 23:00:00,Italy,North Italy,IT-NO,141.05,183.48,73.57,57.44,entsoe.eu,false,
2024-04-22 00:00:00,Italy,North Italy,IT-NO,149.76,195.64,71.04,55.67,entsoe.eu,false,
2024-04-22 01:00:00,Italy,North Italy,IT-NO,155.78,202.34,69.47,54.43,entsoe.eu,false,
2024-04-22 02:00:00,Italy,North Italy,IT-NO,169.99,222.6,65.61,51.1,entsoe.eu,false,
2024-04-22 03:00:00,Italy,North Italy,IT-NO,179.17,235.45,62.75,48.31,entsoe.eu,false,
2024-04-22 04:00:00,Italy,North Italy,IT-NO,200.2,252.5,59.9,49.22,entsoe.eu,false,
2024-04-22 05:00:00,Italy,North Italy,IT-NO,224.85,281.08,54.49,47.93,entsoe.eu,false,
2024-04-22 06:00:00,Italy,North Italy,IT-NO,218.81,272.88,56.44,50.17,entsoe.eu,false,
2024-04-22 07:00:00,Italy,North Italy,IT-NO,213.37,267.12,57.25,51.21,entsoe.eu,false,
2024-04-22 08:00:00,Italy,North Italy,IT-NO,213.87,263.94,58.29,52.24,entsoe.eu,false,
2024-04-22 09:00:00,Italy,North Italy,IT-NO,217.16,268.66,57.38,51.44,entsoe.eu,false,
2024-04-22 10:00:00,Italy,North Italy,IT-NO,214.64,271.15,56.11,50.23,entsoe.eu,false,
2024-04-22 11:00:00,Italy,North Italy,IT-NO,220.88,286.39,52.12,46.47,entsoe.eu,false,
2024-04-22 12:00:00,Italy,North Italy,IT-NO,219.43,285.17,52.26,46.25,entsoe.eu,false,
2024-04-22 13:00:00,Italy,North Italy,IT-NO,215.66,280.77,53.14,46.59,entsoe.eu,false,
2024-04-22 14:00:00,Italy,North Italy,IT-NO,213.99,283.24,52.0,44.82,entsoe.eu,false,
2024-04-22 15:00:00,Italy,North Italy,IT-NO,225.54,296.28,49.8,43.16,entsoe.eu,false,
2024-04-22 16:00:00,Italy,North Italy,IT-NO,237.46,301.12,50.01,43.85,entsoe.eu,false,
2024-04-22 17:00:00,Italy,North Italy,IT-NO,252.79,315.69,47.58,42.74,entsoe.eu,false,
2024-04-22 18:00:00,Italy,North Italy,IT-NO,250.1,308.13,49.28,44.11,entsoe.eu,false,
2024-04-22 19:00:00,Italy,North Italy,IT-NO,243.54,303.05,50.38,44.1,entsoe.eu,false,
2024-04-22 20:00:00,Italy,North Italy,IT-NO,243.7,307.42,49.47,43.08,entsoe.eu,false,
2024-04-22 21:00:00,Italy,North Italy,IT-NO,251.77,320.37,46.8,39.74,entsoe.eu,false,
2024-04-22 22:00:00,Italy,North Italy,IT-NO,211.02,272.35,55.19,44.0,entsoe.eu,false,
2024-04-22 23:00:00,Italy,North Italy,IT-NO,197.92,258.51,57.69,45.46,entsoe.eu,false,
2024-04-23 00:00:00,Italy,North Italy,IT-NO,198.74,259.57,57.76,45.19,entsoe.eu,false,
2024-04-23 01:00:00,Italy,North Italy,IT-NO,203.13,264.66,57.11,44.6,entsoe.eu,false,
2024-04-23 02:00:00,Italy,North Italy,IT-NO,201.32,264.25,57.02,43.74,entsoe.eu,false,
2024-04-23 03:00:00,Italy,North Italy,IT-NO,217.23,279.55,54.72,43.92,entsoe.eu,false,
2024-04-23 04:00:00,Italy,North Italy,IT-NO,243.94,311.95,47.48,41.31,entsoe.eu,false,
2024-04-23 05:00:00,Italy,North Italy,IT-NO,249.2,312.93,47.44,42.81,entsoe.eu,false,
2024-04-23 06:00:00,Italy,North Italy,IT-NO,236.07,291.21,52.34,46.0,entsoe.eu,false,
2024-04-23 07:00:00,Italy,North Italy,IT-NO,222.12,274.08,55.87,49.21,entsoe.eu,false,
2024-04-23 08:00:00,Italy,North Italy,IT-NO,220.87,275.62,55.41,48.61,entsoe.eu,false,
2024-04-23 09:00:00,Italy,North Italy,IT-NO,210.68,266.04,56.7,50.06,entsoe.eu,false,
2024-04-23 10:00:00,Italy,North Italy,IT-NO,196.45,257.25,57.46,50.88,entsoe.eu,false,
2024-04-23 11:00:00,Italy,North Italy,IT-NO,181.57,245.38,59.14,52.25,entsoe.eu,false,
2024-04-23 12:00:00,Italy,North Italy,IT-NO,176.09,238.35,60.4,53.32,entsoe.eu,false,
2024-04-23 13:00:00,Italy,North Italy,IT-NO,189.14,254.06,57.22,49.3,entsoe.eu,false,
2024-04-23 14:00:00,Italy,North Italy,IT-NO,194.51,254.59,57.87,50.6,entsoe.eu,false,
2024-04-23 15:00:00,Italy,North Italy,IT-NO,213.9,276.6,53.92,46.33,entsoe.eu,false,
2024-04-23 16:00:00,Italy,North Italy,IT-NO,228.22,291.6,51.19,44.06,entsoe.eu,false,
2024-04-23 17:00:00,Italy,North Italy,IT-NO,232.02,287.92,52.71,45.51,entsoe.eu,false,
2024-04-23 18:00:00,Italy,North Italy,IT-NO,231.72,282.49,54.56,47.28,entsoe.eu,false,
2024-04-23 19:00:00,Italy,North Italy,IT-NO,230.81,289.27,52.54,45.05,entsoe.eu,false,
2024-04-23 20:00:00,Italy,North Italy,IT-NO,222.4,286.38,52.67,43.72,entsoe.eu,false,
2024-04-23 21:00:00,Italy,North Italy,IT-NO,211.48,276.46,54.32,44.24,entsoe.eu,false,
2024-04-23 22:00:00,Italy,North Italy,IT-NO,207.82,273.17,54.87,42.28,entsoe.eu,false,
2024-04-23 23:00:00,Italy,North Italy,IT-NO,207.02,272.26,55.17,42.69,entsoe.eu,false,
2024-04-24 00:00:00,Italy,North Italy,IT-NO,190.65,252.79,58.57,43.61,entsoe.eu,false,
2024-04-24 01:00:00,Italy,North Italy,IT-NO,192.29,254.91,58.3,43.59,entsoe.eu,false,
2024-04-24 02:00:00,Italy,North Italy,IT-NO,199.65,264.16,56.39,42.17,entsoe.eu,false,
2024-04-24 03:00:00,Italy,North Italy,IT-NO,206.32,272.05,54.83,42.23,entsoe.eu,false,
2024-04-24 04:00:00,Italy,North Italy,IT-NO,212.82,272.99,54.92,45.07,entsoe.eu,false,
2024-04-24 05:00:00,Italy,North Italy,IT-NO,215.49,272.06,55.15,46.95,entsoe.eu,false,
2024-04-24 06:00:00,Italy,North Italy,IT-NO,212.96,263.13,57.64,51.02,entsoe.eu,false,
2024-04-24 07:00:00,Italy,North Italy,IT-NO,201.19,255.22,58.51,52.14,entsoe.eu,false,
2024-04-24 08:00:00,Italy,North Italy,IT-NO,188.87,248.89,58.86,52.01,entsoe.eu,false,
2024-04-24 09:00:00,Italy,North Italy,IT-NO,176.22,237.92,60.62,53.42,entsoe.eu,false,
2024-04-24 10:00:00,Italy,North Italy,IT-NO,169.55,230.6,62.27,56.04,entsoe.eu,false,
2024-04-24 11:00:00,Italy,North Italy,IT-NO,157.9,216.73,64.85,57.7,entsoe.eu,false,
2024-04-24 12:00:00,Italy,North Italy,IT-NO,162.96,222.26,63.96,56.46,entsoe.eu,false,
2024-04-24 13:00:00,Italy,North Italy,IT-NO,168.29,228.79,62.42,55.02,entsoe.eu,false,
2024-04-24 14:00:00,Italy,North Italy,IT-NO,181.06,244.09,59.37,52.14,entsoe.eu,false,
2024-04-24 15:00:00,Italy,North Italy,IT-NO,191.71,257.02,56.89,50.01,entsoe.eu,false,
2024-04-24 16:00:00,Italy,North Italy,IT-NO,224.41,289.22,51.31,45.14,entsoe.eu,false,
2024-04-24 17:00:00,Italy,North Italy,IT-NO,228.36,287.9,52.03,45.82,entsoe.eu,false,
2024-04-24 18:00:00,Italy,North Italy,IT-NO,233.39,293.6,50.87,44.72,entsoe.eu,false,
2024-04-24 19:00:00,Italy,North Italy,IT-NO,226.95,290.14,51.43,43.74,entsoe.eu,false,
2024-04-24 20:00:00,Italy,North Italy,IT-NO,237.86,304.53,49.17,41.48,entsoe.eu,false,
2024-04-24 21:00:00,Italy,North Italy,IT-NO,237.96,304.63,49.8,41.7,entsoe.eu,false,
2024-04-24 22:00:00,Italy,North Italy,IT-NO,209.33,275.38,54.38,42.79,entsoe.eu,false,
2024-04-24 23:00:00,Italy,North Italy,IT-NO,193.85,256.07,58.06,45.42,entsoe.eu,false,
2024-04-25 00:00:00,Italy,North Italy,IT-NO,212.04,278.71,53.9,44.23,entsoe.eu,false,
2024-04-25 01:00:00,Italy,North Italy,IT-NO,231.05,296.3,51.05,45.85,entsoe.eu,false,
2024-04-25 02:00:00,Italy,North Italy,IT-NO,226.99,290.99,51.72,47.49,entsoe.eu,false,
2024-04-25 03:00:00,Italy,North Italy,IT-NO,225.19,288.6,52.24,48.22,entsoe.eu,false,
2024-04-25 04:00:00,Italy,North Italy,IT-NO,227.57,291.27,51.66,48.4,entsoe.eu,false,
2024-04-25 05:00:00,Italy,North Italy,IT-NO,207.65,267.32,55.97,53.57,entsoe.eu,false,
2024-04-25 06:00:00,Italy,North Italy,IT-NO,194.47,252.8,58.84,57.85,entsoe.eu,false,
2024-04-25 07:00:00,Italy,North Italy,IT-NO,154.54,206.74,68.39,66.5,entsoe.eu,false,
2024-04-25 08:00:00,Italy,North Italy,IT-NO,133.84,188.37,71.3,69.01,entsoe.eu,false,
2024-04-25 09:00:00,Italy,North Italy,IT-NO,117.55,167.7,75.19,73.15,entsoe.eu,false,
2024-04-25 10:00:00,Italy,North Italy,IT-NO,119.33,170.14,74.61,73.27,entsoe.eu,false,
2024-04-25 11:00:00,Italy,North Italy,IT-NO,111.19,162.81,75.76,75.08,entsoe.eu,false,
2024-04-25 12:00:00,Italy,North Italy,IT-NO,106.58,157.66,77.11,76.1,entsoe.eu,false,
2024-04-25 13:00:00,Italy,North Italy,IT-NO,116.83,170.19,74.43,73.18,entsoe.eu,false,
2024-04-25 14:00:00,Italy,North Italy,IT-NO,132.35,188.52,70.87,68.47,entsoe.eu,false,
2024-04-25 15:00:00,Italy,North Italy,IT-NO,170.2,232.22,62.48,59.45,entsoe.eu,false,
2024-04-25 16:00:00,Italy,North Italy,IT-NO,217.93,278.49,54.53,52.08,entsoe.eu,false,
2024-04-25 17:00:00,Italy,North Italy,IT-NO,238.61,291.29,53.19,50.98,entsoe.eu,false,
2024-04-25 18:00:00,Italy,North Italy,IT-NO,245.96,296.6,52.47,50.2,entsoe.eu,false,
2024-04-25 19:00:00,Italy,North Italy,IT-NO,246.2,303.92,50.36,48.34,entsoe.eu,false,
2024-04-25 20:00:00,Italy,North Italy,IT-NO,248.46,314.18,47.84,45.98,entsoe.eu,false,
2024-04-25 21:00:00,Italy,North Italy,IT-NO,253.19,323.66,45.45,42.57,entsoe.eu,false,
2024-04-25 22:00:00,Italy,North Italy,IT-NO,256.45,327.92,45.11,40.55,entsoe.eu,false,
2024-04-25 23:00:00,Italy,North Italy,IT-NO,229.52,296.12,51.53,41.72,entsoe.eu,false,
2024-04-26 00:00:00,Italy,North Italy,IT-NO,205.76,272.48,55.79,42.6,entsoe.eu,false,
2024-04-26 01:00:00,Italy,North Italy,IT-NO,200.49,266.26,56.75,42.91,entsoe.eu,false,
2024-04-26 02:00:00,Italy,North Italy,IT-NO,200.45,266.96,56.35,42.44,entsoe.eu,false,
2024-04-26 03:00:00,Italy,North Italy,IT-NO,199.47,265.6,56.05,42.74,entsoe.eu,false,
2024-04-26 04:00:00,Italy,North Italy,IT-NO,235.04,299.94,50.11,41.75,entsoe.eu,false,
2024-04-26 05:00:00,Italy,North Italy,IT-NO,246.22,310.48,48.7,46.69,entsoe.eu,false,
2024-04-26 06:00:00,Italy,North Italy,IT-NO,241.36,298.84,52.09,51.75,entsoe.eu,false,
2024-04-26 07:00:00,Italy,North Italy,IT-NO,223.04,285.24,54.06,53.42,entsoe.eu,false,
2024-04-26 08:00:00,Italy,North Italy,IT-NO,197.16,257.63,59.07,58.48,entsoe.eu,false,
2024-04-26 09:00:00,Italy,North Italy,IT-NO,187.19,249.77,60.05,59.33,entsoe.eu,false,
2024-04-26 10:00:00,Italy,North Italy,IT-NO,175.6,240.26,61.11,60.38,entsoe.eu,false,
2024-04-26 11:00:00,Italy,North Italy,IT-NO,172.98,237.06,61.67,60.37,entsoe.eu,false,
2024-04-26 12:00:00,Italy,North Italy,IT-NO,186.32,251.35,59.24,57.59,entsoe.eu,false,
2024-04-26 13:00:00,Italy,North Italy,IT-NO,193.9,259.71,57.59,55.44,entsoe.eu,false,
2024-04-26 14:00:00,Italy,North Italy,IT-NO,214.73,284.37,52.72,50.44,entsoe.eu,false,
2024-04-26 15:00:00,Italy,North Italy,IT-NO,239.26,309.55,47.88,45.25,entsoe.eu,false,
2024-04-26 16:00:00,Italy,North Italy,IT-NO,234.1,300.8,49.47,44.17,entsoe.eu,false,
2024-04-26 17:00:00,Italy,North Italy,IT-NO,236.82,296.46,51.03,44.34,entsoe.eu,false,
2024-04-26 18:00:00,Italy,North Italy,IT-NO,241.77,298.13,51.18,43.37,entsoe.eu,false,
2024-04-26 19:00:00,Italy,North Italy,IT-NO,226.27,284.03,53.5,43.7,entsoe.eu,false,
2024-04-26 20:00:00,Italy,North Italy,IT-NO,222.57,285.59,52.7,41.33,entsoe.eu,false,
2024-04-26 21:00:00,Italy,North Italy,IT-NO,209.78,272.29,55.24,43.01,entsoe.eu,false,
2024-04-26 22:00:00,Italy,North Italy,IT-NO,205.29,268.74,55.39,43.15,entsoe.eu,false,
2024-04-26 23:00:00,Italy,North Italy,IT-NO,196.4,257.92,57.42,43.92,entsoe.eu,false,
2024-04-27 00:00:00,Italy,North Italy,IT-NO,196.96,263.71,55.52,41.84,entsoe.eu,false,
2024-04-27 01:00:00,Italy,North Italy,IT-NO,199.11,266.36,55.23,41.47,entsoe.eu,false,
2024-04-27 02:00:00,Italy,North Italy,IT-NO,201.19,269.11,54.54,40.74,entsoe.eu,false,
2024-04-27 03:00:00,Italy,North Italy,IT-NO,204.97,270.83,54.42,41.11,entsoe.eu,false,
2024-04-27 04:00:00,Italy,North Italy,IT-NO,227.0,293.01,50.51,42.31,entsoe.eu,false,
2024-04-27 05:00:00,Italy,North Italy,IT-NO,234.9,293.7,51.46,47.23,entsoe.eu,false,
2024-04-27 06:00:00,Italy,North Italy,IT-NO,229.33,270.91,57.8,56.67,entsoe.eu,false,
2024-04-27 07:00:00,Italy,North Italy,IT-NO,221.19,270.42,56.95,56.32,entsoe.eu,false,
2024-04-27 08:00:00,Italy,North Italy,IT-NO,207.58,271.27,55.34,54.97,entsoe.eu,false,
2024-04-27 09:00:00,Italy,North Italy,IT-NO,199.37,268.28,55.55,55.19,entsoe.eu,false,
2024-04-27 10:00:00,Italy,North Italy,IT-NO,180.33,247.56,59.44,58.99,entsoe.eu,false,
2024-04-27 11:00:00,Italy,North Italy,IT-NO,173.86,240.8,60.69,60.27,entsoe.eu,false,
2024-04-27 12:00:00,Italy,North Italy,IT-NO,175.7,243.03,60.21,59.75,entsoe.eu,false,
2024-04-27 13:00:00,Italy,North Italy,IT-NO,192.73,263.71,56.21,55.97,entsoe.eu,false,
2024-04-27 14:00:00,Italy,North Italy,IT-NO,218.14,289.71,51.6,51.48,entsoe.eu,false,
2024-04-27 15:00:00,Italy,North Italy,IT-NO,239.81,307.08,48.65,47.22,entsoe.eu,false,
2024-04-27 16:00:00,Italy,North Italy,IT-NO,227.56,286.68,52.9,49.96,entsoe.eu,false,
2024-04-27 17:00:00,Italy,North Italy,IT-NO,219.46,268.97,57.02,52.12,entsoe.eu,false,
2024-04-27 18:00:00,Italy,North Italy,IT-NO,217.75,265.2,58.07,50.42,entsoe.eu,false,
2024-04-27 19:00:00,Italy,North Italy,IT-NO,199.83,255.14,58.74,47.72,entsoe.eu,false,
2024-04-27 20:00:00,Italy,North Italy,IT-NO,186.97,240.34,61.67,47.92,entsoe.eu,false,
2024-04-27 21:00:00,Italy,North Italy,IT-NO,191.4,245.83,60.77,47.15,entsoe.eu,false,
2024-04-27 22:00:00,Italy,North Italy,IT-NO,161.28,216.54,65.21,50.73,entsoe.eu,false,
2024-04-27 23:00:00,Italy,North Italy,IT-NO,152.04,202.55,68.75,52.8,entsoe.eu,false,
2024-04-28 00:00:00,Italy,North Italy,IT-NO,145.41,196.05,69.74,52.75,entsoe.eu,false,
2024-04-28 01:00:00,Italy,North Italy,IT-NO,145.5,196.38,69.61,52.0,entsoe.eu,false,
2024-04-28 02:00:00,Italy,North Italy,IT-NO,158.68,211.2,66.85,50.77,entsoe.eu,false,
2024-04-28 03:00:00,Italy,North Italy,IT-NO,160.81,214.33,66.29,50.61,entsoe.eu,false,
2024-04-28 04:00:00,Italy,North Italy,IT-NO,185.5,240.04,61.86,50.9,entsoe.eu,false,
2024-04-28 05:00:00,Italy,North Italy,IT-NO,210.12,258.61,60.19,56.25,entsoe.eu,false,
2024-04-28 06:00:00,Italy,North Italy,IT-NO,207.57,247.06,63.2,62.35,entsoe.eu,false,
2024-04-28 07:00:00,Italy,North Italy,IT-NO,187.3,233.96,64.82,63.97,entsoe.eu,false,
2024-04-28 08:00:00,Italy,North Italy,IT-NO,151.77,210.75,67.13,66.3,entsoe.eu,false,
2024-04-28 09:00:00,Italy,North Italy,IT-NO,136.4,187.1,72.16,71.28,entsoe.eu,false,
2024-04-28 10:00:00,Italy,North Italy,IT-NO,113.27,166.52,75.13,74.35,entsoe.eu,false,
2024-04-28 11:00:00,Italy,North Italy,IT-NO,94.47,144.34,79.32,78.58,entsoe.eu,false,
2024-04-28 12:00:00,Italy,North Italy,IT-NO,91.4,140.7,80.24,79.57,entsoe.eu,false,
2024-04-28 13:00:00,Italy,North Italy,IT-NO,106.16,158.24,76.74,76.12,entsoe.eu,false,
2024-04-28 14:00:00,Italy,North Italy,IT-NO,128.54,185.44,71.26,70.92,entsoe.eu,false,
2024-04-28 15:00:00,Italy,North Italy,IT-NO,160.97,221.65,64.19,63.54,entsoe.eu,false,
2024-04-28 16:00:00,Italy,North Italy,IT-NO,177.28,233.46,62.17,56.94,entsoe.eu,false,
2024-04-28 17:00:00,Italy,North Italy,IT-NO,191.35,233.02,64.1,55.75,entsoe.eu,false,
2024-04-28 18:00:00,Italy,North Italy,IT-NO,180.34,222.86,65.38,53.93,entsoe.eu,false,
2024-04-28 19:00:00,Italy,North Italy,IT-NO,176.44,218.66,66.32,52.88,entsoe.eu,false,
2024-04-28 20:00:00,Italy,North Italy,IT-NO,173.26,218.57,66.1,51.66,entsoe.eu,false,
2024-04-28 21:00:00,Italy,North Italy,IT-NO,163.85,216.46,65.74,49.21,entsoe.eu,false,
2024-04-28 22:00:00,Italy,North Italy,IT-NO,163.26,217.46,65.71,47.13,entsoe.eu,false,
2024-04-28 23:00:00,Italy,North Italy,IT-NO,155.16,211.03,66.46,46.46,entsoe.eu,false,
2024-04-29 00:00:00,Italy,North Italy,IT-NO,152.83,208.09,67.38,46.65,entsoe.eu,false,
2024-04-29 01:00:00,Italy,North Italy,IT-NO,159.92,216.63,65.59,45.75,entsoe.eu,false,
2024-04-29 02:00:00,Italy,North Italy,IT-NO,156.3,211.45,66.84,47.44,entsoe.eu,false,
2024-04-29 03:00:00,Italy,North Italy,IT-NO,173.21,231.27,62.95,46.42,entsoe.eu,false,
2024-04-29 04:00:00,Italy,North Italy,IT-NO,196.78,252.41,59.82,48.81,entsoe.eu,false,
2024-04-29 05:00:00,Italy,North Italy,IT-NO,193.1,241.64,62.58,53.05,entsoe.eu,false,
2024-04-29 06:00:00,Italy,North Italy,IT-NO,178.28,226.06,65.31,55.69,entsoe.eu,false,
2024-04-29 07:00:00,Italy,North Italy,IT-NO,174.56,222.96,66.12,57.41,entsoe.eu,false,
2024-04-29 08:00:00,Italy,North Italy,IT-NO,135.8,183.44,73.16,63.39,entsoe.eu,false,
2024-04-29 09:00:00,Italy,North Italy,IT-NO,115.6,164.54,76.36,67.06,entsoe.eu,false,
2024-04-29 10:00:00,Italy,North Italy,IT-NO,108.86,157.42,77.67,70.16,entsoe.eu,false,
2024-04-29 11:00:00,Italy,North Italy,IT-NO,108.71,157.59,77.34,69.12,entsoe.eu,false,
2024-04-29 12:00:00,Italy,North Italy,IT-NO,117.39,167.89,75.48,66.35,entsoe.eu,false,
2024-04-29 13:00:00,Italy,North Italy,IT-NO,121.22,172.18,74.76,63.54,entsoe.eu,false,
2024-04-29 14:00:00,Italy,North Italy,IT-NO,134.0,185.92,71.94,58.24,entsoe.eu,false,
2024-04-29 15:00:00,Italy,North Italy,IT-NO,165.47,220.8,65.63,52.98,entsoe.eu,false,
2024-04-29 16:00:00,Italy,North Italy,IT-NO,190.4,246.81,60.7,49.67,entsoe.eu,false,
2024-04-29 17:00:00,Italy,North Italy,IT-NO,221.66,276.13,56.01,47.9,entsoe.eu,false,
2024-04-29 18:00:00,Italy,North Italy,IT-NO,230.51,280.58,55.91,48.61,entsoe.eu,false,
2024-04-29 19:00:00,Italy,North Italy,IT-NO,212.29,271.88,55.93,46.47,entsoe.eu,false,
2024-04-29 20:00:00,Italy,North Italy,IT-NO,201.74,261.21,57.65,44.52,entsoe.eu,false,
2024-04-29 21:00:00,Italy,North Italy,IT-NO,206.78,267.28,56.79,43.24,entsoe.eu,false,
2024-04-29 22:00:00,Italy,North Italy,IT-NO,179.22,234.94,62.5,46.15,entsoe.eu,false,
2024-04-29 23:00:00,Italy,North Italy,IT-NO,169.74,224.29,64.83,46.22,entsoe.eu,false,
2024-04-30 00:00:00,Italy,North Italy,IT-NO,167.58,224.76,64.49,45.35,entsoe.eu,false,
2024-04-30 01:00:00,Italy,North Italy,IT-NO,167.18,221.55,65.41,46.41,entsoe.eu,false,
2024-04-30 02:00:00,Italy,North Italy,IT-NO,158.82,211.46,67.03,47.54,entsoe.eu,false,
2024-04-30 03:00:00,Italy,North Italy,IT-NO,164.39,215.99,66.02,48.31,entsoe.eu,false,
2024-04-30 04:00:00,Italy,North Italy,IT-NO,169.49,219.46,65.39,50.59,entsoe.eu,false,
2024-04-30 05:00:00,Italy,North Italy,IT-NO,167.37,207.39,68.67,56.77,entsoe.eu,false,
2024-04-30 06:00:00,Italy,North Italy,IT-NO,160.62,197.54,70.79,59.34,entsoe.eu,false,
2024-04-30 07:00:00,Italy,North Italy,IT-NO,137.69,184.49,71.64,59.69,entsoe.eu,false,
2024-04-30 08:00:00,Italy,North Italy,IT-NO,99.31,144.77,79.02,67.1,entsoe.eu,false,
2024-04-30 09:00:00,Italy,North Italy,IT-NO,85.22,128.84,82.18,70.97,entsoe.eu,false,
2024-04-30 10:00:00,Italy,North Italy,IT-NO,84.78,129.18,82.1,72.74,entsoe.eu,false,
2024-04-30 11:00:00,Italy,North Italy,IT-NO,84.06,128.55,82.17,73.3,entsoe.eu,false,
2024-04-30 12:00:00,Italy,North Italy,IT-NO,83.05,127.0,82.31,72.53,entsoe.eu,false,
2024-04-30 13:00:00,Italy,North Italy,IT-NO,87.74,132.34,81.27,70.21,entsoe.eu,false,
2024-04-30 14:00:00,Italy,North Italy,IT-NO,107.28,155.18,76.7,63.8,entsoe.eu,false,
2024-04-30 15:00:00,Italy,North Italy,IT-NO,123.91,172.07,73.71,61.15,entsoe.eu,false,
2024-04-30 16:00:00,Italy,North Italy,IT-NO,145.32,190.66,70.84,58.62,entsoe.eu,false,
2024-04-30 17:00:00,Italy,North Italy,IT-NO,166.15,203.98,69.78,58.23,entsoe.eu,false,
2024-04-30 18:00:00,Italy,North Italy,IT-NO,178.75,217.25,67.36,56.21,entsoe.eu,false,
2024-04-30 19:00:00,Italy,North Italy,IT-NO,163.36,203.28,69.36,55.84,entsoe.eu,false,
2024-04-30 20:00:00,Italy,North Italy,IT-NO,154.67,199.4,69.74,53.48,entsoe.eu,false,
2024-04-30 21:00:00,Italy,North Italy,IT-NO,159.0,208.87,67.85,51.2,entsoe.eu,false,
2024-04-30 22:00:00,Italy,North Italy,IT-NO,164.55,211.23,67.73,52.28,entsoe.eu,false,
2024-04-30 23:00:00,Italy,North Italy,IT-NO,162.32,213.6,66.93,50.17,entsoe.eu,false,
2024-05-01 00:00:00,Italy,North Italy,IT-NO,160.85,211.64,67.35,50.51,entsoe.eu,false,
2024-05-01 01:00:00,Italy,North Italy,IT-NO,172.97,226.19,64.8,49.6,entsoe.eu,false,
2024-05-01 02:00:00,Italy,North Italy,IT-NO,183.84,240.69,62.04,50.72,entsoe.eu,false,
2024-05-01 03:00:00,Italy,North Italy,IT-NO,182.42,238.37,62.71,53.81,entsoe.eu,false,
2024-05-01 04:00:00,Italy,North Italy,IT-NO,172.41,223.6,65.75,57.71,entsoe.eu,false,
2024-05-01 05:00:00,Italy,North Italy,IT-NO,168.94,218.29,66.89,61.64,entsoe.eu,false,
2024-05-01 06:00:00,Italy,North Italy,IT-NO,159.87,208.74,68.43,65.42,entsoe.eu,false,
2024-05-01 07:00:00,Italy,North Italy,IT-NO,134.82,186.74,71.44,68.17,entsoe.eu,false,
2024-05-01 08:00:00,Italy,North Italy,IT-NO,129.55,182.6,72.45,70.97,entsoe.eu,false,
2024-05-01 09:00:00,Italy,North Italy,IT-NO,136.4,191.98,70.72,69.98,entsoe.eu,false,
2024-05-01 10:00:00,Italy,North Italy,IT-NO,136.34,191.94,70.95,70.57,entsoe.eu,false,
2024-05-01 11:00:00,Italy,North Italy,IT-NO,126.1,181.69,72.9,72.2,entsoe.eu,false,
2024-05-01 12:00:00,Italy,North Italy,IT-NO,146.86,207.04,67.98,67.19,entsoe.eu,false,
2024-05-01 13:00:00,Italy,North Italy,IT-NO,151.16,209.96,67.45,66.95,entsoe.eu,false,
2024-05-01 14:00:00,Italy,North Italy,IT-NO,150.9,206.53,68.02,67.54,entsoe.eu,false,
2024-05-01 15:00:00,Italy,North Italy,IT-NO,188.3,244.78,61.61,61.53,entsoe.eu,false,
2024-05-01 16:00:00,Italy,North Italy,IT-NO,200.97,247.3,62.76,59.25,entsoe.eu,false,
2024-05-01 17:00:00,Italy,North Italy,IT-NO,190.9,222.9,68.26,61.72,entsoe.eu,false,
2024-05-01 18:00:00,Italy,North Italy,IT-NO,187.85,219.82,68.63,60.46,entsoe.eu,false,
2024-05-01 19:00:00,Italy,North Italy,IT-NO,172.24,202.92,71.71,61.18,entsoe.eu,false,
2024-05-01 20:00:00,Italy,North Italy,IT-NO,160.8,211.07,67.64,55.81,entsoe.eu,false,
2024-05-01 21:00:00,Italy,North Italy,IT-NO,150.99,199.58,70.29,58.48,entsoe.eu,false,
2024-05-01 22:00:00,Italy,North Italy,IT-NO,163.57,220.6,66.41,53.53,entsoe.eu,false,
2024-05-01 23:00:00,Italy,North Italy,IT-NO,170.12,229.55,64.46,52.26,entsoe.eu,false,
2024-05-02 00:00:00,Italy,North Italy,IT-NO,167.81,226.84,65.08,53.47,entsoe.eu,false,
2024-05-02 01:00:00,Italy,North Italy,IT-NO,173.91,234.33,63.76,53.0,entsoe.eu,false,
2024-05-02 02:00:00,Italy,North Italy,IT-NO,178.92,240.38,62.26,52.07,entsoe.eu,false,
2024-05-02 03:00:00,Italy,North Italy,IT-NO,164.47,221.8,65.09,51.89,entsoe.eu,false,
2024-05-02 04:00:00,Italy,North Italy,IT-NO,172.74,225.26,64.57,53.12,entsoe.eu,false,
2024-05-02 05:00:00,Italy,North Italy,IT-NO,189.56,241.44,61.64,52.14,entsoe.eu,false,
2024-05-02 06:00:00,Italy,North Italy,IT-NO,187.37,239.18,62.11,53.04,entsoe.eu,false,
2024-05-02 07:00:00,Italy,North Italy,IT-NO,182.82,232.14,63.95,56.05,entsoe.eu,false,
2024-05-02 08:00:00,Italy,North Italy,IT-NO,174.63,230.27,63.45,56.12,entsoe.eu,false,
2024-05-02 09:00:00,Italy,North Italy,IT-NO,181.72,229.48,64.64,57.49,entsoe.eu,false,
2024-05-02 10:00:00,Italy,North Italy,IT-NO,169.56,212.9,68.11,60.83,entsoe.eu,false,
2024-05-02 11:00:00,Italy,North Italy,IT-NO,168.49,220.51,65.74,58.64,entsoe.eu,false,
2024-05-02 12:00:00,Italy,North Italy,IT-NO,166.45,222.44,65.03,58.69,entsoe.eu,false,
2024-05-02 13:00:00,Italy,North Italy,IT-NO,156.1,208.43,67.59,58.8,entsoe.eu,false,
2024-05-02 14:00:00,Italy,North Italy,IT-NO,164.5,218.22,65.84,56.86,entsoe.eu,false,
2024-05-02 15:00:00,Italy,North Italy,IT-NO,163.51,216.75,66.26,57.22,entsoe.eu,false,
2024-05-02 16:00:00,Italy,North Italy,IT-NO,173.41,227.59,64.04,55.12,entsoe.eu,false,
2024-05-02 17:00:00,Italy,North Italy,IT-NO,196.28,246.46,61.17,53.11,entsoe.eu,false,
2024-05-02 18:00:00,Italy,North Italy,IT-NO,207.38,248.36,62.15,54.81,entsoe.eu,false,
2024-05-02 19:00:00,Italy,North Italy,IT-NO,186.88,240.22,61.71,51.7,entsoe.eu,false,
2024-05-02 20:00:00,Italy,North Italy,IT-NO,160.48,210.99,67.23,54.32,entsoe.eu,false,
2024-05-02 21:00:00,Italy,North Italy,IT-NO,158.94,209.02,67.93,54.53,entsoe.eu,false,
2024-05-02 22:00:00,Italy,North Italy,IT-NO,148.18,200.69,69.34,56.23,entsoe.eu,false,
2024-05-02 23:00:00,Italy,North Italy,IT-NO,146.86,197.51,70.31,58.36,entsoe.eu,false,
2024-05-03 00:00:00,Italy,North Italy,IT-NO,151.9,203.09,69.51,58.68,entsoe.eu,false,
2024-05-03 01:00:00,Italy,North Italy,IT-NO,146.99,200.49,69.8,59.11,entsoe.eu,false,
2024-05-03 02:00:00,Italy,North Italy,IT-NO,151.58,205.62,68.99,58.35,entsoe.eu,false,
2024-05-03 03:00:00,Italy,North Italy,IT-NO,149.1,201.48,69.64,57.86,entsoe.eu,false,
2024-05-03 04:00:00,Italy,North Italy,IT-NO,166.08,212.77,68.5,58.01,entsoe.eu,false,
2024-05-03 05:00:00,Italy,North Italy,IT-NO,171.69,211.39,69.58,60.26,entsoe.eu,false,
2024-05-03 06:00:00,Italy,North Italy,IT-NO,170.61,212.45,68.99,60.27,entsoe.eu,false,
2024-05-03 07:00:00,Italy,North Italy,IT-NO,157.25,198.87,71.07,62.38,entsoe.eu,false,
2024-05-03 08:00:00,Italy,North Italy,IT-NO,149.37,196.42,70.91,63.13,entsoe.eu,false,
2024-05-03 09:00:00,Italy,North Italy,IT-NO,134.55,180.21,73.71,66.77,entsoe.eu,false,
2024-05-03 10:00:00,Italy,North Italy,IT-NO,130.15,175.86,74.52,67.58,entsoe.eu,false,
2024-05-03 11:00:00,Italy,North Italy,IT-NO,131.8,182.7,72.86,65.91,entsoe.eu,false,
2024-05-03 12:00:00,Italy,North Italy,IT-NO,139.39,191.65,71.16,64.27,entsoe.eu,false,
2024-05-03 13:00:00,Italy,North Italy,IT-NO,144.52,196.63,70.49,63.29,entsoe.eu,false,
2024-05-03 14:00:00,Italy,North Italy,IT-NO,156.55,211.54,67.87,60.83,entsoe.eu,false,
2024-05-03 15:00:00,Italy,North Italy,IT-NO,151.91,204.25,69.15,59.08,entsoe.eu,false,
2024-05-03 16:00:00,Italy,North Italy,IT-NO,172.72,223.57,66.08,55.4,entsoe.eu,false,
2024-05-03 17:00:00,Italy,North Italy,IT-NO,199.08,246.11,62.43,52.4,entsoe.eu,false,
2024-05-03 18:00:00,Italy,North Italy,IT-NO,206.94,252.72,61.5,52.59,entsoe.eu,false,
2024-05-03 19:00:00,Italy,North Italy,IT-NO,198.54,240.17,63.72,53.04,entsoe.eu,false,
2024-05-03 20:00:00,Italy,North Italy,IT-NO,178.47,223.8,65.69,53.1,entsoe.eu,false,
2024-05-03 21:00:00,Italy,North Italy,IT-NO,165.34,211.62,67.68,53.86,entsoe.eu,false,
2024-05-03 22:00:00,Italy,North Italy,IT-NO,126.29,161.22,76.72,59.88,entsoe.eu,false,
2024-05-03 23:00:00,Italy,North Italy,IT-NO,109.98,144.15,79.54,60.25,entsoe.eu,false,
2024-05-04 00:00:00,Italy,North Italy,IT-NO,104.02,140.54,80.09,60.01,entsoe.eu,false,
2024-05-04 01:00:00,Italy,North Italy,IT-NO,101.5,138.29,80.42,60.74,entsoe.eu,false,
2024-05-04 02:00:00,Italy,North Italy,IT-NO,101.76,140.4,79.72,60.96,entsoe.eu,false,
2024-05-04 03:00:00,Italy,North Italy,IT-NO,108.44,147.12,78.76,60.14,entsoe.eu,false,
2024-05-04 04:00:00,Italy,North Italy,IT-NO,108.85,141.11,80.53,63.44,entsoe.eu,false,
2024-05-04 05:00:00,Italy,North Italy,IT-NO,106.24,136.2,81.57,65.65,entsoe.eu,false,
2024-05-04 06:00:00,Italy,North Italy,IT-NO,110.36,141.5,80.77,67.28,entsoe.eu,false,
2024-05-04 07:00:00,Italy,North Italy,IT-NO,112.5,149.32,79.37,69.6,entsoe.eu,false,
2024-05-04 08:00:00,Italy,North Italy,IT-NO,91.09,134.85,81.46,74.35,entsoe.eu,false,
2024-05-04 09:00:00,Italy,North Italy,IT-NO,85.46,129.5,82.41,78.17,entsoe.eu,false,
2024-05-04 10:00:00,Italy,North Italy,IT-NO,79.2,122.4,83.76,81.52,entsoe.eu,false,
2024-05-04 11:00:00,Italy,North Italy,IT-NO,83.19,127.44,83.1,80.93,entsoe.eu,false,
2024-05-04 12:00:00,Italy,North Italy,IT-NO,81.37,125.18,83.53,80.73,entsoe.eu,false,
2024-05-04 13:00:00,Italy,North Italy,IT-NO,83.28,126.61,83.17,78.27,entsoe.eu,false,
2024-05-04 14:00:00,Italy,North Italy,IT-NO,86.79,129.9,82.24,74.75,entsoe.eu,false,
2024-05-04 15:00:00,Italy,North Italy,IT-NO,92.62,135.63,80.75,69.89,entsoe.eu,false,
2024-05-04 16:00:00,Italy,North Italy,IT-NO,95.62,136.33,80.46,67.35,entsoe.eu,false,
2024-05-04 17:00:00,Italy,North Italy,IT-NO,128.43,150.59,80.6,68.48,entsoe.eu,false,
2024-05-04 18:00:00,Italy,North Italy,IT-NO,142.31,162.84,78.71,67.0,entsoe.eu,false,
2024-05-04 19:00:00,Italy,North Italy,IT-NO,137.39,156.8,79.98,66.33,entsoe.eu,false,
2024-05-04 20:00:00,Italy,North Italy,IT-NO,125.94,151.7,79.89,64.62,entsoe.eu,false,
2024-05-04 21:00:00,Italy,North Italy,IT-NO,119.92,149.63,79.6,62.79,entsoe.eu,false,
2024-05-04 22:00:00,Italy,North Italy,IT-NO,124.09,151.01,79.56,62.52,entsoe.eu,false,
2024-05-04 23:00:00,Italy,North Italy,IT-NO,113.36,147.08,79.26,60.84,entsoe.eu,false,
2024-05-05 00:00:00,Italy,North Italy,IT-NO,113.43,148.34,78.96,60.9,entsoe.eu,false,
2024-05-05 01:00:00,Italy,North Italy,IT-NO,118.73,154.41,77.89,60.33,entsoe.eu,false,
2024-05-05 02:00:00,Italy,North Italy,IT-NO,117.56,153.2,78.1,60.8,entsoe.eu,false,
2024-05-05 03:00:00,Italy,North Italy,IT-NO,117.07,154.88,77.55,59.49,entsoe.eu,false,
2024-05-05 04:00:00,Italy,North Italy,IT-NO,112.41,147.73,79.08,61.49,entsoe.eu,false,
2024-05-05 05:00:00,Italy,North Italy,IT-NO,106.08,141.45,80.21,65.01,entsoe.eu,false,
2024-05-05 06:00:00,Italy,North Italy,IT-NO,97.16,133.36,81.78,68.8,entsoe.eu,false,
2024-05-05 07:00:00,Italy,North Italy,IT-NO,84.54,125.49,82.57,70.64,entsoe.eu,false,
2024-05-05 08:00:00,Italy,North Italy,IT-NO,76.51,117.75,84.03,75.13,entsoe.eu,false,
2024-05-05 09:00:00,Italy,North Italy,IT-NO,73.67,115.34,84.7,79.15,entsoe.eu,false,
2024-05-05 10:00:00,Italy,North Italy,IT-NO,74.32,116.98,84.53,81.74,entsoe.eu,false,
2024-05-05 11:00:00,Italy,North Italy,IT-NO,71.54,114.38,85.23,82.77,entsoe.eu,false,
2024-05-05 12:00:00,Italy,North Italy,IT-NO,75.13,119.14,84.2,81.61,entsoe.eu,false,
2024-05-05 13:00:00,Italy,North Italy,IT-NO,81.96,127.09,82.65,80.67,entsoe.eu,false,
2024-05-05 14:00:00,Italy,North Italy,IT-NO,80.77,123.87,82.97,76.44,entsoe.eu,false,
2024-05-05 15:00:00,Italy,North Italy,IT-NO,91.01,133.63,80.75,67.04,entsoe.eu,false,
2024-05-05 16:00:00,Italy,North Italy,IT-NO,101.69,140.65,79.9,64.43,entsoe.eu,false,
2024-05-05 17:00:00,Italy,North Italy,IT-NO,126.98,149.14,80.64,66.26,entsoe.eu,false,
2024-05-05 18:00:00,Italy,North Italy,IT-NO,143.15,161.48,79.25,65.8,entsoe.eu,false,
2024-05-05 19:00:00,Italy,North Italy,IT-NO,141.84,162.48,78.7,63.84,entsoe.eu,false,
2024-05-05 20:00:00,Italy,North Italy,IT-NO,122.93,152.49,79.03,62.34,entsoe.eu,false,
2024-05-05 21:00:00,Italy,North Italy,IT-NO,121.7,154.4,78.4,59.87,entsoe.eu,false,
2024-05-05 22:00:00,Italy,North Italy,IT-NO,115.11,155.23,77.33,56.84,entsoe.eu,false,
2024-05-05 23:00:00,Italy,North Italy,IT-NO,101.8,142.93,79.23,56.51,entsoe.eu,false,
2024-05-06 00:00:00,Italy,North Italy,IT-NO,99.6,140.78,79.35,55.92,entsoe.eu,false,
2024-05-06 01:00:00,Italy,North Italy,IT-NO,104.95,147.37,78.32,54.66,entsoe.eu,false,
2024-05-06 02:00:00,Italy,North Italy,IT-NO,107.8,150.99,77.76,54.83,entsoe.eu,false,
2024-05-06 03:00:00,Italy,North Italy,IT-NO,124.72,164.88,75.97,56.2,entsoe.eu,false,
2024-05-06 04:00:00,Italy,North Italy,IT-NO,144.6,182.89,73.18,58.34,entsoe.eu,false,
2024-05-06 05:00:00,Italy,North Italy,IT-NO,154.88,190.49,72.32,59.2,entsoe.eu,false,
2024-05-06 06:00:00,Italy,North Italy,IT-NO,157.98,189.9,72.93,61.1,entsoe.eu,false,
2024-05-06 07:00:00,Italy,North Italy,IT-NO,145.66,180.46,74.01,61.73,entsoe.eu,false,
2024-05-06 08:00:00,Italy,North Italy,IT-NO,143.19,184.3,72.51,59.75,entsoe.eu,false,
2024-05-06 09:00:00,Italy,North Italy,IT-NO,134.47,176.83,73.71,61.38,entsoe.eu,false,
2024-05-06 10:00:00,Italy,North Italy,IT-NO,128.58,171.13,74.86,62.72,entsoe.eu,false,
2024-05-06 11:00:00,Italy,North Italy,IT-NO,129.09,172.92,74.41,61.8,entsoe.eu,false,
2024-05-06 12:00:00,Italy,North Italy,IT-NO,135.8,178.4,73.73,61.32,entsoe.eu,false,
2024-05-06 13:00:00,Italy,North Italy,IT-NO,144.96,189.88,71.35,58.04,entsoe.eu,false,
2024-05-06 14:00:00,Italy,North Italy,IT-NO,151.39,198.0,69.5,56.63,entsoe.eu,false,
2024-05-06 15:00:00,Italy,North Italy,IT-NO,154.35,204.04,67.85,55.61,entsoe.eu,false,
2024-05-06 16:00:00,Italy,North Italy,IT-NO,174.65,226.37,63.61,52.13,entsoe.eu,false,
2024-05-06 17:00:00,Italy,North Italy,IT-NO,189.2,234.05,63.38,53.52,entsoe.eu,false,
2024-05-06 18:00:00,Italy,North Italy,IT-NO,193.74,237.75,62.8,52.55,entsoe.eu,false,
2024-05-06 19:00:00,Italy,North Italy,IT-NO,191.26,236.75,62.67,51.3,entsoe.eu,false,
2024-05-06 20:00:00,Italy,North Italy,IT-NO,182.58,230.8,63.21,49.85,entsoe.eu,false,
2024-05-06 21:00:00,Italy,North Italy,IT-NO,170.64,215.4,66.59,51.55,entsoe.eu,false,
2024-05-06 22:00:00,Italy,North Italy,IT-NO,150.19,194.9,69.59,53.32,entsoe.eu,false,
2024-05-06 23:00:00,Italy,North Italy,IT-NO,139.78,183.73,71.52,53.76,entsoe.eu,false,
2024-05-07 00:00:00,Italy,North Italy,IT-NO,139.99,184.29,71.56,53.51,entsoe.eu,false,
2024-05-07 01:00:00,Italy,North Italy,IT-NO,141.63,186.98,71.11,52.59,entsoe.eu,false,
2024-05-07 02:00:00,Italy,North Italy,IT-NO,142.68,193.54,69.04,50.51,entsoe.eu,false,
2024-05-07 03:00:00,Italy,North Italy,IT-NO,155.12,202.04,68.12,51.51,entsoe.eu,false,
2024-05-07 04:00:00,Italy,North Italy,IT-NO,186.62,235.83,62.07,48.79,entsoe.eu,false,
2024-05-07 05:00:00,Italy,North Italy,IT-NO,210.58,264.83,56.62,46.25,entsoe.eu,false,
2024-05-07 06:00:00,Italy,North Italy,IT-NO,206.86,258.7,57.96,47.9,entsoe.eu,false,
2024-05-07 07:00:00,Italy,North Italy,IT-NO,206.92,260.15,57.45,47.41,entsoe.eu,false,
2024-05-07 08:00:00,Italy,North Italy,IT-NO,202.73,259.34,57.18,46.59,entsoe.eu,false,
2024-05-07 09:00:00,Italy,North Italy,IT-NO,199.64,255.38,58.04,47.08,entsoe.eu,false,
2024-05-07 10:00:00,Italy,North Italy,IT-NO,179.14,233.22,62.12,50.98,entsoe.eu,false,
2024-05-07 11:00:00,Italy,North Italy,IT-NO,176.39,229.81,62.92,51.62,entsoe.eu,false,
2024-05-07 12:00:00,Italy,North Italy,IT-NO,181.54,235.2,62.13,50.94,entsoe.eu,false,
2024-05-07 13:00:00,Italy,North Italy,IT-NO,176.55,233.79,61.76,49.66,entsoe.eu,false,
2024-05-07 14:00:00,Italy,North Italy,IT-NO,184.78,238.46,61.54,49.56,entsoe.eu,false,
2024-05-07 15:00:00,Italy,North Italy,IT-NO,185.8,240.12,61.16,49.85,entsoe.eu,false,
2024-05-07 16:00:00,Italy,North Italy,IT-NO,210.52,267.44,56.1,46.94,entsoe.eu,false,
2024-05-07 17:00:00,Italy,North Italy,IT-NO,215.92,272.11,55.35,46.91,entsoe.eu,false,
2024-05-07 18:00:00,Italy,North Italy,IT-NO,210.68,263.96,57.02,47.89,entsoe.eu,false,
2024-05-07 19:00:00,Italy,North Italy,IT-NO,205.15,258.59,57.8,47.08,entsoe.eu,false,
2024-05-07 20:00:00,Italy,North Italy,IT-NO,194.53,247.05,60.0,47.68,entsoe.eu,false,
2024-05-07 21:00:00,Italy,North Italy,IT-NO,198.75,252.29,59.23,46.7,entsoe.eu,false,
2024-05-07 22:00:00,Italy,North Italy,IT-NO,171.75,221.06,64.71,50.18,entsoe.eu,false,
2024-05-07 23:00:00,Italy,North Italy,IT-NO,164.42,214.06,66.07,49.99,entsoe.eu,false,
2024-05-08 00:00:00,Italy,North Italy,IT-NO,163.54,213.82,65.97,50.18,entsoe.eu,false,
2024-05-08 01:00:00,Italy,North Italy,IT-NO,153.17,201.4,68.25,50.75,entsoe.eu,false,
2024-05-08 02:00:00,Italy,North Italy,IT-NO,152.52,200.29,68.6,51.19,entsoe.eu,false,
2024-05-08 03:00:00,Italy,North Italy,IT-NO,158.7,206.06,67.7,51.77,entsoe.eu,false,
2024-05-08 04:00:00,Italy,North Italy,IT-NO,175.95,221.08,65.58,52.35,entsoe.eu,false,
2024-05-08 05:00:00,Italy,North Italy,IT-NO,171.73,216.3,66.36,54.44,entsoe.eu,false,
2024-05-08 06:00:00,Italy,North Italy,IT-NO,166.15,207.56,68.32,56.78,entsoe.eu,false,
2024-05-08 07:00:00,Italy,North Italy,IT-NO,159.42,204.95,68.25,56.05,entsoe.eu,false,
2024-05-08 08:00:00,Italy,North Italy,IT-NO,150.36,197.16,69.45,57.75,entsoe.eu,false,
2024-05-08 09:00:00,Italy,North Italy,IT-NO,140.69,186.49,71.49,59.35,entsoe.eu,false,
2024-05-08 10:00:00,Italy,North Italy,IT-NO,129.53,176.17,73.26,61.13,entsoe.eu,false,
2024-05-08 11:00:00,Italy,North Italy,IT-NO,119.61,168.01,74.29,62.4,entsoe.eu,false,
2024-05-08 12:00:00,Italy,North Italy,IT-NO,123.8,169.77,74.33,62.73,entsoe.eu,false,
2024-05-08 13:00:00,Italy,North Italy,IT-NO,133.13,179.38,72.6,61.41,entsoe.eu,false,
2024-05-08 14:00:00,Italy,North Italy,IT-NO,153.24,200.9,68.71,58.8,entsoe.eu,false,
2024-05-08 15:00:00,Italy,North Italy,IT-NO,167.28,214.88,66.22,55.84,entsoe.eu,false,
2024-05-08 16:00:00,Italy,North Italy,IT-NO,173.59,221.26,64.99,54.97,entsoe.eu,false,
2024-05-08 17:00:00,Italy,North Italy,IT-NO,181.94,223.08,65.5,54.49,entsoe.eu,false,
2024-05-08 18:00:00,Italy,North Italy,IT-NO,186.26,226.89,64.77,53.74,entsoe.eu,false,
2024-05-08 19:00:00,Italy,North Italy,IT-NO,183.0,223.29,65.61,53.59,entsoe.eu,false,
2024-05-08 20:00:00,Italy,North Italy,IT-NO,184.04,231.48,63.31,50.23,entsoe.eu,false,
2024-05-08 21:00:00,Italy,North Italy,IT-NO,167.86,212.41,66.91,52.33,entsoe.eu,false,
2024-05-08 22:00:00,Italy,North Italy,IT-NO,138.12,180.27,72.6,56.53,entsoe.eu,false,
2024-05-08 23:00:00,Italy,North Italy,IT-NO,124.61,165.49,75.34,57.6,entsoe.eu,false,
2024-05-09 00:00:00,Italy,North Italy,IT-NO,118.6,160.49,76.09,56.63,entsoe.eu,false,
2024-05-09 01:00:00,Italy,North Italy,IT-NO,117.78,159.97,76.17,56.91,entsoe.eu,false,
2024-05-09 02:00:00,Italy,North Italy,IT-NO,122.16,165.23,75.26,57.32,entsoe.eu,false,
2024-05-09 03:00:00,Italy,North Italy,IT-NO,121.99,162.05,75.98,58.94,entsoe.eu,false,
2024-05-09 04:00:00,Italy,North Italy,IT-NO,133.39,169.02,75.17,59.67,entsoe.eu,false,
2024-05-09 05:00:00,Italy,North Italy,IT-NO,137.41,168.44,75.93,62.06,entsoe.eu,false,
2024-05-09 06:00:00,Italy,North Italy,IT-NO,144.44,172.37,76.02,63.4,entsoe.eu,false,
2024-05-09 07:00:00,Italy,North Italy,IT-NO,124.47,154.41,78.76,66.47,entsoe.eu,false,
2024-05-09 08:00:00,Italy,North Italy,IT-NO,103.56,137.45,81.46,70.48,entsoe.eu,false,
2024-05-09 09:00:00,Italy,North Italy,IT-NO,94.64,136.01,81.01,71.26,entsoe.eu,false,
2024-05-09 10:00:00,Italy,North Italy,IT-NO,80.06,121.64,83.6,74.53,entsoe.eu,false,
2024-05-09 11:00:00,Italy,North Italy,IT-NO,73.51,113.87,84.88,75.17,entsoe.eu,false,
2024-05-09 12:00:00,Italy,North Italy,IT-NO,80.4,122.1,83.61,73.92,entsoe.eu,false,
2024-05-09 13:00:00,Italy,North Italy,IT-NO,87.65,130.49,82.11,71.26,entsoe.eu,false,
2024-05-09 14:00:00,Italy,North Italy,IT-NO,100.83,145.21,78.84,67.03,entsoe.eu,false,
2024-05-09 15:00:00,Italy,North Italy,IT-NO,124.19,166.79,75.25,64.29,entsoe.eu,false,
2024-05-09 16:00:00,Italy,North Italy,IT-NO,142.11,184.45,72.06,60.46,entsoe.eu,false,
2024-05-09 17:00:00,Italy,North Italy,IT-NO,158.79,198.27,69.99,58.68,entsoe.eu,false,
2024-05-09 18:00:00,Italy,North Italy,IT-NO,163.79,197.95,70.79,58.98,entsoe.eu,false,
2024-05-09 19:00:00,Italy,North Italy,IT-NO,160.31,198.04,70.16,58.05,entsoe.eu,false,
2024-05-09 20:00:00,Italy,North Italy,IT-NO,158.16,201.09,69.1,55.97,entsoe.eu,false,
2024-05-09 21:00:00,Italy,North Italy,IT-NO,137.61,176.97,73.81,57.83,entsoe.eu,false,
2024-05-09 22:00:00,Italy,North Italy,IT-NO,126.54,165.0,76.04,58.73,entsoe.eu,false,
2024-05-09 23:00:00,Italy,North Italy,IT-NO,123.12,164.82,75.86,58.24,entsoe.eu,false,
2024-05-10 00:00:00,Italy,North Italy,IT-NO,113.12,157.3,76.72,57.73,entsoe.eu,false,
2024-05-10 01:00:00,Italy,North Italy,IT-NO,119.68,160.82,76.7,58.41,entsoe.eu,false,
2024-05-10 02:00:00,Italy,North Italy,IT-NO,122.62,163.42,76.33,57.96,entsoe.eu,false,
2024-05-10 03:00:00,Italy,North Italy,IT-NO,126.65,166.02,75.85,58.99,entsoe.eu,false,
2024-05-10 04:00:00,Italy,North Italy,IT-NO,132.74,166.09,76.46,62.07,entsoe.eu,false,
2024-05-10 05:00:00,Italy,North Italy,IT-NO,134.68,163.09,77.52,65.54,entsoe.eu,false,
2024-05-10 06:00:00,Italy,North Italy,IT-NO,126.7,152.13,79.76,68.31,entsoe.eu,false,
2024-05-10 07:00:00,Italy,North Italy,IT-NO,105.72,138.65,81.3,70.23,entsoe.eu,false,
2024-05-10 08:00:00,Italy,North Italy,IT-NO,92.02,133.27,81.7,71.32,entsoe.eu,false,
2024-05-10 09:00:00,Italy,North Italy,IT-NO,84.75,126.92,83.06,75.92,entsoe.eu,false,
2024-05-10 10:00:00,Italy,North Italy,IT-NO,77.64,119.52,84.42,79.03,entsoe.eu,false,
2024-05-10 11:00:00,Italy,North Italy,IT-NO,78.04,120.03,84.17,77.31,entsoe.eu,false,
2024-05-10 12:00:00,Italy,North Italy,IT-NO,86.13,129.14,82.32,74.48,entsoe.eu,false,
2024-05-10 13:00:00,Italy,North Italy,IT-NO,82.76,124.26,83.12,73.02,entsoe.eu,false,
2024-05-10 14:00:00,Italy,North Italy,IT-NO,84.76,125.72,82.76,71.49,entsoe.eu,false,
2024-05-10 15:00:00,Italy,North Italy,IT-NO,102.15,146.3,78.56,66.28,entsoe.eu,false,
2024-05-10 16:00:00,Italy,North Italy,IT-NO,129.45,167.94,75.46,63.82,entsoe.eu,false,
2024-05-10 17:00:00,Italy,North Italy,IT-NO,154.83,191.12,71.64,60.68,entsoe.eu,false,
2024-05-10 18:00:00,Italy,North Italy,IT-NO,159.49,193.93,71.34,60.05,entsoe.eu,false,
2024-05-10 19:00:00,Italy,North Italy,IT-NO,153.92,191.22,71.27,58.69,entsoe.eu,false,
2024-05-10 20:00:00,Italy,North Italy,IT-NO,135.43,172.24,74.55,59.7,entsoe.eu,false,
2024-05-10 21:00:00,Italy,North Italy,IT-NO,123.75,157.18,77.63,61.27,entsoe.eu,false,
2024-05-10 22:00:00,Italy,North Italy,IT-NO,115.55,146.41,79.71,64.38,entsoe.eu,false,
2024-05-10 23:00:00,Italy,North Italy,IT-NO,117.34,147.79,79.83,65.3,entsoe.eu,false,
2024-05-11 00:00:00,Italy,North Italy,IT-NO,115.55,146.09,80.17,65.75,entsoe.eu,false,
2024-05-11 01:00:00,Italy,North Italy,IT-NO,118.86,152.3,78.84,63.74,entsoe.eu,false,
2024-05-11 02:00:00,Italy,North Italy,IT-NO,113.68,146.85,79.72,64.13,entsoe.eu,false,
2024-05-11 03:00:00,Italy,North Italy,IT-NO,111.52,141.81,80.84,65.43,entsoe.eu,false,
2024-05-11 04:00:00,Italy,North Italy,IT-NO,112.37,141.58,81.06,65.87,entsoe.eu,false,
2024-05-11 05:00:00,Italy,North Italy,IT-NO,107.88,133.87,82.75,70.53,entsoe.eu,false,
2024-05-11 06:00:00,Italy,North Italy,IT-NO,105.15,133.2,82.95,74.29,entsoe.eu,false,
2024-05-11 07:00:00,Italy,North Italy,IT-NO,85.1,123.15,83.84,78.03,entsoe.eu,false,
2024-05-11 08:00:00,Italy,North Italy,IT-NO,73.84,114.5,85.28,82.92,entsoe.eu,false,
2024-05-11 09:00:00,Italy,North Italy,IT-NO,69.55,110.43,85.92,85.66,entsoe.eu,false,
2024-05-11 10:00:00,Italy,North Italy,IT-NO,64.3,104.78,86.86,86.52,entsoe.eu,false,
2024-05-11 11:00:00,Italy,North Italy,IT-NO,64.34,104.79,86.86,86.63,entsoe.eu,false,
2024-05-11 12:00:00,Italy,North Italy,IT-NO,68.18,109.44,86.04,85.82,entsoe.eu,false,
2024-05-11 13:00:00,Italy,North Italy,IT-NO,73.23,115.35,85.08,85.07,entsoe.eu,false,
2024-05-11 14:00:00,Italy,North Italy,IT-NO,85.13,128.66,82.21,81.03,entsoe.eu,false,
2024-05-11 15:00:00,Italy,North Italy,IT-NO,102.99,144.22,79.58,75.6,entsoe.eu,false,
2024-05-11 16:00:00,Italy,North Italy,IT-NO,120.16,155.14,78.31,70.93,entsoe.eu,false,
2024-05-11 17:00:00,Italy,North Italy,IT-NO,140.79,169.93,76.26,66.38,entsoe.eu,false,
2024-05-11 18:00:00,Italy,North Italy,IT-NO,134.33,161.8,77.6,65.65,entsoe.eu,false,
2024-05-11 19:00:00,Italy,North Italy,IT-NO,140.01,170.65,75.84,63.32,entsoe.eu,false,
2024-05-11 20:00:00,Italy,North Italy,IT-NO,123.47,155.31,78.24,62.79,entsoe.eu,false,
2024-05-11 21:00:00,Italy,North Italy,IT-NO,107.34,136.64,81.56,63.27,entsoe.eu,false,
2024-05-11 22:00:00,Italy,North Italy,IT-NO,95.3,121.99,84.25,65.53,entsoe.eu,false,
2024-05-11 23:00:00,Italy,North Italy,IT-NO,98.99,122.44,84.8,66.2,entsoe.eu,false,
2024-05-12 00:00:00,Italy,North Italy,IT-NO,82.97,116.01,84.22,63.57,entsoe.eu,false,
2024-05-12 01:00:00,Italy,North Italy,IT-NO,90.98,125.88,82.57,62.7,entsoe.eu,false,
2024-05-12 02:00:00,Italy,North Italy,IT-NO,100.81,130.23,82.85,64.14,entsoe.eu,false,
2024-05-12 03:00:00,Italy,North Italy,IT-NO,101.78,128.56,83.52,64.91,entsoe.eu,false,
2024-05-12 04:00:00,Italy,North Italy,IT-NO,106.68,134.87,82.22,66.47,entsoe.eu,false,
2024-05-12 05:00:00,Italy,North Italy,IT-NO,109.74,138.43,81.41,70.86,entsoe.eu,false,
2024-05-12 06:00:00,Italy,North Italy,IT-NO,109.34,133.25,83.31,78.34,entsoe.eu,false,
2024-05-12 07:00:00,Italy,North Italy,IT-NO,105.67,126.89,84.94,81.87,entsoe.eu,false,
2024-05-12 08:00:00,Italy,North Italy,IT-NO,78.72,110.44,86.65,84.37,entsoe.eu,false,
2024-05-12 09:00:00,Italy,North Italy,IT-NO,63.63,103.31,86.63,84.14,entsoe.eu,false,
2024-05-12 10:00:00,Italy,North Italy,IT-NO,71.14,113.63,84.94,82.41,entsoe.eu,false,
2024-05-12 11:00:00,Italy,North Italy,IT-NO,66.15,107.87,86.07,83.41,entsoe.eu,false,
2024-05-12 12:00:00,Italy,North Italy,IT-NO,67.42,109.1,85.85,83.24,entsoe.eu,false,
2024-05-12 13:00:00,Italy,North Italy,IT-NO,69.6,110.41,85.42,83.15,entsoe.eu,false,
2024-05-12 14:00:00,Italy,North Italy,IT-NO,80.73,123.15,82.81,81.41,entsoe.eu,false,
2024-05-12 15:00:00,Italy,North Italy,IT-NO,86.8,127.63,82.08,77.51,entsoe.eu,false,
2024-05-12 16:00:00,Italy,North Italy,IT-NO,100.08,131.96,82.07,71.25,entsoe.eu,false,
2024-05-12 17:00:00,Italy,North Italy,IT-NO,118.64,138.35,82.52,70.2,entsoe.eu,false,
2024-05-12 18:00:00,Italy,North Italy,IT-NO,118.21,141.01,81.54,67.54,entsoe.eu,false,
2024-05-12 19:00:00,Italy,North Italy,IT-NO,103.48,129.55,82.89,65.68,entsoe.eu,false,
2024-05-12 20:00:00,Italy,North Italy,IT-NO,101.44,130.34,82.57,63.59,entsoe.eu,false,
2024-05-12 21:00:00,Italy,North Italy,IT-NO,95.77,124.9,83.35,63.8,entsoe.eu,false,
2024-05-12 22:00:00,Italy,North Italy,IT-NO,96.7,129.39,81.96,62.67,entsoe.eu,false,
2024-05-12 23:00:00,Italy,North Italy,IT-NO,96.61,132.16,81.13,61.16,entsoe.eu,false,
2024-05-13 00:00:00,Italy,North Italy,IT-NO,80.6,117.74,83.28,60.69,entsoe.eu,false,
2024-05-13 01:00:00,Italy,North Italy,IT-NO,81.13,118.75,82.92,59.03,entsoe.eu,false,
2024-05-13 02:00:00,Italy,North Italy,IT-NO,97.11,130.55,81.66,59.42,entsoe.eu,false,
2024-05-13 03:00:00,Italy,North Italy,IT-NO,113.56,148.25,78.53,58.43,entsoe.eu,false,
2024-05-13 04:00:00,Italy,North Italy,IT-NO,123.58,158.3,76.61,61.02,entsoe.eu,false,
2024-05-13 05:00:00,Italy,North Italy,IT-NO,140.53,164.78,77.41,64.0,entsoe.eu,false,
2024-05-13 06:00:00,Italy,North Italy,IT-NO,130.25,153.16,79.43,65.63,entsoe.eu,false,
2024-05-13 07:00:00,Italy,North Italy,IT-NO,122.9,149.66,79.66,66.75,entsoe.eu,false,
2024-05-13 08:00:00,Italy,North Italy,IT-NO,103.63,136.96,81.21,68.84,entsoe.eu,false,
2024-05-13 09:00:00,Italy,North Italy,IT-NO,100.68,137.93,80.7,68.43,entsoe.eu,false,
2024-05-13 10:00:00,Italy,North Italy,IT-NO,87.08,125.73,83.01,72.83,entsoe.eu,false,
2024-05-13 11:00:00,Italy,North Italy,IT-NO,78.23,118.57,84.06,74.49,entsoe.eu,false,
2024-05-13 12:00:00,Italy,North Italy,IT-NO,84.09,125.44,82.74,72.68,entsoe.eu,false,
2024-05-13 13:00:00,Italy,North Italy,IT-NO,93.15,132.92,81.43,70.84,entsoe.eu,false,
2024-05-13 14:00:00,Italy,North Italy,IT-NO,107.42,142.11,80.24,68.92,entsoe.eu,false,
2024-05-13 15:00:00,Italy,North Italy,IT-NO,126.74,168.05,74.96,63.88,entsoe.eu,false,
2024-05-13 16:00:00,Italy,North Italy,IT-NO,140.49,183.05,71.96,59.65,entsoe.eu,false,
2024-05-13 17:00:00,Italy,North Italy,IT-NO,165.85,204.89,68.57,57.5,entsoe.eu,false,
2024-05-13 18:00:00,Italy,North Italy,IT-NO,172.8,208.64,68.45,56.35,entsoe.eu,false,
2024-05-13 19:00:00,Italy,North Italy,IT-NO,164.55,205.02,68.35,54.8,entsoe.eu,false,
2024-05-13 20:00:00,Italy,North Italy,IT-NO,149.04,186.62,71.82,55.67,entsoe.eu,false,
2024-05-13 21:00:00,Italy,North Italy,IT-NO,144.26,179.6,73.47,57.31,entsoe.eu,false,
2024-05-13 22:00:00,Italy,North Italy,IT-NO,145.71,184.08,72.22,58.08,entsoe.eu,false,
2024-05-13 23:00:00,Italy,North Italy,IT-NO,141.13,181.59,72.62,56.7,entsoe.eu,false,
2024-05-14 00:00:00,Italy,North Italy,IT-NO,134.78,174.57,73.76,56.47,entsoe.eu,false,
2024-05-14 01:00:00,Italy,North Italy,IT-NO,133.25,174.01,73.71,55.43,entsoe.eu,false,
2024-05-14 02:00:00,Italy,North Italy,IT-NO,137.23,178.89,72.84,55.44,entsoe.eu,false,
2024-05-14 03:00:00,Italy,North Italy,IT-NO,136.43,175.35,73.77,57.62,entsoe.eu,false,
2024-05-14 04:00:00,Italy,North Italy,IT-NO,150.71,193.4,70.11,56.2,entsoe.eu,false,
2024-05-14 05:00:00,Italy,North Italy,IT-NO,163.47,199.64,70.15,57.71,entsoe.eu,false,
2024-05-14 06:00:00,Italy,North Italy,IT-NO,152.11,191.94,70.93,59.34,entsoe.eu,false,
2024-05-14 07:00:00,Italy,North Italy,IT-NO,131.11,173.73,73.73,62.45,entsoe.eu,false,
2024-05-14 08:00:00,Italy,North Italy,IT-NO,115.76,156.16,77.69,67.57,entsoe.eu,false,
2024-05-14 09:00:00,Italy,North Italy,IT-NO,118.73,161.37,76.72,67.32,entsoe.eu,false,
2024-05-14 10:00:00,Italy,North Italy,IT-NO,102.89,149.3,78.3,69.95,entsoe.eu,false,
2024-05-14 11:00:00,Italy,North Italy,IT-NO,100.49,146.49,78.75,70.23,entsoe.eu,false,
2024-05-14 12:00:00,Italy,North Italy,IT-NO,111.37,159.49,76.2,67.85,entsoe.eu,false,
2024-05-14 13:00:00,Italy,North Italy,IT-NO,119.85,163.21,76.11,67.03,entsoe.eu,false,
2024-05-14 14:00:00,Italy,North Italy,IT-NO,117.14,157.8,77.12,65.13,entsoe.eu,false,
2024-05-14 15:00:00,Italy,North Italy,IT-NO,130.95,172.29,74.22,60.74,entsoe.eu,false,
2024-05-14 16:00:00,Italy,North Italy,IT-NO,165.75,212.58,66.63,55.47,entsoe.eu,false,
2024-05-14 17:00:00,Italy,North Italy,IT-NO,178.13,223.59,64.89,54.37,entsoe.eu,false,
2024-05-14 18:00:00,Italy,North Italy,IT-NO,179.18,219.12,66.31,54.75,entsoe.eu,false,
2024-05-14 19:00:00,Italy,North Italy,IT-NO,181.64,224.88,65.06,53.68,entsoe.eu,false,
2024-05-14 20:00:00,Italy,North Italy,IT-NO,166.9,212.88,66.82,53.33,entsoe.eu,false,
2024-05-14 21:00:00,Italy,North Italy,IT-NO,153.78,195.44,70.51,55.94,entsoe.eu,false,
2024-05-14 22:00:00,Italy,North Italy,IT-NO,141.64,181.41,72.74,57.43,entsoe.eu,false,
2024-05-14 23:00:00,Italy,North Italy,IT-NO,143.33,184.45,72.23,56.45,entsoe.eu,false,
2024-05-15 00:00:00,Italy,North Italy,IT-NO,130.45,175.2,73.1,56.69,entsoe.eu,false,
2024-05-15 01:00:00,Italy,North Italy,IT-NO,125.37,169.0,74.32,57.55,entsoe.eu,false,
2024-05-15 02:00:00,Italy,North Italy,IT-NO,132.59,173.02,74.19,58.11,entsoe.eu,false,
2024-05-15 03:00:00,Italy,North Italy,IT-NO,142.78,183.81,72.2,58.7,entsoe.eu,false,
2024-05-15 04:00:00,Italy,North Italy,IT-NO,162.52,207.28,67.58,55.54,entsoe.eu,false,
2024-05-15 05:00:00,Italy,North Italy,IT-NO,172.25,209.77,68.24,57.16,entsoe.eu,false,
2024-05-15 06:00:00,Italy,North Italy,IT-NO,168.29,204.13,69.28,57.89,entsoe.eu,false,
2024-05-15 07:00:00,Italy,North Italy,IT-NO,164.01,200.09,70.12,59.35,entsoe.eu,false,
2024-05-15 08:00:00,Italy,North Italy,IT-NO,152.76,199.41,68.75,58.02,entsoe.eu,false,
2024-05-15 09:00:00,Italy,North Italy,IT-NO,144.38,189.16,70.78,61.02,entsoe.eu,false,
2024-05-15 10:00:00,Italy,North Italy,IT-NO,145.87,192.42,69.95,61.38,entsoe.eu,false,
2024-05-15 11:00:00,Italy,North Italy,IT-NO,148.36,195.27,69.52,60.91,entsoe.eu,false,
2024-05-15 12:00:00,Italy,North Italy,IT-NO,153.79,201.78,68.35,60.35,entsoe.eu,false,
2024-05-15 13:00:00,Italy,North Italy,IT-NO,152.64,202.1,68.12,58.24,entsoe.eu,false,
2024-05-15 14:00:00,Italy,North Italy,IT-NO,159.37,208.11,67.23,56.24,entsoe.eu,false,
2024-05-15 15:00:00,Italy,North Italy,IT-NO,158.15,205.78,67.78,55.27,entsoe.eu,false,
2024-05-15 16:00:00,Italy,North Italy,IT-NO,166.87,212.97,66.52,55.79,entsoe.eu,false,
2024-05-15 17:00:00,Italy,North Italy,IT-NO,175.12,219.95,65.52,55.23,entsoe.eu,false,
2024-05-15 18:00:00,Italy,North Italy,IT-NO,175.94,221.99,65.0,54.13,entsoe.eu,false,
2024-05-15 19:00:00,Italy,North Italy,IT-NO,176.13,221.61,65.12,53.63,entsoe.eu,false,
2024-05-15 20:00:00,Italy,North Italy,IT-NO,157.3,200.84,68.9,56.04,entsoe.eu,false,
2024-05-15 21:00:00,Italy,North Italy,IT-NO,143.54,183.33,72.59,58.34,entsoe.eu,false,
2024-05-15 22:00:00,Italy,North Italy,IT-NO,126.73,163.3,75.78,60.58,entsoe.eu,false,
2024-05-15 23:00:00,Italy,North Italy,IT-NO,119.15,153.1,77.72,61.11,entsoe.eu,false,
2024-05-16 00:00:00,Italy,North Italy,IT-NO,116.36,151.16,78.05,60.6,entsoe.eu,false,
2024-05-16 01:00:00,Italy,North Italy,IT-NO,107.2,140.55,79.86,60.22,entsoe.eu,false,
2024-05-16 02:00:00,Italy,North Italy,IT-NO,104.79,141.03,79.37,58.9,entsoe.eu,false,
2024-05-16 03:00:00,Italy,North Italy,IT-NO,118.94,154.66,77.25,58.79,entsoe.eu,false,
2024-05-16 04:00:00,Italy,North Italy,IT-NO,141.08,180.59,72.23,57.24,entsoe.eu,false,
2024-05-16 05:00:00,Italy,North Italy,IT-NO,153.53,192.71,70.34,58.08,entsoe.eu,false,
2024-05-16 06:00:00,Italy,North Italy,IT-NO,156.85,189.33,72.01,61.29,entsoe.eu,false,
2024-05-16 07:00:00,Italy,North Italy,IT-NO,141.55,177.41,73.44,62.19,entsoe.eu,false,
2024-05-16 08:00:00,Italy,North Italy,IT-NO,136.11,179.76,72.12,60.58,entsoe.eu,false,
2024-05-16 09:00:00,Italy,North Italy,IT-NO,128.72,172.08,73.79,62.92,entsoe.eu,false,
2024-05-16 10:00:00,Italy,North Italy,IT-NO,108.44,149.5,78.01,68.41,entsoe.eu,false,
2024-05-16 11:00:00,Italy,North Italy,IT-NO,106.32,149.33,77.88,68.05,entsoe.eu,false,
2024-05-16 12:00:00,Italy,North Italy,IT-NO,115.99,161.37,75.43,65.53,entsoe.eu,false,
2024-05-16 13:00:00,Italy,North Italy,IT-NO,120.99,164.58,75.02,64.7,entsoe.eu,false,
2024-05-16 14:00:00,Italy,North Italy,IT-NO,126.57,168.73,74.34,62.18,entsoe.eu,false,
2024-05-16 15:00:00,Italy,North Italy,IT-NO,135.27,177.83,72.94,59.63,entsoe.eu,false,
2024-05-16 16:00:00,Italy,North Italy,IT-NO,157.34,200.14,69.11,57.25,entsoe.eu,false,
2024-05-16 17:00:00,Italy,North Italy,IT-NO,160.42,196.41,70.62,59.88,entsoe.eu,false,
2024-05-16 18:00:00,Italy,North Italy,IT-NO,172.57,200.97,71.16,60.89,entsoe.eu,false,
2024-05-16 19:00:00,Italy,North Italy,IT-NO,153.96,195.63,69.96,58.15,entsoe.eu,false,
2024-05-16 20:00:00,Italy,North Italy,IT-NO,139.66,179.27,73.15,60.51,entsoe.eu,false,
2024-05-16 21:00:00,Italy,North Italy,IT-NO,129.6,165.92,75.91,62.24,entsoe.eu,false,
2024-05-16 22:00:00,Italy,North Italy,IT-NO,125.39,161.35,76.43,61.08,entsoe.eu,false,
2024-05-16 23:00:00,Italy,North Italy,IT-NO,125.07,161.6,76.27,59.78,entsoe.eu,false,
2024-05-17 00:00:00,Italy,North Italy,IT-NO,123.49,159.78,76.74,60.15,entsoe.eu,false,
2024-05-17 01:00:00,Italy,North Italy,IT-NO,120.04,162.99,75.04,58.39,entsoe.eu,false,
2024-05-17 02:00:00,Italy,North Italy,IT-NO,126.88,164.71,75.55,59.64,entsoe.eu,false,
2024-05-17 03:00:00,Italy,North Italy,IT-NO,129.34,166.08,75.41,59.63,entsoe.eu,false,
2024-05-17 04:00:00,Italy,North Italy,IT-NO,138.84,175.26,73.81,59.68,entsoe.eu,false,
2024-05-17 05:00:00,Italy,North Italy,IT-NO,147.74,174.08,75.58,64.41,entsoe.eu,false,
2024-05-17 06:00:00,Italy,North Italy,IT-NO,136.78,161.48,77.93,67.68,entsoe.eu,false,
2024-05-17 07:00:00,Italy,North Italy,IT-NO,111.68,145.36,79.32,68.96,entsoe.eu,false,
2024-05-17 08:00:00,Italy,North Italy,IT-NO,102.92,140.01,79.88,69.0,entsoe.eu,false,
2024-05-17 09:00:00,Italy,North Italy,IT-NO,91.86,128.5,82.21,71.69,entsoe.eu,false,
2024-05-17 10:00:00,Italy,North Italy,IT-NO,76.58,116.71,83.71,73.88,entsoe.eu,false,
2024-05-17 11:00:00,Italy,North Italy,IT-NO,73.94,113.79,84.18,73.83,entsoe.eu,false,
2024-05-17 12:00:00,Italy,North Italy,IT-NO,76.12,115.79,83.95,72.91,entsoe.eu,false,
2024-05-17 13:00:00,Italy,North Italy,IT-NO,78.74,116.82,83.96,72.12,entsoe.eu,false,
2024-05-17 14:00:00,Italy,North Italy,IT-NO,89.28,125.0,82.86,71.54,entsoe.eu,false,
2024-05-17 15:00:00,Italy,North Italy,IT-NO,111.68,150.38,78.05,66.92,entsoe.eu,false,
2024-05-17 16:00:00,Italy,North Italy,IT-NO,138.5,179.11,72.65,61.85,entsoe.eu,false,
2024-05-17 17:00:00,Italy,North Italy,IT-NO,162.86,199.3,69.86,59.18,entsoe.eu,false,
2024-05-17 18:00:00,Italy,North Italy,IT-NO,171.96,207.7,68.54,58.12,entsoe.eu,false,
2024-05-17 19:00:00,Italy,North Italy,IT-NO,156.93,199.45,68.94,57.5,entsoe.eu,false,
2024-05-17 20:00:00,Italy,North Italy,IT-NO,150.9,194.23,69.67,56.82,entsoe.eu,false,
2024-05-17 21:00:00,Italy,North Italy,IT-NO,140.97,181.2,72.25,57.87,entsoe.eu,false,
2024-05-17 22:00:00,Italy,North Italy,IT-NO,132.01,166.96,75.79,61.11,entsoe.eu,false,
2024-05-17 23:00:00,Italy,North Italy,IT-NO,118.31,152.59,78.09,61.3,entsoe.eu,false,
2024-05-18 00:00:00,Italy,North Italy,IT-NO,115.98,150.53,78.49,61.02,entsoe.eu,false,
2024-05-18 01:00:00,Italy,North Italy,IT-NO,118.25,153.43,77.98,60.28,entsoe.eu,false,
2024-05-18 02:00:00,Italy,North Italy,IT-NO,116.41,151.32,78.49,60.56,entsoe.eu,false,
2024-05-18 03:00:00,Italy,North Italy,IT-NO,115.54,149.95,78.75,60.49,entsoe.eu,false,
2024-05-18 04:00:00,Italy,North Italy,IT-NO,116.17,150.39,78.71,61.79,entsoe.eu,false,
2024-05-18 05:00:00,Italy,North Italy,IT-NO,103.92,137.58,80.85,64.95,entsoe.eu,false,
2024-05-18 06:00:00,Italy,North Italy,IT-NO,89.85,122.33,83.72,69.57,entsoe.eu,false,
2024-05-18 07:00:00,Italy,North Italy,IT-NO,78.09,116.01,84.36,73.0,entsoe.eu,false,
2024-05-18 08:00:00,Italy,North Italy,IT-NO,70.16,109.82,85.31,77.81,entsoe.eu,false,
2024-05-18 09:00:00,Italy,North Italy,IT-NO,75.12,112.56,85.17,82.13,entsoe.eu,false,
2024-05-18 10:00:00,Italy,North Italy,IT-NO,87.37,123.94,83.56,83.08,entsoe.eu,false,
2024-05-18 11:00:00,Italy,North Italy,IT-NO,89.2,121.49,84.42,84.21,entsoe.eu,false,
2024-05-18 12:00:00,Italy,North Italy,IT-NO,89.78,124.68,83.72,83.72,entsoe.eu,false,
2024-05-18 13:00:00,Italy,North Italy,IT-NO,90.44,129.0,82.52,81.21,entsoe.eu,false,
2024-05-18 14:00:00,Italy,North Italy,IT-NO,95.45,128.2,83.13,80.33,entsoe.eu,false,
2024-05-18 15:00:00,Italy,North Italy,IT-NO,110.47,146.55,79.62,74.59,entsoe.eu,false,
2024-05-18 16:00:00,Italy,North Italy,IT-NO,120.29,154.22,78.42,69.74,entsoe.eu,false,
2024-05-18 17:00:00,Italy,North Italy,IT-NO,125.19,155.21,78.48,66.89,entsoe.eu,false,
2024-05-18 18:00:00,Italy,North Italy,IT-NO,126.61,158.71,77.52,65.85,entsoe.eu,false,
2024-05-18 19:00:00,Italy,North Italy,IT-NO,127.81,159.5,77.4,64.01,entsoe.eu,false,
2024-05-18 20:00:00,Italy,North Italy,IT-NO,115.39,145.24,79.94,64.51,entsoe.eu,false,
2024-05-18 21:00:00,Italy,North Italy,IT-NO,111.55,146.26,79.12,63.11,entsoe.eu,false,
2024-05-18 22:00:00,Italy,North Italy,IT-NO,122.31,147.73,80.22,63.97,entsoe.eu,false,
2024-05-18 23:00:00,Italy,North Italy,IT-NO,109.27,135.91,81.9,64.52,entsoe.eu,false,
2024-05-19 00:00:00,Italy,North Italy,IT-NO,96.38,123.66,83.87,65.75,entsoe.eu,false,
2024-05-19 01:00:00,Italy,North Italy,IT-NO,93.13,120.35,84.26,65.6,entsoe.eu,false,
2024-05-19 02:00:00,Italy,North Italy,IT-NO,92.75,120.12,84.24,65.94,entsoe.eu,false,
2024-05-19 03:00:00,Italy,North Italy,IT-NO,84.31,117.38,83.77,64.93,entsoe.eu,false,
2024-05-19 04:00:00,Italy,North Italy,IT-NO,91.97,122.42,83.43,65.45,entsoe.eu,false,
2024-05-19 05:00:00,Italy,North Italy,IT-NO,91.5,119.04,84.54,67.93,entsoe.eu,false,
2024-05-19 06:00:00,Italy,North Italy,IT-NO,75.95,108.44,85.59,71.27,entsoe.eu,false,
2024-05-19 07:00:00,Italy,North Italy,IT-NO,67.99,106.05,85.5,77.11,entsoe.eu,false,
2024-05-19 08:00:00,Italy,North Italy,IT-NO,70.48,110.26,84.93,79.75,entsoe.eu,false,
2024-05-19 09:00:00,Italy,North Italy,IT-NO,75.08,111.38,85.33,84.49,entsoe.eu,false,
2024-05-19 10:00:00,Italy,North Italy,IT-NO,76.51,115.25,84.8,84.63,entsoe.eu,false,
2024-05-19 11:00:00,Italy,North Italy,IT-NO,71.29,113.6,84.62,84.3,entsoe.eu,false,
2024-05-19 12:00:00,Italy,North Italy,IT-NO,75.6,118.8,83.68,83.29,entsoe.eu,false,
2024-05-19 13:00:00,Italy,North Italy,IT-NO,84.57,120.29,84.27,83.99,entsoe.eu,false,
2024-05-19 14:00:00,Italy,North Italy,IT-NO,88.04,121.94,83.85,81.19,entsoe.eu,false,
2024-05-19 15:00:00,Italy,North Italy,IT-NO,85.13,119.13,84.09,76.64,entsoe.eu,false,
2024-05-19 16:00:00,Italy,North Italy,IT-NO,98.76,129.43,82.6,71.73,entsoe.eu,false,
2024-05-19 17:00:00,Italy,North Italy,IT-NO,119.03,143.94,80.86,67.8,entsoe.eu,false,
2024-05-19 18:00:00,Italy,North Italy,IT-NO,118.78,147.15,79.52,65.2,entsoe.eu,false,
2024-05-19 19:00:00,Italy,North Italy,IT-NO,115.5,146.27,79.19,64.33,entsoe.eu,false,
2024-05-19 20:00:00,Italy,North Italy,IT-NO,116.82,148.71,78.87,63.39,entsoe.eu,false,
2024-05-19 21:00:00,Italy,North Italy,IT-NO,117.35,148.72,78.91,61.8,entsoe.eu,false,
2024-05-19 22:00:00,Italy,North Italy,IT-NO,97.63,128.02,82.44,64.13,entsoe.eu,false,
2024-05-19 23:00:00,Italy,North Italy,IT-NO,89.75,122.52,83.18,63.9,entsoe.eu,false,
2024-05-20 00:00:00,Italy,North Italy,IT-NO,85.93,124.92,82.0,61.61,entsoe.eu,false,
2024-05-20 01:00:00,Italy,North Italy,IT-NO,85.31,124.45,81.92,61.63,entsoe.eu,false,
2024-05-20 02:00:00,Italy,North Italy,IT-NO,94.57,134.39,80.31,62.29,entsoe.eu,false,
2024-05-20 03:00:00,Italy,North Italy,IT-NO,118.29,153.42,78.19,62.24,entsoe.eu,false,
2024-05-20 04:00:00,Italy,North Italy,IT-NO,133.67,171.28,74.67,60.87,entsoe.eu,false,
2024-05-20 05:00:00,Italy,North Italy,IT-NO,140.53,179.85,73.17,60.32,entsoe.eu,false,
2024-05-20 06:00:00,Italy,North Italy,IT-NO,138.85,173.61,74.98,61.78,entsoe.eu,false,
2024-05-20 07:00:00,Italy,North Italy,IT-NO,136.89,172.65,75.19,62.09,entsoe.eu,false,
2024-05-20 08:00:00,Italy,North Italy,IT-NO,124.68,163.02,76.85,65.96,entsoe.eu,false,
2024-05-20 09:00:00,Italy,North Italy,IT-NO,118.62,159.33,77.62,68.23,entsoe.eu,false,
2024-05-20 10:00:00,Italy,North Italy,IT-NO,108.99,156.12,77.5,68.85,entsoe.eu,false,
2024-05-20 11:00:00,Italy,North Italy,IT-NO,109.97,157.37,77.36,69.04,entsoe.eu,false,
2024-05-20 12:00:00,Italy,North Italy,IT-NO,112.32,159.42,76.87,67.73,entsoe.eu,false,
2024-05-20 13:00:00,Italy,North Italy,IT-NO,118.1,159.44,77.48,67.37,entsoe.eu,false,
2024-05-20 14:00:00,Italy,North Italy,IT-NO,130.72,172.08,74.98,63.74,entsoe.eu,false,
2024-05-20 15:00:00,Italy,North Italy,IT-NO,159.89,206.9,68.48,56.47,entsoe.eu,false,
2024-05-20 16:00:00,Italy,North Italy,IT-NO,177.48,227.02,64.74,53.4,entsoe.eu,false,
2024-05-20 17:00:00,Italy,North Italy,IT-NO,185.53,229.29,64.97,54.49,entsoe.eu,false,
2024-05-20 18:00:00,Italy,North Italy,IT-NO,187.73,230.01,64.97,53.84,entsoe.eu,false,
2024-05-20 19:00:00,Italy,North Italy,IT-NO,181.97,227.67,64.83,52.61,entsoe.eu,false,
2024-05-20 20:00:00,Italy,North Italy,IT-NO,158.64,203.44,68.65,54.93,entsoe.eu,false,
2024-05-20 21:00:00,Italy,North Italy,IT-NO,150.49,192.51,71.01,55.27,entsoe.eu,false,
2024-05-20 22:00:00,Italy,North Italy,IT-NO,133.46,171.0,74.91,57.52,entsoe.eu,false,
2024-05-20 23:00:00,Italy,North Italy,IT-NO,125.46,165.47,75.55,57.17,entsoe.eu,false,
2024-05-21 00:00:00,Italy,North Italy,IT-NO,112.88,152.87,77.7,58.05,entsoe.eu,false,
2024-05-21 01:00:00,Italy,North Italy,IT-NO,113.73,157.72,76.43,55.87,entsoe.eu,false,
2024-05-21 02:00:00,Italy,North Italy,IT-NO,111.84,148.5,78.9,58.77,entsoe.eu,false,
2024-05-21 03:00:00,Italy,North Italy,IT-NO,115.68,150.98,78.76,59.85,entsoe.eu,false,
2024-05-21 04:00:00,Italy,North Italy,IT-NO,133.29,172.14,74.79,59.14,entsoe.eu,false,
2024-05-21 05:00:00,Italy,North Italy,IT-NO,145.39,183.53,72.91,58.69,entsoe.eu,false,
2024-05-21 06:00:00,Italy,North Italy,IT-NO,149.15,185.47,72.83,59.31,entsoe.eu,false,
2024-05-21 07:00:00,Italy,North Italy,IT-NO,141.86,181.02,73.3,60.0,entsoe.eu,false,
2024-05-21 08:00:00,Italy,North Italy,IT-NO,134.87,174.64,74.42,61.55,entsoe.eu,false,
2024-05-21 09:00:00,Italy,North Italy,IT-NO,119.7,160.69,76.49,63.41,entsoe.eu,false,
2024-05-21 10:00:00,Italy,North Italy,IT-NO,98.01,140.2,79.6,67.0,entsoe.eu,false,
2024-05-21 11:00:00,Italy,North Italy,IT-NO,101.0,144.11,78.69,65.53,entsoe.eu,false,
2024-05-21 12:00:00,Italy,North Italy,IT-NO,102.91,146.99,78.34,66.4,entsoe.eu,false,
2024-05-21 13:00:00,Italy,North Italy,IT-NO,99.23,142.55,79.12,66.89,entsoe.eu,false,
2024-05-21 14:00:00,Italy,North Italy,IT-NO,112.73,158.72,76.29,64.22,entsoe.eu,false,
2024-05-21 15:00:00,Italy,North Italy,IT-NO,123.66,171.86,73.92,63.23,entsoe.eu,false,
2024-05-21 16:00:00,Italy,North Italy,IT-NO,142.63,184.49,72.55,60.92,entsoe.eu,false,
2024-05-21 17:00:00,Italy,North Italy,IT-NO,168.14,201.99,70.57,59.71,entsoe.eu,false,
2024-05-21 18:00:00,Italy,North Italy,IT-NO,170.7,202.96,70.5,58.89,entsoe.eu,false,
2024-05-21 19:00:00,Italy,North Italy,IT-NO,160.63,197.07,70.76,57.46,entsoe.eu,false,
2024-05-21 20:00:00,Italy,North Italy,IT-NO,140.69,178.7,73.68,57.67,entsoe.eu,false,
2024-05-21 21:00:00,Italy,North Italy,IT-NO,132.13,167.69,75.9,59.6,entsoe.eu,false,
2024-05-21 22:00:00,Italy,North Italy,IT-NO,111.75,149.14,78.13,59.47,entsoe.eu,false,
2024-05-21 23:00:00,Italy,North Italy,IT-NO,98.42,138.71,79.24,58.85,entsoe.eu,false,
2024-05-22 00:00:00,Italy,North Italy,IT-NO,99.05,139.67,79.21,58.65,entsoe.eu,false,
2024-05-22 01:00:00,Italy,North Italy,IT-NO,103.66,145.39,78.42,58.55,entsoe.eu,false,
2024-05-22 02:00:00,Italy,North Italy,IT-NO,105.8,147.64,78.13,58.76,entsoe.eu,false,
2024-05-22 03:00:00,Italy,North Italy,IT-NO,114.2,148.65,78.87,59.7,entsoe.eu,false,
2024-05-22 04:00:00,Italy,North Italy,IT-NO,127.11,162.57,76.36,59.94,entsoe.eu,false,
2024-05-22 05:00:00,Italy,North Italy,IT-NO,141.27,175.62,74.48,61.33,entsoe.eu,false,
2024-05-22 06:00:00,Italy,North Italy,IT-NO,142.19,179.07,73.84,62.83,entsoe.eu,false,
2024-05-22 07:00:00,Italy,North Italy,IT-NO,130.16,169.78,75.27,65.03,entsoe.eu,false,
2024-05-22 08:00:00,Italy,North Italy,IT-NO,122.53,163.33,76.19,65.94,entsoe.eu,false,
2024-05-22 09:00:00,Italy,North Italy,IT-NO,120.77,160.43,76.67,66.69,entsoe.eu,false,
2024-05-22 10:00:00,Italy,North Italy,IT-NO,100.31,144.02,78.75,68.59,entsoe.eu,false,
2024-05-22 11:00:00,Italy,North Italy,IT-NO,96.0,138.83,79.92,69.96,entsoe.eu,false,
2024-05-22 12:00:00,Italy,North Italy,IT-NO,118.59,156.92,77.67,67.6,entsoe.eu,false,
2024-05-22 13:00:00,Italy,North Italy,IT-NO,125.39,160.59,77.58,67.18,entsoe.eu,false,
2024-05-22 14:00:00,Italy,North Italy,IT-NO,137.16,177.64,73.9,62.55,entsoe.eu,false,
2024-05-22 15:00:00,Italy,North Italy,IT-NO,139.73,180.91,73.62,61.65,entsoe.eu,false,
2024-05-22 16:00:00,Italy,North Italy,IT-NO,153.3,195.35,71.02,58.53,entsoe.eu,false,
2024-05-22 17:00:00,Italy,North Italy,IT-NO,169.55,205.43,70.19,58.77,entsoe.eu,false,
2024-05-22 18:00:00,Italy,North Italy,IT-NO,174.57,208.89,69.74,58.17,entsoe.eu,false,
2024-05-22 19:00:00,Italy,North Italy,IT-NO,173.72,211.41,68.81,57.02,entsoe.eu,false,
2024-05-22 20:00:00,Italy,North Italy,IT-NO,152.56,191.67,72.02,57.92,entsoe.eu,false,
2024-05-22 21:00:00,Italy,North Italy,IT-NO,143.55,185.17,72.99,57.54,entsoe.eu,false,
2024-05-22 22:00:00,Italy,North Italy,IT-NO,118.64,151.26,78.86,60.8,entsoe.eu,false,
2024-05-22 23:00:00,Italy,North Italy,IT-NO,101.53,137.99,80.03,59.99,entsoe.eu,false,
2024-05-23 00:00:00,Italy,North Italy,IT-NO,99.7,136.22,80.35,59.4,entsoe.eu,false,
2024-05-23 01:00:00,Italy,North Italy,IT-NO,98.94,135.1,80.84,60.83,entsoe.eu,false,
2024-05-23 02:00:00,Italy,North Italy,IT-NO,102.17,135.2,81.2,62.45,entsoe.eu,false,
2024-05-23 03:00:00,Italy,North Italy,IT-NO,109.45,141.6,80.21,62.37,entsoe.eu,false,
2024-05-23 04:00:00,Italy,North Italy,IT-NO,126.85,161.8,76.59,61.47,entsoe.eu,false,
2024-05-23 05:00:00,Italy,North Italy,IT-NO,133.77,166.18,76.24,63.61,entsoe.eu,false,
2024-05-23 06:00:00,Italy,North Italy,IT-NO,133.97,165.11,76.77,64.7,entsoe.eu,false,
2024-05-23 07:00:00,Italy,North Italy,IT-NO,117.56,152.26,78.47,65.99,entsoe.eu,false,
2024-05-23 08:00:00,Italy,North Italy,IT-NO,108.81,144.76,79.7,67.49,entsoe.eu,false,
2024-05-23 09:00:00,Italy,North Italy,IT-NO,102.95,138.69,80.96,68.73,entsoe.eu,false,
2024-05-23 10:00:00,Italy,North Italy,IT-NO,93.16,130.94,82.2,70.32,entsoe.eu,false,
2024-05-23 11:00:00,Italy,North Italy,IT-NO,90.84,132.24,81.44,69.59,entsoe.eu,false,
2024-05-23 12:00:00,Italy,North Italy,IT-NO,103.95,142.06,80.34,68.91,entsoe.eu,false,
2024-05-23 13:00:00,Italy,North Italy,IT-NO,107.92,145.0,79.89,67.04,entsoe.eu,false,
2024-05-23 14:00:00,Italy,North Italy,IT-NO,115.84,154.43,77.85,65.08,entsoe.eu,false,
2024-05-23 15:00:00,Italy,North Italy,IT-NO,119.62,158.58,76.94,64.29,entsoe.eu,false,
2024-05-23 16:00:00,Italy,North Italy,IT-NO,146.91,187.78,71.67,58.95,entsoe.eu,false,
2024-05-23 17:00:00,Italy,North Italy,IT-NO,167.9,205.72,68.99,57.53,entsoe.eu,false,
2024-05-23 18:00:00,Italy,North Italy,IT-NO,185.49,222.05,66.53,55.88,entsoe.eu,false,
2024-05-23 19:00:00,Italy,North Italy,IT-NO,178.15,220.7,65.86,54.72,entsoe.eu,false,
2024-05-23 20:00:00,Italy,North Italy,IT-NO,173.69,219.63,65.55,53.68,entsoe.eu,false,
2024-05-23 21:00:00,Italy,North Italy,IT-NO,150.57,190.1,71.23,56.47,entsoe.eu,false,
2024-05-23 22:00:00,Italy,North Italy,IT-NO,135.82,173.6,74.06,57.87,entsoe.eu,false,
2024-05-23 23:00:00,Italy,North Italy,IT-NO,129.27,164.7,75.91,58.35,entsoe.eu,false,
2024-05-24 00:00:00,Italy,North Italy,IT-NO,128.95,163.66,76.38,58.07,entsoe.eu,false,
2024-05-24 01:00:00,Italy,North Italy,IT-NO,122.25,163.03,75.51,57.03,entsoe.eu,false,
2024-05-24 02:00:00,Italy,North Italy,IT-NO,120.86,162.24,75.43,57.13,entsoe.eu,false,
2024-05-24 03:00:00,Italy,North Italy,IT-NO,128.02,164.15,76.06,59.38,entsoe.eu,false,
2024-05-24 04:00:00,Italy,North Italy,IT-NO,142.4,179.9,73.48,58.43,entsoe.eu,false,
2024-05-24 05:00:00,Italy,North Italy,IT-NO,151.46,183.97,73.82,60.95,entsoe.eu,false,
2024-05-24 06:00:00,Italy,North Italy,IT-NO,133.85,168.59,75.69,64.05,entsoe.eu,false,
2024-05-24 07:00:00,Italy,North Italy,IT-NO,121.12,160.06,76.57,65.87,entsoe.eu,false,
2024-05-24 08:00:00,Italy,North Italy,IT-NO,110.33,148.13,79.0,68.55,entsoe.eu,false,
2024-05-24 09:00:00,Italy,North Italy,IT-NO,100.5,137.58,81.06,70.74,entsoe.eu,false,
2024-05-24 10:00:00,Italy,North Italy,IT-NO,88.18,128.11,82.4,71.96,entsoe.eu,false,
2024-05-24 11:00:00,Italy,North Italy,IT-NO,88.07,128.06,82.39,71.82,entsoe.eu,false,
2024-05-24 12:00:00,Italy,North Italy,IT-NO,94.41,137.41,80.3,69.43,entsoe.eu,false,
2024-05-24 13:00:00,Italy,North Italy,IT-NO,103.71,142.15,80.15,69.43,entsoe.eu,false,
2024-05-24 14:00:00,Italy,North Italy,IT-NO,121.52,155.23,78.53,67.36,entsoe.eu,false,
2024-05-24 15:00:00,Italy,North Italy,IT-NO,137.5,172.73,75.45,64.18,entsoe.eu,false,
2024-05-24 16:00:00,Italy,North Italy,IT-NO,152.41,194.32,70.57,58.91,entsoe.eu,false,
2024-05-24 17:00:00,Italy,North Italy,IT-NO,163.09,204.18,68.77,56.73,entsoe.eu,false,
2024-05-24 18:00:00,Italy,North Italy,IT-NO,176.74,211.86,68.42,57.13,entsoe.eu,false,
2024-05-24 19:00:00,Italy,North Italy,IT-NO,166.17,207.15,68.36,56.64,entsoe.eu,false,
2024-05-24 20:00:00,Italy,North Italy,IT-NO,158.98,202.36,68.91,56.51,entsoe.eu,false,
2024-05-24 21:00:00,Italy,North Italy,IT-NO,157.36,200.36,69.33,56.05,entsoe.eu,false,
2024-05-24 22:00:00,Italy,North Italy,IT-NO,146.39,183.22,72.64,58.09,entsoe.eu,false,
2024-05-24 23:00:00,Italy,North Italy,IT-NO,144.14,178.84,73.77,59.1,entsoe.eu,false,
2024-05-25 00:00:00,Italy,North Italy,IT-NO,133.82,169.04,75.12,59.44,entsoe.eu,false,
2024-05-25 01:00:00,Italy,North Italy,IT-NO,133.67,169.45,74.92,58.81,entsoe.eu,false,
2024-05-25 02:00:00,Italy,North Italy,IT-NO,128.65,162.31,76.5,59.78,entsoe.eu,false,
2024-05-25 03:00:00,Italy,North Italy,IT-NO,130.33,164.22,76.14,59.11,entsoe.eu,false,
2024-05-25 04:00:00,Italy,North Italy,IT-NO,126.64,159.62,76.96,60.34,entsoe.eu,false,
2024-05-25 05:00:00,Italy,North Italy,IT-NO,120.66,154.28,77.83,62.01,entsoe.eu,false,
2024-05-25 06:00:00,Italy,North Italy,IT-NO,111.56,145.33,79.4,66.27,entsoe.eu,false,
2024-05-25 07:00:00,Italy,North Italy,IT-NO,96.65,130.93,81.86,70.0,entsoe.eu,false,
2024-05-25 08:00:00,Italy,North Italy,IT-NO,97.98,133.42,81.49,72.12,entsoe.eu,false,
2024-05-25 09:00:00,Italy,North Italy,IT-NO,97.8,134.4,81.4,74.36,entsoe.eu,false,
2024-05-25 10:00:00,Italy,North Italy,IT-NO,81.78,123.61,82.42,75.82,entsoe.eu,false,
2024-05-25 11:00:00,Italy,North Italy,IT-NO,82.59,125.14,82.18,76.68,entsoe.eu,false,
2024-05-25 12:00:00,Italy,North Italy,IT-NO,108.17,146.79,79.2,74.78,entsoe.eu,false,
2024-05-25 13:00:00,Italy,North Italy,IT-NO,111.48,146.66,80.01,74.35,entsoe.eu,false,
2024-05-25 14:00:00,Italy,North Italy,IT-NO,97.12,133.87,81.72,72.61,entsoe.eu,false,
2024-05-25 15:00:00,Italy,North Italy,IT-NO,94.65,132.95,81.6,69.94,entsoe.eu,false,
2024-05-25 16:00:00,Italy,North Italy,IT-NO,108.48,143.4,80.02,67.47,entsoe.eu,false,
2024-05-25 17:00:00,Italy,North Italy,IT-NO,126.47,163.88,75.87,63.0,entsoe.eu,false,
2024-05-25 18:00:00,Italy,North Italy,IT-NO,143.24,179.53,73.26,60.19,entsoe.eu,false,
2024-05-25 19:00:00,Italy,North Italy,IT-NO,143.97,178.77,73.66,60.52,entsoe.eu,false,
2024-05-25 20:00:00,Italy,North Italy,IT-NO,138.63,176.63,73.69,60.76,entsoe.eu,false,
2024-05-25 21:00:00,Italy,North Italy,IT-NO,129.55,164.9,76.29,62.47,entsoe.eu,false,
2024-05-25 22:00:00,Italy,North Italy,IT-NO,117.46,151.27,78.38,64.43,entsoe.eu,false,
2024-05-25 23:00:00,Italy,North Italy,IT-NO,107.35,134.58,81.82,67.14,entsoe.eu,false,
2024-05-26 00:00:00,Italy,North Italy,IT-NO,107.95,132.35,82.62,66.89,entsoe.eu,false,
2024-05-26 01:00:00,Italy,North Italy,IT-NO,106.38,136.5,81.09,65.64,entsoe.eu,false,
2024-05-26 02:00:00,Italy,North Italy,IT-NO,102.8,129.01,83.03,67.35,entsoe.eu,false,
2024-05-26 03:00:00,Italy,North Italy,IT-NO,112.38,145.88,79.15,64.5,entsoe.eu,false,
2024-05-26 04:00:00,Italy,North Italy,IT-NO,114.15,148.9,78.53,65.15,entsoe.eu,false,
2024-05-26 05:00:00,Italy,North Italy,IT-NO,111.57,146.02,79.39,69.24,entsoe.eu,false,
2024-05-26 06:00:00,Italy,North Italy,IT-NO,90.42,120.68,84.56,77.05,entsoe.eu,false,
2024-05-26 07:00:00,Italy,North Italy,IT-NO,66.88,102.75,87.0,81.99,entsoe.eu,false,
2024-05-26 08:00:00,Italy,North Italy,IT-NO,61.1,99.84,87.53,84.95,entsoe.eu,false,
2024-05-26 09:00:00,Italy,North Italy,IT-NO,66.47,107.13,86.1,85.3,entsoe.eu,false,
2024-05-26 10:00:00,Italy,North Italy,IT-NO,63.78,104.1,86.86,85.96,entsoe.eu,false,
2024-05-26 11:00:00,Italy,North Italy,IT-NO,57.25,96.22,88.18,86.54,entsoe.eu,false,
2024-05-26 12:00:00,Italy,North Italy,IT-NO,63.91,104.51,86.54,83.75,entsoe.eu,false,
2024-05-26 13:00:00,Italy,North Italy,IT-NO,70.31,111.98,85.21,82.32,entsoe.eu,false,
2024-05-26 14:00:00,Italy,North Italy,IT-NO,79.32,121.96,83.02,78.0,entsoe.eu,false,
2024-05-26 15:00:00,Italy,North Italy,IT-NO,82.58,124.62,82.42,75.22,entsoe.eu,false,
2024-05-26 16:00:00,Italy,North Italy,IT-NO,96.43,134.22,80.87,71.13,entsoe.eu,false,
2024-05-26 17:00:00,Italy,North Italy,IT-NO,122.3,149.57,79.89,68.52,entsoe.eu,false,
2024-05-26 18:00:00,Italy,North Italy,IT-NO,126.43,156.05,78.36,65.07,entsoe.eu,false,
2024-05-26 19:00:00,Italy,North Italy,IT-NO,128.4,157.78,78.19,63.64,entsoe.eu,false,
2024-05-26 20:00:00,Italy,North Italy,IT-NO,117.3,147.99,79.68,64.56,entsoe.eu,false,
2024-05-26 21:00:00,Italy,North Italy,IT-NO,118.6,152.71,78.54,63.05,entsoe.eu,false,
2024-05-26 22:00:00,Italy,North Italy,IT-NO,97.05,137.01,79.86,60.75,entsoe.eu,false,
2024-05-26 23:00:00,Italy,North Italy,IT-NO,97.36,129.6,82.51,62.17,entsoe.eu,false,
2024-05-27 00:00:00,Italy,North Italy,IT-NO,95.52,129.31,82.48,62.5,entsoe.eu,false,
2024-05-27 01:00:00,Italy,North Italy,IT-NO,96.18,135.03,80.98,61.01,entsoe.eu,false,
2024-05-27 02:00:00,Italy,North Italy,IT-NO,92.99,131.32,81.37,61.36,entsoe.eu,false,
2024-05-27 03:00:00,Italy,North Italy,IT-NO,102.8,137.48,80.56,62.09,entsoe.eu,false,
2024-05-27 04:00:00,Italy,North Italy,IT-NO,119.6,153.08,78.41,62.69,entsoe.eu,false,
2024-05-27 05:00:00,Italy,North Italy,IT-NO,142.22,174.72,75.52,62.7,entsoe.eu,false,
2024-05-27 06:00:00,Italy,North Italy,IT-NO,138.94,172.22,75.63,64.13,entsoe.eu,false,
2024-05-27 07:00:00,Italy,North Italy,IT-NO,129.52,163.78,77.05,65.44,entsoe.eu,false,
2024-05-27 08:00:00,Italy,North Italy,IT-NO,110.47,145.26,80.38,68.04,entsoe.eu,false,
2024-05-27 09:00:00,Italy,North Italy,IT-NO,106.47,143.16,80.46,67.96,entsoe.eu,false,
2024-05-27 10:00:00,Italy,North Italy,IT-NO,104.42,141.63,80.71,68.51,entsoe.eu,false,
2024-05-27 11:00:00,Italy,North Italy,IT-NO,102.14,139.54,80.96,69.09,entsoe.eu,false,
2024-05-27 12:00:00,Italy,North Italy,IT-NO,105.17,143.07,80.08,69.22,entsoe.eu,false,
2024-05-27 13:00:00,Italy,North Italy,IT-NO,111.51,149.19,78.96,68.16,entsoe.eu,false,
2024-05-27 14:00:00,Italy,North Italy,IT-NO,132.58,172.59,74.77,64.24,entsoe.eu,false,
2024-05-27 15:00:00,Italy,North Italy,IT-NO,147.79,187.69,72.17,62.26,entsoe.eu,false,
2024-05-27 16:00:00,Italy,North Italy,IT-NO,172.44,217.64,66.15,56.64,entsoe.eu,false,
2024-05-27 17:00:00,Italy,North Italy,IT-NO,187.53,225.02,65.9,56.37,entsoe.eu,false,
2024-05-27 18:00:00,Italy,North Italy,IT-NO,188.61,223.4,66.49,56.39,entsoe.eu,false,
2024-05-27 19:00:00,Italy,North Italy,IT-NO,180.52,217.13,67.45,56.22,entsoe.eu,false,
2024-05-27 20:00:00,Italy,North Italy,IT-NO,160.03,203.39,68.41,55.36,entsoe.eu,false,
2024-05-27 21:00:00,Italy,North Italy,IT-NO,151.74,195.78,69.48,55.64,entsoe.eu,false,
2024-05-27 22:00:00,Italy,North Italy,IT-NO,132.86,173.55,73.76,57.14,entsoe.eu,false,
2024-05-27 23:00:00,Italy,North Italy,IT-NO,123.27,161.65,75.94,58.32,entsoe.eu,false,
2024-05-28 00:00:00,Italy,North Italy,IT-NO,119.85,156.64,77.12,58.99,entsoe.eu,false,
2024-05-28 01:00:00,Italy,North Italy,IT-NO,114.8,150.48,78.42,59.55,entsoe.eu,false,
2024-05-28 02:00:00,Italy,North Italy,IT-NO,113.91,150.99,78.12,59.62,entsoe.eu,false,
2024-05-28 03:00:00,Italy,North Italy,IT-NO,126.79,166.89,75.16,57.74,entsoe.eu,false,
2024-05-28 04:00:00,Italy,North Italy,IT-NO,143.76,184.27,72.25,58.3,entsoe.eu,false,
2024-05-28 05:00:00,Italy,North Italy,IT-NO,148.24,185.09,72.87,60.9,entsoe.eu,false,
2024-05-28 06:00:00,Italy,North Italy,IT-NO,150.59,185.86,73.07,62.22,entsoe.eu,false,
2024-05-28 07:00:00,Italy,North Italy,IT-NO,136.9,177.54,73.83,63.74,entsoe.eu,false,
2024-05-28 08:00:00,Italy,North Italy,IT-NO,124.15,164.7,76.08,66.77,entsoe.eu,false,
2024-05-28 09:00:00,Italy,North Italy,IT-NO,119.59,160.75,76.79,68.11,entsoe.eu,false,
2024-05-28 10:00:00,Italy,North Italy,IT-NO,107.69,150.48,78.31,68.89,entsoe.eu,false,
2024-05-28 11:00:00,Italy,North Italy,IT-NO,100.06,141.55,79.91,70.54,entsoe.eu,false,
2024-05-28 12:00:00,Italy,North Italy,IT-NO,107.27,150.15,78.5,69.82,entsoe.eu,false,
2024-05-28 13:00:00,Italy,North Italy,IT-NO,107.71,153.97,77.21,68.21,entsoe.eu,false,
2024-05-28 14:00:00,Italy,North Italy,IT-NO,113.11,157.32,76.96,67.58,entsoe.eu,false,
2024-05-28 15:00:00,Italy,North Italy,IT-NO,123.8,164.32,76.16,67.24,entsoe.eu,false,
2024-05-28 16:00:00,Italy,North Italy,IT-NO,147.91,190.65,71.31,62.07,entsoe.eu,false,
2024-05-28 17:00:00,Italy,North Italy,IT-NO,165.79,206.18,68.79,58.24,entsoe.eu,false,
2024-05-28 18:00:00,Italy,North Italy,IT-NO,177.41,213.08,68.16,57.43,entsoe.eu,false,
2024-05-28 19:00:00,Italy,North Italy,IT-NO,166.61,204.57,69.15,56.66,entsoe.eu,false,
2024-05-28 20:00:00,Italy,North Italy,IT-NO,163.63,207.15,67.92,55.03,entsoe.eu,false,
2024-05-28 21:00:00,Italy,North Italy,IT-NO,145.06,185.81,71.88,57.59,entsoe.eu,false,
2024-05-28 22:00:00,Italy,North Italy,IT-NO,135.78,174.26,73.91,57.82,entsoe.eu,false,
2024-05-28 23:00:00,Italy,North Italy,IT-NO,129.48,167.89,74.9,57.52,entsoe.eu,false,
2024-05-29 00:00:00,Italy,North Italy,IT-NO,131.32,170.26,74.64,57.06,entsoe.eu,false,
2024-05-29 01:00:00,Italy,North Italy,IT-NO,135.07,175.19,73.96,56.14,entsoe.eu,false,
2024-05-29 02:00:00,Italy,North Italy,IT-NO,134.61,180.92,72.22,54.66,entsoe.eu,false,
2024-05-29 03:00:00,Italy,North Italy,IT-NO,137.03,177.49,73.37,56.44,entsoe.eu,false,
2024-05-29 04:00:00,Italy,North Italy,IT-NO,141.08,180.95,72.89,57.67,entsoe.eu,false,
2024-05-29 05:00:00,Italy,North Italy,IT-NO,149.27,185.51,72.81,60.08,entsoe.eu,false,
2024-05-29 06:00:00,Italy,North Italy,IT-NO,145.1,183.92,72.83,61.37,entsoe.eu,false,
2024-05-29 07:00:00,Italy,North Italy,IT-NO,129.83,172.26,74.31,63.1,entsoe.eu,false,
2024-05-29 08:00:00,Italy,North Italy,IT-NO,114.43,153.92,77.99,66.97,entsoe.eu,false,
2024-05-29 09:00:00,Italy,North Italy,IT-NO,107.87,149.65,78.44,67.7,entsoe.eu,false,
2024-05-29 10:00:00,Italy,North Italy,IT-NO,106.51,149.37,78.31,67.88,entsoe.eu,false,
2024-05-29 11:00:00,Italy,North Italy,IT-NO,99.26,143.1,79.03,67.83,entsoe.eu,false,
2024-05-29 12:00:00,Italy,North Italy,IT-NO,110.14,156.05,76.78,65.97,entsoe.eu,false,
2024-05-29 13:00:00,Italy,North Italy,IT-NO,114.69,156.97,76.88,66.01,entsoe.eu,false,
2024-05-29 14:00:00,Italy,North Italy,IT-NO,120.38,160.9,76.49,65.31,entsoe.eu,false,
2024-05-29 15:00:00,Italy,North Italy,IT-NO,133.53,176.01,73.52,61.84,entsoe.eu,false,
2024-05-29 16:00:00,Italy,North Italy,IT-NO,157.6,203.22,68.3,56.81,entsoe.eu,false,
2024-05-29 17:00:00,Italy,North Italy,IT-NO,177.48,216.99,66.73,55.65,entsoe.eu,false,
2024-05-29 18:00:00,Italy,North Italy,IT-NO,185.87,220.66,66.96,56.45,entsoe.eu,false,
2024-05-29 19:00:00,Italy,North Italy,IT-NO,181.01,218.14,67.12,56.04,entsoe.eu,false,
2024-05-29 20:00:00,Italy,North Italy,IT-NO,176.36,221.36,65.34,54.08,entsoe.eu,false,
2024-05-29 21:00:00,Italy,North Italy,IT-NO,151.46,192.0,70.8,57.18,entsoe.eu,false,
2024-05-29 22:00:00,Italy,North Italy,IT-NO,135.66,174.68,73.69,58.46,entsoe.eu,false,
2024-05-29 23:00:00,Italy,North Italy,IT-NO,122.15,159.07,76.42,60.13,entsoe.eu,false,
2024-05-30 00:00:00,Italy,North Italy,IT-NO,119.72,158.08,76.47,58.82,entsoe.eu,false,
2024-05-30 01:00:00,Italy,North Italy,IT-NO,124.1,163.56,75.5,57.7,entsoe.eu,false,
2024-05-30 02:00:00,Italy,North Italy,IT-NO,123.35,162.83,75.62,58.54,entsoe.eu,false,
2024-05-30 03:00:00,Italy,North Italy,IT-NO,131.16,170.23,74.46,58.32,entsoe.eu,false,
2024-05-30 04:00:00,Italy,North Italy,IT-NO,133.81,172.44,74.11,60.49,entsoe.eu,false,
2024-05-30 05:00:00,Italy,North Italy,IT-NO,144.12,181.06,73.15,60.75,entsoe.eu,false,
2024-05-30 06:00:00,Italy,North Italy,IT-NO,146.8,183.66,72.93,61.81,entsoe.eu,false,
2024-05-30 07:00:00,Italy,North Italy,IT-NO,142.2,180.08,73.6,63.37,entsoe.eu,false,
2024-05-30 08:00:00,Italy,North Italy,IT-NO,132.5,172.8,74.75,64.5,entsoe.eu,false,
2024-05-30 09:00:00,Italy,North Italy,IT-NO,125.51,168.41,75.31,65.37,entsoe.eu,false,
2024-05-30 10:00:00,Italy,North Italy,IT-NO,112.65,157.37,76.92,66.27,entsoe.eu,false,
2024-05-30 11:00:00,Italy,North Italy,IT-NO,107.12,151.46,77.88,66.92,entsoe.eu,false,
2024-05-30 12:00:00,Italy,North Italy,IT-NO,120.32,162.94,76.13,65.76,entsoe.eu,false,
2024-05-30 13:00:00,Italy,North Italy,IT-NO,120.97,163.33,76.01,65.23,entsoe.eu,false,
2024-05-30 14:00:00,Italy,North Italy,IT-NO,112.76,152.42,77.93,66.8,entsoe.eu,false,
2024-05-30 15:00:00,Italy,North Italy,IT-NO,131.03,174.32,73.95,63.39,entsoe.eu,false,
2024-05-30 16:00:00,Italy,North Italy,IT-NO,164.39,210.3,67.36,58.31,entsoe.eu,false,
2024-05-30 17:00:00,Italy,North Italy,IT-NO,172.87,213.2,67.66,58.16,entsoe.eu,false,
2024-05-30 18:00:00,Italy,North Italy,IT-NO,172.51,211.31,68.14,57.24,entsoe.eu,false,
2024-05-30 19:00:00,Italy,North Italy,IT-NO,172.45,211.94,67.87,56.54,entsoe.eu,false,
2024-05-30 20:00:00,Italy,North Italy,IT-NO,164.92,209.53,67.64,55.52,entsoe.eu,false,
2024-05-30 21:00:00,Italy,North Italy,IT-NO,153.41,194.62,70.73,57.19,entsoe.eu,false,
2024-05-30 22:00:00,Italy,North Italy,IT-NO,135.73,174.42,74.09,58.27,entsoe.eu,false,
2024-05-30 23:00:00,Italy,North Italy,IT-NO,134.49,174.19,74.19,57.82,entsoe.eu,false,
2024-05-31 00:00:00,Italy,North Italy,IT-NO,133.75,174.43,74.16,57.83,entsoe.eu,false,
2024-05-31 01:00:00,Italy,North Italy,IT-NO,123.88,162.68,76.4,59.68,entsoe.eu,false,
2024-05-31 02:00:00,Italy,North Italy,IT-NO,118.63,155.63,77.71,60.93,entsoe.eu,false,
2024-05-31 03:00:00,Italy,North Italy,IT-NO,129.78,168.19,75.29,59.35,entsoe.eu,false,
2024-05-31 04:00:00,Italy,North Italy,IT-NO,138.85,176.67,73.96,60.69,entsoe.eu,false,
2024-05-31 05:00:00,Italy,North Italy,IT-NO,147.78,181.27,74.02,61.5,entsoe.eu,false,
2024-05-31 06:00:00,Italy,North Italy,IT-NO,159.19,185.8,74.73,64.22,entsoe.eu,false,
2024-05-31 07:00:00,Italy,North Italy,IT-NO,145.14,173.42,76.57,66.34,entsoe.eu,false,
2024-05-31 08:00:00,Italy,North Italy,IT-NO,121.77,160.2,77.45,67.46,entsoe.eu,false,
2024-05-31 09:00:00,Italy,North Italy,IT-NO,111.61,150.22,79.34,69.82,entsoe.eu,false,
2024-05-31 10:00:00,Italy,North Italy,IT-NO,115.22,156.64,77.78,68.59,entsoe.eu,false,
2024-05-31 11:00:00,Italy,North Italy,IT-NO,113.1,153.82,78.29,68.82,entsoe.eu,false,
2024-05-31 12:00:00,Italy,North Italy,IT-NO,113.66,152.87,78.78,68.51,entsoe.eu,false,
2024-05-31 13:00:00,Italy,North Italy,IT-NO,113.21,158.24,76.88,65.73,entsoe.eu,false,
2024-05-31 14:00:00,Italy,North Italy,IT-NO,116.22,153.99,78.5,66.94,entsoe.eu,false,
2024-05-31 15:00:00,Italy,North Italy,IT-NO,127.11,167.42,75.77,64.27,entsoe.eu,false,
2024-05-31 16:00:00,Italy,North Italy,IT-NO,148.21,189.1,71.83,61.61,entsoe.eu,false,
2024-05-31 17:00:00,Italy,North Italy,IT-NO,155.01,193.59,71.17,59.88,entsoe.eu,false,
2024-05-31 18:00:00,Italy,North Italy,IT-NO,161.59,198.45,70.54,58.51,entsoe.eu,false,
2024-05-31 19:00:00,Italy,North Italy,IT-NO,166.4,199.51,71.14,59.28,entsoe.eu,false,
2024-05-31 20:00:00,Italy,North Italy,IT-NO,151.14,189.29,72.29,59.12,entsoe.eu,false,
2024-05-31 21:00:00,Italy,North Italy,IT-NO,147.11,186.26,72.54,58.71,entsoe.eu,false,
2024-05-31 22:00:00,Italy,North Italy,IT-NO,116.63,149.66,78.91,63.77,entsoe.eu,false,
2024-05-31 23:00:00,Italy,North Italy,IT-NO,105.32,136.43,81.31,65.71,entsoe.eu,false,
2024-06-01 00:00:00,Italy,North Italy,IT-NO,91.33,120.16,84.21,66.9,entsoe.eu,false,
2024-06-01 01:00:00,Italy,North Italy,IT-NO,93.33,121.07,84.42,67.5,entsoe.eu,false,
2024-06-01 02:00:00,Italy,North Italy,IT-NO,94.12,122.18,84.27,67.23,entsoe.eu,false,
2024-06-01 03:00:00,Italy,North Italy,IT-NO,99.41,127.22,83.7,66.7,entsoe.eu,false,
2024-06-01 04:00:00,Italy,North Italy,IT-NO,96.65,126.02,83.61,67.65,entsoe.eu,false,
2024-06-01 05:00:00,Italy,North Italy,IT-NO,96.16,124.71,84.02,69.43,entsoe.eu,false,
2024-06-01 06:00:00,Italy,North Italy,IT-NO,94.0,125.57,83.57,72.06,entsoe.eu,false,
2024-06-01 07:00:00,Italy,North Italy,IT-NO,89.5,122.84,83.82,75.58,entsoe.eu,false,
2024-06-01 08:00:00,Italy,North Italy,IT-NO,86.54,120.81,84.35,78.81,entsoe.eu,false,
2024-06-01 09:00:00,Italy,North Italy,IT-NO,79.92,118.49,84.26,79.51,entsoe.eu,false,
2024-06-01 10:00:00,Italy,North Italy,IT-NO,75.76,115.65,84.73,80.96,entsoe.eu,false,
2024-06-01 11:00:00,Italy,North Italy,IT-NO,74.8,114.69,84.96,81.29,entsoe.eu,false,
2024-06-01 12:00:00,Italy,North Italy,IT-NO,81.49,122.79,83.45,79.57,entsoe.eu,false,
2024-06-01 13:00:00,Italy,North Italy,IT-NO,81.15,121.84,83.69,78.79,entsoe.eu,false,
2024-06-01 14:00:00,Italy,North Italy,IT-NO,97.85,141.81,79.68,73.49,entsoe.eu,false,
2024-06-01 15:00:00,Italy,North Italy,IT-NO,109.74,147.67,79.38,71.4,entsoe.eu,false,
2024-06-01 16:00:00,Italy,North Italy,IT-NO,116.17,147.54,79.9,70.14,entsoe.eu,false,
2024-06-01 17:00:00,Italy,North Italy,IT-NO,123.42,155.07,78.26,66.73,entsoe.eu,false,
2024-06-01 18:00:00,Italy,North Italy,IT-NO,123.92,147.88,80.62,67.57,entsoe.eu,false,
2024-06-01 19:00:00,Italy,North Italy,IT-NO,114.34,144.37,80.3,66.05,entsoe.eu,false,
2024-06-01 20:00:00,Italy,North Italy,IT-NO,106.98,136.03,81.73,65.84,entsoe.eu,false,
2024-06-01 21:00:00,Italy,North Italy,IT-NO,104.95,134.92,81.85,65.53,entsoe.eu,false,
2024-06-01 22:00:00,Italy,North Italy,IT-NO,97.83,124.98,83.94,68.04,entsoe.eu,false,
2024-06-01 23:00:00,Italy,North Italy,IT-NO,101.61,130.45,82.73,66.23,entsoe.eu,false,
2024-06-02 00:00:00,Italy,North Italy,IT-NO,97.47,126.73,83.41,66.94,entsoe.eu,false,
2024-06-02 01:00:00,Italy,North Italy,IT-NO,109.1,137.64,81.99,66.09,entsoe.eu,false,
2024-06-02 02:00:00,Italy,North Italy,IT-NO,107.3,134.13,82.79,66.88,entsoe.eu,false,
2024-06-02 03:00:00,Italy,North Italy,IT-NO,110.72,136.54,82.59,67.01,entsoe.eu,false,
2024-06-02 04:00:00,Italy,North Italy,IT-NO,102.51,132.02,82.76,67.99,entsoe.eu,false,
2024-06-02 05:00:00,Italy,North Italy,IT-NO,102.86,127.89,84.19,71.39,entsoe.eu,false,
2024-06-02 06:00:00,Italy,North Italy,IT-NO,89.7,117.48,85.45,75.21,entsoe.eu,false,
2024-06-02 07:00:00,Italy,North Italy,IT-NO,81.52,113.53,85.48,78.05,entsoe.eu,false,
2024-06-02 08:00:00,Italy,North Italy,IT-NO,71.73,108.17,85.77,79.96,entsoe.eu,false,
2024-06-02 09:00:00,Italy,North Italy,IT-NO,66.97,106.03,85.89,82.29,entsoe.eu,false,
2024-06-02 10:00:00,Italy,North Italy,IT-NO,76.09,117.59,83.78,80.31,entsoe.eu,false,
2024-06-02 11:00:00,Italy,North Italy,IT-NO,70.19,110.4,85.51,82.51,entsoe.eu,false,
2024-06-02 12:00:00,Italy,North Italy,IT-NO,77.28,118.73,84.0,81.25,entsoe.eu,false,
2024-06-02 13:00:00,Italy,North Italy,IT-NO,84.4,127.0,82.67,78.42,entsoe.eu,false,
2024-06-02 14:00:00,Italy,North Italy,IT-NO,89.77,132.25,81.24,74.51,entsoe.eu,false,
2024-06-02 15:00:00,Italy,North Italy,IT-NO,101.74,144.77,78.73,69.97,entsoe.eu,false,
2024-06-02 16:00:00,Italy,North Italy,IT-NO,118.94,152.97,78.54,68.7,entsoe.eu,false,
2024-06-02 17:00:00,Italy,North Italy,IT-NO,121.02,150.17,79.38,68.16,entsoe.eu,false,
2024-06-02 18:00:00,Italy,North Italy,IT-NO,112.29,141.2,80.84,67.11,entsoe.eu,false,
2024-06-02 19:00:00,Italy,North Italy,IT-NO,108.72,133.73,82.66,66.91,entsoe.eu,false,
2024-06-02 20:00:00,Italy,North Italy,IT-NO,103.53,130.82,82.9,67.02,entsoe.eu,false,
2024-06-02 21:00:00,Italy,North Italy,IT-NO,99.41,125.69,84.05,68.25,entsoe.eu,false,
2024-06-02 22:00:00,Italy,North Italy,IT-NO,104.94,133.9,82.48,66.69,entsoe.eu,false,
2024-06-02 23:00:00,Italy,North Italy,IT-NO,101.99,131.25,82.75,65.73,entsoe.eu,false,
2024-06-03 00:00:00,Italy,North Italy,IT-NO,100.56,132.4,82.21,65.28,entsoe.eu,false,
2024-06-03 01:00:00,Italy,North Italy,IT-NO,96.79,129.83,82.36,64.86,entsoe.eu,false,
2024-06-03 02:00:00,Italy,North Italy,IT-NO,99.3,127.4,83.37,65.99,entsoe.eu,false,
2024-06-03 03:00:00,Italy,North Italy,IT-NO,108.67,135.87,82.03,65.93,entsoe.eu,false,
2024-06-03 04:00:00,Italy,North Italy,IT-NO,128.81,157.09,78.09,63.83,entsoe.eu,false,
2024-06-03 05:00:00,Italy,North Italy,IT-NO,147.35,173.59,75.97,64.78,entsoe.eu,false,
2024-06-03 06:00:00,Italy,North Italy,IT-NO,153.42,177.01,75.96,65.83,entsoe.eu,false,
2024-06-03 07:00:00,Italy,North Italy,IT-NO,139.41,167.1,77.08,67.96,entsoe.eu,false,
2024-06-03 08:00:00,Italy,North Italy,IT-NO,125.14,158.4,77.68,69.17,entsoe.eu,false,
2024-06-03 09:00:00,Italy,North Italy,IT-NO,108.67,140.73,81.17,73.16,entsoe.eu,false,
2024-06-03 10:00:00,Italy,North Italy,IT-NO,91.23,131.24,81.85,73.67,entsoe.eu,false,
2024-06-03 11:00:00,Italy,North Italy,IT-NO,85.15,126.66,82.23,73.57,entsoe.eu,false,
2024-06-03 12:00:00,Italy,North Italy,IT-NO,86.96,128.78,81.68,72.6,entsoe.eu,false,
2024-06-03 13:00:00,Italy,North Italy,IT-NO,90.93,133.16,80.6,71.09,entsoe.eu,false,
2024-06-03 14:00:00,Italy,North Italy,IT-NO,104.21,143.79,79.19,69.78,entsoe.eu,false,
2024-06-03 15:00:00,Italy,North Italy,IT-NO,121.64,161.86,76.19,67.5,entsoe.eu,false,
2024-06-03 16:00:00,Italy,North Italy,IT-NO,147.07,190.18,70.73,62.31,entsoe.eu,false,
2024-06-03 17:00:00,Italy,North Italy,IT-NO,170.95,216.41,65.68,56.98,entsoe.eu,false,
2024-06-03 18:00:00,Italy,North Italy,IT-NO,180.66,221.34,65.54,56.59,entsoe.eu,false,
2024-06-03 19:00:00,Italy,North Italy,IT-NO,192.79,230.36,64.68,56.21,entsoe.eu,false,
2024-06-03 20:00:00,Italy,North Italy,IT-NO,180.75,218.11,66.71,57.7,entsoe.eu,false,
2024-06-03 21:00:00,Italy,North Italy,IT-NO,175.39,217.73,66.01,56.2,entsoe.eu,false,
2024-06-03 22:00:00,Italy,North Italy,IT-NO,133.58,167.06,76.06,62.32,entsoe.eu,false,
2024-06-03 23:00:00,Italy,North Italy,IT-NO,135.27,170.84,75.01,60.19,entsoe.eu,false,
2024-06-04 00:00:00,Italy,North Italy,IT-NO,135.25,173.88,74.04,58.98,entsoe.eu,false,
2024-06-04 01:00:00,Italy,North Italy,IT-NO,127.59,167.51,74.94,58.86,entsoe.eu,false,
2024-06-04 02:00:00,Italy,North Italy,IT-NO,129.89,169.69,74.51,58.48,entsoe.eu,false,
2024-06-04 03:00:00,Italy,North Italy,IT-NO,137.15,171.14,75.08,59.74,entsoe.eu,false,
2024-06-04 04:00:00,Italy,North Italy,IT-NO,151.89,188.98,71.99,59.77,entsoe.eu,false,
2024-06-04 05:00:00,Italy,North Italy,IT-NO,166.38,203.97,69.41,60.97,entsoe.eu,false,
2024-06-04 06:00:00,Italy,North Italy,IT-NO,149.9,188.26,72.18,64.18,entsoe.eu,false,
2024-06-04 07:00:00,Italy,North Italy,IT-NO,124.74,161.16,76.95,67.98,entsoe.eu,false,
2024-06-04 08:00:00,Italy,North Italy,IT-NO,113.4,150.92,78.58,69.57,entsoe.eu,false,
2024-06-04 09:00:00,Italy,North Italy,IT-NO,106.18,140.56,80.92,71.36,entsoe.eu,false,
2024-06-04 10:00:00,Italy,North Italy,IT-NO,93.64,121.98,84.89,75.23,entsoe.eu,false,
2024-06-04 11:00:00,Italy,North Italy,IT-NO,84.86,120.0,84.12,74.23,entsoe.eu,false,
2024-06-04 12:00:00,Italy,North Italy,IT-NO,104.43,139.21,81.07,73.55,entsoe.eu,false,
2024-06-04 13:00:00,Italy,North Italy,IT-NO,117.98,154.39,78.04,68.67,entsoe.eu,false,
2024-06-04 14:00:00,Italy,North Italy,IT-NO,122.75,159.48,77.06,67.47,entsoe.eu,false,
2024-06-04 15:00:00,Italy,North Italy,IT-NO,133.89,172.82,74.33,64.65,entsoe.eu,false,
2024-06-04 16:00:00,Italy,North Italy,IT-NO,163.62,203.49,68.87,60.27,entsoe.eu,false,
2024-06-04 17:00:00,Italy,North Italy,IT-NO,181.92,222.81,65.37,56.76,entsoe.eu,false,
2024-06-04 18:00:00,Italy,North Italy,IT-NO,184.05,227.39,64.26,54.55,entsoe.eu,false,
2024-06-04 19:00:00,Italy,North Italy,IT-NO,184.5,230.46,63.46,53.49,entsoe.eu,false,
2024-06-04 20:00:00,Italy,North Italy,IT-NO,166.74,211.98,66.58,55.15,entsoe.eu,false,
2024-06-04 21:00:00,Italy,North Italy,IT-NO,146.97,187.0,71.45,58.06,entsoe.eu,false,
2024-06-04 22:00:00,Italy,North Italy,IT-NO,142.48,183.05,71.68,56.34,entsoe.eu,false,
2024-06-04 23:00:00,Italy,North Italy,IT-NO,131.89,171.67,73.65,56.94,entsoe.eu,false,
2024-06-05 00:00:00,Italy,North Italy,IT-NO,130.32,169.49,74.24,57.54,entsoe.eu,false,
2024-06-05 01:00:00,Italy,North Italy,IT-NO,128.79,167.98,74.48,57.8,entsoe.eu,false,
2024-06-05 02:00:00,Italy,North Italy,IT-NO,133.25,173.52,73.35,56.57,entsoe.eu,false,
2024-06-05 03:00:00,Italy,North Italy,IT-NO,140.67,181.59,71.91,56.76,entsoe.eu,false,
2024-06-05 04:00:00,Italy,North Italy,IT-NO,147.85,189.36,70.67,58.2,entsoe.eu,false,
2024-06-05 05:00:00,Italy,North Italy,IT-NO,154.81,195.67,69.89,60.39,entsoe.eu,false,
2024-06-05 06:00:00,Italy,North Italy,IT-NO,139.33,179.67,72.9,64.01,entsoe.eu,false,
2024-06-05 07:00:00,Italy,North Italy,IT-NO,122.77,163.18,75.7,66.93,entsoe.eu,false,
2024-06-05 08:00:00,Italy,North Italy,IT-NO,108.82,146.96,78.76,70.36,entsoe.eu,false,
2024-06-05 09:00:00,Italy,North Italy,IT-NO,99.45,136.22,80.9,72.75,entsoe.eu,false,
2024-06-05 10:00:00,Italy,North Italy,IT-NO,89.17,128.4,81.92,73.43,entsoe.eu,false,
2024-06-05 11:00:00,Italy,North Italy,IT-NO,91.05,131.56,81.22,73.38,entsoe.eu,false,
2024-06-05 12:00:00,Italy,North Italy,IT-NO,97.2,136.73,80.56,72.8,entsoe.eu,false,
2024-06-05 13:00:00,Italy,North Italy,IT-NO,105.73,146.4,78.64,70.45,entsoe.eu,false,
2024-06-05 14:00:00,Italy,North Italy,IT-NO,111.13,152.31,77.47,69.68,entsoe.eu,false,
2024-06-05 15:00:00,Italy,North Italy,IT-NO,129.92,173.56,73.72,65.46,entsoe.eu,false,
2024-06-05 16:00:00,Italy,North Italy,IT-NO,166.63,213.21,66.43,58.97,entsoe.eu,false,
2024-06-05 17:00:00,Italy,North Italy,IT-NO,181.36,230.75,62.66,53.8,entsoe.eu,false,
2024-06-05 18:00:00,Italy,North Italy,IT-NO,191.66,241.07,60.87,51.69,entsoe.eu,false,
2024-06-05 19:00:00,Italy,North Italy,IT-NO,191.5,240.68,61.07,52.18,entsoe.eu,false,
2024-06-05 20:00:00,Italy,North Italy,IT-NO,181.73,230.64,62.85,54.16,entsoe.eu,false,
2024-06-05 21:00:00,Italy,North Italy,IT-NO,171.1,217.68,65.39,55.8,entsoe.eu,false,
2024-06-05 22:00:00,Italy,North Italy,IT-NO,162.65,205.96,67.74,56.83,entsoe.eu,false,
2024-06-05 23:00:00,Italy,North Italy,IT-NO,152.19,193.21,70.2,57.75,entsoe.eu,false,
2024-06-06 00:00:00,Italy,North Italy,IT-NO,150.77,192.44,70.16,57.98,entsoe.eu,false,
2024-06-06 01:00:00,Italy,North Italy,IT-NO,145.06,185.59,71.36,57.98,entsoe.eu,false,
2024-06-06 02:00:00,Italy,North Italy,IT-NO,139.68,179.19,72.56,58.8,entsoe.eu,false,
2024-06-06 03:00:00,Italy,North Italy,IT-NO,158.99,201.52,68.42,57.13,entsoe.eu,false,
2024-06-06 04:00:00,Italy,North Italy,IT-NO,174.7,218.68,65.59,57.14,entsoe.eu,false,
2024-06-06 05:00:00,Italy,North Italy,IT-NO,162.37,206.47,67.93,59.05,entsoe.eu,false,
2024-06-06 06:00:00,Italy,North Italy,IT-NO,152.45,196.22,69.97,61.68,entsoe.eu,false,
2024-06-06 07:00:00,Italy,North Italy,IT-NO,137.04,179.62,72.79,64.38,entsoe.eu,false,
2024-06-06 08:00:00,Italy,North Italy,IT-NO,120.91,161.42,76.12,67.93,entsoe.eu,false,
2024-06-06 09:00:00,Italy,North Italy,IT-NO,113.4,153.5,77.6,70.28,entsoe.eu,false,
2024-06-06 10:00:00,Italy,North Italy,IT-NO,94.03,136.67,80.2,72.08,entsoe.eu,false,
2024-06-06 11:00:00,Italy,North Italy,IT-NO,95.4,139.78,79.42,70.84,entsoe.eu,false,
2024-06-06 12:00:00,Italy,North Italy,IT-NO,96.97,141.32,79.13,69.98,entsoe.eu,false,
2024-06-06 13:00:00,Italy,North Italy,IT-NO,101.14,146.1,78.14,68.01,entsoe.eu,false,
2024-06-06 14:00:00,Italy,North Italy,IT-NO,116.19,160.47,75.53,65.39,entsoe.eu,false,
2024-06-06 15:00:00,Italy,North Italy,IT-NO,147.71,192.86,69.73,59.94,entsoe.eu,false,
2024-06-06 16:00:00,Italy,North Italy,IT-NO,179.67,225.43,64.05,55.98,entsoe.eu,false,
2024-06-06 17:00:00,Italy,North Italy,IT-NO,199.15,249.68,59.2,51.75,entsoe.eu,false,
2024-06-06 18:00:00,Italy,North Italy,IT-NO,203.73,255.12,58.18,50.17,entsoe.eu,false,
2024-06-06 19:00:00,Italy,North Italy,IT-NO,203.67,258.21,57.19,48.6,entsoe.eu,false,
2024-06-06 20:00:00,Italy,North Italy,IT-NO,198.29,252.9,58.24,49.5,entsoe.eu,false,
2024-06-06 21:00:00,Italy,North Italy,IT-NO,176.28,224.59,63.99,53.33,entsoe.eu,false,
2024-06-06 22:00:00,Italy,North Italy,IT-NO,145.89,186.12,71.53,58.15,entsoe.eu,false,
2024-06-06 23:00:00,Italy,North Italy,IT-NO,134.58,173.17,73.69,58.49,entsoe.eu,false,
2024-06-07 00:00:00,Italy,North Italy,IT-NO,146.47,187.8,70.81,56.15,entsoe.eu,false,
2024-06-07 01:00:00,Italy,North Italy,IT-NO,144.66,185.62,71.1,55.32,entsoe.eu,false,
2024-06-07 02:00:00,Italy,North Italy,IT-NO,142.58,183.06,71.48,55.15,entsoe.eu,false,
2024-06-07 03:00:00,Italy,North Italy,IT-NO,153.46,194.99,69.53,54.9,entsoe.eu,false,
2024-06-07 04:00:00,Italy,North Italy,IT-NO,152.86,195.18,69.39,56.64,entsoe.eu,false,
2024-06-07 05:00:00,Italy,North Italy,IT-NO,150.47,192.36,70.1,59.27,entsoe.eu,false,
2024-06-07 06:00:00,Italy,North Italy,IT-NO,137.03,176.77,73.09,62.76,entsoe.eu,false,
2024-06-07 07:00:00,Italy,North Italy,IT-NO,129.84,171.22,74.01,64.19,entsoe.eu,false,
2024-06-07 08:00:00,Italy,North Italy,IT-NO,122.09,162.75,75.59,65.83,entsoe.eu,false,
2024-06-07 09:00:00,Italy,North Italy,IT-NO,101.95,138.07,80.37,70.33,entsoe.eu,false,
2024-06-07 10:00:00,Italy,North Italy,IT-NO,92.03,129.49,81.78,71.47,entsoe.eu,false,
2024-06-07 11:00:00,Italy,North Italy,IT-NO,87.48,126.67,81.78,71.72,entsoe.eu,false,
2024-06-07 12:00:00,Italy,North Italy,IT-NO,96.07,132.46,81.38,71.6,entsoe.eu,false,
2024-06-07 13:00:00,Italy,North Italy,IT-NO,103.51,140.27,80.03,69.69,entsoe.eu,false,
2024-06-07 14:00:00,Italy,North Italy,IT-NO,109.12,146.46,78.77,68.02,entsoe.eu,false,
2024-06-07 15:00:00,Italy,North Italy,IT-NO,128.92,170.4,73.87,63.1,entsoe.eu,false,
2024-06-07 16:00:00,Italy,North Italy,IT-NO,157.05,201.33,68.17,57.52,entsoe.eu,false,
2024-06-07 17:00:00,Italy,North Italy,IT-NO,176.82,212.93,67.46,57.72,entsoe.eu,false,
2024-06-07 18:00:00,Italy,North Italy,IT-NO,183.04,225.18,64.36,54.22,entsoe.eu,false,
2024-06-07 19:00:00,Italy,North Italy,IT-NO,176.11,221.48,64.46,53.2,entsoe.eu,false,
2024-06-07 20:00:00,Italy,North Italy,IT-NO,174.08,221.82,64.25,52.95,entsoe.eu,false,
2024-06-07 21:00:00,Italy,North Italy,IT-NO,141.42,180.07,72.64,58.9,entsoe.eu,false,
2024-06-07 22:00:00,Italy,North Italy,IT-NO,111.27,142.74,79.55,64.12,entsoe.eu,false,
2024-06-07 23:00:00,Italy,North Italy,IT-NO,99.78,130.83,81.39,63.94,entsoe.eu,false,
2024-06-08 00:00:00,Italy,North Italy,IT-NO,86.71,114.35,84.54,66.07,entsoe.eu,false,
2024-06-08 01:00:00,Italy,North Italy,IT-NO,86.0,113.42,84.88,66.92,entsoe.eu,false,
2024-06-08 02:00:00,Italy,North Italy,IT-NO,84.73,112.03,85.09,67.23,entsoe.eu,false,
2024-06-08 03:00:00,Italy,North Italy,IT-NO,86.68,113.67,84.81,67.6,entsoe.eu,false,
2024-06-08 04:00:00,Italy,North Italy,IT-NO,86.31,112.41,85.26,68.28,entsoe.eu,false,
2024-06-08 05:00:00,Italy,North Italy,IT-NO,94.27,122.27,83.44,68.09,entsoe.eu,false,
2024-06-08 06:00:00,Italy,North Italy,IT-NO,82.58,109.48,85.76,72.23,entsoe.eu,false,
2024-06-08 07:00:00,Italy,North Italy,IT-NO,75.92,104.26,86.66,75.09,entsoe.eu,false,
2024-06-08 08:00:00,Italy,North Italy,IT-NO,72.43,102.19,87.23,78.66,entsoe.eu,false,
2024-06-08 09:00:00,Italy,North Italy,IT-NO,70.95,102.42,87.21,82.31,entsoe.eu,false,
2024-06-08 10:00:00,Italy,North Italy,IT-NO,78.08,112.02,85.43,83.07,entsoe.eu,false,
2024-06-08 11:00:00,Italy,North Italy,IT-NO,85.16,120.23,84.09,83.2,entsoe.eu,false,
2024-06-08 12:00:00,Italy,North Italy,IT-NO,84.72,118.64,84.58,83.78,entsoe.eu,false,
2024-06-08 13:00:00,Italy,North Italy,IT-NO,84.92,118.33,84.45,81.43,entsoe.eu,false,
2024-06-08 14:00:00,Italy,North Italy,IT-NO,93.12,125.17,83.04,76.02,entsoe.eu,false,
2024-06-08 15:00:00,Italy,North Italy,IT-NO,101.58,134.12,80.96,70.51,entsoe.eu,false,
2024-06-08 16:00:00,Italy,North Italy,IT-NO,109.73,140.2,80.09,66.89,entsoe.eu,false,
2024-06-08 17:00:00,Italy,North Italy,IT-NO,120.71,147.99,79.27,65.86,entsoe.eu,false,
2024-06-08 18:00:00,Italy,North Italy,IT-NO,126.79,152.96,78.65,65.63,entsoe.eu,false,
2024-06-08 19:00:00,Italy,North Italy,IT-NO,116.43,145.39,79.41,65.74,entsoe.eu,false,
2024-06-08 20:00:00,Italy,North Italy,IT-NO,111.24,143.39,79.37,64.51,entsoe.eu,false,
2024-06-08 21:00:00,Italy,North Italy,IT-NO,104.66,134.34,81.28,65.05,entsoe.eu,false,
2024-06-08 22:00:00,Italy,North Italy,IT-NO,122.7,148.68,79.37,65.92,entsoe.eu,false,
2024-06-08 23:00:00,Italy,North Italy,IT-NO,108.45,131.71,82.56,69.01,entsoe.eu,false,
2024-06-09 00:00:00,Italy,North Italy,IT-NO,93.21,115.89,85.28,71.14,entsoe.eu,false,
2024-06-09 01:00:00,Italy,North Italy,IT-NO,85.69,111.47,85.61,70.47,entsoe.eu,false,
2024-06-09 02:00:00,Italy,North Italy,IT-NO,79.95,105.63,86.39,70.37,entsoe.eu,false,
2024-06-09 03:00:00,Italy,North Italy,IT-NO,81.19,106.26,86.33,71.08,entsoe.eu,false,
2024-06-09 04:00:00,Italy,North Italy,IT-NO,72.23,102.3,86.09,69.6,entsoe.eu,false,
2024-06-09 05:00:00,Italy,North Italy,IT-NO,75.01,101.23,87.02,70.91,entsoe.eu,false,
2024-06-09 06:00:00,Italy,North Italy,IT-NO,80.21,108.11,85.86,73.27,entsoe.eu,false,
2024-06-09 07:00:00,Italy,North Italy,IT-NO,79.64,110.3,85.31,78.15,entsoe.eu,false,
2024-06-09 08:00:00,Italy,North Italy,IT-NO,72.89,103.78,86.65,83.44,entsoe.eu,false,
2024-06-09 09:00:00,Italy,North Italy,IT-NO,67.9,98.7,87.71,85.81,entsoe.eu,false,
2024-06-09 10:00:00,Italy,North Italy,IT-NO,79.59,113.29,85.03,82.78,entsoe.eu,false,
2024-06-09 11:00:00,Italy,North Italy,IT-NO,78.14,110.33,85.71,84.17,entsoe.eu,false,
2024-06-09 12:00:00,Italy,North Italy,IT-NO,91.96,125.93,82.78,81.39,entsoe.eu,false,
2024-06-09 13:00:00,Italy,North Italy,IT-NO,94.04,128.22,82.41,80.39,entsoe.eu,false,
2024-06-09 14:00:00,Italy,North Italy,IT-NO,87.94,118.14,84.3,79.44,entsoe.eu,false,
2024-06-09 15:00:00,Italy,North Italy,IT-NO,84.28,112.37,85.05,75.0,entsoe.eu,false,
2024-06-09 16:00:00,Italy,North Italy,IT-NO,94.44,122.08,83.41,70.78,entsoe.eu,false,
2024-06-09 17:00:00,Italy,North Italy,IT-NO,105.18,130.68,82.34,70.23,entsoe.eu,false,
2024-06-09 18:00:00,Italy,North Italy,IT-NO,111.35,139.55,80.44,69.21,entsoe.eu,false,
2024-06-09 19:00:00,Italy,North Italy,IT-NO,118.72,143.93,80.33,69.12,entsoe.eu,false,
2024-06-09 20:00:00,Italy,North Italy,IT-NO,112.25,142.65,79.99,69.39,entsoe.eu,false,
2024-06-09 21:00:00,Italy,North Italy,IT-NO,93.2,119.68,84.51,71.28,entsoe.eu,false,
2024-06-09 22:00:00,Italy,North Italy,IT-NO,94.96,124.22,83.05,67.14,entsoe.eu,false,
2024-06-09 23:00:00,Italy,North Italy,IT-NO,94.34,124.04,83.05,66.76,entsoe.eu,false,
2024-06-10 00:00:00,Italy,North Italy,IT-NO,96.15,124.24,83.24,67.19,entsoe.eu,false,
2024-06-10 01:00:00,Italy,North Italy,IT-NO,97.65,129.78,81.89,66.2,entsoe.eu,false,
2024-06-10 02:00:00,Italy,North Italy,IT-NO,102.78,137.79,80.48,65.04,entsoe.eu,false,
2024-06-10 03:00:00,Italy,North Italy,IT-NO,112.45,144.11,80.09,64.55,entsoe.eu,false,
2024-06-10 04:00:00,Italy,North Italy,IT-NO,132.73,166.57,76.19,62.72,entsoe.eu,false,
2024-06-10 05:00:00,Italy,North Italy,IT-NO,145.98,183.21,73.74,63.76,entsoe.eu,false,
2024-06-10 06:00:00,Italy,North Italy,IT-NO,141.33,177.94,74.44,66.14,entsoe.eu,false,
2024-06-10 07:00:00,Italy,North Italy,IT-NO,127.94,168.47,75.5,67.24,entsoe.eu,false,
2024-06-10 08:00:00,Italy,North Italy,IT-NO,114.08,154.61,77.91,70.14,entsoe.eu,false,
2024-06-10 09:00:00,Italy,North Italy,IT-NO,102.61,141.38,80.36,73.16,entsoe.eu,false,
2024-06-10 10:00:00,Italy,North Italy,IT-NO,93.96,132.07,81.81,74.57,entsoe.eu,false,
2024-06-10 11:00:00,Italy,North Italy,IT-NO,96.5,135.23,81.25,73.97,entsoe.eu,false,
2024-06-10 12:00:00,Italy,North Italy,IT-NO,100.23,139.46,80.5,73.08,entsoe.eu,false,
2024-06-10 13:00:00,Italy,North Italy,IT-NO,112.59,152.83,78.41,70.99,entsoe.eu,false,
2024-06-10 14:00:00,Italy,North Italy,IT-NO,129.1,170.35,75.31,67.29,entsoe.eu,false,
2024-06-10 15:00:00,Italy,North Italy,IT-NO,131.74,173.09,74.69,66.04,entsoe.eu,false,
2024-06-10 16:00:00,Italy,North Italy,IT-NO,147.84,190.3,71.44,62.37,entsoe.eu,false,
2024-06-10 17:00:00,Italy,North Italy,IT-NO,163.62,200.49,70.26,60.35,entsoe.eu,false,
2024-06-10 18:00:00,Italy,North Italy,IT-NO,180.9,211.61,69.57,59.9,entsoe.eu,false,
2024-06-10 19:00:00,Italy,North Italy,IT-NO,177.9,214.95,68.16,57.66,entsoe.eu,false,
2024-06-10 20:00:00,Italy,North Italy,IT-NO,169.16,211.52,68.07,56.74,entsoe.eu,false,
2024-06-10 21:00:00,Italy,North Italy,IT-NO,143.67,183.94,72.47,59.21,entsoe.eu,false,
2024-06-10 22:00:00,Italy,North Italy,IT-NO,134.45,173.32,74.38,59.12,entsoe.eu,false,
2024-06-10 23:00:00,Italy,North Italy,IT-NO,124.43,168.18,74.39,57.49,entsoe.eu,false,
2024-06-11 00:00:00,Italy,North Italy,IT-NO,117.25,158.41,76.59,59.26,entsoe.eu,false,
2024-06-11 01:00:00,Italy,North Italy,IT-NO,121.16,164.54,75.06,58.45,entsoe.eu,false,
2024-06-11 02:00:00,Italy,North Italy,IT-NO,122.66,163.49,75.63,59.29,entsoe.eu,false,
2024-06-11 03:00:00,Italy,North Italy,IT-NO,132.97,173.72,74.02,58.41,entsoe.eu,false,
2024-06-11 04:00:00,Italy,North Italy,IT-NO,150.4,190.77,71.31,58.46,entsoe.eu,false,
2024-06-11 05:00:00,Italy,North Italy,IT-NO,175.37,218.6,66.91,56.13,entsoe.eu,false,
2024-06-11 06:00:00,Italy,North Italy,IT-NO,172.54,211.6,68.75,59.34,entsoe.eu,false,
2024-06-11 07:00:00,Italy,North Italy,IT-NO,155.84,195.93,71.28,60.77,entsoe.eu,false,
2024-06-11 08:00:00,Italy,North Italy,IT-NO,146.11,185.59,73.03,63.41,entsoe.eu,false,
2024-06-11 09:00:00,Italy,North Italy,IT-NO,129.76,170.01,75.22,65.7,entsoe.eu,false,
2024-06-11 10:00:00,Italy,North Italy,IT-NO,119.38,160.49,76.69,67.25,entsoe.eu,false,
2024-06-11 11:00:00,Italy,North Italy,IT-NO,114.62,157.26,76.87,66.93,entsoe.eu,false,
2024-06-11 12:00:00,Italy,North Italy,IT-NO,120.91,161.54,76.61,66.93,entsoe.eu,false,
2024-06-11 13:00:00,Italy,North Italy,IT-NO,123.37,163.58,76.1,66.42,entsoe.eu,false,
2024-06-11 14:00:00,Italy,North Italy,IT-NO,130.76,170.95,74.78,65.47,entsoe.eu,false,
2024-06-11 15:00:00,Italy,North Italy,IT-NO,145.04,188.58,71.31,61.42,entsoe.eu,false,
2024-06-11 16:00:00,Italy,North Italy,IT-NO,184.63,234.99,62.89,54.37,entsoe.eu,false,
2024-06-11 17:00:00,Italy,North Italy,IT-NO,199.25,246.09,61.55,53.12,entsoe.eu,false,
2024-06-11 18:00:00,Italy,North Italy,IT-NO,210.11,252.6,61.16,53.04,entsoe.eu,false,
2024-06-11 19:00:00,Italy,North Italy,IT-NO,200.32,249.51,60.49,51.11,entsoe.eu,false,
2024-06-11 20:00:00,Italy,North Italy,IT-NO,183.03,232.31,63.42,52.88,entsoe.eu,false,
2024-06-11 21:00:00,Italy,North Italy,IT-NO,172.02,219.6,65.6,54.08,entsoe.eu,false,
2024-06-11 22:00:00,Italy,North Italy,IT-NO,151.42,194.43,70.23,57.56,entsoe.eu,false,
2024-06-11 23:00:00,Italy,North Italy,IT-NO,146.4,188.82,71.51,57.78,entsoe.eu,false,
2024-06-12 00:00:00,Italy,North Italy,IT-NO,140.86,181.06,73.23,59.53,entsoe.eu,false,
2024-06-12 01:00:00,Italy,North Italy,IT-NO,128.15,168.71,75.18,60.47,entsoe.eu,false,
2024-06-12 02:00:00,Italy,North Italy,IT-NO,129.0,166.8,75.94,61.31,entsoe.eu,false,
2024-06-12 03:00:00,Italy,North Italy,IT-NO,138.61,180.2,73.35,59.52,entsoe.eu,false,
2024-06-12 04:00:00,Italy,North Italy,IT-NO,155.11,197.98,70.0,58.46,entsoe.eu,false,
2024-06-12 05:00:00,Italy,North Italy,IT-NO,168.38,208.04,69.17,60.04,entsoe.eu,false,
2024-06-12 06:00:00,Italy,North Italy,IT-NO,163.45,198.16,71.57,62.77,entsoe.eu,false,
2024-06-12 07:00:00,Italy,North Italy,IT-NO,151.53,190.29,72.11,63.26,entsoe.eu,false,
2024-06-12 08:00:00,Italy,North Italy,IT-NO,131.89,172.51,74.53,65.47,entsoe.eu,false,
2024-06-12 09:00:00,Italy,North Italy,IT-NO,128.31,171.93,74.65,66.66,entsoe.eu,false,
2024-06-12 10:00:00,Italy,North Italy,IT-NO,113.12,159.76,75.9,66.97,entsoe.eu,false,
2024-06-12 11:00:00,Italy,North Italy,IT-NO,117.12,164.67,75.08,66.29,entsoe.eu,false,
2024-06-12 12:00:00,Italy,North Italy,IT-NO,130.61,180.83,72.21,63.84,entsoe.eu,false,
2024-06-12 13:00:00,Italy,North Italy,IT-NO,145.09,190.96,71.13,62.64,entsoe.eu,false,
2024-06-12 14:00:00,Italy,North Italy,IT-NO,154.83,200.5,69.43,60.61,entsoe.eu,false,
2024-06-12 15:00:00,Italy,North Italy,IT-NO,168.14,214.02,67.13,57.88,entsoe.eu,false,
2024-06-12 16:00:00,Italy,North Italy,IT-NO,179.74,226.15,64.84,54.92,entsoe.eu,false,
2024-06-12 17:00:00,Italy,North Italy,IT-NO,189.47,232.93,64.08,54.88,entsoe.eu,false,
2024-06-12 18:00:00,Italy,North Italy,IT-NO,193.34,237.26,63.23,54.11,entsoe.eu,false,
2024-06-12 19:00:00,Italy,North Italy,IT-NO,184.39,230.01,63.99,54.53,entsoe.eu,false,
2024-06-12 20:00:00,Italy,North Italy,IT-NO,179.05,227.01,64.43,54.6,entsoe.eu,false,
2024-06-12 21:00:00,Italy,North Italy,IT-NO,154.7,195.95,70.32,58.82,entsoe.eu,false,
2024-06-12 22:00:00,Italy,North Italy,IT-NO,138.11,180.38,72.19,58.02,entsoe.eu,false,
2024-06-12 23:00:00,Italy,North Italy,IT-NO,120.38,160.14,75.9,59.95,entsoe.eu,false,
2024-06-13 00:00:00,Italy,North Italy,IT-NO,116.47,156.09,76.67,60.66,entsoe.eu,false,
2024-06-13 01:00:00,Italy,North Italy,IT-NO,99.33,139.21,79.39,61.55,entsoe.eu,false,
2024-06-13 02:00:00,Italy,North Italy,IT-NO,102.73,144.03,78.44,61.76,entsoe.eu,false,
2024-06-13 03:00:00,Italy,North Italy,IT-NO,118.13,158.52,76.09,60.63,entsoe.eu,false,
2024-06-13 04:00:00,Italy,North Italy,IT-NO,135.73,174.46,73.77,60.59,entsoe.eu,false,
2024-06-13 05:00:00,Italy,North Italy,IT-NO,158.08,196.51,70.37,60.33,entsoe.eu,false,
2024-06-13 06:00:00,Italy,North Italy,IT-NO,157.93,193.35,71.31,61.79,entsoe.eu,false,
2024-06-13 07:00:00,Italy,North Italy,IT-NO,150.13,185.17,72.81,63.55,entsoe.eu,false,
2024-06-13 08:00:00,Italy,North Italy,IT-NO,131.42,171.72,74.28,65.26,entsoe.eu,false,
2024-06-13 09:00:00,Italy,North Italy,IT-NO,108.44,148.86,78.07,69.21,entsoe.eu,false,
2024-06-13 10:00:00,Italy,North Italy,IT-NO,93.49,136.79,79.79,71.27,entsoe.eu,false,
2024-06-13 11:00:00,Italy,North Italy,IT-NO,90.15,132.82,80.48,72.16,entsoe.eu,false,
2024-06-13 12:00:00,Italy,North Italy,IT-NO,89.69,131.92,80.75,72.97,entsoe.eu,false,
2024-06-13 13:00:00,Italy,North Italy,IT-NO,90.3,132.33,80.73,72.85,entsoe.eu,false,
2024-06-13 14:00:00,Italy,North Italy,IT-NO,103.09,144.42,78.87,71.09,entsoe.eu,false,
2024-06-13 15:00:00,Italy,North Italy,IT-NO,112.86,157.97,75.89,67.33,entsoe.eu,false,
2024-06-13 16:00:00,Italy,North Italy,IT-NO,135.5,185.77,70.22,61.42,entsoe.eu,false,
2024-06-13 17:00:00,Italy,North Italy,IT-NO,150.0,195.32,69.21,60.0,entsoe.eu,false,
2024-06-13 18:00:00,Italy,North Italy,IT-NO,166.27,209.3,67.23,57.54,entsoe.eu,false,
2024-06-13 19:00:00,Italy,North Italy,IT-NO,166.88,210.24,67.04,56.39,entsoe.eu,false,
2024-06-13 20:00:00,Italy,North Italy,IT-NO,163.72,206.28,68.16,57.53,entsoe.eu,false,
2024-06-13 21:00:00,Italy,North Italy,IT-NO,141.14,181.62,72.62,59.39,entsoe.eu,false,
2024-06-13 22:00:00,Italy,North Italy,IT-NO,139.48,180.4,72.66,59.96,entsoe.eu,false,
2024-06-13 23:00:00,Italy,North Italy,IT-NO,128.28,166.85,75.36,62.36,entsoe.eu,false,
2024-06-14 00:00:00,Italy,North Italy,IT-NO,121.47,158.02,76.93,62.88,entsoe.eu,false,
2024-06-14 01:00:00,Italy,North Italy,IT-NO,111.65,149.33,78.2,63.72,entsoe.eu,false,
2024-06-14 02:00:00,Italy,North Italy,IT-NO,117.98,161.01,75.46,61.29,entsoe.eu,false,
2024-06-14 03:00:00,Italy,North Italy,IT-NO,125.0,162.61,75.98,62.62,entsoe.eu,false,
2024-06-14 04:00:00,Italy,North Italy,IT-NO,133.03,172.48,73.92,62.56,entsoe.eu,false,
2024-06-14 05:00:00,Italy,North Italy,IT-NO,143.31,180.77,73.03,64.02,entsoe.eu,false,
2024-06-14 06:00:00,Italy,North Italy,IT-NO,140.16,176.77,73.88,65.08,entsoe.eu,false,
2024-06-14 07:00:00,Italy,North Italy,IT-NO,121.96,159.9,76.62,66.98,entsoe.eu,false,
2024-06-14 08:00:00,Italy,North Italy,IT-NO,109.25,145.68,79.28,69.52,entsoe.eu,false,
2024-06-14 09:00:00,Italy,North Italy,IT-NO,104.51,141.32,80.05,70.7,entsoe.eu,false,
2024-06-14 10:00:00,Italy,North Italy,IT-NO,94.62,133.63,81.01,71.72,entsoe.eu,false,
2024-06-14 11:00:00,Italy,North Italy,IT-NO,90.82,131.55,81.07,71.21,entsoe.eu,false,
2024-06-14 12:00:00,Italy,North Italy,IT-NO,92.94,129.88,82.0,72.31,entsoe.eu,false,
2024-06-14 13:00:00,Italy,North Italy,IT-NO,97.64,133.73,81.48,71.97,entsoe.eu,false,
2024-06-14 14:00:00,Italy,North Italy,IT-NO,99.35,134.86,81.06,70.31,entsoe.eu,false,
2024-06-14 15:00:00,Italy,North Italy,IT-NO,107.63,144.57,79.14,68.25,entsoe.eu,false,
2024-06-14 16:00:00,Italy,North Italy,IT-NO,130.8,168.78,74.98,64.67,entsoe.eu,false,
2024-06-14 17:00:00,Italy,North Italy,IT-NO,156.63,196.07,70.16,60.84,entsoe.eu,false,
2024-06-14 18:00:00,Italy,North Italy,IT-NO,154.9,191.31,71.16,61.37,entsoe.eu,false,
2024-06-14 19:00:00,Italy,North Italy,IT-NO,155.11,193.54,70.49,59.9,entsoe.eu,false,
2024-06-14 20:00:00,Italy,North Italy,IT-NO,134.3,171.58,74.39,62.8,entsoe.eu,false,
2024-06-14 21:00:00,Italy,North Italy,IT-NO,127.17,162.54,76.4,63.35,entsoe.eu,false,
2024-06-14 22:00:00,Italy,North Italy,IT-NO,114.16,147.56,78.64,64.76,entsoe.eu,false,
2024-06-14 23:00:00,Italy,North Italy,IT-NO,113.39,148.01,78.17,63.89,entsoe.eu,false,
2024-06-15 00:00:00,Italy,North Italy,IT-NO,112.39,149.41,77.66,63.99,entsoe.eu,false,
2024-06-15 01:00:00,Italy,North Italy,IT-NO,112.21,149.38,77.81,64.82,entsoe.eu,false,
2024-06-15 02:00:00,Italy,North Italy,IT-NO,115.81,153.49,77.01,64.1,entsoe.eu,false,
2024-06-15 03:00:00,Italy,North Italy,IT-NO,109.26,144.58,78.98,65.61,entsoe.eu,false,
2024-06-15 04:00:00,Italy,North Italy,IT-NO,100.86,133.67,81.05,67.54,entsoe.eu,false,
2024-06-15 05:00:00,Italy,North Italy,IT-NO,103.0,134.57,81.06,69.34,entsoe.eu,false,
2024-06-15 06:00:00,Italy,North Italy,IT-NO,92.17,121.49,83.72,74.24,entsoe.eu,false,
2024-06-15 07:00:00,Italy,North Italy,IT-NO,92.65,127.2,82.37,75.5,entsoe.eu,false,
2024-06-15 08:00:00,Italy,North Italy,IT-NO,88.93,124.77,82.76,78.81,entsoe.eu,false,
2024-06-15 09:00:00,Italy,North Italy,IT-NO,82.86,117.19,84.78,83.46,entsoe.eu,false,
2024-06-15 10:00:00,Italy,North Italy,IT-NO,89.08,123.96,83.95,83.53,entsoe.eu,false,
2024-06-15 11:00:00,Italy,North Italy,IT-NO,81.31,117.29,84.91,84.6,entsoe.eu,false,
2024-06-15 12:00:00,Italy,North Italy,IT-NO,72.89,113.4,84.79,84.32,entsoe.eu,false,
2024-06-15 13:00:00,Italy,North Italy,IT-NO,78.53,119.7,83.46,82.59,entsoe.eu,false,
2024-06-15 14:00:00,Italy,North Italy,IT-NO,80.26,114.01,85.01,81.24,entsoe.eu,false,
2024-06-15 15:00:00,Italy,North Italy,IT-NO,90.59,122.53,83.59,76.56,entsoe.eu,false,
2024-06-15 16:00:00,Italy,North Italy,IT-NO,109.49,141.91,79.97,70.27,entsoe.eu,false,
2024-06-15 17:00:00,Italy,North Italy,IT-NO,116.45,148.25,78.79,67.84,entsoe.eu,false,
2024-06-15 18:00:00,Italy,North Italy,IT-NO,126.5,155.12,78.11,67.0,entsoe.eu,false,
2024-06-15 19:00:00,Italy,North Italy,IT-NO,123.14,149.92,79.29,67.38,entsoe.eu,false,
2024-06-15 20:00:00,Italy,North Italy,IT-NO,112.47,139.88,80.95,68.07,entsoe.eu,false,
2024-06-15 21:00:00,Italy,North Italy,IT-NO,103.08,132.76,81.79,68.12,entsoe.eu,false,
2024-06-15 22:00:00,Italy,North Italy,IT-NO,98.72,126.42,82.95,68.22,entsoe.eu,false,
2024-06-15 23:00:00,Italy,North Italy,IT-NO,87.46,112.64,85.59,70.13,entsoe.eu,false,
2024-06-16 00:00:00,Italy,North Italy,IT-NO,79.18,108.65,85.5,69.22,entsoe.eu,false,
2024-06-16 01:00:00,Italy,North Italy,IT-NO,74.54,102.8,86.82,70.28,entsoe.eu,false,
2024-06-16 02:00:00,Italy,North Italy,IT-NO,76.7,104.63,86.58,69.36,entsoe.eu,false,
2024-06-16 03:00:00,Italy,North Italy,IT-NO,76.84,105.67,86.34,70.07,entsoe.eu,false,
2024-06-16 04:00:00,Italy,North Italy,IT-NO,66.41,100.17,86.49,69.87,entsoe.eu,false,
2024-06-16 05:00:00,Italy,North Italy,IT-NO,79.92,108.64,86.12,74.36,entsoe.eu,false,
2024-06-16 06:00:00,Italy,North Italy,IT-NO,72.23,103.96,86.46,77.65,entsoe.eu,false,
2024-06-16 07:00:00,Italy,North Italy,IT-NO,56.7,90.7,88.17,83.38,entsoe.eu,false,
2024-06-16 08:00:00,Italy,North Italy,IT-NO,52.12,87.33,88.7,86.64,entsoe.eu,false,
2024-06-16 09:00:00,Italy,North Italy,IT-NO,48.2,83.36,89.61,89.15,entsoe.eu,false,
2024-06-16 10:00:00,Italy,North Italy,IT-NO,47.69,83.03,89.76,89.14,entsoe.eu,false,
2024-06-16 11:00:00,Italy,North Italy,IT-NO,45.14,80.13,90.25,89.5,entsoe.eu,false,
2024-06-16 12:00:00,Italy,North Italy,IT-NO,53.11,89.92,88.37,87.46,entsoe.eu,false,
2024-06-16 13:00:00,Italy,North Italy,IT-NO,50.22,85.89,89.23,88.15,entsoe.eu,false,
2024-06-16 14:00:00,Italy,North Italy,IT-NO,56.25,92.21,88.04,84.52,entsoe.eu,false,
2024-06-16 15:00:00,Italy,North Italy,IT-NO,73.63,112.1,84.38,79.16,entsoe.eu,false,
2024-06-16 16:00:00,Italy,North Italy,IT-NO,95.23,126.33,82.83,74.22,entsoe.eu,false,
2024-06-16 17:00:00,Italy,North Italy,IT-NO,112.22,143.81,79.56,69.08,entsoe.eu,false,
2024-06-16 18:00:00,Italy,North Italy,IT-NO,116.16,142.73,80.38,68.96,entsoe.eu,false,
2024-06-16 19:00:00,Italy,North Italy,IT-NO,127.45,150.18,79.77,66.78,entsoe.eu,false,
2024-06-16 20:00:00,Italy,North Italy,IT-NO,125.07,149.99,79.53,66.42,entsoe.eu,false,
2024-06-16 21:00:00,Italy,North Italy,IT-NO,107.92,128.27,83.84,68.4,entsoe.eu,false,
2024-06-16 22:00:00,Italy,North Italy,IT-NO,95.2,118.22,85.04,67.43,entsoe.eu,false,
2024-06-16 23:00:00,Italy,North Italy,IT-NO,97.92,126.35,82.94,65.47,entsoe.eu,false,
2024-06-17 00:00:00,Italy,North Italy,IT-NO,96.14,125.92,82.83,64.87,entsoe.eu,false,
2024-06-17 01:00:00,Italy,North Italy,IT-NO,99.85,132.06,81.44,63.73,entsoe.eu,false,
2024-06-17 02:00:00,Italy,North Italy,IT-NO,108.81,143.32,79.31,62.61,entsoe.eu,false,
2024-06-17 03:00:00,Italy,North Italy,IT-NO,106.92,140.28,79.94,63.25,entsoe.eu,false,
2024-06-17 04:00:00,Italy,North Italy,IT-NO,130.74,169.02,74.72,62.01,entsoe.eu,false,
2024-06-17 05:00:00,Italy,North Italy,IT-NO,149.72,179.74,74.53,64.77,entsoe.eu,false,
2024-06-17 06:00:00,Italy,North Italy,IT-NO,134.45,170.44,75.06,65.04,entsoe.eu,false,
2024-06-17 07:00:00,Italy,North Italy,IT-NO,124.1,159.83,76.99,68.18,entsoe.eu,false,
2024-06-17 08:00:00,Italy,North Italy,IT-NO,116.98,155.48,77.61,69.25,entsoe.eu,false,
2024-06-17 09:00:00,Italy,North Italy,IT-NO,106.89,145.56,79.34,70.81,entsoe.eu,false,
2024-06-17 10:00:00,Italy,North Italy,IT-NO,101.34,140.48,80.14,71.89,entsoe.eu,false,
2024-06-17 11:00:00,Italy,North Italy,IT-NO,100.0,139.17,80.27,72.55,entsoe.eu,false,
2024-06-17 12:00:00,Italy,North Italy,IT-NO,97.0,134.93,81.17,72.44,entsoe.eu,false,
2024-06-17 13:00:00,Italy,North Italy,IT-NO,103.22,141.57,79.84,71.48,entsoe.eu,false,
2024-06-17 14:00:00,Italy,North Italy,IT-NO,119.01,159.84,76.35,68.27,entsoe.eu,false,
2024-06-17 15:00:00,Italy,North Italy,IT-NO,132.11,173.58,73.73,63.68,entsoe.eu,false,
2024-06-17 16:00:00,Italy,North Italy,IT-NO,152.82,189.32,71.65,61.89,entsoe.eu,false,
2024-06-17 17:00:00,Italy,North Italy,IT-NO,187.49,218.8,67.47,58.89,entsoe.eu,false,
2024-06-17 18:00:00,Italy,North Italy,IT-NO,186.76,226.68,64.62,55.22,entsoe.eu,false,
2024-06-17 19:00:00,Italy,North Italy,IT-NO,186.3,226.5,64.68,55.95,entsoe.eu,false,
2024-06-17 20:00:00,Italy,North Italy,IT-NO,180.86,222.71,65.27,55.87,entsoe.eu,false,
2024-06-17 21:00:00,Italy,North Italy,IT-NO,166.31,206.25,68.41,57.35,entsoe.eu,false,
2024-06-17 22:00:00,Italy,North Italy,IT-NO,146.02,187.39,71.18,57.93,entsoe.eu,false,
2024-06-17 23:00:00,Italy,North Italy,IT-NO,136.06,175.58,73.2,57.32,entsoe.eu,false,
2024-06-18 00:00:00,Italy,North Italy,IT-NO,132.8,172.31,73.6,56.49,entsoe.eu,false,
2024-06-18 01:00:00,Italy,North Italy,IT-NO,131.17,170.45,74.0,56.8,entsoe.eu,false,
2024-06-18 02:00:00,Italy,North Italy,IT-NO,132.58,172.22,73.6,57.03,entsoe.eu,false,
2024-06-18 03:00:00,Italy,North Italy,IT-NO,138.55,178.84,72.56,58.34,entsoe.eu,false,
2024-06-18 04:00:00,Italy,North Italy,IT-NO,163.7,204.82,68.46,57.28,entsoe.eu,false,
2024-06-18 05:00:00,Italy,North Italy,IT-NO,166.27,209.01,67.59,58.22,entsoe.eu,false,
2024-06-18 06:00:00,Italy,North Italy,IT-NO,163.56,207.36,67.94,59.35,entsoe.eu,false,
2024-06-18 07:00:00,Italy,North Italy,IT-NO,141.08,183.48,72.29,63.86,entsoe.eu,false,
2024-06-18 08:00:00,Italy,North Italy,IT-NO,130.29,173.43,73.76,65.27,entsoe.eu,false,
2024-06-18 09:00:00,Italy,North Italy,IT-NO,124.39,167.65,74.77,66.66,entsoe.eu,false,
2024-06-18 10:00:00,Italy,North Italy,IT-NO,112.44,159.34,75.73,67.41,entsoe.eu,false,
2024-06-18 11:00:00,Italy,North Italy,IT-NO,113.76,158.15,76.23,68.04,entsoe.eu,false,
2024-06-18 12:00:00,Italy,North Italy,IT-NO,116.05,156.74,77.0,69.06,entsoe.eu,false,
2024-06-18 13:00:00,Italy,North Italy,IT-NO,123.32,166.36,74.89,66.9,entsoe.eu,false,
2024-06-18 14:00:00,Italy,North Italy,IT-NO,139.9,184.47,71.47,63.85,entsoe.eu,false,
2024-06-18 15:00:00,Italy,North Italy,IT-NO,155.15,201.92,68.16,60.28,entsoe.eu,false,
2024-06-18 16:00:00,Italy,North Italy,IT-NO,174.07,214.51,66.83,59.12,entsoe.eu,false,
2024-06-18 17:00:00,Italy,North Italy,IT-NO,192.96,237.6,62.25,54.93,entsoe.eu,false,
2024-06-18 18:00:00,Italy,North Italy,IT-NO,197.73,242.71,61.37,53.76,entsoe.eu,false,
2024-06-18 19:00:00,Italy,North Italy,IT-NO,196.32,240.58,61.75,53.53,entsoe.eu,false,
2024-06-18 20:00:00,Italy,North Italy,IT-NO,189.1,236.36,62.15,53.51,entsoe.eu,false,
2024-06-18 21:00:00,Italy,North Italy,IT-NO,186.17,236.91,61.65,52.09,entsoe.eu,false,
2024-06-18 22:00:00,Italy,North Italy,IT-NO,162.95,208.89,67.13,55.9,entsoe.eu,false,
2024-06-18 23:00:00,Italy,North Italy,IT-NO,149.81,192.01,70.63,57.63,entsoe.eu,false,
2024-06-19 00:00:00,Italy,North Italy,IT-NO,149.78,192.66,70.33,56.06,entsoe.eu,false,
2024-06-19 01:00:00,Italy,North Italy,IT-NO,151.52,195.3,69.63,55.22,entsoe.eu,false,
2024-06-19 02:00:00,Italy,North Italy,IT-NO,148.75,191.87,70.34,55.77,entsoe.eu,false,
2024-06-19 03:00:00,Italy,North Italy,IT-NO,151.79,195.38,69.55,55.43,entsoe.eu,false,
2024-06-19 04:00:00,Italy,North Italy,IT-NO,157.84,201.08,68.52,57.04,entsoe.eu,false,
2024-06-19 05:00:00,Italy,North Italy,IT-NO,157.97,206.52,67.01,57.0,entsoe.eu,false,
2024-06-19 06:00:00,Italy,North Italy,IT-NO,159.61,202.9,68.58,59.7,entsoe.eu,false,
2024-06-19 07:00:00,Italy,North Italy,IT-NO,155.46,196.84,69.98,62.06,entsoe.eu,false,
2024-06-19 08:00:00,Italy,North Italy,IT-NO,147.55,192.13,70.4,63.34,entsoe.eu,false,
2024-06-19 09:00:00,Italy,North Italy,IT-NO,143.25,188.53,70.79,63.31,entsoe.eu,false,
2024-06-19 10:00:00,Italy,North Italy,IT-NO,139.87,186.71,70.95,63.57,entsoe.eu,false,
2024-06-19 11:00:00,Italy,North Italy,IT-NO,138.16,184.63,71.25,63.23,entsoe.eu,false,
2024-06-19 12:00:00,Italy,North Italy,IT-NO,141.02,187.5,70.67,62.94,entsoe.eu,false,
2024-06-19 13:00:00,Italy,North Italy,IT-NO,145.58,190.89,70.1,61.88,entsoe.eu,false,
2024-06-19 14:00:00,Italy,North Italy,IT-NO,158.89,199.19,69.46,61.24,entsoe.eu,false,
2024-06-19 15:00:00,Italy,North Italy,IT-NO,175.93,214.37,67.21,59.3,entsoe.eu,false,
2024-06-19 16:00:00,Italy,North Italy,IT-NO,193.82,235.47,63.09,55.34,entsoe.eu,false,
2024-06-19 17:00:00,Italy,North Italy,IT-NO,202.58,245.8,61.12,54.02,entsoe.eu,false,
2024-06-19 18:00:00,Italy,North Italy,IT-NO,203.14,250.19,59.77,52.39,entsoe.eu,false,
2024-06-19 19:00:00,Italy,North Italy,IT-NO,197.31,247.66,59.57,51.34,entsoe.eu,false,
2024-06-19 20:00:00,Italy,North Italy,IT-NO,187.26,239.15,60.9,52.31,entsoe.eu,false,
2024-06-19 21:00:00,Italy,North Italy,IT-NO,169.73,217.86,65.12,54.32,entsoe.eu,false,
2024-06-19 22:00:00,Italy,North Italy,IT-NO,155.49,198.96,68.99,57.23,entsoe.eu,false,
2024-06-19 23:00:00,Italy,North Italy,IT-NO,148.77,192.15,70.14,58.18,entsoe.eu,false,
2024-06-20 00:00:00,Italy,North Italy,IT-NO,153.12,198.26,68.83,56.71,entsoe.eu,false,
2024-06-20 01:00:00,Italy,North Italy,IT-NO,155.41,201.31,68.17,55.24,entsoe.eu,false,
2024-06-20 02:00:00,Italy,North Italy,IT-NO,152.36,197.62,68.8,55.37,entsoe.eu,false,
2024-06-20 03:00:00,Italy,North Italy,IT-NO,155.44,200.73,68.31,55.69,entsoe.eu,false,
2024-06-20 04:00:00,Italy,North Italy,IT-NO,167.54,214.67,65.86,56.34,entsoe.eu,false,
2024-06-20 05:00:00,Italy,North Italy,IT-NO,181.75,233.55,62.18,53.73,entsoe.eu,false,
2024-06-20 06:00:00,Italy,North Italy,IT-NO,181.3,228.07,63.89,55.53,entsoe.eu,false,
2024-06-20 07:00:00,Italy,North Italy,IT-NO,175.83,222.17,64.87,57.17,entsoe.eu,false,
2024-06-20 08:00:00,Italy,North Italy,IT-NO,163.28,211.28,66.36,59.01,entsoe.eu,false,
2024-06-20 09:00:00,Italy,North Italy,IT-NO,163.42,211.2,66.75,59.24,entsoe.eu,false,
2024-06-20 10:00:00,Italy,North Italy,IT-NO,165.29,214.24,66.24,59.7,entsoe.eu,false,
2024-06-20 11:00:00,Italy,North Italy,IT-NO,164.02,216.29,65.55,58.87,entsoe.eu,false,
2024-06-20 12:00:00,Italy,North Italy,IT-NO,160.35,211.44,66.23,58.75,entsoe.eu,false,
2024-06-20 13:00:00,Italy,North Italy,IT-NO,161.33,212.82,65.78,56.7,entsoe.eu,false,
2024-06-20 14:00:00,Italy,North Italy,IT-NO,169.17,219.01,64.75,54.67,entsoe.eu,false,
2024-06-20 15:00:00,Italy,North Italy,IT-NO,182.13,232.94,62.15,52.81,entsoe.eu,false,
2024-06-20 16:00:00,Italy,North Italy,IT-NO,200.29,247.67,60.28,52.33,entsoe.eu,false,
2024-06-20 17:00:00,Italy,North Italy,IT-NO,209.85,255.87,59.08,50.99,entsoe.eu,false,
2024-06-20 18:00:00,Italy,North Italy,IT-NO,209.84,254.65,59.43,51.07,entsoe.eu,false,
2024-06-20 19:00:00,Italy,North Italy,IT-NO,202.93,250.74,59.48,50.46,entsoe.eu,false,
2024-06-20 20:00:00,Italy,North Italy,IT-NO,192.41,244.79,59.87,50.24,entsoe.eu,false,
2024-06-20 21:00:00,Italy,North Italy,IT-NO,174.3,223.19,64.07,52.88,entsoe.eu,false,
2024-06-20 22:00:00,Italy,North Italy,IT-NO,156.24,200.56,68.57,55.65,entsoe.eu,false,
2024-06-20 23:00:00,Italy,North Italy,IT-NO,145.31,187.97,70.72,56.24,entsoe.eu,false,
2024-06-21 00:00:00,Italy,North Italy,IT-NO,143.19,184.74,71.42,56.0,entsoe.eu,false,
2024-06-21 01:00:00,Italy,North Italy,IT-NO,146.35,187.56,71.1,54.93,entsoe.eu,false,
2024-06-21 02:00:00,Italy,North Italy,IT-NO,145.75,186.58,71.34,55.05,entsoe.eu,false,
2024-06-21 03:00:00,Italy,North Italy,IT-NO,143.53,184.47,71.58,55.56,entsoe.eu,false,
2024-06-21 04:00:00,Italy,North Italy,IT-NO,157.34,202.57,67.96,54.87,entsoe.eu,false,
2024-06-21 05:00:00,Italy,North Italy,IT-NO,175.65,224.87,63.76,53.31,entsoe.eu,false,
2024-06-21 06:00:00,Italy,North Italy,IT-NO,180.96,224.16,65.13,55.47,entsoe.eu,false,
2024-06-21 07:00:00,Italy,North Italy,IT-NO,181.03,221.25,66.36,57.46,entsoe.eu,false,
2024-06-21 08:00:00,Italy,North Italy,IT-NO,175.9,216.46,67.08,58.43,entsoe.eu,false,
2024-06-21 09:00:00,Italy,North Italy,IT-NO,169.29,210.62,67.82,59.35,entsoe.eu,false,
2024-06-21 10:00:00,Italy,North Italy,IT-NO,161.63,208.08,67.57,58.75,entsoe.eu,false,
2024-06-21 11:00:00,Italy,North Italy,IT-NO,160.38,208.81,66.97,57.59,entsoe.eu,false,
2024-06-21 12:00:00,Italy,North Italy,IT-NO,165.83,215.49,65.49,56.44,entsoe.eu,false,
2024-06-21 13:00:00,Italy,North Italy,IT-NO,170.95,222.94,63.69,54.76,entsoe.eu,false,
2024-06-21 14:00:00,Italy,North Italy,IT-NO,171.44,223.74,63.46,54.0,entsoe.eu,false,
2024-06-21 15:00:00,Italy,North Italy,IT-NO,180.45,232.36,62.07,52.72,entsoe.eu,false,
2024-06-21 16:00:00,Italy,North Italy,IT-NO,189.94,236.45,62.14,52.91,entsoe.eu,false,
2024-06-21 17:00:00,Italy,North Italy,IT-NO,185.66,230.02,63.5,53.39,entsoe.eu,false,
2024-06-21 18:00:00,Italy,North Italy,IT-NO,187.97,232.4,63.09,52.36,entsoe.eu,false,
2024-06-21 19:00:00,Italy,North Italy,IT-NO,189.62,235.46,62.41,51.3,entsoe.eu,false,
2024-06-21 20:00:00,Italy,North Italy,IT-NO,181.5,229.2,63.37,52.02,entsoe.eu,false,
2024-06-21 21:00:00,Italy,North Italy,IT-NO,167.29,212.37,66.5,54.96,entsoe.eu,false,
2024-06-21 22:00:00,Italy,North Italy,IT-NO,150.11,189.37,70.91,57.8,entsoe.eu,false,
2024-06-21 23:00:00,Italy,North Italy,IT-NO,136.49,177.45,72.61,58.02,entsoe.eu,false,
2024-06-22 00:00:00,Italy,North Italy,IT-NO,122.58,160.48,75.85,59.99,entsoe.eu,false,
2024-06-22 01:00:00,Italy,North Italy,IT-NO,119.27,155.75,77.03,60.72,entsoe.eu,false,
2024-06-22 02:00:00,Italy,North Italy,IT-NO,119.3,152.59,78.2,62.17,entsoe.eu,false,
2024-06-22 03:00:00,Italy,North Italy,IT-NO,119.6,153.72,77.96,62.37,entsoe.eu,false,
2024-06-22 04:00:00,Italy,North Italy,IT-NO,118.1,153.24,77.85,63.0,entsoe.eu,false,
2024-06-22 05:00:00,Italy,North Italy,IT-NO,110.02,143.55,79.83,67.03,entsoe.eu,false,
2024-06-22 06:00:00,Italy,North Italy,IT-NO,102.88,136.99,81.08,70.1,entsoe.eu,false,
2024-06-22 07:00:00,Italy,North Italy,IT-NO,87.97,121.38,83.8,73.82,entsoe.eu,false,
2024-06-22 08:00:00,Italy,North Italy,IT-NO,74.07,106.44,86.37,78.23,entsoe.eu,false,
2024-06-22 09:00:00,Italy,North Italy,IT-NO,70.34,109.12,85.12,79.58,entsoe.eu,false,
2024-06-22 10:00:00,Italy,North Italy,IT-NO,76.6,117.76,83.54,79.81,entsoe.eu,false,
2024-06-22 11:00:00,Italy,North Italy,IT-NO,73.06,113.67,84.35,80.91,entsoe.eu,false,
2024-06-22 12:00:00,Italy,North Italy,IT-NO,76.48,117.95,83.48,80.43,entsoe.eu,false,
2024-06-22 13:00:00,Italy,North Italy,IT-NO,83.85,126.35,81.92,77.94,entsoe.eu,false,
2024-06-22 14:00:00,Italy,North Italy,IT-NO,94.27,132.1,81.51,76.32,entsoe.eu,false,
2024-06-22 15:00:00,Italy,North Italy,IT-NO,104.46,137.78,80.95,73.11,entsoe.eu,false,
2024-06-22 16:00:00,Italy,North Italy,IT-NO,116.33,147.72,79.19,69.21,entsoe.eu,false,
2024-06-22 17:00:00,Italy,North Italy,IT-NO,128.44,155.87,78.32,67.43,entsoe.eu,false,
2024-06-22 18:00:00,Italy,North Italy,IT-NO,140.22,159.2,79.08,67.99,entsoe.eu,false,
2024-06-22 19:00:00,Italy,North Italy,IT-NO,135.81,161.26,77.77,65.93,entsoe.eu,false,
2024-06-22 20:00:00,Italy,North Italy,IT-NO,128.2,161.28,76.64,64.83,entsoe.eu,false,
2024-06-22 21:00:00,Italy,North Italy,IT-NO,114.95,147.49,79.23,66.05,entsoe.eu,false,
2024-06-22 22:00:00,Italy,North Italy,IT-NO,117.69,153.38,77.56,63.86,entsoe.eu,false,
2024-06-22 23:00:00,Italy,North Italy,IT-NO,111.42,145.59,78.93,64.06,entsoe.eu,false,
2024-06-23 00:00:00,Italy,North Italy,IT-NO,111.74,146.25,78.69,63.03,entsoe.eu,false,
2024-06-23 01:00:00,Italy,North Italy,IT-NO,109.75,141.83,79.84,65.18,entsoe.eu,false,
2024-06-23 02:00:00,Italy,North Italy,IT-NO,106.69,137.77,80.78,65.28,entsoe.eu,false,
2024-06-23 03:00:00,Italy,North Italy,IT-NO,107.72,137.27,81.24,65.87,entsoe.eu,false,
2024-06-23 04:00:00,Italy,North Italy,IT-NO,111.35,142.05,80.31,64.91,entsoe.eu,false,
2024-06-23 05:00:00,Italy,North Italy,IT-NO,120.48,146.38,80.21,67.84,entsoe.eu,false,
2024-06-23 06:00:00,Italy,North Italy,IT-NO,124.8,158.06,77.0,66.73,entsoe.eu,false,
2024-06-23 07:00:00,Italy,North Italy,IT-NO,130.07,165.78,75.4,67.88,entsoe.eu,false,
2024-06-23 08:00:00,Italy,North Italy,IT-NO,112.48,152.53,76.98,69.72,entsoe.eu,false,
2024-06-23 09:00:00,Italy,North Italy,IT-NO,116.78,154.59,77.29,71.19,entsoe.eu,false,
2024-06-23 10:00:00,Italy,North Italy,IT-NO,123.5,165.19,75.24,71.12,entsoe.eu,false,
2024-06-23 11:00:00,Italy,North Italy,IT-NO,114.76,154.9,77.29,74.7,entsoe.eu,false,
2024-06-23 12:00:00,Italy,North Italy,IT-NO,122.53,165.96,75.1,73.28,entsoe.eu,false,
2024-06-23 13:00:00,Italy,North Italy,IT-NO,129.91,167.94,75.48,72.36,entsoe.eu,false,
2024-06-23 14:00:00,Italy,North Italy,IT-NO,126.25,164.93,75.8,69.66,entsoe.eu,false,
2024-06-23 15:00:00,Italy,North Italy,IT-NO,125.35,164.16,75.66,67.26,entsoe.eu,false,
2024-06-23 16:00:00,Italy,North Italy,IT-NO,124.03,160.37,76.38,66.37,entsoe.eu,false,
2024-06-23 17:00:00,Italy,North Italy,IT-NO,131.18,164.1,76.31,64.91,entsoe.eu,false,
2024-06-23 18:00:00,Italy,North Italy,IT-NO,134.49,164.64,76.52,64.44,entsoe.eu,false,
2024-06-23 19:00:00,Italy,North Italy,IT-NO,133.76,165.23,76.33,63.74,entsoe.eu,false,
2024-06-23 20:00:00,Italy,North Italy,IT-NO,121.1,155.4,77.41,64.03,entsoe.eu,false,
2024-06-23 21:00:00,Italy,North Italy,IT-NO,116.29,148.97,78.9,64.62,entsoe.eu,false,
2024-06-23 22:00:00,Italy,North Italy,IT-NO,108.13,140.77,80.14,65.39,entsoe.eu,false,
2024-06-23 23:00:00,Italy,North Italy,IT-NO,95.85,132.34,80.9,64.68,entsoe.eu,false,
2024-06-24 00:00:00,Italy,North Italy,IT-NO,87.61,126.63,81.38,63.78,entsoe.eu,false,
2024-06-24 01:00:00,Italy,North Italy,IT-NO,87.57,126.67,81.38,63.77,entsoe.eu,false,
2024-06-24 02:00:00,Italy,North Italy,IT-NO,92.0,132.02,80.49,63.18,entsoe.eu,false,
2024-06-24 03:00:00,Italy,North Italy,IT-NO,105.24,144.98,78.6,62.32,entsoe.eu,false,
2024-06-24 04:00:00,Italy,North Italy,IT-NO,148.69,192.42,70.79,58.18,entsoe.eu,false,
2024-06-24 05:00:00,Italy,North Italy,IT-NO,164.28,197.72,71.49,60.93,entsoe.eu,false,
2024-06-24 06:00:00,Italy,North Italy,IT-NO,162.16,199.16,70.86,60.17,entsoe.eu,false,
2024-06-24 07:00:00,Italy,North Italy,IT-NO,160.96,193.6,72.2,61.43,entsoe.eu,false,
2024-06-24 08:00:00,Italy,North Italy,IT-NO,151.91,188.28,72.43,61.2,entsoe.eu,false,
2024-06-24 09:00:00,Italy,North Italy,IT-NO,156.38,188.18,73.32,62.64,entsoe.eu,false,
2024-06-24 10:00:00,Italy,North Italy,IT-NO,143.8,181.4,73.64,63.23,entsoe.eu,false,
2024-06-24 11:00:00,Italy,North Italy,IT-NO,132.62,173.83,74.36,64.03,entsoe.eu,false,
2024-06-24 12:00:00,Italy,North Italy,IT-NO,135.63,177.0,73.78,63.47,entsoe.eu,false,
2024-06-24 13:00:00,Italy,North Italy,IT-NO,146.46,189.83,71.08,60.62,entsoe.eu,false,
2024-06-24 14:00:00,Italy,North Italy,IT-NO,151.57,195.29,70.06,60.2,entsoe.eu,false,
2024-06-24 15:00:00,Italy,North Italy,IT-NO,153.86,197.32,69.65,59.23,entsoe.eu,false,
2024-06-24 16:00:00,Italy,North Italy,IT-NO,161.38,207.81,67.26,57.36,entsoe.eu,false,
2024-06-24 17:00:00,Italy,North Italy,IT-NO,180.01,219.91,66.3,56.85,entsoe.eu,false,
2024-06-24 18:00:00,Italy,North Italy,IT-NO,181.21,218.47,67.03,57.03,entsoe.eu,false,
2024-06-24 19:00:00,Italy,North Italy,IT-NO,178.62,220.52,66.0,55.77,entsoe.eu,false,
2024-06-24 20:00:00,Italy,North Italy,IT-NO,166.09,215.44,65.71,55.35,entsoe.eu,false,
2024-06-24 21:00:00,Italy,North Italy,IT-NO,151.77,197.61,69.17,57.71,entsoe.eu,false,
2024-06-24 22:00:00,Italy,North Italy,IT-NO,142.13,184.99,72.03,59.34,entsoe.eu,false,
2024-06-24 23:00:00,Italy,North Italy,IT-NO,124.73,168.31,74.65,59.64,entsoe.eu,false,
2024-06-25 00:00:00,Italy,North Italy,IT-NO,122.97,169.18,73.98,58.76,entsoe.eu,false,
2024-06-25 01:00:00,Italy,North Italy,IT-NO,116.94,161.98,75.04,59.43,entsoe.eu,false,
2024-06-25 02:00:00,Italy,North Italy,IT-NO,119.6,162.8,75.23,59.87,entsoe.eu,false,
2024-06-25 03:00:00,Italy,North Italy,IT-NO,126.76,169.34,74.2,60.36,entsoe.eu,false,
2024-06-25 04:00:00,Italy,North Italy,IT-NO,153.12,195.15,70.43,58.6,entsoe.eu,false,
2024-06-25 05:00:00,Italy,North Italy,IT-NO,166.16,201.2,70.5,60.51,entsoe.eu,false,
2024-06-25 06:00:00,Italy,North Italy,IT-NO,168.92,203.79,70.19,60.61,entsoe.eu,false,
2024-06-25 07:00:00,Italy,North Italy,IT-NO,160.05,195.02,71.64,62.36,entsoe.eu,false,
2024-06-25 08:00:00,Italy,North Italy,IT-NO,151.8,194.58,70.42,60.93,entsoe.eu,false,
2024-06-25 09:00:00,Italy,North Italy,IT-NO,143.55,189.65,70.7,61.63,entsoe.eu,false,
2024-06-25 10:00:00,Italy,North Italy,IT-NO,130.0,172.67,74.18,65.46,entsoe.eu,false,
2024-06-25 11:00:00,Italy,North Italy,IT-NO,132.06,174.84,74.16,66.18,entsoe.eu,false,
2024-06-25 12:00:00,Italy,North Italy,IT-NO,134.35,177.13,73.78,66.12,entsoe.eu,false,
2024-06-25 13:00:00,Italy,North Italy,IT-NO,129.3,171.06,74.66,64.93,entsoe.eu,false,
2024-06-25 14:00:00,Italy,North Italy,IT-NO,141.67,186.51,71.48,61.28,entsoe.eu,false,
2024-06-25 15:00:00,Italy,North Italy,IT-NO,152.21,198.81,68.96,58.64,entsoe.eu,false,
2024-06-25 16:00:00,Italy,North Italy,IT-NO,169.51,216.69,65.86,55.69,entsoe.eu,false,
2024-06-25 17:00:00,Italy,North Italy,IT-NO,183.31,229.69,63.69,54.51,entsoe.eu,false,
2024-06-25 18:00:00,Italy,North Italy,IT-NO,192.88,234.4,63.63,54.96,entsoe.eu,false,
2024-06-25 19:00:00,Italy,North Italy,IT-NO,179.97,227.93,63.78,53.84,entsoe.eu,false,
2024-06-25 20:00:00,Italy,North Italy,IT-NO,173.96,222.4,64.9,54.45,entsoe.eu,false,
2024-06-25 21:00:00,Italy,North Italy,IT-NO,152.83,195.53,70.23,58.72,entsoe.eu,false,
2024-06-25 22:00:00,Italy,North Italy,IT-NO,132.07,173.38,74.15,61.88,entsoe.eu,false,
2024-06-25 23:00:00,Italy,North Italy,IT-NO,118.81,160.46,75.96,60.56,entsoe.eu,false,
2024-06-26 00:00:00,Italy,North Italy,IT-NO,119.98,160.77,75.91,59.8,entsoe.eu,false,
2024-06-26 01:00:00,Italy,North Italy,IT-NO,123.65,162.32,75.91,58.99,entsoe.eu,false,
2024-06-26 02:00:00,Italy,North Italy,IT-NO,123.52,161.18,76.04,59.1,entsoe.eu,false,
2024-06-26 03:00:00,Italy,North Italy,IT-NO,127.64,166.87,75.02,58.69,entsoe.eu,false,
2024-06-26 04:00:00,Italy,North Italy,IT-NO,151.25,192.78,70.47,57.64,entsoe.eu,false,
2024-06-26 05:00:00,Italy,North Italy,IT-NO,169.62,209.5,68.14,57.9,entsoe.eu,false,
2024-06-26 06:00:00,Italy,North Italy,IT-NO,161.82,200.94,69.91,59.77,entsoe.eu,false,
2024-06-26 07:00:00,Italy,North Italy,IT-NO,150.37,190.78,71.54,62.41,entsoe.eu,false,
2024-06-26 08:00:00,Italy,North Italy,IT-NO,135.89,178.17,73.48,64.6,entsoe.eu,false,
2024-06-26 09:00:00,Italy,North Italy,IT-NO,126.36,172.53,73.78,64.55,entsoe.eu,false,
2024-06-26 10:00:00,Italy,North Italy,IT-NO,122.67,166.7,75.27,67.03,entsoe.eu,false,
2024-06-26 11:00:00,Italy,North Italy,IT-NO,118.73,161.43,76.37,67.96,entsoe.eu,false,
2024-06-26 12:00:00,Italy,North Italy,IT-NO,117.66,160.36,76.44,68.38,entsoe.eu,false,
2024-06-26 13:00:00,Italy,North Italy,IT-NO,117.15,159.31,76.58,67.67,entsoe.eu,false,
2024-06-26 14:00:00,Italy,North Italy,IT-NO,133.25,178.36,72.74,63.83,entsoe.eu,false,
2024-06-26 15:00:00,Italy,North Italy,IT-NO,147.54,192.44,70.33,61.38,entsoe.eu,false,
2024-06-26 16:00:00,Italy,North Italy,IT-NO,172.77,221.9,64.7,56.03,entsoe.eu,false,
2024-06-26 17:00:00,Italy,North Italy,IT-NO,201.34,250.05,59.9,52.68,entsoe.eu,false,
2024-06-26 18:00:00,Italy,North Italy,IT-NO,212.55,264.86,56.97,50.26,entsoe.eu,false,
2024-06-26 19:00:00,Italy,North Italy,IT-NO,211.56,263.77,57.25,50.79,entsoe.eu,false,
2024-06-26 20:00:00,Italy,North Italy,IT-NO,216.05,271.04,55.81,50.36,entsoe.eu,false,
2024-06-26 21:00:00,Italy,North Italy,IT-NO,187.55,238.76,61.84,53.44,entsoe.eu,false,
2024-06-26 22:00:00,Italy,North Italy,IT-NO,171.1,216.36,66.34,56.66,entsoe.eu,false,
2024-06-26 23:00:00,Italy,North Italy,IT-NO,136.53,176.16,73.58,59.16,entsoe.eu,false,
2024-06-27 00:00:00,Italy,North Italy,IT-NO,129.32,166.84,75.28,58.95,entsoe.eu,false,
2024-06-27 01:00:00,Italy,North Italy,IT-NO,125.58,162.35,76.07,59.11,entsoe.eu,false,
2024-06-27 02:00:00,Italy,North Italy,IT-NO,118.14,153.26,77.92,59.81,entsoe.eu,false,
2024-06-27 03:00:00,Italy,North Italy,IT-NO,115.76,154.45,77.02,59.6,entsoe.eu,false,
2024-06-27 04:00:00,Italy,North Italy,IT-NO,148.85,190.44,70.78,58.43,entsoe.eu,false,
2024-06-27 05:00:00,Italy,North Italy,IT-NO,156.59,199.66,69.22,59.16,entsoe.eu,false,
2024-06-27 06:00:00,Italy,North Italy,IT-NO,144.5,187.6,71.15,61.72,entsoe.eu,false,
2024-06-27 07:00:00,Italy,North Italy,IT-NO,127.73,168.92,74.62,65.36,entsoe.eu,false,
2024-06-27 08:00:00,Italy,North Italy,IT-NO,118.12,158.16,76.71,67.21,entsoe.eu,false,
2024-06-27 09:00:00,Italy,North Italy,IT-NO,113.27,154.25,77.29,67.44,entsoe.eu,false,
2024-06-27 10:00:00,Italy,North Italy,IT-NO,100.75,142.51,79.24,69.11,entsoe.eu,false,
2024-06-27 11:00:00,Italy,North Italy,IT-NO,97.16,140.89,79.29,68.79,entsoe.eu,false,
2024-06-27 12:00:00,Italy,North Italy,IT-NO,101.89,143.65,79.01,68.69,entsoe.eu,false,
2024-06-27 13:00:00,Italy,North Italy,IT-NO,108.26,145.75,79.19,68.83,entsoe.eu,false,
2024-06-27 14:00:00,Italy,North Italy,IT-NO,118.41,158.04,76.66,66.55,entsoe.eu,false,
2024-06-27 15:00:00,Italy,North Italy,IT-NO,129.42,170.32,74.38,64.32,entsoe.eu,false,
2024-06-27 16:00:00,Italy,North Italy,IT-NO,148.7,190.63,70.68,60.42,entsoe.eu,false,
2024-06-27 17:00:00,Italy,North Italy,IT-NO,169.58,208.56,68.13,58.4,entsoe.eu,false,
2024-06-27 18:00:00,Italy,North Italy,IT-NO,171.24,211.08,67.5,57.31,entsoe.eu,false,
2024-06-27 19:00:00,Italy,North Italy,IT-NO,179.54,218.59,66.49,56.64,entsoe.eu,false,
2024-06-27 20:00:00,Italy,North Italy,IT-NO,172.8,213.14,67.32,57.44,entsoe.eu,false,
2024-06-27 21:00:00,Italy,North Italy,IT-NO,163.45,207.24,67.69,56.96,entsoe.eu,false,
2024-06-27 22:00:00,Italy,North Italy,IT-NO,165.11,209.5,68.35,56.31,entsoe.eu,false,
2024-06-27 23:00:00,Italy,North Italy,IT-NO,144.62,183.07,73.28,59.76,entsoe.eu,false,
2024-06-28 00:00:00,Italy,North Italy,IT-NO,135.83,172.27,75.44,61.29,entsoe.eu,false,
2024-06-28 01:00:00,Italy,North Italy,IT-NO,139.69,178.29,74.17,60.9,entsoe.eu,false,
2024-06-28 02:00:00,Italy,North Italy,IT-NO,157.26,199.7,70.68,56.93,entsoe.eu,false,
2024-06-28 03:00:00,Italy,North Italy,IT-NO,153.07,190.73,72.37,60.74,entsoe.eu,false,
2024-06-28 04:00:00,Italy,North Italy,IT-NO,158.75,195.14,71.71,61.87,entsoe.eu,false,
2024-06-28 05:00:00,Italy,North Italy,IT-NO,143.89,175.99,74.62,63.64,entsoe.eu,false,
2024-06-28 06:00:00,Italy,North Italy,IT-NO,135.23,168.28,75.68,65.26,entsoe.eu,false,
2024-06-28 07:00:00,Italy,North Italy,IT-NO,135.23,170.78,76.01,66.86,entsoe.eu,false,
2024-06-28 08:00:00,Italy,North Italy,IT-NO,107.85,141.07,81.31,73.54,entsoe.eu,false,
2024-06-28 09:00:00,Italy,North Italy,IT-NO,119.86,159.38,77.64,69.4,entsoe.eu,false,
2024-06-28 10:00:00,Italy,North Italy,IT-NO,116.48,156.97,78.49,70.39,entsoe.eu,false,
2024-06-28 11:00:00,Italy,North Italy,IT-NO,114.54,160.59,77.25,69.77,entsoe.eu,false,
2024-06-28 12:00:00,Italy,North Italy,IT-NO,95.13,135.22,81.63,75.95,entsoe.eu,false,
2024-06-28 13:00:00,Italy,North Italy,IT-NO,123.19,166.45,76.41,68.46,entsoe.eu,false,
2024-06-28 14:00:00,Italy,North Italy,IT-NO,104.93,142.94,80.24,72.58,entsoe.eu,false,
2024-06-28 15:00:00,Italy,North Italy,IT-NO,118.75,154.87,78.38,69.64,entsoe.eu,false,
2024-06-28 16:00:00,Italy,North Italy,IT-NO,155.46,193.92,71.67,60.87,entsoe.eu,false,
2024-06-28 17:00:00,Italy,North Italy,IT-NO,152.39,184.06,73.93,63.77,entsoe.eu,false,
2024-06-28 18:00:00,Italy,North Italy,IT-NO,173.41,207.34,70.13,58.98,entsoe.eu,false,
2024-06-28 19:00:00,Italy,North Italy,IT-NO,157.86,197.25,70.75,60.26,entsoe.eu,false,
2024-06-28 20:00:00,Italy,North Italy,IT-NO,170.05,213.47,68.09,57.08,entsoe.eu,false,
2024-06-28 21:00:00,Italy,North Italy,IT-NO,146.24,184.78,73.03,62.82,entsoe.eu,false,
2024-06-28 22:00:00,Italy,North Italy,IT-NO,120.41,154.37,77.48,65.44,entsoe.eu,false,
2024-06-28 23:00:00,Italy,North Italy,IT-NO,112.9,144.1,79.83,65.39,entsoe.eu,false,
2024-06-29 00:00:00,Italy,North Italy,IT-NO,104.05,135.12,81.2,64.87,entsoe.eu,false,
2024-06-29 01:00:00,Italy,North Italy,IT-NO,105.19,136.96,80.7,64.75,entsoe.eu,false,
2024-06-29 02:00:00,Italy,North Italy,IT-NO,103.88,135.04,81.25,65.14,entsoe.eu,false,
2024-06-29 03:00:00,Italy,North Italy,IT-NO,104.61,135.64,81.23,64.26,entsoe.eu,false,
2024-06-29 04:00:00,Italy,North Italy,IT-NO,101.68,132.38,81.77,65.16,entsoe.eu,false,
2024-06-29 05:00:00,Italy,North Italy,IT-NO,96.07,126.43,82.94,67.17,entsoe.eu,false,
2024-06-29 06:00:00,Italy,North Italy,IT-NO,89.8,120.51,83.91,69.79,entsoe.eu,false,
2024-06-29 07:00:00,Italy,North Italy,IT-NO,83.33,113.67,85.27,72.5,entsoe.eu,false,
2024-06-29 08:00:00,Italy,North Italy,IT-NO,83.99,115.32,85.02,76.22,entsoe.eu,false,
2024-06-29 09:00:00,Italy,North Italy,IT-NO,68.52,97.84,88.23,80.89,entsoe.eu,false,
2024-06-29 10:00:00,Italy,North Italy,IT-NO,70.11,100.95,87.54,81.81,entsoe.eu,false,
2024-06-29 11:00:00,Italy,North Italy,IT-NO,69.33,101.54,87.37,81.61,entsoe.eu,false,
2024-06-29 12:00:00,Italy,North Italy,IT-NO,71.93,103.28,87.21,79.08,entsoe.eu,false,
2024-06-29 13:00:00,Italy,North Italy,IT-NO,78.98,106.09,87.0,76.02,entsoe.eu,false,
2024-06-29 14:00:00,Italy,North Italy,IT-NO,80.89,110.47,85.52,69.96,entsoe.eu,false,
2024-06-29 15:00:00,Italy,North Italy,IT-NO,94.74,124.25,83.2,67.9,entsoe.eu,false,
2024-06-29 16:00:00,Italy,North Italy,IT-NO,116.1,146.55,79.11,67.02,entsoe.eu,false,
2024-06-29 17:00:00,Italy,North Italy,IT-NO,130.89,163.88,75.94,63.87,entsoe.eu,false,
2024-06-29 18:00:00,Italy,North Italy,IT-NO,130.32,163.3,76.0,63.73,entsoe.eu,false,
2024-06-29 19:00:00,Italy,North Italy,IT-NO,136.44,169.55,74.96,62.79,entsoe.eu,false,
2024-06-29 20:00:00,Italy,North Italy,IT-NO,132.77,168.12,75.11,61.98,entsoe.eu,false,
2024-06-29 21:00:00,Italy,North Italy,IT-NO,125.86,159.98,76.67,62.41,entsoe.eu,false,
2024-06-29 22:00:00,Italy,North Italy,IT-NO,119.0,151.67,78.02,62.3,entsoe.eu,false,
2024-06-29 23:00:00,Italy,North Italy,IT-NO,129.51,163.16,77.18,61.07,entsoe.eu,false,
2024-06-30 00:00:00,Italy,North Italy,IT-NO,99.82,127.13,82.72,66.99,entsoe.eu,false,
2024-06-30 01:00:00,Italy,North Italy,IT-NO,106.41,134.15,82.02,65.44,entsoe.eu,false,
2024-06-30 02:00:00,Italy,North Italy,IT-NO,111.22,136.94,82.14,65.15,entsoe.eu,false,
2024-06-30 03:00:00,Italy,North Italy,IT-NO,112.04,138.2,81.84,65.52,entsoe.eu,false,
2024-06-30 04:00:00,Italy,North Italy,IT-NO,100.63,126.47,83.64,68.59,entsoe.eu,false,
2024-06-30 05:00:00,Italy,North Italy,IT-NO,94.44,122.55,83.67,73.24,entsoe.eu,false,
2024-06-30 06:00:00,Italy,North Italy,IT-NO,91.97,120.46,84.34,77.8,entsoe.eu,false,
2024-06-30 07:00:00,Italy,North Italy,IT-NO,83.77,111.92,85.98,83.1,entsoe.eu,false,
2024-06-30 08:00:00,Italy,North Italy,IT-NO,68.21,98.05,88.11,86.19,entsoe.eu,false,
2024-06-30 09:00:00,Italy,North Italy,IT-NO,60.48,91.29,89.16,87.77,entsoe.eu,false,
2024-06-30 10:00:00,Italy,North Italy,IT-NO,58.07,89.33,89.46,88.94,entsoe.eu,false,
2024-06-30 11:00:00,Italy,North Italy,IT-NO,52.88,84.63,90.57,90.31,entsoe.eu,false,
2024-06-30 12:00:00,Italy,North Italy,IT-NO,45.79,80.79,90.68,89.38,entsoe.eu,false,
2024-06-30 13:00:00,Italy,North Italy,IT-NO,43.53,76.93,90.92,87.88,entsoe.eu,false,
2024-06-30 14:00:00,Italy,North Italy,IT-NO,55.88,91.08,88.06,83.66,entsoe.eu,false,
2024-06-30 15:00:00,Italy,North Italy,IT-NO,86.79,123.91,82.73,77.6,entsoe.eu,false,
2024-06-30 16:00:00,Italy,North Italy,IT-NO,116.58,146.24,79.84,72.68,entsoe.eu,false,
2024-06-30 17:00:00,Italy,North Italy,IT-NO,140.63,166.07,77.11,68.29,entsoe.eu,false,
2024-06-30 18:00:00,Italy,North Italy,IT-NO,152.19,177.73,75.22,66.17,entsoe.eu,false,
2024-06-30 19:00:00,Italy,North Italy,IT-NO,149.13,177.42,74.72,64.24,entsoe.eu,false,
2024-06-30 20:00:00,Italy,North Italy,IT-NO,159.95,182.14,74.88,66.31,entsoe.eu,false,
2024-06-30 21:00:00,Italy,North Italy,IT-NO,148.95,174.0,75.98,66.08,entsoe.eu,false,
2024-06-30 22:00:00,Italy,North Italy,IT-NO,113.15,144.95,79.52,65.89,entsoe.eu,false,
2024-06-30 23:00:00,Italy,North Italy,IT-NO,104.17,135.46,81.09,65.87,entsoe.eu,false,
2024-07-01 00:00:00,Italy,North Italy,IT-NO,132.01,169.38,76.24,61.13,entsoe.eu,false,
2024-07-01 01:00:00,Italy,North Italy,IT-NO,136.4,174.26,75.24,59.86,entsoe.eu,false,
2024-07-01 02:00:00,Italy,North Italy,IT-NO,145.97,185.59,73.72,57.1,entsoe.eu,false,
2024-07-01 03:00:00,Italy,North Italy,IT-NO,139.11,177.29,74.8,59.59,entsoe.eu,false,
2024-07-01 04:00:00,Italy,North Italy,IT-NO,144.67,183.63,72.63,58.19,entsoe.eu,false,
2024-07-01 05:00:00,Italy,North Italy,IT-NO,153.87,188.54,72.49,62.7,entsoe.eu,false,
2024-07-01 06:00:00,Italy,North Italy,IT-NO,183.89,222.38,67.9,58.94,entsoe.eu,false,
2024-07-01 07:00:00,Italy,North Italy,IT-NO,142.12,178.32,74.21,65.9,entsoe.eu,false,
2024-07-01 08:00:00,Italy,North Italy,IT-NO,161.87,206.78,69.36,60.47,entsoe.eu,false,
2024-07-01 09:00:00,Italy,North Italy,IT-NO,142.13,187.42,71.39,62.22,entsoe.eu,false,
2024-07-01 10:00:00,Italy,North Italy,IT-NO,110.21,151.02,77.74,70.37,entsoe.eu,false,
2024-07-01 11:00:00,Italy,North Italy,IT-NO,130.93,175.3,74.31,67.15,entsoe.eu,false,
2024-07-01 12:00:00,Italy,North Italy,IT-NO,143.72,191.09,71.43,64.45,entsoe.eu,false,
2024-07-01 13:00:00,Italy,North Italy,IT-NO,151.39,196.97,69.29,61.84,entsoe.eu,false,
2024-07-01 14:00:00,Italy,North Italy,IT-NO,150.19,193.59,70.11,63.33,entsoe.eu,false,
2024-07-01 15:00:00,Italy,North Italy,IT-NO,175.39,220.85,65.19,57.69,entsoe.eu,false,
2024-07-01 16:00:00,Italy,North Italy,IT-NO,213.53,264.62,58.75,50.48,entsoe.eu,false,
2024-07-01 17:00:00,Italy,North Italy,IT-NO,197.41,237.67,63.22,55.64,entsoe.eu,false,
2024-07-01 18:00:00,Italy,North Italy,IT-NO,216.68,259.15,60.77,53.86,entsoe.eu,false,
2024-07-01 19:00:00,Italy,North Italy,IT-NO,186.59,231.39,63.54,54.84,entsoe.eu,false,
2024-07-01 20:00:00,Italy,North Italy,IT-NO,214.63,270.09,57.38,47.89,entsoe.eu,false,
2024-07-01 21:00:00,Italy,North Italy,IT-NO,186.46,234.47,63.99,53.82,entsoe.eu,false,
2024-07-01 22:00:00,Italy,North Italy,IT-NO,164.42,209.74,67.41,53.97,entsoe.eu,false,
2024-07-01 23:00:00,Italy,North Italy,IT-NO,155.15,197.34,69.99,55.26,entsoe.eu,false,
2024-07-02 00:00:00,Italy,North Italy,IT-NO,141.71,180.99,72.99,56.9,entsoe.eu,false,
2024-07-02 01:00:00,Italy,North Italy,IT-NO,136.38,176.93,73.36,56.43,entsoe.eu,false,
2024-07-02 02:00:00,Italy,North Italy,IT-NO,132.3,176.96,72.67,55.24,entsoe.eu,false,
2024-07-02 03:00:00,Italy,North Italy,IT-NO,136.05,179.17,72.72,56.4,entsoe.eu,false,
2024-07-02 04:00:00,Italy,North Italy,IT-NO,163.27,205.59,68.71,56.15,entsoe.eu,false,
2024-07-02 05:00:00,Italy,North Italy,IT-NO,161.59,201.29,69.9,58.81,entsoe.eu,false,
2024-07-02 06:00:00,Italy,North Italy,IT-NO,161.88,202.8,69.33,60.13,entsoe.eu,false,
2024-07-02 07:00:00,Italy,North Italy,IT-NO,151.52,192.42,71.25,62.56,entsoe.eu,false,
2024-07-02 08:00:00,Italy,North Italy,IT-NO,140.33,183.41,72.52,63.98,entsoe.eu,false,
2024-07-02 09:00:00,Italy,North Italy,IT-NO,127.21,168.74,75.13,66.84,entsoe.eu,false,
2024-07-02 10:00:00,Italy,North Italy,IT-NO,124.65,163.09,76.73,68.97,entsoe.eu,false,
2024-07-02 11:00:00,Italy,North Italy,IT-NO,132.07,172.6,74.82,66.91,entsoe.eu,false,
2024-07-02 12:00:00,Italy,North Italy,IT-NO,136.15,176.56,74.09,65.98,entsoe.eu,false,
2024-07-02 13:00:00,Italy,North Italy,IT-NO,147.26,190.84,71.05,62.99,entsoe.eu,false,
2024-07-02 14:00:00,Italy,North Italy,IT-NO,155.92,197.47,70.14,62.4,entsoe.eu,false,
2024-07-02 15:00:00,Italy,North Italy,IT-NO,166.86,206.71,68.78,61.03,entsoe.eu,false,
2024-07-02 16:00:00,Italy,North Italy,IT-NO,178.32,218.12,66.93,57.93,entsoe.eu,false,
2024-07-02 17:00:00,Italy,North Italy,IT-NO,191.1,232.6,64.15,54.63,entsoe.eu,false,
2024-07-02 18:00:00,Italy,North Italy,IT-NO,198.79,237.02,63.75,54.61,entsoe.eu,false,
2024-07-02 19:00:00,Italy,North Italy,IT-NO,197.09,243.26,61.7,51.67,entsoe.eu,false,
2024-07-02 20:00:00,Italy,North Italy,IT-NO,205.89,254.84,59.46,51.49,entsoe.eu,false,
2024-07-02 21:00:00,Italy,North Italy,IT-NO,173.68,220.55,65.41,54.12,entsoe.eu,false,
2024-07-02 22:00:00,Italy,North Italy,IT-NO,149.99,190.8,71.05,57.99,entsoe.eu,false,
2024-07-02 23:00:00,Italy,North Italy,IT-NO,145.49,187.77,71.09,56.48,entsoe.eu,false,
2024-07-03 00:00:00,Italy,North Italy,IT-NO,140.61,182.45,71.88,56.05,entsoe.eu,false,
2024-07-03 01:00:00,Italy,North Italy,IT-NO,139.87,182.09,71.7,55.51,entsoe.eu,false,
2024-07-03 02:00:00,Italy,North Italy,IT-NO,138.64,179.53,72.4,55.72,entsoe.eu,false,
2024-07-03 03:00:00,Italy,North Italy,IT-NO,145.3,186.79,71.27,56.03,entsoe.eu,false,
2024-07-03 04:00:00,Italy,North Italy,IT-NO,167.96,212.41,66.61,54.67,entsoe.eu,false,
2024-07-03 05:00:00,Italy,North Italy,IT-NO,185.54,234.03,62.55,53.2,entsoe.eu,false,
2024-07-03 06:00:00,Italy,North Italy,IT-NO,191.72,238.95,62.04,52.84,entsoe.eu,false,
2024-07-03 07:00:00,Italy,North Italy,IT-NO,179.36,229.77,62.83,54.05,entsoe.eu,false,
2024-07-03 08:00:00,Italy,North Italy,IT-NO,183.54,233.09,62.41,54.09,entsoe.eu,false,
2024-07-03 09:00:00,Italy,North Italy,IT-NO,160.36,207.85,67.0,59.69,entsoe.eu,false,
2024-07-03 10:00:00,Italy,North Italy,IT-NO,145.8,192.06,69.88,60.81,entsoe.eu,false,
2024-07-03 11:00:00,Italy,North Italy,IT-NO,138.67,184.65,71.22,62.33,entsoe.eu,false,
2024-07-03 12:00:00,Italy,North Italy,IT-NO,125.87,170.23,73.81,66.31,entsoe.eu,false,
2024-07-03 13:00:00,Italy,North Italy,IT-NO,144.39,190.36,70.16,62.64,entsoe.eu,false,
2024-07-03 14:00:00,Italy,North Italy,IT-NO,155.28,204.09,67.34,59.51,entsoe.eu,false,
2024-07-03 15:00:00,Italy,North Italy,IT-NO,165.52,216.79,64.79,56.03,entsoe.eu,false,
2024-07-03 16:00:00,Italy,North Italy,IT-NO,183.1,235.0,61.56,51.88,entsoe.eu,false,
2024-07-03 17:00:00,Italy,North Italy,IT-NO,190.39,229.65,64.4,55.04,entsoe.eu,false,
2024-07-03 18:00:00,Italy,North Italy,IT-NO,183.81,224.21,65.09,54.66,entsoe.eu,false,
2024-07-03 19:00:00,Italy,North Italy,IT-NO,181.25,226.38,64.01,53.08,entsoe.eu,false,
2024-07-03 20:00:00,Italy,North Italy,IT-NO,174.84,219.37,65.43,54.16,entsoe.eu,false,
2024-07-03 21:00:00,Italy,North Italy,IT-NO,165.93,209.24,67.29,54.7,entsoe.eu,false,
2024-07-03 22:00:00,Italy,North Italy,IT-NO,174.64,218.84,67.35,54.34,entsoe.eu,false,
2024-07-03 23:00:00,Italy,North Italy,IT-NO,128.88,165.89,75.25,61.23,entsoe.eu,false,
2024-07-04 00:00:00,Italy,North Italy,IT-NO,128.79,166.1,75.39,58.88,entsoe.eu,false,
2024-07-04 01:00:00,Italy,North Italy,IT-NO,145.51,185.97,72.69,58.41,entsoe.eu,false,
2024-07-04 02:00:00,Italy,North Italy,IT-NO,121.45,157.37,76.47,61.7,entsoe.eu,false,
2024-07-04 03:00:00,Italy,North Italy,IT-NO,163.73,206.89,69.27,54.9,entsoe.eu,false,
2024-07-04 04:00:00,Italy,North Italy,IT-NO,141.46,178.05,73.11,61.29,entsoe.eu,false,
2024-07-04 05:00:00,Italy,North Italy,IT-NO,177.07,222.45,66.38,55.4,entsoe.eu,false,
2024-07-04 06:00:00,Italy,North Italy,IT-NO,124.13,163.05,75.42,66.43,entsoe.eu,false,
2024-07-04 07:00:00,Italy,North Italy,IT-NO,133.29,176.22,72.96,63.71,entsoe.eu,false,
2024-07-04 08:00:00,Italy,North Italy,IT-NO,113.08,153.64,78.16,71.04,entsoe.eu,false,
2024-07-04 09:00:00,Italy,North Italy,IT-NO,128.02,170.9,75.29,67.36,entsoe.eu,false,
2024-07-04 10:00:00,Italy,North Italy,IT-NO,89.87,131.74,80.74,72.79,entsoe.eu,false,
2024-07-04 11:00:00,Italy,North Italy,IT-NO,95.75,138.78,80.51,73.96,entsoe.eu,false,
2024-07-04 12:00:00,Italy,North Italy,IT-NO,126.32,172.38,74.82,67.22,entsoe.eu,false,
2024-07-04 13:00:00,Italy,North Italy,IT-NO,103.39,144.87,79.62,72.71,entsoe.eu,false,
2024-07-04 14:00:00,Italy,North Italy,IT-NO,132.38,177.68,73.64,64.8,entsoe.eu,false,
2024-07-04 15:00:00,Italy,North Italy,IT-NO,150.57,195.76,70.85,61.07,entsoe.eu,false,
2024-07-04 16:00:00,Italy,North Italy,IT-NO,135.73,176.44,72.77,63.21,entsoe.eu,false,
2024-07-04 17:00:00,Italy,North Italy,IT-NO,160.74,200.16,68.87,59.71,entsoe.eu,false,
2024-07-04 18:00:00,Italy,North Italy,IT-NO,164.36,200.79,69.22,59.28,entsoe.eu,false,
2024-07-04 19:00:00,Italy,North Italy,IT-NO,185.33,230.51,64.28,54.55,entsoe.eu,false,
2024-07-04 20:00:00,Italy,North Italy,IT-NO,152.14,193.11,69.96,58.14,entsoe.eu,false,
2024-07-04 21:00:00,Italy,North Italy,IT-NO,172.53,217.7,67.03,53.85,entsoe.eu,false,
2024-07-04 22:00:00,Italy,North Italy,IT-NO,142.13,184.18,72.18,57.96,entsoe.eu,false,
2024-07-04 23:00:00,Italy,North Italy,IT-NO,138.19,179.7,72.9,56.87,entsoe.eu,false,
2024-07-05 00:00:00,Italy,North Italy,IT-NO,136.92,178.69,72.94,56.45,entsoe.eu,false,
2024-07-05 01:00:00,Italy,North Italy,IT-NO,116.46,154.66,76.16,58.64,entsoe.eu,false,
2024-07-05 02:00:00,Italy,North Italy,IT-NO,113.51,150.94,76.89,59.41,entsoe.eu,false,
2024-07-05 03:00:00,Italy,North Italy,IT-NO,109.37,145.73,77.85,61.37,entsoe.eu,false,
2024-07-05 04:00:00,Italy,North Italy,IT-NO,145.98,186.04,72.12,58.75,entsoe.eu,false,
2024-07-05 05:00:00,Italy,North Italy,IT-NO,151.33,190.64,71.66,60.04,entsoe.eu,false,
2024-07-05 06:00:00,Italy,North Italy,IT-NO,158.42,200.28,70.2,59.86,entsoe.eu,false,
2024-07-05 07:00:00,Italy,North Italy,IT-NO,108.37,143.76,79.43,70.38,entsoe.eu,false,
2024-07-05 08:00:00,Italy,North Italy,IT-NO,118.77,160.58,76.6,68.09,entsoe.eu,false,
2024-07-05 09:00:00,Italy,North Italy,IT-NO,111.35,152.28,78.24,70.46,entsoe.eu,false,
2024-07-05 10:00:00,Italy,North Italy,IT-NO,103.55,145.8,79.07,71.71,entsoe.eu,false,
2024-07-05 11:00:00,Italy,North Italy,IT-NO,87.05,129.68,81.66,75.55,entsoe.eu,false,
2024-07-05 12:00:00,Italy,North Italy,IT-NO,90.66,132.77,80.04,72.28,entsoe.eu,false,
2024-07-05 13:00:00,Italy,North Italy,IT-NO,107.77,148.88,77.69,69.24,entsoe.eu,false,
2024-07-05 14:00:00,Italy,North Italy,IT-NO,133.37,178.83,72.98,64.11,entsoe.eu,false,
2024-07-05 15:00:00,Italy,North Italy,IT-NO,146.03,193.69,70.12,59.67,entsoe.eu,false,
2024-07-05 16:00:00,Italy,North Italy,IT-NO,138.29,179.63,71.78,61.2,entsoe.eu,false,
2024-07-05 17:00:00,Italy,North Italy,IT-NO,173.31,212.84,67.61,58.11,entsoe.eu,false,
2024-07-05 18:00:00,Italy,North Italy,IT-NO,187.36,227.43,65.27,56.61,entsoe.eu,false,
2024-07-05 19:00:00,Italy,North Italy,IT-NO,182.25,226.47,64.69,55.65,entsoe.eu,false,
2024-07-05 20:00:00,Italy,North Italy,IT-NO,179.61,227.28,64.21,54.67,entsoe.eu,false,
2024-07-05 21:00:00,Italy,North Italy,IT-NO,149.28,193.52,69.09,58.59,entsoe.eu,false,
2024-07-05 22:00:00,Italy,North Italy,IT-NO,132.03,166.0,75.19,63.02,entsoe.eu,false,
2024-07-05 23:00:00,Italy,North Italy,IT-NO,116.7,146.84,78.83,64.57,entsoe.eu,false,
2024-07-06 00:00:00,Italy,North Italy,IT-NO,103.71,131.99,81.47,65.47,entsoe.eu,false,
2024-07-06 01:00:00,Italy,North Italy,IT-NO,97.04,129.68,81.02,63.94,entsoe.eu,false,
2024-07-06 02:00:00,Italy,North Italy,IT-NO,95.33,127.68,81.47,64.84,entsoe.eu,false,
2024-07-06 03:00:00,Italy,North Italy,IT-NO,96.52,128.96,81.26,64.87,entsoe.eu,false,
2024-07-06 04:00:00,Italy,North Italy,IT-NO,97.17,127.21,82.02,66.19,entsoe.eu,false,
2024-07-06 05:00:00,Italy,North Italy,IT-NO,102.7,134.51,81.76,68.71,entsoe.eu,false,
2024-07-06 06:00:00,Italy,North Italy,IT-NO,78.01,109.79,85.3,72.5,entsoe.eu,false,
2024-07-06 07:00:00,Italy,North Italy,IT-NO,84.61,123.47,82.95,73.82,entsoe.eu,false,
2024-07-06 08:00:00,Italy,North Italy,IT-NO,83.44,123.18,82.91,76.91,entsoe.eu,false,
2024-07-06 09:00:00,Italy,North Italy,IT-NO,73.7,113.65,84.21,80.27,entsoe.eu,false,
2024-07-06 10:00:00,Italy,North Italy,IT-NO,84.28,126.46,82.62,80.71,entsoe.eu,false,
2024-07-06 11:00:00,Italy,North Italy,IT-NO,52.06,88.94,88.72,87.75,entsoe.eu,false,
2024-07-06 12:00:00,Italy,North Italy,IT-NO,59.35,97.74,87.06,86.36,entsoe.eu,false,
2024-07-06 13:00:00,Italy,North Italy,IT-NO,76.96,117.88,83.16,81.27,entsoe.eu,false,
2024-07-06 14:00:00,Italy,North Italy,IT-NO,96.15,134.2,80.47,77.26,entsoe.eu,false,
2024-07-06 15:00:00,Italy,North Italy,IT-NO,104.53,140.07,79.7,73.58,entsoe.eu,false,
2024-07-06 16:00:00,Italy,North Italy,IT-NO,107.12,136.61,81.07,73.46,entsoe.eu,false,
2024-07-06 17:00:00,Italy,North Italy,IT-NO,128.81,159.79,77.74,65.97,entsoe.eu,false,
2024-07-06 18:00:00,Italy,North Italy,IT-NO,122.01,151.16,79.08,67.06,entsoe.eu,false,
2024-07-06 19:00:00,Italy,North Italy,IT-NO,137.86,169.89,75.93,62.4,entsoe.eu,false,
2024-07-06 20:00:00,Italy,North Italy,IT-NO,107.48,136.32,81.07,67.12,entsoe.eu,false,
2024-07-06 21:00:00,Italy,North Italy,IT-NO,125.37,159.84,77.49,64.23,entsoe.eu,false,
2024-07-06 22:00:00,Italy,North Italy,IT-NO,93.09,119.36,84.15,68.98,entsoe.eu,false,
2024-07-06 23:00:00,Italy,North Italy,IT-NO,100.55,130.73,82.39,67.68,entsoe.eu,false,
2024-07-07 00:00:00,Italy,North Italy,IT-NO,90.12,117.7,84.32,67.08,entsoe.eu,false,
2024-07-07 01:00:00,Italy,North Italy,IT-NO,104.8,136.69,80.97,65.52,entsoe.eu,false,
2024-07-07 02:00:00,Italy,North Italy,IT-NO,91.83,121.24,83.34,66.07,entsoe.eu,false,
2024-07-07 03:00:00,Italy,North Italy,IT-NO,87.37,115.37,84.55,66.59,entsoe.eu,false,
2024-07-07 04:00:00,Italy,North Italy,IT-NO,86.91,114.72,84.82,67.36,entsoe.eu,false,
2024-07-07 05:00:00,Italy,North Italy,IT-NO,87.54,114.46,84.77,69.3,entsoe.eu,false,
2024-07-07 06:00:00,Italy,North Italy,IT-NO,86.59,111.48,85.96,75.04,entsoe.eu,false,
2024-07-07 07:00:00,Italy,North Italy,IT-NO,79.07,106.72,85.99,77.21,entsoe.eu,false,
2024-07-07 08:00:00,Italy,North Italy,IT-NO,67.32,102.1,85.87,79.79,entsoe.eu,false,
2024-07-07 09:00:00,Italy,North Italy,IT-NO,76.08,111.01,84.29,80.54,entsoe.eu,false,
2024-07-07 10:00:00,Italy,North Italy,IT-NO,81.69,114.54,84.69,82.62,entsoe.eu,false,
2024-07-07 11:00:00,Italy,North Italy,IT-NO,54.09,85.19,89.47,87.56,entsoe.eu,false,
2024-07-07 12:00:00,Italy,North Italy,IT-NO,59.5,92.79,87.88,84.57,entsoe.eu,false,
2024-07-07 13:00:00,Italy,North Italy,IT-NO,70.39,103.27,86.29,82.75,entsoe.eu,false,
2024-07-07 14:00:00,Italy,North Italy,IT-NO,97.67,130.72,82.13,76.5,entsoe.eu,false,
2024-07-07 15:00:00,Italy,North Italy,IT-NO,96.55,128.57,82.07,73.94,entsoe.eu,false,
2024-07-07 16:00:00,Italy,North Italy,IT-NO,113.75,141.95,80.33,69.83,entsoe.eu,false,
2024-07-07 17:00:00,Italy,North Italy,IT-NO,118.1,143.67,79.89,66.21,entsoe.eu,false,
2024-07-07 18:00:00,Italy,North Italy,IT-NO,144.84,174.2,75.53,62.65,entsoe.eu,false,
2024-07-07 19:00:00,Italy,North Italy,IT-NO,145.26,176.99,74.65,61.32,entsoe.eu,false,
2024-07-07 20:00:00,Italy,North Italy,IT-NO,129.43,160.53,76.47,63.13,entsoe.eu,false,
2024-07-07 21:00:00,Italy,North Italy,IT-NO,113.17,145.66,78.71,63.32,entsoe.eu,false,
2024-07-07 22:00:00,Italy,North Italy,IT-NO,84.48,117.71,83.19,63.38,entsoe.eu,false,
2024-07-07 23:00:00,Italy,North Italy,IT-NO,82.53,115.97,83.34,62.28,entsoe.eu,false,
2024-07-08 00:00:00,Italy,North Italy,IT-NO,86.99,121.93,82.3,61.23,entsoe.eu,false,
2024-07-08 01:00:00,Italy,North Italy,IT-NO,80.31,113.62,83.91,61.62,entsoe.eu,false,
2024-07-08 02:00:00,Italy,North Italy,IT-NO,82.84,116.81,83.3,60.92,entsoe.eu,false,
2024-07-08 03:00:00,Italy,North Italy,IT-NO,102.25,140.85,78.76,58.25,entsoe.eu,false,
2024-07-08 04:00:00,Italy,North Italy,IT-NO,134.85,173.87,73.26,57.47,entsoe.eu,false,
2024-07-08 05:00:00,Italy,North Italy,IT-NO,154.28,191.91,70.74,58.83,entsoe.eu,false,
2024-07-08 06:00:00,Italy,North Italy,IT-NO,151.06,185.12,72.4,61.76,entsoe.eu,false,
2024-07-08 07:00:00,Italy,North Italy,IT-NO,133.92,171.59,74.09,63.97,entsoe.eu,false,
2024-07-08 08:00:00,Italy,North Italy,IT-NO,119.21,158.0,76.25,66.1,entsoe.eu,false,
2024-07-08 09:00:00,Italy,North Italy,IT-NO,119.88,157.71,76.57,66.83,entsoe.eu,false,
2024-07-08 10:00:00,Italy,North Italy,IT-NO,107.54,147.87,78.0,68.2,entsoe.eu,false,
2024-07-08 11:00:00,Italy,North Italy,IT-NO,104.03,143.86,78.72,69.07,entsoe.eu,false,
2024-07-08 12:00:00,Italy,North Italy,IT-NO,115.97,157.25,76.26,66.97,entsoe.eu,false,
2024-07-08 13:00:00,Italy,North Italy,IT-NO,117.59,158.05,76.13,66.36,entsoe.eu,false,
2024-07-08 14:00:00,Italy,North Italy,IT-NO,128.22,169.98,73.84,63.83,entsoe.eu,false,
2024-07-08 15:00:00,Italy,North Italy,IT-NO,144.68,189.08,70.18,59.9,entsoe.eu,false,
2024-07-08 16:00:00,Italy,North Italy,IT-NO,170.55,215.39,65.6,56.65,entsoe.eu,false,
2024-07-08 17:00:00,Italy,North Italy,IT-NO,186.26,230.15,63.26,53.92,entsoe.eu,false,
2024-07-08 18:00:00,Italy,North Italy,IT-NO,182.74,224.99,64.21,53.24,entsoe.eu,false,
2024-07-08 19:00:00,Italy,North Italy,IT-NO,185.29,228.57,63.5,52.5,entsoe.eu,false,
2024-07-08 20:00:00,Italy,North Italy,IT-NO,186.89,238.11,60.82,50.2,entsoe.eu,false,
2024-07-08 21:00:00,Italy,North Italy,IT-NO,169.86,217.55,64.81,52.36,entsoe.eu,false,
2024-07-08 22:00:00,Italy,North Italy,IT-NO,163.43,204.43,68.03,55.35,entsoe.eu,false,
2024-07-08 23:00:00,Italy,North Italy,IT-NO,150.81,194.84,69.01,54.67,entsoe.eu,false,
2024-07-09 00:00:00,Italy,North Italy,IT-NO,149.85,194.07,69.09,54.14,entsoe.eu,false,
2024-07-09 01:00:00,Italy,North Italy,IT-NO,138.29,179.58,71.75,56.04,entsoe.eu,false,
2024-07-09 02:00:00,Italy,North Italy,IT-NO,140.11,182.02,71.19,55.36,entsoe.eu,false,
2024-07-09 03:00:00,Italy,North Italy,IT-NO,146.13,188.57,70.2,55.08,entsoe.eu,false,
2024-07-09 04:00:00,Italy,North Italy,IT-NO,167.77,213.16,65.98,53.67,entsoe.eu,false,
2024-07-09 05:00:00,Italy,North Italy,IT-NO,168.24,212.42,66.33,56.04,entsoe.eu,false,
2024-07-09 06:00:00,Italy,North Italy,IT-NO,164.38,208.76,67.01,58.21,entsoe.eu,false,
2024-07-09 07:00:00,Italy,North Italy,IT-NO,155.89,199.99,68.66,61.25,entsoe.eu,false,
2024-07-09 08:00:00,Italy,North Italy,IT-NO,144.68,192.85,69.32,62.02,entsoe.eu,false,
2024-07-09 09:00:00,Italy,North Italy,IT-NO,138.67,186.3,70.44,63.12,entsoe.eu,false,
2024-07-09 10:00:00,Italy,North Italy,IT-NO,130.37,179.05,71.63,64.15,entsoe.eu,false,
2024-07-09 11:00:00,Italy,North Italy,IT-NO,127.13,174.11,72.71,64.91,entsoe.eu,false,
2024-07-09 12:00:00,Italy,North Italy,IT-NO,139.36,186.82,70.43,62.84,entsoe.eu,false,
2024-07-09 13:00:00,Italy,North Italy,IT-NO,144.68,191.86,69.52,61.29,entsoe.eu,false,
2024-07-09 14:00:00,Italy,North Italy,IT-NO,149.3,197.25,68.36,59.73,entsoe.eu,false,
2024-07-09 15:00:00,Italy,North Italy,IT-NO,157.59,206.0,66.74,57.77,entsoe.eu,false,
2024-07-09 16:00:00,Italy,North Italy,IT-NO,182.01,233.0,61.82,53.07,entsoe.eu,false,
2024-07-09 17:00:00,Italy,North Italy,IT-NO,198.9,247.22,59.73,50.76,entsoe.eu,false,
2024-07-09 18:00:00,Italy,North Italy,IT-NO,206.09,252.63,59.14,49.73,entsoe.eu,false,
2024-07-09 19:00:00,Italy,North Italy,IT-NO,199.99,250.1,58.92,48.6,entsoe.eu,false,
2024-07-09 20:00:00,Italy,North Italy,IT-NO,189.19,238.64,61.0,50.17,entsoe.eu,false,
2024-07-09 21:00:00,Italy,North Italy,IT-NO,181.14,229.94,62.59,51.41,entsoe.eu,false,
2024-07-09 22:00:00,Italy,North Italy,IT-NO,176.15,225.02,63.39,51.04,entsoe.eu,false,
2024-07-09 23:00:00,Italy,North Italy,IT-NO,163.38,211.5,65.59,51.47,entsoe.eu,false,
2024-07-10 00:00:00,Italy,North Italy,IT-NO,157.63,204.51,66.85,52.12,entsoe.eu,false,
2024-07-10 01:00:00,Italy,North Italy,IT-NO,141.15,184.44,70.72,53.76,entsoe.eu,false,
2024-07-10 02:00:00,Italy,North Italy,IT-NO,138.14,180.66,71.34,53.56,entsoe.eu,false,
2024-07-10 03:00:00,Italy,North Italy,IT-NO,153.33,199.04,67.99,51.42,entsoe.eu,false,
2024-07-10 04:00:00,Italy,North Italy,IT-NO,174.65,226.11,62.83,49.06,entsoe.eu,false,
2024-07-10 05:00:00,Italy,North Italy,IT-NO,190.12,236.35,62.06,52.48,entsoe.eu,false,
2024-07-10 06:00:00,Italy,North Italy,IT-NO,183.22,231.0,62.74,54.42,entsoe.eu,false,
2024-07-10 07:00:00,Italy,North Italy,IT-NO,163.12,211.94,65.86,57.28,entsoe.eu,false,
2024-07-10 08:00:00,Italy,North Italy,IT-NO,155.08,204.5,67.18,58.23,entsoe.eu,false,
2024-07-10 09:00:00,Italy,North Italy,IT-NO,150.99,201.46,67.64,58.59,entsoe.eu,false,
2024-07-10 10:00:00,Italy,North Italy,IT-NO,147.78,199.54,67.74,59.1,entsoe.eu,false,
2024-07-10 11:00:00,Italy,North Italy,IT-NO,145.76,196.41,68.41,59.25,entsoe.eu,false,
2024-07-10 12:00:00,Italy,North Italy,IT-NO,147.4,196.52,68.53,59.29,entsoe.eu,false,
2024-07-10 13:00:00,Italy,North Italy,IT-NO,156.66,208.35,66.09,57.02,entsoe.eu,false,
2024-07-10 14:00:00,Italy,North Italy,IT-NO,157.86,207.84,66.31,57.33,entsoe.eu,false,
2024-07-10 15:00:00,Italy,North Italy,IT-NO,175.89,225.93,63.25,54.55,entsoe.eu,false,
2024-07-10 16:00:00,Italy,North Italy,IT-NO,190.77,241.52,60.48,51.38,entsoe.eu,false,
2024-07-10 17:00:00,Italy,North Italy,IT-NO,207.79,257.05,58.03,49.27,entsoe.eu,false,
2024-07-10 18:00:00,Italy,North Italy,IT-NO,218.84,268.27,56.11,47.28,entsoe.eu,false,
2024-07-10 19:00:00,Italy,North Italy,IT-NO,221.04,273.71,54.69,45.79,entsoe.eu,false,
2024-07-10 20:00:00,Italy,North Italy,IT-NO,221.23,280.1,52.8,44.07,entsoe.eu,false,
2024-07-10 21:00:00,Italy,North Italy,IT-NO,206.57,262.23,56.25,46.97,entsoe.eu,false,
2024-07-10 22:00:00,Italy,North Italy,IT-NO,190.48,242.86,59.99,48.37,entsoe.eu,false,
2024-07-10 23:00:00,Italy,North Italy,IT-NO,177.43,228.48,62.47,49.22,entsoe.eu,false,
2024-07-11 00:00:00,Italy,North Italy,IT-NO,176.26,227.98,62.45,48.69,entsoe.eu,false,
2024-07-11 01:00:00,Italy,North Italy,IT-NO,175.26,226.79,62.73,48.96,entsoe.eu,false,
2024-07-11 02:00:00,Italy,North Italy,IT-NO,175.4,226.96,62.69,49.15,entsoe.eu,false,
2024-07-11 03:00:00,Italy,North Italy,IT-NO,181.27,234.18,61.33,48.13,entsoe.eu,false,
2024-07-11 04:00:00,Italy,North Italy,IT-NO,194.64,249.17,58.61,48.12,entsoe.eu,false,
2024-07-11 05:00:00,Italy,North Italy,IT-NO,193.16,248.23,58.68,48.84,entsoe.eu,false,
2024-07-11 06:00:00,Italy,North Italy,IT-NO,177.94,231.42,61.65,51.51,entsoe.eu,false,
2024-07-11 07:00:00,Italy,North Italy,IT-NO,175.95,230.45,61.94,53.1,entsoe.eu,false,
2024-07-11 08:00:00,Italy,North Italy,IT-NO,164.6,219.02,63.91,55.26,entsoe.eu,false,
2024-07-11 09:00:00,Italy,North Italy,IT-NO,157.41,210.68,65.46,56.53,entsoe.eu,false,
2024-07-11 10:00:00,Italy,North Italy,IT-NO,154.15,208.13,65.82,57.28,entsoe.eu,false,
2024-07-11 11:00:00,Italy,North Italy,IT-NO,153.17,204.33,66.93,58.77,entsoe.eu,false,
2024-07-11 12:00:00,Italy,North Italy,IT-NO,162.15,214.89,64.93,57.22,entsoe.eu,false,
2024-07-11 13:00:00,Italy,North Italy,IT-NO,167.45,223.48,62.94,54.72,entsoe.eu,false,
2024-07-11 14:00:00,Italy,North Italy,IT-NO,174.09,230.16,61.71,53.44,entsoe.eu,false,
2024-07-11 15:00:00,Italy,North Italy,IT-NO,188.02,245.05,59.02,50.8,entsoe.eu,false,
2024-07-11 16:00:00,Italy,North Italy,IT-NO,213.45,270.02,54.84,47.45,entsoe.eu,false,
2024-07-11 17:00:00,Italy,North Italy,IT-NO,214.78,267.36,55.76,47.05,entsoe.eu,false,
2024-07-11 18:00:00,Italy,North Italy,IT-NO,222.59,275.67,54.37,45.41,entsoe.eu,false,
2024-07-11 19:00:00,Italy,North Italy,IT-NO,220.36,276.24,53.84,44.51,entsoe.eu,false,
2024-07-11 20:00:00,Italy,North Italy,IT-NO,214.53,271.83,54.29,44.78,entsoe.eu,false,
2024-07-11 21:00:00,Italy,North Italy,IT-NO,208.47,265.2,55.52,45.72,entsoe.eu,false,
2024-07-11 22:00:00,Italy,North Italy,IT-NO,191.16,245.4,59.15,47.27,entsoe.eu,false,
2024-07-11 23:00:00,Italy,North Italy,IT-NO,178.83,231.06,61.82,48.22,entsoe.eu,false,
2024-07-12 00:00:00,Italy,North Italy,IT-NO,170.24,220.56,63.9,49.11,entsoe.eu,false,
2024-07-12 01:00:00,Italy,North Italy,IT-NO,164.79,214.3,64.99,49.94,entsoe.eu,false,
2024-07-12 02:00:00,Italy,North Italy,IT-NO,165.78,214.73,64.88,49.45,entsoe.eu,false,
2024-07-12 03:00:00,Italy,North Italy,IT-NO,171.82,221.44,63.87,49.55,entsoe.eu,false,
2024-07-12 04:00:00,Italy,North Italy,IT-NO,198.35,252.86,57.9,46.79,entsoe.eu,false,
2024-07-12 05:00:00,Italy,North Italy,IT-NO,216.77,276.06,53.4,45.2,entsoe.eu,false,
2024-07-12 06:00:00,Italy,North Italy,IT-NO,209.26,266.24,55.32,47.25,entsoe.eu,false,
2024-07-12 07:00:00,Italy,North Italy,IT-NO,199.77,256.27,57.05,48.94,entsoe.eu,false,
2024-07-12 08:00:00,Italy,North Italy,IT-NO,191.38,249.06,58.26,49.97,entsoe.eu,false,
2024-07-12 09:00:00,Italy,North Italy,IT-NO,188.68,247.94,58.35,50.47,entsoe.eu,false,
2024-07-12 10:00:00,Italy,North Italy,IT-NO,175.92,232.56,61.36,53.0,entsoe.eu,false,
2024-07-12 11:00:00,Italy,North Italy,IT-NO,173.44,230.3,61.64,52.97,entsoe.eu,false,
2024-07-12 12:00:00,Italy,North Italy,IT-NO,177.98,235.85,60.58,52.32,entsoe.eu,false,
2024-07-12 13:00:00,Italy,North Italy,IT-NO,185.67,243.98,59.11,50.68,entsoe.eu,false,
2024-07-12 14:00:00,Italy,North Italy,IT-NO,186.94,244.19,59.1,50.07,entsoe.eu,false,
2024-07-12 15:00:00,Italy,North Italy,IT-NO,192.73,249.38,58.19,48.76,entsoe.eu,false,
2024-07-12 16:00:00,Italy,North Italy,IT-NO,201.27,257.11,56.97,47.4,entsoe.eu,false,
2024-07-12 17:00:00,Italy,North Italy,IT-NO,211.35,266.91,55.41,45.54,entsoe.eu,false,
2024-07-12 18:00:00,Italy,North Italy,IT-NO,214.43,268.73,55.38,45.19,entsoe.eu,false,
2024-07-12 19:00:00,Italy,North Italy,IT-NO,209.85,264.07,56.07,45.21,entsoe.eu,false,
2024-07-12 20:00:00,Italy,North Italy,IT-NO,201.86,254.3,58.07,46.97,entsoe.eu,false,
2024-07-12 21:00:00,Italy,North Italy,IT-NO,189.65,237.97,61.56,49.51,entsoe.eu,false,
2024-07-12 22:00:00,Italy,North Italy,IT-NO,157.28,197.52,69.3,54.85,entsoe.eu,false,
2024-07-12 23:00:00,Italy,North Italy,IT-NO,140.41,176.48,73.37,57.2,entsoe.eu,false,
2024-07-13 00:00:00,Italy,North Italy,IT-NO,136.48,172.26,74.12,57.44,entsoe.eu,false,
2024-07-13 01:00:00,Italy,North Italy,IT-NO,130.19,167.77,74.52,56.87,entsoe.eu,false,
2024-07-13 02:00:00,Italy,North Italy,IT-NO,130.42,170.44,73.68,55.21,entsoe.eu,false,
2024-07-13 03:00:00,Italy,North Italy,IT-NO,132.76,172.22,73.51,55.11,entsoe.eu,false,
2024-07-13 04:00:00,Italy,North Italy,IT-NO,131.27,168.06,74.63,56.92,entsoe.eu,false,
2024-07-13 05:00:00,Italy,North Italy,IT-NO,122.89,160.03,76.06,58.81,entsoe.eu,false,
2024-07-13 06:00:00,Italy,North Italy,IT-NO,108.51,142.88,79.51,64.1,entsoe.eu,false,
2024-07-13 07:00:00,Italy,North Italy,IT-NO,96.96,127.91,82.76,70.25,entsoe.eu,false,
2024-07-13 08:00:00,Italy,North Italy,IT-NO,89.21,124.76,82.65,71.44,entsoe.eu,false,
2024-07-13 09:00:00,Italy,North Italy,IT-NO,75.12,113.67,84.07,73.39,entsoe.eu,false,
2024-07-13 10:00:00,Italy,North Italy,IT-NO,72.33,110.98,84.57,74.76,entsoe.eu,false,
2024-07-13 11:00:00,Italy,North Italy,IT-NO,70.39,108.92,84.72,75.5,entsoe.eu,false,
2024-07-13 12:00:00,Italy,North Italy,IT-NO,73.52,112.35,83.88,74.92,entsoe.eu,false,
2024-07-13 13:00:00,Italy,North Italy,IT-NO,75.21,113.9,83.59,73.34,entsoe.eu,false,
2024-07-13 14:00:00,Italy,North Italy,IT-NO,92.89,128.77,81.61,70.59,entsoe.eu,false,
2024-07-13 15:00:00,Italy,North Italy,IT-NO,97.32,131.68,81.27,68.07,entsoe.eu,false,
2024-07-13 16:00:00,Italy,North Italy,IT-NO,113.34,146.81,78.82,64.87,entsoe.eu,false,
2024-07-13 17:00:00,Italy,North Italy,IT-NO,131.02,162.93,76.19,62.9,entsoe.eu,false,
2024-07-13 18:00:00,Italy,North Italy,IT-NO,151.3,179.91,73.99,61.94,entsoe.eu,false,
2024-07-13 19:00:00,Italy,North Italy,IT-NO,144.15,176.34,74.03,60.44,entsoe.eu,false,
2024-07-13 20:00:00,Italy,North Italy,IT-NO,142.89,177.15,73.72,59.91,entsoe.eu,false,
2024-07-13 21:00:00,Italy,North Italy,IT-NO,134.72,169.44,74.93,60.31,entsoe.eu,false,
2024-07-13 22:00:00,Italy,North Italy,IT-NO,113.71,148.68,78.07,61.86,entsoe.eu,false,
2024-07-13 23:00:00,Italy,North Italy,IT-NO,105.34,139.44,79.74,61.79,entsoe.eu,false,
2024-07-14 00:00:00,Italy,North Italy,IT-NO,104.95,139.15,79.86,61.12,entsoe.eu,false,
2024-07-14 01:00:00,Italy,North Italy,IT-NO,104.61,139.41,79.71,59.39,entsoe.eu,false,
2024-07-14 02:00:00,Italy,North Italy,IT-NO,99.37,132.8,80.99,59.76,entsoe.eu,false,
2024-07-14 03:00:00,Italy,North Italy,IT-NO,97.46,130.52,81.38,59.29,entsoe.eu,false,
2024-07-14 04:00:00,Italy,North Italy,IT-NO,96.94,127.61,82.14,60.76,entsoe.eu,false,
2024-07-14 05:00:00,Italy,North Italy,IT-NO,98.46,130.9,81.32,64.24,entsoe.eu,false,
2024-07-14 06:00:00,Italy,North Italy,IT-NO,87.84,114.38,85.15,72.64,entsoe.eu,false,
2024-07-14 07:00:00,Italy,North Italy,IT-NO,87.23,116.07,85.01,77.03,entsoe.eu,false,
2024-07-14 08:00:00,Italy,North Italy,IT-NO,67.09,104.7,85.6,80.04,entsoe.eu,false,
2024-07-14 09:00:00,Italy,North Italy,IT-NO,68.59,106.85,85.25,81.55,entsoe.eu,false,
2024-07-14 10:00:00,Italy,North Italy,IT-NO,66.92,105.0,85.73,83.36,entsoe.eu,false,
2024-07-14 11:00:00,Italy,North Italy,IT-NO,64.79,102.44,86.16,83.4,entsoe.eu,false,
2024-07-14 12:00:00,Italy,North Italy,IT-NO,67.41,105.59,85.54,82.08,entsoe.eu,false,
2024-07-14 13:00:00,Italy,North Italy,IT-NO,69.02,106.89,85.21,80.7,entsoe.eu,false,
2024-07-14 14:00:00,Italy,North Italy,IT-NO,78.44,116.87,83.14,74.95,entsoe.eu,false,
2024-07-14 15:00:00,Italy,North Italy,IT-NO,101.17,134.55,80.73,69.67,entsoe.eu,false,
2024-07-14 16:00:00,Italy,North Italy,IT-NO,114.37,144.17,79.54,66.41,entsoe.eu,false,
2024-07-14 17:00:00,Italy,North Italy,IT-NO,130.88,162.98,75.98,62.62,entsoe.eu,false,
2024-07-14 18:00:00,Italy,North Italy,IT-NO,142.88,174.22,74.27,61.25,entsoe.eu,false,
2024-07-14 19:00:00,Italy,North Italy,IT-NO,143.32,174.36,74.17,61.19,entsoe.eu,false,
2024-07-14 20:00:00,Italy,North Italy,IT-NO,142.99,174.92,74.09,60.97,entsoe.eu,false,
2024-07-14 21:00:00,Italy,North Italy,IT-NO,130.95,167.77,74.58,60.0,entsoe.eu,false,
2024-07-14 22:00:00,Italy,North Italy,IT-NO,115.59,147.54,78.72,62.49,entsoe.eu,false,
2024-07-14 23:00:00,Italy,North Italy,IT-NO,102.64,133.51,81.24,63.54,entsoe.eu,false,
2024-07-15 00:00:00,Italy,North Italy,IT-NO,98.88,130.71,81.41,61.97,entsoe.eu,false,
2024-07-15 01:00:00,Italy,North Italy,IT-NO,90.75,121.53,82.98,62.74,entsoe.eu,false,
2024-07-15 02:00:00,Italy,North Italy,IT-NO,91.56,122.75,82.73,63.07,entsoe.eu,false,
2024-07-15 03:00:00,Italy,North Italy,IT-NO,111.96,145.43,78.73,61.86,entsoe.eu,false,
2024-07-15 04:00:00,Italy,North Italy,IT-NO,145.73,185.05,71.51,57.77,entsoe.eu,false,
2024-07-15 05:00:00,Italy,North Italy,IT-NO,164.82,205.03,68.36,57.21,entsoe.eu,false,
2024-07-15 06:00:00,Italy,North Italy,IT-NO,163.54,197.67,70.55,60.37,entsoe.eu,false,
2024-07-15 07:00:00,Italy,North Italy,IT-NO,146.48,184.53,72.14,62.67,entsoe.eu,false,
2024-07-15 08:00:00,Italy,North Italy,IT-NO,141.52,185.73,71.17,62.79,entsoe.eu,false,
2024-07-15 09:00:00,Italy,North Italy,IT-NO,141.24,187.83,70.62,62.74,entsoe.eu,false,
2024-07-15 10:00:00,Italy,North Italy,IT-NO,135.81,183.58,71.31,63.51,entsoe.eu,false,
2024-07-15 11:00:00,Italy,North Italy,IT-NO,137.06,183.96,71.3,63.21,entsoe.eu,false,
2024-07-15 12:00:00,Italy,North Italy,IT-NO,140.14,187.4,70.64,61.96,entsoe.eu,false,
2024-07-15 13:00:00,Italy,North Italy,IT-NO,146.04,193.37,69.46,60.83,entsoe.eu,false,
2024-07-15 14:00:00,Italy,North Italy,IT-NO,156.3,204.14,67.44,58.96,entsoe.eu,false,
2024-07-15 15:00:00,Italy,North Italy,IT-NO,169.53,216.93,65.28,56.54,entsoe.eu,false,
2024-07-15 16:00:00,Italy,North Italy,IT-NO,190.84,232.61,63.48,55.32,entsoe.eu,false,
2024-07-15 17:00:00,Italy,North Italy,IT-NO,202.07,248.52,60.1,51.11,entsoe.eu,false,
2024-07-15 18:00:00,Italy,North Italy,IT-NO,210.01,255.67,58.89,49.49,entsoe.eu,false,
2024-07-15 19:00:00,Italy,North Italy,IT-NO,201.35,249.8,59.41,48.5,entsoe.eu,false,
2024-07-15 20:00:00,Italy,North Italy,IT-NO,186.74,235.12,61.92,50.34,entsoe.eu,false,
2024-07-15 21:00:00,Italy,North Italy,IT-NO,177.93,226.65,63.4,50.61,entsoe.eu,false,
2024-07-15 22:00:00,Italy,North Italy,IT-NO,173.73,221.66,64.33,50.87,entsoe.eu,false,
2024-07-15 23:00:00,Italy,North Italy,IT-NO,164.18,209.72,66.55,51.11,entsoe.eu,false,
2024-07-16 00:00:00,Italy,North Italy,IT-NO,156.27,199.87,68.2,51.03,entsoe.eu,false,
2024-07-16 01:00:00,Italy,North Italy,IT-NO,158.17,202.46,67.62,50.78,entsoe.eu,false,
2024-07-16 02:00:00,Italy,North Italy,IT-NO,157.09,200.67,67.99,51.03,entsoe.eu,false,
2024-07-16 03:00:00,Italy,North Italy,IT-NO,166.34,211.36,66.17,50.34,entsoe.eu,false,
2024-07-16 04:00:00,Italy,North Italy,IT-NO,179.49,227.92,63.1,48.99,entsoe.eu,false,
2024-07-16 05:00:00,Italy,North Italy,IT-NO,174.37,223.1,63.93,51.59,entsoe.eu,false,
2024-07-16 06:00:00,Italy,North Italy,IT-NO,168.43,215.14,65.58,54.6,entsoe.eu,false,
2024-07-16 07:00:00,Italy,North Italy,IT-NO,159.66,206.48,67.08,56.9,entsoe.eu,false,
2024-07-16 08:00:00,Italy,North Italy,IT-NO,149.53,194.96,69.33,59.29,entsoe.eu,false,
2024-07-16 09:00:00,Italy,North Italy,IT-NO,141.41,187.8,70.36,60.72,entsoe.eu,false,
2024-07-16 10:00:00,Italy,North Italy,IT-NO,136.69,182.02,71.54,61.96,entsoe.eu,false,
2024-07-16 11:00:00,Italy,North Italy,IT-NO,135.43,183.89,70.74,61.3,entsoe.eu,false,
2024-07-16 12:00:00,Italy,North Italy,IT-NO,144.79,195.15,68.55,59.74,entsoe.eu,false,
2024-07-16 13:00:00,Italy,North Italy,IT-NO,155.95,208.55,65.95,57.09,entsoe.eu,false,
2024-07-16 14:00:00,Italy,North Italy,IT-NO,163.6,214.63,65.09,56.26,entsoe.eu,false,
2024-07-16 15:00:00,Italy,North Italy,IT-NO,178.25,232.44,61.5,52.38,entsoe.eu,false,
2024-07-16 16:00:00,Italy,North Italy,IT-NO,194.24,246.32,59.4,50.15,entsoe.eu,false,
2024-07-16 17:00:00,Italy,North Italy,IT-NO,215.26,260.85,58.04,49.0,entsoe.eu,false,
2024-07-16 18:00:00,Italy,North Italy,IT-NO,213.23,261.93,57.26,47.28,entsoe.eu,false,
2024-07-16 19:00:00,Italy,North Italy,IT-NO,216.25,268.73,55.66,45.87,entsoe.eu,false,
2024-07-16 20:00:00,Italy,North Italy,IT-NO,214.88,271.18,54.75,44.9,entsoe.eu,false,
2024-07-16 21:00:00,Italy,North Italy,IT-NO,206.55,263.92,55.8,45.12,entsoe.eu,false,
2024-07-16 22:00:00,Italy,North Italy,IT-NO,179.05,227.72,63.1,50.27,entsoe.eu,false,
2024-07-16 23:00:00,Italy,North Italy,IT-NO,163.11,208.5,66.82,51.52,entsoe.eu,false,
2024-07-17 00:00:00,Italy,North Italy,IT-NO,162.71,208.49,66.78,50.95,entsoe.eu,false,
2024-07-17 01:00:00,Italy,North Italy,IT-NO,164.79,210.38,66.43,50.61,entsoe.eu,false,
2024-07-17 02:00:00,Italy,North Italy,IT-NO,164.5,209.85,66.64,50.65,entsoe.eu,false,
2024-07-17 03:00:00,Italy,North Italy,IT-NO,167.9,214.52,65.64,50.72,entsoe.eu,false,
2024-07-17 04:00:00,Italy,North Italy,IT-NO,183.39,234.38,61.59,49.08,entsoe.eu,false,
2024-07-17 05:00:00,Italy,North Italy,IT-NO,182.92,235.16,61.32,49.5,entsoe.eu,false,
2024-07-17 06:00:00,Italy,North Italy,IT-NO,174.15,224.43,63.48,52.34,entsoe.eu,false,
2024-07-17 07:00:00,Italy,North Italy,IT-NO,173.03,224.15,63.52,53.94,entsoe.eu,false,
2024-07-17 08:00:00,Italy,North Italy,IT-NO,167.7,218.14,64.78,56.03,entsoe.eu,false,
2024-07-17 09:00:00,Italy,North Italy,IT-NO,157.69,206.38,67.04,58.34,entsoe.eu,false,
2024-07-17 10:00:00,Italy,North Italy,IT-NO,147.77,196.79,68.54,59.23,entsoe.eu,false,
2024-07-17 11:00:00,Italy,North Italy,IT-NO,154.16,204.14,67.21,58.28,entsoe.eu,false,
2024-07-17 12:00:00,Italy,North Italy,IT-NO,157.15,208.21,66.54,57.22,entsoe.eu,false,
2024-07-17 13:00:00,Italy,North Italy,IT-NO,168.47,220.78,64.17,55.42,entsoe.eu,false,
2024-07-17 14:00:00,Italy,North Italy,IT-NO,173.75,227.75,62.53,53.67,entsoe.eu,false,
2024-07-17 15:00:00,Italy,North Italy,IT-NO,182.56,237.53,60.57,51.94,entsoe.eu,false,
2024-07-17 16:00:00,Italy,North Italy,IT-NO,198.65,248.85,59.29,50.38,entsoe.eu,false,
2024-07-17 17:00:00,Italy,North Italy,IT-NO,217.6,260.65,58.45,49.89,entsoe.eu,false,
2024-07-17 18:00:00,Italy,North Italy,IT-NO,223.15,268.96,56.56,47.71,entsoe.eu,false,
2024-07-17 19:00:00,Italy,North Italy,IT-NO,218.01,272.3,54.72,45.17,entsoe.eu,false,
2024-07-17 20:00:00,Italy,North Italy,IT-NO,219.09,275.91,53.86,43.76,entsoe.eu,false,
2024-07-17 21:00:00,Italy,North Italy,IT-NO,213.88,271.73,54.5,44.2,entsoe.eu,false,
2024-07-17 22:00:00,Italy,North Italy,IT-NO,179.95,230.26,62.69,48.8,entsoe.eu,false,
2024-07-17 23:00:00,Italy,North Italy,IT-NO,170.25,216.73,65.5,49.55,entsoe.eu,false,
2024-07-18 00:00:00,Italy,North Italy,IT-NO,158.16,202.66,67.94,50.84,entsoe.eu,false,
2024-07-18 01:00:00,Italy,North Italy,IT-NO,158.47,203.56,67.72,50.13,entsoe.eu,false,
2024-07-18 02:00:00,Italy,North Italy,IT-NO,159.47,205.24,67.42,49.94,entsoe.eu,false,
2024-07-18 03:00:00,Italy,North Italy,IT-NO,166.33,212.64,66.31,49.74,entsoe.eu,false,
2024-07-18 04:00:00,Italy,North Italy,IT-NO,186.22,236.47,61.7,48.34,entsoe.eu,false,
2024-07-18 05:00:00,Italy,North Italy,IT-NO,197.88,251.54,58.55,48.02,entsoe.eu,false,
2024-07-18 06:00:00,Italy,North Italy,IT-NO,186.24,238.55,61.03,51.04,entsoe.eu,false,
2024-07-18 07:00:00,Italy,North Italy,IT-NO,177.01,229.67,62.62,52.78,entsoe.eu,false,
2024-07-18 08:00:00,Italy,North Italy,IT-NO,173.06,225.73,63.42,54.1,entsoe.eu,false,
2024-07-18 09:00:00,Italy,North Italy,IT-NO,163.28,216.27,64.82,55.9,entsoe.eu,false,
2024-07-18 10:00:00,Italy,North Italy,IT-NO,158.03,210.91,65.75,57.39,entsoe.eu,false,
2024-07-18 11:00:00,Italy,North Italy,IT-NO,161.48,214.96,65.0,57.1,entsoe.eu,false,
2024-07-18 12:00:00,Italy,North Italy,IT-NO,161.39,214.75,65.02,57.03,entsoe.eu,false,
2024-07-18 13:00:00,Italy,North Italy,IT-NO,168.04,221.08,63.85,55.72,entsoe.eu,false,
2024-07-18 14:00:00,Italy,North Italy,IT-NO,172.75,223.34,63.77,55.07,entsoe.eu,false,
2024-07-18 15:00:00,Italy,North Italy,IT-NO,181.68,234.62,61.41,52.75,entsoe.eu,false,
2024-07-18 16:00:00,Italy,North Italy,IT-NO,195.43,249.3,58.71,49.59,entsoe.eu,false,
2024-07-18 17:00:00,Italy,North Italy,IT-NO,212.76,255.17,59.49,50.43,entsoe.eu,false,
2024-07-18 18:00:00,Italy,North Italy,IT-NO,207.92,259.58,57.15,46.95,entsoe.eu,false,
2024-07-18 19:00:00,Italy,North Italy,IT-NO,215.84,264.49,56.85,47.07,entsoe.eu,false,
2024-07-18 20:00:00,Italy,North Italy,IT-NO,208.87,264.78,55.82,45.69,entsoe.eu,false,
2024-07-18 21:00:00,Italy,North Italy,IT-NO,201.17,256.21,57.46,46.04,entsoe.eu,false,
2024-07-18 22:00:00,Italy,North Italy,IT-NO,179.41,231.93,62.06,48.25,entsoe.eu,false,
2024-07-18 23:00:00,Italy,North Italy,IT-NO,171.99,222.82,63.82,48.29,entsoe.eu,false,
2024-07-19 00:00:00,Italy,North Italy,IT-NO,162.31,211.17,65.82,49.11,entsoe.eu,false,
2024-07-19 01:00:00,Italy,North Italy,IT-NO,162.17,211.56,65.65,48.79,entsoe.eu,false,
2024-07-19 02:00:00,Italy,North Italy,IT-NO,170.32,220.48,64.17,47.72,entsoe.eu,false,
2024-07-19 03:00:00,Italy,North Italy,IT-NO,173.74,225.75,63.06,46.8,entsoe.eu,false,
2024-07-19 04:00:00,Italy,North Italy,IT-NO,186.52,238.53,61.02,47.72,entsoe.eu,false,
2024-07-19 05:00:00,Italy,North Italy,IT-NO,188.99,241.74,60.24,48.83,entsoe.eu,false,
2024-07-19 06:00:00,Italy,North Italy,IT-NO,183.53,235.95,61.21,51.21,entsoe.eu,false,
2024-07-19 07:00:00,Italy,North Italy,IT-NO,180.43,234.8,61.2,52.57,entsoe.eu,false,
2024-07-19 08:00:00,Italy,North Italy,IT-NO,176.46,231.33,61.85,53.84,entsoe.eu,false,
2024-07-19 09:00:00,Italy,North Italy,IT-NO,175.99,231.89,61.67,53.93,entsoe.eu,false,
2024-07-19 10:00:00,Italy,North Italy,IT-NO,176.82,233.02,61.46,54.31,entsoe.eu,false,
2024-07-19 11:00:00,Italy,North Italy,IT-NO,169.67,225.89,62.58,55.43,entsoe.eu,false,
2024-07-19 12:00:00,Italy,North Italy,IT-NO,170.26,226.41,62.54,55.33,entsoe.eu,false,
2024-07-19 13:00:00,Italy,North Italy,IT-NO,175.93,231.95,61.58,53.63,entsoe.eu,false,
2024-07-19 14:00:00,Italy,North Italy,IT-NO,192.44,250.99,57.9,49.5,entsoe.eu,false,
2024-07-19 15:00:00,Italy,North Italy,IT-NO,199.46,256.88,56.96,47.89,entsoe.eu,false,
2024-07-19 16:00:00,Italy,North Italy,IT-NO,197.66,250.5,58.59,48.36,entsoe.eu,false,
2024-07-19 17:00:00,Italy,North Italy,IT-NO,203.8,255.17,58.01,47.8,entsoe.eu,false,
2024-07-19 18:00:00,Italy,North Italy,IT-NO,207.81,262.23,56.42,46.03,entsoe.eu,false,
2024-07-19 19:00:00,Italy,North Italy,IT-NO,203.31,259.67,56.52,45.12,entsoe.eu,false,
2024-07-19 20:00:00,Italy,North Italy,IT-NO,201.35,258.46,56.76,45.09,entsoe.eu,false,
2024-07-19 21:00:00,Italy,North Italy,IT-NO,189.05,242.27,60.38,47.35,entsoe.eu,false,
2024-07-19 22:00:00,Italy,North Italy,IT-NO,176.36,227.91,62.77,49.77,entsoe.eu,false,
2024-07-19 23:00:00,Italy,North Italy,IT-NO,158.34,206.71,66.88,51.79,entsoe.eu,false,
2024-07-20 00:00:00,Italy,North Italy,IT-NO,151.53,195.61,69.57,53.4,entsoe.eu,false,
2024-07-20 01:00:00,Italy,North Italy,IT-NO,149.56,192.7,70.26,54.02,entsoe.eu,false,
2024-07-20 02:00:00,Italy,North Italy,IT-NO,149.16,193.47,69.95,53.53,entsoe.eu,false,
2024-07-20 03:00:00,Italy,North Italy,IT-NO,153.55,198.99,68.79,52.84,entsoe.eu,false,
2024-07-20 04:00:00,Italy,North Italy,IT-NO,155.01,201.04,68.22,53.0,entsoe.eu,false,
2024-07-20 05:00:00,Italy,North Italy,IT-NO,149.27,195.57,69.19,53.96,entsoe.eu,false,
2024-07-20 06:00:00,Italy,North Italy,IT-NO,138.31,179.92,72.63,59.07,entsoe.eu,false,
2024-07-20 07:00:00,Italy,North Italy,IT-NO,125.99,165.19,75.56,63.46,entsoe.eu,false,
2024-07-20 08:00:00,Italy,North Italy,IT-NO,110.65,146.8,79.14,67.43,entsoe.eu,false,
2024-07-20 09:00:00,Italy,North Italy,IT-NO,96.45,131.59,82.04,70.89,entsoe.eu,false,
2024-07-20 10:00:00,Italy,North Italy,IT-NO,94.55,134.47,80.89,71.1,entsoe.eu,false,
2024-07-20 11:00:00,Italy,North Italy,IT-NO,89.29,131.66,81.0,72.28,entsoe.eu,false,
2024-07-20 12:00:00,Italy,North Italy,IT-NO,92.06,135.07,80.44,71.69,entsoe.eu,false,
2024-07-20 13:00:00,Italy,North Italy,IT-NO,90.6,132.88,80.66,69.67,entsoe.eu,false,
2024-07-20 14:00:00,Italy,North Italy,IT-NO,98.0,141.58,78.78,66.38,entsoe.eu,false,
2024-07-20 15:00:00,Italy,North Italy,IT-NO,116.27,161.46,75.12,62.18,entsoe.eu,false,
2024-07-20 16:00:00,Italy,North Italy,IT-NO,152.29,195.89,69.8,58.4,entsoe.eu,false,
2024-07-20 17:00:00,Italy,North Italy,IT-NO,182.99,223.01,65.76,55.7,entsoe.eu,false,
2024-07-20 18:00:00,Italy,North Italy,IT-NO,186.95,225.42,65.58,55.88,entsoe.eu,false,
2024-07-20 19:00:00,Italy,North Italy,IT-NO,176.69,221.95,65.03,53.19,entsoe.eu,false,
2024-07-20 20:00:00,Italy,North Italy,IT-NO,171.75,220.0,65.03,52.5,entsoe.eu,false,
2024-07-20 21:00:00,Italy,North Italy,IT-NO,167.3,215.31,65.72,52.14,entsoe.eu,false,
2024-07-20 22:00:00,Italy,North Italy,IT-NO,141.67,181.09,72.26,56.5,entsoe.eu,false,
2024-07-20 23:00:00,Italy,North Italy,IT-NO,125.23,161.05,76.15,58.01,entsoe.eu,false,
2024-07-21 00:00:00,Italy,North Italy,IT-NO,120.09,156.06,77.01,59.21,entsoe.eu,false,
2024-07-21 01:00:00,Italy,North Italy,IT-NO,126.49,164.22,75.57,57.33,entsoe.eu,false,
2024-07-21 02:00:00,Italy,North Italy,IT-NO,121.77,156.45,77.3,57.78,entsoe.eu,false,
2024-07-21 03:00:00,Italy,North Italy,IT-NO,126.44,159.35,77.16,58.47,entsoe.eu,false,
2024-07-21 04:00:00,Italy,North Italy,IT-NO,106.25,138.76,80.55,61.34,entsoe.eu,false,
2024-07-21 05:00:00,Italy,North Italy,IT-NO,99.55,130.66,82.17,64.01,entsoe.eu,false,
2024-07-21 06:00:00,Italy,North Italy,IT-NO,90.3,117.44,84.92,67.55,entsoe.eu,false,
2024-07-21 07:00:00,Italy,North Italy,IT-NO,81.86,110.88,85.67,70.54,entsoe.eu,false,
2024-07-21 08:00:00,Italy,North Italy,IT-NO,84.48,119.01,83.89,69.56,entsoe.eu,false,
2024-07-21 09:00:00,Italy,North Italy,IT-NO,84.26,119.48,83.86,71.59,entsoe.eu,false,
2024-07-21 10:00:00,Italy,North Italy,IT-NO,91.64,128.33,82.45,72.74,entsoe.eu,false,
2024-07-21 11:00:00,Italy,North Italy,IT-NO,93.64,130.33,81.96,73.49,entsoe.eu,false,
2024-07-21 12:00:00,Italy,North Italy,IT-NO,97.93,134.71,81.14,73.2,entsoe.eu,false,
2024-07-21 13:00:00,Italy,North Italy,IT-NO,94.85,135.43,80.26,70.04,entsoe.eu,false,
2024-07-21 14:00:00,Italy,North Italy,IT-NO,104.69,143.97,78.73,66.03,entsoe.eu,false,
2024-07-21 15:00:00,Italy,North Italy,IT-NO,118.91,159.55,75.9,61.83,entsoe.eu,false,
2024-07-21 16:00:00,Italy,North Italy,IT-NO,140.62,180.72,72.42,58.8,entsoe.eu,false,
2024-07-21 17:00:00,Italy,North Italy,IT-NO,152.68,189.12,71.52,58.23,entsoe.eu,false,
2024-07-21 18:00:00,Italy,North Italy,IT-NO,159.29,197.33,69.74,57.06,entsoe.eu,false,
2024-07-21 19:00:00,Italy,North Italy,IT-NO,159.36,198.65,69.39,56.45,entsoe.eu,false,
2024-07-21 20:00:00,Italy,North Italy,IT-NO,157.63,196.46,69.73,56.59,entsoe.eu,false,
2024-07-21 21:00:00,Italy,North Italy,IT-NO,145.7,185.17,71.5,56.21,entsoe.eu,false,
2024-07-21 22:00:00,Italy,North Italy,IT-NO,132.38,172.24,73.63,56.97,entsoe.eu,false,
2024-07-21 23:00:00,Italy,North Italy,IT-NO,124.98,163.9,75.26,56.38,entsoe.eu,false,
2024-07-22 00:00:00,Italy,North Italy,IT-NO,120.73,158.51,76.28,56.2,entsoe.eu,false,
2024-07-22 01:00:00,Italy,North Italy,IT-NO,112.75,148.47,78.16,56.7,entsoe.eu,false,
2024-07-22 02:00:00,Italy,North Italy,IT-NO,122.89,160.38,76.08,55.28,entsoe.eu,false,
2024-07-22 03:00:00,Italy,North Italy,IT-NO,139.23,180.33,72.4,53.38,entsoe.eu,false,
2024-07-22 04:00:00,Italy,North Italy,IT-NO,168.35,212.91,66.84,51.81,entsoe.eu,false,
2024-07-22 05:00:00,Italy,North Italy,IT-NO,193.55,242.35,61.86,50.42,entsoe.eu,false,
2024-07-22 06:00:00,Italy,North Italy,IT-NO,184.06,232.78,63.21,52.26,entsoe.eu,false,
2024-07-22 07:00:00,Italy,North Italy,IT-NO,179.0,226.66,64.32,54.25,entsoe.eu,false,
2024-07-22 08:00:00,Italy,North Italy,IT-NO,164.5,213.4,66.25,56.51,entsoe.eu,false,
2024-07-22 09:00:00,Italy,North Italy,IT-NO,157.19,205.15,67.76,57.73,entsoe.eu,false,
2024-07-22 10:00:00,Italy,North Italy,IT-NO,148.69,196.85,69.19,59.01,entsoe.eu,false,
2024-07-22 11:00:00,Italy,North Italy,IT-NO,146.37,194.15,69.82,59.31,entsoe.eu,false,
2024-07-22 12:00:00,Italy,North Italy,IT-NO,161.31,212.64,66.23,56.64,entsoe.eu,false,
2024-07-22 13:00:00,Italy,North Italy,IT-NO,171.81,224.17,64.15,54.68,entsoe.eu,false,
2024-07-22 14:00:00,Italy,North Italy,IT-NO,175.08,228.21,63.03,52.94,entsoe.eu,false,
2024-07-22 15:00:00,Italy,North Italy,IT-NO,186.71,238.95,61.51,51.29,entsoe.eu,false,
2024-07-22 16:00:00,Italy,North Italy,IT-NO,194.35,239.87,62.26,52.63,entsoe.eu,false,
2024-07-22 17:00:00,Italy,North Italy,IT-NO,202.59,246.96,61.05,51.23,entsoe.eu,false,
2024-07-22 18:00:00,Italy,North Italy,IT-NO,207.84,261.22,57.24,46.99,entsoe.eu,false,
2024-07-22 19:00:00,Italy,North Italy,IT-NO,216.72,270.35,55.89,45.85,entsoe.eu,false,
2024-07-22 20:00:00,Italy,North Italy,IT-NO,211.34,266.85,56.4,45.44,entsoe.eu,false,
2024-07-22 21:00:00,Italy,North Italy,IT-NO,199.01,253.27,58.88,46.52,entsoe.eu,false,
2024-07-22 22:00:00,Italy,North Italy,IT-NO,169.8,215.28,66.5,50.19,entsoe.eu,false,
2024-07-22 23:00:00,Italy,North Italy,IT-NO,154.37,199.47,69.03,50.84,entsoe.eu,false,
2024-07-23 00:00:00,Italy,North Italy,IT-NO,153.1,197.67,69.54,50.6,entsoe.eu,false,
2024-07-23 01:00:00,Italy,North Italy,IT-NO,157.07,202.64,68.39,49.53,entsoe.eu,false,
2024-07-23 02:00:00,Italy,North Italy,IT-NO,152.03,203.24,67.29,48.0,entsoe.eu,false,
2024-07-23 03:00:00,Italy,North Italy,IT-NO,160.84,209.84,66.66,49.0,entsoe.eu,false,
2024-07-23 04:00:00,Italy,North Italy,IT-NO,170.87,218.83,65.39,51.19,entsoe.eu,false,
2024-07-23 05:00:00,Italy,North Italy,IT-NO,186.58,236.91,62.23,51.22,entsoe.eu,false,
2024-07-23 06:00:00,Italy,North Italy,IT-NO,177.78,228.16,63.51,53.2,entsoe.eu,false,
2024-07-23 07:00:00,Italy,North Italy,IT-NO,164.78,214.65,66.02,55.11,entsoe.eu,false,
2024-07-23 08:00:00,Italy,North Italy,IT-NO,157.36,206.64,67.55,56.55,entsoe.eu,false,
2024-07-23 09:00:00,Italy,North Italy,IT-NO,156.21,206.34,67.43,57.01,entsoe.eu,false,
2024-07-23 10:00:00,Italy,North Italy,IT-NO,151.12,201.87,68.05,58.08,entsoe.eu,false,
2024-07-23 11:00:00,Italy,North Italy,IT-NO,147.16,197.55,68.73,58.35,entsoe.eu,false,
2024-07-23 12:00:00,Italy,North Italy,IT-NO,153.23,203.49,67.74,57.8,entsoe.eu,false,
2024-07-23 13:00:00,Italy,North Italy,IT-NO,163.61,214.83,65.64,56.09,entsoe.eu,false,
2024-07-23 14:00:00,Italy,North Italy,IT-NO,170.13,222.97,63.88,54.05,entsoe.eu,false,
2024-07-23 15:00:00,Italy,North Italy,IT-NO,180.19,233.1,62.32,52.2,entsoe.eu,false,
2024-07-23 16:00:00,Italy,North Italy,IT-NO,187.26,240.24,60.97,50.87,entsoe.eu,false,
2024-07-23 17:00:00,Italy,North Italy,IT-NO,208.06,258.34,58.38,48.7,entsoe.eu,false,
2024-07-23 18:00:00,Italy,North Italy,IT-NO,215.96,263.79,57.79,48.08,entsoe.eu,false,
2024-07-23 19:00:00,Italy,North Italy,IT-NO,216.76,274.5,54.57,44.5,entsoe.eu,false,
2024-07-23 20:00:00,Italy,North Italy,IT-NO,215.4,275.82,54.13,43.24,entsoe.eu,false,
2024-07-23 21:00:00,Italy,North Italy,IT-NO,195.45,251.04,58.67,45.53,entsoe.eu,false,
2024-07-23 22:00:00,Italy,North Italy,IT-NO,176.08,226.18,63.8,48.13,entsoe.eu,false,
2024-07-23 23:00:00,Italy,North Italy,IT-NO,162.64,209.66,66.89,48.95,entsoe.eu,false,
2024-07-24 00:00:00,Italy,North Italy,IT-NO,162.86,215.44,65.06,45.85,entsoe.eu,false,
2024-07-24 01:00:00,Italy,North Italy,IT-NO,171.3,225.51,63.13,45.43,entsoe.eu,false,
2024-07-24 02:00:00,Italy,North Italy,IT-NO,174.87,227.87,62.97,45.95,entsoe.eu,false,
2024-07-24 03:00:00,Italy,North Italy,IT-NO,172.99,225.21,63.51,46.54,entsoe.eu,false,
2024-07-24 04:00:00,Italy,North Italy,IT-NO,179.44,229.28,63.31,49.22,entsoe.eu,false,
2024-07-24 05:00:00,Italy,North Italy,IT-NO,190.66,241.66,61.34,49.22,entsoe.eu,false,
2024-07-24 06:00:00,Italy,North Italy,IT-NO,193.15,246.58,60.14,49.45,entsoe.eu,false,
2024-07-24 07:00:00,Italy,North Italy,IT-NO,186.17,239.91,61.3,50.96,entsoe.eu,false,
2024-07-24 08:00:00,Italy,North Italy,IT-NO,174.79,230.71,62.51,52.43,entsoe.eu,false,
2024-07-24 09:00:00,Italy,North Italy,IT-NO,167.16,222.75,63.96,53.72,entsoe.eu,false,
2024-07-24 10:00:00,Italy,North Italy,IT-NO,162.26,217.14,65.15,54.91,entsoe.eu,false,
2024-07-24 11:00:00,Italy,North Italy,IT-NO,160.77,215.42,65.5,54.97,entsoe.eu,false,
2024-07-24 12:00:00,Italy,North Italy,IT-NO,167.28,221.1,64.59,54.55,entsoe.eu,false,
2024-07-24 13:00:00,Italy,North Italy,IT-NO,174.76,229.02,63.2,53.59,entsoe.eu,false,
2024-07-24 14:00:00,Italy,North Italy,IT-NO,182.27,237.66,61.52,52.01,entsoe.eu,false,
2024-07-24 15:00:00,Italy,North Italy,IT-NO,184.51,236.65,62.18,51.96,entsoe.eu,false,
2024-07-24 16:00:00,Italy,North Italy,IT-NO,192.17,242.43,61.27,51.09,entsoe.eu,false,
2024-07-24 17:00:00,Italy,North Italy,IT-NO,198.21,247.06,60.4,49.7,entsoe.eu,false,
2024-07-24 18:00:00,Italy,North Italy,IT-NO,201.49,252.16,59.22,48.22,entsoe.eu,false,
2024-07-24 19:00:00,Italy,North Italy,IT-NO,206.94,261.83,57.09,46.11,entsoe.eu,false,
2024-07-24 20:00:00,Italy,North Italy,IT-NO,202.54,258.83,57.44,45.49,entsoe.eu,false,
2024-07-24 21:00:00,Italy,North Italy,IT-NO,188.96,242.23,60.53,46.82,entsoe.eu,false,
2024-07-24 22:00:00,Italy,North Italy,IT-NO,187.41,231.68,64.19,49.96,entsoe.eu,false,
2024-07-24 23:00:00,Italy,North Italy,IT-NO,183.25,230.96,63.93,47.96,entsoe.eu,false,
2024-07-25 00:00:00,Italy,North Italy,IT-NO,177.97,233.5,62.2,45.3,entsoe.eu,false,
2024-07-25 01:00:00,Italy,North Italy,IT-NO,177.34,229.12,63.44,45.87,entsoe.eu,false,
2024-07-25 02:00:00,Italy,North Italy,IT-NO,180.21,233.99,62.24,44.58,entsoe.eu,false,
2024-07-25 03:00:00,Italy,North Italy,IT-NO,184.05,237.09,62.03,45.09,entsoe.eu,false,
2024-07-25 04:00:00,Italy,North Italy,IT-NO,195.0,245.09,61.26,47.88,entsoe.eu,false,
2024-07-25 05:00:00,Italy,North Italy,IT-NO,197.95,247.66,61.03,49.07,entsoe.eu,false,
2024-07-25 06:00:00,Italy,North Italy,IT-NO,187.39,233.33,63.71,52.37,entsoe.eu,false,
2024-07-25 07:00:00,Italy,North Italy,IT-NO,176.42,225.84,64.43,53.95,entsoe.eu,false,
2024-07-25 08:00:00,Italy,North Italy,IT-NO,160.74,210.73,66.92,56.5,entsoe.eu,false,
2024-07-25 09:00:00,Italy,North Italy,IT-NO,151.3,201.4,68.47,57.95,entsoe.eu,false,
2024-07-25 10:00:00,Italy,North Italy,IT-NO,149.06,200.83,68.61,58.64,entsoe.eu,false,
2024-07-25 11:00:00,Italy,North Italy,IT-NO,151.14,203.45,68.06,58.62,entsoe.eu,false,
2024-07-25 12:00:00,Italy,North Italy,IT-NO,157.79,208.83,67.37,58.6,entsoe.eu,false,
2024-07-25 13:00:00,Italy,North Italy,IT-NO,164.45,214.99,66.34,57.2,entsoe.eu,false,
2024-07-25 14:00:00,Italy,North Italy,IT-NO,167.41,218.73,65.36,55.29,entsoe.eu,false,
2024-07-25 15:00:00,Italy,North Italy,IT-NO,183.44,237.35,62.12,52.3,entsoe.eu,false,
2024-07-25 16:00:00,Italy,North Italy,IT-NO,201.26,254.96,59.05,49.37,entsoe.eu,false,
2024-07-25 17:00:00,Italy,North Italy,IT-NO,213.09,265.97,57.19,47.23,entsoe.eu,false,
2024-07-25 18:00:00,Italy,North Italy,IT-NO,222.94,276.34,55.4,45.97,entsoe.eu,false,
2024-07-25 19:00:00,Italy,North Italy,IT-NO,220.7,273.26,56.11,46.27,entsoe.eu,false,
2024-07-25 20:00:00,Italy,North Italy,IT-NO,211.44,267.78,56.62,45.41,entsoe.eu,false,
2024-07-25 21:00:00,Italy,North Italy,IT-NO,206.82,264.52,56.76,45.07,entsoe.eu,false,
2024-07-25 22:00:00,Italy,North Italy,IT-NO,192.52,247.59,59.44,45.96,entsoe.eu,false,
2024-07-25 23:00:00,Italy,North Italy,IT-NO,183.96,241.58,59.92,44.56,entsoe.eu,false,
2024-07-26 00:00:00,Italy,North Italy,IT-NO,180.65,238.68,60.31,43.98,entsoe.eu,false,
2024-07-26 01:00:00,Italy,North Italy,IT-NO,174.12,230.71,61.82,44.07,entsoe.eu,false,
2024-07-26 02:00:00,Italy,North Italy,IT-NO,169.57,225.12,62.85,44.29,entsoe.eu,false,
2024-07-26 03:00:00,Italy,North Italy,IT-NO,173.81,230.68,61.58,44.48,entsoe.eu,false,
2024-07-26 04:00:00,Italy,North Italy,IT-NO,182.52,237.23,60.86,46.29,entsoe.eu,false,
2024-07-26 05:00:00,Italy,North Italy,IT-NO,187.96,240.67,60.83,48.65,entsoe.eu,false,
2024-07-26 06:00:00,Italy,North Italy,IT-NO,181.52,232.65,62.64,51.92,entsoe.eu,false,
2024-07-26 07:00:00,Italy,North Italy,IT-NO,168.46,218.81,65.22,54.96,entsoe.eu,false,
2024-07-26 08:00:00,Italy,North Italy,IT-NO,159.09,208.98,67.27,57.87,entsoe.eu,false,
2024-07-26 09:00:00,Italy,North Italy,IT-NO,143.29,192.22,70.28,60.74,entsoe.eu,false,
2024-07-26 10:00:00,Italy,North Italy,IT-NO,133.23,183.51,71.61,61.85,entsoe.eu,false,
2024-07-26 11:00:00,Italy,North Italy,IT-NO,132.89,184.73,71.01,61.29,entsoe.eu,false,
2024-07-26 12:00:00,Italy,North Italy,IT-NO,144.9,197.08,68.65,58.88,entsoe.eu,false,
2024-07-26 13:00:00,Italy,North Italy,IT-NO,137.84,189.3,70.02,59.23,entsoe.eu,false,
2024-07-26 14:00:00,Italy,North Italy,IT-NO,151.15,203.11,67.63,57.16,entsoe.eu,false,
2024-07-26 15:00:00,Italy,North Italy,IT-NO,167.05,221.03,64.23,53.39,entsoe.eu,false,
2024-07-26 16:00:00,Italy,North Italy,IT-NO,197.05,253.32,58.3,48.61,entsoe.eu,false,
2024-07-26 17:00:00,Italy,North Italy,IT-NO,212.79,266.58,56.48,47.02,entsoe.eu,false,
2024-07-26 18:00:00,Italy,North Italy,IT-NO,212.28,266.28,56.5,46.74,entsoe.eu,false,
2024-07-26 19:00:00,Italy,North Italy,IT-NO,214.13,269.79,55.7,46.03,entsoe.eu,false,
2024-07-26 20:00:00,Italy,North Italy,IT-NO,206.91,263.21,56.46,45.83,entsoe.eu,false,
2024-07-26 21:00:00,Italy,North Italy,IT-NO,200.71,257.68,57.11,45.46,entsoe.eu,false,
2024-07-26 22:00:00,Italy,North Italy,IT-NO,158.6,205.13,67.13,51.71,entsoe.eu,false,
2024-07-26 23:00:00,Italy,North Italy,IT-NO,142.95,184.82,71.13,53.21,entsoe.eu,false,
2024-07-27 00:00:00,Italy,North Italy,IT-NO,143.49,188.94,69.89,50.97,entsoe.eu,false,
2024-07-27 01:00:00,Italy,North Italy,IT-NO,137.51,184.0,70.54,50.14,entsoe.eu,false,
2024-07-27 02:00:00,Italy,North Italy,IT-NO,138.52,187.26,69.65,49.06,entsoe.eu,false,
2024-07-27 03:00:00,Italy,North Italy,IT-NO,138.86,187.73,69.64,49.41,entsoe.eu,false,
2024-07-27 04:00:00,Italy,North Italy,IT-NO,138.3,185.52,70.34,50.57,entsoe.eu,false,
2024-07-27 05:00:00,Italy,North Italy,IT-NO,138.03,184.88,70.71,52.66,entsoe.eu,false,
2024-07-27 06:00:00,Italy,North Italy,IT-NO,126.39,171.02,73.56,56.91,entsoe.eu,false,
2024-07-27 07:00:00,Italy,North Italy,IT-NO,123.78,170.37,73.65,58.87,entsoe.eu,false,
2024-07-27 08:00:00,Italy,North Italy,IT-NO,107.0,150.73,77.54,63.61,entsoe.eu,false,
2024-07-27 09:00:00,Italy,North Italy,IT-NO,90.12,131.57,81.23,67.78,entsoe.eu,false,
2024-07-27 10:00:00,Italy,North Italy,IT-NO,82.62,123.22,82.84,70.43,entsoe.eu,false,
2024-07-27 11:00:00,Italy,North Italy,IT-NO,85.71,127.42,81.97,70.54,entsoe.eu,false,
2024-07-27 12:00:00,Italy,North Italy,IT-NO,85.7,127.3,82.07,70.29,entsoe.eu,false,
2024-07-27 13:00:00,Italy,North Italy,IT-NO,91.2,133.55,80.6,67.69,entsoe.eu,false,
2024-07-27 14:00:00,Italy,North Italy,IT-NO,97.41,141.1,78.7,66.17,entsoe.eu,false,
2024-07-27 15:00:00,Italy,North Italy,IT-NO,116.0,159.44,75.34,62.82,entsoe.eu,false,
2024-07-27 16:00:00,Italy,North Italy,IT-NO,133.81,175.96,72.47,59.27,entsoe.eu,false,
2024-07-27 17:00:00,Italy,North Italy,IT-NO,158.29,189.92,71.77,59.1,entsoe.eu,false,
2024-07-27 18:00:00,Italy,North Italy,IT-NO,165.92,199.87,69.88,56.63,entsoe.eu,false,
2024-07-27 19:00:00,Italy,North Italy,IT-NO,164.4,202.54,68.66,54.89,entsoe.eu,false,
2024-07-27 20:00:00,Italy,North Italy,IT-NO,150.98,195.17,68.93,53.48,entsoe.eu,false,
2024-07-27 21:00:00,Italy,North Italy,IT-NO,146.51,189.54,70.11,53.53,entsoe.eu,false,
2024-07-27 22:00:00,Italy,North Italy,IT-NO,147.87,194.05,68.88,52.18,entsoe.eu,false,
2024-07-27 23:00:00,Italy,North Italy,IT-NO,133.31,175.83,72.47,54.47,entsoe.eu,false,
2024-07-28 00:00:00,Italy,North Italy,IT-NO,129.11,167.19,74.62,55.7,entsoe.eu,false,
2024-07-28 01:00:00,Italy,North Italy,IT-NO,124.33,160.59,76.15,56.17,entsoe.eu,false,
2024-07-28 02:00:00,Italy,North Italy,IT-NO,122.53,164.22,74.81,54.34,entsoe.eu,false,
2024-07-28 03:00:00,Italy,North Italy,IT-NO,120.93,161.55,75.35,54.33,entsoe.eu,false,
2024-07-28 04:00:00,Italy,North Italy,IT-NO,114.97,156.05,76.05,54.88,entsoe.eu,false,
2024-07-28 05:00:00,Italy,North Italy,IT-NO,115.11,155.29,76.21,58.48,entsoe.eu,false,
2024-07-28 06:00:00,Italy,North Italy,IT-NO,101.48,142.03,78.33,61.3,entsoe.eu,false,
2024-07-28 07:00:00,Italy,North Italy,IT-NO,90.57,129.23,81.08,65.64,entsoe.eu,false,
2024-07-28 08:00:00,Italy,North Italy,IT-NO,69.68,107.34,85.17,72.44,entsoe.eu,false,
2024-07-28 09:00:00,Italy,North Italy,IT-NO,62.78,100.85,86.31,76.44,entsoe.eu,false,
2024-07-28 10:00:00,Italy,North Italy,IT-NO,65.17,104.02,85.85,78.9,entsoe.eu,false,
2024-07-28 11:00:00,Italy,North Italy,IT-NO,69.82,109.17,84.87,78.66,entsoe.eu,false,
2024-07-28 12:00:00,Italy,North Italy,IT-NO,71.05,111.26,84.4,77.62,entsoe.eu,false,
2024-07-28 13:00:00,Italy,North Italy,IT-NO,72.38,112.84,84.31,76.36,entsoe.eu,false,
2024-07-28 14:00:00,Italy,North Italy,IT-NO,81.48,121.94,82.73,73.34,entsoe.eu,false,
2024-07-28 15:00:00,Italy,North Italy,IT-NO,95.28,133.94,80.38,67.79,entsoe.eu,false,
2024-07-28 16:00:00,Italy,North Italy,IT-NO,126.14,163.61,75.32,61.76,entsoe.eu,false,
2024-07-28 17:00:00,Italy,North Italy,IT-NO,149.7,179.54,73.94,61.52,entsoe.eu,false,
2024-07-28 18:00:00,Italy,North Italy,IT-NO,153.05,182.97,73.3,60.69,entsoe.eu,false,
2024-07-28 19:00:00,Italy,North Italy,IT-NO,156.69,186.98,72.49,59.76,entsoe.eu,false,
2024-07-28 20:00:00,Italy,North Italy,IT-NO,155.3,190.81,71.19,58.21,entsoe.eu,false,
2024-07-28 21:00:00,Italy,North Italy,IT-NO,146.53,186.53,71.34,56.74,entsoe.eu,false,
2024-07-28 22:00:00,Italy,North Italy,IT-NO,159.7,200.81,69.1,54.6,entsoe.eu,false,
2024-07-28 23:00:00,Italy,North Italy,IT-NO,153.53,201.98,67.91,52.27,entsoe.eu,false,
2024-07-29 00:00:00,Italy,North Italy,IT-NO,150.14,196.42,69.29,52.76,entsoe.eu,false,
2024-07-29 01:00:00,Italy,North Italy,IT-NO,147.55,196.6,68.93,51.66,entsoe.eu,false,
2024-07-29 02:00:00,Italy,North Italy,IT-NO,150.92,200.06,68.38,51.53,entsoe.eu,false,
2024-07-29 03:00:00,Italy,North Italy,IT-NO,164.27,213.67,66.34,51.12,entsoe.eu,false,
2024-07-29 04:00:00,Italy,North Italy,IT-NO,193.3,236.96,63.79,52.61,entsoe.eu,false,
2024-07-29 05:00:00,Italy,North Italy,IT-NO,200.72,253.8,59.51,49.32,entsoe.eu,false,
2024-07-29 06:00:00,Italy,North Italy,IT-NO,192.23,241.31,62.03,52.94,entsoe.eu,false,
2024-07-29 07:00:00,Italy,North Italy,IT-NO,183.55,231.79,63.75,55.79,entsoe.eu,false,
2024-07-29 08:00:00,Italy,North Italy,IT-NO,170.16,218.23,66.01,58.0,entsoe.eu,false,
2024-07-29 09:00:00,Italy,North Italy,IT-NO,165.01,219.11,65.26,57.67,entsoe.eu,false,
2024-07-29 10:00:00,Italy,North Italy,IT-NO,150.49,206.61,67.12,59.81,entsoe.eu,false,
2024-07-29 11:00:00,Italy,North Italy,IT-NO,151.73,208.07,66.86,59.46,entsoe.eu,false,
2024-07-29 12:00:00,Italy,North Italy,IT-NO,159.69,215.59,65.58,58.72,entsoe.eu,false,
2024-07-29 13:00:00,Italy,North Italy,IT-NO,163.46,219.85,64.72,57.29,entsoe.eu,false,
2024-07-29 14:00:00,Italy,North Italy,IT-NO,170.35,224.86,64.15,55.46,entsoe.eu,false,
2024-07-29 15:00:00,Italy,North Italy,IT-NO,190.94,248.35,59.98,51.69,entsoe.eu,false,
2024-07-29 16:00:00,Italy,North Italy,IT-NO,210.97,266.16,56.94,48.44,entsoe.eu,false,
2024-07-29 17:00:00,Italy,North Italy,IT-NO,222.72,277.17,54.95,46.16,entsoe.eu,false,
2024-07-29 18:00:00,Italy,North Italy,IT-NO,233.46,289.95,52.61,43.85,entsoe.eu,false,
2024-07-29 19:00:00,Italy,North Italy,IT-NO,234.21,291.02,52.5,43.36,entsoe.eu,false,
2024-07-29 20:00:00,Italy,North Italy,IT-NO,224.55,280.31,54.68,44.12,entsoe.eu,false,
2024-07-29 21:00:00,Italy,North Italy,IT-NO,218.41,279.64,53.78,42.18,entsoe.eu,false,
2024-07-29 22:00:00,Italy,North Italy,IT-NO,209.04,268.24,55.88,43.26,entsoe.eu,false,
2024-07-29 23:00:00,Italy,North Italy,IT-NO,207.13,267.02,56.02,41.93,entsoe.eu,false,
2024-07-30 00:00:00,Italy,North Italy,IT-NO,200.02,262.6,56.33,41.03,entsoe.eu,false,
2024-07-30 01:00:00,Italy,North Italy,IT-NO,194.14,255.68,57.79,41.09,entsoe.eu,false,
2024-07-30 02:00:00,Italy,North Italy,IT-NO,191.86,252.89,58.25,41.03,entsoe.eu,false,
2024-07-30 03:00:00,Italy,North Italy,IT-NO,199.73,262.05,56.66,40.29,entsoe.eu,false,
2024-07-30 04:00:00,Italy,North Italy,IT-NO,212.01,272.66,55.15,42.8,entsoe.eu,false,
2024-07-30 05:00:00,Italy,North Italy,IT-NO,217.41,277.74,54.66,44.63,entsoe.eu,false,
2024-07-30 06:00:00,Italy,North Italy,IT-NO,207.49,267.65,56.31,48.23,entsoe.eu,false,
2024-07-30 07:00:00,Italy,North Italy,IT-NO,200.28,256.89,58.75,51.77,entsoe.eu,false,
2024-07-30 08:00:00,Italy,North Italy,IT-NO,188.47,246.5,60.53,53.28,entsoe.eu,false,
2024-07-30 09:00:00,Italy,North Italy,IT-NO,178.32,237.74,61.89,54.74,entsoe.eu,false,
2024-07-30 10:00:00,Italy,North Italy,IT-NO,163.56,220.27,65.39,56.75,entsoe.eu,false,
2024-07-30 11:00:00,Italy,North Italy,IT-NO,164.95,222.4,64.93,56.58,entsoe.eu,false,
2024-07-30 12:00:00,Italy,North Italy,IT-NO,168.65,225.11,64.58,56.63,entsoe.eu,false,
2024-07-30 13:00:00,Italy,North Italy,IT-NO,165.65,218.66,65.99,56.92,entsoe.eu,false,
2024-07-30 14:00:00,Italy,North Italy,IT-NO,172.99,227.89,63.89,54.82,entsoe.eu,false,
2024-07-30 15:00:00,Italy,North Italy,IT-NO,183.93,240.83,61.2,51.68,entsoe.eu,false,
2024-07-30 16:00:00,Italy,North Italy,IT-NO,211.51,271.8,55.11,46.06,entsoe.eu,false,
2024-07-30 17:00:00,Italy,North Italy,IT-NO,227.4,282.16,54.12,45.01,entsoe.eu,false,
2024-07-30 18:00:00,Italy,North Italy,IT-NO,234.03,288.32,53.2,44.27,entsoe.eu,false,
2024-07-30 19:00:00,Italy,North Italy,IT-NO,234.72,290.09,52.72,44.04,entsoe.eu,false,
2024-07-30 20:00:00,Italy,North Italy,IT-NO,236.81,303.13,49.17,39.32,entsoe.eu,false,
2024-07-30 21:00:00,Italy,North Italy,IT-NO,216.26,277.0,54.14,41.77,entsoe.eu,false,
2024-07-30 22:00:00,Italy,North Italy,IT-NO,208.31,266.89,56.3,42.66,entsoe.eu,false,
2024-07-30 23:00:00,Italy,North Italy,IT-NO,198.02,258.74,57.33,42.17,entsoe.eu,false,
2024-07-31 00:00:00,Italy,North Italy,IT-NO,200.88,265.25,55.83,40.24,entsoe.eu,false,
2024-07-31 01:00:00,Italy,North Italy,IT-NO,190.67,252.72,58.12,41.42,entsoe.eu,false,
2024-07-31 02:00:00,Italy,North Italy,IT-NO,191.91,253.78,58.01,41.52,entsoe.eu,false,
2024-07-31 03:00:00,Italy,North Italy,IT-NO,201.8,265.52,55.86,41.34,entsoe.eu,false,
2024-07-31 04:00:00,Italy,North Italy,IT-NO,210.93,270.2,55.77,44.38,entsoe.eu,false,
2024-07-31 05:00:00,Italy,North Italy,IT-NO,210.91,269.63,56.27,44.98,entsoe.eu,false,
2024-07-31 06:00:00,Italy,North Italy,IT-NO,198.2,252.67,59.63,49.44,entsoe.eu,false,
2024-07-31 07:00:00,Italy,North Italy,IT-NO,187.28,242.58,61.39,52.2,entsoe.eu,false,
2024-07-31 08:00:00,Italy,North Italy,IT-NO,174.84,229.44,63.37,55.39,entsoe.eu,false,
2024-07-31 09:00:00,Italy,North Italy,IT-NO,171.81,226.73,63.82,56.19,entsoe.eu,false,
2024-07-31 10:00:00,Italy,North Italy,IT-NO,169.82,228.4,63.21,55.38,entsoe.eu,false,
2024-07-31 11:00:00,Italy,North Italy,IT-NO,170.35,229.06,63.04,54.91,entsoe.eu,false,
2024-07-31 12:00:00,Italy,North Italy,IT-NO,168.1,226.42,63.31,55.21,entsoe.eu,false,
2024-07-31 13:00:00,Italy,North Italy,IT-NO,178.1,236.0,61.57,53.37,entsoe.eu,false,
2024-07-31 14:00:00,Italy,North Italy,IT-NO,192.18,252.55,58.31,49.83,entsoe.eu,false,
2024-07-31 15:00:00,Italy,North Italy,IT-NO,204.98,265.78,55.96,47.07,entsoe.eu,false,
2024-07-31 16:00:00,Italy,North Italy,IT-NO,217.94,272.26,55.67,46.79,entsoe.eu,false,
2024-07-31 17:00:00,Italy,North Italy,IT-NO,225.98,282.25,53.6,45.01,entsoe.eu,false,
2024-07-31 18:00:00,Italy,North Italy,IT-NO,236.99,292.81,51.89,43.67,entsoe.eu,false,
2024-07-31 19:00:00,Italy,North Italy,IT-NO,235.5,293.61,51.39,42.5,entsoe.eu,false,
2024-07-31 20:00:00,Italy,North Italy,IT-NO,234.51,298.89,49.75,40.54,entsoe.eu,false,
2024-07-31 21:00:00,Italy,North Italy,IT-NO,224.38,287.17,51.67,40.84,entsoe.eu,false,
2024-07-31 22:00:00,Italy,North Italy,IT-NO,222.17,288.42,51.25,38.18,entsoe.eu,false,
2024-07-31 23:00:00,Italy,North Italy,IT-NO,211.98,276.74,53.47,38.85,entsoe.eu,false,
2024-08-01 00:00:00,Italy,North Italy,IT-NO,213.41,279.81,52.78,37.69,entsoe.eu,false,
2024-08-01 01:00:00,Italy,North Italy,IT-NO,209.81,275.43,53.66,37.76,entsoe.eu,false,
2024-08-01 02:00:00,Italy,North Italy,IT-NO,205.47,269.94,54.8,39.68,entsoe.eu,false,
2024-08-01 03:00:00,Italy,North Italy,IT-NO,212.4,279.0,52.93,39.9,entsoe.eu,false,
2024-08-01 04:00:00,Italy,North Italy,IT-NO,213.26,275.76,53.77,42.3,entsoe.eu,false,
2024-08-01 05:00:00,Italy,North Italy,IT-NO,212.74,273.57,54.27,43.33,entsoe.eu,false,
2024-08-01 06:00:00,Italy,North Italy,IT-NO,204.25,263.77,56.23,45.97,entsoe.eu,false,
2024-08-01 07:00:00,Italy,North Italy,IT-NO,196.22,254.03,58.33,49.44,entsoe.eu,false,
2024-08-01 08:00:00,Italy,North Italy,IT-NO,184.76,241.01,60.9,52.56,entsoe.eu,false,
2024-08-01 09:00:00,Italy,North Italy,IT-NO,179.53,239.06,60.96,52.66,entsoe.eu,false,
2024-08-01 10:00:00,Italy,North Italy,IT-NO,175.6,236.3,61.34,52.87,entsoe.eu,false,
2024-08-01 11:00:00,Italy,North Italy,IT-NO,174.02,234.43,61.51,53.04,entsoe.eu,false,
2024-08-01 12:00:00,Italy,North Italy,IT-NO,168.85,226.51,63.04,54.78,entsoe.eu,false,
2024-08-01 13:00:00,Italy,North Italy,IT-NO,177.36,233.45,62.01,53.84,entsoe.eu,false,
2024-08-01 14:00:00,Italy,North Italy,IT-NO,188.65,247.57,59.13,50.84,entsoe.eu,false,
2024-08-01 15:00:00,Italy,North Italy,IT-NO,202.15,263.14,56.3,47.47,entsoe.eu,false,
2024-08-01 16:00:00,Italy,North Italy,IT-NO,210.64,269.06,55.61,46.0,entsoe.eu,false,
2024-08-01 17:00:00,Italy,North Italy,IT-NO,227.46,278.59,55.08,46.45,entsoe.eu,false,
2024-08-01 18:00:00,Italy,North Italy,IT-NO,228.34,281.59,54.26,45.55,entsoe.eu,false,
2024-08-01 19:00:00,Italy,North Italy,IT-NO,237.8,295.36,51.44,42.88,entsoe.eu,false,
2024-08-01 20:00:00,Italy,North Italy,IT-NO,222.54,284.75,52.48,41.98,entsoe.eu,false,
2024-08-01 21:00:00,Italy,North Italy,IT-NO,211.16,271.83,55.02,43.03,entsoe.eu,false,
2024-08-01 22:00:00,Italy,North Italy,IT-NO,207.63,265.26,56.74,43.62,entsoe.eu,false,
2024-08-01 23:00:00,Italy,North Italy,IT-NO,202.15,256.24,58.71,44.08,entsoe.eu,false,
2024-08-02 00:00:00,Italy,North Italy,IT-NO,201.5,260.36,57.4,42.03,entsoe.eu,false,
2024-08-02 01:00:00,Italy,North Italy,IT-NO,199.41,259.03,57.6,41.34,entsoe.eu,false,
2024-08-02 02:00:00,Italy,North Italy,IT-NO,190.76,250.35,59.09,41.75,entsoe.eu,false,
2024-08-02 03:00:00,Italy,North Italy,IT-NO,192.16,252.54,58.5,42.04,entsoe.eu,false,
2024-08-02 04:00:00,Italy,North Italy,IT-NO,191.99,245.69,60.32,46.96,entsoe.eu,false,
2024-08-02 05:00:00,Italy,North Italy,IT-NO,195.92,248.74,60.0,48.45,entsoe.eu,false,
2024-08-02 06:00:00,Italy,North Italy,IT-NO,188.54,239.64,61.82,51.68,entsoe.eu,false,
2024-08-02 07:00:00,Italy,North Italy,IT-NO,176.86,228.11,63.93,54.02,entsoe.eu,false,
2024-08-02 08:00:00,Italy,North Italy,IT-NO,165.17,216.45,66.08,56.67,entsoe.eu,false,
2024-08-02 09:00:00,Italy,North Italy,IT-NO,162.83,215.15,66.27,56.75,entsoe.eu,false,
2024-08-02 10:00:00,Italy,North Italy,IT-NO,158.02,213.23,66.28,56.86,entsoe.eu,false,
2024-08-02 11:00:00,Italy,North Italy,IT-NO,154.96,209.67,66.9,57.88,entsoe.eu,false,
2024-08-02 12:00:00,Italy,North Italy,IT-NO,151.69,204.58,67.43,58.25,entsoe.eu,false,
2024-08-02 13:00:00,Italy,North Italy,IT-NO,162.1,215.14,65.82,56.64,entsoe.eu,false,
2024-08-02 14:00:00,Italy,North Italy,IT-NO,174.04,228.61,63.51,54.05,entsoe.eu,false,
2024-08-02 15:00:00,Italy,North Italy,IT-NO,195.56,251.67,59.64,50.16,entsoe.eu,false,
2024-08-02 16:00:00,Italy,North Italy,IT-NO,216.26,272.75,56.04,46.47,entsoe.eu,false,
2024-08-02 17:00:00,Italy,North Italy,IT-NO,221.43,272.31,56.6,46.85,entsoe.eu,false,
2024-08-02 18:00:00,Italy,North Italy,IT-NO,228.22,283.27,54.27,45.1,entsoe.eu,false,
2024-08-02 19:00:00,Italy,North Italy,IT-NO,230.78,289.18,53.0,43.68,entsoe.eu,false,
2024-08-02 20:00:00,Italy,North Italy,IT-NO,228.8,290.25,52.5,42.34,entsoe.eu,false,
2024-08-02 21:00:00,Italy,North Italy,IT-NO,206.95,264.51,57.04,44.39,entsoe.eu,false,
2024-08-02 22:00:00,Italy,North Italy,IT-NO,179.63,232.96,62.65,48.24,entsoe.eu,false,
2024-08-02 23:00:00,Italy,North Italy,IT-NO,176.38,229.4,63.39,48.02,entsoe.eu,false,
2024-08-03 00:00:00,Italy,North Italy,IT-NO,173.07,227.04,63.56,47.43,entsoe.eu,false,
2024-08-03 01:00:00,Italy,North Italy,IT-NO,180.39,235.89,62.03,45.51,entsoe.eu,false,
2024-08-03 02:00:00,Italy,North Italy,IT-NO,174.8,228.49,63.63,46.66,entsoe.eu,false,
2024-08-03 03:00:00,Italy,North Italy,IT-NO,177.53,232.86,62.62,45.63,entsoe.eu,false,
2024-08-03 04:00:00,Italy,North Italy,IT-NO,176.86,226.46,64.46,48.03,entsoe.eu,false,
2024-08-03 05:00:00,Italy,North Italy,IT-NO,169.56,217.87,66.02,50.68,entsoe.eu,false,
2024-08-03 06:00:00,Italy,North Italy,IT-NO,163.97,212.65,67.09,53.42,entsoe.eu,false,
2024-08-03 07:00:00,Italy,North Italy,IT-NO,145.47,189.98,71.9,58.33,entsoe.eu,false,
2024-08-03 08:00:00,Italy,North Italy,IT-NO,135.25,178.86,73.95,61.54,entsoe.eu,false,
2024-08-03 09:00:00,Italy,North Italy,IT-NO,112.92,156.8,77.44,64.3,entsoe.eu,false,
2024-08-03 10:00:00,Italy,North Italy,IT-NO,105.18,151.46,77.22,65.1,entsoe.eu,false,
2024-08-03 11:00:00,Italy,North Italy,IT-NO,106.15,152.5,76.98,65.49,entsoe.eu,false,
2024-08-03 12:00:00,Italy,North Italy,IT-NO,107.45,153.89,76.85,65.85,entsoe.eu,false,
2024-08-03 13:00:00,Italy,North Italy,IT-NO,111.15,157.67,76.64,64.88,entsoe.eu,false,
2024-08-03 14:00:00,Italy,North Italy,IT-NO,121.35,164.88,76.02,63.25,entsoe.eu,false,
2024-08-03 15:00:00,Italy,North Italy,IT-NO,140.63,184.94,72.54,60.35,entsoe.eu,false,
2024-08-03 16:00:00,Italy,North Italy,IT-NO,157.12,200.99,69.79,57.64,entsoe.eu,false,
2024-08-03 17:00:00,Italy,North Italy,IT-NO,163.62,206.08,68.99,56.56,entsoe.eu,false,
2024-08-03 18:00:00,Italy,North Italy,IT-NO,171.23,212.73,67.93,55.55,entsoe.eu,false,
2024-08-03 19:00:00,Italy,North Italy,IT-NO,175.81,220.09,66.26,53.78,entsoe.eu,false,
2024-08-03 20:00:00,Italy,North Italy,IT-NO,180.99,229.49,64.26,50.62,entsoe.eu,false,
2024-08-03 21:00:00,Italy,North Italy,IT-NO,174.68,224.76,64.82,49.18,entsoe.eu,false,
2024-08-03 22:00:00,Italy,North Italy,IT-NO,170.15,218.22,66.54,49.45,entsoe.eu,false,
2024-08-03 23:00:00,Italy,North Italy,IT-NO,163.63,209.83,68.23,50.34,entsoe.eu,false,
2024-08-04 00:00:00,Italy,North Italy,IT-NO,158.16,208.21,67.87,49.57,entsoe.eu,false,
2024-08-04 01:00:00,Italy,North Italy,IT-NO,147.21,193.82,70.8,51.7,entsoe.eu,false,
2024-08-04 02:00:00,Italy,North Italy,IT-NO,150.46,196.6,70.58,51.48,entsoe.eu,false,
2024-08-04 03:00:00,Italy,North Italy,IT-NO,153.89,200.92,69.7,50.95,entsoe.eu,false,
2024-08-04 04:00:00,Italy,North Italy,IT-NO,148.62,198.31,69.9,50.37,entsoe.eu,false,
2024-08-04 05:00:00,Italy,North Italy,IT-NO,139.71,184.2,72.98,53.26,entsoe.eu,false,
2024-08-04 06:00:00,Italy,North Italy,IT-NO,122.36,165.76,76.3,58.94,entsoe.eu,false,
2024-08-04 07:00:00,Italy,North Italy,IT-NO,100.33,143.31,80.02,63.38,entsoe.eu,false,
2024-08-04 08:00:00,Italy,North Italy,IT-NO,94.75,137.79,80.68,67.32,entsoe.eu,false,
2024-08-04 09:00:00,Italy,North Italy,IT-NO,103.26,148.99,78.43,68.65,entsoe.eu,false,
2024-08-04 10:00:00,Italy,North Italy,IT-NO,110.22,158.09,76.67,70.52,entsoe.eu,false,
2024-08-04 11:00:00,Italy,North Italy,IT-NO,118.72,168.74,74.75,71.56,entsoe.eu,false,
2024-08-04 12:00:00,Italy,North Italy,IT-NO,122.35,173.16,74.08,70.11,entsoe.eu,false,
2024-08-04 13:00:00,Italy,North Italy,IT-NO,116.69,165.87,75.35,67.83,entsoe.eu,false,
2024-08-04 14:00:00,Italy,North Italy,IT-NO,120.93,168.11,75.12,63.73,entsoe.eu,false,
2024-08-04 15:00:00,Italy,North Italy,IT-NO,124.06,170.01,74.8,60.96,entsoe.eu,false,
2024-08-04 16:00:00,Italy,North Italy,IT-NO,143.29,189.83,70.91,55.71,entsoe.eu,false,
2024-08-04 17:00:00,Italy,North Italy,IT-NO,165.17,202.83,69.91,56.08,entsoe.eu,false,
2024-08-04 18:00:00,Italy,North Italy,IT-NO,169.65,204.68,69.95,56.96,entsoe.eu,false,
2024-08-04 19:00:00,Italy,North Italy,IT-NO,177.29,212.54,68.68,56.33,entsoe.eu,false,
2024-08-04 20:00:00,Italy,North Italy,IT-NO,168.38,211.65,67.72,52.99,entsoe.eu,false,
2024-08-04 21:00:00,Italy,North Italy,IT-NO,164.7,213.17,66.91,50.69,entsoe.eu,false,
2024-08-04 22:00:00,Italy,North Italy,IT-NO,150.51,195.74,70.41,50.88,entsoe.eu,false,
2024-08-04 23:00:00,Italy,North Italy,IT-NO,145.5,196.05,69.59,48.41,entsoe.eu,false,
2024-08-05 00:00:00,Italy,North Italy,IT-NO,153.24,203.71,68.45,46.87,entsoe.eu,false,
2024-08-05 01:00:00,Italy,North Italy,IT-NO,150.53,201.9,68.72,47.1,entsoe.eu,false,
2024-08-05 02:00:00,Italy,North Italy,IT-NO,158.48,211.88,66.66,45.18,entsoe.eu,false,
2024-08-05 03:00:00,Italy,North Italy,IT-NO,154.97,207.01,67.31,47.31,entsoe.eu,false,
2024-08-05 04:00:00,Italy,North Italy,IT-NO,166.6,216.23,66.07,48.51,entsoe.eu,false,
2024-08-05 05:00:00,Italy,North Italy,IT-NO,168.82,214.95,66.95,52.15,entsoe.eu,false,
2024-08-05 06:00:00,Italy,North Italy,IT-NO,159.37,204.28,68.67,55.95,entsoe.eu,false,
2024-08-05 07:00:00,Italy,North Italy,IT-NO,153.64,201.37,68.81,56.72,entsoe.eu,false,
2024-08-05 08:00:00,Italy,North Italy,IT-NO,139.28,188.05,70.69,58.43,entsoe.eu,false,
2024-08-05 09:00:00,Italy,North Italy,IT-NO,121.62,170.08,73.41,61.31,entsoe.eu,false,
2024-08-05 10:00:00,Italy,North Italy,IT-NO,115.42,163.86,74.6,62.82,entsoe.eu,false,
2024-08-05 11:00:00,Italy,North Italy,IT-NO,124.17,174.3,73.26,62.47,entsoe.eu,false,
2024-08-05 12:00:00,Italy,North Italy,IT-NO,124.87,173.58,73.65,62.82,entsoe.eu,false,
2024-08-05 13:00:00,Italy,North Italy,IT-NO,123.4,171.02,74.12,63.0,entsoe.eu,false,
2024-08-05 14:00:00,Italy,North Italy,IT-NO,137.73,183.7,72.12,60.85,entsoe.eu,false,
2024-08-05 15:00:00,Italy,North Italy,IT-NO,154.05,203.17,68.24,56.44,entsoe.eu,false,
2024-08-05 16:00:00,Italy,North Italy,IT-NO,177.67,227.76,63.87,53.01,entsoe.eu,false,
2024-08-05 17:00:00,Italy,North Italy,IT-NO,201.59,249.24,60.49,50.43,entsoe.eu,false,
2024-08-05 18:00:00,Italy,North Italy,IT-NO,207.05,258.08,58.42,47.67,entsoe.eu,false,
2024-08-05 19:00:00,Italy,North Italy,IT-NO,203.87,255.26,58.91,47.16,entsoe.eu,false,
2024-08-05 20:00:00,Italy,North Italy,IT-NO,186.51,237.83,61.91,47.8,entsoe.eu,false,
2024-08-05 21:00:00,Italy,North Italy,IT-NO,180.85,230.69,63.66,48.38,entsoe.eu,false,
2024-08-05 22:00:00,Italy,North Italy,IT-NO,175.56,225.45,64.66,47.37,entsoe.eu,false,
2024-08-05 23:00:00,Italy,North Italy,IT-NO,168.65,221.74,65.1,45.55,entsoe.eu,false,
2024-08-06 00:00:00,Italy,North Italy,IT-NO,165.71,218.03,65.83,44.57,entsoe.eu,false,
2024-08-06 01:00:00,Italy,North Italy,IT-NO,173.8,228.6,63.8,43.48,entsoe.eu,false,
2024-08-06 02:00:00,Italy,North Italy,IT-NO,179.44,235.23,62.68,42.97,entsoe.eu,false,
2024-08-06 03:00:00,Italy,North Italy,IT-NO,169.39,223.54,64.52,44.83,entsoe.eu,false,
2024-08-06 04:00:00,Italy,North Italy,IT-NO,177.84,228.44,64.13,46.99,entsoe.eu,false,
2024-08-06 05:00:00,Italy,North Italy,IT-NO,171.47,217.09,66.7,52.09,entsoe.eu,false,
2024-08-06 06:00:00,Italy,North Italy,IT-NO,165.97,209.36,68.43,56.08,entsoe.eu,false,
2024-08-06 07:00:00,Italy,North Italy,IT-NO,157.57,203.95,69.1,57.89,entsoe.eu,false,
2024-08-06 08:00:00,Italy,North Italy,IT-NO,146.06,191.45,71.23,60.51,entsoe.eu,false,
2024-08-06 09:00:00,Italy,North Italy,IT-NO,136.31,183.85,72.23,61.98,entsoe.eu,false,
2024-08-06 10:00:00,Italy,North Italy,IT-NO,131.71,182.46,72.2,62.69,entsoe.eu,false,
2024-08-06 11:00:00,Italy,North Italy,IT-NO,130.62,181.85,72.22,62.92,entsoe.eu,false,
2024-08-06 12:00:00,Italy,North Italy,IT-NO,134.53,185.84,71.51,62.11,entsoe.eu,false,
2024-08-06 13:00:00,Italy,North Italy,IT-NO,140.99,190.76,70.77,60.95,entsoe.eu,false,
2024-08-06 14:00:00,Italy,North Italy,IT-NO,157.72,207.58,67.62,57.47,entsoe.eu,false,
2024-08-06 15:00:00,Italy,North Italy,IT-NO,178.4,226.12,64.56,54.26,entsoe.eu,false,
2024-08-06 16:00:00,Italy,North Italy,IT-NO,201.86,250.71,60.41,50.2,entsoe.eu,false,
2024-08-06 17:00:00,Italy,North Italy,IT-NO,212.84,256.55,60.15,49.91,entsoe.eu,false,
2024-08-06 18:00:00,Italy,North Italy,IT-NO,216.37,263.04,58.66,47.99,entsoe.eu,false,
2024-08-06 19:00:00,Italy,North Italy,IT-NO,212.42,265.11,57.64,46.09,entsoe.eu,false,
2024-08-06 20:00:00,Italy,North Italy,IT-NO,200.09,253.62,59.47,46.56,entsoe.eu,false,
2024-08-06 21:00:00,Italy,North Italy,IT-NO,202.57,257.35,58.88,44.95,entsoe.eu,false,
2024-08-06 22:00:00,Italy,North Italy,IT-NO,192.68,245.25,61.07,45.4,entsoe.eu,false,
2024-08-06 23:00:00,Italy,North Italy,IT-NO,188.75,241.2,61.55,43.75,entsoe.eu,false,
2024-08-07 00:00:00,Italy,North Italy,IT-NO,185.21,243.96,60.13,40.99,entsoe.eu,false,
2024-08-07 01:00:00,Italy,North Italy,IT-NO,184.32,242.87,60.46,41.26,entsoe.eu,false,
2024-08-07 02:00:00,Italy,North Italy,IT-NO,174.06,229.05,63.27,43.17,entsoe.eu,false,
2024-08-07 03:00:00,Italy,North Italy,IT-NO,176.24,232.73,62.47,43.25,entsoe.eu,false,
2024-08-07 04:00:00,Italy,North Italy,IT-NO,182.56,236.83,61.89,44.86,entsoe.eu,false,
2024-08-07 05:00:00,Italy,North Italy,IT-NO,176.04,225.63,64.28,50.42,entsoe.eu,false,
2024-08-07 06:00:00,Italy,North Italy,IT-NO,172.63,218.51,66.03,54.47,entsoe.eu,false,
2024-08-07 07:00:00,Italy,North Italy,IT-NO,158.14,207.34,67.44,56.57,entsoe.eu,false,
2024-08-07 08:00:00,Italy,North Italy,IT-NO,146.63,198.24,68.69,58.24,entsoe.eu,false,
2024-08-07 09:00:00,Italy,North Italy,IT-NO,140.23,190.54,70.23,59.93,entsoe.eu,false,
2024-08-07 10:00:00,Italy,North Italy,IT-NO,134.31,186.26,70.67,60.63,entsoe.eu,false,
2024-08-07 11:00:00,Italy,North Italy,IT-NO,136.87,188.1,70.37,60.47,entsoe.eu,false,
2024-08-07 12:00:00,Italy,North Italy,IT-NO,140.8,190.28,70.11,60.17,entsoe.eu,false,
2024-08-07 13:00:00,Italy,North Italy,IT-NO,152.21,201.2,68.2,57.97,entsoe.eu,false,
2024-08-07 14:00:00,Italy,North Italy,IT-NO,169.2,219.47,64.84,55.07,entsoe.eu,false,
2024-08-07 15:00:00,Italy,North Italy,IT-NO,199.38,257.25,57.6,47.81,entsoe.eu,false,
2024-08-07 16:00:00,Italy,North Italy,IT-NO,206.27,259.06,58.05,47.53,entsoe.eu,false,
2024-08-07 17:00:00,Italy,North Italy,IT-NO,205.03,254.31,59.45,48.36,entsoe.eu,false,
2024-08-07 18:00:00,Italy,North Italy,IT-NO,209.2,256.94,59.3,48.29,entsoe.eu,false,
2024-08-07 19:00:00,Italy,North Italy,IT-NO,197.03,243.01,61.89,49.09,entsoe.eu,false,
2024-08-07 20:00:00,Italy,North Italy,IT-NO,200.37,257.33,58.15,44.35,entsoe.eu,false,
2024-08-07 21:00:00,Italy,North Italy,IT-NO,193.22,250.92,59.05,44.16,entsoe.eu,false,
2024-08-07 22:00:00,Italy,North Italy,IT-NO,187.55,244.65,60.21,43.73,entsoe.eu,false,
2024-08-07 23:00:00,Italy,North Italy,IT-NO,170.0,225.4,63.86,44.88,entsoe.eu,false,
2024-08-08 00:00:00,Italy,North Italy,IT-NO,175.3,232.92,62.43,43.42,entsoe.eu,false,
2024-08-08 01:00:00,Italy,North Italy,IT-NO,183.11,245.23,59.68,41.11,entsoe.eu,false,
2024-08-08 02:00:00,Italy,North Italy,IT-NO,183.09,243.02,60.22,42.02,entsoe.eu,false,
2024-08-08 03:00:00,Italy,North Italy,IT-NO,185.97,246.97,59.1,41.64,entsoe.eu,false,
2024-08-08 04:00:00,Italy,North Italy,IT-NO,196.18,255.1,57.87,43.6,entsoe.eu,false,
2024-08-08 05:00:00,Italy,North Italy,IT-NO,176.28,232.14,61.88,48.64,entsoe.eu,false,
2024-08-08 06:00:00,Italy,North Italy,IT-NO,167.61,220.74,64.28,51.81,entsoe.eu,false,
2024-08-08 07:00:00,Italy,North Italy,IT-NO,152.85,205.23,67.12,55.27,entsoe.eu,false,
2024-08-08 08:00:00,Italy,North Italy,IT-NO,138.92,191.64,69.35,57.76,entsoe.eu,false,
2024-08-08 09:00:00,Italy,North Italy,IT-NO,127.19,178.31,71.9,60.28,entsoe.eu,false,
2024-08-08 10:00:00,Italy,North Italy,IT-NO,116.58,165.8,74.45,62.39,entsoe.eu,false,
2024-08-08 11:00:00,Italy,North Italy,IT-NO,118.99,169.86,73.51,62.29,entsoe.eu,false,
2024-08-08 12:00:00,Italy,North Italy,IT-NO,120.33,171.29,73.25,62.15,entsoe.eu,false,
2024-08-08 13:00:00,Italy,North Italy,IT-NO,128.32,180.73,71.53,60.35,entsoe.eu,false,
2024-08-08 14:00:00,Italy,North Italy,IT-NO,135.03,188.43,69.98,58.48,entsoe.eu,false,
2024-08-08 15:00:00,Italy,North Italy,IT-NO,150.27,202.11,67.7,56.46,entsoe.eu,false,
2024-08-08 16:00:00,Italy,North Italy,IT-NO,181.46,227.39,64.35,53.91,entsoe.eu,false,
2024-08-08 17:00:00,Italy,North Italy,IT-NO,196.79,237.68,63.33,52.72,entsoe.eu,false,
2024-08-08 18:00:00,Italy,North Italy,IT-NO,204.26,244.68,62.09,51.25,entsoe.eu,false,
2024-08-08 19:00:00,Italy,North Italy,IT-NO,194.92,240.16,62.13,49.61,entsoe.eu,false,
2024-08-08 20:00:00,Italy,North Italy,IT-NO,178.1,233.79,61.55,46.53,entsoe.eu,false,
2024-08-08 21:00:00,Italy,North Italy,IT-NO,175.24,231.58,61.82,46.01,entsoe.eu,false,
2024-08-08 22:00:00,Italy,North Italy,IT-NO,171.96,226.98,62.72,46.32,entsoe.eu,false,
2024-08-08 23:00:00,Italy,North Italy,IT-NO,168.37,224.84,63.04,46.51,entsoe.eu,false,
2024-08-09 00:00:00,Italy,North Italy,IT-NO,171.56,229.31,62.26,45.36,entsoe.eu,false,
2024-08-09 01:00:00,Italy,North Italy,IT-NO,172.73,230.55,62.03,44.89,entsoe.eu,false,
2024-08-09 02:00:00,Italy,North Italy,IT-NO,175.14,232.57,61.79,44.32,entsoe.eu,false,
2024-08-09 03:00:00,Italy,North Italy,IT-NO,172.3,230.36,62.14,45.39,entsoe.eu,false,
2024-08-09 04:00:00,Italy,North Italy,IT-NO,165.18,211.73,66.66,52.0,entsoe.eu,false,
2024-08-09 05:00:00,Italy,North Italy,IT-NO,160.87,202.62,69.02,55.84,entsoe.eu,false,
2024-08-09 06:00:00,Italy,North Italy,IT-NO,157.68,195.92,70.7,58.11,entsoe.eu,false,
2024-08-09 07:00:00,Italy,North Italy,IT-NO,144.14,189.07,71.09,58.64,entsoe.eu,false,
2024-08-09 08:00:00,Italy,North Italy,IT-NO,127.61,178.28,72.15,60.29,entsoe.eu,false,
2024-08-09 09:00:00,Italy,North Italy,IT-NO,111.7,160.85,75.14,64.28,entsoe.eu,false,
2024-08-09 10:00:00,Italy,North Italy,IT-NO,99.77,146.64,78.05,68.09,entsoe.eu,false,
2024-08-09 11:00:00,Italy,North Italy,IT-NO,96.11,142.31,78.94,69.41,entsoe.eu,false,
2024-08-09 12:00:00,Italy,North Italy,IT-NO,98.62,145.37,78.33,68.74,entsoe.eu,false,
2024-08-09 13:00:00,Italy,North Italy,IT-NO,102.29,149.78,77.37,67.07,entsoe.eu,false,
2024-08-09 14:00:00,Italy,North Italy,IT-NO,120.95,172.15,72.95,62.3,entsoe.eu,false,
2024-08-09 15:00:00,Italy,North Italy,IT-NO,143.11,193.32,69.3,59.0,entsoe.eu,false,
2024-08-09 16:00:00,Italy,North Italy,IT-NO,180.08,224.23,64.86,54.88,entsoe.eu,false,
2024-08-09 17:00:00,Italy,North Italy,IT-NO,196.5,241.88,61.56,51.55,entsoe.eu,false,
2024-08-09 18:00:00,Italy,North Italy,IT-NO,199.53,247.62,60.19,49.62,entsoe.eu,false,
2024-08-09 19:00:00,Italy,North Italy,IT-NO,202.78,252.45,59.08,48.51,entsoe.eu,false,
2024-08-09 20:00:00,Italy,North Italy,IT-NO,198.21,251.39,58.76,46.73,entsoe.eu,false,
2024-08-09 21:00:00,Italy,North Italy,IT-NO,195.9,243.96,61.01,48.26,entsoe.eu,false,
2024-08-09 22:00:00,Italy,North Italy,IT-NO,176.25,218.2,66.08,52.43,entsoe.eu,false,
2024-08-09 23:00:00,Italy,North Italy,IT-NO,163.64,204.34,68.65,53.82,entsoe.eu,false,
2024-08-10 00:00:00,Italy,North Italy,IT-NO,160.36,202.93,68.69,52.78,entsoe.eu,false,
2024-08-10 01:00:00,Italy,North Italy,IT-NO,155.62,207.11,66.7,50.48,entsoe.eu,false,
2024-08-10 02:00:00,Italy,North Italy,IT-NO,157.7,208.78,66.44,49.88,entsoe.eu,false,
2024-08-10 03:00:00,Italy,North Italy,IT-NO,162.93,215.86,65.13,48.49,entsoe.eu,false,
2024-08-10 04:00:00,Italy,North Italy,IT-NO,156.81,210.01,65.93,49.53,entsoe.eu,false,
2024-08-10 05:00:00,Italy,North Italy,IT-NO,151.02,201.48,67.89,51.73,entsoe.eu,false,
2024-08-10 06:00:00,Italy,North Italy,IT-NO,141.45,184.32,72.12,57.39,entsoe.eu,false,
2024-08-10 07:00:00,Italy,North Italy,IT-NO,113.52,163.14,74.69,62.11,entsoe.eu,false,
2024-08-10 08:00:00,Italy,North Italy,IT-NO,100.44,148.36,77.69,68.14,entsoe.eu,false,
2024-08-10 09:00:00,Italy,North Italy,IT-NO,94.31,141.5,79.04,71.3,entsoe.eu,false,
2024-08-10 10:00:00,Italy,North Italy,IT-NO,96.38,144.09,78.7,73.2,entsoe.eu,false,
2024-08-10 11:00:00,Italy,North Italy,IT-NO,93.9,140.93,79.28,73.36,entsoe.eu,false,
2024-08-10 12:00:00,Italy,North Italy,IT-NO,89.45,135.58,80.32,73.02,entsoe.eu,false,
2024-08-10 13:00:00,Italy,North Italy,IT-NO,102.31,150.98,77.12,69.17,entsoe.eu,false,
2024-08-10 14:00:00,Italy,North Italy,IT-NO,119.27,170.91,73.05,63.62,entsoe.eu,false,
2024-08-10 15:00:00,Italy,North Italy,IT-NO,130.44,182.16,70.71,60.15,entsoe.eu,false,
2024-08-10 16:00:00,Italy,North Italy,IT-NO,165.57,202.76,69.17,59.1,entsoe.eu,false,
2024-08-10 17:00:00,Italy,North Italy,IT-NO,193.27,228.99,65.01,55.78,entsoe.eu,false,
2024-08-10 18:00:00,Italy,North Italy,IT-NO,204.02,240.32,63.08,54.21,entsoe.eu,false,
2024-08-10 19:00:00,Italy,North Italy,IT-NO,205.14,248.35,60.78,51.95,entsoe.eu,false,
2024-08-10 20:00:00,Italy,North Italy,IT-NO,204.96,251.65,59.8,49.76,entsoe.eu,false,
2024-08-10 21:00:00,Italy,North Italy,IT-NO,207.25,258.91,58.01,47.07,entsoe.eu,false,
2024-08-10 22:00:00,Italy,North Italy,IT-NO,202.68,259.48,57.16,45.46,entsoe.eu,false,
2024-08-10 23:00:00,Italy,North Italy,IT-NO,188.69,244.83,59.87,46.95,entsoe.eu,false,
2024-08-11 00:00:00,Italy,North Italy,IT-NO,182.06,235.04,61.87,48.47,entsoe.eu,false,
2024-08-11 01:00:00,Italy,North Italy,IT-NO,171.98,225.32,63.31,50.05,entsoe.eu,false,
2024-08-11 02:00:00,Italy,North Italy,IT-NO,175.36,222.85,64.62,51.67,entsoe.eu,false,
2024-08-11 03:00:00,Italy,North Italy,IT-NO,167.42,219.47,64.43,51.29,entsoe.eu,false,
2024-08-11 04:00:00,Italy,North Italy,IT-NO,164.07,218.26,64.31,51.44,entsoe.eu,false,
2024-08-11 05:00:00,Italy,North Italy,IT-NO,136.09,185.31,70.55,57.44,entsoe.eu,false,
2024-08-11 06:00:00,Italy,North Italy,IT-NO,112.34,160.16,74.99,62.75,entsoe.eu,false,
2024-08-11 07:00:00,Italy,North Italy,IT-NO,92.83,138.66,79.28,67.61,entsoe.eu,false,
2024-08-11 08:00:00,Italy,North Italy,IT-NO,87.64,133.41,80.47,73.25,entsoe.eu,false,
2024-08-11 09:00:00,Italy,North Italy,IT-NO,91.2,138.49,79.61,75.89,entsoe.eu,false,
2024-08-11 10:00:00,Italy,North Italy,IT-NO,100.03,148.93,77.42,75.43,entsoe.eu,false,
2024-08-11 11:00:00,Italy,North Italy,IT-NO,94.55,141.69,78.58,77.03,entsoe.eu,false,
2024-08-11 12:00:00,Italy,North Italy,IT-NO,94.15,141.29,78.77,76.53,entsoe.eu,false,
2024-08-11 13:00:00,Italy,North Italy,IT-NO,95.26,142.15,78.65,75.67,entsoe.eu,false,
2024-08-11 14:00:00,Italy,North Italy,IT-NO,103.61,151.7,76.64,70.99,entsoe.eu,false,
2024-08-11 15:00:00,Italy,North Italy,IT-NO,125.65,172.77,72.81,62.33,entsoe.eu,false,
2024-08-11 16:00:00,Italy,North Italy,IT-NO,164.34,214.3,65.43,55.25,entsoe.eu,false,
2024-08-11 17:00:00,Italy,North Italy,IT-NO,191.49,233.59,63.31,53.6,entsoe.eu,false,
2024-08-11 18:00:00,Italy,North Italy,IT-NO,200.42,236.22,63.81,54.41,entsoe.eu,false,
2024-08-11 19:00:00,Italy,North Italy,IT-NO,199.52,235.29,64.03,53.87,entsoe.eu,false,
2024-08-11 20:00:00,Italy,North Italy,IT-NO,197.51,237.96,62.89,52.03,entsoe.eu,false,
2024-08-11 21:00:00,Italy,North Italy,IT-NO,194.32,247.64,59.35,46.63,entsoe.eu,false,
2024-08-11 22:00:00,Italy,North Italy,IT-NO,189.05,253.13,57.33,44.2,entsoe.eu,false,
2024-08-11 23:00:00,Italy,North Italy,IT-NO,176.33,237.75,60.54,46.69,entsoe.eu,false,
2024-08-12 00:00:00,Italy,North Italy,IT-NO,163.64,221.15,63.88,48.98,entsoe.eu,false,
2024-08-12 01:00:00,Italy,North Italy,IT-NO,169.69,223.84,64.15,50.52,entsoe.eu,false,
2024-08-12 02:00:00,Italy,North Italy,IT-NO,167.23,220.83,64.66,50.46,entsoe.eu,false,
2024-08-12 03:00:00,Italy,North Italy,IT-NO,168.51,220.87,64.7,50.98,entsoe.eu,false,
2024-08-12 04:00:00,Italy,North Italy,IT-NO,172.85,226.29,63.5,52.18,entsoe.eu,false,
2024-08-12 05:00:00,Italy,North Italy,IT-NO,194.17,249.31,59.91,49.52,entsoe.eu,false,
2024-08-12 06:00:00,Italy,North Italy,IT-NO,187.21,243.4,60.9,51.29,entsoe.eu,false,
2024-08-12 07:00:00,Italy,North Italy,IT-NO,175.69,233.84,62.33,53.1,entsoe.eu,false,
2024-08-12 08:00:00,Italy,North Italy,IT-NO,158.55,218.83,64.38,54.47,entsoe.eu,false,
2024-08-12 09:00:00,Italy,North Italy,IT-NO,159.0,219.37,64.51,55.76,Electricity Maps Estimation,true,ESTIMATED_TIME_SLICER_AVERAGE
2024-08-12 10:00:00,Italy,North Italy,IT-NO,153.93,213.97,65.56,57.98,Electricity Maps Estimation,true,ESTIMATED_TIME_SLICER_AVERAGE
2024-08-12 11:00:00,Italy,North Italy,IT-NO,156.89,217.86,64.69,57.55,Electricity Maps Estimation,true,ESTIMATED_TIME_SLICER_AVERAGE
2024-08-12 12:00:00,Italy,North Italy,IT-NO,159.61,220.99,63.98,57.2,Electricity Maps Estimation,true,ESTIMATED_TIME_SLICER_AVERAGE
2024-08-12 13:00:00,Italy,North Italy,IT-NO,165.28,226.64,62.82,54.91,Electricity Maps Estimation,true,ESTIMATED_TIME_SLICER_AVERAGE
2024-08-12 14:00:00,Italy,North Italy,IT-NO,175.17,235.29,61.17,51.54,Electricity Maps Estimation,true,ESTIMATED_TIME_SLICER_AVERAGE
2024-08-12 15:00:00,Italy,North Italy,IT-NO,196.92,256.49,57.62,47.91,Electricity Maps Estimation,true,ESTIMATED_TIME_SLICER_AVERAGE
2024-08-12 16:00:00,Italy,North Italy,IT-NO,212.98,268.04,56.19,46.84,Electricity Maps Estimation,true,ESTIMATED_TIME_SLICER_AVERAGE
2024-08-12 17:00:00,Italy,North Italy,IT-NO,216.39,265.8,57.26,48.03,Electricity Maps Estimation,true,ESTIMATED_TIME_SLICER_AVERAGE
2024-08-12 18:00:00,Italy,North Italy,IT-NO,217.32,267.85,56.72,47.54,Electricity Maps Estimation,true,ESTIMATED_TIME_SLICER_AVERAGE
2024-08-12 19:00:00,Italy,North Italy,IT-NO,212.61,267.47,56.21,45.92,Electricity Maps Estimation,true,ESTIMATED_TIME_SLICER_AVERAGE
2024-08-12 20:00:00,Italy,North Italy,IT-NO,208.81,269.66,55.07,43.27,Electricity Maps Estimation,true,ESTIMATED_TIME_SLICER_AVERAGE
2024-08-12 21:00:00,Italy,North Italy,IT-NO,199.86,260.51,56.67,43.43,Electricity Maps Estimation,true,ESTIMATED_TIME_SLICER_AVERAGE
2024-08-12 22:00:00,Italy,North Italy,IT-NO,187.09,246.39,58.98,43.95,Electricity Maps Estimation,true,ESTIMATED_TIME_SLICER_AVERAGE
2024-08-12 23:00:00,Italy,North Italy,IT-NO,181.18,240.79,59.94,43.12,Electricity Maps Estimation,true,ESTIMATED_TIME_SLICER_AVERAGE
2024-08-13 00:00:00,Italy,North Italy,IT-NO,177.82,240.25,59.76,42.34,Electricity Maps Estimation,true,ESTIMATED_TIME_SLICER_AVERAGE
2024-08-13 01:00:00,Italy,North Italy,IT-NO,178.23,241.35,59.51,41.72,Electricity Maps Estimation,true,ESTIMATED_TIME_SLICER_AVERAGE
2024-08-13 02:00:00,Italy,North Italy,IT-NO,179.41,243.21,59.13,41.75,Electricity Maps Estimation,true,ESTIMATED_TIME_SLICER_AVERAGE
2024-08-13 03:00:00,Italy,North Italy,IT-NO,186.17,251.48,57.52,41.43,Electricity Maps Estimation,true,ESTIMATED_TIME_SLICER_AVERAGE
2024-08-13 04:00:00,Italy,North Italy,IT-NO,195.01,256.17,57.28,44.79,Electricity Maps Estimation,true,ESTIMATED_TIME_SLICER_AVERAGE
2024-08-13 05:00:00,Italy,North Italy,IT-NO,199.17,257.44,57.49,46.38,Electricity Maps Estimation,true,ESTIMATED_TIME_SLICER_AVERAGE
2024-08-13 06:00:00,Italy,North Italy,IT-NO,198.57,256.78,57.84,47.54,Electricity Maps Estimation,true,ESTIMATED_TIME_SLICER_AVERAGE
2024-08-13 07:00:00,Italy,North Italy,IT-NO,187.66,247.26,59.64,50.61,Electricity Maps Estimation,true,ESTIMATED_TIME_SLICER_AVERAGE
2024-08-13 08:00:00,Italy,North Italy,IT-NO,173.28,233.95,61.91,53.63,Electricity Maps Estimation,true,ESTIMATED_TIME_SLICER_AVERAGE
2024-08-13 09:00:00,Italy,North Italy,IT-NO,163.48,225.16,63.31,55.87,Electricity Maps Estimation,true,ESTIMATED_TIME_SLICER_AVERAGE
2024-08-13 10:00:00,Italy,North Italy,IT-NO,158.49,219.4,64.48,57.15,Electricity Maps Estimation,true,ESTIMATED_TIME_SLICER_AVERAGE
2024-08-13 11:00:00,Italy,North Italy,IT-NO,159.1,220.11,64.33,57.04,Electricity Maps Estimation,true,ESTIMATED_TIME_SLICER_AVERAGE
2024-08-13 12:00:00,Italy,North Italy,IT-NO,162.21,223.81,63.41,56.13,Electricity Maps Estimation,true,ESTIMATED_TIME_SLICER_AVERAGE
2024-08-13 13:00:00,Italy,North Italy,IT-NO,170.13,232.13,61.78,53.96,Electricity Maps Estimation,true,ESTIMATED_TIME_SLICER_AVERAGE
2024-08-13 14:00:00,Italy,North Italy,IT-NO,183.57,245.31,59.36,51.08,Electricity Maps Estimation,true,ESTIMATED_TIME_SLICER_AVERAGE
2024-08-13 15:00:00,Italy,North Italy,IT-NO,203.37,264.04,56.24,47.42,Electricity Maps Estimation,true,ESTIMATED_TIME_SLICER_AVERAGE
2024-08-13 16:00:00,Italy,North Italy,IT-NO,220.29,276.55,54.63,45.69,Electricity Maps Estimation,true,ESTIMATED_TIME_SLICER_AVERAGE
2024-08-13 17:00:00,Italy,North Italy,IT-NO,223.28,273.79,55.8,46.84,Electricity Maps Estimation,true,ESTIMATED_TIME_SLICER_AVERAGE
2024-08-13 18:00:00,Italy,North Italy,IT-NO,223.61,275.22,55.36,46.03,Electricity Maps Estimation,true,ESTIMATED_TIME_SLICER_AVERAGE
2024-08-13 19:00:00,Italy,North Italy,IT-NO,218.84,274.66,54.89,44.48,Electricity Maps Estimation,true,ESTIMATED_TIME_SLICER_AVERAGE
2024-08-13 20:00:00,Italy,North Italy,IT-NO,216.1,278.05,53.51,41.5,Electricity Maps Estimation,true,ESTIMATED_TIME_SLICER_AVERAGE
2024-08-13 21:00:00,Italy,North Italy,IT-NO,208.98,271.14,54.69,41.21,Electricity Maps Estimation,true,ESTIMATED_TIME_SLICER_AVERAGE
2024-08-13 22:00:00,Italy,North Italy,IT-NO,200.79,262.72,55.98,41.94,Electricity Maps Estimation,true,ESTIMATED_TIME_SLICER_AVERAGE
2024-08-13 23:00:00,Italy,North Italy,IT-NO,199.96,263.27,55.83,40.98,Electricity Maps Estimation,true,ESTIMATED_TIME_SLICER_AVERAGE
2024-08-14 00:00:00,Italy,North Italy,IT-NO,196.83,263.01,55.53,39.16,Electricity Maps Estimation,true,ESTIMATED_TIME_SLICER_AVERAGE
2024-08-14 01:00:00,Italy,North Italy,IT-NO,195.26,261.56,55.77,38.57,Electricity Maps Estimation,true,ESTIMATED_TIME_SLICER_AVERAGE
2024-08-14 02:00:00,Italy,North Italy,IT-NO,196.26,263.11,55.4,37.8,Electricity Maps Estimation,true,ESTIMATED_TIME_SLICER_AVERAGE
2024-08-14 03:00:00,Italy,North Italy,IT-NO,200.2,267.99,54.41,38.23,Electricity Maps Estimation,true,ESTIMATED_TIME_SLICER_AVERAGE
2024-08-14 04:00:00,Italy,North Italy,IT-NO,206.69,269.41,54.82,42.3,Electricity Maps Estimation,true,ESTIMATED_TIME_SLICER_AVERAGE
2024-08-14 05:00:00,Italy,North Italy,IT-NO,212.16,272.05,54.98,44.34,Electricity Maps Estimation,true,ESTIMATED_TIME_SLICER_AVERAGE
2024-08-14 06:00:00,Italy,North Italy,IT-NO,207.88,266.55,56.52,46.56,Electricity Maps Estimation,true,ESTIMATED_TIME_SLICER_AVERAGE
2024-08-14 07:00:00,Italy,North Italy,IT-NO,191.63,250.89,59.18,49.06,Electricity Maps Estimation,true,ESTIMATED_TIME_SLICER_AVERAGE
2024-08-14 08:00:00,Italy,North Italy,IT-NO,180.45,241.58,60.53,51.17,Electricity Maps Estimation,true,ESTIMATED_TIME_SLICER_AVERAGE
2024-08-14 09:00:00,Italy,North Italy,IT-NO,168.25,229.89,62.47,52.92,Electricity Maps Estimation,true,ESTIMATED_TIME_SLICER_AVERAGE
2024-08-14 10:00:00,Italy,North Italy,IT-NO,162.88,224.36,63.34,54.54,Electricity Maps Estimation,true,ESTIMATED_TIME_SLICER_AVERAGE
2024-08-14 11:00:00,Italy,North Italy,IT-NO,162.22,223.37,63.59,54.8,Electricity Maps Estimation,true,ESTIMATED_TIME_SLICER_AVERAGE
2024-08-14 12:00:00,Italy,North Italy,IT-NO,165.34,227.27,62.62,54.29,Electricity Maps Estimation,true,ESTIMATED_TIME_SLICER_AVERAGE
2024-08-14 13:00:00,Italy,North Italy,IT-NO,172.66,234.46,61.29,52.48,Electricity Maps Estimation,true,ESTIMATED_TIME_SLICER_AVERAGE
2024-08-14 14:00:00,Italy,North Italy,IT-NO,183.66,244.9,59.39,50.15,Electricity Maps Estimation,true,ESTIMATED_TIME_SLICER_AVERAGE
2024-08-14 15:00:00,Italy,North Italy,IT-NO,207.21,268.38,55.4,46.11,Electricity Maps Estimation,true,ESTIMATED_TIME_SLICER_AVERAGE
2024-08-14 16:00:00,Italy,North Italy,IT-NO,225.01,281.62,53.64,43.57,Electricity Maps Estimation,true,ESTIMATED_TIME_SLICER_AVERAGE
2024-08-14 17:00:00,Italy,North Italy,IT-NO,231.14,282.33,54.21,44.64,Electricity Maps Estimation,true,ESTIMATED_TIME_SLICER_AVERAGE
2024-08-14 18:00:00,Italy,North Italy,IT-NO,232.12,284.57,53.65,44.12,Electricity Maps Estimation,true,ESTIMATED_TIME_SLICER_AVERAGE
2024-08-14 19:00:00,Italy,North Italy,IT-NO,230.23,287.46,52.54,42.38,Electricity Maps Estimation,true,ESTIMATED_TIME_SLICER_AVERAGE
2024-08-14 20:00:00,Italy,North Italy,IT-NO,223.38,286.07,52.01,39.73,Electricity Maps Estimation,true,ESTIMATED_TIME_SLICER_AVERAGE
2024-08-14 21:00:00,Italy,North Italy,IT-NO,219.63,283.33,52.45,39.43,Electricity Maps Estimation,true,ESTIMATED_TIME_SLICER_AVERAGE
2024-08-14 22:00:00,Italy,North Italy,IT-NO,214.23,277.99,53.12,39.25,Electricity Maps Estimation,true,ESTIMATED_TIME_SLICER_AVERAGE
2024-08-14 23:00:00,Italy,North Italy,IT-NO,210.45,274.93,53.61,38.17,Electricity Maps Estimation,true,ESTIMATED_TIME_SLICER_AVERAGE
2024-08-15 00:00:00,Italy,North Italy,IT-NO,207.08,274.39,53.33,35.73,Electricity Maps Estimation,true,ESTIMATED_TIME_SLICER_AVERAGE
2024-08-15 01:00:00,Italy,North Italy,IT-NO,201.83,268.55,54.35,35.22,Electricity Maps Estimation,true,ESTIMATED_TIME_SLICER_AVERAGE
2024-08-15 02:00:00,Italy,North Italy,IT-NO,206.11,274.34,53.26,35.11,Electricity Maps Estimation,true,ESTIMATED_TIME_SLICER_AVERAGE
2024-08-15 03:00:00,Italy,North Italy,IT-NO,215.91,286.51,50.95,34.98,Electricity Maps Estimation,true,ESTIMATED_TIME_SLICER_AVERAGE
2024-08-15 04:00:00,Italy,North Italy,IT-NO,223.43,289.24,51.11,38.68,Electricity Maps Estimation,true,ESTIMATED_TIME_SLICER_AVERAGE
2024-08-15 05:00:00,Italy,North Italy,IT-NO,224.43,286.43,52.22,41.12,Electricity Maps Estimation,true,ESTIMATED_TIME_SLICER_AVERAGE
2024-08-15 06:00:00,Italy,North Italy,IT-NO,216.37,277.43,54.06,44.61,Electricity Maps Estimation,true,ESTIMATED_TIME_SLICER_AVERAGE
2024-08-15 07:00:00,Italy,North Italy,IT-NO,203.99,266.36,56.03,47.69,Electricity Maps Estimation,true,ESTIMATED_TIME_SLICER_AVERAGE
2024-08-15 08:00:00,Italy,North Italy,IT-NO,189.52,253.33,58.08,50.89,Electricity Maps Estimation,true,ESTIMATED_TIME_SLICER_AVERAGE
2024-08-15 09:00:00,Italy,North Italy,IT-NO,181.89,247.69,58.94,53.68,Electricity Maps Estimation,true,ESTIMATED_TIME_SLICER_AVERAGE
2024-08-15 10:00:00,Italy,North Italy,IT-NO,179.4,245.73,59.42,55.74,Electricity Maps Estimation,true,ESTIMATED_TIME_SLICER_AVERAGE
2024-08-15 11:00:00,Italy,North Italy,IT-NO,185.78,253.81,57.94,55.98,Electricity Maps Estimation,true,ESTIMATED_TIME_SLICER_AVERAGE
2024-08-15 12:00:00,Italy,North Italy,IT-NO,185.29,252.57,58.05,55.66,Electricity Maps Estimation,true,ESTIMATED_TIME_SLICER_AVERAGE
2024-08-15 13:00:00,Italy,North Italy,IT-NO,188.38,254.28,57.8,54.37,Electricity Maps Estimation,true,ESTIMATED_TIME_SLICER_AVERAGE
2024-08-15 14:00:00,Italy,North Italy,IT-NO,195.1,259.0,56.87,50.77,Electricity Maps Estimation,true,ESTIMATED_TIME_SLICER_AVERAGE
2024-08-15 15:00:00,Italy,North Italy,IT-NO,208.55,270.22,55.07,47.05,Electricity Maps Estimation,true,ESTIMATED_TIME_SLICER_AVERAGE
2024-08-15 16:00:00,Italy,North Italy,IT-NO,226.77,284.33,53.14,44.65,Electricity Maps Estimation,true,ESTIMATED_TIME_SLICER_AVERAGE
2024-08-15 17:00:00,Italy,North Italy,IT-NO,238.01,290.52,52.7,43.58,Electricity Maps Estimation,true,ESTIMATED_TIME_SLICER_AVERAGE
2024-08-15 18:00:00,Italy,North Italy,IT-NO,238.27,291.84,52.3,43.24,Electricity Maps Estimation,true,ESTIMATED_TIME_SLICER_AVERAGE
2024-08-15 19:00:00,Italy,North Italy,IT-NO,236.83,295.3,51.1,41.54,Electricity Maps Estimation,true,ESTIMATED_TIME_SLICER_AVERAGE
2024-08-15 20:00:00,Italy,North Italy,IT-NO,233.74,298.39,49.7,38.04,Electricity Maps Estimation,true,ESTIMATED_TIME_SLICER_AVERAGE
2024-08-15 21:00:00,Italy,North Italy,IT-NO,223.43,287.39,51.59,37.83,Electricity Maps Estimation,true,ESTIMATED_TIME_SLICER_AVERAGE
2024-08-15 22:00:00,Italy,North Italy,IT-NO,212.8,276.1,53.41,38.34,Electricity Maps Estimation,true,ESTIMATED_TIME_SLICER_AVERAGE
2024-08-15 23:00:00,Italy,North Italy,IT-NO,206.53,269.88,54.46,37.16,Electricity Maps Estimation,true,ESTIMATED_TIME_SLICER_AVERAGE
2024-08-16 00:00:00,Italy,North Italy,IT-NO,201.11,266.65,54.72,35.54,Electricity Maps Estimation,true,ESTIMATED_TIME_SLICER_AVERAGE
2024-08-16 01:00:00,Italy,North Italy,IT-NO,209.56,277.75,52.7,34.95,Electricity Maps Estimation,true,ESTIMATED_TIME_SLICER_AVERAGE
2024-08-16 02:00:00,Italy,North Italy,IT-NO,211.5,280.53,52.13,34.41,Electricity Maps Estimation,true,ESTIMATED_TIME_SLICER_AVERAGE
2024-08-16 03:00:00,Italy,North Italy,IT-NO,211.15,280.06,52.13,34.82,Electricity Maps Estimation,true,ESTIMATED_TIME_SLICER_AVERAGE
2024-08-16 04:00:00,Italy,North Italy,IT-NO,216.45,280.59,52.68,38.91,Electricity Maps Estimation,true,ESTIMATED_TIME_SLICER_AVERAGE
2024-08-16 05:00:00,Italy,North Italy,IT-NO,211.89,271.91,54.76,43.21,Electricity Maps Estimation,true,ESTIMATED_TIME_SLICER_AVERAGE
2024-08-16 06:00:00,Italy,North Italy,IT-NO,199.87,258.17,57.41,47.06,Electricity Maps Estimation,true,ESTIMATED_TIME_SLICER_AVERAGE
2024-08-16 07:00:00,Italy,North Italy,IT-NO,187.32,246.25,59.52,49.23,Electricity Maps Estimation,true,ESTIMATED_TIME_SLICER_AVERAGE
2024-08-16 08:00:00,Italy,North Italy,IT-NO,171.32,230.54,62.18,51.77,Electricity Maps Estimation,true,ESTIMATED_TIME_SLICER_AVERAGE
2024-08-16 09:00:00,Italy,North Italy,IT-NO,157.37,216.35,64.58,53.69,Electricity Maps Estimation,true,ESTIMATED_TIME_SLICER_AVERAGE
2024-08-16 10:00:00,Italy,North Italy,IT-NO,157.63,217.93,64.35,55.02,Electricity Maps Estimation,true,ESTIMATED_TIME_SLICER_AVERAGE
2024-08-16 11:00:00,Italy,North Italy,IT-NO,158.11,218.66,64.21,55.49,Electricity Maps Estimation,true,ESTIMATED_TIME_SLICER_AVERAGE
2024-08-16 12:00:00,Italy,North Italy,IT-NO,158.7,218.46,64.17,54.86,Electricity Maps Estimation,true,ESTIMATED_TIME_SLICER_AVERAGE
2024-08-16 13:00:00,Italy,North Italy,IT-NO,166.69,226.49,62.73,52.96,Electricity Maps Estimation,true,ESTIMATED_TIME_SLICER_AVERAGE
2024-08-16 14:00:00,Italy,North Italy,IT-NO,180.33,240.33,60.2,49.97,Electricity Maps Estimation,true,ESTIMATED_TIME_SLICER_AVERAGE
2024-08-16 15:00:00,Italy,North Italy,IT-NO,201.58,261.51,56.56,46.4,Electricity Maps Estimation,true,ESTIMATED_TIME_SLICER_AVERAGE
2024-08-16 16:00:00,Italy,North Italy,IT-NO,220.94,277.45,54.3,44.66,Electricity Maps Estimation,true,ESTIMATED_TIME_SLICER_AVERAGE
2024-08-16 17:00:00,Italy,North Italy,IT-NO,235.12,287.55,53.17,44.2,Electricity Maps Estimation,true,ESTIMATED_TIME_SLICER_AVERAGE
2024-08-16 18:00:00,Italy,North Italy,IT-NO,240.0,294.1,51.83,43.24,Electricity Maps Estimation,true,ESTIMATED_TIME_SLICER_AVERAGE
2024-08-16 19:00:00,Italy,North Italy,IT-NO,240.6,299.83,50.23,41.17,Electricity Maps Estimation,true,ESTIMATED_TIME_SLICER_AVERAGE
2024-08-16 20:00:00,Italy,North Italy,IT-NO,243.3,302.86,49.69,40.74,entsoe.eu,false,
2024-08-16 21:00:00,Italy,North Italy,IT-NO,220.11,282.63,52.53,40.33,entsoe.eu,false,
2024-08-16 22:00:00,Italy,North Italy,IT-NO,206.21,266.11,55.46,42.01,entsoe.eu,false,
2024-08-16 23:00:00,Italy,North Italy,IT-NO,183.47,240.79,59.75,44.05,entsoe.eu,false,
2024-08-17 00:00:00,Italy,North Italy,IT-NO,181.93,240.11,59.85,42.73,entsoe.eu,false,
2024-08-17 01:00:00,Italy,North Italy,IT-NO,185.06,244.55,58.97,41.26,entsoe.eu,false,
2024-08-17 02:00:00,Italy,North Italy,IT-NO,182.89,243.27,59.09,40.66,entsoe.eu,false,
2024-08-17 03:00:00,Italy,North Italy,IT-NO,187.68,249.02,58.02,40.2,entsoe.eu,false,
2024-08-17 04:00:00,Italy,North Italy,IT-NO,188.94,244.68,59.57,44.01,entsoe.eu,false,
2024-08-17 05:00:00,Italy,North Italy,IT-NO,193.23,250.82,58.52,43.83,entsoe.eu,false,
2024-08-17 06:00:00,Italy,North Italy,IT-NO,173.58,230.63,62.1,48.97,entsoe.eu,false,
2024-08-17 07:00:00,Italy,North Italy,IT-NO,146.21,200.77,67.48,54.92,entsoe.eu,false,
2024-08-17 08:00:00,Italy,North Italy,IT-NO,122.36,173.56,72.53,59.55,entsoe.eu,false,
2024-08-17 09:00:00,Italy,North Italy,IT-NO,113.03,162.85,74.5,61.88,entsoe.eu,false,
2024-08-17 10:00:00,Italy,North Italy,IT-NO,106.33,155.27,76.14,65.62,entsoe.eu,false,
2024-08-17 11:00:00,Italy,North Italy,IT-NO,104.97,153.88,76.33,65.84,entsoe.eu,false,
2024-08-17 12:00:00,Italy,North Italy,IT-NO,116.15,167.44,73.74,63.0,entsoe.eu,false,
2024-08-17 13:00:00,Italy,North Italy,IT-NO,119.49,171.03,73.14,61.66,entsoe.eu,false,
2024-08-17 14:00:00,Italy,North Italy,IT-NO,131.12,183.57,70.8,58.38,entsoe.eu,false,
2024-08-17 15:00:00,Italy,North Italy,IT-NO,153.89,206.16,66.93,55.02,entsoe.eu,false,
2024-08-17 16:00:00,Italy,North Italy,IT-NO,177.5,224.26,64.69,53.21,entsoe.eu,false,
2024-08-17 17:00:00,Italy,North Italy,IT-NO,196.61,242.52,61.77,51.04,entsoe.eu,false,
2024-08-17 18:00:00,Italy,North Italy,IT-NO,204.1,247.28,61.38,50.29,entsoe.eu,false,
2024-08-17 19:00:00,Italy,North Italy,IT-NO,202.11,247.9,60.8,49.67,entsoe.eu,false,
2024-08-17 20:00:00,Italy,North Italy,IT-NO,195.69,248.64,59.62,46.99,entsoe.eu,false,
2024-08-17 21:00:00,Italy,North Italy,IT-NO,188.95,245.39,59.87,46.12,entsoe.eu,false,
2024-08-17 22:00:00,Italy,North Italy,IT-NO,177.89,231.97,62.17,48.16,entsoe.eu,false,
2024-08-17 23:00:00,Italy,North Italy,IT-NO,172.39,228.86,62.54,46.99,entsoe.eu,false,
2024-08-18 00:00:00,Italy,North Italy,IT-NO,166.06,221.02,64.07,47.18,entsoe.eu,false,
2024-08-18 01:00:00,Italy,North Italy,IT-NO,171.47,228.39,62.5,45.56,entsoe.eu,false,
2024-08-18 02:00:00,Italy,North Italy,IT-NO,179.21,238.8,60.41,42.91,entsoe.eu,false,
2024-08-18 03:00:00,Italy,North Italy,IT-NO,173.64,233.26,61.2,43.89,entsoe.eu,false,
2024-08-18 04:00:00,Italy,North Italy,IT-NO,178.35,238.91,60.16,43.25,entsoe.eu,false,
2024-08-18 05:00:00,Italy,North Italy,IT-NO,160.53,217.87,64.29,46.66,entsoe.eu,false,
2024-08-18 06:00:00,Italy,North Italy,IT-NO,131.44,182.8,71.1,53.81,entsoe.eu,false,
2024-08-18 07:00:00,Italy,North Italy,IT-NO,116.92,165.62,74.42,58.45,entsoe.eu,false,
2024-08-18 08:00:00,Italy,North Italy,IT-NO,114.73,164.41,74.62,60.9,entsoe.eu,false,
2024-08-18 09:00:00,Italy,North Italy,IT-NO,115.36,165.54,74.48,61.63,entsoe.eu,false,
2024-08-18 10:00:00,Italy,North Italy,IT-NO,126.9,180.07,71.63,60.63,entsoe.eu,false,
2024-08-18 11:00:00,Italy,North Italy,IT-NO,120.34,172.45,72.95,62.76,entsoe.eu,false,
2024-08-18 12:00:00,Italy,North Italy,IT-NO,110.05,158.52,75.74,64.29,entsoe.eu,false,
2024-08-18 13:00:00,Italy,North Italy,IT-NO,112.36,161.77,74.96,61.54,entsoe.eu,false,
2024-08-18 14:00:00,Italy,North Italy,IT-NO,117.51,167.88,73.91,59.76,entsoe.eu,false,
2024-08-18 15:00:00,Italy,North Italy,IT-NO,127.54,179.27,71.66,57.41,entsoe.eu,false,
2024-08-18 16:00:00,Italy,North Italy,IT-NO,149.38,198.36,68.76,54.29,entsoe.eu,false,
2024-08-18 17:00:00,Italy,North Italy,IT-NO,160.62,193.29,71.88,58.43,entsoe.eu,false,
2024-08-18 18:00:00,Italy,North Italy,IT-NO,158.33,190.49,72.25,59.21,entsoe.eu,false,
2024-08-18 19:00:00,Italy,North Italy,IT-NO,171.17,207.04,68.96,56.56,entsoe.eu,false,
2024-08-18 20:00:00,Italy,North Italy,IT-NO,176.42,223.98,64.54,50.83,entsoe.eu,false,
2024-08-18 21:00:00,Italy,North Italy,IT-NO,180.64,238.24,60.98,45.95,entsoe.eu,false,
2024-08-18 22:00:00,Italy,North Italy,IT-NO,163.87,219.48,64.08,46.55,entsoe.eu,false,
2024-08-18 23:00:00,Italy,North Italy,IT-NO,153.94,208.43,66.14,46.59,entsoe.eu,false,
2024-08-19 00:00:00,Italy,North Italy,IT-NO,152.87,206.99,66.28,45.59,entsoe.eu,false,
2024-08-19 01:00:00,Italy,North Italy,IT-NO,152.75,206.61,66.31,44.44,entsoe.eu,false,
2024-08-19 02:00:00,Italy,North Italy,IT-NO,158.27,210.92,65.73,44.45,entsoe.eu,false,
2024-08-19 03:00:00,Italy,North Italy,IT-NO,165.65,220.12,64.14,44.3,entsoe.eu,false,
2024-08-19 04:00:00,Italy,North Italy,IT-NO,179.09,232.47,62.39,47.34,entsoe.eu,false,
2024-08-19 05:00:00,Italy,North Italy,IT-NO,161.53,211.81,66.31,51.94,entsoe.eu,false,
2024-08-19 06:00:00,Italy,North Italy,IT-NO,155.48,202.15,68.55,54.61,entsoe.eu,false,
2024-08-19 07:00:00,Italy,North Italy,IT-NO,151.14,200.15,68.78,54.8,entsoe.eu,false,
2024-08-19 08:00:00,Italy,North Italy,IT-NO,124.17,170.92,73.9,58.01,entsoe.eu,false,
2024-08-19 09:00:00,Italy,North Italy,IT-NO,119.55,167.16,74.52,59.24,entsoe.eu,false,
2024-08-19 10:00:00,Italy,North Italy,IT-NO,116.17,164.74,74.97,58.97,entsoe.eu,false,
2024-08-19 11:00:00,Italy,North Italy,IT-NO,121.49,171.42,73.59,57.18,entsoe.eu,false,
2024-08-19 12:00:00,Italy,North Italy,IT-NO,127.19,177.17,72.67,56.89,entsoe.eu,false,
2024-08-19 13:00:00,Italy,North Italy,IT-NO,137.62,188.55,70.72,55.79,entsoe.eu,false,
2024-08-19 14:00:00,Italy,North Italy,IT-NO,146.6,199.45,68.49,53.99,entsoe.eu,false,
2024-08-19 15:00:00,Italy,North Italy,IT-NO,171.26,223.97,64.46,50.56,entsoe.eu,false,
2024-08-19 16:00:00,Italy,North Italy,IT-NO,179.23,230.54,63.48,49.83,entsoe.eu,false,
2024-08-19 17:00:00,Italy,North Italy,IT-NO,186.38,227.76,65.36,53.23,entsoe.eu,false,
2024-08-19 18:00:00,Italy,North Italy,IT-NO,194.75,238.06,63.27,51.78,entsoe.eu,false,
2024-08-19 19:00:00,Italy,North Italy,IT-NO,196.78,241.27,62.76,51.32,entsoe.eu,false,
2024-08-19 20:00:00,Italy,North Italy,IT-NO,186.39,240.03,61.77,46.86,entsoe.eu,false,
2024-08-19 21:00:00,Italy,North Italy,IT-NO,175.9,229.44,63.53,46.18,entsoe.eu,false,
2024-08-19 22:00:00,Italy,North Italy,IT-NO,148.49,197.95,68.7,47.42,entsoe.eu,false,
2024-08-19 23:00:00,Italy,North Italy,IT-NO,158.72,211.63,66.03,43.75,entsoe.eu,false,
2024-08-20 00:00:00,Italy,North Italy,IT-NO,151.12,203.25,67.48,43.93,entsoe.eu,false,
2024-08-20 01:00:00,Italy,North Italy,IT-NO,154.06,209.13,66.12,43.0,entsoe.eu,false,
2024-08-20 02:00:00,Italy,North Italy,IT-NO,158.82,214.86,65.02,42.65,entsoe.eu,false,
2024-08-20 03:00:00,Italy,North Italy,IT-NO,166.72,222.49,63.83,42.45,entsoe.eu,false,
2024-08-20 04:00:00,Italy,North Italy,IT-NO,170.14,224.91,63.59,45.03,entsoe.eu,false,
2024-08-20 05:00:00,Italy,North Italy,IT-NO,159.69,209.27,66.98,50.51,entsoe.eu,false,
2024-08-20 06:00:00,Italy,North Italy,IT-NO,145.68,192.33,70.29,54.38,entsoe.eu,false,
2024-08-20 07:00:00,Italy,North Italy,IT-NO,140.77,189.27,70.77,56.65,entsoe.eu,false,
2024-08-20 08:00:00,Italy,North Italy,IT-NO,138.02,189.1,70.83,57.04,entsoe.eu,false,
2024-08-20 09:00:00,Italy,North Italy,IT-NO,124.24,173.67,73.72,59.71,entsoe.eu,false,
2024-08-20 10:00:00,Italy,North Italy,IT-NO,117.3,166.59,75.01,61.64,entsoe.eu,false,
2024-08-20 11:00:00,Italy,North Italy,IT-NO,106.29,153.25,77.5,64.58,entsoe.eu,false,
2024-08-20 12:00:00,Italy,North Italy,IT-NO,106.45,153.35,77.38,64.27,entsoe.eu,false,
2024-08-20 13:00:00,Italy,North Italy,IT-NO,105.39,151.63,77.73,63.21,entsoe.eu,false,
2024-08-20 14:00:00,Italy,North Italy,IT-NO,114.93,162.72,75.52,61.1,entsoe.eu,false,
2024-08-20 15:00:00,Italy,North Italy,IT-NO,145.05,196.67,69.18,55.93,entsoe.eu,false,
2024-08-20 16:00:00,Italy,North Italy,IT-NO,170.26,216.41,66.47,54.35,entsoe.eu,false,
2024-08-20 17:00:00,Italy,North Italy,IT-NO,193.63,234.68,64.01,52.76,entsoe.eu,false,
2024-08-20 18:00:00,Italy,North Italy,IT-NO,194.97,241.57,61.89,50.34,entsoe.eu,false,
2024-08-20 19:00:00,Italy,North Italy,IT-NO,188.12,238.32,62.03,49.19,entsoe.eu,false,
2024-08-20 20:00:00,Italy,North Italy,IT-NO,185.2,237.88,61.96,46.89,entsoe.eu,false,
2024-08-20 21:00:00,Italy,North Italy,IT-NO,176.4,228.07,63.64,47.07,entsoe.eu,false,
2024-08-20 22:00:00,Italy,North Italy,IT-NO,158.06,210.15,66.13,47.62,entsoe.eu,false,
2024-08-20 23:00:00,Italy,North Italy,IT-NO,172.07,221.32,64.94,45.92,entsoe.eu,false,
2024-08-21 00:00:00,Italy,North Italy,IT-NO,182.83,234.72,62.47,43.43,entsoe.eu,false,
2024-08-21 01:00:00,Italy,North Italy,IT-NO,173.83,226.89,63.44,42.97,entsoe.eu,false,
2024-08-21 02:00:00,Italy,North Italy,IT-NO,175.46,233.91,61.48,40.07,entsoe.eu,false,
2024-08-21 03:00:00,Italy,North Italy,IT-NO,176.37,234.82,61.3,41.15,entsoe.eu,false,
2024-08-21 04:00:00,Italy,North Italy,IT-NO,170.56,223.61,63.96,46.95,entsoe.eu,false,
2024-08-21 05:00:00,Italy,North Italy,IT-NO,166.31,213.91,66.49,50.78,entsoe.eu,false,
2024-08-21 06:00:00,Italy,North Italy,IT-NO,156.21,204.82,67.85,53.94,entsoe.eu,false,
2024-08-21 07:00:00,Italy,North Italy,IT-NO,142.68,193.06,70.18,56.47,entsoe.eu,false,
2024-08-21 08:00:00,Italy,North Italy,IT-NO,126.86,176.0,73.62,61.48,entsoe.eu,false,
2024-08-21 09:00:00,Italy,North Italy,IT-NO,123.94,173.61,74.14,63.54,entsoe.eu,false,
2024-08-21 10:00:00,Italy,North Italy,IT-NO,117.76,167.52,75.09,64.95,entsoe.eu,false,
2024-08-21 11:00:00,Italy,North Italy,IT-NO,116.9,166.68,75.18,65.68,entsoe.eu,false,
2024-08-21 12:00:00,Italy,North Italy,IT-NO,120.7,171.1,74.28,64.05,entsoe.eu,false,
2024-08-21 13:00:00,Italy,North Italy,IT-NO,133.33,184.39,71.92,61.72,entsoe.eu,false,
2024-08-21 14:00:00,Italy,North Italy,IT-NO,153.47,205.1,68.02,57.61,entsoe.eu,false,
2024-08-21 15:00:00,Italy,North Italy,IT-NO,175.13,229.98,63.05,52.11,entsoe.eu,false,
2024-08-21 16:00:00,Italy,North Italy,IT-NO,194.84,248.32,59.93,47.99,entsoe.eu,false,
2024-08-21 17:00:00,Italy,North Italy,IT-NO,203.0,248.51,61.06,49.37,entsoe.eu,false,
2024-08-21 18:00:00,Italy,North Italy,IT-NO,205.45,254.19,59.55,48.0,entsoe.eu,false,
2024-08-21 19:00:00,Italy,North Italy,IT-NO,194.33,246.76,60.17,47.5,entsoe.eu,false,
2024-08-21 20:00:00,Italy,North Italy,IT-NO,191.23,245.1,60.5,45.41,entsoe.eu,false,
2024-08-21 21:00:00,Italy,North Italy,IT-NO,196.76,253.65,58.68,41.76,entsoe.eu,false,
2024-08-21 22:00:00,Italy,North Italy,IT-NO,190.18,247.19,59.68,42.84,entsoe.eu,false,
2024-08-21 23:00:00,Italy,North Italy,IT-NO,195.17,257.66,57.45,40.63,entsoe.eu,false,
2024-08-22 00:00:00,Italy,North Italy,IT-NO,200.83,264.52,56.23,38.96,entsoe.eu,false,
2024-08-22 01:00:00,Italy,North Italy,IT-NO,201.91,263.32,56.83,39.6,entsoe.eu,false,
2024-08-22 02:00:00,Italy,North Italy,IT-NO,197.31,259.73,57.28,39.21,entsoe.eu,false,
2024-08-22 03:00:00,Italy,North Italy,IT-NO,192.01,252.59,58.53,41.45,entsoe.eu,false,
2024-08-22 04:00:00,Italy,North Italy,IT-NO,192.19,246.11,60.63,47.2,entsoe.eu,false,
2024-08-22 05:00:00,Italy,North Italy,IT-NO,187.5,237.89,62.52,51.18,entsoe.eu,false,
2024-08-22 06:00:00,Italy,North Italy,IT-NO,176.96,231.4,63.25,51.37,entsoe.eu,false,
2024-08-22 07:00:00,Italy,North Italy,IT-NO,153.93,207.01,67.75,54.36,entsoe.eu,false,
2024-08-22 08:00:00,Italy,North Italy,IT-NO,131.72,182.13,72.41,59.03,entsoe.eu,false,
2024-08-22 09:00:00,Italy,North Italy,IT-NO,119.57,169.09,74.99,63.65,entsoe.eu,false,
2024-08-22 10:00:00,Italy,North Italy,IT-NO,121.58,172.17,74.57,65.05,entsoe.eu,false,
2024-08-22 11:00:00,Italy,North Italy,IT-NO,123.4,174.33,74.2,65.33,entsoe.eu,false,
2024-08-22 12:00:00,Italy,North Italy,IT-NO,126.55,178.32,73.29,64.27,entsoe.eu,false,
2024-08-22 13:00:00,Italy,North Italy,IT-NO,131.31,183.88,71.96,61.39,entsoe.eu,false,
2024-08-22 14:00:00,Italy,North Italy,IT-NO,151.68,206.44,67.42,55.66,entsoe.eu,false,
2024-08-22 15:00:00,Italy,North Italy,IT-NO,168.82,223.24,64.35,52.98,entsoe.eu,false,
2024-08-22 16:00:00,Italy,North Italy,IT-NO,187.69,242.31,60.6,49.21,entsoe.eu,false,
2024-08-22 17:00:00,Italy,North Italy,IT-NO,199.99,249.74,59.94,48.27,entsoe.eu,false,
2024-08-22 18:00:00,Italy,North Italy,IT-NO,206.44,254.53,59.46,48.07,entsoe.eu,false,
2024-08-22 19:00:00,Italy,North Italy,IT-NO,195.49,243.8,61.28,49.05,entsoe.eu,false,
2024-08-22 20:00:00,Italy,North Italy,IT-NO,190.38,243.91,60.82,45.37,entsoe.eu,false,
2024-08-22 21:00:00,Italy,North Italy,IT-NO,192.2,246.02,60.6,44.33,entsoe.eu,false,
2024-08-22 22:00:00,Italy,North Italy,IT-NO,185.41,239.48,61.64,43.82,entsoe.eu,false,
2024-08-22 23:00:00,Italy,North Italy,IT-NO,185.22,242.55,60.74,40.82,entsoe.eu,false,
2024-08-23 00:00:00,Italy,North Italy,IT-NO,182.66,241.89,60.59,40.49,entsoe.eu,false,
2024-08-23 01:00:00,Italy,North Italy,IT-NO,181.6,240.63,60.99,41.19,entsoe.eu,false,
2024-08-23 02:00:00,Italy,North Italy,IT-NO,184.98,244.69,60.34,40.82,entsoe.eu,false,
2024-08-23 03:00:00,Italy,North Italy,IT-NO,179.76,238.05,61.47,42.64,entsoe.eu,false,
2024-08-23 04:00:00,Italy,North Italy,IT-NO,180.56,233.9,62.64,47.46,entsoe.eu,false,
2024-08-23 05:00:00,Italy,North Italy,IT-NO,176.27,228.05,63.81,50.34,entsoe.eu,false,
2024-08-23 06:00:00,Italy,North Italy,IT-NO,165.03,217.61,65.41,52.46,entsoe.eu,false,
2024-08-23 07:00:00,Italy,North Italy,IT-NO,150.67,204.2,67.85,56.06,entsoe.eu,false,
2024-08-23 08:00:00,Italy,North Italy,IT-NO,138.63,192.1,70.29,59.57,entsoe.eu,false,
2024-08-23 09:00:00,Italy,North Italy,IT-NO,135.26,188.63,71.15,61.37,entsoe.eu,false,
2024-08-23 10:00:00,Italy,North Italy,IT-NO,137.22,191.64,70.83,63.55,entsoe.eu,false,
2024-08-23 11:00:00,Italy,North Italy,IT-NO,140.39,195.36,69.98,62.92,entsoe.eu,false,
2024-08-23 12:00:00,Italy,North Italy,IT-NO,134.9,188.35,71.42,63.49,entsoe.eu,false,
2024-08-23 13:00:00,Italy,North Italy,IT-NO,142.79,197.04,69.63,61.24,entsoe.eu,false,
2024-08-23 14:00:00,Italy,North Italy,IT-NO,165.89,220.61,65.11,56.51,entsoe.eu,false,
2024-08-23 15:00:00,Italy,North Italy,IT-NO,189.0,248.93,59.31,50.02,entsoe.eu,false,
2024-08-23 16:00:00,Italy,North Italy,IT-NO,214.84,266.17,57.35,48.59,entsoe.eu,false,
2024-08-23 17:00:00,Italy,North Italy,IT-NO,230.44,273.69,57.27,48.33,entsoe.eu,false,
2024-08-23 18:00:00,Italy,North Italy,IT-NO,233.31,278.17,56.25,47.03,entsoe.eu,false,
2024-08-23 19:00:00,Italy,North Italy,IT-NO,220.29,278.69,54.18,43.47,entsoe.eu,false,
2024-08-23 20:00:00,Italy,North Italy,IT-NO,219.01,279.16,54.06,41.4,entsoe.eu,false,
2024-08-23 21:00:00,Italy,North Italy,IT-NO,207.66,266.77,56.32,42.63,entsoe.eu,false,
2024-08-23 22:00:00,Italy,North Italy,IT-NO,181.4,237.53,61.06,45.61,entsoe.eu,false,
2024-08-23 23:00:00,Italy,North Italy,IT-NO,173.42,228.93,63.0,44.85,entsoe.eu,false,
2024-08-24 00:00:00,Italy,North Italy,IT-NO,176.68,227.34,64.09,45.07,entsoe.eu,false,
2024-08-24 01:00:00,Italy,North Italy,IT-NO,178.63,230.8,63.31,43.93,entsoe.eu,false,
2024-08-24 02:00:00,Italy,North Italy,IT-NO,174.17,226.67,64.01,44.13,entsoe.eu,false,
2024-08-24 03:00:00,Italy,North Italy,IT-NO,173.04,230.82,62.43,43.1,entsoe.eu,false,
2024-08-24 04:00:00,Italy,North Italy,IT-NO,173.13,229.71,62.8,44.61,entsoe.eu,false,
2024-08-24 05:00:00,Italy,North Italy,IT-NO,174.1,230.54,62.94,45.72,entsoe.eu,false,
2024-08-24 06:00:00,Italy,North Italy,IT-NO,168.49,226.04,63.98,48.1,entsoe.eu,false,
2024-08-24 07:00:00,Italy,North Italy,IT-NO,137.9,189.7,71.02,56.31,entsoe.eu,false,
2024-08-24 08:00:00,Italy,North Italy,IT-NO,129.13,181.37,72.17,60.95,entsoe.eu,false,
2024-08-24 09:00:00,Italy,North Italy,IT-NO,136.38,191.77,70.32,63.24,entsoe.eu,false,
2024-08-24 10:00:00,Italy,North Italy,IT-NO,141.64,198.31,69.14,64.62,entsoe.eu,false,
2024-08-24 11:00:00,Italy,North Italy,IT-NO,137.62,193.31,70.12,65.55,entsoe.eu,false,
2024-08-24 12:00:00,Italy,North Italy,IT-NO,126.89,180.39,72.53,66.22,entsoe.eu,false,
2024-08-24 13:00:00,Italy,North Italy,IT-NO,128.19,181.48,72.41,64.88,entsoe.eu,false,
2024-08-24 14:00:00,Italy,North Italy,IT-NO,150.51,208.24,66.99,58.98,entsoe.eu,false,
2024-08-24 15:00:00,Italy,North Italy,IT-NO,176.75,235.93,61.6,51.75,entsoe.eu,false,
2024-08-24 16:00:00,Italy,North Italy,IT-NO,199.13,251.37,59.66,50.51,entsoe.eu,false,
2024-08-24 17:00:00,Italy,North Italy,IT-NO,209.58,254.73,60.06,50.79,entsoe.eu,false,
2024-08-24 18:00:00,Italy,North Italy,IT-NO,206.61,254.18,59.75,49.61,entsoe.eu,false,
2024-08-24 19:00:00,Italy,North Italy,IT-NO,194.48,245.04,61.17,48.38,entsoe.eu,false,
2024-08-24 20:00:00,Italy,North Italy,IT-NO,195.15,251.28,59.54,44.95,entsoe.eu,false,
2024-08-24 21:00:00,Italy,North Italy,IT-NO,193.45,251.53,59.49,43.89,entsoe.eu,false,
2024-08-24 22:00:00,Italy,North Italy,IT-NO,183.83,241.41,61.18,46.04,entsoe.eu,false,
2024-08-24 23:00:00,Italy,North Italy,IT-NO,189.76,249.59,59.77,44.7,entsoe.eu,false,
2024-08-25 00:00:00,Italy,North Italy,IT-NO,182.86,241.02,61.54,46.06,entsoe.eu,false,
2024-08-25 01:00:00,Italy,North Italy,IT-NO,181.66,239.65,62.04,46.11,entsoe.eu,false,
2024-08-25 02:00:00,Italy,North Italy,IT-NO,181.52,241.11,61.31,44.38,entsoe.eu,false,
2024-08-25 03:00:00,Italy,North Italy,IT-NO,180.8,239.83,61.66,44.13,entsoe.eu,false,
2024-08-25 04:00:00,Italy,North Italy,IT-NO,176.96,234.85,62.61,45.51,entsoe.eu,false,
2024-08-25 05:00:00,Italy,North Italy,IT-NO,162.78,217.94,65.95,48.5,entsoe.eu,false,
2024-08-25 06:00:00,Italy,North Italy,IT-NO,144.46,197.78,69.7,52.88,entsoe.eu,false,
2024-08-25 07:00:00,Italy,North Italy,IT-NO,127.56,179.32,72.92,60.95,entsoe.eu,false,
2024-08-25 08:00:00,Italy,North Italy,IT-NO,110.43,160.19,76.4,68.36,entsoe.eu,false,
2024-08-25 09:00:00,Italy,North Italy,IT-NO,107.13,157.2,76.9,72.47,entsoe.eu,false,
2024-08-25 10:00:00,Italy,North Italy,IT-NO,122.28,175.91,73.82,73.55,entsoe.eu,false,
2024-08-25 11:00:00,Italy,North Italy,IT-NO,121.54,175.26,73.86,73.65,entsoe.eu,false,
2024-08-25 12:00:00,Italy,North Italy,IT-NO,132.16,188.08,71.23,71.03,entsoe.eu,false,
2024-08-25 13:00:00,Italy,North Italy,IT-NO,130.85,186.06,71.4,67.78,entsoe.eu,false,
2024-08-25 14:00:00,Italy,North Italy,IT-NO,141.6,197.66,69.13,61.79,entsoe.eu,false,
2024-08-25 15:00:00,Italy,North Italy,IT-NO,160.2,216.55,65.46,54.6,entsoe.eu,false,
2024-08-25 16:00:00,Italy,North Italy,IT-NO,177.89,233.27,62.12,50.15,entsoe.eu,false,
2024-08-25 17:00:00,Italy,North Italy,IT-NO,197.81,252.04,58.77,48.0,entsoe.eu,false,
2024-08-25 18:00:00,Italy,North Italy,IT-NO,199.23,252.18,58.71,47.72,entsoe.eu,false,
2024-08-25 19:00:00,Italy,North Italy,IT-NO,192.56,245.22,60.01,47.6,entsoe.eu,false,
2024-08-25 20:00:00,Italy,North Italy,IT-NO,190.59,244.28,60.28,46.24,entsoe.eu,false,
2024-08-25 21:00:00,Italy,North Italy,IT-NO,184.69,241.12,60.73,43.6,entsoe.eu,false,
2024-08-25 22:00:00,Italy,North Italy,IT-NO,168.47,226.66,62.84,41.9,entsoe.eu,false,
2024-08-25 23:00:00,Italy,North Italy,IT-NO,159.19,213.1,65.97,43.13,entsoe.eu,false,
2024-08-26 00:00:00,Italy,North Italy,IT-NO,152.27,204.58,67.59,44.29,entsoe.eu,false,
2024-08-26 01:00:00,Italy,North Italy,IT-NO,146.45,197.37,69.14,45.51,entsoe.eu,false,
2024-08-26 02:00:00,Italy,North Italy,IT-NO,150.73,204.06,67.86,44.12,entsoe.eu,false,
2024-08-26 03:00:00,Italy,North Italy,IT-NO,167.39,224.58,63.98,42.72,entsoe.eu,false,
2024-08-26 04:00:00,Italy,North Italy,IT-NO,178.53,236.03,61.84,45.07,entsoe.eu,false,
2024-08-26 05:00:00,Italy,North Italy,IT-NO,186.92,238.66,62.07,49.25,entsoe.eu,false,
2024-08-26 06:00:00,Italy,North Italy,IT-NO,172.07,223.51,64.57,51.64,entsoe.eu,false,
2024-08-26 07:00:00,Italy,North Italy,IT-NO,170.4,221.91,65.05,51.81,entsoe.eu,false,
2024-08-26 08:00:00,Italy,North Italy,IT-NO,165.67,219.65,65.46,52.29,entsoe.eu,false,
2024-08-26 09:00:00,Italy,North Italy,IT-NO,158.04,214.2,66.26,53.94,entsoe.eu,false,
2024-08-26 10:00:00,Italy,North Italy,IT-NO,156.16,213.94,66.24,54.72,entsoe.eu,false,
2024-08-26 11:00:00,Italy,North Italy,IT-NO,154.53,212.09,66.55,55.59,entsoe.eu,false,
2024-08-26 12:00:00,Italy,North Italy,IT-NO,160.39,219.14,65.02,54.18,entsoe.eu,false,
2024-08-26 13:00:00,Italy,North Italy,IT-NO,165.69,225.12,63.84,52.3,entsoe.eu,false,
2024-08-26 14:00:00,Italy,North Italy,IT-NO,171.84,231.53,62.43,51.02,entsoe.eu,false,
2024-08-26 15:00:00,Italy,North Italy,IT-NO,193.73,258.04,57.03,45.84,entsoe.eu,false,
2024-08-26 16:00:00,Italy,North Italy,IT-NO,206.39,262.57,57.22,46.03,entsoe.eu,false,
2024-08-26 17:00:00,Italy,North Italy,IT-NO,215.53,269.23,56.45,46.24,entsoe.eu,false,
2024-08-26 18:00:00,Italy,North Italy,IT-NO,222.05,274.38,55.77,45.97,entsoe.eu,false,
2024-08-26 19:00:00,Italy,North Italy,IT-NO,219.97,279.09,54.26,43.77,entsoe.eu,false,
2024-08-26 20:00:00,Italy,North Italy,IT-NO,209.56,269.83,55.77,42.49,entsoe.eu,false,
2024-08-26 21:00:00,Italy,North Italy,IT-NO,206.35,270.09,55.45,40.25,entsoe.eu,false,
2024-08-26 22:00:00,Italy,North Italy,IT-NO,212.89,279.5,53.32,36.67,entsoe.eu,false,
2024-08-26 23:00:00,Italy,North Italy,IT-NO,205.83,271.24,54.9,35.91,entsoe.eu,false,
2024-08-27 00:00:00,Italy,North Italy,IT-NO,205.46,272.6,54.33,34.72,entsoe.eu,false,
2024-08-27 01:00:00,Italy,North Italy,IT-NO,204.61,270.97,54.94,34.4,entsoe.eu,false,
2024-08-27 02:00:00,Italy,North Italy,IT-NO,203.72,269.67,55.23,34.46,entsoe.eu,false,
2024-08-27 03:00:00,Italy,North Italy,IT-NO,209.92,275.78,54.34,35.39,entsoe.eu,false,
2024-08-27 04:00:00,Italy,North Italy,IT-NO,218.48,282.15,53.28,39.42,entsoe.eu,false,
2024-08-27 05:00:00,Italy,North Italy,IT-NO,222.52,284.44,52.91,41.77,entsoe.eu,false,
2024-08-27 06:00:00,Italy,North Italy,IT-NO,200.02,258.97,57.69,44.61,entsoe.eu,false,
2024-08-27 07:00:00,Italy,North Italy,IT-NO,195.31,252.51,59.25,46.93,entsoe.eu,false,
2024-08-27 08:00:00,Italy,North Italy,IT-NO,188.81,250.25,58.99,47.6,entsoe.eu,false,
2024-08-27 09:00:00,Italy,North Italy,IT-NO,180.43,243.29,60.05,49.68,entsoe.eu,false,
2024-08-27 10:00:00,Italy,North Italy,IT-NO,175.03,237.87,61.17,52.98,entsoe.eu,false,
2024-08-27 11:00:00,Italy,North Italy,IT-NO,184.76,248.72,59.28,51.56,entsoe.eu,false,
2024-08-27 12:00:00,Italy,North Italy,IT-NO,190.51,251.31,59.14,52.07,entsoe.eu,false,
2024-08-27 13:00:00,Italy,North Italy,IT-NO,200.77,260.51,57.71,49.84,entsoe.eu,false,
2024-08-27 14:00:00,Italy,North Italy,IT-NO,219.55,277.39,54.98,47.28,entsoe.eu,false,
2024-08-27 15:00:00,Italy,North Italy,IT-NO,212.77,271.86,55.48,45.88,entsoe.eu,false,
2024-08-27 16:00:00,Italy,North Italy,IT-NO,217.35,274.88,55.07,44.51,entsoe.eu,false,
2024-08-27 17:00:00,Italy,North Italy,IT-NO,239.33,294.92,52.04,43.04,entsoe.eu,false,
2024-08-27 18:00:00,Italy,North Italy,IT-NO,234.65,288.22,53.55,44.26,entsoe.eu,false,
2024-08-27 19:00:00,Italy,North Italy,IT-NO,212.51,268.46,56.66,44.91,entsoe.eu,false,
2024-08-27 20:00:00,Italy,North Italy,IT-NO,222.43,286.15,52.93,39.45,entsoe.eu,false,
2024-08-27 21:00:00,Italy,North Italy,IT-NO,227.28,293.92,51.43,37.56,entsoe.eu,false,
2024-08-27 22:00:00,Italy,North Italy,IT-NO,226.7,294.98,50.93,34.88,entsoe.eu,false,
2024-08-27 23:00:00,Italy,North Italy,IT-NO,220.72,288.78,52.04,33.6,entsoe.eu,false,
2024-08-28 00:00:00,Italy,North Italy,IT-NO,206.88,273.19,54.87,34.99,entsoe.eu,false,
2024-08-28 01:00:00,Italy,North Italy,IT-NO,206.98,273.53,54.65,33.95,entsoe.eu,false,
2024-08-28 02:00:00,Italy,North Italy,IT-NO,213.68,281.45,53.31,33.18,entsoe.eu,false,
2024-08-28 03:00:00,Italy,North Italy,IT-NO,227.97,299.4,49.66,32.13,entsoe.eu,false,
2024-08-28 04:00:00,Italy,North Italy,IT-NO,230.41,297.37,50.21,35.98,entsoe.eu,false,
2024-08-28 05:00:00,Italy,North Italy,IT-NO,220.16,280.28,54.03,40.77,entsoe.eu,false,
2024-08-28 06:00:00,Italy,North Italy,IT-NO,206.32,265.78,56.83,44.76,entsoe.eu,false,
2024-08-28 07:00:00,Italy,North Italy,IT-NO,196.14,257.02,58.51,47.12,entsoe.eu,false,
2024-08-28 08:00:00,Italy,North Italy,IT-NO,179.65,241.51,61.16,50.23,entsoe.eu,false,
2024-08-28 09:00:00,Italy,North Italy,IT-NO,173.33,234.96,62.38,52.55,entsoe.eu,false,
2024-08-28 10:00:00,Italy,North Italy,IT-NO,169.79,231.2,63.13,54.39,entsoe.eu,false,
2024-08-28 11:00:00,Italy,North Italy,IT-NO,172.88,235.12,62.43,54.34,entsoe.eu,false,
2024-08-28 12:00:00,Italy,North Italy,IT-NO,183.4,247.08,60.17,52.59,entsoe.eu,false,
2024-08-28 13:00:00,Italy,North Italy,IT-NO,189.26,253.26,58.84,50.4,entsoe.eu,false,
2024-08-28 14:00:00,Italy,North Italy,IT-NO,194.91,253.84,58.86,49.94,entsoe.eu,false,
2024-08-28 15:00:00,Italy,North Italy,IT-NO,217.88,272.33,56.46,47.44,entsoe.eu,false,
2024-08-28 16:00:00,Italy,North Italy,IT-NO,239.2,295.78,52.06,43.09,entsoe.eu,false,
2024-08-28 17:00:00,Italy,North Italy,IT-NO,255.71,309.73,50.13,42.06,entsoe.eu,false,
2024-08-28 18:00:00,Italy,North Italy,IT-NO,251.67,305.52,50.88,42.46,entsoe.eu,false,
2024-08-28 19:00:00,Italy,North Italy,IT-NO,238.89,297.81,51.37,40.91,entsoe.eu,false,
2024-08-28 20:00:00,Italy,North Italy,IT-NO,235.02,302.33,49.49,36.7,entsoe.eu,false,
2024-08-28 21:00:00,Italy,North Italy,IT-NO,242.24,311.72,47.99,34.93,entsoe.eu,false,
2024-08-28 22:00:00,Italy,North Italy,IT-NO,227.73,296.41,49.79,34.8,entsoe.eu,false,
2024-08-28 23:00:00,Italy,North Italy,IT-NO,228.01,299.9,48.74,31.61,entsoe.eu,false,
2024-08-29 00:00:00,Italy,North Italy,IT-NO,228.53,300.06,49.06,30.99,entsoe.eu,false,
2024-08-29 01:00:00,Italy,North Italy,IT-NO,219.48,290.1,50.85,31.05,entsoe.eu,false,
2024-08-29 02:00:00,Italy,North Italy,IT-NO,221.17,292.25,50.3,30.48,entsoe.eu,false,
2024-08-29 03:00:00,Italy,North Italy,IT-NO,220.33,291.28,50.45,31.88,entsoe.eu,false,
2024-08-29 04:00:00,Italy,North Italy,IT-NO,237.01,304.78,48.67,34.29,entsoe.eu,false,
2024-08-29 05:00:00,Italy,North Italy,IT-NO,226.44,293.03,50.63,37.83,entsoe.eu,false,
2024-08-29 06:00:00,Italy,North Italy,IT-NO,216.75,281.92,52.74,41.0,entsoe.eu,false,
2024-08-29 07:00:00,Italy,North Italy,IT-NO,201.57,267.22,55.66,44.53,entsoe.eu,false,
2024-08-29 08:00:00,Italy,North Italy,IT-NO,183.19,246.57,59.89,48.8,entsoe.eu,false,
2024-08-29 09:00:00,Italy,North Italy,IT-NO,175.78,238.22,61.53,51.41,entsoe.eu,false,
2024-08-29 10:00:00,Italy,North Italy,IT-NO,180.36,244.32,60.4,52.18,entsoe.eu,false,
2024-08-29 11:00:00,Italy,North Italy,IT-NO,182.38,247.04,59.67,51.42,entsoe.eu,false,
2024-08-29 12:00:00,Italy,North Italy,IT-NO,187.51,253.06,58.51,50.22,entsoe.eu,false,
2024-08-29 13:00:00,Italy,North Italy,IT-NO,190.35,255.32,58.16,48.95,entsoe.eu,false,
2024-08-29 14:00:00,Italy,North Italy,IT-NO,195.09,259.19,56.84,47.67,entsoe.eu,false,
2024-08-29 15:00:00,Italy,North Italy,IT-NO,219.57,277.59,54.44,45.36,entsoe.eu,false,
2024-08-29 16:00:00,Italy,North Italy,IT-NO,235.72,287.24,53.65,45.16,entsoe.eu,false,
2024-08-29 17:00:00,Italy,North Italy,IT-NO,252.52,304.38,50.83,42.68,entsoe.eu,false,
2024-08-29 18:00:00,Italy,North Italy,IT-NO,247.06,300.57,51.03,42.38,entsoe.eu,false,
2024-08-29 19:00:00,Italy,North Italy,IT-NO,241.11,297.99,51.1,41.42,entsoe.eu,false,
2024-08-29 20:00:00,Italy,North Italy,IT-NO,235.17,301.05,49.29,37.29,entsoe.eu,false,
2024-08-29 21:00:00,Italy,North Italy,IT-NO,233.48,300.22,49.76,36.19,entsoe.eu,false,
2024-08-29 22:00:00,Italy,North Italy,IT-NO,243.21,316.59,46.14,32.37,entsoe.eu,false,
2024-08-29 23:00:00,Italy,North Italy,IT-NO,240.11,313.86,46.86,31.84,entsoe.eu,false,
2024-08-30 00:00:00,Italy,North Italy,IT-NO,244.36,320.32,45.71,29.71,entsoe.eu,false,
2024-08-30 01:00:00,Italy,North Italy,IT-NO,250.84,326.92,44.83,28.9,entsoe.eu,false,
2024-08-30 02:00:00,Italy,North Italy,IT-NO,248.62,325.87,44.72,28.81,entsoe.eu,false,
2024-08-30 03:00:00,Italy,North Italy,IT-NO,251.43,329.16,43.88,29.6,entsoe.eu,false,
2024-08-30 04:00:00,Italy,North Italy,IT-NO,260.04,335.57,42.54,32.12,entsoe.eu,false,
2024-08-30 05:00:00,Italy,North Italy,IT-NO,233.86,301.54,48.94,38.11,entsoe.eu,false,
2024-08-30 06:00:00,Italy,North Italy,IT-NO,221.47,289.4,51.2,41.25,entsoe.eu,false,
2024-08-30 07:00:00,Italy,North Italy,IT-NO,208.49,276.13,54.04,44.43,entsoe.eu,false,
2024-08-30 08:00:00,Italy,North Italy,IT-NO,197.6,264.61,56.31,46.95,entsoe.eu,false,
2024-08-30 09:00:00,Italy,North Italy,IT-NO,184.6,249.48,59.18,50.35,entsoe.eu,false,
2024-08-30 10:00:00,Italy,North Italy,IT-NO,175.18,238.45,61.14,52.82,entsoe.eu,false,
2024-08-30 11:00:00,Italy,North Italy,IT-NO,170.09,232.04,62.45,53.72,entsoe.eu,false,
2024-08-30 12:00:00,Italy,North Italy,IT-NO,179.07,243.12,60.09,51.81,entsoe.eu,false,
2024-08-30 13:00:00,Italy,North Italy,IT-NO,182.03,246.23,59.21,50.24,entsoe.eu,false,
2024-08-30 14:00:00,Italy,North Italy,IT-NO,198.85,264.76,55.66,46.88,entsoe.eu,false,
2024-08-30 15:00:00,Italy,North Italy,IT-NO,225.03,289.53,51.71,43.54,entsoe.eu,false,
2024-08-30 16:00:00,Italy,North Italy,IT-NO,234.3,292.69,51.75,43.26,entsoe.eu,false,
2024-08-30 17:00:00,Italy,North Italy,IT-NO,237.04,298.19,50.2,41.9,entsoe.eu,false,
2024-08-30 18:00:00,Italy,North Italy,IT-NO,237.55,297.13,50.67,42.02,entsoe.eu,false,
2024-08-30 19:00:00,Italy,North Italy,IT-NO,244.18,309.04,48.3,38.52,entsoe.eu,false,
2024-08-30 20:00:00,Italy,North Italy,IT-NO,236.34,306.48,48.32,36.41,entsoe.eu,false,
2024-08-30 21:00:00,Italy,North Italy,IT-NO,233.47,304.08,48.72,35.81,entsoe.eu,false,
2024-08-30 22:00:00,Italy,North Italy,IT-NO,212.78,278.83,53.46,37.95,entsoe.eu,false,
2024-08-30 23:00:00,Italy,North Italy,IT-NO,207.56,272.21,55.1,38.91,entsoe.eu,false,
2024-08-31 00:00:00,Italy,North Italy,IT-NO,205.9,269.51,56.02,38.53,entsoe.eu,false,
2024-08-31 01:00:00,Italy,North Italy,IT-NO,199.06,260.94,57.86,39.72,entsoe.eu,false,
2024-08-31 02:00:00,Italy,North Italy,IT-NO,199.6,262.87,57.38,38.82,entsoe.eu,false,
2024-08-31 03:00:00,Italy,North Italy,IT-NO,198.02,261.69,57.59,39.34,entsoe.eu,false,
2024-08-31 04:00:00,Italy,North Italy,IT-NO,194.73,257.85,58.09,41.01,entsoe.eu,false,
2024-08-31 05:00:00,Italy,North Italy,IT-NO,188.69,250.39,59.72,42.01,entsoe.eu,false,
2024-08-31 06:00:00,Italy,North Italy,IT-NO,176.25,236.39,62.33,45.97,entsoe.eu,false,
2024-08-31 07:00:00,Italy,North Italy,IT-NO,148.15,202.99,68.85,53.38,entsoe.eu,false,
2024-08-31 08:00:00,Italy,North Italy,IT-NO,130.81,182.84,72.86,59.5,entsoe.eu,false,
2024-08-31 09:00:00,Italy,North Italy,IT-NO,125.49,177.27,74.14,63.79,entsoe.eu,false,
2024-08-31 10:00:00,Italy,North Italy,IT-NO,128.91,182.29,73.16,65.64,entsoe.eu,false,
2024-08-31 11:00:00,Italy,North Italy,IT-NO,127.1,180.17,73.59,66.31,entsoe.eu,false,
2024-08-31 12:00:00,Italy,North Italy,IT-NO,132.26,186.34,72.47,64.92,entsoe.eu,false,
2024-08-31 13:00:00,Italy,North Italy,IT-NO,142.57,198.74,69.88,61.57,entsoe.eu,false,
2024-08-31 14:00:00,Italy,North Italy,IT-NO,168.35,226.37,64.33,54.46,entsoe.eu,false,
2024-08-31 15:00:00,Italy,North Italy,IT-NO,194.87,257.93,57.33,46.12,entsoe.eu,false,
2024-08-31 16:00:00,Italy,North Italy,IT-NO,204.92,264.19,56.75,44.69,entsoe.eu,false,
2024-08-31 17:00:00,Italy,North Italy,IT-NO,210.78,263.74,57.27,46.28,entsoe.eu,false,
2024-08-31 18:00:00,Italy,North Italy,IT-NO,212.46,269.34,56.03,44.44,entsoe.eu,false,
2024-08-31 19:00:00,Italy,North Italy,IT-NO,211.68,272.89,55.02,42.3,entsoe.eu,false,
2024-08-31 20:00:00,Italy,North Italy,IT-NO,216.88,282.65,53.17,38.84,entsoe.eu,false,
2024-08-31 21:00:00,Italy,North Italy,IT-NO,213.91,280.14,53.72,38.59,entsoe.eu,false,
2024-08-31 22:00:00,Italy,North Italy,IT-NO,191.33,252.96,58.17,39.4,entsoe.eu,false,
2024-08-31 23:00:00,Italy,North Italy,IT-NO,186.24,246.64,59.37,38.88,entsoe.eu,false,
2024-09-01 00:00:00,Italy,North Italy,IT-NO,179.13,236.98,61.14,38.7,entsoe.eu,false,
2024-09-01 01:00:00,Italy,North Italy,IT-NO,176.42,233.93,61.8,38.34,entsoe.eu,false,
2024-09-01 02:00:00,Italy,North Italy,IT-NO,171.52,229.08,62.71,38.8,entsoe.eu,false,
2024-09-01 03:00:00,Italy,North Italy,IT-NO,169.42,226.76,63.09,39.39,entsoe.eu,false,
2024-09-01 04:00:00,Italy,North Italy,IT-NO,165.95,222.93,63.74,41.06,entsoe.eu,false,
2024-09-01 05:00:00,Italy,North Italy,IT-NO,155.7,210.7,66.11,43.88,entsoe.eu,false,
2024-09-01 06:00:00,Italy,North Italy,IT-NO,142.77,196.36,69.05,48.12,entsoe.eu,false,
2024-09-01 07:00:00,Italy,North Italy,IT-NO,122.03,172.18,74.1,57.23,entsoe.eu,false,
2024-09-01 08:00:00,Italy,North Italy,IT-NO,114.69,164.57,76.06,65.36,entsoe.eu,false,
2024-09-01 09:00:00,Italy,North Italy,IT-NO,114.9,166.43,75.5,69.55,entsoe.eu,false,
2024-09-01 10:00:00,Italy,North Italy,IT-NO,119.98,172.82,73.96,68.87,entsoe.eu,false,
2024-09-01 11:00:00,Italy,North Italy,IT-NO,108.28,158.79,76.63,71.44,entsoe.eu,false,
2024-09-01 12:00:00,Italy,North Italy,IT-NO,106.59,156.25,77.05,70.76,entsoe.eu,false,
2024-09-01 13:00:00,Italy,North Italy,IT-NO,116.85,167.92,74.86,65.37,entsoe.eu,false,
2024-09-01 14:00:00,Italy,North Italy,IT-NO,132.37,186.02,71.21,60.13,entsoe.eu,false,
2024-09-01 15:00:00,Italy,North Italy,IT-NO,160.55,215.44,64.84,49.62,entsoe.eu,false,
2024-09-01 16:00:00,Italy,North Italy,IT-NO,194.62,249.0,59.29,45.76,entsoe.eu,false,
2024-09-01 17:00:00,Italy,North Italy,IT-NO,200.25,245.58,61.26,48.25,entsoe.eu,false,
2024-09-01 18:00:00,Italy,North Italy,IT-NO,199.08,245.02,61.19,48.79,entsoe.eu,false,
2024-09-01 19:00:00,Italy,North Italy,IT-NO,197.48,250.52,59.36,45.78,entsoe.eu,false,
2024-09-01 20:00:00,Italy,North Italy,IT-NO,203.71,261.38,57.19,42.83,entsoe.eu,false,
2024-09-01 21:00:00,Italy,North Italy,IT-NO,202.19,262.88,56.88,39.67,entsoe.eu,false,
2024-09-01 22:00:00,Italy,North Italy,IT-NO,194.27,252.02,59.17,39.08,entsoe.eu,false,
2024-09-01 23:00:00,Italy,North Italy,IT-NO,179.5,237.52,61.61,38.84,entsoe.eu,false,
2024-09-02 00:00:00,Italy,North Italy,IT-NO,188.58,250.98,58.78,35.67,entsoe.eu,false,
2024-09-02 01:00:00,Italy,North Italy,IT-NO,190.61,253.74,58.04,35.02,entsoe.eu,false,
2024-09-02 02:00:00,Italy,North Italy,IT-NO,193.86,257.47,57.63,34.7,entsoe.eu,false,
2024-09-02 03:00:00,Italy,North Italy,IT-NO,201.77,266.98,55.9,34.88,entsoe.eu,false,
2024-09-02 04:00:00,Italy,North Italy,IT-NO,233.04,301.28,49.29,34.82,entsoe.eu,false,
2024-09-02 05:00:00,Italy,North Italy,IT-NO,224.17,281.47,53.81,41.76,entsoe.eu,false,
2024-09-02 06:00:00,Italy,North Italy,IT-NO,214.08,269.83,56.19,44.61,entsoe.eu,false,
2024-09-02 07:00:00,Italy,North Italy,IT-NO,205.88,266.09,56.44,44.93,entsoe.eu,false,
2024-09-02 08:00:00,Italy,North Italy,IT-NO,201.73,264.53,56.6,45.1,entsoe.eu,false,
2024-09-02 09:00:00,Italy,North Italy,IT-NO,199.06,264.65,56.33,45.14,entsoe.eu,false,
2024-09-02 10:00:00,Italy,North Italy,IT-NO,192.93,259.41,57.02,47.36,entsoe.eu,false,
2024-09-02 11:00:00,Italy,North Italy,IT-NO,193.49,260.12,56.91,47.36,entsoe.eu,false,
2024-09-02 12:00:00,Italy,North Italy,IT-NO,195.78,260.84,56.99,49.09,entsoe.eu,false,
2024-09-02 13:00:00,Italy,North Italy,IT-NO,204.69,266.63,56.14,48.4,entsoe.eu,false,
2024-09-02 14:00:00,Italy,North Italy,IT-NO,205.16,265.49,56.34,48.12,entsoe.eu,false,
2024-09-02 15:00:00,Italy,North Italy,IT-NO,222.33,282.86,53.57,45.18,entsoe.eu,false,
2024-09-02 16:00:00,Italy,North Italy,IT-NO,216.54,276.92,54.18,43.67,entsoe.eu,false,
2024-09-02 17:00:00,Italy,North Italy,IT-NO,225.77,285.39,52.67,41.75,entsoe.eu,false,
2024-09-02 18:00:00,Italy,North Italy,IT-NO,228.91,289.61,51.78,41.14,entsoe.eu,false,
2024-09-02 19:00:00,Italy,North Italy,IT-NO,233.59,299.49,49.82,38.8,entsoe.eu,false,
2024-09-02 20:00:00,Italy,North Italy,IT-NO,246.6,317.86,46.64,34.22,entsoe.eu,false,
2024-09-02 21:00:00,Italy,North Italy,IT-NO,240.69,312.52,47.53,33.45,entsoe.eu,false,
2024-09-02 22:00:00,Italy,North Italy,IT-NO,240.64,313.56,47.23,30.59,entsoe.eu,false,
2024-09-02 23:00:00,Italy,North Italy,IT-NO,236.2,307.82,48.59,30.28,entsoe.eu,false,
2024-09-03 00:00:00,Italy,North Italy,IT-NO,232.06,303.93,49.3,30.39,entsoe.eu,false,
2024-09-03 01:00:00,Italy,North Italy,IT-NO,228.68,299.61,49.83,29.53,entsoe.eu,false,
2024-09-03 02:00:00,Italy,North Italy,IT-NO,233.45,305.65,48.67,28.99,entsoe.eu,false,
2024-09-03 03:00:00,Italy,North Italy,IT-NO,240.5,314.42,46.9,29.41,entsoe.eu,false,
2024-09-03 04:00:00,Italy,North Italy,IT-NO,241.98,314.34,46.97,33.25,entsoe.eu,false,
2024-09-03 05:00:00,Italy,North Italy,IT-NO,241.9,312.85,47.44,35.88,entsoe.eu,false,
2024-09-03 06:00:00,Italy,North Italy,IT-NO,226.53,292.5,51.42,40.92,entsoe.eu,false,
2024-09-03 07:00:00,Italy,North Italy,IT-NO,217.73,284.25,52.93,43.1,entsoe.eu,false,
2024-09-03 08:00:00,Italy,North Italy,IT-NO,204.66,271.67,55.36,45.47,entsoe.eu,false,
2024-09-03 09:00:00,Italy,North Italy,IT-NO,208.26,277.13,54.21,44.47,entsoe.eu,false,
2024-09-03 10:00:00,Italy,North Italy,IT-NO,196.9,263.66,56.81,47.24,entsoe.eu,false,
2024-09-03 11:00:00,Italy,North Italy,IT-NO,194.2,260.5,57.31,47.73,entsoe.eu,false,
2024-09-03 12:00:00,Italy,North Italy,IT-NO,200.4,267.9,55.76,46.02,entsoe.eu,false,
2024-09-03 13:00:00,Italy,North Italy,IT-NO,200.46,266.99,55.77,45.09,entsoe.eu,false,
2024-09-03 14:00:00,Italy,North Italy,IT-NO,211.23,276.49,53.97,43.86,entsoe.eu,false,
2024-09-03 15:00:00,Italy,North Italy,IT-NO,214.75,277.87,53.61,44.05,entsoe.eu,false,
2024-09-03 16:00:00,Italy,North Italy,IT-NO,228.51,289.56,51.95,42.55,entsoe.eu,false,
2024-09-03 17:00:00,Italy,North Italy,IT-NO,247.23,310.45,48.25,39.82,entsoe.eu,false,
2024-09-03 18:00:00,Italy,North Italy,IT-NO,251.31,311.62,48.57,39.89,entsoe.eu,false,
2024-09-03 19:00:00,Italy,North Italy,IT-NO,250.56,319.79,46.04,36.0,entsoe.eu,false,
2024-09-03 20:00:00,Italy,North Italy,IT-NO,257.7,333.39,43.26,30.91,entsoe.eu,false,
2024-09-03 21:00:00,Italy,North Italy,IT-NO,246.01,319.64,45.99,30.95,entsoe.eu,false,
2024-09-03 22:00:00,Italy,North Italy,IT-NO,244.17,317.65,46.36,29.94,entsoe.eu,false,
2024-09-03 23:00:00,Italy,North Italy,IT-NO,239.63,312.71,47.13,29.0,entsoe.eu,false,
2024-09-04 00:00:00,Italy,North Italy,IT-NO,233.97,305.65,48.59,29.11,entsoe.eu,false,
2024-09-04 01:00:00,Italy,North Italy,IT-NO,233.01,304.46,48.8,28.78,entsoe.eu,false,
2024-09-04 02:00:00,Italy,North Italy,IT-NO,233.9,305.52,48.62,28.76,entsoe.eu,false,
2024-09-04 03:00:00,Italy,North Italy,IT-NO,236.7,309.52,47.6,29.18,entsoe.eu,false,
2024-09-04 04:00:00,Italy,North Italy,IT-NO,246.83,319.57,45.42,32.47,entsoe.eu,false,
2024-09-04 05:00:00,Italy,North Italy,IT-NO,242.48,309.78,48.25,37.01,entsoe.eu,false,
2024-09-04 06:00:00,Italy,North Italy,IT-NO,231.27,294.59,51.52,40.48,entsoe.eu,false,
2024-09-04 07:00:00,Italy,North Italy,IT-NO,229.84,294.99,51.38,42.24,entsoe.eu,false,
2024-09-04 08:00:00,Italy,North Italy,IT-NO,220.38,286.87,52.78,44.39,entsoe.eu,false,
2024-09-04 09:00:00,Italy,North Italy,IT-NO,213.04,282.02,53.31,44.68,entsoe.eu,false,
2024-09-04 10:00:00,Italy,North Italy,IT-NO,200.08,267.01,56.33,46.92,entsoe.eu,false,
2024-09-04 11:00:00,Italy,North Italy,IT-NO,201.29,268.64,55.87,45.77,entsoe.eu,false,
2024-09-04 12:00:00,Italy,North Italy,IT-NO,212.48,282.49,52.9,42.69,entsoe.eu,false,
2024-09-04 13:00:00,Italy,North Italy,IT-NO,220.5,287.64,52.26,41.72,entsoe.eu,false,
2024-09-04 14:00:00,Italy,North Italy,IT-NO,236.21,304.64,48.84,38.87,entsoe.eu,false,
2024-09-04 15:00:00,Italy,North Italy,IT-NO,244.56,310.48,48.04,38.92,entsoe.eu,false,
2024-09-04 16:00:00,Italy,North Italy,IT-NO,242.44,307.99,48.38,39.07,entsoe.eu,false,
2024-09-04 17:00:00,Italy,North Italy,IT-NO,245.12,309.61,48.09,39.19,entsoe.eu,false,
2024-09-04 18:00:00,Italy,North Italy,IT-NO,244.54,310.25,47.78,38.53,entsoe.eu,false,
2024-09-04 19:00:00,Italy,North Italy,IT-NO,245.78,314.47,46.97,35.84,entsoe.eu,false,
2024-09-04 20:00:00,Italy,North Italy,IT-NO,250.62,322.55,45.5,32.41,entsoe.eu,false,
2024-09-04 21:00:00,Italy,North Italy,IT-NO,246.27,315.06,47.72,33.51,entsoe.eu,false,
2024-09-04 22:00:00,Italy,North Italy,IT-NO,238.72,307.39,48.19,33.4,entsoe.eu,false,
2024-09-04 23:00:00,Italy,North Italy,IT-NO,229.37,297.87,49.66,33.2,entsoe.eu,false,
2024-09-05 00:00:00,Italy,North Italy,IT-NO,224.25,294.3,49.97,31.82,entsoe.eu,false,
2024-09-05 01:00:00,Italy,North Italy,IT-NO,221.52,291.97,50.1,31.78,entsoe.eu,false,
2024-09-05 02:00:00,Italy,North Italy,IT-NO,217.12,286.99,50.77,32.43,entsoe.eu,false,
2024-09-05 03:00:00,Italy,North Italy,IT-NO,218.8,288.91,50.5,33.24,entsoe.eu,false,
2024-09-05 04:00:00,Italy,North Italy,IT-NO,240.98,313.54,45.84,33.07,entsoe.eu,false,
2024-09-05 05:00:00,Italy,North Italy,IT-NO,234.45,303.9,47.73,36.19,entsoe.eu,false,
2024-09-05 06:00:00,Italy,North Italy,IT-NO,231.92,298.15,49.32,39.36,entsoe.eu,false,
2024-09-05 07:00:00,Italy,North Italy,IT-NO,241.11,307.7,47.98,40.78,entsoe.eu,false,
2024-09-05 08:00:00,Italy,North Italy,IT-NO,239.77,307.66,47.89,41.66,entsoe.eu,false,
2024-09-05 09:00:00,Italy,North Italy,IT-NO,240.72,313.81,46.28,40.34,entsoe.eu,false,
2024-09-05 10:00:00,Italy,North Italy,IT-NO,224.37,297.09,49.34,40.94,entsoe.eu,false,
2024-09-05 11:00:00,Italy,North Italy,IT-NO,210.9,280.89,52.43,42.75,entsoe.eu,false,
2024-09-05 12:00:00,Italy,North Italy,IT-NO,219.94,291.87,50.22,41.12,entsoe.eu,false,
2024-09-05 13:00:00,Italy,North Italy,IT-NO,227.66,299.48,48.92,40.52,entsoe.eu,false,
2024-09-05 14:00:00,Italy,North Italy,IT-NO,236.31,309.51,47.11,39.12,entsoe.eu,false,
2024-09-05 15:00:00,Italy,North Italy,IT-NO,241.99,313.69,47.15,39.21,entsoe.eu,false,
2024-09-05 16:00:00,Italy,North Italy,IT-NO,259.32,331.22,44.01,36.61,entsoe.eu,false,
2024-09-05 17:00:00,Italy,North Italy,IT-NO,270.03,330.59,45.76,39.95,entsoe.eu,false,
2024-09-05 18:00:00,Italy,North Italy,IT-NO,262.44,330.81,44.44,37.04,entsoe.eu,false,
2024-09-05 19:00:00,Italy,North Italy,IT-NO,271.24,348.79,40.51,32.13,entsoe.eu,false,
2024-09-05 20:00:00,Italy,North Italy,IT-NO,243.7,315.23,47.43,35.04,entsoe.eu,false,
2024-09-05 21:00:00,Italy,North Italy,IT-NO,232.5,302.63,49.49,35.73,entsoe.eu,false,
2024-09-05 22:00:00,Italy,North Italy,IT-NO,226.61,297.2,50.32,35.67,entsoe.eu,false,
2024-09-05 23:00:00,Italy,North Italy,IT-NO,216.3,284.47,52.62,36.2,entsoe.eu,false,
2024-09-06 00:00:00,Italy,North Italy,IT-NO,209.84,277.01,53.47,35.16,entsoe.eu,false,
2024-09-06 01:00:00,Italy,North Italy,IT-NO,208.16,274.23,53.96,34.73,entsoe.eu,false,
2024-09-06 02:00:00,Italy,North Italy,IT-NO,212.11,279.6,52.97,33.61,entsoe.eu,false,
2024-09-06 03:00:00,Italy,North Italy,IT-NO,219.2,288.46,51.14,33.02,entsoe.eu,false,
2024-09-06 04:00:00,Italy,North Italy,IT-NO,239.49,308.74,47.68,33.82,entsoe.eu,false,
2024-09-06 05:00:00,Italy,North Italy,IT-NO,236.7,302.43,49.06,37.14,entsoe.eu,false,
2024-09-06 06:00:00,Italy,North Italy,IT-NO,224.68,283.41,53.24,43.41,entsoe.eu,false,
2024-09-06 07:00:00,Italy,North Italy,IT-NO,231.53,292.48,51.65,44.26,entsoe.eu,false,
2024-09-06 08:00:00,Italy,North Italy,IT-NO,228.16,292.72,51.25,44.2,entsoe.eu,false,
2024-09-06 09:00:00,Italy,North Italy,IT-NO,216.03,281.61,53.1,46.09,entsoe.eu,false,
2024-09-06 10:00:00,Italy,North Italy,IT-NO,191.0,253.84,58.13,49.75,entsoe.eu,false,
2024-09-06 11:00:00,Italy,North Italy,IT-NO,184.82,246.68,59.39,50.95,entsoe.eu,false,
2024-09-06 12:00:00,Italy,North Italy,IT-NO,189.99,254.25,57.72,49.47,entsoe.eu,false,
2024-09-06 13:00:00,Italy,North Italy,IT-NO,192.12,257.06,57.3,48.22,entsoe.eu,false,
2024-09-06 14:00:00,Italy,North Italy,IT-NO,199.42,265.63,55.33,45.24,entsoe.eu,false,
2024-09-06 15:00:00,Italy,North Italy,IT-NO,219.65,287.78,51.36,41.85,entsoe.eu,false,
2024-09-06 16:00:00,Italy,North Italy,IT-NO,232.08,295.37,50.59,42.13,entsoe.eu,false,
2024-09-06 17:00:00,Italy,North Italy,IT-NO,240.71,302.0,49.93,41.53,entsoe.eu,false,
2024-09-06 18:00:00,Italy,North Italy,IT-NO,234.47,290.79,52.58,43.7,entsoe.eu,false,
2024-09-06 19:00:00,Italy,North Italy,IT-NO,236.73,301.59,49.91,40.05,entsoe.eu,false,
2024-09-06 20:00:00,Italy,North Italy,IT-NO,233.42,303.26,49.1,36.2,entsoe.eu,false,
2024-09-06 21:00:00,Italy,North Italy,IT-NO,224.9,293.65,50.78,36.14,entsoe.eu,false,
2024-09-06 22:00:00,Italy,North Italy,IT-NO,202.67,261.35,56.99,41.37,entsoe.eu,false,
2024-09-06 23:00:00,Italy,North Italy,IT-NO,189.11,242.55,60.96,43.66,entsoe.eu,false,
2024-09-07 00:00:00,Italy,North Italy,IT-NO,189.7,244.23,60.8,42.63,entsoe.eu,false,
2024-09-07 01:00:00,Italy,North Italy,IT-NO,186.79,240.73,61.61,42.33,entsoe.eu,false,
2024-09-07 02:00:00,Italy,North Italy,IT-NO,187.09,242.93,60.82,41.21,entsoe.eu,false,
2024-09-07 03:00:00,Italy,North Italy,IT-NO,185.71,240.92,60.91,41.9,entsoe.eu,false,
2024-09-07 04:00:00,Italy,North Italy,IT-NO,183.99,235.72,62.33,45.19,entsoe.eu,false,
2024-09-07 05:00:00,Italy,North Italy,IT-NO,171.09,220.99,64.88,48.63,entsoe.eu,false,
2024-09-07 06:00:00,Italy,North Italy,IT-NO,165.44,214.84,66.44,51.48,entsoe.eu,false,
2024-09-07 07:00:00,Italy,North Italy,IT-NO,147.71,197.91,69.65,55.62,entsoe.eu,false,
2024-09-07 08:00:00,Italy,North Italy,IT-NO,117.31,164.58,75.61,60.95,entsoe.eu,false,
2024-09-07 09:00:00,Italy,North Italy,IT-NO,99.03,144.11,79.26,65.92,entsoe.eu,false,
2024-09-07 10:00:00,Italy,North Italy,IT-NO,95.92,141.31,79.85,69.22,entsoe.eu,false,
2024-09-07 11:00:00,Italy,North Italy,IT-NO,96.33,142.36,79.66,69.96,entsoe.eu,false,
2024-09-07 12:00:00,Italy,North Italy,IT-NO,96.59,142.45,79.6,69.3,entsoe.eu,false,
2024-09-07 13:00:00,Italy,North Italy,IT-NO,99.0,144.71,78.87,65.74,entsoe.eu,false,
2024-09-07 14:00:00,Italy,North Italy,IT-NO,120.27,169.93,73.68,58.88,entsoe.eu,false,
2024-09-07 15:00:00,Italy,North Italy,IT-NO,156.66,211.26,65.55,52.38,entsoe.eu,false,
2024-09-07 16:00:00,Italy,North Italy,IT-NO,197.32,254.04,57.7,48.4,entsoe.eu,false,
2024-09-07 17:00:00,Italy,North Italy,IT-NO,210.31,266.44,55.69,47.62,entsoe.eu,false,
2024-09-07 18:00:00,Italy,North Italy,IT-NO,214.56,270.64,55.33,47.55,entsoe.eu,false,
2024-09-07 19:00:00,Italy,North Italy,IT-NO,215.73,273.42,54.96,45.85,entsoe.eu,false,
2024-09-07 20:00:00,Italy,North Italy,IT-NO,186.93,241.56,60.91,46.13,entsoe.eu,false,
2024-09-07 21:00:00,Italy,North Italy,IT-NO,179.85,232.12,63.0,46.87,entsoe.eu,false,
2024-09-07 22:00:00,Italy,North Italy,IT-NO,169.22,218.71,65.22,48.22,entsoe.eu,false,
2024-09-07 23:00:00,Italy,North Italy,IT-NO,173.71,227.9,63.23,45.01,entsoe.eu,false,
2024-09-08 00:00:00,Italy,North Italy,IT-NO,171.67,226.02,63.64,44.18,entsoe.eu,false,
2024-09-08 01:00:00,Italy,North Italy,IT-NO,166.32,219.35,64.95,44.83,entsoe.eu,false,
2024-09-08 02:00:00,Italy,North Italy,IT-NO,160.33,212.1,66.29,45.69,entsoe.eu,false,
2024-09-08 03:00:00,Italy,North Italy,IT-NO,161.51,213.57,66.04,45.26,entsoe.eu,false,
2024-09-08 04:00:00,Italy,North Italy,IT-NO,167.34,216.53,66.04,47.0,entsoe.eu,false,
2024-09-08 05:00:00,Italy,North Italy,IT-NO,165.92,214.97,66.32,49.1,entsoe.eu,false,
2024-09-08 06:00:00,Italy,North Italy,IT-NO,151.16,203.0,68.0,51.2,entsoe.eu,false,
2024-09-08 07:00:00,Italy,North Italy,IT-NO,143.62,191.22,70.4,55.98,entsoe.eu,false,
2024-09-08 08:00:00,Italy,North Italy,IT-NO,130.21,178.87,72.77,60.01,entsoe.eu,false,
2024-09-08 09:00:00,Italy,North Italy,IT-NO,137.19,187.89,70.77,58.85,entsoe.eu,false,
2024-09-08 10:00:00,Italy,North Italy,IT-NO,149.19,198.64,69.05,59.09,entsoe.eu,false,
2024-09-08 11:00:00,Italy,North Italy,IT-NO,151.45,199.03,69.31,59.38,entsoe.eu,false,
2024-09-08 12:00:00,Italy,North Italy,IT-NO,148.28,203.22,67.46,56.16,entsoe.eu,false,
2024-09-08 13:00:00,Italy,North Italy,IT-NO,136.73,188.42,70.06,55.0,entsoe.eu,false,
2024-09-08 14:00:00,Italy,North Italy,IT-NO,135.54,185.24,70.62,54.26,entsoe.eu,false,
2024-09-08 15:00:00,Italy,North Italy,IT-NO,152.39,203.14,67.78,52.8,entsoe.eu,false,
2024-09-08 16:00:00,Italy,North Italy,IT-NO,167.38,215.41,66.03,53.85,entsoe.eu,false,
2024-09-08 17:00:00,Italy,North Italy,IT-NO,166.41,210.92,66.92,55.12,entsoe.eu,false,
2024-09-08 18:00:00,Italy,North Italy,IT-NO,161.28,205.16,67.82,55.08,entsoe.eu,false,
2024-09-08 19:00:00,Italy,North Italy,IT-NO,160.02,206.07,67.71,53.71,entsoe.eu,false,
2024-09-08 20:00:00,Italy,North Italy,IT-NO,163.79,214.11,65.97,50.5,entsoe.eu,false,
2024-09-08 21:00:00,Italy,North Italy,IT-NO,162.75,213.36,66.18,50.31,entsoe.eu,false,
2024-09-08 22:00:00,Italy,North Italy,IT-NO,156.93,202.48,68.99,51.73,entsoe.eu,false,
2024-09-08 23:00:00,Italy,North Italy,IT-NO,133.01,175.7,73.83,52.6,entsoe.eu,false,
2024-09-09 00:00:00,Italy,North Italy,IT-NO,130.12,175.14,73.6,52.26,entsoe.eu,false,
2024-09-09 01:00:00,Italy,North Italy,IT-NO,128.74,174.47,73.55,53.0,entsoe.eu,false,
2024-09-09 02:00:00,Italy,North Italy,IT-NO,134.34,180.73,72.6,52.52,entsoe.eu,false,
2024-09-09 03:00:00,Italy,North Italy,IT-NO,157.6,206.69,68.28,49.93,entsoe.eu,false,
2024-09-09 04:00:00,Italy,North Italy,IT-NO,208.86,264.51,57.83,45.44,entsoe.eu,false,
2024-09-09 05:00:00,Italy,North Italy,IT-NO,224.75,280.72,55.13,45.46,entsoe.eu,false,
2024-09-09 06:00:00,Italy,North Italy,IT-NO,216.57,269.86,57.18,48.61,entsoe.eu,false,
2024-09-09 07:00:00,Italy,North Italy,IT-NO,206.53,261.24,58.41,50.58,entsoe.eu,false,
2024-09-09 08:00:00,Italy,North Italy,IT-NO,193.02,252.78,59.07,51.73,entsoe.eu,false,
2024-09-09 09:00:00,Italy,North Italy,IT-NO,172.99,229.78,63.61,56.28,entsoe.eu,false,
2024-09-09 10:00:00,Italy,North Italy,IT-NO,158.49,212.0,67.5,60.18,entsoe.eu,false,
2024-09-09 11:00:00,Italy,North Italy,IT-NO,150.14,204.71,68.51,59.8,entsoe.eu,false,
2024-09-09 12:00:00,Italy,North Italy,IT-NO,154.25,209.64,67.42,58.6,entsoe.eu,false,
2024-09-09 13:00:00,Italy,North Italy,IT-NO,152.25,206.79,67.7,57.71,entsoe.eu,false,
2024-09-09 14:00:00,Italy,North Italy,IT-NO,171.77,226.45,64.33,54.92,entsoe.eu,false,
2024-09-09 15:00:00,Italy,North Italy,IT-NO,179.15,233.99,62.88,52.33,entsoe.eu,false,
2024-09-09 16:00:00,Italy,North Italy,IT-NO,214.1,272.03,55.87,47.9,entsoe.eu,false,
2024-09-09 17:00:00,Italy,North Italy,IT-NO,240.7,289.45,54.24,48.41,entsoe.eu,false,
2024-09-09 18:00:00,Italy,North Italy,IT-NO,231.75,293.18,51.92,44.59,entsoe.eu,false,
2024-09-09 19:00:00,Italy,North Italy,IT-NO,223.76,284.93,53.69,44.28,entsoe.eu,false,
2024-09-09 20:00:00,Italy,North Italy,IT-NO,205.6,262.69,58.36,46.26,entsoe.eu,false,
2024-09-09 21:00:00,Italy,North Italy,IT-NO,185.47,239.03,62.34,48.99,entsoe.eu,false,
2024-09-09 22:00:00,Italy,North Italy,IT-NO,169.36,220.4,65.28,50.02,entsoe.eu,false,
2024-09-09 23:00:00,Italy,North Italy,IT-NO,148.3,194.15,70.17,51.6,entsoe.eu,false,
2024-09-10 00:00:00,Italy,North Italy,IT-NO,145.03,191.37,70.17,50.84,entsoe.eu,false,
2024-09-10 01:00:00,Italy,North Italy,IT-NO,146.49,193.62,69.68,50.85,entsoe.eu,false,
2024-09-10 02:00:00,Italy,North Italy,IT-NO,147.83,194.89,69.41,50.53,entsoe.eu,false,
2024-09-10 03:00:00,Italy,North Italy,IT-NO,157.06,203.14,68.23,50.55,entsoe.eu,false,
2024-09-10 04:00:00,Italy,North Italy,IT-NO,180.33,231.46,62.75,48.86,entsoe.eu,false,
2024-09-10 05:00:00,Italy,North Italy,IT-NO,202.59,252.2,59.68,49.84,entsoe.eu,false,
2024-09-10 06:00:00,Italy,North Italy,IT-NO,195.88,242.56,61.92,52.57,entsoe.eu,false,
2024-09-10 07:00:00,Italy,North Italy,IT-NO,172.55,225.41,64.12,53.66,entsoe.eu,false,
2024-09-10 08:00:00,Italy,North Italy,IT-NO,140.11,187.89,71.32,60.15,entsoe.eu,false,
2024-09-10 09:00:00,Italy,North Italy,IT-NO,133.21,181.2,72.88,63.88,entsoe.eu,false,
2024-09-10 10:00:00,Italy,North Italy,IT-NO,131.84,183.33,72.23,64.93,entsoe.eu,false,
2024-09-10 11:00:00,Italy,North Italy,IT-NO,129.42,180.34,72.73,64.69,entsoe.eu,false,
2024-09-10 12:00:00,Italy,North Italy,IT-NO,143.25,194.4,70.51,63.36,entsoe.eu,false,
2024-09-10 13:00:00,Italy,North Italy,IT-NO,137.34,185.44,72.42,62.78,entsoe.eu,false,
2024-09-10 14:00:00,Italy,North Italy,IT-NO,151.92,201.26,69.47,59.08,entsoe.eu,false,
2024-09-10 15:00:00,Italy,North Italy,IT-NO,184.37,239.42,62.13,52.07,entsoe.eu,false,
2024-09-10 16:00:00,Italy,North Italy,IT-NO,214.73,266.63,57.84,48.15,entsoe.eu,false,
2024-09-10 17:00:00,Italy,North Italy,IT-NO,232.18,279.43,56.45,48.69,entsoe.eu,false,
2024-09-10 18:00:00,Italy,North Italy,IT-NO,233.89,277.67,57.38,49.31,entsoe.eu,false,
2024-09-10 19:00:00,Italy,North Italy,IT-NO,221.34,275.47,56.18,45.81,entsoe.eu,false,
2024-09-10 20:00:00,Italy,North Italy,IT-NO,198.02,254.49,59.47,46.24,entsoe.eu,false,
2024-09-10 21:00:00,Italy,North Italy,IT-NO,190.7,245.67,60.75,46.82,entsoe.eu,false,
2024-09-10 22:00:00,Italy,North Italy,IT-NO,176.62,227.49,64.16,48.63,entsoe.eu,false,
2024-09-10 23:00:00,Italy,North Italy,IT-NO,169.54,222.85,64.62,47.78,entsoe.eu,false,
2024-09-11 00:00:00,Italy,North Italy,IT-NO,165.98,219.05,65.18,47.37,entsoe.eu,false,
2024-09-11 01:00:00,Italy,North Italy,IT-NO,164.58,218.8,65.06,46.9,entsoe.eu,false,
2024-09-11 02:00:00,Italy,North Italy,IT-NO,173.58,228.48,63.37,45.78,entsoe.eu,false,
2024-09-11 03:00:00,Italy,North Italy,IT-NO,186.51,244.37,60.32,44.76,entsoe.eu,false,
2024-09-11 04:00:00,Italy,North Italy,IT-NO,199.16,253.37,59.14,46.9,entsoe.eu,false,
2024-09-11 05:00:00,Italy,North Italy,IT-NO,207.89,259.58,58.94,48.08,entsoe.eu,false,
2024-09-11 06:00:00,Italy,North Italy,IT-NO,201.78,254.04,59.86,49.5,entsoe.eu,false,
2024-09-11 07:00:00,Italy,North Italy,IT-NO,184.25,239.9,61.91,51.25,entsoe.eu,false,
2024-09-11 08:00:00,Italy,North Italy,IT-NO,171.56,226.86,64.21,52.72,entsoe.eu,false,
2024-09-11 09:00:00,Italy,North Italy,IT-NO,163.39,216.7,66.37,54.73,entsoe.eu,false,
2024-09-11 10:00:00,Italy,North Italy,IT-NO,148.69,203.04,68.37,56.45,entsoe.eu,false,
2024-09-11 11:00:00,Italy,North Italy,IT-NO,150.13,204.76,68.1,56.21,entsoe.eu,false,
2024-09-11 12:00:00,Italy,North Italy,IT-NO,165.76,220.67,65.24,53.62,entsoe.eu,false,
2024-09-11 13:00:00,Italy,North Italy,IT-NO,175.55,231.53,62.88,51.21,entsoe.eu,false,
2024-09-11 14:00:00,Italy,North Italy,IT-NO,189.31,247.25,59.54,47.57,entsoe.eu,false,
2024-09-11 15:00:00,Italy,North Italy,IT-NO,208.69,270.37,55.19,43.92,entsoe.eu,false,
2024-09-11 16:00:00,Italy,North Italy,IT-NO,241.22,302.19,50.21,42.24,entsoe.eu,false,
2024-09-11 17:00:00,Italy,North Italy,IT-NO,249.44,304.41,50.61,43.78,entsoe.eu,false,
2024-09-11 18:00:00,Italy,North Italy,IT-NO,248.22,310.42,48.52,41.74,entsoe.eu,false,
2024-09-11 19:00:00,Italy,North Italy,IT-NO,238.09,300.46,50.65,41.73,entsoe.eu,false,
2024-09-11 20:00:00,Italy,North Italy,IT-NO,208.84,266.3,57.33,43.5,entsoe.eu,false,
2024-09-11 21:00:00,Italy,North Italy,IT-NO,189.06,242.86,61.35,45.79,entsoe.eu,false,
2024-09-11 22:00:00,Italy,North Italy,IT-NO,189.87,244.25,60.76,44.28,entsoe.eu,false,
2024-09-11 23:00:00,Italy,North Italy,IT-NO,189.71,244.63,60.57,42.99,entsoe.eu,false,
2024-09-12 00:00:00,Italy,North Italy,IT-NO,178.63,231.7,63.03,44.0,entsoe.eu,false,
2024-09-12 01:00:00,Italy,North Italy,IT-NO,176.33,235.37,61.62,42.34,entsoe.eu,false,
2024-09-12 02:00:00,Italy,North Italy,IT-NO,178.0,236.07,61.6,42.18,entsoe.eu,false,
2024-09-12 03:00:00,Italy,North Italy,IT-NO,196.28,252.28,59.28,42.33,entsoe.eu,false,
2024-09-12 04:00:00,Italy,North Italy,IT-NO,209.74,267.84,56.03,44.04,entsoe.eu,false,
2024-09-12 05:00:00,Italy,North Italy,IT-NO,221.73,278.66,54.75,44.72,entsoe.eu,false,
2024-09-12 06:00:00,Italy,North Italy,IT-NO,216.6,271.55,56.45,46.75,entsoe.eu,false,
2024-09-12 07:00:00,Italy,North Italy,IT-NO,213.89,271.67,56.25,47.44,entsoe.eu,false,
2024-09-12 08:00:00,Italy,North Italy,IT-NO,216.89,274.59,56.04,47.37,entsoe.eu,false,
2024-09-12 09:00:00,Italy,North Italy,IT-NO,217.68,278.33,54.98,46.48,entsoe.eu,false,
2024-09-12 10:00:00,Italy,North Italy,IT-NO,196.03,258.15,58.2,47.21,entsoe.eu,false,
2024-09-12 11:00:00,Italy,North Italy,IT-NO,184.07,244.8,60.57,49.08,entsoe.eu,false,
2024-09-12 12:00:00,Italy,North Italy,IT-NO,192.12,253.71,58.8,47.34,entsoe.eu,false,
2024-09-12 13:00:00,Italy,North Italy,IT-NO,204.02,265.27,56.94,46.17,entsoe.eu,false,
2024-09-12 14:00:00,Italy,North Italy,IT-NO,220.44,284.95,53.0,43.51,entsoe.eu,false,
2024-09-12 15:00:00,Italy,North Italy,IT-NO,222.26,285.12,53.15,44.59,entsoe.eu,false,
2024-09-12 16:00:00,Italy,North Italy,IT-NO,236.33,295.6,51.76,44.66,entsoe.eu,false,
2024-09-12 17:00:00,Italy,North Italy,IT-NO,241.21,299.29,51.27,44.92,entsoe.eu,false,
2024-09-12 18:00:00,Italy,North Italy,IT-NO,242.11,302.81,50.33,44.13,entsoe.eu,false,
2024-09-12 19:00:00,Italy,North Italy,IT-NO,233.96,297.06,51.04,43.28,entsoe.eu,false,
2024-09-12 20:00:00,Italy,North Italy,IT-NO,213.97,273.46,55.58,44.16,entsoe.eu,false,
2024-09-12 21:00:00,Italy,North Italy,IT-NO,198.3,253.64,59.28,47.19,entsoe.eu,false,
2024-09-12 22:00:00,Italy,North Italy,IT-NO,166.14,215.22,66.02,49.41,entsoe.eu,false,
2024-09-12 23:00:00,Italy,North Italy,IT-NO,150.17,202.37,67.8,48.54,entsoe.eu,false,
2024-09-13 00:00:00,Italy,North Italy,IT-NO,149.01,200.98,68.31,47.92,entsoe.eu,false,
2024-09-13 01:00:00,Italy,North Italy,IT-NO,146.46,198.29,68.59,47.88,entsoe.eu,false,
2024-09-13 02:00:00,Italy,North Italy,IT-NO,152.02,205.83,67.15,48.28,entsoe.eu,false,
2024-09-13 03:00:00,Italy,North Italy,IT-NO,153.48,206.85,66.82,46.67,entsoe.eu,false,
2024-09-13 04:00:00,Italy,North Italy,IT-NO,178.54,230.8,62.82,47.57,entsoe.eu,false,
2024-09-13 05:00:00,Italy,North Italy,IT-NO,185.49,225.66,65.58,53.29,entsoe.eu,false,
2024-09-13 06:00:00,Italy,North Italy,IT-NO,185.06,224.71,65.85,54.98,entsoe.eu,false,
2024-09-13 07:00:00,Italy,North Italy,IT-NO,170.34,218.16,65.73,55.74,entsoe.eu,false,
2024-09-13 08:00:00,Italy,North Italy,IT-NO,161.0,212.75,66.27,55.54,entsoe.eu,false,
2024-09-13 09:00:00,Italy,North Italy,IT-NO,155.49,207.52,67.35,57.36,entsoe.eu,false,
2024-09-13 10:00:00,Italy,North Italy,IT-NO,150.92,202.29,68.49,59.29,entsoe.eu,false,
2024-09-13 11:00:00,Italy,North Italy,IT-NO,146.23,196.33,69.75,60.59,entsoe.eu,false,
2024-09-13 12:00:00,Italy,North Italy,IT-NO,159.28,212.07,66.66,56.72,entsoe.eu,false,
2024-09-13 13:00:00,Italy,North Italy,IT-NO,155.83,211.39,66.45,54.81,entsoe.eu,false,
2024-09-13 14:00:00,Italy,North Italy,IT-NO,166.92,220.2,65.16,54.8,entsoe.eu,false,
2024-09-13 15:00:00,Italy,North Italy,IT-NO,184.75,239.73,61.95,49.55,entsoe.eu,false,
2024-09-13 16:00:00,Italy,North Italy,IT-NO,210.2,269.04,56.32,45.37,entsoe.eu,false,
2024-09-13 17:00:00,Italy,North Italy,IT-NO,213.52,268.89,56.74,46.69,entsoe.eu,false,
2024-09-13 18:00:00,Italy,North Italy,IT-NO,213.92,268.55,56.89,47.02,entsoe.eu,false,
2024-09-13 19:00:00,Italy,North Italy,IT-NO,209.56,267.54,56.81,45.79,entsoe.eu,false,
2024-09-13 20:00:00,Italy,North Italy,IT-NO,179.9,231.35,63.73,48.11,entsoe.eu,false,
2024-09-13 21:00:00,Italy,North Italy,IT-NO,167.41,216.71,66.21,49.11,entsoe.eu,false,
2024-09-13 22:00:00,Italy,North Italy,IT-NO,158.21,204.85,68.17,50.13,entsoe.eu,false,
2024-09-13 23:00:00,Italy,North Italy,IT-NO,144.45,188.62,71.29,52.18,entsoe.eu,false,
2024-09-14 00:00:00,Italy,North Italy,IT-NO,142.74,186.64,71.65,52.02,entsoe.eu,false,
2024-09-14 01:00:00,Italy,North Italy,IT-NO,138.61,181.66,72.52,51.73,entsoe.eu,false,
2024-09-14 02:00:00,Italy,North Italy,IT-NO,139.3,182.26,72.37,51.04,entsoe.eu,false,
2024-09-14 03:00:00,Italy,North Italy,IT-NO,143.18,187.24,70.98,50.17,entsoe.eu,false,
2024-09-14 04:00:00,Italy,North Italy,IT-NO,138.94,180.45,71.92,52.79,entsoe.eu,false,
2024-09-14 05:00:00,Italy,North Italy,IT-NO,134.62,173.28,73.48,54.98,entsoe.eu,false,
2024-09-14 06:00:00,Italy,North Italy,IT-NO,124.64,165.21,74.77,56.87,entsoe.eu,false,
2024-09-14 07:00:00,Italy,North Italy,IT-NO,112.34,156.28,76.66,59.16,entsoe.eu,false,
2024-09-14 08:00:00,Italy,North Italy,IT-NO,112.67,160.18,76.05,62.54,entsoe.eu,false,
2024-09-14 09:00:00,Italy,North Italy,IT-NO,116.38,166.27,74.55,64.5,entsoe.eu,false,
2024-09-14 10:00:00,Italy,North Italy,IT-NO,110.57,160.44,75.52,70.09,entsoe.eu,false,
2024-09-14 11:00:00,Italy,North Italy,IT-NO,101.95,150.46,77.6,74.02,entsoe.eu,false,
2024-09-14 12:00:00,Italy,North Italy,IT-NO,112.57,163.45,75.01,71.09,entsoe.eu,false,
2024-09-14 13:00:00,Italy,North Italy,IT-NO,120.98,172.79,73.12,66.42,entsoe.eu,false,
2024-09-14 14:00:00,Italy,North Italy,IT-NO,119.7,167.82,74.1,63.07,entsoe.eu,false,
2024-09-14 15:00:00,Italy,North Italy,IT-NO,134.53,181.32,71.82,57.16,entsoe.eu,false,
2024-09-14 16:00:00,Italy,North Italy,IT-NO,149.07,188.65,71.14,56.35,entsoe.eu,false,
2024-09-14 17:00:00,Italy,North Italy,IT-NO,155.57,192.62,70.6,56.19,entsoe.eu,false,
2024-09-14 18:00:00,Italy,North Italy,IT-NO,156.7,194.69,70.18,56.83,entsoe.eu,false,
2024-09-14 19:00:00,Italy,North Italy,IT-NO,147.5,184.73,71.94,56.16,entsoe.eu,false,
2024-09-14 20:00:00,Italy,North Italy,IT-NO,124.09,158.21,76.98,55.58,entsoe.eu,false,
2024-09-14 21:00:00,Italy,North Italy,IT-NO,130.29,166.21,75.5,53.59,entsoe.eu,false,
2024-09-14 22:00:00,Italy,North Italy,IT-NO,125.23,156.51,77.36,57.33,entsoe.eu,false,
2024-09-14 23:00:00,Italy,North Italy,IT-NO,119.21,151.78,78.19,57.07,entsoe.eu,false,
2024-09-15 00:00:00,Italy,North Italy,IT-NO,116.58,152.91,77.37,55.63,entsoe.eu,false,
2024-09-15 01:00:00,Italy,North Italy,IT-NO,116.81,156.19,76.47,54.32,entsoe.eu,false,
2024-09-15 02:00:00,Italy,North Italy,IT-NO,114.97,156.89,76.05,53.55,entsoe.eu,false,
2024-09-15 03:00:00,Italy,North Italy,IT-NO,121.82,161.08,75.81,53.96,entsoe.eu,false,
2024-09-15 04:00:00,Italy,North Italy,IT-NO,126.52,162.37,76.05,56.32,entsoe.eu,false,
2024-09-15 05:00:00,Italy,North Italy,IT-NO,128.73,161.52,76.76,58.44,entsoe.eu,false,
2024-09-15 06:00:00,Italy,North Italy,IT-NO,128.92,165.12,75.91,61.75,entsoe.eu,false,
2024-09-15 07:00:00,Italy,North Italy,IT-NO,109.95,152.07,77.88,68.82,entsoe.eu,false,
2024-09-15 08:00:00,Italy,North Italy,IT-NO,88.74,132.7,80.88,73.54,entsoe.eu,false,
2024-09-15 09:00:00,Italy,North Italy,IT-NO,85.92,131.08,80.92,75.79,entsoe.eu,false,
2024-09-15 10:00:00,Italy,North Italy,IT-NO,79.19,123.51,82.45,77.87,entsoe.eu,false,
2024-09-15 11:00:00,Italy,North Italy,IT-NO,89.03,135.84,80.33,77.37,entsoe.eu,false,
2024-09-15 12:00:00,Italy,North Italy,IT-NO,93.59,141.53,79.1,75.41,entsoe.eu,false,
2024-09-15 13:00:00,Italy,North Italy,IT-NO,101.74,151.31,76.8,71.66,entsoe.eu,false,
2024-09-15 14:00:00,Italy,North Italy,IT-NO,107.77,154.55,76.82,68.89,entsoe.eu,false,
2024-09-15 15:00:00,Italy,North Italy,IT-NO,153.59,195.54,71.06,61.45,entsoe.eu,false,
2024-09-15 16:00:00,Italy,North Italy,IT-NO,152.15,193.31,70.92,59.08,entsoe.eu,false,
2024-09-15 17:00:00,Italy,North Italy,IT-NO,152.68,188.87,72.02,58.2,entsoe.eu,false,
2024-09-15 18:00:00,Italy,North Italy,IT-NO,152.36,186.92,72.62,57.16,entsoe.eu,false,
2024-09-15 19:00:00,Italy,North Italy,IT-NO,146.93,183.45,72.96,56.5,entsoe.eu,false,
2024-09-15 20:00:00,Italy,North Italy,IT-NO,142.47,179.48,73.59,55.11,entsoe.eu,false,
2024-09-15 21:00:00,Italy,North Italy,IT-NO,141.54,183.48,72.35,52.65,entsoe.eu,false,
2024-09-15 22:00:00,Italy,North Italy,IT-NO,130.6,173.59,73.7,51.96,entsoe.eu,false,
2024-09-15 23:00:00,Italy,North Italy,IT-NO,125.1,171.66,73.32,48.98,entsoe.eu,false,
2024-09-16 00:00:00,Italy,North Italy,IT-NO,121.92,168.18,74.03,48.22,entsoe.eu,false,
2024-09-16 01:00:00,Italy,North Italy,IT-NO,124.8,171.89,73.35,47.92,entsoe.eu,false,
2024-09-16 02:00:00,Italy,North Italy,IT-NO,129.13,177.25,72.44,46.99,entsoe.eu,false,
2024-09-16 03:00:00,Italy,North Italy,IT-NO,149.41,202.52,67.1,45.22,entsoe.eu,false,
2024-09-16 04:00:00,Italy,North Italy,IT-NO,187.79,242.85,60.06,43.38,entsoe.eu,false,
2024-09-16 05:00:00,Italy,North Italy,IT-NO,210.47,261.41,57.64,45.2,entsoe.eu,false,
2024-09-16 06:00:00,Italy,North Italy,IT-NO,212.67,263.67,57.62,47.48,entsoe.eu,false,
2024-09-16 07:00:00,Italy,North Italy,IT-NO,197.83,254.56,58.51,48.53,entsoe.eu,false,
2024-09-16 08:00:00,Italy,North Italy,IT-NO,187.17,246.42,59.77,50.4,entsoe.eu,false,
2024-09-16 09:00:00,Italy,North Italy,IT-NO,169.79,229.17,62.75,52.54,entsoe.eu,false,
2024-09-16 10:00:00,Italy,North Italy,IT-NO,153.02,209.4,66.61,55.02,entsoe.eu,false,
2024-09-16 11:00:00,Italy,North Italy,IT-NO,149.31,205.25,67.27,54.73,entsoe.eu,false,
2024-09-16 12:00:00,Italy,North Italy,IT-NO,179.96,242.78,60.04,49.25,entsoe.eu,false,
2024-09-16 13:00:00,Italy,North Italy,IT-NO,205.65,273.38,54.04,44.78,entsoe.eu,false,
2024-09-16 14:00:00,Italy,North Italy,IT-NO,226.16,292.81,50.9,42.44,entsoe.eu,false,
2024-09-16 15:00:00,Italy,North Italy,IT-NO,248.82,314.92,47.68,39.73,entsoe.eu,false,
2024-09-16 16:00:00,Italy,North Italy,IT-NO,257.88,320.63,47.13,38.68,entsoe.eu,false,
2024-09-16 17:00:00,Italy,North Italy,IT-NO,252.71,312.02,48.75,39.96,entsoe.eu,false,
2024-09-16 18:00:00,Italy,North Italy,IT-NO,247.9,309.22,48.9,39.73,entsoe.eu,false,
2024-09-16 19:00:00,Italy,North Italy,IT-NO,228.56,289.24,52.69,40.85,entsoe.eu,false,
2024-09-16 20:00:00,Italy,North Italy,IT-NO,222.16,284.77,53.17,39.72,entsoe.eu,false,
2024-09-16 21:00:00,Italy,North Italy,IT-NO,209.64,272.36,55.11,40.31,entsoe.eu,false,
2024-09-16 22:00:00,Italy,North Italy,IT-NO,216.52,283.43,53.07,36.08,entsoe.eu,false,
2024-09-16 23:00:00,Italy,North Italy,IT-NO,202.99,266.94,56.25,36.93,entsoe.eu,false,
2024-09-17 00:00:00,Italy,North Italy,IT-NO,210.79,276.81,54.43,35.79,entsoe.eu,false,
2024-09-17 01:00:00,Italy,North Italy,IT-NO,214.15,281.27,53.5,35.38,entsoe.eu,false,
2024-09-17 02:00:00,Italy,North Italy,IT-NO,214.89,282.06,53.46,35.72,entsoe.eu,false,
2024-09-17 03:00:00,Italy,North Italy,IT-NO,216.71,283.97,52.78,36.35,entsoe.eu,false,
2024-09-17 04:00:00,Italy,North Italy,IT-NO,240.34,306.44,49.1,37.18,entsoe.eu,false,
2024-09-17 05:00:00,Italy,North Italy,IT-NO,242.79,303.6,49.98,40.04,entsoe.eu,false,
2024-09-17 06:00:00,Italy,North Italy,IT-NO,234.09,292.93,52.05,42.85,entsoe.eu,false,
2024-09-17 07:00:00,Italy,North Italy,IT-NO,226.47,290.83,51.66,42.63,entsoe.eu,false,
2024-09-17 08:00:00,Italy,North Italy,IT-NO,220.54,289.62,51.3,41.25,entsoe.eu,false,
2024-09-17 09:00:00,Italy,North Italy,IT-NO,211.98,280.92,52.78,42.38,entsoe.eu,false,
2024-09-17 10:00:00,Italy,North Italy,IT-NO,208.92,277.85,53.35,43.2,entsoe.eu,false,
2024-09-17 11:00:00,Italy,North Italy,IT-NO,208.46,277.63,53.22,43.12,entsoe.eu,false,
2024-09-17 12:00:00,Italy,North Italy,IT-NO,215.67,285.94,51.84,42.31,entsoe.eu,false,
2024-09-17 13:00:00,Italy,North Italy,IT-NO,214.3,284.13,52.12,43.1,entsoe.eu,false,
2024-09-17 14:00:00,Italy,North Italy,IT-NO,219.26,286.46,52.27,43.19,entsoe.eu,false,
2024-09-17 15:00:00,Italy,North Italy,IT-NO,233.66,300.8,50.17,41.46,entsoe.eu,false,
2024-09-17 16:00:00,Italy,North Italy,IT-NO,250.9,313.78,48.68,40.75,entsoe.eu,false,
2024-09-17 17:00:00,Italy,North Italy,IT-NO,254.34,316.55,48.34,40.42,entsoe.eu,false,
2024-09-17 18:00:00,Italy,North Italy,IT-NO,253.15,314.3,48.65,40.13,entsoe.eu,false,
2024-09-17 19:00:00,Italy,North Italy,IT-NO,253.56,324.12,46.01,34.97,entsoe.eu,false,
2024-09-17 20:00:00,Italy,North Italy,IT-NO,256.11,330.08,44.87,31.83,entsoe.eu,false,
2024-09-17 21:00:00,Italy,North Italy,IT-NO,237.61,307.93,48.4,34.03,entsoe.eu,false,
2024-09-17 22:00:00,Italy,North Italy,IT-NO,215.86,280.48,53.96,36.22,entsoe.eu,false,
2024-09-17 23:00:00,Italy,North Italy,IT-NO,207.9,271.87,55.57,36.17,entsoe.eu,false,
2024-09-18 00:00:00,Italy,North Italy,IT-NO,208.06,272.42,55.28,35.33,entsoe.eu,false,
2024-09-18 01:00:00,Italy,North Italy,IT-NO,215.39,281.26,53.93,34.73,entsoe.eu,false,
2024-09-18 02:00:00,Italy,North Italy,IT-NO,220.62,287.6,52.85,34.17,entsoe.eu,false,
2024-09-18 03:00:00,Italy,North Italy,IT-NO,225.72,294.89,50.98,34.02,entsoe.eu,false,
2024-09-18 04:00:00,Italy,North Italy,IT-NO,245.78,316.95,46.69,34.61,entsoe.eu,false,
2024-09-18 05:00:00,Italy,North Italy,IT-NO,252.24,315.02,48.2,39.16,entsoe.eu,false,
2024-09-18 06:00:00,Italy,North Italy,IT-NO,235.89,295.95,51.73,42.85,entsoe.eu,false,
2024-09-18 07:00:00,Italy,North Italy,IT-NO,227.02,292.02,51.97,43.11,entsoe.eu,false,
2024-09-18 08:00:00,Italy,North Italy,IT-NO,227.62,299.06,50.02,40.65,entsoe.eu,false,
2024-09-18 09:00:00,Italy,North Italy,IT-NO,221.09,292.14,51.05,41.8,entsoe.eu,false,
2024-09-18 10:00:00,Italy,North Italy,IT-NO,211.54,281.54,53.04,42.94,entsoe.eu,false,
2024-09-18 11:00:00,Italy,North Italy,IT-NO,208.81,278.52,53.39,42.87,entsoe.eu,false,
2024-09-18 12:00:00,Italy,North Italy,IT-NO,214.21,284.91,52.15,41.91,entsoe.eu,false,
2024-09-18 13:00:00,Italy,North Italy,IT-NO,218.0,288.91,51.4,41.3,entsoe.eu,false,
2024-09-18 14:00:00,Italy,North Italy,IT-NO,225.39,294.41,50.7,40.49,entsoe.eu,false,
2024-09-18 15:00:00,Italy,North Italy,IT-NO,240.28,309.92,48.2,38.33,entsoe.eu,false,
2024-09-18 16:00:00,Italy,North Italy,IT-NO,250.66,313.3,48.54,40.2,entsoe.eu,false,
2024-09-18 17:00:00,Italy,North Italy,IT-NO,249.29,309.46,49.53,40.92,entsoe.eu,false,
2024-09-18 18:00:00,Italy,North Italy,IT-NO,248.06,309.97,49.45,40.56,entsoe.eu,false,
2024-09-18 19:00:00,Italy,North Italy,IT-NO,266.78,340.21,43.24,33.64,entsoe.eu,false,
2024-09-18 20:00:00,Italy,North Italy,IT-NO,267.24,343.14,42.98,31.58,entsoe.eu,false,
2024-09-18 21:00:00,Italy,North Italy,IT-NO,259.58,334.63,44.0,32.64,entsoe.eu,false,
2024-09-18 22:00:00,Italy,North Italy,IT-NO,212.49,276.82,53.83,36.21,entsoe.eu,false,
2024-09-18 23:00:00,Italy,North Italy,IT-NO,205.47,268.91,54.98,35.37,entsoe.eu,false,
2024-09-19 00:00:00,Italy,North Italy,IT-NO,200.66,263.74,56.0,35.55,entsoe.eu,false,
2024-09-19 01:00:00,Italy,North Italy,IT-NO,196.79,259.33,56.78,35.76,entsoe.eu,false,
2024-09-19 02:00:00,Italy,North Italy,IT-NO,195.21,257.66,56.97,36.09,entsoe.eu,false,
2024-09-19 03:00:00,Italy,North Italy,IT-NO,200.46,264.06,55.61,36.43,entsoe.eu,false,
2024-09-19 04:00:00,Italy,North Italy,IT-NO,214.55,278.05,53.32,38.66,entsoe.eu,false,
2024-09-19 05:00:00,Italy,North Italy,IT-NO,222.39,277.58,54.51,43.7,entsoe.eu,false,
2024-09-19 06:00:00,Italy,North Italy,IT-NO,209.88,259.77,58.25,47.07,entsoe.eu,false,
2024-09-19 07:00:00,Italy,North Italy,IT-NO,204.97,259.72,57.69,46.22,entsoe.eu,false,
2024-09-19 08:00:00,Italy,North Italy,IT-NO,186.3,244.31,59.59,47.55,entsoe.eu,false,
2024-09-19 09:00:00,Italy,North Italy,IT-NO,175.63,234.44,61.13,48.97,entsoe.eu,false,
2024-09-19 10:00:00,Italy,North Italy,IT-NO,166.59,225.11,62.85,50.57,entsoe.eu,false,
2024-09-19 11:00:00,Italy,North Italy,IT-NO,171.27,230.95,61.88,50.58,entsoe.eu,false,
2024-09-19 12:00:00,Italy,North Italy,IT-NO,182.83,242.49,60.27,49.11,entsoe.eu,false,
2024-09-19 13:00:00,Italy,North Italy,IT-NO,189.92,250.15,58.87,47.62,entsoe.eu,false,
2024-09-19 14:00:00,Italy,North Italy,IT-NO,196.41,255.48,58.39,46.27,entsoe.eu,false,
2024-09-19 15:00:00,Italy,North Italy,IT-NO,212.16,274.38,55.2,43.31,entsoe.eu,false,
2024-09-19 16:00:00,Italy,North Italy,IT-NO,224.79,283.26,53.8,43.51,entsoe.eu,false,
2024-09-19 17:00:00,Italy,North Italy,IT-NO,225.88,282.18,53.99,44.21,entsoe.eu,false,
2024-09-19 18:00:00,Italy,North Italy,IT-NO,220.77,276.93,54.98,42.94,entsoe.eu,false,
2024-09-19 19:00:00,Italy,North Italy,IT-NO,224.85,285.57,53.34,38.67,entsoe.eu,false,
2024-09-19 20:00:00,Italy,North Italy,IT-NO,220.36,285.35,53.11,35.93,entsoe.eu,false,
2024-09-19 21:00:00,Italy,North Italy,IT-NO,210.44,273.17,55.16,37.1,entsoe.eu,false,
2024-09-19 22:00:00,Italy,North Italy,IT-NO,205.85,267.65,55.86,37.42,entsoe.eu,false,
2024-09-19 23:00:00,Italy,North Italy,IT-NO,209.38,272.19,55.22,35.7,entsoe.eu,false,
2024-09-20 00:00:00,Italy,North Italy,IT-NO,206.04,268.06,56.17,35.82,entsoe.eu,false,
2024-09-20 01:00:00,Italy,North Italy,IT-NO,202.49,263.73,57.01,36.11,entsoe.eu,false,
2024-09-20 02:00:00,Italy,North Italy,IT-NO,191.37,250.22,59.28,37.46,entsoe.eu,false,
2024-09-20 03:00:00,Italy,North Italy,IT-NO,191.96,252.52,58.35,37.97,entsoe.eu,false,
2024-09-20 04:00:00,Italy,North Italy,IT-NO,202.33,260.48,57.14,40.48,entsoe.eu,false,
2024-09-20 05:00:00,Italy,North Italy,IT-NO,206.28,250.96,60.54,48.44,entsoe.eu,false,
2024-09-20 06:00:00,Italy,North Italy,IT-NO,205.09,246.66,61.88,50.24,entsoe.eu,false,
2024-09-20 07:00:00,Italy,North Italy,IT-NO,191.99,242.86,61.23,49.97,entsoe.eu,false,
2024-09-20 08:00:00,Italy,North Italy,IT-NO,176.54,234.33,62.02,50.94,entsoe.eu,false,
2024-09-20 09:00:00,Italy,North Italy,IT-NO,171.96,230.66,62.98,52.41,entsoe.eu,false,
2024-09-20 10:00:00,Italy,North Italy,IT-NO,163.73,223.83,64.1,54.75,entsoe.eu,false,
2024-09-20 11:00:00,Italy,North Italy,IT-NO,159.36,218.76,65.17,55.61,entsoe.eu,false,
2024-09-20 12:00:00,Italy,North Italy,IT-NO,174.07,235.99,62.07,53.78,entsoe.eu,false,
2024-09-20 13:00:00,Italy,North Italy,IT-NO,196.52,261.42,57.09,49.25,entsoe.eu,false,
2024-09-20 14:00:00,Italy,North Italy,IT-NO,201.92,266.34,56.15,46.01,entsoe.eu,false,
2024-09-20 15:00:00,Italy,North Italy,IT-NO,215.28,280.27,53.5,41.39,entsoe.eu,false,
2024-09-20 16:00:00,Italy,North Italy,IT-NO,220.55,280.8,53.64,43.23,entsoe.eu,false,
2024-09-20 17:00:00,Italy,North Italy,IT-NO,225.13,276.19,55.65,45.99,entsoe.eu,false,
2024-09-20 18:00:00,Italy,North Italy,IT-NO,225.13,285.39,52.87,42.66,entsoe.eu,false,
2024-09-20 19:00:00,Italy,North Italy,IT-NO,239.75,306.55,48.56,37.65,entsoe.eu,false,
2024-09-20 20:00:00,Italy,North Italy,IT-NO,255.03,328.14,44.43,32.39,entsoe.eu,false,
2024-09-20 21:00:00,Italy,North Italy,IT-NO,242.34,313.78,46.71,34.3,entsoe.eu,false,
2024-09-20 22:00:00,Italy,North Italy,IT-NO,193.09,251.93,57.72,37.73,entsoe.eu,false,
2024-09-20 23:00:00,Italy,North Italy,IT-NO,184.81,244.77,58.69,37.0,entsoe.eu,false,
2024-09-21 00:00:00,Italy,North Italy,IT-NO,181.23,242.0,59.04,36.66,entsoe.eu,false,
2024-09-21 01:00:00,Italy,North Italy,IT-NO,180.71,242.35,58.95,36.42,entsoe.eu,false,
2024-09-21 02:00:00,Italy,North Italy,IT-NO,171.33,228.66,61.82,38.72,entsoe.eu,false,
2024-09-21 03:00:00,Italy,North Italy,IT-NO,164.74,221.06,63.04,40.01,entsoe.eu,false,
2024-09-21 04:00:00,Italy,North Italy,IT-NO,175.25,234.1,60.4,41.56,entsoe.eu,false,
2024-09-21 05:00:00,Italy,North Italy,IT-NO,194.98,246.04,59.83,46.37,entsoe.eu,false,
2024-09-21 06:00:00,Italy,North Italy,IT-NO,177.28,235.13,60.51,47.73,entsoe.eu,false,
2024-09-21 07:00:00,Italy,North Italy,IT-NO,167.05,225.83,62.54,50.83,entsoe.eu,false,
2024-09-21 08:00:00,Italy,North Italy,IT-NO,145.0,201.13,67.4,57.06,entsoe.eu,false,
2024-09-21 09:00:00,Italy,North Italy,IT-NO,115.22,166.23,74.27,65.87,entsoe.eu,false,
2024-09-21 10:00:00,Italy,North Italy,IT-NO,107.23,157.16,76.2,70.63,entsoe.eu,false,
2024-09-21 11:00:00,Italy,North Italy,IT-NO,113.09,164.61,74.76,70.39,entsoe.eu,false,
2024-09-21 12:00:00,Italy,North Italy,IT-NO,116.4,168.7,73.91,69.27,entsoe.eu,false,
2024-09-21 13:00:00,Italy,North Italy,IT-NO,118.16,169.84,73.78,65.58,entsoe.eu,false,
2024-09-21 14:00:00,Italy,North Italy,IT-NO,151.89,209.81,65.56,54.15,entsoe.eu,false,
2024-09-21 15:00:00,Italy,North Italy,IT-NO,181.75,241.27,59.52,47.84,entsoe.eu,false,
2024-09-21 16:00:00,Italy,North Italy,IT-NO,212.97,258.34,58.66,49.42,entsoe.eu,false,
2024-09-21 17:00:00,Italy,North Italy,IT-NO,217.77,255.12,60.37,51.18,entsoe.eu,false,
2024-09-21 18:00:00,Italy,North Italy,IT-NO,212.93,258.18,58.49,49.41,entsoe.eu,false,
2024-09-21 19:00:00,Italy,North Italy,IT-NO,189.77,245.8,58.79,44.86,entsoe.eu,false,
2024-09-21 20:00:00,Italy,North Italy,IT-NO,184.62,243.94,58.68,42.07,entsoe.eu,false,
2024-09-21 21:00:00,Italy,North Italy,IT-NO,190.69,251.02,57.4,41.78,entsoe.eu,false,
2024-09-21 22:00:00,Italy,North Italy,IT-NO,166.01,219.66,63.3,41.79,entsoe.eu,false,
2024-09-21 23:00:00,Italy,North Italy,IT-NO,151.73,204.17,66.05,42.2,entsoe.eu,false,
2024-09-22 00:00:00,Italy,North Italy,IT-NO,150.25,204.23,65.96,41.63,entsoe.eu,false,
2024-09-22 01:00:00,Italy,North Italy,IT-NO,147.17,200.98,66.37,41.57,entsoe.eu,false,
2024-09-22 02:00:00,Italy,North Italy,IT-NO,146.54,200.58,66.39,42.09,entsoe.eu,false,
2024-09-22 03:00:00,Italy,North Italy,IT-NO,148.7,202.8,66.02,42.23,entsoe.eu,false,
2024-09-22 04:00:00,Italy,North Italy,IT-NO,148.62,202.81,66.0,43.8,entsoe.eu,false,
2024-09-22 05:00:00,Italy,North Italy,IT-NO,135.46,186.99,69.2,48.55,entsoe.eu,false,
2024-09-22 06:00:00,Italy,North Italy,IT-NO,137.3,184.72,70.37,51.31,entsoe.eu,false,
2024-09-22 07:00:00,Italy,North Italy,IT-NO,138.58,187.82,70.26,55.71,entsoe.eu,false,
2024-09-22 08:00:00,Italy,North Italy,IT-NO,137.94,190.7,69.7,61.61,entsoe.eu,false,
2024-09-22 09:00:00,Italy,North Italy,IT-NO,135.04,188.96,69.82,64.35,entsoe.eu,false,
2024-09-22 10:00:00,Italy,North Italy,IT-NO,141.6,196.45,68.72,64.56,entsoe.eu,false,
2024-09-22 11:00:00,Italy,North Italy,IT-NO,135.23,191.73,69.28,65.19,entsoe.eu,false,
2024-09-22 12:00:00,Italy,North Italy,IT-NO,134.98,191.4,69.25,64.69,entsoe.eu,false,
2024-09-22 13:00:00,Italy,North Italy,IT-NO,142.71,200.16,67.26,60.28,entsoe.eu,false,
2024-09-22 14:00:00,Italy,North Italy,IT-NO,149.91,205.57,66.06,53.29,entsoe.eu,false,
2024-09-22 15:00:00,Italy,North Italy,IT-NO,166.48,220.56,63.68,50.4,entsoe.eu,false,
2024-09-22 16:00:00,Italy,North Italy,IT-NO,169.92,215.03,65.61,51.99,entsoe.eu,false,
2024-09-22 17:00:00,Italy,North Italy,IT-NO,180.42,214.85,67.22,53.85,entsoe.eu,false,
2024-09-22 18:00:00,Italy,North Italy,IT-NO,175.89,216.57,65.86,52.44,entsoe.eu,false,
2024-09-22 19:00:00,Italy,North Italy,IT-NO,168.12,218.02,64.06,48.05,entsoe.eu,false,
2024-09-22 20:00:00,Italy,North Italy,IT-NO,164.21,214.86,64.57,44.8,entsoe.eu,false,
2024-09-22 21:00:00,Italy,North Italy,IT-NO,160.71,213.03,64.58,41.97,entsoe.eu,false,
2024-09-22 22:00:00,Italy,North Italy,IT-NO,174.14,232.0,61.3,40.62,entsoe.eu,false,
2024-09-22 23:00:00,Italy,North Italy,IT-NO,172.93,233.55,60.71,39.19,entsoe.eu,false,
2024-09-23 00:00:00,Italy,North Italy,IT-NO,170.64,231.65,60.67,38.8,entsoe.eu,false,
2024-09-23 01:00:00,Italy,North Italy,IT-NO,174.53,236.41,59.7,38.33,entsoe.eu,false,
2024-09-23 02:00:00,Italy,North Italy,IT-NO,188.89,253.72,56.89,37.09,entsoe.eu,false,
2024-09-23 03:00:00,Italy,North Italy,IT-NO,211.03,280.4,51.83,35.02,entsoe.eu,false,
2024-09-23 04:00:00,Italy,North Italy,IT-NO,243.06,315.98,45.18,34.0,entsoe.eu,false,
2024-09-23 05:00:00,Italy,North Italy,IT-NO,259.01,324.74,44.72,37.56,entsoe.eu,false,
2024-09-23 06:00:00,Italy,North Italy,IT-NO,273.13,331.7,45.15,39.91,entsoe.eu,false,
2024-09-23 07:00:00,Italy,North Italy,IT-NO,266.27,327.1,46.04,40.38,entsoe.eu,false,
2024-09-23 08:00:00,Italy,North Italy,IT-NO,247.68,322.05,44.77,38.37,entsoe.eu,false,
2024-09-23 09:00:00,Italy,North Italy,IT-NO,241.73,316.28,45.78,39.65,entsoe.eu,false,
2024-09-23 10:00:00,Italy,North Italy,IT-NO,228.01,302.26,48.17,39.37,entsoe.eu,false,
2024-09-23 11:00:00,Italy,North Italy,IT-NO,219.2,291.33,50.03,39.45,entsoe.eu,false,
2024-09-23 12:00:00,Italy,North Italy,IT-NO,229.38,301.89,48.3,38.0,entsoe.eu,false,
2024-09-23 13:00:00,Italy,North Italy,IT-NO,241.06,314.39,46.11,36.41,entsoe.eu,false,
2024-09-23 14:00:00,Italy,North Italy,IT-NO,254.88,328.97,43.74,35.48,entsoe.eu,false,
2024-09-23 15:00:00,Italy,North Italy,IT-NO,254.56,326.22,44.28,35.43,entsoe.eu,false,
2024-09-23 16:00:00,Italy,North Italy,IT-NO,286.4,348.71,42.01,36.84,entsoe.eu,false,
2024-09-23 17:00:00,Italy,North Italy,IT-NO,286.29,347.19,42.41,37.41,entsoe.eu,false,
2024-09-23 18:00:00,Italy,North Italy,IT-NO,263.03,333.67,43.0,35.58,entsoe.eu,false,
2024-09-23 19:00:00,Italy,North Italy,IT-NO,248.86,321.42,44.7,33.86,entsoe.eu,false,
2024-09-23 20:00:00,Italy,North Italy,IT-NO,246.66,321.7,44.37,31.98,entsoe.eu,false,
2024-09-23 21:00:00,Italy,North Italy,IT-NO,252.57,328.7,43.25,31.01,entsoe.eu,false,
2024-09-23 22:00:00,Italy,North Italy,IT-NO,216.84,283.42,51.96,35.49,entsoe.eu,false,
2024-09-23 23:00:00,Italy,North Italy,IT-NO,208.12,274.25,53.69,35.89,entsoe.eu,false,
2024-09-24 00:00:00,Italy,North Italy,IT-NO,203.41,268.82,54.79,36.02,entsoe.eu,false,
2024-09-24 01:00:00,Italy,North Italy,IT-NO,179.96,239.57,60.49,39.82,entsoe.eu,false,
2024-09-24 02:00:00,Italy,North Italy,IT-NO,169.13,226.19,62.96,41.3,entsoe.eu,false,
2024-09-24 03:00:00,Italy,North Italy,IT-NO,191.14,253.23,57.82,38.5,entsoe.eu,false,
2024-09-24 04:00:00,Italy,North Italy,IT-NO,227.71,294.57,50.03,36.41,entsoe.eu,false,
2024-09-24 05:00:00,Italy,North Italy,IT-NO,252.82,316.2,46.96,38.25,entsoe.eu,false,
2024-09-24 06:00:00,Italy,North Italy,IT-NO,248.35,309.9,48.59,41.15,entsoe.eu,false,
2024-09-24 07:00:00,Italy,North Italy,IT-NO,216.4,282.63,52.69,44.62,entsoe.eu,false,
2024-09-24 08:00:00,Italy,North Italy,IT-NO,201.66,268.62,54.89,45.78,entsoe.eu,false,
2024-09-24 09:00:00,Italy,North Italy,IT-NO,193.31,259.07,56.7,48.33,entsoe.eu,false,
2024-09-24 10:00:00,Italy,North Italy,IT-NO,183.36,247.09,59.11,49.84,entsoe.eu,false,
2024-09-24 11:00:00,Italy,North Italy,IT-NO,178.56,240.87,60.37,50.47,entsoe.eu,false,
2024-09-24 12:00:00,Italy,North Italy,IT-NO,179.25,241.09,60.27,50.39,entsoe.eu,false,
2024-09-24 13:00:00,Italy,North Italy,IT-NO,186.82,250.22,58.3,47.21,entsoe.eu,false,
2024-09-24 14:00:00,Italy,North Italy,IT-NO,206.12,273.8,53.49,42.48,entsoe.eu,false,
2024-09-24 15:00:00,Italy,North Italy,IT-NO,234.03,306.7,47.16,36.26,entsoe.eu,false,
2024-09-24 16:00:00,Italy,North Italy,IT-NO,258.63,328.18,44.11,35.61,entsoe.eu,false,
2024-09-24 17:00:00,Italy,North Italy,IT-NO,267.79,327.32,45.91,38.38,entsoe.eu,false,
2024-09-24 18:00:00,Italy,North Italy,IT-NO,263.65,332.09,43.68,35.56,entsoe.eu,false,
2024-09-24 19:00:00,Italy,North Italy,IT-NO,251.99,324.53,44.28,32.7,entsoe.eu,false,
2024-09-24 20:00:00,Italy,North Italy,IT-NO,250.37,323.67,44.4,31.73,entsoe.eu,false,
2024-09-24 21:00:00,Italy,North Italy,IT-NO,232.54,303.18,48.05,33.21,entsoe.eu,false,
2024-09-24 22:00:00,Italy,North Italy,IT-NO,209.84,274.06,53.72,36.82,entsoe.eu,false,
2024-09-24 23:00:00,Italy,North Italy,IT-NO,197.37,261.31,56.09,37.25,entsoe.eu,false,
2024-09-25 00:00:00,Italy,North Italy,IT-NO,200.63,263.45,56.05,37.49,entsoe.eu,false,
2024-09-25 01:00:00,Italy,North Italy,IT-NO,188.52,248.56,58.59,38.76,entsoe.eu,false,
2024-09-25 02:00:00,Italy,North Italy,IT-NO,191.32,251.42,58.36,38.84,entsoe.eu,false,
2024-09-25 03:00:00,Italy,North Italy,IT-NO,201.5,265.54,55.37,37.01,entsoe.eu,false,
2024-09-25 04:00:00,Italy,North Italy,IT-NO,230.81,295.68,50.02,35.95,entsoe.eu,false,
2024-09-25 05:00:00,Italy,North Italy,IT-NO,248.32,315.25,46.2,36.52,entsoe.eu,false,
2024-09-25 06:00:00,Italy,North Italy,IT-NO,252.75,314.34,47.68,40.54,entsoe.eu,false,
2024-09-25 07:00:00,Italy,North Italy,IT-NO,223.93,287.13,51.98,43.92,entsoe.eu,false,
2024-09-25 08:00:00,Italy,North Italy,IT-NO,209.26,275.19,53.81,44.53,entsoe.eu,false,
2024-09-25 09:00:00,Italy,North Italy,IT-NO,195.27,260.52,56.36,47.16,entsoe.eu,false,
2024-09-25 10:00:00,Italy,North Italy,IT-NO,162.44,220.78,64.37,53.79,entsoe.eu,false,
2024-09-25 11:00:00,Italy,North Italy,IT-NO,151.33,207.34,66.68,55.04,entsoe.eu,false,
2024-09-25 12:00:00,Italy,North Italy,IT-NO,178.4,240.23,60.51,49.1,entsoe.eu,false,
2024-09-25 13:00:00,Italy,North Italy,IT-NO,207.8,274.67,53.74,43.86,entsoe.eu,false,
2024-09-25 14:00:00,Italy,North Italy,IT-NO,217.39,284.26,52.06,42.35,entsoe.eu,false,
2024-09-25 15:00:00,Italy,North Italy,IT-NO,243.86,315.5,46.01,37.02,entsoe.eu,false,
2024-09-25 16:00:00,Italy,North Italy,IT-NO,266.83,335.5,42.86,36.3,entsoe.eu,false,
2024-09-25 17:00:00,Italy,North Italy,IT-NO,277.16,332.73,45.45,40.07,entsoe.eu,false,
2024-09-25 18:00:00,Italy,North Italy,IT-NO,264.0,332.33,43.47,36.56,entsoe.eu,false,
2024-09-25 19:00:00,Italy,North Italy,IT-NO,258.84,330.44,43.62,34.48,entsoe.eu,false,
2024-09-25 20:00:00,Italy,North Italy,IT-NO,241.93,314.14,46.46,35.4,entsoe.eu,false,
2024-09-25 21:00:00,Italy,North Italy,IT-NO,243.39,315.92,46.26,35.32,entsoe.eu,false,
2024-09-25 22:00:00,Italy,North Italy,IT-NO,211.41,275.76,53.82,39.06,entsoe.eu,false,
2024-09-25 23:00:00,Italy,North Italy,IT-NO,191.77,251.19,58.62,42.03,entsoe.eu,false,
2024-09-26 00:00:00,Italy,North Italy,IT-NO,186.7,245.64,59.56,41.3,entsoe.eu,false,
2024-09-26 01:00:00,Italy,North Italy,IT-NO,178.72,236.44,60.95,42.71,entsoe.eu,false,
2024-09-26 02:00:00,Italy,North Italy,IT-NO,181.1,239.2,60.55,42.43,entsoe.eu,false,
2024-09-26 03:00:00,Italy,North Italy,IT-NO,198.71,261.99,56.2,40.08,entsoe.eu,false,
2024-09-26 04:00:00,Italy,North Italy,IT-NO,214.39,274.15,54.46,40.77,entsoe.eu,false,
2024-09-26 05:00:00,Italy,North Italy,IT-NO,230.58,289.03,52.29,41.34,entsoe.eu,false,
2024-09-26 06:00:00,Italy,North Italy,IT-NO,236.17,286.83,54.08,44.53,entsoe.eu,false,
2024-09-26 07:00:00,Italy,North Italy,IT-NO,221.92,279.68,54.08,44.31,entsoe.eu,false,
2024-09-26 08:00:00,Italy,North Italy,IT-NO,211.65,276.03,53.86,43.86,entsoe.eu,false,
2024-09-26 09:00:00,Italy,North Italy,IT-NO,206.78,271.87,54.54,44.97,entsoe.eu,false,
2024-09-26 10:00:00,Italy,North Italy,IT-NO,192.06,254.95,57.63,47.94,entsoe.eu,false,
2024-09-26 11:00:00,Italy,North Italy,IT-NO,187.07,249.87,58.52,48.67,entsoe.eu,false,
2024-09-26 12:00:00,Italy,North Italy,IT-NO,194.07,257.38,57.14,47.26,entsoe.eu,false,
2024-09-26 13:00:00,Italy,North Italy,IT-NO,201.19,266.24,55.33,45.6,entsoe.eu,false,
2024-09-26 14:00:00,Italy,North Italy,IT-NO,211.17,275.39,53.97,44.28,entsoe.eu,false,
2024-09-26 15:00:00,Italy,North Italy,IT-NO,220.31,285.04,52.15,42.68,entsoe.eu,false,
2024-09-26 16:00:00,Italy,North Italy,IT-NO,224.16,283.01,53.17,43.67,entsoe.eu,false,
2024-09-26 17:00:00,Italy,North Italy,IT-NO,234.48,281.73,55.35,46.17,entsoe.eu,false,
2024-09-26 18:00:00,Italy,North Italy,IT-NO,223.78,274.69,55.76,45.53,entsoe.eu,false,
2024-09-26 19:00:00,Italy,North Italy,IT-NO,209.48,268.09,55.89,43.28,entsoe.eu,false,
2024-09-26 20:00:00,Italy,North Italy,IT-NO,203.35,262.73,56.94,44.61,entsoe.eu,false,
2024-09-26 21:00:00,Italy,North Italy,IT-NO,174.31,228.16,63.35,48.38,entsoe.eu,false,
2024-09-26 22:00:00,Italy,North Italy,IT-NO,168.97,222.84,63.75,48.9,entsoe.eu,false,
2024-09-26 23:00:00,Italy,North Italy,IT-NO,145.7,196.12,68.79,50.69,entsoe.eu,false,
2024-09-27 00:00:00,Italy,North Italy,IT-NO,134.79,184.21,70.63,51.75,entsoe.eu,false,
2024-09-27 01:00:00,Italy,North Italy,IT-NO,127.16,174.59,72.32,51.66,entsoe.eu,false,
2024-09-27 02:00:00,Italy,North Italy,IT-NO,135.68,184.55,70.89,50.65,entsoe.eu,false,
2024-09-27 03:00:00,Italy,North Italy,IT-NO,161.5,215.49,65.02,48.05,entsoe.eu,false,
2024-09-27 04:00:00,Italy,North Italy,IT-NO,198.29,246.54,60.61,47.65,entsoe.eu,false,
2024-09-27 05:00:00,Italy,North Italy,IT-NO,234.36,283.41,54.62,45.82,entsoe.eu,false,
2024-09-27 06:00:00,Italy,North Italy,IT-NO,228.67,280.84,54.58,46.45,entsoe.eu,false,
2024-09-27 07:00:00,Italy,North Italy,IT-NO,206.76,259.77,57.87,50.14,entsoe.eu,false,
2024-09-27 08:00:00,Italy,North Italy,IT-NO,193.85,251.23,58.84,51.25,entsoe.eu,false,
2024-09-27 09:00:00,Italy,North Italy,IT-NO,175.49,234.26,61.59,54.25,entsoe.eu,false,
2024-09-27 10:00:00,Italy,North Italy,IT-NO,144.8,199.61,68.06,59.79,entsoe.eu,false,
2024-09-27 11:00:00,Italy,North Italy,IT-NO,141.62,195.57,68.68,59.42,entsoe.eu,false,
2024-09-27 12:00:00,Italy,North Italy,IT-NO,159.87,217.7,64.69,55.12,entsoe.eu,false,
2024-09-27 13:00:00,Italy,North Italy,IT-NO,175.46,236.5,61.09,51.75,entsoe.eu,false,
2024-09-27 14:00:00,Italy,North Italy,IT-NO,187.39,248.39,58.91,49.42,entsoe.eu,false,
2024-09-27 15:00:00,Italy,North Italy,IT-NO,209.57,270.5,54.98,45.75,entsoe.eu,false,
2024-09-27 16:00:00,Italy,North Italy,IT-NO,225.65,285.62,52.41,43.55,entsoe.eu,false,
2024-09-27 17:00:00,Italy,North Italy,IT-NO,241.3,290.07,53.65,46.23,entsoe.eu,false,
2024-09-27 18:00:00,Italy,North Italy,IT-NO,228.86,289.14,52.03,43.4,entsoe.eu,false,
2024-09-27 19:00:00,Italy,North Italy,IT-NO,223.55,284.48,52.76,42.26,entsoe.eu,false,
2024-09-27 20:00:00,Italy,North Italy,IT-NO,197.41,256.78,57.68,45.18,entsoe.eu,false,
2024-09-27 21:00:00,Italy,North Italy,IT-NO,176.32,232.81,62.06,49.07,entsoe.eu,false,
2024-09-27 22:00:00,Italy,North Italy,IT-NO,163.12,208.64,67.3,54.6,entsoe.eu,false,
2024-09-27 23:00:00,Italy,North Italy,IT-NO,160.58,206.65,67.67,54.89,entsoe.eu,false,
2024-09-28 00:00:00,Italy,North Italy,IT-NO,150.74,196.64,69.47,55.44,entsoe.eu,false,
2024-09-28 01:00:00,Italy,North Italy,IT-NO,143.03,188.45,70.99,56.32,entsoe.eu,false,
2024-09-28 02:00:00,Italy,North Italy,IT-NO,147.46,193.02,70.27,55.68,entsoe.eu,false,
2024-09-28 03:00:00,Italy,North Italy,IT-NO,146.89,189.54,71.22,56.49,entsoe.eu,false,
2024-09-28 04:00:00,Italy,North Italy,IT-NO,154.96,197.23,69.81,55.62,entsoe.eu,false,
2024-09-28 05:00:00,Italy,North Italy,IT-NO,146.52,185.89,71.71,57.06,entsoe.eu,false,
2024-09-28 06:00:00,Italy,North Italy,IT-NO,151.15,187.0,72.29,61.75,entsoe.eu,false,
2024-09-28 07:00:00,Italy,North Italy,IT-NO,125.18,165.24,75.87,65.67,entsoe.eu,false,
2024-09-28 08:00:00,Italy,North Italy,IT-NO,89.58,131.96,81.11,70.44,entsoe.eu,false,
2024-09-28 09:00:00,Italy,North Italy,IT-NO,100.45,146.57,78.3,71.24,entsoe.eu,false,
2024-09-28 10:00:00,Italy,North Italy,IT-NO,99.78,146.58,78.38,74.61,entsoe.eu,false,
2024-09-28 11:00:00,Italy,North Italy,IT-NO,95.1,141.75,79.11,76.39,entsoe.eu,false,
2024-09-28 12:00:00,Italy,North Italy,IT-NO,94.86,141.51,79.18,76.55,entsoe.eu,false,
2024-09-28 13:00:00,Italy,North Italy,IT-NO,111.03,160.01,76.04,71.85,entsoe.eu,false,
2024-09-28 14:00:00,Italy,North Italy,IT-NO,123.48,173.84,73.11,65.52,entsoe.eu,false,
2024-09-28 15:00:00,Italy,North Italy,IT-NO,144.6,189.16,71.46,60.1,entsoe.eu,false,
2024-09-28 16:00:00,Italy,North Italy,IT-NO,157.86,188.01,73.51,60.94,entsoe.eu,false,
2024-09-28 17:00:00,Italy,North Italy,IT-NO,176.11,197.3,73.39,62.59,entsoe.eu,false,
2024-09-28 18:00:00,Italy,North Italy,IT-NO,165.97,193.9,72.97,61.95,entsoe.eu,false,
2024-09-28 19:00:00,Italy,North Italy,IT-NO,145.33,179.42,74.32,60.66,entsoe.eu,false,
2024-09-28 20:00:00,Italy,North Italy,IT-NO,142.66,183.11,72.64,57.59,entsoe.eu,false,
2024-09-28 21:00:00,Italy,North Italy,IT-NO,138.84,181.18,72.89,57.71,entsoe.eu,false,
2024-09-28 22:00:00,Italy,North Italy,IT-NO,135.24,173.82,74.2,57.82,entsoe.eu,false,
2024-09-28 23:00:00,Italy,North Italy,IT-NO,124.29,160.07,76.91,59.05,entsoe.eu,false,
2024-09-29 00:00:00,Italy,North Italy,IT-NO,117.07,153.46,78.02,59.59,entsoe.eu,false,
2024-09-29 01:00:00,Italy,North Italy,IT-NO,115.19,152.17,78.01,58.47,entsoe.eu,false,
2024-09-29 02:00:00,Italy,North Italy,IT-NO,107.7,143.48,79.47,59.76,entsoe.eu,false,
2024-09-29 03:00:00,Italy,North Italy,IT-NO,96.47,131.3,81.59,61.53,entsoe.eu,false,
2024-09-29 04:00:00,Italy,North Italy,IT-NO,102.65,137.7,80.4,61.79,entsoe.eu,false,
2024-09-29 05:00:00,Italy,North Italy,IT-NO,104.21,142.22,79.89,64.03,entsoe.eu,false,
2024-09-29 06:00:00,Italy,North Italy,IT-NO,97.92,141.07,79.56,69.1,entsoe.eu,false,
2024-09-29 07:00:00,Italy,North Italy,IT-NO,83.1,124.82,82.76,75.09,entsoe.eu,false,
2024-09-29 08:00:00,Italy,North Italy,IT-NO,70.46,111.03,85.34,79.78,entsoe.eu,false,
2024-09-29 09:00:00,Italy,North Italy,IT-NO,72.16,113.94,84.73,80.88,entsoe.eu,false,
2024-09-29 10:00:00,Italy,North Italy,IT-NO,68.2,109.45,85.55,84.34,entsoe.eu,false,
2024-09-29 11:00:00,Italy,North Italy,IT-NO,59.25,99.04,87.62,86.79,entsoe.eu,false,
2024-09-29 12:00:00,Italy,North Italy,IT-NO,71.25,113.47,84.69,82.81,entsoe.eu,false,
2024-09-29 13:00:00,Italy,North Italy,IT-NO,82.25,126.43,82.4,79.05,entsoe.eu,false,
2024-09-29 14:00:00,Italy,North Italy,IT-NO,96.16,141.76,79.87,75.54,entsoe.eu,false,
2024-09-29 15:00:00,Italy,North Italy,IT-NO,127.17,171.01,75.34,69.55,entsoe.eu,false,
2024-09-29 16:00:00,Italy,North Italy,IT-NO,151.6,186.61,73.36,63.66,entsoe.eu,false,
2024-09-29 17:00:00,Italy,North Italy,IT-NO,155.79,181.2,75.24,64.46,entsoe.eu,false,
2024-09-29 18:00:00,Italy,North Italy,IT-NO,151.12,174.72,76.68,64.78,entsoe.eu,false,
2024-09-29 19:00:00,Italy,North Italy,IT-NO,146.04,170.55,77.05,62.76,entsoe.eu,false,
2024-09-29 20:00:00,Italy,North Italy,IT-NO,141.52,172.26,75.61,60.67,entsoe.eu,false,
2024-09-29 21:00:00,Italy,North Italy,IT-NO,128.78,164.4,76.51,58.01,entsoe.eu,false,
2024-09-29 22:00:00,Italy,North Italy,IT-NO,122.92,158.25,77.43,57.95,entsoe.eu,false,
2024-09-29 23:00:00,Italy,North Italy,IT-NO,122.92,158.02,77.71,58.56,entsoe.eu,false,
2024-09-30 00:00:00,Italy,North Italy,IT-NO,115.27,154.76,77.57,57.1,entsoe.eu,false,
2024-09-30 01:00:00,Italy,North Italy,IT-NO,115.32,155.1,77.46,56.88,entsoe.eu,false,
2024-09-30 02:00:00,Italy,North Italy,IT-NO,121.32,163.02,75.81,55.3,entsoe.eu,false,
2024-09-30 03:00:00,Italy,North Italy,IT-NO,140.53,189.27,70.18,50.57,entsoe.eu,false,
2024-09-30 04:00:00,Italy,North Italy,IT-NO,180.05,233.64,61.7,47.65,entsoe.eu,false,
2024-09-30 05:00:00,Italy,North Italy,IT-NO,208.81,259.38,58.21,47.71,entsoe.eu,false,
2024-09-30 06:00:00,Italy,North Italy,IT-NO,220.65,262.81,59.2,50.33,entsoe.eu,false,
2024-09-30 07:00:00,Italy,North Italy,IT-NO,197.47,250.22,59.78,50.19,entsoe.eu,false,
2024-09-30 08:00:00,Italy,North Italy,IT-NO,166.31,217.95,65.45,55.71,entsoe.eu,false,
2024-09-30 09:00:00,Italy,North Italy,IT-NO,143.47,196.09,69.2,58.81,entsoe.eu,false,
2024-09-30 10:00:00,Italy,North Italy,IT-NO,112.64,161.13,75.53,64.61,entsoe.eu,false,
2024-09-30 11:00:00,Italy,North Italy,IT-NO,118.22,168.14,74.11,63.22,entsoe.eu,false,
2024-09-30 12:00:00,Italy,North Italy,IT-NO,127.59,178.9,72.38,61.45,entsoe.eu,false,
2024-09-30 13:00:00,Italy,North Italy,IT-NO,155.13,209.27,66.99,57.63,entsoe.eu,false,
2024-09-30 14:00:00,Italy,North Italy,IT-NO,176.27,231.6,62.83,52.19,entsoe.eu,false,
2024-09-30 15:00:00,Italy,North Italy,IT-NO,211.65,273.68,54.37,43.97,entsoe.eu,false,
2024-09-30 16:00:00,Italy,North Italy,IT-NO,232.67,281.64,54.82,45.54,entsoe.eu,false,
2024-09-30 17:00:00,Italy,North Italy,IT-NO,237.61,279.76,56.19,47.29,entsoe.eu,false,
2024-09-30 18:00:00,Italy,North Italy,IT-NO,229.07,277.38,55.69,45.62,entsoe.eu,false,
2024-09-30 19:00:00,Italy,North Italy,IT-NO,212.76,270.5,55.25,42.94,entsoe.eu,false,
2024-09-30 20:00:00,Italy,North Italy,IT-NO,217.11,275.5,54.72,42.29,entsoe.eu,false,
2024-09-30 21:00:00,Italy,North Italy,IT-NO,199.59,257.48,57.74,43.42,entsoe.eu,false,
2024-09-30 22:00:00,Italy,North Italy,IT-NO,179.82,236.77,61.39,44.88,entsoe.eu,false,
2024-09-30 23:00:00,Italy,North Italy,IT-NO,168.61,223.08,64.2,45.92,entsoe.eu,false,
2024-10-01 00:00:00,Italy,North Italy,IT-NO,165.05,222.54,63.7,45.21,entsoe.eu,false,
2024-10-01 01:00:00,Italy,North Italy,IT-NO,162.99,220.32,63.93,44.83,entsoe.eu,false,
2024-10-01 02:00:00,Italy,North Italy,IT-NO,167.62,221.86,64.37,45.71,entsoe.eu,false,
2024-10-01 03:00:00,Italy,North Italy,IT-NO,182.94,242.18,60.28,43.0,entsoe.eu,false,
2024-10-01 04:00:00,Italy,North Italy,IT-NO,205.43,264.62,56.17,42.06,entsoe.eu,false,
2024-10-01 05:00:00,Italy,North Italy,IT-NO,230.1,281.45,54.67,44.29,entsoe.eu,false,
2024-10-01 06:00:00,Italy,North Italy,IT-NO,227.53,278.89,55.31,45.7,entsoe.eu,false,
2024-10-01 07:00:00,Italy,North Italy,IT-NO,222.8,274.8,56.04,47.11,entsoe.eu,false,
2024-10-01 08:00:00,Italy,North Italy,IT-NO,209.53,271.24,55.13,45.59,entsoe.eu,false,
2024-10-01 09:00:00,Italy,North Italy,IT-NO,201.68,266.55,55.46,46.07,entsoe.eu,false,
2024-10-01 10:00:00,Italy,North Italy,IT-NO,186.31,250.19,58.58,48.25,entsoe.eu,false,
2024-10-01 11:00:00,Italy,North Italy,IT-NO,183.02,246.0,59.3,47.95,entsoe.eu,false,
2024-10-01 12:00:00,Italy,North Italy,IT-NO,196.75,261.1,56.54,45.16,entsoe.eu,false,
2024-10-01 13:00:00,Italy,North Italy,IT-NO,200.11,263.66,56.15,44.24,entsoe.eu,false,
2024-10-01 14:00:00,Italy,North Italy,IT-NO,201.47,262.43,56.64,44.38,entsoe.eu,false,
2024-10-01 15:00:00,Italy,North Italy,IT-NO,224.88,289.34,51.33,40.92,entsoe.eu,false,
2024-10-01 16:00:00,Italy,North Italy,IT-NO,244.06,300.23,50.77,42.29,entsoe.eu,false,
2024-10-01 17:00:00,Italy,North Italy,IT-NO,253.32,306.83,50.15,42.62,entsoe.eu,false,
2024-10-01 18:00:00,Italy,North Italy,IT-NO,242.51,308.14,48.27,40.27,entsoe.eu,false,
2024-10-01 19:00:00,Italy,North Italy,IT-NO,227.26,290.87,51.61,41.41,entsoe.eu,false,
2024-10-01 20:00:00,Italy,North Italy,IT-NO,202.33,258.56,58.14,45.01,entsoe.eu,false,
2024-10-01 21:00:00,Italy,North Italy,IT-NO,201.03,256.98,58.72,45.62,entsoe.eu,false,
2024-10-01 22:00:00,Italy,North Italy,IT-NO,190.75,246.91,60.15,44.79,entsoe.eu,false,
2024-10-01 23:00:00,Italy,North Italy,IT-NO,182.15,237.16,61.84,45.11,entsoe.eu,false,
2024-10-02 00:00:00,Italy,North Italy,IT-NO,183.1,240.65,60.97,43.81,entsoe.eu,false,
2024-10-02 01:00:00,Italy,North Italy,IT-NO,170.64,227.77,62.9,44.32,entsoe.eu,false,
2024-10-02 02:00:00,Italy,North Italy,IT-NO,175.22,233.89,61.74,43.24,entsoe.eu,false,
2024-10-02 03:00:00,Italy,North Italy,IT-NO,190.32,253.22,57.74,41.1,entsoe.eu,false,
2024-10-02 04:00:00,Italy,North Italy,IT-NO,219.78,288.27,50.85,38.46,entsoe.eu,false,
2024-10-02 05:00:00,Italy,North Italy,IT-NO,235.75,299.27,49.64,40.04,entsoe.eu,false,
2024-10-02 06:00:00,Italy,North Italy,IT-NO,247.99,307.38,49.3,42.61,entsoe.eu,false,
2024-10-02 07:00:00,Italy,North Italy,IT-NO,236.38,302.15,49.28,43.12,entsoe.eu,false,
2024-10-02 08:00:00,Italy,North Italy,IT-NO,223.54,288.08,51.86,45.85,entsoe.eu,false,
2024-10-02 09:00:00,Italy,North Italy,IT-NO,214.41,280.42,53.08,46.92,entsoe.eu,false,
2024-10-02 10:00:00,Italy,North Italy,IT-NO,199.27,264.15,56.16,49.32,entsoe.eu,false,
2024-10-02 11:00:00,Italy,North Italy,IT-NO,200.35,265.91,55.78,48.25,entsoe.eu,false,
2024-10-02 12:00:00,Italy,North Italy,IT-NO,203.06,268.72,55.3,47.92,entsoe.eu,false,
2024-10-02 13:00:00,Italy,North Italy,IT-NO,208.03,272.39,54.77,46.99,entsoe.eu,false,
2024-10-02 14:00:00,Italy,North Italy,IT-NO,219.44,285.63,52.1,42.23,entsoe.eu,false,
2024-10-02 15:00:00,Italy,North Italy,IT-NO,235.89,301.87,49.43,40.33,entsoe.eu,false,
2024-10-02 16:00:00,Italy,North Italy,IT-NO,247.59,311.8,47.86,39.85,entsoe.eu,false,
2024-10-02 17:00:00,Italy,North Italy,IT-NO,253.24,310.41,49.16,41.69,entsoe.eu,false,
2024-10-02 18:00:00,Italy,North Italy,IT-NO,246.13,312.76,47.44,39.41,entsoe.eu,false,
2024-10-02 19:00:00,Italy,North Italy,IT-NO,231.3,298.54,49.56,38.77,entsoe.eu,false,
2024-10-02 20:00:00,Italy,North Italy,IT-NO,197.68,254.99,58.58,44.3,entsoe.eu,false,
2024-10-02 21:00:00,Italy,North Italy,IT-NO,171.17,220.47,65.9,49.92,entsoe.eu,false,
2024-10-02 22:00:00,Italy,North Italy,IT-NO,186.66,238.14,62.83,46.42,entsoe.eu,false,
2024-10-02 23:00:00,Italy,North Italy,IT-NO,172.3,225.21,64.57,46.68,entsoe.eu,false,
2024-10-03 00:00:00,Italy,North Italy,IT-NO,170.29,223.35,64.84,46.6,entsoe.eu,false,
2024-10-03 01:00:00,Italy,North Italy,IT-NO,170.69,225.9,64.02,46.37,entsoe.eu,false,
2024-10-03 02:00:00,Italy,North Italy,IT-NO,172.56,230.32,62.8,45.04,entsoe.eu,false,
2024-10-03 03:00:00,Italy,North Italy,IT-NO,189.67,251.11,58.97,43.18,entsoe.eu,false,
2024-10-03 04:00:00,Italy,North Italy,IT-NO,220.69,283.43,53.17,41.15,entsoe.eu,false,
2024-10-03 05:00:00,Italy,North Italy,IT-NO,235.59,299.07,50.32,40.33,entsoe.eu,false,
2024-10-03 06:00:00,Italy,North Italy,IT-NO,247.29,303.96,50.43,41.61,entsoe.eu,false,
2024-10-03 07:00:00,Italy,North Italy,IT-NO,243.47,305.61,49.32,40.55,entsoe.eu,false,
2024-10-03 08:00:00,Italy,North Italy,IT-NO,241.37,306.48,48.6,39.26,entsoe.eu,false,
2024-10-03 09:00:00,Italy,North Italy,IT-NO,243.36,301.59,50.47,41.32,entsoe.eu,false,
2024-10-03 10:00:00,Italy,North Italy,IT-NO,231.29,299.05,49.46,39.8,entsoe.eu,false,
2024-10-03 11:00:00,Italy,North Italy,IT-NO,228.51,297.02,49.61,39.6,entsoe.eu,false,
2024-10-03 12:00:00,Italy,North Italy,IT-NO,228.04,296.33,49.55,39.88,entsoe.eu,false,
2024-10-03 13:00:00,Italy,North Italy,IT-NO,224.28,290.47,50.97,40.68,entsoe.eu,false,
2024-10-03 14:00:00,Italy,North Italy,IT-NO,223.98,289.79,51.17,40.68,entsoe.eu,false,
2024-10-03 15:00:00,Italy,North Italy,IT-NO,243.31,311.07,47.36,39.05,entsoe.eu,false,
2024-10-03 16:00:00,Italy,North Italy,IT-NO,247.38,314.22,46.87,39.3,entsoe.eu,false,
2024-10-03 17:00:00,Italy,North Italy,IT-NO,239.96,302.09,49.52,41.75,entsoe.eu,false,
2024-10-03 18:00:00,Italy,North Italy,IT-NO,230.3,294.76,50.74,42.14,entsoe.eu,false,
2024-10-03 19:00:00,Italy,North Italy,IT-NO,222.54,284.78,53.13,42.09,entsoe.eu,false,
2024-10-03 20:00:00,Italy,North Italy,IT-NO,208.23,267.62,56.63,43.68,entsoe.eu,false,
2024-10-03 21:00:00,Italy,North Italy,IT-NO,180.64,232.4,64.15,49.55,entsoe.eu,false,
2024-10-03 22:00:00,Italy,North Italy,IT-NO,166.09,218.86,66.13,50.17,entsoe.eu,false,
2024-10-03 23:00:00,Italy,North Italy,IT-NO,151.47,203.11,68.78,51.59,entsoe.eu,false,
2024-10-04 00:00:00,Italy,North Italy,IT-NO,151.18,203.37,68.48,51.29,entsoe.eu,false,
2024-10-04 01:00:00,Italy,North Italy,IT-NO,141.99,192.16,70.26,51.88,entsoe.eu,false,
2024-10-04 02:00:00,Italy,North Italy,IT-NO,142.11,192.17,70.45,51.29,entsoe.eu,false,
2024-10-04 03:00:00,Italy,North Italy,IT-NO,149.85,201.76,68.22,49.0,entsoe.eu,false,
2024-10-04 04:00:00,Italy,North Italy,IT-NO,186.51,242.47,60.52,46.77,entsoe.eu,false,
2024-10-04 05:00:00,Italy,North Italy,IT-NO,218.79,275.81,54.78,45.27,entsoe.eu,false,
2024-10-04 06:00:00,Italy,North Italy,IT-NO,228.15,276.95,56.0,48.04,entsoe.eu,false,
2024-10-04 07:00:00,Italy,North Italy,IT-NO,210.83,264.62,57.34,49.12,entsoe.eu,false,
2024-10-04 08:00:00,Italy,North Italy,IT-NO,187.66,244.99,59.78,50.43,entsoe.eu,false,
2024-10-04 09:00:00,Italy,North Italy,IT-NO,174.78,231.24,62.49,52.37,entsoe.eu,false,
2024-10-04 10:00:00,Italy,North Italy,IT-NO,162.93,220.28,64.36,52.56,entsoe.eu,false,
2024-10-04 11:00:00,Italy,North Italy,IT-NO,172.57,232.15,62.09,50.82,entsoe.eu,false,
2024-10-04 12:00:00,Italy,North Italy,IT-NO,185.97,245.47,59.85,49.47,entsoe.eu,false,
2024-10-04 13:00:00,Italy,North Italy,IT-NO,204.37,267.86,55.34,46.8,entsoe.eu,false,
2024-10-04 14:00:00,Italy,North Italy,IT-NO,208.19,271.3,54.73,45.36,entsoe.eu,false,
2024-10-04 15:00:00,Italy,North Italy,IT-NO,199.99,258.71,57.39,46.08,entsoe.eu,false,
2024-10-04 16:00:00,Italy,North Italy,IT-NO,216.15,273.32,55.05,44.83,entsoe.eu,false,
2024-10-04 17:00:00,Italy,North Italy,IT-NO,221.72,274.61,55.56,46.34,entsoe.eu,false,
2024-10-04 18:00:00,Italy,North Italy,IT-NO,218.27,274.59,55.17,45.86,entsoe.eu,false,
2024-10-04 19:00:00,Italy,North Italy,IT-NO,204.29,261.4,57.33,45.61,entsoe.eu,false,
2024-10-04 20:00:00,Italy,North Italy,IT-NO,186.45,242.8,60.51,47.06,entsoe.eu,false,
2024-10-04 21:00:00,Italy,North Italy,IT-NO,180.41,234.31,62.63,49.05,entsoe.eu,false,
2024-10-04 22:00:00,Italy,North Italy,IT-NO,164.76,213.08,66.65,52.62,entsoe.eu,false,
2024-10-04 23:00:00,Italy,North Italy,IT-NO,165.6,213.63,66.72,52.09,entsoe.eu,false,
2024-10-05 00:00:00,Italy,North Italy,IT-NO,155.39,205.12,67.63,51.83,entsoe.eu,false,
2024-10-05 01:00:00,Italy,North Italy,IT-NO,159.21,209.8,66.72,50.48,entsoe.eu,false,
2024-10-05 02:00:00,Italy,North Italy,IT-NO,158.02,208.74,66.84,50.11,entsoe.eu,false,
2024-10-05 03:00:00,Italy,North Italy,IT-NO,160.07,212.5,65.96,49.18,entsoe.eu,false,
2024-10-05 04:00:00,Italy,North Italy,IT-NO,168.51,214.24,66.55,52.87,entsoe.eu,false,
2024-10-05 05:00:00,Italy,North Italy,IT-NO,157.49,194.18,71.01,57.13,entsoe.eu,false,
2024-10-05 06:00:00,Italy,North Italy,IT-NO,152.68,192.51,70.68,57.52,entsoe.eu,false,
2024-10-05 07:00:00,Italy,North Italy,IT-NO,151.59,186.73,72.56,61.65,entsoe.eu,false,
2024-10-05 08:00:00,Italy,North Italy,IT-NO,128.55,164.96,76.21,64.16,entsoe.eu,false,
2024-10-05 09:00:00,Italy,North Italy,IT-NO,106.25,147.16,78.73,66.55,entsoe.eu,false,
2024-10-05 10:00:00,Italy,North Italy,IT-NO,104.25,147.95,78.24,69.3,entsoe.eu,false,
2024-10-05 11:00:00,Italy,North Italy,IT-NO,105.75,154.15,76.8,70.24,entsoe.eu,false,
2024-10-05 12:00:00,Italy,North Italy,IT-NO,98.53,145.77,78.16,71.67,entsoe.eu,false,
2024-10-05 13:00:00,Italy,North Italy,IT-NO,113.8,163.73,74.67,66.31,entsoe.eu,false,
2024-10-05 14:00:00,Italy,North Italy,IT-NO,122.97,172.12,73.4,61.03,entsoe.eu,false,
2024-10-05 15:00:00,Italy,North Italy,IT-NO,150.15,202.18,67.7,55.4,entsoe.eu,false,
2024-10-05 16:00:00,Italy,North Italy,IT-NO,171.58,216.89,66.03,54.96,entsoe.eu,false,
2024-10-05 17:00:00,Italy,North Italy,IT-NO,171.31,213.97,66.69,55.3,entsoe.eu,false,
2024-10-05 18:00:00,Italy,North Italy,IT-NO,161.21,204.14,68.19,55.32,entsoe.eu,false,
2024-10-05 19:00:00,Italy,North Italy,IT-NO,155.5,199.79,68.79,53.51,entsoe.eu,false,
2024-10-05 20:00:00,Italy,North Italy,IT-NO,150.72,193.95,70.39,53.9,entsoe.eu,false,
2024-10-05 21:00:00,Italy,North Italy,IT-NO,147.54,189.91,71.18,54.62,entsoe.eu,false,
2024-10-05 22:00:00,Italy,North Italy,IT-NO,125.6,162.63,76.31,56.64,entsoe.eu,false,
2024-10-05 23:00:00,Italy,North Italy,IT-NO,111.55,149.84,78.32,57.93,entsoe.eu,false,
2024-10-06 00:00:00,Italy,North Italy,IT-NO,108.22,148.62,78.36,57.72,entsoe.eu,false,
2024-10-06 01:00:00,Italy,North Italy,IT-NO,112.63,154.28,77.36,56.86,entsoe.eu,false,
2024-10-06 02:00:00,Italy,North Italy,IT-NO,113.08,154.29,77.45,56.88,entsoe.eu,false,
2024-10-06 03:00:00,Italy,North Italy,IT-NO,110.47,151.06,78.07,57.3,entsoe.eu,false,
2024-10-06 04:00:00,Italy,North Italy,IT-NO,123.19,162.54,76.04,56.96,entsoe.eu,false,
2024-10-06 05:00:00,Italy,North Italy,IT-NO,127.35,164.94,75.6,59.67,entsoe.eu,false,
2024-10-06 06:00:00,Italy,North Italy,IT-NO,128.57,159.54,77.96,68.33,entsoe.eu,false,
2024-10-06 07:00:00,Italy,North Italy,IT-NO,135.63,177.14,73.96,68.95,entsoe.eu,false,
2024-10-06 08:00:00,Italy,North Italy,IT-NO,124.11,167.57,75.69,71.53,entsoe.eu,false,
2024-10-06 09:00:00,Italy,North Italy,IT-NO,111.84,156.1,77.5,74.05,entsoe.eu,false,
2024-10-06 10:00:00,Italy,North Italy,IT-NO,107.27,156.21,76.79,73.63,entsoe.eu,false,
2024-10-06 11:00:00,Italy,North Italy,IT-NO,100.84,148.94,78.23,75.3,entsoe.eu,false,
2024-10-06 12:00:00,Italy,North Italy,IT-NO,109.15,158.68,76.64,73.88,entsoe.eu,false,
2024-10-06 13:00:00,Italy,North Italy,IT-NO,127.76,181.01,72.18,67.97,entsoe.eu,false,
2024-10-06 14:00:00,Italy,North Italy,IT-NO,148.15,202.49,68.04,61.37,entsoe.eu,false,
2024-10-06 15:00:00,Italy,North Italy,IT-NO,145.69,191.35,70.29,59.26,entsoe.eu,false,
2024-10-06 16:00:00,Italy,North Italy,IT-NO,148.98,185.26,72.15,60.37,entsoe.eu,false,
2024-10-06 17:00:00,Italy,North Italy,IT-NO,148.04,179.65,73.77,60.16,entsoe.eu,false,
2024-10-06 18:00:00,Italy,North Italy,IT-NO,136.51,168.55,75.87,60.33,entsoe.eu,false,
2024-10-06 19:00:00,Italy,North Italy,IT-NO,138.34,175.14,74.15,57.38,entsoe.eu,false,
2024-10-06 20:00:00,Italy,North Italy,IT-NO,133.74,173.96,73.97,55.69,entsoe.eu,false,
2024-10-06 21:00:00,Italy,North Italy,IT-NO,121.16,160.24,76.51,55.96,entsoe.eu,false,
2024-10-06 22:00:00,Italy,North Italy,IT-NO,128.88,170.16,74.3,54.65,entsoe.eu,false,
2024-10-06 23:00:00,Italy,North Italy,IT-NO,122.77,162.79,75.88,55.36,entsoe.eu,false,
2024-10-07 00:00:00,Italy,North Italy,IT-NO,114.38,155.6,76.93,55.88,entsoe.eu,false,
2024-10-07 01:00:00,Italy,North Italy,IT-NO,108.74,148.98,78.02,55.44,entsoe.eu,false,
2024-10-07 02:00:00,Italy,North Italy,IT-NO,119.86,162.49,75.62,53.21,entsoe.eu,false,
2024-10-07 03:00:00,Italy,North Italy,IT-NO,148.62,197.08,69.0,48.79,entsoe.eu,false,
2024-10-07 04:00:00,Italy,North Italy,IT-NO,188.9,244.13,59.88,44.51,entsoe.eu,false,
2024-10-07 05:00:00,Italy,North Italy,IT-NO,202.51,251.86,59.35,47.6,entsoe.eu,false,
2024-10-07 06:00:00,Italy,North Italy,IT-NO,209.88,253.59,60.32,49.5,entsoe.eu,false,
2024-10-07 07:00:00,Italy,North Italy,IT-NO,203.62,249.39,60.7,50.9,entsoe.eu,false,
2024-10-07 08:00:00,Italy,North Italy,IT-NO,207.18,264.5,56.61,47.61,entsoe.eu,false,
2024-10-07 09:00:00,Italy,North Italy,IT-NO,199.1,258.09,57.54,48.12,entsoe.eu,false,
2024-10-07 10:00:00,Italy,North Italy,IT-NO,179.79,238.23,61.01,50.01,entsoe.eu,false,
2024-10-07 11:00:00,Italy,North Italy,IT-NO,174.88,233.42,61.83,50.55,entsoe.eu,false,
2024-10-07 12:00:00,Italy,North Italy,IT-NO,184.73,241.99,60.55,49.36,entsoe.eu,false,
2024-10-07 13:00:00,Italy,North Italy,IT-NO,200.22,261.08,56.71,46.84,entsoe.eu,false,
2024-10-07 14:00:00,Italy,North Italy,IT-NO,212.7,276.03,53.6,43.66,entsoe.eu,false,
2024-10-07 15:00:00,Italy,North Italy,IT-NO,224.73,287.87,51.27,42.7,entsoe.eu,false,
2024-10-07 16:00:00,Italy,North Italy,IT-NO,235.42,298.04,49.9,42.3,entsoe.eu,false,
2024-10-07 17:00:00,Italy,North Italy,IT-NO,245.7,301.42,50.43,43.9,entsoe.eu,false,
2024-10-07 18:00:00,Italy,North Italy,IT-NO,221.5,276.67,54.72,45.84,entsoe.eu,false,
2024-10-07 19:00:00,Italy,North Italy,IT-NO,204.67,260.46,57.39,45.99,entsoe.eu,false,
2024-10-07 20:00:00,Italy,North Italy,IT-NO,188.5,241.02,61.26,48.01,entsoe.eu,false,
2024-10-07 21:00:00,Italy,North Italy,IT-NO,191.97,244.92,60.97,46.8,entsoe.eu,false,
2024-10-07 22:00:00,Italy,North Italy,IT-NO,180.6,234.64,62.36,47.27,entsoe.eu,false,
2024-10-07 23:00:00,Italy,North Italy,IT-NO,160.3,209.92,66.65,49.76,entsoe.eu,false,
2024-10-08 00:00:00,Italy,North Italy,IT-NO,147.94,197.66,68.42,50.42,entsoe.eu,false,
2024-10-08 01:00:00,Italy,North Italy,IT-NO,139.65,187.56,70.3,51.61,entsoe.eu,false,
2024-10-08 02:00:00,Italy,North Italy,IT-NO,144.01,193.12,69.32,50.32,entsoe.eu,false,
2024-10-08 03:00:00,Italy,North Italy,IT-NO,168.13,221.55,64.2,47.48,entsoe.eu,false,
2024-10-08 04:00:00,Italy,North Italy,IT-NO,201.2,258.28,57.52,44.97,entsoe.eu,false,
2024-10-08 05:00:00,Italy,North Italy,IT-NO,213.93,271.12,55.26,44.73,entsoe.eu,false,
2024-10-08 06:00:00,Italy,North Italy,IT-NO,218.1,273.53,55.18,45.17,entsoe.eu,false,
2024-10-08 07:00:00,Italy,North Italy,IT-NO,215.08,270.03,55.84,45.97,entsoe.eu,false,
2024-10-08 08:00:00,Italy,North Italy,IT-NO,211.32,273.45,54.21,44.54,entsoe.eu,false,
2024-10-08 09:00:00,Italy,North Italy,IT-NO,208.39,271.22,54.53,45.5,entsoe.eu,false,
2024-10-08 10:00:00,Italy,North Italy,IT-NO,197.14,258.4,56.76,46.96,entsoe.eu,false,
2024-10-08 11:00:00,Italy,North Italy,IT-NO,194.04,254.56,57.34,47.05,entsoe.eu,false,
2024-10-08 12:00:00,Italy,North Italy,IT-NO,202.13,262.23,56.16,46.11,entsoe.eu,false,
2024-10-08 13:00:00,Italy,North Italy,IT-NO,203.58,264.24,55.77,46.47,entsoe.eu,false,
2024-10-08 14:00:00,Italy,North Italy,IT-NO,204.69,263.13,56.29,46.67,entsoe.eu,false,
2024-10-08 15:00:00,Italy,North Italy,IT-NO,205.98,265.33,55.83,45.84,entsoe.eu,false,
2024-10-08 16:00:00,Italy,North Italy,IT-NO,217.21,274.89,54.43,44.96,entsoe.eu,false,
2024-10-08 17:00:00,Italy,North Italy,IT-NO,221.98,273.02,55.85,46.68,entsoe.eu,false,
2024-10-08 18:00:00,Italy,North Italy,IT-NO,203.12,258.13,57.88,46.88,entsoe.eu,false,
2024-10-08 19:00:00,Italy,North Italy,IT-NO,177.85,225.9,64.55,51.04,entsoe.eu,false,
2024-10-08 20:00:00,Italy,North Italy,IT-NO,155.21,199.11,69.87,54.19,entsoe.eu,false,
2024-10-08 21:00:00,Italy,North Italy,IT-NO,143.77,188.15,71.52,55.22,entsoe.eu,false,
2024-10-08 22:00:00,Italy,North Italy,IT-NO,132.93,170.74,74.92,59.65,entsoe.eu,false,
2024-10-08 23:00:00,Italy,North Italy,IT-NO,124.54,169.38,74.16,57.73,entsoe.eu,false,
2024-10-09 00:00:00,Italy,North Italy,IT-NO,119.2,163.06,75.12,58.3,entsoe.eu,false,
2024-10-09 01:00:00,Italy,North Italy,IT-NO,120.44,164.5,74.97,57.62,entsoe.eu,false,
2024-10-09 02:00:00,Italy,North Italy,IT-NO,125.07,170.17,73.78,56.08,entsoe.eu,false,
2024-10-09 03:00:00,Italy,North Italy,IT-NO,142.82,185.6,71.81,55.36,entsoe.eu,false,
2024-10-09 04:00:00,Italy,North Italy,IT-NO,179.05,227.94,63.88,50.32,entsoe.eu,false,
2024-10-09 05:00:00,Italy,North Italy,IT-NO,198.9,246.49,60.72,48.99,entsoe.eu,false,
2024-10-09 06:00:00,Italy,North Italy,IT-NO,208.94,254.99,59.86,49.17,entsoe.eu,false,
2024-10-09 07:00:00,Italy,North Italy,IT-NO,205.25,250.6,60.8,50.57,entsoe.eu,false,
2024-10-09 08:00:00,Italy,North Italy,IT-NO,192.32,241.72,61.7,51.25,entsoe.eu,false,
2024-10-09 09:00:00,Italy,North Italy,IT-NO,166.82,215.49,65.92,55.17,entsoe.eu,false,
2024-10-09 10:00:00,Italy,North Italy,IT-NO,145.03,192.1,70.24,59.54,entsoe.eu,false,
2024-10-09 11:00:00,Italy,North Italy,IT-NO,137.83,183.73,71.62,60.07,entsoe.eu,false,
2024-10-09 12:00:00,Italy,North Italy,IT-NO,151.0,198.15,69.03,57.06,entsoe.eu,false,
2024-10-09 13:00:00,Italy,North Italy,IT-NO,169.19,220.26,64.82,54.07,entsoe.eu,false,
2024-10-09 14:00:00,Italy,North Italy,IT-NO,182.09,236.22,61.66,50.4,entsoe.eu,false,
2024-10-09 15:00:00,Italy,North Italy,IT-NO,199.91,253.99,58.59,48.18,entsoe.eu,false,
2024-10-09 16:00:00,Italy,North Italy,IT-NO,204.57,258.29,57.83,47.22,entsoe.eu,false,
2024-10-09 17:00:00,Italy,North Italy,IT-NO,211.73,259.02,58.63,48.6,entsoe.eu,false,
2024-10-09 18:00:00,Italy,North Italy,IT-NO,195.21,246.6,60.24,48.96,entsoe.eu,false,
2024-10-09 19:00:00,Italy,North Italy,IT-NO,163.69,208.15,67.55,53.46,entsoe.eu,false,
2024-10-09 20:00:00,Italy,North Italy,IT-NO,148.3,190.96,70.63,54.95,entsoe.eu,false,
2024-10-09 21:00:00,Italy,North Italy,IT-NO,143.96,184.62,72.21,56.68,entsoe.eu,false,
2024-10-09 22:00:00,Italy,North Italy,IT-NO,112.1,139.49,81.14,63.01,entsoe.eu,false,
2024-10-09 23:00:00,Italy,North Italy,IT-NO,92.84,124.06,82.99,62.84,entsoe.eu,false,
2024-10-10 00:00:00,Italy,North Italy,IT-NO,95.57,125.82,82.9,63.59,entsoe.eu,false,
2024-10-10 01:00:00,Italy,North Italy,IT-NO,91.36,127.96,81.84,60.75,entsoe.eu,false,
2024-10-10 02:00:00,Italy,North Italy,IT-NO,92.56,130.85,81.2,59.04,entsoe.eu,false,
2024-10-10 03:00:00,Italy,North Italy,IT-NO,94.67,133.25,80.6,57.48,entsoe.eu,false,
2024-10-10 04:00:00,Italy,North Italy,IT-NO,131.08,173.53,73.08,53.69,entsoe.eu,false,
2024-10-10 05:00:00,Italy,North Italy,IT-NO,163.32,205.04,68.16,52.98,entsoe.eu,false,
2024-10-10 06:00:00,Italy,North Italy,IT-NO,178.85,216.11,67.24,53.95,entsoe.eu,false,
2024-10-10 07:00:00,Italy,North Italy,IT-NO,166.08,204.94,68.9,55.51,entsoe.eu,false,
2024-10-10 08:00:00,Italy,North Italy,IT-NO,155.87,200.1,68.91,55.08,entsoe.eu,false,
2024-10-10 09:00:00,Italy,North Italy,IT-NO,154.48,198.87,69.32,55.83,entsoe.eu,false,
2024-10-10 10:00:00,Italy,North Italy,IT-NO,135.63,176.72,73.67,59.67,entsoe.eu,false,
2024-10-10 11:00:00,Italy,North Italy,IT-NO,116.62,158.78,76.22,61.47,entsoe.eu,false,
2024-10-10 12:00:00,Italy,North Italy,IT-NO,124.55,164.32,75.75,61.07,entsoe.eu,false,
2024-10-10 13:00:00,Italy,North Italy,IT-NO,132.48,168.38,75.7,61.16,entsoe.eu,false,
2024-10-10 14:00:00,Italy,North Italy,IT-NO,141.99,183.49,72.05,57.98,entsoe.eu,false,
2024-10-10 15:00:00,Italy,North Italy,IT-NO,175.02,226.22,63.46,50.68,entsoe.eu,false,
2024-10-10 16:00:00,Italy,North Italy,IT-NO,205.53,254.74,58.95,47.44,entsoe.eu,false,
2024-10-10 17:00:00,Italy,North Italy,IT-NO,215.17,260.17,58.97,48.44,entsoe.eu,false,
2024-10-10 18:00:00,Italy,North Italy,IT-NO,215.25,263.49,58.16,48.4,entsoe.eu,false,
2024-10-10 19:00:00,Italy,North Italy,IT-NO,173.55,217.77,66.06,52.29,entsoe.eu,false,
2024-10-10 20:00:00,Italy,North Italy,IT-NO,141.55,178.17,73.73,57.08,entsoe.eu,false,
2024-10-10 21:00:00,Italy,North Italy,IT-NO,137.31,175.55,74.27,57.82,entsoe.eu,false,
2024-10-10 22:00:00,Italy,North Italy,IT-NO,111.3,148.61,78.37,58.91,entsoe.eu,false,
2024-10-10 23:00:00,Italy,North Italy,IT-NO,111.39,142.35,80.23,59.97,entsoe.eu,false,
2024-10-11 00:00:00,Italy,North Italy,IT-NO,110.11,146.87,78.48,57.25,entsoe.eu,false,
2024-10-11 01:00:00,Italy,North Italy,IT-NO,104.14,134.57,81.24,59.31,entsoe.eu,false,
2024-10-11 02:00:00,Italy,North Italy,IT-NO,99.48,136.02,80.17,57.1,entsoe.eu,false,
2024-10-11 03:00:00,Italy,North Italy,IT-NO,102.73,139.84,79.3,56.54,entsoe.eu,false,
2024-10-11 04:00:00,Italy,North Italy,IT-NO,161.27,204.24,68.21,50.97,entsoe.eu,false,
2024-10-11 05:00:00,Italy,North Italy,IT-NO,188.13,225.46,65.72,52.82,entsoe.eu,false,
2024-10-11 06:00:00,Italy,North Italy,IT-NO,193.58,230.25,65.47,54.46,entsoe.eu,false,
2024-10-11 07:00:00,Italy,North Italy,IT-NO,175.94,212.55,68.37,58.45,entsoe.eu,false,
2024-10-11 08:00:00,Italy,North Italy,IT-NO,141.14,182.11,72.93,61.99,entsoe.eu,false,
2024-10-11 09:00:00,Italy,North Italy,IT-NO,120.03,162.12,76.19,65.52,entsoe.eu,false,
2024-10-11 10:00:00,Italy,North Italy,IT-NO,119.07,164.26,75.31,66.83,entsoe.eu,false,
2024-10-11 11:00:00,Italy,North Italy,IT-NO,113.09,158.85,76.39,67.56,entsoe.eu,false,
2024-10-11 12:00:00,Italy,North Italy,IT-NO,109.64,154.87,76.81,65.63,entsoe.eu,false,
2024-10-11 13:00:00,Italy,North Italy,IT-NO,115.99,162.27,75.09,61.43,entsoe.eu,false,
2024-10-11 14:00:00,Italy,North Italy,IT-NO,138.27,183.99,71.49,57.21,entsoe.eu,false,
2024-10-11 15:00:00,Italy,North Italy,IT-NO,188.88,235.56,62.76,51.0,entsoe.eu,false,
2024-10-11 16:00:00,Italy,North Italy,IT-NO,196.52,237.5,63.26,51.49,entsoe.eu,false,
2024-10-11 17:00:00,Italy,North Italy,IT-NO,208.59,246.08,62.32,51.77,entsoe.eu,false,
2024-10-11 18:00:00,Italy,North Italy,IT-NO,187.86,236.5,62.15,49.4,entsoe.eu,false,
2024-10-11 19:00:00,Italy,North Italy,IT-NO,166.49,210.36,67.19,51.59,entsoe.eu,false,
2024-10-11 20:00:00,Italy,North Italy,IT-NO,144.52,182.31,72.67,54.64,entsoe.eu,false,
2024-10-11 21:00:00,Italy,North Italy,IT-NO,144.15,180.87,73.21,55.48,entsoe.eu,false,
2024-10-11 22:00:00,Italy,North Italy,IT-NO,130.9,159.52,77.97,59.8,entsoe.eu,false,
2024-10-11 23:00:00,Italy,North Italy,IT-NO,127.31,155.35,79.03,59.23,entsoe.eu,false,
2024-10-12 00:00:00,Italy,North Italy,IT-NO,119.69,145.74,80.82,60.35,entsoe.eu,false,
2024-10-12 01:00:00,Italy,North Italy,IT-NO,120.52,153.19,78.61,58.77,entsoe.eu,false,
2024-10-12 02:00:00,Italy,North Italy,IT-NO,116.45,147.34,79.75,59.38,entsoe.eu,false,
2024-10-12 03:00:00,Italy,North Italy,IT-NO,113.48,144.01,79.97,60.09,entsoe.eu,false,
2024-10-12 04:00:00,Italy,North Italy,IT-NO,117.31,148.39,79.14,59.28,entsoe.eu,false,
2024-10-12 05:00:00,Italy,North Italy,IT-NO,149.2,172.19,76.48,60.86,entsoe.eu,false,
2024-10-12 06:00:00,Italy,North Italy,IT-NO,140.75,160.35,79.16,64.74,entsoe.eu,false,
2024-10-12 07:00:00,Italy,North Italy,IT-NO,127.43,148.83,80.86,68.17,entsoe.eu,false,
2024-10-12 08:00:00,Italy,North Italy,IT-NO,102.16,131.39,82.89,70.36,entsoe.eu,false,
2024-10-12 09:00:00,Italy,North Italy,IT-NO,81.79,120.83,83.26,71.19,entsoe.eu,false,
2024-10-12 10:00:00,Italy,North Italy,IT-NO,80.27,120.08,83.27,74.07,entsoe.eu,false,
2024-10-12 11:00:00,Italy,North Italy,IT-NO,86.59,120.1,84.48,76.66,entsoe.eu,false,
2024-10-12 12:00:00,Italy,North Italy,IT-NO,85.0,125.21,82.68,73.92,entsoe.eu,false,
2024-10-12 13:00:00,Italy,North Italy,IT-NO,89.19,125.8,82.74,71.0,entsoe.eu,false,
2024-10-12 14:00:00,Italy,North Italy,IT-NO,113.28,145.09,79.92,67.42,entsoe.eu,false,
2024-10-12 15:00:00,Italy,North Italy,IT-NO,136.17,162.97,77.75,63.98,entsoe.eu,false,
2024-10-12 16:00:00,Italy,North Italy,IT-NO,139.07,155.05,80.59,66.3,entsoe.eu,false,
2024-10-12 17:00:00,Italy,North Italy,IT-NO,136.52,155.63,80.1,65.9,entsoe.eu,false,
2024-10-12 18:00:00,Italy,North Italy,IT-NO,127.33,143.45,82.6,66.31,entsoe.eu,false,
2024-10-12 19:00:00,Italy,North Italy,IT-NO,105.79,129.51,83.61,64.63,entsoe.eu,false,
2024-10-12 20:00:00,Italy,North Italy,IT-NO,101.83,130.03,83.15,63.93,entsoe.eu,false,
2024-10-12 21:00:00,Italy,North Italy,IT-NO,118.25,149.43,80.37,65.04,entsoe.eu,false,
2024-10-12 22:00:00,Italy,North Italy,IT-NO,117.44,139.54,82.9,71.84,entsoe.eu,false,
2024-10-12 23:00:00,Italy,North Italy,IT-NO,108.23,133.19,83.53,73.04,entsoe.eu,false,
2024-10-13 00:00:00,Italy,North Italy,IT-NO,103.87,127.19,84.8,73.82,entsoe.eu,false,
2024-10-13 01:00:00,Italy,North Italy,IT-NO,102.48,126.86,84.6,73.01,entsoe.eu,false,
2024-10-13 02:00:00,Italy,North Italy,IT-NO,100.54,125.59,84.61,72.09,entsoe.eu,false,
2024-10-13 03:00:00,Italy,North Italy,IT-NO,97.37,120.77,85.5,73.48,entsoe.eu,false,
2024-10-13 04:00:00,Italy,North Italy,IT-NO,116.76,131.54,84.8,74.41,entsoe.eu,false,
2024-10-13 05:00:00,Italy,North Italy,IT-NO,124.0,142.08,82.6,73.68,entsoe.eu,false,
2024-10-13 06:00:00,Italy,North Italy,IT-NO,107.59,133.51,83.0,73.4,entsoe.eu,false,
2024-10-13 07:00:00,Italy,North Italy,IT-NO,112.66,141.15,81.69,75.42,entsoe.eu,false,
2024-10-13 08:00:00,Italy,North Italy,IT-NO,106.73,138.16,82.04,78.72,entsoe.eu,false,
2024-10-13 09:00:00,Italy,North Italy,IT-NO,101.72,134.45,82.81,81.28,entsoe.eu,false,
2024-10-13 10:00:00,Italy,North Italy,IT-NO,98.67,132.08,83.18,81.71,entsoe.eu,false,
2024-10-13 11:00:00,Italy,North Italy,IT-NO,79.84,110.74,86.72,85.66,entsoe.eu,false,
2024-10-13 12:00:00,Italy,North Italy,IT-NO,79.28,115.47,85.13,83.67,entsoe.eu,false,
2024-10-13 13:00:00,Italy,North Italy,IT-NO,104.83,142.01,80.33,78.06,entsoe.eu,false,
2024-10-13 14:00:00,Italy,North Italy,IT-NO,122.21,158.4,77.48,72.64,entsoe.eu,false,
2024-10-13 15:00:00,Italy,North Italy,IT-NO,152.65,177.07,75.78,66.41,entsoe.eu,false,
2024-10-13 16:00:00,Italy,North Italy,IT-NO,159.29,182.37,75.19,65.18,entsoe.eu,false,
2024-10-13 17:00:00,Italy,North Italy,IT-NO,159.32,177.81,76.64,66.71,entsoe.eu,false,
2024-10-13 18:00:00,Italy,North Italy,IT-NO,138.17,161.61,78.03,64.87,entsoe.eu,false,
2024-10-13 19:00:00,Italy,North Italy,IT-NO,142.12,165.56,77.52,66.13,entsoe.eu,false,
2024-10-13 20:00:00,Italy,North Italy,IT-NO,140.4,162.78,78.25,63.81,entsoe.eu,false,
2024-10-13 21:00:00,Italy,North Italy,IT-NO,130.15,160.63,77.96,67.09,entsoe.eu,false,
2024-10-13 22:00:00,Italy,North Italy,IT-NO,123.48,151.74,79.73,65.59,entsoe.eu,false,
2024-10-13 23:00:00,Italy,North Italy,IT-NO,124.94,154.61,79.07,64.33,entsoe.eu,false,
2024-10-14 00:00:00,Italy,North Italy,IT-NO,125.47,153.38,79.64,64.37,entsoe.eu,false,
2024-10-14 01:00:00,Italy,North Italy,IT-NO,116.73,146.67,80.1,61.02,entsoe.eu,false,
2024-10-14 02:00:00,Italy,North Italy,IT-NO,125.6,157.93,77.8,58.19,entsoe.eu,false,
2024-10-14 03:00:00,Italy,North Italy,IT-NO,149.87,187.66,72.64,63.42,entsoe.eu,false,
2024-10-14 04:00:00,Italy,North Italy,IT-NO,163.4,206.88,67.73,56.21,entsoe.eu,false,
2024-10-14 05:00:00,Italy,North Italy,IT-NO,209.54,251.67,60.6,53.12,entsoe.eu,false,
2024-10-14 06:00:00,Italy,North Italy,IT-NO,205.73,250.07,60.92,52.03,entsoe.eu,false,
2024-10-14 07:00:00,Italy,North Italy,IT-NO,198.81,248.54,60.61,51.71,entsoe.eu,false,
2024-10-14 08:00:00,Italy,North Italy,IT-NO,183.35,233.36,63.04,52.22,entsoe.eu,false,
2024-10-14 09:00:00,Italy,North Italy,IT-NO,169.98,222.34,64.57,53.64,entsoe.eu,false,
2024-10-14 10:00:00,Italy,North Italy,IT-NO,166.31,218.7,65.11,54.04,entsoe.eu,false,
2024-10-14 11:00:00,Italy,North Italy,IT-NO,158.7,210.11,66.53,55.24,entsoe.eu,false,
2024-10-14 12:00:00,Italy,North Italy,IT-NO,163.65,215.72,65.52,54.08,entsoe.eu,false,
2024-10-14 13:00:00,Italy,North Italy,IT-NO,171.76,224.74,63.69,52.71,entsoe.eu,false,
2024-10-14 14:00:00,Italy,North Italy,IT-NO,196.26,248.91,59.37,50.28,entsoe.eu,false,
2024-10-14 15:00:00,Italy,North Italy,IT-NO,224.79,282.01,53.21,45.22,entsoe.eu,false,
2024-10-14 16:00:00,Italy,North Italy,IT-NO,232.45,290.57,51.66,43.95,entsoe.eu,false,
2024-10-14 17:00:00,Italy,North Italy,IT-NO,245.74,305.63,48.85,42.31,entsoe.eu,false,
2024-10-14 18:00:00,Italy,North Italy,IT-NO,243.7,305.06,48.86,42.68,entsoe.eu,false,
2024-10-14 19:00:00,Italy,North Italy,IT-NO,209.85,263.41,57.09,46.49,entsoe.eu,false,
2024-10-14 20:00:00,Italy,North Italy,IT-NO,195.25,243.66,61.5,48.86,entsoe.eu,false,
2024-10-14 21:00:00,Italy,North Italy,IT-NO,183.88,232.9,63.15,49.62,entsoe.eu,false,
2024-10-14 22:00:00,Italy,North Italy,IT-NO,151.25,192.19,70.95,53.97,entsoe.eu,false,
2024-10-14 23:00:00,Italy,North Italy,IT-NO,145.1,187.07,71.66,51.95,entsoe.eu,false,
2024-10-15 00:00:00,Italy,North Italy,IT-NO,139.01,187.35,70.74,50.37,entsoe.eu,false,
2024-10-15 01:00:00,Italy,North Italy,IT-NO,139.73,188.2,70.58,49.99,entsoe.eu,false,
2024-10-15 02:00:00,Italy,North Italy,IT-NO,137.58,186.05,70.78,49.8,entsoe.eu,false,
2024-10-15 03:00:00,Italy,North Italy,IT-NO,154.19,205.07,67.09,48.09,entsoe.eu,false,
2024-10-15 04:00:00,Italy,North Italy,IT-NO,195.65,245.31,60.39,47.11,entsoe.eu,false,
2024-10-15 05:00:00,Italy,North Italy,IT-NO,213.28,259.08,58.55,47.77,entsoe.eu,false,
2024-10-15 06:00:00,Italy,North Italy,IT-NO,209.75,255.72,59.2,48.24,entsoe.eu,false,
2024-10-15 07:00:00,Italy,North Italy,IT-NO,198.81,246.83,60.74,49.68,entsoe.eu,false,
2024-10-15 08:00:00,Italy,North Italy,IT-NO,165.53,213.28,66.53,53.05,entsoe.eu,false,
2024-10-15 09:00:00,Italy,North Italy,IT-NO,157.17,205.48,67.73,53.78,entsoe.eu,false,
2024-10-15 10:00:00,Italy,North Italy,IT-NO,151.19,205.03,66.75,52.72,entsoe.eu,false,
2024-10-15 11:00:00,Italy,North Italy,IT-NO,145.29,198.05,67.9,53.04,entsoe.eu,false,
2024-10-15 12:00:00,Italy,North Italy,IT-NO,150.46,203.28,67.09,52.08,entsoe.eu,false,
2024-10-15 13:00:00,Italy,North Italy,IT-NO,158.13,208.26,66.83,52.65,entsoe.eu,false,
2024-10-15 14:00:00,Italy,North Italy,IT-NO,178.01,229.84,62.9,49.24,entsoe.eu,false,
2024-10-15 15:00:00,Italy,North Italy,IT-NO,202.61,255.12,58.37,47.25,entsoe.eu,false,
2024-10-15 16:00:00,Italy,North Italy,IT-NO,201.41,252.93,58.79,47.69,entsoe.eu,false,
2024-10-15 17:00:00,Italy,North Italy,IT-NO,204.84,247.58,61.02,49.87,entsoe.eu,false,
2024-10-15 18:00:00,Italy,North Italy,IT-NO,197.36,247.97,59.72,47.44,entsoe.eu,false,
2024-10-15 19:00:00,Italy,North Italy,IT-NO,176.58,225.36,63.93,48.81,entsoe.eu,false,
2024-10-15 20:00:00,Italy,North Italy,IT-NO,158.63,203.45,68.4,51.02,entsoe.eu,false,
2024-10-15 21:00:00,Italy,North Italy,IT-NO,157.14,201.55,68.78,51.68,entsoe.eu,false,
2024-10-15 22:00:00,Italy,North Italy,IT-NO,144.11,185.12,71.87,54.12,entsoe.eu,false,
2024-10-15 23:00:00,Italy,North Italy,IT-NO,135.83,175.29,73.83,54.97,entsoe.eu,false,
2024-10-16 00:00:00,Italy,North Italy,IT-NO,132.36,171.7,74.45,55.61,entsoe.eu,false,
2024-10-16 01:00:00,Italy,North Italy,IT-NO,129.27,167.25,75.32,56.19,entsoe.eu,false,
2024-10-16 02:00:00,Italy,North Italy,IT-NO,134.72,174.85,73.7,55.0,entsoe.eu,false,
2024-10-16 03:00:00,Italy,North Italy,IT-NO,150.8,193.21,70.3,52.42,entsoe.eu,false,
2024-10-16 04:00:00,Italy,North Italy,IT-NO,179.51,229.55,63.07,47.86,entsoe.eu,false,
2024-10-16 05:00:00,Italy,North Italy,IT-NO,236.71,290.18,52.64,43.98,entsoe.eu,false,
2024-10-16 06:00:00,Italy,North Italy,IT-NO,238.1,288.98,53.16,44.5,entsoe.eu,false,
2024-10-16 07:00:00,Italy,North Italy,IT-NO,229.5,280.63,54.55,45.39,entsoe.eu,false,
2024-10-16 08:00:00,Italy,North Italy,IT-NO,221.63,279.55,53.76,44.81,entsoe.eu,false,
2024-10-16 09:00:00,Italy,North Italy,IT-NO,218.23,279.76,53.25,45.24,entsoe.eu,false,
2024-10-16 10:00:00,Italy,North Italy,IT-NO,208.24,269.44,55.0,47.22,entsoe.eu,false,
2024-10-16 11:00:00,Italy,North Italy,IT-NO,206.18,268.26,55.07,46.81,entsoe.eu,false,
2024-10-16 12:00:00,Italy,North Italy,IT-NO,213.13,275.25,53.71,45.39,entsoe.eu,false,
2024-10-16 13:00:00,Italy,North Italy,IT-NO,218.14,278.82,53.4,44.27,entsoe.eu,false,
2024-10-16 14:00:00,Italy,North Italy,IT-NO,219.37,279.95,52.91,43.48,entsoe.eu,false,
2024-10-16 15:00:00,Italy,North Italy,IT-NO,225.2,283.34,52.79,43.51,entsoe.eu,false,
2024-10-16 16:00:00,Italy,North Italy,IT-NO,215.83,269.98,55.5,45.01,entsoe.eu,false,
2024-10-16 17:00:00,Italy,North Italy,IT-NO,212.07,265.69,56.36,46.34,entsoe.eu,false,
2024-10-16 18:00:00,Italy,North Italy,IT-NO,199.32,255.05,57.68,45.41,entsoe.eu,false,
2024-10-16 19:00:00,Italy,North Italy,IT-NO,179.97,230.13,62.53,48.09,entsoe.eu,false,
2024-10-16 20:00:00,Italy,North Italy,IT-NO,166.46,211.98,66.44,50.88,entsoe.eu,false,
2024-10-16 21:00:00,Italy,North Italy,IT-NO,157.94,200.85,68.88,53.29,entsoe.eu,false,
2024-10-16 22:00:00,Italy,North Italy,IT-NO,159.68,201.93,68.85,53.79,entsoe.eu,false,
2024-10-16 23:00:00,Italy,North Italy,IT-NO,159.53,202.17,68.83,53.66,entsoe.eu,false,
2024-10-17 00:00:00,Italy,North Italy,IT-NO,150.41,189.96,71.6,56.3,entsoe.eu,false,
2024-10-17 01:00:00,Italy,North Italy,IT-NO,152.76,194.43,70.36,55.75,entsoe.eu,false,
2024-10-17 02:00:00,Italy,North Italy,IT-NO,154.12,196.21,69.91,55.34,entsoe.eu,false,
2024-10-17 03:00:00,Italy,North Italy,IT-NO,160.67,203.48,68.33,53.1,entsoe.eu,false,
2024-10-17 04:00:00,Italy,North Italy,IT-NO,187.95,238.52,61.09,47.41,entsoe.eu,false,
2024-10-17 05:00:00,Italy,North Italy,IT-NO,215.73,271.28,54.91,44.08,entsoe.eu,false,
2024-10-17 06:00:00,Italy,North Italy,IT-NO,237.93,288.49,53.06,44.96,entsoe.eu,false,
2024-10-17 07:00:00,Italy,North Italy,IT-NO,232.4,282.24,54.51,46.29,entsoe.eu,false,
2024-10-17 08:00:00,Italy,North Italy,IT-NO,229.16,287.77,52.42,43.96,entsoe.eu,false,
2024-10-17 09:00:00,Italy,North Italy,IT-NO,226.36,284.41,53.08,44.7,entsoe.eu,false,
2024-10-17 10:00:00,Italy,North Italy,IT-NO,222.22,282.95,52.98,44.84,entsoe.eu,false,
2024-10-17 11:00:00,Italy,North Italy,IT-NO,227.55,290.26,51.51,43.42,entsoe.eu,false,
2024-10-17 12:00:00,Italy,North Italy,IT-NO,220.42,281.38,53.09,44.53,entsoe.eu,false,
2024-10-17 13:00:00,Italy,North Italy,IT-NO,218.4,278.69,53.5,44.29,entsoe.eu,false,
2024-10-17 14:00:00,Italy,North Italy,IT-NO,220.36,280.54,53.13,43.13,entsoe.eu,false,
2024-10-17 15:00:00,Italy,North Italy,IT-NO,224.3,283.25,52.9,42.89,entsoe.eu,false,
2024-10-17 16:00:00,Italy,North Italy,IT-NO,233.14,283.4,54.23,45.77,entsoe.eu,false,
2024-10-17 17:00:00,Italy,North Italy,IT-NO,234.85,281.59,55.09,47.55,entsoe.eu,false,
2024-10-17 18:00:00,Italy,North Italy,IT-NO,209.4,262.91,57.08,46.62,entsoe.eu,false,
2024-10-17 19:00:00,Italy,North Italy,IT-NO,199.36,250.19,59.93,48.56,entsoe.eu,false,
2024-10-17 20:00:00,Italy,North Italy,IT-NO,182.77,227.99,64.68,51.92,entsoe.eu,false,
2024-10-17 21:00:00,Italy,North Italy,IT-NO,179.55,223.55,65.72,52.71,entsoe.eu,false,
2024-10-17 22:00:00,Italy,North Italy,IT-NO,192.58,238.56,63.04,50.76,entsoe.eu,false,
2024-10-17 23:00:00,Italy,North Italy,IT-NO,187.86,234.07,63.89,50.9,entsoe.eu,false,
2024-10-18 00:00:00,Italy,North Italy,IT-NO,172.04,214.48,67.22,53.88,entsoe.eu,false,
2024-10-18 01:00:00,Italy,North Italy,IT-NO,171.23,212.64,67.67,54.32,entsoe.eu,false,
2024-10-18 02:00:00,Italy,North Italy,IT-NO,171.74,214.15,67.49,53.77,entsoe.eu,false,
2024-10-18 03:00:00,Italy,North Italy,IT-NO,180.32,225.27,65.04,52.08,entsoe.eu,false,
2024-10-18 04:00:00,Italy,North Italy,IT-NO,192.6,241.29,61.02,49.57,entsoe.eu,false,
2024-10-18 05:00:00,Italy,North Italy,IT-NO,228.76,278.8,54.81,45.49,entsoe.eu,false,
2024-10-18 06:00:00,Italy,North Italy,IT-NO,233.68,289.73,52.52,43.58,entsoe.eu,false,
2024-10-18 07:00:00,Italy,North Italy,IT-NO,242.92,300.28,50.95,43.77,entsoe.eu,false,
2024-10-18 08:00:00,Italy,North Italy,IT-NO,235.28,292.32,52.13,45.05,entsoe.eu,false,
2024-10-18 09:00:00,Italy,North Italy,IT-NO,218.8,274.1,55.26,48.25,entsoe.eu,false,
2024-10-18 10:00:00,Italy,North Italy,IT-NO,206.91,262.19,57.38,49.43,entsoe.eu,false,
2024-10-18 11:00:00,Italy,North Italy,IT-NO,196.69,249.99,59.75,51.39,entsoe.eu,false,
2024-10-18 12:00:00,Italy,North Italy,IT-NO,190.67,243.18,61.01,52.55,entsoe.eu,false,
2024-10-18 13:00:00,Italy,North Italy,IT-NO,186.0,236.28,62.89,52.88,entsoe.eu,false,
2024-10-18 14:00:00,Italy,North Italy,IT-NO,190.24,241.61,60.89,50.75,entsoe.eu,false,
2024-10-18 15:00:00,Italy,North Italy,IT-NO,205.16,257.07,58.23,46.94,entsoe.eu,false,
2024-10-18 16:00:00,Italy,North Italy,IT-NO,210.76,257.68,58.86,47.41,entsoe.eu,false,
2024-10-18 17:00:00,Italy,North Italy,IT-NO,200.41,248.12,60.35,48.12,entsoe.eu,false,
2024-10-18 18:00:00,Italy,North Italy,IT-NO,191.45,241.81,61.17,48.25,entsoe.eu,false,
2024-10-18 19:00:00,Italy,North Italy,IT-NO,176.64,221.8,65.47,51.6,entsoe.eu,false,
2024-10-18 20:00:00,Italy,North Italy,IT-NO,163.84,204.07,69.32,54.04,entsoe.eu,false,
2024-10-18 21:00:00,Italy,North Italy,IT-NO,152.12,189.74,72.03,55.86,entsoe.eu,false,
2024-10-18 22:00:00,Italy,North Italy,IT-NO,128.59,162.01,76.75,58.9,entsoe.eu,false,
2024-10-18 23:00:00,Italy,North Italy,IT-NO,112.76,141.91,80.74,61.0,entsoe.eu,false,
2024-10-19 00:00:00,Italy,North Italy,IT-NO,108.7,139.07,81.04,60.51,entsoe.eu,false,
2024-10-19 01:00:00,Italy,North Italy,IT-NO,112.02,143.0,80.55,60.65,entsoe.eu,false,
2024-10-19 02:00:00,Italy,North Italy,IT-NO,115.12,147.32,79.62,59.92,entsoe.eu,false,
2024-10-19 03:00:00,Italy,North Italy,IT-NO,117.84,148.22,79.6,60.93,entsoe.eu,false,
2024-10-19 04:00:00,Italy,North Italy,IT-NO,124.3,154.64,78.34,59.3,entsoe.eu,false,
2024-10-19 05:00:00,Italy,North Italy,IT-NO,132.39,166.98,75.46,58.0,entsoe.eu,false,
2024-10-19 06:00:00,Italy,North Italy,IT-NO,137.38,171.8,74.85,58.75,entsoe.eu,false,
2024-10-19 07:00:00,Italy,North Italy,IT-NO,152.76,185.62,73.06,59.26,entsoe.eu,false,
2024-10-19 08:00:00,Italy,North Italy,IT-NO,145.58,179.31,73.88,60.7,entsoe.eu,false,
2024-10-19 09:00:00,Italy,North Italy,IT-NO,136.99,174.46,74.08,60.16,entsoe.eu,false,
2024-10-19 10:00:00,Italy,North Italy,IT-NO,135.32,177.83,72.69,58.95,entsoe.eu,false,
2024-10-19 11:00:00,Italy,North Italy,IT-NO,121.89,162.64,75.35,60.38,entsoe.eu,false,
2024-10-19 12:00:00,Italy,North Italy,IT-NO,123.45,165.27,75.04,59.54,entsoe.eu,false,
2024-10-19 13:00:00,Italy,North Italy,IT-NO,121.93,161.08,76.05,60.7,entsoe.eu,false,
2024-10-19 14:00:00,Italy,North Italy,IT-NO,122.65,162.87,75.37,58.93,entsoe.eu,false,
2024-10-19 15:00:00,Italy,North Italy,IT-NO,139.24,176.36,73.47,57.07,entsoe.eu,false,
2024-10-19 16:00:00,Italy,North Italy,IT-NO,139.14,173.67,74.1,57.51,entsoe.eu,false,
2024-10-19 17:00:00,Italy,North Italy,IT-NO,132.45,162.69,76.5,59.19,entsoe.eu,false,
2024-10-19 18:00:00,Italy,North Italy,IT-NO,126.88,155.21,78.17,59.47,entsoe.eu,false,
2024-10-19 19:00:00,Italy,North Italy,IT-NO,129.64,160.16,77.13,57.5,entsoe.eu,false,
2024-10-19 20:00:00,Italy,North Italy,IT-NO,115.65,146.29,79.66,58.3,entsoe.eu,false,
2024-10-19 21:00:00,Italy,North Italy,IT-NO,123.16,149.28,80.05,59.85,entsoe.eu,false,
2024-10-19 22:00:00,Italy,North Italy,IT-NO,118.25,149.77,78.54,60.72,entsoe.eu,false,
2024-10-19 23:00:00,Italy,North Italy,IT-NO,114.46,147.21,78.33,62.43,entsoe.eu,false,
2024-10-20 00:00:00,Italy,North Italy,IT-NO,132.69,170.07,74.22,62.42,entsoe.eu,false,
2024-10-20 01:00:00,Italy,North Italy,IT-NO,145.9,185.39,71.44,62.33,entsoe.eu,false,
2024-10-20 02:00:00,Italy,North Italy,IT-NO,142.55,181.75,72.09,63.84,entsoe.eu,false,
2024-10-20 03:00:00,Italy,North Italy,IT-NO,145.53,181.19,72.67,64.2,entsoe.eu,false,
2024-10-20 04:00:00,Italy,North Italy,IT-NO,147.33,180.85,72.77,64.5,entsoe.eu,false,
2024-10-20 05:00:00,Italy,North Italy,IT-NO,146.66,178.42,73.37,65.69,entsoe.eu,false,
2024-10-20 06:00:00,Italy,North Italy,IT-NO,149.43,182.98,72.68,65.25,entsoe.eu,false,
2024-10-20 07:00:00,Italy,North Italy,IT-NO,145.09,178.47,73.81,65.91,entsoe.eu,false,
2024-10-20 08:00:00,Italy,North Italy,IT-NO,136.27,170.01,75.25,68.42,entsoe.eu,false,
2024-10-20 09:00:00,Italy,North Italy,IT-NO,133.82,176.1,73.51,67.36,entsoe.eu,false,
2024-10-20 10:00:00,Italy,North Italy,IT-NO,125.02,168.47,74.53,69.85,entsoe.eu,false,
2024-10-20 11:00:00,Italy,North Italy,IT-NO,118.73,161.27,75.92,72.67,entsoe.eu,false,
2024-10-20 12:00:00,Italy,North Italy,IT-NO,114.83,157.3,76.47,73.26,entsoe.eu,false,
2024-10-20 13:00:00,Italy,North Italy,IT-NO,111.4,150.71,77.5,72.11,entsoe.eu,false,
2024-10-20 14:00:00,Italy,North Italy,IT-NO,121.63,162.15,75.21,67.51,entsoe.eu,false,
2024-10-20 15:00:00,Italy,North Italy,IT-NO,140.42,176.25,73.67,64.8,entsoe.eu,false,
2024-10-20 16:00:00,Italy,North Italy,IT-NO,141.29,175.14,73.91,61.6,entsoe.eu,false,
2024-10-20 17:00:00,Italy,North Italy,IT-NO,138.29,164.07,76.72,62.41,entsoe.eu,false,
2024-10-20 18:00:00,Italy,North Italy,IT-NO,120.93,152.51,77.63,60.33,entsoe.eu,false,
2024-10-20 19:00:00,Italy,North Italy,IT-NO,126.72,160.84,76.19,60.44,entsoe.eu,false,
2024-10-20 20:00:00,Italy,North Italy,IT-NO,136.22,172.36,74.44,60.04,entsoe.eu,false,
2024-10-20 21:00:00,Italy,North Italy,IT-NO,136.37,177.51,73.11,61.18,entsoe.eu,false,
2024-10-20 22:00:00,Italy,North Italy,IT-NO,106.64,147.62,77.64,62.02,entsoe.eu,false,
2024-10-20 23:00:00,Italy,North Italy,IT-NO,96.18,136.57,79.38,61.85,entsoe.eu,false,
2024-10-21 00:00:00,Italy,North Italy,IT-NO,95.33,136.91,79.03,61.47,entsoe.eu,false,
2024-10-21 01:00:00,Italy,North Italy,IT-NO,98.63,140.73,78.38,59.82,entsoe.eu,false,
2024-10-21 02:00:00,Italy,North Italy,IT-NO,102.16,144.64,77.57,57.88,entsoe.eu,false,
2024-10-21 03:00:00,Italy,North Italy,IT-NO,121.32,165.43,73.98,53.71,entsoe.eu,false,
2024-10-21 04:00:00,Italy,North Italy,IT-NO,165.04,210.23,66.23,48.44,entsoe.eu,false,
2024-10-21 05:00:00,Italy,North Italy,IT-NO,177.66,221.09,64.66,49.94,entsoe.eu,false,
2024-10-21 06:00:00,Italy,North Italy,IT-NO,188.75,225.4,65.35,53.99,entsoe.eu,false,
2024-10-21 07:00:00,Italy,North Italy,IT-NO,188.21,231.61,63.84,53.66,entsoe.eu,false,
2024-10-21 08:00:00,Italy,North Italy,IT-NO,175.99,222.29,65.67,54.62,entsoe.eu,false,
2024-10-21 09:00:00,Italy,North Italy,IT-NO,178.21,230.25,63.59,53.69,entsoe.eu,false,
2024-10-21 10:00:00,Italy,North Italy,IT-NO,149.39,198.39,69.54,57.44,entsoe.eu,false,
2024-10-21 11:00:00,Italy,North Italy,IT-NO,155.09,206.88,67.58,55.75,entsoe.eu,false,
2024-10-21 12:00:00,Italy,North Italy,IT-NO,167.97,219.84,65.29,53.93,entsoe.eu,false,
2024-10-21 13:00:00,Italy,North Italy,IT-NO,164.65,215.1,65.9,54.03,entsoe.eu,false,
2024-10-21 14:00:00,Italy,North Italy,IT-NO,174.06,224.78,63.54,51.16,entsoe.eu,false,
2024-10-21 15:00:00,Italy,North Italy,IT-NO,197.52,249.95,59.04,46.8,entsoe.eu,false,
2024-10-21 16:00:00,Italy,North Italy,IT-NO,222.88,267.89,57.23,47.65,entsoe.eu,false,
2024-10-21 17:00:00,Italy,North Italy,IT-NO,218.48,263.38,57.87,48.65,entsoe.eu,false,
2024-10-21 18:00:00,Italy,North Italy,IT-NO,207.9,260.82,57.0,45.98,entsoe.eu,false,
2024-10-21 19:00:00,Italy,North Italy,IT-NO,192.91,246.68,59.25,46.13,entsoe.eu,false,
2024-10-21 20:00:00,Italy,North Italy,IT-NO,170.04,218.14,64.87,49.78,entsoe.eu,false,
2024-10-21 21:00:00,Italy,North Italy,IT-NO,159.27,206.83,66.9,50.61,entsoe.eu,false,
2024-10-21 22:00:00,Italy,North Italy,IT-NO,156.13,203.29,67.51,50.79,entsoe.eu,false,
2024-10-21 23:00:00,Italy,North Italy,IT-NO,149.49,195.78,69.0,50.77,entsoe.eu,false,
2024-10-22 00:00:00,Italy,North Italy,IT-NO,144.57,188.75,70.46,51.54,entsoe.eu,false,
2024-10-22 01:00:00,Italy,North Italy,IT-NO,148.2,194.16,69.37,50.92,entsoe.eu,false,
2024-10-22 02:00:00,Italy,North Italy,IT-NO,146.41,194.35,68.93,49.51,entsoe.eu,false,
2024-10-22 03:00:00,Italy,North Italy,IT-NO,161.65,210.9,65.83,47.37,entsoe.eu,false,
2024-10-22 04:00:00,Italy,North Italy,IT-NO,201.58,258.05,56.62,42.44,entsoe.eu,false,
2024-10-22 05:00:00,Italy,North Italy,IT-NO,227.15,284.64,52.23,41.86,entsoe.eu,false,
2024-10-22 06:00:00,Italy,North Italy,IT-NO,237.02,297.65,49.96,41.28,entsoe.eu,false,
2024-10-22 07:00:00,Italy,North Italy,IT-NO,234.04,296.13,50.59,42.32,entsoe.eu,false,
2024-10-22 08:00:00,Italy,North Italy,IT-NO,221.62,282.46,53.37,44.3,entsoe.eu,false,
2024-10-22 09:00:00,Italy,North Italy,IT-NO,213.17,276.45,54.04,44.67,entsoe.eu,false,
2024-10-22 10:00:00,Italy,North Italy,IT-NO,196.49,259.05,57.3,46.97,entsoe.eu,false,
2024-10-22 11:00:00,Italy,North Italy,IT-NO,193.97,256.14,57.78,46.9,entsoe.eu,false,
2024-10-22 12:00:00,Italy,North Italy,IT-NO,201.89,262.88,56.61,45.82,entsoe.eu,false,
2024-10-22 13:00:00,Italy,North Italy,IT-NO,212.1,276.23,53.7,43.04,entsoe.eu,false,
2024-10-22 14:00:00,Italy,North Italy,IT-NO,224.06,288.71,50.98,40.69,entsoe.eu,false,
2024-10-22 15:00:00,Italy,North Italy,IT-NO,229.81,293.57,50.12,39.32,entsoe.eu,false,
2024-10-22 16:00:00,Italy,North Italy,IT-NO,229.42,288.63,51.51,41.11,entsoe.eu,false,
2024-10-22 17:00:00,Italy,North Italy,IT-NO,225.41,280.35,53.46,43.32,entsoe.eu,false,
2024-10-22 18:00:00,Italy,North Italy,IT-NO,222.3,283.43,52.07,41.03,entsoe.eu,false,
2024-10-22 19:00:00,Italy,North Italy,IT-NO,209.46,267.53,55.2,41.85,entsoe.eu,false,
2024-10-22 20:00:00,Italy,North Italy,IT-NO,195.46,249.52,58.84,44.07,entsoe.eu,false,
2024-10-22 21:00:00,Italy,North Italy,IT-NO,188.64,244.6,59.61,43.81,entsoe.eu,false,
2024-10-22 22:00:00,Italy,North Italy,IT-NO,155.1,199.44,68.91,49.14,entsoe.eu,false,
2024-10-22 23:00:00,Italy,North Italy,IT-NO,148.73,191.74,70.55,49.42,entsoe.eu,false,
2024-10-23 00:00:00,Italy,North Italy,IT-NO,145.63,187.78,71.39,49.59,entsoe.eu,false,
2024-10-23 01:00:00,Italy,North Italy,IT-NO,148.09,191.14,70.81,48.95,entsoe.eu,false,
2024-10-23 02:00:00,Italy,North Italy,IT-NO,150.0,193.9,70.25,48.87,entsoe.eu,false,
2024-10-23 03:00:00,Italy,North Italy,IT-NO,161.48,208.19,67.02,47.1,entsoe.eu,false,
2024-10-23 04:00:00,Italy,North Italy,IT-NO,186.61,237.74,61.1,45.59,entsoe.eu,false,
2024-10-23 05:00:00,Italy,North Italy,IT-NO,230.69,292.04,50.55,40.55,entsoe.eu,false,
2024-10-23 06:00:00,Italy,North Italy,IT-NO,241.91,302.91,49.0,40.62,entsoe.eu,false,
2024-10-23 07:00:00,Italy,North Italy,IT-NO,230.9,288.92,52.27,43.07,entsoe.eu,false,
2024-10-23 08:00:00,Italy,North Italy,IT-NO,229.45,291.73,51.6,42.15,entsoe.eu,false,
2024-10-23 09:00:00,Italy,North Italy,IT-NO,225.8,286.49,52.63,42.76,entsoe.eu,false,
2024-10-23 10:00:00,Italy,North Italy,IT-NO,217.98,280.95,52.9,42.1,entsoe.eu,false,
2024-10-23 11:00:00,Italy,North Italy,IT-NO,214.61,276.19,54.0,42.6,entsoe.eu,false,
2024-10-23 12:00:00,Italy,North Italy,IT-NO,229.44,294.7,50.28,39.95,entsoe.eu,false,
2024-10-23 13:00:00,Italy,North Italy,IT-NO,226.38,291.15,50.81,40.11,entsoe.eu,false,
2024-10-23 14:00:00,Italy,North Italy,IT-NO,228.88,295.27,49.4,38.78,entsoe.eu,false,
2024-10-23 15:00:00,Italy,North Italy,IT-NO,240.06,305.21,47.97,38.02,entsoe.eu,false,
2024-10-23 16:00:00,Italy,North Italy,IT-NO,244.71,309.28,47.29,38.08,entsoe.eu,false,
2024-10-23 17:00:00,Italy,North Italy,IT-NO,242.99,307.58,47.58,38.8,entsoe.eu,false,
2024-10-23 18:00:00,Italy,North Italy,IT-NO,233.87,297.73,49.41,39.33,entsoe.eu,false,
2024-10-23 19:00:00,Italy,North Italy,IT-NO,207.21,265.26,55.64,42.23,entsoe.eu,false,
2024-10-23 20:00:00,Italy,North Italy,IT-NO,196.8,251.78,58.43,44.21,entsoe.eu,false,
2024-10-23 21:00:00,Italy,North Italy,IT-NO,165.88,215.26,65.41,47.62,entsoe.eu,false,
2024-10-23 22:00:00,Italy,North Italy,IT-NO,161.05,205.65,68.1,49.77,entsoe.eu,false,
2024-10-23 23:00:00,Italy,North Italy,IT-NO,144.4,194.11,69.04,49.06,entsoe.eu,false,
2024-10-24 00:00:00,Italy,North Italy,IT-NO,140.08,189.12,69.93,49.54,entsoe.eu,false,
2024-10-24 01:00:00,Italy,North Italy,IT-NO,138.42,187.15,70.34,50.1,entsoe.eu,false,
2024-10-24 02:00:00,Italy,North Italy,IT-NO,142.81,192.93,69.17,48.88,entsoe.eu,false,
2024-10-24 03:00:00,Italy,North Italy,IT-NO,158.8,213.98,64.51,45.39,entsoe.eu,false,
2024-10-24 04:00:00,Italy,North Italy,IT-NO,202.17,258.83,56.69,42.53,entsoe.eu,false,
2024-10-24 05:00:00,Italy,North Italy,IT-NO,233.62,294.56,50.13,40.09,entsoe.eu,false,
2024-10-24 06:00:00,Italy,North Italy,IT-NO,237.03,294.39,50.72,41.94,entsoe.eu,false,
2024-10-24 07:00:00,Italy,North Italy,IT-NO,228.74,290.28,51.13,40.73,entsoe.eu,false,
2024-10-24 08:00:00,Italy,North Italy,IT-NO,228.76,290.08,51.68,41.15,entsoe.eu,false,
2024-10-24 09:00:00,Italy,North Italy,IT-NO,227.71,290.07,51.83,41.03,entsoe.eu,false,
2024-10-24 10:00:00,Italy,North Italy,IT-NO,219.62,280.38,53.67,42.98,entsoe.eu,false,
2024-10-24 11:00:00,Italy,North Italy,IT-NO,209.02,267.59,56.09,44.68,entsoe.eu,false,
2024-10-24 12:00:00,Italy,North Italy,IT-NO,209.36,268.85,55.45,44.63,entsoe.eu,false,
2024-10-24 13:00:00,Italy,North Italy,IT-NO,215.12,276.87,53.47,42.92,entsoe.eu,false,
2024-10-24 14:00:00,Italy,North Italy,IT-NO,221.16,283.9,51.87,41.36,entsoe.eu,false,
2024-10-24 15:00:00,Italy,North Italy,IT-NO,235.51,301.07,48.69,38.66,entsoe.eu,false,
2024-10-24 16:00:00,Italy,North Italy,IT-NO,231.21,292.39,50.69,40.0,entsoe.eu,false,
2024-10-24 17:00:00,Italy,North Italy,IT-NO,225.84,286.98,51.56,40.36,entsoe.eu,false,
2024-10-24 18:00:00,Italy,North Italy,IT-NO,217.64,275.63,54.05,41.46,entsoe.eu,false,
2024-10-24 19:00:00,Italy,North Italy,IT-NO,201.17,256.98,57.56,42.61,entsoe.eu,false,
2024-10-24 20:00:00,Italy,North Italy,IT-NO,177.41,226.4,63.72,47.5,entsoe.eu,false,
2024-10-24 21:00:00,Italy,North Italy,IT-NO,155.91,200.24,68.77,50.33,entsoe.eu,false,
2024-10-24 22:00:00,Italy,North Italy,IT-NO,122.97,162.26,74.66,53.78,entsoe.eu,false,
2024-10-24 23:00:00,Italy,North Italy,IT-NO,121.68,160.79,75.1,52.65,entsoe.eu,false,
2024-10-25 00:00:00,Italy,North Italy,IT-NO,118.51,156.6,76.07,53.99,entsoe.eu,false,
2024-10-25 01:00:00,Italy,North Italy,IT-NO,117.7,156.29,76.2,54.23,entsoe.eu,false,
2024-10-25 02:00:00,Italy,North Italy,IT-NO,112.89,156.3,75.19,52.98,entsoe.eu,false,
2024-10-25 03:00:00,Italy,North Italy,IT-NO,131.22,174.1,71.93,52.14,entsoe.eu,false,
2024-10-25 04:00:00,Italy,North Italy,IT-NO,180.58,232.74,60.99,46.61,entsoe.eu,false,
2024-10-25 05:00:00,Italy,North Italy,IT-NO,200.33,253.18,57.72,44.95,entsoe.eu,false,
2024-10-25 06:00:00,Italy,North Italy,IT-NO,206.15,257.41,57.46,46.01,entsoe.eu,false,
2024-10-25 07:00:00,Italy,North Italy,IT-NO,213.66,268.76,55.4,44.29,entsoe.eu,false,
2024-10-25 08:00:00,Italy,North Italy,IT-NO,213.92,273.49,54.15,42.62,entsoe.eu,false,
2024-10-25 09:00:00,Italy,North Italy,IT-NO,203.39,261.89,56.36,44.41,entsoe.eu,false,
2024-10-25 10:00:00,Italy,North Italy,IT-NO,192.06,248.81,58.77,46.08,entsoe.eu,false,
2024-10-25 11:00:00,Italy,North Italy,IT-NO,184.29,239.1,60.47,47.13,entsoe.eu,false,
2024-10-25 12:00:00,Italy,North Italy,IT-NO,186.42,242.23,59.61,46.16,entsoe.eu,false,
2024-10-25 13:00:00,Italy,North Italy,IT-NO,195.17,253.51,57.1,44.41,entsoe.eu,false,
2024-10-25 14:00:00,Italy,North Italy,IT-NO,201.88,260.29,55.69,43.31,entsoe.eu,false,
2024-10-25 15:00:00,Italy,North Italy,IT-NO,212.28,271.22,53.89,42.64,entsoe.eu,false,
2024-10-25 16:00:00,Italy,North Italy,IT-NO,205.46,259.01,56.65,45.72,entsoe.eu,false,
2024-10-25 17:00:00,Italy,North Italy,IT-NO,209.72,263.02,55.98,45.8,entsoe.eu,false,
2024-10-25 18:00:00,Italy,North Italy,IT-NO,190.84,243.15,59.45,46.65,entsoe.eu,false,
2024-10-25 19:00:00,Italy,North Italy,IT-NO,161.25,205.88,66.67,50.0,entsoe.eu,false,
2024-10-25 20:00:00,Italy,North Italy,IT-NO,135.3,177.0,71.67,51.71,entsoe.eu,false,
2024-10-25 21:00:00,Italy,North Italy,IT-NO,140.73,183.59,70.58,51.54,entsoe.eu,false,
2024-10-25 22:00:00,Italy,North Italy,IT-NO,119.73,156.77,75.89,55.83,entsoe.eu,false,
2024-10-25 23:00:00,Italy,North Italy,IT-NO,111.22,147.72,77.63,56.61,entsoe.eu,false,
2024-10-26 00:00:00,Italy,North Italy,IT-NO,103.11,138.74,79.36,57.16,entsoe.eu,false,
2024-10-26 01:00:00,Italy,North Italy,IT-NO,99.12,133.97,80.26,57.93,entsoe.eu,false,
2024-10-26 02:00:00,Italy,North Italy,IT-NO,95.57,129.83,80.69,58.1,entsoe.eu,false,
2024-10-26 03:00:00,Italy,North Italy,IT-NO,98.64,132.6,80.24,57.62,entsoe.eu,false,
2024-10-26 04:00:00,Italy,North Italy,IT-NO,116.86,154.06,75.87,55.64,entsoe.eu,false,
2024-10-26 05:00:00,Italy,North Italy,IT-NO,120.04,153.18,76.63,58.12,entsoe.eu,false,
2024-10-26 06:00:00,Italy,North Italy,IT-NO,134.94,164.42,75.76,60.65,entsoe.eu,false,
2024-10-26 07:00:00,Italy,North Italy,IT-NO,128.22,160.48,75.62,59.97,entsoe.eu,false,
2024-10-26 08:00:00,Italy,North Italy,IT-NO,111.86,146.07,77.81,60.23,entsoe.eu,false,
2024-10-26 09:00:00,Italy,North Italy,IT-NO,107.1,144.36,77.98,59.35,entsoe.eu,false,
2024-10-26 10:00:00,Italy,North Italy,IT-NO,94.32,131.12,80.41,60.33,entsoe.eu,false,
2024-10-26 11:00:00,Italy,North Italy,IT-NO,85.48,123.99,81.29,60.26,entsoe.eu,false,
2024-10-26 12:00:00,Italy,North Italy,IT-NO,76.48,113.07,83.38,62.08,entsoe.eu,false,
2024-10-26 13:00:00,Italy,North Italy,IT-NO,80.05,113.99,83.6,61.85,entsoe.eu,false,
2024-10-26 14:00:00,Italy,North Italy,IT-NO,96.92,132.15,79.96,59.1,entsoe.eu,false,
2024-10-26 15:00:00,Italy,North Italy,IT-NO,122.05,153.26,77.25,60.35,entsoe.eu,false,
2024-10-26 16:00:00,Italy,North Italy,IT-NO,125.67,155.9,77.1,60.35,entsoe.eu,false,
2024-10-26 17:00:00,Italy,North Italy,IT-NO,120.83,149.89,78.25,60.4,entsoe.eu,false,
2024-10-26 18:00:00,Italy,North Italy,IT-NO,115.78,144.96,78.98,59.17,entsoe.eu,false,
2024-10-26 19:00:00,Italy,North Italy,IT-NO,108.31,140.1,79.4,57.84,entsoe.eu,false,
2024-10-26 20:00:00,Italy,North Italy,IT-NO,102.51,135.57,79.98,56.51,entsoe.eu,false,
2024-10-26 21:00:00,Italy,North Italy,IT-NO,103.0,136.63,79.85,57.67,entsoe.eu,false,
2024-10-26 22:00:00,Italy,North Italy,IT-NO,92.34,130.44,80.08,54.22,entsoe.eu,false,
2024-10-26 23:00:00,Italy,North Italy,IT-NO,94.84,134.31,79.25,54.0,entsoe.eu,false,
2024-10-27 00:00:00,Italy,North Italy,IT-NO,88.45,127.38,80.37,54.72,entsoe.eu,false,
2024-10-27 01:00:00,Italy,North Italy,IT-NO,98.87,133.54,79.65,55.49,entsoe.eu,false,
2024-10-27 02:00:00,Italy,North Italy,IT-NO,112.13,150.91,76.87,55.62,entsoe.eu,false,
2024-10-27 03:00:00,Italy,North Italy,IT-NO,124.52,163.25,74.93,55.27,entsoe.eu,false,
2024-10-27 04:00:00,Italy,North Italy,IT-NO,117.22,154.6,76.63,55.76,entsoe.eu,false,
2024-10-27 05:00:00,Italy,North Italy,IT-NO,118.51,156.04,76.06,56.29,entsoe.eu,false,
2024-10-27 06:00:00,Italy,North Italy,IT-NO,128.33,162.53,75.61,58.22,entsoe.eu,false,
2024-10-27 07:00:00,Italy,North Italy,IT-NO,127.9,162.36,75.86,61.28,entsoe.eu,false,
2024-10-27 08:00:00,Italy,North Italy,IT-NO,119.58,152.97,77.7,64.23,entsoe.eu,false,
2024-10-27 09:00:00,Italy,North Italy,IT-NO,121.01,159.68,75.87,64.87,entsoe.eu,false,
2024-10-27 10:00:00,Italy,North Italy,IT-NO,113.11,153.53,76.93,67.08,entsoe.eu,false,
2024-10-27 11:00:00,Italy,North Italy,IT-NO,107.98,147.82,77.92,67.38,entsoe.eu,false,
2024-10-27 12:00:00,Italy,North Italy,IT-NO,94.92,137.17,79.19,66.97,entsoe.eu,false,
2024-10-27 13:00:00,Italy,North Italy,IT-NO,94.38,135.25,79.29,63.25,entsoe.eu,false,
2024-10-27 14:00:00,Italy,North Italy,IT-NO,109.51,146.25,77.86,61.12,entsoe.eu,false,
2024-10-27 15:00:00,Italy,North Italy,IT-NO,125.07,159.64,75.7,58.71,entsoe.eu,false,
2024-10-27 16:00:00,Italy,North Italy,IT-NO,137.6,165.38,76.16,61.09,entsoe.eu,false,
2024-10-27 17:00:00,Italy,North Italy,IT-NO,128.41,159.39,76.65,60.84,entsoe.eu,false,
2024-10-27 18:00:00,Italy,North Italy,IT-NO,127.37,157.89,77.08,60.26,entsoe.eu,false,
2024-10-27 19:00:00,Italy,North Italy,IT-NO,128.44,161.57,76.21,57.44,entsoe.eu,false,
2024-10-27 20:00:00,Italy,North Italy,IT-NO,110.3,145.98,78.26,56.59,entsoe.eu,false,
2024-10-27 21:00:00,Italy,North Italy,IT-NO,121.87,154.71,77.33,56.07,entsoe.eu,false,
2024-10-27 22:00:00,Italy,North Italy,IT-NO,111.92,145.12,78.75,55.79,entsoe.eu,false,
2024-10-27 23:00:00,Italy,North Italy,IT-NO,99.98,139.3,78.62,55.13,entsoe.eu,false,
2024-10-28 00:00:00,Italy,North Italy,IT-NO,97.94,138.39,78.64,55.45,entsoe.eu,false,
2024-10-28 01:00:00,Italy,North Italy,IT-NO,96.63,136.92,79.03,55.96,entsoe.eu,false,
2024-10-28 02:00:00,Italy,North Italy,IT-NO,96.82,137.85,78.63,55.83,entsoe.eu,false,
2024-10-28 03:00:00,Italy,North Italy,IT-NO,109.17,153.16,75.7,52.93,entsoe.eu,false,
2024-10-28 04:00:00,Italy,North Italy,IT-NO,119.86,165.76,73.36,50.67,entsoe.eu,false,
2024-10-28 05:00:00,Italy,North Italy,IT-NO,160.11,206.31,66.48,48.7,entsoe.eu,false,
2024-10-28 06:00:00,Italy,North Italy,IT-NO,178.12,225.52,63.44,47.96,entsoe.eu,false,
2024-10-28 07:00:00,Italy,North Italy,IT-NO,164.21,209.32,66.57,49.96,entsoe.eu,false,
2024-10-28 08:00:00,Italy,North Italy,IT-NO,155.5,201.77,67.9,52.35,entsoe.eu,false,
2024-10-28 09:00:00,Italy,North Italy,IT-NO,139.89,184.08,71.59,55.11,entsoe.eu,false,
2024-10-28 10:00:00,Italy,North Italy,IT-NO,133.52,181.24,71.6,54.83,entsoe.eu,false,
2024-10-28 11:00:00,Italy,North Italy,IT-NO,126.45,175.87,72.23,55.85,entsoe.eu,false,
2024-10-28 12:00:00,Italy,North Italy,IT-NO,133.63,184.1,70.9,54.22,entsoe.eu,false,
2024-10-28 13:00:00,Italy,North Italy,IT-NO,159.37,214.8,64.77,49.74,entsoe.eu,false,
2024-10-28 14:00:00,Italy,North Italy,IT-NO,188.01,244.98,59.21,45.43,entsoe.eu,false,
2024-10-28 15:00:00,Italy,North Italy,IT-NO,198.86,250.03,58.81,45.81,entsoe.eu,false,
2024-10-28 16:00:00,Italy,North Italy,IT-NO,204.15,256.39,57.45,45.59,entsoe.eu,false,
2024-10-28 17:00:00,Italy,North Italy,IT-NO,223.7,270.93,56.02,46.34,entsoe.eu,false,
2024-10-28 18:00:00,Italy,North Italy,IT-NO,206.2,257.21,57.62,45.82,entsoe.eu,false,
2024-10-28 19:00:00,Italy,North Italy,IT-NO,197.65,252.12,57.86,44.21,entsoe.eu,false,
2024-10-28 20:00:00,Italy,North Italy,IT-NO,174.67,224.4,63.1,45.36,entsoe.eu,false,
2024-10-28 21:00:00,Italy,North Italy,IT-NO,163.61,215.17,64.47,45.25,entsoe.eu,false,
2024-10-28 22:00:00,Italy,North Italy,IT-NO,144.36,191.63,69.35,47.97,entsoe.eu,false,
2024-10-28 23:00:00,Italy,North Italy,IT-NO,146.25,197.1,68.56,46.34,entsoe.eu,false,
2024-10-29 00:00:00,Italy,North Italy,IT-NO,138.2,187.61,70.09,46.04,entsoe.eu,false,
2024-10-29 01:00:00,Italy,North Italy,IT-NO,139.87,189.59,69.81,46.07,entsoe.eu,false,
2024-10-29 02:00:00,Italy,North Italy,IT-NO,138.27,187.83,70.07,46.41,entsoe.eu,false,
2024-10-29 03:00:00,Italy,North Italy,IT-NO,134.66,183.68,70.62,47.1,entsoe.eu,false,
2024-10-29 04:00:00,Italy,North Italy,IT-NO,145.98,197.64,67.72,46.29,entsoe.eu,false,
2024-10-29 05:00:00,Italy,North Italy,IT-NO,187.14,240.65,60.16,45.52,entsoe.eu,false,
2024-10-29 06:00:00,Italy,North Italy,IT-NO,209.2,257.39,58.74,47.75,entsoe.eu,false,
2024-10-29 07:00:00,Italy,North Italy,IT-NO,211.53,261.0,58.26,48.43,entsoe.eu,false,
2024-10-29 08:00:00,Italy,North Italy,IT-NO,197.11,256.11,57.66,48.2,entsoe.eu,false,
2024-10-29 09:00:00,Italy,North Italy,IT-NO,195.1,257.47,57.18,48.02,entsoe.eu,false,
2024-10-29 10:00:00,Italy,North Italy,IT-NO,195.17,260.25,56.41,46.84,entsoe.eu,false,
2024-10-29 11:00:00,Italy,North Italy,IT-NO,180.33,242.57,59.85,49.11,entsoe.eu,false,
2024-10-29 12:00:00,Italy,North Italy,IT-NO,185.5,249.38,58.43,47.83,entsoe.eu,false,
2024-10-29 13:00:00,Italy,North Italy,IT-NO,205.05,271.12,54.31,44.8,entsoe.eu,false,
2024-10-29 14:00:00,Italy,North Italy,IT-NO,231.35,297.09,49.72,41.9,entsoe.eu,false,
2024-10-29 15:00:00,Italy,North Italy,IT-NO,237.17,296.56,50.47,42.5,entsoe.eu,false,
2024-10-29 16:00:00,Italy,North Italy,IT-NO,251.24,305.85,49.61,41.75,entsoe.eu,false,
2024-10-29 17:00:00,Italy,North Italy,IT-NO,252.84,310.61,48.45,41.21,entsoe.eu,false,
2024-10-29 18:00:00,Italy,North Italy,IT-NO,244.32,301.59,50.05,41.64,entsoe.eu,false,
2024-10-29 19:00:00,Italy,North Italy,IT-NO,237.36,300.41,49.36,38.15,entsoe.eu,false,
2024-10-29 20:00:00,Italy,North Italy,IT-NO,213.09,276.71,53.38,38.61,entsoe.eu,false,
2024-10-29 21:00:00,Italy,North Italy,IT-NO,198.36,259.73,57.01,40.16,entsoe.eu,false,
2024-10-29 22:00:00,Italy,North Italy,IT-NO,181.62,239.01,61.19,42.25,entsoe.eu,false,
2024-10-29 23:00:00,Italy,North Italy,IT-NO,155.69,208.52,66.64,45.41,entsoe.eu,false,
2024-10-30 00:00:00,Italy,North Italy,IT-NO,152.51,205.9,66.83,44.27,entsoe.eu,false,
2024-10-30 01:00:00,Italy,North Italy,IT-NO,153.92,207.64,66.79,44.37,entsoe.eu,false,
2024-10-30 02:00:00,Italy,North Italy,IT-NO,151.83,205.15,67.23,44.77,entsoe.eu,false,
2024-10-30 03:00:00,Italy,North Italy,IT-NO,155.83,209.96,66.29,43.85,entsoe.eu,false,
2024-10-30 04:00:00,Italy,North Italy,IT-NO,174.51,232.75,61.77,42.75,entsoe.eu,false,
2024-10-30 05:00:00,Italy,North Italy,IT-NO,210.11,272.6,53.92,40.12,entsoe.eu,false,
2024-10-30 06:00:00,Italy,North Italy,IT-NO,221.31,279.01,53.91,42.35,entsoe.eu,false,
2024-10-30 07:00:00,Italy,North Italy,IT-NO,231.81,288.0,53.12,43.59,entsoe.eu,false,
2024-10-30 08:00:00,Italy,North Italy,IT-NO,219.64,284.54,52.42,43.65,entsoe.eu,false,
2024-10-30 09:00:00,Italy,North Italy,IT-NO,193.01,252.85,58.68,48.15,entsoe.eu,false,
2024-10-30 10:00:00,Italy,North Italy,IT-NO,185.61,249.0,58.92,48.02,entsoe.eu,false,
2024-10-30 11:00:00,Italy,North Italy,IT-NO,172.64,233.68,61.71,50.62,entsoe.eu,false,
2024-10-30 12:00:00,Italy,North Italy,IT-NO,184.82,249.08,58.54,47.93,entsoe.eu,false,
2024-10-30 13:00:00,Italy,North Italy,IT-NO,203.88,271.62,54.29,43.36,entsoe.eu,false,
2024-10-30 14:00:00,Italy,North Italy,IT-NO,234.66,303.3,48.17,39.49,entsoe.eu,false,
2024-10-30 15:00:00,Italy,North Italy,IT-NO,238.97,303.22,48.39,40.12,entsoe.eu,false,
2024-10-30 16:00:00,Italy,North Italy,IT-NO,244.76,303.24,49.26,41.04,entsoe.eu,false,
2024-10-30 17:00:00,Italy,North Italy,IT-NO,239.7,301.59,49.03,40.58,entsoe.eu,false,
2024-10-30 18:00:00,Italy,North Italy,IT-NO,233.96,298.3,49.25,39.85,entsoe.eu,false,
2024-10-30 19:00:00,Italy,North Italy,IT-NO,236.76,304.38,47.95,37.25,entsoe.eu,false,
2024-10-30 20:00:00,Italy,North Italy,IT-NO,211.94,274.32,53.86,39.83,entsoe.eu,false,
2024-10-30 21:00:00,Italy,North Italy,IT-NO,192.51,250.08,59.02,41.67,entsoe.eu,false,
2024-10-30 22:00:00,Italy,North Italy,IT-NO,175.84,229.67,63.12,43.67,entsoe.eu,false,
2024-10-30 23:00:00,Italy,North Italy,IT-NO,173.83,228.05,62.87,42.71,entsoe.eu,false,
2024-10-31 00:00:00,Italy,North Italy,IT-NO,158.04,209.55,66.36,44.21,entsoe.eu,false,
2024-10-31 01:00:00,Italy,North Italy,IT-NO,155.42,207.35,66.69,43.54,entsoe.eu,false,
2024-10-31 02:00:00,Italy,North Italy,IT-NO,148.14,198.6,68.41,44.6,entsoe.eu,false,
2024-10-31 03:00:00,Italy,North Italy,IT-NO,149.47,200.5,67.8,43.94,entsoe.eu,false,
2024-10-31 04:00:00,Italy,North Italy,IT-NO,161.45,214.34,65.1,43.77,entsoe.eu,false,
2024-10-31 05:00:00,Italy,North Italy,IT-NO,176.83,228.5,62.49,46.09,entsoe.eu,false,
2024-10-31 06:00:00,Italy,North Italy,IT-NO,180.15,228.66,63.21,49.36,entsoe.eu,false,
2024-10-31 07:00:00,Italy,North Italy,IT-NO,179.38,228.42,63.52,50.68,entsoe.eu,false,
2024-10-31 08:00:00,Italy,North Italy,IT-NO,174.11,225.97,64.02,51.3,entsoe.eu,false,
2024-10-31 09:00:00,Italy,North Italy,IT-NO,144.68,198.11,68.2,53.76,entsoe.eu,false,
2024-10-31 10:00:00,Italy,North Italy,IT-NO,137.17,189.82,69.73,55.06,entsoe.eu,false,
2024-10-31 11:00:00,Italy,North Italy,IT-NO,129.87,181.83,71.01,57.26,entsoe.eu,false,
2024-10-31 12:00:00,Italy,North Italy,IT-NO,142.61,197.12,68.37,54.99,entsoe.eu,false,
2024-10-31 13:00:00,Italy,North Italy,IT-NO,168.62,228.31,62.5,49.1,entsoe.eu,false,
2024-10-31 14:00:00,Italy,North Italy,IT-NO,191.82,255.92,56.77,44.04,entsoe.eu,false,
2024-10-31 15:00:00,Italy,North Italy,IT-NO,204.37,258.7,57.43,45.79,entsoe.eu,false,
2024-10-31 16:00:00,Italy,North Italy,IT-NO,217.16,272.56,55.04,43.26,entsoe.eu,false,
2024-10-31 17:00:00,Italy,North Italy,IT-NO,218.11,266.45,57.32,46.77,entsoe.eu,false,
2024-10-31 18:00:00,Italy,North Italy,IT-NO,211.1,268.0,55.63,44.1,entsoe.eu,false,
2024-10-31 19:00:00,Italy,North Italy,IT-NO,209.37,267.98,55.62,42.64,entsoe.eu,false,
2024-10-31 20:00:00,Italy,North Italy,IT-NO,168.04,218.33,65.26,47.14,entsoe.eu,false,
2024-10-31 21:00:00,Italy,North Italy,IT-NO,147.31,198.7,68.29,45.91,entsoe.eu,false,
2024-10-31 22:00:00,Italy,North Italy,IT-NO,140.47,190.09,70.48,46.91,entsoe.eu,false,
2024-10-31 23:00:00,Italy,North Italy,IT-NO,146.0,194.19,70.15,46.8,entsoe.eu,false,
2024-11-01 00:00:00,Italy,North Italy,IT-NO,140.34,187.85,71.06,45.57,entsoe.eu,false,
2024-11-01 01:00:00,Italy,North Italy,IT-NO,148.45,197.13,69.53,45.63,entsoe.eu,false,
2024-11-01 02:00:00,Italy,North Italy,IT-NO,160.25,212.15,66.84,45.06,entsoe.eu,false,
2024-11-01 03:00:00,Italy,North Italy,IT-NO,146.04,196.92,69.06,46.52,entsoe.eu,false,
2024-11-01 04:00:00,Italy,North Italy,IT-NO,145.88,197.01,68.7,45.01,entsoe.eu,false,
2024-11-01 05:00:00,Italy,North Italy,IT-NO,161.68,210.81,66.26,45.99,entsoe.eu,false,
2024-11-01 06:00:00,Italy,North Italy,IT-NO,163.38,211.74,66.35,48.64,entsoe.eu,false,
2024-11-01 07:00:00,Italy,North Italy,IT-NO,158.43,202.9,68.89,54.2,entsoe.eu,false,
2024-11-01 08:00:00,Italy,North Italy,IT-NO,149.72,198.42,69.53,59.75,entsoe.eu,false,
2024-11-01 09:00:00,Italy,North Italy,IT-NO,138.89,188.05,71.44,63.55,entsoe.eu,false,
2024-11-01 10:00:00,Italy,North Italy,IT-NO,124.97,173.55,74.45,67.33,entsoe.eu,false,
2024-11-01 11:00:00,Italy,North Italy,IT-NO,126.91,176.34,74.2,68.32,entsoe.eu,false,
2024-11-01 12:00:00,Italy,North Italy,IT-NO,124.75,173.4,74.25,67.22,entsoe.eu,false,
2024-11-01 13:00:00,Italy,North Italy,IT-NO,151.42,204.37,67.83,61.0,entsoe.eu,false,
2024-11-01 14:00:00,Italy,North Italy,IT-NO,162.62,218.08,64.69,54.85,entsoe.eu,false,
2024-11-01 15:00:00,Italy,North Italy,IT-NO,177.76,222.34,64.88,53.52,entsoe.eu,false,
2024-11-01 16:00:00,Italy,North Italy,IT-NO,178.59,221.51,65.34,52.18,entsoe.eu,false,
2024-11-01 17:00:00,Italy,North Italy,IT-NO,177.72,222.02,64.86,51.2,entsoe.eu,false,
2024-11-01 18:00:00,Italy,North Italy,IT-NO,173.78,219.15,65.41,50.2,entsoe.eu,false,
2024-11-01 19:00:00,Italy,North Italy,IT-NO,166.92,210.64,67.29,51.44,entsoe.eu,false,
2024-11-01 20:00:00,Italy,North Italy,IT-NO,160.9,208.56,66.93,49.21,entsoe.eu,false,
2024-11-01 21:00:00,Italy,North Italy,IT-NO,163.15,218.34,64.48,45.09,entsoe.eu,false,
2024-11-01 22:00:00,Italy,North Italy,IT-NO,142.35,192.23,69.99,47.26,entsoe.eu,false,
2024-11-01 23:00:00,Italy,North Italy,IT-NO,132.78,177.96,73.56,49.98,entsoe.eu,false,
2024-11-02 00:00:00,Italy,North Italy,IT-NO,138.87,187.1,71.22,48.79,entsoe.eu,false,
2024-11-02 01:00:00,Italy,North Italy,IT-NO,128.28,176.04,73.01,48.16,entsoe.eu,false,
2024-11-02 02:00:00,Italy,North Italy,IT-NO,128.42,176.55,72.78,46.95,entsoe.eu,false,
2024-11-02 03:00:00,Italy,North Italy,IT-NO,133.5,183.21,71.17,45.53,entsoe.eu,false,
2024-11-02 04:00:00,Italy,North Italy,IT-NO,134.07,183.69,70.89,45.53,entsoe.eu,false,
2024-11-02 05:00:00,Italy,North Italy,IT-NO,128.58,175.65,72.62,47.14,entsoe.eu,false,
2024-11-02 06:00:00,Italy,North Italy,IT-NO,139.58,178.8,73.41,53.19,entsoe.eu,false,
2024-11-02 07:00:00,Italy,North Italy,IT-NO,143.94,184.15,72.63,57.31,entsoe.eu,false,
2024-11-02 08:00:00,Italy,North Italy,IT-NO,132.09,173.08,74.37,61.76,entsoe.eu,false,
2024-11-02 09:00:00,Italy,North Italy,IT-NO,114.12,162.06,75.93,64.12,entsoe.eu,false,
2024-11-02 10:00:00,Italy,North Italy,IT-NO,127.31,179.8,74.71,64.7,entsoe.eu,false,
2024-11-02 11:00:00,Italy,North Italy,IT-NO,121.61,172.75,75.96,64.59,entsoe.eu,false,
2024-11-02 12:00:00,Italy,North Italy,IT-NO,131.22,184.02,73.05,61.9,entsoe.eu,false,
2024-11-02 13:00:00,Italy,North Italy,IT-NO,123.77,173.93,73.15,60.29,entsoe.eu,false,
2024-11-02 14:00:00,Italy,North Italy,IT-NO,138.14,190.88,69.15,54.27,entsoe.eu,false,
2024-11-02 15:00:00,Italy,North Italy,IT-NO,148.08,192.57,69.66,53.92,entsoe.eu,false,
2024-11-02 16:00:00,Italy,North Italy,IT-NO,151.09,188.47,71.42,57.31,entsoe.eu,false,
2024-11-02 17:00:00,Italy,North Italy,IT-NO,159.41,194.71,70.57,57.22,entsoe.eu,false,
2024-11-02 18:00:00,Italy,North Italy,IT-NO,147.64,186.09,71.46,54.98,entsoe.eu,false,
2024-11-02 19:00:00,Italy,North Italy,IT-NO,144.2,186.72,70.77,51.02,entsoe.eu,false,
2024-11-02 20:00:00,Italy,North Italy,IT-NO,133.1,176.4,72.51,49.92,entsoe.eu,false,
2024-11-02 21:00:00,Italy,North Italy,IT-NO,133.76,181.74,71.21,46.95,entsoe.eu,false,
2024-11-02 22:00:00,Italy,North Italy,IT-NO,138.31,187.98,70.09,46.08,entsoe.eu,false,
2024-11-02 23:00:00,Italy,North Italy,IT-NO,145.49,197.13,68.62,46.43,entsoe.eu,false,
2024-11-03 00:00:00,Italy,North Italy,IT-NO,158.91,211.76,66.5,47.3,entsoe.eu,false,
2024-11-03 01:00:00,Italy,North Italy,IT-NO,167.1,221.8,64.79,46.51,entsoe.eu,false,
2024-11-03 02:00:00,Italy,North Italy,IT-NO,178.86,235.91,62.37,45.53,entsoe.eu,false,
2024-11-03 03:00:00,Italy,North Italy,IT-NO,179.63,237.94,61.65,45.68,entsoe.eu,false,
2024-11-03 04:00:00,Italy,North Italy,IT-NO,172.36,228.83,63.3,45.74,entsoe.eu,false,
2024-11-03 05:00:00,Italy,North Italy,IT-NO,166.89,217.9,65.35,48.14,entsoe.eu,false,
2024-11-03 06:00:00,Italy,North Italy,IT-NO,170.96,221.37,64.86,50.62,entsoe.eu,false,
2024-11-03 07:00:00,Italy,North Italy,IT-NO,160.28,209.46,67.26,55.65,entsoe.eu,false,
2024-11-03 08:00:00,Italy,North Italy,IT-NO,141.64,190.44,71.48,60.69,entsoe.eu,false,
2024-11-03 09:00:00,Italy,North Italy,IT-NO,126.73,176.29,74.45,64.78,entsoe.eu,false,
2024-11-03 10:00:00,Italy,North Italy,IT-NO,116.38,166.99,75.62,66.12,entsoe.eu,false,
2024-11-03 11:00:00,Italy,North Italy,IT-NO,120.16,171.65,74.47,65.6,entsoe.eu,false,
2024-11-03 12:00:00,Italy,North Italy,IT-NO,123.15,175.42,73.86,65.05,entsoe.eu,false,
2024-11-03 13:00:00,Italy,North Italy,IT-NO,138.57,193.75,69.19,59.39,entsoe.eu,false,
2024-11-03 14:00:00,Italy,North Italy,IT-NO,164.26,220.18,64.52,52.6,entsoe.eu,false,
2024-11-03 15:00:00,Italy,North Italy,IT-NO,165.52,211.6,66.44,53.22,entsoe.eu,false,
2024-11-03 16:00:00,Italy,North Italy,IT-NO,164.14,204.88,68.12,53.89,entsoe.eu,false,
2024-11-03 17:00:00,Italy,North Italy,IT-NO,150.81,190.34,70.71,54.6,entsoe.eu,false,
2024-11-03 18:00:00,Italy,North Italy,IT-NO,148.59,190.24,70.53,51.71,entsoe.eu,false,
2024-11-03 19:00:00,Italy,North Italy,IT-NO,150.42,193.34,69.93,49.92,entsoe.eu,false,
2024-11-03 20:00:00,Italy,North Italy,IT-NO,154.33,202.18,67.91,46.96,entsoe.eu,false,
2024-11-03 21:00:00,Italy,North Italy,IT-NO,153.39,204.08,67.63,44.9,entsoe.eu,false,
2024-11-03 22:00:00,Italy,North Italy,IT-NO,158.84,210.86,66.55,43.32,entsoe.eu,false,
2024-11-03 23:00:00,Italy,North Italy,IT-NO,161.75,215.72,65.16,43.99,entsoe.eu,false,
2024-11-04 00:00:00,Italy,North Italy,IT-NO,170.08,225.45,63.84,44.38,entsoe.eu,false,
2024-11-04 01:00:00,Italy,North Italy,IT-NO,165.28,219.02,65.21,44.86,entsoe.eu,false,
2024-11-04 02:00:00,Italy,North Italy,IT-NO,170.56,225.83,64.01,43.01,entsoe.eu,false,
2024-11-04 03:00:00,Italy,North Italy,IT-NO,171.58,227.51,63.71,43.21,entsoe.eu,false,
2024-11-04 04:00:00,Italy,North Italy,IT-NO,171.21,227.35,63.11,42.69,entsoe.eu,false,
2024-11-04 05:00:00,Italy,North Italy,IT-NO,209.35,274.5,52.91,38.82,entsoe.eu,false,
2024-11-04 06:00:00,Italy,North Italy,IT-NO,212.18,268.08,55.5,43.72,entsoe.eu,false,
2024-11-04 07:00:00,Italy,North Italy,IT-NO,210.51,266.12,56.2,46.0,entsoe.eu,false,
2024-11-04 08:00:00,Italy,North Italy,IT-NO,218.93,283.01,52.65,42.48,entsoe.eu,false,
2024-11-04 09:00:00,Italy,North Italy,IT-NO,208.38,274.79,54.14,43.42,entsoe.eu,false,
2024-11-04 10:00:00,Italy,North Italy,IT-NO,201.54,267.48,55.5,44.63,entsoe.eu,false,
2024-11-04 11:00:00,Italy,North Italy,IT-NO,196.84,261.91,56.89,46.41,entsoe.eu,false,
2024-11-04 12:00:00,Italy,North Italy,IT-NO,201.26,267.26,55.54,44.75,entsoe.eu,false,
2024-11-04 13:00:00,Italy,North Italy,IT-NO,217.73,286.71,51.58,40.92,entsoe.eu,false,
2024-11-04 14:00:00,Italy,North Italy,IT-NO,230.2,294.7,50.48,40.26,entsoe.eu,false,
2024-11-04 15:00:00,Italy,North Italy,IT-NO,250.01,305.38,49.84,41.21,entsoe.eu,false,
2024-11-04 16:00:00,Italy,North Italy,IT-NO,256.76,320.46,46.22,37.38,entsoe.eu,false,
2024-11-04 17:00:00,Italy,North Italy,IT-NO,259.2,326.01,44.91,36.93,entsoe.eu,false,
2024-11-04 18:00:00,Italy,North Italy,IT-NO,257.04,322.21,45.75,37.78,entsoe.eu,false,
2024-11-04 19:00:00,Italy,North Italy,IT-NO,256.06,328.23,43.85,34.82,entsoe.eu,false,
2024-11-04 20:00:00,Italy,North Italy,IT-NO,233.91,305.47,47.87,33.95,entsoe.eu,false,
2024-11-04 21:00:00,Italy,North Italy,IT-NO,212.11,278.79,53.18,35.31,entsoe.eu,false,
2024-11-04 22:00:00,Italy,North Italy,IT-NO,207.0,272.59,54.5,34.99,entsoe.eu,false,
2024-11-04 23:00:00,Italy,North Italy,IT-NO,198.66,261.42,56.64,35.96,entsoe.eu,false,
2024-11-05 00:00:00,Italy,North Italy,IT-NO,193.5,255.95,57.5,33.9,entsoe.eu,false,
2024-11-05 01:00:00,Italy,North Italy,IT-NO,187.73,248.88,58.92,34.86,entsoe.eu,false,
2024-11-05 02:00:00,Italy,North Italy,IT-NO,190.0,252.13,58.38,34.97,entsoe.eu,false,
2024-11-05 03:00:00,Italy,North Italy,IT-NO,200.92,264.2,56.47,34.42,entsoe.eu,false,
2024-11-05 04:00:00,Italy,North Italy,IT-NO,212.27,279.07,53.01,34.04,entsoe.eu,false,
2024-11-05 05:00:00,Italy,North Italy,IT-NO,243.17,315.86,45.52,33.06,entsoe.eu,false,
2024-11-05 06:00:00,Italy,North Italy,IT-NO,245.4,316.31,45.43,35.63,entsoe.eu,false,
2024-11-05 07:00:00,Italy,North Italy,IT-NO,244.26,314.24,45.83,37.54,entsoe.eu,false,
2024-11-05 08:00:00,Italy,North Italy,IT-NO,253.75,328.17,43.96,37.1,entsoe.eu,false,
2024-11-05 09:00:00,Italy,North Italy,IT-NO,212.85,277.49,53.84,42.44,entsoe.eu,false,
2024-11-05 10:00:00,Italy,North Italy,IT-NO,202.83,267.75,55.94,43.72,entsoe.eu,false,
2024-11-05 11:00:00,Italy,North Italy,IT-NO,193.98,260.05,56.67,44.38,entsoe.eu,false,
2024-11-05 12:00:00,Italy,North Italy,IT-NO,202.53,270.22,54.78,41.93,entsoe.eu,false,
2024-11-05 13:00:00,Italy,North Italy,IT-NO,231.71,304.29,47.65,36.8,entsoe.eu,false,
2024-11-05 14:00:00,Italy,North Italy,IT-NO,250.97,326.1,43.44,33.34,entsoe.eu,false,
2024-11-05 15:00:00,Italy,North Italy,IT-NO,262.36,330.29,43.93,34.39,entsoe.eu,false,
2024-11-05 16:00:00,Italy,North Italy,IT-NO,273.43,338.23,43.18,35.24,entsoe.eu,false,
2024-11-05 17:00:00,Italy,North Italy,IT-NO,271.21,343.61,41.02,34.22,entsoe.eu,false,
2024-11-05 18:00:00,Italy,North Italy,IT-NO,271.82,345.13,40.59,34.52,entsoe.eu,false,
2024-11-05 19:00:00,Italy,North Italy,IT-NO,277.26,352.97,39.1,31.91,entsoe.eu,false,
2024-11-05 20:00:00,Italy,North Italy,IT-NO,257.37,332.98,42.28,31.45,entsoe.eu,false,
2024-11-05 21:00:00,Italy,North Italy,IT-NO,257.03,335.31,41.54,29.87,entsoe.eu,false,
2024-11-05 22:00:00,Italy,North Italy,IT-NO,227.26,297.63,49.24,33.53,entsoe.eu,false,
2024-11-05 23:00:00,Italy,North Italy,IT-NO,206.38,271.62,54.62,34.43,entsoe.eu,false,
2024-11-06 00:00:00,Italy,North Italy,IT-NO,197.59,260.71,56.79,34.21,entsoe.eu,false,
2024-11-06 01:00:00,Italy,North Italy,IT-NO,203.87,269.71,54.9,32.33,entsoe.eu,false,
2024-11-06 02:00:00,Italy,North Italy,IT-NO,205.21,271.81,54.16,32.26,entsoe.eu,false,
2024-11-06 03:00:00,Italy,North Italy,IT-NO,205.47,272.12,54.14,32.34,entsoe.eu,false,
2024-11-06 04:00:00,Italy,North Italy,IT-NO,231.73,304.71,47.94,30.27,entsoe.eu,false,
2024-11-06 05:00:00,Italy,North Italy,IT-NO,265.42,345.37,39.8,29.68,entsoe.eu,false,
2024-11-06 06:00:00,Italy,North Italy,IT-NO,263.77,336.78,42.33,33.85,entsoe.eu,false,
2024-11-06 07:00:00,Italy,North Italy,IT-NO,260.04,329.3,44.36,36.64,entsoe.eu,false,
2024-11-06 08:00:00,Italy,North Italy,IT-NO,266.31,342.17,41.87,35.0,entsoe.eu,false,
2024-11-06 09:00:00,Italy,North Italy,IT-NO,263.75,339.8,42.86,35.47,entsoe.eu,false,
2024-11-06 10:00:00,Italy,North Italy,IT-NO,261.9,339.6,43.04,37.03,entsoe.eu,false,
2024-11-06 11:00:00,Italy,North Italy,IT-NO,256.3,337.27,42.77,37.01,entsoe.eu,false,
2024-11-06 12:00:00,Italy,North Italy,IT-NO,257.89,338.58,42.59,36.59,entsoe.eu,false,
2024-11-06 13:00:00,Italy,North Italy,IT-NO,271.17,352.75,39.45,32.58,entsoe.eu,false,
2024-11-06 14:00:00,Italy,North Italy,IT-NO,267.21,343.2,41.05,32.63,entsoe.eu,false,
2024-11-06 15:00:00,Italy,North Italy,IT-NO,266.54,339.71,41.73,32.91,entsoe.eu,false,
2024-11-06 16:00:00,Italy,North Italy,IT-NO,275.93,347.08,40.86,33.5,entsoe.eu,false,
2024-11-06 17:00:00,Italy,North Italy,IT-NO,278.45,350.59,40.13,33.76,entsoe.eu,false,
2024-11-06 18:00:00,Italy,North Italy,IT-NO,282.0,354.39,39.39,33.44,entsoe.eu,false,
2024-11-06 19:00:00,Italy,North Italy,IT-NO,284.26,363.59,36.83,29.5,entsoe.eu,false,
2024-11-06 20:00:00,Italy,North Italy,IT-NO,284.04,365.51,36.33,28.04,entsoe.eu,false,
2024-11-06 21:00:00,Italy,North Italy,IT-NO,278.32,359.04,38.01,26.95,entsoe.eu,false,
2024-11-06 22:00:00,Italy,North Italy,IT-NO,248.94,321.69,45.82,30.54,entsoe.eu,false,
2024-11-06 23:00:00,Italy,North Italy,IT-NO,218.06,286.33,51.93,32.66,entsoe.eu,false,
2024-11-07 00:00:00,Italy,North Italy,IT-NO,192.88,256.51,56.98,34.27,entsoe.eu,false,
2024-11-07 01:00:00,Italy,North Italy,IT-NO,192.21,255.21,57.74,34.29,entsoe.eu,false,
2024-11-07 02:00:00,Italy,North Italy,IT-NO,192.2,255.04,57.95,34.74,entsoe.eu,false,
2024-11-07 03:00:00,Italy,North Italy,IT-NO,206.96,273.54,54.14,33.46,entsoe.eu,false,
2024-11-07 04:00:00,Italy,North Italy,IT-NO,230.71,302.47,48.5,31.52,entsoe.eu,false,
2024-11-07 05:00:00,Italy,North Italy,IT-NO,264.57,341.9,40.7,30.71,entsoe.eu,false,
2024-11-07 06:00:00,Italy,North Italy,IT-NO,256.0,327.56,43.64,35.45,entsoe.eu,false,
2024-11-07 07:00:00,Italy,North Italy,IT-NO,247.68,318.32,45.56,37.2,entsoe.eu,false,
2024-11-07 08:00:00,Italy,North Italy,IT-NO,241.52,310.67,46.91,39.19,entsoe.eu,false,
2024-11-07 09:00:00,Italy,North Italy,IT-NO,256.85,332.18,43.48,36.4,entsoe.eu,false,
2024-11-07 10:00:00,Italy,North Italy,IT-NO,254.31,329.12,44.1,37.22,entsoe.eu,false,
2024-11-07 11:00:00,Italy,North Italy,IT-NO,241.97,320.23,44.49,36.81,entsoe.eu,false,
2024-11-07 12:00:00,Italy,North Italy,IT-NO,249.27,326.49,43.79,36.1,entsoe.eu,false,
2024-11-07 13:00:00,Italy,North Italy,IT-NO,267.74,347.0,39.97,33.18,entsoe.eu,false,
2024-11-07 14:00:00,Italy,North Italy,IT-NO,268.41,346.52,39.89,32.71,entsoe.eu,false,
2024-11-07 15:00:00,Italy,North Italy,IT-NO,264.02,335.15,42.7,35.01,entsoe.eu,false,
2024-11-07 16:00:00,Italy,North Italy,IT-NO,255.29,319.05,46.29,38.03,entsoe.eu,false,
2024-11-07 17:00:00,Italy,North Italy,IT-NO,250.56,314.02,47.08,38.61,entsoe.eu,false,
2024-11-07 18:00:00,Italy,North Italy,IT-NO,249.98,316.16,46.21,37.35,entsoe.eu,false,
2024-11-07 19:00:00,Italy,North Italy,IT-NO,255.23,329.0,43.03,33.34,entsoe.eu,false,
2024-11-07 20:00:00,Italy,North Italy,IT-NO,237.78,309.59,46.91,32.24,entsoe.eu,false,
2024-11-07 21:00:00,Italy,North Italy,IT-NO,198.89,262.52,56.13,34.73,entsoe.eu,false,
2024-11-07 22:00:00,Italy,North Italy,IT-NO,192.01,254.24,57.92,35.25,entsoe.eu,false,
2024-11-07 23:00:00,Italy,North Italy,IT-NO,182.85,242.16,60.42,36.39,entsoe.eu,false,
2024-11-08 00:00:00,Italy,North Italy,IT-NO,172.46,230.03,62.8,36.25,entsoe.eu,false,
2024-11-08 01:00:00,Italy,North Italy,IT-NO,164.74,220.65,64.35,36.66,entsoe.eu,false,
2024-11-08 02:00:00,Italy,North Italy,IT-NO,161.85,217.08,65.13,37.51,entsoe.eu,false,
2024-11-08 03:00:00,Italy,North Italy,IT-NO,171.86,229.73,62.5,36.22,entsoe.eu,false,
2024-11-08 04:00:00,Italy,North Italy,IT-NO,193.95,256.39,57.01,34.31,entsoe.eu,false,
2024-11-08 05:00:00,Italy,North Italy,IT-NO,227.74,296.55,49.4,34.01,entsoe.eu,false,
2024-11-08 06:00:00,Italy,North Italy,IT-NO,241.64,306.82,48.28,38.12,entsoe.eu,false,
2024-11-08 07:00:00,Italy,North Italy,IT-NO,232.45,295.72,50.47,39.85,entsoe.eu,false,
2024-11-08 08:00:00,Italy,North Italy,IT-NO,233.37,297.82,50.21,40.09,entsoe.eu,false,
2024-11-08 09:00:00,Italy,North Italy,IT-NO,231.5,299.72,49.55,39.07,entsoe.eu,false,
2024-11-08 10:00:00,Italy,North Italy,IT-NO,229.68,301.26,48.89,37.08,entsoe.eu,false,
2024-11-08 11:00:00,Italy,North Italy,IT-NO,239.88,313.79,46.79,36.23,entsoe.eu,false,
2024-11-08 12:00:00,Italy,North Italy,IT-NO,240.89,315.43,46.23,35.7,entsoe.eu,false,
2024-11-08 13:00:00,Italy,North Italy,IT-NO,233.41,304.55,48.17,36.1,entsoe.eu,false,
2024-11-08 14:00:00,Italy,North Italy,IT-NO,226.51,294.3,49.92,37.28,entsoe.eu,false,
2024-11-08 15:00:00,Italy,North Italy,IT-NO,224.71,289.67,51.0,37.97,entsoe.eu,false,
2024-11-08 16:00:00,Italy,North Italy,IT-NO,226.69,283.32,53.24,41.14,entsoe.eu,false,
2024-11-08 17:00:00,Italy,North Italy,IT-NO,231.63,293.94,51.05,40.81,entsoe.eu,false,
2024-11-08 18:00:00,Italy,North Italy,IT-NO,221.8,285.57,51.67,40.81,entsoe.eu,false,
2024-11-08 19:00:00,Italy,North Italy,IT-NO,219.83,285.85,51.21,37.68,entsoe.eu,false,
2024-11-08 20:00:00,Italy,North Italy,IT-NO,222.16,291.23,50.48,34.46,entsoe.eu,false,
2024-11-08 21:00:00,Italy,North Italy,IT-NO,203.61,267.66,55.37,36.61,entsoe.eu,false,
2024-11-08 22:00:00,Italy,North Italy,IT-NO,208.42,272.35,55.81,37.58,entsoe.eu,false,
2024-11-08 23:00:00,Italy,North Italy,IT-NO,173.65,229.24,64.51,41.0,entsoe.eu,false,
2024-11-09 00:00:00,Italy,North Italy,IT-NO,169.24,224.43,65.29,39.48,entsoe.eu,false,
2024-11-09 01:00:00,Italy,North Italy,IT-NO,160.25,213.56,67.21,39.36,entsoe.eu,false,
2024-11-09 02:00:00,Italy,North Italy,IT-NO,152.84,205.13,68.41,39.57,entsoe.eu,false,
2024-11-09 03:00:00,Italy,North Italy,IT-NO,146.18,197.29,69.56,39.87,entsoe.eu,false,
2024-11-09 04:00:00,Italy,North Italy,IT-NO,156.19,209.57,67.11,38.56,entsoe.eu,false,
2024-11-09 05:00:00,Italy,North Italy,IT-NO,158.01,209.89,66.95,40.11,entsoe.eu,false,
2024-11-09 06:00:00,Italy,North Italy,IT-NO,160.88,205.94,68.01,47.19,entsoe.eu,false,
2024-11-09 07:00:00,Italy,North Italy,IT-NO,158.87,201.72,69.16,50.08,entsoe.eu,false,
2024-11-09 08:00:00,Italy,North Italy,IT-NO,153.85,198.92,69.41,51.44,entsoe.eu,false,
2024-11-09 09:00:00,Italy,North Italy,IT-NO,143.58,191.38,70.3,51.74,entsoe.eu,false,
2024-11-09 10:00:00,Italy,North Italy,IT-NO,134.96,183.79,71.51,52.14,entsoe.eu,false,
2024-11-09 11:00:00,Italy,North Italy,IT-NO,138.94,189.05,70.88,52.31,entsoe.eu,false,
2024-11-09 12:00:00,Italy,North Italy,IT-NO,138.12,188.91,70.44,51.87,entsoe.eu,false,
2024-11-09 13:00:00,Italy,North Italy,IT-NO,152.81,207.34,66.62,47.36,entsoe.eu,false,
2024-11-09 14:00:00,Italy,North Italy,IT-NO,179.38,239.41,59.81,41.19,entsoe.eu,false,
2024-11-09 15:00:00,Italy,North Italy,IT-NO,180.24,236.77,60.36,43.2,entsoe.eu,false,
2024-11-09 16:00:00,Italy,North Italy,IT-NO,193.55,237.07,62.52,48.87,entsoe.eu,false,
2024-11-09 17:00:00,Italy,North Italy,IT-NO,191.22,235.92,62.49,49.68,entsoe.eu,false,
2024-11-09 18:00:00,Italy,North Italy,IT-NO,168.03,219.24,64.28,48.59,entsoe.eu,false,
2024-11-09 19:00:00,Italy,North Italy,IT-NO,172.25,227.21,62.23,46.16,entsoe.eu,false,
2024-11-09 20:00:00,Italy,North Italy,IT-NO,184.96,244.22,59.74,39.78,entsoe.eu,false,
2024-11-09 21:00:00,Italy,North Italy,IT-NO,181.41,240.06,61.08,39.21,entsoe.eu,false,
2024-11-09 22:00:00,Italy,North Italy,IT-NO,181.67,239.97,61.64,39.45,entsoe.eu,false,
2024-11-09 23:00:00,Italy,North Italy,IT-NO,181.27,235.98,62.7,41.07,entsoe.eu,false,
2024-11-10 00:00:00,Italy,North Italy,IT-NO,189.42,247.87,60.66,37.25,entsoe.eu,false,
2024-11-10 01:00:00,Italy,North Italy,IT-NO,183.89,242.32,61.59,36.9,entsoe.eu,false,
2024-11-10 02:00:00,Italy,North Italy,IT-NO,178.58,235.97,62.72,37.54,entsoe.eu,false,
2024-11-10 03:00:00,Italy,North Italy,IT-NO,176.59,231.55,63.59,39.26,entsoe.eu,false,
2024-11-10 04:00:00,Italy,North Italy,IT-NO,179.17,232.42,63.45,40.76,entsoe.eu,false,
2024-11-10 05:00:00,Italy,North Italy,IT-NO,169.24,219.38,65.72,44.34,entsoe.eu,false,
2024-11-10 06:00:00,Italy,North Italy,IT-NO,156.06,204.7,68.09,46.36,entsoe.eu,false,
2024-11-10 07:00:00,Italy,North Italy,IT-NO,141.53,188.97,70.99,48.42,entsoe.eu,false,
2024-11-10 08:00:00,Italy,North Italy,IT-NO,162.68,211.03,67.45,50.67,entsoe.eu,false,
2024-11-10 09:00:00,Italy,North Italy,IT-NO,162.51,214.35,66.89,53.64,entsoe.eu,false,
2024-11-10 10:00:00,Italy,North Italy,IT-NO,155.93,207.57,67.62,57.32,entsoe.eu,false,
2024-11-10 11:00:00,Italy,North Italy,IT-NO,164.61,216.91,66.17,57.15,entsoe.eu,false,
2024-11-10 12:00:00,Italy,North Italy,IT-NO,157.59,208.11,68.01,57.77,entsoe.eu,false,
2024-11-10 13:00:00,Italy,North Italy,IT-NO,160.36,215.32,66.09,53.08,entsoe.eu,false,
2024-11-10 14:00:00,Italy,North Italy,IT-NO,189.36,249.5,59.12,44.95,entsoe.eu,false,
2024-11-10 15:00:00,Italy,North Italy,IT-NO,178.7,234.03,61.48,47.06,entsoe.eu,false,
2024-11-10 16:00:00,Italy,North Italy,IT-NO,186.79,231.99,63.06,50.42,entsoe.eu,false,
2024-11-10 17:00:00,Italy,North Italy,IT-NO,176.54,218.32,65.77,51.77,entsoe.eu,false,
2024-11-10 18:00:00,Italy,North Italy,IT-NO,169.39,213.85,66.2,49.41,entsoe.eu,false,
2024-11-10 19:00:00,Italy,North Italy,IT-NO,172.48,222.65,64.23,44.74,entsoe.eu,false,
2024-11-10 20:00:00,Italy,North Italy,IT-NO,184.51,241.58,60.66,40.96,entsoe.eu,false,
2024-11-10 21:00:00,Italy,North Italy,IT-NO,195.96,255.67,58.52,37.64,entsoe.eu,false,
2024-11-10 22:00:00,Italy,North Italy,IT-NO,187.02,246.9,60.38,37.16,entsoe.eu,false,
2024-11-10 23:00:00,Italy,North Italy,IT-NO,167.79,224.13,64.2,37.61,entsoe.eu,false,
2024-11-11 00:00:00,Italy,North Italy,IT-NO,167.08,222.66,65.0,37.32,entsoe.eu,false,
2024-11-11 01:00:00,Italy,North Italy,IT-NO,162.6,216.91,66.39,37.81,entsoe.eu,false,
2024-11-11 02:00:00,Italy,North Italy,IT-NO,161.81,216.29,66.37,37.7,entsoe.eu,false,
2024-11-11 03:00:00,Italy,North Italy,IT-NO,172.47,229.95,63.55,36.32,entsoe.eu,false,
2024-11-11 04:00:00,Italy,North Italy,IT-NO,200.27,264.49,56.56,34.06,entsoe.eu,false,
2024-11-11 05:00:00,Italy,North Italy,IT-NO,230.29,298.63,49.0,32.74,entsoe.eu,false,
2024-11-11 06:00:00,Italy,North Italy,IT-NO,221.26,282.03,52.61,38.59,entsoe.eu,false,
2024-11-11 07:00:00,Italy,North Italy,IT-NO,210.72,272.07,54.17,40.4,entsoe.eu,false,
2024-11-11 08:00:00,Italy,North Italy,IT-NO,218.83,285.69,51.55,39.55,entsoe.eu,false,
2024-11-11 09:00:00,Italy,North Italy,IT-NO,217.62,288.91,50.55,40.64,entsoe.eu,false,
2024-11-11 10:00:00,Italy,North Italy,IT-NO,216.36,287.81,50.72,40.15,entsoe.eu,false,
2024-11-11 11:00:00,Italy,North Italy,IT-NO,222.84,296.31,48.82,39.53,entsoe.eu,false,
2024-11-11 12:00:00,Italy,North Italy,IT-NO,218.48,290.66,49.94,39.34,entsoe.eu,false,
2024-11-11 13:00:00,Italy,North Italy,IT-NO,234.9,308.36,47.18,36.93,entsoe.eu,false,
2024-11-11 14:00:00,Italy,North Italy,IT-NO,237.54,308.09,47.24,35.8,entsoe.eu,false,
2024-11-11 15:00:00,Italy,North Italy,IT-NO,245.22,308.27,48.31,37.74,entsoe.eu,false,
2024-11-11 16:00:00,Italy,North Italy,IT-NO,246.0,307.51,48.46,38.46,entsoe.eu,false,
2024-11-11 17:00:00,Italy,North Italy,IT-NO,250.83,311.04,48.02,39.06,entsoe.eu,false,
2024-11-11 18:00:00,Italy,North Italy,IT-NO,250.54,313.29,47.23,37.59,entsoe.eu,false,
2024-11-11 19:00:00,Italy,North Italy,IT-NO,246.77,316.62,45.75,33.04,entsoe.eu,false,
2024-11-11 20:00:00,Italy,North Italy,IT-NO,252.22,324.71,44.0,30.31,entsoe.eu,false,
2024-11-11 21:00:00,Italy,North Italy,IT-NO,242.19,317.28,45.36,29.12,entsoe.eu,false,
2024-11-11 22:00:00,Italy,North Italy,IT-NO,224.18,295.02,49.7,31.77,entsoe.eu,false,
2024-11-11 23:00:00,Italy,North Italy,IT-NO,197.01,260.79,56.75,34.15,entsoe.eu,false,
2024-11-12 00:00:00,Italy,North Italy,IT-NO,195.23,258.05,57.72,33.8,entsoe.eu,false,
2024-11-12 01:00:00,Italy,North Italy,IT-NO,199.61,264.09,56.22,32.74,entsoe.eu,false,
2024-11-12 02:00:00,Italy,North Italy,IT-NO,197.57,261.66,56.72,33.8,entsoe.eu,false,
2024-11-12 03:00:00,Italy,North Italy,IT-NO,204.5,270.53,54.98,33.24,entsoe.eu,false,
2024-11-12 04:00:00,Italy,North Italy,IT-NO,228.66,301.37,48.27,29.98,entsoe.eu,false,
2024-11-12 05:00:00,Italy,North Italy,IT-NO,262.06,340.92,40.34,28.44,entsoe.eu,false,
2024-11-12 06:00:00,Italy,North Italy,IT-NO,265.62,337.14,41.81,34.61,entsoe.eu,false,
2024-11-12 07:00:00,Italy,North Italy,IT-NO,264.16,331.13,43.87,38.57,entsoe.eu,false,
2024-11-12 08:00:00,Italy,North Italy,IT-NO,258.61,331.14,43.27,37.37,entsoe.eu,false,
2024-11-12 09:00:00,Italy,North Italy,IT-NO,257.92,335.46,42.26,36.77,entsoe.eu,false,
2024-11-12 10:00:00,Italy,North Italy,IT-NO,267.2,349.62,39.41,34.26,entsoe.eu,false,
2024-11-12 11:00:00,Italy,North Italy,IT-NO,265.25,347.56,39.79,34.38,entsoe.eu,false,
2024-11-12 12:00:00,Italy,North Italy,IT-NO,276.65,361.08,37.05,31.58,entsoe.eu,false,
2024-11-12 13:00:00,Italy,North Italy,IT-NO,274.15,356.68,37.55,31.87,entsoe.eu,false,
2024-11-12 14:00:00,Italy,North Italy,IT-NO,271.36,345.95,40.44,34.62,entsoe.eu,false,
2024-11-12 15:00:00,Italy,North Italy,IT-NO,274.68,342.51,41.85,35.84,entsoe.eu,false,
2024-11-12 16:00:00,Italy,North Italy,IT-NO,273.22,338.24,42.91,37.22,entsoe.eu,false,
2024-11-12 17:00:00,Italy,North Italy,IT-NO,272.37,337.3,42.92,37.11,entsoe.eu,false,
2024-11-12 18:00:00,Italy,North Italy,IT-NO,267.36,335.92,42.48,35.81,entsoe.eu,false,
2024-11-12 19:00:00,Italy,North Italy,IT-NO,274.62,349.74,39.31,31.92,entsoe.eu,false,
2024-11-12 20:00:00,Italy,North Italy,IT-NO,273.54,354.53,37.8,27.53,entsoe.eu,false,
2024-11-12 21:00:00,Italy,North Italy,IT-NO,246.03,322.57,43.88,29.67,entsoe.eu,false,
2024-11-12 22:00:00,Italy,North Italy,IT-NO,227.95,299.66,48.77,30.8,entsoe.eu,false,
2024-11-12 23:00:00,Italy,North Italy,IT-NO,231.16,304.73,47.94,29.85,entsoe.eu,false,
2024-11-13 00:00:00,Italy,North Italy,IT-NO,204.97,272.38,53.84,32.67,entsoe.eu,false,
2024-11-13 01:00:00,Italy,North Italy,IT-NO,206.06,272.57,55.23,33.31,entsoe.eu,false,
2024-11-13 02:00:00,Italy,North Italy,IT-NO,212.54,281.04,53.85,33.2,entsoe.eu,false,
2024-11-13 03:00:00,Italy,North Italy,IT-NO,232.61,306.18,48.35,30.43,entsoe.eu,false,
2024-11-13 04:00:00,Italy,North Italy,IT-NO,257.81,338.45,40.91,26.55,entsoe.eu,false,
2024-11-13 05:00:00,Italy,North Italy,IT-NO,294.84,381.94,32.47,23.13,entsoe.eu,false,
2024-11-13 06:00:00,Italy,North Italy,IT-NO,290.99,370.49,35.33,28.87,entsoe.eu,false,
2024-11-13 07:00:00,Italy,North Italy,IT-NO,275.84,350.95,39.28,34.51,entsoe.eu,false,
2024-11-13 08:00:00,Italy,North Italy,IT-NO,270.47,349.32,39.02,33.58,entsoe.eu,false,
2024-11-13 09:00:00,Italy,North Italy,IT-NO,265.34,345.81,39.52,33.95,entsoe.eu,false,
2024-11-13 10:00:00,Italy,North Italy,IT-NO,264.04,341.95,40.61,34.44,entsoe.eu,false,
2024-11-13 11:00:00,Italy,North Italy,IT-NO,263.46,343.18,39.92,34.2,entsoe.eu,false,
2024-11-13 12:00:00,Italy,North Italy,IT-NO,271.16,354.12,37.79,31.89,entsoe.eu,false,
2024-11-13 13:00:00,Italy,North Italy,IT-NO,284.31,369.46,34.83,28.65,entsoe.eu,false,
2024-11-13 14:00:00,Italy,North Italy,IT-NO,286.39,366.83,35.82,29.05,entsoe.eu,false,
2024-11-13 15:00:00,Italy,North Italy,IT-NO,279.26,348.84,40.07,33.85,entsoe.eu,false,
2024-11-13 16:00:00,Italy,North Italy,IT-NO,279.47,346.24,41.05,35.17,entsoe.eu,false,
2024-11-13 17:00:00,Italy,North Italy,IT-NO,283.53,347.57,41.3,36.3,entsoe.eu,false,
2024-11-13 18:00:00,Italy,North Italy,IT-NO,276.68,349.3,39.91,32.82,entsoe.eu,false,
2024-11-13 19:00:00,Italy,North Italy,IT-NO,278.5,357.12,37.73,27.75,entsoe.eu,false,
2024-11-13 20:00:00,Italy,North Italy,IT-NO,273.21,352.18,38.48,26.8,entsoe.eu,false,
2024-11-13 21:00:00,Italy,North Italy,IT-NO,266.33,346.04,39.61,25.95,entsoe.eu,false,
2024-11-13 22:00:00,Italy,North Italy,IT-NO,249.78,325.4,44.59,27.66,entsoe.eu,false,
2024-11-13 23:00:00,Italy,North Italy,IT-NO,238.63,310.61,48.33,28.44,entsoe.eu,false,
2024-11-14 00:00:00,Italy,North Italy,IT-NO,226.51,295.52,51.38,29.63,entsoe.eu,false,
2024-11-14 01:00:00,Italy,North Italy,IT-NO,226.69,295.51,51.66,30.14,entsoe.eu,false,
2024-11-14 02:00:00,Italy,North Italy,IT-NO,221.61,289.65,52.5,30.67,entsoe.eu,false,
2024-11-14 03:00:00,Italy,North Italy,IT-NO,221.34,290.14,51.69,30.36,entsoe.eu,false,
2024-11-14 04:00:00,Italy,North Italy,IT-NO,246.67,321.85,45.12,27.1,entsoe.eu,false,
2024-11-14 05:00:00,Italy,North Italy,IT-NO,269.57,349.67,38.99,25.35,entsoe.eu,false,
2024-11-14 06:00:00,Italy,North Italy,IT-NO,259.22,331.85,42.78,31.96,entsoe.eu,false,
2024-11-14 07:00:00,Italy,North Italy,IT-NO,251.24,316.98,46.07,37.47,entsoe.eu,false,
2024-11-14 08:00:00,Italy,North Italy,IT-NO,250.35,322.69,44.38,35.29,entsoe.eu,false,
2024-11-14 09:00:00,Italy,North Italy,IT-NO,248.37,324.35,43.78,34.42,entsoe.eu,false,
2024-11-14 10:00:00,Italy,North Italy,IT-NO,246.3,322.7,44.11,34.71,entsoe.eu,false,
2024-11-14 11:00:00,Italy,North Italy,IT-NO,245.5,323.81,43.56,34.26,entsoe.eu,false,
2024-11-14 12:00:00,Italy,North Italy,IT-NO,253.21,333.0,41.88,32.29,entsoe.eu,false,
2024-11-14 13:00:00,Italy,North Italy,IT-NO,259.07,336.57,41.81,31.01,entsoe.eu,false,
2024-11-14 14:00:00,Italy,North Italy,IT-NO,261.6,335.96,42.24,31.84,entsoe.eu,false,
2024-11-14 15:00:00,Italy,North Italy,IT-NO,260.65,332.44,43.08,32.34,entsoe.eu,false,
2024-11-14 16:00:00,Italy,North Italy,IT-NO,264.41,332.58,43.64,35.0,entsoe.eu,false,
2024-11-14 17:00:00,Italy,North Italy,IT-NO,268.63,339.91,41.98,33.82,entsoe.eu,false,
2024-11-14 18:00:00,Italy,North Italy,IT-NO,267.04,340.84,41.39,31.88,entsoe.eu,false,
2024-11-14 19:00:00,Italy,North Italy,IT-NO,278.47,357.78,37.98,27.72,entsoe.eu,false,
2024-11-14 20:00:00,Italy,North Italy,IT-NO,266.7,344.54,40.67,28.33,entsoe.eu,false,
2024-11-14 21:00:00,Italy,North Italy,IT-NO,248.05,321.47,45.73,29.83,entsoe.eu,false,
2024-11-14 22:00:00,Italy,North Italy,IT-NO,235.13,307.45,48.34,30.38,entsoe.eu,false,
2024-11-14 23:00:00,Italy,North Italy,IT-NO,222.56,292.73,50.99,31.34,entsoe.eu,false,
2024-11-15 00:00:00,Italy,North Italy,IT-NO,212.14,280.04,53.49,32.1,entsoe.eu,false,
2024-11-15 01:00:00,Italy,North Italy,IT-NO,198.74,263.38,56.88,33.3,entsoe.eu,false,
2024-11-15 02:00:00,Italy,North Italy,IT-NO,190.81,254.01,58.36,33.55,entsoe.eu,false,
2024-11-15 03:00:00,Italy,North Italy,IT-NO,196.49,261.62,56.48,32.15,entsoe.eu,false,
2024-11-15 04:00:00,Italy,North Italy,IT-NO,226.84,299.92,48.51,28.44,entsoe.eu,false,
2024-11-15 05:00:00,Italy,North Italy,IT-NO,255.42,333.05,41.69,26.25,entsoe.eu,false,
2024-11-15 06:00:00,Italy,North Italy,IT-NO,253.86,316.35,46.57,35.96,entsoe.eu,false,
2024-11-15 07:00:00,Italy,North Italy,IT-NO,248.55,310.73,47.77,38.4,entsoe.eu,false,
2024-11-15 08:00:00,Italy,North Italy,IT-NO,254.7,326.2,44.55,36.98,entsoe.eu,false,
2024-11-15 09:00:00,Italy,North Italy,IT-NO,254.87,332.64,42.85,36.16,entsoe.eu,false,
2024-11-15 10:00:00,Italy,North Italy,IT-NO,242.77,319.88,45.24,37.88,entsoe.eu,false,
2024-11-15 11:00:00,Italy,North Italy,IT-NO,233.6,309.18,47.56,39.63,entsoe.eu,false,
2024-11-15 12:00:00,Italy,North Italy,IT-NO,234.74,311.86,46.88,38.21,entsoe.eu,false,
2024-11-15 13:00:00,Italy,North Italy,IT-NO,251.6,330.56,42.96,32.38,entsoe.eu,false,
2024-11-15 14:00:00,Italy,North Italy,IT-NO,273.19,354.81,37.97,27.28,entsoe.eu,false,
2024-11-15 15:00:00,Italy,North Italy,IT-NO,267.84,340.2,41.45,31.06,entsoe.eu,false,
2024-11-15 16:00:00,Italy,North Italy,IT-NO,259.08,326.92,44.12,34.08,entsoe.eu,false,
2024-11-15 17:00:00,Italy,North Italy,IT-NO,259.03,327.56,43.9,34.92,entsoe.eu,false,
2024-11-15 18:00:00,Italy,North Italy,IT-NO,258.75,328.27,43.66,34.98,entsoe.eu,false,
2024-11-15 19:00:00,Italy,North Italy,IT-NO,270.52,345.46,40.5,29.87,entsoe.eu,false,
2024-11-15 20:00:00,Italy,North Italy,IT-NO,254.68,331.33,42.85,29.44,entsoe.eu,false,
2024-11-15 21:00:00,Italy,North Italy,IT-NO,253.59,330.17,43.49,29.58,entsoe.eu,false,
2024-11-15 22:00:00,Italy,North Italy,IT-NO,242.6,316.77,46.81,31.36,entsoe.eu,false,
2024-11-15 23:00:00,Italy,North Italy,IT-NO,224.0,293.9,51.8,33.35,entsoe.eu,false,
2024-11-16 00:00:00,Italy,North Italy,IT-NO,202.46,265.65,58.44,36.78,entsoe.eu,false,
2024-11-16 01:00:00,Italy,North Italy,IT-NO,194.14,255.19,60.7,37.66,entsoe.eu,false,
2024-11-16 02:00:00,Italy,North Italy,IT-NO,194.15,255.32,60.78,38.1,entsoe.eu,false,
2024-11-16 03:00:00,Italy,North Italy,IT-NO,192.29,253.81,60.5,37.56,entsoe.eu,false,
2024-11-16 04:00:00,Italy,North Italy,IT-NO,209.94,276.69,55.31,35.87,entsoe.eu,false,
2024-11-16 05:00:00,Italy,North Italy,IT-NO,208.38,270.31,56.38,38.27,entsoe.eu,false,
2024-11-16 06:00:00,Italy,North Italy,IT-NO,205.39,257.29,59.12,45.59,entsoe.eu,false,
2024-11-16 07:00:00,Italy,North Italy,IT-NO,194.95,247.59,60.29,48.07,entsoe.eu,false,
2024-11-16 08:00:00,Italy,North Italy,IT-NO,179.1,238.2,61.15,46.22,entsoe.eu,false,
2024-11-16 09:00:00,Italy,North Italy,IT-NO,154.89,210.66,66.31,49.55,entsoe.eu,false,
2024-11-16 10:00:00,Italy,North Italy,IT-NO,154.3,210.21,66.92,50.64,entsoe.eu,false,
2024-11-16 11:00:00,Italy,North Italy,IT-NO,155.64,213.91,66.3,51.83,entsoe.eu,false,
2024-11-16 12:00:00,Italy,North Italy,IT-NO,160.28,219.25,65.08,49.87,entsoe.eu,false,
2024-11-16 13:00:00,Italy,North Italy,IT-NO,176.06,239.19,60.92,44.93,entsoe.eu,false,
2024-11-16 14:00:00,Italy,North Italy,IT-NO,214.35,284.31,51.68,36.32,entsoe.eu,false,
2024-11-16 15:00:00,Italy,North Italy,IT-NO,234.02,296.88,50.34,38.08,entsoe.eu,false,
2024-11-16 16:00:00,Italy,North Italy,IT-NO,223.12,279.93,53.8,42.77,entsoe.eu,false,
2024-11-16 17:00:00,Italy,North Italy,IT-NO,210.27,266.21,56.23,44.47,entsoe.eu,false,
2024-11-16 18:00:00,Italy,North Italy,IT-NO,217.0,275.39,54.84,42.63,entsoe.eu,false,
2024-11-16 19:00:00,Italy,North Italy,IT-NO,226.75,294.2,50.84,38.08,entsoe.eu,false,
2024-11-16 20:00:00,Italy,North Italy,IT-NO,227.54,299.43,49.82,35.93,entsoe.eu,false,
2024-11-16 21:00:00,Italy,North Italy,IT-NO,224.61,297.33,49.99,34.83,entsoe.eu,false,
2024-11-16 22:00:00,Italy,North Italy,IT-NO,211.87,281.19,53.73,36.95,entsoe.eu,false,
2024-11-16 23:00:00,Italy,North Italy,IT-NO,190.91,253.43,60.29,40.89,entsoe.eu,false,
2024-11-17 00:00:00,Italy,North Italy,IT-NO,183.22,243.39,62.84,41.8,entsoe.eu,false,
2024-11-17 01:00:00,Italy,North Italy,IT-NO,181.55,241.67,63.11,41.47,entsoe.eu,false,
2024-11-17 02:00:00,Italy,North Italy,IT-NO,176.84,236.41,63.63,40.48,entsoe.eu,false,
2024-11-17 03:00:00,Italy,North Italy,IT-NO,173.88,232.83,64.01,39.94,entsoe.eu,false,
2024-11-17 04:00:00,Italy,North Italy,IT-NO,185.26,246.94,61.13,38.64,entsoe.eu,false,
2024-11-17 05:00:00,Italy,North Italy,IT-NO,194.21,250.81,61.12,40.86,entsoe.eu,false,
2024-11-17 06:00:00,Italy,North Italy,IT-NO,194.18,249.71,61.32,43.42,entsoe.eu,false,
2024-11-17 07:00:00,Italy,North Italy,IT-NO,190.46,247.49,61.54,45.34,entsoe.eu,false,
2024-11-17 08:00:00,Italy,North Italy,IT-NO,178.06,237.09,62.62,46.17,entsoe.eu,false,
2024-11-17 09:00:00,Italy,North Italy,IT-NO,162.02,218.25,66.3,50.94,entsoe.eu,false,
2024-11-17 10:00:00,Italy,North Italy,IT-NO,155.97,213.18,66.68,51.63,entsoe.eu,false,
2024-11-17 11:00:00,Italy,North Italy,IT-NO,144.93,200.19,69.55,53.54,entsoe.eu,false,
2024-11-17 12:00:00,Italy,North Italy,IT-NO,145.85,201.6,69.26,53.31,entsoe.eu,false,
2024-11-17 13:00:00,Italy,North Italy,IT-NO,157.78,215.18,66.82,49.47,entsoe.eu,false,
2024-11-17 14:00:00,Italy,North Italy,IT-NO,189.63,252.38,59.06,42.26,entsoe.eu,false,
2024-11-17 15:00:00,Italy,North Italy,IT-NO,198.86,257.45,58.3,44.2,entsoe.eu,false,
2024-11-17 16:00:00,Italy,North Italy,IT-NO,215.51,270.64,56.52,43.81,entsoe.eu,false,
2024-11-17 17:00:00,Italy,North Italy,IT-NO,205.79,258.58,58.45,45.98,entsoe.eu,false,
2024-11-17 18:00:00,Italy,North Italy,IT-NO,212.81,264.32,58.03,45.66,entsoe.eu,false,
2024-11-17 19:00:00,Italy,North Italy,IT-NO,216.7,273.17,56.17,42.9,entsoe.eu,false,
2024-11-17 20:00:00,Italy,North Italy,IT-NO,216.75,280.63,54.27,38.48,entsoe.eu,false,
2024-11-17 21:00:00,Italy,North Italy,IT-NO,198.84,261.7,58.22,39.47,entsoe.eu,false,
2024-11-17 22:00:00,Italy,North Italy,IT-NO,201.03,265.2,58.08,39.23,entsoe.eu,false,
2024-11-17 23:00:00,Italy,North Italy,IT-NO,193.04,254.88,60.9,39.6,entsoe.eu,false,
2024-11-18 00:00:00,Italy,North Italy,IT-NO,192.95,255.08,60.9,38.74,entsoe.eu,false,
2024-11-18 01:00:00,Italy,North Italy,IT-NO,182.91,243.17,62.7,39.62,entsoe.eu,false,
2024-11-18 02:00:00,Italy,North Italy,IT-NO,186.48,247.67,61.81,38.69,entsoe.eu,false,
2024-11-18 03:00:00,Italy,North Italy,IT-NO,197.57,261.63,58.73,36.53,entsoe.eu,false,
2024-11-18 04:00:00,Italy,North Italy,IT-NO,211.03,278.77,54.49,33.92,entsoe.eu,false,
2024-11-18 05:00:00,Italy,North Italy,IT-NO,248.55,325.02,44.17,28.84,entsoe.eu,false,
2024-11-18 06:00:00,Italy,North Italy,IT-NO,245.25,316.93,45.65,32.86,entsoe.eu,false,
2024-11-18 07:00:00,Italy,North Italy,IT-NO,247.14,318.87,45.54,33.55,entsoe.eu,false,
2024-11-18 08:00:00,Italy,North Italy,IT-NO,254.29,329.8,43.63,32.34,entsoe.eu,false,
2024-11-18 09:00:00,Italy,North Italy,IT-NO,253.7,331.96,43.03,32.96,entsoe.eu,false,
2024-11-18 10:00:00,Italy,North Italy,IT-NO,252.33,330.69,43.48,33.76,entsoe.eu,false,
2024-11-18 11:00:00,Italy,North Italy,IT-NO,244.06,320.83,45.08,34.52,entsoe.eu,false,
2024-11-18 12:00:00,Italy,North Italy,IT-NO,260.57,342.01,41.03,30.82,entsoe.eu,false,
2024-11-18 13:00:00,Italy,North Italy,IT-NO,266.84,347.79,40.12,29.19,entsoe.eu,false,
2024-11-18 14:00:00,Italy,North Italy,IT-NO,267.33,345.93,40.12,28.94,entsoe.eu,false,
2024-11-18 15:00:00,Italy,North Italy,IT-NO,264.99,337.67,42.08,32.26,entsoe.eu,false,
2024-11-18 16:00:00,Italy,North Italy,IT-NO,269.24,336.51,43.17,35.14,entsoe.eu,false,
2024-11-18 17:00:00,Italy,North Italy,IT-NO,271.65,340.66,42.42,35.17,entsoe.eu,false,
2024-11-18 18:00:00,Italy,North Italy,IT-NO,268.14,340.14,41.89,33.85,entsoe.eu,false,
2024-11-18 19:00:00,Italy,North Italy,IT-NO,278.3,359.55,37.61,27.47,entsoe.eu,false,
2024-11-18 20:00:00,Italy,North Italy,IT-NO,274.38,356.7,38.08,24.9,entsoe.eu,false,
2024-11-18 21:00:00,Italy,North Italy,IT-NO,272.36,354.42,39.18,24.75,entsoe.eu,false,
2024-11-18 22:00:00,Italy,North Italy,IT-NO,253.39,330.77,44.2,27.95,entsoe.eu,false,
2024-11-18 23:00:00,Italy,North Italy,IT-NO,242.54,315.95,47.93,29.16,entsoe.eu,false,
2024-11-19 00:00:00,Italy,North Italy,IT-NO,232.13,303.31,50.39,30.45,entsoe.eu,false,
2024-11-19 01:00:00,Italy,North Italy,IT-NO,232.94,305.13,49.86,30.57,entsoe.eu,false,
2024-11-19 02:00:00,Italy,North Italy,IT-NO,228.82,299.83,50.99,31.21,entsoe.eu,false,
2024-11-19 03:00:00,Italy,North Italy,IT-NO,236.38,309.61,48.72,29.78,entsoe.eu,false,
2024-11-19 04:00:00,Italy,North Italy,IT-NO,253.19,330.32,44.36,27.73,entsoe.eu,false,
2024-11-19 05:00:00,Italy,North Italy,IT-NO,272.66,355.28,37.99,26.34,entsoe.eu,false,
2024-11-19 06:00:00,Italy,North Italy,IT-NO,274.03,353.22,38.92,29.6,entsoe.eu,false,
2024-11-19 07:00:00,Italy,North Italy,IT-NO,272.47,347.69,40.67,31.72,entsoe.eu,false,
2024-11-19 08:00:00,Italy,North Italy,IT-NO,269.82,348.39,39.99,30.63,entsoe.eu,false,
2024-11-19 09:00:00,Italy,North Italy,IT-NO,281.11,364.09,37.24,28.73,entsoe.eu,false,
2024-11-19 10:00:00,Italy,North Italy,IT-NO,281.17,365.05,37.39,30.03,entsoe.eu,false,
2024-11-19 11:00:00,Italy,North Italy,IT-NO,292.64,381.39,34.45,27.45,entsoe.eu,false,
2024-11-19 12:00:00,Italy,North Italy,IT-NO,296.67,386.12,33.61,26.34,entsoe.eu,false,
2024-11-19 13:00:00,Italy,North Italy,IT-NO,294.59,382.36,33.8,25.86,entsoe.eu,false,
2024-11-19 14:00:00,Italy,North Italy,IT-NO,287.6,369.47,36.39,28.36,entsoe.eu,false,
2024-11-19 15:00:00,Italy,North Italy,IT-NO,269.58,345.65,41.22,31.11,entsoe.eu,false,
2024-11-19 16:00:00,Italy,North Italy,IT-NO,269.67,345.25,41.11,31.05,entsoe.eu,false,
2024-11-19 17:00:00,Italy,North Italy,IT-NO,270.55,349.09,40.02,28.69,entsoe.eu,false,
2024-11-19 18:00:00,Italy,North Italy,IT-NO,270.68,349.41,40.13,27.14,entsoe.eu,false,
2024-11-19 19:00:00,Italy,North Italy,IT-NO,278.91,360.19,38.21,25.04,entsoe.eu,false,
2024-11-19 20:00:00,Italy,North Italy,IT-NO,275.03,354.82,40.02,24.82,entsoe.eu,false,
2024-11-19 21:00:00,Italy,North Italy,IT-NO,262.24,339.72,43.34,25.65,entsoe.eu,false,
2024-11-19 22:00:00,Italy,North Italy,IT-NO,253.05,328.33,45.92,27.14,entsoe.eu,false,
2024-11-19 23:00:00,Italy,North Italy,IT-NO,226.88,296.04,53.12,31.06,entsoe.eu,false,
2024-11-20 00:00:00,Italy,North Italy,IT-NO,223.22,291.62,54.75,32.92,entsoe.eu,false,
2024-11-20 01:00:00,Italy,North Italy,IT-NO,220.97,289.81,55.04,33.23,entsoe.eu,false,
2024-11-20 02:00:00,Italy,North Italy,IT-NO,206.65,272.45,58.37,35.0,entsoe.eu,false,
2024-11-20 03:00:00,Italy,North Italy,IT-NO,199.38,263.25,60.16,35.43,entsoe.eu,false,
2024-11-20 04:00:00,Italy,North Italy,IT-NO,222.38,291.69,53.89,31.47,entsoe.eu,false,
2024-11-20 05:00:00,Italy,North Italy,IT-NO,241.83,313.5,48.14,28.57,entsoe.eu,false,
2024-11-20 06:00:00,Italy,North Italy,IT-NO,256.74,329.2,44.7,29.5,entsoe.eu,false,
2024-11-20 07:00:00,Italy,North Italy,IT-NO,253.26,325.96,45.06,31.55,entsoe.eu,false,
2024-11-20 08:00:00,Italy,North Italy,IT-NO,247.12,320.0,45.94,32.27,entsoe.eu,false,
2024-11-20 09:00:00,Italy,North Italy,IT-NO,248.48,322.74,45.59,32.42,entsoe.eu,false,
2024-11-20 10:00:00,Italy,North Italy,IT-NO,247.15,321.64,45.93,33.07,entsoe.eu,false,
2024-11-20 11:00:00,Italy,North Italy,IT-NO,253.92,331.23,44.03,32.82,entsoe.eu,false,
2024-11-20 12:00:00,Italy,North Italy,IT-NO,256.89,335.68,43.16,31.72,entsoe.eu,false,
2024-11-20 13:00:00,Italy,North Italy,IT-NO,255.89,332.63,43.81,31.86,entsoe.eu,false,
2024-11-20 14:00:00,Italy,North Italy,IT-NO,247.6,322.19,45.01,31.85,entsoe.eu,false,
2024-11-20 15:00:00,Italy,North Italy,IT-NO,243.71,314.64,46.58,32.94,entsoe.eu,false,
2024-11-20 16:00:00,Italy,North Italy,IT-NO,248.79,318.35,46.29,34.55,entsoe.eu,false,
2024-11-20 17:00:00,Italy,North Italy,IT-NO,253.69,325.9,44.93,33.6,entsoe.eu,false,
2024-11-20 18:00:00,Italy,North Italy,IT-NO,254.52,329.3,43.49,31.61,entsoe.eu,false,
2024-11-20 19:00:00,Italy,North Italy,IT-NO,266.97,346.38,40.38,26.6,entsoe.eu,false,
2024-11-20 20:00:00,Italy,North Italy,IT-NO,263.78,340.98,42.66,26.87,entsoe.eu,false,
2024-11-20 21:00:00,Italy,North Italy,IT-NO,250.97,325.33,46.37,27.86,entsoe.eu,false,
2024-11-20 22:00:00,Italy,North Italy,IT-NO,250.67,325.06,46.65,28.4,entsoe.eu,false,
2024-11-20 23:00:00,Italy,North Italy,IT-NO,238.41,310.71,50.05,30.87,entsoe.eu,false,
2024-11-21 00:00:00,Italy,North Italy,IT-NO,243.25,317.68,49.97,31.42,entsoe.eu,false,
2024-11-21 01:00:00,Italy,North Italy,IT-NO,230.76,302.13,52.39,32.29,entsoe.eu,false,
2024-11-21 02:00:00,Italy,North Italy,IT-NO,230.66,301.69,51.69,30.48,entsoe.eu,false,
2024-11-21 03:00:00,Italy,North Italy,IT-NO,236.25,309.04,49.59,28.98,entsoe.eu,false,
2024-11-21 04:00:00,Italy,North Italy,IT-NO,246.22,321.34,46.75,27.3,entsoe.eu,false,
2024-11-21 05:00:00,Italy,North Italy,IT-NO,263.33,341.22,42.13,26.11,entsoe.eu,false,
2024-11-21 06:00:00,Italy,North Italy,IT-NO,274.99,352.86,39.62,27.47,entsoe.eu,false,
2024-11-21 07:00:00,Italy,North Italy,IT-NO,265.58,341.18,41.77,30.88,entsoe.eu,false,
2024-11-21 08:00:00,Italy,North Italy,IT-NO,265.94,344.7,41.02,31.62,entsoe.eu,false,
2024-11-21 09:00:00,Italy,North Italy,IT-NO,258.33,336.39,42.98,32.92,entsoe.eu,false,
2024-11-21 10:00:00,Italy,North Italy,IT-NO,258.33,337.7,42.4,32.26,entsoe.eu,false,
2024-11-21 11:00:00,Italy,North Italy,IT-NO,269.31,352.24,39.54,29.76,entsoe.eu,false,
2024-11-21 12:00:00,Italy,North Italy,IT-NO,288.92,376.38,34.92,25.41,entsoe.eu,false,
2024-11-21 13:00:00,Italy,North Italy,IT-NO,286.66,369.91,35.96,26.0,entsoe.eu,false,
2024-11-21 14:00:00,Italy,North Italy,IT-NO,291.69,369.07,36.81,29.0,entsoe.eu,false,
2024-11-21 15:00:00,Italy,North Italy,IT-NO,284.64,361.46,38.34,31.18,entsoe.eu,false,
2024-11-21 16:00:00,Italy,North Italy,IT-NO,292.13,367.19,38.02,31.89,entsoe.eu,false,
2024-11-21 17:00:00,Italy,North Italy,IT-NO,291.65,372.31,36.28,28.89,entsoe.eu,false,
2024-11-21 18:00:00,Italy,North Italy,IT-NO,292.12,375.49,35.24,26.31,entsoe.eu,false,
2024-11-21 19:00:00,Italy,North Italy,IT-NO,303.03,390.7,32.32,22.51,entsoe.eu,false,
2024-11-21 20:00:00,Italy,North Italy,IT-NO,284.82,367.93,37.02,23.26,entsoe.eu,false,
2024-11-21 21:00:00,Italy,North Italy,IT-NO,275.6,357.41,39.39,23.88,entsoe.eu,false,
2024-11-21 22:00:00,Italy,North Italy,IT-NO,275.78,357.39,40.84,24.94,entsoe.eu,false,
2024-11-21 23:00:00,Italy,North Italy,IT-NO,257.69,334.17,46.65,28.94,entsoe.eu,false,
2024-11-22 00:00:00,Italy,North Italy,IT-NO,248.61,323.69,48.93,30.14,entsoe.eu,false,
2024-11-22 01:00:00,Italy,North Italy,IT-NO,245.89,321.22,49.29,30.96,entsoe.eu,false,
2024-11-22 02:00:00,Italy,North Italy,IT-NO,246.18,322.01,48.05,29.53,entsoe.eu,false,
2024-11-22 03:00:00,Italy,North Italy,IT-NO,250.91,327.79,46.84,29.08,entsoe.eu,false,
2024-11-22 04:00:00,Italy,North Italy,IT-NO,257.15,334.44,45.19,27.71,entsoe.eu,false,
2024-11-22 05:00:00,Italy,North Italy,IT-NO,254.22,326.51,45.69,31.2,entsoe.eu,false,
2024-11-22 06:00:00,Italy,North Italy,IT-NO,253.57,322.41,46.01,34.9,entsoe.eu,false,
2024-11-22 07:00:00,Italy,North Italy,IT-NO,248.18,313.52,48.11,37.93,entsoe.eu,false,
2024-11-22 08:00:00,Italy,North Italy,IT-NO,237.87,303.71,49.69,38.68,entsoe.eu,false,
2024-11-22 09:00:00,Italy,North Italy,IT-NO,238.48,309.28,48.38,37.15,entsoe.eu,false,
2024-11-22 10:00:00,Italy,North Italy,IT-NO,236.12,308.85,48.41,36.8,entsoe.eu,false,
2024-11-22 11:00:00,Italy,North Italy,IT-NO,240.69,317.4,46.66,37.16,entsoe.eu,false,
2024-11-22 12:00:00,Italy,North Italy,IT-NO,248.71,327.44,44.87,36.45,entsoe.eu,false,
2024-11-22 13:00:00,Italy,North Italy,IT-NO,256.24,335.0,43.65,33.23,entsoe.eu,false,
2024-11-22 14:00:00,Italy,North Italy,IT-NO,272.13,352.61,40.2,28.92,entsoe.eu,false,
2024-11-22 15:00:00,Italy,North Italy,IT-NO,269.78,345.94,41.56,30.62,entsoe.eu,false,
2024-11-22 16:00:00,Italy,North Italy,IT-NO,266.27,339.98,42.93,32.62,entsoe.eu,false,
2024-11-22 17:00:00,Italy,North Italy,IT-NO,258.01,328.72,45.32,35.01,entsoe.eu,false,
2024-11-22 18:00:00,Italy,North Italy,IT-NO,260.42,334.65,44.28,34.43,entsoe.eu,false,
2024-11-22 19:00:00,Italy,North Italy,IT-NO,267.21,343.44,42.87,32.05,entsoe.eu,false,
2024-11-22 20:00:00,Italy,North Italy,IT-NO,268.96,347.74,42.06,30.53,entsoe.eu,false,
2024-11-22 21:00:00,Italy,North Italy,IT-NO,261.76,337.89,44.24,31.71,entsoe.eu,false,
2024-11-22 22:00:00,Italy,North Italy,IT-NO,259.73,337.64,43.9,30.79,entsoe.eu,false,
2024-11-22 23:00:00,Italy,North Italy,IT-NO,225.42,295.91,51.59,34.58,entsoe.eu,false,
2024-11-23 00:00:00,Italy,North Italy,IT-NO,220.25,289.69,52.79,34.35,entsoe.eu,false,
2024-11-23 01:00:00,Italy,North Italy,IT-NO,221.31,290.84,52.78,34.01,entsoe.eu,false,
2024-11-23 02:00:00,Italy,North Italy,IT-NO,207.11,273.05,56.62,36.14,entsoe.eu,false,
2024-11-23 03:00:00,Italy,North Italy,IT-NO,204.42,269.89,57.04,35.66,entsoe.eu,false,
2024-11-23 04:00:00,Italy,North Italy,IT-NO,202.23,267.04,57.12,35.92,entsoe.eu,false,
2024-11-23 05:00:00,Italy,North Italy,IT-NO,195.41,257.92,58.61,37.83,entsoe.eu,false,
2024-11-23 06:00:00,Italy,North Italy,IT-NO,176.67,230.75,63.48,44.25,entsoe.eu,false,
2024-11-23 07:00:00,Italy,North Italy,IT-NO,168.22,220.38,65.28,47.17,entsoe.eu,false,
2024-11-23 08:00:00,Italy,North Italy,IT-NO,160.86,215.77,65.97,47.72,entsoe.eu,false,
2024-11-23 09:00:00,Italy,North Italy,IT-NO,148.66,203.26,68.11,50.96,entsoe.eu,false,
2024-11-23 10:00:00,Italy,North Italy,IT-NO,153.39,210.05,66.53,50.71,entsoe.eu,false,
2024-11-23 11:00:00,Italy,North Italy,IT-NO,141.93,196.47,69.15,53.03,entsoe.eu,false,
2024-11-23 12:00:00,Italy,North Italy,IT-NO,159.05,217.19,65.6,49.28,entsoe.eu,false,
2024-11-23 13:00:00,Italy,North Italy,IT-NO,176.85,238.19,61.59,43.07,entsoe.eu,false,
2024-11-23 14:00:00,Italy,North Italy,IT-NO,208.31,276.36,53.8,35.97,entsoe.eu,false,
2024-11-23 15:00:00,Italy,North Italy,IT-NO,209.59,272.97,54.37,38.14,entsoe.eu,false,
2024-11-23 16:00:00,Italy,North Italy,IT-NO,197.9,254.28,58.17,42.59,entsoe.eu,false,
2024-11-23 17:00:00,Italy,North Italy,IT-NO,191.38,248.63,58.99,44.18,entsoe.eu,false,
2024-11-23 18:00:00,Italy,North Italy,IT-NO,195.8,254.71,57.86,43.15,entsoe.eu,false,
2024-11-23 19:00:00,Italy,North Italy,IT-NO,209.16,274.71,53.95,37.46,entsoe.eu,false,
2024-11-23 20:00:00,Italy,North Italy,IT-NO,219.49,289.29,51.28,33.91,entsoe.eu,false,
2024-11-23 21:00:00,Italy,North Italy,IT-NO,215.14,283.94,52.61,33.85,entsoe.eu,false,
2024-11-23 22:00:00,Italy,North Italy,IT-NO,213.07,282.25,53.08,33.86,entsoe.eu,false,
2024-11-23 23:00:00,Italy,North Italy,IT-NO,205.6,272.99,55.94,37.13,entsoe.eu,false,
2024-11-24 00:00:00,Italy,North Italy,IT-NO,199.88,266.33,57.33,38.61,entsoe.eu,false,
2024-11-24 01:00:00,Italy,North Italy,IT-NO,195.46,261.15,58.17,38.88,entsoe.eu,false,
2024-11-24 02:00:00,Italy,North Italy,IT-NO,195.92,261.67,58.09,38.3,entsoe.eu,false,
2024-11-24 03:00:00,Italy,North Italy,IT-NO,198.16,264.42,57.64,37.88,entsoe.eu,false,
2024-11-24 04:00:00,Italy,North Italy,IT-NO,200.18,266.5,57.24,37.75,entsoe.eu,false,
2024-11-24 05:00:00,Italy,North Italy,IT-NO,195.7,260.36,58.2,38.64,entsoe.eu,false,
2024-11-24 06:00:00,Italy,North Italy,IT-NO,193.7,252.95,60.04,42.14,entsoe.eu,false,
2024-11-24 07:00:00,Italy,North Italy,IT-NO,190.35,249.56,60.66,43.14,entsoe.eu,false,
2024-11-24 08:00:00,Italy,North Italy,IT-NO,176.62,235.07,63.07,45.46,entsoe.eu,false,
2024-11-24 09:00:00,Italy,North Italy,IT-NO,175.69,237.36,61.88,45.41,entsoe.eu,false,
2024-11-24 10:00:00,Italy,North Italy,IT-NO,169.87,230.3,63.42,47.79,entsoe.eu,false,
2024-11-24 11:00:00,Italy,North Italy,IT-NO,161.74,219.73,65.72,49.82,entsoe.eu,false,
2024-11-24 12:00:00,Italy,North Italy,IT-NO,169.67,228.99,64.45,49.0,entsoe.eu,false,
2024-11-24 13:00:00,Italy,North Italy,IT-NO,183.99,247.77,60.47,44.6,entsoe.eu,false,
2024-11-24 14:00:00,Italy,North Italy,IT-NO,216.72,287.44,52.2,38.61,entsoe.eu,false,
2024-11-24 15:00:00,Italy,North Italy,IT-NO,212.76,275.24,54.38,42.61,entsoe.eu,false,
2024-11-24 16:00:00,Italy,North Italy,IT-NO,212.2,270.11,56.0,44.51,entsoe.eu,false,
2024-11-24 17:00:00,Italy,North Italy,IT-NO,199.82,256.75,58.35,45.35,entsoe.eu,false,
2024-11-24 18:00:00,Italy,North Italy,IT-NO,194.75,250.03,59.97,44.62,entsoe.eu,false,
2024-11-24 19:00:00,Italy,North Italy,IT-NO,197.1,260.22,57.18,39.96,entsoe.eu,false,
2024-11-24 20:00:00,Italy,North Italy,IT-NO,203.52,268.59,55.98,37.27,entsoe.eu,false,
2024-11-24 21:00:00,Italy,North Italy,IT-NO,203.35,268.98,56.09,35.84,entsoe.eu,false,
2024-11-24 22:00:00,Italy,North Italy,IT-NO,207.58,274.76,55.29,34.81,entsoe.eu,false,
2024-11-24 23:00:00,Italy,North Italy,IT-NO,193.88,258.06,58.22,37.52,entsoe.eu,false,
2024-11-25 00:00:00,Italy,North Italy,IT-NO,184.15,246.97,60.07,38.81,entsoe.eu,false,
2024-11-25 01:00:00,Italy,North Italy,IT-NO,174.02,234.86,62.07,39.48,entsoe.eu,false,
2024-11-25 02:00:00,Italy,North Italy,IT-NO,179.57,242.54,60.16,38.68,entsoe.eu,false,
2024-11-25 03:00:00,Italy,North Italy,IT-NO,199.13,265.72,56.36,36.31,entsoe.eu,false,
2024-11-25 04:00:00,Italy,North Italy,IT-NO,221.67,291.45,51.38,32.95,entsoe.eu,false,
2024-11-25 05:00:00,Italy,North Italy,IT-NO,249.9,323.92,44.69,29.08,entsoe.eu,false,
2024-11-25 06:00:00,Italy,North Italy,IT-NO,245.18,314.38,47.04,33.63,entsoe.eu,false,
2024-11-25 07:00:00,Italy,North Italy,IT-NO,247.07,320.17,45.66,34.0,entsoe.eu,false,
2024-11-25 08:00:00,Italy,North Italy,IT-NO,255.45,331.66,43.79,32.64,entsoe.eu,false,
2024-11-25 09:00:00,Italy,North Italy,IT-NO,262.39,339.61,42.56,31.04,entsoe.eu,false,
2024-11-25 10:00:00,Italy,North Italy,IT-NO,260.21,339.95,42.24,30.05,entsoe.eu,false,
2024-11-25 11:00:00,Italy,North Italy,IT-NO,255.75,334.7,43.11,30.43,entsoe.eu,false,
2024-11-25 12:00:00,Italy,North Italy,IT-NO,257.71,337.03,42.67,29.41,entsoe.eu,false,
2024-11-25 13:00:00,Italy,North Italy,IT-NO,260.3,339.86,41.71,28.21,entsoe.eu,false,
2024-11-25 14:00:00,Italy,North Italy,IT-NO,255.66,331.17,43.12,30.27,entsoe.eu,false,
2024-11-25 15:00:00,Italy,North Italy,IT-NO,257.72,330.21,43.71,32.02,entsoe.eu,false,
2024-11-25 16:00:00,Italy,North Italy,IT-NO,265.39,338.51,42.48,32.18,entsoe.eu,false,
2024-11-25 17:00:00,Italy,North Italy,IT-NO,258.94,331.55,43.84,32.46,entsoe.eu,false,
2024-11-25 18:00:00,Italy,North Italy,IT-NO,264.4,339.33,42.36,31.02,entsoe.eu,false,
2024-11-25 19:00:00,Italy,North Italy,IT-NO,281.56,362.6,37.94,25.48,entsoe.eu,false,
2024-11-25 20:00:00,Italy,North Italy,IT-NO,273.67,353.62,39.73,24.89,entsoe.eu,false,
2024-11-25 21:00:00,Italy,North Italy,IT-NO,255.98,332.28,44.1,27.07,entsoe.eu,false,
2024-11-25 22:00:00,Italy,North Italy,IT-NO,251.22,328.07,45.12,27.58,entsoe.eu,false,
2024-11-25 23:00:00,Italy,North Italy,IT-NO,235.23,308.64,48.71,29.24,entsoe.eu,false,
2024-11-26 00:00:00,Italy,North Italy,IT-NO,228.84,300.75,50.16,28.35,entsoe.eu,false,
2024-11-26 01:00:00,Italy,North Italy,IT-NO,222.25,292.21,51.89,28.71,entsoe.eu,false,
2024-11-26 02:00:00,Italy,North Italy,IT-NO,226.8,298.24,50.48,27.59,entsoe.eu,false,
2024-11-26 03:00:00,Italy,North Italy,IT-NO,233.0,305.96,48.98,27.01,entsoe.eu,false,
2024-11-26 04:00:00,Italy,North Italy,IT-NO,251.72,327.15,45.4,26.61,entsoe.eu,false,
2024-11-26 05:00:00,Italy,North Italy,IT-NO,287.26,372.58,35.54,22.2,entsoe.eu,false,
2024-11-26 06:00:00,Italy,North Italy,IT-NO,269.22,346.93,40.49,28.05,entsoe.eu,false,
2024-11-26 07:00:00,Italy,North Italy,IT-NO,264.51,338.25,42.6,31.93,entsoe.eu,false,
2024-11-26 08:00:00,Italy,North Italy,IT-NO,267.09,342.42,41.96,32.69,entsoe.eu,false,
2024-11-26 09:00:00,Italy,North Italy,IT-NO,270.86,348.27,41.19,31.95,entsoe.eu,false,
2024-11-26 10:00:00,Italy,North Italy,IT-NO,269.37,347.85,41.42,32.13,entsoe.eu,false,
2024-11-26 11:00:00,Italy,North Italy,IT-NO,278.72,361.68,38.84,29.14,entsoe.eu,false,
2024-11-26 12:00:00,Italy,North Italy,IT-NO,285.81,371.17,37.11,26.58,entsoe.eu,false,
2024-11-26 13:00:00,Italy,North Italy,IT-NO,285.19,368.7,36.68,26.62,entsoe.eu,false,
2024-11-26 14:00:00,Italy,North Italy,IT-NO,283.33,363.28,37.25,28.58,entsoe.eu,false,
2024-11-26 15:00:00,Italy,North Italy,IT-NO,289.18,361.85,38.67,31.33,entsoe.eu,false,
2024-11-26 16:00:00,Italy,North Italy,IT-NO,278.95,356.56,38.52,30.52,entsoe.eu,false,
2024-11-26 17:00:00,Italy,North Italy,IT-NO,274.76,354.04,38.81,29.26,entsoe.eu,false,
2024-11-26 18:00:00,Italy,North Italy,IT-NO,274.73,355.21,38.4,27.97,entsoe.eu,false,
2024-11-26 19:00:00,Italy,North Italy,IT-NO,286.88,370.29,35.74,24.65,entsoe.eu,false,
2024-11-26 20:00:00,Italy,North Italy,IT-NO,282.54,363.9,37.95,23.71,entsoe.eu,false,
2024-11-26 21:00:00,Italy,North Italy,IT-NO,268.6,348.04,41.28,25.04,entsoe.eu,false,
2024-11-26 22:00:00,Italy,North Italy,IT-NO,263.91,342.66,42.54,25.46,entsoe.eu,false,
2024-11-26 23:00:00,Italy,North Italy,IT-NO,265.56,345.47,42.09,25.75,entsoe.eu,false,
2024-11-27 00:00:00,Italy,North Italy,IT-NO,257.55,335.75,44.07,26.13,entsoe.eu,false,
2024-11-27 01:00:00,Italy,North Italy,IT-NO,256.05,334.46,44.02,25.89,entsoe.eu,false,
2024-11-27 02:00:00,Italy,North Italy,IT-NO,263.42,343.38,42.69,26.22,entsoe.eu,false,
2024-11-27 03:00:00,Italy,North Italy,IT-NO,268.98,350.47,41.1,25.97,entsoe.eu,false,
2024-11-27 04:00:00,Italy,North Italy,IT-NO,285.29,371.82,36.23,24.12,entsoe.eu,false,
2024-11-27 05:00:00,Italy,North Italy,IT-NO,314.83,408.61,28.33,20.85,entsoe.eu,false,
2024-11-27 06:00:00,Italy,North Italy,IT-NO,283.29,364.25,37.52,29.38,entsoe.eu,false,
2024-11-27 07:00:00,Italy,North Italy,IT-NO,273.98,350.85,40.16,32.11,entsoe.eu,false,
2024-11-27 08:00:00,Italy,North Italy,IT-NO,273.81,352.08,40.11,32.25,entsoe.eu,false,
2024-11-27 09:00:00,Italy,North Italy,IT-NO,278.92,361.08,38.63,30.75,entsoe.eu,false,
2024-11-27 10:00:00,Italy,North Italy,IT-NO,278.52,360.68,38.82,30.96,entsoe.eu,false,
2024-11-27 11:00:00,Italy,North Italy,IT-NO,285.78,370.9,36.81,28.53,entsoe.eu,false,
2024-11-27 12:00:00,Italy,North Italy,IT-NO,290.09,376.48,35.59,27.31,entsoe.eu,false,
2024-11-27 13:00:00,Italy,North Italy,IT-NO,290.34,376.21,35.29,26.47,entsoe.eu,false,
2024-11-27 14:00:00,Italy,North Italy,IT-NO,293.32,378.02,34.87,26.33,entsoe.eu,false,
2024-11-27 15:00:00,Italy,North Italy,IT-NO,287.47,368.95,36.7,28.4,entsoe.eu,false,
2024-11-27 16:00:00,Italy,North Italy,IT-NO,282.22,360.18,38.65,29.82,entsoe.eu,false,
2024-11-27 17:00:00,Italy,North Italy,IT-NO,284.58,364.88,37.8,28.27,entsoe.eu,false,
2024-11-27 18:00:00,Italy,North Italy,IT-NO,286.82,369.96,36.38,26.69,entsoe.eu,false,
2024-11-27 19:00:00,Italy,North Italy,IT-NO,283.56,366.72,37.01,25.59,entsoe.eu,false,
2024-11-27 20:00:00,Italy,North Italy,IT-NO,288.09,371.77,36.54,24.02,entsoe.eu,false,
2024-11-27 21:00:00,Italy,North Italy,IT-NO,278.52,361.31,38.9,24.97,entsoe.eu,false,
2024-11-27 22:00:00,Italy,North Italy,IT-NO,275.64,357.91,39.83,25.85,entsoe.eu,false,
2024-11-27 23:00:00,Italy,North Italy,IT-NO,267.55,348.06,41.86,26.83,entsoe.eu,false,
2024-11-28 00:00:00,Italy,North Italy,IT-NO,260.83,340.75,43.06,27.0,entsoe.eu,false,
2024-11-28 01:00:00,Italy,North Italy,IT-NO,251.62,329.08,45.6,27.91,entsoe.eu,false,
2024-11-28 02:00:00,Italy,North Italy,IT-NO,240.29,315.74,47.46,28.52,entsoe.eu,false,
2024-11-28 03:00:00,Italy,North Italy,IT-NO,248.5,325.21,46.07,27.74,entsoe.eu,false,
2024-11-28 04:00:00,Italy,North Italy,IT-NO,270.2,351.04,41.18,25.59,entsoe.eu,false,
2024-11-28 05:00:00,Italy,North Italy,IT-NO,301.55,389.59,33.66,22.33,entsoe.eu,false,
2024-11-28 06:00:00,Italy,North Italy,IT-NO,297.02,380.66,35.42,26.34,entsoe.eu,false,
2024-11-28 07:00:00,Italy,North Italy,IT-NO,294.25,375.79,36.47,28.45,entsoe.eu,false,
2024-11-28 08:00:00,Italy,North Italy,IT-NO,295.26,378.09,36.08,27.84,entsoe.eu,false,
2024-11-28 09:00:00,Italy,North Italy,IT-NO,294.83,379.62,35.52,26.55,entsoe.eu,false,
2024-11-28 10:00:00,Italy,North Italy,IT-NO,304.23,393.6,33.05,25.15,entsoe.eu,false,
2024-11-28 11:00:00,Italy,North Italy,IT-NO,306.11,396.66,32.4,24.83,entsoe.eu,false,
2024-11-28 12:00:00,Italy,North Italy,IT-NO,303.09,392.34,33.54,24.91,entsoe.eu,false,
2024-11-28 13:00:00,Italy,North Italy,IT-NO,309.35,399.33,31.91,22.2,entsoe.eu,false,
2024-11-28 14:00:00,Italy,North Italy,IT-NO,307.37,393.49,32.99,23.34,entsoe.eu,false,
2024-11-28 15:00:00,Italy,North Italy,IT-NO,297.85,378.04,36.03,26.13,entsoe.eu,false,
2024-11-28 16:00:00,Italy,North Italy,IT-NO,307.31,388.76,34.27,26.48,entsoe.eu,false,
2024-11-28 17:00:00,Italy,North Italy,IT-NO,301.61,385.78,34.18,25.56,entsoe.eu,false,
2024-11-28 18:00:00,Italy,North Italy,IT-NO,306.91,392.34,33.05,24.83,entsoe.eu,false,
2024-11-28 19:00:00,Italy,North Italy,IT-NO,314.63,403.99,30.78,21.34,entsoe.eu,false,
2024-11-28 20:00:00,Italy,North Italy,IT-NO,284.49,366.59,38.41,24.15,entsoe.eu,false,
2024-11-28 21:00:00,Italy,North Italy,IT-NO,277.51,359.33,39.65,24.04,entsoe.eu,false,
2024-11-28 22:00:00,Italy,North Italy,IT-NO,279.22,361.7,39.46,23.38,entsoe.eu,false,
2024-11-28 23:00:00,Italy,North Italy,IT-NO,265.83,344.11,43.74,25.04,entsoe.eu,false,
2024-11-29 00:00:00,Italy,North Italy,IT-NO,250.97,325.88,47.13,25.85,entsoe.eu,false,
2024-11-29 01:00:00,Italy,North Italy,IT-NO,253.66,330.28,45.71,25.33,entsoe.eu,false,
2024-11-29 02:00:00,Italy,North Italy,IT-NO,272.78,354.74,40.88,23.51,entsoe.eu,false,
2024-11-29 03:00:00,Italy,North Italy,IT-NO,274.16,356.37,40.35,23.05,entsoe.eu,false,
2024-11-29 04:00:00,Italy,North Italy,IT-NO,287.71,373.27,36.88,21.88,entsoe.eu,false,
2024-11-29 05:00:00,Italy,North Italy,IT-NO,309.08,400.86,30.13,20.19,entsoe.eu,false,
2024-11-29 06:00:00,Italy,North Italy,IT-NO,305.6,391.06,32.24,25.6,entsoe.eu,false,
2024-11-29 07:00:00,Italy,North Italy,IT-NO,291.37,373.07,35.57,28.95,entsoe.eu,false,
2024-11-29 08:00:00,Italy,North Italy,IT-NO,293.55,377.55,34.83,28.53,entsoe.eu,false,
2024-11-29 09:00:00,Italy,North Italy,IT-NO,292.16,379.8,34.31,26.96,entsoe.eu,false,
2024-11-29 10:00:00,Italy,North Italy,IT-NO,287.59,375.17,35.81,28.73,entsoe.eu,false,
2024-11-29 11:00:00,Italy,North Italy,IT-NO,291.14,380.11,34.22,27.59,entsoe.eu,false,
2024-11-29 12:00:00,Italy,North Italy,IT-NO,289.49,379.02,34.67,28.03,entsoe.eu,false,
2024-11-29 13:00:00,Italy,North Italy,IT-NO,301.24,393.27,31.79,24.2,entsoe.eu,false,
2024-11-29 14:00:00,Italy,North Italy,IT-NO,314.19,406.93,28.87,21.01,entsoe.eu,false,
2024-11-29 15:00:00,Italy,North Italy,IT-NO,312.5,403.63,29.6,22.42,entsoe.eu,false,
2024-11-29 16:00:00,Italy,North Italy,IT-NO,299.18,385.42,33.01,25.25,entsoe.eu,false,
2024-11-29 17:00:00,Italy,North Italy,IT-NO,300.32,387.59,32.47,23.74,entsoe.eu,false,
2024-11-29 18:00:00,Italy,North Italy,IT-NO,299.27,386.7,32.96,22.23,entsoe.eu,false,
2024-11-29 19:00:00,Italy,North Italy,IT-NO,285.28,369.14,36.85,22.75,entsoe.eu,false,
2024-11-29 20:00:00,Italy,North Italy,IT-NO,256.39,331.39,45.0,26.41,entsoe.eu,false,
2024-11-29 21:00:00,Italy,North Italy,IT-NO,242.77,315.89,47.78,26.92,entsoe.eu,false,
2024-11-29 22:00:00,Italy,North Italy,IT-NO,235.71,307.82,49.43,27.95,entsoe.eu,false,
2024-11-29 23:00:00,Italy,North Italy,IT-NO,200.73,260.52,59.49,34.68,entsoe.eu,false,
2024-11-30 00:00:00,Italy,North Italy,IT-NO,185.19,245.21,62.05,35.85,entsoe.eu,false,
2024-11-30 01:00:00,Italy,North Italy,IT-NO,189.32,249.97,61.84,34.43,entsoe.eu,false,
2024-11-30 02:00:00,Italy,North Italy,IT-NO,182.22,241.44,63.26,35.27,entsoe.eu,false,
2024-11-30 03:00:00,Italy,North Italy,IT-NO,187.52,247.48,62.38,34.68,entsoe.eu,false,
2024-11-30 04:00:00,Italy,North Italy,IT-NO,205.72,269.45,58.29,32.87,entsoe.eu,false,
2024-11-30 05:00:00,Italy,North Italy,IT-NO,208.68,271.8,57.38,34.11,entsoe.eu,false,
2024-11-30 06:00:00,Italy,North Italy,IT-NO,212.71,269.57,57.63,39.64,entsoe.eu,false,
2024-11-30 07:00:00,Italy,North Italy,IT-NO,201.02,253.37,60.66,44.7,entsoe.eu,false,
2024-11-30 08:00:00,Italy,North Italy,IT-NO,194.61,242.17,63.16,51.17,entsoe.eu,false,
2024-11-30 09:00:00,Italy,North Italy,IT-NO,192.63,247.29,61.38,48.27,entsoe.eu,false,
2024-11-30 10:00:00,Italy,North Italy,IT-NO,193.49,255.24,59.6,46.02,entsoe.eu,false,
2024-11-30 11:00:00,Italy,North Italy,IT-NO,193.44,259.48,58.39,45.04,entsoe.eu,false,
2024-11-30 12:00:00,Italy,North Italy,IT-NO,191.49,257.93,58.62,43.69,entsoe.eu,false,
2024-11-30 13:00:00,Italy,North Italy,IT-NO,201.94,269.44,55.96,38.35,entsoe.eu,false,
2024-11-30 14:00:00,Italy,North Italy,IT-NO,218.49,286.5,52.4,33.48,entsoe.eu,false,
2024-11-30 15:00:00,Italy,North Italy,IT-NO,217.84,280.01,54.3,36.87,entsoe.eu,false,
2024-11-30 16:00:00,Italy,North Italy,IT-NO,219.59,274.49,55.9,41.13,entsoe.eu,false,
2024-11-30 17:00:00,Italy,North Italy,IT-NO,209.55,267.11,56.77,41.12,entsoe.eu,false,
2024-11-30 18:00:00,Italy,North Italy,IT-NO,209.4,269.7,56.06,40.01,entsoe.eu,false,
2024-11-30 19:00:00,Italy,North Italy,IT-NO,224.87,290.91,52.25,33.66,entsoe.eu,false,
2024-11-30 20:00:00,Italy,North Italy,IT-NO,218.21,283.54,54.43,32.24,entsoe.eu,false,
2024-11-30 21:00:00,Italy,North Italy,IT-NO,204.61,264.15,59.35,35.67,entsoe.eu,false,
2024-11-30 22:00:00,Italy,North Italy,IT-NO,203.72,266.19,59.59,35.32,entsoe.eu,false,
2024-11-30 23:00:00,Italy,North Italy,IT-NO,189.9,250.46,61.65,36.53,entsoe.eu,false,
2024-12-01 00:00:00,Italy,North Italy,IT-NO,181.4,240.49,63.62,36.23,entsoe.eu,false,
2024-12-01 01:00:00,Italy,North Italy,IT-NO,169.85,226.61,66.65,38.67,entsoe.eu,false,
2024-12-01 02:00:00,Italy,North Italy,IT-NO,165.28,221.03,67.52,37.78,entsoe.eu,false,
2024-12-01 03:00:00,Italy,North Italy,IT-NO,161.38,216.57,67.94,37.13,entsoe.eu,false,
2024-12-01 04:00:00,Italy,North Italy,IT-NO,169.99,226.95,66.07,37.01,entsoe.eu,false,
2024-12-01 05:00:00,Italy,North Italy,IT-NO,174.13,231.7,64.5,37.33,entsoe.eu,false,
2024-12-01 06:00:00,Italy,North Italy,IT-NO,171.63,227.43,65.32,38.68,entsoe.eu,false,
2024-12-01 07:00:00,Italy,North Italy,IT-NO,161.33,215.03,67.34,42.94,entsoe.eu,false,
2024-12-01 08:00:00,Italy,North Italy,IT-NO,156.57,207.1,68.85,49.87,entsoe.eu,false,
2024-12-01 09:00:00,Italy,North Italy,IT-NO,148.44,200.52,70.06,51.74,entsoe.eu,false,
2024-12-01 10:00:00,Italy,North Italy,IT-NO,138.64,191.42,71.66,53.8,entsoe.eu,false,
2024-12-01 11:00:00,Italy,North Italy,IT-NO,143.7,197.76,71.0,53.57,entsoe.eu,false,
2024-12-01 12:00:00,Italy,North Italy,IT-NO,147.69,202.86,69.91,52.34,entsoe.eu,false,
2024-12-01 13:00:00,Italy,North Italy,IT-NO,164.15,222.06,66.24,46.84,entsoe.eu,false,
2024-12-01 14:00:00,Italy,North Italy,IT-NO,194.64,258.2,58.53,37.9,entsoe.eu,false,
2024-12-01 15:00:00,Italy,North Italy,IT-NO,203.04,264.96,57.3,37.69,entsoe.eu,false,
2024-12-01 16:00:00,Italy,North Italy,IT-NO,199.57,255.7,59.15,41.97,entsoe.eu,false,
2024-12-01 17:00:00,Italy,North Italy,IT-NO,189.11,242.91,61.74,44.99,entsoe.eu,false,
2024-12-01 18:00:00,Italy,North Italy,IT-NO,190.33,244.9,61.39,44.59,entsoe.eu,false,
2024-12-01 19:00:00,Italy,North Italy,IT-NO,188.29,243.21,61.66,42.71,entsoe.eu,false,
2024-12-01 20:00:00,Italy,North Italy,IT-NO,196.6,256.06,59.69,38.87,entsoe.eu,false,
2024-12-01 21:00:00,Italy,North Italy,IT-NO,195.34,257.13,59.71,36.43,entsoe.eu,false,
2024-12-01 22:00:00,Italy,North Italy,IT-NO,195.85,257.0,60.72,35.51,entsoe.eu,false,
2024-12-01 23:00:00,Italy,North Italy,IT-NO,174.68,231.81,64.77,36.48,entsoe.eu,false,
2024-12-02 00:00:00,Italy,North Italy,IT-NO,163.97,219.18,67.08,37.08,entsoe.eu,false,
2024-12-02 01:00:00,Italy,North Italy,IT-NO,154.84,208.96,67.93,36.21,entsoe.eu,false,
2024-12-02 02:00:00,Italy,North Italy,IT-NO,174.71,233.39,63.25,33.59,entsoe.eu,false,
2024-12-02 03:00:00,Italy,North Italy,IT-NO,184.45,244.42,61.63,33.01,entsoe.eu,false,
2024-12-02 04:00:00,Italy,North Italy,IT-NO,209.9,276.05,55.53,29.82,entsoe.eu,false,
2024-12-02 05:00:00,Italy,North Italy,IT-NO,243.71,318.16,46.44,26.89,entsoe.eu,false,
2024-12-02 06:00:00,Italy,North Italy,IT-NO,244.81,313.37,47.27,32.26,entsoe.eu,false,
2024-12-02 07:00:00,Italy,North Italy,IT-NO,234.26,296.84,50.61,37.83,entsoe.eu,false,
2024-12-02 08:00:00,Italy,North Italy,IT-NO,243.91,314.21,46.9,35.32,entsoe.eu,false,
2024-12-02 09:00:00,Italy,North Italy,IT-NO,246.93,323.78,44.74,33.17,entsoe.eu,false,
2024-12-02 10:00:00,Italy,North Italy,IT-NO,249.43,327.19,44.32,32.93,entsoe.eu,false,
2024-12-02 11:00:00,Italy,North Italy,IT-NO,255.24,334.79,42.84,32.1,entsoe.eu,false,
2024-12-02 12:00:00,Italy,North Italy,IT-NO,262.31,344.26,40.43,29.81,entsoe.eu,false,
2024-12-02 13:00:00,Italy,North Italy,IT-NO,260.44,340.63,41.02,29.28,entsoe.eu,false,
2024-12-02 14:00:00,Italy,North Italy,IT-NO,265.79,344.97,40.31,29.05,entsoe.eu,false,
2024-12-02 15:00:00,Italy,North Italy,IT-NO,265.64,339.09,41.96,31.62,entsoe.eu,false,
2024-12-02 16:00:00,Italy,North Italy,IT-NO,270.98,341.68,42.17,32.61,entsoe.eu,false,
2024-12-02 17:00:00,Italy,North Italy,IT-NO,264.13,337.78,42.2,31.01,entsoe.eu,false,
2024-12-02 18:00:00,Italy,North Italy,IT-NO,270.46,347.65,40.04,29.31,entsoe.eu,false,
2024-12-02 19:00:00,Italy,North Italy,IT-NO,269.94,349.6,39.61,28.14,entsoe.eu,false,
2024-12-02 20:00:00,Italy,North Italy,IT-NO,272.67,354.5,38.81,25.28,entsoe.eu,false,
2024-12-02 21:00:00,Italy,North Italy,IT-NO,263.99,343.44,41.52,26.05,entsoe.eu,false,
2024-12-02 22:00:00,Italy,North Italy,IT-NO,278.37,362.17,38.14,23.19,entsoe.eu,false,
2024-12-02 23:00:00,Italy,North Italy,IT-NO,256.34,334.0,43.91,25.7,entsoe.eu,false,
2024-12-03 00:00:00,Italy,North Italy,IT-NO,248.34,324.56,45.6,26.02,entsoe.eu,false,
2024-12-03 01:00:00,Italy,North Italy,IT-NO,239.38,313.87,47.16,26.87,entsoe.eu,false,
2024-12-03 02:00:00,Italy,North Italy,IT-NO,251.1,328.5,44.44,24.7,entsoe.eu,false,
2024-12-03 03:00:00,Italy,North Italy,IT-NO,251.36,328.99,44.08,24.45,entsoe.eu,false,
2024-12-03 04:00:00,Italy,North Italy,IT-NO,264.43,345.16,40.82,22.66,entsoe.eu,false,
2024-12-03 05:00:00,Italy,North Italy,IT-NO,283.48,369.77,34.88,20.31,entsoe.eu,false,
2024-12-03 06:00:00,Italy,North Italy,IT-NO,280.0,358.51,37.65,26.62,entsoe.eu,false,
2024-12-03 07:00:00,Italy,North Italy,IT-NO,279.7,358.12,37.83,28.67,entsoe.eu,false,
2024-12-03 08:00:00,Italy,North Italy,IT-NO,284.33,364.9,36.52,28.82,entsoe.eu,false,
2024-12-03 09:00:00,Italy,North Italy,IT-NO,294.16,379.49,33.81,26.5,entsoe.eu,false,
2024-12-03 10:00:00,Italy,North Italy,IT-NO,291.41,376.84,34.35,26.61,entsoe.eu,false,
2024-12-03 11:00:00,Italy,North Italy,IT-NO,295.16,384.97,32.27,23.85,entsoe.eu,false,
2024-12-03 12:00:00,Italy,North Italy,IT-NO,299.78,390.48,31.29,22.63,entsoe.eu,false,
2024-12-03 13:00:00,Italy,North Italy,IT-NO,294.6,380.5,33.38,25.36,entsoe.eu,false,
2024-12-03 14:00:00,Italy,North Italy,IT-NO,297.67,382.44,33.13,25.94,entsoe.eu,false,
2024-12-03 15:00:00,Italy,North Italy,IT-NO,295.63,377.05,34.59,27.23,entsoe.eu,false,
2024-12-03 16:00:00,Italy,North Italy,IT-NO,312.44,383.48,35.42,30.84,entsoe.eu,false,
2024-12-03 17:00:00,Italy,North Italy,IT-NO,311.02,387.15,33.86,29.89,entsoe.eu,false,
2024-12-03 18:00:00,Italy,North Italy,IT-NO,299.42,385.2,32.65,26.36,entsoe.eu,false,
2024-12-03 19:00:00,Italy,North Italy,IT-NO,290.27,374.92,34.57,25.65,entsoe.eu,false,
2024-12-03 20:00:00,Italy,North Italy,IT-NO,295.8,383.65,33.01,20.95,entsoe.eu,false,
2024-12-03 21:00:00,Italy,North Italy,IT-NO,279.94,363.94,37.3,21.98,entsoe.eu,false,
2024-12-03 22:00:00,Italy,North Italy,IT-NO,281.8,365.81,37.85,21.86,entsoe.eu,false,
2024-12-03 23:00:00,Italy,North Italy,IT-NO,271.87,353.89,39.88,22.63,entsoe.eu,false,
2024-12-04 00:00:00,Italy,North Italy,IT-NO,256.98,335.5,43.16,23.92,entsoe.eu,false,
2024-12-04 01:00:00,Italy,North Italy,IT-NO,263.15,342.69,42.29,22.65,entsoe.eu,false,
2024-12-04 02:00:00,Italy,North Italy,IT-NO,244.23,319.11,46.47,23.93,entsoe.eu,false,
2024-12-04 03:00:00,Italy,North Italy,IT-NO,246.91,322.05,45.96,23.06,entsoe.eu,false,
2024-12-04 04:00:00,Italy,North Italy,IT-NO,263.12,342.43,41.76,21.75,entsoe.eu,false,
2024-12-04 05:00:00,Italy,North Italy,IT-NO,307.21,398.89,29.8,18.1,entsoe.eu,false,
2024-12-04 06:00:00,Italy,North Italy,IT-NO,312.82,400.11,29.74,24.15,entsoe.eu,false,
2024-12-04 07:00:00,Italy,North Italy,IT-NO,313.46,388.18,33.69,29.76,entsoe.eu,false,
2024-12-04 08:00:00,Italy,North Italy,IT-NO,304.58,387.97,32.7,28.7,entsoe.eu,false,
2024-12-04 09:00:00,Italy,North Italy,IT-NO,304.88,391.81,31.56,26.51,entsoe.eu,false,
2024-12-04 10:00:00,Italy,North Italy,IT-NO,306.32,396.59,30.36,25.09,entsoe.eu,false,
2024-12-04 11:00:00,Italy,North Italy,IT-NO,310.44,403.37,28.62,23.36,entsoe.eu,false,
2024-12-04 12:00:00,Italy,North Italy,IT-NO,316.54,410.15,27.63,22.93,entsoe.eu,false,
2024-12-04 13:00:00,Italy,North Italy,IT-NO,320.26,411.77,27.71,23.11,entsoe.eu,false,
2024-12-04 14:00:00,Italy,North Italy,IT-NO,314.5,399.98,30.16,25.77,entsoe.eu,false,
2024-12-04 15:00:00,Italy,North Italy,IT-NO,316.75,400.99,30.39,25.75,entsoe.eu,false,
2024-12-04 16:00:00,Italy,North Italy,IT-NO,317.25,398.24,31.28,26.91,entsoe.eu,false,
2024-12-04 17:00:00,Italy,North Italy,IT-NO,316.12,401.15,30.4,25.82,entsoe.eu,false,
2024-12-04 18:00:00,Italy,North Italy,IT-NO,303.58,390.02,31.98,25.01,entsoe.eu,false,
2024-12-04 19:00:00,Italy,North Italy,IT-NO,309.16,397.7,30.73,22.13,entsoe.eu,false,
2024-12-04 20:00:00,Italy,North Italy,IT-NO,292.56,378.37,34.5,21.84,entsoe.eu,false,
2024-12-04 21:00:00,Italy,North Italy,IT-NO,270.11,350.38,40.44,24.59,entsoe.eu,false,
2024-12-04 22:00:00,Italy,North Italy,IT-NO,265.62,345.13,41.72,25.11,entsoe.eu,false,
2024-12-04 23:00:00,Italy,North Italy,IT-NO,258.35,337.79,42.23,24.13,entsoe.eu,false,
2024-12-05 00:00:00,Italy,North Italy,IT-NO,253.82,332.08,43.7,24.4,entsoe.eu,false,
2024-12-05 01:00:00,Italy,North Italy,IT-NO,241.77,316.83,46.7,25.82,entsoe.eu,false,
2024-12-05 02:00:00,Italy,North Italy,IT-NO,239.24,314.15,47.03,26.49,entsoe.eu,false,
2024-12-05 03:00:00,Italy,North Italy,IT-NO,253.25,331.01,44.44,25.45,entsoe.eu,false,
2024-12-05 04:00:00,Italy,North Italy,IT-NO,262.08,341.88,42.28,25.35,entsoe.eu,false,
2024-12-05 05:00:00,Italy,North Italy,IT-NO,290.3,377.07,34.47,21.38,entsoe.eu,false,
2024-12-05 06:00:00,Italy,North Italy,IT-NO,289.57,373.21,35.15,25.74,entsoe.eu,false,
2024-12-05 07:00:00,Italy,North Italy,IT-NO,267.23,343.73,40.9,31.42,entsoe.eu,false,
2024-12-05 08:00:00,Italy,North Italy,IT-NO,260.99,340.06,41.53,31.47,entsoe.eu,false,
2024-12-05 09:00:00,Italy,North Italy,IT-NO,260.72,341.53,41.19,30.83,entsoe.eu,false,
2024-12-05 10:00:00,Italy,North Italy,IT-NO,264.16,346.75,40.19,31.42,entsoe.eu,false,
2024-12-05 11:00:00,Italy,North Italy,IT-NO,261.93,344.91,40.05,32.05,entsoe.eu,false,
2024-12-05 12:00:00,Italy,North Italy,IT-NO,264.93,348.33,39.39,30.54,entsoe.eu,false,
2024-12-05 13:00:00,Italy,North Italy,IT-NO,281.57,368.09,35.64,26.13,entsoe.eu,false,
2024-12-05 14:00:00,Italy,North Italy,IT-NO,286.1,371.37,34.79,26.02,entsoe.eu,false,
2024-12-05 15:00:00,Italy,North Italy,IT-NO,281.87,363.14,36.9,28.39,entsoe.eu,false,
2024-12-05 16:00:00,Italy,North Italy,IT-NO,279.85,359.23,38.07,29.19,entsoe.eu,false,
2024-12-05 17:00:00,Italy,North Italy,IT-NO,284.43,366.19,37.06,28.01,entsoe.eu,false,
2024-12-05 18:00:00,Italy,North Italy,IT-NO,291.75,375.08,35.65,26.29,entsoe.eu,false,
2024-12-05 19:00:00,Italy,North Italy,IT-NO,299.28,384.73,34.17,23.86,entsoe.eu,false,
2024-12-05 20:00:00,Italy,North Italy,IT-NO,278.88,361.34,38.65,25.44,entsoe.eu,false,
2024-12-05 21:00:00,Italy,North Italy,IT-NO,252.72,329.09,45.23,28.81,entsoe.eu,false,
2024-12-05 22:00:00,Italy,North Italy,IT-NO,239.54,313.65,47.91,29.35,entsoe.eu,false,
2024-12-05 23:00:00,Italy,North Italy,IT-NO,210.98,279.06,54.25,32.98,entsoe.eu,false,
2024-12-06 00:00:00,Italy,North Italy,IT-NO,204.54,271.5,55.71,34.04,entsoe.eu,false,
2024-12-06 01:00:00,Italy,North Italy,IT-NO,201.71,268.22,56.31,34.95,entsoe.eu,false,
2024-12-06 02:00:00,Italy,North Italy,IT-NO,203.59,270.88,55.46,34.02,entsoe.eu,false,
2024-12-06 03:00:00,Italy,North Italy,IT-NO,212.65,281.45,53.87,32.71,entsoe.eu,false,
2024-12-06 04:00:00,Italy,North Italy,IT-NO,226.87,298.34,50.24,30.13,entsoe.eu,false,
2024-12-06 05:00:00,Italy,North Italy,IT-NO,277.45,360.21,38.16,23.91,entsoe.eu,false,
2024-12-06 06:00:00,Italy,North Italy,IT-NO,281.79,360.73,38.61,27.04,entsoe.eu,false,
2024-12-06 07:00:00,Italy,North Italy,IT-NO,271.09,346.31,41.18,31.28,entsoe.eu,false,
2024-12-06 08:00:00,Italy,North Italy,IT-NO,272.45,352.44,39.52,29.93,entsoe.eu,false,
2024-12-06 09:00:00,Italy,North Italy,IT-NO,274.29,354.75,39.1,28.85,entsoe.eu,false,
2024-12-06 10:00:00,Italy,North Italy,IT-NO,274.97,357.5,38.21,27.91,entsoe.eu,false,
2024-12-06 11:00:00,Italy,North Italy,IT-NO,283.76,370.86,35.55,25.97,entsoe.eu,false,
2024-12-06 12:00:00,Italy,North Italy,IT-NO,285.07,372.84,35.22,25.47,entsoe.eu,false,
2024-12-06 13:00:00,Italy,North Italy,IT-NO,289.34,377.37,34.39,23.91,entsoe.eu,false,
2024-12-06 14:00:00,Italy,North Italy,IT-NO,291.47,376.05,34.93,23.99,entsoe.eu,false,
2024-12-06 15:00:00,Italy,North Italy,IT-NO,286.21,367.26,36.6,25.73,entsoe.eu,false,
2024-12-06 16:00:00,Italy,North Italy,IT-NO,294.24,376.59,35.06,26.21,entsoe.eu,false,
2024-12-06 17:00:00,Italy,North Italy,IT-NO,280.74,360.65,37.86,26.25,entsoe.eu,false,
2024-12-06 18:00:00,Italy,North Italy,IT-NO,281.36,361.53,37.74,25.54,entsoe.eu,false,
2024-12-06 19:00:00,Italy,North Italy,IT-NO,280.32,363.33,37.31,24.14,entsoe.eu,false,
2024-12-06 20:00:00,Italy,North Italy,IT-NO,259.91,338.3,42.43,25.81,entsoe.eu,false,
2024-12-06 21:00:00,Italy,North Italy,IT-NO,236.65,309.56,48.14,28.69,entsoe.eu,false,
2024-12-06 22:00:00,Italy,North Italy,IT-NO,226.4,298.28,49.75,28.74,entsoe.eu,false,
2024-12-06 23:00:00,Italy,North Italy,IT-NO,219.63,288.98,52.42,30.21,entsoe.eu,false,
2024-12-07 00:00:00,Italy,North Italy,IT-NO,220.58,290.48,52.1,30.01,entsoe.eu,false,
2024-12-07 01:00:00,Italy,North Italy,IT-NO,212.16,280.55,53.62,30.31,entsoe.eu,false,
2024-12-07 02:00:00,Italy,North Italy,IT-NO,206.8,273.98,55.02,31.4,entsoe.eu,false,
2024-12-07 03:00:00,Italy,North Italy,IT-NO,203.11,269.3,55.88,31.71,entsoe.eu,false,
2024-12-07 04:00:00,Italy,North Italy,IT-NO,213.13,280.92,53.78,30.33,entsoe.eu,false,
2024-12-07 05:00:00,Italy,North Italy,IT-NO,229.9,301.34,49.84,28.97,entsoe.eu,false,
2024-12-07 06:00:00,Italy,North Italy,IT-NO,231.29,300.47,50.42,31.62,entsoe.eu,false,
2024-12-07 07:00:00,Italy,North Italy,IT-NO,224.74,291.96,51.87,34.06,entsoe.eu,false,
2024-12-07 08:00:00,Italy,North Italy,IT-NO,225.79,295.06,51.3,35.3,entsoe.eu,false,
2024-12-07 09:00:00,Italy,North Italy,IT-NO,225.11,296.64,50.8,34.45,entsoe.eu,false,
2024-12-07 10:00:00,Italy,North Italy,IT-NO,223.79,295.2,51.19,35.45,entsoe.eu,false,
2024-12-07 11:00:00,Italy,North Italy,IT-NO,223.95,295.09,51.48,35.74,entsoe.eu,false,
2024-12-07 12:00:00,Italy,North Italy,IT-NO,221.49,291.88,52.15,35.66,entsoe.eu,false,
2024-12-07 13:00:00,Italy,North Italy,IT-NO,231.85,303.98,49.84,33.31,entsoe.eu,false,
2024-12-07 14:00:00,Italy,North Italy,IT-NO,241.84,316.02,47.32,31.37,entsoe.eu,false,
2024-12-07 15:00:00,Italy,North Italy,IT-NO,249.37,321.04,46.26,32.21,entsoe.eu,false,
2024-12-07 16:00:00,Italy,North Italy,IT-NO,238.39,304.04,49.75,35.56,entsoe.eu,false,
2024-12-07 17:00:00,Italy,North Italy,IT-NO,235.45,301.91,49.78,35.53,entsoe.eu,false,
2024-12-07 18:00:00,Italy,North Italy,IT-NO,237.2,305.36,49.05,33.9,entsoe.eu,false,
2024-12-07 19:00:00,Italy,North Italy,IT-NO,241.06,313.9,47.39,30.37,entsoe.eu,false,
2024-12-07 20:00:00,Italy,North Italy,IT-NO,227.11,297.53,50.81,31.05,entsoe.eu,false,
2024-12-07 21:00:00,Italy,North Italy,IT-NO,209.21,275.18,55.6,32.71,entsoe.eu,false,
2024-12-07 22:00:00,Italy,North Italy,IT-NO,211.35,279.19,54.48,31.84,entsoe.eu,false,
2024-12-07 23:00:00,Italy,North Italy,IT-NO,190.49,252.46,59.92,34.56,entsoe.eu,false,
2024-12-08 00:00:00,Italy,North Italy,IT-NO,175.64,234.33,63.57,36.19,entsoe.eu,false,
2024-12-08 01:00:00,Italy,North Italy,IT-NO,159.16,214.1,67.78,38.43,entsoe.eu,false,
2024-12-08 02:00:00,Italy,North Italy,IT-NO,160.05,215.86,67.48,39.27,entsoe.eu,false,
2024-12-08 03:00:00,Italy,North Italy,IT-NO,162.58,219.12,66.53,38.69,entsoe.eu,false,
2024-12-08 04:00:00,Italy,North Italy,IT-NO,168.99,226.4,65.28,38.19,entsoe.eu,false,
2024-12-08 05:00:00,Italy,North Italy,IT-NO,182.44,242.83,61.92,36.71,entsoe.eu,false,
2024-12-08 06:00:00,Italy,North Italy,IT-NO,180.76,240.16,62.43,37.4,entsoe.eu,false,
2024-12-08 07:00:00,Italy,North Italy,IT-NO,181.26,240.58,61.86,38.73,entsoe.eu,false,
2024-12-08 08:00:00,Italy,North Italy,IT-NO,184.61,244.72,61.02,39.62,entsoe.eu,false,
2024-12-08 09:00:00,Italy,North Italy,IT-NO,188.85,249.77,60.52,40.83,entsoe.eu,false,
2024-12-08 10:00:00,Italy,North Italy,IT-NO,189.91,252.0,60.01,40.66,entsoe.eu,false,
2024-12-08 11:00:00,Italy,North Italy,IT-NO,196.06,254.65,60.03,44.05,entsoe.eu,false,
2024-12-08 12:00:00,Italy,North Italy,IT-NO,209.37,276.3,55.47,39.55,entsoe.eu,false,
2024-12-08 13:00:00,Italy,North Italy,IT-NO,220.05,286.43,53.46,36.45,entsoe.eu,false,
2024-12-08 14:00:00,Italy,North Italy,IT-NO,210.57,274.01,55.65,37.1,entsoe.eu,false,
2024-12-08 15:00:00,Italy,North Italy,IT-NO,195.95,256.66,58.46,38.89,entsoe.eu,false,
2024-12-08 16:00:00,Italy,North Italy,IT-NO,191.02,246.84,60.39,41.07,entsoe.eu,false,
2024-12-08 17:00:00,Italy,North Italy,IT-NO,196.58,252.72,59.46,39.85,entsoe.eu,false,
2024-12-08 18:00:00,Italy,North Italy,IT-NO,190.99,248.16,60.01,40.21,entsoe.eu,false,
2024-12-08 19:00:00,Italy,North Italy,IT-NO,194.14,254.35,58.83,37.4,entsoe.eu,false,
2024-12-08 20:00:00,Italy,North Italy,IT-NO,199.54,263.16,57.02,33.78,entsoe.eu,false,
2024-12-08 21:00:00,Italy,North Italy,IT-NO,193.95,256.44,58.65,33.53,entsoe.eu,false,
2024-12-08 22:00:00,Italy,North Italy,IT-NO,169.87,226.71,64.69,35.85,entsoe.eu,false,
2024-12-08 23:00:00,Italy,North Italy,IT-NO,181.85,241.85,61.95,35.04,entsoe.eu,false,
2024-12-09 00:00:00,Italy,North Italy,IT-NO,162.86,219.38,65.28,36.31,entsoe.eu,false,
2024-12-09 01:00:00,Italy,North Italy,IT-NO,174.46,233.14,63.37,35.2,entsoe.eu,false,
2024-12-09 02:00:00,Italy,North Italy,IT-NO,175.45,234.52,62.9,35.42,entsoe.eu,false,
2024-12-09 03:00:00,Italy,North Italy,IT-NO,188.11,250.56,59.58,33.59,entsoe.eu,false,
2024-12-09 04:00:00,Italy,North Italy,IT-NO,216.99,286.05,52.39,29.4,entsoe.eu,false,
2024-12-09 05:00:00,Italy,North Italy,IT-NO,252.29,328.37,43.99,25.77,entsoe.eu,false,
2024-12-09 06:00:00,Italy,North Italy,IT-NO,263.04,338.28,42.24,26.87,entsoe.eu,false,
2024-12-09 07:00:00,Italy,North Italy,IT-NO,263.64,339.58,41.79,28.37,entsoe.eu,false,
2024-12-09 08:00:00,Italy,North Italy,IT-NO,261.12,335.6,42.27,30.44,entsoe.eu,false,
2024-12-09 09:00:00,Italy,North Italy,IT-NO,258.68,333.15,43.03,30.98,entsoe.eu,false,
2024-12-09 10:00:00,Italy,North Italy,IT-NO,253.03,327.36,43.96,31.88,entsoe.eu,false,
2024-12-09 11:00:00,Italy,North Italy,IT-NO,259.17,337.64,41.56,29.77,entsoe.eu,false,
2024-12-09 12:00:00,Italy,North Italy,IT-NO,266.58,347.59,39.71,27.16,entsoe.eu,false,
2024-12-09 13:00:00,Italy,North Italy,IT-NO,266.5,345.43,40.35,27.86,entsoe.eu,false,
2024-12-09 14:00:00,Italy,North Italy,IT-NO,259.53,329.74,44.04,31.15,entsoe.eu,false,
2024-12-09 15:00:00,Italy,North Italy,IT-NO,261.11,328.86,44.69,32.25,entsoe.eu,false,
2024-12-09 16:00:00,Italy,North Italy,IT-NO,259.75,326.69,45.11,32.72,entsoe.eu,false,
2024-12-09 17:00:00,Italy,North Italy,IT-NO,262.05,333.2,43.81,31.49,entsoe.eu,false,
2024-12-09 18:00:00,Italy,North Italy,IT-NO,264.59,338.66,42.56,30.32,entsoe.eu,false,
2024-12-09 19:00:00,Italy,North Italy,IT-NO,270.81,349.5,40.49,27.2,entsoe.eu,false,
2024-12-09 20:00:00,Italy,North Italy,IT-NO,269.86,348.69,40.78,25.92,entsoe.eu,false,
2024-12-09 21:00:00,Italy,North Italy,IT-NO,254.12,329.75,45.09,27.88,entsoe.eu,false,
2024-12-09 22:00:00,Italy,North Italy,IT-NO,250.63,325.49,46.37,28.83,entsoe.eu,false,
2024-12-09 23:00:00,Italy,North Italy,IT-NO,241.23,315.13,47.57,29.16,entsoe.eu,false,
2024-12-10 00:00:00,Italy,North Italy,IT-NO,237.88,310.92,48.51,28.71,entsoe.eu,false,
2024-12-10 01:00:00,Italy,North Italy,IT-NO,231.09,302.46,50.2,29.08,entsoe.eu,false,
2024-12-10 02:00:00,Italy,North Italy,IT-NO,221.58,290.59,52.35,29.23,entsoe.eu,false,
2024-12-10 03:00:00,Italy,North Italy,IT-NO,220.87,289.33,52.56,28.99,entsoe.eu,false,
2024-12-10 04:00:00,Italy,North Italy,IT-NO,235.32,307.08,49.06,27.64,entsoe.eu,false,
2024-12-10 05:00:00,Italy,North Italy,IT-NO,267.84,347.83,40.24,23.21,entsoe.eu,false,
2024-12-10 06:00:00,Italy,North Italy,IT-NO,283.09,365.99,36.28,22.72,entsoe.eu,false,
2024-12-10 07:00:00,Italy,North Italy,IT-NO,272.52,346.3,40.5,28.14,entsoe.eu,false,
2024-12-10 08:00:00,Italy,North Italy,IT-NO,267.74,346.39,39.69,26.95,entsoe.eu,false,
2024-12-10 09:00:00,Italy,North Italy,IT-NO,270.45,350.13,39.02,26.69,entsoe.eu,false,
2024-12-10 10:00:00,Italy,North Italy,IT-NO,269.67,351.11,38.53,27.06,entsoe.eu,false,
2024-12-10 11:00:00,Italy,North Italy,IT-NO,289.05,374.8,34.14,24.67,entsoe.eu,false,
2024-12-10 12:00:00,Italy,North Italy,IT-NO,294.28,380.92,33.14,23.53,entsoe.eu,false,
2024-12-10 13:00:00,Italy,North Italy,IT-NO,290.25,376.63,33.72,24.04,entsoe.eu,false,
2024-12-10 14:00:00,Italy,North Italy,IT-NO,282.28,363.75,36.45,26.07,entsoe.eu,false,
2024-12-10 15:00:00,Italy,North Italy,IT-NO,289.58,364.16,37.47,27.89,entsoe.eu,false,
2024-12-10 16:00:00,Italy,North Italy,IT-NO,294.92,366.44,37.75,29.44,entsoe.eu,false,
2024-12-10 17:00:00,Italy,North Italy,IT-NO,291.13,366.86,37.05,27.69,entsoe.eu,false,
2024-12-10 18:00:00,Italy,North Italy,IT-NO,285.94,367.71,35.95,26.27,entsoe.eu,false,
2024-12-10 19:00:00,Italy,North Italy,IT-NO,290.78,376.43,34.1,22.59,entsoe.eu,false,
2024-12-10 20:00:00,Italy,North Italy,IT-NO,305.49,395.0,30.8,19.38,entsoe.eu,false,
2024-12-10 21:00:00,Italy,North Italy,IT-NO,286.28,370.97,36.04,20.47,entsoe.eu,false,
2024-12-10 22:00:00,Italy,North Italy,IT-NO,271.59,352.53,39.87,22.09,entsoe.eu,false,
2024-12-10 23:00:00,Italy,North Italy,IT-NO,268.44,349.25,40.31,22.01,entsoe.eu,false,
2024-12-11 00:00:00,Italy,North Italy,IT-NO,261.73,341.31,41.82,22.5,entsoe.eu,false,
2024-12-11 01:00:00,Italy,North Italy,IT-NO,256.1,334.39,42.97,23.07,entsoe.eu,false,
2024-12-11 02:00:00,Italy,North Italy,IT-NO,259.58,338.27,42.69,22.79,entsoe.eu,false,
2024-12-11 03:00:00,Italy,North Italy,IT-NO,263.26,342.58,41.88,22.52,entsoe.eu,false,
2024-12-11 04:00:00,Italy,North Italy,IT-NO,280.69,364.7,37.14,20.67,entsoe.eu,false,
2024-12-11 05:00:00,Italy,North Italy,IT-NO,317.82,412.69,26.69,16.77,entsoe.eu,false,
2024-12-11 06:00:00,Italy,North Italy,IT-NO,324.19,413.31,27.04,21.3,entsoe.eu,false,
2024-12-11 07:00:00,Italy,North Italy,IT-NO,313.99,396.1,30.92,25.74,entsoe.eu,false,
2024-12-11 08:00:00,Italy,North Italy,IT-NO,303.38,391.07,30.85,26.13,entsoe.eu,false,
2024-12-11 09:00:00,Italy,North Italy,IT-NO,307.23,398.22,29.45,24.3,entsoe.eu,false,
2024-12-11 10:00:00,Italy,North Italy,IT-NO,303.45,395.38,29.97,24.95,entsoe.eu,false,
2024-12-11 11:00:00,Italy,North Italy,IT-NO,301.01,393.38,29.94,24.62,entsoe.eu,false,
2024-12-11 12:00:00,Italy,North Italy,IT-NO,308.12,401.98,28.3,22.97,entsoe.eu,false,
2024-12-11 13:00:00,Italy,North Italy,IT-NO,315.21,407.42,27.94,22.53,entsoe.eu,false,
2024-12-11 14:00:00,Italy,North Italy,IT-NO,307.8,395.74,30.15,23.71,entsoe.eu,false,
2024-12-11 15:00:00,Italy,North Italy,IT-NO,312.16,395.87,30.78,24.62,entsoe.eu,false,
2024-12-11 16:00:00,Italy,North Italy,IT-NO,305.26,381.09,34.19,29.42,entsoe.eu,false,
2024-12-11 17:00:00,Italy,North Italy,IT-NO,311.61,384.47,34.17,30.46,entsoe.eu,false,
2024-12-11 18:00:00,Italy,North Italy,IT-NO,309.3,390.9,31.76,26.87,entsoe.eu,false,
2024-12-11 19:00:00,Italy,North Italy,IT-NO,313.82,403.43,28.66,21.05,entsoe.eu,false,
2024-12-11 20:00:00,Italy,North Italy,IT-NO,311.42,403.52,28.35,18.53,entsoe.eu,false,
2024-12-11 21:00:00,Italy,North Italy,IT-NO,295.64,385.79,31.51,18.92,entsoe.eu,false,
2024-12-11 22:00:00,Italy,North Italy,IT-NO,288.49,375.87,34.06,19.44,entsoe.eu,false,
2024-12-11 23:00:00,Italy,North Italy,IT-NO,278.28,361.81,37.82,20.68,entsoe.eu,false,
2024-12-12 00:00:00,Italy,North Italy,IT-NO,272.51,354.13,39.89,21.42,entsoe.eu,false,
2024-12-12 01:00:00,Italy,North Italy,IT-NO,264.63,344.37,41.88,21.97,entsoe.eu,false,
2024-12-12 02:00:00,Italy,North Italy,IT-NO,265.5,346.17,40.96,21.6,entsoe.eu,false,
2024-12-12 03:00:00,Italy,North Italy,IT-NO,266.32,347.54,40.47,21.08,entsoe.eu,false,
2024-12-12 04:00:00,Italy,North Italy,IT-NO,289.07,375.85,34.79,18.38,entsoe.eu,false,
2024-12-12 05:00:00,Italy,North Italy,IT-NO,342.56,443.1,21.1,13.71,entsoe.eu,false,
2024-12-12 06:00:00,Italy,North Italy,IT-NO,330.19,425.42,24.38,18.34,entsoe.eu,false,
2024-12-12 07:00:00,Italy,North Italy,IT-NO,319.68,407.96,28.31,24.98,entsoe.eu,false,
2024-12-12 08:00:00,Italy,North Italy,IT-NO,323.32,415.33,26.81,23.88,entsoe.eu,false,
2024-12-12 09:00:00,Italy,North Italy,IT-NO,321.1,416.28,26.18,22.55,entsoe.eu,false,
2024-12-12 10:00:00,Italy,North Italy,IT-NO,308.22,401.89,28.52,25.39,entsoe.eu,false,
2024-12-12 11:00:00,Italy,North Italy,IT-NO,313.36,408.78,27.09,24.28,entsoe.eu,false,
2024-12-12 12:00:00,Italy,North Italy,IT-NO,318.38,414.39,26.27,22.73,entsoe.eu,false,
2024-12-12 13:00:00,Italy,North Italy,IT-NO,326.32,424.07,24.08,19.62,entsoe.eu,false,
2024-12-12 14:00:00,Italy,North Italy,IT-NO,332.0,427.17,23.78,18.04,entsoe.eu,false,
2024-12-12 15:00:00,Italy,North Italy,IT-NO,321.01,410.94,27.15,21.82,entsoe.eu,false,
2024-12-12 16:00:00,Italy,North Italy,IT-NO,324.27,405.49,29.62,28.52,entsoe.eu,false,
2024-12-12 17:00:00,Italy,North Italy,IT-NO,327.39,406.78,29.93,29.67,entsoe.eu,false,
2024-12-12 18:00:00,Italy,North Italy,IT-NO,326.7,409.21,28.87,27.79,entsoe.eu,false,
2024-12-12 19:00:00,Italy,North Italy,IT-NO,340.57,437.97,22.05,17.87,entsoe.eu,false,
2024-12-12 20:00:00,Italy,North Italy,IT-NO,350.77,453.28,18.98,13.46,entsoe.eu,false,
2024-12-12 21:00:00,Italy,North Italy,IT-NO,361.08,466.69,16.88,12.15,entsoe.eu,false,
2024-12-12 22:00:00,Italy,North Italy,IT-NO,318.1,411.45,28.62,17.63,entsoe.eu,false,
2024-12-12 23:00:00,Italy,North Italy,IT-NO,292.3,379.66,34.48,19.57,entsoe.eu,false,
2024-12-13 00:00:00,Italy,North Italy,IT-NO,274.28,356.27,39.32,20.99,entsoe.eu,false,
2024-12-13 01:00:00,Italy,North Italy,IT-NO,263.42,342.81,41.95,22.06,entsoe.eu,false,
2024-12-13 02:00:00,Italy,North Italy,IT-NO,273.31,356.32,38.68,20.42,entsoe.eu,false,
2024-12-13 03:00:00,Italy,North Italy,IT-NO,271.24,353.92,39.11,20.87,entsoe.eu,false,
2024-12-13 04:00:00,Italy,North Italy,IT-NO,288.68,375.67,34.66,18.62,entsoe.eu,false,
2024-12-13 05:00:00,Italy,North Italy,IT-NO,350.25,453.66,18.57,11.79,entsoe.eu,false,
2024-12-13 06:00:00,Italy,North Italy,IT-NO,341.05,434.15,23.07,17.74,entsoe.eu,false,
2024-12-13 07:00:00,Italy,North Italy,IT-NO,323.25,402.08,30.56,27.86,entsoe.eu,false,
2024-12-13 08:00:00,Italy,North Italy,IT-NO,321.19,409.29,28.2,24.89,entsoe.eu,false,
2024-12-13 09:00:00,Italy,North Italy,IT-NO,325.75,419.56,25.67,21.49,entsoe.eu,false,
2024-12-13 10:00:00,Italy,North Italy,IT-NO,325.23,421.46,25.11,20.17,entsoe.eu,false,
2024-12-13 11:00:00,Italy,North Italy,IT-NO,332.86,430.39,23.41,19.43,entsoe.eu,false,
2024-12-13 12:00:00,Italy,North Italy,IT-NO,336.26,435.32,22.53,18.21,entsoe.eu,false,
2024-12-13 13:00:00,Italy,North Italy,IT-NO,329.25,425.32,24.25,19.17,entsoe.eu,false,
2024-12-13 14:00:00,Italy,North Italy,IT-NO,329.12,425.45,24.03,18.31,entsoe.eu,false,
2024-12-13 15:00:00,Italy,North Italy,IT-NO,313.28,400.21,29.3,23.8,entsoe.eu,false,
2024-12-13 16:00:00,Italy,North Italy,IT-NO,320.16,391.95,33.07,31.04,entsoe.eu,false,
2024-12-13 17:00:00,Italy,North Italy,IT-NO,322.84,401.23,30.59,28.8,entsoe.eu,false,
2024-12-13 18:00:00,Italy,North Italy,IT-NO,326.26,413.22,27.32,24.82,entsoe.eu,false,
2024-12-13 19:00:00,Italy,North Italy,IT-NO,355.0,459.54,17.44,14.11,entsoe.eu,false,
2024-12-13 20:00:00,Italy,North Italy,IT-NO,334.13,433.76,22.84,16.26,entsoe.eu,false,
2024-12-13 21:00:00,Italy,North Italy,IT-NO,292.37,379.31,35.06,22.16,entsoe.eu,false,
2024-12-13 22:00:00,Italy,North Italy,IT-NO,284.96,369.63,37.46,23.2,entsoe.eu,false,
2024-12-13 23:00:00,Italy,North Italy,IT-NO,250.2,325.42,46.63,26.98,entsoe.eu,false,
2024-12-14 00:00:00,Italy,North Italy,IT-NO,228.23,297.3,52.77,29.77,entsoe.eu,false,
2024-12-14 01:00:00,Italy,North Italy,IT-NO,214.71,280.78,56.13,31.61,entsoe.eu,false,
2024-12-14 02:00:00,Italy,North Italy,IT-NO,204.4,268.74,57.84,31.37,entsoe.eu,false,
2024-12-14 03:00:00,Italy,North Italy,IT-NO,203.97,268.93,57.21,30.48,entsoe.eu,false,
2024-12-14 04:00:00,Italy,North Italy,IT-NO,217.26,285.46,53.63,28.45,entsoe.eu,false,
2024-12-14 05:00:00,Italy,North Italy,IT-NO,226.49,296.47,51.23,27.7,entsoe.eu,false,
2024-12-14 06:00:00,Italy,North Italy,IT-NO,238.82,302.1,50.81,31.93,entsoe.eu,false,
2024-12-14 07:00:00,Italy,North Italy,IT-NO,235.99,296.19,51.75,34.72,entsoe.eu,false,
2024-12-14 08:00:00,Italy,North Italy,IT-NO,237.0,296.76,51.91,38.26,entsoe.eu,false,
2024-12-14 09:00:00,Italy,North Italy,IT-NO,230.24,300.25,49.67,35.19,entsoe.eu,false,
2024-12-14 10:00:00,Italy,North Italy,IT-NO,208.44,277.77,52.94,37.73,entsoe.eu,false,
2024-12-14 11:00:00,Italy,North Italy,IT-NO,198.65,266.74,55.0,37.13,entsoe.eu,false,
2024-12-14 12:00:00,Italy,North Italy,IT-NO,198.53,265.82,55.37,35.59,entsoe.eu,false,
2024-12-14 13:00:00,Italy,North Italy,IT-NO,218.68,289.95,51.0,31.65,entsoe.eu,false,
2024-12-14 14:00:00,Italy,North Italy,IT-NO,223.6,293.45,50.32,31.32,entsoe.eu,false,
2024-12-14 15:00:00,Italy,North Italy,IT-NO,224.48,285.07,53.09,35.43,entsoe.eu,false,
2024-12-14 16:00:00,Italy,North Italy,IT-NO,228.27,288.23,52.89,35.65,entsoe.eu,false,
2024-12-14 17:00:00,Italy,North Italy,IT-NO,226.13,285.98,53.48,36.76,entsoe.eu,false,
2024-12-14 18:00:00,Italy,North Italy,IT-NO,231.59,294.51,51.83,35.37,entsoe.eu,false,
2024-12-14 19:00:00,Italy,North Italy,IT-NO,233.07,303.56,49.69,32.72,entsoe.eu,false,
2024-12-14 20:00:00,Italy,North Italy,IT-NO,232.64,303.33,50.27,30.71,entsoe.eu,false,
2024-12-14 21:00:00,Italy,North Italy,IT-NO,227.25,295.85,52.39,31.61,entsoe.eu,false,
2024-12-14 22:00:00,Italy,North Italy,IT-NO,224.64,291.39,53.61,33.06,entsoe.eu,false,
2024-12-14 23:00:00,Italy,North Italy,IT-NO,225.21,294.58,53.39,32.97,entsoe.eu,false,
2024-12-15 00:00:00,Italy,North Italy,IT-NO,217.28,284.98,55.67,34.79,entsoe.eu,false,
2024-12-15 01:00:00,Italy,North Italy,IT-NO,214.46,282.28,55.86,34.25,entsoe.eu,false,
2024-12-15 02:00:00,Italy,North Italy,IT-NO,210.42,277.9,55.92,32.54,entsoe.eu,false,
2024-12-15 03:00:00,Italy,North Italy,IT-NO,209.46,277.21,55.31,30.87,entsoe.eu,false,
2024-12-15 04:00:00,Italy,North Italy,IT-NO,211.99,280.04,54.55,30.77,entsoe.eu,false,
2024-12-15 05:00:00,Italy,North Italy,IT-NO,216.29,284.57,53.64,31.83,entsoe.eu,false,
2024-12-15 06:00:00,Italy,North Italy,IT-NO,204.52,263.8,57.88,40.13,entsoe.eu,false,
2024-12-15 07:00:00,Italy,North Italy,IT-NO,197.27,252.41,60.33,45.96,entsoe.eu,false,
2024-12-15 08:00:00,Italy,North Italy,IT-NO,186.16,238.02,63.49,49.22,entsoe.eu,false,
2024-12-15 09:00:00,Italy,North Italy,IT-NO,178.25,231.81,64.29,48.87,entsoe.eu,false,
2024-12-15 10:00:00,Italy,North Italy,IT-NO,174.44,232.69,63.29,47.32,entsoe.eu,false,
2024-12-15 11:00:00,Italy,North Italy,IT-NO,174.54,234.06,62.98,46.89,entsoe.eu,false,
2024-12-15 12:00:00,Italy,North Italy,IT-NO,177.44,238.05,62.23,45.45,entsoe.eu,false,
2024-12-15 13:00:00,Italy,North Italy,IT-NO,188.5,251.03,60.08,41.62,entsoe.eu,false,
2024-12-15 14:00:00,Italy,North Italy,IT-NO,209.79,276.29,55.25,37.17,entsoe.eu,false,
2024-12-15 15:00:00,Italy,North Italy,IT-NO,231.5,300.84,50.45,34.48,entsoe.eu,false,
2024-12-15 16:00:00,Italy,North Italy,IT-NO,236.28,306.51,49.07,34.28,entsoe.eu,false,
2024-12-15 17:00:00,Italy,North Italy,IT-NO,220.5,286.83,52.29,36.97,entsoe.eu,false,
2024-12-15 18:00:00,Italy,North Italy,IT-NO,218.07,286.08,52.12,37.4,entsoe.eu,false,
2024-12-15 19:00:00,Italy,North Italy,IT-NO,237.36,310.09,47.96,32.68,entsoe.eu,false,
2024-12-15 20:00:00,Italy,North Italy,IT-NO,247.92,323.97,45.59,30.51,entsoe.eu,false,
2024-12-15 21:00:00,Italy,North Italy,IT-NO,230.6,301.92,50.66,33.07,entsoe.eu,false,
2024-12-15 22:00:00,Italy,North Italy,IT-NO,209.91,276.26,56.13,37.16,entsoe.eu,false,
2024-12-15 23:00:00,Italy,North Italy,IT-NO,202.4,266.03,59.45,39.59,entsoe.eu,false,
2024-12-16 00:00:00,Italy,North Italy,IT-NO,187.67,247.93,63.13,42.42,entsoe.eu,false,
2024-12-16 01:00:00,Italy,North Italy,IT-NO,187.17,248.23,62.75,42.98,entsoe.eu,false,
2024-12-16 02:00:00,Italy,North Italy,IT-NO,198.75,262.47,60.35,41.11,entsoe.eu,false,
2024-12-16 03:00:00,Italy,North Italy,IT-NO,205.91,272.07,57.54,37.06,entsoe.eu,false,
2024-12-16 04:00:00,Italy,North Italy,IT-NO,227.11,297.89,52.26,34.38,entsoe.eu,false,
2024-12-16 05:00:00,Italy,North Italy,IT-NO,254.36,330.78,44.73,29.89,entsoe.eu,false,
2024-12-16 06:00:00,Italy,North Italy,IT-NO,258.5,331.17,44.41,33.11,entsoe.eu,false,
2024-12-16 07:00:00,Italy,North Italy,IT-NO,258.24,328.6,45.23,34.58,entsoe.eu,false,
2024-12-16 08:00:00,Italy,North Italy,IT-NO,256.26,328.91,44.63,33.97,entsoe.eu,false,
2024-12-16 09:00:00,Italy,North Italy,IT-NO,256.82,334.97,43.17,31.42,entsoe.eu,false,
2024-12-16 10:00:00,Italy,North Italy,IT-NO,242.39,318.2,46.06,33.83,entsoe.eu,false,
2024-12-16 11:00:00,Italy,North Italy,IT-NO,231.68,305.58,48.28,35.88,entsoe.eu,false,
2024-12-16 12:00:00,Italy,North Italy,IT-NO,233.34,307.59,48.14,35.18,entsoe.eu,false,
2024-12-16 13:00:00,Italy,North Italy,IT-NO,256.95,335.85,43.02,30.02,entsoe.eu,false,
2024-12-16 14:00:00,Italy,North Italy,IT-NO,273.66,355.89,38.88,25.37,entsoe.eu,false,
2024-12-16 15:00:00,Italy,North Italy,IT-NO,278.75,361.21,37.81,25.86,entsoe.eu,false,
2024-12-16 16:00:00,Italy,North Italy,IT-NO,277.53,357.89,38.46,27.03,entsoe.eu,false,
2024-12-16 17:00:00,Italy,North Italy,IT-NO,268.39,346.3,40.78,27.94,entsoe.eu,false,
2024-12-16 18:00:00,Italy,North Italy,IT-NO,275.28,354.88,39.22,26.72,entsoe.eu,false,
2024-12-16 19:00:00,Italy,North Italy,IT-NO,271.5,351.51,39.91,26.36,entsoe.eu,false,
2024-12-16 20:00:00,Italy,North Italy,IT-NO,272.3,353.17,39.88,25.06,entsoe.eu,false,
2024-12-16 21:00:00,Italy,North Italy,IT-NO,260.75,338.53,43.33,26.85,entsoe.eu,false,
2024-12-16 22:00:00,Italy,North Italy,IT-NO,258.3,335.86,44.02,26.73,entsoe.eu,false,
2024-12-16 23:00:00,Italy,North Italy,IT-NO,246.91,321.6,47.06,27.87,entsoe.eu,false,
2024-12-17 00:00:00,Italy,North Italy,IT-NO,242.71,316.18,48.23,27.72,entsoe.eu,false,
2024-12-17 01:00:00,Italy,North Italy,IT-NO,232.73,304.6,49.85,28.32,entsoe.eu,false,
2024-12-17 02:00:00,Italy,North Italy,IT-NO,243.62,317.83,47.74,26.86,entsoe.eu,false,
2024-12-17 03:00:00,Italy,North Italy,IT-NO,245.21,319.83,47.38,26.55,entsoe.eu,false,
2024-12-17 04:00:00,Italy,North Italy,IT-NO,256.26,333.18,44.83,25.53,entsoe.eu,false,
2024-12-17 05:00:00,Italy,North Italy,IT-NO,282.66,365.17,38.31,23.58,entsoe.eu,false,
2024-12-17 06:00:00,Italy,North Italy,IT-NO,296.62,377.38,35.87,24.93,entsoe.eu,false,
2024-12-17 07:00:00,Italy,North Italy,IT-NO,283.4,359.51,39.33,29.56,entsoe.eu,false,
2024-12-17 08:00:00,Italy,North Italy,IT-NO,281.38,360.1,38.9,28.49,entsoe.eu,false,
2024-12-17 09:00:00,Italy,North Italy,IT-NO,278.47,361.21,38.32,27.95,entsoe.eu,false,
2024-12-17 10:00:00,Italy,North Italy,IT-NO,268.32,350.13,40.16,29.35,entsoe.eu,false,
2024-12-17 11:00:00,Italy,North Italy,IT-NO,246.58,323.46,44.94,31.65,entsoe.eu,false,
2024-12-17 12:00:00,Italy,North Italy,IT-NO,248.84,326.42,43.84,29.23,entsoe.eu,false,
2024-12-17 13:00:00,Italy,North Italy,IT-NO,276.63,359.03,38.03,23.65,entsoe.eu,false,
2024-12-17 14:00:00,Italy,North Italy,IT-NO,298.35,385.73,32.85,19.92,entsoe.eu,false,
2024-12-17 15:00:00,Italy,North Italy,IT-NO,285.85,364.74,37.25,25.43,entsoe.eu,false,
2024-12-17 16:00:00,Italy,North Italy,IT-NO,275.66,353.1,39.39,27.71,entsoe.eu,false,
2024-12-17 17:00:00,Italy,North Italy,IT-NO,273.69,352.03,39.47,26.86,entsoe.eu,false,
2024-12-17 18:00:00,Italy,North Italy,IT-NO,275.83,355.44,38.73,25.15,entsoe.eu,false,
2024-12-17 19:00:00,Italy,North Italy,IT-NO,283.57,367.36,36.07,21.97,entsoe.eu,false,
2024-12-17 20:00:00,Italy,North Italy,IT-NO,278.09,361.64,37.24,21.25,entsoe.eu,false,
2024-12-17 21:00:00,Italy,North Italy,IT-NO,257.94,336.7,42.27,23.49,entsoe.eu,false,
2024-12-17 22:00:00,Italy,North Italy,IT-NO,246.56,322.41,45.46,25.24,entsoe.eu,false,
2024-12-17 23:00:00,Italy,North Italy,IT-NO,215.89,283.95,53.17,28.59,entsoe.eu,false,
2024-12-18 00:00:00,Italy,North Italy,IT-NO,210.37,277.76,54.17,29.06,entsoe.eu,false,
2024-12-18 01:00:00,Italy,North Italy,IT-NO,203.73,270.43,55.12,29.45,entsoe.eu,false,
2024-12-18 02:00:00,Italy,North Italy,IT-NO,202.47,269.44,55.1,29.96,entsoe.eu,false,
2024-12-18 03:00:00,Italy,North Italy,IT-NO,208.88,276.57,54.16,29.42,entsoe.eu,false,
2024-12-18 04:00:00,Italy,North Italy,IT-NO,250.43,327.65,44.48,25.03,entsoe.eu,false,
2024-12-18 05:00:00,Italy,North Italy,IT-NO,279.93,364.94,36.52,21.52,entsoe.eu,false,
2024-12-18 06:00:00,Italy,North Italy,IT-NO,300.26,389.46,31.89,21.02,entsoe.eu,false,
2024-12-18 07:00:00,Italy,North Italy,IT-NO,306.26,385.19,34.59,25.13,entsoe.eu,false,
2024-12-18 08:00:00,Italy,North Italy,IT-NO,294.98,379.66,34.61,24.19,entsoe.eu,false,
2024-12-18 09:00:00,Italy,North Italy,IT-NO,287.43,373.89,35.31,24.44,entsoe.eu,false,
2024-12-18 10:00:00,Italy,North Italy,IT-NO,281.72,367.09,36.7,26.43,entsoe.eu,false,
2024-12-18 11:00:00,Italy,North Italy,IT-NO,253.69,332.99,42.81,30.48,entsoe.eu,false,
2024-12-18 12:00:00,Italy,North Italy,IT-NO,266.24,348.58,39.72,27.91,entsoe.eu,false,
2024-12-18 13:00:00,Italy,North Italy,IT-NO,290.16,377.72,34.04,23.09,entsoe.eu,false,
2024-12-18 14:00:00,Italy,North Italy,IT-NO,291.47,377.85,34.14,22.22,entsoe.eu,false,
2024-12-18 15:00:00,Italy,North Italy,IT-NO,287.43,371.13,35.67,24.33,entsoe.eu,false,
2024-12-18 16:00:00,Italy,North Italy,IT-NO,285.01,367.82,36.43,25.39,entsoe.eu,false,
2024-12-18 17:00:00,Italy,North Italy,IT-NO,279.65,362.12,37.23,25.82,entsoe.eu,false,
2024-12-18 18:00:00,Italy,North Italy,IT-NO,284.01,368.28,36.05,24.74,entsoe.eu,false,
2024-12-18 19:00:00,Italy,North Italy,IT-NO,280.12,364.15,36.74,23.71,entsoe.eu,false,
2024-12-18 20:00:00,Italy,North Italy,IT-NO,274.16,357.6,38.05,23.64,entsoe.eu,false,
2024-12-18 21:00:00,Italy,North Italy,IT-NO,260.76,340.85,41.67,25.81,entsoe.eu,false,
2024-12-18 22:00:00,Italy,North Italy,IT-NO,244.88,320.88,45.93,27.85,entsoe.eu,false,
2024-12-18 23:00:00,Italy,North Italy,IT-NO,214.76,283.16,53.32,31.38,entsoe.eu,false,
2024-12-19 00:00:00,Italy,North Italy,IT-NO,199.01,264.39,56.66,32.65,entsoe.eu,false,
2024-12-19 01:00:00,Italy,North Italy,IT-NO,195.15,260.15,57.04,33.02,entsoe.eu,false,
2024-12-19 02:00:00,Italy,North Italy,IT-NO,206.07,273.41,54.76,31.88,entsoe.eu,false,
2024-12-19 03:00:00,Italy,North Italy,IT-NO,204.91,272.05,54.69,31.42,entsoe.eu,false,
2024-12-19 04:00:00,Italy,North Italy,IT-NO,223.37,293.88,50.79,29.57,entsoe.eu,false,
2024-12-19 05:00:00,Italy,North Italy,IT-NO,262.27,341.97,41.14,24.07,entsoe.eu,false,
2024-12-19 06:00:00,Italy,North Italy,IT-NO,269.98,349.68,39.68,25.83,entsoe.eu,false,
2024-12-19 07:00:00,Italy,North Italy,IT-NO,259.46,334.7,42.96,30.66,entsoe.eu,false,
2024-12-19 08:00:00,Italy,North Italy,IT-NO,260.34,337.83,42.1,28.95,entsoe.eu,false,
2024-12-19 09:00:00,Italy,North Italy,IT-NO,268.49,349.03,39.91,26.0,entsoe.eu,false,
2024-12-19 10:00:00,Italy,North Italy,IT-NO,267.34,348.67,39.82,25.44,entsoe.eu,false,
2024-12-19 11:00:00,Italy,North Italy,IT-NO,262.06,343.1,40.4,25.76,entsoe.eu,false,
2024-12-19 12:00:00,Italy,North Italy,IT-NO,259.46,339.71,40.69,25.3,entsoe.eu,false,
2024-12-19 13:00:00,Italy,North Italy,IT-NO,267.89,349.58,39.3,24.43,entsoe.eu,false,
2024-12-19 14:00:00,Italy,North Italy,IT-NO,265.14,344.77,40.43,24.97,entsoe.eu,false,
2024-12-19 15:00:00,Italy,North Italy,IT-NO,267.3,342.2,41.59,27.31,entsoe.eu,false,
2024-12-19 16:00:00,Italy,North Italy,IT-NO,264.57,338.24,42.22,28.49,entsoe.eu,false,
2024-12-19 17:00:00,Italy,North Italy,IT-NO,271.69,348.82,40.24,26.56,entsoe.eu,false,
2024-12-19 18:00:00,Italy,North Italy,IT-NO,270.94,350.58,39.89,25.81,entsoe.eu,false,
2024-12-19 19:00:00,Italy,North Italy,IT-NO,259.26,336.19,42.8,26.89,entsoe.eu,false,
2024-12-19 20:00:00,Italy,North Italy,IT-NO,235.86,308.41,48.04,28.66,entsoe.eu,false,
2024-12-19 21:00:00,Italy,North Italy,IT-NO,217.44,285.39,53.2,31.78,entsoe.eu,false,
2024-12-19 22:00:00,Italy,North Italy,IT-NO,211.77,278.68,55.08,33.79,entsoe.eu,false,
2024-12-19 23:00:00,Italy,North Italy,IT-NO,194.22,258.35,58.82,36.78,entsoe.eu,false,
2024-12-20 00:00:00,Italy,North Italy,IT-NO,178.07,238.34,62.79,38.65,entsoe.eu,false,
2024-12-20 01:00:00,Italy,North Italy,IT-NO,181.08,241.99,62.53,40.36,entsoe.eu,false,
2024-12-20 02:00:00,Italy,North Italy,IT-NO,165.49,223.42,65.26,41.47,entsoe.eu,false,
2024-12-20 03:00:00,Italy,North Italy,IT-NO,171.88,231.37,63.38,39.15,entsoe.eu,false,
2024-12-20 04:00:00,Italy,North Italy,IT-NO,187.44,249.62,60.13,35.4,entsoe.eu,false,
2024-12-20 05:00:00,Italy,North Italy,IT-NO,206.39,272.29,55.18,31.49,entsoe.eu,false,
2024-12-20 06:00:00,Italy,North Italy,IT-NO,224.0,291.01,51.43,32.58,entsoe.eu,false,
2024-12-20 07:00:00,Italy,North Italy,IT-NO,229.37,296.74,50.82,35.53,entsoe.eu,false,
2024-12-20 08:00:00,Italy,North Italy,IT-NO,225.38,293.14,51.48,37.07,entsoe.eu,false,
2024-12-20 09:00:00,Italy,North Italy,IT-NO,215.39,283.27,52.95,36.92,entsoe.eu,false,
2024-12-20 10:00:00,Italy,North Italy,IT-NO,207.34,274.78,54.18,37.43,entsoe.eu,false,
2024-12-20 11:00:00,Italy,North Italy,IT-NO,192.93,258.43,56.6,39.33,entsoe.eu,false,
2024-12-20 12:00:00,Italy,North Italy,IT-NO,183.7,246.99,58.65,39.37,entsoe.eu,false,
2024-12-20 13:00:00,Italy,North Italy,IT-NO,201.31,267.02,55.48,35.24,entsoe.eu,false,
2024-12-20 14:00:00,Italy,North Italy,IT-NO,220.75,289.49,51.15,30.81,entsoe.eu,false,
2024-12-20 15:00:00,Italy,North Italy,IT-NO,231.33,301.1,48.68,29.99,entsoe.eu,false,
2024-12-20 16:00:00,Italy,North Italy,IT-NO,243.92,313.92,47.11,30.76,entsoe.eu,false,
2024-12-20 17:00:00,Italy,North Italy,IT-NO,240.37,309.58,48.07,31.88,entsoe.eu,false,
2024-12-20 18:00:00,Italy,North Italy,IT-NO,234.76,304.21,48.61,31.58,entsoe.eu,false,
2024-12-20 19:00:00,Italy,North Italy,IT-NO,221.8,289.99,51.37,31.87,entsoe.eu,false,
2024-12-20 20:00:00,Italy,North Italy,IT-NO,201.74,265.6,56.2,33.47,entsoe.eu,false,
2024-12-20 21:00:00,Italy,North Italy,IT-NO,184.61,245.93,59.98,35.23,entsoe.eu,false,
2024-12-20 22:00:00,Italy,North Italy,IT-NO,175.1,235.01,62.16,36.47,entsoe.eu,false,
2024-12-20 23:00:00,Italy,North Italy,IT-NO,174.33,233.43,63.18,37.56,entsoe.eu,false,
2024-12-21 00:00:00,Italy,North Italy,IT-NO,157.82,213.8,67.29,41.17,entsoe.eu,false,
2024-12-21 01:00:00,Italy,North Italy,IT-NO,151.8,206.83,68.26,42.66,entsoe.eu,false,
2024-12-21 02:00:00,Italy,North Italy,IT-NO,145.55,199.67,68.92,43.25,entsoe.eu,false,
2024-12-21 03:00:00,Italy,North Italy,IT-NO,158.21,214.94,66.09,40.29,entsoe.eu,false,
2024-12-21 04:00:00,Italy,North Italy,IT-NO,179.86,241.22,61.05,35.3,entsoe.eu,false,
2024-12-21 05:00:00,Italy,North Italy,IT-NO,177.38,236.96,61.99,34.79,entsoe.eu,false,
2024-12-21 06:00:00,Italy,North Italy,IT-NO,165.75,219.91,65.57,39.49,entsoe.eu,false,
2024-12-21 07:00:00,Italy,North Italy,IT-NO,160.44,213.74,66.64,41.86,entsoe.eu,false,
2024-12-21 08:00:00,Italy,North Italy,IT-NO,149.55,200.5,69.06,46.41,entsoe.eu,false,
2024-12-21 09:00:00,Italy,North Italy,IT-NO,127.79,177.38,73.35,51.49,entsoe.eu,false,
2024-12-21 10:00:00,Italy,North Italy,IT-NO,110.36,158.69,76.18,57.38,entsoe.eu,false,
2024-12-21 11:00:00,Italy,North Italy,IT-NO,106.93,154.35,77.32,58.2,entsoe.eu,false,
2024-12-21 12:00:00,Italy,North Italy,IT-NO,117.78,166.86,74.99,53.48,entsoe.eu,false,
2024-12-21 13:00:00,Italy,North Italy,IT-NO,152.27,207.77,67.62,45.52,entsoe.eu,false,
2024-12-21 14:00:00,Italy,North Italy,IT-NO,188.06,249.57,59.93,37.78,entsoe.eu,false,
2024-12-21 15:00:00,Italy,North Italy,IT-NO,191.51,253.57,58.27,35.89,entsoe.eu,false,
2024-12-21 16:00:00,Italy,North Italy,IT-NO,198.84,259.44,57.16,37.06,entsoe.eu,false,
2024-12-21 17:00:00,Italy,North Italy,IT-NO,205.38,267.13,56.24,38.13,entsoe.eu,false,
2024-12-21 18:00:00,Italy,North Italy,IT-NO,207.36,268.77,56.04,39.45,entsoe.eu,false,
2024-12-21 19:00:00,Italy,North Italy,IT-NO,213.74,278.14,54.34,37.28,entsoe.eu,false,
2024-12-21 20:00:00,Italy,North Italy,IT-NO,208.08,274.14,54.92,35.7,entsoe.eu,false,
2024-12-21 21:00:00,Italy,North Italy,IT-NO,199.06,264.12,56.94,36.34,entsoe.eu,false,
2024-12-21 22:00:00,Italy,North Italy,IT-NO,194.69,259.11,58.03,37.07,entsoe.eu,false,
2024-12-21 23:00:00,Italy,North Italy,IT-NO,166.87,224.63,64.85,41.64,entsoe.eu,false,
2024-12-22 00:00:00,Italy,North Italy,IT-NO,160.85,217.37,66.32,42.28,entsoe.eu,false,
2024-12-22 01:00:00,Italy,North Italy,IT-NO,154.92,210.16,67.83,43.43,entsoe.eu,false,
2024-12-22 02:00:00,Italy,North Italy,IT-NO,145.67,199.15,69.49,44.86,entsoe.eu,false,
2024-12-22 03:00:00,Italy,North Italy,IT-NO,142.73,195.96,69.86,44.21,entsoe.eu,false,
2024-12-22 04:00:00,Italy,North Italy,IT-NO,162.91,220.01,65.69,40.48,entsoe.eu,false,
2024-12-22 05:00:00,Italy,North Italy,IT-NO,172.02,230.66,63.61,39.7,entsoe.eu,false,
2024-12-22 06:00:00,Italy,North Italy,IT-NO,164.72,218.04,65.9,41.78,entsoe.eu,false,
2024-12-22 07:00:00,Italy,North Italy,IT-NO,157.01,209.03,67.51,44.07,entsoe.eu,false,
2024-12-22 08:00:00,Italy,North Italy,IT-NO,156.81,209.57,67.58,45.45,entsoe.eu,false,
2024-12-22 09:00:00,Italy,North Italy,IT-NO,142.02,190.41,71.39,47.84,entsoe.eu,false,
2024-12-22 10:00:00,Italy,North Italy,IT-NO,125.86,174.95,73.9,50.64,entsoe.eu,false,
2024-12-22 11:00:00,Italy,North Italy,IT-NO,139.66,193.06,70.66,50.06,entsoe.eu,false,
2024-12-22 12:00:00,Italy,North Italy,IT-NO,151.19,206.4,68.24,47.14,entsoe.eu,false,
2024-12-22 13:00:00,Italy,North Italy,IT-NO,170.92,229.02,63.95,41.06,entsoe.eu,false,
2024-12-22 14:00:00,Italy,North Italy,IT-NO,178.73,233.83,63.24,40.21,entsoe.eu,false,
2024-12-22 15:00:00,Italy,North Italy,IT-NO,183.65,228.5,64.98,43.47,entsoe.eu,false,
2024-12-22 16:00:00,Italy,North Italy,IT-NO,169.44,217.19,66.16,42.93,entsoe.eu,false,
2024-12-22 17:00:00,Italy,North Italy,IT-NO,170.97,218.74,66.08,43.68,entsoe.eu,false,
2024-12-22 18:00:00,Italy,North Italy,IT-NO,178.32,224.68,65.53,44.26,entsoe.eu,false,
2024-12-22 19:00:00,Italy,North Italy,IT-NO,175.76,229.94,63.82,39.7,entsoe.eu,false,
2024-12-22 20:00:00,Italy,North Italy,IT-NO,173.38,229.0,63.82,37.78,entsoe.eu,false,
2024-12-22 21:00:00,Italy,North Italy,IT-NO,172.44,228.76,64.3,38.23,entsoe.eu,false,
2024-12-22 22:00:00,Italy,North Italy,IT-NO,162.13,218.66,65.94,38.1,entsoe.eu,false,
2024-12-22 23:00:00,Italy,North Italy,IT-NO,171.55,230.9,64.57,39.51,entsoe.eu,false,
2024-12-23 00:00:00,Italy,North Italy,IT-NO,168.75,229.4,65.26,42.79,entsoe.eu,false,
2024-12-23 01:00:00,Italy,North Italy,IT-NO,147.63,205.35,68.59,46.43,entsoe.eu,false,
2024-12-23 02:00:00,Italy,North Italy,IT-NO,156.01,216.06,66.56,45.88,entsoe.eu,false,
2024-12-23 03:00:00,Italy,North Italy,IT-NO,161.14,221.54,65.6,43.99,entsoe.eu,false,
2024-12-23 04:00:00,Italy,North Italy,IT-NO,184.82,249.65,60.23,38.55,entsoe.eu,false,
2024-12-23 05:00:00,Italy,North Italy,IT-NO,190.36,252.56,60.0,34.73,entsoe.eu,false,
2024-12-23 06:00:00,Italy,North Italy,IT-NO,201.74,261.8,58.96,38.66,entsoe.eu,false,
2024-12-23 07:00:00,Italy,North Italy,IT-NO,196.96,253.98,60.43,42.5,entsoe.eu,false,
2024-12-23 08:00:00,Italy,North Italy,IT-NO,175.75,230.73,64.1,44.79,entsoe.eu,false,
2024-12-23 09:00:00,Italy,North Italy,IT-NO,171.35,222.35,65.76,47.97,entsoe.eu,false,
2024-12-23 10:00:00,Italy,North Italy,IT-NO,161.12,215.55,66.5,49.13,entsoe.eu,false,
2024-12-23 11:00:00,Italy,North Italy,IT-NO,165.65,224.44,64.52,49.0,entsoe.eu,false,
2024-12-23 12:00:00,Italy,North Italy,IT-NO,173.29,235.03,62.46,45.46,entsoe.eu,false,
2024-12-23 13:00:00,Italy,North Italy,IT-NO,192.53,257.19,58.57,39.81,entsoe.eu,false,
2024-12-23 14:00:00,Italy,North Italy,IT-NO,205.25,269.96,56.96,36.24,entsoe.eu,false,
2024-12-23 15:00:00,Italy,North Italy,IT-NO,202.99,264.61,57.83,36.44,entsoe.eu,false,
2024-12-23 16:00:00,Italy,North Italy,IT-NO,194.29,248.96,60.97,39.69,entsoe.eu,false,
2024-12-23 17:00:00,Italy,North Italy,IT-NO,196.07,252.62,60.41,39.88,entsoe.eu,false,
2024-12-23 18:00:00,Italy,North Italy,IT-NO,193.43,248.9,61.31,40.26,entsoe.eu,false,
2024-12-23 19:00:00,Italy,North Italy,IT-NO,200.02,260.48,59.16,36.55,entsoe.eu,false,
2024-12-23 20:00:00,Italy,North Italy,IT-NO,200.35,261.49,59.12,34.26,entsoe.eu,false,
2024-12-23 21:00:00,Italy,North Italy,IT-NO,206.89,271.53,57.0,32.62,entsoe.eu,false,
2024-12-23 22:00:00,Italy,North Italy,IT-NO,217.37,284.43,55.07,32.43,entsoe.eu,false,
2024-12-23 23:00:00,Italy,North Italy,IT-NO,194.38,259.38,59.17,37.05,entsoe.eu,false,
2024-12-24 00:00:00,Italy,North Italy,IT-NO,200.33,268.41,57.66,38.98,entsoe.eu,false,
2024-12-24 01:00:00,Italy,North Italy,IT-NO,206.32,270.48,58.59,40.22,entsoe.eu,false,
2024-12-24 02:00:00,Italy,North Italy,IT-NO,191.01,257.46,60.04,40.86,entsoe.eu,false,
2024-12-24 03:00:00,Italy,North Italy,IT-NO,190.28,256.41,59.67,38.51,entsoe.eu,false,
2024-12-24 04:00:00,Italy,North Italy,IT-NO,222.83,296.72,51.55,33.51,entsoe.eu,false,
2024-12-24 05:00:00,Italy,North Italy,IT-NO,228.77,299.28,51.23,32.86,entsoe.eu,false,
2024-12-24 06:00:00,Italy,North Italy,IT-NO,223.88,291.11,52.47,34.91,entsoe.eu,false,
2024-12-24 07:00:00,Italy,North Italy,IT-NO,223.87,290.82,52.17,35.12,entsoe.eu,false,
2024-12-24 08:00:00,Italy,North Italy,IT-NO,208.48,273.62,54.72,38.28,entsoe.eu,false,
2024-12-24 09:00:00,Italy,North Italy,IT-NO,214.1,281.98,53.08,40.48,entsoe.eu,false,
2024-12-24 10:00:00,Italy,North Italy,IT-NO,192.29,256.7,58.1,48.37,entsoe.eu,false,
2024-12-24 11:00:00,Italy,North Italy,IT-NO,182.22,246.36,58.91,50.44,entsoe.eu,false,
2024-12-24 12:00:00,Italy,North Italy,IT-NO,197.88,265.66,55.35,47.54,entsoe.eu,false,
2024-12-24 13:00:00,Italy,North Italy,IT-NO,222.59,293.34,50.46,39.97,entsoe.eu,false,
2024-12-24 14:00:00,Italy,North Italy,IT-NO,244.18,313.62,47.35,34.02,entsoe.eu,false,
2024-12-24 15:00:00,Italy,North Italy,IT-NO,241.28,309.51,47.6,31.35,entsoe.eu,false,
2024-12-24 16:00:00,Italy,North Italy,IT-NO,240.98,304.87,49.31,35.13,entsoe.eu,false,
2024-12-24 17:00:00,Italy,North Italy,IT-NO,230.92,296.13,50.76,37.83,entsoe.eu,false,
2024-12-24 18:00:00,Italy,North Italy,IT-NO,237.46,304.48,49.81,36.94,entsoe.eu,false,
2024-12-24 19:00:00,Italy,North Italy,IT-NO,236.01,308.16,48.98,33.26,entsoe.eu,false,
2024-12-24 20:00:00,Italy,North Italy,IT-NO,234.05,308.44,48.83,30.96,entsoe.eu,false,
2024-12-24 21:00:00,Italy,North Italy,IT-NO,237.38,313.56,47.63,28.68,entsoe.eu,false,
2024-12-24 22:00:00,Italy,North Italy,IT-NO,231.83,307.71,48.33,28.66,entsoe.eu,false,
2024-12-24 23:00:00,Italy,North Italy,IT-NO,233.62,307.0,50.72,29.29,entsoe.eu,false,
2024-12-25 00:00:00,Italy,North Italy,IT-NO,219.39,289.78,53.77,31.02,entsoe.eu,false,
2024-12-25 01:00:00,Italy,North Italy,IT-NO,204.27,271.63,57.51,32.29,entsoe.eu,false,
2024-12-25 02:00:00,Italy,North Italy,IT-NO,202.53,271.29,57.25,33.92,entsoe.eu,false,
2024-12-25 03:00:00,Italy,North Italy,IT-NO,196.33,263.88,58.16,34.23,entsoe.eu,false,
2024-12-25 04:00:00,Italy,North Italy,IT-NO,207.93,277.34,55.89,32.91,entsoe.eu,false,
2024-12-25 05:00:00,Italy,North Italy,IT-NO,216.0,286.04,54.61,31.44,entsoe.eu,false,
2024-12-25 06:00:00,Italy,North Italy,IT-NO,212.5,280.81,55.31,32.54,entsoe.eu,false,
2024-12-25 07:00:00,Italy,North Italy,IT-NO,190.75,254.36,60.24,37.0,entsoe.eu,false,
2024-12-25 08:00:00,Italy,North Italy,IT-NO,169.96,229.83,64.36,43.62,entsoe.eu,false,
2024-12-25 09:00:00,Italy,North Italy,IT-NO,169.02,229.76,64.49,49.46,entsoe.eu,false,
2024-12-25 10:00:00,Italy,North Italy,IT-NO,162.17,221.96,66.19,50.96,entsoe.eu,false,
2024-12-25 11:00:00,Italy,North Italy,IT-NO,166.7,228.84,64.42,50.87,entsoe.eu,false,
2024-12-25 12:00:00,Italy,North Italy,IT-NO,145.27,203.19,69.3,54.99,entsoe.eu,false,
2024-12-25 13:00:00,Italy,North Italy,IT-NO,164.14,224.98,65.41,50.17,entsoe.eu,false,
2024-12-25 14:00:00,Italy,North Italy,IT-NO,191.83,255.15,60.56,39.67,entsoe.eu,false,
2024-12-25 15:00:00,Italy,North Italy,IT-NO,222.67,289.14,54.37,30.17,entsoe.eu,false,
2024-12-25 16:00:00,Italy,North Italy,IT-NO,219.42,269.89,58.91,39.12,entsoe.eu,false,
2024-12-25 17:00:00,Italy,North Italy,IT-NO,198.97,249.49,61.77,42.72,entsoe.eu,false,
2024-12-25 18:00:00,Italy,North Italy,IT-NO,195.17,239.88,64.15,44.45,entsoe.eu,false,
2024-12-25 19:00:00,Italy,North Italy,IT-NO,200.15,250.3,61.58,41.96,entsoe.eu,false,
2024-12-25 20:00:00,Italy,North Italy,IT-NO,208.72,267.45,58.17,37.1,entsoe.eu,false,
2024-12-25 21:00:00,Italy,North Italy,IT-NO,211.31,276.94,56.05,33.06,entsoe.eu,false,
2024-12-25 22:00:00,Italy,North Italy,IT-NO,213.68,281.28,55.53,32.13,entsoe.eu,false,
2024-12-25 23:00:00,Italy,North Italy,IT-NO,218.54,287.61,55.25,32.44,entsoe.eu,false,
2024-12-26 00:00:00,Italy,North Italy,IT-NO,204.19,271.31,58.28,33.46,entsoe.eu,false,
2024-12-26 01:00:00,Italy,North Italy,IT-NO,209.13,278.32,56.61,32.42,entsoe.eu,false,
2024-12-26 02:00:00,Italy,North Italy,IT-NO,220.54,292.02,54.05,30.83,entsoe.eu,false,
2024-12-26 03:00:00,Italy,North Italy,IT-NO,213.62,283.51,55.45,32.23,entsoe.eu,false,
2024-12-26 04:00:00,Italy,North Italy,IT-NO,216.8,287.41,54.72,32.56,entsoe.eu,false,
2024-12-26 05:00:00,Italy,North Italy,IT-NO,216.48,285.69,55.32,31.55,entsoe.eu,false,
2024-12-26 06:00:00,Italy,North Italy,IT-NO,225.93,295.89,53.14,32.11,entsoe.eu,false,
2024-12-26 07:00:00,Italy,North Italy,IT-NO,210.0,277.51,56.3,37.06,entsoe.eu,false,
2024-12-26 08:00:00,Italy,North Italy,IT-NO,205.97,273.74,56.87,43.76,entsoe.eu,false,
2024-12-26 09:00:00,Italy,North Italy,IT-NO,211.9,279.79,56.3,48.0,entsoe.eu,false,
2024-12-26 10:00:00,Italy,North Italy,IT-NO,181.35,245.7,62.35,54.97,entsoe.eu,false,
2024-12-26 11:00:00,Italy,North Italy,IT-NO,169.72,233.24,64.56,57.38,entsoe.eu,false,
2024-12-26 12:00:00,Italy,North Italy,IT-NO,167.96,231.06,64.94,55.8,entsoe.eu,false,
2024-12-26 13:00:00,Italy,North Italy,IT-NO,199.99,269.29,57.72,45.57,entsoe.eu,false,
2024-12-26 14:00:00,Italy,North Italy,IT-NO,226.96,300.12,50.94,33.0,entsoe.eu,false,
2024-12-26 15:00:00,Italy,North Italy,IT-NO,221.08,289.79,51.91,32.0,entsoe.eu,false,
2024-12-26 16:00:00,Italy,North Italy,IT-NO,223.18,283.74,53.78,36.64,entsoe.eu,false,
2024-12-26 17:00:00,Italy,North Italy,IT-NO,227.76,285.91,54.25,38.64,entsoe.eu,false,
2024-12-26 18:00:00,Italy,North Italy,IT-NO,221.12,277.34,55.85,40.23,entsoe.eu,false,
2024-12-26 19:00:00,Italy,North Italy,IT-NO,225.15,283.57,54.37,36.77,entsoe.eu,false,
2024-12-26 20:00:00,Italy,North Italy,IT-NO,228.43,298.81,50.24,29.91,entsoe.eu,false,
2024-12-26 21:00:00,Italy,North Italy,IT-NO,241.15,315.73,47.93,26.53,entsoe.eu,false,
2024-12-26 22:00:00,Italy,North Italy,IT-NO,234.92,307.89,50.11,27.83,entsoe.eu,false,
2024-12-26 23:00:00,Italy,North Italy,IT-NO,245.16,318.79,48.88,30.03,entsoe.eu,false,
2024-12-27 00:00:00,Italy,North Italy,IT-NO,234.44,305.86,51.78,32.13,entsoe.eu,false,
2024-12-27 01:00:00,Italy,North Italy,IT-NO,224.96,298.09,52.68,32.89,entsoe.eu,false,
2024-12-27 02:00:00,Italy,North Italy,IT-NO,225.36,298.45,52.48,32.69,entsoe.eu,false,
2024-12-27 03:00:00,Italy,North Italy,IT-NO,232.07,306.59,50.78,31.04,entsoe.eu,false,
2024-12-27 04:00:00,Italy,North Italy,IT-NO,239.31,314.39,49.53,29.53,entsoe.eu,false,
2024-12-27 05:00:00,Italy,North Italy,IT-NO,238.57,312.65,49.01,26.96,entsoe.eu,false,
2024-12-27 06:00:00,Italy,North Italy,IT-NO,235.07,307.2,49.24,28.78,entsoe.eu,false,
2024-12-27 07:00:00,Italy,North Italy,IT-NO,231.71,300.61,50.93,32.3,entsoe.eu,false,
2024-12-27 08:00:00,Italy,North Italy,IT-NO,227.93,298.52,51.19,35.12,entsoe.eu,false,
2024-12-27 09:00:00,Italy,North Italy,IT-NO,216.2,286.31,53.38,41.08,entsoe.eu,false,
2024-12-27 10:00:00,Italy,North Italy,IT-NO,185.24,248.7,60.7,48.65,entsoe.eu,false,
2024-12-27 11:00:00,Italy,North Italy,IT-NO,184.09,246.01,61.21,49.11,entsoe.eu,false,
2024-12-27 12:00:00,Italy,North Italy,IT-NO,197.85,262.94,58.47,45.95,entsoe.eu,false,
2024-12-27 13:00:00,Italy,North Italy,IT-NO,231.94,306.52,49.2,35.16,entsoe.eu,false,
2024-12-27 14:00:00,Italy,North Italy,IT-NO,257.66,338.02,42.25,27.08,entsoe.eu,false,
2024-12-27 15:00:00,Italy,North Italy,IT-NO,254.49,329.67,43.55,29.29,entsoe.eu,false,
2024-12-27 16:00:00,Italy,North Italy,IT-NO,257.92,327.76,44.73,31.4,entsoe.eu,false,
2024-12-27 17:00:00,Italy,North Italy,IT-NO,268.61,339.57,43.49,31.8,entsoe.eu,false,
2024-12-27 18:00:00,Italy,North Italy,IT-NO,255.08,326.09,45.14,32.59,entsoe.eu,false,
2024-12-27 19:00:00,Italy,North Italy,IT-NO,264.68,339.51,42.45,28.54,entsoe.eu,false,
2024-12-27 20:00:00,Italy,North Italy,IT-NO,265.18,342.37,41.92,25.34,entsoe.eu,false,
2024-12-27 21:00:00,Italy,North Italy,IT-NO,262.08,340.15,42.46,24.42,entsoe.eu,false,
2024-12-27 22:00:00,Italy,North Italy,IT-NO,251.3,328.64,44.02,25.18,entsoe.eu,false,
2024-12-27 23:00:00,Italy,North Italy,IT-NO,265.3,347.35,41.86,26.27,entsoe.eu,false,
2024-12-28 00:00:00,Italy,North Italy,IT-NO,259.46,339.92,44.11,28.86,entsoe.eu,false,
2024-12-28 01:00:00,Italy,North Italy,IT-NO,240.4,316.45,49.0,30.74,entsoe.eu,false,
2024-12-28 02:00:00,Italy,North Italy,IT-NO,232.32,307.16,50.51,31.35,entsoe.eu,false,
2024-12-28 03:00:00,Italy,North Italy,IT-NO,222.28,294.89,52.08,29.37,entsoe.eu,false,
2024-12-28 04:00:00,Italy,North Italy,IT-NO,240.19,316.4,48.24,27.23,entsoe.eu,false,
2024-12-28 05:00:00,Italy,North Italy,IT-NO,235.11,308.11,49.52,24.86,entsoe.eu,false,
2024-12-28 06:00:00,Italy,North Italy,IT-NO,231.6,303.87,49.37,26.13,entsoe.eu,false,
2024-12-28 07:00:00,Italy,North Italy,IT-NO,215.33,282.76,52.68,32.57,entsoe.eu,false,
2024-12-28 08:00:00,Italy,North Italy,IT-NO,201.68,268.5,55.29,38.56,entsoe.eu,false,
2024-12-28 09:00:00,Italy,North Italy,IT-NO,193.8,260.81,57.9,42.6,entsoe.eu,false,
2024-12-28 10:00:00,Italy,North Italy,IT-NO,162.72,224.34,64.59,51.27,entsoe.eu,false,
2024-12-28 11:00:00,Italy,North Italy,IT-NO,167.03,230.52,63.27,52.01,entsoe.eu,false,
2024-12-28 12:00:00,Italy,North Italy,IT-NO,181.51,247.66,60.45,48.85,entsoe.eu,false,
2024-12-28 13:00:00,Italy,North Italy,IT-NO,207.12,276.63,54.83,36.96,entsoe.eu,false,
2024-12-28 14:00:00,Italy,North Italy,IT-NO,250.86,329.04,44.25,26.86,entsoe.eu,false,
2024-12-28 15:00:00,Italy,North Italy,IT-NO,249.46,321.92,45.45,28.09,entsoe.eu,false,
2024-12-28 16:00:00,Italy,North Italy,IT-NO,234.08,300.77,49.21,33.14,entsoe.eu,false,
2024-12-28 17:00:00,Italy,North Italy,IT-NO,228.26,291.73,51.2,37.33,entsoe.eu,false,
2024-12-28 18:00:00,Italy,North Italy,IT-NO,232.74,297.23,50.27,36.0,entsoe.eu,false,
2024-12-28 19:00:00,Italy,North Italy,IT-NO,232.67,298.31,50.01,34.3,entsoe.eu,false,
2024-12-28 20:00:00,Italy,North Italy,IT-NO,250.18,324.16,45.08,26.87,entsoe.eu,false,
2024-12-28 21:00:00,Italy,North Italy,IT-NO,249.56,327.38,44.86,25.19,entsoe.eu,false,
2024-12-28 22:00:00,Italy,North Italy,IT-NO,242.97,318.72,47.07,26.22,entsoe.eu,false,
2024-12-28 23:00:00,Italy,North Italy,IT-NO,256.19,331.32,45.3,27.03,entsoe.eu,false,
2024-12-29 00:00:00,Italy,North Italy,IT-NO,261.99,341.68,43.7,25.13,entsoe.eu,false,
2024-12-29 01:00:00,Italy,North Italy,IT-NO,255.57,333.83,45.77,26.04,entsoe.eu,false,
2024-12-29 02:00:00,Italy,North Italy,IT-NO,256.35,335.39,45.24,24.28,entsoe.eu,false,
2024-12-29 03:00:00,Italy,North Italy,IT-NO,253.49,332.16,45.65,23.83,entsoe.eu,false,
2024-12-29 04:00:00,Italy,North Italy,IT-NO,264.01,345.08,43.07,22.91,entsoe.eu,false,
2024-12-29 05:00:00,Italy,North Italy,IT-NO,266.52,347.22,42.77,22.78,entsoe.eu,false,
2024-12-29 06:00:00,Italy,North Italy,IT-NO,259.1,337.43,44.57,26.59,entsoe.eu,false,
2024-12-29 07:00:00,Italy,North Italy,IT-NO,238.77,312.46,48.87,29.96,entsoe.eu,false,
2024-12-29 08:00:00,Italy,North Italy,IT-NO,219.11,289.04,53.3,35.64,entsoe.eu,false,
2024-12-29 09:00:00,Italy,North Italy,IT-NO,189.28,253.42,60.05,41.93,entsoe.eu,false,
2024-12-29 10:00:00,Italy,North Italy,IT-NO,174.91,237.36,62.48,46.7,entsoe.eu,false,
2024-12-29 11:00:00,Italy,North Italy,IT-NO,182.27,246.23,61.72,48.76,entsoe.eu,false,
2024-12-29 12:00:00,Italy,North Italy,IT-NO,191.66,259.23,58.92,48.31,entsoe.eu,false,
2024-12-29 13:00:00,Italy,North Italy,IT-NO,208.0,277.87,55.41,40.58,entsoe.eu,false,
2024-12-29 14:00:00,Italy,North Italy,IT-NO,244.93,322.61,45.84,29.15,entsoe.eu,false,
2024-12-29 15:00:00,Italy,North Italy,IT-NO,254.57,333.24,42.97,25.14,entsoe.eu,false,
2024-12-29 16:00:00,Italy,North Italy,IT-NO,247.05,317.26,46.62,31.34,entsoe.eu,false,
2024-12-29 17:00:00,Italy,North Italy,IT-NO,249.55,307.74,49.94,37.79,entsoe.eu,false,
2024-12-29 18:00:00,Italy,North Italy,IT-NO,248.79,307.82,49.91,38.13,entsoe.eu,false,
2024-12-29 19:00:00,Italy,North Italy,IT-NO,255.03,327.59,45.05,32.68,entsoe.eu,false,
2024-12-29 20:00:00,Italy,North Italy,IT-NO,262.37,342.9,41.92,27.59,entsoe.eu,false,
2024-12-29 21:00:00,Italy,North Italy,IT-NO,264.64,345.66,42.1,27.51,entsoe.eu,false,
2024-12-29 22:00:00,Italy,North Italy,IT-NO,266.39,348.29,41.61,26.84,entsoe.eu,false,
2024-12-29 23:00:00,Italy,North Italy,IT-NO,266.24,347.16,43.11,26.26,entsoe.eu,false,
2024-12-30 00:00:00,Italy,North Italy,IT-NO,263.8,343.81,44.24,26.15,entsoe.eu,false,
2024-12-30 01:00:00,Italy,North Italy,IT-NO,258.58,336.4,46.66,27.7,entsoe.eu,false,
2024-12-30 02:00:00,Italy,North Italy,IT-NO,247.56,323.56,48.37,27.98,entsoe.eu,false,
2024-12-30 03:00:00,Italy,North Italy,IT-NO,256.84,334.76,46.46,27.24,entsoe.eu,false,
2024-12-30 04:00:00,Italy,North Italy,IT-NO,272.85,354.33,42.34,25.79,entsoe.eu,false,
2024-12-30 05:00:00,Italy,North Italy,IT-NO,294.7,381.68,36.23,23.46,entsoe.eu,false,
2024-12-30 06:00:00,Italy,North Italy,IT-NO,284.98,368.74,38.22,26.65,entsoe.eu,false,
2024-12-30 07:00:00,Italy,North Italy,IT-NO,273.48,356.14,39.54,29.0,entsoe.eu,false,
2024-12-30 08:00:00,Italy,North Italy,IT-NO,266.18,348.29,41.03,31.76,entsoe.eu,false,
2024-12-30 09:00:00,Italy,North Italy,IT-NO,245.93,323.59,46.39,36.49,entsoe.eu,false,
2024-12-30 10:00:00,Italy,North Italy,IT-NO,222.73,295.99,51.35,41.7,entsoe.eu,false,
2024-12-30 11:00:00,Italy,North Italy,IT-NO,225.65,299.97,50.37,41.26,entsoe.eu,false,
2024-12-30 12:00:00,Italy,North Italy,IT-NO,243.91,322.19,46.57,38.2,entsoe.eu,false,
2024-12-30 13:00:00,Italy,North Italy,IT-NO,269.5,353.03,40.44,31.3,entsoe.eu,false,
2024-12-30 14:00:00,Italy,North Italy,IT-NO,287.88,373.87,36.13,26.1,entsoe.eu,false,
2024-12-30 15:00:00,Italy,North Italy,IT-NO,286.58,368.79,36.8,26.73,entsoe.eu,false,
2024-12-30 16:00:00,Italy,North Italy,IT-NO,270.72,344.94,41.51,32.59,entsoe.eu,false,
2024-12-30 17:00:00,Italy,North Italy,IT-NO,276.44,350.62,40.79,33.4,entsoe.eu,false,
2024-12-30 18:00:00,Italy,North Italy,IT-NO,276.33,349.14,41.32,33.4,entsoe.eu,false,
2024-12-30 19:00:00,Italy,North Italy,IT-NO,273.91,352.89,39.87,29.73,entsoe.eu,false,
2024-12-30 20:00:00,Italy,North Italy,IT-NO,279.94,365.15,37.58,25.76,entsoe.eu,false,
2024-12-30 21:00:00,Italy,North Italy,IT-NO,280.39,365.14,38.53,24.91,entsoe.eu,false,
2024-12-30 22:00:00,Italy,North Italy,IT-NO,279.86,364.9,38.83,25.73,entsoe.eu,false,
2024-12-30 23:00:00,Italy,North Italy,IT-NO,256.22,335.35,44.58,28.67,entsoe.eu,false,
2024-12-31 00:00:00,Italy,North Italy,IT-NO,266.11,347.57,42.53,25.4,Electricity Maps Estimation,true,ESTIMATED_TIME_SLICER_AVERAGE
2024-12-31 01:00:00,Italy,North Italy,IT-NO,257.42,337.64,44.28,25.23,Electricity Maps Estimation,true,ESTIMATED_TIME_SLICER_AVERAGE
2024-12-31 02:00:00,Italy,North Italy,IT-NO,259.03,339.38,44.52,25.12,Electricity Maps Estimation,true,ESTIMATED_TIME_SLICER_AVERAGE
2024-12-31 03:00:00,Italy,North Italy,IT-NO,259.79,340.67,44.25,24.52,Electricity Maps Estimation,true,ESTIMATED_TIME_SLICER_AVERAGE
2024-12-31 04:00:00,Italy,North Italy,IT-NO,274.46,358.78,40.7,22.9,Electricity Maps Estimation,true,ESTIMATED_TIME_SLICER_AVERAGE
2024-12-31 05:00:00,Italy,North Italy,IT-NO,293.9,378.92,36.36,22.2,Electricity Maps Estimation,true,ESTIMATED_TIME_SLICER_AVERAGE
2024-12-31 06:00:00,Italy,North Italy,IT-NO,293.19,373.22,37.41,26.81,Electricity Maps Estimation,true,ESTIMATED_TIME_SLICER_AVERAGE
2024-12-31 07:00:00,Italy,North Italy,IT-NO,279.82,353.16,41.6,32.82,Electricity Maps Estimation,true,ESTIMATED_TIME_SLICER_AVERAGE
2024-12-31 08:00:00,Italy,North Italy,IT-NO,277.21,353.6,41.29,33.53,Electricity Maps Estimation,true,ESTIMATED_TIME_SLICER_AVERAGE
2024-12-31 09:00:00,Italy,North Italy,IT-NO,269.78,347.02,42.35,33.82,Electricity Maps Estimation,true,ESTIMATED_TIME_SLICER_AVERAGE
2024-12-31 10:00:00,Italy,North Italy,IT-NO,260.93,337.48,44.41,35.29,Electricity Maps Estimation,true,ESTIMATED_TIME_SLICER_AVERAGE
2024-12-31 11:00:00,Italy,North Italy,IT-NO,259.42,336.65,44.74,36.12,Electricity Maps Estimation,true,ESTIMATED_TIME_SLICER_AVERAGE
2024-12-31 12:00:00,Italy,North Italy,IT-NO,259.68,337.17,44.67,35.31,Electricity Maps Estimation,true,ESTIMATED_TIME_SLICER_AVERAGE
2024-12-31 13:00:00,Italy,North Italy,IT-NO,271.82,349.41,42.64,33.46,Electricity Maps Estimation,true,ESTIMATED_TIME_SLICER_AVERAGE
2024-12-31 14:00:00,Italy,North Italy,IT-NO,276.52,351.38,42.38,31.93,Electricity Maps Estimation,true,ESTIMATED_TIME_SLICER_AVERAGE
2024-12-31 15:00:00,Italy,North Italy,IT-NO,278.77,349.48,43.15,33.69,Electricity Maps Estimation,true,ESTIMATED_TIME_SLICER_AVERAGE
2024-12-31 16:00:00,Italy,North Italy,IT-NO,277.81,342.21,45.36,37.75,Electricity Maps Estimation,true,ESTIMATED_TIME_SLICER_AVERAGE
2024-12-31 17:00:00,Italy,North Italy,IT-NO,276.42,342.38,45.32,37.42,Electricity Maps Estimation,true,ESTIMATED_TIME_SLICER_AVERAGE
2024-12-31 18:00:00,Italy,North Italy,IT-NO,274.03,342.2,45.16,36.74,Electricity Maps Estimation,true,ESTIMATED_TIME_SLICER_AVERAGE
2024-12-31 19:00:00,Italy,North Italy,IT-NO,281.14,352.92,43.54,33.76,Electricity Maps Estimation,true,ESTIMATED_TIME_SLICER_AVERAGE
2024-12-31 20:00:00,Italy,North Italy,IT-NO,276.36,347.21,45.4,33.55,Electricity Maps Estimation,true,ESTIMATED_TIME_SLICER_AVERAGE
2024-12-31 21:00:00,Italy,North Italy,IT-NO,253.34,317.48,52.31,37.27,Electricity Maps Estimation,true,ESTIMATED_TIME_SLICER_AVERAGE
2024-12-31 22:00:00,Italy,North Italy,IT-NO,230.38,287.67,58.91,40.28,Electricity Maps Estimation,true,ESTIMATED_TIME_SLICER_AVERAGE
2024-12-31 23:00:00,Italy,North Italy,IT-NO,213.62,270.37,57.28,32.24,entsoe.eu,false,
